orig.ident,nCount_RNA,nFeature_RNA,x,y,z,volume,np,np_nuc,np_cyto,pctnuc,pctcyto,region,marker_reads,predicted.id,nCount_SCT,nFeature_SCT,SCT_snn_res.0.1,seurat_clusters,lung,cell_type
J-2,all,166,63,965,434,19,110115,0,0,0,0,0,J,13,CD4+ T cell,48,35,3,3,3_3,AdventitialFib
J-3,all,384,129,605,1671,21,98108,0,0,0,0,0,J,138,Arterial endothelial cell,42,25,4,4,4_1_2,ClubEpi
J-4,all,55,23,1734,1832,14,31389,0,0,0,0,0,J,19,Inflammatory monocyte,54,24,1,1,1_4_1,AlveolarFib
J-6,all,178,61,1452,1418,23,119572,0,0,0,0,0,J,13,B cell,53,34,7,7,7_2,PatrolMac
J-8,all,201,64,845,497,10,71875,0,0,0,0,0,J,10,Secretory cell,51,30,3,3,3_3,AdventitialFib
J-10,all,261,80,1112,242,31,110580,0,0,0,0,0,J,21,Inflammatory monocyte,45,30,3,3,3_3,AdventitialFib
J-11,all,84,30,1647,1703,32,100725,0,0,0,0,0,J,7,Alveolar fibroblast 1,57,30,7,7,7_3,Tcell (CD8)
J-12,all,61,36,348,717,38,25823,0,0,0,0,0,J,12,Inflammatory monocyte,57,37,3,3,3_5,SMC
J-14,all,186,67,1252,1942,22,100817,0,0,0,0,0,J,15,B cell,52,36,9,9,9,Bcell
J-16,all,437,134,469,1405,26,96737,0,0,0,0,0,J,131,Arterial endothelial cell,46,36,4,4,4_1_1,ClubEpi
J-17,all,177,72,469,1242,22,93202,0,0,0,0,0,J,63,Mesothelial cell,47,39,4,4,4_1_2,CiliatedEpi
J-18,all,183,75,70,472,12,43926,0,0,0,0,0,J,62,Endothelial progenitor cell,41,31,4,4,4_1_2,CiliatedEpi
J-19,all,90,36,351,62,16,55202,0,0,0,0,0,J,19,Alveolar fibroblast 2,60,36,1,1,1_2_3,Tcell (CD4)
J-20,all,83,29,1239,159,26,41920,0,0,0,0,0,J,6,B cell,56,29,9,9,9,Bcell
J-21,all,136,74,116,243,31,56522,0,0,0,0,0,J,22,Ciliated cell,35,25,4,4,4_1_3,ClubEpi
J-22,all,87,42,1354,1555,25,84737,0,0,0,0,0,J,19,B cell,60,42,9,9,9,Bcell
J-23,all,405,126,211,891,25,107308,0,0,0,0,0,J,94,Secretory cell,46,39,4,4,4_1_1,ClubEpi
J-25,all,45,21,1683,1248,19,43919,0,0,0,0,0,J,5,CD8+ T cell,47,22,2,2,2_2,InflamMac
J-26,all,116,43,1354,1940,16,59185,0,0,0,0,0,J,33,Alveolar fibroblast 1,48,27,2,2,2_2,InflamMac
J-27,all,104,40,1681,1155,20,69740,0,0,0,0,0,J,10,Inflammatory monocyte,62,39,2,2,2_5,DC
J-28,all,121,52,733,1554,12,94655,0,0,0,0,0,J,11,Mesothelial cell,43,26,2,2,2_2,InflamMac
J-29,all,42,24,299,377,39,17292,0,0,0,0,0,J,14,Secondary crest myofibroblast,43,24,3,3,3_2,SMC
J-31,all,64,25,601,992,14,23366,0,0,0,0,0,J,8,Inflammatory monocyte,56,27,2,2,2_5,DC
J-32,all,108,49,1096,577,36,44518,0,0,0,0,0,J,16,Secondary crest myofibroblast,60,41,1,1,1_2_3,Tcell (CD4)
J-33,all,59,31,553,1235,29,37689,0,0,0,0,0,J,8,Alveolar type 1 cell,57,32,3,3,3_2,SMC
J-34,all,223,88,295,1119,15,71073,0,0,0,0,0,J,27,Inflammatory monocyte,51,37,1,1,1_2_1,Tcell (CD4)
J-35,all,170,53,654,254,18,90669,50,0,50,0,1,J,16,CD4+ T cell,52,28,1,1,1_2_1,Tcell (CD4)
J-36,all,98,37,1272,1771,13,38135,0,0,0,0,0,J,5,T regulatory cell,62,37,1,1,1_2_1,Tcell (CD4)
J-37,all,164,58,1401,1458,20,89540,0,0,0,0,0,J,12,Alveolar type 1 cell,51,33,1,1,1_2_1,Tcell (CD4)
J-39,all,50,27,216,313,39,16083,0,0,0,0,0,J,19,Ciliated cell,41,26,4,4,4_1_2,CiliatedEpi
J-40,all,240,61,995,249,24,130278,0,0,0,0,0,J,10,CD4+ T cell,54,30,1,1,1_2_1,Tcell (CD4)
J-41,all,220,89,646,1672,34,57392,0,0,0,0,0,J,83,Inflammatory monocyte,48,45,4,4,4_1_2,CiliatedEpi
J-42,all,143,55,1001,1261,32,56690,0,0,0,0,0,J,23,Inflammatory monocyte,47,27,1,1,1_2_1,Tcell (CD4)
J-45,all,185,58,1142,1654,30,95858,0,0,0,0,0,J,25,T regulatory cell,57,35,7,7,7_2,PatrolMac
J-47,all,53,24,1862,1479,25,82798,0,0,0,0,0,J,23,T regulatory cell,52,25,1,1,1_4_1,AlveolarFib
J-48,all,259,92,220,573,30,74802,0,0,0,0,0,J,54,Alveolar type 1 cell,42,32,4,4,4_1_3,ClubEpi
J-49,all,96,36,1566,1408,22,53094,0,0,0,0,0,J,13,CD8+ T cell,58,35,2,2,2_2,InflamMac
J-50,all,169,74,205,426,22,80335,0,0,0,0,0,J,67,Alveolar fibroblast 1,39,29,4,4,4_1_2,CiliatedEpi
J-51,all,393,140,93,291,27,107626,0,0,0,0,0,J,85,Arterial endothelial cell,38,32,4,4,4_1_1,ClubEpi
J-52,all,38,16,1881,1767,31,45328,0,0,0,0,0,J,10,CD4+ T cell,44,16,1,1,1_2_1,Tcell (CD4)
J-53,all,372,117,152,414,26,120904,0,0,0,0,0,J,119,Alveolar fibroblast 1,43,30,4,4,4_1_2,ClubEpi
J-56,all,365,110,147,747,11,81795,0,0,0,0,0,J,121,Arterial endothelial cell,46,35,4,4,4_1_2,CiliatedEpi
J-57,all,53,27,627,974,21,24447,0,0,0,0,0,J,7,CD4+ T cell,53,27,1,1,1_2_1,Tcell (CD4)
J-59,all,159,59,285,307,23,95623,0,0,0,0,0,J,17,Proliferative mesenchymal progenitor cell,55,37,3,3,3_3,AdventitialFib
J-60,all,315,81,588,610,20,123163,0,0,0,0,0,J,16,Inflammatory monocyte,50,32,2,2,2_2,InflamMac
J-61,all,48,21,426,1006,21,61911,0,0,0,0,0,J,15,B cell,48,21,3,3,3_2,SMC
J-62,all,71,43,521,816,30,44006,0,0,0,0,0,J,12,Alveolar fibroblast 2,56,43,3,3,3_3,AdventitialFib
J-63,all,39,14,1703,1648,27,76538,0,0,0,0,0,J,11,CD4+ T cell,45,15,1,1,1_4_1,AlveolarFib
J-64,all,397,124,255,1004,24,96434,0,0,0,0,0,J,91,Capillary 1 cell,46,39,7,7,7_3,Tcell (CD8)
J-65,all,39,23,1877,1386,36,46799,0,0,0,0,0,J,3,CD4+ T cell,41,23,1,1,1_2_1,Tcell (CD4)
J-66,all,108,58,142,175,22,73122,0,0,0,0,0,J,40,Alveolar fibroblast 1,66,57,4,4,4_1_2,CiliatedEpi
J-67,all,485,140,584,1610,23,112055,0,0,0,0,0,J,198,Alveolar fibroblast 1,42,25,4,4,4_1_2,ClubEpi
J-69,all,55,27,392,675,34,35645,0,0,0,0,0,J,17,Proliferative mesenchymal progenitor cell,53,28,3,3,3_2,SMC
J-70,all,66,30,399,924,19,53820,0,0,0,0,0,J,33,Arterial endothelial cell,47,31,4,4,4_1_2,CiliatedEpi
J-73,all,213,56,1007,299,21,99432,0,0,0,0,0,J,14,CD4+ T cell,52,34,7,7,7_2,PatrolMac
J-74,all,402,126,253,1063,16,94363,0,0,0,0,0,J,98,Arterial endothelial cell,40,32,4,4,4_1_1,CiliatedEpi
J-75,all,34,23,631,1531,16,35176,0,0,0,0,0,J,3,CD4+ T cell,40,23,1,1,1_2_1,Tcell (CD4)
J-76,all,251,101,259,716,30,70475,0,0,0,0,0,J,87,Arterial endothelial cell,51,47,4,4,4_1_2,CiliatedEpi
J-78,all,103,39,1510,1351,19,48767,0,0,0,0,0,J,6,Alveolar type 1 cell,60,36,6,6,6,AT1
J-80,all,425,138,233,952,28,97744,0,0,0,0,0,J,68,Venous endothelial cell,40,33,7,7,7_3,Tcell (CD8)
J-81,all,105,42,690,421,6,40254,0,0,0,0,0,J,3,Mesothelial cell,58,34,3,3,3_3,AdventitialFib
J-82,all,106,47,1586,1312,23,70746,0,0,0,0,0,J,23,Capillary 2 cell,57,36,1,1,1_2_1,Tcell (CD4)
J-83,all,339,95,55,139,20,101444,0,0,0,0,0,J,144,Alveolar fibroblast 1,46,30,4,4,4_1_2,CiliatedEpi
J-84,all,259,65,1046,1198,28,115946,0,0,0,0,0,J,11,CD4+ T cell,51,23,1,1,1_2_1,Tcell (CD4)
J-86,all,45,25,1461,1516,27,18739,0,0,0,0,0,J,5,CD4+ T cell,48,27,2,2,2_5,DC
J-87,all,329,99,56,328,11,75871,0,0,0,0,0,J,134,Alveolar fibroblast 1,48,31,4,4,4_1_2,ClubEpi
J-89,all,80,41,1480,1304,23,32212,0,0,0,0,0,J,15,Alveolar type 1 cell,60,41,6,6,6,AT1
J-90,all,50,21,1498,1787,41,16250,0,0,0,0,0,J,2,CD4+ T cell,49,21,1,1,1_2_1,Tcell (CD4)
J-91,all,248,101,156,636,13,83958,0,0,0,0,0,J,56,Alveolar fibroblast 2,52,44,4,4,4_1_1,CiliatedEpi
J-92,all,44,25,879,118,15,15441,0,0,0,0,0,J,3,B cell,44,25,9,9,9,Bcell
J-94,all,132,54,818,45,19,65881,0,0,0,0,0,J,17,Mesothelial cell,48,30,3,3,3_3,AdventitialFib
J-95,all,153,51,456,492,13,54307,0,0,0,0,0,J,14,CD4+ T cell,51,27,1,1,1_6_2,Neutrophil
J-97,all,12,10,360,653,36,21174,0,0,0,0,0,J,3,CD4+ T cell,27,11,3,3,3_2,SMC
J-98,all,92,39,1466,1608,15,63197,0,0,0,0,0,J,12,Neutrophil,58,39,1,1,1_2_1,Tcell (CD4)
J-102,all,294,115,177,536,28,78168,0,0,0,0,0,J,92,Pericyte,40,38,4,4,4_1_1,CiliatedEpi
J-103,all,219,80,261,610,34,59388,0,0,0,0,0,J,100,Secretory cell,41,32,4,4,4_2,CiliatedEpi
J-104,all,104,47,675,1803,33,34040,0,0,0,0,0,J,52,Inflammatory monocyte,60,45,4,4,4_2,CiliatedEpi
J-105,all,147,59,976,1163,39,38210,0,0,0,0,0,J,14,Alveolar macrophage,48,29,1,1,1_2_3,Tcell (CD4)
J-106,all,280,104,138,536,19,61915,0,0,0,0,0,J,107,Arterial endothelial cell,51,45,4,4,4_1_1,CiliatedEpi
J-108,all,191,97,152,310,21,100697,0,0,0,0,0,J,61,Secretory cell,48,39,4,4,4_1_2,ClubEpi
J-109,all,243,94,215,665,24,70899,0,0,0,0,0,J,96,Secretory cell,46,31,4,4,4_1_2,ClubEpi
J-111,all,212,76,501,513,17,75541,0,0,0,0,0,J,16,Alveolar fibroblast 2,52,35,3,3,3_3,AdventitialFib
J-114,all,419,128,27,178,14,103437,0,0,0,0,0,J,123,Ciliated cell,43,27,4,4,4_1_1,ClubEpi
J-115,all,70,37,1293,1698,14,53131,0,0,0,0,0,J,6,Inflammatory monocyte,53,37,1,1,1_2_1,Tcell (CD4)
J-116,all,207,89,122,584,15,59559,0,0,0,0,0,J,50,Alveolar fibroblast 1,55,47,7,7,7_3,Tcell (CD8)
J-117,all,113,46,386,765,30,67871,0,0,0,0,0,J,20,Capillary 1 cell,48,27,3,3,3_1,SMC
J-118,all,120,49,1666,1328,31,62352,0,0,0,0,0,J,6,B cell,39,15,1,1,1_4_1,AlveolarFib
J-119,all,115,37,630,380,6,43052,0,0,0,0,0,J,10,Proliferative mesenchymal progenitor cell,48,19,3,3,3_3,AdventitialFib
J-120,all,118,44,1250,1651,15,44930,0,0,0,0,0,J,5,Innate lymphoid cell,45,23,2,2,2_5,DC
J-121,all,16,9,1319,1878,16,11734,0,0,0,0,0,J,2,B cell,32,9,9,9,9,Bcell
J-122,all,73,38,955,677,12,28068,0,0,0,0,0,J,4,Capillary 1 cell,53,38,1,1,1_2_1,Tcell (CD4)
J-125,all,220,65,484,92,21,95251,0,0,0,0,0,J,14,B cell,52,34,3,3,3_3,AdventitialFib
J-127,all,31,19,438,759,36,18840,0,0,0,0,0,J,5,CD4+ T cell,40,19,1,1,1_2_1,Tcell (CD4)
J-128,all,188,75,363,1198,11,50728,0,0,0,0,0,J,51,Arterial endothelial cell,46,32,4,4,4_1_1,CiliatedEpi
J-129,all,48,32,543,1302,24,78137,0,0,0,0,0,J,9,Alveolar fibroblast 1,48,32,1,1,1_2_1,Tcell (CD4)
J-130,all,27,19,223,245,26,17434,0,0,0,0,0,J,6,Venous endothelial cell,38,20,3,3,3_5,SMC
J-131,all,355,124,187,691,17,95356,0,0,0,0,0,J,104,Arterial endothelial cell,46,44,4,4,4_1_1,CiliatedEpi
J-132,all,237,104,207,737,16,93289,0,0,0,0,0,J,66,Arterial endothelial cell,46,39,4,4,4_1_1,CiliatedEpi
J-133,all,217,89,285,1154,9,43736,0,0,0,0,0,J,49,Venous endothelial cell,57,45,4,4,4_1_1,CiliatedEpi
J-134,all,353,129,92,380,16,95806,0,0,0,0,0,J,118,Ciliated cell,38,30,4,4,4_1_1,ClubEpi
J-135,all,401,119,658,1924,16,98429,0,0,0,0,0,J,171,Arterial endothelial cell,42,37,4,4,4_1_2,CiliatedEpi
J-136,all,39,24,816,1509,23,29314,0,0,0,0,0,J,3,Alveolar macrophage,42,25,3,3,3_2,SMC
J-137,all,177,76,326,829,33,62126,0,0,0,0,0,J,44,Arterial endothelial cell,42,30,4,4,4_1_2,CiliatedEpi
J-138,all,55,26,1810,1175,23,93499,0,0,0,0,0,J,2,CD4+ T cell,54,26,1,1,1_2_1,Tcell (CD4)
J-141,all,70,44,513,943,34,39172,0,0,0,0,0,J,8,Alveolar macrophage,61,44,3,3,3_3,AdventitialFib
J-142,all,102,54,139,105,38,36840,0,0,0,0,0,J,50,Endothelial progenitor cell,67,46,4,4,4_1_2,ClubEpi
J-143,all,119,55,901,1644,24,55084,0,0,0,0,0,J,7,CD4+ T cell,41,22,1,1,1_2_1,Tcell (CD4)
J-144,all,88,46,577,1281,39,30684,0,0,0,0,0,J,33,Arterial endothelial cell,61,45,3,3,3_3,AdventitialFib
J-145,all,209,76,646,1588,22,125500,0,0,0,0,0,J,26,Arterial endothelial cell,55,45,7,7,7_3,Tcell (CD8)
J-147,all,116,47,484,1205,20,88813,0,0,0,0,0,J,67,Arterial endothelial cell,62,46,4,4,4_2,CiliatedEpi
J-149,all,125,50,381,138,33,59837,0,0,0,0,0,J,8,Alveolar fibroblast 1,45,24,7,7,7_3,Tcell (CD8)
J-150,all,95,48,425,971,26,68520,0,0,0,0,0,J,44,Ciliated cell,67,47,4,4,4_1_2,ClubEpi
J-151,all,51,29,315,520,18,37251,0,0,0,0,0,J,11,CD4+ T cell,52,30,3,3,3_2,SMC
J-153,all,41,27,1529,1395,9,35431,0,0,0,0,0,J,4,CD4+ T cell,42,27,1,1,1_2_1,Tcell (CD4)
J-154,all,230,81,738,1388,27,119991,0,0,0,0,0,J,21,Alveolar fibroblast 2,51,40,3,3,3_3,AdventitialFib
J-155,all,496,137,642,1842,21,117358,0,0,0,0,0,J,146,Inflammatory monocyte,46,41,4,4,4_1_1,CiliatedEpi
J-156,all,268,83,1150,548,18,126692,0,0,0,0,0,J,22,Proliferative mesenchymal progenitor cell,50,40,3,3,3_3,AdventitialFib
J-157,all,30,18,505,1131,22,51289,0,0,0,0,0,J,8,Secondary crest myofibroblast,40,19,3,3,3_2,SMC
J-159,all,103,47,1413,1860,23,74851,0,0,0,0,0,J,8,Alveolar fibroblast 1,55,36,6,6,6,AT1
J-160,all,48,26,1183,252,36,24905,0,0,0,0,0,J,2,Alveolar fibroblast 2,48,26,3,3,3_3,AdventitialFib
J-161,all,15,9,782,1732,41,10209,0,0,0,0,0,J,3,Sox9+/Id2+ epithelial cell,32,10,3,3,3_2,SMC
J-162,all,248,69,1271,187,19,118958,0,0,0,0,0,J,10,Inflammatory monocyte,51,30,2,2,2_2,InflamMac
J-163,all,24,16,822,1430,39,16360,0,0,0,0,0,J,4,Alveolar macrophage,46,17,1,1,1_4_1,AlveolarFib
J-164,all,283,69,1289,1630,23,119966,0,0,0,0,0,J,14,Sox9+/Id2+ epithelial cell,54,34,1,1,1_2_1,Tcell (CD4)
J-166,all,44,25,1199,1503,30,47182,0,0,0,0,0,J,4,CD4+ T cell,47,26,1,1,1_4_1,AlveolarFib
J-169,all,62,32,1477,1347,25,28097,0,0,0,0,0,J,4,Proliferative mesenchymal progenitor cell,53,32,1,1,1_2_1,Tcell (CD4)
J-172,all,141,60,330,762,37,40178,0,0,0,0,0,J,73,Alveolar fibroblast 1,43,18,4,4,4_2,ClubEpi
J-174,all,233,65,365,358,31,75020,0,0,0,0,0,J,19,Inflammatory monocyte,54,32,3,3,3_3,AdventitialFib
J-175,all,367,112,101,439,15,115679,0,0,0,0,0,J,83,Ciliated cell,43,29,4,4,4_1_1,ClubEpi
J-176,all,37,18,396,995,24,34256,0,0,0,0,0,J,13,CD8+ T cell,43,19,3,3,3_2,SMC
J-177,all,88,53,154,63,39,35876,0,0,0,0,0,J,12,Secondary crest myofibroblast,65,53,3,3,3_2,SMC
J-179,all,283,115,34,245,17,75089,0,0,0,0,0,J,71,Alveolar fibroblast 1,42,32,4,4,4_1_1,ClubEpi
J-180,all,67,37,354,492,35,29146,0,0,0,0,0,J,12,CD4+ T cell,52,38,3,3,3_2,SMC
J-181,all,30,16,1894,1257,34,80458,0,0,0,0,0,J,8,Pericyte,39,16,5,5,5_3,Pericyte
J-182,all,68,28,414,819,35,32857,0,0,0,0,0,J,10,CD4+ T cell,57,29,3,3,3_2,SMC
J-183,all,342,120,133,347,30,91636,0,0,0,0,0,J,105,Ciliated cell,44,33,4,4,4_1_1,CiliatedEpi
J-184,all,192,82,678,1860,29,63986,0,0,0,0,0,J,75,Alveolar type 1 cell,50,33,3,3,3_3,AdventitialFib
J-186,all,168,63,1453,1476,34,76778,0,0,0,0,0,J,7,Inflammatory monocyte,55,40,1,1,1_4_1,AlveolarFib
J-187,all,25,16,481,1063,19,45060,0,0,0,0,0,J,12,Secondary crest myofibroblast,40,17,3,3,3_2,SMC
J-188,all,114,43,451,929,33,74241,0,0,0,0,0,J,28,CD4+ T cell,49,26,3,3,3_2,SMC
J-189,all,57,38,609,1490,31,26864,0,0,0,0,0,J,12,Capillary 1 cell,56,38,1,1,1_2_1,Tcell (CD4)
J-190,all,116,46,823,1614,20,86028,0,0,0,0,0,J,8,B cell,44,29,3,3,3_4,AdventitialFib
J-192,all,390,119,270,928,14,98574,0,0,0,0,0,J,151,B cell,48,42,4,4,4_1_2,CiliatedEpi
J-194,all,51,25,1410,1383,40,21724,0,0,0,0,0,J,2,T regulatory cell,52,26,1,1,1_6_2,Neutrophil
J-195,all,58,32,378,9,18,43574,0,0,0,0,0,J,14,Proliferative mesenchymal progenitor cell,55,32,3,3,3_3,AdventitialFib
J-196,all,217,74,641,1253,24,115561,0,0,0,0,0,J,12,B cell,52,39,1,1,1_2_1,Tcell (CD4)
J-198,all,99,38,1419,1554,27,55626,0,0,0,0,0,J,3,CD4+ T cell,62,37,1,1,1_2_1,Tcell (CD4)
J-200,all,35,20,1790,1007,37,23568,0,0,0,0,0,J,2,Mesothelial cell,41,20,3,3,3_3,AdventitialFib
J-201,all,309,106,284,774,29,92665,0,0,0,0,0,J,105,Alveolar fibroblast 1,45,29,4,4,4_1_2,ClubEpi
J-203,all,90,31,353,522,24,47003,0,0,0,0,0,J,13,Inflammatory monocyte,60,32,3,3,3_2,SMC
J-204,all,81,40,215,134,28,32353,0,0,0,0,0,J,7,CD4+ T cell,56,40,1,1,1_2_1,Tcell (CD4)
J-207,all,116,53,254,661,30,37541,0,0,0,0,0,J,52,Capillary 1 cell,61,52,4,4,4_2,CiliatedEpi
J-208,all,200,81,90,181,33,42763,0,0,0,0,0,J,82,Arterial endothelial cell,44,32,4,4,4_1_1,CiliatedEpi
J-209,all,398,116,248,783,18,95685,57,0,57,0,1,J,141,Alveolar fibroblast 1,38,28,4,4,4_1_2,CiliatedEpi
J-211,all,477,120,308,1064,14,107769,0,0,0,0,0,J,215,Alveolar fibroblast 1,41,32,4,4,4_1_2,CiliatedEpi
J-212,all,165,54,1127,1484,34,63062,0,0,0,0,0,J,8,B cell,50,28,3,3,3_3,AdventitialFib
J-213,all,441,121,223,837,18,113807,0,0,0,0,0,J,175,Ciliated cell,39,31,4,4,4_1_2,CiliatedEpi
J-215,all,41,16,1815,1280,17,37260,0,0,0,0,0,J,6,CD4+ T cell,45,16,1,1,1_2_1,Tcell (CD4)
J-218,all,437,140,348,1032,24,103072,0,0,0,0,0,J,152,Arterial endothelial cell,46,43,4,4,4_1_2,CiliatedEpi
J-219,all,87,44,181,350,20,52688,0,0,0,0,0,J,21,CD8+ T cell,59,43,1,1,1_2_1,Tcell (CD4)
J-220,all,42,22,252,238,34,22182,0,0,0,0,0,J,3,CD4+ T cell,44,23,3,3,3_2,SMC
J-221,all,153,44,592,1435,34,45316,0,0,0,0,0,J,100,Arterial endothelial cell,59,44,4,4,4_2,CiliatedEpi
J-222,all,143,59,101,87,35,41044,0,0,0,0,0,J,81,Secretory cell,48,24,4,4,4_1_2,ClubEpi
J-223,all,162,48,531,1342,34,57534,0,0,0,0,0,J,115,Venous endothelial cell,58,48,4,4,4_2,CiliatedEpi
J-224,all,71,32,1589,1382,16,42557,0,0,0,0,0,J,3,CD4+ T cell,56,33,1,1,1_4_1,AlveolarFib
J-226,all,72,42,349,878,33,33923,0,0,0,0,0,J,14,Capillary 1 cell,57,42,8,8,8_2,InterstitialMac
J-227,all,215,64,427,115,32,86634,0,0,0,0,0,J,12,Alveolar macrophage,54,39,1,1,1_2_1,Tcell (CD4)
J-228,all,121,48,576,1346,35,54630,0,0,0,0,0,J,52,Ciliated cell,61,47,4,4,4_1_2,CiliatedEpi
J-229,all,259,93,258,538,35,76111,0,0,0,0,0,J,71,Endothelial progenitor cell,48,37,4,4,4_1_1,CiliatedEpi
J-230,all,62,26,912,1256,22,27698,0,0,0,0,0,J,2,Alveolar type 1 cell,54,27,1,1,1_6_2,Neutrophil
J-232,all,95,41,590,563,34,42696,0,0,0,0,0,J,4,Mesothelial cell,61,41,3,3,3_3,AdventitialFib
J-233,all,365,127,321,917,27,91257,0,0,0,0,0,J,103,Venous endothelial cell,41,31,4,4,4_1_1,ClubEpi
J-236,all,123,44,653,40,30,56621,0,0,0,0,0,J,17,Inflammatory monocyte,44,20,1,1,1_2_1,Tcell (CD4)
J-237,all,146,51,591,438,36,67726,0,0,0,0,0,J,13,Proliferative mesenchymal progenitor cell,50,27,3,3,3_3,AdventitialFib
J-238,all,39,19,1771,1627,16,97635,0,0,0,0,0,J,4,B cell,42,19,1,1,1_2_1,Tcell (CD4)
J-239,all,49,29,1547,1287,24,27144,0,0,0,0,0,J,3,CD4+ T cell,49,29,1,1,1_2_3,Tcell (CD4)
J-240,all,20,4,1903,1709,23,45611,0,0,0,0,0,J,19,CD4+ T cell,43,5,3,3,3_1,SMC
J-243,all,123,58,645,1379,31,67146,0,0,0,0,0,J,34,Arterial endothelial cell,42,26,3,3,3_2,SMC
J-244,all,36,17,1687,1355,22,22057,0,0,0,0,0,J,2,CD4+ T cell,41,17,1,1,1_2_1,Tcell (CD4)
J-247,all,112,57,320,605,29,57168,0,0,0,0,0,J,16,Ciliated cell,44,29,4,4,4_1_1,CiliatedEpi
J-248,all,249,100,374,1092,29,81802,0,0,0,0,0,J,59,Alveolar fibroblast 1,46,34,4,4,4_1_1,CiliatedEpi
J-249,all,126,50,1504,1520,29,78187,0,0,0,0,0,J,11,Proliferative mesenchymal progenitor cell,48,34,3,3,3_5,SMC
J-251,all,35,18,1743,1291,16,80089,0,0,0,0,0,J,2,Sox9+/Id2+ epithelial cell,42,19,1,1,1_6_2,Neutrophil
J-252,all,38,25,703,1455,35,35475,0,0,0,0,0,J,14,Inflammatory monocyte,42,26,3,3,3_2,SMC
J-254,all,74,38,990,1320,38,25337,0,0,0,0,0,J,7,Alveolar fibroblast 1,57,39,1,1,1_5_2,AlveolarFib
J-255,all,145,57,966,756,36,56082,0,0,0,0,0,J,12,Inflammatory monocyte,51,31,1,1,1_2_3,Tcell (CD4)
J-256,all,171,71,1766,1055,35,111418,0,0,0,0,0,J,17,Inflammatory monocyte,52,44,1,1,1_2_1,Tcell (CD4)
J-257,all,241,92,26,23,25,72078,0,0,0,0,0,J,101,Arterial endothelial cell,47,38,4,4,4_1_2,CiliatedEpi
J-258,all,155,49,1204,1595,34,64400,0,0,0,0,0,J,14,Secretory cell,53,30,3,3,3_3,AdventitialFib
J-262,all,239,72,1458,1557,23,144515,0,0,0,0,0,J,22,CD8+ T cell,51,34,3,3,3_2,SMC
J-264,all,209,51,488,314,18,93762,0,0,0,0,0,J,9,Inflammatory monocyte,56,31,1,1,1_2_1,Tcell (CD4)
J-266,all,27,16,1346,1448,40,19161,0,0,0,0,0,J,3,CD4+ T cell,40,16,1,1,1_2_1,Tcell (CD4)
J-268,all,68,26,673,1484,24,50428,0,0,0,0,0,J,30,CD4+ T cell,58,27,3,3,3_2,SMC
J-270,all,144,47,992,667,13,55913,52,0,52,0,1,J,11,Inflammatory monocyte,51,27,1,1,1_2_3,Tcell (CD4)
J-272,all,104,49,228,160,29,37508,0,0,0,0,0,J,11,Proliferative mesenchymal progenitor cell,59,41,3,3,3_2,SMC
J-273,all,195,73,383,1137,23,85249,0,0,0,0,0,J,58,Sox9+/Id2+ epithelial cell,50,39,4,4,4_1_2,CiliatedEpi
J-274,all,27,22,501,795,26,19299,0,0,0,0,0,J,3,Alveolar macrophage,42,22,3,3,3_3,AdventitialFib
J-275,all,132,50,1833,1031,27,75702,0,0,0,0,0,J,33,Proliferative mesenchymal progenitor cell,46,26,1,1,1_4_1,AlveolarFib
J-276,all,9,6,526,1025,23,12047,0,0,0,0,0,J,2,B cell,25,7,9,9,9,Bcell
J-277,all,65,33,493,975,11,48236,0,0,0,0,0,J,2,CD4+ T cell,57,33,1,1,1_2_1,Tcell (CD4)
J-278,all,109,42,1258,1616,19,44956,0,0,0,0,0,J,5,Sox9+/Id2+ epithelial cell,57,33,1,1,1_4_1,AlveolarFib
J-279,all,110,50,497,545,13,48130,0,0,0,0,0,J,14,Inflammatory monocyte,57,36,3,3,3_3,AdventitialFib
J-280,all,116,62,244,426,21,47851,0,0,0,0,0,J,26,Venous endothelial cell,50,34,3,3,3_2,SMC
J-283,all,72,34,764,1764,21,95337,0,0,0,0,0,J,25,Endothelial progenitor cell,56,34,3,3,3_2,SMC
J-284,all,94,41,1181,1617,36,23805,0,0,0,0,0,J,7,Mesothelial cell,64,41,3,3,3_3,AdventitialFib
J-286,all,252,77,697,1930,29,78441,0,0,0,0,0,J,140,Venous endothelial cell,40,27,4,4,4_2,CiliatedEpi
J-287,all,214,73,474,1315,28,65396,2123,0,2123,0,1,J,88,Secretory cell,52,30,4,4,4_1_2,ClubEpi
J-290,all,89,54,259,463,39,26166,0,0,0,0,0,J,26,Arterial endothelial cell,62,53,4,4,4_1_1,CiliatedEpi
J-292,all,25,14,349,130,9,13107,0,0,0,0,0,J,5,CD4+ T cell,43,14,1,1,1_2_3,Tcell (CD4)
J-295,all,121,58,232,114,23,68979,0,0,0,0,0,J,12,Capillary 1 cell,39,23,3,3,3_2,SMC
J-296,all,25,20,572,960,37,13945,0,0,0,0,0,J,4,B cell,43,20,8,8,8_2,InterstitialMac
J-298,all,71,42,381,971,22,47379,0,0,0,0,0,J,23,Arterial endothelial cell,56,43,3,3,3_2,SMC
J-302,all,74,35,1883,938,35,32692,0,0,0,0,0,J,12,B cell,56,35,8,8,8_2,InterstitialMac
J-305,all,34,19,1332,1900,11,17388,0,0,0,0,0,J,2,Alveolar fibroblast 1,42,19,1,1,1_4_1,AlveolarFib
J-306,all,244,74,803,228,30,102801,0,0,0,0,0,J,20,B cell,48,29,3,3,3_3,AdventitialFib
J-307,all,230,87,584,1529,32,76369,0,0,0,0,0,J,70,Alveolar fibroblast 1,54,36,4,4,4_1_2,ClubEpi
J-308,all,90,40,877,82,7,34002,0,0,0,0,0,J,3,CD4+ T cell,63,40,3,3,3_2,SMC
J-311,all,111,55,332,566,21,93248,0,0,0,0,0,J,21,CD8+ T cell,48,35,3,3,3_2,SMC
J-312,all,183,50,412,361,11,78107,0,0,0,0,0,J,3,CD4+ T cell,57,29,1,1,1_2_1,Tcell (CD4)
J-313,all,80,47,780,6,19,50763,0,0,0,0,0,J,3,CD4+ T cell,60,47,1,1,1_2_1,Tcell (CD4)
J-314,all,98,47,772,1855,23,91618,0,0,0,0,0,J,19,Alveolar type 2 cell,62,42,3,3,3_2,SMC
J-315,all,148,56,1296,1739,32,60878,0,0,0,0,0,J,16,B cell,46,25,1,1,1_2_1,Tcell (CD4)
J-317,all,138,50,318,679,38,35622,0,0,0,0,0,J,79,Capillary 1 cell,61,49,4,4,4_2,CiliatedEpi
J-318,all,149,78,160,278,37,32443,0,0,0,0,0,J,48,Ciliated cell,42,30,3,3,3_3,AdventitialFib
J-320,all,8,7,1004,1140,42,7300,0,0,0,0,0,J,2,CD4+ T cell,23,9,1,1,1_2_1,Tcell (CD4)
J-323,all,13,10,709,1670,38,9642,0,0,0,0,0,J,2,Secondary crest myofibroblast,33,11,3,3,3_2,SMC
J-325,all,62,25,1190,575,29,27841,0,0,0,0,0,J,3,CD4+ T cell,52,25,1,1,1_2_1,Tcell (CD4)
J-327,all,197,95,163,229,23,103437,0,0,0,0,0,J,50,Ciliated cell,45,36,4,4,4_1_3,CiliatedEpi
J-329,all,334,110,345,1141,15,85319,0,0,0,0,0,J,137,Alveolar fibroblast 2,44,35,4,4,4_1_2,CiliatedEpi
J-330,all,92,42,486,1282,30,33445,1528,0,1528,0,1,J,47,Secretory cell,65,41,4,4,4_2,ClubEpi
J-331,all,92,39,1793,1726,26,86354,0,0,0,0,0,J,10,B cell,61,39,1,1,1_2_1,Tcell (CD4)
J-332,all,75,34,362,615,32,45613,0,0,0,0,0,J,6,Inflammatory monocyte,54,34,3,3,3_3,AdventitialFib
J-333,all,76,51,210,272,37,20145,0,0,0,0,0,J,11,Ciliated cell,62,51,2,2,2_6,pDC
J-334,all,77,33,370,43,19,39796,0,0,0,0,0,J,16,Alveolar macrophage,58,33,3,3,3_3,AdventitialFib
J-335,all,67,37,307,440,37,29468,0,0,0,0,0,J,22,Alveolar type 2 cell,57,38,3,3,3_2,SMC
J-336,all,31,20,549,1011,34,30824,0,0,0,0,0,J,6,Airway smooth muscle cell,38,20,3,3,3_6,SCMF
J-337,all,132,47,612,1341,40,31928,50,50,0,1,0,J,73,Alveolar fibroblast 1,48,19,4,4,4_1_2,ClubEpi
J-340,all,96,47,1210,228,30,54625,0,0,0,0,0,J,7,Proliferative mesenchymal progenitor cell,63,46,3,3,3_3,AdventitialFib
J-342,all,175,51,584,693,24,88138,0,0,0,0,0,J,11,T regulatory cell,56,33,7,7,7_2,PatrolMac
J-346,all,86,49,169,835,22,29269,0,0,0,0,0,J,12,CD4+ T cell,64,49,7,7,7_3,Tcell (CD8)
J-350,all,112,48,969,185,29,71297,0,0,0,0,0,J,4,Inflammatory monocyte,47,26,1,1,1_2_1,Tcell (CD4)
J-352,all,39,22,726,1647,39,17471,0,0,0,0,0,J,10,Alveolar fibroblast 1,42,22,3,3,3_4,AdventitialFib
J-353,all,60,25,539,1183,26,56228,0,0,0,0,0,J,28,Secondary crest myofibroblast,55,26,3,3,3_2,SMC
J-354,all,238,86,54,69,20,88979,0,0,0,0,0,J,78,Arterial endothelial cell,48,40,4,4,4_1_2,CiliatedEpi
J-355,all,47,25,710,1700,25,71467,0,0,0,0,0,J,23,Inflammatory monocyte,39,24,4,4,4_1_2,CiliatedEpi
J-356,all,218,66,815,379,15,97800,0,0,0,0,0,J,20,Mesothelial cell,56,35,3,3,3_3,AdventitialFib
J-358,all,38,27,1162,1563,41,13115,0,0,0,0,0,J,5,T regulatory cell,39,27,1,1,1_2_1,Tcell (CD4)
J-360,all,37,20,1714,1260,11,48806,0,0,0,0,0,J,6,CD8+ T cell,42,21,2,2,2_2,InflamMac
J-363,all,121,42,766,421,18,108219,55,55,0,1,0,J,11,Inflammatory monocyte,48,25,1,1,1_2_1,Tcell (CD4)
J-365,all,47,23,1320,1926,11,19466,0,0,0,0,0,J,5,CD8+ T cell,50,24,1,1,1_4_1,AlveolarFib
J-367,all,96,39,316,13,16,59684,0,0,0,0,0,J,14,Inflammatory monocyte,61,39,3,3,3_3,AdventitialFib
J-368,all,118,46,1548,1337,14,54104,0,0,0,0,0,J,7,CD4+ T cell,47,28,1,1,1_4_1,AlveolarFib
J-371,all,109,52,207,527,34,21754,0,0,0,0,0,J,51,Ciliated cell,63,51,4,4,4_1_2,CiliatedEpi
J-373,all,95,43,245,269,32,54878,0,0,0,0,0,J,10,Inflammatory monocyte,64,43,1,1,1_2_3,Tcell (CD4)
J-376,all,259,70,651,582,31,106854,0,0,0,0,0,J,10,CD4+ T cell,51,32,1,1,1_2_1,Tcell (CD4)
J-377,all,17,13,220,1062,15,8238,0,0,0,0,0,J,4,Capillary 1 cell,36,13,7,7,7_3,Tcell (CD8)
J-378,all,71,35,322,278,36,36010,0,0,0,0,0,J,12,Classical DC subset 2,57,36,3,3,3_2,SMC
J-379,all,268,108,416,1191,30,92044,0,0,0,0,0,J,65,Ciliated cell,43,34,4,4,4_1_1,CiliatedEpi
J-381,all,57,26,336,105,11,43344,0,0,0,0,0,J,11,Inflammatory monocyte,54,26,1,1,1_2_3,Tcell (CD4)
J-382,all,46,28,414,568,37,23281,0,0,0,0,0,J,4,Inflammatory monocyte,46,28,1,1,1_2_3,Tcell (CD4)
J-384,all,66,33,638,1475,22,56836,0,0,0,0,0,J,21,Classical DC subset 2,56,34,3,3,3_2,SMC
J-386,all,68,44,692,1640,40,16646,0,0,0,0,0,J,28,Alveolar fibroblast 1,54,43,4,4,4_1_2,CiliatedEpi
J-387,all,317,109,75,31,27,106225,0,0,0,0,0,J,156,Ciliated cell,48,42,4,4,4_2,CiliatedEpi
J-388,all,94,42,624,658,10,45223,0,0,0,0,0,J,4,CD4+ T cell,63,41,5,5,5_3,Pericyte
J-389,all,32,14,843,413,6,10356,0,0,0,0,0,J,4,Mesothelial cell,44,14,3,3,3_3,AdventitialFib
J-390,all,178,69,1862,1028,23,100962,0,0,0,0,0,J,25,Capillary 1 cell,54,38,1,1,1_2_1,Tcell (CD4)
J-393,all,184,69,428,1133,36,50445,0,0,0,0,0,J,86,Alveolar fibroblast 1,40,31,4,4,4_1_2,CiliatedEpi
J-395,all,126,57,682,1751,31,66956,0,0,0,0,0,J,53,Arterial endothelial cell,68,57,4,4,4_1_2,CiliatedEpi
J-396,all,115,44,968,706,20,42894,0,0,0,0,0,J,15,Inflammatory monocyte,49,26,1,1,1_4_1,AlveolarFib
J-397,all,363,118,74,227,24,123776,0,0,0,0,0,J,102,B cell,48,42,4,4,4_1_1,CiliatedEpi
J-398,all,198,88,186,493,31,67771,0,0,0,0,0,J,83,B cell,49,33,4,4,4_1_2,ClubEpi
J-399,all,154,72,0,31,32,55423,0,0,0,0,0,J,45,Ciliated cell,44,31,4,4,4_1_1,CiliatedEpi
J-400,all,60,34,296,254,36,18805,0,0,0,0,0,J,5,CD4+ T cell,55,35,1,1,1_4_1,AlveolarFib
J-401,all,92,50,519,906,33,46560,0,0,0,0,0,J,8,Secondary crest myofibroblast,64,50,3,3,3_4,AdventitialFib
J-402,all,58,39,369,951,35,18403,0,0,0,0,0,J,9,Inflammatory monocyte,56,39,1,1,1_3,AT2
J-403,all,68,40,627,1424,33,40821,0,0,0,0,0,J,21,CD8+ T cell,55,39,4,4,4_1_2,CiliatedEpi
J-406,all,30,17,463,1006,32,22083,0,0,0,0,0,J,9,Inflammatory monocyte,40,18,3,3,3_2,SMC
J-407,all,108,36,1110,1125,16,42763,0,0,0,0,0,J,5,B cell,58,29,3,3,3_4,AdventitialFib
J-408,all,114,51,170,149,22,64721,0,0,0,0,0,J,28,Ciliated cell,44,28,3,3,3_2,SMC
J-409,all,166,65,936,1604,30,55656,0,0,0,0,0,J,15,Inflammatory monocyte,49,36,1,1,1_2_1,Tcell (CD4)
J-414,all,37,17,1371,1800,38,23250,0,0,0,0,0,J,4,Alveolar type 1 cell,41,17,6,6,6,AT1
J-416,all,33,18,1010,1596,12,12467,0,0,0,0,0,J,8,B cell,39,18,3,3,3_4,AdventitialFib
J-417,all,233,64,1357,1863,20,103270,0,0,0,0,0,J,21,Proliferative mesenchymal progenitor cell,53,30,1,1,1_2_1,Tcell (CD4)
J-419,all,68,37,481,828,32,46988,0,0,0,0,0,J,12,Alveolar fibroblast 2,55,38,3,3,3_2,SMC
J-421,all,89,45,214,388,36,31973,0,0,0,0,0,J,33,Secondary crest myofibroblast,64,44,3,3,3_3,AdventitialFib
J-422,all,49,25,1487,1201,35,27317,0,0,0,0,0,J,5,Alveolar macrophage,50,26,1,1,1_4_1,AlveolarFib
J-423,all,160,65,203,184,28,72347,0,0,0,0,0,J,19,Ciliated cell,49,28,1,1,1_2_1,Tcell (CD4)
J-424,all,152,55,1018,65,13,106298,0,0,0,0,0,J,24,Inflammatory monocyte,52,32,7,7,7_3,Tcell (CD8)
J-425,all,113,37,976,1233,34,35588,0,0,0,0,0,J,8,CD4+ T cell,53,25,3,3,3_4,AdventitialFib
J-426,all,149,65,360,918,32,47334,0,0,0,0,0,J,50,Ciliated cell,43,27,4,4,4_1_2,ClubEpi
J-427,all,82,39,1168,1518,36,34743,0,0,0,0,0,J,12,Proliferative mesenchymal progenitor cell,55,39,3,3,3_3,AdventitialFib
J-429,all,59,27,685,30,34,30165,0,0,0,0,0,J,5,CD4+ T cell,55,27,1,1,1_2_1,Tcell (CD4)
J-431,all,61,31,709,1489,32,44128,0,0,0,0,0,J,19,Inflammatory monocyte,55,31,3,3,3_3,AdventitialFib
J-433,all,63,30,801,1873,12,31018,0,0,0,0,0,J,6,Secondary crest myofibroblast,52,30,3,3,3_4,AdventitialFib
J-436,all,55,29,440,574,37,19439,0,0,0,0,0,J,3,T regulatory cell,54,29,1,1,1_2_1,Tcell (CD4)
J-437,all,90,42,1065,616,37,34743,0,0,0,0,0,J,6,CD4+ T cell,62,41,1,1,1_2_1,Tcell (CD4)
J-441,all,50,30,686,1301,20,37414,0,0,0,0,0,J,3,CD4+ T cell,51,31,3,3,3_2,SMC
J-442,all,76,38,1599,480,17,50636,0,0,0,0,0,J,11,Proliferative mesenchymal progenitor cell,58,38,3,3,3_3,AdventitialFib
J-443,all,45,21,708,1781,35,17734,0,0,0,0,0,J,20,Ciliated cell,34,20,4,4,4_1_2,CiliatedEpi
J-445,all,57,32,179,376,33,26800,0,0,0,0,0,J,9,Inflammatory monocyte,54,32,1,1,1_2_1,Tcell (CD4)
J-447,all,46,22,772,1822,27,31070,0,0,0,0,0,J,6,Airway smooth muscle cell,48,23,3,3,3_2,SMC
J-448,all,37,26,360,851,36,28648,0,0,0,0,0,J,5,Alveolar type 2 cell,39,26,1,1,1_2_1,Tcell (CD4)
J-449,all,144,52,851,144,15,71472,0,0,0,0,0,J,9,Inflammatory monocyte,51,25,1,1,1_2_1,Tcell (CD4)
J-450,all,44,27,1097,1038,21,18843,0,0,0,0,0,J,2,Alveolar fibroblast 1,44,27,3,3,3_3,AdventitialFib
J-452,all,168,50,1102,1075,18,68131,0,0,0,0,0,J,16,Inflammatory monocyte,53,25,3,3,3_3,AdventitialFib
J-457,all,64,33,1327,578,32,28259,0,0,0,0,0,J,6,Inflammatory monocyte,58,33,1,1,1_2_3,Tcell (CD4)
J-462,all,12,5,1497,1589,8,11205,0,0,0,0,0,J,2,CD4+ T cell,30,5,1,1,1_2_1,Tcell (CD4)
J-463,all,68,29,1860,912,37,49848,0,0,0,0,0,J,3,CD4+ T cell,57,29,1,1,1_2_1,Tcell (CD4)
J-465,all,46,23,669,1329,31,41338,0,0,0,0,0,J,12,CD4+ T cell,47,24,3,3,3_2,SMC
J-471,all,145,65,566,1466,32,58125,0,0,0,0,0,J,31,Alveolar fibroblast 1,44,29,4,4,4_1_3,ClubEpi
J-472,all,22,17,594,1115,41,8621,0,0,0,0,0,J,6,Alveolar type 1 cell,45,18,3,3,3_2,SMC
J-480,all,41,18,987,1624,10,19390,0,0,0,0,0,J,6,Mesothelial cell,43,18,3,3,3_3,AdventitialFib
J-481,all,59,31,1460,1325,26,23261,0,0,0,0,0,J,4,Alveolar type 1 cell,56,31,6,6,6,AT1
J-482,all,108,51,675,1692,24,52982,0,0,0,0,0,J,39,Sox9+/Id2+ epithelial cell,62,49,4,4,4_1_2,CiliatedEpi
J-486,all,46,28,633,1508,35,23896,0,0,0,0,0,J,8,CD4+ T cell,46,28,1,1,1_2_3,Tcell (CD4)
J-488,all,67,35,155,26,41,15315,0,0,0,0,0,J,22,Ciliated cell,54,34,4,4,4_1_2,CiliatedEpi
J-490,all,210,72,534,1488,22,43390,0,0,0,0,0,J,114,Capillary 1 cell,43,34,4,4,4_2,CiliatedEpi
J-493,all,25,10,899,1075,20,14792,0,0,0,0,0,J,3,CD4+ T cell,42,10,6,6,6,AT1
J-494,all,50,28,248,94,12,31448,0,0,0,0,0,J,5,Secondary crest myofibroblast,52,29,3,3,3_2,SMC
J-500,all,99,51,215,346,26,41620,0,0,0,0,0,J,27,Capillary 1 cell,64,49,4,4,4_1_1,CiliatedEpi
J-501,all,38,14,1627,476,6,14124,0,0,0,0,0,J,6,Alveolar fibroblast 1,45,14,3,3,3_4,AdventitialFib
J-504,all,99,35,289,2546,25,96822,0,0,0,0,0,J,42,Airway smooth muscle cell,60,35,3,3,3_2,SMC
J-507,all,63,25,1001,2312,31,55511,0,0,0,0,0,J,8,B cell,52,25,1,1,1_5_2,AlveolarFib
J-508,all,189,79,166,2007,23,126728,0,0,0,0,0,J,62,Secondary crest myofibroblast,48,31,3,3,3_2,SMC
J-511,all,60,31,1246,2489,22,78466,0,0,0,0,0,J,11,B cell,56,31,9,9,9,Bcell
J-512,all,157,61,1176,3553,23,94209,0,0,0,0,0,J,9,Inflammatory monocyte,48,33,1,1,1_2_1,Tcell (CD4)
J-513,all,207,61,370,3617,14,47069,0,0,0,0,0,J,122,Venous endothelial cell,66,54,4,4,4_2,CiliatedEpi
J-514,all,106,45,668,2530,33,64701,0,0,0,0,0,J,8,Inflammatory monocyte,61,37,1,1,1_4_1,AlveolarFib
J-515,all,65,40,671,2633,22,35321,0,0,0,0,0,J,7,Alveolar fibroblast 2,60,40,3,3,3_3,AdventitialFib
J-516,all,396,127,98,2244,24,92048,0,0,0,0,0,J,110,Secretory cell,51,48,4,4,4_1_1,CiliatedEpi
J-517,all,160,46,736,2252,14,60645,0,0,0,0,0,J,13,Alveolar type 1 cell,49,27,6,6,6,AT1
J-519,all,285,90,294,3413,24,75433,0,0,0,0,0,J,82,Ciliated cell,44,33,4,4,4_1_1,CiliatedEpi
J-522,all,155,67,289,3607,29,48899,0,0,0,0,0,J,35,Capillary 1 cell,42,29,4,4,4_1_1,CiliatedEpi
J-523,all,47,22,899,2388,17,39091,0,0,0,0,0,J,5,Alveolar type 1 cell,47,22,1,1,1_2_3,Tcell (CD4)
J-524,all,179,62,1024,2920,16,84337,0,0,0,0,0,J,9,Capillary 1 cell,53,34,2,2,2_2,InflamMac
J-531,all,161,66,815,2091,24,101655,0,0,0,0,0,J,42,Alveolar fibroblast 1,49,34,1,1,1_4_1,AlveolarFib
J-532,all,39,17,458,3664,36,53348,0,0,0,0,0,J,8,CD4+ T cell,44,18,3,3,3_2,SMC
J-533,all,51,22,647,2602,20,21708,0,0,0,0,0,J,2,B cell,53,23,1,1,1_6_2,Neutrophil
J-536,all,153,54,834,2372,26,68780,0,0,0,0,0,J,25,Capillary 2 cell,48,25,2,2,2_2,InflamMac
J-537,all,60,31,401,3410,34,32984,0,0,0,0,0,J,5,Mesothelial cell,56,31,3,3,3_3,AdventitialFib
J-538,all,64,28,1198,2421,30,71110,0,0,0,0,0,J,19,B cell,56,28,9,9,9,Bcell
J-539,all,89,42,968,3651,20,50602,55,0,55,0,1,J,13,Alveolar macrophage,62,42,3,3,3_3,AdventitialFib
J-541,all,54,26,1105,2607,31,42720,0,0,0,0,0,J,4,CD4+ T cell,53,26,1,1,1_5_4,pDC
J-542,all,85,30,240,2396,14,67790,0,0,0,0,0,J,19,Alveolar macrophage,57,30,3,3,3_3,AdventitialFib
J-543,all,16,8,348,2647,14,20215,0,0,0,0,0,J,11,Secondary crest myofibroblast,32,8,3,3,3_2,SMC
J-544,all,41,20,249,2145,38,25733,0,0,0,0,0,J,13,Secondary crest myofibroblast,44,21,3,3,3_2,SMC
J-545,all,348,121,50,1996,20,114999,0,0,0,0,0,J,116,Arterial endothelial cell,42,37,4,4,4_1_1,CiliatedEpi
J-547,all,22,15,456,3421,17,27045,0,0,0,0,0,J,3,CD4+ T cell,45,16,3,3,3_2,SMC
J-551,all,486,109,331,3568,15,92153,0,0,0,0,0,J,311,Ciliated cell,41,30,4,4,4_2,CiliatedEpi
J-553,all,69,29,503,3619,18,116513,0,0,0,0,0,J,28,Secondary crest myofibroblast,55,29,3,3,3_2,SMC
J-554,all,144,54,278,2373,19,78630,0,0,0,0,0,J,21,Alveolar fibroblast 2,51,31,3,3,3_3,AdventitialFib
J-555,all,343,119,119,2329,22,89807,0,0,0,0,0,J,147,Arterial endothelial cell,44,38,4,4,4_1_2,CiliatedEpi
J-558,all,242,109,217,3070,33,73082,0,0,0,0,0,J,60,Capillary 1 cell,41,35,7,7,7_3,Tcell (CD8)
J-559,all,31,15,975,2337,26,33809,0,0,0,0,0,J,4,CD4+ T cell,42,15,1,1,1_2_3,Tcell (CD4)
J-560,all,393,116,138,2402,23,103393,0,0,0,0,0,J,159,Arterial endothelial cell,43,24,4,4,4_1_2,ClubEpi
J-561,all,54,30,894,2108,21,36820,0,0,0,0,0,J,7,Alveolar macrophage,54,30,1,1,1_2_3,Tcell (CD4)
J-563,all,393,84,342,3386,13,86093,0,0,0,0,0,J,194,Arterial endothelial cell,51,36,4,4,4_2,CiliatedEpi
J-564,all,62,31,397,3161,35,59336,0,0,0,0,0,J,24,Secondary crest myofibroblast,57,32,3,3,3_2,SMC
J-568,all,47,28,703,2192,15,33121,0,0,0,0,0,J,5,Pericyte,47,28,3,3,3_4,AdventitialFib
J-570,all,165,74,94,1959,32,61768,0,0,0,0,0,J,55,Venous endothelial cell,39,27,4,4,4_1_1,CiliatedEpi
J-571,all,41,27,661,3356,26,31242,0,0,0,0,0,J,5,Mesothelial cell,41,27,3,3,3_3,AdventitialFib
J-572,all,137,50,1074,2782,26,64087,0,0,0,0,0,J,11,Alveolar type 1 cell,49,29,2,2,2_5,DC
J-573,all,55,37,690,3342,25,33155,0,0,0,0,0,J,11,B cell,55,37,3,3,3_3,AdventitialFib
J-575,all,322,126,282,3559,28,80325,0,0,0,0,0,J,124,Alveolar fibroblast 1,41,26,4,4,4_1_1,ClubEpi
J-577,all,18,10,534,3675,8,28939,0,0,0,0,0,J,2,CD4+ T cell,36,10,1,1,1_2_1,Tcell (CD4)
J-579,all,93,40,257,3229,24,35675,0,0,0,0,0,J,37,CD8+ T cell,60,40,4,4,4_1_2,CiliatedEpi
J-580,all,35,20,305,2801,15,26882,0,0,0,0,0,J,8,Pericyte,42,21,2,2,2_2,InflamMac
J-581,all,167,75,191,2629,22,40661,0,0,0,0,0,J,48,Natural killer cell,40,32,4,4,4_1_2,CiliatedEpi
J-583,all,98,33,758,2617,12,47228,0,0,0,0,0,J,54,Proliferative mesenchymal progenitor cell,59,31,7,7,7_3,Tcell (CD8)
J-584,all,140,51,293,2446,27,81141,0,0,0,0,0,J,5,Proliferative mesenchymal progenitor cell,49,31,3,3,3_3,AdventitialFib
J-585,all,64,25,660,1960,21,39556,0,0,0,0,0,J,24,Alveolar fibroblast 1,54,25,1,1,1_1,AT2
J-589,all,31,19,496,3090,39,12557,0,0,0,0,0,J,5,Inflammatory monocyte,40,21,2,2,2_5,DC
J-590,all,59,30,968,2113,35,30891,0,0,0,0,0,J,10,Pericyte,56,30,1,1,1_5_2,AlveolarFib
J-591,all,394,136,300,3766,31,91230,0,0,0,0,0,J,111,Ciliated cell,41,35,4,4,4_1_1,CiliatedEpi
J-592,all,48,25,903,2347,10,29951,0,0,0,0,0,J,3,Inflammatory monocyte,48,25,9,9,9,Bcell
J-593,all,386,131,252,3405,30,97441,0,0,0,0,0,J,93,Arterial endothelial cell,46,43,4,4,4_1_1,CiliatedEpi
J-594,all,58,28,277,2599,25,80132,0,0,0,0,0,J,24,Vascular smooth muscle cell,55,29,3,3,3_2,SMC
J-595,all,169,52,1248,2816,32,128129,0,0,0,0,0,J,10,Inflammatory monocyte,53,31,1,1,1_2_1,Tcell (CD4)
J-596,all,48,21,921,2278,18,38944,0,0,0,0,0,J,26,Inflammatory monocyte,48,21,9,9,9,Bcell
J-597,all,96,36,837,2225,34,53468,0,0,0,0,0,J,29,Proliferative mesenchymal progenitor cell,59,35,3,3,3_2,SMC
J-600,all,99,42,839,2634,10,55637,0,0,0,0,0,J,4,CD8+ T cell,59,38,2,2,2_2,InflamMac
J-601,all,29,22,344,2960,22,41177,0,0,0,0,0,J,8,Secondary crest myofibroblast,38,23,3,3,3_2,SMC
J-602,all,163,83,195,3222,37,43083,0,0,0,0,0,J,39,Ciliated cell,39,28,4,4,4_1_1,ClubEpi
J-604,all,66,41,441,3774,36,54103,0,0,0,0,0,J,17,Alveolar fibroblast 2,60,41,3,3,3_3,AdventitialFib
J-605,all,66,34,545,3018,38,43348,0,0,0,0,0,J,4,Alveolar fibroblast 1,58,34,3,3,3_4,AdventitialFib
J-606,all,112,38,329,2752,31,75219,0,0,0,0,0,J,38,Vascular smooth muscle cell,49,23,3,3,3_2,SMC
J-607,all,34,20,1056,2160,30,15577,0,0,0,0,0,J,4,Proliferative mesenchymal progenitor cell,42,21,3,3,3_2,SMC
J-609,all,299,61,373,3691,14,61351,0,0,0,0,0,J,205,Ciliated cell,48,32,4,4,4_2,CiliatedEpi
J-610,all,10,6,1212,2876,24,13282,0,0,0,0,0,J,2,Alveolar macrophage,27,6,1,1,1_2_3,Tcell (CD4)
J-612,all,117,49,992,2201,26,68063,0,0,0,0,0,J,12,Classical DC subset 2,42,23,2,2,2_6,pDC
J-614,all,313,98,143,2291,23,143130,0,0,0,0,0,J,117,B cell,45,33,4,4,4_1_2,CiliatedEpi
J-616,all,114,40,356,2808,16,81038,0,0,0,0,0,J,7,Alveolar fibroblast 1,48,24,3,3,3_4,AdventitialFib
J-617,all,157,60,924,2866,12,65992,0,0,0,0,0,J,13,Alveolar fibroblast 1,47,32,7,7,7_2,PatrolMac
J-619,all,418,101,330,3325,13,94544,0,0,0,0,0,J,226,Alveolar fibroblast 1,44,29,4,4,4_2,CiliatedEpi
J-621,all,75,38,334,2878,28,79549,0,0,0,0,0,J,23,Airway smooth muscle cell,55,38,3,3,3_2,SMC
J-622,all,318,98,294,3201,14,82539,0,0,0,0,0,J,158,Alveolar fibroblast 1,43,19,4,4,4_2,ClubEpi
J-623,all,159,76,286,3695,32,59235,0,0,0,0,0,J,39,Inflammatory monocyte,39,32,4,4,4_1_3,CiliatedEpi
J-624,all,49,19,983,2021,13,21796,0,0,0,0,0,J,8,Alveolar macrophage,49,19,1,1,1_2_3,Tcell (CD4)
J-631,all,40,25,860,2189,24,25092,0,0,0,0,0,J,4,CD4+ T cell,43,26,1,1,1_4_1,AlveolarFib
J-632,all,73,28,1234,2199,28,60832,0,0,0,0,0,J,4,Natural killer cell,52,28,7,7,7_2,PatrolMac
J-633,all,96,33,1124,2162,10,68716,0,0,0,0,0,J,8,Inflammatory monocyte,61,33,1,1,1_2_1,Tcell (CD4)
J-634,all,465,110,348,3785,15,113621,0,0,0,0,0,J,234,Ciliated cell,42,15,4,4,4_2,ClubEpi
J-635,all,232,91,234,3293,29,71320,0,0,0,0,0,J,58,Arterial endothelial cell,53,44,4,4,4_1_1,CiliatedEpi
J-638,all,159,63,970,2072,25,92620,0,0,0,0,0,J,15,Inflammatory monocyte,51,35,6,6,6,AT1
J-639,all,84,30,1200,2519,10,77526,0,0,0,0,0,J,13,Inflammatory monocyte,59,30,8,8,8_2,InterstitialMac
J-640,all,106,48,167,2135,26,71064,0,0,0,0,0,J,39,Endothelial progenitor cell,62,40,3,3,3_2,SMC
J-641,all,94,50,280,3243,19,38243,0,0,0,0,0,J,25,Arterial endothelial cell,61,50,4,4,4_1_1,CiliatedEpi
J-642,all,105,47,247,2077,10,71050,0,0,0,0,0,J,6,Alveolar fibroblast 2,60,40,3,3,3_3,AdventitialFib
J-643,all,124,38,389,3769,16,21353,0,0,0,0,0,J,84,Capillary 1 cell,50,16,4,4,4_2,ClubEpi
J-645,all,101,57,242,3489,38,32080,0,0,0,0,0,J,28,Arterial endothelial cell,65,48,2,2,2_4,Artery
J-647,all,102,49,522,2064,32,51740,0,0,0,0,0,J,10,Alveolar macrophage,59,42,3,3,3_3,AdventitialFib
J-648,all,275,83,337,3224,16,72102,0,0,0,0,0,J,158,Arterial endothelial cell,46,21,4,4,4_1_2,ClubEpi
J-650,all,212,67,667,3306,28,92847,0,0,0,0,0,J,6,Classical DC subset 2,55,38,1,1,1_2_1,Tcell (CD4)
J-652,all,13,11,462,3478,38,13703,0,0,0,0,0,J,2,Airway smooth muscle cell,28,12,3,3,3_2,SMC
J-653,all,67,29,413,3330,22,61030,0,0,0,0,0,J,12,Mesothelial cell,57,29,3,3,3_3,AdventitialFib
J-656,all,47,26,807,3605,17,24117,0,0,0,0,0,J,2,Capillary 2 cell,47,26,1,1,1_2_1,Tcell (CD4)
J-657,all,97,42,772,2702,36,55731,0,0,0,0,0,J,5,Inflammatory monocyte,61,40,1,1,1_2_1,Tcell (CD4)
J-658,all,161,74,213,3145,36,48549,0,0,0,0,0,J,34,Venous endothelial cell,42,30,4,4,4_1_1,CiliatedEpi
J-662,all,82,42,323,2220,34,76805,0,0,0,0,0,J,9,Inflammatory monocyte,60,42,3,3,3_3,AdventitialFib
J-663,all,252,99,235,3214,31,80189,0,0,0,0,0,J,85,Venous endothelial cell,46,39,4,4,4_1_2,CiliatedEpi
J-664,all,139,50,1081,2519,21,99069,0,0,0,0,0,J,15,CD4+ T cell,49,31,1,1,1_4_1,AlveolarFib
J-665,all,100,42,1231,3667,24,58266,0,0,0,0,0,J,4,CD4+ T cell,59,39,1,1,1_2_1,Tcell (CD4)
J-666,all,203,79,231,3118,28,54218,0,0,0,0,0,J,67,Venous endothelial cell,50,37,4,4,4_1_1,CiliatedEpi
J-667,all,327,97,133,2220,26,127678,0,0,0,0,0,J,153,Arterial endothelial cell,53,41,4,4,4_2,CiliatedEpi
J-668,all,300,93,254,2871,22,64293,0,0,0,0,0,J,156,Arterial endothelial cell,47,21,4,4,4_2,ClubEpi
J-669,all,338,95,280,3649,32,74172,0,0,0,0,0,J,166,Ciliated cell,52,47,4,4,4_2,CiliatedEpi
J-672,all,22,14,439,3445,24,35402,0,0,0,0,0,J,6,Alveolar fibroblast 1,40,14,1,1,1_5_1,LymphaticEndo
J-673,all,113,49,564,3297,27,70619,0,0,0,0,0,J,12,CD8+ T cell,49,33,3,3,3_2,SMC
J-675,all,107,46,677,2594,24,49233,0,0,0,0,0,J,4,T regulatory cell,58,35,1,1,1_2_1,Tcell (CD4)
J-676,all,244,106,263,3746,35,60211,0,0,0,0,0,J,88,Ciliated cell,37,22,4,4,4_1_2,ClubEpi
J-677,all,71,36,494,3499,17,80302,0,0,0,0,0,J,11,Inflammatory monocyte,54,37,3,3,3_2,SMC
J-678,all,124,56,776,3586,25,73480,0,0,0,0,0,J,8,Inflammatory monocyte,42,28,1,1,1_2_3,Tcell (CD4)
J-679,all,41,20,312,2672,19,73391,0,0,0,0,0,J,19,Alveolar macrophage,45,21,3,3,3_2,SMC
J-681,all,276,75,334,3622,13,54109,0,0,0,0,0,J,167,Ciliated cell,45,31,4,4,4_2,CiliatedEpi
J-683,all,136,54,798,1981,15,75423,0,0,0,0,0,J,16,Capillary 1 cell,44,27,1,1,1_2_3,Tcell (CD4)
J-684,all,217,76,721,3637,29,103088,0,0,0,0,0,J,19,Inflammatory monocyte,52,40,3,3,3_3,AdventitialFib
J-685,all,71,33,135,2157,34,49380,0,0,0,0,0,J,20,Capillary 1 cell,54,31,4,4,4_1_2,CiliatedEpi
J-687,all,318,101,271,3154,19,80474,51,0,51,0,1,J,135,Ciliated cell,49,29,4,4,4_1_2,ClubEpi
J-688,all,109,44,613,2721,33,54359,0,0,0,0,0,J,7,B cell,58,34,1,1,1_2_1,Tcell (CD4)
J-689,all,132,58,241,3637,38,32216,0,0,0,0,0,J,53,Arterial endothelial cell,69,56,4,4,4_1_2,CiliatedEpi
J-690,all,281,95,306,3510,23,89009,0,0,0,0,0,J,69,Ciliated cell,41,30,4,4,4_1_1,CiliatedEpi
J-691,all,154,63,102,2061,24,64932,0,0,0,0,0,J,58,Secondary crest myofibroblast,46,35,4,4,4_1_2,CiliatedEpi
J-693,all,71,36,562,3100,37,41915,0,0,0,0,0,J,7,CD4+ T cell,54,36,1,1,1_5_2,AlveolarFib
J-697,all,32,22,711,3353,10,16308,0,0,0,0,0,J,2,Inflammatory monocyte,41,22,3,3,3_4,AdventitialFib
J-698,all,52,36,1271,3590,22,78320,0,0,0,0,0,J,4,B cell,54,37,1,1,1_4_1,AlveolarFib
J-699,all,126,46,436,3171,31,91285,0,0,0,0,0,J,52,Airway smooth muscle cell,47,21,3,3,3_2,SMC
J-700,all,79,35,981,2878,25,37286,0,0,0,0,0,J,13,Arterial endothelial cell,56,36,1,1,1_4_1,AlveolarFib
J-701,all,173,57,968,2409,31,102167,0,0,0,0,0,J,12,CD8+ T cell,56,36,2,2,2_2,InflamMac
J-703,all,106,45,1042,2109,26,47065,0,0,0,0,0,J,8,B cell,55,33,1,1,1_2_1,Tcell (CD4)
J-707,all,149,45,1010,2081,20,65154,0,0,0,0,0,J,7,Alveolar fibroblast 1,49,25,3,3,3_2,SMC
J-710,all,133,46,797,2664,27,63686,0,0,0,0,0,J,32,CD8+ T cell,48,27,2,2,2_2,InflamMac
J-713,all,138,56,895,2151,29,74929,0,0,0,0,0,J,33,Inflammatory monocyte,45,26,9,9,9,Bcell
J-714,all,49,24,532,3078,39,24974,0,0,0,0,0,J,3,T regulatory cell,52,25,1,1,1_6_2,Neutrophil
J-715,all,323,106,256,3348,26,89150,0,0,0,0,0,J,122,Ciliated cell,47,42,4,4,4_1_2,CiliatedEpi
J-716,all,144,45,761,2577,30,64043,0,0,0,0,0,J,12,Inflammatory monocyte,51,25,1,1,1_2_1,Tcell (CD4)
J-717,all,415,115,275,3286,19,130112,0,0,0,0,0,J,151,Capillary 1 cell,46,37,4,4,4_1_2,CiliatedEpi
J-718,all,117,60,211,3276,37,28744,0,0,0,0,0,J,25,Inflammatory monocyte,58,42,4,4,4_1_1,CiliatedEpi
J-719,all,37,22,603,2077,19,25245,0,0,0,0,0,J,6,Alveolar fibroblast 1,41,23,1,1,1_5_1,LymphaticEndo
J-721,all,15,9,420,3694,41,14323,0,0,0,0,0,J,9,Secondary crest myofibroblast,32,10,3,3,3_2,SMC
J-722,all,61,28,121,2085,22,33936,0,0,0,0,0,J,34,Inflammatory monocyte,40,27,4,4,4_1_2,CiliatedEpi
J-725,all,133,60,853,2110,25,107475,0,0,0,0,0,J,36,Alveolar fibroblast 1,44,31,1,1,1_4_1,AlveolarFib
J-726,all,30,17,724,3463,11,17857,0,0,0,0,0,J,2,Sox9+/Id2+ epithelial cell,40,17,8,8,8_3,InterstitialMac
J-727,all,161,89,229,2850,23,42670,0,0,0,0,0,J,37,Inflammatory monocyte,44,33,4,4,4_1_1,ClubEpi
J-731,all,14,13,509,3135,39,12199,0,0,0,0,0,J,2,CD4+ T cell,29,13,1,1,1_2_1,Tcell (CD4)
J-734,all,70,37,903,2601,9,34985,0,0,0,0,0,J,6,Inflammatory monocyte,55,38,3,3,3_2,SMC
J-735,all,270,88,466,2295,18,101373,0,0,0,0,0,J,30,Mesothelial cell,47,33,3,3,3_3,AdventitialFib
J-737,all,18,11,1075,2901,5,8591,0,0,0,0,0,J,5,B cell,45,12,2,2,2_2,InflamMac
J-738,all,85,41,1207,3572,6,34639,0,0,0,0,0,J,15,Alveolar fibroblast 1,60,41,3,3,3_4,AdventitialFib
J-739,all,201,69,791,3668,14,123294,0,0,0,0,0,J,13,Proliferative mesenchymal progenitor cell,52,31,3,3,3_3,AdventitialFib
J-741,all,293,86,710,3521,17,126019,0,0,0,0,0,J,14,Interstitial macrophage,52,41,8,8,8_2,InterstitialMac
J-742,all,41,19,1067,2135,35,22436,0,0,0,0,0,J,2,CD4+ T cell,44,19,1,1,1_2_1,Tcell (CD4)
J-743,all,81,34,1159,2726,37,67100,0,0,0,0,0,J,14,Alveolar fibroblast 1,58,34,1,1,1_4_1,AlveolarFib
J-746,all,110,55,546,3369,34,53203,0,0,0,0,0,J,9,Proliferative mesenchymal progenitor cell,55,38,7,7,7_3,Tcell (CD8)
J-747,all,92,49,265,3064,14,24257,0,0,0,0,0,J,19,Inflammatory monocyte,65,48,3,3,3_3,AdventitialFib
J-750,all,124,54,1148,2604,26,87865,0,0,0,0,0,J,28,Alveolar fibroblast 1,43,23,1,1,1_4_3,AlveolarFib
J-753,all,138,78,108,2016,26,98409,0,0,0,0,0,J,30,Secretory cell,43,32,3,3,3_2,SMC
J-755,all,440,105,206,2578,23,145906,0,0,0,0,0,J,226,CD4+ T cell,42,30,4,4,4_2,CiliatedEpi
J-756,all,77,38,311,2994,29,68101,0,0,0,0,0,J,28,Secondary crest myofibroblast,60,39,3,3,3_2,SMC
J-757,all,67,32,891,2315,13,46098,0,0,0,0,0,J,16,Inflammatory monocyte,58,32,9,9,9,Bcell
J-758,all,297,79,1023,2870,21,134567,0,0,0,0,0,J,7,CD8+ T cell,50,38,1,1,1_6_2,Neutrophil
J-759,all,177,61,360,3447,17,64089,0,0,0,0,0,J,87,Mesothelial cell,42,26,4,4,4_1_1,CiliatedEpi
J-760,all,48,21,1271,2159,23,127179,0,0,0,0,0,J,3,Natural killer cell,48,21,7,7,7_2,PatrolMac
J-761,all,57,30,1130,3708,14,34502,0,0,0,0,0,J,23,Inflammatory monocyte,54,30,8,8,8_2,InterstitialMac
J-762,all,58,32,1087,2169,28,23611,0,0,0,0,0,J,6,Alveolar type 1 cell,53,32,7,7,7_3,Tcell (CD8)
J-763,all,294,109,285,3469,25,69365,0,0,0,0,0,J,84,Venous endothelial cell,41,36,4,4,4_1_1,CiliatedEpi
J-764,all,98,40,402,2938,19,90560,0,0,0,0,0,J,17,Inflammatory monocyte,62,40,3,3,3_6,SCMF
J-770,all,31,21,239,3710,40,14921,0,0,0,0,0,J,2,T regulatory cell,40,22,1,1,1_6_2,Neutrophil
J-773,all,166,80,78,2119,22,50197,0,0,0,0,0,J,50,Arterial endothelial cell,46,35,4,4,4_1_1,CiliatedEpi
J-775,all,115,42,305,2407,15,52985,0,0,0,0,0,J,22,Alveolar fibroblast 2,49,25,3,3,3_3,AdventitialFib
J-776,all,259,79,639,2033,26,123145,0,0,0,0,0,J,13,Capillary 1 cell,47,31,3,3,3_3,AdventitialFib
J-777,all,35,16,345,2049,35,39116,0,0,0,0,0,J,2,Natural killer cell,43,17,1,1,1_6_2,Neutrophil
J-783,all,18,11,374,2880,14,41354,0,0,0,0,0,J,3,Sox9+/Id2+ epithelial cell,37,12,3,3,3_2,SMC
J-785,all,262,71,660,2146,22,111658,0,0,0,0,0,J,22,Inflammatory monocyte,48,28,7,7,7_3,Tcell (CD8)
J-788,all,74,43,385,3440,32,39810,0,0,0,0,0,J,13,Inflammatory monocyte,57,43,3,3,3_4,AdventitialFib
J-789,all,97,40,692,1964,24,46190,0,0,0,0,0,J,14,Capillary 2 cell,62,39,7,7,7_3,Tcell (CD8)
J-792,all,214,81,293,3101,12,51604,0,0,0,0,0,J,85,Capillary 1 cell,46,24,4,4,4_1_2,ClubEpi
J-801,all,11,9,247,3033,42,9023,0,0,0,0,0,J,4,Alveolar fibroblast 1,26,9,2,2,2_3,Vein
J-804,all,86,30,345,3480,17,16944,0,0,0,0,0,J,44,Arterial endothelial cell,52,29,4,4,4_2,CiliatedEpi
J-805,all,139,52,729,3572,26,50147,0,0,0,0,0,J,6,Inflammatory monocyte,48,29,2,2,2_2,InflamMac
J-810,all,43,34,219,3361,41,9436,0,0,0,0,0,J,7,Inflammatory monocyte,44,35,4,4,4_1_1,CiliatedEpi
J-814,all,28,15,628,2586,23,9270,0,0,0,0,0,J,2,Proliferative mesenchymal progenitor cell,39,15,1,1,1_5_2,AlveolarFib
J-821,all,179,53,154,2349,29,37508,0,0,0,0,0,J,108,Capillary 1 cell,67,53,4,4,4_2,CiliatedEpi
J-823,all,38,26,420,3483,34,49285,0,0,0,0,0,J,7,Alveolar macrophage,42,27,3,3,3_2,SMC
J-827,all,248,80,256,2833,22,56574,0,0,0,0,0,J,114,Ciliated cell,48,24,4,4,4_1_2,ClubEpi
J-834,all,108,45,434,3347,34,57234,0,0,0,0,0,J,18,Mesothelial cell,61,40,3,3,3_3,AdventitialFib
J-839,all,137,50,269,4168,30,76296,0,0,0,0,0,J,5,Alveolar fibroblast 2,50,28,3,3,3_3,AdventitialFib
J-841,all,24,9,849,5502,32,45338,0,0,0,0,0,J,2,Sox9+/Id2+ epithelial cell,41,10,3,3,3_2,SMC
J-842,all,182,80,38,3851,38,44648,0,0,0,0,0,J,39,Venous endothelial cell,48,38,4,4,4_1_1,CiliatedEpi
J-844,all,159,84,54,4410,35,47551,0,0,0,0,0,J,21,Capillary 1 cell,43,36,4,4,4_1_1,CiliatedEpi
J-850,all,254,72,180,4694,20,76022,0,0,0,0,0,J,135,Ciliated cell,45,27,4,4,4_2,CiliatedEpi
J-853,all,47,24,973,3968,14,50577,0,0,0,0,0,J,11,CD4+ T cell,47,24,1,1,1_2_1,Tcell (CD4)
J-854,all,330,85,126,4050,19,81406,0,0,0,0,0,J,176,Ciliated cell,51,35,4,4,4_2,CiliatedEpi
J-855,all,134,57,193,4206,18,52992,0,0,0,0,0,J,63,Alveolar fibroblast 2,44,20,4,4,4_1_2,ClubEpi
J-856,all,22,12,370,3933,10,35219,0,0,0,0,0,J,3,Secondary crest myofibroblast,40,13,3,3,3_1,SMC
J-857,all,123,62,54,4483,38,29639,0,0,0,0,0,J,31,Venous endothelial cell,38,22,4,4,4_1_1,ClubEpi
J-861,all,43,20,739,5509,24,96083,0,0,0,0,0,J,3,CD4+ T cell,45,20,1,1,1_2_1,Tcell (CD4)
J-862,all,47,25,533,5068,27,91424,0,0,0,0,0,J,3,CD4+ T cell,47,25,1,1,1_2_3,Tcell (CD4)
J-864,all,41,14,731,5410,24,79127,0,0,0,0,0,J,4,Alveolar macrophage,44,14,1,1,1_2_3,Tcell (CD4)
J-865,all,39,18,841,5135,21,82585,0,0,0,0,0,J,10,CD4+ T cell,41,18,1,1,1_2_3,Tcell (CD4)
J-866,all,71,35,744,4478,34,65131,0,0,0,0,0,J,8,Proliferative mesenchymal progenitor cell,55,35,3,3,3_3,AdventitialFib
J-867,all,43,21,405,4397,34,59174,0,0,0,0,0,J,3,CD4+ T cell,45,22,3,3,3_5,SMC
J-868,all,136,74,39,3958,38,38094,0,0,0,0,0,J,25,Arterial endothelial cell,41,31,4,4,4_1_1,ClubEpi
J-870,all,328,97,152,5412,26,86037,0,0,0,0,0,J,98,Arterial endothelial cell,51,38,4,4,4_1_1,CiliatedEpi
J-871,all,145,68,122,5525,30,70937,0,0,0,0,0,J,34,Ciliated cell,39,25,4,4,4_1_1,CiliatedEpi
J-872,all,41,17,888,5337,17,61206,0,0,0,0,0,J,4,Alveolar type 1 cell,44,17,1,1,1_2_1,Tcell (CD4)
J-873,all,259,74,155,4229,16,71435,0,0,0,0,0,J,124,Venous endothelial cell,49,32,4,4,4_1_1,CiliatedEpi
J-875,all,114,41,193,5350,21,62033,0,0,0,0,0,J,17,Secretory cell,51,26,4,4,4_1_3,ClubEpi
J-876,all,134,35,882,4463,19,68359,0,0,0,0,0,J,11,Inflammatory monocyte,52,24,2,2,2_5,DC
J-877,all,34,18,902,5274,12,82117,0,0,0,0,0,J,5,CD4+ T cell,42,18,1,1,1_2_1,Tcell (CD4)
J-878,all,169,80,134,4757,32,73541,0,0,0,0,0,J,36,Venous endothelial cell,45,31,4,4,4_1_1,CiliatedEpi
J-882,all,69,21,409,4485,21,86137,0,0,0,0,0,J,39,Airway smooth muscle cell,51,22,3,3,3_2,SMC
J-883,all,165,65,61,4026,37,48481,0,0,0,0,0,J,11,Arterial endothelial cell,45,32,1,1,1_6_2,Neutrophil
J-886,all,184,84,85,4326,32,72590,0,0,0,0,0,J,23,Ciliated cell,51,38,4,4,4_1_1,ClubEpi
J-888,all,33,17,829,5414,15,56538,0,0,0,0,0,J,3,CD4+ T cell,43,17,1,1,1_2_3,Tcell (CD4)
J-889,all,361,106,112,4544,31,89791,0,0,0,0,0,J,125,Venous endothelial cell,45,31,4,4,4_1_1,CiliatedEpi
J-890,all,296,82,196,5405,15,84425,0,0,0,0,0,J,181,Venous endothelial cell,46,14,4,4,4_2,ClubEpi
J-891,all,28,18,763,5611,16,52836,0,0,0,0,0,J,3,Sox9+/Id2+ epithelial cell,38,19,2,2,2_2,InflamMac
J-893,all,294,106,98,4600,36,71433,0,0,0,0,0,J,77,Arterial endothelial cell,48,36,4,4,4_1_1,CiliatedEpi
J-895,all,62,31,449,5107,28,59682,0,0,0,0,0,J,8,Inflammatory monocyte,55,33,2,2,2_5,DC
J-896,all,7,6,316,4494,8,16565,0,0,0,0,0,J,2,Alveolar type 1 cell,26,9,1,1,1_2_3,Tcell (CD4)
J-897,all,95,47,106,5579,35,45338,0,0,0,0,0,J,35,Capillary 1 cell,67,47,4,4,4_1_2,ClubEpi
J-898,all,319,115,111,4693,33,75828,0,0,0,0,0,J,113,Arterial endothelial cell,43,30,4,4,4_1_1,CiliatedEpi
J-899,all,44,22,512,3937,7,22001,0,0,0,0,0,J,2,Capillary 1 cell,45,22,3,3,3_3,AdventitialFib
J-902,all,25,18,240,5569,35,31776,0,0,0,0,0,J,7,Secondary crest myofibroblast,41,19,3,3,3_2,SMC
J-903,all,47,20,300,4880,17,64239,0,0,0,0,0,J,12,CD4+ T cell,49,21,3,3,3_2,SMC
J-904,all,284,88,117,4871,31,80937,0,0,0,0,0,J,104,Alveolar fibroblast 1,48,26,4,4,4_1_1,ClubEpi
J-905,all,11,7,716,4902,39,21492,0,0,0,0,0,J,4,Alveolar type 1 cell,31,7,1,1,1_2_3,Tcell (CD4)
J-906,all,7,6,358,4690,9,10890,0,0,0,0,0,J,3,CD4+ T cell,23,9,3,3,3_2,SMC
J-907,all,414,110,95,4452,32,92777,0,0,0,0,0,J,149,Arterial endothelial cell,44,24,4,4,4_1_1,ClubEpi
J-910,all,193,81,116,5036,35,57638,0,0,0,0,0,J,67,Pericyte,42,25,4,4,4_1_1,CiliatedEpi
J-911,all,37,20,961,3878,17,34149,0,0,0,0,0,J,2,Alveolar macrophage,43,20,7,7,7_3,Tcell (CD8)
J-912,all,251,76,115,3928,22,62270,0,0,0,0,0,J,99,B cell,51,31,4,4,4_1_1,CiliatedEpi
J-913,all,74,32,338,4567,20,78324,0,0,0,0,0,J,7,CD8+ T cell,51,33,3,3,3_2,SMC
J-914,all,36,21,274,5427,28,64389,0,0,0,0,0,J,11,CD4+ T cell,43,21,3,3,3_5,SMC
J-916,all,24,14,426,5153,18,49354,0,0,0,0,0,J,5,Alveolar macrophage,41,14,1,1,1_2_3,Tcell (CD4)
J-920,all,28,13,624,5307,25,71848,0,0,0,0,0,J,11,Inflammatory monocyte,40,13,7,7,7_3,Tcell (CD8)
J-921,all,60,26,851,5373,14,73108,0,0,0,0,0,J,6,Alveolar macrophage,55,26,1,1,1_2_3,Tcell (CD4)
J-922,all,301,87,138,4918,25,67416,0,0,0,0,0,J,124,B cell,51,37,4,4,4_1_2,CiliatedEpi
J-923,all,25,11,309,5562,18,30366,0,0,0,0,0,J,3,Alveolar macrophage,44,11,3,3,3_4,AdventitialFib
J-924,all,64,39,96,5199,39,19142,0,0,0,0,0,J,10,Ciliated cell,57,39,4,4,4_1_3,CiliatedEpi
J-925,all,93,45,387,4092,13,67065,0,0,0,0,0,J,6,Mesothelial cell,61,44,3,3,3_3,AdventitialFib
J-926,all,128,62,127,4316,24,36439,0,0,0,0,0,J,44,Venous endothelial cell,63,50,4,4,4_1_1,CiliatedEpi
J-927,all,58,28,331,3961,19,65815,0,0,0,0,0,J,12,Airway smooth muscle cell,55,29,3,3,3_2,SMC
J-928,all,174,80,106,5628,35,52660,0,0,0,0,0,J,29,Venous endothelial cell,51,41,4,4,4_1_1,CiliatedEpi
J-930,all,252,93,123,5300,34,75703,0,0,0,0,0,J,77,Ciliated cell,46,29,4,4,4_1_1,ClubEpi
J-931,all,26,14,216,5607,10,25252,0,0,0,0,0,J,13,B cell,34,14,4,4,4_1_2,CiliatedEpi
J-932,all,53,20,702,5150,26,46787,293156,50908,249184,0.16964131,0.83035869,J,7,Inflammatory monocyte,51,20,1,1,1_2_3,Tcell (CD4)
J-933,all,37,17,655,4893,13,42803,0,0,0,0,0,J,3,CD4+ T cell,44,17,1,1,1_2_3,Tcell (CD4)
J-934,all,10,5,739,5634,20,24924,0,0,0,0,0,J,4,Alveolar macrophage,27,5,1,1,1_2_3,Tcell (CD4)
J-936,all,24,14,820,5172,33,65854,0,0,0,0,0,J,5,Inflammatory monocyte,42,14,1,1,1_2_1,Tcell (CD4)
J-939,all,330,95,156,4598,20,83301,0,0,0,0,0,J,144,Arterial endothelial cell,52,43,4,4,4_1_2,CiliatedEpi
J-940,all,233,69,177,4541,20,90711,0,0,0,0,0,J,77,B cell,47,32,4,4,4_1_2,CiliatedEpi
J-942,all,141,47,169,4281,18,58603,0,0,0,0,0,J,54,Venous endothelial cell,61,38,4,4,4_1_1,CiliatedEpi
J-943,all,42,20,801,4608,23,62909,0,0,0,0,0,J,4,Inflammatory monocyte,44,22,2,2,2_5,DC
J-944,all,184,64,138,3861,17,45590,0,0,0,0,0,J,84,Venous endothelial cell,42,31,4,4,4_1_2,CiliatedEpi
J-948,all,71,29,346,4914,24,75499,0,0,0,0,0,J,5,Proliferative mesenchymal progenitor cell,51,29,3,3,3_3,AdventitialFib
J-951,all,144,42,230,5332,15,53173,0,0,0,0,0,J,68,Capillary 1 cell,62,42,4,4,4_2,CiliatedEpi
J-952,all,79,48,102,5419,37,25453,0,0,0,0,0,J,20,Ciliated cell,57,47,4,4,4_1_1,CiliatedEpi
J-955,all,84,28,231,5398,19,50721,0,0,0,0,0,J,43,Ciliated cell,49,27,4,4,4_2,CiliatedEpi
J-956,all,18,8,586,4932,32,20734,0,0,0,0,0,J,3,Inflammatory monocyte,36,8,1,1,1_2_3,Tcell (CD4)
J-958,all,27,14,285,5162,17,16046,0,0,0,0,0,J,4,Secondary crest myofibroblast,40,15,3,3,3_2,SMC
J-959,all,315,87,153,5553,22,95897,0,0,0,0,0,J,151,Venous endothelial cell,57,44,4,4,4_2,CiliatedEpi
J-961,all,236,67,207,5071,18,84080,0,0,0,0,0,J,89,Venous endothelial cell,45,28,4,4,4_1_2,CiliatedEpi
J-963,all,171,72,130,5247,34,62702,0,0,0,0,0,J,33,Venous endothelial cell,43,26,4,4,4_1_1,CiliatedEpi
J-964,all,367,84,167,4327,16,90333,0,0,0,0,0,J,204,Venous endothelial cell,48,16,4,4,4_2,ClubEpi
J-965,all,186,70,142,4432,26,65871,0,0,0,0,0,J,69,Arterial endothelial cell,51,30,4,4,4_1_2,ClubEpi
J-967,all,33,17,289,5524,24,63273,0,0,0,0,0,J,10,Alveolar macrophage,41,17,3,3,3_6,SCMF
J-968,all,246,84,145,3998,15,66612,0,0,0,0,0,J,132,Ciliated cell,50,22,4,4,4_1_1,ClubEpi
J-973,all,151,57,154,5459,29,29966,0,0,0,0,0,J,43,Arterial endothelial cell,43,24,4,4,4_1_1,CiliatedEpi
J-976,all,29,18,470,3979,9,19561,0,0,0,0,0,J,4,Alveolar macrophage,40,18,1,1,1_2_3,Tcell (CD4)
J-977,all,436,112,101,4384,30,100393,0,0,0,0,0,J,152,Arterial endothelial cell,49,36,4,4,4_1_1,CiliatedEpi
J-978,all,79,39,911,3930,23,42103,0,0,0,0,0,J,2,Alveolar type 1 cell,59,40,1,1,1_4_1,AlveolarFib
J-980,all,41,20,775,5198,23,102214,45082,18253,44255,0.292010623,0.707989377,J,5,CD4+ T cell,42,20,1,1,1_2_1,Tcell (CD4)
J-981,all,247,97,84,3857,29,64725,0,0,0,0,0,J,72,Arterial endothelial cell,45,35,4,4,4_1_1,CiliatedEpi
J-982,all,222,70,174,5118,25,66701,0,0,0,0,0,J,99,Venous endothelial cell,40,24,4,4,4_1_2,CiliatedEpi
J-983,all,119,56,93,5271,38,24132,0,0,0,0,0,J,20,Venous endothelial cell,41,28,1,1,1_6_2,Neutrophil
J-984,all,37,15,258,4876,25,54591,0,0,0,0,0,J,25,CD4+ T cell,32,14,4,4,4_2,CiliatedEpi
J-985,all,56,29,589,5616,35,50979,0,0,0,0,0,J,5,Inflammatory monocyte,54,29,1,1,1_2_3,Tcell (CD4)
J-990,all,344,121,79,4218,32,77268,0,0,0,0,0,J,73,Arterial endothelial cell,44,35,4,4,4_1_1,CiliatedEpi
J-992,all,166,63,183,5590,17,85140,0,0,0,0,0,J,48,AT1/AT2,48,27,4,4,4_1_2,ClubEpi
J-993,all,121,43,593,5535,12,88914,0,0,0,0,0,J,7,Arterial endothelial cell,48,25,1,1,1_4_1,AlveolarFib
J-996,all,14,7,388,5147,27,47249,0,0,0,0,0,J,2,CD4+ T cell,31,7,1,1,1_2_1,Tcell (CD4)
J-997,all,17,10,729,5272,33,83470,0,0,0,0,0,J,3,Alveolar macrophage,34,10,1,1,1_2_3,Tcell (CD4)
J-998,all,18,12,869,4548,21,31873,0,0,0,0,0,J,6,CD4+ T cell,37,12,1,1,1_2_3,Tcell (CD4)
J-999,all,23,9,92,5092,42,6829,0,0,0,0,0,J,9,Arterial endothelial cell,42,10,2,2,2_4,Artery
J-1000,all,34,18,958,5308,28,82613,0,0,0,0,0,J,5,Alveolar macrophage,43,18,1,1,1_2_3,Tcell (CD4)
J-1001,all,18,6,654,5556,31,45109,0,0,0,0,0,J,2,CD4+ T cell,42,6,1,1,1_2_1,Tcell (CD4)
J-1003,all,468,113,153,5058,27,108698,0,0,0,0,0,J,179,Venous endothelial cell,50,35,4,4,4_1_1,CiliatedEpi
J-1004,all,97,36,801,4510,35,50132,0,0,0,0,0,J,8,Inflammatory monocyte,59,35,1,1,1_2_3,Tcell (CD4)
J-1010,all,392,109,116,5373,33,99856,0,0,0,0,0,J,125,Arterial endothelial cell,45,30,4,4,4_1_1,CiliatedEpi
J-1011,all,257,85,169,4649,22,100026,0,0,0,0,0,J,89,Arterial endothelial cell,46,23,4,4,4_1_2,ClubEpi
J-1012,all,123,64,144,5135,30,45444,0,0,0,0,0,J,39,B cell,68,56,4,4,4_1_1,CiliatedEpi
J-1015,all,37,23,480,4628,16,36197,0,0,0,0,0,J,3,Mesothelial cell,41,23,3,3,3_3,AdventitialFib
J-1017,all,19,15,968,3818,36,21990,0,0,0,0,0,J,3,CD4+ T cell,39,15,1,1,1_2_3,Tcell (CD4)
J-1018,all,20,11,335,4855,12,33044,0,0,0,0,0,J,9,CD4+ T cell,40,12,3,3,3_2,SMC
J-1019,all,21,16,342,4985,24,60441,0,0,0,0,0,J,4,CD4+ T cell,40,17,3,3,3_2,SMC
J-1024,all,355,98,179,4749,18,85185,0,0,0,0,0,J,191,Ciliated cell,41,32,4,4,4_2,CiliatedEpi
J-1025,all,23,11,698,4773,13,34947,0,0,0,0,0,J,2,CD4+ T cell,40,11,1,1,1_2_1,Tcell (CD4)
J-1027,all,238,73,182,5489,19,102828,0,0,0,0,0,J,94,B cell,45,32,4,4,4_1_2,CiliatedEpi
J-1029,all,224,89,162,4987,28,98489,0,0,0,0,0,J,54,Arterial endothelial cell,55,46,4,4,4_1_1,CiliatedEpi
J-1031,all,96,40,517,5595,15,80307,0,0,0,0,0,J,5,CD4+ T cell,61,38,3,3,3_4,AdventitialFib
J-1032,all,12,9,425,4284,13,50334,0,0,0,0,0,J,4,Secondary crest myofibroblast,31,9,3,3,3_6,SCMF
J-1033,all,129,56,188,5216,20,59978,0,0,0,0,0,J,49,Ciliated cell,65,55,4,4,4_1_2,CiliatedEpi
J-1034,all,86,34,207,5161,17,33206,0,0,0,0,0,J,45,Ciliated cell,46,34,4,4,4_2,CiliatedEpi
J-1035,all,21,13,319,4828,14,47547,0,0,0,0,0,J,5,Alveolar macrophage,40,14,3,3,3_2,SMC
J-1036,all,41,22,661,5181,11,54293,47886,5352,42534,0.111765443,0.888234557,J,8,Inflammatory monocyte,42,22,1,1,1_2_1,Tcell (CD4)
J-1037,all,31,17,656,5264,32,83720,0,0,0,0,0,J,8,CD4+ T cell,39,17,1,1,1_2_1,Tcell (CD4)
J-1038,all,181,55,167,3839,19,56169,0,0,0,0,0,J,74,Venous endothelial cell,45,19,4,4,4_1_1,CiliatedEpi
J-1039,all,72,29,206,4943,18,70223,0,0,0,0,0,J,16,Ciliated cell,57,29,4,4,4_1_3,CiliatedEpi
J-1045,all,139,70,143,5622,30,51118,0,0,0,0,0,J,29,Ciliated cell,37,23,4,4,4_1_1,CiliatedEpi
J-1046,all,424,82,210,5005,15,115827,0,0,0,0,0,J,233,Alveolar fibroblast 1,50,17,4,4,4_2,ClubEpi
J-1047,all,21,6,457,4624,14,20572,0,0,0,0,0,J,12,Secretory cell,40,6,1,1,1_2_3,Tcell (CD4)
J-1048,all,20,10,448,4162,21,27029,0,0,0,0,0,J,7,Secondary crest myofibroblast,38,11,3,3,3_2,SMC
J-1051,all,144,74,44,4154,37,35305,0,0,0,0,0,J,34,Capillary 1 cell,36,27,4,4,4_1_1,CiliatedEpi
J-1055,all,33,18,275,4454,37,46715,0,0,0,0,0,J,10,Secondary crest myofibroblast,42,19,3,3,3_2,SMC
J-1056,all,157,63,64,4529,35,48144,0,0,0,0,0,J,33,Capillary 1 cell,47,28,4,4,4_1_3,ClubEpi
J-1058,all,14,11,659,5100,28,59086,0,0,0,0,0,J,5,Inflammatory monocyte,30,11,1,1,1_2_3,Tcell (CD4)
J-1061,all,17,8,688,5120,14,40712,6400,0,6400,0,1,J,2,Inflammatory monocyte,34,8,1,1,1_2_3,Tcell (CD4)
J-1062,all,11,8,340,4474,7,22664,0,0,0,0,0,J,2,CD4+ T cell,30,8,1,1,1_2_1,Tcell (CD4)
J-1063,all,14,8,246,4843,7,14438,0,0,0,0,0,J,7,Ciliated cell,23,9,4,4,4_1_2,CiliatedEpi
J-1064,all,251,82,153,4104,18,82066,0,0,0,0,0,J,60,Venous endothelial cell,51,40,4,4,4_1_1,CiliatedEpi
J-1067,all,58,29,403,4898,16,70026,0,0,0,0,0,J,5,CD4+ T cell,53,29,1,1,1_2_1,Tcell (CD4)
J-1068,all,46,26,318,5294,32,91017,0,0,0,0,0,J,4,T regulatory cell,46,26,1,1,1_2_1,Tcell (CD4)
J-1072,all,50,23,209,4073,21,32585,0,0,0,0,0,J,23,Capillary 1 cell,40,23,4,4,4_2,CiliatedEpi
J-1073,all,33,14,418,5104,24,56502,0,0,0,0,0,J,5,CD4+ T cell,41,14,1,1,1_2_1,Tcell (CD4)
J-1075,all,33,16,738,5196,30,21440,94902,52867,44727,0.541703383,0.458296617,J,4,Alveolar macrophage,41,16,1,1,1_2_3,Tcell (CD4)
J-1078,all,58,24,656,4933,13,54479,0,0,0,0,0,J,11,Inflammatory monocyte,51,24,4,4,4_1_3,ClubEpi
J-1080,all,34,21,375,4609,36,34225,0,0,0,0,0,J,5,Mesothelial cell,44,21,3,3,3_3,AdventitialFib
J-1083,all,31,19,305,4244,35,47362,0,0,0,0,0,J,7,Secondary crest myofibroblast,40,20,3,3,3_2,SMC
J-1091,all,182,66,132,5476,29,43930,0,0,0,0,0,J,62,Venous endothelial cell,45,29,4,4,4_1_2,CiliatedEpi
J-1093,all,64,18,511,4697,8,60107,0,0,0,0,0,J,21,Proliferative mesenchymal progenitor cell,54,18,3,3,3_3,AdventitialFib
J-1095,all,70,29,233,4747,18,15904,0,0,0,0,0,J,33,Ciliated cell,42,28,4,4,4_2,CiliatedEpi
J-1101,all,16,7,328,5455,20,32180,0,0,0,0,0,J,2,Natural killer cell,34,8,1,1,1_6_2,Neutrophil
J-1102,all,81,46,93,4745,39,25359,0,0,0,0,0,J,8,CD4+ T cell,63,46,1,1,1_2_1,Tcell (CD4)
J-1103,all,157,52,184,5166,21,54589,0,0,0,0,0,J,56,Capillary 1 cell,42,27,4,4,4_1_2,CiliatedEpi
J-1105,all,309,99,80,3905,29,88070,0,0,0,0,0,J,70,Endothelial progenitor cell,52,37,4,4,4_1_1,ClubEpi
J-1106,all,17,10,714,5357,27,101934,0,0,0,0,0,J,2,CD4+ T cell,34,10,1,1,1_2_1,Tcell (CD4)
J-1107,all,103,40,236,5266,13,59218,0,0,0,0,0,J,31,Arterial endothelial cell,58,39,4,4,4_1_2,CiliatedEpi
J-1108,all,79,28,838,4580,22,52076,0,0,0,0,0,J,12,CD4+ T cell,58,29,3,3,3_2,SMC
J-1111,all,125,43,366,4535,22,86069,0,0,0,0,0,J,15,Inflammatory monocyte,44,19,6,6,6,AT1
J-1112,all,21,12,272,4109,39,23745,0,0,0,0,0,J,3,Alveolar fibroblast 2,39,12,3,3,3_3,AdventitialFib
J-1113,all,226,69,164,4827,24,67258,0,0,0,0,0,J,95,Arterial endothelial cell,53,38,4,4,4_1_1,CiliatedEpi
J-1116,all,87,29,670,4730,28,81407,0,0,0,0,0,J,17,CD4+ T cell,58,29,1,1,1_2_1,Tcell (CD4)
J-1118,all,127,47,948,3924,18,80724,0,0,0,0,0,J,5,T regulatory cell,45,26,1,1,1_2_1,Tcell (CD4)
J-1123,all,50,20,244,4812,7,13686,0,0,0,0,0,J,33,B cell,49,20,4,4,4_2,ClubEpi
J-1124,all,24,17,226,3882,36,15134,0,0,0,0,0,J,2,CD4+ T cell,45,17,1,1,1_2_1,Tcell (CD4)
J-1128,all,9,6,389,3978,8,14821,0,0,0,0,0,J,4,Sox9+/Id2+ epithelial cell,29,7,3,3,3_2,SMC
J-1129,all,140,60,111,5459,37,30577,0,0,0,0,0,J,38,Capillary 1 cell,45,29,4,4,4_1_1,CiliatedEpi
J-1132,all,177,84,55,4097,37,43962,0,0,0,0,0,J,48,Ciliated cell,48,36,4,4,4_1_1,CiliatedEpi
J-1135,all,35,17,668,4826,9,66210,0,0,0,0,0,J,10,Alveolar macrophage,41,18,1,1,1_4_3,AlveolarFib
J-1136,all,284,91,82,3959,29,71095,0,0,0,0,0,J,83,Venous endothelial cell,46,29,4,4,4_1_1,CiliatedEpi
J-1137,all,24,10,698,4866,36,55240,0,0,0,0,0,J,4,CD4+ T cell,41,10,1,1,1_2_1,Tcell (CD4)
J-1138,all,25,10,310,4966,24,87796,0,0,0,0,0,J,6,CD4+ T cell,42,11,3,3,3_2,SMC
J-1141,all,23,17,283,4761,24,36960,0,0,0,0,0,J,4,Alveolar macrophage,41,17,1,1,1_2_3,Tcell (CD4)
J-1145,all,456,137,140,5191,32,107124,0,0,0,0,0,J,151,Alveolar fibroblast 1,40,22,4,4,4_1_1,ClubEpi
J-1147,all,43,17,247,5296,9,14048,0,0,0,0,0,J,23,Ciliated cell,45,17,4,4,4_2,CiliatedEpi
J-1149,all,51,21,717,5183,27,50929,194527,72982,94491,0.435783679,0.564216321,J,6,Inflammatory monocyte,51,21,1,1,1_2_3,Tcell (CD4)
J-1151,all,67,50,44,4300,41,15472,0,0,0,0,0,J,11,B cell,63,50,5,5,5_3,Pericyte
J-1154,all,129,52,178,4001,22,49465,0,0,0,0,0,J,53,Ciliated cell,64,50,4,4,4_1_2,CiliatedEpi
J-1164,all,285,71,227,5212,13,88759,0,0,0,0,0,J,139,Ciliated cell,50,35,4,4,4_2,CiliatedEpi
J-1165,all,225,54,229,5144,13,61997,0,0,0,0,0,J,142,Mesothelial cell,64,41,4,4,4_2,CiliatedEpi
J-1166,all,24,14,291,4791,21,47078,0,0,0,0,0,J,5,T regulatory cell,45,15,3,3,3_2,SMC
J-1181,all,112,48,543,3867,28,73719,0,0,0,0,0,J,8,Proliferative mesenchymal progenitor cell,46,26,3,3,3_3,AdventitialFib
J-1182,all,6,6,945,5335,23,27314,0,0,0,0,0,J,2,CD4+ T cell,22,9,1,1,1_2_1,Tcell (CD4)
J-1189,all,185,68,163,4858,28,54199,0,0,0,0,0,J,84,Ciliated cell,43,27,4,4,4_1_1,CiliatedEpi
J-1198,all,94,44,201,6348,21,114451,0,0,0,0,0,J,16,Inflammatory monocyte,59,40,3,3,3_3,AdventitialFib
J-1199,all,198,63,777,6895,31,96747,0,0,0,0,0,J,21,Alveolar type 1 cell,60,41,1,1,1_4_1,AlveolarFib
J-1203,all,184,61,147,6367,24,61831,0,0,0,0,0,J,80,Capillary 1 cell,47,34,4,4,4_1_2,CiliatedEpi
J-1204,all,48,21,459,6192,22,34518,0,0,0,0,0,J,6,Alveolar fibroblast 1,49,22,1,1,1_5_2,AlveolarFib
J-1206,all,236,97,112,6277,26,58140,0,0,0,0,0,J,69,Arterial endothelial cell,47,34,4,4,4_1_1,ClubEpi
J-1207,all,117,43,432,5950,23,87311,0,0,0,0,0,J,6,B cell,45,23,9,9,9,Bcell
J-1208,all,38,18,210,6868,21,43224,0,0,0,0,0,J,6,Sox9+/Id2+ epithelial cell,44,19,3,3,3_2,SMC
J-1210,all,70,34,546,6758,11,36154,0,0,0,0,0,J,2,CD4+ T cell,56,34,1,1,1_2_1,Tcell (CD4)
J-1211,all,61,30,94,7282,11,43949,0,0,0,0,0,J,26,Secretory cell,57,30,4,4,4_1_2,ClubEpi
J-1212,all,22,16,831,5975,25,13999,0,0,0,0,0,J,3,Alveolar fibroblast 2,43,16,3,3,3_3,AdventitialFib
J-1214,all,8,7,266,6560,16,22255,0,0,0,0,0,J,2,CD4+ T cell,23,9,1,1,1_2_1,Tcell (CD4)
J-1217,all,17,16,218,6992,39,21563,0,0,0,0,0,J,2,Inflammatory monocyte,34,16,1,1,1_2_3,Tcell (CD4)
J-1218,all,153,51,524,6713,19,68673,0,0,0,0,0,J,10,Alveolar type 1 cell,52,30,1,1,1_4_1,AlveolarFib
J-1219,all,70,29,285,6453,27,115100,0,0,0,0,0,J,30,Secondary crest myofibroblast,56,30,3,3,3_2,SMC
J-1221,all,146,47,693,6940,16,79614,0,0,0,0,0,J,7,Sox9+/Id2+ epithelial cell,50,26,1,1,1_4_1,AlveolarFib
J-1222,all,317,78,164,6525,18,81098,0,0,0,0,0,J,179,Ciliated cell,50,19,4,4,4_2,ClubEpi
J-1224,all,22,16,233,6698,19,40805,0,0,0,0,0,J,6,Alveolar macrophage,42,17,3,3,3_2,SMC
J-1225,all,17,13,184,5995,31,21555,0,0,0,0,0,J,2,Alveolar macrophage,34,13,3,3,3_3,AdventitialFib
J-1226,all,12,10,300,7068,13,41133,0,0,0,0,0,J,2,Sox9+/Id2+ epithelial cell,27,11,3,3,3_2,SMC
J-1227,all,127,66,78,5930,34,33820,0,0,0,0,0,J,25,Alveolar fibroblast 1,38,24,4,4,4_1_1,ClubEpi
J-1228,all,91,35,731,6821,37,49386,0,0,0,0,0,J,2,Inflammatory monocyte,60,35,7,7,7_2,PatrolMac
J-1230,all,65,38,532,6675,33,43510,0,0,0,0,0,J,6,CD4+ T cell,52,39,3,3,3_5,SMC
J-1231,all,114,59,758,6048,29,77209,0,0,0,0,0,J,10,Alveolar fibroblast 1,44,33,1,1,1_5_2,AlveolarFib
J-1232,all,101,43,531,7028,16,46863,0,0,0,0,0,J,4,Mesothelial cell,61,40,3,3,3_3,AdventitialFib
J-1233,all,87,27,664,5691,20,79080,0,0,0,0,0,J,4,Mast cell,59,27,7,7,7_2,PatrolMac
J-1234,all,42,23,995,5732,26,76986,0,0,0,0,0,J,5,CD4+ T cell,44,23,1,1,1_2_1,Tcell (CD4)
J-1235,all,46,22,720,6230,16,40558,0,0,0,0,0,J,20,Inflammatory monocyte,47,23,2,2,2_2,InflamMac
J-1236,all,19,12,261,7002,17,45682,0,0,0,0,0,J,10,Secondary crest myofibroblast,37,12,3,3,3_2,SMC
J-1238,all,229,60,940,6879,15,106756,0,0,0,0,0,J,42,Inflammatory monocyte,52,30,1,1,1_2_3,Tcell (CD4)
J-1241,all,91,25,854,5990,26,68489,0,0,0,0,0,J,13,CD4+ T cell,57,25,1,1,1_2_1,Tcell (CD4)
J-1242,all,110,48,155,6033,18,59845,0,0,0,0,0,J,49,Venous endothelial cell,52,29,4,4,4_1_2,ClubEpi
J-1243,all,98,39,491,5965,32,58257,0,0,0,0,0,J,7,Proliferative mesenchymal progenitor cell,57,36,1,1,1_2_1,Tcell (CD4)
J-1244,all,43,16,213,6675,33,39821,0,0,0,0,0,J,8,Alveolar macrophage,45,17,3,3,3_2,SMC
J-1246,all,58,25,287,5922,26,49233,0,0,0,0,0,J,4,Secondary crest myofibroblast,57,26,3,3,3_2,SMC
J-1249,all,101,46,845,6563,23,93849,0,0,0,0,0,J,22,Alveolar fibroblast 1,63,42,3,3,3_2,SMC
J-1251,all,75,36,491,7518,24,84426,0,0,0,0,0,J,12,Secondary crest myofibroblast,52,36,3,3,3_2,SMC
J-1253,all,20,13,742,6118,29,40371,0,0,0,0,0,J,3,B cell,38,13,9,9,9,Bcell
J-1254,all,91,39,583,6663,24,67950,0,0,0,0,0,J,14,Inflammatory monocyte,58,39,9,9,9,Bcell
J-1255,all,33,20,950,5716,38,25062,0,0,0,0,0,J,5,CD4+ T cell,43,20,1,1,1_2_1,Tcell (CD4)
J-1256,all,159,63,425,5998,26,89315,0,0,0,0,0,J,8,B cell,50,33,9,9,9,Bcell
J-1258,all,69,39,169,5831,14,39712,0,0,0,0,0,J,28,Capillary 1 cell,48,38,4,4,4_1_2,CiliatedEpi
J-1259,all,110,49,438,6039,30,59373,0,0,0,0,0,J,7,Mesothelial cell,47,32,1,1,1_4_1,AlveolarFib
J-1263,all,119,46,403,5888,33,77389,0,0,0,0,0,J,9,CD4+ T cell,45,24,1,1,1_4_1,AlveolarFib
J-1264,all,265,81,140,6239,22,127041,0,0,0,0,0,J,141,Secretory cell,44,32,4,4,4_2,CiliatedEpi
J-1267,all,73,42,586,6938,17,52671,0,0,0,0,0,J,6,Alveolar macrophage,55,42,1,1,1_2_3,Tcell (CD4)
J-1268,all,262,83,132,6788,15,78045,0,0,0,0,0,J,121,Endothelial progenitor cell,52,39,4,4,4_1_1,CiliatedEpi
J-1269,all,26,19,216,6838,31,53288,0,0,0,0,0,J,8,Alveolar macrophage,38,20,3,3,3_2,SMC
J-1272,all,44,22,642,6611,13,50804,0,0,0,0,0,J,5,Inflammatory monocyte,45,22,1,1,1_2_1,Tcell (CD4)
J-1273,all,261,93,104,5671,26,80677,0,0,0,0,0,J,106,Secretory cell,44,25,4,4,4_1_2,ClubEpi
J-1274,all,98,48,148,5921,21,72752,0,0,0,0,0,J,33,Arterial endothelial cell,66,44,3,3,3_3,AdventitialFib
J-1276,all,229,90,96,6358,35,59548,0,0,0,0,0,J,60,Arterial endothelial cell,51,38,4,4,4_1_1,CiliatedEpi
J-1277,all,82,36,578,7526,20,45515,0,0,0,0,0,J,5,CD4+ T cell,59,36,1,1,1_5_2,AlveolarFib
J-1279,all,163,59,634,6896,25,106547,0,0,0,0,0,J,10,Inflammatory monocyte,46,32,2,2,2_2,InflamMac
J-1281,all,28,18,412,6090,40,19821,0,0,0,0,0,J,4,Inflammatory monocyte,41,18,1,1,1_2_3,Tcell (CD4)
J-1283,all,154,78,140,5858,18,69463,0,0,0,0,0,J,52,Mesothelial cell,40,24,3,3,3_3,AdventitialFib
J-1284,all,138,43,799,6533,23,94374,0,0,0,0,0,J,20,Inflammatory monocyte,49,27,1,1,1_4_1,AlveolarFib
J-1285,all,62,27,724,6385,20,69663,0,0,0,0,0,J,2,Inflammatory monocyte,52,27,1,1,1_2_1,Tcell (CD4)
J-1286,all,103,64,73,6491,41,20788,0,0,0,0,0,J,25,Endothelial progenitor cell,71,62,4,4,4_1_1,CiliatedEpi
J-1287,all,55,27,264,7043,17,75815,0,0,0,0,0,J,19,Secondary crest myofibroblast,55,28,3,3,3_2,SMC
J-1288,all,239,72,535,7545,24,123064,0,0,0,0,0,J,16,Inflammatory monocyte,50,36,1,1,1_2_3,Tcell (CD4)
J-1290,all,136,65,94,7058,19,55189,0,0,0,0,0,J,51,Arterial endothelial cell,43,22,4,4,4_1_2,ClubEpi
J-1293,all,41,21,220,6077,26,81427,0,0,0,0,0,J,14,Alveolar macrophage,44,22,3,3,3_5,SMC
J-1295,all,173,73,35,7201,32,43840,0,0,0,0,0,J,48,Arterial endothelial cell,43,28,4,4,4_1_1,CiliatedEpi
J-1299,all,142,76,75,5809,34,36310,0,0,0,0,0,J,29,Venous endothelial cell,42,33,4,4,4_1_1,CiliatedEpi
J-1300,all,207,102,53,7060,34,44662,0,0,0,0,0,J,56,Arterial endothelial cell,47,36,4,4,4_1_1,CiliatedEpi
J-1301,all,22,13,286,5882,32,43230,0,0,0,0,0,J,5,Secondary crest myofibroblast,41,14,3,3,3_2,SMC
J-1302,all,28,19,257,6262,21,50514,0,0,0,0,0,J,6,Airway smooth muscle cell,37,19,3,3,3_2,SMC
J-1306,all,73,37,597,7059,37,46404,0,0,0,0,0,J,5,Alveolar type 1 cell,57,38,3,3,3_2,SMC
J-1310,all,207,104,30,7526,27,62329,0,0,0,0,0,J,66,Ciliated cell,46,34,4,4,4_1_2,ClubEpi
J-1311,all,153,43,714,5701,25,132822,0,0,0,0,0,J,5,Inflammatory monocyte,52,27,1,1,1_2_1,Tcell (CD4)
J-1312,all,67,29,901,6908,32,38915,0,0,0,0,0,J,5,CD4+ T cell,56,29,1,1,1_2_1,Tcell (CD4)
J-1313,all,188,69,146,5719,20,83206,0,0,0,0,0,J,75,Arterial endothelial cell,44,35,4,4,4_1_2,CiliatedEpi
J-1314,all,21,11,198,5905,34,42732,0,0,0,0,0,J,6,Sox9+/Id2+ epithelial cell,38,11,3,3,3_2,SMC
J-1315,all,172,83,44,7285,23,46759,0,0,0,0,0,J,57,Secretory cell,42,33,4,4,4_1_2,CiliatedEpi
J-1316,all,67,31,259,6054,20,89115,0,0,0,0,0,J,15,Vascular smooth muscle cell,54,32,3,3,3_2,SMC
J-1317,all,110,48,514,7182,22,96250,0,0,0,0,0,J,9,Inflammatory monocyte,57,35,1,1,1_2_1,Tcell (CD4)
J-1318,all,28,19,631,6644,20,31529,0,0,0,0,0,J,9,CD4+ T cell,38,20,1,1,1_4_1,AlveolarFib
J-1320,all,179,71,91,5718,30,74015,0,0,0,0,0,J,78,Arterial endothelial cell,41,27,4,4,4_1_2,CiliatedEpi
J-1322,all,36,23,586,7320,37,21443,0,0,0,0,0,J,2,Proliferative mesenchymal progenitor cell,40,23,1,1,1_5_2,AlveolarFib
J-1326,all,19,12,236,6658,16,26524,0,0,0,0,0,J,3,Secondary crest myofibroblast,40,14,2,2,2_5,DC
J-1328,all,236,83,100,5839,29,96903,0,0,0,0,0,J,78,Ciliated cell,53,43,4,4,4_1_1,CiliatedEpi
J-1330,all,91,43,544,6992,16,42703,0,0,0,0,0,J,5,Mesothelial cell,61,42,3,3,3_3,AdventitialFib
J-1331,all,40,27,32,7586,22,23445,0,0,0,0,0,J,15,Arterial endothelial cell,39,27,4,4,4_1_2,CiliatedEpi
J-1332,all,43,21,727,6155,31,46824,0,0,0,0,0,J,3,B cell,44,21,9,9,9,Bcell
J-1334,all,485,148,109,5903,24,130259,0,0,0,0,0,J,162,Arterial endothelial cell,37,32,4,4,4_1_1,CiliatedEpi
J-1335,all,77,41,86,6826,35,39712,0,0,0,0,0,J,8,B cell,58,42,2,2,2_5,DC
J-1337,all,115,43,140,6675,18,31604,0,0,0,0,0,J,62,Ciliated cell,59,42,4,4,4_2,CiliatedEpi
J-1340,all,73,47,99,6880,25,19144,0,0,0,0,0,J,19,Capillary 1 cell,60,47,4,4,4_1_1,CiliatedEpi
J-1341,all,197,67,146,5989,23,76949,0,0,0,0,0,J,96,Capillary 1 cell,45,33,4,4,4_1_2,CiliatedEpi
J-1342,all,54,26,460,6269,34,32440,0,0,0,0,0,J,4,Inflammatory monocyte,52,26,1,1,1_2_3,Tcell (CD4)
J-1343,all,204,60,155,5658,15,75539,0,0,0,0,0,J,97,Ciliated cell,42,26,4,4,4_2,CiliatedEpi
J-1344,all,147,77,130,6846,14,39016,0,0,0,0,0,J,49,Venous endothelial cell,40,31,4,4,4_1_1,CiliatedEpi
J-1345,all,55,27,472,6656,14,45745,0,0,0,0,0,J,4,Alveolar fibroblast 1,53,27,1,1,1_2_1,Tcell (CD4)
J-1347,all,125,47,73,7337,24,30325,0,0,0,0,0,J,65,Capillary 1 cell,61,46,4,4,4_2,CiliatedEpi
J-1350,all,77,30,725,6094,24,54794,0,0,0,0,0,J,4,Alveolar fibroblast 1,56,31,1,1,1_5_1,LymphaticEndo
J-1352,all,108,43,552,7299,35,44204,0,0,0,0,0,J,7,Alveolar type 1 cell,60,39,3,3,3_2,SMC
J-1353,all,23,11,196,7107,28,65931,0,0,0,0,0,J,11,CD4+ T cell,40,12,3,3,3_2,SMC
J-1354,all,9,6,176,6092,6,8453,0,0,0,0,0,J,5,Alveolar fibroblast 1,29,7,1,1,1_4_3,AlveolarFib
J-1356,all,48,31,484,6689,15,46865,0,0,0,0,0,J,5,Proliferative mesenchymal progenitor cell,48,31,1,1,1_2_1,Tcell (CD4)
J-1358,all,85,38,156,5954,19,33703,0,0,0,0,0,J,47,Capillary 1 cell,51,37,4,4,4_2,CiliatedEpi
J-1361,all,330,116,55,7252,26,115488,0,0,0,0,0,J,133,Pericyte,39,31,4,4,4_1_2,CiliatedEpi
J-1363,all,215,70,154,6410,20,57475,0,0,0,0,0,J,112,Endothelial progenitor cell,50,22,4,4,4_2,ClubEpi
J-1364,all,7,7,245,6763,19,25234,0,0,0,0,0,J,2,Sox9+/Id2+ epithelial cell,22,10,3,3,3_2,SMC
J-1366,all,97,42,802,5971,22,68407,0,0,0,0,0,J,7,CD4+ T cell,61,40,1,1,1_2_1,Tcell (CD4)
J-1367,all,26,17,600,7358,39,15295,0,0,0,0,0,J,4,Sox9+/Id2+ epithelial cell,39,18,3,3,3_2,SMC
J-1368,all,45,20,216,7148,18,92826,0,0,0,0,0,J,9,Sox9+/Id2+ epithelial cell,47,21,3,3,3_2,SMC
J-1372,all,203,79,151,6637,18,85748,0,0,0,0,0,J,80,Ciliated cell,42,32,4,4,4_1_2,CiliatedEpi
J-1373,all,126,51,87,6994,22,59675,0,0,0,0,0,J,54,Capillary 1 cell,62,50,4,4,4_2,CiliatedEpi
J-1375,all,83,43,211,5963,27,78876,0,0,0,0,0,J,9,Inflammatory monocyte,63,43,3,3,3_3,AdventitialFib
J-1378,all,15,9,190,6223,31,48545,0,0,0,0,0,J,7,Airway smooth muscle cell,32,10,3,3,3_2,SMC
J-1379,all,219,82,123,6895,12,68140,0,0,0,0,0,J,101,Secretory cell,51,27,4,4,4_2,ClubEpi
J-1381,all,37,24,157,6899,18,49150,0,0,0,0,0,J,3,Mesothelial cell,39,24,3,3,3_3,AdventitialFib
J-1382,all,217,89,157,6469,20,103534,0,0,0,0,0,J,98,Ciliated cell,44,35,4,4,4_1_2,CiliatedEpi
J-1383,all,36,22,108,6229,39,18040,0,0,0,0,0,J,8,Secretory cell,40,22,4,4,4_1_1,ClubEpi
J-1385,all,15,10,218,6212,18,52517,0,0,0,0,0,J,2,Alveolar type 1 cell,34,10,1,1,1_2_3,Tcell (CD4)
J-1386,all,428,121,100,5981,27,123776,0,0,0,0,0,J,150,Ciliated cell,49,41,4,4,4_1_2,CiliatedEpi
J-1387,all,362,105,64,7392,22,92249,0,0,0,0,0,J,177,Ciliated cell,49,39,4,4,4_2,CiliatedEpi
J-1389,all,139,48,795,7558,24,120443,0,0,0,0,0,J,7,CD4+ T cell,46,23,7,7,7_3,Tcell (CD8)
J-1390,all,22,13,181,6871,33,30566,0,0,0,0,0,J,3,Sox9+/Id2+ epithelial cell,40,14,3,3,3_2,SMC
J-1391,all,57,28,255,6943,26,78008,0,0,0,0,0,J,12,Sox9+/Id2+ epithelial cell,55,29,3,3,3_2,SMC
J-1393,all,455,123,70,7188,21,123667,0,0,0,0,0,J,220,Ciliated cell,38,29,4,4,4_2,CiliatedEpi
J-1395,all,262,116,29,7388,32,64930,0,0,0,0,0,J,73,Arterial endothelial cell,40,30,4,4,4_1_1,ClubEpi
J-1397,all,122,45,101,7026,19,69210,0,0,0,0,0,J,46,Capillary 1 cell,62,44,4,4,4_1_2,CiliatedEpi
J-1399,all,233,89,41,7317,32,73661,0,0,0,0,0,J,77,Ciliated cell,51,33,4,4,4_1_2,ClubEpi
J-1401,all,397,124,99,6690,27,96811,0,0,0,0,0,J,77,Alveolar fibroblast 1,43,36,4,4,4_1_1,ClubEpi
J-1402,all,396,125,104,6049,25,116090,0,0,0,0,0,J,158,Arterial endothelial cell,41,33,4,4,4_1_1,CiliatedEpi
J-1403,all,213,76,138,5807,17,51683,0,0,0,0,0,J,83,Ciliated cell,45,30,4,4,4_1_2,CiliatedEpi
J-1404,all,59,25,155,6071,9,19545,0,0,0,0,0,J,33,Capillary 1 cell,37,25,4,4,4_2,CiliatedEpi
J-1409,all,15,12,260,6981,10,25336,0,0,0,0,0,J,6,Airway smooth muscle cell,30,12,3,3,3_2,SMC
J-1411,all,52,34,77,5762,32,23255,0,0,0,0,0,J,12,Capillary 1 cell,52,34,4,4,4_1_1,ClubEpi
J-1412,all,207,91,31,7557,22,66003,0,0,0,0,0,J,54,Ciliated cell,47,38,4,4,4_1_1,CiliatedEpi
J-1413,all,23,14,417,6298,42,12645,0,0,0,0,0,J,4,CD4+ T cell,39,14,1,1,1_2_1,Tcell (CD4)
J-1414,all,105,43,619,6221,27,58383,0,0,0,0,0,J,11,B cell,57,35,1,1,1_4_1,AlveolarFib
J-1416,all,31,21,226,6601,31,61713,0,0,0,0,0,J,4,Alveolar macrophage,39,21,1,1,1_2_3,Tcell (CD4)
J-1417,all,54,32,519,5687,33,48635,0,0,0,0,0,J,10,Inflammatory monocyte,56,33,3,3,3_2,SMC
J-1421,all,223,75,82,6958,24,82103,0,0,0,0,0,J,104,Venous endothelial cell,42,32,4,4,4_2,CiliatedEpi
J-1423,all,51,26,678,6164,24,39194,0,0,0,0,0,J,13,Inflammatory monocyte,52,27,2,2,2_1,Capillary
J-1429,all,192,71,4,7577,21,47046,0,0,0,0,0,J,81,Ciliated cell,47,34,4,4,4_1_1,CiliatedEpi
J-1430,all,165,50,92,7354,10,49449,0,0,0,0,0,J,96,Ciliated cell,48,15,4,4,4_2,ClubEpi
J-1432,all,178,73,71,6911,33,49269,0,0,0,0,0,J,46,Venous endothelial cell,47,34,4,4,4_1_1,CiliatedEpi
J-1434,all,441,121,140,6317,20,129765,0,0,0,0,0,J,212,Ciliated cell,45,34,4,4,4_1_1,CiliatedEpi
J-1437,all,413,126,109,5767,23,130902,0,0,0,0,0,J,184,Ciliated cell,47,27,4,4,4_1_1,ClubEpi
J-1440,all,242,96,147,6560,24,65872,0,0,0,0,0,J,109,Alveolar fibroblast 1,42,20,4,4,4_1_2,ClubEpi
J-1441,all,268,87,129,6401,23,72752,0,0,0,0,0,J,100,Arterial endothelial cell,44,27,4,4,4_1_1,CiliatedEpi
J-1443,all,142,52,106,6932,21,57631,0,0,0,0,0,J,67,Capillary 1 cell,65,51,4,4,4_2,CiliatedEpi
J-1445,all,106,55,66,7022,31,28681,0,0,0,0,0,J,25,Endothelial progenitor cell,65,48,7,7,7_2,PatrolMac
J-1446,all,47,19,760,6687,38,26607,0,0,0,0,0,J,7,Alveolar type 1 cell,48,20,1,1,1_4_3,AlveolarFib
J-1448,all,9,8,280,6122,12,12247,0,0,0,0,0,J,3,CD4+ T cell,31,9,3,3,3_2,SMC
J-1452,all,41,19,515,5792,8,51885,0,0,0,0,0,J,4,Alveolar fibroblast 1,43,20,1,1,1_4_1,AlveolarFib
J-1454,all,108,65,52,6981,37,24944,0,0,0,0,0,J,27,Arterial endothelial cell,64,51,4,4,4_1_1,ClubEpi
J-1458,all,31,24,54,7585,29,25063,0,0,0,0,0,J,10,B cell,37,24,3,3,3_3,AdventitialFib
J-1459,all,48,23,784,7011,24,25459,0,0,0,0,0,J,2,CD4+ T cell,48,23,1,1,1_2_1,Tcell (CD4)
J-1462,all,23,15,359,7127,39,15596,0,0,0,0,0,J,6,Alveolar type 1 cell,42,16,3,3,3_5,SMC
J-1467,all,123,64,105,6097,29,40786,0,0,0,0,0,J,38,Endothelial progenitor cell,63,50,4,4,4_1_1,CiliatedEpi
J-1471,all,17,12,626,6674,39,13961,0,0,0,0,0,J,2,CD4+ T cell,34,12,1,1,1_2_1,Tcell (CD4)
J-1476,all,282,102,136,6591,19,74700,0,0,0,0,0,J,87,Endothelial progenitor cell,51,43,4,4,4_1_1,CiliatedEpi
J-1483,all,49,28,638,6167,14,27656,0,0,0,0,0,J,4,Natural killer cell,49,28,7,7,7_3,Tcell (CD8)
J-1484,all,120,52,50,7347,27,36412,0,0,0,0,0,J,61,Ciliated cell,61,51,4,4,4_2,CiliatedEpi
J-1488,all,16,9,3018,1936,17,52958,0,0,0,0,0,J,2,Arterial endothelial cell,39,10,2,2,2_4,Artery
J-1490,all,35,21,2213,712,17,54901,0,0,0,0,0,J,3,Endothelial progenitor cell,41,21,2,2,2_1,Capillary
J-1492,all,6,4,2733,1598,9,25150,0,0,0,0,0,J,2,Pericyte,25,6,3,3,3_5,SMC
J-1493,all,160,35,2204,578,24,115012,0,0,0,0,0,J,15,Alveolar type 1 cell,49,16,6,6,6,AT1
J-1494,all,33,18,3644,616,19,40864,0,0,0,0,0,J,5,Capillary 2 cell,41,17,2,2,2_1,Capillary
J-1496,all,125,27,3107,1250,13,98000,0,0,0,0,0,J,100,Alveolar type 2 cell,45,10,1,1,1_3,AT2
J-1500,all,60,32,2464,35,11,55697,0,0,0,0,0,J,5,B cell,55,33,2,2,2_2,InflamMac
J-1501,all,9,8,3633,646,12,30934,0,0,0,0,0,J,2,Endothelial progenitor cell,26,8,2,2,2_6,pDC
J-1503,all,20,13,2743,1012,16,66438,0,0,0,0,0,J,2,Endothelial progenitor cell,41,13,2,2,2_1,Capillary
J-1504,all,39,19,3048,1266,15,82103,0,0,0,0,0,J,21,Sox9+/Id2+ epithelial cell,43,19,5,5,5_1,Pericyte
J-1505,all,7,4,3197,1899,26,51020,0,0,0,0,0,J,2,B cell,29,6,9,9,9,Bcell
J-1506,all,15,10,2920,1304,34,75079,0,0,0,0,0,J,4,B cell,31,10,9,9,9,Bcell
J-1508,all,147,28,2397,301,13,94979,0,0,0,0,0,J,114,Alveolar type 2 cell,45,11,1,1,1_1,AT2
J-1509,all,13,8,3357,75,9,32040,0,0,0,0,0,J,2,Venous endothelial cell,34,8,2,2,2_3,Vein
J-1511,all,13,12,2994,1323,18,40427,0,0,0,0,0,J,3,B cell,33,12,9,9,9,Bcell
J-1512,all,25,6,2342,1351,13,69161,0,0,0,0,0,J,18,Alveolar type 2 cell,43,6,1,1,1_3,AT2
J-1513,all,49,26,2289,297,11,40018,0,0,0,0,0,J,3,Capillary 2 cell,49,26,2,2,2_3,Vein
J-1516,all,17,10,2748,1349,21,59825,0,0,0,0,0,J,8,B cell,35,10,6,6,6,AT1
J-1517,all,33,19,2207,653,15,74291,0,0,0,0,0,J,5,Pericyte,43,19,5,5,5_1,Pericyte
J-1518,all,31,9,3125,213,16,26792,0,0,0,0,0,J,19,Alveolar fibroblast 1,40,10,3,3,3_1,SMC
J-1519,all,57,16,2115,1590,27,73706,0,0,0,0,0,J,43,Sox9+/Id2+ epithelial cell,51,16,1,1,1_3,AT2
J-1520,all,26,19,2201,1597,26,82913,0,0,0,0,0,J,2,Alveolar fibroblast 1,46,20,1,1,1_5_2,AlveolarFib
J-1521,all,9,5,2602,1529,37,23211,0,0,0,0,0,J,6,Pericyte,23,6,5,5,5_1,Pericyte
J-1522,all,80,47,2481,477,16,96378,0,0,0,0,0,J,8,Capillary 1 cell,60,47,2,2,2_3,Vein
J-1524,all,27,12,3248,1748,14,54195,0,0,0,0,0,J,5,Sox9+/Id2+ epithelial cell,43,12,8,8,8_2,InterstitialMac
J-1529,all,36,14,3223,1795,10,41413,0,0,0,0,0,J,6,Alveolar type 1 cell,43,14,6,6,6,AT1
J-1531,all,8,7,3689,396,8,32562,0,0,0,0,0,J,2,Endothelial progenitor cell,32,8,2,2,2_1,Capillary
J-1532,all,13,11,2073,1451,14,57481,0,0,0,0,0,J,2,Capillary 2 cell,33,11,2,2,2_6,pDC
J-1534,all,22,11,3436,560,14,44566,0,0,0,0,0,J,2,Arterial endothelial cell,42,11,2,2,2_4,Artery
J-1535,all,32,16,2503,633,17,79261,0,0,0,0,0,J,14,B cell,43,16,9,9,9,Bcell
J-1537,all,23,10,3680,533,22,27769,0,0,0,0,0,J,11,Pericyte,44,10,5,5,5_1,Pericyte
J-1538,all,57,25,2281,542,15,71126,0,0,0,0,0,J,5,Capillary 1 cell,54,25,2,2,2_1,Capillary
J-1539,all,33,10,2232,1857,29,69388,0,0,0,0,0,J,26,Alveolar type 2 cell,44,10,1,1,1_1,AT2
J-1540,all,10,7,2727,1266,21,76910,0,0,0,0,0,J,2,Innate lymphoid cell,26,8,1,1,1_6_2,Neutrophil
J-1542,all,11,9,2432,1336,29,80224,0,0,0,0,0,J,4,Venous endothelial cell,26,9,3,3,3_4,AdventitialFib
J-1545,all,6,5,2937,1378,23,60081,0,0,0,0,0,J,2,Alveolar type 1 cell,26,8,6,6,6,AT1
J-1546,all,91,17,3291,451,20,67326,0,0,0,0,0,J,79,Interstitial macrophage,55,16,1,1,1_1,AT2
J-1547,all,10,4,3023,1406,6,13584,0,0,0,0,0,J,8,Alveolar type 2 cell,37,4,1,1,1_1,AT2
J-1549,all,18,11,1987,1758,29,37003,0,0,0,0,0,J,4,Capillary 2 cell,37,11,2,2,2_6,pDC
J-1551,all,33,21,3060,1533,22,98973,0,0,0,0,0,J,7,B cell,40,22,2,2,2_1,Capillary
J-1553,all,100,51,2413,9,19,128140,0,0,0,0,0,J,12,Pericyte,59,42,5,5,5_1,Pericyte
J-1557,all,17,10,2881,1480,9,39935,0,0,0,0,0,J,2,Alveolar fibroblast 1,37,10,1,1,1_5_2,AlveolarFib
J-1558,all,39,7,2372,121,10,27060,0,0,0,0,0,J,32,Alveolar type 2 cell,46,7,1,1,1_1,AT2
J-1559,all,12,11,3679,308,7,23346,0,0,0,0,0,J,3,Inflammatory monocyte,30,11,5,5,5_3,Pericyte
J-1560,all,16,10,3160,187,31,43355,0,0,0,0,0,J,2,B cell,34,10,2,2,2_6,pDC
J-1561,all,24,9,2339,703,31,28279,0,0,0,0,0,J,15,Alveolar type 2 cell,42,9,1,1,1_3,AT2
J-1562,all,31,26,2515,456,21,61414,0,0,0,0,0,J,6,Alveolar type 1 cell,37,26,3,3,3_6,SCMF
J-1563,all,27,16,3323,31,25,91149,0,0,0,0,0,J,6,Arterial endothelial cell,43,17,2,2,2_4,Artery
J-1565,all,83,34,2150,527,26,85521,0,0,0,0,0,J,3,Capillary 1 cell,58,34,2,2,2_3,Vein
J-1566,all,18,12,2390,1569,19,86663,0,0,0,0,0,J,3,Alveolar type 1 cell,39,12,6,6,6,AT1
J-1567,all,67,40,2489,322,11,58838,0,0,0,0,0,J,10,Alveolar fibroblast 1,59,41,1,1,1_4_1,AlveolarFib
J-1568,all,22,8,2322,666,38,35489,0,0,0,0,0,J,15,Alveolar type 2 cell,43,8,1,1,1_3,AT2
J-1572,all,16,11,2289,489,9,22687,0,0,0,0,0,J,5,Alveolar macrophage,32,11,8,8,8_1,AlveolarMac
J-1574,all,48,31,2282,446,9,37503,0,0,0,0,0,J,4,Capillary 1 cell,48,31,2,2,2_3,Vein
J-1577,all,15,10,1960,1467,22,81234,0,0,0,0,0,J,8,T regulatory cell,36,10,7,7,7_2,PatrolMac
J-1579,all,122,53,2445,335,19,111199,0,0,0,0,0,J,16,Alveolar fibroblast 1,43,26,2,2,2_3,Vein
J-1580,all,23,12,3758,762,23,48100,0,0,0,0,0,J,5,B cell,44,12,2,2,2_6,pDC
J-1581,all,16,4,2079,1591,35,21478,0,0,0,0,0,J,15,Alveolar type 2 cell,40,4,1,1,1_1,AT2
J-1589,all,22,18,3531,513,29,74574,0,0,0,0,0,J,5,Arterial endothelial cell,46,19,2,2,2_4,Artery
J-1590,all,12,4,2573,1122,12,34230,0,0,0,0,0,J,11,Alveolar type 1 cell,38,4,2,2,2_1,Capillary
J-1595,all,14,9,3044,1418,8,17059,0,0,0,0,0,J,2,Alveolar fibroblast 1,35,10,1,1,1_4_1,AlveolarFib
J-1598,all,21,14,2285,1763,24,56493,0,0,0,0,0,J,3,Inflammatory monocyte,40,14,5,5,5_3,Pericyte
J-1603,all,13,8,1980,1676,26,43103,0,0,0,0,0,J,6,Sox9+/Id2+ epithelial cell,39,8,1,1,1_1,AT2
J-1604,all,32,13,3731,759,22,81263,0,0,0,0,0,J,19,Sox9+/Id2+ epithelial cell,43,13,1,1,1_3,AT2
J-1610,all,50,21,3650,389,15,73549,0,0,0,0,0,J,14,Pericyte,50,21,5,5,5_1,Pericyte
J-1613,all,42,14,3347,1353,14,66410,0,0,0,0,0,J,25,Alveolar type 2 cell,45,14,1,1,1_3,AT2
J-1616,all,22,7,3235,452,27,18684,0,0,0,0,0,J,11,Sox9+/Id2+ epithelial cell,43,7,8,8,8_2,InterstitialMac
J-1623,all,24,13,3313,1321,20,47717,0,0,0,0,0,J,12,Arterial endothelial cell,46,13,7,7,7_2,PatrolMac
J-1627,all,83,21,2558,620,19,61504,0,0,0,0,0,J,68,AT1/AT2,56,21,1,1,1_3,AT2
J-1629,all,18,10,3327,121,7,20554,0,0,0,0,0,J,4,Pericyte,39,10,5,5,5_3,Pericyte
J-1632,all,20,13,2720,1199,21,84235,0,0,0,0,0,J,2,Sox9+/Id2+ epithelial cell,39,13,2,2,2_3,Vein
J-1636,all,33,21,3155,1921,32,79164,0,0,0,0,0,J,4,B cell,42,21,9,9,9,Bcell
J-1638,all,7,5,3727,1832,23,43624,0,0,0,0,0,J,4,Inflammatory monocyte,30,8,2,2,2_5,DC
J-1639,all,26,18,2736,1099,12,65869,0,0,0,0,0,J,6,Capillary 1 cell,39,19,2,2,2_1,Capillary
J-1640,all,38,20,2547,575,16,42504,0,0,0,0,0,J,7,Pericyte,44,20,6,6,6,AT1
J-1644,all,99,46,2372,451,8,69587,0,0,0,0,0,J,15,Capillary 1 cell,55,37,2,2,2_2,InflamMac
J-1646,all,19,12,3253,486,25,22888,0,0,0,0,0,J,10,Sox9+/Id2+ epithelial cell,40,12,8,8,8_3,InterstitialMac
J-1648,all,69,37,2118,614,22,71629,0,0,0,0,0,J,2,Arterial endothelial cell,54,38,2,2,2_4,Artery
J-1651,all,14,8,2947,1915,27,49919,0,0,0,0,0,J,3,Alveolar type 1 cell,33,8,6,6,6,AT1
J-1652,all,104,37,2551,533,12,61942,0,0,0,0,0,J,8,Alveolar type 1 cell,57,29,6,6,6,AT1
J-1653,all,18,3,1990,1482,33,16263,0,0,0,0,0,J,17,Alveolar type 2 cell,42,3,1,1,1_1,AT2
J-1660,all,24,8,3390,1890,29,46245,0,0,0,0,0,J,16,Sox9+/Id2+ epithelial cell,44,8,1,1,1_1,AT2
J-1661,all,19,5,2535,1473,37,38356,0,0,0,0,0,J,13,Sox9+/Id2+ epithelial cell,42,5,1,1,1_1,AT2
J-1662,all,42,22,3741,1546,13,105399,0,0,0,0,0,J,18,Sox9+/Id2+ epithelial cell,45,23,2,2,2_1,Capillary
J-1665,all,33,9,2488,1515,27,73891,0,0,0,0,0,J,3,Alveolar type 1 cell,44,9,6,6,6,AT1
J-1666,all,30,19,2982,1286,15,89032,0,0,0,0,0,J,4,B cell,39,19,9,9,9,Bcell
J-1668,all,32,12,2833,897,13,44946,0,0,0,0,0,J,17,Sox9+/Id2+ epithelial cell,42,12,1,1,1_3,AT2
J-1669,all,25,15,3074,1875,20,42747,0,0,0,0,0,J,2,Alveolar type 1 cell,45,15,6,6,6,AT1
J-1673,all,68,25,2367,690,30,77214,0,0,0,0,0,J,10,Alveolar fibroblast 1,53,26,1,1,1_5_2,AlveolarFib
J-1675,all,40,22,3758,329,17,60575,0,0,0,0,0,J,13,Alveolar fibroblast 1,43,23,2,2,2_4,Artery
J-1677,all,66,39,2138,583,14,64055,0,0,0,0,0,J,3,Alveolar type 1 cell,58,39,1,1,1_3,AT2
J-1685,all,12,10,2037,1731,19,47307,0,0,0,0,0,J,3,Pericyte,28,11,3,3,3_5,SMC
J-1686,all,20,10,3741,476,21,32569,0,0,0,0,0,J,2,Sox9+/Id2+ epithelial cell,41,10,3,3,3_6,SCMF
J-1688,all,7,4,2402,1517,6,10904,0,0,0,0,0,J,5,Alveolar type 1 cell,25,7,6,6,6,AT1
J-1690,all,33,23,3304,513,15,110569,0,0,0,0,0,J,5,Interstitial macrophage,40,23,8,8,8_2,InterstitialMac
J-1691,all,9,5,2049,1706,15,26973,0,0,0,0,0,J,2,B cell,25,6,9,9,9,Bcell
J-1697,all,23,14,3604,520,13,91344,0,0,0,0,0,J,6,Arterial endothelial cell,42,14,2,2,2_4,Artery
J-1699,all,52,21,2085,632,34,62003,0,0,0,0,0,J,3,Natural killer cell,52,22,2,2,2_2,InflamMac
J-1701,all,20,13,1978,1374,34,51799,0,0,0,0,0,J,3,Alveolar type 1 cell,40,13,6,6,6,AT1
J-1702,all,32,11,2734,979,12,18932,0,0,0,0,0,J,20,Sox9+/Id2+ epithelial cell,43,11,1,1,1_1,AT2
J-1703,all,10,7,3330,1387,19,19010,0,0,0,0,0,J,5,Natural killer cell,31,7,7,7,7_3,Tcell (CD8)
J-1706,all,9,4,2728,1377,25,58506,0,0,0,0,0,J,3,Alveolar type 1 cell,25,5,6,6,6,AT1
J-1707,all,81,26,3713,511,16,74038,326,326,0,1,0,J,40,Alveolar type 2 cell,57,26,1,1,1_1,AT2
J-1711,all,73,36,2150,22,29,93426,0,0,0,0,0,J,5,Mesothelial cell,55,36,3,3,3_3,AdventitialFib
J-1712,all,11,8,2545,1616,30,32704,0,0,0,0,0,J,3,Secondary crest myofibroblast,29,8,2,2,2_3,Vein
J-1713,all,14,9,3335,1421,20,39225,0,0,0,0,0,J,4,Pericyte,32,9,5,5,5_1,Pericyte
J-1717,all,78,21,2363,1638,17,75806,0,0,0,0,0,J,61,Alveolar type 2 cell,55,21,1,1,1_3,AT2
J-1720,all,14,12,2652,620,11,22641,0,0,0,0,0,J,3,Capillary 1 cell,34,11,2,2,2_1,Capillary
J-1721,all,28,10,2259,1900,26,76781,0,0,0,0,0,J,18,CD8+ T cell,42,11,2,2,2_2,InflamMac
J-1722,all,9,8,3322,1505,11,45321,0,0,0,0,0,J,2,Alveolar fibroblast 1,26,8,2,2,2_3,Vein
J-1723,all,44,27,2329,332,15,62309,0,0,0,0,0,J,7,Arterial endothelial cell,45,28,2,2,2_4,Artery
J-1724,all,15,9,3676,1488,10,32689,0,0,0,0,0,J,4,Alveolar fibroblast 1,38,10,1,1,1_5_1,LymphaticEndo
J-1726,all,13,7,3257,1812,9,42836,0,0,0,0,0,J,3,Innate lymphoid cell,35,7,6,6,6,AT1
J-1727,all,21,12,3278,316,12,45442,0,0,0,0,0,J,4,Capillary 2 cell,43,12,6,6,6,AT1
J-1728,all,39,12,2010,1698,23,75098,0,0,0,0,0,J,31,Alveolar type 2 cell,45,13,3,3,3_1,SMC
J-1730,all,44,16,2731,949,11,33779,0,0,0,0,0,J,31,Alveolar type 2 cell,46,16,1,1,1_1,AT2
J-1733,all,71,25,3699,639,7,70318,0,0,0,0,0,J,14,Alveolar type 1 cell,54,25,6,6,6,AT1
J-1737,all,60,31,2249,478,9,54080,0,0,0,0,0,J,8,Capillary 1 cell,56,31,2,2,2_3,Vein
J-1740,all,14,13,2021,1649,22,65370,0,0,0,0,0,J,3,Pericyte,30,13,5,5,5_1,Pericyte
J-1744,all,24,11,2251,5,33,20304,0,0,0,0,0,J,5,Alveolar type 1 cell,44,11,6,6,6,AT1
J-1745,all,20,5,2450,1265,18,70931,0,0,0,0,0,J,16,Sox9+/Id2+ epithelial cell,43,5,1,1,1_1,AT2
J-1746,all,15,4,3374,1860,29,29450,0,0,0,0,0,J,13,Alveolar type 2 cell,38,4,1,1,1_1,AT2
J-1747,all,95,23,2019,940,30,98289,0,0,0,0,0,J,71,Alveolar type 2 cell,58,22,1,1,1_3,AT2
J-1749,all,25,18,1992,1248,31,74337,0,0,0,0,0,J,10,Pericyte,45,18,5,5,5_1,Pericyte
J-1751,all,47,14,1978,1723,25,94633,0,0,0,0,0,J,33,Alveolar type 2 cell,48,15,3,3,3_1,SMC
J-1759,all,11,5,2311,1378,8,53908,0,0,0,0,0,J,7,Sox9+/Id2+ epithelial cell,34,5,1,1,1_1,AT2
J-1761,all,20,5,3335,1876,32,26847,0,0,0,0,0,J,17,Megakaryocyte/Platelet,42,5,1,1,1_1,AT2
J-1762,all,78,36,2287,585,25,107756,0,0,0,0,0,J,5,Capillary 1 cell,54,36,9,9,9,Bcell
J-1765,all,117,14,3581,424,14,73779,0,0,0,0,0,J,102,Alveolar type 2 cell,46,5,1,1,1_3,AT2
J-1767,all,55,28,2304,5,29,63494,0,0,0,0,0,J,5,Capillary 1 cell,52,28,2,2,2_3,Vein
J-1768,all,27,10,3274,183,27,28359,0,0,0,0,0,J,2,Alveolar type 1 cell,46,10,6,6,6,AT1
J-1769,all,32,16,2504,1542,21,78437,0,0,0,0,0,J,11,Arterial endothelial cell,43,17,2,2,2_4,Artery
J-1772,all,25,11,3049,1909,18,51000,0,0,0,0,0,J,4,Alveolar type 1 cell,46,11,6,6,6,AT1
J-1774,all,8,6,3698,1463,7,29219,0,0,0,0,0,J,3,Capillary 2 cell,24,8,1,1,1_3,AT2
J-1775,all,56,31,3531,562,11,82268,0,0,0,0,0,J,10,Alveolar fibroblast 1,53,31,1,1,1_5_1,LymphaticEndo
J-1780,all,31,22,3315,1460,17,96289,0,0,0,0,0,J,5,Alveolar fibroblast 1,40,22,7,7,7_2,PatrolMac
J-1781,all,6,5,3536,367,7,18589,0,0,0,0,0,J,2,Arterial endothelial cell,27,8,2,2,2_4,Artery
J-1782,all,76,21,2269,792,15,91828,0,0,0,0,0,J,61,Alveolar type 2 cell,54,21,1,1,1_3,AT2
J-1785,all,99,45,2131,465,26,91137,0,0,0,0,0,J,5,Capillary 2 cell,63,41,2,2,2_1,Capillary
J-1794,all,37,23,2624,619,16,49809,0,0,0,0,0,J,12,Capillary 1 cell,43,23,2,2,2_1,Capillary
J-1797,all,55,19,3275,118,21,84978,0,0,0,0,0,J,33,Alveolar type 2 cell,51,19,5,5,5_3,Pericyte
J-1804,all,67,23,3254,417,22,88178,0,0,0,0,0,J,39,Alveolar type 2 cell,55,23,1,1,1_1,AT2
J-1806,all,41,21,3160,218,20,59800,0,0,0,0,0,J,21,Secondary crest myofibroblast,43,22,3,3,3_1,SMC
J-1810,all,34,26,2123,118,15,35250,0,0,0,0,0,J,9,Alveolar fibroblast 2,38,26,3,3,3_3,AdventitialFib
J-1814,all,65,31,2100,72,19,70162,0,0,0,0,0,J,13,Alveolar fibroblast 2,56,31,3,3,3_3,AdventitialFib
J-1818,all,75,21,3302,156,23,56874,0,0,0,0,0,J,38,AT1/AT2,54,21,1,1,1_1,AT2
J-1819,all,85,30,3465,585,15,103486,0,0,0,0,0,J,13,Arterial endothelial cell,57,30,2,2,2_4,Artery
J-1823,all,83,21,2200,1895,28,113998,0,0,0,0,0,J,65,Neutrophil,56,21,1,1,1_1,AT2
J-1827,all,69,29,2590,588,18,110350,0,0,0,0,0,J,25,Alveolar fibroblast 1,55,30,3,3,3_1,SMC
J-1833,all,55,17,2858,880,13,31284,0,0,0,0,0,J,35,Alveolar type 2 cell,51,17,1,1,1_1,AT2
J-1834,all,45,10,2343,131,9,22173,0,0,0,0,0,J,37,Alveolar type 2 cell,46,10,1,1,1_3,AT2
J-1836,all,30,16,2514,13,11,63936,0,0,0,0,0,J,7,Inflammatory monocyte,41,16,1,1,1_2_3,Tcell (CD4)
J-1837,all,10,6,3744,676,25,9080,0,0,0,0,0,J,5,Sox9+/Id2+ epithelial cell,35,6,1,1,1_3,AT2
J-1838,all,53,33,3371,441,14,113929,0,0,0,0,0,J,11,Alveolar fibroblast 1,53,33,2,2,2_4,Artery
J-1839,all,9,5,2058,1140,15,33735,0,0,0,0,0,J,5,Alveolar type 1 cell,29,6,6,6,6,AT1
J-1840,all,11,7,3482,1609,10,49307,0,0,0,0,0,J,4,Sox9+/Id2+ epithelial cell,34,7,6,6,6,AT1
J-1856,all,41,22,2360,1744,20,73813,0,0,0,0,0,J,6,Alveolar type 1 cell,42,22,3,3,3_1,SMC
J-1858,all,18,10,2608,1113,11,33399,0,0,0,0,0,J,10,Alveolar type 2 cell,39,10,1,1,1_3,AT2
J-1862,all,16,3,2308,808,15,19147,0,0,0,0,0,J,14,Sox9+/Id2+ epithelial cell,40,3,1,1,1_1,AT2
J-1866,all,12,5,3360,1925,28,53116,0,0,0,0,0,J,5,Sox9+/Id2+ epithelial cell,37,5,1,1,1_1,AT2
J-1869,all,90,24,3322,185,22,89933,0,0,0,0,0,J,24,Alveolar type 1 cell,55,24,6,6,6,AT1
J-1870,all,9,4,3755,1810,23,44114,0,0,0,0,0,J,7,Sox9+/Id2+ epithelial cell,34,5,6,6,6,AT1
J-1875,all,23,10,2343,1669,20,42217,0,0,0,0,0,J,9,Alveolar type 2 cell,41,10,1,1,1_1,AT2
J-1900,all,71,38,3058,3138,25,88416,0,0,0,0,0,J,9,Capillary 2 cell,56,38,2,2,2_1,Capillary
J-1901,all,17,8,3389,2221,14,43384,0,0,0,0,0,J,3,Capillary 1 cell,31,8,7,7,7_2,PatrolMac
J-1904,all,52,34,2747,3283,27,82396,0,0,0,0,0,J,6,Innate lymphoid cell,51,34,7,7,7_2,PatrolMac
J-1906,all,36,23,1987,2489,22,76247,0,0,0,0,0,J,7,B cell,40,23,9,9,9,Bcell
J-1908,all,53,32,3182,2957,15,50445,0,0,0,0,0,J,6,CD8+ T cell,53,33,2,2,2_1,Capillary
J-1914,all,87,43,2711,3797,21,79434,0,0,0,0,0,J,20,Inflammatory monocyte,64,44,1,1,1_5_1,LymphaticEndo
J-1918,all,58,34,3153,2923,15,45879,0,0,0,0,0,J,18,Alveolar type 1 cell,55,34,6,6,6,AT1
J-1920,all,72,28,3138,2795,26,74082,425,0,425,0,1,J,14,Pericyte,52,28,5,5,5_1,Pericyte
J-1921,all,34,22,3204,3309,30,47577,0,0,0,0,0,J,8,Capillary 1 cell,41,22,7,7,7_3,Tcell (CD8)
J-1922,all,22,19,2085,2494,29,70255,0,0,0,0,0,J,5,Alveolar type 1 cell,42,19,7,7,7_2,PatrolMac
J-1923,all,55,26,3360,3371,13,87147,0,0,0,0,0,J,17,Pericyte,52,26,5,5,5_1,Pericyte
J-1926,all,53,36,3030,3066,12,44919,0,0,0,0,0,J,8,Capillary 1 cell,53,36,2,2,2_6,pDC
J-1927,all,68,31,3397,3640,25,69783,0,0,0,0,0,J,13,Capillary 1 cell,56,30,2,2,2_1,Capillary
J-1928,all,24,11,2088,2790,9,41139,0,0,0,0,0,J,9,Sox9+/Id2+ epithelial cell,42,13,2,2,2_3,Vein
J-1929,all,86,25,3571,2742,24,82454,14883,31066,1592,0.951252373,0.048747627,J,12,CD8+ T cell,58,24,7,7,7_2,PatrolMac
J-1931,all,80,28,2003,2750,36,55289,0,0,0,0,0,J,47,Alveolar type 2 cell,56,28,1,1,1_3,AT2
J-1936,all,95,33,3646,3216,15,52990,620,684,104,0.868020305,0.131979695,J,6,Capillary 2 cell,63,33,2,2,2_3,Vein
J-1940,all,24,18,2051,2361,13,29177,0,0,0,0,0,J,4,Alveolar fibroblast 1,38,20,1,1,1_5_1,LymphaticEndo
J-1941,all,99,21,3679,3546,25,41684,533154,258101,309406,0.454797914,0.545202086,J,2,Alveolar type 1 cell,58,19,1,1,1_6_2,Neutrophil
J-1943,all,293,40,3402,3567,32,80307,649625,511066,138559,0.786709255,0.213290745,J,107,Alveolar type 2 cell,52,10,1,1,1_3,AT2
J-1945,all,168,60,2873,3565,17,133217,1764,687,1077,0.389455782,0.610544218,J,33,Alveolar macrophage,52,29,8,8,8_1,AlveolarMac
J-1946,all,44,21,3246,3416,14,39881,0,0,0,0,0,J,7,Alveolar type 1 cell,45,21,6,6,6,AT1
J-1947,all,167,33,3053,3536,38,67070,23354,21418,1936,0.917101995,0.082898005,J,79,Alveolar type 2 cell,51,13,1,1,1_3,AT2
J-1948,all,108,28,3236,2412,19,84782,0,0,0,0,0,J,72,Alveolar type 2 cell,52,20,1,1,1_3,AT2
J-1949,all,40,23,3258,3724,30,83703,0,0,0,0,0,J,2,CD8+ T cell,43,24,2,2,2_2,InflamMac
J-1950,all,29,17,1939,2421,30,68368,0,0,0,0,0,J,11,B cell,41,17,2,2,2_1,Capillary
J-1953,all,39,18,3101,2651,35,70459,0,0,0,0,0,J,2,Natural killer cell,42,18,7,7,7_2,PatrolMac
J-1955,all,71,41,2319,2591,25,90563,0,0,0,0,0,J,26,Alveolar fibroblast 1,56,41,1,1,1_5_1,LymphaticEndo
J-1957,all,86,41,2645,3294,20,90572,0,0,0,0,0,J,20,Alveolar fibroblast 1,58,41,1,1,1_5_1,LymphaticEndo
J-1959,all,61,33,3436,2842,12,51784,0,0,0,0,0,J,7,Alveolar type 1 cell,55,33,8,8,8_2,InterstitialMac
J-1960,all,61,31,2974,3459,17,72454,104,0,104,0,1,J,5,Capillary 1 cell,56,33,2,2,2_5,DC
J-1964,all,8,8,2192,2543,18,52386,0,0,0,0,0,J,4,Pericyte,24,9,5,5,5_1,Pericyte
J-1965,all,40,26,3188,3256,35,47972,0,0,0,0,0,J,5,Alveolar type 1 cell,42,26,6,6,6,AT1
J-1966,all,33,20,3129,3193,24,58231,0,0,0,0,0,J,9,Capillary 1 cell,38,19,2,2,2_1,Capillary
J-1967,all,17,14,2665,3379,39,20260,0,0,0,0,0,J,2,Alveolar type 1 cell,35,14,6,6,6,AT1
J-1971,all,52,12,2036,2066,31,42759,0,0,0,0,0,J,39,Alveolar fibroblast 1,49,12,1,1,1_1,AT2
J-1972,all,49,28,3285,2852,29,52630,0,0,0,0,0,J,17,Arterial endothelial cell,49,28,2,2,2_4,Artery
J-1976,all,15,10,3369,2903,32,32201,0,0,0,0,0,J,3,Arterial endothelial cell,35,11,2,2,2_4,Artery
J-1977,all,112,32,3657,3569,18,49702,596440,295879,326880,0.475109954,0.524890046,J,7,Natural killer cell,55,23,2,2,2_2,InflamMac
J-1978,all,123,35,1959,2370,23,106150,0,0,0,0,0,J,84,Alveolar type 2 cell,42,11,1,1,1_1,AT2
J-1980,all,14,11,2812,3222,24,51363,0,0,0,0,0,J,2,B cell,30,11,2,2,2_6,pDC
J-1983,all,47,23,2365,1989,23,95029,0,0,0,0,0,J,7,Alveolar type 2 cell,47,23,1,1,1_3,AT2
J-1985,all,17,11,2172,2659,40,29246,0,0,0,0,0,J,8,B cell,38,11,9,9,9,Bcell
J-1986,all,30,18,3693,3149,27,42342,55,0,55,0,1,J,5,Pericyte,38,18,5,5,5_1,Pericyte
J-1990,all,132,27,2543,3119,15,63685,0,0,0,0,0,J,94,Alveolar type 2 cell,49,13,1,1,1_1,AT2
J-1993,all,49,24,3217,3417,12,31924,0,0,0,0,0,J,8,Alveolar type 1 cell,49,24,6,6,6,AT1
J-1995,all,75,38,2944,3398,25,81189,0,0,0,0,0,J,8,Inflammatory monocyte,57,38,2,2,2_3,Vein
J-1997,all,76,29,1986,2288,19,74979,0,0,0,0,0,J,54,Pericyte,54,29,5,5,5_1,Pericyte
J-1998,all,110,48,2586,3158,9,67758,0,0,0,0,0,J,54,Pericyte,52,32,5,5,5_1,Pericyte
J-2000,all,36,21,2402,3270,36,23133,0,0,0,0,0,J,8,Alveolar type 1 cell,41,21,6,6,6,AT1
J-2002,all,14,11,2734,3187,35,29067,0,0,0,0,0,J,5,Capillary 1 cell,29,10,2,2,2_1,Capillary
J-2004,all,52,8,2122,2409,33,37218,0,0,0,0,0,J,49,Alveolar type 2 cell,49,8,1,1,1_3,AT2
J-2009,all,48,29,2820,3270,27,66435,0,0,0,0,0,J,9,Capillary 1 cell,48,29,2,2,2_3,Vein
J-2015,all,26,13,2457,2161,20,65062,0,0,0,0,0,J,4,Natural killer cell,44,13,7,7,7_3,Tcell (CD8)
J-2016,all,33,19,3357,3039,34,69380,0,0,0,0,0,J,4,Capillary 1 cell,41,20,2,2,2_1,Capillary
J-2018,all,38,12,2480,2010,26,47840,0,0,0,0,0,J,30,Sox9+/Id2+ epithelial cell,46,13,3,3,3_1,SMC
J-2019,all,53,13,2800,3391,8,27818,5730,3901,1829,0.680802792,0.319197208,J,29,Sox9+/Id2+ epithelial cell,50,13,1,1,1_1,AT2
J-2020,all,14,9,2122,2369,13,45203,0,0,0,0,0,J,8,Alveolar type 2 cell,35,9,1,1,1_3,AT2
J-2022,all,72,28,3104,2023,20,81397,0,0,0,0,0,J,23,Alveolar type 1 cell,54,28,6,6,6,AT1
J-2024,all,45,24,2913,3551,26,48965,54,0,54,0,1,J,8,Capillary 1 cell,46,24,8,8,8_1,AlveolarMac
J-2025,all,74,27,3043,1991,15,82752,0,0,0,0,0,J,24,Alveolar macrophage,55,27,8,8,8_1,AlveolarMac
J-2026,all,41,7,2089,2414,23,53895,0,0,0,0,0,J,34,Sox9+/Id2+ epithelial cell,46,7,1,1,1_1,AT2
J-2029,all,27,19,3357,2783,13,57940,0,0,0,0,0,J,8,Pericyte,40,19,5,5,5_3,Pericyte
J-2030,all,39,16,2767,3380,11,17357,502,1594,0,1,0,J,21,Alveolar type 2 cell,43,16,1,1,1_1,AT2
J-2038,all,7,6,3457,2195,11,64728,0,0,0,0,0,J,2,Capillary 1 cell,26,9,2,2,2_1,Capillary
J-2043,all,37,27,3213,3558,12,44915,0,0,0,0,0,J,4,Innate lymphoid cell,40,27,1,1,1_5_1,LymphaticEndo
J-2044,all,50,29,2089,1986,25,93594,0,0,0,0,0,J,3,Secondary crest myofibroblast,50,30,2,2,2_1,Capillary
J-2046,all,19,12,2502,3288,14,37210,0,0,0,0,0,J,8,Pericyte,37,12,5,5,5_1,Pericyte
J-2050,all,26,17,3143,1994,29,67820,0,0,0,0,0,J,7,Endothelial progenitor cell,46,17,5,5,5_1,Pericyte
J-2053,all,93,49,2025,2148,22,70218,0,0,0,0,0,J,14,Alveolar fibroblast 1,62,48,1,1,1_5_2,AlveolarFib
J-2054,all,49,23,2370,2612,17,61109,0,0,0,0,0,J,18,Alveolar fibroblast 1,51,24,3,3,3_1,SMC
J-2056,all,40,23,3097,2798,32,35361,104,0,104,0,1,J,8,Capillary 1 cell,42,22,2,2,2_1,Capillary
J-2057,all,47,26,1942,2520,10,76285,0,0,0,0,0,J,14,Capillary 1 cell,47,26,2,2,2_6,pDC
J-2061,all,87,48,2794,3152,30,130240,0,0,0,0,0,J,17,Arterial endothelial cell,61,48,2,2,2_4,Artery
J-2062,all,15,10,1996,2420,27,55769,0,0,0,0,0,J,3,Capillary 2 cell,32,10,2,2,2_3,Vein
J-2063,all,108,46,3355,3481,31,77497,777,0,777,0,1,J,11,Alveolar macrophage,63,39,8,8,8_1,AlveolarMac
J-2064,all,83,40,3250,3036,23,94231,0,0,0,0,0,J,13,Arterial endothelial cell,59,40,2,2,2_4,Artery
J-2067,all,46,26,3580,3568,9,36303,0,0,0,0,0,J,9,Pericyte,46,26,5,5,5_3,Pericyte
J-2068,all,11,10,2067,3622,24,16105,0,0,0,0,0,J,4,Alveolar fibroblast 1,33,11,2,2,2_3,Vein
J-2069,all,42,25,2483,3240,12,60340,0,0,0,0,0,J,3,Capillary 1 cell,43,25,2,2,2_3,Vein
J-2070,all,71,32,2452,2090,21,102210,0,0,0,0,0,J,23,Capillary 2 cell,52,32,3,3,3_4,AdventitialFib
J-2074,all,27,19,2059,2319,27,70096,0,0,0,0,0,J,8,Alveolar fibroblast 1,45,19,2,2,2_1,Capillary
J-2077,all,18,14,2996,1957,17,25477,0,0,0,0,0,J,5,Capillary 1 cell,37,14,2,2,2_3,Vein
J-2078,all,15,12,2367,2838,25,20915,0,0,0,0,0,J,5,Capillary 1 cell,31,12,9,9,9,Bcell
J-2080,all,19,15,2495,2041,32,48810,0,0,0,0,0,J,5,Capillary 2 cell,40,15,2,2,2_6,pDC
J-2081,all,42,22,3205,3760,32,62464,0,0,0,0,0,J,2,Capillary 1 cell,43,22,2,2,2_1,Capillary
J-2082,all,8,7,2157,2715,35,15983,0,0,0,0,0,J,6,Alveolar type 1 cell,25,9,7,7,7_3,Tcell (CD8)
J-2083,all,84,46,3042,3019,25,94279,0,0,0,0,0,J,10,Capillary 2 cell,60,46,2,2,2_3,Vein
J-2084,all,35,20,2994,2660,20,41386,0,0,0,0,0,J,3,Capillary 1 cell,44,20,9,9,9,Bcell
J-2085,all,27,11,3645,3004,12,32032,0,0,0,0,0,J,3,CD4+ T cell,40,12,1,1,1_4_1,AlveolarFib
J-2086,all,212,61,3664,3619,23,126971,280836,26549,204111,0.115100147,0.884899853,J,18,Capillary 1 cell,51,27,2,2,2_1,Capillary
J-2090,all,159,34,3074,3343,17,68849,239384,75174,172395,0.30364868,0.69635132,J,42,Pericyte,53,17,1,1,1_3,AT2
J-2092,all,58,26,2038,2464,33,83173,0,0,0,0,0,J,11,Alveolar type 1 cell,53,26,6,6,6,AT1
J-2094,all,31,18,2472,3299,14,54515,0,0,0,0,0,J,4,Sox9+/Id2+ epithelial cell,42,18,5,5,5_1,Pericyte
J-2095,all,23,9,2959,1982,16,27054,0,0,0,0,0,J,19,Sox9+/Id2+ epithelial cell,43,9,2,2,2_1,Capillary
J-2098,all,14,13,3361,2954,35,39212,0,0,0,0,0,J,5,Arterial endothelial cell,28,13,3,3,3_6,SCMF
J-2099,all,32,22,2144,2552,14,51355,0,0,0,0,0,J,9,Endothelial progenitor cell,41,21,2,2,2_1,Capillary
J-2100,all,6,3,2762,3513,5,18875,0,0,0,0,0,J,4,Pericyte,18,6,5,5,5_1,Pericyte
J-2104,all,103,50,2904,3239,27,104527,0,0,0,0,0,J,21,Pericyte,54,36,5,5,5_1,Pericyte
J-2106,all,18,12,3737,2452,23,26832,0,0,0,0,0,J,4,Alveolar type 1 cell,38,12,6,6,6,AT1
J-2111,all,29,19,2204,2188,22,65831,0,0,0,0,0,J,4,B cell,39,19,9,9,9,Bcell
J-2113,all,9,7,3085,2571,38,36908,0,0,0,0,0,J,4,Endothelial progenitor cell,24,8,1,1,1_5_2,AlveolarFib
J-2114,all,29,20,3390,2928,31,39700,0,0,0,0,0,J,7,Pericyte,40,20,5,5,5_1,Pericyte
J-2115,all,14,5,2096,3704,7,10029,0,0,0,0,0,J,12,Alveolar type 2 cell,37,5,1,1,1_1,AT2
J-2120,all,86,33,2914,3359,16,76555,0,0,0,0,0,J,9,Alveolar fibroblast 1,58,33,1,1,1_5_1,LymphaticEndo
J-2123,all,77,42,2434,3303,23,70795,52,0,52,0,1,J,15,B cell,56,41,2,2,2_1,Capillary
J-2126,all,25,17,2041,2417,27,37468,0,0,0,0,0,J,2,Alveolar fibroblast 1,45,17,2,2,2_3,Vein
J-2128,all,25,21,2137,2593,17,46119,0,0,0,0,0,J,7,Mesothelial cell,46,21,6,6,6,AT1
J-2131,all,14,11,2188,2330,35,63867,0,0,0,0,0,J,5,B cell,28,11,9,9,9,Bcell
J-2132,all,29,10,2264,2509,12,45364,0,0,0,0,0,J,4,Inflammatory monocyte,43,11,2,2,2_2,InflamMac
J-2136,all,101,53,3223,2842,22,148416,0,0,0,0,0,J,17,Arterial endothelial cell,62,45,2,2,2_4,Artery
J-2137,all,36,24,3369,2285,29,49341,0,0,0,0,0,J,6,Capillary 1 cell,40,24,2,2,2_1,Capillary
J-2138,all,29,17,2659,3322,24,43783,0,0,0,0,0,J,9,Alveolar type 1 cell,38,17,1,1,1_5_4,pDC
J-2143,all,21,16,2037,3634,29,23365,0,0,0,0,0,J,3,Alveolar fibroblast 1,41,16,5,5,5_3,Pericyte
J-2146,all,10,9,2151,3494,31,20704,0,0,0,0,0,J,3,Natural killer cell,29,10,2,2,2_2,InflamMac
J-2147,all,63,23,2713,3424,8,53362,0,0,0,0,0,J,35,Capillary 1 cell,53,23,2,2,2_1,Capillary
J-2148,all,17,12,2326,2780,11,69982,0,0,0,0,0,J,2,CD4+ T cell,35,12,1,1,1_2_1,Tcell (CD4)
J-2150,all,30,21,2182,2751,29,49539,0,0,0,0,0,J,4,Alveolar type 2 cell,38,22,2,2,2_2,InflamMac
J-2151,all,36,20,2407,2552,28,43025,0,0,0,0,0,J,20,Alveolar type 2 cell,41,20,5,5,5_3,Pericyte
J-2153,all,98,10,3024,3338,20,27307,233375,202089,122539,0.622524859,0.377475141,J,29,Alveolar type 2 cell,56,9,1,1,1_1,AT2
J-2154,all,43,27,2311,2546,23,60926,0,0,0,0,0,J,15,Alveolar fibroblast 1,44,28,3,3,3_1,SMC
J-2155,all,72,28,3437,3362,16,84770,0,0,0,0,0,J,8,Inflammatory monocyte,57,27,2,2,2_1,Capillary
J-2157,all,43,15,3199,2442,32,48278,0,0,0,0,0,J,22,Sox9+/Id2+ epithelial cell,46,15,2,2,2_6,pDC
J-2162,all,80,36,1988,2189,27,105102,0,0,0,0,0,J,6,Mast cell,60,36,7,7,7_4,PatrolMac
J-2164,all,78,39,2155,2611,30,81132,0,0,0,0,0,J,20,B cell,53,39,6,6,6,AT1
J-2165,all,49,25,2205,2379,10,55659,0,0,0,0,0,J,14,Pericyte,49,25,5,5,5_1,Pericyte
J-2166,all,133,27,2044,3689,15,90127,0,0,0,0,0,J,106,Alveolar type 2 cell,48,11,1,1,1_3,AT2
J-2169,all,83,43,3632,3133,21,56675,0,0,0,0,0,J,12,Alveolar fibroblast 1,61,43,2,2,2_1,Capillary
J-2171,all,11,8,3204,3689,7,14440,0,0,0,0,0,J,3,Capillary 1 cell,27,8,2,2,2_1,Capillary
J-2177,all,64,22,1958,2323,17,82278,0,0,0,0,0,J,44,Sox9+/Id2+ epithelial cell,53,22,1,1,1_3,AT2
J-2178,all,114,52,3174,2891,22,94462,0,0,0,0,0,J,32,Vascular smooth muscle cell,47,34,3,3,3_2,SMC
J-2180,all,59,30,3447,2736,11,59704,0,0,0,0,0,J,6,Innate lymphoid cell,56,30,1,1,1_3,AT2
J-2181,all,47,28,2678,3766,19,32935,0,0,0,0,0,J,11,Interstitial macrophage,47,28,8,8,8_3,InterstitialMac
J-2183,all,19,10,3189,2492,8,32587,0,0,0,0,0,J,2,Alveolar type 2 cell,39,11,2,2,2_2,InflamMac
J-2184,all,142,61,2017,3592,23,84959,0,0,0,0,0,J,27,Alveolar fibroblast 1,40,26,1,1,1_5_1,LymphaticEndo
J-2185,all,73,33,2086,2031,25,96882,0,0,0,0,0,J,19,B cell,58,34,2,2,2_1,Capillary
J-2186,all,42,18,3419,3720,4,9053,23484,13036,13690,0.487764723,0.512235277,J,13,Alveolar type 2 cell,46,19,3,3,3_5,SMC
J-2188,all,103,32,3067,2058,22,126850,0,0,0,0,0,J,66,Alveolar type 2 cell,54,23,1,1,1_1,AT2
J-2191,all,36,14,2539,3367,8,51866,0,0,0,0,0,J,18,B cell,42,14,9,9,9,Bcell
J-2195,all,98,53,3280,3063,22,110272,0,0,0,0,0,J,24,Vascular smooth muscle cell,63,49,3,3,3_2,SMC
J-2196,all,40,20,3065,2814,35,55909,0,0,0,0,0,J,5,Capillary 1 cell,43,20,2,2,2_1,Capillary
J-2197,all,29,22,2077,2380,13,57009,0,0,0,0,0,J,2,Pericyte,38,22,5,5,5_3,Pericyte
J-2198,all,23,17,3261,2820,27,67674,0,0,0,0,0,J,9,Alveolar fibroblast 1,42,18,3,3,3_2,SMC
J-2200,all,47,26,2675,3552,11,73846,0,0,0,0,0,J,17,Capillary 1 cell,47,26,2,2,2_3,Vein
J-2201,all,46,23,3401,2885,28,63206,0,0,0,0,0,J,9,Alveolar type 2 cell,46,23,1,1,1_5_2,AlveolarFib
J-2203,all,63,31,2931,3287,17,65053,0,0,0,0,0,J,9,Capillary 1 cell,52,32,2,2,2_2,InflamMac
J-2207,all,20,12,2175,2475,12,41588,0,0,0,0,0,J,4,Natural killer cell,37,12,7,7,7_3,Tcell (CD8)
J-2209,all,45,22,3616,3552,7,27544,0,0,0,0,0,J,4,Sox9+/Id2+ epithelial cell,49,23,1,1,1_6_2,Neutrophil
J-2212,all,82,26,3201,2393,27,75176,0,0,0,0,0,J,16,Alveolar type 1 cell,56,26,6,6,6,AT1
J-2213,all,76,43,2145,2505,26,128830,0,0,0,0,0,J,8,Alveolar fibroblast 1,55,43,3,3,3_4,AdventitialFib
J-2214,all,26,14,2959,2675,25,68727,0,0,0,0,0,J,5,Capillary 1 cell,45,14,2,2,2_3,Vein
J-2215,all,24,19,3322,3424,8,33255,0,0,0,0,0,J,4,Capillary 1 cell,37,20,2,2,2_1,Capillary
J-2216,all,38,22,3166,3297,34,44319,0,0,0,0,0,J,6,Capillary 1 cell,42,22,2,2,2_1,Capillary
J-2220,all,28,21,3110,3304,36,54233,0,0,0,0,0,J,3,Alveolar type 1 cell,44,20,2,2,2_1,Capillary
J-2222,all,237,37,3546,2774,21,103077,185777,140991,26794,0.840307536,0.159692464,J,40,Alveolar type 2 cell,55,10,1,1,1_3,AT2
J-2225,all,22,14,3705,2446,25,39187,0,0,0,0,0,J,3,Alveolar type 1 cell,40,14,6,6,6,AT1
J-2226,all,39,26,3671,3127,28,49040,0,0,0,0,0,J,6,Airway smooth muscle cell,41,26,2,2,2_3,Vein
J-2229,all,67,38,3638,3100,19,56725,0,0,0,0,0,J,7,Endothelial progenitor cell,59,37,2,2,2_1,Capillary
J-2230,all,34,17,2387,2041,13,31396,0,0,0,0,0,J,14,Alveolar fibroblast 1,43,18,3,3,3_1,SMC
J-2232,all,8,7,3052,3634,11,26888,0,0,0,0,0,J,2,Sox9+/Id2+ epithelial cell,27,7,2,2,2_3,Vein
J-2238,all,55,34,2360,2559,28,41284,0,0,0,0,0,J,11,Innate lymphoid cell,54,34,1,1,1_5_1,LymphaticEndo
J-2240,all,6,6,3627,2664,17,34179,0,0,0,0,0,J,2,B cell,21,9,9,9,9,Bcell
J-2243,all,93,45,1987,2817,32,124151,0,0,0,0,0,J,11,Sox9+/Id2+ epithelial cell,61,45,2,2,2_3,Vein
J-2244,all,31,18,3368,2247,21,35633,0,0,0,0,0,J,4,Alveolar fibroblast 1,39,19,3,3,3_1,SMC
J-2246,all,34,21,2997,3503,33,42363,0,0,0,0,0,J,4,Capillary 1 cell,43,21,2,2,2_3,Vein
J-2247,all,104,43,3447,3675,16,89752,4414,0,1172,0,1,J,15,Alveolar type 2 cell,58,34,2,2,2_1,Capillary
J-2248,all,47,15,2143,3703,11,57468,0,0,0,0,0,J,34,Alveolar type 2 cell,48,15,1,1,1_1,AT2
J-2250,all,28,20,2175,3705,13,38784,0,0,0,0,0,J,10,Alveolar type 2 cell,48,19,2,2,2_1,Capillary
J-2252,all,27,19,3595,2724,21,57342,0,0,0,0,0,J,4,Capillary 1 cell,46,18,2,2,2_1,Capillary
J-2254,all,31,8,2010,2085,34,36411,0,0,0,0,0,J,26,Sox9+/Id2+ epithelial cell,44,9,3,3,3_5,SMC
J-2256,all,68,32,3175,3160,26,99965,0,0,0,0,0,J,17,Pericyte,55,32,5,5,5_1,Pericyte
J-2258,all,62,27,3468,3373,30,63902,0,0,0,0,0,J,10,Capillary 1 cell,54,27,2,2,2_3,Vein
J-2263,all,22,15,3024,3491,36,27004,0,0,0,0,0,J,3,Sox9+/Id2+ epithelial cell,40,15,7,7,7_2,PatrolMac
J-2264,all,166,55,3735,3551,25,76295,453228,56997,318963,0.151603894,0.848396106,J,17,B cell,51,23,1,1,1_3,AT2
J-2266,all,13,8,2154,1957,12,37523,0,0,0,0,0,J,4,Alveolar fibroblast 1,33,9,1,1,1_4_3,AlveolarFib
J-2268,all,36,22,3320,3479,32,16297,8073,6841,903,0.883393595,0.116606405,J,16,Alveolar macrophage,40,22,8,8,8_1,AlveolarMac
J-2269,all,15,5,2979,1976,7,12953,0,0,0,0,0,J,12,Alveolar type 2 cell,38,5,1,1,1_3,AT2
J-2270,all,83,29,3350,3669,17,84138,0,0,0,0,0,J,10,Capillary 1 cell,56,29,2,2,2_1,Capillary
J-2271,all,32,16,3265,3458,16,25085,0,0,0,0,0,J,4,Alveolar type 1 cell,43,16,6,6,6,AT1
J-2275,all,119,33,3062,3382,22,36325,406122,251340,206737,0.548685046,0.451314954,J,26,Pericyte,54,18,2,2,2_1,Capillary
J-2278,all,19,12,2948,1962,23,33171,0,0,0,0,0,J,5,Sox9+/Id2+ epithelial cell,39,12,2,2,2_1,Capillary
J-2280,all,7,5,3401,2694,6,16076,0,0,0,0,0,J,2,Venous endothelial cell,30,7,2,2,2_3,Vein
J-2282,all,248,55,3262,3356,22,125558,7231,0,6513,0,1,J,37,Alveolar macrophage,53,19,8,8,8_1,AlveolarMac
J-2285,all,21,15,3178,3011,33,20695,0,0,0,0,0,J,10,Sox9+/Id2+ epithelial cell,39,15,3,3,3_6,SCMF
J-2286,all,27,20,1823,2786,29,30230,0,0,0,0,0,J,6,Alveolar type 1 cell,41,20,6,6,6,AT1
J-2288,all,70,29,3232,3217,26,97545,0,0,0,0,0,J,13,Capillary 1 cell,54,28,2,2,2_1,Capillary
J-2289,all,57,28,2853,3310,12,90089,0,0,0,0,0,J,8,Secondary crest myofibroblast,52,29,2,2,2_2,InflamMac
J-2291,all,20,12,2296,2568,13,26548,0,0,0,0,0,J,9,Alveolar type 2 cell,42,13,2,2,2_2,InflamMac
J-2295,all,26,15,2920,2010,33,86107,0,0,0,0,0,J,13,Alveolar type 2 cell,45,16,3,3,3_1,SMC
J-2299,all,16,12,2422,2042,13,26694,0,0,0,0,0,J,2,Alveolar fibroblast 1,35,13,1,1,1_4_1,AlveolarFib
J-2300,all,96,11,3032,3377,22,24869,274169,74803,140335,0.347697757,0.652302243,J,19,Alveolar type 2 cell,58,11,1,1,1_3,AT2
J-2303,all,19,12,2779,3403,6,8740,0,0,0,0,0,J,11,Alveolar type 2 cell,39,12,1,1,1_3,AT2
J-2304,all,12,10,3049,3431,38,10516,225,0,225,0,1,J,5,Natural killer cell,27,10,2,2,2_3,Vein
J-2305,all,29,19,2684,3332,26,35292,0,0,0,0,0,J,2,Arterial endothelial cell,42,20,2,2,2_4,Artery
J-2311,all,16,13,2337,2619,15,28575,0,0,0,0,0,J,6,Alveolar fibroblast 1,33,14,2,2,2_1,Capillary
J-2312,all,52,16,2743,3399,9,32512,2751,550,1109,0.331525015,0.668474985,J,37,Alveolar type 2 cell,50,16,1,1,1_3,AT2
J-2319,all,44,25,2082,2752,25,39629,0,0,0,0,0,J,23,B cell,45,25,5,5,5_1,Pericyte
J-2321,all,17,12,2470,2056,28,33497,0,0,0,0,0,J,4,Alveolar type 1 cell,41,13,2,2,2_1,Capillary
J-2323,all,21,6,3329,2742,11,15184,0,0,0,0,0,J,15,Alveolar type 2 cell,43,6,1,1,1_1,AT2
J-2325,all,11,9,2406,2013,11,21848,0,0,0,0,0,J,5,Alveolar fibroblast 1,30,10,1,1,1_5_1,LymphaticEndo
J-2328,all,12,9,2084,3646,24,15005,0,0,0,0,0,J,3,Sox9+/Id2+ epithelial cell,34,9,2,2,2_3,Vein
J-2331,all,56,30,3392,5302,24,74852,0,0,0,0,0,J,11,Alveolar fibroblast 1,53,31,1,1,1_5_1,LymphaticEndo
J-2332,all,18,11,2779,5294,13,35405,0,0,0,0,0,J,3,Alveolar fibroblast 1,36,11,2,2,2_1,Capillary
J-2333,all,49,16,2744,5222,32,68272,0,0,0,0,0,J,12,Alveolar type 1 cell,49,16,6,6,6,AT1
J-2334,all,75,25,3648,5372,18,112822,0,0,0,0,0,J,39,Alveolar fibroblast 2,58,26,3,3,3_1,SMC
J-2337,all,31,19,2531,5251,36,45738,0,0,0,0,0,J,8,B cell,40,19,9,9,9,Bcell
J-2338,all,86,32,3532,3981,15,83143,0,0,0,0,0,J,18,Natural killer cell,61,32,7,7,7_4,PatrolMac
J-2340,all,57,24,1952,3965,15,55265,0,0,0,0,0,J,25,Capillary 1 cell,51,23,2,2,2_1,Capillary
J-2344,all,180,31,3503,4081,18,64849,254788,142516,130670,0.521681199,0.478318801,J,32,Alveolar type 2 cell,54,13,3,3,3_4,AdventitialFib
J-2346,all,81,30,3539,4050,19,39647,87336,40056,54106,0.425394533,0.574605467,J,11,Venous endothelial cell,57,30,2,2,2_3,Vein
J-2349,all,23,14,2658,4505,20,33388,0,0,0,0,0,J,15,Inflammatory monocyte,43,14,5,5,5_3,Pericyte
J-2352,all,46,21,2588,5383,24,69773,0,0,0,0,0,J,20,Capillary 1 cell,47,23,2,2,2_1,Capillary
J-2354,all,22,18,3474,5178,27,67097,0,0,0,0,0,J,3,B cell,41,18,7,7,7_2,PatrolMac
J-2356,all,50,23,2961,5285,13,90796,0,0,0,0,0,J,4,B cell,50,23,7,7,7_2,PatrolMac
J-2357,all,142,24,3225,3869,13,65470,50615,38994,11725,0.768824306,0.231175694,J,46,Alveolar type 2 cell,50,8,1,1,1_1,AT2
J-2358,all,32,13,2728,5103,37,30354,0,0,0,0,0,J,6,Alveolar type 1 cell,42,13,6,6,6,AT1
J-2359,all,99,10,2612,5341,15,70772,0,0,0,0,0,J,86,Alveolar type 2 cell,51,9,1,1,1_3,AT2
J-2360,all,125,37,3657,5529,15,95426,0,0,0,0,0,J,69,Alveolar type 2 cell,44,17,1,1,1_1,AT2
J-2362,all,24,17,2416,5636,29,66557,0,0,0,0,0,J,3,Alveolar fibroblast 1,39,16,2,2,2_1,Capillary
J-2363,all,20,10,3437,4829,12,38139,0,0,0,0,0,J,2,Alveolar fibroblast 1,37,10,1,1,1_5_1,LymphaticEndo
J-2369,all,54,23,2507,5448,21,63491,52,0,52,0,1,J,6,Inflammatory monocyte,53,23,7,7,7_2,PatrolMac
J-2371,all,116,31,3434,5081,21,93376,5869,0,5869,0,1,J,46,Pericyte,52,18,5,5,5_3,Pericyte
J-2372,all,90,35,3685,4018,17,76630,3168,0,3168,0,1,J,7,B cell,63,35,9,9,9,Bcell
J-2373,all,42,28,3230,5536,28,81479,0,0,0,0,0,J,13,Alveolar fibroblast 1,44,29,2,2,2_4,Artery
J-2374,all,14,7,3639,5614,17,58561,0,0,0,0,0,J,6,Venous endothelial cell,38,9,2,2,2_3,Vein
J-2375,all,87,38,3109,4616,26,98072,330,381,0,1,0,J,35,Pericyte,58,38,5,5,5_3,Pericyte
J-2376,all,41,23,2491,5636,33,71576,0,0,0,0,0,J,11,Arterial endothelial cell,44,23,2,2,2_1,Capillary
J-2377,all,76,27,3359,4389,18,50888,17171,60,17111,0.003494264,0.996505736,J,17,Alveolar fibroblast 1,57,28,3,3,3_1,SMC
J-2378,all,77,25,2304,4937,21,56574,0,0,0,0,0,J,51,Sox9+/Id2+ epithelial cell,55,25,9,9,9,Bcell
J-2379,all,9,7,2553,4562,10,13123,0,0,0,0,0,J,6,Alveolar fibroblast 1,25,7,3,3,3_4,AdventitialFib
J-2380,all,75,28,2111,3969,17,84269,0,0,0,0,0,J,28,Alveolar type 1 cell,52,28,2,2,2_6,pDC
J-2381,all,13,10,3170,4546,15,20886,0,0,0,0,0,J,2,Lymphatic endothelial cell,32,10,2,2,2_6,pDC
J-2384,all,17,10,2539,5600,35,40090,0,0,0,0,0,J,2,Arterial endothelial cell,40,11,2,2,2_4,Artery
J-2385,all,17,13,2875,5325,20,67747,0,0,0,0,0,J,5,Arterial endothelial cell,35,13,2,2,2_4,Artery
J-2386,all,127,18,2393,5473,29,78206,0,0,0,0,0,J,107,Alveolar type 2 cell,47,7,1,1,1_1,AT2
J-2387,all,33,13,2691,4489,19,38816,0,0,0,0,0,J,17,Capillary 1 cell,45,13,2,2,2_1,Capillary
J-2388,all,15,11,2134,4475,18,47835,0,0,0,0,0,J,2,Innate lymphoid cell,36,13,2,2,2_5,DC
J-2389,all,167,48,3736,4011,32,78800,5243,5142,101,0.98073622,0.01926378,J,14,Alveolar macrophage,52,19,8,8,8_1,AlveolarMac
J-2390,all,124,31,3537,4020,23,46981,44250,3930,34678,0.101792375,0.898207625,J,26,CD8+ T cell,49,14,2,2,2_1,Capillary
J-2392,all,81,23,2235,4529,28,74761,0,0,0,0,0,J,57,Sox9+/Id2+ epithelial cell,54,23,1,1,1_1,AT2
J-2394,all,20,11,2893,4023,6,14618,0,0,0,0,0,J,3,Alveolar type 1 cell,39,12,1,1,1_4_1,AlveolarFib
J-2395,all,48,27,2243,5124,25,111526,51,51,0,1,0,J,26,Pericyte,48,27,5,5,5_1,Pericyte
J-2398,all,19,15,3261,4476,26,33477,0,0,0,0,0,J,3,Alveolar type 1 cell,40,15,2,2,2_1,Capillary
J-2401,all,74,31,3624,4559,38,50471,0,0,0,0,0,J,12,Arterial endothelial cell,53,31,6,6,6,AT1
J-2402,all,38,25,2582,5232,30,82757,0,0,0,0,0,J,9,B cell,40,25,7,7,7_2,PatrolMac
J-2403,all,26,15,2053,5328,14,49160,0,0,0,0,0,J,10,Mesothelial cell,45,15,3,3,3_3,AdventitialFib
J-2405,all,89,36,3602,4026,23,57946,1446,0,1446,0,1,J,5,Inflammatory monocyte,56,34,3,3,3_3,AdventitialFib
J-2406,all,37,18,3609,5154,28,82181,0,0,0,0,0,J,5,Neutrophil,42,18,2,2,2_3,Vein
J-2407,all,26,13,2775,5258,19,43384,0,0,0,0,0,J,4,Alveolar type 1 cell,45,13,6,6,6,AT1
J-2409,all,128,56,3459,4074,16,83087,2989,543,2446,0.181666109,0.818333891,J,18,Capillary 1 cell,41,21,2,2,2_1,Capillary
J-2411,all,33,18,2274,4889,24,55877,0,0,0,0,0,J,15,Alveolar type 2 cell,43,18,5,5,5_3,Pericyte
J-2412,all,91,17,2988,5547,23,62851,0,0,0,0,0,J,77,Alveolar type 2 cell,54,15,1,1,1_1,AT2
J-2413,all,41,14,2039,3928,15,41988,0,0,0,0,0,J,11,Endothelial progenitor cell,46,14,6,6,6,AT1
J-2417,all,60,31,2956,4064,22,87300,0,0,0,0,0,J,13,CD8+ T cell,53,32,2,2,2_2,InflamMac
J-2420,all,114,32,2955,5423,24,95188,0,0,0,0,0,J,81,Alveolar type 2 cell,50,18,5,5,5_3,Pericyte
J-2423,all,26,16,3037,4468,35,42975,0,0,0,0,0,J,3,Alveolar fibroblast 1,44,16,2,2,2_3,Vein
J-2424,all,33,18,2282,5456,38,22506,0,0,0,0,0,J,7,Alveolar fibroblast 1,41,18,6,6,6,AT1
J-2427,all,193,61,2731,4224,29,114150,0,0,0,0,0,J,123,Alveolar fibroblast 1,47,24,1,1,1_1,AT2
J-2428,all,31,19,2024,5350,21,58952,0,0,0,0,0,J,5,Alveolar type 1 cell,40,19,6,6,6,AT1
J-2429,all,108,23,3704,4207,13,64549,7669,2719,7245,0.272882377,0.727117623,J,17,Pericyte,58,19,5,5,5_3,Pericyte
J-2430,all,23,20,1943,3877,18,36433,0,0,0,0,0,J,2,Endothelial progenitor cell,43,20,2,2,2_6,pDC
J-2431,all,13,5,2633,5374,6,13044,0,0,0,0,0,J,8,Sox9+/Id2+ epithelial cell,37,5,1,1,1_1,AT2
J-2434,all,43,13,2200,5123,31,46642,0,0,0,0,0,J,24,Sox9+/Id2+ epithelial cell,45,13,1,1,1_1,AT2
J-2439,all,33,6,2081,5243,9,35085,0,0,0,0,0,J,28,Alveolar type 2 cell,45,6,1,1,1_1,AT2
J-2441,all,15,11,2089,4472,16,77090,0,0,0,0,0,J,6,T regulatory cell,30,11,7,7,7_4,PatrolMac
J-2442,all,6,6,2023,3861,6,6353,0,0,0,0,0,J,2,Alveolar fibroblast 1,24,8,1,1,1_5_2,AlveolarFib
J-2443,all,16,13,2711,5273,27,80162,0,0,0,0,0,J,3,Pulmonary neuroendocrine cell,35,14,2,2,2_2,InflamMac
J-2444,all,37,14,3382,5109,34,56643,0,0,0,0,0,J,3,Venous endothelial cell,42,15,1,1,1_4_1,AlveolarFib
J-2445,all,19,9,3590,5657,6,19072,0,0,0,0,0,J,11,Inflammatory monocyte,36,10,2,2,2_2,InflamMac
J-2446,all,12,9,3069,4787,16,58969,0,0,0,0,0,J,6,Pericyte,31,9,5,5,5_1,Pericyte
J-2450,all,47,22,3534,5281,18,84378,0,0,0,0,0,J,19,Sox9+/Id2+ epithelial cell,47,22,2,2,2_6,pDC
J-2451,all,48,22,3549,5207,29,74641,0,0,0,0,0,J,12,Alveolar macrophage,48,22,8,8,8_1,AlveolarMac
J-2452,all,102,33,3674,4312,19,76978,0,0,0,0,0,J,4,Alveolar fibroblast 1,59,29,1,1,1_4_1,AlveolarFib
J-2458,all,48,26,3594,4256,10,47494,0,0,0,0,0,J,8,Capillary 1 cell,48,26,2,2,2_1,Capillary
J-2461,all,18,9,3089,4861,35,66978,0,0,0,0,0,J,7,B cell,33,9,9,9,9,Bcell
J-2463,all,16,12,2814,5247,23,45957,0,0,0,0,0,J,7,Pericyte,34,12,5,5,5_1,Pericyte
J-2464,all,11,9,2098,3855,4,8961,0,0,0,0,0,J,2,Alveolar type 1 cell,32,9,6,6,6,AT1
J-2467,all,28,9,3653,4601,17,40756,0,0,0,0,0,J,2,Alveolar fibroblast 1,42,9,3,3,3_4,AdventitialFib
J-2468,all,93,13,3730,4270,7,22976,328356,80893,255549,0.240436687,0.759563313,J,14,Sox9+/Id2+ epithelial cell,58,12,1,1,1_3,AT2
J-2469,all,88,21,2471,4612,18,59747,0,0,0,0,0,J,66,Alveolar type 2 cell,54,21,1,1,1_1,AT2
J-2473,all,47,24,2412,4588,21,68216,0,0,0,0,0,J,15,Alveolar fibroblast 1,47,24,1,1,1_5_1,LymphaticEndo
J-2475,all,40,27,2813,5176,32,70864,0,0,0,0,0,J,9,Capillary 1 cell,42,27,6,6,6,AT1
J-2476,all,71,28,2449,5186,22,98463,0,0,0,0,0,J,11,CD8+ T cell,55,28,7,7,7_3,Tcell (CD8)
J-2477,all,37,19,2508,5233,31,31450,0,0,0,0,0,J,7,B cell,43,19,6,6,6,AT1
J-2478,all,78,27,3079,3927,22,91765,0,0,0,0,0,J,21,Sox9+/Id2+ epithelial cell,52,26,2,2,2_3,Vein
J-2479,all,97,51,3625,4372,24,120291,134,0,134,0,1,J,14,CD8+ T cell,66,49,7,7,7_2,PatrolMac
J-2482,all,90,34,2107,5371,24,95906,0,0,0,0,0,J,50,Alveolar type 2 cell,60,34,2,2,2_6,pDC
J-2484,all,24,13,2710,4467,23,27112,0,0,0,0,0,J,8,Endothelial progenitor cell,42,13,2,2,2_6,pDC
J-2485,all,9,6,3518,5161,32,30889,0,0,0,0,0,J,2,Pericyte,23,7,5,5,5_3,Pericyte
J-2487,all,111,16,3470,5011,21,42996,15401,1525,15289,0.090698228,0.909301772,J,44,Alveolar type 2 cell,56,13,1,1,1_3,AT2
J-2488,all,42,31,3190,4575,21,90732,0,0,0,0,0,J,7,Venous endothelial cell,44,33,2,2,2_5,DC
J-2489,all,30,15,2963,4432,13,55653,0,0,0,0,0,J,5,Alveolar type 2 cell,41,16,2,2,2_2,InflamMac
J-2490,all,56,12,3725,3861,7,22348,52,0,52,0,1,J,3,Arterial endothelial cell,53,13,2,2,2_4,Artery
J-2491,all,29,20,2361,4931,25,73971,0,0,0,0,0,J,11,Alveolar type 2 cell,38,20,7,7,7_2,PatrolMac
J-2492,all,47,17,2444,5439,20,34900,0,0,0,0,0,J,27,Sox9+/Id2+ epithelial cell,47,18,2,2,2_1,Capillary
J-2493,all,40,18,2698,5127,37,34970,0,0,0,0,0,J,14,Alveolar type 1 cell,43,18,6,6,6,AT1
J-2494,all,49,22,3016,3935,37,42029,0,0,0,0,0,J,16,Alveolar macrophage,49,22,8,8,8_1,AlveolarMac
J-2496,all,7,4,2615,5162,31,24058,0,0,0,0,0,J,4,Mast cell,18,7,7,7,7_4,PatrolMac
J-2498,all,52,32,2689,3833,23,76423,0,0,0,0,0,J,13,Arterial endothelial cell,52,32,2,2,2_4,Artery
J-2501,all,127,14,3749,4577,11,30087,140596,116907,40575,0.742351507,0.257648493,J,32,Ciliated cell,54,7,1,1,1_1,AT2
J-2502,all,7,6,3241,4941,16,25179,0,0,0,0,0,J,2,Inflammatory monocyte,24,9,3,3,3_4,AdventitialFib
J-2503,all,16,11,2518,5142,12,47131,0,0,0,0,0,J,7,B cell,30,11,9,9,9,Bcell
J-2504,all,62,32,3386,4395,11,39181,499,374,125,0.749498998,0.250501002,J,6,Pericyte,57,32,2,2,2_3,Vein
J-2506,all,166,35,3720,4623,24,90843,320741,179237,137732,0.565471702,0.434528298,J,25,Alveolar type 2 cell,53,14,1,1,1_3,AT2
J-2507,all,8,4,3752,4509,4,11148,0,0,0,0,0,J,4,Sox9+/Id2+ epithelial cell,34,6,1,1,1_1,AT2
J-2510,all,207,27,3146,3923,17,100829,63785,54438,9347,0.853460845,0.146539155,J,80,Alveolar type 2 cell,53,7,1,1,1_1,AT2
J-2512,all,22,15,2257,5211,33,75443,0,0,0,0,0,J,10,B cell,39,15,9,9,9,Bcell
J-2513,all,11,7,2039,3901,8,11294,0,0,0,0,0,J,4,Mesothelial cell,31,7,3,3,3_3,AdventitialFib
J-2514,all,7,5,2758,4961,10,13912,0,0,0,0,0,J,2,Capillary 1 cell,32,5,2,2,2_1,Capillary
J-2516,all,90,27,3406,5444,25,105649,0,0,0,0,0,J,57,Alveolar type 2 cell,58,26,1,1,1_1,AT2
J-2517,all,37,30,2840,5339,21,46053,0,0,0,0,0,J,8,Arterial endothelial cell,42,31,2,2,2_4,Artery
J-2519,all,13,6,3014,5558,19,17383,0,0,0,0,0,J,9,Alveolar type 2 cell,37,6,1,1,1_1,AT2
J-2520,all,55,29,2989,5492,20,90992,0,0,0,0,0,J,7,Sox9+/Id2+ epithelial cell,53,29,1,1,1_3,AT2
J-2521,all,14,6,3077,5549,12,45790,0,0,0,0,0,J,9,Sox9+/Id2+ epithelial cell,37,6,1,1,1_1,AT2
J-2525,all,58,33,2858,4041,13,49913,0,0,0,0,0,J,4,Innate lymphoid cell,58,34,1,1,1_4_1,AlveolarFib
J-2526,all,48,23,3527,4879,20,79500,0,0,0,0,0,J,7,Pericyte,48,23,5,5,5_3,Pericyte
J-2529,all,48,29,2100,4427,23,87962,0,0,0,0,0,J,7,Inflammatory monocyte,48,29,2,2,2_6,pDC
J-2530,all,42,18,3043,5537,14,45751,0,0,0,0,0,J,23,Alveolar type 2 cell,43,18,1,1,1_3,AT2
J-2531,all,50,21,3260,5039,23,86623,0,0,0,0,0,J,10,Alveolar fibroblast 1,51,22,1,1,1_5_1,LymphaticEndo
J-2532,all,47,27,2896,5574,20,85823,0,0,0,0,0,J,21,Capillary 1 cell,50,28,2,2,2_1,Capillary
J-2534,all,8,6,3262,4920,14,23764,0,0,0,0,0,J,4,Sox9+/Id2+ epithelial cell,30,7,5,5,5_1,Pericyte
J-2536,all,9,5,3315,5431,15,27686,0,0,0,0,0,J,4,Secondary crest myofibroblast,26,6,1,1,1_3,AT2
J-2537,all,100,28,2239,5542,16,62522,0,0,0,0,0,J,60,Alveolar type 2 cell,57,24,1,1,1_3,AT2
J-2538,all,32,21,2745,5040,27,79211,0,0,0,0,0,J,4,Alveolar type 1 cell,40,21,6,6,6,AT1
J-2539,all,28,14,2165,5580,24,36728,0,0,0,0,0,J,10,Capillary 1 cell,43,14,9,9,9,Bcell
J-2540,all,20,9,2400,5170,30,76990,0,0,0,0,0,J,7,Capillary 1 cell,39,9,2,2,2_3,Vein
J-2542,all,36,25,2150,5106,25,94018,0,0,0,0,0,J,11,B cell,40,25,7,7,7_4,PatrolMac
J-2544,all,57,26,2963,4591,31,32401,0,0,0,0,0,J,13,Alveolar macrophage,54,26,8,8,8_1,AlveolarMac
J-2545,all,36,18,2977,4538,24,58965,0,0,0,0,0,J,12,Pericyte,43,18,5,5,5_1,Pericyte
J-2547,all,14,11,2061,4485,13,47063,0,0,0,0,0,J,2,Innate lymphoid cell,31,11,7,7,7_2,PatrolMac
J-2548,all,8,7,3285,4962,15,39703,0,0,0,0,0,J,2,Venous endothelial cell,24,8,2,2,2_3,Vein
J-2549,all,74,17,3648,5185,32,88836,0,0,0,0,0,J,62,Alveolar type 2 cell,54,18,3,3,3_1,SMC
J-2550,all,34,15,2589,4253,11,30091,0,0,0,0,0,J,21,Sox9+/Id2+ epithelial cell,42,15,2,2,2_1,Capillary
J-2552,all,62,30,2172,4467,25,113383,0,0,0,0,0,J,28,B cell,56,30,9,9,9,Bcell
J-2553,all,53,24,2301,4787,11,103820,0,0,0,0,0,J,7,Capillary 1 cell,52,25,2,2,2_2,InflamMac
J-2554,all,31,12,3486,4833,17,62891,0,0,0,0,0,J,2,Alveolar type 1 cell,40,13,1,1,1_4_1,AlveolarFib
J-2555,all,29,18,3230,4987,28,62834,0,0,0,0,0,J,5,Alveolar fibroblast 1,38,18,2,2,2_6,pDC
J-2556,all,30,20,2578,5306,26,70807,0,0,0,0,0,J,5,Neutrophil,41,22,2,2,2_5,DC
J-2559,all,135,31,2879,4495,13,61993,0,0,0,0,0,J,91,Sox9+/Id2+ epithelial cell,48,15,1,1,1_1,AT2
J-2560,all,35,19,3163,3830,11,27787,106,0,106,0,1,J,6,Alveolar fibroblast 1,44,19,1,1,1_5_2,AlveolarFib
J-2563,all,93,26,2947,4509,22,81248,0,0,0,0,0,J,63,Alveolar type 2 cell,57,25,1,1,1_3,AT2
J-2564,all,21,10,3612,3889,12,28835,0,0,0,0,0,J,2,Capillary 2 cell,39,10,2,2,2_6,pDC
J-2565,all,21,10,3643,4631,37,25173,0,0,0,0,0,J,2,Alveolar type 1 cell,40,10,6,6,6,AT1
J-2566,all,88,24,3442,5028,21,76494,1535,0,122,0,1,J,29,Alveolar fibroblast 1,59,24,1,1,1_1,AT2
J-2569,all,6,4,2090,5201,27,12389,0,0,0,0,0,J,3,Venous endothelial cell,26,6,2,2,2_3,Vein
J-2570,all,31,15,3351,5407,16,74427,0,0,0,0,0,J,16,Sox9+/Id2+ epithelial cell,42,15,8,8,8_1,AlveolarMac
J-2572,all,7,6,2678,5481,34,42988,0,0,0,0,0,J,2,Endothelial progenitor cell,27,8,6,6,6,AT1
J-2573,all,29,14,2475,5441,32,40051,0,0,0,0,0,J,16,Sox9+/Id2+ epithelial cell,45,13,2,2,2_1,Capillary
J-2575,all,22,10,2889,4990,5,10259,0,0,0,0,0,J,9,Alveolar type 1 cell,40,10,6,6,6,AT1
J-2576,all,27,21,3434,5257,18,59333,0,0,0,0,0,J,4,Alveolar fibroblast 1,42,21,1,1,1_5_1,LymphaticEndo
J-2577,all,13,12,2439,4034,38,23994,0,0,0,0,0,J,4,B cell,32,12,9,9,9,Bcell
J-2579,all,22,17,2165,5138,17,72558,0,0,0,0,0,J,3,Arterial endothelial cell,40,17,7,7,7_2,PatrolMac
J-2590,all,30,15,2350,4901,20,46319,0,0,0,0,0,J,17,Alveolar type 1 cell,40,15,6,6,6,AT1
J-2593,all,9,8,3267,5084,40,14833,0,0,0,0,0,J,3,Alveolar fibroblast 1,27,8,2,2,2_6,pDC
J-2594,all,50,21,3211,5447,18,51160,0,0,0,0,0,J,31,Alveolar type 2 cell,49,21,1,1,1_1,AT2
J-2595,all,59,25,2464,4508,21,101631,0,0,0,0,0,J,21,Capillary 1 cell,54,24,2,2,2_1,Capillary
J-2596,all,20,14,2258,5566,26,22963,0,0,0,0,0,J,4,Alveolar fibroblast 1,42,14,1,1,1_4_1,AlveolarFib
J-2601,all,14,10,3343,5380,11,29973,0,0,0,0,0,J,4,Pericyte,30,10,5,5,5_3,Pericyte
J-2602,all,16,11,2008,3909,15,18504,0,0,0,0,0,J,4,Alveolar type 1 cell,32,11,6,6,6,AT1
J-2603,all,156,39,3462,4871,24,103851,2644,185,2459,0.069969743,0.930030257,J,15,Sox9+/Id2+ epithelial cell,57,23,8,8,8_1,AlveolarMac
J-2609,all,62,17,3488,5274,7,46155,0,0,0,0,0,J,35,Alveolar type 2 cell,53,17,1,1,1_1,AT2
J-2610,all,25,10,3511,5035,8,55258,0,0,0,0,0,J,2,B cell,42,10,9,9,9,Bcell
J-2611,all,29,19,2223,5407,30,83497,0,0,0,0,0,J,9,Capillary 1 cell,37,19,1,1,1_3,AT2
J-2612,all,138,35,2838,5070,30,89440,0,0,0,0,0,J,93,Alveolar type 2 cell,44,14,1,1,1_1,AT2
J-2613,all,53,30,2401,5577,15,75454,0,0,0,0,0,J,16,Arterial endothelial cell,51,31,2,2,2_1,Capillary
J-2617,all,54,17,2134,5279,15,98273,0,0,0,0,0,J,15,Alveolar type 1 cell,51,17,6,6,6,AT1
J-2618,all,36,21,2816,5316,17,51184,0,0,0,0,0,J,11,Alveolar fibroblast 1,43,22,2,2,2_4,Artery
J-2619,all,15,10,1982,3844,11,18088,0,0,0,0,0,J,3,Alveolar fibroblast 1,35,11,1,1,1_5_1,LymphaticEndo
J-2620,all,8,4,3679,5434,5,18444,0,0,0,0,0,J,4,Pericyte,24,6,5,5,5_3,Pericyte
J-2621,all,71,40,2988,4573,24,76117,0,0,0,0,0,J,15,Inflammatory monocyte,54,40,8,8,8_1,AlveolarMac
J-2626,all,91,35,3645,4019,14,53893,485,0,485,0,1,J,6,CD4+ T cell,62,35,7,7,7_2,PatrolMac
J-2628,all,20,10,2251,4070,22,88246,0,0,0,0,0,J,3,Capillary 1 cell,37,10,2,2,2_1,Capillary
J-2631,all,25,17,2305,4712,26,29479,0,0,0,0,0,J,4,Arterial endothelial cell,46,17,2,2,2_3,Vein
J-2632,all,33,10,3239,5476,14,47987,0,0,0,0,0,J,25,Alveolar type 2 cell,44,10,1,1,1_1,AT2
J-2633,all,15,9,2289,4508,32,12439,0,0,0,0,0,J,3,Alveolar fibroblast 1,37,9,1,1,1_5_4,pDC
J-2635,all,16,13,1984,3882,10,39758,0,0,0,0,0,J,2,Endothelial progenitor cell,35,14,2,2,2_1,Capillary
J-2638,all,24,4,3192,5464,11,31194,0,0,0,0,0,J,18,Sox9+/Id2+ epithelial cell,45,4,1,1,1_1,AT2
J-2639,all,36,17,3147,4545,12,61879,0,0,0,0,0,J,10,Alveolar fibroblast 1,43,17,1,1,1_5_1,LymphaticEndo
J-2647,all,71,18,3210,5047,12,64439,0,0,0,0,0,J,6,Natural killer cell,53,18,7,7,7_4,PatrolMac
J-2648,all,8,7,2019,3889,5,9823,0,0,0,0,0,J,3,Alveolar type 1 cell,23,8,6,6,6,AT1
J-2649,all,37,15,2581,4215,17,52464,0,0,0,0,0,J,16,Sox9+/Id2+ epithelial cell,44,15,2,2,2_3,Vein
J-2650,all,24,16,2928,5249,23,69191,0,0,0,0,0,J,5,Alveolar type 2 cell,45,16,1,1,1_5_2,AlveolarFib
J-2652,all,61,16,2479,5221,33,58025,0,0,0,0,0,J,6,Alveolar type 1 cell,52,16,6,6,6,AT1
J-2657,all,29,12,3476,5226,18,34232,0,0,0,0,0,J,13,Alveolar type 2 cell,41,12,2,2,2_3,Vein
J-2659,all,26,13,3407,5042,10,28368,0,0,0,0,0,J,2,Alveolar macrophage,42,13,8,8,8_1,AlveolarMac
J-2661,all,19,13,2859,5376,36,68457,0,0,0,0,0,J,7,B cell,39,13,9,9,9,Bcell
J-2663,all,10,5,3197,3859,5,7344,104,0,0,0,0,J,3,Alveolar type 2 cell,32,5,1,1,1_1,AT2
J-2665,all,10,5,3403,5083,12,25175,0,0,0,0,0,J,4,Sox9+/Id2+ epithelial cell,23,5,8,8,8_3,InterstitialMac
J-2666,all,26,14,3441,5294,17,34167,0,0,0,0,0,J,12,Alveolar type 2 cell,46,14,2,2,2_6,pDC
J-2667,all,17,12,2498,5171,22,44584,0,0,0,0,0,J,5,B cell,34,12,7,7,7_2,PatrolMac
J-2669,all,8,5,2639,5137,29,28124,0,0,0,0,0,J,5,Proliferative mesenchymal progenitor cell,28,6,6,6,6,AT1
J-2670,all,88,27,3622,4957,26,81166,9894,51,9843,0.005154639,0.994845361,J,6,Sox9+/Id2+ epithelial cell,61,26,1,1,1_3,AT2
J-2675,all,31,19,2007,3838,9,23932,0,0,0,0,0,J,9,Sox9+/Id2+ epithelial cell,41,20,1,1,1_4_3,AlveolarFib
J-2678,all,116,22,3079,4581,24,91861,2091,1192,848,0.584313725,0.415686275,J,57,Pericyte,49,12,2,2,2_3,Vein
J-2681,all,7,7,2772,5024,22,25810,0,0,0,0,0,J,2,B cell,24,10,2,2,2_6,pDC
J-2688,all,30,7,3716,4535,9,16261,777,0,777,0,1,J,6,Sox9+/Id2+ epithelial cell,42,7,1,1,1_3,AT2
J-2689,all,17,11,2408,5538,37,13811,0,0,0,0,0,J,10,Alveolar type 1 cell,37,11,6,6,6,AT1
J-2696,all,39,21,3194,3823,21,48241,0,0,0,0,0,J,6,Sox9+/Id2+ epithelial cell,45,21,2,2,2_1,Capillary
J-2699,all,10,9,2838,5219,25,37208,0,0,0,0,0,J,3,Pericyte,25,9,5,5,5_3,Pericyte
J-2705,all,24,10,2600,5301,16,31045,0,0,0,0,0,J,17,B cell,42,12,2,2,2_1,Capillary
J-2712,all,20,15,3549,6231,17,72945,0,0,0,0,0,J,3,Sox9+/Id2+ epithelial cell,40,14,2,2,2_1,Capillary
J-2713,all,14,10,3349,6085,33,50975,0,0,0,0,0,J,4,Alveolar type 2 cell,35,10,1,1,1_3,AT2
J-2714,all,38,23,3442,7254,9,75643,0,0,0,0,0,J,4,Capillary 2 cell,42,24,2,2,2_1,Capillary
J-2716,all,14,7,3274,6344,30,19067,0,0,0,0,0,J,4,Alveolar type 1 cell,36,7,6,6,6,AT1
J-2717,all,61,35,3372,7188,29,79178,0,0,0,0,0,J,12,Capillary 1 cell,58,36,2,2,2_1,Capillary
J-2719,all,28,20,2258,6820,22,92174,443,0,443,0,1,J,6,Pericyte,41,20,5,5,5_1,Pericyte
J-2721,all,102,27,3579,6299,29,96010,0,0,0,0,0,J,4,Alveolar type 1 cell,52,19,6,6,6,AT1
J-2723,all,75,28,2023,6088,21,83072,0,0,0,0,0,J,14,Alveolar macrophage,54,28,8,8,8_1,AlveolarMac
J-2728,all,102,47,1947,6880,14,104048,0,0,0,0,0,J,24,Alveolar macrophage,63,39,8,8,8_1,AlveolarMac
J-2731,all,44,19,3496,6214,20,76545,0,0,0,0,0,J,10,Alveolar macrophage,45,19,8,8,8_1,AlveolarMac
J-2732,all,10,9,3079,6665,9,23664,0,0,0,0,0,J,3,Endothelial progenitor cell,29,9,6,6,6,AT1
J-2733,all,31,20,2502,6427,17,92575,0,0,0,0,0,J,9,Pericyte,39,20,5,5,5_1,Pericyte
J-2734,all,13,10,2960,7119,8,23786,0,0,0,0,0,J,2,Capillary 1 cell,35,10,2,2,2_6,pDC
J-2735,all,27,18,3043,7264,14,36058,0,0,0,0,0,J,6,Interstitial macrophage,39,18,8,8,8_3,InterstitialMac
J-2738,all,46,31,3632,7359,15,62019,0,0,0,0,0,J,2,Alveolar fibroblast 1,48,32,1,1,1_4_1,AlveolarFib
J-2739,all,10,7,1963,5717,38,25558,0,0,0,0,0,J,4,Sox9+/Id2+ epithelial cell,33,7,1,1,1_3,AT2
J-2741,all,45,17,3637,7287,17,78377,0,0,0,0,0,J,31,Sox9+/Id2+ epithelial cell,47,17,2,2,2_1,Capillary
J-2743,all,35,20,3523,7404,14,42725,0,0,0,0,0,J,4,Pericyte,42,20,5,5,5_1,Pericyte
J-2745,all,29,22,3149,7210,32,42724,0,0,0,0,0,J,2,B cell,36,22,5,5,5_3,Pericyte
J-2748,all,17,5,2226,6877,17,24639,0,0,0,0,0,J,10,Alveolar type 2 cell,40,6,2,2,2_2,InflamMac
J-2749,all,65,32,2141,7007,21,89233,0,0,0,0,0,J,11,Capillary 1 cell,56,33,1,1,1_4_1,AlveolarFib
J-2750,all,27,20,2100,6747,17,71253,0,0,0,0,0,J,8,Pericyte,43,20,5,5,5_1,Pericyte
J-2751,all,43,23,3064,6050,20,120515,0,0,0,0,0,J,5,Alveolar fibroblast 1,45,24,3,3,3_5,SMC
J-2753,all,93,27,2272,6921,12,68682,2743,0,2743,0,1,J,65,Alveolar type 2 cell,57,26,1,1,1_3,AT2
J-2755,all,61,18,2130,5872,17,108036,0,0,0,0,0,J,43,Alveolar type 2 cell,53,19,2,2,2_1,Capillary
J-2757,all,36,20,3687,7300,10,54106,0,0,0,0,0,J,3,Sox9+/Id2+ epithelial cell,42,20,2,2,2_3,Vein
J-2760,all,57,12,2512,6250,17,38255,0,0,0,0,0,J,46,Alveolar type 2 cell,51,12,1,1,1_3,AT2
J-2761,all,19,11,3174,6026,14,41854,0,0,0,0,0,J,5,Alveolar type 1 cell,39,11,6,6,6,AT1
J-2762,all,35,17,2600,6558,18,82580,0,0,0,0,0,J,5,Alveolar type 1 cell,42,17,6,6,6,AT1
J-2763,all,13,10,2329,7338,22,25866,0,0,0,0,0,J,3,CD8+ T cell,31,10,3,3,3_3,AdventitialFib
J-2768,all,45,21,3747,6774,19,69515,0,0,0,0,0,J,4,Inflammatory monocyte,46,22,2,2,2_2,InflamMac
J-2769,all,55,18,3146,6729,15,42489,0,0,0,0,0,J,37,Alveolar type 2 cell,52,18,1,1,1_3,AT2
J-2770,all,50,31,2364,7401,14,47463,0,0,0,0,0,J,4,Interstitial macrophage,50,31,8,8,8_3,InterstitialMac
J-2771,all,41,16,2121,7109,11,30342,0,0,0,0,0,J,24,Alveolar type 2 cell,45,16,1,1,1_1,AT2
J-2773,all,42,16,3511,7437,20,29466,0,0,0,0,0,J,26,Sox9+/Id2+ epithelial cell,45,16,1,1,1_1,AT2
J-2774,all,11,7,3175,6594,10,26121,0,0,0,0,0,J,5,Proliferative mesenchymal progenitor cell,32,8,3,3,3_1,SMC
J-2776,all,40,31,3628,6608,22,75787,0,0,0,0,0,J,4,Inflammatory monocyte,41,31,2,2,2_1,Capillary
J-2778,all,9,4,2082,6467,12,24158,0,0,0,0,0,J,6,Capillary 2 cell,31,5,1,1,1_1,AT2
J-2783,all,55,14,2094,6818,32,41924,0,0,0,0,0,J,36,Alveolar type 2 cell,50,14,1,1,1_3,AT2
J-2786,all,21,6,3293,5893,14,71530,0,0,0,0,0,J,15,Sox9+/Id2+ epithelial cell,43,6,1,1,1_3,AT2
J-2788,all,60,20,2812,6015,25,110828,0,0,0,0,0,J,41,Alveolar fibroblast 2,54,20,1,1,1_3,AT2
J-2789,all,6,4,2429,5733,8,23144,0,0,0,0,0,J,4,CD4+ T cell,22,7,6,6,6,AT1
J-2794,all,25,18,2421,7356,16,27790,0,0,0,0,0,J,3,Interstitial macrophage,43,18,8,8,8_3,InterstitialMac
J-2795,all,30,14,2273,6596,20,81284,0,0,0,0,0,J,7,Alveolar type 1 cell,41,14,6,6,6,AT1
J-2796,all,59,14,2580,7203,24,47975,0,0,0,0,0,J,46,Alveolar type 2 cell,51,14,1,1,1_3,AT2
J-2799,all,62,26,2067,5762,25,125252,0,0,0,0,0,J,26,Alveolar type 2 cell,53,26,1,1,1_3,AT2
J-2800,all,36,16,3244,6361,23,48326,0,0,0,0,0,J,7,Alveolar type 1 cell,41,16,9,9,9,Bcell
J-2802,all,18,13,3310,7214,23,43478,0,0,0,0,0,J,2,Proliferative mesenchymal progenitor cell,37,13,6,6,6,AT1
J-2804,all,17,8,2041,6467,35,26732,0,0,0,0,0,J,10,Alveolar type 2 cell,39,8,1,1,1_1,AT2
J-2805,all,15,13,3110,6095,12,22275,0,0,0,0,0,J,6,Ciliated cell,31,13,6,6,6,AT1
J-2806,all,15,9,2279,7387,17,13869,0,0,0,0,0,J,2,Mesothelial cell,33,9,3,3,3_3,AdventitialFib
J-2808,all,6,4,3457,6001,16,58908,0,0,0,0,0,J,3,Alveolar macrophage,20,7,7,7,7_4,PatrolMac
J-2809,all,17,13,2648,6592,21,43819,0,0,0,0,0,J,3,Alveolar macrophage,34,13,1,1,1_2_3,Tcell (CD4)
J-2810,all,15,9,3192,6822,13,28374,0,0,0,0,0,J,2,Endothelial progenitor cell,36,9,3,3,3_4,AdventitialFib
J-2811,all,41,14,3347,6046,31,66397,0,0,0,0,0,J,26,Alveolar type 2 cell,44,14,1,1,1_3,AT2
J-2815,all,59,27,2396,5953,27,94450,0,0,0,0,0,J,26,Alveolar type 2 cell,55,27,1,1,1_3,AT2
J-2816,all,28,14,2204,6907,14,60095,0,0,0,0,0,J,15,Alveolar type 2 cell,42,15,2,2,2_2,InflamMac
J-2819,all,26,15,3680,5986,26,90634,0,0,0,0,0,J,3,Arterial endothelial cell,43,15,2,2,2_4,Artery
J-2820,all,35,19,3598,7371,14,64806,0,0,0,0,0,J,2,Natural killer cell,41,19,7,7,7_3,Tcell (CD8)
J-2827,all,6,4,2356,6463,33,33118,0,0,0,0,0,J,2,Inflammatory monocyte,32,5,1,1,1_1,AT2
J-2829,all,8,7,3224,5952,12,29878,0,0,0,0,0,J,3,Inflammatory monocyte,28,8,5,5,5_3,Pericyte
J-2830,all,20,15,3056,7233,25,30039,0,0,0,0,0,J,6,Mesothelial cell,41,15,3,3,3_3,AdventitialFib
J-2833,all,27,21,3194,7061,33,83761,0,0,0,0,0,J,3,Alveolar macrophage,42,22,1,1,1_4_1,AlveolarFib
J-2834,all,45,26,3612,5842,28,110030,0,0,0,0,0,J,11,Alveolar macrophage,45,26,8,8,8_1,AlveolarMac
J-2835,all,71,21,2630,7182,20,60019,0,0,0,0,0,J,47,Alveolar type 2 cell,53,21,1,1,1_1,AT2
J-2837,all,18,9,2225,7447,11,24519,0,0,0,0,0,J,7,Mesothelial cell,35,9,3,3,3_3,AdventitialFib
J-2841,all,10,9,2057,6149,22,95773,0,0,0,0,0,J,4,B cell,21,9,5,5,5_3,Pericyte
J-2842,all,35,25,3195,5673,18,121314,0,0,0,0,0,J,7,B cell,37,25,7,7,7_2,PatrolMac
J-2844,all,50,24,2489,6274,27,60638,0,0,0,0,0,J,21,Alveolar type 2 cell,49,24,1,1,1_1,AT2
J-2845,all,26,10,2842,5678,14,56797,0,0,0,0,0,J,5,Arterial endothelial cell,42,11,2,2,2_1,Capillary
J-2846,all,12,7,3370,6299,36,24790,0,0,0,0,0,J,3,Alveolar type 1 cell,31,7,6,6,6,AT1
J-2847,all,19,9,3132,6763,14,16928,0,0,0,0,0,J,11,Alveolar type 2 cell,38,9,1,1,1_3,AT2
J-2848,all,70,16,3192,5913,22,57430,0,0,0,0,0,J,53,Alveolar type 2 cell,53,16,1,1,1_1,AT2
J-2851,all,14,10,2862,6078,36,43756,0,0,0,0,0,J,2,Alveolar fibroblast 1,35,11,1,1,1_4_1,AlveolarFib
J-2852,all,57,34,3001,7158,27,89531,0,0,0,0,0,J,16,Sox9+/Id2+ epithelial cell,54,34,1,1,1_3,AT2
J-2856,all,62,25,3443,6253,22,138870,0,0,0,0,0,J,36,Alveolar type 2 cell,53,25,3,3,3_4,AdventitialFib
J-2857,all,11,10,3623,5676,11,72791,0,0,0,0,0,J,2,Endothelial progenitor cell,32,11,2,2,2_1,Capillary
J-2859,all,43,21,2588,6183,26,110406,0,0,0,0,0,J,14,Capillary 1 cell,44,21,1,1,1_3,AT2
J-2863,all,37,19,3256,7311,14,47560,0,0,0,0,0,J,2,Alveolar fibroblast 1,41,19,3,3,3_3,AdventitialFib
J-2865,all,12,3,2446,6496,37,19924,0,0,0,0,0,J,2,Alveolar type 1 cell,39,3,6,6,6,AT1
J-2867,all,11,11,3032,7212,21,35104,0,0,0,0,0,J,2,Mesothelial cell,33,11,3,3,3_3,AdventitialFib
J-2868,all,32,15,3633,6358,19,75231,0,0,0,0,0,J,2,Natural killer cell,43,16,2,2,2_2,InflamMac
J-2869,all,18,10,3182,6557,8,20138,0,0,0,0,0,J,2,Alveolar type 1 cell,38,10,6,6,6,AT1
J-2872,all,27,23,3606,6483,14,72428,0,0,0,0,0,J,4,Capillary 2 cell,48,23,2,2,2_1,Capillary
J-2875,all,66,26,2049,6504,23,142422,0,0,0,0,0,J,30,Inflammatory monocyte,56,26,7,7,7_2,PatrolMac
J-2876,all,9,8,2123,7385,30,41840,0,0,0,0,0,J,2,Sox9+/Id2+ epithelial cell,29,9,3,3,3_4,AdventitialFib
J-2877,all,19,11,2999,7246,25,19416,0,0,0,0,0,J,7,Interstitial macrophage,34,11,8,8,8_3,InterstitialMac
J-2881,all,46,24,2094,5916,15,121644,0,0,0,0,0,J,18,Pericyte,47,24,5,5,5_3,Pericyte
J-2884,all,40,18,2176,7131,11,45081,0,0,0,0,0,J,12,Inflammatory monocyte,45,20,2,2,2_5,DC
J-2885,all,30,19,2007,7104,17,74351,0,0,0,0,0,J,12,Alveolar type 2 cell,39,19,1,1,1_1,AT2
J-2888,all,16,13,3084,6777,28,55982,0,0,0,0,0,J,5,Pericyte,32,13,5,5,5_3,Pericyte
J-2890,all,10,7,3632,5727,22,82037,0,0,0,0,0,J,6,Pericyte,27,7,5,5,5_1,Pericyte
J-2893,all,22,16,3572,7519,9,30483,0,0,0,0,0,J,3,Alveolar fibroblast 1,41,16,7,7,7_3,Tcell (CD8)
J-2894,all,27,11,2723,5912,15,91029,0,0,0,0,0,J,4,Endothelial progenitor cell,42,13,2,2,2_1,Capillary
J-2897,all,46,19,3686,6678,20,78089,0,0,0,0,0,J,2,Capillary 1 cell,47,19,2,2,2_3,Vein
J-2899,all,13,11,3480,7230,5,15632,0,0,0,0,0,J,2,Alveolar fibroblast 1,33,12,3,3,3_1,SMC
J-2903,all,22,16,3611,7543,9,25173,0,0,0,0,0,J,3,Alveolar fibroblast 1,41,17,3,3,3_5,SMC
J-2904,all,14,13,3174,6814,15,19925,0,0,0,0,0,J,2,Mast cell,31,13,7,7,7_2,PatrolMac
J-2909,all,32,10,3219,6010,36,49687,0,0,0,0,0,J,9,Alveolar type 1 cell,43,10,6,6,6,AT1
J-2910,all,25,20,2185,7082,8,32099,0,0,0,0,0,J,4,Capillary 1 cell,44,20,2,2,2_3,Vein
J-2911,all,15,11,3035,6650,13,37723,0,0,0,0,0,J,5,Capillary 1 cell,30,11,6,6,6,AT1
J-2912,all,32,15,2303,6584,9,39115,0,0,0,0,0,J,8,Alveolar type 1 cell,41,15,6,6,6,AT1
J-2913,all,9,5,2997,7270,21,15160,0,0,0,0,0,J,2,Sox9+/Id2+ epithelial cell,28,6,8,8,8_3,InterstitialMac
J-2917,all,8,4,2653,7206,35,17630,0,0,0,0,0,J,2,Proliferative mesenchymal progenitor cell,29,6,2,2,2_6,pDC
J-2919,all,30,14,3263,6316,33,50879,0,0,0,0,0,J,6,Alveolar type 1 cell,40,14,6,6,6,AT1
J-2924,all,43,9,1960,7125,9,44329,0,0,0,0,0,J,36,Alveolar type 2 cell,46,9,1,1,1_1,AT2
J-2925,all,24,15,2285,7357,26,37971,0,0,0,0,0,J,4,Mesothelial cell,43,15,3,3,3_3,AdventitialFib
J-2926,all,34,13,3189,7206,31,32164,0,0,0,0,0,J,24,Alveolar type 2 cell,43,13,1,1,1_3,AT2
J-2927,all,42,13,3083,6835,12,75940,0,0,0,0,0,J,6,Alveolar type 1 cell,45,13,6,6,6,AT1
J-2929,all,30,21,3678,6287,18,81177,0,0,0,0,0,J,5,Capillary 1 cell,38,20,2,2,2_1,Capillary
J-2930,all,59,12,2136,6287,31,60470,0,0,0,0,0,J,47,Alveolar type 2 cell,50,12,1,1,1_1,AT2
J-2931,all,9,9,3476,7049,37,28133,0,0,0,0,0,J,4,Vascular smooth muscle cell,31,10,2,2,2_1,Capillary
J-2937,all,14,11,2669,6540,11,33469,0,0,0,0,0,J,2,Alveolar fibroblast 1,31,12,1,1,1_4_1,AlveolarFib
J-2939,all,30,20,3605,6205,25,73803,0,0,0,0,0,J,3,Capillary 1 cell,39,21,2,2,2_1,Capillary
J-2943,all,17,6,2259,5837,31,25577,0,0,0,0,0,J,5,Alveolar type 1 cell,40,6,6,6,6,AT1
J-2944,all,17,10,3430,6054,23,91713,0,0,0,0,0,J,4,Pericyte,36,10,5,5,5_1,Pericyte
J-2945,all,25,18,3440,7112,13,47771,0,0,0,0,0,J,4,Endothelial progenitor cell,44,17,2,2,2_1,Capillary
J-2946,all,10,8,2650,6121,37,72800,0,0,0,0,0,J,2,Sox9+/Id2+ epithelial cell,31,8,1,1,1_3,AT2
J-2947,all,14,6,2465,6403,12,46368,0,0,0,0,0,J,5,Alveolar type 1 cell,35,6,6,6,6,AT1
J-2948,all,22,13,3153,6837,12,31048,0,0,0,0,0,J,4,Sox9+/Id2+ epithelial cell,43,13,8,8,8_2,InterstitialMac
J-2950,all,39,13,3473,7438,22,57290,0,0,0,0,0,J,28,Alveolar type 2 cell,45,13,3,3,3_5,SMC
J-2953,all,17,14,2125,7364,21,41959,0,0,0,0,0,J,5,B cell,33,14,9,9,9,Bcell
J-2956,all,16,10,2262,7434,18,17746,0,0,0,0,0,J,7,Mesothelial cell,34,10,3,3,3_3,AdventitialFib
J-2957,all,53,32,2240,6946,10,42267,0,0,0,0,0,J,8,Alveolar type 2 cell,53,32,2,2,2_3,Vein
J-2959,all,35,19,2170,6721,15,97436,0,0,0,0,0,J,12,Pericyte,43,19,5,5,5_3,Pericyte
J-2965,all,15,8,2502,6220,24,41637,0,0,0,0,0,J,9,Alveolar fibroblast 1,39,10,2,2,2_4,Artery
J-2966,all,46,25,2877,7075,26,48328,0,0,0,0,0,J,22,Pericyte,46,25,5,5,5_3,Pericyte
J-2968,all,39,10,3226,5898,23,37994,0,0,0,0,0,J,27,Alveolar type 2 cell,46,10,1,1,1_3,AT2
J-2973,all,25,19,2843,7090,21,75117,0,0,0,0,0,J,5,Alveolar macrophage,47,19,1,1,1_2_3,Tcell (CD4)
J-2974,all,20,13,3085,7275,6,20682,0,0,0,0,0,J,2,Endothelial progenitor cell,37,13,8,8,8_2,InterstitialMac
J-2975,all,48,22,3214,5764,30,110666,0,0,0,0,0,J,9,Inflammatory monocyte,51,24,2,2,2_5,DC
J-2978,all,22,15,3513,7251,9,49182,0,0,0,0,0,J,3,Natural killer cell,44,16,2,2,2_2,InflamMac
J-2979,all,24,17,2142,6010,18,79083,0,0,0,0,0,J,3,Natural killer cell,45,18,2,2,2_2,InflamMac
J-2984,all,13,7,3709,5802,21,99075,0,0,0,0,0,J,7,Sox9+/Id2+ epithelial cell,38,7,1,1,1_1,AT2
J-2988,all,52,14,2474,6221,16,68612,0,0,0,0,0,J,42,Ciliated cell,49,14,1,1,1_1,AT2
J-2989,all,49,28,3095,7224,20,68798,0,0,0,0,0,J,5,Alveolar fibroblast 2,49,28,3,3,3_3,AdventitialFib
J-2990,all,37,9,2213,5851,28,58412,0,0,0,0,0,J,7,Alveolar type 1 cell,45,9,6,6,6,AT1
J-2992,all,46,22,2176,6295,16,81540,0,0,0,0,0,J,26,Pericyte,46,22,5,5,5_1,Pericyte
J-2993,all,131,58,2061,7116,21,142237,0,0,0,0,0,J,20,Pericyte,42,27,5,5,5_1,Pericyte
J-2994,all,32,17,2046,7475,16,54342,0,0,0,0,0,J,7,Secondary crest myofibroblast,44,18,3,3,3_1,SMC
J-2996,all,38,11,3662,6596,28,23703,0,0,0,0,0,J,31,Alveolar type 2 cell,45,11,1,1,1_3,AT2
J-2997,all,49,20,2432,5947,31,64856,0,0,0,0,0,J,30,Alveolar type 2 cell,48,20,1,1,1_1,AT2
J-2999,all,25,13,2103,7143,33,39473,0,0,0,0,0,J,10,Alveolar type 2 cell,45,13,1,1,1_1,AT2
J-3000,all,29,21,2133,6978,32,50064,0,0,0,0,0,J,5,CD8+ T cell,37,21,2,2,2_2,InflamMac
J-3003,all,11,9,2366,7319,24,18211,0,0,0,0,0,J,3,Mesothelial cell,27,9,3,3,3_3,AdventitialFib
J-3005,all,29,15,3491,6041,23,126043,0,0,0,0,0,J,14,CD8+ T cell,38,16,3,3,3_1,SMC
J-3006,all,60,28,3219,7230,17,71269,0,0,0,0,0,J,20,Alveolar type 2 cell,54,29,3,3,3_5,SMC
J-3010,all,21,17,3325,7249,17,39884,0,0,0,0,0,J,2,Capillary 1 cell,40,17,2,2,2_3,Vein
J-3014,all,26,14,2700,5794,11,101806,0,0,0,0,0,J,8,Pericyte,42,14,5,5,5_1,Pericyte
J-3015,all,25,19,3574,7449,20,68111,0,0,0,0,0,J,6,Pericyte,45,19,5,5,5_1,Pericyte
J-3017,all,22,14,3446,5933,13,46275,0,0,0,0,0,J,3,Alveolar fibroblast 1,42,15,1,1,1_4_1,AlveolarFib
J-3019,all,15,4,3122,6740,11,19105,0,0,0,0,0,J,10,Sox9+/Id2+ epithelial cell,42,4,1,1,1_1,AT2
J-3023,all,38,19,2405,5789,21,80690,0,0,0,0,0,J,4,Innate lymphoid cell,47,20,1,1,1_4_1,AlveolarFib
J-3024,all,14,9,2727,5711,21,30139,0,0,0,0,0,J,5,Arterial endothelial cell,32,9,2,2,2_4,Artery
J-3026,all,7,3,2735,5685,16,31195,0,0,0,0,0,J,5,Arterial endothelial cell,25,6,2,2,2_4,Artery
J-3027,all,25,17,2226,6668,14,93381,0,0,0,0,0,J,4,Alveolar fibroblast 1,47,17,1,1,1_4_1,AlveolarFib
J-3031,all,36,12,3130,6052,19,92887,0,0,0,0,0,J,6,Alveolar type 1 cell,45,12,6,6,6,AT1
J-3035,all,22,12,3130,7176,33,47222,0,0,0,0,0,J,5,CD8+ T cell,41,12,7,7,7_2,PatrolMac
J-3037,all,20,14,3492,5947,16,65598,0,0,0,0,0,J,2,Alveolar fibroblast 1,42,14,2,2,2_3,Vein
J-3041,all,11,5,2440,6432,7,35613,0,0,0,0,0,J,5,Alveolar type 1 cell,34,5,6,6,6,AT1
J-3042,all,13,11,3591,7414,18,33958,0,0,0,0,0,J,4,Pericyte,26,12,3,3,3_5,SMC
J-3046,all,40,18,2303,7463,25,43869,0,0,0,0,0,J,7,Mesothelial cell,43,18,3,3,3_4,AdventitialFib
J-3047,all,56,23,2034,6833,32,72198,0,0,0,0,0,J,25,CD4+ T cell,53,24,2,2,2_2,InflamMac
J-3053,all,14,11,2396,7373,11,19882,0,0,0,0,0,J,3,Alveolar macrophage,27,11,8,8,8_1,AlveolarMac
J-3058,all,18,7,2133,7129,28,15575,0,0,0,0,0,J,12,Alveolar type 2 cell,39,7,1,1,1_1,AT2
J-3061,all,11,7,2427,6763,17,31695,0,0,0,0,0,J,2,CD8+ T cell,34,8,2,2,2_2,InflamMac
J-3062,all,10,3,2754,6451,13,10516,0,0,0,0,0,J,8,Sox9+/Id2+ epithelial cell,37,3,1,1,1_1,AT2
J-3069,all,7,6,3098,6747,18,29234,0,0,0,0,0,J,3,Pericyte,24,9,5,5,5_1,Pericyte
J-3078,all,15,11,2509,6464,27,43069,0,0,0,0,0,J,5,Pericyte,33,11,5,5,5_1,Pericyte
J-3082,all,15,7,2258,7471,20,14162,0,0,0,0,0,J,7,Proliferative mesenchymal progenitor cell,34,7,3,3,3_3,AdventitialFib
J-3086,all,13,4,5448,1492,10,66802,0,0,0,0,0,J,11,Alveolar fibroblast 1,32,5,3,3,3_1,SMC
J-3087,all,58,25,4995,437,16,88169,0,0,0,0,0,J,15,Alveolar macrophage,53,25,8,8,8_1,AlveolarMac
J-3088,all,65,32,4955,261,19,113587,0,0,0,0,0,J,17,Pericyte,55,32,5,5,5_1,Pericyte
J-3089,all,17,10,4917,1514,15,64497,0,0,0,0,0,J,8,Sox9+/Id2+ epithelial cell,36,10,1,1,1_1,AT2
J-3092,all,50,28,5442,446,14,84313,0,0,0,0,0,J,11,Inflammatory monocyte,50,28,8,8,8_1,AlveolarMac
J-3093,all,24,15,5029,14,13,40326,0,0,0,0,0,J,10,Alveolar fibroblast 1,43,15,2,2,2_6,pDC
J-3094,all,7,7,5029,412,8,24788,0,0,0,0,0,J,2,Proliferative mesenchymal progenitor cell,21,8,1,1,1_6_2,Neutrophil
J-3095,all,63,30,5038,1185,23,85299,0,0,0,0,0,J,14,Alveolar macrophage,56,30,8,8,8_1,AlveolarMac
J-3098,all,79,31,4860,168,15,119211,0,0,0,0,0,J,14,Alveolar macrophage,56,30,2,2,2_1,Capillary
J-3101,all,109,35,5503,142,15,109143,0,0,0,0,0,J,62,Alveolar type 2 cell,50,23,2,2,2_3,Vein
J-3103,all,101,25,4537,758,21,109327,0,0,0,0,0,J,79,Alveolar type 2 cell,54,20,1,1,1_1,AT2
J-3106,all,9,7,4748,183,19,46242,0,0,0,0,0,J,2,Neutrophil,26,8,1,1,1_5_2,AlveolarFib
J-3108,all,8,5,4904,484,8,23205,0,0,0,0,0,J,4,Alveolar fibroblast 1,27,7,1,1,1_5_1,LymphaticEndo
J-3111,all,14,7,5076,288,7,12397,0,0,0,0,0,J,6,Sox9+/Id2+ epithelial cell,35,7,1,1,1_1,AT2
J-3114,all,18,9,5530,1582,14,74016,0,0,0,0,0,J,8,B cell,35,9,5,5,5_1,Pericyte
J-3118,all,59,28,3791,1491,16,89199,0,0,0,0,0,J,9,Alveolar macrophage,53,28,8,8,8_1,AlveolarMac
J-3119,all,38,20,4709,281,11,105788,0,0,0,0,0,J,4,Endothelial progenitor cell,42,20,2,2,2_3,Vein
J-3120,all,15,11,3866,1532,28,84012,0,0,0,0,0,J,2,Capillary 1 cell,34,12,2,2,2_1,Capillary
J-3121,all,21,5,5007,1854,12,27145,0,0,0,0,0,J,15,Sox9+/Id2+ epithelial cell,41,5,1,1,1_1,AT2
J-3123,all,39,18,4629,702,14,70089,0,0,0,0,0,J,20,Sox9+/Id2+ epithelial cell,43,18,6,6,6,AT1
J-3124,all,11,7,5349,1735,25,45412,0,0,0,0,0,J,4,Pulmonary neuroendocrine cell,32,8,2,2,2_2,InflamMac
J-3128,all,82,28,4774,66,11,65824,0,0,0,0,0,J,9,Alveolar type 1 cell,58,28,6,6,6,AT1
J-3133,all,21,15,4952,1759,24,62954,0,0,0,0,0,J,4,Pericyte,39,15,8,8,8_1,AlveolarMac
J-3134,all,42,23,3838,179,23,88686,0,0,0,0,0,J,6,Natural killer cell,45,24,2,2,2_2,InflamMac
J-3136,all,36,16,3789,767,10,45443,0,0,0,0,0,J,18,Proliferative mesenchymal progenitor cell,42,17,3,3,3_1,SMC
J-3137,all,18,9,4802,1392,19,93306,0,0,0,0,0,J,3,Venous endothelial cell,36,10,3,3,3_5,SMC
J-3138,all,68,24,3952,1823,28,64579,0,0,0,0,0,J,8,Alveolar type 1 cell,55,24,6,6,6,AT1
J-3139,all,107,23,4952,142,20,89839,0,0,0,0,0,J,81,Alveolar type 2 cell,53,18,1,1,1_1,AT2
J-3140,all,82,27,4682,720,12,81842,0,0,0,0,0,J,20,Arterial endothelial cell,58,27,6,6,6,AT1
J-3142,all,34,11,5057,39,17,48928,0,0,0,0,0,J,21,Alveolar type 2 cell,45,11,1,1,1_1,AT2
J-3143,all,8,6,4066,1804,34,36933,0,0,0,0,0,J,4,Proliferative mesenchymal progenitor cell,29,7,3,3,3_1,SMC
J-3144,all,20,9,5202,1536,30,57662,0,0,0,0,0,J,5,Alveolar fibroblast 1,43,9,2,2,2_3,Vein
J-3145,all,81,21,5402,409,21,139077,0,0,0,0,0,J,58,Alveolar type 2 cell,54,21,1,1,1_1,AT2
J-3149,all,24,12,4900,187,28,57044,0,0,0,0,0,J,2,Capillary 1 cell,44,12,2,2,2_3,Vein
J-3152,all,10,7,5383,1741,24,49390,0,0,0,0,0,J,2,Natural killer cell,31,8,2,2,2_2,InflamMac
J-3153,all,24,12,4892,1549,23,53783,0,0,0,0,0,J,14,AT1/AT2,42,12,1,1,1_3,AT2
J-3156,all,36,21,5455,224,16,64576,0,0,0,0,0,J,9,Pericyte,41,21,5,5,5_1,Pericyte
J-3159,all,11,5,5019,1823,9,32231,0,0,0,0,0,J,7,Sox9+/Id2+ epithelial cell,36,5,1,1,1_1,AT2
J-3161,all,16,10,5017,1764,33,57549,0,0,0,0,0,J,3,Neutrophil,32,10,1,1,1_6_2,Neutrophil
J-3163,all,13,8,4815,260,21,14224,0,0,0,0,0,J,7,B cell,36,8,1,1,1_5_1,LymphaticEndo
J-3166,all,23,15,4511,753,28,46924,0,0,0,0,0,J,4,Endothelial progenitor cell,46,17,2,2,2_5,DC
J-3167,all,27,15,4876,1389,24,88687,0,0,0,0,0,J,4,Alveolar macrophage,45,15,6,6,6,AT1
J-3168,all,12,12,4871,1713,27,41883,0,0,0,0,0,J,2,Innate lymphoid cell,29,13,1,1,1_6_2,Neutrophil
J-3169,all,16,13,4905,1251,31,50526,0,0,0,0,0,J,3,Capillary 1 cell,32,13,2,2,2_1,Capillary
J-3176,all,29,15,4853,269,20,66418,0,0,0,0,0,J,9,Alveolar fibroblast 1,41,16,3,3,3_1,SMC
J-3177,all,90,12,5280,559,12,72552,0,0,0,0,0,J,79,Alveolar type 2 cell,54,12,1,1,1_1,AT2
J-3178,all,27,17,4910,228,14,43878,0,0,0,0,0,J,3,Pericyte,43,17,5,5,5_1,Pericyte
J-3179,all,24,12,4944,1242,36,52359,0,0,0,0,0,J,6,Alveolar type 1 cell,41,13,3,3,3_1,SMC
J-3182,all,56,18,4979,558,26,56622,0,0,0,0,0,J,15,Alveolar type 1 cell,51,18,6,6,6,AT1
J-3187,all,10,5,5042,387,7,18679,0,0,0,0,0,J,6,Alveolar fibroblast 1,24,6,1,1,1_4_3,AlveolarFib
J-3192,all,8,4,3866,1486,12,16119,0,0,0,0,0,J,7,Alveolar type 2 cell,32,6,1,1,1_3,AT2
J-3193,all,24,17,5207,1773,24,77946,0,0,0,0,0,J,2,Proliferative mesenchymal progenitor cell,43,17,8,8,8_2,InterstitialMac
J-3194,all,28,19,4030,1792,21,74248,0,0,0,0,0,J,14,Secondary crest myofibroblast,42,20,3,3,3_1,SMC
J-3197,all,6,5,3778,1947,10,22438,0,0,0,0,0,J,3,Alveolar type 1 cell,24,7,6,6,6,AT1
J-3198,all,7,4,4704,1314,14,30599,0,0,0,0,0,J,5,Sox9+/Id2+ epithelial cell,30,6,1,1,1_3,AT2
J-3202,all,22,11,4625,643,9,51131,0,0,0,0,0,J,6,Alveolar macrophage,42,12,1,1,1_4_1,AlveolarFib
J-3203,all,124,26,4701,118,15,81745,0,0,0,0,0,J,98,Alveolar type 2 cell,47,11,5,5,5_1,Pericyte
J-3210,all,36,19,4493,834,18,85280,0,0,0,0,0,J,13,Secondary crest myofibroblast,42,20,3,3,3_1,SMC
J-3212,all,78,22,4963,1314,15,113733,0,0,0,0,0,J,17,Alveolar type 1 cell,53,22,6,6,6,AT1
J-3213,all,41,22,4771,604,10,71919,0,0,0,0,0,J,6,Capillary 1 cell,42,21,2,2,2_1,Capillary
J-3215,all,40,24,3764,329,19,52108,0,0,0,0,0,J,12,Alveolar fibroblast 1,42,25,2,2,2_4,Artery
J-3216,all,14,6,4884,532,7,15767,0,0,0,0,0,J,3,Alveolar type 1 cell,37,6,1,1,1_5_2,AlveolarFib
J-3217,all,31,18,5439,160,32,75363,0,0,0,0,0,J,2,Endothelial progenitor cell,41,17,2,2,2_1,Capillary
J-3218,all,24,18,4914,1667,22,43773,0,0,0,0,0,J,8,Pericyte,36,19,3,3,3_5,SMC
J-3219,all,47,13,4745,1338,35,37272,0,0,0,0,0,J,36,Alveolar type 1 cell,48,13,1,1,1_1,AT2
J-3221,all,33,20,4752,784,17,85206,0,0,0,0,0,J,3,Capillary 1 cell,41,20,2,2,2_1,Capillary
J-3225,all,14,9,5047,354,9,26502,0,0,0,0,0,J,4,Endothelial progenitor cell,35,9,2,2,2_1,Capillary
J-3227,all,22,13,4759,1289,31,50582,0,0,0,0,0,J,13,Pericyte,41,13,5,5,5_3,Pericyte
J-3228,all,66,26,3768,289,18,73651,0,0,0,0,0,J,20,Alveolar fibroblast 1,52,27,1,1,1_4_3,AlveolarFib
J-3230,all,25,19,4932,1729,22,62844,0,0,0,0,0,J,3,Pericyte,46,19,5,5,5_3,Pericyte
J-3234,all,13,11,4797,1929,23,74255,0,0,0,0,0,J,2,B cell,34,11,9,9,9,Bcell
J-3237,all,23,13,4881,1624,19,54707,50,0,50,0,1,J,5,Proliferative mesenchymal progenitor cell,41,14,3,3,3_1,SMC
J-3241,all,16,8,4936,35,7,19969,0,0,0,0,0,J,2,Alveolar fibroblast 1,32,8,1,1,1_5_2,AlveolarFib
J-3243,all,24,16,4997,133,31,55913,0,0,0,0,0,J,9,B cell,44,16,9,9,9,Bcell
J-3245,all,36,17,4554,809,18,75118,0,0,0,0,0,J,12,Capillary 1 cell,41,17,2,2,2_3,Vein
J-3247,all,9,8,4708,1280,8,24415,5161,0,5161,0,1,J,3,Capillary 2 cell,26,8,2,2,2_1,Capillary
J-3249,all,15,13,5416,1660,18,66151,0,0,0,0,0,J,2,Natural killer cell,34,14,2,2,2_2,InflamMac
J-3250,all,40,13,3839,1464,7,29294,0,0,0,0,0,J,23,Alveolar type 2 cell,46,13,1,1,1_1,AT2
J-3251,all,48,31,4884,1675,26,53310,0,0,0,0,0,J,12,Interstitial macrophage,48,31,8,8,8_3,InterstitialMac
J-3253,all,10,9,5169,1842,12,36292,0,0,0,0,0,J,3,Pericyte,25,9,5,5,5_3,Pericyte
J-3254,all,37,25,3808,724,9,32524,52,52,0,1,0,J,11,Alveolar macrophage,41,25,8,8,8_3,InterstitialMac
J-3257,all,35,20,4967,10,13,83067,0,0,0,0,0,J,9,Pericyte,40,20,5,5,5_1,Pericyte
J-3261,all,148,26,4667,667,16,87769,0,0,0,0,0,J,114,Alveolar type 2 cell,50,15,1,1,1_3,AT2
J-3265,all,28,15,5570,525,32,85409,0,0,0,0,0,J,7,B cell,41,15,9,9,9,Bcell
J-3271,all,71,39,3840,707,8,43061,0,0,0,0,0,J,12,Interstitial macrophage,53,39,8,8,8_3,InterstitialMac
J-3273,all,51,21,3796,1731,27,86635,107,0,107,0,1,J,7,Alveolar type 1 cell,50,21,6,6,6,AT1
J-3275,all,39,19,3996,1840,23,81597,0,0,0,0,0,J,3,Sox9+/Id2+ epithelial cell,44,20,1,1,1_5_2,AlveolarFib
J-3279,all,11,9,4823,1899,22,46922,0,0,0,0,0,J,2,Capillary 1 cell,29,9,2,2,2_3,Vein
J-3281,all,15,7,3878,1607,36,45242,0,0,0,0,0,J,7,Sox9+/Id2+ epithelial cell,40,7,1,1,1_1,AT2
J-3286,all,10,10,4903,412,24,51454,64,0,64,0,1,J,2,Endothelial progenitor cell,29,10,2,2,2_1,Capillary
J-3287,all,113,40,4731,85,17,95080,0,0,0,0,0,J,24,Pericyte,47,26,5,5,5_3,Pericyte
J-3291,all,23,14,3780,1791,25,68148,0,0,0,0,0,J,8,Alveolar type 1 cell,43,14,6,6,6,AT1
J-3292,all,33,18,4985,1800,24,97212,0,0,0,0,0,J,11,Alveolar type 1 cell,42,19,3,3,3_1,SMC
J-3293,all,21,17,4933,1593,26,37660,0,0,0,0,0,J,3,Sox9+/Id2+ epithelial cell,41,16,2,2,2_1,Capillary
J-3294,all,121,33,3776,624,25,99804,0,0,0,0,0,J,71,Alveolar type 2 cell,48,21,1,1,1_3,AT2
J-3296,all,97,26,4871,1842,22,124763,0,0,0,0,0,J,62,Alveolar type 2 cell,57,25,1,1,1_3,AT2
J-3297,all,18,8,4951,1813,17,40756,0,0,0,0,0,J,11,Proliferative mesenchymal progenitor cell,37,9,3,3,3_1,SMC
J-3298,all,49,21,4580,734,18,104341,0,0,0,0,0,J,26,Capillary 1 cell,47,22,2,2,2_1,Capillary
J-3299,all,22,18,5008,93,33,40735,0,0,0,0,0,J,3,B cell,42,18,9,9,9,Bcell
J-3301,all,44,10,5001,1888,19,34149,0,0,0,0,0,J,30,Sox9+/Id2+ epithelial cell,47,10,1,1,1_1,AT2
J-3303,all,18,11,4958,1502,28,76294,0,0,0,0,0,J,2,Inflammatory monocyte,40,12,3,3,3_1,SMC
J-3304,all,17,8,3767,1768,13,38244,0,0,0,0,0,J,4,Sox9+/Id2+ epithelial cell,41,8,6,6,6,AT1
J-3305,all,32,14,5171,1443,22,70723,0,0,0,0,0,J,22,Neutrophil,41,14,1,1,1_1,AT2
J-3306,all,26,8,4928,1840,15,47529,0,0,0,0,0,J,17,Proliferative mesenchymal progenitor cell,43,9,3,3,3_1,SMC
J-3307,all,87,18,5027,296,19,97419,0,0,0,0,0,J,71,Alveolar type 2 cell,55,18,1,1,1_3,AT2
J-3311,all,33,19,4917,1767,19,53490,0,0,0,0,0,J,5,Alveolar macrophage,42,19,8,8,8_1,AlveolarMac
J-3312,all,31,21,3899,1833,18,83112,0,0,0,0,0,J,5,Alveolar fibroblast 1,36,21,1,1,1_5_1,LymphaticEndo
J-3319,all,19,15,4967,1889,23,56422,0,0,0,0,0,J,2,Alveolar fibroblast 1,41,16,1,1,1_4_1,AlveolarFib
J-3320,all,91,30,5131,1255,20,137166,0,0,0,0,0,J,48,Sox9+/Id2+ epithelial cell,58,30,1,1,1_1,AT2
J-3325,all,29,14,3758,754,21,69493,0,0,0,0,0,J,13,Sox9+/Id2+ epithelial cell,41,13,2,2,2_1,Capillary
J-3328,all,31,14,4883,1586,24,33940,0,0,0,0,0,J,17,Alveolar type 2 cell,43,15,3,3,3_1,SMC
J-3329,all,32,14,5486,1400,16,75623,0,0,0,0,0,J,13,Alveolar fibroblast 1,44,15,3,3,3_1,SMC
J-3332,all,13,10,5159,1619,29,27790,0,0,0,0,0,J,2,Alveolar fibroblast 1,31,10,1,1,1_5_1,LymphaticEndo
J-3336,all,19,16,5563,1381,24,94651,0,0,0,0,0,J,4,Venous endothelial cell,40,16,2,2,2_3,Vein
J-3348,all,76,17,5036,1871,15,43747,0,0,0,0,0,J,51,Alveolar type 2 cell,54,17,1,1,1_1,AT2
J-3349,all,30,19,4002,1803,16,44964,0,0,0,0,0,J,10,Pericyte,39,19,5,5,5_3,Pericyte
J-3353,all,19,10,5219,1520,17,28542,0,0,0,0,0,J,7,Alveolar type 2 cell,42,10,1,1,1_1,AT2
J-3354,all,17,12,5224,552,17,47079,0,0,0,0,0,J,2,Endothelial progenitor cell,37,12,2,2,2_1,Capillary
J-3364,all,97,40,4956,1926,19,113690,0,0,0,0,0,J,8,Pericyte,61,39,2,2,2_6,pDC
J-3366,all,13,10,3763,811,8,39359,0,0,0,0,0,J,4,Alveolar fibroblast 1,32,11,1,1,1_5_1,LymphaticEndo
J-3367,all,10,3,5071,81,5,8588,0,0,0,0,0,J,8,Sox9+/Id2+ epithelial cell,36,3,1,1,1_1,AT2
J-3370,all,19,10,5520,1377,19,53566,0,0,0,0,0,J,10,Alveolar fibroblast 1,36,10,3,3,3_1,SMC
J-3375,all,6,5,5076,316,5,7379,0,0,0,0,0,J,2,Venous endothelial cell,26,7,2,2,2_3,Vein
J-3378,all,20,11,4912,1577,27,45210,0,0,0,0,0,J,10,Alveolar type 2 cell,41,11,1,1,1_1,AT2
J-3384,all,39,24,5372,2069,18,58915,0,0,0,0,0,J,5,Alveolar macrophage,43,24,2,2,2_3,Vein
J-3385,all,52,22,5346,3481,17,62543,0,0,0,0,0,J,13,Alveolar type 1 cell,51,22,9,9,9,Bcell
J-3386,all,42,14,4583,2107,21,39093,0,0,0,0,0,J,12,Ciliated cell,46,15,1,1,1_4_3,AlveolarFib
J-3387,all,13,10,5550,2839,9,32116,0,0,0,0,0,J,4,Sox9+/Id2+ epithelial cell,30,10,5,5,5_3,Pericyte
J-3388,all,29,21,5461,2487,12,50164,0,0,0,0,0,J,5,Capillary 1 cell,38,21,6,6,6,AT1
J-3389,all,37,21,5406,3626,27,68884,0,0,0,0,0,J,3,B cell,43,21,9,9,9,Bcell
J-3390,all,29,21,3969,2624,29,65890,0,0,0,0,0,J,15,Alveolar fibroblast 1,35,21,9,9,9,Bcell
J-3391,all,31,18,4655,2328,20,46086,0,0,0,0,0,J,10,Capillary 1 cell,42,18,2,2,2_3,Vein
J-3394,all,6,6,4137,2032,15,72136,0,0,0,0,0,J,2,B cell,20,10,3,3,3_2,SMC
J-3395,all,94,14,4313,3472,20,41427,22485,3885,18600,0.172781855,0.827218145,J,3,Interstitial macrophage,59,14,8,8,8_2,InterstitialMac
J-3398,all,91,46,5318,2254,24,126027,0,0,0,0,0,J,26,Endothelial progenitor cell,63,48,2,2,2_5,DC
J-3400,all,36,23,5434,2614,29,46898,0,0,0,0,0,J,6,Pericyte,41,23,5,5,5_3,Pericyte
J-3402,all,37,19,5479,3732,10,96369,0,0,0,0,0,J,17,B cell,41,19,9,9,9,Bcell
J-3404,all,78,36,3789,3498,16,67335,6413,114,6413,0.017465911,0.982534089,J,7,Proliferative mesenchymal progenitor cell,60,37,3,3,3_2,SMC
J-3406,all,142,60,3985,3351,24,86035,0,0,0,0,0,J,14,Arterial endothelial cell,48,31,2,2,2_4,Artery
J-3407,all,143,53,3763,3321,24,101697,0,0,0,0,0,J,20,Secondary crest myofibroblast,48,22,3,3,3_2,SMC
J-3408,all,28,14,5350,3591,10,56742,0,0,0,0,0,J,2,Ciliated cell,42,14,2,2,2_3,Vein
J-3409,all,42,22,4561,3497,29,66981,0,0,0,0,0,J,5,Alveolar macrophage,43,22,8,8,8_1,AlveolarMac
J-3410,all,152,28,3788,2440,26,84954,0,0,0,0,0,J,113,Alveolar type 2 cell,50,12,1,1,1_3,AT2
J-3413,all,107,51,5309,2002,21,76558,0,0,0,0,0,J,19,Alveolar macrophage,64,44,8,8,8_1,AlveolarMac
J-3414,all,28,11,3838,2274,31,31719,0,0,0,0,0,J,16,Alveolar type 2 cell,43,12,2,2,2_2,InflamMac
J-3416,all,17,16,5264,3778,28,47723,0,0,0,0,0,J,2,Alveolar fibroblast 1,34,16,1,1,1_4_1,AlveolarFib
J-3418,all,68,29,4756,2067,24,84852,0,0,0,0,0,J,37,Alveolar type 2 cell,58,29,2,2,2_1,Capillary
J-3419,all,134,57,4064,3429,15,69761,0,0,0,0,0,J,9,Capillary 1 cell,47,27,9,9,9,Bcell
J-3420,all,27,19,4476,3465,19,57615,10244,0,10244,0,1,J,5,Capillary 1 cell,39,19,1,1,1_2_1,Tcell (CD4)
J-3422,all,10,7,4438,2004,33,21713,0,0,0,0,0,J,5,B cell,26,7,2,2,2_6,pDC
J-3423,all,15,12,4653,3680,23,26565,0,0,0,0,0,J,4,Arterial endothelial cell,30,13,2,2,2_4,Artery
J-3424,all,46,28,4206,3225,35,39107,0,0,0,0,0,J,10,Capillary 1 cell,46,28,5,5,5_3,Pericyte
J-3425,all,49,28,3991,2441,25,84907,0,0,0,0,0,J,22,T regulatory cell,49,28,7,7,7_2,PatrolMac
J-3426,all,9,7,3821,2199,12,23800,0,0,0,0,0,J,2,Proliferative mesenchymal progenitor cell,30,8,3,3,3_2,SMC
J-3427,all,55,29,4902,2616,22,72589,1106,0,1106,0,1,J,4,Sox9+/Id2+ epithelial cell,54,29,1,1,1_3,AT2
J-3429,all,64,33,4660,2273,30,94179,0,0,0,0,0,J,18,Alveolar type 2 cell,57,33,8,8,8_2,InterstitialMac
J-3430,all,46,22,4600,3429,33,102722,0,0,0,0,0,J,15,CD8+ T cell,45,22,2,2,2_1,Capillary
J-3432,all,48,24,4043,2550,25,80464,0,0,0,0,0,J,8,Proliferative mesenchymal progenitor cell,50,25,3,3,3_1,SMC
J-3433,all,65,29,5374,2270,13,75309,0,0,0,0,0,J,9,Alveolar macrophage,54,29,8,8,8_1,AlveolarMac
J-3434,all,17,12,4497,2267,10,51684,0,0,0,0,0,J,3,Capillary 1 cell,35,13,1,1,1_6_2,Neutrophil
J-3436,all,55,23,5507,2244,27,66209,0,0,0,0,0,J,14,Alveolar fibroblast 1,53,23,1,1,1_5_1,LymphaticEndo
J-3437,all,96,35,3990,3480,14,53820,0,0,0,0,0,J,3,Secondary crest myofibroblast,63,35,3,3,3_2,SMC
J-3439,all,31,21,3913,2319,23,56354,0,0,0,0,0,J,17,Capillary 1 cell,36,21,2,2,2_1,Capillary
J-3440,all,50,28,5564,2580,32,66678,0,0,0,0,0,J,11,Alveolar type 1 cell,50,28,6,6,6,AT1
J-3441,all,43,26,4744,3433,18,51756,0,0,0,0,0,J,5,Secondary crest myofibroblast,44,27,3,3,3_2,SMC
J-3442,all,26,20,3966,2715,31,57550,0,0,0,0,0,J,12,Arterial endothelial cell,45,20,1,1,1_3,AT2
J-3443,all,50,18,5008,2691,16,24673,5053,5291,533,0.908482143,0.091517857,J,17,Alveolar type 2 cell,49,18,5,5,5_3,Pericyte
J-3444,all,27,21,3850,2128,24,71883,0,0,0,0,0,J,2,Pericyte,42,21,5,5,5_3,Pericyte
J-3446,all,80,17,4048,2254,32,46668,0,0,0,0,0,J,69,Alveolar type 2 cell,55,17,1,1,1_1,AT2
J-3447,all,39,20,5459,2566,15,58634,0,0,0,0,0,J,15,Interstitial macrophage,41,20,8,8,8_3,InterstitialMac
J-3448,all,20,10,4334,3604,29,13953,333,0,333,0,1,J,2,B cell,38,10,9,9,9,Bcell
J-3449,all,52,27,5432,2328,19,81829,0,0,0,0,0,J,14,Alveolar fibroblast 1,51,27,1,1,1_5_4,pDC
J-3453,all,58,32,4196,3439,22,43372,25144,1081,24113,0.042907041,0.957092959,J,6,Alveolar fibroblast 1,56,32,8,8,8_2,InterstitialMac
J-3454,all,76,29,4640,3718,27,98974,0,0,0,0,0,J,8,Arterial endothelial cell,53,29,2,2,2_6,pDC
J-3455,all,64,36,3972,3271,23,43024,0,0,0,0,0,J,12,Neutrophil,59,36,3,3,3_4,AdventitialFib
J-3456,all,39,12,4481,3621,22,26816,0,0,0,0,0,J,2,T regulatory cell,43,13,1,1,1_6_2,Neutrophil
J-3457,all,35,20,5335,3426,18,62017,0,0,0,0,0,J,12,Alveolar type 1 cell,42,20,2,2,2_6,pDC
J-3458,all,15,13,5432,2000,13,37019,0,0,0,0,0,J,5,Alveolar type 1 cell,28,13,6,6,6,AT1
J-3459,all,35,15,5549,2531,28,38851,0,0,0,0,0,J,2,Alveolar type 1 cell,45,15,6,6,6,AT1
J-3461,all,162,46,4106,3498,22,86484,1754,0,1754,0,1,J,15,Alveolar fibroblast 1,53,19,8,8,8_2,InterstitialMac
J-3467,all,72,24,4732,2122,31,45701,0,0,0,0,0,J,49,Alveolar type 2 cell,51,24,1,1,1_1,AT2
J-3468,all,89,22,5356,2635,26,63532,0,0,0,0,0,J,55,Alveolar type 2 cell,57,22,1,1,1_1,AT2
J-3470,all,15,9,3902,3038,5,24726,0,0,0,0,0,J,4,Inflammatory monocyte,32,10,2,2,2_2,InflamMac
J-3471,all,16,11,5263,2061,27,38092,0,0,0,0,0,J,5,Capillary 1 cell,33,11,6,6,6,AT1
J-3472,all,61,30,4624,2443,14,84957,0,0,0,0,0,J,3,Proliferative mesenchymal progenitor cell,53,30,2,2,2_6,pDC
J-3473,all,15,11,4445,2427,38,22045,0,0,0,0,0,J,6,Alveolar fibroblast 1,34,11,2,2,2_3,Vein
J-3474,all,31,25,5295,2042,33,58861,0,0,0,0,0,J,15,Alveolar type 1 cell,37,25,6,6,6,AT1
J-3477,all,181,36,3972,2677,27,70974,56,56,0,1,0,J,90,Alveolar type 2 cell,53,15,1,1,1_3,AT2
J-3481,all,194,65,3807,3335,24,101058,0,0,0,0,0,J,33,Arterial endothelial cell,54,30,2,2,2_6,pDC
J-3482,all,66,27,5370,3745,9,46589,0,0,0,0,0,J,14,Natural killer cell,57,27,7,7,7_2,PatrolMac
J-3483,all,63,33,4810,2685,31,41520,50,0,50,0,1,J,11,Pericyte,58,33,7,7,7_3,Tcell (CD8)
J-3485,all,56,33,3989,3772,29,51670,0,0,0,0,0,J,9,Capillary 1 cell,54,33,2,2,2_3,Vein
J-3488,all,17,13,4609,3616,21,35158,52,0,52,0,1,J,5,Arterial endothelial cell,36,13,2,2,2_4,Artery
J-3491,all,35,21,4716,2327,20,58538,0,0,0,0,0,J,11,Sox9+/Id2+ epithelial cell,42,21,7,7,7_2,PatrolMac
J-3494,all,137,57,5517,2482,20,122291,0,0,0,0,0,J,23,Alveolar type 1 cell,44,25,6,6,6,AT1
J-3495,all,44,21,5215,3807,21,54581,0,0,0,0,0,J,7,Alveolar type 1 cell,45,21,6,6,6,AT1
J-3496,all,44,19,5284,2422,9,53425,458,0,458,0,1,J,11,Mesothelial cell,45,19,2,2,2_1,Capillary
J-3497,all,13,3,5516,2396,11,24728,0,0,0,0,0,J,11,Sox9+/Id2+ epithelial cell,40,3,1,1,1_1,AT2
J-3502,all,303,61,3964,3576,24,112649,53548,14134,39568,0.263193177,0.736806823,J,13,Sox9+/Id2+ epithelial cell,54,15,1,1,1_3,AT2
J-3504,all,130,51,3820,3439,29,67977,0,0,0,0,0,J,17,Capillary 1 cell,48,29,2,2,2_5,DC
J-3505,all,54,30,4671,3444,22,92746,15680,796,14884,0.050765306,0.949234694,J,15,Pericyte,54,30,5,5,5_1,Pericyte
J-3506,all,66,32,4133,3446,34,55439,0,0,0,0,0,J,6,CD4+ T cell,58,32,8,8,8_2,InterstitialMac
J-3507,all,34,18,5479,2285,13,55479,0,0,0,0,0,J,23,Vascular smooth muscle cell,42,18,5,5,5_1,Pericyte
J-3508,all,66,32,3840,3181,9,45935,0,0,0,0,0,J,15,Pericyte,56,32,5,5,5_3,Pericyte
J-3509,all,10,8,3857,2398,22,40346,0,0,0,0,0,J,6,Pericyte,25,8,5,5,5_1,Pericyte
J-3510,all,31,19,4687,2333,21,36020,0,0,0,0,0,J,8,Capillary 2 cell,39,18,2,2,2_1,Capillary
J-3513,all,99,28,4793,2748,36,71390,0,0,0,0,0,J,7,Venous endothelial cell,57,23,3,3,3_1,SMC
J-3514,all,59,20,4953,2696,21,30842,745,798,0,1,0,J,17,B cell,53,20,9,9,9,Bcell
J-3517,all,292,31,3973,2932,16,76600,44778,34153,12080,0.738714771,0.261285229,J,91,Alveolar type 2 cell,56,8,1,1,1_1,AT2
J-3518,all,20,11,3801,2367,14,51935,0,0,0,0,0,J,3,CD8+ T cell,35,11,7,7,7_2,PatrolMac
J-3520,all,24,14,5149,2047,28,56487,0,0,0,0,0,J,3,Alveolar type 1 cell,46,15,3,3,3_1,SMC
J-3521,all,172,56,4749,2689,24,131808,2613,566,2047,0.216609261,0.783390739,J,31,Inflammatory monocyte,54,34,8,8,8_1,AlveolarMac
J-3523,all,204,25,4487,2352,11,74477,3910,3750,160,0.959079284,0.040920716,J,117,Alveolar type 2 cell,51,9,1,1,1_3,AT2
J-3527,all,48,26,3988,3643,22,55147,0,0,0,0,0,J,2,Neutrophil,49,27,2,2,2_2,InflamMac
J-3528,all,99,50,4007,3532,24,72645,1157,0,1003,0,1,J,10,Mesothelial cell,61,41,3,3,3_2,SMC
J-3532,all,37,19,5433,2527,16,44253,0,0,0,0,0,J,9,Capillary 1 cell,40,19,8,8,8_3,InterstitialMac
J-3533,all,18,15,5412,2034,25,41595,0,0,0,0,0,J,2,B cell,37,15,9,9,9,Bcell
J-3534,all,166,45,4503,2535,18,103668,0,0,0,0,0,J,98,B cell,45,16,9,9,9,Bcell
J-3535,all,17,13,5011,2520,7,19707,0,0,0,0,0,J,3,Inflammatory monocyte,35,14,2,2,2_2,InflamMac
J-3536,all,16,6,5532,2866,20,18618,0,0,0,0,0,J,11,Sox9+/Id2+ epithelial cell,40,6,1,1,1_1,AT2
J-3537,all,76,41,4182,3388,25,69410,228,0,228,0,1,J,12,Mesothelial cell,59,41,3,3,3_3,AdventitialFib
J-3538,all,89,40,3864,3650,8,36227,467,0,467,0,1,J,6,Classical DC subset 2,63,41,2,2,2_5,DC
J-3540,all,31,19,4148,2466,23,60632,0,0,0,0,0,J,9,Capillary 1 cell,42,18,2,2,2_1,Capillary
J-3542,all,33,16,5309,3782,21,70032,0,0,0,0,0,J,7,Capillary 2 cell,43,16,2,2,2_6,pDC
J-3543,all,36,21,4733,2741,24,59582,0,0,0,0,0,J,2,Capillary 1 cell,42,21,2,2,2_1,Capillary
J-3544,all,62,33,4496,3510,24,59865,0,0,0,0,0,J,6,Arterial endothelial cell,57,34,2,2,2_5,DC
J-3545,all,85,24,4029,3086,6,45530,0,0,0,0,0,J,18,Neutrophil,57,25,1,1,1_5_2,AlveolarFib
J-3546,all,14,12,4044,3546,40,20098,0,0,0,0,0,J,3,T regulatory cell,29,12,7,7,7_2,PatrolMac
J-3547,all,36,22,4144,3572,26,37843,0,0,0,0,0,J,5,B cell,40,22,2,2,2_1,Capillary
J-3548,all,43,21,4649,3611,13,50243,0,0,0,0,0,J,3,Inflammatory monocyte,51,22,2,2,2_2,InflamMac
J-3553,all,32,21,4701,2733,24,62225,0,0,0,0,0,J,2,Arterial endothelial cell,42,22,2,2,2_4,Artery
J-3554,all,48,28,4353,3442,18,54600,8048,0,8048,0,1,J,6,Alveolar type 1 cell,48,28,2,2,2_6,pDC
J-3556,all,18,14,4427,3447,30,13632,0,0,0,0,0,J,3,Pericyte,36,14,5,5,5_3,Pericyte
J-3557,all,43,20,4553,2121,29,47704,0,0,0,0,0,J,9,Alveolar fibroblast 1,45,22,2,2,2_5,DC
J-3560,all,16,10,3830,2418,24,38851,0,0,0,0,0,J,10,Pericyte,35,10,5,5,5_1,Pericyte
J-3561,all,33,17,4130,2495,19,79257,0,0,0,0,0,J,14,Pericyte,42,17,5,5,5_1,Pericyte
J-3562,all,48,31,3881,3549,17,45565,0,0,0,0,0,J,8,Innate lymphoid cell,48,31,7,7,7_2,PatrolMac
J-3564,all,28,15,4141,2547,30,81311,213,110,103,0.516431925,0.483568075,J,4,Proliferative mesenchymal progenitor cell,38,15,2,2,2_6,pDC
J-3565,all,16,9,5034,2175,34,12484,0,0,0,0,0,J,5,Alveolar fibroblast 1,33,10,1,1,1_4_3,AlveolarFib
J-3566,all,94,42,3918,3552,20,78836,0,0,0,0,0,J,10,Secondary crest myofibroblast,62,43,3,3,3_2,SMC
J-3567,all,30,15,4683,2059,12,49427,0,0,0,0,0,J,12,Alveolar type 1 cell,38,16,2,2,2_2,InflamMac
J-3568,all,25,17,4629,3676,28,37064,0,0,0,0,0,J,3,B cell,44,17,2,2,2_6,pDC
J-3569,all,77,34,5217,2423,30,143931,0,0,0,0,0,J,19,Pericyte,53,34,5,5,5_3,Pericyte
J-3575,all,56,21,4201,2501,14,79215,0,0,0,0,0,J,15,Natural killer cell,52,22,2,2,2_2,InflamMac
J-3577,all,68,35,3997,2393,23,84755,0,0,0,0,0,J,15,Sox9+/Id2+ epithelial cell,55,36,3,3,3_1,SMC
J-3578,all,76,39,3875,3487,16,63542,0,0,0,0,0,J,10,Neutrophil,57,39,2,2,2_1,Capillary
J-3579,all,89,38,4016,2691,33,52766,0,0,0,0,0,J,38,Venous endothelial cell,64,37,1,1,1_5_4,pDC
J-3582,all,20,12,3927,3485,13,14017,0,0,0,0,0,J,2,Pericyte,39,13,3,3,3_2,SMC
J-3583,all,37,18,4454,3663,19,34749,0,0,0,0,0,J,10,CD8+ T cell,41,19,2,2,2_2,InflamMac
J-3585,all,115,44,4109,3349,22,77928,260,0,260,0,1,J,8,Inflammatory monocyte,54,27,2,2,2_5,DC
J-3586,all,118,47,3774,3664,7,46994,0,0,0,0,0,J,14,Inflammatory monocyte,49,26,2,2,2_5,DC
J-3588,all,47,25,4432,3606,24,55243,0,0,0,0,0,J,3,Sox9+/Id2+ epithelial cell,49,26,3,3,3_2,SMC
J-3590,all,244,45,4758,3536,22,97550,4740,1632,3108,0.344303797,0.655696203,J,19,Ciliated cell,54,13,3,3,3_2,SMC
J-3591,all,44,18,3763,3365,17,36119,0,0,0,0,0,J,5,Secondary crest myofibroblast,46,19,3,3,3_2,SMC
J-3592,all,14,6,4969,2242,8,15387,0,0,0,0,0,J,8,Alveolar type 2 cell,36,6,1,1,1_1,AT2
J-3595,all,47,22,4681,2667,25,39582,0,0,0,0,0,J,3,Neutrophil,46,22,2,2,2_1,Capillary
J-3598,all,47,18,4853,2620,38,34615,764,0,764,0,1,J,11,Pericyte,47,18,5,5,5_3,Pericyte
J-3600,all,6,5,4592,2389,10,20199,0,0,0,0,0,J,2,Neutrophil,17,8,1,1,1_6_2,Neutrophil
J-3602,all,78,33,4868,2385,13,67949,0,0,0,0,0,J,14,Venous endothelial cell,58,33,2,2,2_3,Vein
J-3604,all,21,13,4819,3467,22,31828,0,0,0,0,0,J,2,Alveolar macrophage,40,13,8,8,8_1,AlveolarMac
J-3605,all,48,25,4708,3430,22,54660,0,0,0,0,0,J,7,Alveolar fibroblast 2,48,25,3,3,3_3,AdventitialFib
J-3606,all,30,10,4426,3567,26,26602,0,0,0,0,0,J,4,Alveolar fibroblast 1,43,11,3,3,3_2,SMC
J-3609,all,23,21,4430,3641,31,22436,0,0,0,0,0,J,4,Neutrophil,43,24,2,2,2_1,Capillary
J-3613,all,6,4,3930,2183,5,15790,0,0,0,0,0,J,3,Inflammatory monocyte,22,8,2,2,2_5,DC
J-3614,all,36,17,4907,2535,22,65140,0,0,0,0,0,J,6,Capillary 1 cell,44,17,2,2,2_3,Vein
J-3615,all,30,21,3920,3512,9,27313,0,0,0,0,0,J,5,Alveolar fibroblast 1,40,22,2,2,2_4,Artery
J-3616,all,63,32,4736,2639,15,55327,0,0,0,0,0,J,16,Natural killer cell,55,32,7,7,7_4,PatrolMac
J-3617,all,73,29,4505,2412,29,63883,619,0,619,0,1,J,30,Pericyte,54,29,5,5,5_1,Pericyte
J-3620,all,29,19,4769,2667,28,23239,3790,0,3790,0,1,J,5,Ciliated cell,37,19,8,8,8_1,AlveolarMac
J-3622,all,26,12,5391,2483,10,15058,0,0,0,0,0,J,16,Pericyte,44,12,5,5,5_1,Pericyte
J-3623,all,116,38,4782,3488,17,75486,209,0,209,0,1,J,7,Arterial endothelial cell,50,22,2,2,2_3,Vein
J-3626,all,38,19,4620,2369,16,37465,0,0,0,0,0,J,4,Neutrophil,43,20,1,1,1_4_1,AlveolarFib
J-3628,all,71,33,3799,3386,39,33485,0,0,0,0,0,J,12,Arterial endothelial cell,53,33,3,3,3_2,SMC
J-3630,all,42,19,4801,2624,29,34007,58,103,58,0.639751553,0.360248447,J,8,Sox9+/Id2+ epithelial cell,44,19,7,7,7_3,Tcell (CD8)
J-3632,all,20,10,5042,2135,32,40363,0,0,0,0,0,J,3,B cell,38,10,2,2,2_6,pDC
J-3638,all,85,37,3836,3557,32,61011,0,0,0,0,0,J,16,Endothelial progenitor cell,58,37,2,2,2_1,Capillary
J-3639,all,58,23,4723,2056,22,80685,0,0,0,0,0,J,36,Pericyte,52,23,2,2,2_6,pDC
J-3640,all,24,16,4431,3679,20,27994,0,0,0,0,0,J,4,Endothelial progenitor cell,40,17,2,2,2_1,Capillary
J-3641,all,13,7,3914,2942,20,9755,2370,762,1608,0.321518987,0.678481013,J,4,Sox9+/Id2+ epithelial cell,33,7,8,8,8_2,InterstitialMac
J-3642,all,31,17,4103,3140,21,51708,0,0,0,0,0,J,9,Alveolar fibroblast 1,40,18,1,1,1_4_3,AlveolarFib
J-3643,all,207,68,4070,3365,24,145901,0,0,0,0,0,J,20,Secondary crest myofibroblast,51,30,3,3,3_2,SMC
J-3644,all,25,15,4680,3489,24,32980,207,106,101,0.512077295,0.487922705,J,4,Capillary 1 cell,44,15,7,7,7_3,Tcell (CD8)
J-3646,all,157,37,3939,3740,19,68557,0,0,0,0,0,J,7,Alveolar fibroblast 1,52,16,3,3,3_2,SMC
J-3648,all,31,17,4119,3632,11,44100,0,0,0,0,0,J,7,Arterial endothelial cell,39,17,2,2,2_4,Artery
J-3656,all,29,19,5303,3429,19,30966,0,0,0,0,0,J,4,Alveolar fibroblast 1,39,20,2,2,2_1,Capillary
J-3658,all,147,43,5015,2263,27,81264,0,0,0,0,0,J,19,Proliferative mesenchymal progenitor cell,48,20,5,5,5_3,Pericyte
J-3662,all,89,33,4461,3596,26,46520,0,0,0,0,0,J,4,Neutrophil,61,33,7,7,7_3,Tcell (CD8)
J-3663,all,12,10,3946,2304,24,23328,0,0,0,0,0,J,4,Sox9+/Id2+ epithelial cell,30,10,8,8,8_2,InterstitialMac
J-3664,all,7,5,4709,2020,13,13692,0,0,0,0,0,J,5,Alveolar fibroblast 1,21,8,3,3,3_1,SMC
J-3666,all,17,11,4408,3667,26,19435,0,0,0,0,0,J,2,Proliferative mesenchymal progenitor cell,34,11,2,2,2_6,pDC
J-3669,all,33,13,4012,3230,5,10901,0,0,0,0,0,J,3,Proliferative mesenchymal progenitor cell,41,14,3,3,3_1,SMC
J-3671,all,24,11,4375,3431,26,26770,1229,104,1125,0.084621644,0.915378356,J,3,Inflammatory monocyte,42,13,2,2,2_5,DC
J-3672,all,117,24,4661,2018,25,101244,0,0,0,0,0,J,79,Sox9+/Id2+ epithelial cell,46,10,1,1,1_1,AT2
J-3673,all,19,10,4511,3420,19,23379,0,0,0,0,0,J,2,Capillary 2 cell,38,11,2,2,2_2,InflamMac
J-3674,all,61,9,4223,3333,9,14777,35956,7658,25493,0.23100359,0.76899641,J,4,Alveolar type 2 cell,52,10,1,1,1_6_2,Neutrophil
J-3676,all,49,34,4181,3554,31,47000,0,0,0,0,0,J,8,Endothelial progenitor cell,49,34,2,2,2_3,Vein
J-3678,all,60,25,5110,2447,16,66151,158,0,158,0,1,J,14,Capillary 1 cell,53,25,2,2,2_1,Capillary
J-3679,all,88,35,5200,2031,27,116893,0,0,0,0,0,J,16,Alveolar macrophage,58,35,8,8,8_1,AlveolarMac
J-3681,all,47,29,4554,2409,31,43024,0,0,0,0,0,J,11,Sox9+/Id2+ epithelial cell,48,30,2,2,2_2,InflamMac
J-3682,all,15,4,3885,2054,32,22636,0,0,0,0,0,J,14,Sox9+/Id2+ epithelial cell,39,4,2,2,2_6,pDC
J-3688,all,86,39,3764,3460,33,43901,11420,986,10434,0.086339755,0.913660245,J,9,Alveolar type 1 cell,62,39,6,6,6,AT1
J-3689,all,54,30,4254,3503,32,45021,0,0,0,0,0,J,3,B cell,55,31,2,2,2_2,InflamMac
J-3690,all,38,17,4024,2848,12,55814,0,0,0,0,0,J,2,Alveolar type 1 cell,45,17,2,2,2_1,Capillary
J-3691,all,124,29,4812,2548,28,53214,65,0,65,0,1,J,38,Alveolar type 2 cell,49,15,1,1,1_1,AT2
J-3693,all,64,26,4396,2181,32,80325,0,0,0,0,0,J,13,Pericyte,55,26,5,5,5_3,Pericyte
J-3695,all,49,29,4799,2472,27,107831,0,0,0,0,0,J,6,Capillary 1 cell,48,28,2,2,2_1,Capillary
J-3696,all,99,43,3835,3504,26,66309,0,0,0,0,0,J,21,Natural killer cell,60,37,3,3,3_2,SMC
J-3697,all,96,31,5338,2593,17,82487,0,0,0,0,0,J,48,Alveolar macrophage,56,29,8,8,8_2,InterstitialMac
J-3700,all,53,23,4731,1992,15,68763,0,0,0,0,0,J,23,Alveolar fibroblast 1,52,24,3,3,3_1,SMC
J-3701,all,29,14,3952,2994,15,19036,504,0,504,0,1,J,4,Sox9+/Id2+ epithelial cell,41,15,2,2,2_1,Capillary
J-3702,all,7,7,5516,2756,30,21939,0,0,0,0,0,J,2,Sox9+/Id2+ epithelial cell,22,10,1,1,1_4_1,AlveolarFib
J-3705,all,42,12,3911,2042,28,41683,0,0,0,0,0,J,35,Alveolar type 2 cell,45,12,1,1,1_1,AT2
J-3707,all,65,31,4299,3424,9,40914,3498,0,3498,0,1,J,7,Neutrophil,57,31,1,1,1_6_2,Neutrophil
J-3708,all,44,24,4542,2460,34,39954,0,0,0,0,0,J,5,CD8+ T cell,44,24,7,7,7_2,PatrolMac
J-3711,all,16,14,4232,2059,29,37534,0,0,0,0,0,J,6,Capillary 2 cell,39,15,2,2,2_1,Capillary
J-3712,all,107,49,4086,3243,25,71511,0,0,0,0,0,J,16,B cell,58,40,2,2,2_1,Capillary
J-3713,all,20,8,4143,2384,38,24330,0,0,0,0,0,J,4,Alveolar fibroblast 1,40,9,1,1,1_4_3,AlveolarFib
J-3714,all,45,14,4293,3496,32,34696,0,0,0,0,0,J,3,Proliferative mesenchymal progenitor cell,46,14,2,2,2_6,pDC
J-3716,all,35,13,4393,3403,12,30276,0,0,0,0,0,J,23,Alveolar type 2 cell,44,15,2,2,2_5,DC
J-3717,all,22,11,3867,2077,34,22037,0,0,0,0,0,J,12,Sox9+/Id2+ epithelial cell,41,11,8,8,8_2,InterstitialMac
J-3718,all,27,6,3934,2953,19,10834,439,1171,104,0.918431373,0.081568627,J,7,Sox9+/Id2+ epithelial cell,41,6,1,1,1_3,AT2
J-3719,all,103,48,4029,3603,28,77370,0,0,0,0,0,J,21,Natural killer cell,60,38,2,2,2_2,InflamMac
J-3723,all,50,25,4317,3370,15,30572,0,0,0,0,0,J,15,Capillary 1 cell,50,25,2,2,2_6,pDC
J-3725,all,48,9,5516,2312,37,17901,0,0,0,0,0,J,43,CD4+ T cell,48,9,1,1,1_1,AT2
J-3726,all,50,13,4287,3617,34,24812,900,0,678,0,1,J,4,Sox9+/Id2+ epithelial cell,50,14,1,1,1_6_2,Neutrophil
J-3727,all,45,27,3919,2995,19,26609,641,666,641,0.509563887,0.490436113,J,8,Capillary 1 cell,47,27,2,2,2_1,Capillary
J-3729,all,113,46,5246,2570,32,107616,0,0,0,0,0,J,20,Arterial endothelial cell,52,28,2,2,2_3,Vein
J-3733,all,31,20,4526,3505,21,50878,52,0,52,0,1,J,8,Venous endothelial cell,38,20,7,7,7_3,Tcell (CD8)
J-3734,all,39,18,3793,2515,33,77170,0,0,0,0,0,J,19,Sox9+/Id2+ epithelial cell,44,18,2,2,2_3,Vein
J-3735,all,92,31,5066,2365,34,66754,0,0,0,0,0,J,22,Alveolar macrophage,62,31,8,8,8_1,AlveolarMac
J-3738,all,89,49,4023,3393,33,62265,0,0,0,0,0,J,22,Arterial endothelial cell,60,48,2,2,2_3,Vein
J-3739,all,19,13,4517,3596,8,15159,4906,0,4906,0,1,J,2,Endothelial progenitor cell,31,13,8,8,8_2,InterstitialMac
J-3741,all,119,55,5285,3401,16,130221,0,0,0,0,0,J,17,Capillary 1 cell,44,30,2,2,2_2,InflamMac
J-3742,all,39,10,3781,2243,32,31514,0,0,0,0,0,J,33,Alveolar type 2 cell,45,10,1,1,1_3,AT2
J-3746,all,131,29,5547,2296,18,85100,0,0,0,0,0,J,98,Alveolar type 2 cell,49,18,3,3,3_4,AdventitialFib
J-3749,all,41,22,5494,2844,17,39227,0,0,0,0,0,J,18,Alveolar fibroblast 1,43,22,1,1,1_5_1,LymphaticEndo
J-3750,all,37,22,4276,3387,9,29459,0,0,0,0,0,J,3,Capillary 1 cell,40,22,2,2,2_3,Vein
J-3752,all,36,23,5469,2610,22,47016,0,0,0,0,0,J,14,Sox9+/Id2+ epithelial cell,41,24,2,2,2_2,InflamMac
J-3755,all,33,16,3893,2282,35,18795,0,0,0,0,0,J,5,Alveolar type 1 cell,42,16,1,1,1_2_1,Tcell (CD4)
J-3757,all,46,14,4451,3564,31,26598,0,0,0,0,0,J,3,Mesothelial cell,47,14,3,3,3_3,AdventitialFib
J-3758,all,134,50,4723,3635,14,93378,0,0,0,0,0,J,4,Neutrophil,48,20,2,2,2_6,pDC
J-3759,all,38,13,4347,3384,9,20750,997,997,0,1,0,J,19,Arterial endothelial cell,45,14,2,2,2_4,Artery
J-3762,all,39,24,5515,2812,16,63023,0,0,0,0,0,J,8,Alveolar fibroblast 1,43,24,1,1,1_5_1,LymphaticEndo
J-3764,all,21,10,3837,2109,15,48037,0,0,0,0,0,J,15,Alveolar type 2 cell,37,10,1,1,1_3,AT2
J-3766,all,44,20,4896,2670,16,33693,0,0,0,0,0,J,3,Alveolar fibroblast 1,45,20,1,1,1_4_1,AlveolarFib
J-3767,all,37,9,4459,2525,18,39594,0,0,0,0,0,J,31,Alveolar type 2 cell,44,9,1,1,1_1,AT2
J-3772,all,89,13,3808,2251,30,44594,0,0,0,0,0,J,81,Alveolar type 2 cell,53,12,1,1,1_1,AT2
J-3773,all,15,10,4398,2354,26,32011,0,0,0,0,0,J,2,Proliferative mesenchymal progenitor cell,32,10,2,2,2_6,pDC
J-3776,all,141,57,4026,3489,23,100027,0,0,0,0,0,J,15,Venous endothelial cell,49,27,3,3,3_2,SMC
J-3777,all,112,18,3999,2523,38,42990,0,0,0,0,0,J,64,Alveolar type 2 cell,51,8,8,8,8_2,InterstitialMac
J-3780,all,42,24,4413,3471,25,50483,0,0,0,0,0,J,9,Interstitial macrophage,44,24,8,8,8_3,InterstitialMac
J-3781,all,94,37,4940,2435,22,105301,0,0,0,0,0,J,16,Capillary 1 cell,62,36,2,2,2_3,Vein
J-3782,all,19,12,3646,3105,23,24040,0,0,0,0,0,J,4,B cell,39,12,2,2,2_6,pDC
J-3784,all,89,20,3826,3780,11,34460,166,0,166,0,1,J,2,Venous endothelial cell,56,19,2,2,2_3,Vein
J-3786,all,18,9,4152,2131,31,67844,0,0,0,0,0,J,2,Sox9+/Id2+ epithelial cell,36,9,8,8,8_2,InterstitialMac
J-3791,all,95,32,4701,3516,16,71687,541,541,0,1,0,J,9,Venous endothelial cell,62,31,8,8,8_3,InterstitialMac
J-3792,all,64,34,3944,3268,22,41615,0,0,0,0,0,J,3,Inflammatory monocyte,57,35,1,1,1_6_2,Neutrophil
J-3795,all,50,22,3972,2974,16,22896,2682,0,1227,0,1,J,16,Capillary 1 cell,50,23,2,2,2_1,Capillary
J-3796,all,380,59,5472,3645,22,143391,245,0,245,0,1,J,100,Alveolar type 2 cell,51,10,2,2,2_2,InflamMac
J-3798,all,151,33,4711,3556,28,62487,7288,0,7288,0,1,J,12,Inflammatory monocyte,52,9,9,9,9,Bcell
J-3800,all,69,35,4545,3544,22,106444,1240,0,1240,0,1,J,13,Capillary 1 cell,55,36,2,2,2_2,InflamMac
J-3801,all,185,56,4998,2724,19,97555,1149,0,378,0,1,J,35,Arterial endothelial cell,52,21,2,2,2_4,Artery
J-3802,all,66,31,3992,3303,24,48298,0,0,0,0,0,J,4,Capillary 1 cell,58,31,2,2,2_3,Vein
J-3803,all,41,22,4446,2134,27,72729,0,0,0,0,0,J,7,Capillary 1 cell,43,23,2,2,2_1,Capillary
J-3804,all,107,28,4922,2680,16,54828,769,0,716,0,1,J,6,Alveolar fibroblast 1,62,24,3,3,3_2,SMC
J-3805,all,41,22,4488,3434,21,38529,0,0,0,0,0,J,6,Sox9+/Id2+ epithelial cell,42,22,6,6,6,AT1
J-3806,all,40,16,5395,2508,12,33881,0,0,0,0,0,J,4,Interstitial macrophage,42,16,8,8,8_3,InterstitialMac
J-3809,all,56,21,4328,3501,34,29302,0,0,0,0,0,J,2,Venous endothelial cell,52,21,2,2,2_3,Vein
J-3810,all,57,31,5274,3728,24,82025,0,0,0,0,0,J,5,Neutrophil,55,31,7,7,7_2,PatrolMac
J-3815,all,37,18,5319,3480,11,27062,0,0,0,0,0,J,12,Sox9+/Id2+ epithelial cell,42,18,6,6,6,AT1
J-3818,all,49,26,3945,2023,16,100918,0,0,0,0,0,J,20,Capillary 1 cell,49,26,2,2,2_1,Capillary
J-3819,all,77,39,4097,3406,18,40523,0,0,0,0,0,J,9,Alveolar fibroblast 1,59,39,1,1,1_5_2,AlveolarFib
J-3821,all,51,29,4713,3465,20,58993,3387,1726,1424,0.547936508,0.452063492,J,7,Mature DC subset,51,29,9,9,9,Bcell
J-3822,all,61,24,3646,3222,16,35175,0,0,0,0,0,J,12,Arterial endothelial cell,53,24,2,2,2_3,Vein
J-3825,all,26,10,4637,2064,24,56604,0,0,0,0,0,J,15,Sox9+/Id2+ epithelial cell,45,10,2,2,2_3,Vein
J-3826,all,38,16,4346,3474,31,44988,3941,329,3612,0.08348135,0.91651865,J,2,Alveolar fibroblast 1,43,17,1,1,1_5_2,AlveolarFib
J-3827,all,16,13,4447,3458,20,28443,0,0,0,0,0,J,2,Alveolar macrophage,32,13,8,8,8_1,AlveolarMac
J-3828,all,6,6,5498,2703,25,16249,0,0,0,0,0,J,2,Proliferative mesenchymal progenitor cell,22,9,3,3,3_4,AdventitialFib
J-3829,all,11,8,4480,2010,36,24434,0,0,0,0,0,J,2,Proliferative mesenchymal progenitor cell,29,8,2,2,2_6,pDC
J-3830,all,106,41,4983,1989,32,55945,0,0,0,0,0,J,17,Alveolar fibroblast 1,57,32,2,2,2_3,Vein
J-3831,all,288,46,4026,3751,23,78744,21246,445,20801,0.020945119,0.979054881,J,54,Alveolar type 2 cell,54,11,1,1,1_3,AT2
J-3833,all,57,13,3918,2971,21,16336,2958,808,648,0.554945055,0.445054945,J,23,Alveolar type 2 cell,51,13,1,1,1_3,AT2
J-3834,all,40,12,4263,3606,30,24669,0,0,0,0,0,J,3,Sox9+/Id2+ epithelial cell,44,13,1,1,1_6_2,Neutrophil
J-3835,all,65,18,4790,2564,18,39643,262,206,56,0.786259542,0.213740458,J,19,Sox9+/Id2+ epithelial cell,54,18,1,1,1_3,AT2
J-3837,all,9,6,5519,3809,6,6479,0,0,0,0,0,J,3,Alveolar macrophage,28,7,2,2,2_2,InflamMac
J-3839,all,42,21,4794,2518,32,29094,0,0,0,0,0,J,11,Capillary 1 cell,44,20,2,2,2_1,Capillary
J-3842,all,74,31,3957,3484,9,24723,0,0,0,0,0,J,5,B cell,54,31,9,9,9,Bcell
J-3843,all,19,10,4942,2306,19,20210,50,0,50,0,1,J,9,Sox9+/Id2+ epithelial cell,40,11,1,1,1_4_3,AlveolarFib
J-3847,all,12,7,5382,3486,34,47591,0,0,0,0,0,J,4,B cell,26,7,3,3,3_4,AdventitialFib
J-3848,all,55,24,4775,2592,22,51970,0,0,0,0,0,J,7,CD4+ T cell,52,24,7,7,7_2,PatrolMac
J-3849,all,41,20,4183,3412,28,33097,2995,0,2945,0,1,J,8,Alveolar fibroblast 1,42,20,3,3,3_4,AdventitialFib
J-3852,all,53,34,5568,3134,35,42042,0,0,0,0,0,J,10,Natural killer cell,53,34,2,2,2_6,pDC
J-3854,all,33,15,5490,2733,19,72753,0,0,0,0,0,J,12,Alveolar fibroblast 1,42,16,3,3,3_1,SMC
J-3856,all,63,19,4953,2671,21,27625,0,0,0,0,0,J,5,Proliferative mesenchymal progenitor cell,54,19,3,3,3_3,AdventitialFib
J-3859,all,39,16,4610,2058,16,43609,0,0,0,0,0,J,9,B cell,43,16,2,2,2_6,pDC
J-3861,all,28,20,4616,3646,29,39739,0,0,0,0,0,J,4,Pericyte,38,20,5,5,5_3,Pericyte
J-3862,all,21,14,3989,3256,15,19913,0,0,0,0,0,J,2,Capillary 2 cell,39,15,1,1,1_6_2,Neutrophil
J-3863,all,28,12,4112,2397,40,26541,0,0,0,0,0,J,9,Alveolar type 1 cell,43,12,6,6,6,AT1
J-3865,all,25,21,3875,2266,35,17984,0,0,0,0,0,J,8,Sox9+/Id2+ epithelial cell,45,22,2,2,2_3,Vein
J-3867,all,71,33,3811,3206,17,47053,2994,0,2100,0,1,J,20,Endothelial progenitor cell,59,33,8,8,8_2,InterstitialMac
J-3869,all,22,13,3917,2536,35,33546,0,0,0,0,0,J,5,Sox9+/Id2+ epithelial cell,39,13,2,2,2_3,Vein
J-3870,all,12,9,4577,2379,33,16732,0,0,0,0,0,J,4,B cell,31,10,1,1,1_4_1,AlveolarFib
J-3872,all,32,15,4371,3390,8,22044,0,0,0,0,0,J,13,Inflammatory monocyte,42,17,2,2,2_5,DC
J-3875,all,24,17,5380,3790,5,25170,0,0,0,0,0,J,3,Ciliated cell,43,17,2,2,2_6,pDC
J-3877,all,100,32,3778,3533,23,40500,209043,80110,110852,0.419507546,0.580492454,J,18,T regulatory cell,56,23,7,7,7_3,Tcell (CD8)
J-3879,all,47,22,3811,3475,30,35283,0,0,0,0,0,J,7,Vascular smooth muscle cell,51,23,3,3,3_2,SMC
J-3885,all,102,31,5028,4115,12,71292,1366,228,1138,0.166910688,0.833089312,J,3,Alveolar macrophage,61,28,8,8,8_1,AlveolarMac
J-3887,all,22,11,5258,4028,6,23907,0,0,0,0,0,J,2,Endothelial progenitor cell,42,11,2,2,2_1,Capillary
J-3890,all,163,17,3896,3844,9,54109,164130,8534,155651,0.051977952,0.948022048,J,6,Endothelial progenitor cell,58,8,2,2,2_6,pDC
J-3891,all,24,17,4968,3829,27,53759,0,0,0,0,0,J,8,Pericyte,43,17,5,5,5_1,Pericyte
J-3892,all,67,33,4969,4876,14,76358,0,0,0,0,0,J,12,Capillary 2 cell,55,34,2,2,2_2,InflamMac
J-3893,all,40,20,4557,5279,33,36796,0,0,0,0,0,J,6,Natural killer cell,42,20,8,8,8_3,InterstitialMac
J-3894,all,34,24,5310,4326,13,47504,0,0,0,0,0,J,8,Capillary 1 cell,41,24,2,2,2_1,Capillary
J-3895,all,44,28,5024,4950,16,60053,0,0,0,0,0,J,9,Neutrophil,44,28,1,1,1_5_1,LymphaticEndo
J-3896,all,52,32,4863,5394,15,41706,0,0,0,0,0,J,11,Arterial endothelial cell,51,32,5,5,5_3,Pericyte
J-3898,all,64,34,5001,5013,15,81603,0,0,0,0,0,J,11,CD8+ T cell,56,34,7,7,7_2,PatrolMac
J-3899,all,50,27,4691,5029,32,70588,0,0,0,0,0,J,6,Neutrophil,48,27,2,2,2_1,Capillary
J-3900,all,46,30,5314,4282,13,60755,0,0,0,0,0,J,17,Secondary crest myofibroblast,46,30,5,5,5_3,Pericyte
J-3903,all,143,43,4942,5232,11,94473,0,0,0,0,0,J,12,Capillary 1 cell,51,21,2,2,2_2,InflamMac
J-3905,all,35,19,4954,4812,28,41193,0,0,0,0,0,J,12,Arterial endothelial cell,43,19,2,2,2_4,Artery
J-3908,all,34,19,5311,4061,19,31896,0,0,0,0,0,J,6,Capillary 1 cell,41,19,2,2,2_6,pDC
J-3909,all,60,31,5274,4087,22,74579,0,0,0,0,0,J,9,Capillary 1 cell,54,31,2,2,2_1,Capillary
J-3911,all,207,43,5297,3867,19,90884,3650,0,3650,0,1,J,23,Alveolar macrophage,59,22,8,8,8_1,AlveolarMac
J-3913,all,14,11,4993,4239,35,20832,0,0,0,0,0,J,2,Endothelial progenitor cell,35,12,2,2,2_1,Capillary
J-3914,all,67,24,4677,5438,9,56088,0,0,0,0,0,J,24,B cell,53,24,9,9,9,Bcell
J-3916,all,71,13,4096,4060,13,37923,41717,34965,9334,0.789295469,0.210704531,J,24,Sox9+/Id2+ epithelial cell,51,13,1,1,1_3,AT2
J-3918,all,78,33,4578,5308,32,44017,0,0,0,0,0,J,9,Interstitial macrophage,59,33,8,8,8_3,InterstitialMac
J-3921,all,163,27,4718,4277,18,71371,25198,11844,14407,0.451182812,0.548817188,J,31,Alveolar type 2 cell,52,9,1,1,1_3,AT2
J-3922,all,244,26,5142,4024,19,83658,123248,49479,73819,0.401296047,0.598703953,J,105,Alveolar type 2 cell,54,6,1,1,1_1,AT2
J-3926,all,56,23,4559,5343,34,44962,0,0,0,0,0,J,6,Alveolar type 1 cell,53,23,6,6,6,AT1
J-3927,all,53,25,4723,4397,12,69175,0,0,0,0,0,J,7,Capillary 1 cell,53,25,2,2,2_1,Capillary
J-3928,all,22,13,5165,4433,29,31842,0,0,0,0,0,J,2,Alveolar type 1 cell,41,12,2,2,2_1,Capillary
J-3929,all,38,17,4943,5354,7,27725,0,0,0,0,0,J,9,Natural killer cell,43,17,7,7,7_4,PatrolMac
J-3934,all,35,16,4993,4627,10,35778,0,0,0,0,0,J,9,Proliferative mesenchymal progenitor cell,42,17,3,3,3_1,SMC
J-3935,all,8,4,5497,3812,9,20273,0,0,0,0,0,J,3,Alveolar fibroblast 1,22,5,3,3,3_1,SMC
J-3936,all,113,24,5013,4266,30,45040,1845,10927,509,0.955491431,0.044508569,J,36,Alveolar type 2 cell,50,10,1,1,1_1,AT2
J-3937,all,66,21,5436,4424,25,61228,0,0,0,0,0,J,48,Alveolar type 2 cell,55,22,3,3,3_1,SMC
J-3940,all,28,16,4757,5579,17,22396,0,0,0,0,0,J,8,Capillary 1 cell,44,16,2,2,2_1,Capillary
J-3941,all,86,41,4725,4958,13,64297,0,0,0,0,0,J,12,Neutrophil,64,41,7,7,7_3,Tcell (CD8)
J-3942,all,53,19,5318,4418,19,40486,0,0,0,0,0,J,5,Alveolar type 1 cell,51,19,6,6,6,AT1
J-3943,all,45,25,4921,5082,7,36423,0,0,0,0,0,J,10,Pericyte,45,25,5,5,5_3,Pericyte
J-3945,all,25,15,4542,5230,21,42411,0,0,0,0,0,J,9,Interstitial macrophage,42,15,8,8,8_3,InterstitialMac
J-3946,all,218,62,3969,4602,17,133784,26767,13078,13742,0.487621178,0.512378822,J,59,Alveolar fibroblast 1,49,23,3,3,3_1,SMC
J-3949,all,76,32,3814,4540,11,63259,52,58,52,0.527272727,0.472727273,J,6,Sox9+/Id2+ epithelial cell,56,32,2,2,2_3,Vein
J-3951,all,74,28,4738,4628,18,64171,0,0,0,0,0,J,20,Arterial endothelial cell,49,28,2,2,2_1,Capillary
J-3952,all,14,12,4738,5488,8,30216,0,0,0,0,0,J,4,Mature DC subset,30,12,6,6,6,AT1
J-3953,all,213,31,4672,4307,17,97815,39824,7076,31695,0.182507544,0.817492456,J,57,Alveolar fibroblast 1,58,17,3,3,3_5,SMC
J-3954,all,87,38,4632,5344,15,90688,0,0,0,0,0,J,21,Natural killer cell,61,38,7,7,7_2,PatrolMac
J-3955,all,16,12,4846,4233,25,21967,0,0,0,0,0,J,4,Secondary crest myofibroblast,36,13,2,2,2_1,Capillary
J-3956,all,21,11,5039,4630,8,29997,0,0,0,0,0,J,2,Proliferative mesenchymal progenitor cell,40,12,3,3,3_1,SMC
J-3957,all,21,12,4648,4979,15,27256,0,0,0,0,0,J,4,Arterial endothelial cell,39,13,2,2,2_4,Artery
J-3959,all,72,42,4518,5281,19,95456,0,0,0,0,0,J,14,Interstitial macrophage,58,42,8,8,8_3,InterstitialMac
J-3960,all,64,36,4976,5381,12,60019,0,0,0,0,0,J,9,Natural killer cell,57,36,7,7,7_2,PatrolMac
J-3961,all,106,46,4882,5360,24,80760,0,0,0,0,0,J,21,Pericyte,61,41,5,5,5_3,Pericyte
J-3962,all,83,24,5053,5062,18,100620,0,0,0,0,0,J,35,Alveolar type 2 cell,55,24,1,1,1_1,AT2
J-3965,all,48,31,4055,4125,26,63828,0,0,0,0,0,J,9,Capillary 1 cell,47,30,2,2,2_1,Capillary
J-3966,all,33,15,3990,4019,11,45340,280,163,117,0.582142857,0.417857143,J,10,Pericyte,42,15,5,5,5_3,Pericyte
J-3968,all,157,18,4762,4586,10,35070,32679,39471,972,0.975966175,0.024033825,J,55,Alveolar type 2 cell,54,9,1,1,1_1,AT2
J-3970,all,147,43,4679,4536,27,81500,318,0,318,0,1,J,15,Alveolar macrophage,56,27,8,8,8_1,AlveolarMac
J-3972,all,20,9,4001,3908,10,21947,107,0,107,0,1,J,2,Capillary 2 cell,37,9,2,2,2_1,Capillary
J-3975,all,64,23,4563,5625,11,62903,0,0,0,0,0,J,31,Capillary 1 cell,52,23,2,2,2_1,Capillary
J-3976,all,53,19,4507,5618,26,52170,0,0,0,0,0,J,39,Pericyte,51,19,5,5,5_3,Pericyte
J-3977,all,102,33,4731,4451,17,79767,0,0,0,0,0,J,8,Capillary 2 cell,57,25,1,1,1_3,AT2
J-3978,all,35,21,4815,5142,26,47676,0,0,0,0,0,J,6,Capillary 1 cell,42,21,2,2,2_1,Capillary
J-3979,all,46,24,3917,4638,13,61718,0,0,0,0,0,J,10,Neutrophil,47,25,3,3,3_1,SMC
J-3980,all,74,28,5216,4008,11,61428,0,0,0,0,0,J,9,Alveolar type 1 cell,55,28,6,6,6,AT1
J-3983,all,16,11,4354,5424,20,47791,0,0,0,0,0,J,3,Capillary 1 cell,33,10,2,2,2_1,Capillary
J-3984,all,43,24,4635,4883,30,90604,0,0,0,0,0,J,10,Natural killer cell,43,24,7,7,7_3,Tcell (CD8)
J-3985,all,43,25,5261,5618,27,71767,0,0,0,0,0,J,11,Arterial endothelial cell,45,25,2,2,2_4,Artery
J-3987,all,40,22,5395,4294,10,76601,0,0,0,0,0,J,5,B cell,42,22,7,7,7_2,PatrolMac
J-3988,all,28,18,5305,4107,13,47317,0,0,0,0,0,J,6,Capillary 1 cell,45,19,2,2,2_1,Capillary
J-3989,all,64,26,4990,4798,23,49867,0,0,0,0,0,J,43,Capillary 2 cell,54,26,1,1,1_1,AT2
J-3990,all,99,43,4561,5069,17,84284,0,0,0,0,0,J,15,Alveolar fibroblast 1,62,41,2,2,2_1,Capillary
J-3991,all,44,20,4791,5055,12,32868,0,0,0,0,0,J,21,Capillary 1 cell,45,20,2,2,2_3,Vein
J-3992,all,66,34,4754,5297,15,69233,0,0,0,0,0,J,7,Neutrophil,60,35,2,2,2_2,InflamMac
J-3993,all,29,20,5234,5590,33,53203,0,0,0,0,0,J,4,Capillary 1 cell,37,20,9,9,9,Bcell
J-3994,all,62,36,4051,3994,18,58631,0,0,0,0,0,J,8,Endothelial progenitor cell,57,36,3,3,3_4,AdventitialFib
J-3997,all,80,23,3842,3863,14,43896,70673,2251,68569,0.031784807,0.968215193,J,13,Alveolar type 1 cell,60,23,1,1,1_2_1,Tcell (CD4)
J-3998,all,50,26,4864,4250,15,52578,0,0,0,0,0,J,7,Alveolar fibroblast 1,50,26,3,3,3_4,AdventitialFib
J-3999,all,73,25,4960,4775,15,48669,0,0,0,0,0,J,44,Sox9+/Id2+ epithelial cell,56,24,2,2,2_1,Capillary
J-4002,all,22,12,4861,5140,18,40585,0,0,0,0,0,J,7,Capillary 1 cell,40,12,2,2,2_1,Capillary
J-4003,all,121,49,4108,4151,18,73329,0,0,0,0,0,J,19,Sox9+/Id2+ epithelial cell,49,29,1,1,1_5_4,pDC
J-4007,all,45,18,5153,4057,35,34421,10341,0,10291,0,1,J,11,Alveolar type 2 cell,46,18,2,2,2_3,Vein
J-4013,all,16,11,5330,4509,33,30787,0,0,0,0,0,J,5,B cell,35,11,9,9,9,Bcell
J-4014,all,92,33,4069,3819,14,75343,0,0,0,0,0,J,12,Capillary 1 cell,57,32,2,2,2_1,Capillary
J-4017,all,45,23,4896,4536,33,33437,0,0,0,0,0,J,6,Pericyte,46,24,1,1,1_4_1,AlveolarFib
J-4018,all,45,19,5080,4040,17,70272,0,0,0,0,0,J,9,Arterial endothelial cell,45,19,2,2,2_3,Vein
J-4019,all,33,14,4938,5439,22,33695,0,0,0,0,0,J,6,Alveolar type 1 cell,43,14,6,6,6,AT1
J-4020,all,32,12,4937,4012,5,18086,10833,6337,4496,0.584971845,0.415028155,J,18,Sox9+/Id2+ epithelial cell,42,12,1,1,1_3,AT2
J-4022,all,110,25,5158,4507,20,67993,0,0,0,0,0,J,74,Alveolar type 2 cell,56,22,1,1,1_1,AT2
J-4023,all,11,8,4866,4157,5,13454,0,0,0,0,0,J,3,Proliferative mesenchymal progenitor cell,26,8,1,1,1_2_3,Tcell (CD4)
J-4024,all,67,32,4731,4555,22,75353,8511,4755,0,1,0,J,15,Arterial endothelial cell,58,32,2,2,2_1,Capillary
J-4025,all,48,29,4842,5283,30,75672,0,0,0,0,0,J,7,CD4+ T cell,48,29,7,7,7_4,PatrolMac
J-4026,all,56,24,5204,4466,25,76238,0,0,0,0,0,J,29,Neutrophil,52,24,8,8,8_1,AlveolarMac
J-4027,all,148,30,3794,3940,15,64355,17502,15240,3272,0.823249784,0.176750216,J,14,Alveolar fibroblast 1,54,16,1,1,1_5_2,AlveolarFib
J-4029,all,12,11,5053,3879,24,32806,0,0,0,0,0,J,3,Capillary 1 cell,28,11,2,2,2_3,Vein
J-4030,all,33,18,3770,4656,31,47539,0,0,0,0,0,J,9,Pericyte,42,18,5,5,5_1,Pericyte
J-4033,all,27,15,5196,5597,25,37755,0,0,0,0,0,J,4,Natural killer cell,40,16,2,2,2_2,InflamMac
J-4036,all,94,31,4066,3946,22,58394,0,0,0,0,0,J,10,Endothelial progenitor cell,62,30,2,2,2_2,InflamMac
J-4037,all,63,32,4639,4783,16,73006,0,0,0,0,0,J,22,Capillary 1 cell,57,33,2,2,2_1,Capillary
J-4040,all,12,7,4891,4185,5,13641,0,0,0,0,0,J,2,Mast cell,29,7,7,7,7_2,PatrolMac
J-4041,all,72,29,5191,5543,22,74633,0,0,0,0,0,J,10,Neutrophil,51,29,2,2,2_6,pDC
J-4042,all,16,11,4591,4693,37,20863,0,0,0,0,0,J,7,Alveolar fibroblast 1,30,11,1,1,1_5_4,pDC
J-4044,all,52,29,4646,4366,16,68088,0,0,0,0,0,J,12,Alveolar fibroblast 2,52,29,3,3,3_4,AdventitialFib
J-4045,all,59,29,5419,4387,33,42247,0,0,0,0,0,J,20,Sox9+/Id2+ epithelial cell,56,29,2,2,2_1,Capillary
J-4046,all,75,25,5027,4830,27,69200,0,0,0,0,0,J,48,Alveolar type 2 cell,53,25,1,1,1_1,AT2
J-4047,all,93,34,5135,4309,14,81826,0,0,0,0,0,J,8,B cell,59,34,2,2,2_3,Vein
J-4049,all,12,8,4547,4782,35,33700,0,0,0,0,0,J,4,Capillary 2 cell,33,9,2,2,2_1,Capillary
J-4052,all,60,39,4951,4647,31,57460,0,0,0,0,0,J,16,Capillary 1 cell,58,39,2,2,2_3,Vein
J-4054,all,288,32,5040,4290,22,63674,73364,42781,20992,0.670832484,0.329167516,J,85,Alveolar type 2 cell,56,9,1,1,1_3,AT2
J-4055,all,34,22,3970,4054,20,49705,0,0,0,0,0,J,7,CD4+ T cell,42,23,3,3,3_1,SMC
J-4060,all,93,35,3925,4166,20,67419,0,0,0,0,0,J,9,Alveolar type 1 cell,64,35,6,6,6,AT1
J-4061,all,64,26,4834,5405,19,70798,0,0,0,0,0,J,22,Alveolar type 2 cell,57,26,8,8,8_2,InterstitialMac
J-4062,all,241,55,3769,3915,22,108299,96079,68688,27869,0.711372557,0.288627443,J,17,AT1/AT2,49,12,2,2,2_2,InflamMac
J-4064,all,18,8,4879,4605,25,36746,0,0,0,0,0,J,8,Pericyte,36,8,5,5,5_1,Pericyte
J-4066,all,62,24,5430,4485,22,100079,0,0,0,0,0,J,30,Alveolar fibroblast 1,53,25,3,3,3_1,SMC
J-4067,all,42,22,4784,4180,28,42612,0,0,0,0,0,J,22,Arterial endothelial cell,42,22,7,7,7_3,Tcell (CD8)
J-4070,all,122,46,4846,5482,7,66953,0,0,0,0,0,J,29,Mature DC subset,49,26,1,1,1_2_1,Tcell (CD4)
J-4072,all,47,32,4952,4968,33,78591,0,0,0,0,0,J,13,Pericyte,47,32,5,5,5_3,Pericyte
J-4073,all,48,21,4921,5312,18,99981,0,0,0,0,0,J,14,B cell,48,21,9,9,9,Bcell
J-4075,all,157,38,3817,4575,24,82737,663,152,453,0.251239669,0.748760331,J,12,Natural killer cell,52,17,7,7,7_2,PatrolMac
J-4078,all,84,30,3762,3859,11,55793,0,0,0,0,0,J,6,Alveolar fibroblast 1,59,30,2,2,2_6,pDC
J-4080,all,10,7,4565,4726,39,23679,0,0,0,0,0,J,4,Alveolar fibroblast 1,29,8,1,1,1_4_3,AlveolarFib
J-4081,all,85,38,5058,3842,22,117984,0,0,0,0,0,J,6,B cell,64,38,9,9,9,Bcell
J-4083,all,28,20,4310,5517,18,80827,0,0,0,0,0,J,5,Secondary crest myofibroblast,34,21,3,3,3_5,SMC
J-4085,all,17,12,5108,5622,21,31437,0,0,0,0,0,J,6,Capillary 1 cell,34,12,2,2,2_1,Capillary
J-4087,all,41,31,4738,5047,23,47054,0,0,0,0,0,J,5,Pericyte,41,31,5,5,5_3,Pericyte
J-4089,all,22,15,5032,4902,16,44219,0,0,0,0,0,J,6,Innate lymphoid cell,41,15,1,1,1_4_3,AlveolarFib
J-4091,all,41,22,3973,3887,28,68372,0,0,0,0,0,J,8,Capillary 1 cell,43,22,2,2,2_3,Vein
J-4092,all,47,21,3981,4088,17,45767,36495,1133,35362,0.031045349,0.968954651,J,4,Capillary 1 cell,46,20,2,2,2_1,Capillary
J-4093,all,75,27,4380,5566,18,135746,0,0,0,0,0,J,8,CD8+ T cell,54,27,7,7,7_2,PatrolMac
J-4097,all,47,28,5069,5619,18,59991,0,0,0,0,0,J,5,Capillary 2 cell,48,28,2,2,2_1,Capillary
J-4098,all,12,10,4661,4617,27,29069,0,0,0,0,0,J,4,Neutrophil,26,11,1,1,1_4_1,AlveolarFib
J-4099,all,41,27,4767,3905,30,57392,0,0,0,0,0,J,9,Capillary 1 cell,42,27,2,2,2_3,Vein
J-4104,all,28,7,4023,4144,26,16071,1503,57,1503,0.036538462,0.963461538,J,8,Sox9+/Id2+ epithelial cell,40,7,1,1,1_3,AT2
J-4105,all,22,13,5145,3818,5,37020,0,0,0,0,0,J,3,Endothelial progenitor cell,38,13,2,2,2_3,Vein
J-4106,all,62,24,3813,3894,26,33783,41919,764,39465,0.018991275,0.981008725,J,11,Capillary 1 cell,53,24,9,9,9,Bcell
J-4108,all,30,20,4752,5266,31,41867,0,0,0,0,0,J,6,Sox9+/Id2+ epithelial cell,39,21,2,2,2_1,Capillary
J-4109,all,20,16,4700,4463,28,47365,0,0,0,0,0,J,5,Alveolar type 1 cell,39,16,2,2,2_1,Capillary
J-4111,all,47,23,4600,5334,27,42705,0,0,0,0,0,J,4,Inflammatory monocyte,47,23,5,5,5_3,Pericyte
J-4112,all,15,11,5264,4496,39,26579,0,0,0,0,0,J,2,Capillary 2 cell,31,11,2,2,2_1,Capillary
J-4113,all,36,22,4722,4507,30,79527,0,0,0,0,0,J,8,Pericyte,40,22,5,5,5_1,Pericyte
J-4114,all,98,26,3999,4146,23,52151,28094,13871,17985,0.435428177,0.564571823,J,20,Alveolar type 2 cell,60,22,9,9,9,Bcell
J-4117,all,19,14,4821,4223,29,25127,0,0,0,0,0,J,7,Pericyte,38,14,5,5,5_3,Pericyte
J-4119,all,22,10,5003,4776,8,18257,0,0,0,0,0,J,12,Sox9+/Id2+ epithelial cell,41,10,1,1,1_1,AT2
J-4121,all,25,15,4774,4032,30,50738,0,0,0,0,0,J,3,Natural killer cell,38,16,2,2,2_2,InflamMac
J-4125,all,38,23,4996,4576,12,67616,0,0,0,0,0,J,4,Capillary 1 cell,43,23,2,2,2_1,Capillary
J-4126,all,31,24,4853,5345,31,39600,0,0,0,0,0,J,12,Pericyte,36,24,5,5,5_1,Pericyte
J-4127,all,81,29,4596,5010,10,68718,0,0,0,0,0,J,7,Neutrophil,57,29,8,8,8_2,InterstitialMac
J-4130,all,73,31,4417,5146,31,94774,0,0,0,0,0,J,17,Capillary 1 cell,56,31,1,1,1_2_1,Tcell (CD4)
J-4132,all,146,20,4777,4558,11,38062,32242,10020,18214,0.354891266,0.645108734,J,54,Alveolar type 2 cell,52,6,1,1,1_1,AT2
J-4133,all,243,25,3970,4127,20,92028,105730,18265,83646,0.17922501,0.82077499,J,45,Alveolar fibroblast 1,56,7,2,2,2_1,Capillary
J-4136,all,22,16,5318,4539,33,45109,0,0,0,0,0,J,4,B cell,39,16,9,9,9,Bcell
J-4137,all,79,30,4461,5600,26,102417,0,0,0,0,0,J,40,Alveolar type 2 cell,55,30,1,1,1_1,AT2
J-4138,all,117,38,5351,4239,17,89290,0,0,0,0,0,J,53,Alveolar type 2 cell,50,26,2,2,2_1,Capillary
J-4139,all,79,30,4677,4938,14,79696,0,0,0,0,0,J,7,Alveolar type 1 cell,54,30,2,2,2_1,Capillary
J-4142,all,102,49,4797,3875,20,94512,0,0,0,0,0,J,11,Venous endothelial cell,63,42,1,1,1_5_2,AlveolarFib
J-4145,all,80,38,5165,4220,14,99029,110,0,110,0,1,J,10,Capillary 2 cell,57,38,2,2,2_6,pDC
J-4149,all,26,14,4495,5324,29,44611,0,0,0,0,0,J,5,Neutrophil,40,14,9,9,9,Bcell
J-4152,all,29,24,5078,3909,21,45745,0,0,0,0,0,J,6,Capillary 1 cell,35,24,2,2,2_1,Capillary
J-4156,all,50,32,5029,4706,17,108823,0,0,0,0,0,J,5,Alveolar fibroblast 1,51,33,3,3,3_1,SMC
J-4157,all,39,19,4085,3993,20,22263,0,0,0,0,0,J,3,Venous endothelial cell,41,19,2,2,2_3,Vein
J-4162,all,111,44,5466,4372,22,137948,0,0,0,0,0,J,22,Sox9+/Id2+ epithelial cell,54,30,2,2,2_3,Vein
J-4163,all,31,21,4467,5234,24,91108,0,0,0,0,0,J,8,Pericyte,40,21,5,5,5_1,Pericyte
J-4164,all,26,13,4981,5340,4,13371,0,0,0,0,0,J,4,Natural killer cell,43,13,7,7,7_4,PatrolMac
J-4167,all,37,17,4758,5071,19,33954,0,0,0,0,0,J,19,Sox9+/Id2+ epithelial cell,43,17,2,2,2_6,pDC
J-4172,all,116,54,5124,4439,22,102335,0,0,0,0,0,J,11,Alveolar fibroblast 1,44,27,2,2,2_1,Capillary
J-4173,all,19,8,4915,4613,28,44512,0,0,0,0,0,J,10,Pericyte,34,8,5,5,5_1,Pericyte
J-4174,all,19,16,4771,3845,32,21337,0,0,0,0,0,J,8,Capillary 1 cell,39,16,2,2,2_3,Vein
J-4178,all,29,20,4756,4069,29,61783,0,0,0,0,0,J,5,Alveolar fibroblast 1,41,22,2,2,2_5,DC
J-4185,all,6,4,3967,4670,26,8274,0,0,0,0,0,J,2,Mesothelial cell,25,6,3,3,3_1,SMC
J-4187,all,72,22,4515,5649,15,37813,0,0,0,0,0,J,52,Alveolar type 2 cell,53,22,1,1,1_1,AT2
J-4189,all,6,5,4758,5537,3,5327,0,0,0,0,0,J,5,Alveolar fibroblast 1,21,9,1,1,1_5_1,LymphaticEndo
J-4195,all,12,7,3947,4574,22,16154,318,0,265,0,1,J,3,Capillary 1 cell,30,7,2,2,2_1,Capillary
J-4196,all,27,9,4032,4086,7,18729,102,0,102,0,1,J,5,Alveolar type 1 cell,44,9,6,6,6,AT1
J-4197,all,34,19,4803,4204,28,43402,0,0,0,0,0,J,18,Pericyte,43,19,7,7,7_4,PatrolMac
J-4206,all,140,42,5181,5679,15,141112,0,0,0,0,0,J,90,B cell,47,18,9,9,9,Bcell
J-4208,all,59,30,4908,5982,27,78203,0,0,0,0,0,J,10,Capillary 1 cell,53,29,2,2,2_1,Capillary
J-4209,all,38,23,4206,6896,26,72843,0,0,0,0,0,J,13,Alveolar fibroblast 1,43,24,3,3,3_1,SMC
J-4213,all,82,20,4872,6225,19,63895,0,0,0,0,0,J,60,Alveolar type 2 cell,55,20,1,1,1_1,AT2
J-4215,all,49,17,5504,6535,12,73677,0,0,0,0,0,J,8,Inflammatory monocyte,49,17,7,7,7_4,PatrolMac
J-4216,all,87,45,4312,6436,16,106090,0,0,0,0,0,J,28,Alveolar fibroblast 1,62,44,1,1,1_5_1,LymphaticEndo
J-4217,all,58,27,4361,6550,21,97847,0,0,0,0,0,J,20,Alveolar type 2 cell,53,28,2,2,2_2,InflamMac
J-4218,all,41,23,4156,5888,26,76336,0,0,0,0,0,J,7,Alveolar fibroblast 1,43,24,1,1,1_5_1,LymphaticEndo
J-4219,all,34,18,3807,6415,24,65360,0,0,0,0,0,J,11,Pericyte,42,18,5,5,5_1,Pericyte
J-4220,all,22,17,4871,5953,27,52607,0,0,0,0,0,J,2,Inflammatory monocyte,42,18,2,2,2_2,InflamMac
J-4221,all,20,11,5075,6992,12,62944,0,0,0,0,0,J,5,Alveolar fibroblast 1,39,11,2,2,2_1,Capillary
J-4222,all,73,31,3938,5982,14,64149,0,0,0,0,0,J,19,Alveolar macrophage,56,31,8,8,8_1,AlveolarMac
J-4224,all,73,33,4509,5911,20,83162,0,0,0,0,0,J,13,Neutrophil,53,33,5,5,5_1,Pericyte
J-4225,all,173,34,4407,6464,20,119977,51,0,51,0,1,J,125,Sox9+/Id2+ epithelial cell,47,13,1,1,1_1,AT2
J-4227,all,29,16,5102,5826,17,72978,0,0,0,0,0,J,2,Capillary 1 cell,41,16,2,2,2_1,Capillary
J-4228,all,66,35,4249,6844,23,83039,0,0,0,0,0,J,28,Pericyte,58,35,5,5,5_1,Pericyte
J-4229,all,99,43,3847,6806,17,95153,0,0,0,0,0,J,15,Arterial endothelial cell,59,43,2,2,2_1,Capillary
J-4230,all,27,17,4364,6440,30,66409,0,0,0,0,0,J,8,Sox9+/Id2+ epithelial cell,48,17,2,2,2_3,Vein
J-4232,all,20,16,5420,6337,20,102361,285,120,165,0.421052632,0.578947368,J,3,Capillary 1 cell,41,16,2,2,2_1,Capillary
J-4234,all,42,21,4862,6260,14,74660,0,0,0,0,0,J,24,Pericyte,45,21,5,5,5_1,Pericyte
J-4235,all,53,25,5235,5672,10,58165,0,0,0,0,0,J,15,Inflammatory monocyte,52,25,2,2,2_1,Capillary
J-4236,all,34,24,4830,6411,23,45893,0,0,0,0,0,J,5,Pericyte,41,24,5,5,5_3,Pericyte
J-4237,all,78,30,4405,5734,24,92497,0,0,0,0,0,J,13,Natural killer cell,57,30,7,7,7_3,Tcell (CD8)
J-4238,all,61,26,5028,5670,16,81974,0,0,0,0,0,J,25,Secondary crest myofibroblast,54,26,5,5,5_1,Pericyte
J-4239,all,47,21,4816,6229,23,90868,0,0,0,0,0,J,14,Alveolar fibroblast 1,49,22,2,2,2_4,Artery
J-4240,all,32,19,3852,6557,32,74409,0,0,0,0,0,J,2,Capillary 1 cell,42,19,2,2,2_3,Vein
J-4241,all,71,27,4289,6147,18,92284,0,0,0,0,0,J,9,Arterial endothelial cell,54,27,1,1,1_5_1,LymphaticEndo
J-4242,all,14,9,4894,5747,12,24969,0,0,0,0,0,J,4,Sox9+/Id2+ epithelial cell,33,9,6,6,6,AT1
J-4243,all,15,10,5338,7154,15,70316,0,0,0,0,0,J,10,Pericyte,30,10,5,5,5_1,Pericyte
J-4244,all,17,13,5051,7256,15,55259,0,0,0,0,0,J,2,Capillary 1 cell,37,13,9,9,9,Bcell
J-4247,all,26,16,3865,6741,20,43567,0,0,0,0,0,J,2,Venous endothelial cell,45,16,2,2,2_3,Vein
J-4248,all,75,19,5250,7181,25,69794,0,0,0,0,0,J,17,Alveolar type 1 cell,53,19,6,6,6,AT1
J-4250,all,40,23,4976,6193,18,107897,0,0,0,0,0,J,12,Pericyte,43,23,5,5,5_1,Pericyte
J-4251,all,40,23,5324,6044,27,72848,0,0,0,0,0,J,5,Capillary 1 cell,44,22,2,2,2_1,Capillary
J-4252,all,122,23,4663,6321,21,63703,0,0,0,0,0,J,92,Sox9+/Id2+ epithelial cell,46,11,1,1,1_1,AT2
J-4253,all,45,29,4614,5981,33,54063,0,0,0,0,0,J,2,Venous endothelial cell,46,29,2,2,2_3,Vein
J-4254,all,42,26,3871,6617,25,78648,0,0,0,0,0,J,8,Inflammatory monocyte,44,26,2,2,2_1,Capillary
J-4256,all,29,18,3793,6753,35,49953,0,0,0,0,0,J,10,Alveolar fibroblast 2,38,18,5,5,5_1,Pericyte
J-4257,all,28,18,5356,5846,29,52116,0,0,0,0,0,J,4,Alveolar fibroblast 1,41,20,2,2,2_5,DC
J-4258,all,77,28,4947,5728,17,49157,0,0,0,0,0,J,14,Alveolar type 1 cell,57,30,2,2,2_5,DC
J-4259,all,57,30,4933,6295,10,93160,0,0,0,0,0,J,8,Capillary 1 cell,52,29,2,2,2_1,Capillary
J-4260,all,52,26,4771,6607,20,87441,0,0,0,0,0,J,7,Capillary 1 cell,52,27,2,2,2_1,Capillary
J-4261,all,56,32,5009,6814,29,80198,0,0,0,0,0,J,6,Capillary 1 cell,56,33,2,2,2_1,Capillary
J-4262,all,11,9,3856,5959,37,30055,0,0,0,0,0,J,3,Pericyte,28,9,5,5,5_1,Pericyte
J-4263,all,20,12,4343,6788,27,28272,0,0,0,0,0,J,5,B cell,38,12,9,9,9,Bcell
J-4265,all,25,15,5574,6217,16,67500,0,0,0,0,0,J,4,Capillary 1 cell,43,14,2,2,2_1,Capillary
J-4266,all,36,22,4882,6651,31,45068,0,0,0,0,0,J,9,Interstitial macrophage,39,22,8,8,8_3,InterstitialMac
J-4269,all,84,20,4761,6105,30,80696,0,0,0,0,0,J,64,Alveolar type 2 cell,53,20,1,1,1_3,AT2
J-4270,all,29,16,5281,6097,33,51221,0,0,0,0,0,J,11,Alveolar fibroblast 1,42,16,1,1,1_5_1,LymphaticEndo
J-4274,all,17,16,5404,7202,30,61359,0,0,0,0,0,J,5,Innate lymphoid cell,36,16,3,3,3_4,AdventitialFib
J-4276,all,44,26,4284,5844,21,68958,51,0,51,0,1,J,13,B cell,44,26,9,9,9,Bcell
J-4279,all,34,21,4796,5837,24,38972,0,0,0,0,0,J,10,Alveolar fibroblast 1,41,23,2,2,2_4,Artery
J-4280,all,50,24,4995,5760,29,76115,755,0,755,0,1,J,3,Capillary 1 cell,50,24,2,2,2_1,Capillary
J-4281,all,31,24,4804,6299,17,81969,0,0,0,0,0,J,5,Capillary 1 cell,35,23,2,2,2_1,Capillary
J-4282,all,61,31,5110,5950,21,93299,0,0,0,0,0,J,11,Alveolar fibroblast 1,54,31,1,1,1_5_1,LymphaticEndo
J-4283,all,54,30,4179,6829,30,54865,0,0,0,0,0,J,5,Lymphatic endothelial cell,54,30,2,2,2_3,Vein
J-4284,all,20,16,4340,6666,15,28235,0,0,0,0,0,J,4,Capillary 1 cell,41,16,2,2,2_3,Vein
J-4285,all,27,12,5582,7571,29,64611,0,0,0,0,0,J,2,Arterial endothelial cell,43,13,2,2,2_4,Artery
J-4286,all,43,28,5009,5941,25,101572,0,0,0,0,0,J,7,Pericyte,43,28,8,8,8_1,AlveolarMac
J-4287,all,129,12,4865,6402,28,93325,0,0,0,0,0,J,118,Alveolar type 2 cell,47,6,1,1,1_1,AT2
J-4288,all,10,6,4755,6655,6,20438,0,0,0,0,0,J,3,Capillary 1 cell,36,8,2,2,2_1,Capillary
J-4292,all,186,44,4599,5788,20,103441,0,0,0,0,0,J,131,Alveolar type 2 cell,46,14,1,1,1_1,AT2
J-4295,all,68,19,3785,6368,9,66444,0,0,0,0,0,J,15,Alveolar type 1 cell,53,19,6,6,6,AT1
J-4296,all,121,23,5468,7530,23,101410,0,0,0,0,0,J,13,Arterial endothelial cell,50,15,6,6,6,AT1
J-4298,all,58,15,4082,6533,35,58287,0,0,0,0,0,J,37,Alveolar type 2 cell,52,15,1,1,1_3,AT2
J-4299,all,7,7,4928,5921,16,29312,0,0,0,0,0,J,2,Capillary 1 cell,29,7,2,2,2_1,Capillary
J-4300,all,13,9,3825,5964,34,37080,0,0,0,0,0,J,4,Neutrophil,30,9,5,5,5_3,Pericyte
J-4301,all,71,37,4789,5783,17,107911,0,0,0,0,0,J,14,Natural killer cell,58,37,7,7,7_3,Tcell (CD8)
J-4303,all,25,16,5344,5889,16,37707,0,0,0,0,0,J,3,Alveolar type 1 cell,45,16,6,6,6,AT1
J-4304,all,103,28,5229,6690,17,88375,0,0,0,0,0,J,18,Inflammatory monocyte,60,23,7,7,7_3,Tcell (CD8)
J-4305,all,16,11,3835,6397,18,34198,0,0,0,0,0,J,11,Pericyte,34,11,5,5,5_1,Pericyte
J-4309,all,20,15,5291,7321,22,75266,0,0,0,0,0,J,7,Alveolar fibroblast 1,37,15,1,1,1_5_1,LymphaticEndo
J-4311,all,140,34,4224,6567,20,110055,0,0,0,0,0,J,113,Alveolar fibroblast 1,43,10,1,1,1_3,AT2
J-4312,all,38,21,4828,5877,21,35659,0,0,0,0,0,J,7,B cell,43,21,9,9,9,Bcell
J-4314,all,44,24,5098,7078,8,56167,0,0,0,0,0,J,3,Alveolar fibroblast 1,46,25,2,2,2_4,Artery
J-4315,all,50,27,4660,5745,12,74238,0,0,0,0,0,J,18,Alveolar type 1 cell,49,27,1,1,1_5_1,LymphaticEndo
J-4318,all,143,29,4210,6475,32,81749,0,0,0,0,0,J,22,Alveolar type 1 cell,46,10,6,6,6,AT1
J-4319,all,20,12,5070,7230,22,66417,0,0,0,0,0,J,4,Alveolar type 1 cell,41,12,6,6,6,AT1
J-4320,all,35,18,4729,5713,31,41622,0,0,0,0,0,J,6,Capillary 1 cell,41,17,2,2,2_1,Capillary
J-4321,all,27,13,4647,6439,35,25831,0,0,0,0,0,J,9,Interstitial macrophage,39,13,8,8,8_1,AlveolarMac
J-4324,all,11,6,4253,6373,7,30897,108,0,108,0,1,J,2,Venous endothelial cell,30,6,2,2,2_3,Vein
J-4325,all,54,20,4519,6037,34,40579,0,0,0,0,0,J,9,Alveolar type 1 cell,51,20,6,6,6,AT1
J-4326,all,39,24,4463,5692,13,59398,0,0,0,0,0,J,4,Alveolar fibroblast 1,42,23,2,2,2_1,Capillary
J-4327,all,96,41,4175,6545,21,123544,55,0,55,0,1,J,32,Alveolar fibroblast 1,60,41,2,2,2_4,Artery
J-4328,all,29,17,5575,7535,18,69375,0,0,0,0,0,J,3,Inflammatory monocyte,41,17,2,2,2_1,Capillary
J-4330,all,19,14,3892,6207,13,23165,0,0,0,0,0,J,9,Alveolar fibroblast 1,41,15,2,2,2_1,Capillary
J-4332,all,69,19,3890,6177,17,47997,0,0,0,0,0,J,47,Alveolar type 2 cell,52,19,1,1,1_3,AT2
J-4333,all,27,17,5440,7195,24,82437,0,0,0,0,0,J,11,Pericyte,42,17,5,5,5_1,Pericyte
J-4334,all,29,21,5144,5933,15,50009,0,0,0,0,0,J,6,Alveolar fibroblast 1,37,21,2,2,2_1,Capillary
J-4336,all,98,29,4209,5866,19,81569,0,0,0,0,0,J,17,Alveolar type 1 cell,60,28,6,6,6,AT1
J-4338,all,36,21,4857,6577,16,99365,0,0,0,0,0,J,4,Arterial endothelial cell,40,21,2,2,2_4,Artery
J-4341,all,15,11,5532,5803,38,28389,0,0,0,0,0,J,2,Proliferative mesenchymal progenitor cell,32,11,8,8,8_1,AlveolarMac
J-4342,all,67,38,4820,5848,23,69270,0,0,0,0,0,J,12,Inflammatory monocyte,61,38,7,7,7_2,PatrolMac
J-4343,all,32,17,3862,5855,23,86458,0,0,0,0,0,J,4,Alveolar fibroblast 1,41,17,2,2,2_3,Vein
J-4345,all,28,13,4316,6219,35,58732,0,0,0,0,0,J,3,Endothelial progenitor cell,38,14,1,1,1_6_2,Neutrophil
J-4347,all,32,13,4915,5766,19,24589,0,0,0,0,0,J,22,Alveolar type 2 cell,44,13,1,1,1_1,AT2
J-4349,all,35,26,5195,7291,30,94082,0,0,0,0,0,J,7,Arterial endothelial cell,40,27,2,2,2_1,Capillary
J-4351,all,12,4,5166,5742,10,29097,0,0,0,0,0,J,7,Alveolar type 1 cell,32,4,6,6,6,AT1
J-4354,all,17,12,4603,5899,18,25895,0,0,0,0,0,J,4,Neutrophil,33,12,6,6,6,AT1
J-4356,all,9,6,4852,6017,35,17212,0,0,0,0,0,J,2,Alveolar type 1 cell,27,7,6,6,6,AT1
J-4357,all,20,11,4803,6617,19,40611,0,0,0,0,0,J,5,Pericyte,37,11,5,5,5_1,Pericyte
J-4359,all,42,20,5003,6852,18,33403,0,0,0,0,0,J,12,AT1/AT2,46,20,6,6,6,AT1
J-4360,all,12,6,5325,7462,35,58309,0,0,0,0,0,J,4,CD4+ T cell,34,6,6,6,6,AT1
J-4361,all,37,19,4653,6157,19,63492,0,0,0,0,0,J,14,Pericyte,42,19,5,5,5_1,Pericyte
J-4362,all,46,30,4282,6405,15,67890,0,0,0,0,0,J,8,Venous endothelial cell,46,30,2,2,2_3,Vein
J-4364,all,101,15,3933,6612,30,70877,0,0,0,0,0,J,21,Alveolar type 1 cell,55,14,6,6,6,AT1
J-4365,all,48,18,5347,5721,23,68978,0,0,0,0,0,J,8,Pericyte,48,18,5,5,5_1,Pericyte
J-4368,all,11,8,4897,5898,25,26621,0,0,0,0,0,J,3,Alveolar type 1 cell,34,8,6,6,6,AT1
J-4369,all,66,15,3861,6696,12,53685,0,0,0,0,0,J,49,Alveolar type 2 cell,52,15,1,1,1_1,AT2
J-4372,all,21,11,5488,5936,5,21168,0,0,0,0,0,J,5,Endothelial progenitor cell,38,11,2,2,2_6,pDC
J-4374,all,36,22,4632,5902,19,86379,52,0,52,0,1,J,7,Arterial endothelial cell,41,21,2,2,2_1,Capillary
J-4377,all,87,40,4665,6391,30,114201,0,0,0,0,0,J,25,Neutrophil,61,39,1,1,1_5_1,LymphaticEndo
J-4381,all,33,16,4724,6097,20,35117,0,0,0,0,0,J,16,Sox9+/Id2+ epithelial cell,41,16,5,5,5_3,Pericyte
J-4382,all,26,17,5080,5935,29,35764,0,0,0,0,0,J,4,Sox9+/Id2+ epithelial cell,46,17,1,1,1_3,AT2
J-4384,all,41,15,4672,6354,33,33933,0,0,0,0,0,J,29,Alveolar type 2 cell,45,15,1,1,1_1,AT2
J-4385,all,35,18,3969,5851,13,76763,0,0,0,0,0,J,6,Alveolar fibroblast 1,43,19,1,1,1_4_1,AlveolarFib
J-4386,all,31,26,4714,6441,24,82356,0,0,0,0,0,J,4,Arterial endothelial cell,38,27,2,2,2_4,Artery
J-4388,all,23,15,5154,6847,12,33241,0,0,0,0,0,J,2,Capillary 1 cell,41,15,2,2,2_3,Vein
J-4390,all,7,4,5012,7243,15,28060,0,0,0,0,0,J,2,T regulatory cell,22,6,1,1,1_6_2,Neutrophil
J-4391,all,9,7,5163,5900,13,31120,0,0,0,0,0,J,2,Alveolar fibroblast 1,30,7,2,2,2_3,Vein
J-4395,all,20,4,5449,7091,7,17068,0,0,0,0,0,J,18,Sox9+/Id2+ epithelial cell,43,4,1,1,1_1,AT2
J-4398,all,44,11,4794,6350,20,83333,0,0,0,0,0,J,5,Alveolar type 1 cell,46,11,6,6,6,AT1
J-4399,all,86,32,5344,5803,19,83713,0,0,0,0,0,J,18,Alveolar type 1 cell,59,32,6,6,6,AT1
J-4400,all,11,5,4461,6476,4,8275,0,0,0,0,0,J,5,Venous endothelial cell,32,7,2,2,2_3,Vein
J-4401,all,71,29,5214,7153,30,112347,0,0,0,0,0,J,8,Arterial endothelial cell,52,29,6,6,6,AT1
J-4406,all,28,10,5102,6820,36,27455,0,0,0,0,0,J,7,Alveolar type 1 cell,44,10,6,6,6,AT1
J-4408,all,46,26,5202,6104,23,87709,0,0,0,0,0,J,7,Alveolar fibroblast 1,46,26,2,2,2_3,Vein
J-4409,all,56,31,4308,6681,21,95973,0,0,0,0,0,J,12,Inflammatory monocyte,54,31,2,2,2_3,Vein
J-4410,all,81,33,4973,6881,18,110502,0,0,0,0,0,J,35,Alveolar type 2 cell,54,33,2,2,2_1,Capillary
J-4411,all,13,8,5104,6860,10,27054,0,0,0,0,0,J,3,Natural killer cell,33,9,2,2,2_2,InflamMac
J-4413,all,43,27,4117,5887,30,63544,0,0,0,0,0,J,9,Venous endothelial cell,44,27,1,1,1_5_2,AlveolarFib
J-4414,all,14,10,3887,6229,17,31862,0,0,0,0,0,J,6,Alveolar type 1 cell,34,10,6,6,6,AT1
J-4419,all,27,7,3858,6201,25,45354,0,0,0,0,0,J,21,Sox9+/Id2+ epithelial cell,43,7,1,1,1_3,AT2
J-4420,all,39,17,5441,7124,29,64718,0,0,0,0,0,J,18,Capillary 1 cell,43,16,2,2,2_1,Capillary
J-4421,all,35,14,4872,5853,27,44981,0,0,0,0,0,J,9,Alveolar type 1 cell,44,14,6,6,6,AT1
J-4422,all,30,18,4754,5735,31,45920,0,0,0,0,0,J,4,Inflammatory monocyte,39,18,7,7,7_2,PatrolMac
J-4425,all,19,15,4872,6678,36,28086,0,0,0,0,0,J,3,Alveolar macrophage,38,15,8,8,8_1,AlveolarMac
J-4426,all,18,14,4582,5910,21,35119,0,0,0,0,0,J,8,Neutrophil,35,14,6,6,6,AT1
J-4429,all,50,29,4808,6427,27,64376,0,0,0,0,0,J,18,Pericyte,50,29,5,5,5_1,Pericyte
J-4430,all,20,13,4667,6460,34,34777,0,0,0,0,0,J,3,Sox9+/Id2+ epithelial cell,39,13,8,8,8_3,InterstitialMac
J-4431,all,33,19,4236,6897,27,42351,0,0,0,0,0,J,7,Alveolar fibroblast 1,43,19,1,1,1_5_1,LymphaticEndo
J-4434,all,76,26,4877,7278,22,106653,0,0,0,0,0,J,35,Capillary 1 cell,55,26,2,2,2_3,Vein
J-4436,all,51,26,5308,5742,17,77783,0,0,0,0,0,J,9,Capillary 2 cell,51,26,1,1,1_3,AT2
J-4437,all,135,26,5085,5883,29,106049,0,0,0,0,0,J,107,Alveolar type 2 cell,46,10,1,1,1_3,AT2
J-4439,all,21,16,4561,5998,37,51550,0,0,0,0,0,J,5,CD8+ T cell,39,16,6,6,6,AT1
J-4440,all,20,15,3847,6023,13,38034,0,0,0,0,0,J,5,Endothelial progenitor cell,39,15,6,6,6,AT1
J-4441,all,52,27,4312,6816,31,100960,0,0,0,0,0,J,14,B cell,52,27,9,9,9,Bcell
J-4443,all,32,20,5505,6385,14,90661,0,0,0,0,0,J,5,Alveolar fibroblast 1,38,20,7,7,7_3,Tcell (CD8)
J-4445,all,159,41,4494,5860,23,134727,0,0,0,0,0,J,20,Alveolar type 1 cell,48,19,6,6,6,AT1
J-4448,all,73,18,5014,6900,23,58229,0,0,0,0,0,J,55,Alveolar type 2 cell,52,18,1,1,1_3,AT2
J-4449,all,8,7,4901,6625,38,10672,0,0,0,0,0,J,2,Venous endothelial cell,26,9,2,2,2_3,Vein
J-4450,all,50,22,4542,5870,30,36807,0,0,0,0,0,J,9,Alveolar type 1 cell,49,22,6,6,6,AT1
J-4452,all,56,17,4903,5790,18,31397,0,0,0,0,0,J,40,Alveolar type 2 cell,52,17,1,1,1_1,AT2
J-4453,all,51,16,5124,5759,18,68072,0,0,0,0,0,J,12,Sox9+/Id2+ epithelial cell,49,16,6,6,6,AT1
J-4454,all,13,11,4860,7306,17,33421,0,0,0,0,0,J,2,Sox9+/Id2+ epithelial cell,33,11,1,1,1_3,AT2
J-4455,all,19,11,5293,6069,31,35766,0,0,0,0,0,J,3,Arterial endothelial cell,40,13,2,2,2_4,Artery
J-4458,all,9,6,4801,5889,37,15882,0,0,0,0,0,J,2,B cell,30,7,1,1,1_4_1,AlveolarFib
J-4460,all,33,10,4904,5866,29,37259,0,0,0,0,0,J,11,Alveolar type 1 cell,44,10,6,6,6,AT1
J-4465,all,120,58,4022,6842,19,141637,0,0,0,0,0,J,12,Arterial endothelial cell,42,30,2,2,2_1,Capillary
J-4467,all,20,12,4564,6049,35,19374,0,0,0,0,0,J,3,Alveolar type 1 cell,40,12,6,6,6,AT1
J-4469,all,40,18,5396,7110,19,93643,0,0,0,0,0,J,10,Sox9+/Id2+ epithelial cell,43,18,2,2,2_1,Capillary
J-4470,all,19,10,5283,7500,13,33897,0,0,0,0,0,J,3,Capillary 1 cell,37,9,2,2,2_1,Capillary
J-4471,all,56,21,3789,5845,26,91560,0,0,0,0,0,J,39,Alveolar type 2 cell,51,21,1,1,1_3,AT2
J-4473,all,32,18,5233,5996,35,58593,0,0,0,0,0,J,18,Pericyte,40,18,5,5,5_1,Pericyte
J-4474,all,19,6,3813,5865,20,36068,0,0,0,0,0,J,15,Alveolar type 2 cell,42,7,2,2,2_1,Capillary
J-4478,all,77,29,5156,7137,11,130420,0,0,0,0,0,J,18,Arterial endothelial cell,55,29,6,6,6,AT1
J-4479,all,29,18,4765,5841,27,53957,0,0,0,0,0,J,3,Alveolar fibroblast 1,36,18,5,5,5_3,Pericyte
J-4480,all,97,32,4940,5797,24,74842,0,0,0,0,0,J,58,B cell,59,31,9,9,9,Bcell
J-4481,all,65,28,4533,6071,32,59096,0,0,0,0,0,J,10,Sox9+/Id2+ epithelial cell,55,28,2,2,2_3,Vein
J-4482,all,44,28,4703,6181,13,90825,0,0,0,0,0,J,2,Venous endothelial cell,44,28,2,2,2_3,Vein
J-4484,all,54,15,4932,6977,8,83193,0,0,0,0,0,J,7,Alveolar type 1 cell,51,15,6,6,6,AT1
J-4486,all,62,22,3839,6061,11,55953,0,0,0,0,0,J,7,Alveolar type 1 cell,53,22,6,6,6,AT1
J-4487,all,107,24,4947,5761,20,63946,0,0,0,0,0,J,44,Sox9+/Id2+ epithelial cell,52,16,6,6,6,AT1
J-4488,all,20,15,4472,5885,24,29240,0,0,0,0,0,J,4,Alveolar type 1 cell,41,15,5,5,5_3,Pericyte
J-4489,all,21,16,3834,6715,23,39221,0,0,0,0,0,J,5,Capillary 1 cell,38,16,2,2,2_3,Vein
J-4494,all,67,16,5506,7540,20,61453,50,0,0,0,0,J,3,Alveolar fibroblast 1,53,17,2,2,2_4,Artery
J-4495,all,20,6,5008,6925,31,22898,0,0,0,0,0,J,15,Sox9+/Id2+ epithelial cell,43,6,1,1,1_1,AT2
J-4496,all,13,7,3648,6612,23,14821,0,0,0,0,0,J,9,Alveolar type 2 cell,34,7,1,1,1_1,AT2
J-4504,all,96,39,6313,579,23,86091,52,0,52,0,1,J,29,Alveolar macrophage,64,38,8,8,8_1,AlveolarMac
J-4505,all,31,12,7398,290,19,75164,0,0,0,0,0,J,5,Alveolar fibroblast 1,45,13,2,2,2_4,Artery
J-4506,all,32,20,6156,361,20,83320,0,0,0,0,0,J,8,Arterial endothelial cell,39,20,2,2,2_4,Artery
J-4507,all,42,25,6773,1281,16,80227,0,0,0,0,0,J,10,Capillary 1 cell,43,25,2,2,2_1,Capillary
J-4509,all,20,13,5619,1475,33,54078,0,0,0,0,0,J,3,Alveolar fibroblast 1,39,13,2,2,2_6,pDC
J-4510,all,56,29,6729,1767,17,104724,0,0,0,0,0,J,9,Arterial endothelial cell,54,29,7,7,7_2,PatrolMac
J-4511,all,36,22,6453,1702,21,70761,0,0,0,0,0,J,8,Pericyte,40,22,5,5,5_1,Pericyte
J-4512,all,41,24,6438,1763,29,73946,0,0,0,0,0,J,6,Arterial endothelial cell,43,25,2,2,2_4,Artery
J-4514,all,24,14,7147,455,17,53308,0,0,0,0,0,J,3,Alveolar fibroblast 1,41,15,1,1,1_5_1,LymphaticEndo
J-4515,all,21,12,6525,989,14,46301,0,0,0,0,0,J,4,Endothelial progenitor cell,40,12,7,7,7_3,Tcell (CD8)
J-4516,all,52,32,6747,1082,27,88749,0,0,0,0,0,J,14,Pericyte,52,32,5,5,5_1,Pericyte
J-4517,all,21,17,6565,600,34,49624,0,0,0,0,0,J,3,Capillary 1 cell,44,19,2,2,2_1,Capillary
J-4518,all,33,20,6619,1832,16,86833,0,0,0,0,0,J,4,Natural killer cell,39,20,7,7,7_3,Tcell (CD8)
J-4519,all,31,17,5980,1552,17,58870,0,0,0,0,0,J,3,Capillary 1 cell,42,17,2,2,2_1,Capillary
J-4520,all,49,25,7107,576,21,86496,0,0,0,0,0,J,2,Endothelial progenitor cell,49,25,2,2,2_6,pDC
J-4521,all,9,7,6401,1871,32,36818,0,0,0,0,0,J,4,Pericyte,29,8,5,5,5_1,Pericyte
J-4523,all,46,23,6404,453,22,77043,0,0,0,0,0,J,14,Alveolar fibroblast 1,50,24,1,1,1_4_3,AlveolarFib
J-4524,all,45,24,6812,631,20,102676,0,0,0,0,0,J,3,Secondary crest myofibroblast,46,24,5,5,5_3,Pericyte
J-4526,all,25,14,6717,1400,12,46824,0,0,0,0,0,J,12,Pericyte,42,14,5,5,5_3,Pericyte
J-4528,all,56,24,7196,1110,20,78353,51,0,51,0,1,J,11,Sox9+/Id2+ epithelial cell,53,25,3,3,3_1,SMC
J-4530,all,43,25,6845,729,33,72798,0,0,0,0,0,J,4,Neutrophil,45,25,2,2,2_1,Capillary
J-4531,all,37,22,6971,391,17,80354,0,0,0,0,0,J,8,Alveolar fibroblast 1,42,24,1,1,1_5_1,LymphaticEndo
J-4533,all,49,27,6545,1034,12,70720,0,0,0,0,0,J,8,Alveolar fibroblast 1,51,28,1,1,1_5_1,LymphaticEndo
J-4534,all,20,10,5894,875,31,33914,0,0,0,0,0,J,14,Alveolar type 2 cell,42,10,1,1,1_1,AT2
J-4535,all,28,17,5787,1554,19,37215,0,0,0,0,0,J,6,Secondary crest myofibroblast,42,17,3,3,3_6,SCMF
J-4537,all,124,29,7257,1092,23,70821,0,0,0,0,0,J,11,Pericyte,44,13,6,6,6,AT1
J-4538,all,45,17,6955,1668,15,69693,0,0,0,0,0,J,12,Alveolar fibroblast 1,46,18,1,1,1_5_1,LymphaticEndo
J-4539,all,14,10,6479,1553,6,15769,0,0,0,0,0,J,4,Arterial endothelial cell,32,10,3,3,3_4,AdventitialFib
J-4540,all,22,13,6974,1093,13,67459,0,0,0,0,0,J,7,Sox9+/Id2+ epithelial cell,42,13,2,2,2_3,Vein
J-4541,all,56,29,6115,454,25,81298,0,0,0,0,0,J,15,Alveolar type 1 cell,53,29,6,6,6,AT1
J-4543,all,15,9,6683,58,18,38028,0,0,0,0,0,J,9,Pericyte,34,9,5,5,5_1,Pericyte
J-4544,all,20,14,7332,1063,23,67629,0,0,0,0,0,J,2,Capillary 1 cell,39,13,2,2,2_1,Capillary
J-4546,all,65,28,7158,1516,22,82079,0,0,0,0,0,J,33,Sox9+/Id2+ epithelial cell,55,28,6,6,6,AT1
J-4547,all,44,28,6223,60,11,70726,0,0,0,0,0,J,12,Inflammatory monocyte,44,28,7,7,7_4,PatrolMac
J-4549,all,70,19,6337,792,27,66494,0,0,0,0,0,J,51,Alveolar type 2 cell,52,19,1,1,1_3,AT2
J-4551,all,150,36,6181,1428,15,92408,0,0,0,0,0,J,16,AT1/AT2,48,16,6,6,6,AT1
J-4552,all,173,24,6526,594,20,117947,50,0,50,0,1,J,148,Sox9+/Id2+ epithelial cell,50,11,1,1,1_1,AT2
J-4553,all,57,29,6645,1581,24,72056,55,0,55,0,1,J,20,Natural killer cell,52,28,2,2,2_1,Capillary
J-4554,all,28,14,6259,1466,26,53827,0,0,0,0,0,J,18,Pericyte,40,14,5,5,5_1,Pericyte
J-4557,all,48,32,6027,1558,12,50382,0,0,0,0,0,J,14,Pericyte,48,32,5,5,5_3,Pericyte
J-4558,all,28,12,6867,1667,12,25676,0,0,0,0,0,J,19,Alveolar fibroblast 1,43,12,1,1,1_1,AT2
J-4563,all,35,17,6773,1747,24,87296,0,0,0,0,0,J,7,Pericyte,45,17,5,5,5_3,Pericyte
J-4565,all,23,17,7117,1598,21,84339,0,0,0,0,0,J,2,Capillary 1 cell,45,17,2,2,2_3,Vein
J-4566,all,6,6,6498,1003,21,48552,0,0,0,0,0,J,2,Neutrophil,27,8,1,1,1_5_2,AlveolarFib
J-4567,all,44,16,6537,714,12,57823,0,0,0,0,0,J,3,Alveolar type 1 cell,45,16,7,7,7_3,Tcell (CD8)
J-4568,all,140,20,6028,537,26,94020,0,0,0,0,0,J,126,Alveolar type 2 cell,48,8,1,1,1_3,AT2
J-4569,all,106,38,7401,893,19,89722,57,0,57,0,1,J,17,Alveolar macrophage,59,31,8,8,8_1,AlveolarMac
J-4571,all,9,9,5609,1801,16,35467,0,0,0,0,0,J,2,B cell,25,10,5,5,5_3,Pericyte
J-4572,all,90,40,7279,1548,20,104636,54,0,54,0,1,J,25,Alveolar macrophage,65,40,8,8,8_1,AlveolarMac
J-4574,all,78,26,6312,94,22,88988,51,51,0,1,0,J,50,Vascular smooth muscle cell,52,26,5,5,5_3,Pericyte
J-4575,all,19,16,7016,1673,10,55867,0,0,0,0,0,J,5,Pericyte,40,16,5,5,5_3,Pericyte
J-4576,all,31,16,6955,1758,18,93210,0,0,0,0,0,J,3,Capillary 1 cell,44,19,2,2,2_1,Capillary
J-4578,all,43,21,6199,166,13,63497,0,0,0,0,0,J,11,Proliferative mesenchymal progenitor cell,45,21,7,7,7_2,PatrolMac
J-4579,all,88,23,6905,425,23,54380,0,0,0,0,0,J,61,Alveolar type 2 cell,56,23,1,1,1_1,AT2
J-4580,all,7,5,6393,175,7,17029,0,0,0,0,0,J,4,Alveolar type 1 cell,24,7,6,6,6,AT1
J-4581,all,51,18,5687,1291,30,66676,0,0,0,0,0,J,6,Natural killer cell,50,18,7,7,7_3,Tcell (CD8)
J-4583,all,40,28,6835,79,32,47269,0,0,0,0,0,J,5,Alveolar macrophage,43,29,2,2,2_2,InflamMac
J-4584,all,78,21,5904,576,24,80181,0,0,0,0,0,J,42,AT1/AT2,53,21,1,1,1_3,AT2
J-4585,all,53,36,6103,1167,22,83035,0,0,0,0,0,J,9,Vascular smooth muscle cell,53,36,6,6,6,AT1
J-4586,all,24,13,7330,1557,7,47451,0,0,0,0,0,J,7,Natural killer cell,41,13,7,7,7_3,Tcell (CD8)
J-4588,all,92,25,6288,1310,27,60111,0,0,0,0,0,J,43,Alveolar type 2 cell,58,25,1,1,1_1,AT2
J-4589,all,17,10,6984,806,13,34793,51,51,0,1,0,J,6,B cell,34,10,9,9,9,Bcell
J-4590,all,20,7,5890,816,29,20033,0,0,0,0,0,J,16,Sox9+/Id2+ epithelial cell,42,7,1,1,1_1,AT2
J-4591,all,80,13,6348,994,27,71450,0,0,0,0,0,J,59,Alveolar type 2 cell,52,13,1,1,1_3,AT2
J-4592,all,47,17,6657,1932,11,80281,0,0,0,0,0,J,32,Pericyte,47,17,5,5,5_1,Pericyte
J-4593,all,61,18,6768,76,17,52980,0,0,0,0,0,J,45,Sox9+/Id2+ epithelial cell,53,18,1,1,1_1,AT2
J-4594,all,72,25,6718,1897,33,72032,0,0,0,0,0,J,14,Alveolar type 1 cell,56,25,6,6,6,AT1
J-4595,all,31,19,6566,534,19,63374,0,0,0,0,0,J,14,Pericyte,38,19,5,5,5_1,Pericyte
J-4596,all,32,19,6905,1579,9,48849,0,0,0,0,0,J,3,Natural killer cell,43,20,2,2,2_2,InflamMac
J-4598,all,23,13,6698,1537,22,26528,0,0,0,0,0,J,7,Capillary 1 cell,41,13,8,8,8_1,AlveolarMac
J-4599,all,19,14,7109,1903,26,76786,0,0,0,0,0,J,2,Capillary 1 cell,39,14,2,2,2_3,Vein
J-4600,all,25,18,5721,1765,30,93792,0,0,0,0,0,J,4,Alveolar type 1 cell,44,18,6,6,6,AT1
J-4601,all,25,10,5912,845,25,50095,0,0,0,0,0,J,16,Pericyte,47,10,5,5,5_3,Pericyte
J-4602,all,31,20,7383,1437,15,61987,0,0,0,0,0,J,5,Alveolar type 1 cell,38,20,6,6,6,AT1
J-4603,all,21,9,6600,543,31,50360,0,0,0,0,0,J,13,Pericyte,38,9,5,5,5_1,Pericyte
J-4604,all,78,24,7107,1812,12,80055,0,0,0,0,0,J,6,Alveolar type 1 cell,53,24,6,6,6,AT1
J-4605,all,25,8,6017,124,30,28300,0,0,0,0,0,J,20,Alveolar type 2 cell,45,8,1,1,1_1,AT2
J-4607,all,45,19,7192,1549,14,73607,0,0,0,0,0,J,24,Pericyte,46,19,5,5,5_3,Pericyte
J-4608,all,16,11,6042,602,37,50265,0,0,0,0,0,J,2,Alveolar fibroblast 1,36,11,1,1,1_5_2,AlveolarFib
J-4610,all,40,12,6633,80,12,41625,0,0,0,0,0,J,5,Alveolar type 1 cell,45,12,6,6,6,AT1
J-4611,all,30,19,7110,1679,25,75847,52,0,52,0,1,J,3,AT1/AT2,38,20,2,2,2_2,InflamMac
J-4612,all,28,17,6492,323,22,79401,0,0,0,0,0,J,2,Alveolar type 1 cell,43,17,6,6,6,AT1
J-4613,all,25,11,6503,254,16,25527,0,0,0,0,0,J,2,Capillary 1 cell,43,12,2,2,2_1,Capillary
J-4614,all,34,24,7143,283,24,83528,0,0,0,0,0,J,3,Capillary 1 cell,43,24,2,2,2_3,Vein
J-4617,all,92,24,7379,1134,21,101742,0,0,0,0,0,J,67,Alveolar type 2 cell,57,23,1,1,1_3,AT2
J-4618,all,129,26,6967,584,15,90251,0,0,0,0,0,J,103,Alveolar type 2 cell,45,9,1,1,1_3,AT2
J-4619,all,38,22,7340,1496,11,69485,0,0,0,0,0,J,9,Interstitial macrophage,41,22,8,8,8_3,InterstitialMac
J-4620,all,17,12,6913,1060,13,28698,0,0,0,0,0,J,4,Alveolar fibroblast 1,37,13,1,1,1_5_2,AlveolarFib
J-4624,all,22,5,7298,123,7,19992,0,0,0,0,0,J,20,Alveolar type 2 cell,44,5,1,1,1_3,AT2
J-4625,all,106,27,5814,1418,24,69678,0,0,0,0,0,J,9,Sox9+/Id2+ epithelial cell,53,19,6,6,6,AT1
J-4626,all,47,27,6209,1406,29,66536,0,0,0,0,0,J,8,Alveolar fibroblast 1,47,27,6,6,6,AT1
J-4627,all,109,36,6299,1511,18,115305,0,0,0,0,0,J,30,Arterial endothelial cell,54,28,6,6,6,AT1
J-4628,all,84,29,6172,228,16,78167,0,0,0,0,0,J,15,Alveolar type 1 cell,59,29,6,6,6,AT1
J-4630,all,21,17,6724,1720,30,58310,0,0,0,0,0,J,3,Pericyte,41,17,5,5,5_1,Pericyte
J-4632,all,44,29,5751,1221,23,94370,0,0,0,0,0,J,22,Interstitial macrophage,45,29,8,8,8_3,InterstitialMac
J-4634,all,27,13,6449,1579,7,42156,0,0,0,0,0,J,9,Capillary 1 cell,41,14,2,2,2_1,Capillary
J-4640,all,36,22,7026,400,25,73863,0,0,0,0,0,J,4,Venous endothelial cell,40,22,3,3,3_4,AdventitialFib
J-4641,all,20,12,6452,127,6,22794,113,113,0,1,0,J,3,Sox9+/Id2+ epithelial cell,40,12,2,2,2_6,pDC
J-4643,all,47,12,6877,393,26,44641,0,0,0,0,0,J,35,Sox9+/Id2+ epithelial cell,48,12,1,1,1_1,AT2
J-4644,all,21,7,6180,1525,9,12514,0,0,0,0,0,J,3,Alveolar type 1 cell,41,7,6,6,6,AT1
J-4646,all,16,12,6091,1309,10,36459,0,0,0,0,0,J,3,Capillary 1 cell,35,11,2,2,2_1,Capillary
J-4647,all,27,14,7028,760,28,53115,0,0,0,0,0,J,5,Endothelial progenitor cell,42,16,2,2,2_5,DC
J-4649,all,38,26,7083,1744,23,70304,0,0,0,0,0,J,3,Capillary 1 cell,41,26,6,6,6,AT1
J-4652,all,9,9,6608,1579,11,19854,0,0,0,0,0,J,3,Capillary 1 cell,27,10,2,2,2_1,Capillary
J-4653,all,14,6,5646,1369,28,26883,0,0,0,0,0,J,11,Alveolar type 2 cell,38,6,1,1,1_1,AT2
J-4656,all,23,13,6156,1470,9,20772,0,0,0,0,0,J,4,Alveolar type 1 cell,43,13,6,6,6,AT1
J-4657,all,56,11,6896,1643,12,57708,0,0,0,0,0,J,49,Sox9+/Id2+ epithelial cell,50,11,1,1,1_1,AT2
J-4658,all,13,9,6857,1795,30,86057,0,0,0,0,0,J,4,B cell,31,9,9,9,9,Bcell
J-4659,all,52,29,6863,1575,18,55432,0,0,0,0,0,J,3,Natural killer cell,52,29,7,7,7_2,PatrolMac
J-4660,all,81,14,6735,69,16,64016,0,0,0,0,0,J,67,Alveolar type 2 cell,53,14,1,1,1_3,AT2
J-4661,all,30,18,7306,1090,31,68387,0,0,0,0,0,J,2,Natural killer cell,40,19,2,2,2_2,InflamMac
J-4663,all,75,23,6681,1348,31,74519,0,0,0,0,0,J,13,Alveolar type 1 cell,56,23,6,6,6,AT1
J-4664,all,15,10,6575,770,25,10876,0,0,0,0,0,J,3,Alveolar type 1 cell,35,10,1,1,1_5_2,AlveolarFib
J-4665,all,54,31,6217,1320,31,120431,0,0,0,0,0,J,13,Alveolar fibroblast 1,53,31,1,1,1_5_1,LymphaticEndo
J-4666,all,9,6,5636,1272,18,16033,0,0,0,0,0,J,6,Sox9+/Id2+ epithelial cell,30,7,3,3,3_1,SMC
J-4667,all,29,17,5816,503,18,88011,0,0,0,0,0,J,8,Arterial endothelial cell,38,17,2,2,2_4,Artery
J-4669,all,23,19,5912,1455,35,34653,0,0,0,0,0,J,3,Inflammatory monocyte,41,21,2,2,2_5,DC
J-4670,all,23,13,7250,220,18,54952,0,0,0,0,0,J,12,Sox9+/Id2+ epithelial cell,44,14,2,2,2_3,Vein
J-4671,all,17,12,7115,471,13,35480,0,0,0,0,0,J,5,Arterial endothelial cell,40,13,2,2,2_4,Artery
J-4672,all,44,24,5961,566,20,104469,0,0,0,0,0,J,18,Venous endothelial cell,45,24,2,2,2_1,Capillary
J-4675,all,42,26,6821,1593,32,80882,0,0,0,0,0,J,6,Capillary 1 cell,43,26,8,8,8_2,InterstitialMac
J-4676,all,40,21,7314,441,12,83835,0,0,0,0,0,J,2,B cell,43,21,2,2,2_6,pDC
J-4677,all,29,14,7324,228,34,26862,0,0,0,0,0,J,16,Alveolar type 2 cell,41,14,1,1,1_3,AT2
J-4678,all,36,25,6249,1512,11,43350,0,0,0,0,0,J,16,Alveolar fibroblast 1,41,26,2,2,2_4,Artery
J-4681,all,9,8,5966,1740,33,30014,0,0,0,0,0,J,5,Sox9+/Id2+ epithelial cell,28,9,5,5,5_3,Pericyte
J-4682,all,17,14,5646,1769,19,68940,0,0,0,0,0,J,5,B cell,33,14,7,7,7_2,PatrolMac
J-4683,all,6,6,6548,1318,37,21672,0,0,0,0,0,J,2,Capillary 1 cell,26,8,2,2,2_1,Capillary
J-4684,all,17,11,6058,1952,28,29472,0,0,0,0,0,J,5,Alveolar fibroblast 1,35,12,2,2,2_1,Capillary
J-4687,all,44,25,6547,439,15,82489,0,0,0,0,0,J,3,Capillary 1 cell,43,24,2,2,2_1,Capillary
J-4689,all,111,20,7286,1429,22,83251,0,0,0,0,0,J,8,Alveolar type 1 cell,51,13,6,6,6,AT1
J-4690,all,16,11,6459,1844,15,56133,0,0,0,0,0,J,3,Sox9+/Id2+ epithelial cell,38,11,2,2,2_1,Capillary
J-4691,all,80,42,6596,778,30,76597,0,0,0,0,0,J,10,Arterial endothelial cell,62,42,6,6,6,AT1
J-4692,all,11,8,6034,860,17,35212,0,0,0,0,0,J,3,Capillary 1 cell,28,8,5,5,5_1,Pericyte
J-4693,all,46,16,6668,1131,35,43133,0,0,0,0,0,J,21,Alveolar type 1 cell,47,16,6,6,6,AT1
J-4694,all,26,18,5859,1131,16,58739,0,0,0,0,0,J,2,Alveolar fibroblast 1,47,18,2,2,2_3,Vein
J-4695,all,105,27,5983,1639,22,94059,0,0,0,0,0,J,72,Alveolar type 2 cell,52,19,1,1,1_1,AT2
J-4696,all,13,9,6771,1856,37,56867,0,0,0,0,0,J,3,Alveolar type 1 cell,35,9,6,6,6,AT1
J-4699,all,62,38,6758,441,29,87837,0,0,0,0,0,J,14,Sox9+/Id2+ epithelial cell,58,38,2,2,2_6,pDC
J-4700,all,69,19,5998,1940,28,81977,0,0,0,0,0,J,50,Alveolar type 2 cell,51,19,1,1,1_3,AT2
J-4702,all,37,21,6694,92,13,50728,0,0,0,0,0,J,8,Neutrophil,40,21,7,7,7_4,PatrolMac
J-4703,all,47,30,6657,781,12,93953,0,0,0,0,0,J,8,Capillary 1 cell,46,29,2,2,2_1,Capillary
J-4704,all,21,13,6894,1044,14,51196,0,0,0,0,0,J,6,Alveolar fibroblast 1,45,14,2,2,2_4,Artery
J-4705,all,72,20,6265,1281,34,52270,0,0,0,0,0,J,44,Alveolar type 2 cell,50,20,1,1,1_3,AT2
J-4706,all,14,8,6783,1082,33,29112,0,0,0,0,0,J,3,Pericyte,31,8,5,5,5_1,Pericyte
J-4707,all,65,14,7369,501,9,49398,0,0,0,0,0,J,52,Alveolar type 2 cell,51,14,1,1,1_3,AT2
J-4711,all,51,21,6665,1527,15,67761,0,0,0,0,0,J,18,B cell,49,21,8,8,8_2,InterstitialMac
J-4712,all,109,48,6169,447,24,137962,0,0,0,0,0,J,24,Alveolar fibroblast 1,57,34,2,2,2_1,Capillary
J-4713,all,27,15,7389,1598,20,83049,0,0,0,0,0,J,13,Pericyte,45,15,5,5,5_1,Pericyte
J-4715,all,45,30,6981,771,17,60174,52,0,52,0,1,J,13,B cell,45,30,9,9,9,Bcell
J-4716,all,17,13,5869,1659,32,77283,0,0,0,0,0,J,6,B cell,34,13,9,9,9,Bcell
J-4722,all,32,19,5601,1415,33,89223,0,0,0,0,0,J,16,Pericyte,40,19,5,5,5_1,Pericyte
J-4723,all,44,25,6817,1062,29,70532,0,0,0,0,0,J,6,Capillary 1 cell,42,24,2,2,2_1,Capillary
J-4726,all,46,20,6597,1290,19,72824,0,0,0,0,0,J,2,Capillary 1 cell,47,21,1,1,1_6_2,Neutrophil
J-4727,all,21,13,6430,1415,8,34576,0,0,0,0,0,J,2,Natural killer cell,42,14,2,2,2_2,InflamMac
J-4728,all,24,16,6030,1925,23,57186,0,0,0,0,0,J,9,Alveolar fibroblast 1,39,17,3,3,3_1,SMC
J-4729,all,22,14,6405,778,30,48609,0,0,0,0,0,J,2,Capillary 1 cell,40,14,2,2,2_3,Vein
J-4730,all,33,14,5825,1544,26,44559,0,0,0,0,0,J,3,Innate lymphoid cell,43,16,2,2,2_5,DC
J-4731,all,38,17,5868,547,33,76399,0,0,0,0,0,J,12,Alveolar fibroblast 1,44,17,6,6,6,AT1
J-4732,all,8,6,6652,44,18,11748,0,0,0,0,0,J,3,Pericyte,25,8,5,5,5_3,Pericyte
J-4733,all,21,12,7293,199,33,45783,0,0,0,0,0,J,9,Alveolar type 2 cell,43,12,1,1,1_1,AT2
J-4734,all,12,9,6585,444,31,20440,0,0,0,0,0,J,2,Capillary 1 cell,30,8,2,2,2_1,Capillary
J-4735,all,101,44,6509,1208,18,101272,0,0,0,0,0,J,26,Interstitial macrophage,63,42,8,8,8_1,AlveolarMac
J-4736,all,19,10,5809,1090,23,40917,0,0,0,0,0,J,12,Alveolar fibroblast 1,38,11,3,3,3_1,SMC
J-4737,all,29,14,5732,1265,21,41106,0,0,0,0,0,J,15,Alveolar type 2 cell,42,15,3,3,3_5,SMC
J-4738,all,28,12,7134,1534,29,32864,0,0,0,0,0,J,9,AT1/AT2,43,12,1,1,1_5_2,AlveolarFib
J-4739,all,131,21,6925,1103,15,95920,50,0,50,0,1,J,92,Alveolar type 2 cell,50,13,1,1,1_1,AT2
J-4740,all,71,27,5655,1319,26,80405,0,0,0,0,0,J,36,Alveolar type 2 cell,53,28,3,3,3_1,SMC
J-4742,all,36,20,6460,574,33,84808,0,0,0,0,0,J,7,Alveolar type 1 cell,42,19,2,2,2_1,Capillary
J-4745,all,88,36,6341,1558,20,120877,0,0,0,0,0,J,22,Arterial endothelial cell,62,36,2,2,2_4,Artery
J-4746,all,20,10,5618,1328,14,52526,0,0,0,0,0,J,13,Alveolar fibroblast 1,40,11,3,3,3_1,SMC
J-4749,all,54,20,6101,480,13,45348,0,0,0,0,0,J,7,Sox9+/Id2+ epithelial cell,51,20,6,6,6,AT1
J-4752,all,109,38,6558,1244,19,103622,0,0,0,0,0,J,65,Alveolar macrophage,59,32,8,8,8_3,InterstitialMac
J-4753,all,62,24,6502,1869,27,77510,0,0,0,0,0,J,38,Alveolar type 2 cell,54,25,3,3,3_1,SMC
J-4754,all,20,7,5914,903,24,46551,0,0,0,0,0,J,13,Secondary crest myofibroblast,41,8,3,3,3_1,SMC
J-4755,all,77,28,6339,749,26,66774,0,0,0,0,0,J,16,Alveolar type 1 cell,57,28,5,5,5_3,Pericyte
J-4756,all,16,10,6701,1797,20,32410,52,0,52,0,1,J,4,Alveolar fibroblast 1,37,11,2,2,2_4,Artery
J-4757,all,39,20,6012,680,16,82287,0,0,0,0,0,J,3,Alveolar fibroblast 1,42,20,2,2,2_3,Vein
J-4759,all,98,27,7298,347,24,84113,0,0,0,0,0,J,12,Alveolar type 1 cell,58,26,6,6,6,AT1
J-4760,all,72,31,5743,1385,27,117875,0,0,0,0,0,J,22,T regulatory cell,55,31,7,7,7_3,Tcell (CD8)
J-4762,all,45,17,7259,1118,29,49035,0,0,0,0,0,J,13,Pericyte,46,17,5,5,5_1,Pericyte
J-4763,all,111,35,5935,1723,23,112877,0,0,0,0,0,J,74,Alveolar type 2 cell,53,23,1,1,1_1,AT2
J-4765,all,13,8,6415,152,5,15152,0,0,0,0,0,J,4,Endothelial progenitor cell,33,8,2,2,2_1,Capillary
J-4768,all,25,14,6024,83,27,43554,0,0,0,0,0,J,18,Pericyte,45,14,5,5,5_1,Pericyte
J-4770,all,85,32,6350,53,19,123649,54,0,54,0,1,J,48,Alveolar fibroblast 1,56,31,2,2,2_1,Capillary
J-4772,all,38,19,6338,845,22,96070,0,0,0,0,0,J,12,Sox9+/Id2+ epithelial cell,42,19,2,2,2_3,Vein
J-4773,all,46,21,6918,770,25,85182,0,0,0,0,0,J,6,Capillary 1 cell,46,21,2,2,2_3,Vein
J-4775,all,15,10,6354,1933,27,81751,0,0,0,0,0,J,2,Capillary 1 cell,41,12,2,2,2_1,Capillary
J-4776,all,73,39,5921,104,21,144622,50,0,50,0,1,J,13,CD4+ T cell,54,39,7,7,7_3,Tcell (CD8)
J-4777,all,23,15,6588,1192,19,38538,0,0,0,0,0,J,4,Alveolar type 1 cell,45,15,6,6,6,AT1
J-4778,all,39,21,6735,558,36,87998,0,0,0,0,0,J,2,Capillary 1 cell,43,21,2,2,2_3,Vein
J-4780,all,35,23,6398,1434,10,50323,0,0,0,0,0,J,6,Capillary 2 cell,41,23,2,2,2_1,Capillary
J-4782,all,52,22,6315,194,22,108956,0,0,0,0,0,J,4,Capillary 1 cell,51,23,2,2,2_1,Capillary
J-4783,all,35,10,6586,736,31,29214,0,0,0,0,0,J,7,Sox9+/Id2+ epithelial cell,45,10,6,6,6,AT1
J-4784,all,12,7,5862,1623,28,16834,0,0,0,0,0,J,4,B cell,28,7,9,9,9,Bcell
J-4786,all,33,18,6286,1959,34,65325,0,0,0,0,0,J,3,Inflammatory monocyte,43,18,2,2,2_1,Capillary
J-4787,all,23,15,5717,1244,24,62558,0,0,0,0,0,J,9,Proliferative mesenchymal progenitor cell,44,16,3,3,3_1,SMC
J-4789,all,34,17,6039,1786,8,52897,0,0,0,0,0,J,21,Pericyte,42,17,5,5,5_1,Pericyte
J-4790,all,65,21,7106,1535,35,49148,0,0,0,0,0,J,8,Arterial endothelial cell,53,21,6,6,6,AT1
J-4792,all,27,13,5900,1030,27,47462,0,0,0,0,0,J,6,Sox9+/Id2+ epithelial cell,44,13,2,2,2_6,pDC
J-4793,all,23,16,6326,1053,14,34011,0,0,0,0,0,J,3,CD4+ T cell,46,17,1,1,1_4_1,AlveolarFib
J-4795,all,39,27,7269,1482,21,127527,0,0,0,0,0,J,7,Inflammatory monocyte,41,28,2,2,2_5,DC
J-4796,all,53,20,6795,1684,16,49783,0,0,0,0,0,J,10,Alveolar type 1 cell,50,20,6,6,6,AT1
J-4801,all,14,10,7165,656,6,21761,0,0,0,0,0,J,2,Natural killer cell,37,11,2,2,2_2,InflamMac
J-4803,all,49,23,6444,278,16,84320,0,0,0,0,0,J,11,Capillary 1 cell,49,23,5,5,5_3,Pericyte
J-4805,all,41,25,6372,1528,15,73980,58,0,58,0,1,J,6,CD8+ T cell,41,25,7,7,7_4,PatrolMac
J-4807,all,51,27,6369,1897,24,67026,0,0,0,0,0,J,5,CD8+ T cell,51,27,7,7,7_2,PatrolMac
J-4808,all,74,21,5613,560,27,118328,0,0,0,0,0,J,11,Alveolar type 1 cell,52,21,6,6,6,AT1
J-4814,all,67,19,7273,239,33,53955,0,0,0,0,0,J,45,Alveolar type 2 cell,53,19,1,1,1_3,AT2
J-4815,all,9,6,6846,1648,5,8849,0,0,0,0,0,J,5,Sox9+/Id2+ epithelial cell,34,6,6,6,6,AT1
J-4817,all,11,6,5772,1132,26,28230,51,0,51,0,1,J,3,Proliferative mesenchymal progenitor cell,32,7,3,3,3_1,SMC
J-4819,all,59,25,5988,515,9,71868,0,0,0,0,0,J,12,Innate lymphoid cell,53,25,6,6,6,AT1
J-4820,all,61,29,5963,1667,22,65284,0,0,0,0,0,J,33,Alveolar type 2 cell,53,29,2,2,2_4,Artery
J-4821,all,27,17,6677,1398,16,69860,0,0,0,0,0,J,2,Alveolar fibroblast 1,44,17,6,6,6,AT1
J-4822,all,37,11,7186,1498,18,36377,0,0,0,0,0,J,28,Alveolar type 2 cell,45,11,1,1,1_1,AT2
J-4823,all,44,27,7206,1072,15,63993,0,0,0,0,0,J,5,Inflammatory monocyte,44,27,3,3,3_4,AdventitialFib
J-4825,all,76,30,5959,861,20,133120,0,0,0,0,0,J,23,Alveolar type 1 cell,56,30,6,6,6,AT1
J-4829,all,12,8,6348,661,35,34461,0,0,0,0,0,J,2,Alveolar fibroblast 1,34,9,3,3,3_1,SMC
J-4831,all,96,12,6277,72,17,67193,0,0,0,0,0,J,86,Alveolar type 2 cell,51,10,1,1,1_1,AT2
J-4832,all,28,15,5759,1845,35,60076,0,0,0,0,0,J,3,Capillary 1 cell,45,15,2,2,2_3,Vein
J-4834,all,49,27,6828,1697,15,58750,0,0,0,0,0,J,13,Sox9+/Id2+ epithelial cell,49,27,6,6,6,AT1
J-4835,all,41,17,6800,86,20,57438,0,0,0,0,0,J,25,Alveolar type 2 cell,45,18,2,2,2_1,Capillary
J-4836,all,37,14,6999,713,14,25238,0,0,0,0,0,J,10,Sox9+/Id2+ epithelial cell,44,14,6,6,6,AT1
J-4837,all,11,9,6568,356,8,84547,0,0,0,0,0,J,3,CD4+ T cell,30,9,7,7,7_2,PatrolMac
J-4838,all,53,23,7085,388,20,95349,0,0,0,0,0,J,4,Capillary 1 cell,52,23,2,2,2_1,Capillary
J-4839,all,46,21,6974,686,9,67470,0,0,0,0,0,J,14,Arterial endothelial cell,52,24,2,2,2_4,Artery
J-4841,all,34,16,6601,915,7,30620,0,0,0,0,0,J,3,Natural killer cell,45,17,2,2,2_2,InflamMac
J-4842,all,13,10,7140,1576,16,28579,0,0,0,0,0,J,3,Arterial endothelial cell,35,10,2,2,2_4,Artery
J-4843,all,30,19,5949,906,18,59564,0,0,0,0,0,J,6,Alveolar type 1 cell,39,19,6,6,6,AT1
J-4844,all,56,23,6439,1884,26,75062,0,0,0,0,0,J,10,Alveolar type 2 cell,52,23,6,6,6,AT1
J-4845,all,30,18,5971,1814,32,81268,0,0,0,0,0,J,17,Pericyte,39,18,5,5,5_1,Pericyte
J-4846,all,30,16,7357,1961,20,92557,0,0,0,0,0,J,3,Sox9+/Id2+ epithelial cell,40,16,2,2,2_3,Vein
J-4847,all,34,18,6751,1689,28,40485,0,0,0,0,0,J,5,B cell,42,19,3,3,3_1,SMC
J-4848,all,77,22,7370,157,31,85993,0,0,0,0,0,J,13,Pericyte,53,22,6,6,6,AT1
J-4851,all,62,36,5754,1593,15,103233,0,0,0,0,0,J,7,Alveolar fibroblast 1,55,36,1,1,1_5_2,AlveolarFib
J-4854,all,20,10,6507,1546,5,23738,0,0,0,0,0,J,6,Arterial endothelial cell,41,10,5,5,5_3,Pericyte
J-4855,all,26,12,5753,1269,22,37309,0,0,0,0,0,J,17,Alveolar type 2 cell,44,13,3,3,3_5,SMC
J-4856,all,20,12,6622,458,31,45858,0,0,0,0,0,J,2,CD8+ T cell,38,12,7,7,7_2,PatrolMac
J-4858,all,6,5,6901,1697,10,26080,0,0,0,0,0,J,5,Sox9+/Id2+ epithelial cell,30,6,2,2,2_3,Vein
J-4859,all,24,18,6018,198,15,102040,0,0,0,0,0,J,6,Capillary 1 cell,45,19,2,2,2_3,Vein
J-4860,all,14,9,5980,101,30,32227,0,0,0,0,0,J,7,Pericyte,34,9,5,5,5_1,Pericyte
J-4861,all,78,32,5868,1438,29,95894,0,0,0,0,0,J,5,Sox9+/Id2+ epithelial cell,56,32,6,6,6,AT1
J-4862,all,32,18,6163,192,16,46895,0,0,0,0,0,J,8,Alveolar fibroblast 1,40,18,1,1,1_5_1,LymphaticEndo
J-4864,all,105,40,6361,480,25,144545,0,0,0,0,0,J,51,Alveolar fibroblast 1,56,31,1,1,1_3,AT2
J-4867,all,60,24,6132,1510,10,44436,0,0,0,0,0,J,15,Alveolar type 1 cell,53,24,6,6,6,AT1
J-4872,all,43,21,6598,1889,31,94467,0,0,0,0,0,J,12,Alveolar fibroblast 1,46,22,2,2,2_4,Artery
J-4874,all,22,14,6237,1485,14,32702,0,0,0,0,0,J,9,Alveolar fibroblast 1,44,16,2,2,2_4,Artery
J-4875,all,8,8,7199,1633,32,36371,0,0,0,0,0,J,3,Capillary 1 cell,25,10,2,2,2_3,Vein
J-4876,all,20,12,6072,1156,18,41863,0,0,0,0,0,J,4,Pericyte,42,12,5,5,5_1,Pericyte
J-4877,all,55,8,6341,708,21,63534,0,0,0,0,0,J,6,Alveolar type 1 cell,49,8,6,6,6,AT1
J-4879,all,60,23,5802,1225,12,117774,0,0,0,0,0,J,25,Interstitial macrophage,52,23,8,8,8_3,InterstitialMac
J-4882,all,48,15,6130,1455,8,37815,0,0,0,0,0,J,12,Arterial endothelial cell,48,15,6,6,6,AT1
J-4883,all,120,27,6554,750,25,80747,0,0,0,0,0,J,62,AT1/AT2,46,14,6,6,6,AT1
J-4887,all,40,20,6445,1914,26,36640,0,0,0,0,0,J,8,Alveolar type 1 cell,43,20,6,6,6,AT1
J-4892,all,19,14,6382,798,36,30859,0,0,0,0,0,J,4,Capillary 1 cell,40,14,2,2,2_3,Vein
J-4895,all,47,30,5581,1556,33,63497,0,0,0,0,0,J,9,Alveolar macrophage,47,30,8,8,8_1,AlveolarMac
J-4896,all,33,11,6637,110,16,39401,0,0,0,0,0,J,17,Alveolar type 1 cell,42,11,6,6,6,AT1
J-4897,all,18,11,5674,1519,33,88970,0,0,0,0,0,J,3,Venous endothelial cell,38,11,2,2,2_3,Vein
J-4898,all,20,12,6043,1144,16,44221,0,0,0,0,0,J,5,Pericyte,41,12,5,5,5_1,Pericyte
J-4899,all,52,20,6858,1711,13,43582,0,0,0,0,0,J,15,AT1/AT2,50,20,6,6,6,AT1
J-4900,all,26,8,5889,935,26,74416,0,0,0,0,0,J,21,Proliferative mesenchymal progenitor cell,38,9,3,3,3_1,SMC
J-4903,all,54,14,6556,1192,12,38504,0,0,0,0,0,J,19,Alveolar type 1 cell,50,14,6,6,6,AT1
J-4904,all,21,14,6072,1285,16,24599,0,0,0,0,0,J,3,Alveolar type 1 cell,39,14,6,6,6,AT1
J-4905,all,99,32,6494,1710,26,115723,0,0,0,0,0,J,23,Alveolar type 1 cell,59,29,6,6,6,AT1
J-4906,all,16,5,5896,609,40,18943,0,0,0,0,0,J,13,Alveolar type 2 cell,38,5,1,1,1_3,AT2
J-4907,all,29,20,6582,1216,23,42712,0,0,0,0,0,J,13,Interstitial macrophage,36,20,8,8,8_3,InterstitialMac
J-4913,all,22,13,6894,251,33,33687,0,0,0,0,0,J,5,Capillary 1 cell,40,12,2,2,2_1,Capillary
J-4916,all,15,11,5987,1700,6,14887,0,0,0,0,0,J,4,Arterial endothelial cell,34,11,2,2,2_4,Artery
J-4917,all,10,7,5776,1810,3,7196,0,0,0,0,0,J,4,Alveolar type 2 cell,28,7,1,1,1_1,AT2
J-4919,all,34,13,5642,593,29,56570,0,0,0,0,0,J,11,Alveolar type 1 cell,42,13,6,6,6,AT1
J-4920,all,22,17,5794,1590,19,30587,0,0,0,0,0,J,3,Capillary 1 cell,45,18,2,2,2_3,Vein
J-4921,all,8,5,5797,1121,25,31911,0,0,0,0,0,J,5,Proliferative mesenchymal progenitor cell,31,6,3,3,3_1,SMC
J-4927,all,25,14,6893,1729,12,47435,0,0,0,0,0,J,2,Alveolar type 1 cell,45,14,6,6,6,AT1
J-4929,all,10,6,5843,1040,21,33870,0,0,0,0,0,J,6,Sox9+/Id2+ epithelial cell,34,6,1,1,1_1,AT2
J-4934,all,40,23,7087,2020,12,61409,0,0,0,0,0,J,10,Alveolar type 1 cell,43,23,1,1,1_5_2,AlveolarFib
J-4935,all,11,8,7076,3746,34,72006,0,0,0,0,0,J,2,Inflammatory monocyte,29,8,7,7,7_2,PatrolMac
J-4937,all,58,35,6079,3741,26,87030,0,0,0,0,0,J,4,Capillary 1 cell,55,34,2,2,2_1,Capillary
J-4938,all,105,21,6028,2342,30,74953,0,0,0,0,0,J,80,Alveolar type 2 cell,52,16,1,1,1_3,AT2
J-4940,all,78,31,6665,2230,29,79320,0,0,0,0,0,J,4,B cell,56,31,7,7,7_2,PatrolMac
J-4941,all,43,29,7084,2098,26,108094,0,0,0,0,0,J,3,Innate lymphoid cell,44,30,1,1,1_6_2,Neutrophil
J-4942,all,40,23,6567,2073,26,68194,0,0,0,0,0,J,7,Alveolar type 2 cell,43,23,8,8,8_2,InterstitialMac
J-4944,all,128,25,6435,3802,20,73591,0,0,0,0,0,J,11,Alveolar type 1 cell,45,11,6,6,6,AT1
J-4949,all,29,17,7288,3300,25,81033,0,0,0,0,0,J,13,Alveolar macrophage,38,17,1,1,1_2_3,Tcell (CD4)
J-4951,all,95,30,5642,3652,16,70983,49286,329,49014,0.006667612,0.993332388,J,22,Vascular smooth muscle cell,60,28,1,1,1_3,AT2
J-4952,all,37,26,6337,3678,18,44907,0,0,0,0,0,J,3,Inflammatory monocyte,42,28,2,2,2_5,DC
J-4954,all,77,32,5959,3588,27,91424,0,0,0,0,0,J,10,Capillary 1 cell,55,32,2,2,2_3,Vein
J-4956,all,11,10,6698,2046,36,36804,0,0,0,0,0,J,2,Capillary 1 cell,30,10,8,8,8_2,InterstitialMac
J-4957,all,47,26,6007,3080,18,84150,0,0,0,0,0,J,6,Ciliated cell,47,26,6,6,6,AT1
J-4958,all,47,22,6541,2771,18,71170,0,0,0,0,0,J,9,Alveolar type 1 cell,47,22,6,6,6,AT1
J-4959,all,49,27,6016,3813,9,75481,0,0,0,0,0,J,3,Capillary 1 cell,49,27,2,2,2_3,Vein
J-4960,all,30,23,6395,2817,21,96870,0,0,0,0,0,J,8,Sox9+/Id2+ epithelial cell,38,23,6,6,6,AT1
J-4961,all,28,16,6712,3007,16,92939,0,0,0,0,0,J,11,Alveolar fibroblast 1,37,17,3,3,3_1,SMC
J-4963,all,12,8,6035,2173,13,41859,0,0,0,0,0,J,4,Alveolar fibroblast 1,30,9,3,3,3_5,SMC
J-4964,all,29,15,5841,3409,10,38195,0,0,0,0,0,J,14,Sox9+/Id2+ epithelial cell,41,15,6,6,6,AT1
J-4966,all,47,18,6404,2225,21,66275,0,0,0,0,0,J,4,Natural killer cell,47,18,7,7,7_4,PatrolMac
J-4967,all,25,16,5837,2750,16,43671,0,0,0,0,0,J,8,Capillary 2 cell,42,16,2,2,2_1,Capillary
J-4970,all,44,18,5880,3367,10,37269,0,0,0,0,0,J,10,Sox9+/Id2+ epithelial cell,45,18,6,6,6,AT1
J-4974,all,16,7,7156,3466,22,38836,0,0,0,0,0,J,9,Sox9+/Id2+ epithelial cell,39,7,1,1,1_1,AT2
J-4975,all,32,17,6508,2698,34,51769,0,0,0,0,0,J,9,Inflammatory monocyte,43,19,2,2,2_5,DC
J-4976,all,84,28,6052,3607,10,85455,52,52,0,1,0,J,3,Natural killer cell,60,28,7,7,7_2,PatrolMac
J-4977,all,42,25,6748,2056,30,83723,0,0,0,0,0,J,15,Alveolar fibroblast 1,42,24,1,1,1_5_1,LymphaticEndo
J-4978,all,24,12,6319,2178,23,26743,0,0,0,0,0,J,3,Secondary crest myofibroblast,42,13,3,3,3_2,SMC
J-4980,all,30,16,6577,2026,28,44365,0,0,0,0,0,J,12,Interstitial macrophage,40,16,8,8,8_3,InterstitialMac
J-4984,all,72,15,6484,2094,29,58937,0,0,0,0,0,J,11,Alveolar type 1 cell,52,15,6,6,6,AT1
J-4985,all,108,14,6007,3454,12,55020,0,0,0,0,0,J,97,Alveolar type 2 cell,53,11,1,1,1_3,AT2
J-4987,all,33,22,6249,2099,20,112326,0,0,0,0,0,J,7,Alveolar fibroblast 1,40,21,1,1,1_5_1,LymphaticEndo
J-4988,all,147,33,6485,3799,14,94546,0,0,0,0,0,J,29,Alveolar type 1 cell,48,15,6,6,6,AT1
J-4990,all,54,16,6831,3054,9,69689,0,0,0,0,0,J,33,Sox9+/Id2+ epithelial cell,51,16,1,1,1_1,AT2
J-4991,all,13,9,7388,3044,15,44184,0,0,0,0,0,J,3,Alveolar fibroblast 1,37,9,2,2,2_1,Capillary
J-4992,all,19,10,6483,3182,22,88743,62,0,62,0,1,J,11,B cell,35,10,9,9,9,Bcell
J-4993,all,18,11,6877,2025,9,31735,524,0,524,0,1,J,10,Sox9+/Id2+ epithelial cell,40,11,2,2,2_3,Vein
J-4994,all,72,34,5791,3430,20,109060,0,0,0,0,0,J,5,Capillary 1 cell,56,34,9,9,9,Bcell
J-4995,all,152,33,6249,3723,24,85422,0,0,0,0,0,J,105,Alveolar type 2 cell,45,13,1,1,1_3,AT2
J-4997,all,16,4,7100,3491,29,35314,0,0,0,0,0,J,13,Alveolar type 2 cell,41,4,1,1,1_1,AT2
J-4998,all,51,33,5694,2187,25,90665,0,0,0,0,0,J,15,Alveolar type 1 cell,51,33,6,6,6,AT1
J-5000,all,67,29,6526,2119,20,94298,0,0,0,0,0,J,7,T regulatory cell,54,29,7,7,7_2,PatrolMac
J-5001,all,52,24,6187,3163,16,77666,0,0,0,0,0,J,14,Capillary 2 cell,53,25,1,1,1_4_3,AlveolarFib
J-5004,all,32,9,7054,3427,30,43278,0,0,0,0,0,J,2,Alveolar type 1 cell,44,9,6,6,6,AT1
J-5008,all,60,29,6448,2841,21,87573,0,0,0,0,0,J,10,Alveolar fibroblast 1,55,29,1,1,1_5_1,LymphaticEndo
J-5009,all,24,16,6189,3666,14,79951,0,0,0,0,0,J,7,CD8+ T cell,40,16,5,5,5_1,Pericyte
J-5010,all,9,6,5872,3425,7,13512,0,0,0,0,0,J,2,Sox9+/Id2+ epithelial cell,29,6,2,2,2_3,Vein
J-5016,all,17,13,7005,2114,12,56689,0,0,0,0,0,J,3,Venous endothelial cell,38,14,2,2,2_3,Vein
J-5018,all,23,17,6965,2082,12,72347,0,0,0,0,0,J,4,Alveolar macrophage,39,17,8,8,8_1,AlveolarMac
J-5019,all,28,19,6309,3700,15,32157,0,0,0,0,0,J,5,Capillary 2 cell,37,19,2,2,2_3,Vein
J-5021,all,24,13,7247,3318,21,72815,0,0,0,0,0,J,12,Vascular smooth muscle cell,40,13,5,5,5_1,Pericyte
J-5022,all,18,9,5786,2605,10,38372,0,0,0,0,0,J,13,Pericyte,40,9,5,5,5_3,Pericyte
J-5023,all,82,40,6603,2821,16,83060,0,0,0,0,0,J,35,Interstitial macrophage,59,40,8,8,8_2,InterstitialMac
J-5024,all,11,9,6037,2272,31,66756,0,0,0,0,0,J,7,Pericyte,32,9,5,5,5_1,Pericyte
J-5025,all,12,7,6999,3480,23,26525,0,0,0,0,0,J,7,Alveolar macrophage,31,7,8,8,8_1,AlveolarMac
J-5026,all,21,11,6436,2810,29,47306,0,0,0,0,0,J,4,Innate lymphoid cell,40,11,6,6,6,AT1
J-5027,all,90,26,5994,1976,29,76987,0,0,0,0,0,J,69,Alveolar type 2 cell,59,26,1,1,1_1,AT2
J-5029,all,74,19,6972,3489,17,61183,0,0,0,0,0,J,40,Alveolar type 2 cell,52,19,1,1,1_1,AT2
J-5030,all,18,13,6965,3422,23,37876,0,0,0,0,0,J,2,Alveolar fibroblast 1,38,13,2,2,2_6,pDC
J-5031,all,19,12,6518,2431,12,36133,0,0,0,0,0,J,2,CD8+ T cell,38,13,2,2,2_2,InflamMac
J-5034,all,18,12,7399,3285,29,44087,0,0,0,0,0,J,5,Alveolar fibroblast 1,35,12,9,9,9,Bcell
J-5035,all,19,14,5881,3578,20,25280,0,0,0,0,0,J,7,Sox9+/Id2+ epithelial cell,39,14,5,5,5_1,Pericyte
J-5037,all,21,17,6494,3715,34,25738,0,0,0,0,0,J,4,Capillary 1 cell,41,17,2,2,2_3,Vein
J-5038,all,53,33,6697,2262,19,120559,0,0,0,0,0,J,8,Arterial endothelial cell,53,33,2,2,2_4,Artery
J-5042,all,16,12,6336,3708,8,23673,0,0,0,0,0,J,3,Alveolar fibroblast 1,38,13,1,1,1_4_1,AlveolarFib
J-5043,all,22,15,6866,2364,16,61332,0,0,0,0,0,J,2,Capillary 2 cell,41,15,2,2,2_6,pDC
J-5044,all,41,19,6139,3011,13,56533,0,0,0,0,0,J,7,B cell,44,19,7,7,7_2,PatrolMac
J-5045,all,40,22,5604,3153,18,57143,0,0,0,0,0,J,2,Neutrophil,45,23,1,1,1_4_1,AlveolarFib
J-5047,all,21,5,5671,3172,24,22699,268,214,54,0.798507463,0.201492537,J,15,Sox9+/Id2+ epithelial cell,41,5,1,1,1_1,AT2
J-5048,all,51,34,5927,3080,22,84211,0,0,0,0,0,J,19,B cell,51,34,9,9,9,Bcell
J-5049,all,15,11,6119,1971,35,53321,0,0,0,0,0,J,2,Proliferative mesenchymal progenitor cell,32,12,1,1,1_6_2,Neutrophil
J-5052,all,47,22,6391,3652,33,63995,0,0,0,0,0,J,11,Pericyte,47,22,5,5,5_1,Pericyte
J-5053,all,54,28,6222,3604,9,43584,0,0,0,0,0,J,4,Capillary 2 cell,53,28,2,2,2_6,pDC
J-5054,all,55,19,5908,2530,28,90631,0,0,0,0,0,J,24,Arterial endothelial cell,51,19,2,2,2_4,Artery
J-5055,all,24,21,6907,3306,18,28143,0,0,0,0,0,J,6,Inflammatory monocyte,43,21,7,7,7_2,PatrolMac
J-5056,all,47,27,6910,2101,20,73559,0,0,0,0,0,J,17,Pericyte,47,27,5,5,5_1,Pericyte
J-5057,all,26,15,6636,3173,13,46047,0,0,0,0,0,J,2,Endothelial progenitor cell,39,16,2,2,2_1,Capillary
J-5060,all,19,9,6926,3145,25,38318,0,0,0,0,0,J,9,Alveolar type 2 cell,41,9,1,1,1_1,AT2
J-5061,all,58,17,7389,2972,23,68907,0,0,0,0,0,J,7,Alveolar type 1 cell,52,17,6,6,6,AT1
J-5062,all,128,30,5833,3347,19,65885,0,0,0,0,0,J,82,Alveolar type 2 cell,44,11,1,1,1_3,AT2
J-5063,all,23,16,6980,3387,34,40394,0,0,0,0,0,J,11,Pericyte,41,16,5,5,5_1,Pericyte
J-5066,all,40,23,6840,3315,24,79995,0,0,0,0,0,J,8,Sox9+/Id2+ epithelial cell,44,23,6,6,6,AT1
J-5070,all,21,11,6315,2762,11,20501,0,0,0,0,0,J,9,Alveolar type 1 cell,40,11,6,6,6,AT1
J-5071,all,28,17,6619,2045,27,39915,0,0,0,0,0,J,8,Interstitial macrophage,39,17,8,8,8_3,InterstitialMac
J-5073,all,41,20,7206,2023,31,83473,0,0,0,0,0,J,7,Sox9+/Id2+ epithelial cell,43,20,2,2,2_3,Vein
J-5074,all,13,10,6054,1989,29,28090,0,0,0,0,0,J,3,Alveolar fibroblast 1,30,11,1,1,1_4_1,AlveolarFib
J-5077,all,70,29,6327,3646,13,43814,0,0,0,0,0,J,8,Alveolar type 1 cell,54,29,6,6,6,AT1
J-5080,all,24,14,6384,2142,16,85407,0,0,0,0,0,J,5,B cell,40,15,1,1,1_4_1,AlveolarFib
J-5081,all,18,13,7140,3091,26,35514,0,0,0,0,0,J,2,Arterial endothelial cell,39,14,2,2,2_4,Artery
J-5083,all,13,9,7362,3738,19,52309,0,0,0,0,0,J,5,Capillary 1 cell,29,10,2,2,2_1,Capillary
J-5084,all,26,22,5852,2671,17,51256,0,0,0,0,0,J,5,Alveolar fibroblast 1,49,22,1,1,1_5_4,pDC
J-5086,all,14,10,7384,3449,35,43861,0,0,0,0,0,J,3,Basophil,32,12,2,2,2_5,DC
J-5088,all,59,31,5952,3335,17,103216,0,0,0,0,0,J,10,Sox9+/Id2+ epithelial cell,55,31,5,5,5_3,Pericyte
J-5091,all,147,17,6918,2009,15,96622,0,0,0,0,0,J,132,Alveolar type 2 cell,49,7,1,1,1_3,AT2
J-5092,all,45,20,6782,2393,8,60017,0,0,0,0,0,J,13,Alveolar fibroblast 1,46,20,1,1,1_4_3,AlveolarFib
J-5093,all,37,23,6427,2193,16,82859,0,0,0,0,0,J,6,Natural killer cell,40,23,7,7,7_3,Tcell (CD8)
J-5094,all,9,5,6492,2205,12,32031,0,0,0,0,0,J,5,Pericyte,27,5,5,5,5_1,Pericyte
J-5095,all,26,17,5958,2365,31,34515,0,0,0,0,0,J,4,Alveolar fibroblast 1,41,18,1,1,1_4_1,AlveolarFib
J-5098,all,251,26,5600,3673,13,68785,547398,318034,229307,0.581052762,0.418947238,J,57,Pericyte,54,6,1,1,1_3,AT2
J-5099,all,68,35,7150,2005,20,116092,0,0,0,0,0,J,9,Inflammatory monocyte,56,37,2,2,2_5,DC
J-5101,all,31,21,6713,3622,28,73844,0,0,0,0,0,J,3,Capillary 2 cell,39,21,2,2,2_6,pDC
J-5102,all,116,34,6744,3749,10,83713,0,0,0,0,0,J,47,Alveolar fibroblast 1,47,20,1,1,1_5_1,LymphaticEndo
J-5103,all,92,26,5850,3591,20,49901,0,0,0,0,0,J,44,Alveolar type 2 cell,57,25,1,1,1_1,AT2
J-5105,all,8,7,7392,3312,15,40415,0,0,0,0,0,J,2,B cell,29,7,9,9,9,Bcell
J-5107,all,77,36,5820,1993,20,124083,0,0,0,0,0,J,15,Alveolar fibroblast 1,58,37,2,2,2_4,Artery
J-5108,all,37,20,6617,3134,14,40449,0,0,0,0,0,J,8,Arterial endothelial cell,43,20,2,2,2_4,Artery
J-5111,all,56,30,6302,2124,28,85393,0,0,0,0,0,J,13,Alveolar macrophage,52,29,2,2,2_1,Capillary
J-5113,all,29,10,6559,2605,11,18209,0,0,0,0,0,J,23,Alveolar type 2 cell,43,10,1,1,1_1,AT2
J-5114,all,25,16,6074,2450,24,44238,0,0,0,0,0,J,5,Venous endothelial cell,46,17,2,2,2_1,Capillary
J-5115,all,19,17,6717,3296,14,62831,0,0,0,0,0,J,2,B cell,39,17,9,9,9,Bcell
J-5118,all,21,15,7066,3575,35,38096,0,0,0,0,0,J,2,Venous endothelial cell,41,15,2,2,2_3,Vein
J-5119,all,24,14,6102,2182,35,56241,0,0,0,0,0,J,6,Alveolar fibroblast 1,43,14,1,1,1_5_1,LymphaticEndo
J-5121,all,7,4,6108,2438,13,40625,0,0,0,0,0,J,4,Pericyte,21,7,5,5,5_1,Pericyte
J-5125,all,58,15,6438,2118,16,64700,0,0,0,0,0,J,9,Alveolar type 1 cell,52,15,6,6,6,AT1
J-5126,all,41,19,6944,3310,21,63496,0,0,0,0,0,J,4,Inflammatory monocyte,43,19,7,7,7_2,PatrolMac
J-5128,all,63,24,5863,3322,16,42765,0,0,0,0,0,J,29,AT1/AT2,56,24,6,6,6,AT1
J-5130,all,24,19,7074,3625,19,81532,0,0,0,0,0,J,2,Endothelial progenitor cell,44,19,6,6,6,AT1
J-5131,all,28,16,6530,2825,20,45216,0,0,0,0,0,J,10,Alveolar macrophage,40,17,3,3,3_5,SMC
J-5132,all,62,12,6530,2610,15,42172,0,0,0,0,0,J,46,Capillary 1 cell,51,12,1,1,1_1,AT2
J-5133,all,96,10,5760,2111,12,67944,0,0,0,0,0,J,89,Alveolar type 2 cell,51,10,1,1,1_1,AT2
J-5134,all,49,23,5846,3094,36,32039,0,0,0,0,0,J,15,Alveolar type 2 cell,49,23,1,1,1_1,AT2
J-5135,all,51,23,6203,3721,33,57777,0,0,0,0,0,J,28,Pericyte,50,23,5,5,5_3,Pericyte
J-5137,all,29,15,7366,3402,31,69033,0,0,0,0,0,J,4,Capillary 1 cell,41,16,2,2,2_1,Capillary
J-5138,all,9,6,5773,2717,33,37991,0,0,0,0,0,J,4,Proliferative mesenchymal progenitor cell,27,7,3,3,3_1,SMC
J-5142,all,22,11,6947,3258,13,67131,0,0,0,0,0,J,5,Sox9+/Id2+ epithelial cell,46,13,2,2,2_1,Capillary
J-5143,all,26,11,6570,3063,13,16789,0,0,0,0,0,J,14,Alveolar type 2 cell,41,12,3,3,3_1,SMC
J-5144,all,11,6,7392,3019,12,16838,0,0,0,0,0,J,5,Arterial endothelial cell,30,6,2,2,2_4,Artery
J-5146,all,33,15,6284,1990,37,38598,0,0,0,0,0,J,2,Natural killer cell,44,16,2,2,2_2,InflamMac
J-5147,all,32,13,6866,3084,12,59186,0,0,0,0,0,J,15,AT1/AT2,45,15,2,2,2_1,Capillary
J-5148,all,18,5,5752,2777,28,23821,0,0,0,0,0,J,14,Sox9+/Id2+ epithelial cell,42,5,1,1,1_1,AT2
J-5149,all,23,12,6601,3070,18,29325,0,0,0,0,0,J,10,Secondary crest myofibroblast,43,13,3,3,3_1,SMC
J-5150,all,61,21,6653,1969,12,84633,0,0,0,0,0,J,43,Pericyte,51,21,5,5,5_1,Pericyte
J-5151,all,145,46,6036,3424,11,92677,0,0,0,0,0,J,70,Alveolar type 2 cell,47,22,2,2,2_6,pDC
J-5152,all,131,32,6892,3194,13,80485,0,0,0,0,0,J,25,Alveolar type 1 cell,46,13,6,6,6,AT1
J-5153,all,26,16,5928,2412,24,48135,0,0,0,0,0,J,7,Alveolar fibroblast 1,44,16,1,1,1_5_1,LymphaticEndo
J-5155,all,14,11,6977,3727,11,56656,0,0,0,0,0,J,4,Innate lymphoid cell,30,11,5,5,5_3,Pericyte
J-5156,all,22,11,6349,1970,29,90045,0,0,0,0,0,J,5,Capillary 2 cell,42,12,2,2,2_1,Capillary
J-5157,all,106,26,7236,3112,16,89979,0,0,0,0,0,J,27,Alveolar type 1 cell,57,23,6,6,6,AT1
J-5158,all,22,16,6150,2636,38,32332,0,0,0,0,0,J,5,Inflammatory monocyte,40,16,7,7,7_2,PatrolMac
J-5159,all,34,21,5805,2750,25,47879,0,0,0,0,0,J,4,Inflammatory monocyte,43,22,2,2,2_2,InflamMac
J-5161,all,10,6,5727,2803,20,31558,0,0,0,0,0,J,2,Capillary 1 cell,31,6,2,2,2_6,pDC
J-5163,all,66,27,6670,3768,10,85308,0,0,0,0,0,J,29,CD4+ T cell,55,27,2,2,2_3,Vein
J-5164,all,34,19,5863,2233,26,81393,0,0,0,0,0,J,2,Inflammatory monocyte,42,21,2,2,2_5,DC
J-5165,all,114,25,6161,2694,30,81230,0,0,0,0,0,J,82,Alveolar type 2 cell,54,18,1,1,1_1,AT2
J-5167,all,22,11,6295,3584,8,21146,0,0,0,0,0,J,2,CD4+ T cell,38,11,1,1,1_2_1,Tcell (CD4)
J-5168,all,17,11,7206,3323,27,84356,0,0,0,0,0,J,3,Alveolar fibroblast 1,40,11,2,2,2_1,Capillary
J-5169,all,40,14,7176,2069,30,42137,0,0,0,0,0,J,3,Alveolar type 1 cell,45,14,6,6,6,AT1
J-5172,all,55,18,6646,2989,11,69508,54,0,54,0,1,J,30,Alveolar type 2 cell,52,18,1,1,1_1,AT2
J-5173,all,17,12,6068,2157,24,41650,0,0,0,0,0,J,8,Alveolar fibroblast 1,36,12,2,2,2_1,Capillary
J-5174,all,20,15,6070,2105,19,66567,0,0,0,0,0,J,8,Pericyte,37,15,5,5,5_1,Pericyte
J-5176,all,30,22,6985,3191,30,79283,0,0,0,0,0,J,11,Pericyte,37,22,2,2,2_6,pDC
J-5179,all,30,21,6615,3443,30,67908,0,0,0,0,0,J,3,Capillary 1 cell,39,21,2,2,2_1,Capillary
J-5180,all,95,43,6381,3524,17,124111,0,0,0,0,0,J,43,Capillary 1 cell,63,41,2,2,2_3,Vein
J-5181,all,20,15,7295,3340,15,75833,0,0,0,0,0,J,5,Alveolar fibroblast 1,42,17,2,2,2_4,Artery
J-5183,all,66,24,5638,3111,36,61838,0,0,0,0,0,J,10,Alveolar type 1 cell,56,24,6,6,6,AT1
J-5184,all,25,15,6622,2212,28,53270,0,0,0,0,0,J,7,Alveolar fibroblast 1,47,16,1,1,1_5_1,LymphaticEndo
J-5185,all,38,14,6277,2707,20,62739,0,0,0,0,0,J,17,Alveolar type 1 cell,44,14,6,6,6,AT1
J-5187,all,39,21,6506,2486,20,74962,0,0,0,0,0,J,6,T regulatory cell,42,21,3,3,3_6,SCMF
J-5188,all,19,10,5595,3587,38,47253,0,0,0,0,0,J,3,B cell,36,10,9,9,9,Bcell
J-5189,all,20,12,6549,2286,38,37163,0,0,0,0,0,J,5,Inflammatory monocyte,38,14,2,2,2_5,DC
J-5191,all,122,22,6532,3781,32,89811,0,0,0,0,0,J,85,AT1/AT2,47,10,1,1,1_1,AT2
J-5192,all,25,16,6783,3653,17,57152,0,0,0,0,0,J,9,Capillary 1 cell,44,16,2,2,2_3,Vein
J-5194,all,74,12,7353,3465,21,62495,0,0,0,0,0,J,63,Alveolar type 2 cell,53,12,1,1,1_1,AT2
J-5195,all,48,22,5818,3625,14,48141,0,0,0,0,0,J,10,Capillary 1 cell,48,22,2,2,2_3,Vein
J-5196,all,78,40,7053,2134,20,133835,0,0,0,0,0,J,15,Alveolar macrophage,58,42,2,2,2_5,DC
J-5200,all,23,12,5610,2788,22,94415,0,0,0,0,0,J,2,Endothelial progenitor cell,46,13,2,2,2_1,Capillary
J-5201,all,28,16,6912,2390,10,59782,0,0,0,0,0,J,4,Alveolar type 1 cell,44,16,6,6,6,AT1
J-5202,all,102,28,5814,3583,16,74272,0,0,0,0,0,J,53,Alveolar type 2 cell,55,22,1,1,1_1,AT2
J-5203,all,8,4,6757,2092,36,11218,0,0,0,0,0,J,5,Sox9+/Id2+ epithelial cell,35,5,1,1,1_1,AT2
J-5205,all,57,27,6611,3036,15,75466,0,0,0,0,0,J,18,Alveolar type 2 cell,53,27,1,1,1_3,AT2
J-5206,all,45,21,7052,3234,20,105954,0,0,0,0,0,J,15,Sox9+/Id2+ epithelial cell,46,22,2,2,2_1,Capillary
J-5208,all,44,20,5861,3272,35,30716,0,0,0,0,0,J,2,Alveolar type 1 cell,49,21,1,1,1_4_1,AlveolarFib
J-5210,all,51,20,6068,3061,20,55711,0,0,0,0,0,J,9,Alveolar type 1 cell,50,20,6,6,6,AT1
J-5212,all,9,5,6944,3200,17,17263,0,0,0,0,0,J,7,Alveolar type 2 cell,34,6,3,3,3_5,SMC
J-5214,all,30,19,5890,3401,7,26679,0,0,0,0,0,J,5,Sox9+/Id2+ epithelial cell,41,19,2,2,2_3,Vein
J-5215,all,17,12,6544,3146,8,41247,239,124,115,0.518828452,0.481171548,J,5,Pericyte,33,12,5,5,5_1,Pericyte
J-5218,all,52,16,6997,2404,12,58298,0,0,0,0,0,J,34,Alveolar type 1 cell,50,17,3,3,3_1,SMC
J-5219,all,38,21,6903,3130,28,49037,0,0,0,0,0,J,7,Capillary 2 cell,44,22,2,2,2_1,Capillary
J-5220,all,30,18,6508,2797,16,37948,0,0,0,0,0,J,6,Innate lymphoid cell,39,18,6,6,6,AT1
J-5222,all,63,12,5900,3259,29,61317,0,0,0,0,0,J,6,Alveolar type 1 cell,50,12,6,6,6,AT1
J-5223,all,31,18,7021,3480,38,35488,0,0,0,0,0,J,10,Alveolar macrophage,39,18,8,8,8_1,AlveolarMac
J-5225,all,54,25,6558,2565,18,62661,0,0,0,0,0,J,20,Capillary 1 cell,51,26,2,2,2_1,Capillary
J-5227,all,45,26,6594,3662,13,80460,0,0,0,0,0,J,4,Alveolar fibroblast 1,46,26,1,1,1_5_1,LymphaticEndo
J-5228,all,11,11,6972,3670,11,39650,0,0,0,0,0,J,2,Classical DC subset 2,30,11,3,3,3_6,SCMF
J-5231,all,89,39,6571,2800,20,112879,0,0,0,0,0,J,24,Interstitial macrophage,59,39,8,8,8_2,InterstitialMac
J-5232,all,8,7,7164,3557,16,82096,0,0,0,0,0,J,2,Secondary crest myofibroblast,27,8,2,2,2_2,InflamMac
J-5233,all,35,15,6342,2761,10,32228,50,50,0,1,0,J,11,Alveolar type 1 cell,42,15,6,6,6,AT1
J-5235,all,50,27,6185,3001,18,104999,0,0,0,0,0,J,13,B cell,50,27,9,9,9,Bcell
J-5236,all,71,28,5845,2585,21,84164,0,0,0,0,0,J,37,Alveolar type 2 cell,55,28,1,1,1_1,AT2
J-5237,all,145,50,5672,3695,23,142569,3506,0,3506,0,1,J,21,Alveolar fibroblast 1,49,25,1,1,1_5_4,pDC
J-5238,all,61,16,7074,3095,11,89898,0,0,0,0,0,J,44,Alveolar type 2 cell,52,16,1,1,1_1,AT2
J-5239,all,48,23,6199,2662,14,71787,0,0,0,0,0,J,20,Alveolar fibroblast 1,50,24,2,2,2_4,Artery
J-5242,all,19,8,5887,3604,22,21009,0,0,0,0,0,J,15,Pericyte,40,8,5,5,5_1,Pericyte
J-5243,all,21,17,6074,3105,15,51365,0,0,0,0,0,J,5,Capillary 1 cell,41,18,2,2,2_1,Capillary
J-5244,all,52,30,6568,3721,14,90318,0,0,0,0,0,J,13,Inflammatory monocyte,52,30,2,2,2_3,Vein
J-5249,all,52,23,6101,3046,18,39683,0,0,0,0,0,J,9,Alveolar type 1 cell,50,23,6,6,6,AT1
J-5251,all,33,24,7021,2318,16,85539,51,0,51,0,1,J,4,Capillary 2 cell,38,23,2,2,2_1,Capillary
J-5253,all,32,19,6229,3191,14,56438,0,0,0,0,0,J,16,B cell,40,20,2,2,2_4,Artery
J-5255,all,20,13,6444,2082,24,29979,0,0,0,0,0,J,6,T regulatory cell,39,13,7,7,7_4,PatrolMac
J-5256,all,47,22,6288,3714,14,27110,0,0,0,0,0,J,16,Arterial endothelial cell,47,22,6,6,6,AT1
J-5258,all,19,15,6410,3501,11,41245,0,0,0,0,0,J,6,Pericyte,38,15,5,5,5_1,Pericyte
J-5259,all,27,22,5835,2125,21,72569,0,0,0,0,0,J,8,Ciliated cell,40,22,2,2,2_1,Capillary
J-5264,all,69,26,6679,2092,17,84567,0,0,0,0,0,J,16,Alveolar macrophage,56,26,8,8,8_1,AlveolarMac
J-5265,all,67,28,5962,3061,33,43767,0,0,0,0,0,J,14,Alveolar type 1 cell,55,28,6,6,6,AT1
J-5267,all,12,7,6384,3458,4,13375,0,0,0,0,0,J,2,Alveolar fibroblast 1,32,7,1,1,1_5_2,AlveolarFib
J-5269,all,12,9,5804,2685,24,34223,0,0,0,0,0,J,3,Proliferative mesenchymal progenitor cell,31,10,3,3,3_1,SMC
J-5271,all,34,18,7353,1999,21,92907,0,0,0,0,0,J,6,Capillary 1 cell,43,18,2,2,2_3,Vein
J-5273,all,52,19,6531,3709,13,58695,0,0,0,0,0,J,11,Alveolar fibroblast 1,50,19,1,1,1_5_1,LymphaticEndo
J-5274,all,28,17,6459,3524,7,38359,0,0,0,0,0,J,10,Alveolar fibroblast 1,44,17,2,2,2_3,Vein
J-5275,all,54,27,6247,2005,19,87610,0,0,0,0,0,J,6,Capillary 1 cell,51,27,2,2,2_1,Capillary
J-5276,all,19,15,7393,3074,25,59142,0,0,0,0,0,J,4,B cell,43,16,2,2,2_4,Artery
J-5277,all,25,13,7325,3479,23,61105,0,0,0,0,0,J,15,Pericyte,45,13,5,5,5_1,Pericyte
J-5279,all,19,17,6943,3675,15,48431,0,0,0,0,0,J,3,Basophil,38,17,7,7,7_2,PatrolMac
J-5280,all,16,8,7352,3527,15,45955,0,0,0,0,0,J,9,Proliferative mesenchymal progenitor cell,37,9,3,3,3_1,SMC
J-5281,all,173,46,6499,2291,20,118481,0,0,0,0,0,J,113,Alveolar type 2 cell,48,21,2,2,2_5,DC
J-5286,all,13,10,5994,3032,32,26313,0,0,0,0,0,J,2,Alveolar type 1 cell,29,10,6,6,6,AT1
J-5287,all,10,8,5889,3069,36,27912,0,0,0,0,0,J,3,Pericyte,26,8,5,5,5_1,Pericyte
J-5288,all,23,14,6051,2124,17,46843,0,0,0,0,0,J,3,Alveolar fibroblast 1,43,15,1,1,1_4_1,AlveolarFib
J-5289,all,32,16,6862,2418,9,56828,0,0,0,0,0,J,16,Sox9+/Id2+ epithelial cell,42,17,1,1,1_5_1,LymphaticEndo
J-5290,all,16,14,5851,3041,20,65541,0,0,0,0,0,J,2,Inflammatory monocyte,39,16,2,2,2_5,DC
J-5291,all,14,9,6295,2783,9,25665,0,0,0,0,0,J,4,Capillary 1 cell,30,9,6,6,6,AT1
J-5294,all,57,18,6976,2376,19,99506,0,0,0,0,0,J,38,Airway smooth muscle cell,53,19,3,3,3_1,SMC
J-5295,all,23,15,6234,2681,18,40738,0,0,0,0,0,J,2,Alveolar fibroblast 1,41,15,1,1,1_5_2,AlveolarFib
J-5297,all,28,20,6217,3633,8,22640,0,0,0,0,0,J,3,B cell,42,20,9,9,9,Bcell
J-5298,all,30,18,5931,2347,24,75135,0,0,0,0,0,J,8,Pericyte,40,18,5,5,5_1,Pericyte
J-5303,all,13,6,5796,2719,25,18807,0,0,0,0,0,J,3,Proliferative mesenchymal progenitor cell,33,7,3,3,3_1,SMC
J-5304,all,33,21,5994,2257,34,73910,0,0,0,0,0,J,5,CD8+ T cell,40,21,7,7,7_2,PatrolMac
J-5306,all,50,16,6507,2046,36,49160,0,0,0,0,0,J,32,Sox9+/Id2+ epithelial cell,49,16,1,1,1_1,AT2
J-5312,all,102,15,6728,2116,28,81141,0,0,0,0,0,J,91,Alveolar type 2 cell,53,12,1,1,1_3,AT2
J-5314,all,38,16,5773,3034,33,36716,0,0,0,0,0,J,3,Venous endothelial cell,44,17,1,1,1_4_1,AlveolarFib
J-5316,all,46,21,6598,2762,16,42071,0,0,0,0,0,J,34,Interstitial macrophage,47,21,8,8,8_2,InterstitialMac
J-5317,all,14,9,6480,2378,38,40670,0,0,0,0,0,J,2,Capillary 1 cell,35,10,2,2,2_3,Vein
J-5318,all,45,20,6502,2768,15,57350,0,0,0,0,0,J,4,Alveolar type 1 cell,46,20,6,6,6,AT1
J-5320,all,14,8,6099,2091,18,46860,0,0,0,0,0,J,10,Pericyte,29,8,5,5,5_1,Pericyte
J-5325,all,12,10,6979,1982,23,42302,0,0,0,0,0,J,2,Alveolar fibroblast 1,32,11,1,1,1_4_1,AlveolarFib
J-5329,all,29,16,5467,2581,19,50987,0,0,0,0,0,J,7,Interstitial macrophage,38,16,8,8,8_3,InterstitialMac
J-5332,all,11,7,6932,3226,16,22265,0,0,0,0,0,J,3,Alveolar type 1 cell,34,7,6,6,6,AT1
J-5334,all,19,10,7126,3477,31,30692,0,0,0,0,0,J,3,Alveolar type 2 cell,37,10,1,1,1_1,AT2
J-5336,all,18,12,5915,3609,22,33094,0,0,0,0,0,J,8,Pericyte,36,12,5,5,5_1,Pericyte
J-5340,all,48,16,6621,3081,10,32712,0,0,0,0,0,J,27,Alveolar type 2 cell,48,16,1,1,1_1,AT2
J-5344,all,17,9,6982,3517,23,45170,0,0,0,0,0,J,7,Alveolar type 2 cell,36,9,1,1,1_1,AT2
J-5347,all,11,8,6788,3679,15,27037,0,0,0,0,0,J,3,Capillary 2 cell,34,8,2,2,2_6,pDC
J-5352,all,6,6,6964,3229,23,25596,0,0,0,0,0,J,4,Alveolar fibroblast 1,24,8,2,2,2_6,pDC
J-5353,all,12,7,6598,2234,10,37993,0,0,0,0,0,J,2,Inflammatory monocyte,30,8,1,1,1_6_2,Neutrophil
J-5357,all,25,16,6068,5610,10,45810,0,0,0,0,0,J,5,B cell,45,16,9,9,9,Bcell
J-5358,all,27,17,6332,5635,6,39200,0,0,0,0,0,J,7,Arterial endothelial cell,43,17,2,2,2_4,Artery
J-5360,all,69,16,5950,4422,32,75907,0,0,0,0,0,J,48,Alveolar type 2 cell,53,16,1,1,1_1,AT2
J-5361,all,29,13,6527,5502,33,63367,0,0,0,0,0,J,12,Sox9+/Id2+ epithelial cell,41,13,3,3,3_4,AdventitialFib
J-5362,all,40,24,6000,5485,28,107075,0,0,0,0,0,J,5,Proliferative mesenchymal progenitor cell,42,25,3,3,3_1,SMC
J-5366,all,31,17,5741,5011,29,61011,0,0,0,0,0,J,13,Interstitial macrophage,42,18,3,3,3_1,SMC
J-5367,all,69,32,6512,4419,24,84940,0,0,0,0,0,J,31,Sox9+/Id2+ epithelial cell,58,32,2,2,2_1,Capillary
J-5370,all,19,11,6478,4152,8,38215,0,0,0,0,0,J,2,Natural killer cell,40,12,2,2,2_2,InflamMac
J-5371,all,44,23,7184,4699,16,92026,0,0,0,0,0,J,6,Venous endothelial cell,44,22,2,2,2_1,Capillary
J-5372,all,43,18,7210,4788,12,72247,0,0,0,0,0,J,20,Sox9+/Id2+ epithelial cell,45,19,2,2,2_1,Capillary
J-5373,all,17,11,5941,5618,26,32528,0,0,0,0,0,J,3,Pericyte,38,11,5,5,5_3,Pericyte
J-5375,all,19,13,6161,4457,8,35450,0,0,0,0,0,J,3,Endothelial progenitor cell,39,13,2,2,2_1,Capillary
J-5376,all,168,50,6118,4455,27,95040,0,0,0,0,0,J,33,Alveolar macrophage,54,25,8,8,8_1,AlveolarMac
J-5378,all,82,31,6253,5319,9,53993,0,0,0,0,0,J,22,Alveolar macrophage,59,31,8,8,8_1,AlveolarMac
J-5382,all,31,19,7139,3911,26,99083,0,0,0,0,0,J,5,Capillary 1 cell,40,19,9,9,9,Bcell
J-5384,all,40,23,7203,4625,19,87454,0,0,0,0,0,J,10,Alveolar type 1 cell,43,23,6,6,6,AT1
J-5385,all,64,26,6575,5486,26,81918,0,0,0,0,0,J,33,Pericyte,55,26,5,5,5_1,Pericyte
J-5387,all,36,27,6735,4140,8,74141,0,0,0,0,0,J,11,B cell,38,27,9,9,9,Bcell
J-5388,all,35,18,7290,5659,9,41592,0,0,0,0,0,J,2,B cell,42,19,1,1,1_4_1,AlveolarFib
J-5390,all,18,11,6472,5510,18,68903,0,0,0,0,0,J,2,Sox9+/Id2+ epithelial cell,40,11,2,2,2_3,Vein
J-5391,all,40,22,7347,5424,23,70630,0,0,0,0,0,J,3,Inflammatory monocyte,43,22,9,9,9,Bcell
J-5393,all,41,21,6305,3846,34,38933,0,0,0,0,0,J,5,Venous endothelial cell,44,21,2,2,2_3,Vein
J-5394,all,64,31,7073,4358,22,116041,0,0,0,0,0,J,11,Capillary 1 cell,54,31,2,2,2_1,Capillary
J-5395,all,15,7,5785,5005,37,35637,0,0,0,0,0,J,3,Secondary crest myofibroblast,37,7,2,2,2_1,Capillary
J-5396,all,116,17,7237,5650,14,84190,0,0,0,0,0,J,8,Alveolar type 1 cell,48,8,6,6,6,AT1
J-5397,all,110,25,6671,5396,24,77343,0,0,0,0,0,J,82,Sox9+/Id2+ epithelial cell,45,9,1,1,1_3,AT2
J-5398,all,33,22,6449,5061,21,103816,0,0,0,0,0,J,6,Arterial endothelial cell,40,22,2,2,2_4,Artery
J-5399,all,140,23,6407,4155,18,71185,0,0,0,0,0,J,106,Alveolar type 2 cell,47,8,1,1,1_3,AT2
J-5400,all,30,18,6133,5445,29,60683,0,0,0,0,0,J,2,Sox9+/Id2+ epithelial cell,39,18,1,1,1_3,AT2
J-5401,all,18,12,6634,4852,23,71234,0,0,0,0,0,J,2,Alveolar fibroblast 1,40,13,3,3,3_5,SMC
J-5402,all,18,14,6294,5530,30,67041,0,0,0,0,0,J,5,B cell,37,14,9,9,9,Bcell
J-5403,all,25,17,6482,4512,19,94862,0,0,0,0,0,J,5,Alveolar fibroblast 1,39,19,2,2,2_4,Artery
J-5408,all,30,19,7326,5667,13,40499,0,0,0,0,0,J,4,Natural killer cell,40,20,2,2,2_2,InflamMac
J-5411,all,84,21,6476,5236,31,67031,0,0,0,0,0,J,60,Alveolar type 2 cell,57,21,1,1,1_3,AT2
J-5415,all,21,12,6431,4227,16,45522,0,0,0,0,0,J,8,B cell,39,12,9,9,9,Bcell
J-5416,all,18,14,6510,4269,17,83104,0,0,0,0,0,J,3,B cell,36,14,9,9,9,Bcell
J-5417,all,7,5,6334,5338,23,23464,0,0,0,0,0,J,2,Proliferative mesenchymal progenitor cell,28,6,3,3,3_1,SMC
J-5418,all,131,30,6260,5662,21,145994,0,0,0,0,0,J,95,Alveolar type 2 cell,49,18,1,1,1_3,AT2
J-5419,all,20,15,6777,4181,24,21223,0,0,0,0,0,J,7,Capillary 1 cell,38,15,6,6,6,AT1
J-5420,all,38,23,7306,5606,22,85912,0,0,0,0,0,J,3,Capillary 1 cell,42,23,2,2,2_3,Vein
J-5423,all,80,18,6499,4376,13,56632,0,0,0,0,0,J,61,Alveolar type 2 cell,53,18,1,1,1_3,AT2
J-5424,all,17,14,5880,5293,18,87136,6270,1629,4641,0.259808612,0.740191388,J,5,Capillary 1 cell,33,14,9,9,9,Bcell
J-5425,all,15,11,6625,5031,24,32823,0,0,0,0,0,J,4,Arterial endothelial cell,35,12,2,2,2_4,Artery
J-5426,all,70,19,6565,4082,32,61182,0,0,0,0,0,J,6,Alveolar type 1 cell,52,19,6,6,6,AT1
J-5427,all,30,17,6497,5569,12,67215,0,0,0,0,0,J,7,Neutrophil,40,17,7,7,7_3,Tcell (CD8)
J-5428,all,22,13,6493,4117,4,24270,0,0,0,0,0,J,3,B cell,40,13,9,9,9,Bcell
J-5429,all,114,38,5960,4368,28,84502,0,0,0,0,0,J,25,Sox9+/Id2+ epithelial cell,47,20,6,6,6,AT1
J-5431,all,134,38,6062,3940,8,68686,0,0,0,0,0,J,89,Alveolar type 2 cell,44,13,1,1,1_3,AT2
J-5434,all,78,22,7248,4764,28,106310,0,0,0,0,0,J,48,Alveolar type 2 cell,54,22,1,1,1_3,AT2
J-5435,all,20,16,6860,4803,9,48371,0,0,0,0,0,J,5,Capillary 2 cell,39,16,2,2,2_6,pDC
J-5437,all,18,5,6004,5329,13,17638,0,0,0,0,0,J,14,Sox9+/Id2+ epithelial cell,43,5,1,1,1_1,AT2
J-5438,all,90,23,6184,5018,16,66757,0,0,0,0,0,J,62,Alveolar type 2 cell,54,22,1,1,1_1,AT2
J-5440,all,36,20,7325,5527,15,62211,0,0,0,0,0,J,6,Pericyte,40,20,5,5,5_1,Pericyte
J-5442,all,9,7,7256,4877,7,15118,0,0,0,0,0,J,3,Alveolar type 1 cell,29,8,2,2,2_1,Capillary
J-5443,all,57,26,6360,5507,16,102374,0,0,0,0,0,J,5,Alveolar type 2 cell,53,26,2,2,2_3,Vein
J-5445,all,39,26,6460,3873,23,57812,0,0,0,0,0,J,9,Venous endothelial cell,41,27,2,2,2_3,Vein
J-5446,all,17,10,7001,4392,13,49835,0,0,0,0,0,J,2,Endothelial progenitor cell,36,11,1,1,1_6_2,Neutrophil
J-5447,all,14,6,6113,5061,8,16943,0,0,0,0,0,J,2,Alveolar type 1 cell,37,6,6,6,6,AT1
J-5448,all,77,21,5767,5095,22,80610,0,0,0,0,0,J,50,Alveolar type 2 cell,54,21,1,1,1_1,AT2
J-5449,all,45,18,7145,4337,28,51124,0,0,0,0,0,J,21,Sox9+/Id2+ epithelial cell,47,19,2,2,2_3,Vein
J-5451,all,26,18,6576,4210,21,82847,0,0,0,0,0,J,8,Capillary 1 cell,43,18,2,2,2_1,Capillary
J-5453,all,7,4,6705,4934,9,29650,0,0,0,0,0,J,4,Capillary 1 cell,20,7,5,5,5_1,Pericyte
J-5454,all,11,9,5735,5460,8,39097,0,0,0,0,0,J,2,Natural killer cell,32,10,2,2,2_2,InflamMac
J-5457,all,57,21,7174,4176,27,56304,0,0,0,0,0,J,31,Alveolar type 2 cell,52,21,1,1,1_3,AT2
J-5459,all,19,12,6269,5114,34,63077,0,0,0,0,0,J,9,Pericyte,39,12,5,5,5_1,Pericyte
J-5460,all,32,15,7174,4362,27,57465,0,0,0,0,0,J,13,Alveolar fibroblast 1,44,16,3,3,3_1,SMC
J-5462,all,45,26,7144,4376,21,60200,0,0,0,0,0,J,18,Alveolar type 2 cell,50,27,3,3,3_1,SMC
J-5463,all,46,22,6446,4318,15,73210,0,0,0,0,0,J,7,Alveolar fibroblast 1,44,21,2,2,2_1,Capillary
J-5466,all,22,14,6037,3890,20,32086,0,0,0,0,0,J,9,Pericyte,38,14,5,5,5_1,Pericyte
J-5467,all,30,15,5825,5138,22,30279,0,0,0,0,0,J,6,Alveolar type 1 cell,39,15,7,7,7_3,Tcell (CD8)
J-5469,all,89,22,6536,4553,22,91547,0,0,0,0,0,J,17,Alveolar type 1 cell,56,22,6,6,6,AT1
J-5470,all,17,13,6175,5454,20,50040,0,0,0,0,0,J,4,Alveolar type 1 cell,36,13,6,6,6,AT1
J-5475,all,115,31,5962,5547,25,93153,0,0,0,0,0,J,19,Alveolar type 1 cell,46,15,6,6,6,AT1
J-5477,all,28,15,7180,4408,30,38923,0,0,0,0,0,J,19,Mesothelial cell,38,16,3,3,3_1,SMC
J-5479,all,7,6,6643,4953,10,17577,0,0,0,0,0,J,5,Pericyte,18,9,5,5,5_3,Pericyte
J-5482,all,30,17,6081,3901,20,40185,0,0,0,0,0,J,15,Pericyte,39,17,5,5,5_3,Pericyte
J-5485,all,24,13,7173,4442,20,55295,0,0,0,0,0,J,14,Interstitial macrophage,38,13,8,8,8_3,InterstitialMac
J-5486,all,14,10,6723,4184,29,20063,0,0,0,0,0,J,2,Alveolar fibroblast 1,33,10,2,2,2_3,Vein
J-5488,all,13,12,5821,5052,10,87129,0,0,0,0,0,J,3,CD8+ T cell,26,12,7,7,7_4,PatrolMac
J-5491,all,22,16,7133,4424,23,49982,0,0,0,0,0,J,5,Alveolar fibroblast 1,41,16,6,6,6,AT1
J-5492,all,8,5,6252,5488,26,35907,0,0,0,0,0,J,3,Alveolar type 1 cell,23,7,6,6,6,AT1
J-5493,all,31,19,7284,5454,17,43482,0,0,0,0,0,J,4,Capillary 1 cell,41,19,2,2,2_3,Vein
J-5494,all,17,7,7150,4153,28,39679,0,0,0,0,0,J,9,Sox9+/Id2+ epithelial cell,40,7,1,1,1_1,AT2
J-5495,all,32,12,7157,4205,32,33437,0,0,0,0,0,J,17,AT1/AT2,43,12,5,5,5_3,Pericyte
J-5496,all,83,32,6603,4094,21,100455,0,0,0,0,0,J,22,Alveolar type 1 cell,58,32,6,6,6,AT1
J-5497,all,13,6,5976,5339,11,14008,0,0,0,0,0,J,7,Sox9+/Id2+ epithelial cell,34,6,1,1,1_1,AT2
J-5498,all,98,28,6416,5502,21,77893,0,0,0,0,0,J,23,Alveolar type 1 cell,58,26,6,6,6,AT1
J-5500,all,50,21,6402,5092,30,52126,0,0,0,0,0,J,5,Sox9+/Id2+ epithelial cell,49,21,2,2,2_3,Vein
J-5501,all,32,14,6317,4258,30,77730,0,0,0,0,0,J,4,Capillary 1 cell,42,14,8,8,8_2,InterstitialMac
J-5502,all,29,17,6087,4410,25,61662,0,0,0,0,0,J,3,B cell,40,17,7,7,7_2,PatrolMac
J-5507,all,42,21,6594,4154,15,71003,0,0,0,0,0,J,23,Pericyte,43,21,5,5,5_1,Pericyte
J-5508,all,7,5,6555,5378,20,22587,0,0,0,0,0,J,4,Capillary 1 cell,25,8,2,2,2_1,Capillary
J-5509,all,44,25,5962,5166,18,79639,0,0,0,0,0,J,8,Pericyte,45,25,5,5,5_1,Pericyte
J-5513,all,38,14,7190,4569,18,85994,0,0,0,0,0,J,29,Alveolar type 2 cell,44,14,1,1,1_3,AT2
J-5516,all,36,17,7193,3959,23,36836,0,0,0,0,0,J,2,Alveolar type 1 cell,42,17,6,6,6,AT1
J-5517,all,6,4,6657,4537,7,13919,0,0,0,0,0,J,2,Alveolar type 1 cell,22,6,6,6,6,AT1
J-5519,all,10,6,6045,5643,11,55373,0,0,0,0,0,J,6,B cell,22,6,9,9,9,Bcell
J-5520,all,23,6,7244,4990,6,13847,0,0,0,0,0,J,20,Alveolar type 2 cell,43,6,1,1,1_1,AT2
J-5522,all,19,16,6660,4903,12,81665,0,0,0,0,0,J,4,Natural killer cell,39,16,1,1,1_5_2,AlveolarFib
J-5523,all,13,10,5965,5209,14,15436,0,0,0,0,0,J,2,Proliferative mesenchymal progenitor cell,33,12,1,1,1_5_1,LymphaticEndo
J-5524,all,49,24,6147,5484,23,72416,0,0,0,0,0,J,10,Alveolar fibroblast 1,48,25,1,1,1_5_1,LymphaticEndo
J-5525,all,18,13,7312,5564,14,19086,0,0,0,0,0,J,5,Pericyte,38,13,5,5,5_1,Pericyte
J-5527,all,18,3,5972,5315,7,11935,0,0,0,0,0,J,16,Sox9+/Id2+ epithelial cell,41,3,1,1,1_1,AT2
J-5528,all,29,18,6146,5086,12,54565,0,0,0,0,0,J,8,Sox9+/Id2+ epithelial cell,38,18,7,7,7_3,Tcell (CD8)
J-5531,all,31,18,5876,5037,5,42899,0,0,0,0,0,J,4,Capillary 1 cell,40,17,2,2,2_1,Capillary
J-5532,all,32,16,5705,5030,25,113556,0,0,0,0,0,J,5,Inflammatory monocyte,41,17,3,3,3_1,SMC
J-5533,all,71,23,6425,5452,22,73426,0,0,0,0,0,J,44,Alveolar type 2 cell,53,23,1,1,1_1,AT2
J-5535,all,44,16,6009,5277,10,32483,0,0,0,0,0,J,31,AT1/AT2,46,16,6,6,6,AT1
J-5538,all,43,15,7233,3950,32,53829,0,0,0,0,0,J,7,Alveolar type 1 cell,46,15,6,6,6,AT1
J-5539,all,46,29,5959,5642,26,73108,0,0,0,0,0,J,10,Venous endothelial cell,46,29,6,6,6,AT1
J-5540,all,20,12,7383,3927,26,36988,0,0,0,0,0,J,2,Capillary 1 cell,41,12,2,2,2_3,Vein
J-5544,all,31,23,5918,5151,14,52853,0,0,0,0,0,J,7,B cell,39,23,5,5,5_1,Pericyte
J-5551,all,11,7,6193,5103,40,16182,0,0,0,0,0,J,6,Sox9+/Id2+ epithelial cell,34,7,1,1,1_1,AT2
J-5554,all,7,5,7059,4567,16,9536,0,0,0,0,0,J,3,Alveolar type 1 cell,31,6,6,6,6,AT1
J-5556,all,10,9,5931,5260,14,27717,0,0,0,0,0,J,3,B cell,30,10,1,1,1_4_1,AlveolarFib
J-5558,all,16,9,6414,4361,16,38341,0,0,0,0,0,J,2,Venous endothelial cell,35,10,2,2,2_3,Vein
J-5559,all,8,6,6857,4715,9,33288,0,0,0,0,0,J,4,Pericyte,28,8,5,5,5_3,Pericyte
J-5561,all,12,5,6423,4407,21,43909,0,0,0,0,0,J,8,Sox9+/Id2+ epithelial cell,34,5,1,1,1_1,AT2
J-5563,all,15,7,7197,4537,12,48813,0,0,0,0,0,J,8,Sox9+/Id2+ epithelial cell,38,7,1,1,1_1,AT2
J-5564,all,15,10,6823,4835,10,47214,0,0,0,0,0,J,4,Endothelial progenitor cell,37,11,2,2,2_3,Vein
J-5566,all,47,17,5953,5231,15,45068,0,0,0,0,0,J,6,B cell,47,17,6,6,6,AT1
J-5570,all,42,19,6012,5178,21,28641,0,0,0,0,0,J,7,Alveolar type 1 cell,46,19,6,6,6,AT1
J-5572,all,37,19,6109,5107,15,44498,0,0,0,0,0,J,2,Alveolar type 1 cell,43,19,6,6,6,AT1
J-5574,all,46,25,6513,4813,31,85392,0,0,0,0,0,J,8,Capillary 1 cell,46,25,2,2,2_6,pDC
J-5579,all,24,14,6447,4195,15,42886,0,0,0,0,0,J,9,B cell,43,14,9,9,9,Bcell
J-5582,all,58,26,6073,5241,13,51837,0,0,0,0,0,J,7,Alveolar type 1 cell,53,25,2,2,2_1,Capillary
J-5583,all,19,14,7215,4125,27,29851,0,0,0,0,0,J,6,Interstitial macrophage,37,14,8,8,8_3,InterstitialMac
J-5585,all,175,39,6402,4108,14,85197,0,0,0,0,0,J,130,Alveolar type 2 cell,48,15,1,1,1_3,AT2
J-5586,all,12,7,6144,5128,12,20435,0,0,0,0,0,J,2,Alveolar fibroblast 1,30,7,2,2,2_6,pDC
J-5591,all,46,19,7217,4170,24,70120,0,0,0,0,0,J,33,Alveolar fibroblast 1,47,20,3,3,3_1,SMC
J-5593,all,21,11,6074,5114,13,23475,0,0,0,0,0,J,4,Capillary 1 cell,40,11,2,2,2_3,Vein
J-5597,all,16,10,6078,5139,27,31003,0,0,0,0,0,J,4,Alveolar type 1 cell,38,10,6,6,6,AT1
J-5600,all,26,16,6088,5488,28,84666,0,0,0,0,0,J,8,B cell,45,16,9,9,9,Bcell
J-5601,all,7,3,7225,5395,23,19017,0,0,0,0,0,J,4,Sox9+/Id2+ epithelial cell,31,5,1,1,1_1,AT2
J-5603,all,45,27,6003,5131,33,58597,0,0,0,0,0,J,13,Arterial endothelial cell,46,27,2,2,2_4,Artery
J-5606,all,44,30,6746,5364,8,101777,0,0,0,0,0,J,4,Arterial endothelial cell,44,30,2,2,2_4,Artery
J-5607,all,12,9,6294,5335,21,45348,0,0,0,0,0,J,3,Capillary 1 cell,35,9,2,2,2_1,Capillary
J-5608,all,40,29,6397,3852,31,82672,0,0,0,0,0,J,2,Capillary 2 cell,42,29,1,1,1_3,AT2
J-5609,all,12,8,7002,4425,17,31145,0,0,0,0,0,J,2,Endothelial progenitor cell,34,7,2,2,2_1,Capillary
J-5610,all,47,25,6045,5040,11,50483,0,0,0,0,0,J,6,Natural killer cell,48,26,2,2,2_3,Vein
J-5613,all,16,10,6667,4965,12,43947,0,0,0,0,0,J,5,Pericyte,34,10,5,5,5_1,Pericyte
J-5619,all,28,16,5891,5348,27,95206,0,0,0,0,0,J,2,Venous endothelial cell,42,16,2,2,2_3,Vein
J-5622,all,22,14,5878,5147,8,47205,0,0,0,0,0,J,2,Inflammatory monocyte,39,14,7,7,7_2,PatrolMac
J-5623,all,34,19,7170,4904,24,79456,0,0,0,0,0,J,7,Endothelial progenitor cell,43,19,2,2,2_1,Capillary
J-5624,all,38,16,6289,5467,31,88484,0,0,0,0,0,J,19,B cell,43,16,9,9,9,Bcell
J-5626,all,6,6,6401,4546,37,22836,0,0,0,0,0,J,2,Chondrocyte,29,9,2,2,2_3,Vein
J-5627,all,45,15,6479,4416,11,34564,0,0,0,0,0,J,26,Alveolar type 2 cell,46,15,1,1,1_1,AT2
J-5631,all,38,22,7042,4789,8,67072,0,0,0,0,0,J,8,Sox9+/Id2+ epithelial cell,40,22,2,2,2_1,Capillary
J-5632,all,48,32,6511,4179,21,97113,0,0,0,0,0,J,3,CD8+ T cell,50,33,2,2,2_2,InflamMac
J-5642,all,62,33,6023,5077,13,54617,0,0,0,0,0,J,10,Sox9+/Id2+ epithelial cell,57,33,8,8,8_1,AlveolarMac
J-5644,all,12,11,5931,4342,33,33508,5226,57,5169,0.010907003,0.989092997,J,2,Proliferative mesenchymal progenitor cell,32,11,6,6,6,AT1
J-5650,all,9,8,6421,3914,22,52678,0,0,0,0,0,J,2,Venous endothelial cell,30,9,2,2,2_3,Vein
J-5651,all,55,14,6806,4669,8,35508,0,0,0,0,0,J,40,Sox9+/Id2+ epithelial cell,51,14,1,1,1_1,AT2
J-5653,all,37,21,6391,4577,20,55782,0,0,0,0,0,J,4,Endothelial progenitor cell,44,21,2,2,2_1,Capillary
J-5654,all,26,7,7225,4584,24,29288,0,0,0,0,0,J,22,Alveolar type 2 cell,46,7,1,1,1_1,AT2
J-5655,all,38,22,7146,4468,21,94510,0,0,0,0,0,J,16,Alveolar macrophage,43,22,8,8,8_2,InterstitialMac
J-5673,all,19,12,6108,3888,16,24785,0,0,0,0,0,J,5,Pericyte,39,12,5,5,5_3,Pericyte
J-5678,all,18,8,6084,5089,8,17073,0,0,0,0,0,J,9,Alveolar type 1 cell,38,8,6,6,6,AT1
J-5683,all,15,10,5882,5252,38,32523,0,0,0,0,0,J,3,Natural killer cell,34,11,2,2,2_2,InflamMac
J-5686,all,25,18,6128,5509,14,20215,0,0,0,0,0,J,2,Alveolar type 1 cell,47,18,6,6,6,AT1
J-5687,all,50,21,7335,4781,34,68384,0,0,0,0,0,J,5,Alveolar fibroblast 1,49,21,6,6,6,AT1
J-5694,all,57,27,5904,5829,25,62619,0,0,0,0,0,J,17,Alveolar fibroblast 1,53,27,6,6,6,AT1
J-5695,all,61,37,5746,5799,25,85061,0,0,0,0,0,J,6,Natural killer cell,60,39,2,2,2_5,DC
J-5696,all,15,12,6077,7385,10,33311,0,0,0,0,0,J,3,Capillary 1 cell,45,14,1,1,1_5_1,LymphaticEndo
J-5698,all,100,19,6879,5683,22,77651,0,0,0,0,0,J,88,Alveolar type 2 cell,52,14,1,1,1_3,AT2
J-5700,all,21,13,5723,6653,23,49125,0,0,0,0,0,J,3,Endothelial progenitor cell,41,13,2,2,2_1,Capillary
J-5701,all,22,14,6874,6701,21,51067,0,0,0,0,0,J,4,Capillary 1 cell,42,14,2,2,2_1,Capillary
J-5702,all,44,18,5737,6543,30,62532,0,0,0,0,0,J,23,Pericyte,45,18,5,5,5_1,Pericyte
J-5703,all,96,28,5697,5799,23,74781,0,0,0,0,0,J,28,Alveolar type 1 cell,61,27,6,6,6,AT1
J-5704,all,80,14,7168,5719,11,62036,0,0,0,0,0,J,71,Alveolar type 2 cell,53,14,1,1,1_3,AT2
J-5707,all,25,17,5665,7564,29,82755,0,0,0,0,0,J,12,Vascular smooth muscle cell,43,17,3,3,3_2,SMC
J-5712,all,108,43,6692,6569,31,100393,0,0,0,0,0,J,57,Alveolar type 2 cell,53,28,1,1,1_3,AT2
J-5713,all,79,23,6858,6102,12,90862,0,0,0,0,0,J,26,Alveolar macrophage,57,23,8,8,8_1,AlveolarMac
J-5714,all,51,13,6278,6450,18,61188,0,0,0,0,0,J,40,Alveolar type 2 cell,49,13,1,1,1_3,AT2
J-5716,all,43,24,6847,5850,28,85115,0,0,0,0,0,J,8,Capillary 1 cell,44,24,2,2,2_3,Vein
J-5717,all,13,9,6790,6729,7,17504,0,0,0,0,0,J,4,Sox9+/Id2+ epithelial cell,36,9,2,2,2_1,Capillary
J-5718,all,79,17,7206,7016,29,70021,0,0,0,0,0,J,12,Alveolar type 1 cell,54,17,6,6,6,AT1
J-5720,all,37,24,7060,7104,17,74265,0,0,0,0,0,J,7,Alveolar fibroblast 1,42,24,2,2,2_6,pDC
J-5721,all,20,10,6838,6044,34,52213,0,0,0,0,0,J,4,Endothelial progenitor cell,37,10,2,2,2_1,Capillary
J-5722,all,17,8,6989,6861,9,24425,0,0,0,0,0,J,4,Alveolar type 1 cell,38,8,6,6,6,AT1
J-5723,all,18,12,5819,7498,15,61731,0,0,0,0,0,J,2,Endothelial progenitor cell,39,12,2,2,2_6,pDC
J-5725,all,32,7,5632,5796,29,52522,0,0,0,0,0,J,24,Sox9+/Id2+ epithelial cell,44,7,1,1,1_3,AT2
J-5726,all,56,32,6804,6838,23,94819,0,0,0,0,0,J,14,Alveolar macrophage,54,32,8,8,8_1,AlveolarMac
J-5727,all,55,16,6750,6440,9,29012,0,0,0,0,0,J,4,Alveolar type 1 cell,51,16,6,6,6,AT1
J-5728,all,38,25,6406,7429,19,87939,0,0,0,0,0,J,11,Sox9+/Id2+ epithelial cell,41,24,2,2,2_1,Capillary
J-5730,all,109,33,6280,5854,25,91846,0,0,0,0,0,J,23,Alveolar macrophage,61,32,8,8,8_1,AlveolarMac
J-5731,all,39,12,7221,7337,28,100377,0,0,0,0,0,J,27,Alveolar type 2 cell,45,12,1,1,1_3,AT2
J-5732,all,15,13,6614,5867,33,35093,0,0,0,0,0,J,4,Pericyte,32,13,5,5,5_3,Pericyte
J-5734,all,61,31,6749,5925,18,70201,0,0,0,0,0,J,17,Arterial endothelial cell,55,31,2,2,2_4,Artery
J-5735,all,36,21,6727,6333,24,74871,0,0,0,0,0,J,9,B cell,41,21,9,9,9,Bcell
J-5736,all,31,22,5890,6127,27,68908,0,0,0,0,0,J,3,Alveolar type 1 cell,38,22,6,6,6,AT1
J-5737,all,119,28,5946,5801,23,97887,0,0,0,0,0,J,24,Alveolar type 1 cell,45,12,6,6,6,AT1
J-5741,all,48,29,5989,5768,14,57656,0,0,0,0,0,J,6,Alveolar type 1 cell,48,29,2,2,2_3,Vein
J-5742,all,24,15,6712,6764,25,47574,0,0,0,0,0,J,4,Arterial endothelial cell,44,15,2,2,2_4,Artery
J-5743,all,26,14,6551,6995,7,19887,0,0,0,0,0,J,4,Capillary 1 cell,44,14,2,2,2_1,Capillary
J-5746,all,33,23,6609,6139,22,60307,0,0,0,0,0,J,6,Innate lymphoid cell,41,23,3,3,3_4,AdventitialFib
J-5747,all,24,13,5772,7411,28,64621,0,0,0,0,0,J,2,Capillary 1 cell,45,13,2,2,2_6,pDC
J-5748,all,35,8,6406,7032,38,46022,0,0,0,0,0,J,30,Sox9+/Id2+ epithelial cell,45,8,1,1,1_3,AT2
J-5749,all,16,11,6135,6495,27,73046,0,0,0,0,0,J,7,Alveolar type 1 cell,38,12,3,3,3_1,SMC
J-5750,all,20,12,7336,7368,23,69454,0,0,0,0,0,J,2,Alveolar fibroblast 1,43,12,1,1,1_5_1,LymphaticEndo
J-5751,all,41,20,6429,6879,28,82159,0,0,0,0,0,J,7,Alveolar fibroblast 1,44,21,2,2,2_1,Capillary
J-5752,all,28,19,6302,5913,31,33116,0,0,0,0,0,J,8,Alveolar fibroblast 1,41,19,2,2,2_6,pDC
J-5753,all,33,18,6835,6219,12,97206,0,0,0,0,0,J,6,Alveolar macrophage,42,18,8,8,8_1,AlveolarMac
J-5757,all,61,20,6847,6791,14,65697,0,0,0,0,0,J,38,Capillary 1 cell,51,19,2,2,2_1,Capillary
J-5760,all,44,26,6112,6250,12,53693,0,0,0,0,0,J,13,Capillary 1 cell,43,26,2,2,2_1,Capillary
J-5763,all,38,18,7010,6886,11,63675,0,0,0,0,0,J,13,Alveolar fibroblast 1,43,19,2,2,2_4,Artery
J-5764,all,37,23,6749,6081,13,82161,0,0,0,0,0,J,10,B cell,41,23,9,9,9,Bcell
J-5766,all,45,20,5696,6572,19,78088,0,0,0,0,0,J,20,Sox9+/Id2+ epithelial cell,46,20,1,1,1_3,AT2
J-5767,all,14,8,6489,6382,14,38540,0,0,0,0,0,J,2,Alveolar fibroblast 1,33,8,1,1,1_5_4,pDC
J-5768,all,23,5,5988,7407,19,53784,0,0,0,0,0,J,18,Sox9+/Id2+ epithelial cell,44,5,1,1,1_1,AT2
J-5769,all,20,15,6482,6350,22,49321,0,0,0,0,0,J,6,Alveolar type 1 cell,41,15,1,1,1_5_1,LymphaticEndo
J-5772,all,83,20,6343,7207,15,74578,0,0,0,0,0,J,65,Alveolar type 2 cell,53,20,1,1,1_3,AT2
J-5777,all,51,23,6958,6904,30,53638,0,0,0,0,0,J,9,B cell,50,23,6,6,6,AT1
J-5778,all,36,23,6824,5984,32,65335,0,0,0,0,0,J,4,Inflammatory monocyte,40,23,7,7,7_2,PatrolMac
J-5781,all,29,17,6674,6456,31,72952,0,0,0,0,0,J,6,Capillary 1 cell,44,17,2,2,2_1,Capillary
J-5783,all,113,36,5873,6085,27,92128,0,0,0,0,0,J,15,Alveolar fibroblast 1,51,19,6,6,6,AT1
J-5784,all,26,14,6667,6387,12,40422,0,0,0,0,0,J,6,Mesothelial cell,45,14,6,6,6,AT1
J-5786,all,11,8,6587,7066,7,18007,0,0,0,0,0,J,3,Alveolar fibroblast 1,31,9,1,1,1_4_3,AlveolarFib
J-5789,all,14,12,5969,7519,11,71485,0,0,0,0,0,J,4,Alveolar fibroblast 1,29,12,1,1,1_5_4,pDC
J-5790,all,46,16,6608,7124,6,61059,0,0,0,0,0,J,22,Capillary 1 cell,47,16,2,2,2_3,Vein
J-5792,all,47,29,7345,6722,6,72928,0,0,0,0,0,J,10,Venous endothelial cell,46,29,2,2,2_1,Capillary
J-5793,all,36,21,5833,6373,13,48409,0,0,0,0,0,J,16,Capillary 1 cell,43,21,2,2,2_1,Capillary
J-5795,all,43,20,7084,6852,19,51835,0,0,0,0,0,J,19,Sox9+/Id2+ epithelial cell,46,20,2,2,2_6,pDC
J-5796,all,77,44,6692,6183,17,115446,0,0,0,0,0,J,13,Arterial endothelial cell,59,44,7,7,7_3,Tcell (CD8)
J-5797,all,46,14,7255,7052,34,39620,0,0,0,0,0,J,35,Alveolar type 2 cell,47,14,1,1,1_3,AT2
J-5799,all,76,25,6526,6237,18,51204,0,0,0,0,0,J,15,Alveolar type 1 cell,56,25,6,6,6,AT1
J-5800,all,38,22,6245,5757,22,72094,0,0,0,0,0,J,4,Alveolar fibroblast 1,41,22,2,2,2_6,pDC
J-5801,all,41,21,6209,5680,12,45704,0,0,0,0,0,J,25,B cell,43,21,9,9,9,Bcell
J-5805,all,42,16,6842,6754,17,48005,0,0,0,0,0,J,28,Sox9+/Id2+ epithelial cell,45,16,1,1,1_3,AT2
J-5807,all,32,11,5862,6348,14,33999,0,0,0,0,0,J,21,Inflammatory monocyte,45,11,1,1,1_1,AT2
J-5808,all,77,30,7152,5681,18,93874,0,0,0,0,0,J,28,Capillary 1 cell,53,29,2,2,2_1,Capillary
J-5811,all,71,17,6021,7435,17,95195,0,0,0,0,0,J,57,Alveolar type 2 cell,52,17,1,1,1_3,AT2
J-5812,all,23,16,5659,5767,11,65685,0,0,0,0,0,J,2,Alveolar fibroblast 1,42,16,1,1,1_5_4,pDC
J-5813,all,34,14,6760,7490,19,71318,0,0,0,0,0,J,21,Alveolar type 2 cell,44,14,9,9,9,Bcell
J-5814,all,42,24,6634,6167,25,69484,0,0,0,0,0,J,8,Inflammatory monocyte,50,26,2,2,2_5,DC
J-5815,all,74,28,6443,7393,20,100828,0,0,0,0,0,J,19,Sox9+/Id2+ epithelial cell,53,28,6,6,6,AT1
J-5817,all,116,35,5860,5961,29,78425,0,0,0,0,0,J,84,Alveolar type 2 cell,44,16,1,1,1_3,AT2
J-5820,all,20,14,6501,6154,31,24569,0,0,0,0,0,J,7,Neutrophil,37,15,1,1,1_5_2,AlveolarFib
J-5822,all,30,19,7154,6680,10,49213,0,0,0,0,0,J,8,B cell,40,19,9,9,9,Bcell
J-5823,all,39,25,6950,6975,14,70864,0,0,0,0,0,J,7,Capillary 1 cell,43,25,2,2,2_1,Capillary
J-5824,all,43,14,6084,6194,6,41179,0,0,0,0,0,J,8,Alveolar type 1 cell,45,14,6,6,6,AT1
J-5828,all,33,21,6590,6592,31,56925,0,0,0,0,0,J,8,Arterial endothelial cell,40,21,2,2,2_1,Capillary
J-5830,all,10,10,6096,5736,7,26068,0,0,0,0,0,J,2,Capillary 1 cell,32,11,2,2,2_3,Vein
J-5832,all,13,8,6812,7529,33,74440,0,0,0,0,0,J,5,Pericyte,33,8,5,5,5_1,Pericyte
J-5833,all,8,4,7217,7559,15,52102,0,0,0,0,0,J,3,Proliferative mesenchymal progenitor cell,31,5,3,3,3_1,SMC
J-5834,all,19,9,5934,6311,17,62621,0,0,0,0,0,J,8,Pericyte,40,9,5,5,5_3,Pericyte
J-5835,all,15,12,6575,6923,12,30707,0,0,0,0,0,J,3,Sox9+/Id2+ epithelial cell,33,12,2,2,2_6,pDC
J-5836,all,99,28,5674,5883,27,81966,0,0,0,0,0,J,30,Alveolar type 1 cell,56,24,6,6,6,AT1
J-5837,all,110,51,6791,5949,17,103125,0,0,0,0,0,J,26,Interstitial macrophage,55,37,8,8,8_3,InterstitialMac
J-5838,all,25,12,7144,6552,9,32153,0,0,0,0,0,J,5,Alveolar type 2 cell,43,13,2,2,2_2,InflamMac
J-5839,all,18,12,5633,6099,10,42464,0,0,0,0,0,J,3,Capillary 1 cell,37,12,2,2,2_3,Vein
J-5841,all,34,14,6563,7022,6,19646,0,0,0,0,0,J,6,Alveolar fibroblast 1,43,14,2,2,2_1,Capillary
J-5842,all,48,19,6524,7321,24,95310,0,0,0,0,0,J,11,Alveolar type 1 cell,48,19,6,6,6,AT1
J-5843,all,87,12,6468,5933,17,74988,0,0,0,0,0,J,79,Alveolar type 2 cell,52,10,1,1,1_3,AT2
J-5846,all,6,6,6587,6661,32,10671,0,0,0,0,0,J,2,Alveolar fibroblast 1,24,10,2,2,2_4,Artery
J-5849,all,31,19,6065,5759,24,63508,0,0,0,0,0,J,8,Capillary 2 cell,41,19,2,2,2_3,Vein
J-5850,all,29,7,6616,6819,13,38342,0,0,0,0,0,J,24,Alveolar type 2 cell,42,7,1,1,1_1,AT2
J-5852,all,29,17,5897,5682,25,44139,0,0,0,0,0,J,4,AT1/AT2,38,17,2,2,2_6,pDC
J-5853,all,52,31,7251,6980,16,105167,0,0,0,0,0,J,23,Sox9+/Id2+ epithelial cell,52,31,5,5,5_1,Pericyte
J-5854,all,115,18,7054,6825,12,70346,0,0,0,0,0,J,98,AT1/AT2,51,11,1,1,1_3,AT2
J-5855,all,22,15,6784,6770,10,58166,0,0,0,0,0,J,10,Pericyte,40,15,5,5,5_1,Pericyte
J-5856,all,19,9,7350,7426,19,80633,0,0,0,0,0,J,8,Pericyte,37,9,5,5,5_1,Pericyte
J-5857,all,54,20,6584,6788,38,52195,0,0,0,0,0,J,4,Alveolar fibroblast 1,51,20,6,6,6,AT1
J-5858,all,52,20,6500,5775,27,97855,0,0,0,0,0,J,3,Capillary 1 cell,50,19,2,2,2_1,Capillary
J-5860,all,33,19,6380,7356,17,77990,0,0,0,0,0,J,6,Alveolar fibroblast 1,39,19,2,2,2_1,Capillary
J-5861,all,16,12,6770,6364,28,33480,0,0,0,0,0,J,3,Endothelial progenitor cell,33,12,2,2,2_1,Capillary
J-5863,all,33,20,6338,5878,31,86024,0,0,0,0,0,J,8,Capillary 1 cell,41,20,2,2,2_1,Capillary
J-5865,all,84,21,6907,6959,14,62655,0,0,0,0,0,J,15,AT1/AT2,55,21,6,6,6,AT1
J-5866,all,62,24,7005,7098,18,99817,0,0,0,0,0,J,36,Alveolar type 2 cell,53,24,1,1,1_3,AT2
J-5867,all,33,15,6130,5790,29,72401,0,0,0,0,0,J,9,Pericyte,44,15,5,5,5_1,Pericyte
J-5868,all,141,28,6903,6561,11,83074,0,0,0,0,0,J,116,Alveolar type 2 cell,46,10,1,1,1_3,AT2
J-5871,all,31,21,6635,6684,26,36471,0,0,0,0,0,J,11,Arterial endothelial cell,40,21,6,6,6,AT1
J-5872,all,50,26,6662,6513,30,98762,0,0,0,0,0,J,12,Arterial endothelial cell,50,26,7,7,7_4,PatrolMac
J-5873,all,29,19,7324,7053,8,63441,0,0,0,0,0,J,3,Inflammatory monocyte,42,19,2,2,2_3,Vein
J-5876,all,44,25,6886,6843,10,73280,0,0,0,0,0,J,11,Endothelial progenitor cell,44,25,5,5,5_3,Pericyte
J-5880,all,29,14,6713,7489,17,80434,0,0,0,0,0,J,3,Alveolar fibroblast 1,42,15,1,1,1_5_2,AlveolarFib
J-5881,all,29,17,6809,7243,10,77753,0,0,0,0,0,J,8,Sox9+/Id2+ epithelial cell,39,17,6,6,6,AT1
J-5882,all,63,36,6829,6691,16,97567,0,0,0,0,0,J,17,Capillary 1 cell,59,37,2,2,2_2,InflamMac
J-5885,all,11,5,6870,5721,20,13306,0,0,0,0,0,J,8,Alveolar type 2 cell,37,5,1,1,1_1,AT2
J-5886,all,111,52,6706,6398,22,137250,0,0,0,0,0,J,37,Pericyte,53,34,5,5,5_1,Pericyte
J-5887,all,27,16,6018,6412,22,107914,0,0,0,0,0,J,7,Venous endothelial cell,41,17,2,2,2_3,Vein
J-5888,all,22,13,6429,5900,25,39642,0,0,0,0,0,J,14,Pericyte,41,13,5,5,5_1,Pericyte
J-5889,all,24,14,6610,5908,31,75937,0,0,0,0,0,J,16,Pericyte,42,14,5,5,5_1,Pericyte
J-5893,all,6,6,5666,6600,11,19043,0,0,0,0,0,J,2,Capillary 1 cell,28,8,2,2,2_6,pDC
J-5895,all,42,12,7238,7024,28,56897,0,0,0,0,0,J,23,Alveolar type 2 cell,46,12,6,6,6,AT1
J-5896,all,54,35,6873,7109,31,113515,0,0,0,0,0,J,15,Pericyte,54,35,5,5,5_1,Pericyte
J-5902,all,38,9,6554,5854,23,33336,0,0,0,0,0,J,23,Alveolar type 2 cell,47,9,1,1,1_1,AT2
J-5904,all,55,22,7299,7013,20,95610,0,0,0,0,0,J,20,Sox9+/Id2+ epithelial cell,53,22,2,2,2_3,Vein
J-5905,all,33,11,5798,7340,20,41495,0,0,0,0,0,J,25,Sox9+/Id2+ epithelial cell,43,11,1,1,1_3,AT2
J-5906,all,19,13,7312,6862,8,35250,0,0,0,0,0,J,5,Alveolar fibroblast 1,42,14,2,2,2_3,Vein
J-5907,all,96,52,6676,5920,14,138874,0,0,0,0,0,J,17,Arterial endothelial cell,63,49,2,2,2_4,Artery
J-5910,all,62,34,6539,6189,18,85332,0,0,0,0,0,J,9,Sox9+/Id2+ epithelial cell,56,34,6,6,6,AT1
J-5911,all,74,33,5903,5883,29,75961,0,0,0,0,0,J,26,Alveolar macrophage,52,33,8,8,8_1,AlveolarMac
J-5912,all,71,28,6398,6947,26,101238,0,0,0,0,0,J,5,Arterial endothelial cell,53,29,2,2,2_4,Artery
J-5913,all,20,13,7389,6753,7,35827,0,0,0,0,0,J,3,B cell,39,13,9,9,9,Bcell
J-5915,all,49,16,6458,5902,15,50313,0,0,0,0,0,J,34,Sox9+/Id2+ epithelial cell,49,17,2,2,2_3,Vein
J-5916,all,27,15,6732,6633,30,48937,0,0,0,0,0,J,7,Capillary 1 cell,45,15,2,2,2_1,Capillary
J-5918,all,17,9,6592,7329,11,36535,0,0,0,0,0,J,3,Capillary 1 cell,38,9,6,6,6,AT1
J-5921,all,41,27,6750,6282,15,78832,0,0,0,0,0,J,7,Capillary 1 cell,42,28,2,2,2_1,Capillary
J-5922,all,58,30,6477,6272,18,113101,0,0,0,0,0,J,12,Neutrophil,53,30,6,6,6,AT1
J-5923,all,23,16,5782,7313,24,77046,0,0,0,0,0,J,10,Alveolar type 2 cell,43,17,2,2,2_1,Capillary
J-5926,all,35,26,5957,5741,12,75712,0,0,0,0,0,J,9,Alveolar fibroblast 1,39,28,2,2,2_4,Artery
J-5928,all,26,6,6001,6527,27,29353,0,0,0,0,0,J,19,Endothelial progenitor cell,44,6,2,2,2_6,pDC
J-5929,all,45,28,6793,6142,26,109887,0,0,0,0,0,J,7,Classical DC subset 2,47,29,2,2,2_1,Capillary
J-5930,all,66,30,6622,6617,34,57577,0,0,0,0,0,J,34,AT1/AT2,54,29,2,2,2_1,Capillary
J-5932,all,63,33,6667,6711,22,90424,0,0,0,0,0,J,18,Alveolar fibroblast 1,55,33,1,1,1_5_1,LymphaticEndo
J-5933,all,43,21,6444,6406,19,62028,0,0,0,0,0,J,7,B cell,45,22,3,3,3_1,SMC
J-5935,all,24,17,7241,7217,11,58297,0,0,0,0,0,J,2,Venous endothelial cell,44,17,2,2,2_3,Vein
J-5940,all,123,37,6692,6672,18,99081,0,0,0,0,0,J,24,Alveolar type 1 cell,44,12,6,6,6,AT1
J-5943,all,116,17,6651,6798,16,89634,0,0,0,0,0,J,99,Alveolar type 2 cell,46,7,3,3,3_1,SMC
J-5944,all,44,9,5785,7367,15,38458,0,0,0,0,0,J,34,Sox9+/Id2+ epithelial cell,47,9,1,1,1_1,AT2
J-5945,all,66,28,6933,7138,27,116263,0,0,0,0,0,J,19,Alveolar type 1 cell,56,28,6,6,6,AT1
J-5947,all,79,17,5993,7336,21,74571,0,0,0,0,0,J,8,Alveolar type 1 cell,53,17,6,6,6,AT1
J-5948,all,15,10,5468,5941,5,20209,0,0,0,0,0,J,3,Endothelial progenitor cell,34,10,6,6,6,AT1
J-5949,all,137,54,7256,5824,14,117475,0,0,0,0,0,J,15,Mesothelial cell,46,23,3,3,3_1,SMC
J-5951,all,11,9,6408,5908,17,40596,0,0,0,0,0,J,2,Pericyte,30,9,5,5,5_3,Pericyte
J-5952,all,23,15,6181,6469,21,83384,0,0,0,0,0,J,4,Proliferative mesenchymal progenitor cell,44,16,3,3,3_1,SMC
J-5953,all,82,28,6037,6530,22,106023,0,0,0,0,0,J,46,Alveolar type 2 cell,55,28,9,9,9,Bcell
J-5955,all,14,10,6083,7341,9,67660,0,0,0,0,0,J,4,Alveolar fibroblast 1,38,11,1,1,1_4_3,AlveolarFib
J-5956,all,48,26,5872,6008,21,80196,0,0,0,0,0,J,17,Sox9+/Id2+ epithelial cell,48,26,6,6,6,AT1
J-5958,all,28,21,6013,6651,14,37175,0,0,0,0,0,J,6,Interstitial macrophage,40,21,8,8,8_3,InterstitialMac
J-5959,all,12,10,6553,7202,7,49785,0,0,0,0,0,J,3,Arterial endothelial cell,30,10,2,2,2_4,Artery
J-5961,all,32,9,5672,5981,32,34443,0,0,0,0,0,J,25,Ciliated cell,43,9,1,1,1_1,AT2
J-5962,all,66,20,6994,7125,27,82005,0,0,0,0,0,J,42,Alveolar type 2 cell,54,20,1,1,1_3,AT2
J-5963,all,47,25,6734,6231,9,67590,0,0,0,0,0,J,6,Capillary 2 cell,47,25,2,2,2_6,pDC
J-5965,all,16,6,7289,7552,20,124352,0,0,0,0,0,J,4,Alveolar type 1 cell,36,6,6,6,6,AT1
J-5966,all,57,33,6766,7110,17,82127,0,0,0,0,0,J,9,B cell,54,33,2,2,2_1,Capillary
J-5968,all,60,28,6535,5893,14,70396,0,0,0,0,0,J,10,Sox9+/Id2+ epithelial cell,55,28,1,1,1_3,AT2
J-5969,all,62,17,6828,6728,17,59806,0,0,0,0,0,J,45,Alveolar type 2 cell,52,17,1,1,1_1,AT2
J-5970,all,22,10,6557,7346,10,41277,0,0,0,0,0,J,6,Alveolar type 1 cell,41,10,6,6,6,AT1
J-5971,all,55,19,6939,6936,22,54378,0,0,0,0,0,J,6,Mesothelial cell,51,19,6,6,6,AT1
J-5972,all,34,22,6310,6422,22,62138,0,0,0,0,0,J,12,Capillary 1 cell,42,21,2,2,2_1,Capillary
J-5976,all,53,23,6880,6610,17,77597,0,0,0,0,0,J,25,Capillary 2 cell,51,24,2,2,2_1,Capillary
J-5979,all,65,19,5691,6538,35,46738,0,0,0,0,0,J,50,Alveolar type 2 cell,53,19,1,1,1_3,AT2
J-5980,all,13,12,5782,7475,18,55224,0,0,0,0,0,J,2,Inflammatory monocyte,34,12,1,1,1_1,AT2
J-5983,all,53,26,5614,5920,16,106309,0,0,0,0,0,J,17,B cell,52,26,9,9,9,Bcell
J-5985,all,26,15,5739,6599,34,67671,0,0,0,0,0,J,4,Pericyte,44,15,5,5,5_1,Pericyte
J-5986,all,71,29,5650,5842,20,115286,0,0,0,0,0,J,14,Alveolar type 1 cell,54,29,6,6,6,AT1
J-5989,all,12,3,7085,6805,9,14985,0,0,0,0,0,J,5,Sox9+/Id2+ epithelial cell,39,3,1,1,1_1,AT2
J-5990,all,26,13,5733,6714,24,81909,0,0,0,0,0,J,2,Capillary 1 cell,42,13,2,2,2_1,Capillary
J-5993,all,55,22,6515,5852,16,56976,0,0,0,0,0,J,35,Neutrophil,52,22,1,1,1_1,AT2
J-5994,all,21,16,6490,7085,13,95409,0,0,0,0,0,J,11,Pericyte,39,16,2,2,2_4,Artery
J-5997,all,38,27,6752,6163,21,70066,0,0,0,0,0,J,5,Capillary 1 cell,40,27,2,2,2_1,Capillary
J-6000,all,46,15,5876,5849,22,63595,0,0,0,0,0,J,9,Alveolar type 1 cell,47,15,6,6,6,AT1
J-6006,all,18,13,5771,6056,31,52658,0,0,0,0,0,J,2,Capillary 1 cell,44,14,2,2,2_3,Vein
J-6008,all,21,16,6108,5850,29,54359,0,0,0,0,0,J,4,Airway smooth muscle cell,43,17,3,3,3_1,SMC
J-6010,all,21,15,6618,6705,20,28937,0,0,0,0,0,J,3,Capillary 1 cell,40,15,6,6,6,AT1
J-6011,all,61,20,6309,6474,27,83736,0,0,0,0,0,J,40,Alveolar type 2 cell,53,20,1,1,1_3,AT2
J-6014,all,47,30,5936,5689,20,72993,0,0,0,0,0,J,10,Alveolar type 1 cell,47,30,6,6,6,AT1
J-6015,all,16,12,6692,7354,8,45325,0,0,0,0,0,J,4,Alveolar fibroblast 1,36,12,1,1,1_5_1,LymphaticEndo
J-6016,all,88,46,6579,6176,22,132936,0,0,0,0,0,J,18,Alveolar fibroblast 1,63,46,7,7,7_2,PatrolMac
J-6019,all,25,15,5969,6223,29,87243,0,0,0,0,0,J,6,Sox9+/Id2+ epithelial cell,43,15,1,1,1_3,AT2
J-6020,all,22,15,5796,7445,28,61266,0,0,0,0,0,J,9,Alveolar fibroblast 1,36,15,1,1,1_5_1,LymphaticEndo
J-6021,all,33,12,6745,6767,21,61333,0,0,0,0,0,J,5,Capillary 1 cell,42,11,2,2,2_1,Capillary
J-6024,all,9,9,6747,7414,7,37263,0,0,0,0,0,J,4,Sox9+/Id2+ epithelial cell,29,10,2,2,2_3,Vein
J-6026,all,17,14,6196,6494,20,49387,0,0,0,0,0,J,5,Alveolar fibroblast 1,36,14,2,2,2_1,Capillary
J-6031,all,151,38,6646,6285,6,72747,0,0,0,0,0,J,22,Alveolar type 1 cell,48,17,6,6,6,AT1
J-6040,all,42,23,7512,1568,28,86452,0,0,0,0,0,J,7,Alveolar fibroblast 1,44,24,2,2,2_4,Artery
J-6041,all,157,44,7523,1393,22,147533,0,0,0,0,0,J,90,Alveolar type 2 cell,44,17,1,1,1_1,AT2
J-6042,all,20,14,8879,1146,34,70498,0,0,0,0,0,J,4,B cell,39,14,9,9,9,Bcell
J-6046,all,44,16,7550,127,33,64793,0,0,0,0,0,J,5,CD8+ T cell,46,16,6,6,6,AT1
J-6047,all,62,32,7731,1035,26,93562,0,0,0,0,0,J,5,Natural killer cell,56,33,2,2,2_2,InflamMac
J-6048,all,10,8,7882,1433,32,48171,0,0,0,0,0,J,2,Alveolar fibroblast 1,33,9,1,1,1_4_3,AlveolarFib
J-6049,all,59,24,9102,521,16,66788,0,0,0,0,0,J,16,Alveolar type 1 cell,53,24,1,1,1_5_2,AlveolarFib
J-6053,all,29,18,8776,1075,26,87819,0,0,0,0,0,J,2,Sox9+/Id2+ epithelial cell,41,19,1,1,1_6_2,Neutrophil
J-6054,all,80,13,7510,96,31,92992,0,0,0,0,0,J,10,Alveolar fibroblast 1,53,13,6,6,6,AT1
J-6055,all,81,24,7995,841,23,70971,0,0,0,0,0,J,7,Alveolar type 1 cell,56,24,6,6,6,AT1
J-6056,all,38,12,8179,366,30,39929,0,0,0,0,0,J,30,Alveolar type 2 cell,45,12,1,1,1_1,AT2
J-6058,all,40,16,9138,182,34,66414,0,0,0,0,0,J,24,Alveolar type 2 cell,44,17,3,3,3_1,SMC
J-6060,all,28,13,7637,785,22,25313,0,0,0,0,0,J,11,AT1/AT2,43,13,6,6,6,AT1
J-6061,all,27,23,7951,874,28,38168,0,0,0,0,0,J,3,Inflammatory monocyte,46,23,7,7,7_2,PatrolMac
J-6062,all,40,10,8057,1418,11,45567,0,0,0,0,0,J,34,Alveolar type 2 cell,45,10,1,1,1_3,AT2
J-6065,all,27,14,8031,1937,10,59151,0,0,0,0,0,J,4,Arterial endothelial cell,42,14,7,7,7_2,PatrolMac
J-6066,all,37,24,8014,482,27,85909,0,0,0,0,0,J,10,B cell,41,24,9,9,9,Bcell
J-6069,all,19,10,7651,142,8,35041,0,0,0,0,0,J,10,Capillary 1 cell,40,10,2,2,2_3,Vein
J-6070,all,17,12,8097,1955,33,62897,0,0,0,0,0,J,2,Endothelial progenitor cell,40,12,2,2,2_1,Capillary
J-6074,all,15,7,8695,1646,38,30991,0,0,0,0,0,J,10,Alveolar type 2 cell,38,7,1,1,1_3,AT2
J-6076,all,10,7,9086,1718,14,48093,0,0,0,0,0,J,2,Alveolar type 1 cell,33,7,6,6,6,AT1
J-6078,all,42,27,7743,755,17,74001,0,0,0,0,0,J,8,Arterial endothelial cell,43,27,6,6,6,AT1
J-6079,all,18,12,7789,115,28,59658,0,0,0,0,0,J,5,Alveolar fibroblast 1,38,12,1,1,1_5_4,pDC
J-6081,all,42,12,8000,874,26,46806,0,0,0,0,0,J,6,Alveolar type 1 cell,45,12,6,6,6,AT1
J-6083,all,78,12,7705,107,16,63746,0,0,0,0,0,J,71,Sox9+/Id2+ epithelial cell,53,12,1,1,1_3,AT2
J-6087,all,25,12,8030,847,14,33889,0,0,0,0,0,J,5,Proliferative mesenchymal progenitor cell,43,12,6,6,6,AT1
J-6088,all,18,10,8963,1370,24,101331,0,0,0,0,0,J,2,Capillary 1 cell,39,10,9,9,9,Bcell
J-6089,all,17,12,8809,599,30,47314,0,0,0,0,0,J,2,Arterial endothelial cell,38,13,2,2,2_4,Artery
J-6090,all,54,8,8585,1797,25,98962,0,0,0,0,0,J,43,Alveolar type 2 cell,49,9,3,3,3_5,SMC
J-6092,all,21,10,9204,1087,25,76014,0,0,0,0,0,J,6,Pericyte,39,10,5,5,5_3,Pericyte
J-6095,all,37,8,8338,1092,15,35907,0,0,0,0,0,J,24,Sox9+/Id2+ epithelial cell,46,8,1,1,1_1,AT2
J-6096,all,12,12,8404,1499,32,55187,0,0,0,0,0,J,3,Capillary 1 cell,30,12,2,2,2_3,Vein
J-6097,all,15,7,8972,279,15,31263,0,0,0,0,0,J,4,Capillary 1 cell,34,8,2,2,2_1,Capillary
J-6098,all,27,14,7877,700,36,40536,0,0,0,0,0,J,14,Pericyte,42,14,5,5,5_1,Pericyte
J-6099,all,18,13,7948,1137,16,38782,0,0,0,0,0,J,2,Venous endothelial cell,36,13,2,2,2_3,Vein
J-6101,all,18,15,8823,1137,14,71359,0,0,0,0,0,J,5,Alveolar macrophage,38,15,8,8,8_1,AlveolarMac
J-6103,all,19,8,9007,198,11,29723,0,0,0,0,0,J,14,Alveolar type 2 cell,40,8,1,1,1_1,AT2
J-6105,all,9,8,8053,936,25,32870,0,0,0,0,0,J,3,B cell,31,9,3,3,3_5,SMC
J-6106,all,36,21,7988,1122,24,77105,0,0,0,0,0,J,4,Venous endothelial cell,40,21,2,2,2_3,Vein
J-6108,all,24,18,7433,1964,13,73930,0,0,0,0,0,J,3,Capillary 1 cell,43,17,2,2,2_1,Capillary
J-6109,all,15,9,8574,1641,24,38033,0,0,0,0,0,J,7,Alveolar type 2 cell,34,9,1,1,1_1,AT2
J-6110,all,71,31,9211,805,25,137095,0,0,0,0,0,J,4,Inflammatory monocyte,56,33,2,2,2_5,DC
J-6111,all,35,20,7470,259,25,97268,0,0,0,0,0,J,2,Sox9+/Id2+ epithelial cell,43,20,2,2,2_3,Vein
J-6112,all,18,14,7428,1223,11,38418,0,0,0,0,0,J,8,Pericyte,36,14,5,5,5_1,Pericyte
J-6114,all,25,13,7720,1312,8,31014,0,0,0,0,0,J,5,Alveolar type 1 cell,45,13,6,6,6,AT1
J-6116,all,33,19,7823,76,30,73725,0,0,0,0,0,J,2,Venous endothelial cell,42,19,7,7,7_3,Tcell (CD8)
J-6117,all,20,14,8257,611,13,58665,0,0,0,0,0,J,2,Innate lymphoid cell,44,16,2,2,2_5,DC
J-6118,all,27,12,8182,783,8,36895,0,0,0,0,0,J,2,Alveolar type 1 cell,44,12,6,6,6,AT1
J-6120,all,98,23,7782,631,33,72279,0,0,0,0,0,J,16,Alveolar type 1 cell,58,22,6,6,6,AT1
J-6121,all,65,31,7795,756,11,76401,0,0,0,0,0,J,20,Alveolar fibroblast 1,56,30,1,1,1_5_1,LymphaticEndo
J-6123,all,19,11,9016,1753,15,87015,0,0,0,0,0,J,3,Capillary 1 cell,39,10,2,2,2_1,Capillary
J-6126,all,30,20,8684,1237,14,57628,59,0,59,0,1,J,2,B cell,39,20,2,2,2_6,pDC
J-6127,all,21,6,9079,1747,16,45305,0,0,0,0,0,J,8,Alveolar type 1 cell,41,6,6,6,6,AT1
J-6130,all,6,5,7815,228,32,38827,0,0,0,0,0,J,2,Natural killer cell,25,8,2,2,2_2,InflamMac
J-6134,all,23,17,8005,1400,21,61248,0,0,0,0,0,J,5,Sox9+/Id2+ epithelial cell,43,17,2,2,2_3,Vein
J-6136,all,82,18,8077,1448,20,120946,0,0,0,0,0,J,59,Alveolar type 2 cell,56,19,3,3,3_1,SMC
J-6138,all,51,20,8610,1853,36,50336,0,0,0,0,0,J,10,Alveolar type 1 cell,50,20,6,6,6,AT1
J-6139,all,15,12,8953,1549,24,69499,0,0,0,0,0,J,7,Pericyte,30,12,5,5,5_1,Pericyte
J-6143,all,29,19,9106,152,31,104613,0,0,0,0,0,J,4,Classical DC subset 2,40,21,2,2,2_5,DC
J-6146,all,23,15,8671,1199,24,31024,0,0,0,0,0,J,2,Alveolar type 1 cell,40,15,6,6,6,AT1
J-6147,all,18,13,8159,1432,13,55265,0,0,0,0,0,J,2,Capillary 1 cell,38,13,2,2,2_6,pDC
J-6148,all,29,21,7653,1334,9,59736,0,0,0,0,0,J,3,B cell,38,21,2,2,2_6,pDC
J-6149,all,43,24,9102,746,19,76239,0,0,0,0,0,J,16,Alveolar type 2 cell,45,24,1,1,1_1,AT2
J-6153,all,67,13,8721,861,12,47037,0,0,0,0,0,J,55,Alveolar type 2 cell,53,13,1,1,1_3,AT2
J-6155,all,53,29,8782,1131,27,87142,0,0,0,0,0,J,9,Capillary 1 cell,53,29,8,8,8_1,AlveolarMac
J-6156,all,25,16,7588,816,26,51810,0,0,0,0,0,J,2,Inflammatory monocyte,44,17,3,3,3_2,SMC
J-6158,all,69,27,7667,798,21,75625,0,0,0,0,0,J,31,Alveolar type 2 cell,57,27,1,1,1_1,AT2
J-6159,all,46,14,8641,1214,29,54930,0,0,0,0,0,J,17,Alveolar type 1 cell,47,14,6,6,6,AT1
J-6160,all,18,13,9242,1072,25,59922,0,0,0,0,0,J,8,Arterial endothelial cell,39,14,2,2,2_4,Artery
J-6161,all,22,13,9179,402,31,53016,0,0,0,0,0,J,5,Alveolar type 1 cell,41,13,7,7,7_3,Tcell (CD8)
J-6162,all,25,20,8100,716,30,60647,0,0,0,0,0,J,6,Alveolar fibroblast 1,47,20,6,6,6,AT1
J-6164,all,19,14,8671,1150,32,41151,0,0,0,0,0,J,4,Alveolar type 1 cell,39,14,1,1,1_5_2,AlveolarFib
J-6168,all,81,30,8512,1002,25,84033,0,0,0,0,0,J,43,Alveolar type 2 cell,58,30,7,7,7_2,PatrolMac
J-6169,all,26,9,9198,918,38,35795,0,0,0,0,0,J,4,Alveolar type 1 cell,46,9,6,6,6,AT1
J-6172,all,19,11,8766,1615,19,52672,0,0,0,0,0,J,12,Alveolar fibroblast 1,38,12,2,2,2_4,Artery
J-6173,all,26,20,8235,1459,33,111178,0,0,0,0,0,J,4,Sox9+/Id2+ epithelial cell,46,19,2,2,2_1,Capillary
J-6174,all,45,28,7712,968,19,81688,0,0,0,0,0,J,7,Arterial endothelial cell,47,29,2,2,2_4,Artery
J-6176,all,62,11,7868,1600,29,97833,0,0,0,0,0,J,53,Alveolar type 2 cell,51,11,1,1,1_1,AT2
J-6177,all,56,24,7957,1280,19,119670,0,0,0,0,0,J,33,Alveolar type 2 cell,52,24,1,1,1_3,AT2
J-6179,all,43,16,8582,1834,28,61438,0,0,0,0,0,J,15,Alveolar type 1 cell,45,16,6,6,6,AT1
J-6180,all,24,10,8214,350,29,33246,0,0,0,0,0,J,15,Alveolar type 2 cell,45,10,1,1,1_1,AT2
J-6182,all,15,12,8087,358,27,28923,0,0,0,0,0,J,3,Sox9+/Id2+ epithelial cell,32,12,1,1,1_5_2,AlveolarFib
J-6186,all,43,30,7669,847,15,99145,0,0,0,0,0,J,3,Alveolar fibroblast 1,43,30,1,1,1_5_2,AlveolarFib
J-6187,all,22,16,8705,1116,38,26560,0,0,0,0,0,J,2,Alveolar fibroblast 1,44,17,1,1,1_4_1,AlveolarFib
J-6188,all,35,13,8852,686,20,43095,0,0,0,0,0,J,26,Sox9+/Id2+ epithelial cell,43,13,1,1,1_1,AT2
J-6199,all,12,10,7827,1414,12,36155,0,0,0,0,0,J,4,Innate lymphoid cell,30,11,2,2,2_2,InflamMac
J-6200,all,45,17,8697,841,18,51218,0,0,0,0,0,J,33,Alveolar type 2 cell,46,17,1,1,1_3,AT2
J-6201,all,51,26,8895,668,29,93815,0,0,0,0,0,J,12,Sox9+/Id2+ epithelial cell,50,26,2,2,2_1,Capillary
J-6202,all,25,10,8208,378,23,29830,0,0,0,0,0,J,13,Alveolar type 2 cell,45,10,1,1,1_3,AT2
J-6208,all,41,25,8148,674,22,88766,0,0,0,0,0,J,2,Capillary 1 cell,44,25,2,2,2_1,Capillary
J-6209,all,17,10,8985,1510,16,60052,1202,760,442,0.632279534,0.367720466,J,2,Alveolar fibroblast 1,40,11,1,1,1_5_1,LymphaticEndo
J-6210,all,17,14,7648,1929,23,83441,0,0,0,0,0,J,2,Alveolar fibroblast 1,34,14,2,2,2_3,Vein
J-6211,all,8,6,8893,514,39,20547,0,0,0,0,0,J,3,Secondary crest myofibroblast,25,8,5,5,5_1,Pericyte
J-6212,all,77,17,8020,1840,20,86193,0,0,0,0,0,J,63,Alveolar type 2 cell,53,17,1,1,1_3,AT2
J-6213,all,19,15,7875,40,20,79529,0,0,0,0,0,J,2,Sox9+/Id2+ epithelial cell,37,16,1,1,1_6_2,Neutrophil
J-6214,all,25,8,8458,1826,21,78493,0,0,0,0,0,J,14,Sox9+/Id2+ epithelial cell,45,7,2,2,2_1,Capillary
J-6215,all,11,7,9039,184,12,30696,0,0,0,0,0,J,2,Endothelial progenitor cell,33,7,2,2,2_1,Capillary
J-6218,all,117,29,8832,946,18,85277,0,0,0,0,0,J,20,Alveolar type 1 cell,48,17,6,6,6,AT1
J-6219,all,9,7,9304,338,17,87529,0,0,0,0,0,J,4,Arterial endothelial cell,26,7,2,2,2_1,Capillary
J-6221,all,6,5,9171,1193,30,37592,0,0,0,0,0,J,2,Capillary 1 cell,23,8,2,2,2_1,Capillary
J-6224,all,16,13,8468,965,15,36476,0,0,0,0,0,J,2,Sox9+/Id2+ epithelial cell,38,14,1,1,1_5_2,AlveolarFib
J-6226,all,28,17,9119,1764,14,81273,0,0,0,0,0,J,4,Capillary 2 cell,40,17,2,2,2_1,Capillary
J-6229,all,16,12,8902,1710,20,95333,0,0,0,0,0,J,5,Capillary 1 cell,39,14,2,2,2_1,Capillary
J-6232,all,16,8,8505,1227,19,39487,0,0,0,0,0,J,7,Sox9+/Id2+ epithelial cell,39,8,1,1,1_1,AT2
J-6240,all,26,17,8325,694,8,18950,0,0,0,0,0,J,2,Sox9+/Id2+ epithelial cell,42,18,2,2,2_2,InflamMac
J-6244,all,39,23,8004,1000,20,92118,0,0,0,0,0,J,19,Alveolar fibroblast 1,42,23,5,5,5_1,Pericyte
J-6245,all,86,16,8362,1533,20,103343,0,0,0,0,0,J,67,Alveolar type 2 cell,53,16,1,1,1_3,AT2
J-6247,all,97,17,8477,1251,16,96226,0,0,0,0,0,J,81,Alveolar type 2 cell,54,15,1,1,1_3,AT2
J-6249,all,29,18,7855,1103,14,78272,0,0,0,0,0,J,10,Vascular smooth muscle cell,38,18,5,5,5_1,Pericyte
J-6253,all,15,5,7676,752,29,18437,0,0,0,0,0,J,13,Alveolar type 2 cell,37,5,1,1,1_3,AT2
J-6256,all,21,8,9210,371,32,33337,0,0,0,0,0,J,2,Alveolar fibroblast 1,44,8,1,1,1_5_2,AlveolarFib
J-6258,all,21,9,8609,1191,39,16612,0,0,0,0,0,J,12,Sox9+/Id2+ epithelial cell,43,9,1,1,1_1,AT2
J-6260,all,27,3,8338,1129,12,21632,0,0,0,0,0,J,24,Sox9+/Id2+ epithelial cell,44,3,1,1,1_3,AT2
J-6261,all,55,26,7787,377,26,73865,0,0,0,0,0,J,5,Sox9+/Id2+ epithelial cell,55,27,2,2,2_2,InflamMac
J-6263,all,33,21,7908,877,31,85210,0,0,0,0,0,J,5,Capillary 2 cell,43,21,2,2,2_3,Vein
J-6264,all,15,10,7923,1121,15,41585,0,0,0,0,0,J,5,Venous endothelial cell,32,10,2,2,2_3,Vein
J-6266,all,28,10,7992,1847,20,72747,0,0,0,0,0,J,14,Sox9+/Id2+ epithelial cell,45,10,2,2,2_3,Vein
J-6269,all,19,14,7558,804,30,48862,0,0,0,0,0,J,2,Venous endothelial cell,40,14,2,2,2_3,Vein
J-6273,all,19,16,7690,880,15,36188,0,0,0,0,0,J,6,Arterial endothelial cell,44,18,2,2,2_4,Artery
J-6274,all,25,19,7858,630,28,47951,0,0,0,0,0,J,5,Venous endothelial cell,43,18,2,2,2_1,Capillary
J-6275,all,30,22,7544,1463,14,81635,0,0,0,0,0,J,10,Inflammatory monocyte,37,22,1,1,1_3,AT2
J-6276,all,15,7,7706,1964,11,22378,0,0,0,0,0,J,11,Sox9+/Id2+ epithelial cell,36,7,2,2,2_6,pDC
J-6280,all,30,21,8031,893,15,55659,0,0,0,0,0,J,6,Lymphatic endothelial cell,38,21,8,8,8_1,AlveolarMac
J-6281,all,22,17,8543,1234,28,81123,0,0,0,0,0,J,6,Capillary 1 cell,41,17,5,5,5_1,Pericyte
J-6282,all,122,35,8473,1010,21,135319,0,0,0,0,0,J,50,Alveolar type 2 cell,45,13,1,1,1_1,AT2
J-6283,all,35,20,9123,564,20,62912,0,0,0,0,0,J,10,Alveolar type 2 cell,41,21,2,2,2_2,InflamMac
J-6284,all,77,27,8048,1142,18,76750,0,0,0,0,0,J,30,Alveolar type 1 cell,57,27,6,6,6,AT1
J-6289,all,9,9,7842,201,33,43253,0,0,0,0,0,J,2,Neutrophil,26,10,1,1,1_4_1,AlveolarFib
J-6295,all,13,9,8657,1668,24,71372,0,0,0,0,0,J,7,Sox9+/Id2+ epithelial cell,33,9,5,5,5_1,Pericyte
J-6297,all,29,22,7889,1827,28,76456,0,0,0,0,0,J,4,Alveolar type 2 cell,36,23,2,2,2_2,InflamMac
J-6300,all,15,12,9063,230,24,49268,0,0,0,0,0,J,7,B cell,32,12,9,9,9,Bcell
J-6302,all,56,18,8815,701,16,70509,0,0,0,0,0,J,30,Alveolar type 2 cell,52,18,1,1,1_1,AT2
J-6303,all,74,30,8201,419,18,114715,0,0,0,0,0,J,18,Alveolar type 2 cell,52,30,1,1,1_3,AT2
J-6307,all,17,11,9169,1051,24,35308,0,0,0,0,0,J,5,Capillary 1 cell,37,12,2,2,2_1,Capillary
J-6308,all,23,17,8058,1064,31,54580,0,0,0,0,0,J,6,Pericyte,44,17,5,5,5_1,Pericyte
J-6309,all,39,20,8910,1568,20,136346,0,0,0,0,0,J,3,B cell,42,20,3,3,3_6,SCMF
J-6311,all,18,7,8608,1308,12,37140,0,0,0,0,0,J,4,Alveolar type 1 cell,40,7,6,6,6,AT1
J-6312,all,12,9,7978,1415,31,39703,0,0,0,0,0,J,2,Proliferative mesenchymal progenitor cell,31,9,2,2,2_6,pDC
J-6314,all,42,17,8196,317,27,54038,0,0,0,0,0,J,28,Alveolar fibroblast 1,45,18,3,3,3_1,SMC
J-6321,all,37,19,8892,909,16,75205,0,0,0,0,0,J,4,B cell,43,19,9,9,9,Bcell
J-6324,all,32,17,7686,940,20,78183,0,0,0,0,0,J,5,Pericyte,39,17,5,5,5_3,Pericyte
J-6329,all,27,16,8699,1798,16,87000,0,0,0,0,0,J,2,Alveolar type 1 cell,41,16,6,6,6,AT1
J-6330,all,6,4,8845,1780,10,48398,0,0,0,0,0,J,3,Endothelial progenitor cell,31,5,2,2,2_1,Capillary
J-6331,all,37,8,7822,338,39,27292,0,0,0,0,0,J,34,Alveolar type 2 cell,45,8,1,1,1_3,AT2
J-6333,all,27,13,8843,566,27,93201,0,0,0,0,0,J,8,Pericyte,42,13,5,5,5_1,Pericyte
J-6334,all,16,7,7650,766,35,25820,0,0,0,0,0,J,10,Alveolar type 2 cell,37,7,1,1,1_1,AT2
J-6335,all,34,19,8720,814,25,61177,0,0,0,0,0,J,7,Arterial endothelial cell,43,20,2,2,2_4,Artery
J-6338,all,8,7,8992,1161,38,27456,0,0,0,0,0,J,2,Capillary 1 cell,28,7,2,2,2_3,Vein
J-6339,all,25,9,9257,329,29,38087,0,0,0,0,0,J,3,Arterial endothelial cell,46,9,6,6,6,AT1
J-6340,all,14,10,9016,1602,39,25447,0,0,0,0,0,J,2,Capillary 1 cell,31,10,2,2,2_1,Capillary
J-6344,all,11,8,8057,405,28,25113,0,0,0,0,0,J,3,B cell,28,8,7,7,7_4,PatrolMac
J-6345,all,13,12,8595,1279,31,26715,0,0,0,0,0,J,6,Interstitial macrophage,24,12,8,8,8_3,InterstitialMac
J-6346,all,39,25,7954,478,25,64165,0,0,0,0,0,J,4,Natural killer cell,43,26,2,2,2_2,InflamMac
J-6347,all,43,24,8434,1341,25,86316,0,0,0,0,0,J,2,Sox9+/Id2+ epithelial cell,46,25,1,1,1_6_2,Neutrophil
J-6348,all,15,9,8835,1858,13,82871,0,0,0,0,0,J,2,Endothelial progenitor cell,34,10,2,2,2_1,Capillary
J-6349,all,6,5,8956,302,21,32700,0,0,0,0,0,J,2,Endothelial progenitor cell,29,6,2,2,2_1,Capillary
J-6354,all,13,6,8535,1613,10,25406,0,0,0,0,0,J,2,Alveolar type 1 cell,37,6,6,6,6,AT1
J-6357,all,16,10,8732,1256,8,33259,0,0,0,0,0,J,3,Alveolar type 1 cell,36,10,6,6,6,AT1
J-6358,all,115,30,8211,634,28,111626,0,0,0,0,0,J,77,Alveolar type 2 cell,48,18,1,1,1_3,AT2
J-6360,all,35,16,9025,235,22,62991,0,0,0,0,0,J,21,Alveolar macrophage,42,16,1,1,1_1,AT2
J-6361,all,59,39,7719,846,23,81182,0,0,0,0,0,J,7,Venous endothelial cell,57,39,3,3,3_4,AdventitialFib
J-6367,all,8,5,7791,31,24,51076,0,0,0,0,0,J,2,Venous endothelial cell,26,7,2,2,2_3,Vein
J-6371,all,28,13,9258,1098,13,48544,0,0,0,0,0,J,3,Arterial endothelial cell,41,13,2,2,2_4,Artery
J-6376,all,80,23,9085,568,18,78392,0,0,0,0,0,J,56,Alveolar type 2 cell,57,24,2,2,2_4,Artery
J-6382,all,22,16,7836,1924,25,104024,0,0,0,0,0,J,4,Capillary 1 cell,41,15,2,2,2_1,Capillary
J-6385,all,48,28,7979,1171,18,74252,0,0,0,0,0,J,4,Capillary 1 cell,51,30,2,2,2_3,Vein
J-6389,all,17,9,8731,1659,26,41065,0,0,0,0,0,J,3,Endothelial progenitor cell,37,10,2,2,2_1,Capillary
J-6391,all,23,20,7647,944,31,68798,0,0,0,0,0,J,2,Arterial endothelial cell,46,21,2,2,2_4,Artery
J-6396,all,15,10,7799,149,34,23848,0,0,0,0,0,J,6,Sox9+/Id2+ epithelial cell,34,10,2,2,2_3,Vein
J-6399,all,42,15,9232,349,33,38870,0,0,0,0,0,J,6,Alveolar fibroblast 1,46,15,6,6,6,AT1
J-6402,all,7,5,8693,1740,21,42524,0,0,0,0,0,J,2,CD8+ T cell,23,7,7,7,7_2,PatrolMac
J-6403,all,16,8,8815,668,12,30715,0,0,0,0,0,J,9,Alveolar type 2 cell,38,8,1,1,1_1,AT2
J-6406,all,8,6,8057,1035,22,17790,0,0,0,0,0,J,3,Pericyte,20,8,5,5,5_1,Pericyte
J-6408,all,22,13,8536,951,23,51730,0,0,0,0,0,J,8,Alveolar type 2 cell,45,14,2,2,2_2,InflamMac
J-6412,all,16,14,7893,1109,17,43286,0,0,0,0,0,J,8,Pericyte,33,14,3,3,3_4,AdventitialFib
J-6414,all,17,10,8011,935,21,42700,0,0,0,0,0,J,5,Alveolar macrophage,36,11,3,3,3_5,SMC
J-6419,all,10,8,7288,1525,20,25160,0,0,0,0,0,J,3,Inflammatory monocyte,25,8,8,8,8_2,InterstitialMac
J-6420,all,23,9,8741,1692,35,25570,0,0,0,0,0,J,3,Natural killer cell,37,9,7,7,7_3,Tcell (CD8)
J-6424,all,9,7,8179,1394,11,31111,0,0,0,0,0,J,2,Alveolar type 2 cell,26,8,1,1,1_3,AT2
J-6427,all,32,25,7609,163,23,96506,0,0,0,0,0,J,6,Capillary 1 cell,41,26,2,2,2_1,Capillary
J-6435,all,63,12,7919,3413,35,58967,0,0,0,0,0,J,52,Alveolar type 2 cell,50,12,1,1,1_1,AT2
J-6437,all,21,12,7862,2032,12,51412,0,0,0,0,0,J,12,Alveolar fibroblast 1,43,13,2,2,2_4,Artery
J-6438,all,21,14,8840,2305,35,66001,0,0,0,0,0,J,4,CD4+ T cell,39,14,7,7,7_2,PatrolMac
J-6439,all,14,13,8915,3007,37,32905,0,0,0,0,0,J,4,Alveolar fibroblast 1,30,14,2,2,2_4,Artery
J-6440,all,51,24,9203,2942,10,66545,0,0,0,0,0,J,9,Alveolar macrophage,51,24,8,8,8_1,AlveolarMac
J-6441,all,17,14,8836,3497,15,39768,0,0,0,0,0,J,6,Arterial endothelial cell,35,14,6,6,6,AT1
J-6442,all,31,20,8359,2674,22,61770,50,0,50,0,1,J,5,Capillary 1 cell,39,21,2,2,2_1,Capillary
J-6443,all,49,9,7562,3620,24,41243,0,0,0,0,0,J,45,Alveolar type 2 cell,48,9,1,1,1_1,AT2
J-6444,all,33,21,8144,3302,21,79078,0,0,0,0,0,J,12,Pericyte,39,21,5,5,5_1,Pericyte
J-6446,all,38,17,8588,3360,34,70951,0,0,0,0,0,J,4,Arterial endothelial cell,44,17,2,2,2_4,Artery
J-6447,all,35,19,8011,3223,10,45887,0,0,0,0,0,J,14,Capillary 1 cell,40,19,1,1,1_3,AT2
J-6448,all,101,38,7961,2479,17,85196,4639,2842,1797,0.612632033,0.387367967,J,40,Alveolar type 2 cell,59,35,1,1,1_3,AT2
J-6449,all,27,19,7955,3269,26,47473,0,0,0,0,0,J,12,Vascular smooth muscle cell,42,19,5,5,5_1,Pericyte
J-6450,all,57,27,7679,2005,19,67093,0,0,0,0,0,J,13,Sox9+/Id2+ epithelial cell,53,27,9,9,9,Bcell
J-6452,all,28,17,8390,2818,11,39096,0,0,0,0,0,J,5,B cell,41,18,2,2,2_1,Capillary
J-6453,all,34,22,8236,2752,12,46905,0,0,0,0,0,J,9,Interstitial macrophage,40,22,8,8,8_3,InterstitialMac
J-6454,all,124,21,8728,3422,27,84396,0,0,0,0,0,J,101,Alveolar type 2 cell,47,11,1,1,1_3,AT2
J-6456,all,51,10,8051,1976,11,33242,0,0,0,0,0,J,10,Alveolar type 1 cell,49,10,6,6,6,AT1
J-6457,all,38,21,8586,3790,20,78475,0,0,0,0,0,J,3,Proliferative mesenchymal progenitor cell,44,22,3,3,3_1,SMC
J-6459,all,41,20,8764,2419,30,63983,0,0,0,0,0,J,12,Capillary 1 cell,47,21,2,2,2_1,Capillary
J-6461,all,27,15,7420,3310,25,67492,0,0,0,0,0,J,6,B cell,40,15,9,9,9,Bcell
J-6462,all,13,8,8442,2644,13,29847,0,0,0,0,0,J,5,Capillary 1 cell,32,10,2,2,2_1,Capillary
J-6463,all,42,25,7877,2581,20,81655,0,0,0,0,0,J,3,Endothelial progenitor cell,42,25,2,2,2_6,pDC
J-6464,all,27,13,7752,3133,9,34089,0,0,0,0,0,J,6,Capillary 1 cell,43,12,2,2,2_1,Capillary
J-6466,all,18,7,9256,2182,28,71490,0,0,0,0,0,J,11,Alveolar fibroblast 1,38,8,3,3,3_1,SMC
J-6467,all,48,7,7422,3653,30,58623,0,0,0,0,0,J,3,Alveolar type 1 cell,48,7,6,6,6,AT1
J-6468,all,20,14,8314,2662,17,50852,0,0,0,0,0,J,6,Alveolar fibroblast 1,39,15,1,1,1_5_1,LymphaticEndo
J-6469,all,27,21,7782,1998,15,53049,0,0,0,0,0,J,9,Alveolar fibroblast 1,41,21,1,1,1_5_1,LymphaticEndo
J-6470,all,124,15,8527,2560,13,86840,0,0,0,0,0,J,108,Alveolar type 2 cell,49,7,1,1,1_3,AT2
J-6471,all,28,19,7899,3765,19,85479,0,0,0,0,0,J,5,Capillary 1 cell,43,19,2,2,2_1,Capillary
J-6473,all,55,21,8540,2620,7,32676,0,0,0,0,0,J,10,Alveolar type 1 cell,52,21,6,6,6,AT1
J-6476,all,30,16,8909,2251,19,75258,0,0,0,0,0,J,12,Pericyte,39,16,5,5,5_1,Pericyte
J-6477,all,38,24,7866,3153,16,78532,0,0,0,0,0,J,8,Endothelial progenitor cell,40,24,2,2,2_1,Capillary
J-6478,all,33,22,8659,2422,13,76262,0,0,0,0,0,J,12,Alveolar fibroblast 1,42,23,1,1,1_5_1,LymphaticEndo
J-6480,all,36,10,9123,3585,36,28113,0,0,0,0,0,J,29,Sox9+/Id2+ epithelial cell,46,10,1,1,1_1,AT2
J-6482,all,22,6,9141,3551,26,23764,0,0,0,0,0,J,7,Alveolar type 1 cell,40,6,6,6,6,AT1
J-6485,all,7,4,9257,2679,30,29286,0,0,0,0,0,J,2,Endothelial progenitor cell,32,7,2,2,2_1,Capillary
J-6488,all,40,29,8397,2557,25,79100,0,0,0,0,0,J,9,Alveolar fibroblast 1,43,31,2,2,2_3,Vein
J-6492,all,8,5,8518,2360,21,18951,0,0,0,0,0,J,3,Endothelial progenitor cell,28,7,2,2,2_1,Capillary
J-6494,all,56,37,8196,2748,19,84638,0,0,0,0,0,J,14,Interstitial macrophage,55,37,8,8,8_3,InterstitialMac
J-6495,all,48,33,8661,2500,13,76911,0,0,0,0,0,J,19,B cell,48,33,9,9,9,Bcell
J-6498,all,40,25,7902,2794,8,50690,0,0,0,0,0,J,6,Alveolar type 1 cell,42,25,6,6,6,AT1
J-6499,all,34,19,8130,2051,24,72044,0,0,0,0,0,J,9,Capillary 1 cell,44,19,6,6,6,AT1
J-6500,all,27,17,9073,3426,13,52662,0,0,0,0,0,J,7,Arterial endothelial cell,42,17,2,2,2_4,Artery
J-6501,all,19,13,8256,3583,9,47203,0,0,0,0,0,J,3,Arterial endothelial cell,40,14,2,2,2_4,Artery
J-6503,all,32,6,9186,3524,39,31136,0,0,0,0,0,J,28,Proliferative mesenchymal progenitor cell,46,6,1,1,1_1,AT2
J-6508,all,14,4,7559,3692,14,14803,0,0,0,0,0,J,13,Alveolar macrophage,37,5,2,2,2_3,Vein
J-6509,all,74,28,8744,2393,20,70335,0,0,0,0,0,J,51,Alveolar type 2 cell,54,28,1,1,1_3,AT2
J-6510,all,41,11,9194,3684,21,42883,0,0,0,0,0,J,10,CD8+ T cell,45,11,6,6,6,AT1
J-6512,all,13,9,7911,2104,27,37690,0,0,0,0,0,J,2,Alveolar fibroblast 1,31,10,3,3,3_1,SMC
J-6517,all,9,7,7557,3129,11,17747,0,0,0,0,0,J,2,B cell,31,8,2,2,2_6,pDC
J-6518,all,26,17,9210,3442,11,50645,0,0,0,0,0,J,6,Inflammatory monocyte,47,17,5,5,5_3,Pericyte
J-6520,all,51,11,8973,3042,9,40871,0,0,0,0,0,J,40,Sox9+/Id2+ epithelial cell,49,11,1,1,1_1,AT2
J-6521,all,38,20,8113,3726,12,77418,0,0,0,0,0,J,11,Neutrophil,42,20,2,2,2_1,Capillary
J-6522,all,59,30,8690,2386,27,77731,0,0,0,0,0,J,24,Alveolar type 2 cell,55,30,2,2,2_6,pDC
J-6524,all,57,18,8454,2521,31,51845,0,0,0,0,0,J,17,Alveolar type 1 cell,52,18,6,6,6,AT1
J-6526,all,48,21,9199,3588,18,97981,51,0,51,0,1,J,14,Alveolar macrophage,48,21,8,8,8_1,AlveolarMac
J-6527,all,57,25,8069,3060,27,64463,0,0,0,0,0,J,11,Sox9+/Id2+ epithelial cell,54,25,6,6,6,AT1
J-6528,all,21,7,8681,3620,26,18768,0,0,0,0,0,J,2,Alveolar type 1 cell,43,7,6,6,6,AT1
J-6529,all,26,17,7950,3341,17,39442,0,0,0,0,0,J,11,Pericyte,46,17,5,5,5_3,Pericyte
J-6530,all,90,41,7977,3382,17,124549,0,0,0,0,0,J,16,Vascular smooth muscle cell,58,40,2,2,2_4,Artery
J-6532,all,23,18,7793,2483,24,50823,0,0,0,0,0,J,5,Pericyte,42,18,5,5,5_1,Pericyte
J-6533,all,24,8,8352,2097,11,43282,0,0,0,0,0,J,2,Sox9+/Id2+ epithelial cell,43,8,1,1,1_3,AT2
J-6534,all,24,13,9108,2945,19,101220,0,0,0,0,0,J,5,Alveolar fibroblast 1,45,13,8,8,8_1,AlveolarMac
J-6536,all,27,16,8343,3531,29,83678,0,0,0,0,0,J,3,Capillary 1 cell,45,17,2,2,2_3,Vein
J-6538,all,34,15,7483,2801,18,79604,0,0,0,0,0,J,5,Alveolar fibroblast 1,42,16,3,3,3_1,SMC
J-6539,all,16,8,7885,2404,14,36592,0,0,0,0,0,J,2,Endothelial progenitor cell,36,7,2,2,2_1,Capillary
J-6540,all,32,7,8981,2225,8,28758,0,0,0,0,0,J,28,Alveolar type 2 cell,46,7,1,1,1_1,AT2
J-6545,all,15,13,8658,3374,19,47068,0,0,0,0,0,J,6,Capillary 2 cell,32,12,2,2,2_1,Capillary
J-6546,all,16,12,7589,2640,29,30804,0,0,0,0,0,J,4,Alveolar fibroblast 1,38,12,1,1,1_5_1,LymphaticEndo
J-6547,all,58,29,7789,3016,26,76171,0,0,0,0,0,J,20,Pericyte,52,29,5,5,5_1,Pericyte
J-6548,all,26,14,7538,2122,19,73858,0,0,0,0,0,J,16,Alveolar type 2 cell,47,14,5,5,5_3,Pericyte
J-6549,all,18,13,9068,2311,31,70852,0,0,0,0,0,J,2,Arterial endothelial cell,43,14,2,2,2_4,Artery
J-6551,all,68,18,7739,3175,9,61087,0,0,0,0,0,J,15,Alveolar type 1 cell,52,18,6,6,6,AT1
J-6553,all,9,8,7418,3749,25,53418,0,0,0,0,0,J,2,Endothelial progenitor cell,27,9,2,2,2_1,Capillary
J-6555,all,26,14,8552,2379,25,42512,0,0,0,0,0,J,6,Capillary 1 cell,43,14,2,2,2_1,Capillary
J-6558,all,46,20,8897,3509,24,65376,0,0,0,0,0,J,6,Capillary 1 cell,46,20,2,2,2_1,Capillary
J-6560,all,16,10,8581,3698,22,45090,0,0,0,0,0,J,5,Pericyte,35,10,5,5,5_3,Pericyte
J-6562,all,32,7,8944,2918,22,37651,0,0,0,0,0,J,25,Alveolar fibroblast 1,43,8,3,3,3_1,SMC
J-6563,all,13,9,8540,2332,20,22913,0,0,0,0,0,J,2,Interstitial macrophage,35,9,8,8,8_2,InterstitialMac
J-6564,all,31,16,8949,3105,34,89486,0,0,0,0,0,J,10,Pericyte,42,16,5,5,5_1,Pericyte
J-6565,all,26,19,8282,3402,27,80232,0,0,0,0,0,J,3,Alveolar fibroblast 1,38,21,2,2,2_4,Artery
J-6566,all,20,17,7668,3748,16,92451,0,0,0,0,0,J,4,Capillary 1 cell,40,18,2,2,2_1,Capillary
J-6570,all,65,20,7571,2171,20,95944,0,0,0,0,0,J,49,Alveolar macrophage,55,20,1,1,1_1,AT2
J-6571,all,37,11,7820,2014,30,55159,0,0,0,0,0,J,28,Sox9+/Id2+ epithelial cell,44,11,3,3,3_4,AdventitialFib
J-6575,all,36,23,7703,2538,16,58933,0,0,0,0,0,J,6,Capillary 1 cell,42,22,2,2,2_1,Capillary
J-6578,all,47,28,7819,2987,12,44152,0,0,0,0,0,J,9,Capillary 1 cell,47,28,2,2,2_3,Vein
J-6579,all,76,23,8074,3201,34,75860,0,0,0,0,0,J,10,Alveolar type 1 cell,53,23,6,6,6,AT1
J-6581,all,16,12,8663,3563,17,85139,0,0,0,0,0,J,2,Capillary 2 cell,35,12,2,2,2_6,pDC
J-6582,all,25,17,8336,2802,9,45343,0,0,0,0,0,J,3,Arterial endothelial cell,49,18,2,2,2_4,Artery
J-6584,all,19,16,8912,3351,35,48311,0,0,0,0,0,J,4,Pericyte,38,16,5,5,5_3,Pericyte
J-6585,all,33,21,9095,2884,33,73567,0,0,0,0,0,J,3,Alveolar type 2 cell,42,22,2,2,2_2,InflamMac
J-6586,all,15,13,7769,2542,27,24518,0,0,0,0,0,J,5,Pericyte,32,13,5,5,5_1,Pericyte
J-6588,all,36,16,8223,2044,23,59456,0,0,0,0,0,J,15,Capillary 1 cell,43,16,2,2,2_3,Vein
J-6589,all,60,15,7532,3652,21,86633,0,0,0,0,0,J,41,AT1/AT2,53,15,1,1,1_1,AT2
J-6590,all,54,24,7764,2924,20,68527,0,0,0,0,0,J,20,Capillary 1 cell,52,24,2,2,2_6,pDC
J-6594,all,19,10,9196,2722,34,43945,0,0,0,0,0,J,4,Sox9+/Id2+ epithelial cell,39,10,1,1,1_3,AT2
J-6595,all,24,10,9114,3652,28,68549,0,0,0,0,0,J,17,B cell,46,10,9,9,9,Bcell
J-6596,all,15,11,8441,3642,5,22650,0,0,0,0,0,J,2,Alveolar macrophage,38,12,1,1,1_5_2,AlveolarFib
J-6597,all,30,17,8220,2801,22,62136,0,0,0,0,0,J,16,Pericyte,42,18,3,3,3_1,SMC
J-6604,all,67,32,8080,3502,13,88895,0,0,0,0,0,J,24,Arterial endothelial cell,58,32,2,2,2_4,Artery
J-6606,all,19,14,7812,2941,10,49652,0,0,0,0,0,J,3,Alveolar fibroblast 1,39,14,2,2,2_3,Vein
J-6607,all,60,22,7988,2052,14,87602,0,0,0,0,0,J,40,Alveolar type 2 cell,53,23,2,2,2_1,Capillary
J-6611,all,20,13,9233,3567,34,66134,0,0,0,0,0,J,2,Alveolar macrophage,42,13,1,1,1_2_3,Tcell (CD4)
J-6614,all,23,16,8217,2081,20,44156,0,0,0,0,0,J,10,Alveolar type 1 cell,42,16,6,6,6,AT1
J-6615,all,47,29,8445,2742,15,60236,0,0,0,0,0,J,7,Arterial endothelial cell,47,29,2,2,2_4,Artery
J-6617,all,65,31,8176,3448,11,86901,0,0,0,0,0,J,13,Arterial endothelial cell,56,31,2,2,2_4,Artery
J-6618,all,68,40,8413,2756,21,85416,0,0,0,0,0,J,18,Arterial endothelial cell,58,40,2,2,2_1,Capillary
J-6619,all,17,5,9016,3032,5,21876,0,0,0,0,0,J,11,Sox9+/Id2+ epithelial cell,40,5,1,1,1_1,AT2
J-6620,all,125,26,7527,2164,25,109265,0,0,0,0,0,J,104,Alveolar macrophage,45,9,1,1,1_1,AT2
J-6625,all,17,12,8429,2558,17,50882,0,0,0,0,0,J,5,Inflammatory monocyte,38,13,2,2,2_1,Capillary
J-6626,all,24,15,7586,3687,11,42259,0,0,0,0,0,J,4,Capillary 1 cell,43,15,2,2,2_1,Capillary
J-6627,all,14,12,8205,3798,15,52500,0,0,0,0,0,J,2,Endothelial progenitor cell,30,12,6,6,6,AT1
J-6630,all,131,34,8109,3065,28,87536,0,0,0,0,0,J,21,Sox9+/Id2+ epithelial cell,45,14,6,6,6,AT1
J-6631,all,39,25,7520,3122,21,51925,0,0,0,0,0,J,2,Innate lymphoid cell,42,26,1,1,1_6_2,Neutrophil
J-6635,all,34,17,8437,2436,27,52096,0,0,0,0,0,J,5,Proliferative mesenchymal progenitor cell,44,17,2,2,2_6,pDC
J-6638,all,27,10,9241,3677,19,49966,0,0,0,0,0,J,8,Alveolar type 1 cell,45,10,6,6,6,AT1
J-6639,all,31,18,7845,2465,15,67438,0,0,0,0,0,J,3,Capillary 1 cell,41,18,2,2,2_1,Capillary
J-6640,all,28,14,9131,3517,31,39338,0,0,0,0,0,J,3,Inflammatory monocyte,43,14,6,6,6,AT1
J-6641,all,36,11,7579,2128,35,41540,0,0,0,0,0,J,23,Alveolar type 2 cell,44,12,3,3,3_1,SMC
J-6645,all,25,16,9116,3439,13,67269,0,0,0,0,0,J,4,Alveolar fibroblast 1,42,17,2,2,2_4,Artery
J-6647,all,37,22,8976,3793,19,107723,0,0,0,0,0,J,10,B cell,42,22,9,9,9,Bcell
J-6650,all,66,18,9244,2250,21,98852,0,0,0,0,0,J,6,Alveolar fibroblast 1,52,18,6,6,6,AT1
J-6651,all,34,14,8867,3483,13,61844,0,0,0,0,0,J,9,Alveolar fibroblast 1,44,14,1,1,1_5_1,LymphaticEndo
J-6652,all,14,7,9002,3737,8,34773,0,0,0,0,0,J,2,Natural killer cell,32,7,7,7,7_3,Tcell (CD8)
J-6655,all,36,22,8699,2542,9,44385,0,0,0,0,0,J,10,B cell,41,22,2,2,2_4,Artery
J-6658,all,11,6,9059,2945,12,42636,0,0,0,0,0,J,8,Pericyte,27,6,5,5,5_1,Pericyte
J-6660,all,42,23,7678,2347,26,82112,0,0,0,0,0,J,9,Alveolar type 2 cell,45,23,2,2,2_6,pDC
J-6665,all,28,17,8842,2212,15,93006,0,0,0,0,0,J,3,Alveolar type 1 cell,40,18,1,1,1_4_1,AlveolarFib
J-6669,all,33,20,7751,2981,29,64722,0,0,0,0,0,J,10,Sox9+/Id2+ epithelial cell,42,20,1,1,1_3,AT2
J-6670,all,39,22,7865,3706,19,97763,0,0,0,0,0,J,9,Inflammatory monocyte,42,23,2,2,2_1,Capillary
J-6671,all,65,24,8294,2713,9,60757,0,0,0,0,0,J,11,Alveolar type 1 cell,53,24,6,6,6,AT1
J-6672,all,37,22,7726,2556,30,67266,0,0,0,0,0,J,7,Alveolar type 1 cell,43,22,6,6,6,AT1
J-6673,all,37,24,7984,3248,19,46813,0,0,0,0,0,J,6,Capillary 1 cell,40,24,3,3,3_6,SCMF
J-6674,all,16,9,7662,2037,36,35780,0,0,0,0,0,J,2,Alveolar type 1 cell,33,9,6,6,6,AT1
J-6676,all,48,20,8537,3745,14,69995,0,0,0,0,0,J,29,Alveolar type 2 cell,48,20,1,1,1_3,AT2
J-6677,all,33,20,7288,3305,24,74824,0,0,0,0,0,J,20,Alveolar fibroblast 1,39,20,1,1,1_1,AT2
J-6680,all,20,13,8686,3415,20,32533,0,0,0,0,0,J,8,Sox9+/Id2+ epithelial cell,40,13,1,1,1_3,AT2
J-6682,all,105,16,8309,3619,11,77374,0,0,0,0,0,J,85,Alveolar type 2 cell,53,12,1,1,1_1,AT2
J-6683,all,56,26,7648,2628,18,80622,0,0,0,0,0,J,6,Capillary 1 cell,50,25,2,2,2_1,Capillary
J-6687,all,37,18,7429,2975,14,99656,0,0,0,0,0,J,11,Alveolar fibroblast 1,42,18,2,2,2_4,Artery
J-6689,all,25,15,7739,2940,13,34069,0,0,0,0,0,J,7,Alveolar type 1 cell,48,15,6,6,6,AT1
J-6691,all,20,15,8153,2863,18,39841,0,0,0,0,0,J,10,Endothelial progenitor cell,40,15,5,5,5_3,Pericyte
J-6692,all,85,29,9257,2295,15,84635,0,0,0,0,0,J,11,T regulatory cell,60,29,7,7,7_3,Tcell (CD8)
J-6693,all,27,18,8237,2835,27,78424,0,0,0,0,0,J,6,Pericyte,44,18,5,5,5_1,Pericyte
J-6695,all,20,16,8453,2402,25,38754,0,0,0,0,0,J,2,Proliferative mesenchymal progenitor cell,39,16,2,2,2_6,pDC
J-6696,all,23,17,8284,2658,28,49508,0,0,0,0,0,J,3,Alveolar fibroblast 1,42,17,2,2,2_6,pDC
J-6697,all,46,23,7598,3783,28,83259,0,0,0,0,0,J,14,Alveolar macrophage,46,23,8,8,8_1,AlveolarMac
J-6701,all,8,7,7555,3732,16,58129,0,0,0,0,0,J,4,Vascular smooth muscle cell,23,9,3,3,3_2,SMC
J-6702,all,27,18,7924,3264,34,58122,0,0,0,0,0,J,8,Alveolar fibroblast 1,40,19,2,2,2_4,Artery
J-6706,all,34,20,8277,2004,29,73788,0,0,0,0,0,J,7,CD8+ T cell,44,20,7,7,7_2,PatrolMac
J-6709,all,24,14,7692,3598,12,66613,0,0,0,0,0,J,4,B cell,46,15,1,1,1_5_1,LymphaticEndo
J-6710,all,12,9,8663,3711,27,24615,0,0,0,0,0,J,5,Inflammatory monocyte,37,11,2,2,2_5,DC
J-6714,all,64,28,7758,2894,23,75422,0,0,0,0,0,J,22,Capillary 1 cell,56,28,2,2,2_3,Vein
J-6716,all,24,12,8603,2183,6,59368,0,0,0,0,0,J,3,Capillary 1 cell,42,13,2,2,2_1,Capillary
J-6718,all,44,15,8055,2016,12,72496,0,0,0,0,0,J,7,Alveolar type 1 cell,46,15,6,6,6,AT1
J-6720,all,19,14,9170,3440,12,41502,0,0,0,0,0,J,8,Endothelial progenitor cell,38,14,5,5,5_1,Pericyte
J-6721,all,37,16,8280,2109,13,40714,0,0,0,0,0,J,4,Alveolar type 1 cell,43,16,6,6,6,AT1
J-6724,all,24,12,8706,3442,10,27813,0,0,0,0,0,J,14,Sox9+/Id2+ epithelial cell,44,12,2,2,2_1,Capillary
J-6725,all,22,8,9108,3524,22,29512,0,0,0,0,0,J,5,Alveolar type 1 cell,41,8,6,6,6,AT1
J-6728,all,18,13,8866,3686,11,49925,0,0,0,0,0,J,3,Capillary 1 cell,39,14,2,2,2_1,Capillary
J-6729,all,34,10,9105,3555,21,34457,0,0,0,0,0,J,13,Alveolar type 1 cell,46,10,6,6,6,AT1
J-6732,all,22,15,9277,2507,19,110440,0,0,0,0,0,J,2,Inflammatory monocyte,41,15,3,3,3_4,AdventitialFib
J-6733,all,20,8,8625,3650,16,39463,0,0,0,0,0,J,5,Alveolar type 1 cell,41,8,6,6,6,AT1
J-6734,all,35,17,7476,3006,12,84937,0,0,0,0,0,J,5,Capillary 2 cell,44,18,2,2,2_1,Capillary
J-6736,all,31,7,9065,3667,24,30799,0,0,0,0,0,J,25,Alveolar type 2 cell,44,7,1,1,1_1,AT2
J-6741,all,21,12,7519,3092,17,33395,0,0,0,0,0,J,3,Neutrophil,42,12,1,1,1_5_2,AlveolarFib
J-6743,all,41,9,7856,1997,23,41220,0,0,0,0,0,J,29,Alveolar type 2 cell,47,9,1,1,1_1,AT2
J-6744,all,72,25,8580,2597,12,71243,0,0,0,0,0,J,17,Alveolar type 1 cell,54,25,6,6,6,AT1
J-6745,all,15,10,9052,2265,26,36049,0,0,0,0,0,J,2,Arterial endothelial cell,35,11,2,2,2_4,Artery
J-6748,all,35,15,8029,2035,13,27335,0,0,0,0,0,J,21,Alveolar type 2 cell,43,15,1,1,1_1,AT2
J-6757,all,17,7,8424,2079,7,40499,0,0,0,0,0,J,3,Alveolar type 1 cell,39,7,6,6,6,AT1
J-6758,all,22,11,7427,2762,6,54265,0,0,0,0,0,J,3,Alveolar type 1 cell,40,11,6,6,6,AT1
J-6764,all,18,15,7776,2984,26,32566,0,0,0,0,0,J,3,Pericyte,38,15,5,5,5_1,Pericyte
J-6765,all,6,6,8472,2768,4,7183,0,0,0,0,0,J,2,Pericyte,20,9,5,5,5_1,Pericyte
J-6766,all,29,10,9201,2210,36,38233,0,0,0,0,0,J,23,Alveolar type 2 cell,43,11,3,3,3_5,SMC
J-6770,all,40,14,8649,3624,21,51240,0,0,0,0,0,J,7,Alveolar type 1 cell,44,14,6,6,6,AT1
J-6774,all,44,17,9095,3693,27,79805,0,0,0,0,0,J,21,B cell,45,17,9,9,9,Bcell
J-6775,all,34,11,8065,2065,22,25974,0,0,0,0,0,J,3,Alveolar type 1 cell,44,11,1,1,1_3,AT2
J-6785,all,32,11,9132,2764,13,72379,0,0,0,0,0,J,12,Capillary 1 cell,43,11,2,2,2_3,Vein
J-6789,all,20,12,9012,3771,10,31139,0,0,0,0,0,J,4,Innate lymphoid cell,37,12,7,7,7_3,Tcell (CD8)
J-6798,all,24,10,8020,2062,19,30744,0,0,0,0,0,J,7,Alveolar type 1 cell,45,10,6,6,6,AT1
J-6801,all,7,6,7567,3761,34,30953,0,0,0,0,0,J,3,Capillary 2 cell,23,9,1,1,1_3,AT2
J-6804,all,30,18,8613,5048,28,67541,0,0,0,0,0,J,9,Alveolar fibroblast 1,40,19,3,3,3_1,SMC
J-6805,all,47,24,8015,5025,13,87547,0,0,0,0,0,J,9,Arterial endothelial cell,47,24,2,2,2_4,Artery
J-6806,all,58,27,7866,5128,19,84152,0,0,0,0,0,J,7,Capillary 1 cell,54,28,2,2,2_1,Capillary
J-6807,all,11,8,8502,5080,18,37659,0,0,0,0,0,J,2,Proliferative mesenchymal progenitor cell,29,8,6,6,6,AT1
J-6811,all,108,39,7894,5066,12,101057,157,103,54,0.656050955,0.343949045,J,33,Alveolar macrophage,62,33,8,8,8_1,AlveolarMac
J-6812,all,14,10,8015,5126,12,34641,0,0,0,0,0,J,6,Vascular smooth muscle cell,29,10,5,5,5_1,Pericyte
J-6813,all,23,14,7984,5146,20,41025,0,0,0,0,0,J,12,Pericyte,41,14,5,5,5_1,Pericyte
J-6815,all,92,21,8635,5087,18,82315,0,0,0,0,0,J,76,Alveolar type 2 cell,56,20,1,1,1_3,AT2
J-6817,all,28,23,8190,4734,28,49583,0,0,0,0,0,J,7,Capillary 1 cell,38,24,2,2,2_1,Capillary
J-6818,all,30,16,8080,4854,28,47693,0,0,0,0,0,J,7,Arterial endothelial cell,44,16,2,2,2_1,Capillary
J-6821,all,134,20,8022,5082,18,93407,0,0,0,0,0,J,108,Alveolar type 2 cell,46,8,1,1,1_1,AT2
J-6822,all,53,29,8378,5652,10,87811,0,0,0,0,0,J,4,CD8+ T cell,52,29,7,7,7_2,PatrolMac
J-6823,all,50,21,8018,4845,33,99837,0,0,0,0,0,J,14,Endothelial progenitor cell,50,21,6,6,6,AT1
J-6825,all,50,25,7643,5241,20,86430,0,0,0,0,0,J,21,T regulatory cell,50,25,7,7,7_3,Tcell (CD8)
J-6827,all,24,17,7737,5331,21,61936,0,0,0,0,0,J,3,Alveolar fibroblast 1,43,17,1,1,1_5_2,AlveolarFib
J-6828,all,47,12,7491,5324,35,38524,0,0,0,0,0,J,32,Alveolar type 2 cell,48,12,1,1,1_1,AT2
J-6829,all,11,9,7546,5298,9,29076,0,0,0,0,0,J,5,CD4+ T cell,23,9,7,7,7_4,PatrolMac
J-6830,all,34,19,7482,5073,32,66642,0,0,0,0,0,J,2,Endothelial progenitor cell,42,18,2,2,2_1,Capillary
J-6831,all,68,37,8337,5486,20,133855,0,0,0,0,0,J,11,Innate lymphoid cell,58,37,7,7,7_2,PatrolMac
J-6832,all,75,19,7988,4758,14,55745,0,0,0,0,0,J,58,AT1/AT2,53,19,1,1,1_1,AT2
J-6834,all,77,30,7967,5205,8,67896,0,0,0,0,0,J,11,Capillary 1 cell,51,31,2,2,2_1,Capillary
J-6836,all,21,16,9111,5287,22,49465,0,0,0,0,0,J,3,Capillary 1 cell,42,17,2,2,2_1,Capillary
J-6837,all,21,12,8287,3845,27,67352,0,0,0,0,0,J,2,Capillary 1 cell,39,12,2,2,2_1,Capillary
J-6839,all,16,10,9142,4350,32,55847,2197,0,2197,0,1,J,4,Pericyte,37,10,5,5,5_3,Pericyte
J-6840,all,25,16,7600,3873,31,56128,0,0,0,0,0,J,2,Capillary 1 cell,45,16,9,9,9,Bcell
J-6841,all,34,22,7788,5226,17,89995,0,0,0,0,0,J,10,Pericyte,42,22,5,5,5_1,Pericyte
J-6842,all,18,11,8567,5375,20,57207,0,0,0,0,0,J,6,Pericyte,36,11,5,5,5_1,Pericyte
J-6843,all,22,15,7679,5410,7,22245,0,0,0,0,0,J,3,Capillary 1 cell,43,15,2,2,2_1,Capillary
J-6844,all,64,28,7569,5225,16,88427,0,0,0,0,0,J,9,Capillary 2 cell,55,27,2,2,2_1,Capillary
J-6851,all,51,14,8170,5364,11,41200,0,0,0,0,0,J,41,Alveolar type 2 cell,49,14,1,1,1_3,AT2
J-6854,all,25,6,7763,3861,9,23044,0,0,0,0,0,J,21,Sox9+/Id2+ epithelial cell,43,6,1,1,1_1,AT2
J-6856,all,37,23,7699,5261,18,66825,0,0,0,0,0,J,9,Capillary 2 cell,40,23,7,7,7_3,Tcell (CD8)
J-6860,all,39,26,8092,4707,14,107060,0,0,0,0,0,J,10,Arterial endothelial cell,40,26,2,2,2_4,Artery
J-6861,all,56,25,8237,5102,7,65330,0,0,0,0,0,J,6,Inflammatory monocyte,54,25,2,2,2_6,pDC
J-6870,all,34,20,8941,5113,14,83239,0,0,0,0,0,J,8,Inflammatory monocyte,43,22,2,2,2_5,DC
J-6872,all,21,12,9095,4730,17,86322,0,0,0,0,0,J,3,Capillary 1 cell,40,12,2,2,2_3,Vein
J-6873,all,49,19,8517,5277,33,99558,0,0,0,0,0,J,4,Capillary 1 cell,49,19,2,2,2_3,Vein
J-6876,all,21,11,7763,3823,10,31438,0,0,0,0,0,J,8,Capillary 1 cell,41,12,2,2,2_3,Vein
J-6880,all,13,10,9172,4707,10,57386,0,0,0,0,0,J,4,Capillary 2 cell,31,10,6,6,6,AT1
J-6881,all,17,16,8468,5088,19,58639,0,0,0,0,0,J,4,Capillary 1 cell,33,15,2,2,2_1,Capillary
J-6883,all,28,16,8075,4977,31,57829,0,0,0,0,0,J,4,Endothelial progenitor cell,47,16,2,2,2_1,Capillary
J-6890,all,22,15,9193,4491,23,57334,0,0,0,0,0,J,5,Capillary 1 cell,41,15,2,2,2_3,Vein
J-6891,all,15,12,9266,3957,29,68499,0,0,0,0,0,J,5,Vascular smooth muscle cell,34,13,3,3,3_2,SMC
J-6892,all,90,16,8865,3860,15,74271,0,0,0,0,0,J,80,Alveolar type 2 cell,54,15,1,1,1_1,AT2
J-6894,all,63,13,7559,5123,13,95199,0,0,0,0,0,J,17,Alveolar type 1 cell,51,13,6,6,6,AT1
J-6895,all,69,34,7424,4884,18,87114,0,0,0,0,0,J,24,Pericyte,56,34,5,5,5_1,Pericyte
J-6896,all,86,20,8994,5034,23,98238,0,0,0,0,0,J,7,Alveolar type 1 cell,55,20,6,6,6,AT1
J-6897,all,29,17,9004,5489,19,93754,0,0,0,0,0,J,2,Capillary 1 cell,39,17,2,2,2_3,Vein
J-6899,all,22,14,7765,5104,9,75173,0,0,0,0,0,J,7,Arterial endothelial cell,39,14,2,2,2_4,Artery
J-6901,all,46,25,8645,5357,34,56928,0,0,0,0,0,J,3,Alveolar fibroblast 1,47,27,2,2,2_1,Capillary
J-6905,all,11,10,8456,5426,10,34397,0,0,0,0,0,J,3,Endothelial progenitor cell,32,10,2,2,2_1,Capillary
J-6906,all,14,11,8140,4942,36,23553,0,0,0,0,0,J,4,Alveolar type 1 cell,32,11,1,1,1_5_2,AlveolarFib
J-6909,all,11,5,7676,4986,12,34121,0,0,0,0,0,J,2,Alveolar type 1 cell,30,5,6,6,6,AT1
J-6910,all,18,10,8483,5437,7,23210,0,0,0,0,0,J,5,Capillary 2 cell,35,11,2,2,2_1,Capillary
J-6912,all,14,9,9243,4043,25,65169,0,0,0,0,0,J,7,AT1/AT2,36,9,6,6,6,AT1
J-6915,all,29,17,9102,5335,16,43246,0,0,0,0,0,J,3,Endothelial progenitor cell,39,17,3,3,3_4,AdventitialFib
J-6916,all,23,14,7855,3830,7,55129,0,0,0,0,0,J,3,Alveolar fibroblast 1,42,15,1,1,1_4_1,AlveolarFib
J-6919,all,50,28,7717,5416,10,63730,0,0,0,0,0,J,8,Arterial endothelial cell,50,28,2,2,2_4,Artery
J-6927,all,13,10,9227,4076,35,30217,0,0,0,0,0,J,3,Sox9+/Id2+ epithelial cell,34,10,2,2,2_1,Capillary
J-6928,all,85,19,8158,5332,12,54007,0,0,0,0,0,J,73,Alveolar type 2 cell,56,19,1,1,1_3,AT2
J-6929,all,20,9,9193,4041,24,93718,0,0,0,0,0,J,8,Sox9+/Id2+ epithelial cell,42,9,1,1,1_1,AT2
J-6932,all,29,18,7684,3850,12,81718,0,0,0,0,0,J,6,Sox9+/Id2+ epithelial cell,44,18,2,2,2_1,Capillary
J-6933,all,88,24,7782,5344,24,89450,0,0,0,0,0,J,66,Alveolar type 2 cell,55,23,1,1,1_3,AT2
J-6934,all,57,36,8134,4849,17,82683,0,0,0,0,0,J,10,Capillary 1 cell,54,36,3,3,3_6,SCMF
J-6936,all,16,7,8174,5404,8,22147,0,0,0,0,0,J,10,Sox9+/Id2+ epithelial cell,39,8,2,2,2_3,Vein
J-6938,all,98,16,8625,5438,32,86280,0,0,0,0,0,J,82,Alveolar type 2 cell,54,16,1,1,1_3,AT2
J-6940,all,29,12,8346,5550,25,47265,0,0,0,0,0,J,7,Alveolar type 1 cell,39,12,6,6,6,AT1
J-6941,all,23,14,8896,4895,12,48166,0,0,0,0,0,J,2,Alveolar macrophage,44,14,1,1,1_2_3,Tcell (CD4)
J-6942,all,14,8,9031,4272,29,72141,0,0,0,0,0,J,6,Vascular smooth muscle cell,29,8,3,3,3_4,AdventitialFib
J-6943,all,19,11,9230,4007,16,62068,0,0,0,0,0,J,9,Alveolar type 2 cell,40,11,2,2,2_3,Vein
J-6944,all,21,5,9137,4666,28,64832,0,0,0,0,0,J,15,Proliferative mesenchymal progenitor cell,37,6,3,3,3_1,SMC
J-6945,all,41,22,7420,5330,13,70330,51,51,0,1,0,J,8,Capillary 1 cell,44,21,2,2,2_1,Capillary
J-6946,all,15,10,8711,5396,38,65084,0,0,0,0,0,J,3,Endothelial progenitor cell,33,9,2,2,2_1,Capillary
J-6947,all,18,13,8575,5139,33,41146,0,0,0,0,0,J,3,Alveolar fibroblast 1,36,13,3,3,3_4,AdventitialFib
J-6949,all,22,12,8610,5129,27,34860,0,0,0,0,0,J,7,Sox9+/Id2+ epithelial cell,42,12,1,1,1_1,AT2
J-6951,all,10,3,9270,4152,12,31886,0,0,0,0,0,J,5,Alveolar type 1 cell,34,3,6,6,6,AT1
J-6957,all,31,17,8160,5285,17,70367,55,55,0,1,0,J,15,Pericyte,41,17,5,5,5_1,Pericyte
J-6958,all,26,13,9092,4298,22,104036,0,0,0,0,0,J,15,Alveolar type 2 cell,48,13,1,1,1_3,AT2
J-6960,all,24,16,8141,4754,32,55205,0,0,0,0,0,J,8,Arterial endothelial cell,40,16,2,2,2_4,Artery
J-6961,all,31,18,8123,4888,21,67201,0,0,0,0,0,J,12,Vascular smooth muscle cell,40,18,3,3,3_2,SMC
J-6962,all,110,21,8258,5449,29,67727,0,0,0,0,0,J,93,Alveolar type 2 cell,53,15,1,1,1_3,AT2
J-6963,all,8,3,9121,4318,33,30688,0,0,0,0,0,J,7,Sox9+/Id2+ epithelial cell,36,5,1,1,1_3,AT2
J-6964,all,21,12,7562,5069,24,45915,0,0,0,0,0,J,4,Capillary 1 cell,40,12,2,2,2_1,Capillary
J-6970,all,51,24,7419,4846,28,71241,0,0,0,0,0,J,13,Sox9+/Id2+ epithelial cell,50,24,6,6,6,AT1
J-6974,all,8,8,9203,4598,11,42137,0,0,0,0,0,J,2,Ciliated cell,23,10,2,2,2_3,Vein
J-6977,all,15,9,7449,5349,26,25405,0,0,0,0,0,J,2,Basophil,36,11,2,2,2_5,DC
J-6989,all,18,14,8053,4879,26,50835,0,0,0,0,0,J,4,Capillary 1 cell,38,14,2,2,2_1,Capillary
J-6990,all,42,27,7603,5089,14,53549,0,0,0,0,0,J,14,Capillary 1 cell,43,27,5,5,5_1,Pericyte
J-6995,all,9,4,9182,4650,33,34780,0,0,0,0,0,J,8,Innate lymphoid cell,26,5,3,3,3_1,SMC
J-6997,all,28,13,7584,5290,6,31908,106,0,106,0,1,J,7,Alveolar fibroblast 1,41,13,6,6,6,AT1
J-6999,all,32,18,7719,5222,7,43305,0,0,0,0,0,J,9,Capillary 1 cell,39,19,2,2,2_1,Capillary
J-7000,all,40,18,7823,5083,22,97202,0,0,0,0,0,J,3,Arterial endothelial cell,44,19,2,2,2_4,Artery
J-7001,all,38,18,8839,5490,29,111999,0,0,0,0,0,J,7,Capillary 2 cell,43,18,6,6,6,AT1
J-7003,all,10,8,9250,4355,12,81960,0,0,0,0,0,J,2,Capillary 1 cell,33,10,2,2,2_1,Capillary
J-7014,all,93,20,8380,3931,21,103584,0,0,0,0,0,J,77,Sox9+/Id2+ epithelial cell,54,18,1,1,1_1,AT2
J-7021,all,50,23,8359,5159,37,60030,0,0,0,0,0,J,4,Alveolar fibroblast 1,50,24,2,2,2_4,Artery
J-7022,all,35,15,7735,3894,15,49874,0,0,0,0,0,J,25,Arterial endothelial cell,42,16,2,2,2_4,Artery
J-7025,all,27,19,8163,5164,16,60754,0,0,0,0,0,J,2,Sox9+/Id2+ epithelial cell,37,20,1,1,1_4_1,AlveolarFib
J-7029,all,28,9,8420,3901,22,64498,0,0,0,0,0,J,16,Sox9+/Id2+ epithelial cell,45,9,2,2,2_3,Vein
J-7039,all,6,6,9234,4192,21,40481,0,0,0,0,0,J,3,Alveolar type 1 cell,26,7,6,6,6,AT1
J-7045,all,32,10,7718,3872,17,35720,0,0,0,0,0,J,24,Sox9+/Id2+ epithelial cell,44,9,2,2,2_1,Capillary
J-7050,all,45,24,7896,7113,18,77422,0,0,0,0,0,J,8,Capillary 1 cell,45,24,6,6,6,AT1
J-7053,all,38,12,8588,7033,12,50331,0,0,0,0,0,J,30,Alveolar type 2 cell,45,12,1,1,1_3,AT2
J-7054,all,60,30,8470,5969,19,86551,0,0,0,0,0,J,11,Alveolar fibroblast 1,56,31,2,2,2_4,Artery
J-7055,all,20,10,8900,6949,22,52772,0,0,0,0,0,J,4,Alveolar type 2 cell,42,11,2,2,2_2,InflamMac
J-7056,all,28,17,8945,6960,17,82714,0,0,0,0,0,J,7,Alveolar macrophage,38,17,8,8,8_1,AlveolarMac
J-7060,all,93,30,8083,7370,21,92945,0,0,0,0,0,J,32,Alveolar macrophage,60,30,8,8,8_1,AlveolarMac
J-7061,all,27,8,8913,6901,6,27125,0,0,0,0,0,J,22,Sox9+/Id2+ epithelial cell,47,8,1,1,1_3,AT2
J-7062,all,42,28,8468,6313,22,54151,0,0,0,0,0,J,4,Alveolar fibroblast 1,44,28,2,2,2_1,Capillary
J-7064,all,38,22,8114,6122,12,77524,0,0,0,0,0,J,14,Pericyte,42,22,5,5,5_1,Pericyte
J-7069,all,10,4,8428,5822,7,24200,0,0,0,0,0,J,2,Capillary 1 cell,35,6,2,2,2_1,Capillary
J-7070,all,11,4,8665,6857,35,35897,0,0,0,0,0,J,9,Alveolar type 2 cell,36,4,1,1,1_1,AT2
J-7072,all,35,10,8448,6430,6,23907,0,0,0,0,0,J,25,Sox9+/Id2+ epithelial cell,44,10,2,2,2_1,Capillary
J-7074,all,11,8,8214,6924,23,43180,0,0,0,0,0,J,2,Venous endothelial cell,32,9,2,2,2_3,Vein
J-7075,all,25,10,8852,7303,26,66077,0,0,0,0,0,J,12,Sox9+/Id2+ epithelial cell,45,10,1,1,1_1,AT2
J-7077,all,11,10,8675,6263,29,45984,0,0,0,0,0,J,2,Alveolar type 1 cell,32,10,6,6,6,AT1
J-7078,all,59,30,8385,6057,15,120041,0,0,0,0,0,J,12,Vascular smooth muscle cell,57,30,2,2,2_4,Artery
J-7081,all,24,15,8516,6299,20,58534,0,0,0,0,0,J,2,Alveolar type 1 cell,46,15,6,6,6,AT1
J-7084,all,32,18,7800,6822,13,73166,0,0,0,0,0,J,9,Sox9+/Id2+ epithelial cell,42,18,2,2,2_3,Vein
J-7087,all,22,10,8385,6398,9,28654,0,0,0,0,0,J,14,Alveolar type 1 cell,40,10,6,6,6,AT1
J-7091,all,23,13,8872,6009,6,42246,0,0,0,0,0,J,5,Sox9+/Id2+ epithelial cell,39,13,8,8,8_3,InterstitialMac
J-7094,all,22,15,8465,6249,10,41705,0,0,0,0,0,J,4,Capillary 1 cell,40,15,2,2,2_1,Capillary
J-7096,all,75,19,8223,7556,31,68957,0,0,0,0,0,J,57,Alveolar type 2 cell,54,19,1,1,1_3,AT2
J-7097,all,27,16,8671,6324,23,93610,0,0,0,0,0,J,3,Alveolar fibroblast 1,39,16,2,2,2_1,Capillary
J-7098,all,17,12,9020,6017,21,70995,0,0,0,0,0,J,3,Sox9+/Id2+ epithelial cell,35,12,2,2,2_6,pDC
J-7100,all,8,5,7445,6734,6,29832,0,0,0,0,0,J,3,B cell,19,7,9,9,9,Bcell
J-7102,all,78,35,8069,6044,11,88648,0,0,0,0,0,J,18,Alveolar fibroblast 1,55,34,1,1,1_5_1,LymphaticEndo
J-7104,all,8,7,8277,6892,36,20270,0,0,0,0,0,J,2,Alveolar type 1 cell,28,8,6,6,6,AT1
J-7106,all,77,30,8412,6163,12,81349,328,328,0,1,0,J,6,Mast cell,57,30,7,7,7_4,PatrolMac
J-7108,all,25,17,8403,6211,8,43878,0,0,0,0,0,J,5,Capillary 1 cell,45,17,2,2,2_3,Vein
J-7109,all,28,6,8650,6066,9,24567,0,0,0,0,0,J,26,Alveolar type 2 cell,44,6,1,1,1_1,AT2
J-7111,all,42,13,9070,7040,21,113063,0,0,0,0,0,J,29,Alveolar type 2 cell,45,13,1,1,1_1,AT2
J-7112,all,10,7,8368,6821,31,47012,0,0,0,0,0,J,3,Alveolar macrophage,28,7,8,8,8_1,AlveolarMac
J-7113,all,72,16,8283,6145,16,53849,1217,0,1217,0,1,J,13,Alveolar type 1 cell,52,16,6,6,6,AT1
J-7114,all,16,8,8994,6121,14,56389,0,0,0,0,0,J,9,Alveolar fibroblast 1,34,9,3,3,3_1,SMC
J-7115,all,12,7,8863,7456,21,53452,0,0,0,0,0,J,2,Arterial endothelial cell,34,8,2,2,2_4,Artery
J-7119,all,16,8,8753,6183,30,53502,0,0,0,0,0,J,4,Alveolar fibroblast 1,38,8,2,2,2_1,Capillary
J-7120,all,56,30,7795,7124,22,76379,0,0,0,0,0,J,9,Alveolar type 1 cell,55,30,6,6,6,AT1
J-7123,all,63,20,7803,7010,22,53689,0,0,0,0,0,J,8,Alveolar type 1 cell,52,20,6,6,6,AT1
J-7131,all,9,4,9067,5820,12,18461,0,0,0,0,0,J,7,Sox9+/Id2+ epithelial cell,36,4,1,1,1_1,AT2
J-7134,all,43,11,8595,6643,27,76038,0,0,0,0,0,J,34,Alveolar type 2 cell,46,11,1,1,1_3,AT2
J-7135,all,35,18,8024,6975,35,81720,352,0,352,0,1,J,5,Sox9+/Id2+ epithelial cell,44,18,2,2,2_3,Vein
J-7138,all,56,25,8566,6685,23,94052,0,0,0,0,0,J,23,Alveolar type 2 cell,54,25,1,1,1_3,AT2
J-7143,all,43,20,8379,5756,16,77310,0,0,0,0,0,J,15,Pericyte,45,20,5,5,5_1,Pericyte
J-7148,all,24,15,8923,7375,21,77201,0,0,0,0,0,J,2,Inflammatory monocyte,40,16,2,2,2_2,InflamMac
J-7153,all,53,18,8313,6850,26,68820,0,0,0,0,0,J,37,Pericyte,51,18,5,5,5_1,Pericyte
J-7155,all,26,16,9183,6911,10,53006,0,0,0,0,0,J,4,Alveolar macrophage,43,17,3,3,3_5,SMC
J-7157,all,12,6,8953,6134,28,35030,0,0,0,0,0,J,10,Alveolar fibroblast 1,31,7,3,3,3_1,SMC
J-7165,all,14,9,8778,6157,33,37607,0,0,0,0,0,J,2,Capillary 1 cell,33,9,8,8,8_2,InterstitialMac
J-7167,all,47,28,7813,6863,16,56047,0,0,0,0,0,J,12,Capillary 2 cell,47,28,2,2,2_3,Vein
J-7168,all,44,23,8422,6476,22,86692,0,0,0,0,0,J,24,Alveolar type 2 cell,45,23,1,1,1_3,AT2
J-7170,all,54,23,8514,6189,11,72133,0,0,0,0,0,J,11,Alveolar type 1 cell,52,23,5,5,5_3,Pericyte
J-7171,all,8,6,8245,6023,5,13550,0,0,0,0,0,J,2,B cell,22,8,9,9,9,Bcell
J-7174,all,8,5,8867,6371,8,63616,0,0,0,0,0,J,6,Proliferative mesenchymal progenitor cell,23,7,3,3,3_1,SMC
J-7178,all,18,13,8921,5838,26,71971,0,0,0,0,0,J,4,Capillary 1 cell,36,13,9,9,9,Bcell
J-7185,all,21,14,8572,6201,11,50884,0,0,0,0,0,J,3,CD8+ T cell,41,14,7,7,7_2,PatrolMac
J-7188,all,122,24,7880,7457,13,97832,0,0,0,0,0,J,12,Alveolar type 1 cell,46,9,6,6,6,AT1
J-7189,all,27,17,8507,6386,16,62412,0,0,0,0,0,J,4,Capillary 1 cell,48,17,2,2,2_1,Capillary
J-7191,all,24,9,9042,6979,6,67267,0,0,0,0,0,J,11,Sox9+/Id2+ epithelial cell,45,9,1,1,1_1,AT2
J-7192,all,92,21,7797,6770,10,62682,0,0,0,0,0,J,69,Alveolar type 2 cell,56,21,1,1,1_1,AT2
J-7195,all,33,18,7941,7431,21,102354,0,0,0,0,0,J,3,Capillary 1 cell,40,18,2,2,2_3,Vein
J-7197,all,70,13,8665,5847,29,60311,0,0,0,0,0,J,58,Alveolar type 2 cell,50,13,1,1,1_3,AT2
J-7200,all,89,38,8347,6393,17,121112,0,0,0,0,0,J,36,Pericyte,61,39,3,3,3_1,SMC
J-7201,all,9,6,8467,6882,14,27407,0,0,0,0,0,J,3,Pericyte,26,7,5,5,5_1,Pericyte
J-7202,all,12,8,8501,6898,18,58651,0,0,0,0,0,J,5,Pericyte,29,8,5,5,5_1,Pericyte
J-7203,all,33,22,8722,6375,21,113366,0,0,0,0,0,J,6,Arterial endothelial cell,41,24,2,2,2_4,Artery
J-7204,all,28,17,8240,6775,21,66301,0,0,0,0,0,J,7,Alveolar fibroblast 1,45,17,1,1,1_5_1,LymphaticEndo
J-7205,all,29,21,8274,6779,15,56533,0,0,0,0,0,J,3,Venous endothelial cell,38,21,2,2,2_3,Vein
J-7208,all,48,30,8678,6670,8,90679,0,0,0,0,0,J,7,Capillary 2 cell,48,30,2,2,2_1,Capillary
J-7211,all,7,3,9097,5828,7,16516,0,0,0,0,0,J,5,Sox9+/Id2+ epithelial cell,36,4,1,1,1_1,AT2
J-7212,all,36,5,8437,6367,14,20317,0,0,0,0,0,J,30,Sox9+/Id2+ epithelial cell,47,5,1,1,1_1,AT2
J-7213,all,28,8,8868,6892,8,37492,0,0,0,0,0,J,19,Sox9+/Id2+ epithelial cell,44,8,1,1,1_3,AT2
J-7216,all,69,16,8511,6235,10,62929,0,0,0,0,0,J,13,Alveolar type 1 cell,52,16,6,6,6,AT1
J-7217,all,14,5,8633,6031,7,28578,0,0,0,0,0,J,11,Sox9+/Id2+ epithelial cell,37,5,1,1,1_1,AT2
J-7218,all,13,12,8604,6490,15,63247,0,0,0,0,0,J,8,Inflammatory monocyte,36,12,2,2,2_1,Capillary
J-7221,all,68,27,8231,6143,18,93510,0,0,0,0,0,J,14,B cell,55,27,9,9,9,Bcell
J-7222,all,14,10,8937,6171,29,34351,0,0,0,0,0,J,7,Mast cell,32,11,3,3,3_1,SMC
J-7224,all,80,27,8410,5990,19,96134,0,0,0,0,0,J,19,Alveolar type 1 cell,54,27,6,6,6,AT1
J-7225,all,58,31,7876,7020,27,91988,0,0,0,0,0,J,3,B cell,54,31,2,2,2_6,pDC
J-7227,all,16,12,8545,5874,33,49976,0,0,0,0,0,J,3,Alveolar fibroblast 1,38,13,3,3,3_1,SMC
J-7228,all,44,25,8484,5911,12,75970,0,0,0,0,0,J,5,Endothelial progenitor cell,44,24,2,2,2_1,Capillary
J-7229,all,30,10,8212,7517,33,58157,0,0,0,0,0,J,19,Sox9+/Id2+ epithelial cell,43,10,1,1,1_3,AT2
J-7231,all,27,13,8879,7327,21,91278,0,0,0,0,0,J,13,Alveolar fibroblast 1,41,14,3,3,3_1,SMC
J-7232,all,58,35,8379,6871,21,117117,0,0,0,0,0,J,12,Alveolar macrophage,55,35,8,8,8_1,AlveolarMac
J-7233,all,22,12,8979,5981,17,66934,0,0,0,0,0,J,4,B cell,41,12,9,9,9,Bcell
J-7235,all,26,20,8378,6673,25,97177,0,0,0,0,0,J,3,Alveolar type 2 cell,44,21,2,2,2_2,InflamMac
J-7236,all,59,29,8087,7023,14,99898,0,0,0,0,0,J,27,Pericyte,53,29,5,5,5_1,Pericyte
J-7237,all,90,26,8033,7039,15,97152,0,0,0,0,0,J,60,Alveolar type 2 cell,59,25,1,1,1_3,AT2
J-7241,all,20,11,8695,5722,8,45023,0,0,0,0,0,J,5,Sox9+/Id2+ epithelial cell,42,11,1,1,1_4_1,AlveolarFib
J-7242,all,25,13,8362,6265,15,35037,0,0,0,0,0,J,4,Capillary 1 cell,44,13,2,2,2_1,Capillary
J-7243,all,11,10,8304,6877,33,29521,0,0,0,0,0,J,2,Alveolar type 1 cell,32,10,6,6,6,AT1
J-7245,all,16,10,7988,7022,37,49055,0,0,0,0,0,J,2,Capillary 1 cell,33,10,2,2,2_3,Vein
J-7246,all,30,15,8415,6881,27,50424,0,0,0,0,0,J,3,Innate lymphoid cell,40,15,8,8,8_1,AlveolarMac
J-7247,all,60,21,8311,6150,24,48587,0,0,0,0,0,J,6,Alveolar type 1 cell,54,21,6,6,6,AT1
J-7251,all,71,19,7803,6969,23,47314,0,0,0,0,0,J,17,Alveolar type 1 cell,53,19,6,6,6,AT1
J-7254,all,23,17,9160,6990,12,55970,0,0,0,0,0,J,2,B cell,42,17,9,9,9,Bcell
J-7258,all,26,10,8713,6125,30,37030,0,0,0,0,0,J,18,Alveolar type 2 cell,43,12,2,2,2_4,Artery
J-7259,all,28,17,8359,6769,32,76946,0,0,0,0,0,J,7,Natural killer cell,38,17,7,7,7_3,Tcell (CD8)
J-7260,all,13,9,8823,6072,10,35461,0,0,0,0,0,J,4,Interstitial macrophage,25,9,8,8,8_3,InterstitialMac
J-7261,all,36,6,8466,6376,12,22783,0,0,0,0,0,J,34,Alveolar type 2 cell,45,6,1,1,1_1,AT2
J-7262,all,108,25,8596,6077,14,117989,0,0,0,0,0,J,83,Alveolar type 2 cell,54,21,2,2,2_1,Capillary
J-7264,all,45,13,8668,5781,25,86849,0,0,0,0,0,J,25,Sox9+/Id2+ epithelial cell,48,13,1,1,1_1,AT2
J-7266,all,17,13,8587,6150,10,46404,0,0,0,0,0,J,4,Alveolar fibroblast 1,39,15,2,2,2_1,Capillary
J-7267,all,26,13,9065,6017,11,53704,0,0,0,0,0,J,17,Ciliated cell,46,13,6,6,6,AT1
J-7269,all,38,15,8649,6448,18,53730,0,0,0,0,0,J,11,Proliferative mesenchymal progenitor cell,44,16,3,3,3_1,SMC
J-7270,all,57,22,8885,7575,20,126539,0,0,0,0,0,J,3,Alveolar type 1 cell,52,21,2,2,2_1,Capillary
J-7272,all,47,10,8690,6156,36,63143,0,0,0,0,0,J,41,Alveolar type 2 cell,48,10,1,1,1_3,AT2
J-7274,all,7,6,9047,5786,18,44175,0,0,0,0,0,J,3,Endothelial progenitor cell,27,8,2,2,2_6,pDC
J-7276,all,10,7,8951,7588,18,40772,0,0,0,0,0,J,4,Sox9+/Id2+ epithelial cell,31,7,1,1,1_3,AT2
J-7277,all,11,9,8835,6296,30,45929,0,0,0,0,0,J,2,Capillary 1 cell,33,9,2,2,2_1,Capillary
J-7278,all,26,9,7831,6742,13,34594,0,0,0,0,0,J,17,Alveolar type 2 cell,44,9,1,1,1_1,AT2
J-7281,all,19,5,9077,5858,9,28645,0,0,0,0,0,J,8,Sox9+/Id2+ epithelial cell,40,5,1,1,1_1,AT2
J-7283,all,24,15,8315,7068,31,67211,0,0,0,0,0,J,5,B cell,42,15,9,9,9,Bcell
J-7289,all,6,4,7836,7162,12,8514,0,0,0,0,0,J,2,Venous endothelial cell,26,7,2,2,2_3,Vein
J-7298,all,20,13,8619,6816,24,45258,0,0,0,0,0,J,5,Alveolar macrophage,38,13,5,5,5_1,Pericyte
J-7299,all,22,13,8797,7015,31,70019,0,0,0,0,0,J,4,Capillary 1 cell,42,13,2,2,2_1,Capillary
J-7300,all,8,5,7838,6885,12,14057,0,0,0,0,0,J,2,Venous endothelial cell,29,6,2,2,2_3,Vein
J-7301,all,9,6,8432,6040,17,28523,0,0,0,0,0,J,4,Vascular smooth muscle cell,26,6,5,5,5_1,Pericyte
J-7302,all,15,7,8566,6473,28,43962,0,0,0,0,0,J,10,Alveolar fibroblast 1,37,8,1,1,1_5_1,LymphaticEndo
J-7307,all,9,4,8698,6836,13,20612,0,0,0,0,0,J,7,Alveolar type 2 cell,36,4,1,1,1_1,AT2
J-7309,all,27,14,7288,6986,24,29128,0,0,0,0,0,J,16,Pericyte,43,14,5,5,5_1,Pericyte
J-7333,all,13,4,9077,5788,13,34807,0,0,0,0,0,J,10,Sox9+/Id2+ epithelial cell,38,4,1,1,1_1,AT2
