orig.ident,nCount_RNA,nFeature_RNA,x,y,z,volume,np,np_nuc,np_cyto,pctnuc,pctcyto,region,marker_reads,predicted.id,nCount_SCT,nFeature_SCT,SCT_snn_res.0.1,seurat_clusters,lung,cell_type
B-2,all,72,27,417,1782,16,51414,0,0,0,0,0,B,41,Alveolar type 1 cell,54,27,1,1,1_4_3,AlveolarFib
B-3,all,35,26,618,886,22,52347,319,0,319,0,1,B,6,Capillary 1 cell,41,27,2,2,2_1,Capillary
B-4,all,63,20,573,1527,33,51482,0,0,0,0,0,B,33,Alveolar fibroblast 1,54,19,1,1,1_5_1,LymphaticEndo
B-5,all,29,14,767,1276,10,49691,0,0,0,0,0,B,11,Alveolar fibroblast 1,43,16,2,2,2_4,Artery
B-6,all,25,13,935,1137,34,42399,0,0,0,0,0,B,11,Interstitial macrophage,41,13,8,8,8_3,InterstitialMac
B-7,all,27,16,42,362,18,78372,0,0,0,0,0,B,13,Inflammatory monocyte,38,16,5,5,5_1,Pericyte
B-8,all,38,25,921,1748,19,99007,0,0,0,0,0,B,9,Alveolar fibroblast 1,42,26,1,1,1_5_1,LymphaticEndo
B-9,all,143,29,559,1744,29,78572,0,0,0,0,0,B,12,Alveolar fibroblast 1,48,14,6,6,6,AT1
B-12,all,59,28,558,1295,29,76838,0,0,0,0,0,B,22,Inflammatory monocyte,53,27,2,2,2_1,Capillary
B-15,all,42,18,1156,1063,32,67889,0,0,0,0,0,B,14,Alveolar fibroblast 1,44,18,1,1,1_5_1,LymphaticEndo
B-16,all,20,15,679,992,9,34593,0,0,0,0,0,B,9,Alveolar fibroblast 1,38,17,2,2,2_4,Artery
B-17,all,33,15,309,1824,8,26634,0,0,0,0,0,B,6,Alveolar type 1 cell,42,15,6,6,6,AT1
B-18,all,64,29,136,455,25,87903,0,0,0,0,0,B,35,Alveolar type 2 cell,57,30,1,1,1_4_3,AlveolarFib
B-19,all,32,20,875,29,17,69085,0,0,0,0,0,B,4,Basophil,40,20,7,7,7_4,PatrolMac
B-21,all,36,18,535,161,29,45426,0,0,0,0,0,B,8,Alveolar fibroblast 1,43,19,1,1,1_4_1,AlveolarFib
B-22,all,32,14,185,236,26,68210,0,0,0,0,0,B,16,Alveolar type 1 cell,42,15,1,1,1_4_3,AlveolarFib
B-23,all,55,21,119,393,28,72449,0,0,0,0,0,B,10,Neutrophil,52,21,6,6,6,AT1
B-24,all,40,21,26,186,23,62177,0,0,0,0,0,B,12,Arterial endothelial cell,43,22,2,2,2_4,Artery
B-26,all,48,27,160,582,27,97228,0,0,0,0,0,B,19,Pericyte,48,27,5,5,5_1,Pericyte
B-28,all,65,30,1367,1133,13,77111,0,0,0,0,0,B,5,Alveolar fibroblast 1,55,30,2,2,2_1,Capillary
B-30,all,154,31,378,180,25,67889,0,0,0,0,0,B,127,Secretory cell,52,10,4,4,4_2,ClubEpi
B-31,all,41,13,105,1823,25,63900,0,0,0,0,0,B,16,B cell,45,14,2,2,2_2,InflamMac
B-32,all,82,28,1110,799,25,106825,0,0,0,0,0,B,26,CD4+ T cell,56,28,7,7,7_2,PatrolMac
B-33,all,61,31,798,469,22,77412,0,0,0,0,0,B,9,Venous endothelial cell,53,31,2,2,2_1,Capillary
B-34,all,30,16,648,893,9,35082,415,0,415,0,1,B,10,Alveolar macrophage,44,16,2,2,2_1,Capillary
B-35,all,20,13,599,1271,8,31192,0,0,0,0,0,B,8,Capillary 1 cell,38,13,2,2,2_1,Capillary
B-36,all,62,39,1523,1582,28,66175,0,0,0,0,0,B,20,B cell,57,39,3,3,3_4,AdventitialFib
B-37,all,56,31,705,329,26,58243,0,0,0,0,0,B,12,Inflammatory monocyte,55,32,2,2,2_2,InflamMac
B-38,all,77,34,605,844,25,75842,0,0,0,0,0,B,15,Alveolar type 1 cell,54,34,2,2,2_1,Capillary
B-40,all,61,32,1359,1090,24,69463,0,0,0,0,0,B,6,Inflammatory monocyte,56,33,3,3,3_1,SMC
B-41,all,44,24,576,1917,21,67486,0,0,0,0,0,B,10,Pericyte,44,24,5,5,5_1,Pericyte
B-43,all,55,35,1359,1255,20,63392,0,0,0,0,0,B,7,CD4+ T cell,54,35,7,7,7_2,PatrolMac
B-44,all,34,19,895,1127,20,65429,0,0,0,0,0,B,12,Alveolar fibroblast 1,44,19,2,2,2_4,Artery
B-46,all,25,11,281,1827,5,10610,0,0,0,0,0,B,11,Alveolar type 1 cell,40,11,6,6,6,AT1
B-47,all,29,12,981,394,9,35732,0,0,0,0,0,B,3,B cell,41,12,9,9,9,Bcell
B-48,all,18,8,720,875,11,34299,0,0,0,0,0,B,4,Arterial endothelial cell,42,9,2,2,2_4,Artery
B-49,all,80,40,1189,1790,14,96064,0,0,0,0,0,B,12,CD4+ T cell,55,40,2,2,2_1,Capillary
B-50,all,28,17,837,851,18,66779,0,0,0,0,0,B,8,Arterial endothelial cell,43,17,2,2,2_4,Artery
B-51,all,20,14,773,293,35,22547,0,0,0,0,0,B,6,Alveolar fibroblast 1,41,14,3,3,3_4,AdventitialFib
B-52,all,16,10,243,445,14,17584,0,0,0,0,0,B,6,AT1/AT2,36,10,6,6,6,AT1
B-54,all,36,23,968,1168,30,67998,0,0,0,0,0,B,10,Interstitial macrophage,40,23,7,7,7_4,PatrolMac
B-57,all,52,24,1346,616,19,58580,0,0,0,0,0,B,5,CD8+ T cell,52,25,2,2,2_2,InflamMac
B-58,all,39,20,370,228,27,39428,0,0,0,0,0,B,19,Capillary 1 cell,43,20,1,1,1_1,AT2
B-59,all,58,31,72,1255,31,75063,103,0,103,0,1,B,10,B cell,56,31,1,1,1_5_2,AlveolarFib
B-60,all,10,7,1399,1654,10,26646,0,0,0,0,0,B,4,Pericyte,28,7,5,5,5_1,Pericyte
B-61,all,90,26,327,1748,11,51149,0,0,0,0,0,B,47,Innate lymphoid cell,58,26,1,1,1_4_3,AlveolarFib
B-62,all,18,11,926,684,7,38818,0,0,0,0,0,B,5,B cell,38,11,9,9,9,Bcell
B-63,all,35,23,698,191,37,46757,0,0,0,0,0,B,4,Alveolar type 1 cell,43,22,2,2,2_1,Capillary
B-64,all,47,25,848,1660,28,69714,0,0,0,0,0,B,7,Capillary 1 cell,47,25,3,3,3_4,AdventitialFib
B-65,all,202,21,809,624,14,80211,0,0,0,0,0,B,179,Alveolar type 2 cell,51,9,1,1,1_3,AT2
B-66,all,29,16,135,321,22,59592,0,0,0,0,0,B,12,Alveolar macrophage,38,16,3,3,3_4,AdventitialFib
B-67,all,42,10,1013,1122,18,54885,0,0,0,0,0,B,19,Sox9+/Id2+ epithelial cell,47,11,1,1,1_4_3,AlveolarFib
B-68,all,57,26,54,220,30,70073,0,0,0,0,0,B,13,Capillary 1 cell,48,25,4,4,4_1_2,CiliatedEpi
B-69,all,27,18,864,1490,20,57142,0,0,0,0,0,B,11,Alveolar fibroblast 1,41,18,1,1,1_5_1,LymphaticEndo
B-70,all,66,30,946,1937,34,96102,0,0,0,0,0,B,13,Arterial endothelial cell,57,30,2,2,2_1,Capillary
B-71,all,53,18,1200,1193,25,39151,0,0,0,0,0,B,6,Alveolar type 1 cell,51,18,6,6,6,AT1
B-72,all,59,31,813,1083,33,99573,0,0,0,0,0,B,14,Arterial endothelial cell,56,31,3,3,3_4,AdventitialFib
B-73,all,64,34,1002,1917,36,72799,0,0,0,0,0,B,11,Arterial endothelial cell,57,34,2,2,2_1,Capillary
B-76,all,89,16,1179,186,18,94195,0,0,0,0,0,B,72,Alveolar type 2 cell,56,16,1,1,1_1,AT2
B-78,all,37,15,801,1390,13,39515,0,0,0,0,0,B,21,Alveolar type 2 cell,42,15,2,2,2_4,Artery
B-79,all,45,26,1042,267,33,47369,0,0,0,0,0,B,2,Chondrocyte,46,26,1,1,1_2_1,Tcell (CD4)
B-80,all,72,19,963,1334,24,61316,0,0,0,0,0,B,53,Alveolar type 2 cell,52,20,2,2,2_4,Artery
B-81,all,46,26,1274,1201,29,60620,0,0,0,0,0,B,7,Alveolar fibroblast 1,46,26,1,1,1_5_4,pDC
B-82,all,61,39,927,1686,37,58765,0,0,0,0,0,B,7,Arterial endothelial cell,58,39,2,2,2_4,Artery
B-84,all,50,19,1036,1220,16,72515,0,0,0,0,0,B,27,Alveolar type 2 cell,49,19,6,6,6,AT1
B-85,all,36,16,1097,1635,38,46307,0,0,0,0,0,B,11,Alveolar fibroblast 1,42,16,2,2,2_1,Capillary
B-87,all,63,26,523,1236,17,87851,111,0,111,0,1,B,17,Alveolar fibroblast 1,55,26,2,2,2_4,Artery
B-88,all,19,7,490,960,6,15155,0,0,0,0,0,B,5,B cell,35,7,5,5,5_3,Pericyte
B-93,all,23,9,1048,370,7,20481,0,0,0,0,0,B,8,Alveolar type 1 cell,42,9,6,6,6,AT1
B-94,all,64,22,943,1245,35,58379,0,0,0,0,0,B,24,Alveolar type 1 cell,56,22,6,6,6,AT1
B-95,all,6,5,151,295,35,28095,0,0,0,0,0,B,3,Sox9+/Id2+ epithelial cell,22,8,5,5,5_1,Pericyte
B-97,all,32,20,142,618,28,62672,0,0,0,0,0,B,5,Pericyte,39,20,5,5,5_3,Pericyte
B-99,all,24,14,794,817,23,20782,0,0,0,0,0,B,6,Arterial endothelial cell,44,15,2,2,2_4,Artery
B-101,all,14,9,782,796,12,22106,0,0,0,0,0,B,6,Alveolar fibroblast 1,30,9,1,1,1_5_1,LymphaticEndo
B-104,all,34,22,303,265,36,26717,0,0,0,0,0,B,9,Alveolar fibroblast 1,41,22,5,5,5_3,Pericyte
B-105,all,96,40,92,129,30,69862,0,0,0,0,0,B,47,Ciliated cell,56,39,4,4,4_2,CiliatedEpi
B-106,all,30,13,664,1387,17,40492,0,0,0,0,0,B,3,Endothelial progenitor cell,42,13,2,2,2_1,Capillary
B-107,all,29,15,205,1726,36,45749,0,0,0,0,0,B,9,Pericyte,39,15,5,5,5_1,Pericyte
B-110,all,10,6,917,367,6,17772,0,0,0,0,0,B,2,T regulatory cell,28,7,1,1,1_6_2,Neutrophil
B-111,all,44,6,523,1314,34,19562,0,0,0,0,0,B,44,Alveolar type 2 cell,47,6,1,1,1_3,AT2
B-112,all,30,14,1420,707,10,46490,0,0,0,0,0,B,12,Capillary 1 cell,44,15,2,2,2_2,InflamMac
B-113,all,110,37,1098,1688,29,82958,0,0,0,0,0,B,15,Alveolar type 1 cell,49,23,6,6,6,AT1
B-116,all,200,40,251,222,24,90878,0,0,0,0,0,B,152,Ciliated cell,58,39,4,4,4_2,CiliatedEpi
B-117,all,71,29,583,1842,32,82802,0,0,0,0,0,B,19,Inflammatory monocyte,55,29,9,9,9,Bcell
B-121,all,66,40,897,1871,37,80876,0,0,0,0,0,B,10,Capillary 2 cell,57,41,3,3,3_5,SMC
B-126,all,24,14,932,1391,7,32473,0,0,0,0,0,B,9,Sox9+/Id2+ epithelial cell,45,15,2,2,2_1,Capillary
B-130,all,70,24,373,1798,17,52815,0,0,0,0,0,B,24,Alveolar type 1 cell,53,24,6,6,6,AT1
B-131,all,43,26,17,505,32,80026,0,0,0,0,0,B,15,B cell,43,26,9,9,9,Bcell
B-132,all,43,26,1001,480,33,46727,0,0,0,0,0,B,7,Alveolar type 1 cell,47,27,1,1,1_4_1,AlveolarFib
B-133,all,265,45,23,111,29,110641,0,0,0,0,0,B,126,Secretory cell,56,14,4,4,4_2,ClubEpi
B-134,all,12,7,83,548,41,17062,0,0,0,0,0,B,4,Endothelial progenitor cell,29,7,2,2,2_1,Capillary
B-136,all,13,11,965,543,34,22403,0,0,0,0,0,B,4,Alveolar type 1 cell,38,12,2,2,2_1,Capillary
B-137,all,39,28,1073,740,37,44777,0,0,0,0,0,B,6,Alveolar fibroblast 1,43,28,3,3,3_4,AdventitialFib
B-140,all,22,13,521,1044,6,22248,0,0,0,0,0,B,4,Capillary 1 cell,41,14,2,2,2_1,Capillary
B-142,all,40,20,882,1260,12,81860,0,0,0,0,0,B,15,Vascular smooth muscle cell,42,20,5,5,5_3,Pericyte
B-143,all,40,26,30,1268,16,33756,0,0,0,0,0,B,9,Alveolar fibroblast 1,42,27,1,1,1_5_1,LymphaticEndo
B-144,all,25,14,31,613,38,47272,0,0,0,0,0,B,6,Pericyte,43,14,5,5,5_3,Pericyte
B-145,all,42,23,1169,898,34,63297,0,0,0,0,0,B,3,Capillary 1 cell,45,24,2,2,2_1,Capillary
B-147,all,49,23,850,1528,22,116895,0,0,0,0,0,B,17,Alveolar fibroblast 1,50,24,3,3,3_1,SMC
B-148,all,123,22,85,186,17,57670,0,0,0,0,0,B,104,Ciliated cell,41,21,4,4,4_2,CiliatedEpi
B-149,all,33,19,1081,778,32,31914,0,0,0,0,0,B,7,Arterial endothelial cell,43,20,2,2,2_4,Artery
B-150,all,145,28,180,459,30,87423,0,0,0,0,0,B,116,Alveolar type 2 cell,48,14,1,1,1_1,AT2
B-151,all,50,26,995,1145,20,49774,0,0,0,0,0,B,14,Alveolar type 1 cell,51,26,1,1,1_5_1,LymphaticEndo
B-152,all,21,13,449,1645,10,38910,0,0,0,0,0,B,6,Inflammatory monocyte,36,13,8,8,8_3,InterstitialMac
B-154,all,35,18,1026,434,37,27455,0,0,0,0,0,B,6,Alveolar type 1 cell,42,18,6,6,6,AT1
B-155,all,45,23,1201,742,27,70431,0,0,0,0,0,B,6,Capillary 2 cell,45,23,2,2,2_1,Capillary
B-159,all,20,12,664,145,37,22943,0,0,0,0,0,B,6,Alveolar type 1 cell,39,13,3,3,3_1,SMC
B-161,all,34,15,740,1322,8,60330,0,0,0,0,0,B,12,Capillary 1 cell,42,15,2,2,2_1,Capillary
B-165,all,242,22,288,202,24,70097,0,0,0,0,0,B,219,Ciliated cell,59,6,4,4,4_2,ClubEpi
B-166,all,46,22,498,53,7,67779,0,0,0,0,0,B,8,Capillary 2 cell,47,23,2,2,2_1,Capillary
B-167,all,17,13,1068,1742,20,53835,0,0,0,0,0,B,3,Arterial endothelial cell,42,14,2,2,2_4,Artery
B-170,all,65,31,868,1086,27,87748,0,0,0,0,0,B,11,Arterial endothelial cell,56,32,2,2,2_1,Capillary
B-171,all,41,20,1282,786,33,41468,0,0,0,0,0,B,11,Pericyte,43,20,5,5,5_1,Pericyte
B-172,all,24,13,1367,1198,11,36815,0,0,0,0,0,B,6,B cell,43,13,9,9,9,Bcell
B-174,all,36,24,823,1921,34,62215,0,0,0,0,0,B,7,Innate lymphoid cell,39,24,6,6,6,AT1
B-178,all,93,35,1161,822,22,116280,0,0,0,0,0,B,35,CD8+ T cell,55,33,6,6,6,AT1
B-180,all,69,21,1282,1774,23,63368,0,0,0,0,0,B,28,CD4+ T cell,54,21,2,2,2_1,Capillary
B-181,all,32,16,1201,1709,28,39081,0,0,0,0,0,B,5,Capillary 1 cell,44,17,2,2,2_1,Capillary
B-182,all,28,17,1265,700,19,32266,0,0,0,0,0,B,2,Arterial endothelial cell,40,17,2,2,2_4,Artery
B-183,all,10,8,1003,1327,33,19494,0,0,0,0,0,B,2,Alveolar type 1 cell,31,8,6,6,6,AT1
B-185,all,37,27,634,1047,27,40961,0,0,0,0,0,B,11,Alveolar type 1 cell,40,28,2,2,2_1,Capillary
B-186,all,50,21,747,907,15,59483,0,0,0,0,0,B,20,Arterial endothelial cell,50,21,2,2,2_4,Artery
B-188,all,32,13,923,1187,36,50687,0,0,0,0,0,B,16,Alveolar fibroblast 1,41,13,1,1,1_4_3,AlveolarFib
B-189,all,58,30,1011,1714,24,81297,0,0,0,0,0,B,15,Alveolar fibroblast 1,56,30,2,2,2_4,Artery
B-192,all,21,14,151,243,37,31558,0,0,0,0,0,B,8,Alveolar fibroblast 1,37,14,8,8,8_2,InterstitialMac
B-193,all,124,31,827,701,20,83841,0,0,0,0,0,B,27,Alveolar type 1 cell,46,15,6,6,6,AT1
B-195,all,56,21,1064,1257,15,73167,0,0,0,0,0,B,24,Alveolar fibroblast 1,53,21,1,1,1_4_3,AlveolarFib
B-197,all,20,12,1186,20,35,46950,0,0,0,0,0,B,4,Inflammatory monocyte,40,13,3,3,3_2,SMC
B-198,all,48,29,1123,279,32,49016,0,0,0,0,0,B,7,Alveolar type 1 cell,48,29,2,2,2_1,Capillary
B-202,all,13,11,1098,1057,10,33179,0,0,0,0,0,B,3,Capillary 2 cell,36,12,2,2,2_1,Capillary
B-203,all,92,35,822,813,24,80405,0,0,0,0,0,B,18,Alveolar fibroblast 1,61,34,1,1,1_4_3,AlveolarFib
B-204,all,8,5,802,1180,39,29317,0,0,0,0,0,B,4,Vascular smooth muscle cell,25,7,3,3,3_2,SMC
B-206,all,17,11,1289,1305,7,29003,0,0,0,0,0,B,4,Secondary crest myofibroblast,34,12,2,2,2_1,Capillary
B-207,all,136,31,217,424,19,77223,0,0,0,0,0,B,100,Alveolar type 2 cell,46,13,1,1,1_1,AT2
B-208,all,63,16,598,1476,28,49276,0,0,0,0,0,B,56,B cell,53,16,1,1,1_3,AT2
B-209,all,55,26,1013,1539,33,52179,0,0,0,0,0,B,24,Alveolar fibroblast 1,53,26,2,2,2_1,Capillary
B-210,all,22,15,622,1384,37,25681,0,0,0,0,0,B,5,Sox9+/Id2+ epithelial cell,44,17,2,2,2_1,Capillary
B-211,all,73,34,1239,799,30,76026,0,0,0,0,0,B,12,Inflammatory monocyte,58,36,2,2,2_5,DC
B-213,all,56,30,652,1094,16,73650,0,0,0,0,0,B,19,Alveolar fibroblast 1,53,29,1,1,1_5_1,LymphaticEndo
B-214,all,26,18,1098,269,34,23725,0,0,0,0,0,B,5,Alveolar type 1 cell,45,18,6,6,6,AT1
B-215,all,285,22,118,186,25,86128,0,0,0,0,0,B,266,Mesothelial cell,41,22,4,4,4_2,CiliatedEpi
B-217,all,87,20,1320,634,15,56955,0,0,0,0,0,B,66,Alveolar type 2 cell,56,19,1,1,1_1,AT2
B-218,all,53,16,101,1897,13,56346,0,0,0,0,0,B,14,Natural killer cell,50,16,7,7,7_2,PatrolMac
B-219,all,58,27,1017,714,31,101620,0,0,0,0,0,B,2,Secondary crest myofibroblast,55,28,3,3,3_2,SMC
B-220,all,51,15,1379,683,33,26935,0,0,0,0,0,B,8,Sox9+/Id2+ epithelial cell,50,15,7,7,7_3,Tcell (CD8)
B-222,all,54,22,1449,1203,20,54585,0,0,0,0,0,B,24,Secondary crest myofibroblast,53,23,3,3,3_1,SMC
B-224,all,71,31,746,296,27,61378,0,0,0,0,0,B,17,Alveolar type 2 cell,54,30,2,2,2_1,Capillary
B-226,all,51,16,903,1438,15,64586,0,0,0,0,0,B,12,Alveolar type 1 cell,50,16,6,6,6,AT1
B-229,all,62,28,96,1757,24,88508,0,0,0,0,0,B,10,Inflammatory monocyte,56,30,2,2,2_5,DC
B-230,all,71,29,1233,1203,23,70329,0,0,0,0,0,B,18,Alveolar type 1 cell,52,29,1,1,1_5_2,AlveolarFib
B-231,all,38,24,562,935,8,31502,0,0,0,0,0,B,11,Pericyte,42,24,5,5,5_3,Pericyte
B-233,all,11,10,1471,1169,12,11245,0,0,0,0,0,B,4,Alveolar fibroblast 1,30,12,1,1,1_5_1,LymphaticEndo
B-234,all,25,16,709,1277,27,53760,0,0,0,0,0,B,10,Pericyte,45,17,1,1,1_4_3,AlveolarFib
B-238,all,92,14,910,803,10,52891,0,0,0,0,0,B,81,Alveolar fibroblast 1,52,13,1,1,1_1,AT2
B-239,all,45,25,836,1359,37,47691,0,0,0,0,0,B,6,Arterial endothelial cell,45,25,2,2,2_4,Artery
B-240,all,36,19,127,1852,16,41629,0,0,0,0,0,B,9,Arterial endothelial cell,40,19,2,2,2_1,Capillary
B-241,all,24,13,1050,1134,31,60835,0,0,0,0,0,B,10,Pericyte,43,13,5,5,5_1,Pericyte
B-242,all,74,20,623,1334,28,50886,0,0,0,0,0,B,16,Alveolar fibroblast 1,54,20,6,6,6,AT1
B-243,all,8,5,1359,1659,4,14919,0,0,0,0,0,B,2,B cell,25,7,9,9,9,Bcell
B-244,all,8,6,821,1138,40,14880,0,0,0,0,0,B,2,Arterial endothelial cell,32,7,2,2,2_4,Artery
B-245,all,75,24,1350,662,23,46581,0,0,0,0,0,B,41,Alveolar type 2 cell,54,24,1,1,1_1,AT2
B-246,all,18,11,958,1282,39,20297,0,0,0,0,0,B,4,Alveolar type 1 cell,37,11,1,1,1_5_2,AlveolarFib
B-247,all,138,31,1240,1782,19,90475,0,0,0,0,0,B,95,Alveolar type 2 cell,46,13,1,1,1_3,AT2
B-248,all,22,18,15,1671,34,42099,0,0,0,0,0,B,5,Capillary 1 cell,44,19,2,2,2_1,Capillary
B-249,all,60,33,336,236,23,81296,0,0,0,0,0,B,18,Innate lymphoid cell,55,33,1,1,1_4_1,AlveolarFib
B-250,all,65,26,660,953,17,61987,0,0,0,0,0,B,31,Alveolar fibroblast 1,54,26,1,1,1_4_3,AlveolarFib
B-252,all,17,12,1396,736,21,24298,0,0,0,0,0,B,3,Natural killer cell,36,13,2,2,2_2,InflamMac
B-255,all,130,34,790,1346,17,96700,0,0,0,0,0,B,89,Alveolar type 2 cell,44,11,2,2,2_1,Capillary
B-257,all,21,13,790,939,39,33791,0,0,0,0,0,B,5,CD8+ T cell,40,13,2,2,2_3,Vein
B-262,all,64,27,332,1792,9,40581,0,0,0,0,0,B,11,Alveolar type 1 cell,53,27,6,6,6,AT1
B-263,all,13,7,860,300,41,15973,0,0,0,0,0,B,3,Alveolar fibroblast 1,31,7,1,1,1_5_1,LymphaticEndo
B-264,all,23,10,1417,1136,23,21553,0,0,0,0,0,B,9,Alveolar fibroblast 1,40,10,1,1,1_4_3,AlveolarFib
B-265,all,30,19,1134,236,25,48168,0,0,0,0,0,B,8,Alveolar type 1 cell,42,20,1,1,1_4_3,AlveolarFib
B-267,all,19,11,935,1462,14,41650,0,0,0,0,0,B,6,Arterial endothelial cell,37,12,2,2,2_4,Artery
B-269,all,40,11,636,0,36,21689,0,0,0,0,0,B,28,Alveolar macrophage,45,11,1,1,1_3,AT2
B-270,all,79,36,762,1146,36,92660,0,0,0,0,0,B,31,Vascular smooth muscle cell,56,36,3,3,3_2,SMC
B-272,all,13,4,1316,765,39,10731,0,0,0,0,0,B,10,Sox9+/Id2+ epithelial cell,38,4,1,1,1_1,AT2
B-274,all,54,31,827,755,31,42774,0,0,0,0,0,B,8,Alveolar type 1 cell,54,33,2,2,2_5,DC
B-277,all,92,35,591,1337,27,77558,0,0,0,0,0,B,18,Capillary 1 cell,59,35,6,6,6,AT1
B-278,all,88,30,637,205,25,59034,0,0,0,0,0,B,21,Alveolar type 1 cell,60,30,6,6,6,AT1
B-279,all,7,6,1100,1792,41,15584,0,0,0,0,0,B,4,Pericyte,25,9,5,5,5_3,Pericyte
B-283,all,109,36,1007,323,29,75313,0,0,0,0,0,B,33,Alveolar type 1 cell,55,27,6,6,6,AT1
B-284,all,28,17,78,511,41,22661,0,0,0,0,0,B,4,Capillary 2 cell,42,17,2,2,2_1,Capillary
B-285,all,57,20,958,797,23,85781,0,0,0,0,0,B,44,Pericyte,52,20,5,5,5_3,Pericyte
B-287,all,21,11,851,0,23,21949,0,0,0,0,0,B,3,Pericyte,38,11,5,5,5_3,Pericyte
B-288,all,33,18,918,72,23,47909,0,0,0,0,0,B,6,B cell,42,18,3,3,3_4,AdventitialFib
B-289,all,33,22,657,1353,22,66194,0,0,0,0,0,B,4,Alveolar type 2 cell,40,22,3,3,3_3,AdventitialFib
B-295,all,64,16,934,1352,13,51181,0,0,0,0,0,B,48,Neutrophil,53,16,2,2,2_1,Capillary
B-296,all,13,8,1371,774,39,12670,0,0,0,0,0,B,7,Mesothelial cell,34,8,3,3,3_3,AdventitialFib
B-297,all,35,14,1165,1695,32,42361,0,0,0,0,0,B,5,Arterial endothelial cell,44,14,6,6,6,AT1
B-299,all,42,23,1368,729,29,56810,0,0,0,0,0,B,16,Interstitial macrophage,43,23,8,8,8_3,InterstitialMac
B-301,all,35,20,683,1258,26,53749,0,0,0,0,0,B,5,Secondary crest myofibroblast,44,21,3,3,3_2,SMC
B-303,all,62,28,489,1617,12,64217,0,0,0,0,0,B,6,Arterial endothelial cell,56,28,2,2,2_4,Artery
B-311,all,12,4,593,978,11,12856,0,0,0,0,0,B,8,Pericyte,25,4,5,5,5_3,Pericyte
B-312,all,13,12,644,171,37,19262,0,0,0,0,0,B,3,Alveolar macrophage,31,13,3,3,3_1,SMC
B-315,all,65,15,618,1453,27,37656,0,0,0,0,0,B,50,Alveolar type 2 cell,52,15,1,1,1_1,AT2
B-316,all,22,15,1235,714,16,36988,0,0,0,0,0,B,3,Arterial endothelial cell,41,15,2,2,2_4,Artery
B-317,all,10,6,941,710,12,18179,0,0,0,0,0,B,2,Alveolar type 1 cell,24,6,1,1,1_2_3,Tcell (CD4)
B-318,all,16,7,147,1912,16,9900,0,0,0,0,0,B,8,Sox9+/Id2+ epithelial cell,37,8,3,3,3_2,SMC
B-321,all,33,16,987,1347,31,25688,0,0,0,0,0,B,17,Alveolar type 2 cell,43,18,2,2,2_4,Artery
B-323,all,8,6,774,1401,15,7875,0,0,0,0,0,B,3,Alveolar fibroblast 1,28,7,1,1,1_4_3,AlveolarFib
B-325,all,26,22,617,1302,19,42341,0,0,0,0,0,B,6,Arterial endothelial cell,46,22,2,2,2_4,Artery
B-331,all,55,18,1528,3717,36,43626,0,0,0,0,0,B,5,Endothelial progenitor cell,51,18,6,6,6,AT1
B-332,all,32,21,549,3350,34,74572,0,0,0,0,0,B,13,Secondary crest myofibroblast,38,22,3,3,3_1,SMC
B-333,all,36,21,1909,3015,33,57616,0,0,0,0,0,B,11,Inflammatory monocyte,42,23,2,2,2_5,DC
B-335,all,29,21,1611,3673,38,43986,0,0,0,0,0,B,6,Pericyte,37,21,5,5,5_1,Pericyte
B-338,all,36,4,1578,3084,34,30717,0,0,0,0,0,B,3,Alveolar type 1 cell,46,4,6,6,6,AT1
B-341,all,23,5,1350,1989,9,20834,0,0,0,0,0,B,22,Sox9+/Id2+ epithelial cell,45,6,3,3,3_1,SMC
B-346,all,40,24,856,2627,20,45385,110,110,0,1,0,B,13,Arterial endothelial cell,44,24,2,2,2_4,Artery
B-347,all,39,24,1391,2058,11,68974,0,0,0,0,0,B,14,Pericyte,41,24,5,5,5_1,Pericyte
B-349,all,101,21,1373,2625,24,81860,0,0,0,0,0,B,77,Alveolar type 2 cell,55,18,1,1,1_3,AT2
B-351,all,39,8,1337,2942,20,40175,0,0,0,0,0,B,33,Alveolar type 2 cell,45,8,1,1,1_1,AT2
B-352,all,23,14,1503,1978,28,36565,0,0,0,0,0,B,7,Sox9+/Id2+ epithelial cell,44,14,2,2,2_1,Capillary
B-355,all,37,22,1498,2963,26,67766,0,0,0,0,0,B,10,Alveolar macrophage,41,22,8,8,8_1,AlveolarMac
B-357,all,35,17,1836,3734,35,40914,0,0,0,0,0,B,4,B cell,43,17,9,9,9,Bcell
B-358,all,72,32,282,2284,27,68546,0,0,0,0,0,B,29,Alveolar type 2 cell,56,32,1,1,1_1,AT2
B-360,all,53,31,510,2755,17,100622,0,0,0,0,0,B,13,Pericyte,53,31,5,5,5_1,Pericyte
B-362,all,10,3,1300,1975,6,9557,0,0,0,0,0,B,8,Sox9+/Id2+ epithelial cell,38,3,1,1,1_1,AT2
B-363,all,29,17,1005,3572,28,78464,0,0,0,0,0,B,4,Secretory cell,41,17,4,4,4_1_3,ClubEpi
B-364,all,22,6,366,2360,18,42537,0,0,0,0,0,B,5,Alveolar type 1 cell,42,6,6,6,6,AT1
B-366,all,30,17,1388,3617,13,75915,0,0,0,0,0,B,8,Alveolar fibroblast 1,41,18,3,3,3_1,SMC
B-367,all,49,16,335,2372,25,74206,0,0,0,0,0,B,5,CD8+ T cell,48,16,7,7,7_2,PatrolMac
B-370,all,39,16,295,2756,21,95360,0,0,0,0,0,B,11,Sox9+/Id2+ epithelial cell,44,16,2,2,2_1,Capillary
B-371,all,23,17,466,2325,23,68200,0,0,0,0,0,B,2,Endothelial progenitor cell,44,17,2,2,2_1,Capillary
B-372,all,39,20,1492,2876,26,99398,0,0,0,0,0,B,4,Capillary 1 cell,41,19,2,2,2_1,Capillary
B-374,all,35,19,1502,3174,25,61095,0,0,0,0,0,B,2,Sox9+/Id2+ epithelial cell,43,19,8,8,8_2,InterstitialMac
B-375,all,43,14,535,2695,20,58117,0,0,0,0,0,B,32,Alveolar type 2 cell,45,14,1,1,1_3,AT2
B-377,all,55,30,307,2975,25,90098,0,0,0,0,0,B,9,Sox9+/Id2+ epithelial cell,55,31,3,3,3_1,SMC
B-378,all,25,16,868,3482,13,44431,0,0,0,0,0,B,9,Pericyte,47,16,5,5,5_3,Pericyte
B-379,all,60,12,1747,3407,21,92027,0,0,0,0,0,B,49,Alveolar type 2 cell,51,12,1,1,1_1,AT2
B-380,all,29,19,1307,3494,13,81255,0,0,0,0,0,B,5,Inflammatory monocyte,38,19,3,3,3_4,AdventitialFib
B-384,all,35,20,759,2612,27,68091,0,0,0,0,0,B,3,Natural killer cell,40,20,7,7,7_3,Tcell (CD8)
B-386,all,42,15,592,3142,28,72319,0,0,0,0,0,B,17,Mesothelial cell,45,16,3,3,3_1,SMC
B-387,all,40,23,1020,2411,27,62989,0,0,0,0,0,B,7,Capillary 1 cell,43,23,2,2,2_1,Capillary
B-388,all,38,8,866,3147,36,40962,0,0,0,0,0,B,33,Alveolar type 2 cell,46,8,1,1,1_1,AT2
B-389,all,64,21,208,2309,30,81414,0,0,0,0,0,B,34,Capillary 1 cell,52,20,2,2,2_1,Capillary
B-390,all,38,23,651,2362,30,74159,0,0,0,0,0,B,10,Arterial endothelial cell,43,23,2,2,2_4,Artery
B-393,all,66,12,866,3432,20,71943,0,0,0,0,0,B,57,AT1/AT2,51,12,1,1,1_1,AT2
B-394,all,33,19,1198,3405,17,75340,0,0,0,0,0,B,2,Endothelial progenitor cell,41,19,2,2,2_1,Capillary
B-395,all,7,5,1860,2931,10,24327,0,0,0,0,0,B,2,Proliferative mesenchymal progenitor cell,27,7,3,3,3_1,SMC
B-396,all,35,18,1058,3531,30,45013,0,0,0,0,0,B,2,Sox9+/Id2+ epithelial cell,43,19,1,1,1_6_2,Neutrophil
B-398,all,29,17,1227,3521,11,64761,0,0,0,0,0,B,7,B cell,38,17,9,9,9,Bcell
B-401,all,58,33,1102,2960,18,73247,0,0,0,0,0,B,12,Capillary 1 cell,55,32,2,2,2_1,Capillary
B-402,all,90,38,1062,2440,25,106727,0,0,0,0,0,B,13,Innate lymphoid cell,62,38,6,6,6,AT1
B-404,all,29,20,728,2633,10,65240,106,53,53,0.5,0.5,B,6,Capillary 1 cell,39,20,7,7,7_4,PatrolMac
B-408,all,83,23,397,2707,20,95412,0,0,0,0,0,B,21,Alveolar type 1 cell,57,23,6,6,6,AT1
B-409,all,57,29,557,2059,29,72815,0,0,0,0,0,B,28,Arterial endothelial cell,54,29,2,2,2_4,Artery
B-411,all,64,29,1619,3551,26,92971,0,0,0,0,0,B,7,Alveolar macrophage,57,29,6,6,6,AT1
B-414,all,18,11,991,2754,17,34313,0,0,0,0,0,B,13,Pericyte,35,11,5,5,5_1,Pericyte
B-416,all,31,12,531,2530,10,52021,0,0,0,0,0,B,11,Alveolar type 1 cell,43,12,6,6,6,AT1
B-417,all,56,28,404,3746,19,122383,0,0,0,0,0,B,6,Capillary 2 cell,53,28,5,5,5_3,Pericyte
B-418,all,38,21,1923,3404,32,78166,0,0,0,0,0,B,12,Alveolar type 2 cell,42,21,1,1,1_1,AT2
B-420,all,10,8,1875,3153,34,21592,0,0,0,0,0,B,4,Alveolar type 2 cell,31,8,1,1,1_1,AT2
B-421,all,56,13,1553,3572,31,56534,0,0,0,0,0,B,3,Alveolar type 1 cell,51,13,6,6,6,AT1
B-422,all,25,17,745,3657,27,81089,103,0,103,0,1,B,3,Alveolar fibroblast 1,45,17,2,2,2_1,Capillary
B-424,all,38,21,1588,3189,17,96899,0,0,0,0,0,B,2,Alveolar fibroblast 1,44,21,2,2,2_3,Vein
B-425,all,23,4,1324,1982,8,13361,0,0,0,0,0,B,22,Alveolar macrophage,43,4,1,1,1_1,AT2
B-426,all,30,22,793,2712,26,38280,0,0,0,0,0,B,6,Vascular smooth muscle cell,38,22,3,3,3_6,SCMF
B-428,all,32,18,905,2139,24,66131,0,0,0,0,0,B,5,Alveolar fibroblast 1,41,19,2,2,2_4,Artery
B-429,all,76,23,1090,2261,16,77886,0,0,0,0,0,B,16,Alveolar type 1 cell,54,23,6,6,6,AT1
B-431,all,11,5,1579,3721,41,23626,0,0,0,0,0,B,9,Sox9+/Id2+ epithelial cell,36,5,1,1,1_1,AT2
B-433,all,47,24,1832,3668,25,89058,0,0,0,0,0,B,11,CD8+ T cell,47,24,1,1,1_5_2,AlveolarFib
B-434,all,77,23,253,2869,38,58582,0,0,0,0,0,B,14,Alveolar type 1 cell,52,23,6,6,6,AT1
B-435,all,29,16,1257,3368,14,72362,0,0,0,0,0,B,2,Natural killer cell,41,17,2,2,2_2,InflamMac
B-436,all,10,9,363,2440,27,29527,0,0,0,0,0,B,2,Alveolar type 1 cell,29,9,6,6,6,AT1
B-437,all,54,31,830,3159,15,70006,0,0,0,0,0,B,16,Alveolar type 2 cell,53,31,8,8,8_2,InterstitialMac
B-440,all,30,5,1481,2043,8,17834,0,0,0,0,0,B,22,Sox9+/Id2+ epithelial cell,45,5,1,1,1_1,AT2
B-441,all,24,14,1024,3477,28,58513,0,0,0,0,0,B,4,Inflammatory monocyte,44,14,2,2,2_1,Capillary
B-442,all,30,18,311,2853,33,58674,0,0,0,0,0,B,7,Alveolar fibroblast 1,40,19,1,1,1_5_1,LymphaticEndo
B-443,all,23,12,1087,2048,35,16560,0,0,0,0,0,B,4,CD8+ T cell,44,12,6,6,6,AT1
B-444,all,21,11,142,3739,16,51232,0,0,0,0,0,B,3,Alveolar fibroblast 1,42,11,3,3,3_4,AdventitialFib
B-448,all,24,13,708,3243,27,65661,0,0,0,0,0,B,2,Natural killer cell,41,14,2,2,2_2,InflamMac
B-449,all,95,19,1556,2907,22,105685,0,0,0,0,0,B,74,Alveolar type 2 cell,55,19,1,1,1_3,AT2
B-454,all,30,15,1500,3611,14,69076,0,0,0,0,0,B,7,Venous endothelial cell,43,16,1,1,1_5_2,AlveolarFib
B-457,all,9,7,527,2002,7,22987,0,0,0,0,0,B,5,Alveolar fibroblast 1,32,8,3,3,3_1,SMC
B-459,all,18,12,835,2679,17,63285,0,0,0,0,0,B,6,Alveolar fibroblast 1,37,12,1,1,1_5_1,LymphaticEndo
B-462,all,84,20,385,3661,15,66285,131,0,131,0,1,B,69,Alveolar type 2 cell,55,20,1,1,1_1,AT2
B-463,all,100,23,323,2818,21,97756,0,0,0,0,0,B,84,Alveolar type 2 cell,56,19,1,1,1_1,AT2
B-464,all,44,11,905,3780,35,50070,0,0,0,0,0,B,36,Alveolar type 2 cell,46,11,1,1,1_3,AT2
B-465,all,57,30,1493,2010,25,72319,0,0,0,0,0,B,13,Alveolar fibroblast 1,55,30,1,1,1_5_1,LymphaticEndo
B-466,all,9,5,1605,3259,35,32378,0,0,0,0,0,B,2,Alveolar type 1 cell,32,5,6,6,6,AT1
B-467,all,15,11,1071,2135,33,36844,0,0,0,0,0,B,6,Arterial endothelial cell,34,12,2,2,2_4,Artery
B-469,all,61,14,942,2073,19,63565,52,0,52,0,1,B,52,Alveolar type 2 cell,52,14,1,1,1_3,AT2
B-470,all,32,23,866,3579,26,43779,0,0,0,0,0,B,4,Inflammatory monocyte,39,25,2,2,2_5,DC
B-471,all,13,9,636,2046,34,24155,0,0,0,0,0,B,3,Alveolar type 1 cell,32,9,6,6,6,AT1
B-472,all,25,17,429,2311,17,79493,0,0,0,0,0,B,11,Capillary 1 cell,45,17,5,5,5_1,Pericyte
B-473,all,63,18,1840,3782,31,68628,0,0,0,0,0,B,45,Alveolar type 2 cell,52,18,1,1,1_3,AT2
B-474,all,22,14,1495,3766,25,32292,0,0,0,0,0,B,5,Interstitial macrophage,38,14,8,8,8_3,InterstitialMac
B-475,all,12,9,1023,2683,30,31986,0,0,0,0,0,B,5,Arterial endothelial cell,31,9,2,2,2_4,Artery
B-476,all,33,18,1259,2005,14,67178,0,0,0,0,0,B,12,Alveolar fibroblast 1,41,20,2,2,2_4,Artery
B-478,all,39,21,1033,2643,18,107386,0,0,0,0,0,B,6,CD4+ T cell,42,20,2,2,2_1,Capillary
B-479,all,35,22,954,2172,30,48295,0,0,0,0,0,B,7,Arterial endothelial cell,42,22,2,2,2_4,Artery
B-480,all,46,9,914,2566,35,40923,0,0,0,0,0,B,39,Sox9+/Id2+ epithelial cell,47,9,1,1,1_3,AT2
B-483,all,29,21,524,2176,33,53077,0,0,0,0,0,B,4,Capillary 1 cell,37,21,2,2,2_1,Capillary
B-485,all,85,23,1131,2124,31,72498,0,0,0,0,0,B,16,Alveolar type 1 cell,56,23,6,6,6,AT1
B-488,all,27,18,270,2401,28,70068,0,0,0,0,0,B,9,CD8+ T cell,42,18,3,3,3_4,AdventitialFib
B-489,all,59,21,970,2958,33,59592,0,0,0,0,0,B,13,Alveolar type 1 cell,53,21,6,6,6,AT1
B-490,all,32,20,489,2947,34,71608,0,0,0,0,0,B,2,Neutrophil,38,20,1,1,1_6_2,Neutrophil
B-491,all,12,5,848,3395,8,17829,0,0,0,0,0,B,6,Alveolar type 1 cell,34,5,6,6,6,AT1
B-494,all,103,24,588,2491,21,102961,0,0,0,0,0,B,62,Alveolar type 1 cell,51,18,6,6,6,AT1
B-495,all,53,29,1401,2599,30,80949,0,0,0,0,0,B,8,Capillary 1 cell,53,29,2,2,2_1,Capillary
B-496,all,9,6,717,3040,37,19025,0,0,0,0,0,B,3,Alveolar type 1 cell,30,7,2,2,2_1,Capillary
B-498,all,55,23,1759,3471,15,82406,0,0,0,0,0,B,25,Alveolar fibroblast 1,52,23,2,2,2_4,Artery
B-502,all,13,9,1232,2133,9,17056,0,0,0,0,0,B,8,Pericyte,35,9,5,5,5_3,Pericyte
B-504,all,17,5,1077,2525,22,33719,0,0,0,0,0,B,12,Sox9+/Id2+ epithelial cell,41,5,1,1,1_1,AT2
B-506,all,28,16,914,3683,19,99735,0,0,0,0,0,B,12,Neutrophil,41,16,6,6,6,AT1
B-509,all,33,24,1162,2962,11,65997,0,0,0,0,0,B,7,Alveolar macrophage,40,25,2,2,2_1,Capillary
B-511,all,98,48,1222,2043,18,132760,0,0,0,0,0,B,22,Arterial endothelial cell,61,45,2,2,2_4,Artery
B-512,all,57,23,1784,3729,30,72544,0,0,0,0,0,B,5,Capillary 1 cell,54,23,2,2,2_1,Capillary
B-515,all,22,15,985,2009,18,48983,0,0,0,0,0,B,3,Alveolar fibroblast 1,41,15,2,2,2_6,pDC
B-516,all,41,13,1091,2624,9,72329,163,0,163,0,1,B,9,Arterial endothelial cell,45,14,2,2,2_1,Capillary
B-518,all,37,18,581,3454,24,70941,109,0,109,0,1,B,7,Neutrophil,41,18,7,7,7_4,PatrolMac
B-519,all,31,22,624,3536,18,73190,0,0,0,0,0,B,4,Capillary 1 cell,36,21,2,2,2_1,Capillary
B-521,all,31,18,1350,3632,13,44378,0,0,0,0,0,B,6,Alveolar type 1 cell,40,18,6,6,6,AT1
B-522,all,12,6,556,3443,20,50914,0,0,0,0,0,B,2,Endothelial progenitor cell,34,7,2,2,2_1,Capillary
B-523,all,15,9,193,2541,29,42659,0,0,0,0,0,B,4,B cell,36,9,9,9,9,Bcell
B-524,all,21,15,1608,3748,36,43394,0,0,0,0,0,B,5,Capillary 1 cell,41,15,2,2,2_1,Capillary
B-525,all,17,6,818,2795,11,41696,0,0,0,0,0,B,10,Alveolar fibroblast 1,39,6,1,1,1_1,AT2
B-526,all,36,25,399,2344,20,74170,0,0,0,0,0,B,7,Pericyte,39,25,5,5,5_1,Pericyte
B-528,all,40,12,918,2602,25,62767,0,0,0,0,0,B,30,Sox9+/Id2+ epithelial cell,45,12,1,1,1_1,AT2
B-531,all,29,16,1936,3618,17,97747,0,0,0,0,0,B,11,Pericyte,39,16,5,5,5_1,Pericyte
B-532,all,18,11,1782,3017,24,85056,0,0,0,0,0,B,2,Proliferative mesenchymal progenitor cell,34,11,1,1,1_5_1,LymphaticEndo
B-533,all,30,20,237,2655,29,45387,0,0,0,0,0,B,7,Alveolar fibroblast 1,38,20,2,2,2_1,Capillary
B-534,all,23,11,1147,3393,35,53602,0,0,0,0,0,B,7,Secondary crest myofibroblast,42,12,3,3,3_1,SMC
B-536,all,6,3,1393,3206,39,7818,0,0,0,0,0,B,4,Sox9+/Id2+ epithelial cell,30,5,1,1,1_1,AT2
B-539,all,39,15,1115,2064,35,29582,0,0,0,0,0,B,2,Alveolar type 1 cell,44,15,6,6,6,AT1
B-542,all,82,15,727,2307,33,71765,51,0,51,0,1,B,25,Alveolar type 1 cell,53,15,6,6,6,AT1
B-543,all,61,12,562,2694,38,26986,0,0,0,0,0,B,47,Alveolar type 2 cell,51,12,1,1,1_3,AT2
B-547,all,55,17,574,2016,20,69541,0,0,0,0,0,B,35,Alveolar type 2 cell,52,18,2,2,2_4,Artery
B-548,all,12,10,341,2953,9,37859,0,0,0,0,0,B,6,Venous endothelial cell,32,12,2,2,2_3,Vein
B-550,all,9,8,1852,3132,29,49514,0,0,0,0,0,B,2,Alveolar fibroblast 1,31,8,1,1,1_5_4,pDC
B-551,all,75,24,989,2821,23,71993,0,0,0,0,0,B,20,Alveolar type 1 cell,54,24,6,6,6,AT1
B-553,all,12,10,633,3237,34,34321,0,0,0,0,0,B,3,Capillary 1 cell,30,9,2,2,2_1,Capillary
B-557,all,42,22,1333,3535,30,78613,0,0,0,0,0,B,15,Alveolar fibroblast 1,44,22,1,1,1_5_1,LymphaticEndo
B-559,all,34,18,590,1990,15,42298,0,0,0,0,0,B,17,Sox9+/Id2+ epithelial cell,42,18,2,2,2_6,pDC
B-563,all,55,19,1061,2404,21,65368,0,0,0,0,0,B,11,Alveolar type 1 cell,52,19,6,6,6,AT1
B-564,all,17,14,534,2835,36,72636,0,0,0,0,0,B,2,Endothelial progenitor cell,38,14,2,2,2_1,Capillary
B-565,all,22,12,931,2637,11,51765,0,0,0,0,0,B,5,Alveolar fibroblast 1,44,13,2,2,2_4,Artery
B-570,all,25,14,700,2998,30,60010,0,0,0,0,0,B,8,Capillary 1 cell,44,14,2,2,2_1,Capillary
B-571,all,23,13,340,2417,27,42088,0,0,0,0,0,B,6,Alveolar type 1 cell,44,13,6,6,6,AT1
B-573,all,44,25,531,2580,20,85846,0,0,0,0,0,B,13,Arterial endothelial cell,49,26,1,1,1_4_3,AlveolarFib
B-574,all,17,11,1522,2086,25,9676,0,0,0,0,0,B,3,Inflammatory monocyte,35,13,2,2,2_5,DC
B-577,all,22,14,433,2835,31,65774,0,0,0,0,0,B,8,B cell,40,14,9,9,9,Bcell
B-581,all,30,19,500,3486,13,53107,114,0,114,0,1,B,4,Capillary 1 cell,40,19,2,2,2_1,Capillary
B-582,all,25,10,151,3695,16,34449,0,0,0,0,0,B,19,Alveolar type 2 cell,46,10,1,1,1_3,AT2
B-583,all,38,27,1458,3585,24,82410,0,0,0,0,0,B,7,Pericyte,41,27,5,5,5_3,Pericyte
B-586,all,13,11,182,2614,9,46938,0,0,0,0,0,B,3,CD8+ T cell,29,11,7,7,7_2,PatrolMac
B-588,all,71,33,1369,3466,31,86825,0,0,0,0,0,B,7,Inflammatory monocyte,57,33,7,7,7_2,PatrolMac
B-589,all,52,19,382,2277,30,84160,0,0,0,0,0,B,13,Alveolar type 1 cell,49,19,6,6,6,AT1
B-591,all,37,25,1588,3027,21,99982,0,0,0,0,0,B,6,Alveolar type 1 cell,42,24,2,2,2_1,Capillary
B-593,all,14,5,1586,3541,39,16285,0,0,0,0,0,B,3,Alveolar type 1 cell,39,5,6,6,6,AT1
B-596,all,11,7,552,2954,38,19414,0,0,0,0,0,B,2,Endothelial progenitor cell,35,8,2,2,2_1,Capillary
B-597,all,27,11,584,2514,34,26325,0,0,0,0,0,B,15,AT1/AT2,46,11,1,1,1_3,AT2
B-598,all,34,18,1547,3673,38,56442,0,0,0,0,0,B,5,Interstitial macrophage,43,18,6,6,6,AT1
B-600,all,14,8,791,2584,33,62354,0,0,0,0,0,B,2,Endothelial progenitor cell,34,8,2,2,2_1,Capillary
B-603,all,38,17,700,2072,30,73550,0,0,0,0,0,B,13,Alveolar fibroblast 1,44,17,6,6,6,AT1
B-605,all,19,13,552,3102,27,45484,0,0,0,0,0,B,14,Alveolar fibroblast 1,35,14,3,3,3_1,SMC
B-606,all,31,12,1410,3186,38,21541,0,0,0,0,0,B,20,Alveolar type 2 cell,43,12,1,1,1_3,AT2
B-607,all,11,8,1428,3325,29,16053,0,0,0,0,0,B,5,Sox9+/Id2+ epithelial cell,36,9,2,2,2_3,Vein
B-609,all,61,18,750,2074,34,61260,0,0,0,0,0,B,49,Alveolar type 2 cell,54,18,1,1,1_3,AT2
B-611,all,21,12,1371,3309,38,36186,0,0,0,0,0,B,5,Capillary 1 cell,41,12,2,2,2_1,Capillary
B-613,all,27,11,615,3161,30,34349,0,0,0,0,0,B,10,Alveolar type 1 cell,43,11,6,6,6,AT1
B-614,all,11,6,1837,2953,12,25326,0,0,0,0,0,B,5,Proliferative mesenchymal progenitor cell,31,7,3,3,3_1,SMC
B-615,all,41,23,1114,2520,19,63383,0,0,0,0,0,B,21,Pericyte,44,23,5,5,5_1,Pericyte
B-618,all,26,21,1718,3726,14,70855,0,0,0,0,0,B,3,Inflammatory monocyte,40,23,2,2,2_5,DC
B-620,all,40,24,1463,3799,18,70551,0,0,0,0,0,B,5,Interstitial macrophage,42,24,8,8,8_2,InterstitialMac
B-621,all,33,22,857,3537,23,55048,0,0,0,0,0,B,9,Alveolar fibroblast 1,40,23,2,2,2_4,Artery
B-623,all,48,20,1002,2711,23,75808,0,0,0,0,0,B,16,Alveolar type 1 cell,48,20,6,6,6,AT1
B-624,all,74,12,963,2056,21,65751,0,0,0,0,0,B,64,Alveolar type 2 cell,52,12,1,1,1_3,AT2
B-627,all,57,31,1228,2567,28,116697,0,0,0,0,0,B,8,Alveolar fibroblast 1,53,32,2,2,2_4,Artery
B-630,all,73,21,177,3005,19,123118,0,0,0,0,0,B,51,Alveolar type 2 cell,54,22,3,3,3_1,SMC
B-631,all,25,20,1257,2140,11,33093,0,0,0,0,0,B,4,Arterial endothelial cell,41,21,2,2,2_4,Artery
B-633,all,11,10,1554,3508,39,26025,0,0,0,0,0,B,3,Proliferative mesenchymal progenitor cell,31,10,2,2,2_1,Capillary
B-634,all,76,24,249,2261,21,112166,0,0,0,0,0,B,43,Alveolar fibroblast 1,53,24,1,1,1_5_1,LymphaticEndo
B-636,all,20,13,1491,3570,29,48514,0,0,0,0,0,B,7,Pericyte,39,13,5,5,5_1,Pericyte
B-640,all,57,20,1306,3571,16,70109,0,0,0,0,0,B,21,Alveolar type 1 cell,52,20,6,6,6,AT1
B-641,all,42,25,105,2256,16,71309,0,0,0,0,0,B,9,CD4+ T cell,43,24,2,2,2_1,Capillary
B-644,all,13,6,1917,3580,39,14968,0,0,0,0,0,B,2,Arterial endothelial cell,40,8,2,2,2_4,Artery
B-645,all,34,16,1118,2321,36,59522,0,0,0,0,0,B,17,Pericyte,41,16,5,5,5_1,Pericyte
B-646,all,21,14,1524,2027,10,30081,0,0,0,0,0,B,10,Capillary 1 cell,43,16,2,2,2_5,DC
B-648,all,19,18,1889,3337,22,64071,0,0,0,0,0,B,6,Alveolar fibroblast 1,38,19,2,2,2_3,Vein
B-650,all,34,24,990,2161,33,42125,0,0,0,0,0,B,5,Arterial endothelial cell,40,24,2,2,2_4,Artery
B-653,all,39,18,1796,3786,21,72364,0,0,0,0,0,B,22,Pericyte,43,18,5,5,5_1,Pericyte
B-654,all,94,41,1712,2946,22,131416,0,0,0,0,0,B,35,Alveolar type 2 cell,64,42,2,2,2_2,InflamMac
B-660,all,29,21,988,1966,36,40876,0,0,0,0,0,B,2,Inflammatory monocyte,37,23,2,2,2_5,DC
B-662,all,50,24,1060,2170,30,63879,0,0,0,0,0,B,9,Arterial endothelial cell,48,24,2,2,2_1,Capillary
B-666,all,19,11,307,2462,36,36351,0,0,0,0,0,B,7,Arterial endothelial cell,42,13,2,2,2_4,Artery
B-668,all,15,12,892,3502,8,19192,0,0,0,0,0,B,5,Pericyte,33,12,5,5,5_1,Pericyte
B-669,all,15,6,1150,3344,41,22899,0,0,0,0,0,B,11,Alveolar type 2 cell,38,6,1,1,1_1,AT2
B-670,all,34,18,441,2654,33,84785,0,0,0,0,0,B,7,Capillary 1 cell,44,18,6,6,6,AT1
B-675,all,17,11,1083,2306,9,24655,0,0,0,0,0,B,10,Pericyte,33,11,5,5,5_3,Pericyte
B-678,all,30,18,785,3202,10,30473,0,0,0,0,0,B,12,B cell,39,18,9,9,9,Bcell
B-681,all,33,16,805,2756,32,46953,0,0,0,0,0,B,5,Sox9+/Id2+ epithelial cell,44,17,2,2,2_1,Capillary
B-682,all,42,23,847,3221,27,59203,0,0,0,0,0,B,17,Sox9+/Id2+ epithelial cell,44,23,5,5,5_1,Pericyte
B-687,all,16,7,949,2461,38,12316,0,0,0,0,0,B,4,Alveolar type 1 cell,37,7,6,6,6,AT1
B-690,all,89,30,956,2132,25,94014,0,0,0,0,0,B,19,Arterial endothelial cell,58,29,6,6,6,AT1
B-696,all,36,19,812,3222,20,78600,0,0,0,0,0,B,19,B cell,40,19,5,5,5_1,Pericyte
B-699,all,18,5,593,2464,38,19975,0,0,0,0,0,B,4,Alveolar type 1 cell,38,5,6,6,6,AT1
B-704,all,20,13,520,2328,40,19281,0,0,0,0,0,B,3,Capillary 1 cell,41,14,2,2,2_1,Capillary
B-706,all,20,11,1468,3181,27,26085,0,0,0,0,0,B,10,Interstitial macrophage,38,11,8,8,8_3,InterstitialMac
B-707,all,13,4,1530,1993,35,22546,0,0,0,0,0,B,12,Inflammatory monocyte,39,6,2,2,2_5,DC
B-712,all,7,4,739,2410,41,10549,0,0,0,0,0,B,4,Alveolar type 1 cell,27,6,6,6,6,AT1
B-713,all,14,13,1328,3639,13,36468,0,0,0,0,0,B,2,Alveolar type 1 cell,31,13,6,6,6,AT1
B-717,all,28,18,471,4931,26,75406,0,0,0,0,0,B,3,Alveolar fibroblast 1,36,19,2,2,2_3,Vein
B-718,all,25,16,757,4031,13,62968,0,0,0,0,0,B,5,Pericyte,47,16,5,5,5_3,Pericyte
B-719,all,13,10,1075,4740,10,48612,0,0,0,0,0,B,4,Alveolar fibroblast 1,34,11,2,2,2_4,Artery
B-720,all,38,25,746,5131,24,82973,0,0,0,0,0,B,11,Alveolar macrophage,40,25,8,8,8_1,AlveolarMac
B-721,all,83,16,1496,4944,22,70662,0,0,0,0,0,B,70,Alveolar type 2 cell,53,16,1,1,1_1,AT2
B-723,all,23,21,604,4869,32,59452,0,0,0,0,0,B,4,Sox9+/Id2+ epithelial cell,41,21,7,7,7_2,PatrolMac
B-725,all,18,15,1863,3916,37,44471,0,0,0,0,0,B,3,Capillary 1 cell,36,15,2,2,2_3,Vein
B-727,all,20,13,1200,4974,33,65456,0,0,0,0,0,B,3,Alveolar fibroblast 1,42,14,2,2,2_4,Artery
B-728,all,22,18,371,5030,23,81006,0,0,0,0,0,B,4,Capillary 1 cell,41,17,2,2,2_1,Capillary
B-729,all,68,14,921,4058,17,74572,0,0,0,0,0,B,3,Natural killer cell,55,14,7,7,7_2,PatrolMac
B-730,all,36,23,1333,4903,10,55433,0,0,0,0,0,B,5,Endothelial progenitor cell,42,23,2,2,2_1,Capillary
B-733,all,31,21,1856,5150,27,55069,0,0,0,0,0,B,7,Alveolar macrophage,41,21,8,8,8_2,InterstitialMac
B-735,all,34,22,547,4734,11,66114,0,0,0,0,0,B,2,Alveolar type 2 cell,41,23,2,2,2_2,InflamMac
B-736,all,128,34,34,5399,20,88710,0,0,0,0,0,B,18,Alveolar type 1 cell,48,19,6,6,6,AT1
B-738,all,41,13,796,5402,34,39696,0,0,0,0,0,B,31,Alveolar type 2 cell,45,13,1,1,1_3,AT2
B-740,all,59,40,278,4067,12,95472,0,0,0,0,0,B,4,CD8+ T cell,57,40,7,7,7_2,PatrolMac
B-741,all,50,25,1125,5380,25,83708,227,227,0,1,0,B,14,Pericyte,50,25,5,5,5_1,Pericyte
B-742,all,25,16,1422,4826,9,36195,0,0,0,0,0,B,13,Pericyte,45,16,5,5,5_1,Pericyte
B-743,all,41,22,1509,4199,33,79602,0,0,0,0,0,B,15,B cell,43,22,9,9,9,Bcell
B-744,all,54,7,1036,4467,18,62508,0,0,0,0,0,B,52,Alveolar type 2 cell,49,7,1,1,1_3,AT2
B-746,all,24,14,740,5692,26,53386,0,0,0,0,0,B,6,Pericyte,39,15,1,1,1_4_1,AlveolarFib
B-750,all,121,22,1126,5013,18,95057,0,0,0,0,0,B,99,Alveolar type 2 cell,46,9,1,1,1_1,AT2
B-751,all,36,21,19,5500,26,83691,0,0,0,0,0,B,17,Pericyte,40,21,5,5,5_1,Pericyte
B-754,all,39,25,714,4599,29,86650,0,0,0,0,0,B,8,B cell,41,25,9,9,9,Bcell
B-757,all,99,23,1073,5282,34,69666,0,0,0,0,0,B,71,Alveolar type 2 cell,53,20,1,1,1_3,AT2
B-758,all,9,6,846,3977,13,50884,307,0,307,0,1,B,4,Sox9+/Id2+ epithelial cell,32,7,1,1,1_1,AT2
B-760,all,89,17,61,5464,12,75584,0,0,0,0,0,B,76,Alveolar type 2 cell,54,17,1,1,1_3,AT2
B-761,all,42,20,145,4564,17,78264,0,0,0,0,0,B,12,Capillary 1 cell,44,19,2,2,2_1,Capillary
B-763,all,23,16,73,5153,32,70937,0,0,0,0,0,B,6,B cell,42,16,9,9,9,Bcell
B-764,all,13,10,204,5715,8,25559,0,0,0,0,0,B,4,Capillary 1 cell,32,10,2,2,2_3,Vein
B-765,all,68,35,1923,5187,17,82339,0,0,0,0,0,B,10,Arterial endothelial cell,55,35,2,2,2_4,Artery
B-766,all,40,24,1659,3964,19,86429,0,0,0,0,0,B,8,Inflammatory monocyte,42,24,7,7,7_2,PatrolMac
B-768,all,31,17,838,5704,32,48130,0,0,0,0,0,B,6,CD8+ T cell,41,18,2,2,2_2,InflamMac
B-769,all,32,17,908,5613,14,45887,0,0,0,0,0,B,3,Alveolar macrophage,41,17,1,1,1_2_3,Tcell (CD4)
B-770,all,20,10,1771,5050,6,39483,0,0,0,0,0,B,4,Capillary 2 cell,42,10,2,2,2_6,pDC
B-771,all,24,15,1491,3854,32,54735,0,0,0,0,0,B,4,Alveolar fibroblast 2,42,15,3,3,3_3,AdventitialFib
B-772,all,11,7,1298,4979,10,32260,0,0,0,0,0,B,4,Sox9+/Id2+ epithelial cell,25,8,1,1,1_6_2,Neutrophil
B-774,all,51,34,958,5397,15,102737,0,0,0,0,0,B,7,Capillary 1 cell,51,34,2,2,2_1,Capillary
B-775,all,7,5,1742,5707,29,69000,0,0,0,0,0,B,3,Proliferative mesenchymal progenitor cell,24,7,3,3,3_1,SMC
B-776,all,11,7,1905,4133,30,28306,0,0,0,0,0,B,5,Capillary 1 cell,30,7,5,5,5_1,Pericyte
B-777,all,37,23,807,5106,30,69486,0,0,0,0,0,B,13,Alveolar fibroblast 1,43,24,2,2,2_4,Artery
B-778,all,22,16,1125,4739,10,30640,0,0,0,0,0,B,4,Alveolar fibroblast 1,45,17,3,3,3_5,SMC
B-779,all,13,12,852,5550,36,51715,0,0,0,0,0,B,2,Pericyte,34,12,3,3,3_4,AdventitialFib
B-781,all,80,38,464,4339,31,125814,0,0,0,0,0,B,12,Alveolar macrophage,56,38,8,8,8_1,AlveolarMac
B-783,all,16,14,769,5556,21,42911,0,0,0,0,0,B,3,Alveolar fibroblast 1,33,15,2,2,2_3,Vein
B-784,all,39,11,926,5072,30,48229,0,0,0,0,0,B,2,Alveolar type 1 cell,46,11,6,6,6,AT1
B-786,all,64,25,1535,5421,23,93683,0,0,0,0,0,B,20,Alveolar macrophage,52,25,8,8,8_1,AlveolarMac
B-789,all,108,23,114,5260,15,94133,0,0,0,0,0,B,19,Alveolar type 1 cell,52,16,6,6,6,AT1
B-790,all,30,22,1733,5122,29,77750,0,0,0,0,0,B,7,B cell,35,22,9,9,9,Bcell
B-795,all,37,24,1781,4919,16,73394,0,0,0,0,0,B,8,B cell,42,24,9,9,9,Bcell
B-796,all,33,17,1461,4897,33,68665,0,0,0,0,0,B,4,Capillary 1 cell,42,18,2,2,2_1,Capillary
B-798,all,111,33,159,5522,21,106539,0,0,0,0,0,B,9,Alveolar type 1 cell,49,17,6,6,6,AT1
B-799,all,17,13,1652,5371,12,53319,0,0,0,0,0,B,7,Capillary 1 cell,36,13,5,5,5_1,Pericyte
B-803,all,24,15,954,3811,17,82618,0,0,0,0,0,B,4,Inflammatory monocyte,44,17,2,2,2_5,DC
B-805,all,107,19,1437,5068,34,73401,0,0,0,0,0,B,86,Alveolar type 2 cell,53,15,1,1,1_3,AT2
B-808,all,49,21,1898,5305,26,91001,0,0,0,0,0,B,8,Arterial endothelial cell,49,21,2,2,2_4,Artery
B-809,all,28,19,1225,3834,30,76206,0,0,0,0,0,B,4,CD8+ T cell,39,20,2,2,2_2,InflamMac
B-813,all,23,13,691,5023,8,39939,0,0,0,0,0,B,5,Alveolar fibroblast 1,42,14,3,3,3_1,SMC
B-814,all,32,23,1701,4850,24,69724,0,0,0,0,0,B,6,Alveolar type 1 cell,39,23,6,6,6,AT1
B-815,all,26,18,992,4364,28,94405,0,0,0,0,0,B,3,Alveolar type 2 cell,47,19,2,2,2_2,InflamMac
B-818,all,92,38,245,5333,23,101732,0,0,0,0,0,B,19,Inflammatory monocyte,62,37,6,6,6,AT1
B-820,all,23,13,438,4783,36,49531,0,0,0,0,0,B,8,Pericyte,40,13,5,5,5_1,Pericyte
B-823,all,22,16,243,5561,35,52758,0,0,0,0,0,B,3,Arterial endothelial cell,43,16,3,3,3_4,AdventitialFib
B-826,all,78,19,113,4620,17,84101,0,0,0,0,0,B,55,Alveolar type 2 cell,52,19,1,1,1_1,AT2
B-827,all,36,22,327,3951,15,91807,0,0,0,0,0,B,9,Arterial endothelial cell,41,22,7,7,7_2,PatrolMac
B-829,all,26,18,975,4468,22,90763,0,0,0,0,0,B,8,Sox9+/Id2+ epithelial cell,46,18,6,6,6,AT1
B-833,all,28,18,241,4017,7,55904,0,0,0,0,0,B,11,Arterial endothelial cell,36,19,2,2,2_4,Artery
B-834,all,29,16,1576,5620,16,90718,0,0,0,0,0,B,12,Alveolar type 2 cell,40,17,2,2,2_2,InflamMac
B-835,all,98,20,1475,4239,20,93619,0,0,0,0,0,B,82,Alveolar type 2 cell,55,18,1,1,1_3,AT2
B-836,all,70,27,1527,4973,12,76902,0,0,0,0,0,B,22,Sox9+/Id2+ epithelial cell,54,28,2,2,2_2,InflamMac
B-838,all,36,21,1759,4958,20,96768,0,0,0,0,0,B,14,B cell,40,21,9,9,9,Bcell
B-839,all,54,29,874,4033,14,84264,0,0,0,0,0,B,10,Alveolar type 2 cell,53,29,3,3,3_4,AdventitialFib
B-842,all,13,10,1097,4678,13,45550,0,0,0,0,0,B,2,Arterial endothelial cell,35,10,2,2,2_4,Artery
B-843,all,38,20,1478,5548,24,84721,0,0,0,0,0,B,10,Arterial endothelial cell,43,22,2,2,2_4,Artery
B-845,all,30,16,1081,5402,35,61608,0,0,0,0,0,B,2,Pericyte,40,16,5,5,5_3,Pericyte
B-848,all,23,14,1892,5553,20,49550,0,0,0,0,0,B,3,Capillary 1 cell,40,14,2,2,2_3,Vein
B-849,all,122,21,1475,4839,21,100256,0,0,0,0,0,B,99,Alveolar type 2 cell,44,7,1,1,1_1,AT2
B-850,all,33,20,719,4981,35,43197,0,0,0,0,0,B,11,Alveolar type 2 cell,40,20,2,2,2_3,Vein
B-851,all,39,21,1324,5023,11,61235,0,0,0,0,0,B,5,Natural killer cell,43,21,7,7,7_2,PatrolMac
B-853,all,16,10,1555,5298,6,22096,0,0,0,0,0,B,6,CD8+ T cell,38,11,2,2,2_2,InflamMac
B-854,all,45,23,1137,3861,18,79139,0,0,0,0,0,B,7,Capillary 1 cell,43,22,2,2,2_1,Capillary
B-855,all,16,12,271,5360,40,22467,0,0,0,0,0,B,3,B cell,34,13,1,1,1_4_1,AlveolarFib
B-856,all,76,17,1694,5004,20,95218,0,0,0,0,0,B,61,Alveolar type 2 cell,53,17,1,1,1_3,AT2
B-859,all,72,27,1367,4009,32,70613,0,0,0,0,0,B,37,Alveolar type 2 cell,55,27,1,1,1_1,AT2
B-861,all,47,31,645,4924,19,103248,0,0,0,0,0,B,5,Inflammatory monocyte,47,31,2,2,2_3,Vein
B-863,all,13,10,778,5583,30,50025,0,0,0,0,0,B,2,Alveolar fibroblast 1,36,11,1,1,1_5_1,LymphaticEndo
B-866,all,51,27,837,5396,30,87576,0,0,0,0,0,B,16,Pericyte,51,27,5,5,5_1,Pericyte
B-868,all,22,15,303,4178,25,50038,0,0,0,0,0,B,10,Alveolar fibroblast 1,45,16,1,1,1_5_1,LymphaticEndo
B-869,all,18,14,1677,4909,17,64925,0,0,0,0,0,B,7,Pericyte,36,14,5,5,5_1,Pericyte
B-870,all,28,14,1907,4173,34,33165,0,0,0,0,0,B,5,Capillary 1 cell,44,14,2,2,2_1,Capillary
B-874,all,21,17,1269,4882,34,44459,0,0,0,0,0,B,4,Pericyte,39,17,5,5,5_1,Pericyte
B-876,all,29,13,949,4172,23,93846,0,0,0,0,0,B,9,Alveolar fibroblast 1,43,14,1,1,1_4_3,AlveolarFib
B-880,all,44,23,1069,3810,32,63905,0,0,0,0,0,B,16,Alveolar type 2 cell,45,23,7,7,7_3,Tcell (CD8)
B-881,all,37,21,1911,5493,24,98906,0,0,0,0,0,B,4,B cell,41,21,1,1,1_5_2,AlveolarFib
B-882,all,21,17,1285,4040,17,53719,0,0,0,0,0,B,3,Alveolar type 2 cell,42,17,1,1,1_3,AT2
B-885,all,9,6,387,4459,8,22501,0,0,0,0,0,B,4,Inflammatory monocyte,29,7,2,2,2_2,InflamMac
B-887,all,59,21,1164,4711,19,66338,0,0,0,0,0,B,15,Alveolar type 1 cell,54,21,6,6,6,AT1
B-889,all,35,15,1132,4654,16,57927,0,0,0,0,0,B,9,Alveolar type 1 cell,44,15,6,6,6,AT1
B-890,all,34,19,1499,5405,29,74151,0,0,0,0,0,B,6,Capillary 1 cell,43,19,2,2,2_6,pDC
B-892,all,29,13,114,3838,26,77529,0,0,0,0,0,B,3,Capillary 2 cell,42,13,2,2,2_1,Capillary
B-893,all,56,23,388,4416,12,56650,0,0,0,0,0,B,39,Pericyte,53,23,5,5,5_3,Pericyte
B-894,all,27,18,476,4979,19,45036,0,0,0,0,0,B,6,Alveolar fibroblast 1,45,17,1,1,1_5_1,LymphaticEndo
B-897,all,17,11,837,3933,12,44243,0,0,0,0,0,B,5,Neutrophil,39,12,2,2,2_2,InflamMac
B-900,all,7,5,1626,5344,18,36132,0,0,0,0,0,B,5,Pericyte,25,8,6,6,6,AT1
B-906,all,67,19,724,5455,6,47506,0,0,0,0,0,B,7,Alveolar type 1 cell,54,19,6,6,6,AT1
B-910,all,34,8,1053,3873,33,21744,0,0,0,0,0,B,28,Sox9+/Id2+ epithelial cell,44,8,1,1,1_3,AT2
B-911,all,63,31,799,5162,24,96047,0,0,0,0,0,B,5,Inflammatory monocyte,56,32,2,2,2_2,InflamMac
B-913,all,28,19,204,4505,36,103926,115,0,115,0,1,B,3,Capillary 1 cell,43,18,2,2,2_1,Capillary
B-914,all,38,14,1528,4901,23,98000,0,0,0,0,0,B,21,Sox9+/Id2+ epithelial cell,44,14,6,6,6,AT1
B-915,all,45,23,1297,5071,21,77968,0,0,0,0,0,B,5,Capillary 1 cell,45,23,2,2,2_1,Capillary
B-916,all,14,10,1618,5392,19,66522,0,0,0,0,0,B,2,Endothelial progenitor cell,33,12,2,2,2_1,Capillary
B-918,all,76,10,764,3821,17,71737,0,0,0,0,0,B,69,Alveolar type 2 cell,52,10,1,1,1_1,AT2
B-920,all,18,14,1797,4971,5,26342,0,0,0,0,0,B,2,CD8+ T cell,38,15,2,2,2_2,InflamMac
B-922,all,72,42,1638,4072,19,127399,107,107,0,1,0,B,17,B cell,54,42,7,7,7_2,PatrolMac
B-925,all,30,19,1479,3901,34,58580,0,0,0,0,0,B,4,Pericyte,38,19,5,5,5_1,Pericyte
B-926,all,17,10,797,4028,17,58428,0,0,0,0,0,B,2,Endothelial progenitor cell,34,10,2,2,2_3,Vein
B-928,all,61,27,740,4533,30,91919,0,0,0,0,0,B,13,B cell,53,28,2,2,2_2,InflamMac
B-933,all,35,24,442,4992,13,60796,0,0,0,0,0,B,5,Alveolar fibroblast 1,40,25,2,2,2_4,Artery
B-935,all,18,14,1041,4773,21,72284,0,0,0,0,0,B,6,Arterial endothelial cell,41,17,2,2,2_4,Artery
B-941,all,13,11,1581,3834,16,35101,0,0,0,0,0,B,3,Inflammatory monocyte,31,12,3,3,3_5,SMC
B-943,all,53,24,1349,5076,10,57729,0,0,0,0,0,B,3,Inflammatory monocyte,51,24,1,1,1_5_2,AlveolarFib
B-945,all,18,11,191,3920,18,79204,0,0,0,0,0,B,2,Endothelial progenitor cell,38,11,2,2,2_1,Capillary
B-946,all,76,34,776,5275,26,102791,0,0,0,0,0,B,5,Alveolar type 2 cell,57,35,2,2,2_2,InflamMac
B-947,all,22,7,883,5065,29,41916,0,0,0,0,0,B,5,Sox9+/Id2+ epithelial cell,43,7,6,6,6,AT1
B-948,all,90,30,1817,5184,23,145367,0,0,0,0,0,B,52,Pericyte,55,30,5,5,5_1,Pericyte
B-949,all,35,11,1611,5608,26,55846,0,0,0,0,0,B,26,Alveolar type 2 cell,44,11,1,1,1_3,AT2
B-951,all,23,4,1743,5280,5,17599,0,0,0,0,0,B,23,Alveolar type 2 cell,44,4,1,1,1_3,AT2
B-953,all,6,5,1856,5248,5,10878,0,0,0,0,0,B,3,Arterial endothelial cell,21,7,2,2,2_4,Artery
B-956,all,24,16,148,5265,16,51920,0,0,0,0,0,B,2,Natural killer cell,43,17,1,1,1_6_2,Neutrophil
B-958,all,42,26,1668,5044,19,94364,0,0,0,0,0,B,11,Inflammatory monocyte,44,25,2,2,2_1,Capillary
B-960,all,55,17,743,3862,24,80492,0,0,0,0,0,B,35,Alveolar type 2 cell,52,18,2,2,2_1,Capillary
B-961,all,56,11,1858,4024,26,74832,0,0,0,0,0,B,40,Sox9+/Id2+ epithelial cell,51,11,1,1,1_3,AT2
B-963,all,48,14,1492,5507,26,71083,118,0,118,0,1,B,23,Sox9+/Id2+ epithelial cell,48,14,1,1,1_1,AT2
B-966,all,31,17,667,4112,36,55961,0,0,0,0,0,B,7,Alveolar macrophage,41,17,8,8,8_1,AlveolarMac
B-974,all,27,16,1122,4886,10,55565,0,0,0,0,0,B,3,Capillary 2 cell,46,16,2,2,2_1,Capillary
B-975,all,50,25,91,4203,16,76135,0,0,0,0,0,B,9,Alveolar type 1 cell,49,25,6,6,6,AT1
B-980,all,17,13,1479,5111,34,45902,0,0,0,0,0,B,5,Pericyte,36,13,5,5,5_1,Pericyte
B-984,all,18,16,1524,5262,17,58822,0,0,0,0,0,B,4,B cell,37,16,9,9,9,Bcell
B-985,all,18,15,665,4890,30,48678,0,0,0,0,0,B,5,Alveolar type 2 cell,37,15,1,1,1_3,AT2
B-986,all,13,6,1902,5721,9,28741,0,0,0,0,0,B,5,Alveolar type 2 cell,39,6,1,1,1_1,AT2
B-988,all,14,3,901,5036,31,24699,0,0,0,0,0,B,3,Alveolar type 1 cell,40,3,6,6,6,AT1
B-991,all,27,19,1003,5094,24,99384,0,0,0,0,0,B,10,Pericyte,41,19,5,5,5_1,Pericyte
B-992,all,33,20,468,3870,29,95278,0,0,0,0,0,B,3,CD8+ T cell,40,20,7,7,7_2,PatrolMac
B-993,all,16,11,4,4567,27,28239,0,0,0,0,0,B,5,Interstitial macrophage,36,11,8,8,8_2,InterstitialMac
B-994,all,22,14,1720,4942,25,62416,0,0,0,0,0,B,11,Venous endothelial cell,45,15,1,1,1_5_1,LymphaticEndo
B-995,all,32,19,1751,5186,19,86561,0,0,0,0,0,B,5,Capillary 1 cell,38,18,2,2,2_1,Capillary
B-996,all,21,8,1460,5509,16,39805,0,0,0,0,0,B,14,Sox9+/Id2+ epithelial cell,43,8,1,1,1_1,AT2
B-997,all,27,16,369,4378,10,28503,0,0,0,0,0,B,14,Alveolar fibroblast 1,39,17,2,2,2_4,Artery
B-998,all,19,12,699,4293,14,36167,0,0,0,0,0,B,2,Arterial endothelial cell,38,12,2,2,2_4,Artery
B-1001,all,8,5,8,4122,37,22630,0,0,0,0,0,B,4,Pericyte,24,7,5,5,5_1,Pericyte
B-1002,all,14,8,1608,5320,16,33192,0,0,0,0,0,B,6,Pericyte,29,8,5,5,5_1,Pericyte
B-1005,all,20,14,189,5547,27,59433,0,0,0,0,0,B,7,Capillary 1 cell,39,14,6,6,6,AT1
B-1006,all,40,22,1853,5179,21,53574,0,0,0,0,0,B,19,Alveolar type 2 cell,42,22,3,3,3_4,AdventitialFib
B-1007,all,33,24,126,5408,10,101211,0,0,0,0,0,B,5,Venous endothelial cell,39,26,2,2,2_3,Vein
B-1011,all,16,14,1686,4949,26,40979,0,0,0,0,0,B,5,Interstitial macrophage,33,14,8,8,8_2,InterstitialMac
B-1013,all,10,7,1150,4647,21,19934,0,0,0,0,0,B,3,Alveolar type 1 cell,32,7,6,6,6,AT1
B-1017,all,19,7,1916,5401,35,49599,0,0,0,0,0,B,11,Sox9+/Id2+ epithelial cell,42,7,1,1,1_1,AT2
B-1020,all,29,19,720,5673,10,34540,0,0,0,0,0,B,5,Alveolar fibroblast 1,42,20,3,3,3_1,SMC
B-1024,all,28,19,746,5050,25,74761,0,0,0,0,0,B,5,Alveolar fibroblast 1,39,20,3,3,3_1,SMC
B-1025,all,34,23,197,5429,20,78030,0,0,0,0,0,B,8,Vascular smooth muscle cell,38,23,5,5,5_1,Pericyte
B-1026,all,35,6,1868,5657,12,48479,0,0,0,0,0,B,32,Alveolar type 2 cell,45,6,1,1,1_3,AT2
B-1027,all,28,16,1867,5214,18,49742,0,0,0,0,0,B,8,Alveolar type 2 cell,44,16,1,1,1_3,AT2
B-1029,all,12,8,575,4013,14,46185,0,0,0,0,0,B,3,B cell,28,8,9,9,9,Bcell
B-1031,all,56,26,1844,5374,25,133543,0,0,0,0,0,B,13,Vascular smooth muscle cell,54,26,3,3,3_6,SCMF
B-1032,all,38,19,37,5264,16,90515,0,0,0,0,0,B,3,B cell,46,20,2,2,2_2,InflamMac
B-1037,all,34,20,1465,3802,20,66686,0,0,0,0,0,B,4,Capillary 2 cell,43,20,8,8,8_2,InterstitialMac
B-1038,all,23,14,328,5152,10,36875,0,0,0,0,0,B,8,Venous endothelial cell,42,14,2,2,2_3,Vein
B-1042,all,86,43,736,5552,24,135137,0,0,0,0,0,B,15,Capillary 1 cell,60,43,3,3,3_2,SMC
B-1047,all,24,11,1564,5575,25,54550,0,0,0,0,0,B,12,Sox9+/Id2+ epithelial cell,45,11,1,1,1_1,AT2
B-1049,all,17,8,1728,4868,21,47898,0,0,0,0,0,B,8,Alveolar fibroblast 1,39,9,3,3,3_1,SMC
B-1050,all,16,11,283,5008,24,63777,0,0,0,0,0,B,2,CD8+ T cell,40,12,2,2,2_2,InflamMac
B-1052,all,31,17,1667,4083,27,60496,0,0,0,0,0,B,8,Alveolar fibroblast 1,42,18,2,2,2_4,Artery
B-1054,all,39,23,1741,4903,28,79886,0,0,0,0,0,B,18,T regulatory cell,41,24,3,3,3_1,SMC
B-1058,all,10,8,51,4015,26,46668,0,0,0,0,0,B,2,B cell,27,8,9,9,9,Bcell
B-1059,all,15,14,731,5171,30,38786,0,0,0,0,0,B,4,Mesothelial cell,31,14,3,3,3_4,AdventitialFib
B-1062,all,30,22,774,5078,27,62225,0,0,0,0,0,B,11,Sox9+/Id2+ epithelial cell,36,22,8,8,8_1,AlveolarMac
B-1065,all,8,8,1668,5602,41,10804,0,0,0,0,0,B,3,Pericyte,25,9,5,5,5_1,Pericyte
B-1066,all,33,22,1176,4464,30,65928,0,0,0,0,0,B,6,Alveolar macrophage,39,22,8,8,8_1,AlveolarMac
B-1068,all,26,15,1642,4956,34,53355,0,0,0,0,0,B,3,Arterial endothelial cell,40,17,2,2,2_4,Artery
B-1069,all,12,7,1813,5703,23,88468,0,0,0,0,0,B,2,CD4+ T cell,30,8,1,1,1_6_2,Neutrophil
B-1075,all,9,6,1726,5162,38,10956,0,0,0,0,0,B,2,Natural killer cell,33,7,2,2,2_2,InflamMac
B-1082,all,30,13,1134,4855,9,26806,0,0,0,0,0,B,4,Alveolar type 1 cell,42,13,6,6,6,AT1
B-1083,all,6,3,1485,4280,6,6022,0,0,0,0,0,B,4,Sox9+/Id2+ epithelial cell,34,4,1,1,1_1,AT2
B-1086,all,32,21,2657,333,33,67166,0,0,0,0,0,B,8,Alveolar fibroblast 1,40,22,1,1,1_5_1,LymphaticEndo
B-1087,all,7,4,2031,434,14,43002,0,0,0,0,0,B,5,Secondary crest myofibroblast,21,7,3,3,3_1,SMC
B-1088,all,23,6,2617,1310,39,28819,0,0,0,0,0,B,20,Sox9+/Id2+ epithelial cell,44,6,1,1,1_1,AT2
B-1090,all,13,7,3585,1331,34,30301,0,0,0,0,0,B,2,Arterial endothelial cell,35,8,2,2,2_4,Artery
B-1091,all,37,22,2160,495,23,108485,0,0,0,0,0,B,11,Alveolar type 1 cell,42,23,1,1,1_5_1,LymphaticEndo
B-1092,all,46,26,2972,887,26,78948,0,0,0,0,0,B,10,CD8+ T cell,48,27,2,2,2_2,InflamMac
B-1093,all,22,14,1961,605,25,68720,0,0,0,0,0,B,8,Alveolar type 1 cell,43,14,6,6,6,AT1
B-1094,all,16,12,3634,209,24,80890,0,0,0,0,0,B,4,Arterial endothelial cell,35,14,2,2,2_4,Artery
B-1096,all,11,6,2011,703,6,20776,0,0,0,0,0,B,2,Sox9+/Id2+ epithelial cell,33,7,2,2,2_1,Capillary
B-1098,all,17,11,3111,918,32,67715,0,0,0,0,0,B,6,B cell,34,11,9,9,9,Bcell
B-1099,all,9,9,3467,286,8,28401,0,0,0,0,0,B,2,Alveolar fibroblast 1,29,10,2,2,2_4,Artery
B-1100,all,32,18,2769,409,19,56179,0,0,0,0,0,B,13,Arterial endothelial cell,41,18,2,2,2_4,Artery
B-1101,all,26,15,2839,968,34,36421,0,0,0,0,0,B,2,Capillary 1 cell,45,15,2,2,2_3,Vein
B-1103,all,68,25,1948,1708,21,85459,0,0,0,0,0,B,21,Alveolar fibroblast 1,50,26,3,3,3_1,SMC
B-1104,all,56,21,2898,1883,14,71693,0,0,0,0,0,B,14,Alveolar type 1 cell,53,21,6,6,6,AT1
B-1105,all,55,16,3561,440,17,66052,0,0,0,0,0,B,8,Alveolar type 1 cell,51,16,6,6,6,AT1
B-1106,all,15,11,3056,1637,16,71131,0,0,0,0,0,B,7,Inflammatory monocyte,35,13,2,2,2_5,DC
B-1109,all,44,26,2764,276,15,84005,0,0,0,0,0,B,6,Alveolar fibroblast 1,45,25,1,1,1_5_1,LymphaticEndo
B-1110,all,24,17,2829,1425,26,73665,0,0,0,0,0,B,2,B cell,44,17,2,2,2_6,pDC
B-1111,all,65,15,2541,159,31,57589,0,0,0,0,0,B,54,Alveolar type 2 cell,52,16,3,3,3_5,SMC
B-1112,all,112,22,2194,1942,19,96992,0,0,0,0,0,B,87,Alveolar type 2 cell,47,10,1,1,1_1,AT2
B-1114,all,54,29,2997,266,19,103325,378,51,327,0.1349206,0.8650794,B,4,Neutrophil,54,30,1,1,1_4_1,AlveolarFib
B-1116,all,22,12,2257,1042,23,50676,0,0,0,0,0,B,12,Pericyte,41,12,5,5,5_1,Pericyte
B-1118,all,11,6,2305,546,27,45446,53,53,0,1,0,B,4,Alveolar fibroblast 1,27,6,8,8,8_1,AlveolarMac
B-1119,all,51,24,2564,1071,23,81673,0,0,0,0,0,B,13,T regulatory cell,51,24,7,7,7_4,PatrolMac
B-1121,all,30,14,2339,275,34,48920,0,0,0,0,0,B,6,Capillary 1 cell,43,14,2,2,2_1,Capillary
B-1122,all,7,7,2174,697,31,40686,0,0,0,0,0,B,2,Alveolar type 1 cell,23,10,6,6,6,AT1
B-1124,all,16,11,2985,1278,38,27424,0,0,0,0,0,B,4,B cell,36,12,3,3,3_5,SMC
B-1125,all,45,9,3012,890,29,78222,0,0,0,0,0,B,41,Alveolar type 2 cell,47,9,1,1,1_1,AT2
B-1127,all,6,5,3344,1606,32,54364,0,0,0,0,0,B,3,Inflammatory monocyte,22,8,5,5,5_3,Pericyte
B-1129,all,20,14,3087,13,18,58641,0,0,0,0,0,B,7,Capillary 2 cell,41,15,2,2,2_2,InflamMac
B-1131,all,64,23,2947,1269,20,78235,0,0,0,0,0,B,16,Alveolar type 1 cell,54,23,6,6,6,AT1
B-1132,all,6,6,2170,728,26,39651,0,0,0,0,0,B,2,Pericyte,20,9,5,5,5_1,Pericyte
B-1135,all,29,8,2978,138,25,72036,0,0,0,0,0,B,24,Alveolar type 2 cell,43,8,1,1,1_3,AT2
B-1136,all,49,28,2861,666,9,81343,0,0,0,0,0,B,15,B cell,49,28,5,5,5_3,Pericyte
B-1138,all,68,15,3237,1531,19,85572,0,0,0,0,0,B,12,Alveolar fibroblast 1,52,15,6,6,6,AT1
B-1141,all,15,13,2757,1144,36,42984,0,0,0,0,0,B,3,Arterial endothelial cell,40,15,2,2,2_4,Artery
B-1143,all,9,5,3586,587,38,31099,0,0,0,0,0,B,4,B cell,23,6,9,9,9,Bcell
B-1144,all,63,30,3011,110,22,84495,0,0,0,0,0,B,34,Pericyte,56,31,3,3,3_1,SMC
B-1145,all,15,10,3296,1688,12,65673,0,0,0,0,0,B,3,Sox9+/Id2+ epithelial cell,38,11,2,2,2_3,Vein
B-1148,all,29,9,2574,535,29,30445,0,0,0,0,0,B,22,Alveolar type 2 cell,42,9,1,1,1_1,AT2
B-1149,all,8,6,3216,868,36,52684,0,0,0,0,0,B,2,Innate lymphoid cell,29,7,6,6,6,AT1
B-1150,all,49,28,2930,451,16,90259,0,0,0,0,0,B,14,Pericyte,49,28,5,5,5_1,Pericyte
B-1154,all,8,6,2461,695,28,12068,0,0,0,0,0,B,2,Sox9+/Id2+ epithelial cell,25,7,3,3,3_6,SCMF
B-1155,all,27,16,3346,458,13,37245,0,0,0,0,0,B,9,Alveolar macrophage,41,16,8,8,8_1,AlveolarMac
B-1158,all,13,10,2003,95,20,74712,0,0,0,0,0,B,5,Alveolar fibroblast 1,27,10,1,1,1_5_4,pDC
B-1162,all,66,31,2402,1118,28,108229,0,0,0,0,0,B,9,B cell,55,31,9,9,9,Bcell
B-1165,all,29,7,2253,159,37,32621,0,0,0,0,0,B,21,Sox9+/Id2+ epithelial cell,45,7,1,1,1_1,AT2
B-1166,all,20,14,3420,675,22,91459,0,0,0,0,0,B,7,Pericyte,40,14,5,5,5_1,Pericyte
B-1168,all,30,20,3009,1788,31,69659,0,0,0,0,0,B,8,Alveolar type 1 cell,40,20,9,9,9,Bcell
B-1170,all,49,10,2065,412,21,87803,0,0,0,0,0,B,44,Alveolar type 2 cell,48,10,1,1,1_3,AT2
B-1174,all,28,20,2754,454,17,80383,0,0,0,0,0,B,9,Alveolar fibroblast 1,42,20,1,1,1_5_2,AlveolarFib
B-1175,all,9,5,2216,440,13,38369,0,0,0,0,0,B,5,Alveolar fibroblast 1,29,6,3,3,3_1,SMC
B-1176,all,17,9,3138,961,22,52186,1299,0,1299,0,1,B,2,B cell,29,9,9,9,9,Bcell
B-1177,all,51,21,2984,1033,21,111183,0,0,0,0,0,B,11,Capillary 1 cell,48,20,2,2,2_1,Capillary
B-1180,all,37,22,2579,217,17,80405,0,0,0,0,0,B,3,Capillary 1 cell,41,23,2,2,2_1,Capillary
B-1182,all,7,4,2498,836,10,11131,0,0,0,0,0,B,7,Pericyte,26,6,5,5,5_3,Pericyte
B-1184,all,16,8,2990,1607,34,61246,0,0,0,0,0,B,2,B cell,32,8,9,9,9,Bcell
B-1187,all,97,29,2946,214,25,132163,0,0,0,0,0,B,24,B cell,54,26,9,9,9,Bcell
B-1188,all,8,5,2319,318,12,23387,0,0,0,0,0,B,5,Alveolar fibroblast 1,28,6,1,1,1_4_3,AlveolarFib
B-1189,all,20,6,2250,589,36,41384,0,0,0,0,0,B,17,Alveolar type 2 cell,42,6,1,1,1_1,AT2
B-1193,all,25,13,2995,1669,26,87314,0,0,0,0,0,B,8,Capillary 1 cell,41,13,2,2,2_1,Capillary
B-1194,all,25,11,2394,575,19,71512,0,0,0,0,0,B,5,Capillary 1 cell,46,12,2,2,2_1,Capillary
B-1197,all,7,3,3255,1838,28,17405,0,0,0,0,0,B,6,Alveolar type 2 cell,33,5,1,1,1_1,AT2
B-1203,all,19,15,3538,591,37,64156,0,0,0,0,0,B,2,Mast cell,38,15,7,7,7_2,PatrolMac
B-1205,all,55,23,2815,1694,10,53793,0,0,0,0,0,B,24,Alveolar fibroblast 1,53,24,3,3,3_1,SMC
B-1206,all,50,25,2578,133,35,42947,0,0,0,0,0,B,25,Alveolar type 2 cell,49,25,1,1,1_3,AT2
B-1207,all,19,15,2856,1582,21,71543,0,0,0,0,0,B,4,B cell,37,15,7,7,7_2,PatrolMac
B-1208,all,14,7,2018,624,14,60873,0,0,0,0,0,B,7,Pericyte,30,7,5,5,5_1,Pericyte
B-1210,all,46,24,2903,130,18,89776,0,0,0,0,0,B,5,Inflammatory monocyte,46,24,3,3,3_6,SCMF
B-1213,all,14,11,3521,1410,27,32995,0,0,0,0,0,B,3,B cell,30,11,9,9,9,Bcell
B-1216,all,24,13,2373,973,13,53883,0,0,0,0,0,B,2,Arterial endothelial cell,43,13,2,2,2_4,Artery
B-1218,all,22,11,3353,1510,12,38136,0,0,0,0,0,B,5,Alveolar type 1 cell,42,11,6,6,6,AT1
B-1219,all,31,18,3296,1473,16,71713,0,0,0,0,0,B,8,Alveolar type 1 cell,43,18,6,6,6,AT1
B-1221,all,31,11,3600,542,29,74792,0,0,0,0,0,B,17,Alveolar type 2 cell,43,11,1,1,1_1,AT2
B-1227,all,7,5,3450,325,15,22010,0,0,0,0,0,B,3,Capillary 1 cell,29,7,2,2,2_3,Vein
B-1228,all,77,15,2010,212,30,93123,0,0,0,0,0,B,68,Alveolar type 2 cell,54,16,3,3,3_1,SMC
B-1235,all,39,8,1954,139,34,60987,0,0,0,0,0,B,33,Alveolar type 2 cell,46,8,1,1,1_3,AT2
B-1236,all,24,12,2281,917,19,43433,0,0,0,0,0,B,4,Alveolar fibroblast 1,41,13,2,2,2_4,Artery
B-1238,all,33,7,2488,701,35,36713,0,0,0,0,0,B,3,Endothelial progenitor cell,44,8,1,1,1_6_2,Neutrophil
B-1239,all,80,40,2170,1057,13,84855,106,0,106,0,1,B,18,Alveolar fibroblast 1,55,39,2,2,2_1,Capillary
B-1243,all,12,9,2531,1057,9,23714,114,0,114,0,1,B,4,Alveolar fibroblast 1,33,10,1,1,1_5_1,LymphaticEndo
B-1248,all,23,14,3084,861,16,119862,0,0,0,0,0,B,10,Alveolar fibroblast 1,43,15,3,3,3_1,SMC
B-1249,all,40,23,2581,718,12,65868,0,0,0,0,0,B,3,B cell,43,23,9,9,9,Bcell
B-1250,all,17,9,2295,329,9,24976,0,0,0,0,0,B,7,Alveolar fibroblast 1,37,10,2,2,2_4,Artery
B-1251,all,29,17,2198,381,25,79940,673,0,673,0,1,B,9,Alveolar fibroblast 1,40,18,3,3,3_1,SMC
B-1252,all,44,24,2183,947,21,90716,0,0,0,0,0,B,3,Mast cell,45,24,7,7,7_4,PatrolMac
B-1254,all,27,15,3466,190,28,50381,0,0,0,0,0,B,13,Alveolar type 2 cell,44,15,1,1,1_1,AT2
B-1256,all,45,29,2550,1376,27,77151,0,0,0,0,0,B,9,B cell,45,29,2,2,2_1,Capillary
B-1258,all,49,20,2909,1922,27,56177,0,0,0,0,0,B,3,Alveolar type 1 cell,49,20,6,6,6,AT1
B-1259,all,25,13,2539,1283,14,29234,0,0,0,0,0,B,11,Pericyte,46,13,5,5,5_1,Pericyte
B-1260,all,24,16,2390,430,27,59409,0,0,0,0,0,B,2,Endothelial progenitor cell,39,18,2,2,2_1,Capillary
B-1262,all,11,10,2415,453,35,39585,0,0,0,0,0,B,5,Alveolar fibroblast 1,29,11,2,2,2_1,Capillary
B-1263,all,26,14,2327,184,35,50523,0,0,0,0,0,B,7,Capillary 1 cell,45,14,2,2,2_1,Capillary
B-1266,all,20,16,2451,625,22,46157,0,0,0,0,0,B,3,Pericyte,40,17,3,3,3_2,SMC
B-1267,all,17,6,3470,891,33,26024,0,0,0,0,0,B,3,Alveolar type 1 cell,40,6,6,6,6,AT1
B-1268,all,62,23,2246,901,27,76394,0,0,0,0,0,B,9,Arterial endothelial cell,54,23,6,6,6,AT1
B-1270,all,13,10,2122,398,19,41486,0,0,0,0,0,B,6,Pericyte,31,10,5,5,5_3,Pericyte
B-1272,all,27,13,2136,645,34,71507,0,0,0,0,0,B,7,Alveolar type 1 cell,43,13,1,1,1_5_2,AlveolarFib
B-1273,all,8,6,2344,342,10,27738,0,0,0,0,0,B,2,Alveolar type 1 cell,31,8,2,2,2_1,Capillary
B-1274,all,8,7,2286,622,40,16956,0,0,0,0,0,B,2,Capillary 1 cell,34,9,2,2,2_1,Capillary
B-1275,all,18,9,2360,627,11,28945,0,0,0,0,0,B,6,AT1/AT2,36,9,6,6,6,AT1
B-1276,all,17,9,2345,498,34,47756,0,0,0,0,0,B,2,Mast cell,34,9,7,7,7_2,PatrolMac
B-1277,all,11,9,3488,1312,22,30591,0,0,0,0,0,B,2,Alveolar fibroblast 1,33,9,1,1,1_5_2,AlveolarFib
B-1278,all,26,19,3419,1732,33,71789,0,0,0,0,0,B,5,Alveolar type 1 cell,44,20,2,2,2_1,Capillary
B-1279,all,43,12,2927,1051,18,63716,0,0,0,0,0,B,36,Alveolar type 2 cell,46,12,1,1,1_1,AT2
B-1280,all,14,10,3579,863,29,71544,0,0,0,0,0,B,3,Natural killer cell,35,12,2,2,2_5,DC
B-1281,all,30,24,2410,1186,20,92187,0,0,0,0,0,B,7,Alveolar fibroblast 1,38,26,1,1,1_5_1,LymphaticEndo
B-1282,all,36,22,2139,324,28,96667,0,0,0,0,0,B,5,Capillary 1 cell,42,21,2,2,2_1,Capillary
B-1283,all,29,18,2440,726,31,56723,0,0,0,0,0,B,3,B cell,39,18,9,9,9,Bcell
B-1284,all,11,8,3628,763,19,87758,0,0,0,0,0,B,5,Pericyte,32,8,5,5,5_1,Pericyte
B-1288,all,27,12,2620,632,8,66583,0,0,0,0,0,B,3,Alveolar fibroblast 1,40,12,3,3,3_4,AdventitialFib
B-1289,all,6,5,2215,968,8,24580,0,0,0,0,0,B,4,Alveolar fibroblast 1,25,7,5,5,5_3,Pericyte
B-1293,all,25,11,3599,804,23,92228,0,0,0,0,0,B,13,Alveolar type 2 cell,46,11,1,1,1_1,AT2
B-1295,all,21,7,2183,414,20,50077,0,0,0,0,0,B,14,Secondary crest myofibroblast,41,8,3,3,3_1,SMC
B-1296,all,13,4,2012,454,20,26682,0,0,0,0,0,B,11,Secondary crest myofibroblast,31,5,3,3,3_1,SMC
B-1298,all,20,12,2461,81,32,50692,0,0,0,0,0,B,10,Alveolar fibroblast 1,40,13,3,3,3_1,SMC
B-1299,all,10,8,2347,373,36,14565,0,0,0,0,0,B,5,Pericyte,26,8,5,5,5_3,Pericyte
B-1302,all,32,21,2505,1175,15,66666,0,0,0,0,0,B,8,Capillary 1 cell,41,21,2,2,2_1,Capillary
B-1306,all,15,10,3126,1487,31,30805,0,0,0,0,0,B,4,Capillary 1 cell,36,9,2,2,2_1,Capillary
B-1307,all,62,27,2434,929,23,94855,0,0,0,0,0,B,33,Alveolar type 2 cell,55,27,5,5,5_3,Pericyte
B-1310,all,65,18,2213,806,27,102098,0,0,0,0,0,B,52,Vascular smooth muscle cell,53,18,3,3,3_2,SMC
B-1311,all,25,9,2494,665,35,27075,0,0,0,0,0,B,6,Alveolar type 1 cell,44,9,6,6,6,AT1
B-1314,all,41,8,2121,1946,18,25685,0,0,0,0,0,B,31,Alveolar type 2 cell,46,8,1,1,1_1,AT2
B-1315,all,62,30,2449,666,25,68815,0,0,0,0,0,B,11,Capillary 1 cell,55,30,7,7,7_2,PatrolMac
B-1316,all,27,15,2701,1898,24,80989,0,0,0,0,0,B,2,Capillary 1 cell,45,14,2,2,2_1,Capillary
B-1317,all,39,24,2916,1313,22,85052,0,0,0,0,0,B,15,Alveolar type 2 cell,43,24,5,5,5_3,Pericyte
B-1319,all,9,7,2214,560,34,53238,0,0,0,0,0,B,4,Pericyte,23,7,5,5,5_1,Pericyte
B-1322,all,25,9,2563,562,29,48801,0,0,0,0,0,B,19,Alveolar type 2 cell,45,9,1,1,1_1,AT2
B-1326,all,30,9,2846,521,10,30402,0,0,0,0,0,B,25,Alveolar type 2 cell,44,9,1,1,1_3,AT2
B-1327,all,16,10,3274,1883,30,49751,0,0,0,0,0,B,6,Pericyte,35,10,5,5,5_1,Pericyte
B-1330,all,13,7,3650,556,18,79739,0,0,0,0,0,B,2,Sox9+/Id2+ epithelial cell,33,7,1,1,1_3,AT2
B-1331,all,21,3,2856,1637,22,50616,0,0,0,0,0,B,18,Alveolar type 2 cell,43,3,1,1,1_1,AT2
B-1332,all,24,18,2810,1031,21,55544,0,0,0,0,0,B,5,Alveolar fibroblast 1,39,19,1,1,1_5_1,LymphaticEndo
B-1337,all,33,19,2863,596,24,83722,0,0,0,0,0,B,11,Alveolar type 2 cell,44,19,1,1,1_3,AT2
B-1339,all,29,11,2732,345,24,78896,0,0,0,0,0,B,2,Sox9+/Id2+ epithelial cell,43,12,1,1,1_4_1,AlveolarFib
B-1341,all,24,12,2036,158,23,57088,0,0,0,0,0,B,8,Pericyte,44,12,5,5,5_1,Pericyte
B-1344,all,24,13,1951,534,27,63345,0,0,0,0,0,B,7,Alveolar type 1 cell,43,14,3,3,3_1,SMC
B-1345,all,21,12,2276,564,25,60212,0,0,0,0,0,B,10,Alveolar macrophage,37,12,8,8,8_1,AlveolarMac
B-1346,all,14,7,2505,596,38,36846,0,0,0,0,0,B,2,Arterial endothelial cell,32,8,2,2,2_4,Artery
B-1353,all,16,13,2228,483,23,64565,0,0,0,0,0,B,4,Capillary 1 cell,34,13,6,6,6,AT1
B-1357,all,43,17,2588,1276,21,100634,0,0,0,0,0,B,16,Sox9+/Id2+ epithelial cell,44,16,2,2,2_1,Capillary
B-1358,all,61,20,2216,1026,16,94911,0,0,0,0,0,B,42,Alveolar type 2 cell,54,20,1,1,1_3,AT2
B-1359,all,31,16,3237,912,22,85228,0,0,0,0,0,B,6,Capillary 2 cell,41,16,1,1,1_3,AT2
B-1362,all,30,14,2665,1356,23,92380,0,0,0,0,0,B,12,Sox9+/Id2+ epithelial cell,42,14,2,2,2_1,Capillary
B-1366,all,22,12,2864,1441,10,42576,0,0,0,0,0,B,3,Alveolar type 1 cell,39,12,6,6,6,AT1
B-1367,all,12,11,2293,375,30,41404,0,0,0,0,0,B,2,Sox9+/Id2+ epithelial cell,30,12,2,2,2_1,Capillary
B-1371,all,19,10,3564,1495,34,53251,0,0,0,0,0,B,4,Secondary crest myofibroblast,40,12,2,2,2_5,DC
B-1373,all,11,9,2551,598,39,20430,0,0,0,0,0,B,3,Pericyte,30,9,5,5,5_1,Pericyte
B-1375,all,35,9,2453,813,14,30617,0,0,0,0,0,B,25,Sox9+/Id2+ epithelial cell,44,9,1,1,1_1,AT2
B-1377,all,17,12,3484,1471,17,81907,0,0,0,0,0,B,10,Alveolar fibroblast 1,37,13,2,2,2_4,Artery
B-1378,all,17,11,3505,422,23,41243,0,0,0,0,0,B,6,Pericyte,37,11,5,5,5_1,Pericyte
B-1381,all,15,8,2504,1064,9,26757,0,0,0,0,0,B,7,Alveolar fibroblast 1,37,9,2,2,2_4,Artery
B-1382,all,44,16,2819,499,19,63293,0,0,0,0,0,B,21,Alveolar type 2 cell,47,16,7,7,7_2,PatrolMac
B-1385,all,16,11,3163,884,35,65241,0,0,0,0,0,B,3,Alveolar fibroblast 1,38,11,1,1,1_5_1,LymphaticEndo
B-1387,all,28,12,2400,947,20,47592,0,0,0,0,0,B,13,Sox9+/Id2+ epithelial cell,42,12,1,1,1_1,AT2
B-1389,all,23,14,2142,365,25,60141,0,0,0,0,0,B,6,B cell,40,14,7,7,7_4,PatrolMac
B-1391,all,25,10,3324,1489,10,39830,0,0,0,0,0,B,7,Alveolar type 1 cell,44,10,6,6,6,AT1
B-1393,all,74,14,2719,424,21,80364,0,0,0,0,0,B,61,Alveolar type 2 cell,51,14,1,1,1_3,AT2
B-1395,all,30,15,2553,1134,13,93282,0,0,0,0,0,B,13,Pericyte,40,15,5,5,5_1,Pericyte
B-1400,all,19,10,2191,675,37,35508,0,0,0,0,0,B,3,Arterial endothelial cell,39,11,2,2,2_4,Artery
B-1404,all,33,20,2453,565,21,148257,0,0,0,0,0,B,12,Interstitial macrophage,44,20,8,8,8_3,InterstitialMac
B-1407,all,43,14,2469,795,12,39401,0,0,0,0,0,B,34,Alveolar type 2 cell,46,14,1,1,1_1,AT2
B-1416,all,7,5,2260,632,41,8969,0,0,0,0,0,B,3,Alveolar type 1 cell,26,7,6,6,6,AT1
B-1420,all,11,3,2745,1107,41,10524,0,0,0,0,0,B,10,Sox9+/Id2+ epithelial cell,35,3,1,1,1_1,AT2
B-1423,all,57,36,2293,874,32,102824,0,0,0,0,0,B,19,Vascular smooth muscle cell,57,36,3,3,3_6,SCMF
B-1425,all,12,11,2188,472,29,25438,0,0,0,0,0,B,2,B cell,35,11,2,2,2_6,pDC
B-1427,all,8,5,2196,994,27,34182,0,0,0,0,0,B,5,Sox9+/Id2+ epithelial cell,33,6,3,3,3_5,SMC
B-1428,all,43,9,3012,149,12,29210,0,0,0,0,0,B,36,Alveolar type 2 cell,46,9,1,1,1_1,AT2
B-1429,all,23,14,2557,1218,9,52922,0,0,0,0,0,B,5,Sox9+/Id2+ epithelial cell,46,15,2,2,2_1,Capillary
B-1430,all,18,6,1983,180,24,49738,0,0,0,0,0,B,12,Proliferative mesenchymal progenitor cell,39,7,3,3,3_1,SMC
B-1431,all,29,7,3288,1853,20,72582,0,0,0,0,0,B,25,Sox9+/Id2+ epithelial cell,43,8,2,2,2_1,Capillary
B-1434,all,14,10,2412,541,34,35323,0,0,0,0,0,B,3,Capillary 1 cell,33,10,2,2,2_3,Vein
B-1439,all,16,13,2167,1011,26,36102,0,0,0,0,0,B,5,Natural killer cell,37,14,3,3,3_2,SMC
B-1441,all,15,8,3501,1428,7,17579,0,0,0,0,0,B,8,Alveolar type 2 cell,35,8,1,1,1_3,AT2
B-1442,all,43,19,2956,1065,24,71547,0,0,0,0,0,B,23,Alveolar type 2 cell,46,19,1,1,1_3,AT2
B-1445,all,13,5,3242,1738,12,31310,0,0,0,0,0,B,7,Sox9+/Id2+ epithelial cell,39,5,1,1,1_1,AT2
B-1447,all,13,10,2155,414,18,45243,0,0,0,0,0,B,5,Secondary crest myofibroblast,29,11,3,3,3_1,SMC
B-1456,all,62,22,2594,3145,31,65302,0,0,0,0,0,B,22,B cell,54,22,9,9,9,Bcell
B-1457,all,91,41,2312,3351,22,96628,0,0,0,0,0,B,46,Arterial endothelial cell,61,40,1,1,1_4_1,AlveolarFib
B-1458,all,76,35,2095,3080,36,54880,0,0,0,0,0,B,18,Alveolar type 2 cell,57,36,3,3,3_5,SMC
B-1459,all,27,20,2273,2384,39,33644,0,0,0,0,0,B,3,Alveolar fibroblast 1,40,20,2,2,2_6,pDC
B-1460,all,73,33,2980,3253,35,32001,0,0,0,0,0,B,15,B cell,50,33,9,9,9,Bcell
B-1461,all,24,15,2209,2459,20,28605,0,0,0,0,0,B,5,Inflammatory monocyte,43,15,9,9,9,Bcell
B-1462,all,70,27,3097,2490,19,74119,0,0,0,0,0,B,20,Innate lymphoid cell,53,29,2,2,2_5,DC
B-1463,all,220,67,2306,3642,20,129741,0,0,0,0,0,B,40,Alveolar type 1 cell,51,33,6,6,6,AT1
B-1464,all,41,20,2230,2165,33,58938,0,0,0,0,0,B,14,Alveolar fibroblast 1,44,20,1,1,1_4_1,AlveolarFib
B-1465,all,106,25,3645,2268,31,52946,0,0,0,0,0,B,61,Alveolar fibroblast 1,58,23,1,1,1_4_3,AlveolarFib
B-1466,all,87,42,3280,3467,30,73848,0,0,0,0,0,B,16,CD4+ T cell,60,42,1,1,1_2_1,Tcell (CD4)
B-1468,all,93,29,1969,3550,35,51892,0,0,0,0,0,B,8,CD8+ T cell,58,29,6,6,6,AT1
B-1470,all,104,30,3150,3047,12,70444,0,0,0,0,0,B,31,Innate lymphoid cell,62,30,7,7,7_2,PatrolMac
B-1472,all,44,22,3388,2380,29,55402,0,0,0,0,0,B,21,Pericyte,44,22,5,5,5_3,Pericyte
B-1473,all,109,52,3280,3682,33,48363,0,0,0,0,0,B,41,Capillary 1 cell,65,50,4,4,4_1_1,CiliatedEpi
B-1474,all,440,92,3440,3604,25,99030,258800,70205,188595,0.2712713,0.7287287,B,217,Alveolar fibroblast 1,48,15,4,4,4_1_1,ClubEpi
B-1475,all,82,37,3126,2234,20,53146,0,0,0,0,0,B,26,Capillary 1 cell,61,38,2,2,2_1,Capillary
B-1476,all,83,49,2619,3628,29,66408,0,0,0,0,0,B,18,Pericyte,63,49,5,5,5_1,Pericyte
B-1477,all,98,40,2361,2540,23,102351,0,0,0,0,0,B,26,Pericyte,55,34,6,6,6,AT1
B-1479,all,23,10,2863,2764,5,19018,0,0,0,0,0,B,5,Natural killer cell,43,11,2,2,2_2,InflamMac
B-1480,all,102,39,2514,2466,27,76692,0,0,0,0,0,B,8,CD8+ T cell,57,35,2,2,2_2,InflamMac
B-1481,all,52,16,2592,2958,21,38147,0,0,0,0,0,B,35,Capillary 1 cell,50,16,2,2,2_3,Vein
B-1482,all,68,31,3351,3387,19,60802,0,0,0,0,0,B,5,Proliferative mesenchymal progenitor cell,57,31,3,3,3_3,AdventitialFib
B-1485,all,351,76,3332,3650,33,81179,55,55,0,1,0,B,162,Arterial endothelial cell,53,19,4,4,4_1_2,ClubEpi
B-1486,all,69,24,3415,2019,10,49517,0,0,0,0,0,B,30,CD8+ T cell,50,25,2,2,2_2,InflamMac
B-1488,all,74,24,3400,2069,24,79093,0,0,0,0,0,B,34,Pericyte,55,24,5,5,5_1,Pericyte
B-1489,all,263,80,3489,3595,25,100744,98440,2846,95594,0.02891101,0.971089,B,93,Alveolar fibroblast 1,48,23,4,4,4_1_1,ClubEpi
B-1490,all,37,11,2533,3602,36,18433,0,0,0,0,0,B,5,CD8+ T cell,44,12,2,2,2_2,InflamMac
B-1493,all,76,34,2678,3184,29,79638,0,0,0,0,0,B,12,B cell,55,34,7,7,7_4,PatrolMac
B-1495,all,64,30,2235,2478,14,61450,273,273,0,1,0,B,17,B cell,54,30,9,9,9,Bcell
B-1497,all,83,34,2289,3501,24,106551,0,0,0,0,0,B,11,B cell,59,34,2,2,2_2,InflamMac
B-1498,all,24,19,2939,2602,14,30857,0,0,0,0,0,B,6,Alveolar macrophage,44,19,1,1,1_5_2,AlveolarFib
B-1499,all,473,86,3277,3624,20,105569,4347,50,4297,0.01150219,0.9884978,B,241,Secretory cell,54,20,4,4,4_2,ClubEpi
B-1500,all,12,7,2890,2611,7,13573,0,0,0,0,0,B,4,Alveolar fibroblast 1,33,8,1,1,1_4_3,AlveolarFib
B-1501,all,155,45,3491,3520,22,82946,58595,50,58545,0.000853315,0.9991467,B,68,Arterial endothelial cell,59,33,4,4,4_1_2,CiliatedEpi
B-1503,all,69,19,3085,1955,24,58111,0,0,0,0,0,B,21,Alveolar type 1 cell,55,19,6,6,6,AT1
B-1504,all,141,42,3483,2510,31,81732,0,0,0,0,0,B,55,Alveolar fibroblast 2,51,21,3,3,3_3,AdventitialFib
B-1506,all,89,30,3746,2275,16,83538,0,0,0,0,0,B,14,Alveolar type 1 cell,57,30,1,1,1_4_1,AlveolarFib
B-1507,all,49,19,2724,2762,22,43703,0,0,0,0,0,B,7,CD4+ T cell,49,19,1,1,1_5_2,AlveolarFib
B-1508,all,92,41,2019,1959,21,117163,0,0,0,0,0,B,18,Alveolar fibroblast 1,60,40,2,2,2_1,Capillary
B-1511,all,34,20,2379,3207,29,60019,0,0,0,0,0,B,3,Alveolar fibroblast 1,41,20,1,1,1_5_4,pDC
B-1512,all,86,25,1969,3256,36,62084,0,0,0,0,0,B,11,B cell,58,26,2,2,2_2,InflamMac
B-1513,all,94,45,2624,3574,26,85550,0,0,0,0,0,B,21,Alveolar fibroblast 1,63,46,3,3,3_5,SMC
B-1514,all,47,23,2964,2024,34,45846,0,0,0,0,0,B,13,Capillary 2 cell,47,23,2,2,2_3,Vein
B-1515,all,122,46,3085,3383,30,76944,0,0,0,0,0,B,12,Alveolar fibroblast 1,46,25,3,3,3_4,AdventitialFib
B-1516,all,8,5,3599,2867,11,19790,0,0,0,0,0,B,5,Arterial endothelial cell,23,7,2,2,2_4,Artery
B-1517,all,65,34,3404,2699,32,38136,0,0,0,0,0,B,9,Arterial endothelial cell,56,36,2,2,2_4,Artery
B-1519,all,24,16,2702,3674,38,25633,0,0,0,0,0,B,2,Sox9+/Id2+ epithelial cell,42,16,2,2,2_3,Vein
B-1523,all,93,37,3419,2731,27,58088,0,0,0,0,0,B,10,Arterial endothelial cell,59,36,7,7,7_3,Tcell (CD8)
B-1526,all,136,52,2438,3454,34,91382,0,0,0,0,0,B,15,Alveolar fibroblast 1,47,27,2,2,2_2,InflamMac
B-1531,all,264,76,3775,3332,24,64728,210118,96684,115346,0.4559921,0.5440079,B,48,Endothelial progenitor cell,51,26,4,4,4_1_2,CiliatedEpi
B-1532,all,52,17,3185,2215,12,64302,0,0,0,0,0,B,39,Pericyte,50,17,5,5,5_1,Pericyte
B-1534,all,80,36,3307,3387,35,53629,0,0,0,0,0,B,19,Innate lymphoid cell,55,36,7,7,7_2,PatrolMac
B-1535,all,47,25,2977,3065,10,51552,0,0,0,0,0,B,3,Venous endothelial cell,47,25,3,3,3_4,AdventitialFib
B-1536,all,135,33,2597,3195,26,88994,0,0,0,0,0,B,45,B cell,53,18,7,7,7_4,PatrolMac
B-1538,all,29,16,2352,2603,8,30550,0,0,0,0,0,B,4,Capillary 1 cell,38,17,2,2,2_1,Capillary
B-1539,all,117,40,2125,3488,21,98186,0,0,0,0,0,B,36,Alveolar type 1 cell,47,22,6,6,6,AT1
B-1540,all,60,27,3754,2328,34,58410,0,0,0,0,0,B,2,Neutrophil,56,28,1,1,1_4_1,AlveolarFib
B-1541,all,22,13,2708,2611,39,26760,0,0,0,0,0,B,2,Sox9+/Id2+ epithelial cell,41,13,1,1,1_3,AT2
B-1542,all,109,44,3020,3199,32,61380,0,0,0,0,0,B,19,Alveolar fibroblast 1,57,33,2,2,2_1,Capillary
B-1543,all,133,44,2883,2985,18,78723,64,0,64,0,1,B,50,B cell,48,26,2,2,2_1,Capillary
B-1545,all,65,35,2829,3310,36,51880,0,0,0,0,0,B,14,Innate lymphoid cell,57,36,3,3,3_5,SMC
B-1546,all,25,12,3604,2391,40,18237,0,0,0,0,0,B,7,Interstitial macrophage,39,12,8,8,8_3,InterstitialMac
B-1548,all,25,14,2842,2726,28,26965,0,0,0,0,0,B,13,Alveolar type 1 cell,44,14,6,6,6,AT1
B-1550,all,22,12,3543,2219,34,36467,0,0,0,0,0,B,9,Alveolar fibroblast 1,44,13,1,1,1_4_1,AlveolarFib
B-1551,all,70,33,2171,3803,24,75646,0,0,0,0,0,B,3,Capillary 1 cell,54,33,2,2,2_3,Vein
B-1553,all,44,16,2758,2875,25,42370,0,0,0,0,0,B,19,Alveolar type 1 cell,47,16,6,6,6,AT1
B-1555,all,33,19,3765,2384,32,37199,0,0,0,0,0,B,22,Alveolar fibroblast 2,41,19,3,3,3_3,AdventitialFib
B-1556,all,29,14,2493,2508,36,36206,0,0,0,0,0,B,11,Ciliated cell,38,14,5,5,5_1,Pericyte
B-1557,all,37,15,3455,3446,33,13399,0,0,0,0,0,B,16,Capillary 1 cell,43,15,4,4,4_1_2,CiliatedEpi
B-1558,all,32,13,3634,2410,40,20969,0,0,0,0,0,B,4,Interstitial macrophage,40,13,8,8,8_1,AlveolarMac
B-1560,all,80,32,3617,2966,23,62983,0,0,0,0,0,B,27,Arterial endothelial cell,57,32,2,2,2_4,Artery
B-1562,all,16,10,2161,2331,13,36040,0,0,0,0,0,B,5,CD8+ T cell,37,10,6,6,6,AT1
B-1563,all,135,50,3498,2936,30,72244,0,0,0,0,0,B,16,Alveolar fibroblast 1,47,25,2,2,2_4,Artery
B-1564,all,174,61,3586,2969,20,82865,0,0,0,0,0,B,33,Arterial endothelial cell,54,33,2,2,2_4,Artery
B-1565,all,23,15,3470,2694,35,17134,0,0,0,0,0,B,13,Vascular smooth muscle cell,40,16,3,3,3_2,SMC
B-1566,all,85,40,3504,2750,35,47209,0,0,0,0,0,B,21,Arterial endothelial cell,61,40,2,2,2_4,Artery
B-1567,all,69,39,3365,2428,28,62765,0,0,0,0,0,B,25,Capillary 1 cell,56,40,3,3,3_2,SMC
B-1569,all,42,21,3652,2926,23,21946,0,0,0,0,0,B,9,Secondary crest myofibroblast,45,22,3,3,3_2,SMC
B-1570,all,93,37,2575,3499,15,73498,0,0,0,0,0,B,22,Sox9+/Id2+ epithelial cell,60,36,2,2,2_2,InflamMac
B-1571,all,22,14,2974,2568,24,29399,0,0,0,0,0,B,6,Alveolar fibroblast 1,41,15,3,3,3_1,SMC
B-1574,all,100,18,3258,2214,23,61136,0,0,0,0,0,B,80,Capillary 1 cell,53,17,2,2,2_1,Capillary
B-1575,all,323,45,3239,3650,17,66620,38815,1393,37748,0.03558928,0.9644107,B,235,B cell,54,6,4,4,4_2,ClubEpi
B-1577,all,62,30,2197,3397,27,56776,0,0,0,0,0,B,12,CD4+ T cell,56,31,1,1,1_4_3,AlveolarFib
B-1578,all,72,36,2766,3277,27,51190,0,0,0,0,0,B,11,Pericyte,57,36,5,5,5_3,Pericyte
B-1579,all,35,25,2665,3596,37,27584,0,0,0,0,0,B,2,Alveolar fibroblast 1,40,25,8,8,8_2,InterstitialMac
B-1580,all,145,49,3039,2904,13,74066,0,0,0,0,0,B,34,Alveolar fibroblast 2,51,25,3,3,3_3,AdventitialFib
B-1581,all,45,24,2304,2185,12,37175,0,0,0,0,0,B,8,Secondary crest myofibroblast,46,24,2,2,2_3,Vein
B-1582,all,52,18,2309,2616,13,37715,0,0,0,0,0,B,25,CD8+ T cell,50,18,2,2,2_6,pDC
B-1583,all,36,21,2893,2690,33,24429,0,0,0,0,0,B,10,Inflammatory monocyte,40,21,7,7,7_4,PatrolMac
B-1584,all,38,25,2024,2006,29,37777,0,0,0,0,0,B,9,Alveolar fibroblast 1,42,25,1,1,1_5_1,LymphaticEndo
B-1585,all,82,43,2926,3420,31,49079,0,0,0,0,0,B,12,Alveolar macrophage,59,43,8,8,8_1,AlveolarMac
B-1587,all,19,9,2214,2299,12,37838,0,0,0,0,0,B,5,Pericyte,38,9,5,5,5_1,Pericyte
B-1588,all,125,43,3574,3530,29,44105,75255,4713,74350,0.05961069,0.9403893,B,33,Endothelial progenitor cell,62,33,4,4,4_1_1,CiliatedEpi
B-1589,all,84,34,2858,2622,11,62995,0,0,0,0,0,B,13,Alveolar fibroblast 1,59,35,1,1,1_4_1,AlveolarFib
B-1591,all,161,64,2898,3232,21,107091,0,0,0,0,0,B,25,Alveolar type 2 cell,49,36,2,2,2_2,InflamMac
B-1592,all,367,82,3102,3784,26,91074,4968,6234,0,1,0,B,155,Venous endothelial cell,54,21,4,4,4_1_2,ClubEpi
B-1595,all,289,74,3751,3399,22,87882,29468,5619,23849,0.1906814,0.8093186,B,98,Endothelial progenitor cell,56,31,4,4,4_1_2,CiliatedEpi
B-1596,all,441,85,3650,3450,22,116390,415096,49158,366148,0.1183657,0.8816343,B,146,Alveolar fibroblast 1,51,21,4,4,4_1_1,ClubEpi
B-1598,all,67,29,2028,3550,19,66438,0,0,0,0,0,B,11,Venous endothelial cell,55,29,7,7,7_4,PatrolMac
B-1600,all,138,55,3569,2820,25,93435,0,0,0,0,0,B,25,Arterial endothelial cell,47,25,2,2,2_4,Artery
B-1601,all,14,3,2255,1967,6,6019,0,0,0,0,0,B,13,Sox9+/Id2+ epithelial cell,38,3,1,1,1_1,AT2
B-1602,all,21,11,2239,2285,32,27631,0,0,0,0,0,B,2,Alveolar fibroblast 1,38,10,2,2,2_1,Capillary
B-1603,all,110,34,2026,3091,22,97649,0,0,0,0,0,B,67,Sox9+/Id2+ epithelial cell,51,23,1,1,1_4_1,AlveolarFib
B-1604,all,60,28,2473,2875,36,58336,0,0,0,0,0,B,4,Endothelial progenitor cell,55,28,2,2,2_3,Vein
B-1605,all,44,17,2689,2969,31,30603,0,0,0,0,0,B,11,Natural killer cell,45,18,1,1,1_4_3,AlveolarFib
B-1606,all,141,45,3135,3316,21,84657,0,0,0,0,0,B,14,Interstitial macrophage,56,30,8,8,8_2,InterstitialMac
B-1609,all,57,32,2513,3068,15,59616,0,0,0,0,0,B,21,Proliferative mesenchymal progenitor cell,55,33,3,3,3_1,SMC
B-1611,all,15,9,3450,2673,32,15967,0,0,0,0,0,B,5,Secondary crest myofibroblast,31,9,3,3,3_2,SMC
B-1612,all,13,11,3711,2364,37,22107,0,0,0,0,0,B,3,Alveolar fibroblast 1,34,12,1,1,1_4_1,AlveolarFib
B-1613,all,24,15,3603,3040,37,15510,0,0,0,0,0,B,5,Pericyte,42,15,5,5,5_3,Pericyte
B-1614,all,21,11,3610,2278,38,16959,0,0,0,0,0,B,5,Alveolar fibroblast 1,41,12,1,1,1_5_1,LymphaticEndo
B-1615,all,117,29,3341,2086,18,71265,0,0,0,0,0,B,40,Alveolar type 1 cell,49,22,6,6,6,AT1
B-1617,all,145,41,3746,3308,16,46005,2025,0,2025,0,1,B,8,Inflammatory monocyte,53,23,3,3,3_5,SMC
B-1618,all,16,7,2930,2088,39,17571,0,0,0,0,0,B,3,Alveolar type 1 cell,38,7,6,6,6,AT1
B-1619,all,22,13,3363,2569,10,36549,0,0,0,0,0,B,5,Arterial endothelial cell,40,13,2,2,2_4,Artery
B-1620,all,66,28,2196,3446,22,59901,0,0,0,0,0,B,27,Alveolar macrophage,56,28,1,1,1_4_3,AlveolarFib
B-1621,all,31,21,3357,2618,24,30505,0,0,0,0,0,B,5,Vascular smooth muscle cell,40,21,3,3,3_2,SMC
B-1622,all,58,25,3442,2756,30,30883,0,0,0,0,0,B,9,Arterial endothelial cell,54,25,7,7,7_3,Tcell (CD8)
B-1623,all,43,18,2871,2709,33,28232,0,0,0,0,0,B,27,Alveolar fibroblast 1,46,19,3,3,3_5,SMC
B-1626,all,18,9,3219,2334,38,32363,0,0,0,0,0,B,3,Alveolar macrophage,35,9,1,1,1_2_3,Tcell (CD4)
B-1627,all,81,44,2296,3575,28,58131,0,0,0,0,0,B,25,Alveolar fibroblast 1,57,44,1,1,1_5_1,LymphaticEndo
B-1628,all,114,42,3290,3235,12,61697,0,0,0,0,0,B,25,Venous endothelial cell,47,23,3,3,3_3,AdventitialFib
B-1629,all,19,8,2745,2840,11,32709,0,0,0,0,0,B,11,Alveolar type 1 cell,38,8,6,6,6,AT1
B-1630,all,69,38,2758,3310,35,63213,0,0,0,0,0,B,29,Pericyte,60,38,5,5,5_1,Pericyte
B-1631,all,47,28,2980,2622,14,44897,0,0,0,0,0,B,11,Alveolar fibroblast 1,49,29,2,2,2_4,Artery
B-1632,all,176,53,3671,3487,35,61464,23383,3167,20006,0.1366677,0.8633323,B,30,Arterial endothelial cell,53,29,4,4,4_1_1,CiliatedEpi
B-1633,all,102,48,2244,3548,19,100024,0,0,0,0,0,B,7,Venous endothelial cell,61,42,2,2,2_3,Vein
B-1638,all,64,31,3613,2837,17,49821,0,0,0,0,0,B,14,Vascular smooth muscle cell,57,32,3,3,3_2,SMC
B-1640,all,39,23,3413,2655,37,26785,0,0,0,0,0,B,3,Alveolar fibroblast 1,43,25,2,2,2_4,Artery
B-1642,all,136,32,2908,2748,16,84963,0,0,0,0,0,B,13,Alveolar type 1 cell,53,22,6,6,6,AT1
B-1645,all,22,14,3464,2190,37,24122,0,0,0,0,0,B,14,Alveolar fibroblast 1,43,15,1,1,1_4_3,AlveolarFib
B-1646,all,48,32,3719,2961,34,47570,0,0,0,0,0,B,6,Capillary 1 cell,48,32,8,8,8_2,InterstitialMac
B-1648,all,64,27,3242,2462,26,38082,0,0,0,0,0,B,29,Alveolar fibroblast 2,58,27,3,3,3_3,AdventitialFib
B-1649,all,66,29,3363,2717,17,54238,0,0,0,0,0,B,26,Vascular smooth muscle cell,57,29,3,3,3_2,SMC
B-1654,all,34,20,2714,2795,21,46041,0,0,0,0,0,B,9,Capillary 1 cell,39,21,2,2,2_1,Capillary
B-1655,all,9,3,3295,2452,38,13541,0,0,0,0,0,B,5,Mesothelial cell,24,4,3,3,3_3,AdventitialFib
B-1659,all,175,48,2656,3675,33,80045,0,0,0,0,0,B,45,Alveolar type 1 cell,48,21,6,6,6,AT1
B-1661,all,18,11,2955,3578,40,21156,0,0,0,0,0,B,9,Alveolar fibroblast 1,35,11,3,3,3_4,AdventitialFib
B-1663,all,123,48,2262,2204,21,104378,0,0,0,0,0,B,44,CD8+ T cell,43,19,7,7,7_2,PatrolMac
B-1664,all,20,7,2085,2049,32,15431,0,0,0,0,0,B,18,Alveolar type 2 cell,42,7,1,1,1_3,AT2
B-1665,all,17,10,2162,2075,37,17109,0,0,0,0,0,B,3,Alveolar macrophage,35,10,1,1,1_2_3,Tcell (CD4)
B-1666,all,72,27,2081,1971,34,64366,0,0,0,0,0,B,8,Natural killer cell,56,27,7,7,7_3,Tcell (CD8)
B-1667,all,15,8,3513,2076,7,16952,0,0,0,0,0,B,4,Alveolar fibroblast 1,33,9,1,1,1_4_3,AlveolarFib
B-1668,all,19,13,3224,3480,38,12962,0,0,0,0,0,B,5,CD8+ T cell,38,14,2,2,2_2,InflamMac
B-1669,all,143,37,3669,2968,27,64525,0,0,0,0,0,B,32,Vascular smooth muscle cell,53,19,3,3,3_2,SMC
B-1672,all,24,11,3324,2471,11,33337,0,0,0,0,0,B,12,Vascular smooth muscle cell,41,12,3,3,3_2,SMC
B-1673,all,40,24,2666,3626,37,22739,0,0,0,0,0,B,7,Secondary crest myofibroblast,42,24,5,5,5_3,Pericyte
B-1674,all,83,34,2308,2571,17,70335,0,0,0,0,0,B,28,Inflammatory monocyte,60,35,2,2,2_2,InflamMac
B-1676,all,38,20,3117,2001,23,67112,0,0,0,0,0,B,5,Capillary 2 cell,42,20,2,2,2_2,InflamMac
B-1678,all,33,16,3512,2204,34,24867,0,0,0,0,0,B,15,B cell,46,16,9,9,9,Bcell
B-1680,all,50,19,2943,2559,18,49517,0,0,0,0,0,B,13,Alveolar fibroblast 1,51,20,3,3,3_5,SMC
B-1681,all,70,27,3021,3387,37,51318,0,0,0,0,0,B,31,CD4+ T cell,56,28,1,1,1_5_2,AlveolarFib
B-1682,all,34,20,2128,3457,11,35652,0,0,0,0,0,B,5,Sox9+/Id2+ epithelial cell,42,20,2,2,2_3,Vein
B-1685,all,15,6,3473,2086,5,14504,0,0,0,0,0,B,6,CD8+ T cell,32,7,2,2,2_2,InflamMac
B-1686,all,30,16,3494,3449,28,11986,4896,166,4842,0.03314696,0.966853,B,7,Ciliated cell,42,14,4,4,4_1_1,CiliatedEpi
B-1689,all,38,23,2377,3243,32,27549,0,0,0,0,0,B,9,Capillary 1 cell,41,23,2,2,2_3,Vein
B-1691,all,181,60,3401,3612,30,47087,3604,0,3604,0,1,B,98,Venous endothelial cell,48,19,4,4,4_1_2,ClubEpi
B-1693,all,69,28,3447,2908,18,53806,0,0,0,0,0,B,22,T regulatory cell,56,28,3,3,3_2,SMC
B-1694,all,86,43,2312,3547,24,61791,0,0,0,0,0,B,24,Interstitial macrophage,61,43,8,8,8_3,InterstitialMac
B-1695,all,44,23,2596,2931,31,47648,0,0,0,0,0,B,5,Capillary 1 cell,44,23,2,2,2_3,Vein
B-1696,all,10,9,3435,2206,41,9328,0,0,0,0,0,B,5,Alveolar fibroblast 1,28,9,1,1,1_5_1,LymphaticEndo
B-1698,all,29,17,2445,2590,39,19085,0,0,0,0,0,B,10,Alveolar fibroblast 1,38,18,1,1,1_4_3,AlveolarFib
B-1700,all,233,31,3010,3791,11,45329,797,0,797,0,1,B,203,Ciliated cell,56,7,4,4,4_2,ClubEpi
B-1701,all,16,9,3394,2516,5,9221,0,0,0,0,0,B,5,Alveolar fibroblast 1,39,10,3,3,3_2,SMC
B-1702,all,42,18,2264,2440,10,64773,0,0,0,0,0,B,9,Innate lymphoid cell,42,17,2,2,2_1,Capillary
B-1703,all,416,66,3371,3596,23,95308,11042,7646,3396,0.692447,0.307553,B,268,Venous endothelial cell,50,21,4,4,4_2,CiliatedEpi
B-1704,all,31,18,3345,2678,13,29121,0,0,0,0,0,B,13,Vascular smooth muscle cell,39,18,3,3,3_2,SMC
B-1709,all,89,35,2832,3134,9,58380,0,0,0,0,0,B,10,Alveolar fibroblast 1,56,35,2,2,2_3,Vein
B-1710,all,72,27,3003,2169,18,68304,0,0,0,0,0,B,19,Alveolar type 1 cell,55,28,1,1,1_4_3,AlveolarFib
B-1711,all,17,13,2871,1999,12,39697,0,0,0,0,0,B,3,Capillary 1 cell,35,13,2,2,2_3,Vein
B-1712,all,440,62,3535,3474,16,99002,164713,25297,139416,0.1535823,0.8464177,B,186,Endothelial progenitor cell,54,17,4,4,4_1_2,CiliatedEpi
B-1713,all,54,26,1988,3061,33,75935,0,0,0,0,0,B,5,Capillary 1 cell,53,26,2,2,2_3,Vein
B-1715,all,123,49,2941,2642,17,101067,0,0,0,0,0,B,33,Alveolar macrophage,51,32,8,8,8_1,AlveolarMac
B-1721,all,31,20,2549,3628,34,27813,0,0,0,0,0,B,4,CD4+ T cell,39,20,7,7,7_2,PatrolMac
B-1722,all,27,16,2149,2290,16,38808,0,0,0,0,0,B,3,Venous endothelial cell,44,16,2,2,2_3,Vein
B-1723,all,138,18,3226,2231,17,63216,0,0,0,0,0,B,126,Sox9+/Id2+ epithelial cell,50,8,1,1,1_3,AT2
B-1724,all,51,24,2799,3714,39,46181,0,0,0,0,0,B,19,Alveolar fibroblast 1,51,25,1,1,1_4_3,AlveolarFib
B-1726,all,269,71,3241,3716,33,69085,1043,615,428,0.5896453,0.4103547,B,131,Endothelial progenitor cell,50,30,4,4,4_2,CiliatedEpi
B-1727,all,66,33,2371,3475,36,43212,0,0,0,0,0,B,20,Pericyte,57,34,3,3,3_2,SMC
B-1729,all,82,43,2265,2045,27,72219,0,0,0,0,0,B,16,Capillary 1 cell,60,42,2,2,2_1,Capillary
B-1731,all,79,31,3149,2126,31,83296,0,0,0,0,0,B,27,Capillary 2 cell,54,30,2,2,2_1,Capillary
B-1732,all,69,24,2700,2872,10,39026,186,0,186,0,1,B,28,Alveolar type 1 cell,51,25,1,1,1_4_3,AlveolarFib
B-1733,all,403,77,3602,3494,25,94029,112822,22952,76032,0.2318759,0.7681241,B,163,Endothelial progenitor cell,51,20,4,4,4_1_2,CiliatedEpi
B-1736,all,80,31,3046,2209,32,80469,0,0,0,0,0,B,15,B cell,56,31,2,2,2_1,Capillary
B-1737,all,59,29,2796,2762,18,78822,0,0,0,0,0,B,18,CD4+ T cell,55,29,7,7,7_4,PatrolMac
B-1739,all,26,12,2531,3014,11,28384,0,0,0,0,0,B,15,Pericyte,44,12,5,5,5_3,Pericyte
B-1742,all,85,37,3230,3326,19,38469,0,0,0,0,0,B,12,Alveolar macrophage,59,38,3,3,3_1,SMC
B-1744,all,51,20,3109,2075,35,52391,0,0,0,0,0,B,16,Alveolar fibroblast 1,46,19,1,1,1_5_1,LymphaticEndo
B-1745,all,257,49,3106,3699,23,86018,1726,0,1726,0,1,B,188,Venous endothelial cell,53,11,4,4,4_2,ClubEpi
B-1746,all,232,53,3365,3523,25,52564,145311,54246,67668,0.444953,0.555047,B,95,Ciliated cell,57,19,4,4,4_1_2,ClubEpi
B-1747,all,137,50,2351,3509,15,92393,0,0,0,0,0,B,60,Pericyte,51,26,1,1,1_4_3,AlveolarFib
B-1750,all,40,20,2930,2040,35,60647,0,0,0,0,0,B,14,Alveolar type 1 cell,44,20,6,6,6,AT1
B-1753,all,16,8,3378,2760,12,19446,0,0,0,0,0,B,5,Sox9+/Id2+ epithelial cell,35,9,3,3,3_2,SMC
B-1754,all,14,8,3391,2231,40,17471,0,0,0,0,0,B,3,Alveolar type 1 cell,33,8,6,6,6,AT1
B-1755,all,220,51,2687,3552,34,97885,0,0,0,0,0,B,18,Alveolar type 1 cell,51,23,6,6,6,AT1
B-1759,all,54,30,2950,3467,34,28855,0,0,0,0,0,B,8,Natural killer cell,54,30,7,7,7_4,PatrolMac
B-1760,all,85,45,3255,3360,17,55407,0,0,0,0,0,B,17,Alveolar macrophage,63,45,3,3,3_3,AdventitialFib
B-1761,all,96,48,2545,3282,25,94340,0,0,0,0,0,B,29,Alveolar fibroblast 1,61,45,2,2,2_4,Artery
B-1762,all,70,28,2085,3772,11,62849,0,0,0,0,0,B,11,Alveolar type 1 cell,51,29,2,2,2_2,InflamMac
B-1763,all,46,20,2170,2171,35,54637,0,0,0,0,0,B,3,CD4+ T cell,46,20,1,1,1_2_1,Tcell (CD4)
B-1767,all,50,28,2011,2041,30,42003,0,0,0,0,0,B,11,Endothelial progenitor cell,50,28,3,3,3_4,AdventitialFib
B-1768,all,35,15,2061,2113,14,27604,0,0,0,0,0,B,7,Alveolar fibroblast 1,42,15,3,3,3_4,AdventitialFib
B-1773,all,491,74,3465,3485,19,112501,296611,41875,254624,0.1412315,0.8587685,B,237,Ciliated cell,52,20,4,4,4_2,CiliatedEpi
B-1775,all,38,23,2287,3468,33,23176,0,0,0,0,0,B,8,Endothelial progenitor cell,42,24,3,3,3_5,SMC
B-1776,all,17,8,3258,2444,37,22329,0,0,0,0,0,B,11,Alveolar fibroblast 2,35,8,3,3,3_3,AdventitialFib
B-1778,all,24,16,2136,2413,36,24221,0,0,0,0,0,B,4,CD4+ T cell,44,15,2,2,2_1,Capillary
B-1780,all,370,90,3689,3416,23,113494,396129,109616,270689,0.2882318,0.7117682,B,127,Ciliated cell,46,23,4,4,4_1_2,CiliatedEpi
B-1781,all,84,25,2479,3112,17,57567,0,0,0,0,0,B,27,Sox9+/Id2+ epithelial cell,58,26,1,1,1_4_3,AlveolarFib
B-1785,all,64,35,3254,2282,36,60383,0,0,0,0,0,B,9,Inflammatory monocyte,55,35,8,8,8_2,InterstitialMac
B-1788,all,44,27,3637,3031,40,30515,0,0,0,0,0,B,6,Airway smooth muscle cell,45,28,3,3,3_2,SMC
B-1789,all,75,33,3671,2901,20,68503,0,0,0,0,0,B,20,Secondary crest myofibroblast,54,33,3,3,3_2,SMC
B-1790,all,20,14,2544,3521,22,25088,0,0,0,0,0,B,3,B cell,39,14,2,2,2_6,pDC
B-1793,all,41,25,3367,2663,34,36130,0,0,0,0,0,B,16,Arterial endothelial cell,42,25,3,3,3_2,SMC
B-1795,all,71,30,2811,2718,16,79056,0,0,0,0,0,B,34,Pericyte,55,30,5,5,5_1,Pericyte
B-1797,all,10,5,2241,2245,38,16824,0,0,0,0,0,B,4,Sox9+/Id2+ epithelial cell,35,5,1,1,1_2_3,Tcell (CD4)
B-1804,all,12,7,2181,2060,40,20857,0,0,0,0,0,B,7,Inflammatory monocyte,33,8,1,1,1_4_1,AlveolarFib
B-1805,all,39,22,2953,3023,11,40437,0,0,0,0,0,B,8,Alveolar fibroblast 1,42,22,1,1,1_4_1,AlveolarFib
B-1806,all,30,15,2990,3739,38,27839,0,0,0,0,0,B,18,Secondary crest myofibroblast,40,16,3,3,3_2,SMC
B-1812,all,68,34,3778,2429,31,34490,0,0,0,0,0,B,21,Alveolar fibroblast 2,56,34,3,3,3_4,AdventitialFib
B-1813,all,21,13,3510,2118,8,33446,0,0,0,0,0,B,4,Alveolar macrophage,41,13,1,1,1_5_2,AlveolarFib
B-1815,all,28,21,3217,3507,39,23137,0,0,0,0,0,B,3,Mesothelial cell,39,21,3,3,3_3,AdventitialFib
B-1816,all,54,28,3327,2417,32,52071,0,0,0,0,0,B,21,Proliferative mesenchymal progenitor cell,55,29,3,3,3_5,SMC
B-1819,all,38,14,3331,3231,17,13021,0,0,0,0,0,B,7,Mesothelial cell,44,14,3,3,3_4,AdventitialFib
B-1821,all,398,69,3166,3720,28,86437,6065,55,6010,0.009068425,0.9909316,B,254,Secretory cell,52,14,4,4,4_2,ClubEpi
B-1825,all,71,30,2123,2134,26,76955,0,0,0,0,0,B,14,CD8+ T cell,54,31,2,2,2_2,InflamMac
B-1830,all,35,18,3464,2883,36,15440,0,0,0,0,0,B,10,Secondary crest myofibroblast,43,19,3,3,3_2,SMC
B-1831,all,93,38,3274,2497,31,44214,0,0,0,0,0,B,14,Mesothelial cell,60,37,3,3,3_3,AdventitialFib
B-1832,all,58,28,2956,3433,37,26270,0,0,0,0,0,B,14,Secretory cell,55,29,3,3,3_2,SMC
B-1839,all,86,32,3499,3415,23,50985,532,0,532,0,1,B,17,Inflammatory monocyte,55,31,4,4,4_1_1,CiliatedEpi
B-1841,all,52,24,2097,2098,25,48589,0,0,0,0,0,B,19,Pericyte,52,24,5,5,5_1,Pericyte
B-1843,all,66,31,3431,2823,22,45190,0,0,0,0,0,B,19,Secondary crest myofibroblast,57,31,3,3,3_2,SMC
B-1844,all,33,14,2176,2296,15,29210,0,0,0,0,0,B,6,Capillary 2 cell,44,15,2,2,2_2,InflamMac
B-1845,all,44,10,2552,2991,8,16315,0,0,0,0,0,B,37,Alveolar type 2 cell,47,10,1,1,1_1,AT2
B-1848,all,103,49,3434,2863,23,84420,0,0,0,0,0,B,30,Vascular smooth muscle cell,58,38,3,3,3_2,SMC
B-1849,all,43,22,2314,3456,34,21969,0,0,0,0,0,B,10,CD4+ T cell,46,23,1,1,1_4_3,AlveolarFib
B-1851,all,89,33,2923,2807,24,93356,0,0,0,0,0,B,12,CD8+ T cell,60,33,1,1,1_4_1,AlveolarFib
B-1852,all,18,10,3588,2884,11,13064,0,0,0,0,0,B,2,Capillary 1 cell,36,10,7,7,7_2,PatrolMac
B-1854,all,351,53,3162,3659,15,82708,53709,0,53365,0,1,B,284,Ciliated cell,54,7,4,4,4_2,ClubEpi
B-1862,all,10,6,1837,2952,13,17172,0,0,0,0,0,B,2,Proliferative mesenchymal progenitor cell,27,7,3,3,3_1,SMC
B-1867,all,39,18,3195,3468,37,24917,0,0,0,0,0,B,10,Alveolar fibroblast 2,42,18,3,3,3_3,AdventitialFib
B-1868,all,129,54,3173,3383,31,63609,0,0,0,0,0,B,12,Mesothelial cell,44,27,8,8,8_1,AlveolarMac
B-1870,all,16,10,2230,2404,28,18879,0,0,0,0,0,B,10,Alveolar fibroblast 1,37,10,1,1,1_5_1,LymphaticEndo
B-1872,all,169,46,3394,3539,25,53807,42019,601,35420,0.01668471,0.9833153,B,74,Alveolar fibroblast 1,58,31,4,4,4_2,CiliatedEpi
B-1873,all,71,35,3622,2935,27,53437,0,0,0,0,0,B,17,Arterial endothelial cell,55,35,2,2,2_4,Artery
B-1875,all,110,44,3616,2905,19,64837,0,0,0,0,0,B,9,Inflammatory monocyte,54,29,7,7,7_2,PatrolMac
B-1876,all,23,14,3463,2848,37,18855,0,0,0,0,0,B,13,Vascular smooth muscle cell,39,14,3,3,3_2,SMC
B-1878,all,199,45,3224,3672,19,64785,1145,155,664,0.1892552,0.8107448,B,132,B cell,54,14,4,4,4_2,ClubEpi
B-1882,all,18,17,2158,2209,36,21100,0,0,0,0,0,B,2,CD4+ T cell,38,17,1,1,1_2_1,Tcell (CD4)
B-1883,all,21,13,2764,2657,38,16049,0,0,0,0,0,B,3,Alveolar macrophage,39,13,1,1,1_2_3,Tcell (CD4)
B-1887,all,60,34,3526,3604,39,19349,349,0,349,0,1,B,16,Alveolar fibroblast 2,57,34,1,1,1_5_2,AlveolarFib
B-1888,all,8,8,2539,3321,33,21699,0,0,0,0,0,B,3,Pericyte,22,10,5,5,5_3,Pericyte
B-1889,all,27,18,2212,2433,36,19206,0,0,0,0,0,B,6,Sox9+/Id2+ epithelial cell,37,19,1,1,1_4_3,AlveolarFib
B-1890,all,13,9,1837,3360,6,12547,0,0,0,0,0,B,3,Sox9+/Id2+ epithelial cell,32,10,2,2,2_3,Vein
B-1892,all,41,15,2207,2411,36,18650,0,0,0,0,0,B,25,Alveolar fibroblast 1,46,15,1,1,1_5_1,LymphaticEndo
B-1895,all,6,3,2353,2638,4,7822,0,0,0,0,0,B,5,Endothelial progenitor cell,25,6,2,2,2_1,Capillary
B-1897,all,175,29,3076,3741,21,55244,0,0,0,0,0,B,153,Endothelial progenitor cell,56,10,4,4,4_2,ClubEpi
B-1902,all,54,11,2552,2958,10,35351,0,0,0,0,0,B,41,Alveolar type 2 cell,50,11,1,1,1_3,AT2
B-1905,all,67,28,3091,3652,32,86529,0,0,0,0,0,B,43,Secondary crest myofibroblast,55,28,3,3,3_2,SMC
B-1911,all,75,26,3472,3635,39,17852,0,0,0,0,0,B,49,Venous endothelial cell,55,26,4,4,4_2,ClubEpi
B-1913,all,44,25,2270,3443,36,25625,0,0,0,0,0,B,3,Sox9+/Id2+ epithelial cell,44,25,2,2,2_3,Vein
B-1920,all,79,37,3091,5565,20,61338,0,0,0,0,0,B,10,Alveolar type 1 cell,55,37,1,1,1_4_1,AlveolarFib
B-1921,all,111,39,2778,4009,29,59929,0,0,0,0,0,B,3,Alveolar fibroblast 1,59,32,3,3,3_4,AdventitialFib
B-1923,all,36,15,3588,5651,10,38294,0,0,0,0,0,B,12,B cell,46,16,3,3,3_5,SMC
B-1924,all,101,35,3700,5625,24,67407,0,0,0,0,0,B,22,Secondary crest myofibroblast,60,33,1,1,1_2_1,Tcell (CD4)
B-1925,all,124,51,3158,5143,18,79264,0,0,0,0,0,B,26,Inflammatory monocyte,47,28,1,1,1_4_1,AlveolarFib
B-1927,all,64,24,2702,4633,13,42209,0,0,0,0,0,B,13,Inflammatory monocyte,55,24,1,1,1_2_1,Tcell (CD4)
B-1928,all,63,34,2058,4021,35,38414,0,0,0,0,0,B,15,B cell,56,34,9,9,9,Bcell
B-1930,all,140,69,2923,4061,37,26242,0,0,0,0,0,B,41,Venous endothelial cell,43,33,4,4,4_1_1,CiliatedEpi
B-1931,all,82,29,2972,5659,22,54949,0,0,0,0,0,B,40,Alveolar fibroblast 1,54,29,1,1,1_4_1,AlveolarFib
B-1933,all,244,100,3268,4940,25,61417,0,0,0,0,0,B,56,Ciliated cell,46,33,4,4,4_1_1,ClubEpi
B-1935,all,363,107,3203,4852,30,77970,0,0,0,0,0,B,133,Ciliated cell,48,31,4,4,4_1_1,CiliatedEpi
B-1936,all,301,107,3156,4778,26,71617,0,0,0,0,0,B,78,Ciliated cell,46,30,4,4,4_1_1,ClubEpi
B-1939,all,191,86,3133,4697,32,38961,0,0,0,0,0,B,27,Venous endothelial cell,51,38,9,9,9,Bcell
B-1940,all,88,43,3642,5241,27,38214,0,0,0,0,0,B,44,Venous endothelial cell,66,43,4,4,4_1_1,ClubEpi
B-1941,all,207,91,3240,4896,30,74051,0,0,0,0,0,B,52,Endothelial progenitor cell,53,41,4,4,4_1_1,ClubEpi
B-1943,all,67,37,1962,5169,17,63505,0,0,0,0,0,B,12,Pericyte,57,38,3,3,3_5,SMC
B-1945,all,359,117,3050,3819,26,87243,0,0,0,0,0,B,120,Ciliated cell,44,30,4,4,4_1_1,CiliatedEpi
B-1947,all,187,80,3743,5262,36,43872,0,0,0,0,0,B,53,Ciliated cell,53,42,4,4,4_1_1,ClubEpi
B-1949,all,280,93,3210,4950,25,96635,0,0,0,0,0,B,108,Venous endothelial cell,52,31,4,4,4_1_1,ClubEpi
B-1950,all,107,47,2839,4456,36,46466,0,0,0,0,0,B,3,Inflammatory monocyte,60,39,7,7,7_2,PatrolMac
B-1951,all,138,50,2694,4101,28,88682,0,0,0,0,0,B,2,CD4+ T cell,49,32,1,1,1_2_1,Tcell (CD4)
B-1952,all,156,56,2017,4002,20,94035,0,0,0,0,0,B,56,Pericyte,54,36,9,9,9,Bcell
B-1953,all,71,41,3138,4874,21,40805,0,0,0,0,0,B,28,Ciliated cell,55,40,4,4,4_1_2,CiliatedEpi
B-1954,all,104,49,2935,3851,29,66776,0,0,0,0,0,B,24,Venous endothelial cell,63,49,4,4,4_1_1,CiliatedEpi
B-1955,all,305,102,3303,4942,34,69355,0,0,0,0,0,B,55,Secretory cell,51,36,8,8,8_1,AlveolarMac
B-1960,all,104,52,2495,4824,13,67748,0,0,0,0,0,B,18,CD4+ T cell,57,42,1,1,1_4_1,AlveolarFib
B-1963,all,127,49,3511,5401,32,63939,0,0,0,0,0,B,3,Mesothelial cell,46,28,3,3,3_3,AdventitialFib
B-1964,all,160,65,3101,4784,17,70622,0,0,0,0,0,B,74,Alveolar fibroblast 1,47,24,4,4,4_1_1,ClubEpi
B-1967,all,261,98,2910,4349,35,48961,0,0,0,0,0,B,60,Ciliated cell,47,38,4,4,4_1_1,ClubEpi
B-1970,all,105,47,3077,4636,38,19327,0,0,0,0,0,B,11,Ciliated cell,61,39,8,8,8_1,AlveolarMac
B-1972,all,295,78,2852,4350,17,68880,0,0,0,0,0,B,173,Ciliated cell,47,32,4,4,4_1_1,CiliatedEpi
B-1973,all,122,56,3129,5192,18,70297,0,0,0,0,0,B,12,Alveolar macrophage,45,30,1,1,1_5_2,AlveolarFib
B-1974,all,147,58,2281,5139,23,89084,0,0,0,0,0,B,26,Alveolar fibroblast 1,49,33,1,1,1_5_1,LymphaticEndo
B-1975,all,113,63,3274,4886,37,25569,0,0,0,0,0,B,13,B cell,51,41,4,4,4_1_3,ClubEpi
B-1978,all,186,57,3765,5689,20,79331,0,0,0,0,0,B,11,Inflammatory monocyte,57,32,2,2,2_5,DC
B-1979,all,57,35,2580,3924,32,68046,0,0,0,0,0,B,10,CD4+ T cell,56,35,3,3,3_4,AdventitialFib
B-1981,all,40,25,3141,5676,18,59782,0,0,0,0,0,B,7,CD4+ T cell,42,25,1,1,1_2_1,Tcell (CD4)
B-1982,all,54,19,3337,5578,11,31190,0,0,0,0,0,B,5,CD8+ T cell,51,20,2,2,2_2,InflamMac
B-1983,all,90,39,3574,5461,26,61523,0,0,0,0,0,B,14,CD4+ T cell,62,39,1,1,1_2_1,Tcell (CD4)
B-1984,all,67,33,3737,5640,14,38416,0,0,0,0,0,B,10,Mesothelial cell,56,33,3,3,3_3,AdventitialFib
B-1985,all,110,40,3064,5546,27,48354,0,0,0,0,0,B,6,CD8+ T cell,52,28,6,6,6,AT1
B-1990,all,104,36,3746,5424,24,40031,0,0,0,0,0,B,49,Capillary 1 cell,57,36,4,4,4_2,CiliatedEpi
B-1992,all,121,56,3700,5212,39,22592,0,0,0,0,0,B,53,Ciliated cell,61,47,4,4,4_1_1,CiliatedEpi
B-1993,all,98,46,2896,3869,29,70058,0,0,0,0,0,B,37,Ciliated cell,66,44,3,3,3_5,SMC
B-1996,all,113,39,2759,5669,15,73074,0,0,0,0,0,B,7,CD4+ T cell,49,23,2,2,2_2,InflamMac
B-1997,all,31,21,2782,4726,14,11536,0,0,0,0,0,B,8,Inflammatory monocyte,41,21,1,1,1_2_3,Tcell (CD4)
B-2000,all,398,130,2920,4111,34,76371,0,0,0,0,0,B,110,Ciliated cell,43,35,4,4,4_1_1,CiliatedEpi
B-2003,all,131,68,3494,5061,34,46097,291,0,291,0,1,B,31,Ciliated cell,35,18,4,4,4_1_1,ClubEpi
B-2005,all,368,85,3103,4832,21,88737,51,0,51,0,1,B,191,Ciliated cell,51,37,4,4,4_2,CiliatedEpi
B-2007,all,125,52,2613,4016,31,115689,0,0,0,0,0,B,21,Alveolar fibroblast 1,46,30,3,3,3_2,SMC
B-2008,all,97,40,3258,5728,23,95916,0,0,0,0,0,B,14,CD4+ T cell,62,39,1,1,1_2_1,Tcell (CD4)
B-2010,all,109,57,2701,4498,18,87524,0,0,0,0,0,B,24,Inflammatory monocyte,55,40,3,3,3_2,SMC
B-2013,all,60,27,2574,4554,19,47081,0,0,0,0,0,B,7,CD4+ T cell,53,28,3,3,3_1,SMC
B-2014,all,55,25,3009,5558,14,65061,0,0,0,0,0,B,17,Arterial endothelial cell,52,26,2,2,2_2,InflamMac
B-2016,all,342,115,2903,4023,27,111727,0,0,0,0,0,B,140,Ciliated cell,41,30,4,4,4_1_1,CiliatedEpi
B-2020,all,287,102,2946,3999,30,74751,0,0,0,0,0,B,76,Secretory cell,48,37,4,4,4_1_1,ClubEpi
B-2021,all,152,51,2728,4350,25,97565,0,0,0,0,0,B,22,CD4+ T cell,53,32,1,1,1_2_3,Tcell (CD4)
B-2022,all,26,14,2794,5614,37,20907,0,0,0,0,0,B,4,Pericyte,40,15,3,3,3_2,SMC
B-2023,all,75,32,2864,3954,24,28593,0,0,0,0,0,B,40,Capillary 1 cell,44,31,4,4,4_1_2,CiliatedEpi
B-2024,all,116,45,3067,5016,20,82424,0,0,0,0,0,B,8,Inflammatory monocyte,45,30,1,1,1_2_3,Tcell (CD4)
B-2026,all,247,92,3044,4617,25,62252,0,0,0,0,0,B,73,Ciliated cell,43,33,4,4,4_1_1,ClubEpi
B-2028,all,59,26,2646,4726,7,32737,0,0,0,0,0,B,19,Alveolar type 2 cell,52,27,2,2,2_2,InflamMac
B-2030,all,205,73,2925,3917,20,52459,2617,495,2122,0.1891479,0.8108521,B,75,Ciliated cell,53,26,4,4,4_1_1,ClubEpi
B-2031,all,127,49,3726,5325,19,89155,0,0,0,0,0,B,54,Ciliated cell,64,49,4,4,4_1_2,CiliatedEpi
B-2033,all,262,82,3630,5166,33,66621,0,0,0,0,0,B,108,Alveolar fibroblast 1,51,28,4,4,4_1_2,ClubEpi
B-2034,all,157,59,3656,5263,22,57543,0,0,0,0,0,B,72,Ciliated cell,51,25,4,4,4_1_1,ClubEpi
B-2035,all,69,30,2508,4697,23,50168,0,0,0,0,0,B,6,Inflammatory monocyte,56,30,1,1,1_2_1,Tcell (CD4)
B-2037,all,45,21,3086,4903,23,22098,0,0,0,0,0,B,7,CD4+ T cell,45,21,1,1,1_2_1,Tcell (CD4)
B-2039,all,70,26,3679,5328,19,44032,0,0,0,0,0,B,47,Ciliated cell,40,25,4,4,4_2,CiliatedEpi
B-2040,all,63,41,3771,5359,23,44419,0,0,0,0,0,B,17,Ciliated cell,57,41,4,4,4_1_1,ClubEpi
B-2042,all,318,109,2927,4403,30,59714,0,0,0,0,0,B,65,Ciliated cell,53,42,4,4,4_1_1,ClubEpi
B-2046,all,62,26,2680,4241,36,28105,0,0,0,0,0,B,3,CD4+ T cell,54,26,1,1,1_2_1,Tcell (CD4)
B-2048,all,73,39,2238,5062,18,82879,1304,0,1304,0,1,B,12,Pericyte,54,39,5,5,5_1,Pericyte
B-2052,all,367,114,2920,3958,26,100042,6859,0,6859,0,1,B,144,Ciliated cell,48,29,4,4,4_1_1,ClubEpi
B-2053,all,127,52,2856,4305,20,65602,0,0,0,0,0,B,60,Ciliated cell,67,50,4,4,4_1_2,CiliatedEpi
B-2054,all,332,85,2882,3910,24,97268,2829,1155,1674,0.4082715,0.5917285,B,186,Ciliated cell,51,16,4,4,4_1_1,ClubEpi
B-2056,all,71,30,2395,5175,20,53188,0,0,0,0,0,B,7,Alveolar type 1 cell,54,31,1,1,1_6_2,Neutrophil
B-2057,all,180,49,2767,4631,28,87309,0,0,0,0,0,B,6,CD8+ T cell,51,24,6,6,6,AT1
B-2059,all,157,49,3245,4976,23,67217,0,0,0,0,0,B,78,B cell,51,18,4,4,4_2,ClubEpi
B-2060,all,163,67,2999,4574,23,49561,0,0,0,0,0,B,57,Alveolar fibroblast 1,47,25,4,4,4_1_1,ClubEpi
B-2061,all,107,62,2953,4658,29,69979,0,0,0,0,0,B,20,Alveolar macrophage,61,45,3,3,3_4,AdventitialFib
B-2063,all,192,52,2933,3813,22,70857,0,0,0,0,0,B,104,B cell,61,44,4,4,4_2,CiliatedEpi
B-2065,all,61,29,2608,4438,17,43722,0,0,0,0,0,B,9,CD4+ T cell,57,30,1,1,1_4_1,AlveolarFib
B-2066,all,432,125,3128,4741,26,92467,0,0,0,0,0,B,124,Ciliated cell,47,36,4,4,4_1_1,ClubEpi
B-2067,all,81,28,2908,5662,7,56331,0,0,0,0,0,B,9,Innate lymphoid cell,57,29,2,2,2_2,InflamMac
B-2069,all,190,68,2985,4552,29,43871,0,0,0,0,0,B,71,Venous endothelial cell,51,35,4,4,4_1_1,ClubEpi
B-2070,all,160,52,2771,4685,24,81460,56,56,0,1,0,B,29,Sox9+/Id2+ epithelial cell,47,24,1,1,1_2_1,Tcell (CD4)
B-2071,all,13,8,3103,5593,16,19242,0,0,0,0,0,B,2,Alveolar type 1 cell,35,8,1,1,1_2_3,Tcell (CD4)
B-2073,all,397,120,2891,4162,25,78746,0,0,0,0,0,B,155,Ciliated cell,45,26,4,4,4_1_1,ClubEpi
B-2074,all,161,51,2846,4120,23,100454,0,0,0,0,0,B,89,Venous endothelial cell,46,16,4,4,4_2,ClubEpi
B-2075,all,132,40,3037,5235,28,66771,0,0,0,0,0,B,3,CD4+ T cell,49,25,1,1,1_2_1,Tcell (CD4)
B-2076,all,87,35,3117,5539,15,53351,0,0,0,0,0,B,6,Alveolar type 1 cell,59,35,1,1,1_4_1,AlveolarFib
B-2079,all,121,56,2276,5174,15,56486,0,0,0,0,0,B,8,Inflammatory monocyte,46,30,6,6,6,AT1
B-2081,all,210,67,3567,5191,23,140532,0,0,0,0,0,B,104,Ciliated cell,56,33,4,4,4_1_2,ClubEpi
B-2083,all,173,63,2466,4884,21,109476,0,0,0,0,0,B,22,Alveolar fibroblast 1,50,32,1,1,1_5_1,LymphaticEndo
B-2086,all,84,38,2812,4424,32,37272,0,0,0,0,0,B,6,Interstitial macrophage,62,38,8,8,8_2,InterstitialMac
B-2088,all,42,19,2528,4672,24,42000,0,0,0,0,0,B,4,CD4+ T cell,44,19,1,1,1_2_1,Tcell (CD4)
B-2092,all,51,30,2901,4542,26,48854,0,0,0,0,0,B,19,Secondary crest myofibroblast,52,31,3,3,3_5,SMC
B-2093,all,216,56,2862,4418,16,51290,0,0,0,0,0,B,124,Ciliated cell,54,37,4,4,4_2,CiliatedEpi
B-2100,all,91,28,2766,5453,35,44519,0,0,0,0,0,B,11,Alveolar type 1 cell,59,28,6,6,6,AT1
B-2101,all,147,55,2243,5184,8,56331,0,0,0,0,0,B,16,Alveolar type 1 cell,46,27,6,6,6,AT1
B-2102,all,221,66,2349,3814,30,123849,0,0,0,0,0,B,62,Inflammatory monocyte,58,38,1,1,1_4_1,AlveolarFib
B-2103,all,23,10,3743,5727,5,16151,0,0,0,0,0,B,3,Natural killer cell,42,11,2,2,2_2,InflamMac
B-2104,all,462,131,3697,5270,23,100868,0,0,0,0,0,B,183,Ciliated cell,44,26,4,4,4_1_2,ClubEpi
B-2107,all,185,76,2741,4553,20,138319,0,0,0,0,0,B,23,Alveolar fibroblast 1,55,41,1,1,1_5_2,AlveolarFib
B-2108,all,68,29,3476,5723,8,32912,0,0,0,0,0,B,3,CD8+ T cell,55,30,2,2,2_2,InflamMac
B-2109,all,257,88,2968,3923,36,57043,0,0,0,0,0,B,73,Ciliated cell,51,38,4,4,4_1_1,CiliatedEpi
B-2117,all,198,73,3119,5087,22,112080,0,0,0,0,0,B,15,Inflammatory monocyte,58,44,1,1,1_4_1,AlveolarFib
B-2118,all,387,96,2861,4209,20,103974,0,0,0,0,0,B,198,Endothelial progenitor cell,45,28,4,4,4_2,CiliatedEpi
B-2123,all,54,27,3050,5265,15,61871,0,0,0,0,0,B,12,Inflammatory monocyte,54,27,3,3,3_6,SCMF
B-2124,all,238,70,3083,4732,14,57032,0,0,0,0,0,B,116,Secretory cell,53,27,4,4,4_1_1,ClubEpi
B-2126,all,108,45,2581,4262,19,88448,0,0,0,0,0,B,17,CD8+ T cell,53,34,2,2,2_2,InflamMac
B-2129,all,178,85,2911,4262,32,53606,0,0,0,0,0,B,52,Ciliated cell,47,37,4,4,4_1_1,ClubEpi
B-2131,all,30,15,2936,4549,19,10227,2708,0,2708,0,1,B,15,Venous endothelial cell,38,15,4,4,4_1_2,ClubEpi
B-2132,all,96,38,2783,5397,32,53394,0,0,0,0,0,B,4,CD4+ T cell,61,38,7,7,7_3,Tcell (CD8)
B-2133,all,46,19,2766,4746,11,20087,0,0,0,0,0,B,9,CD8+ T cell,47,19,6,6,6,AT1
B-2134,all,109,41,2842,4054,27,42705,0,0,0,0,0,B,63,Endothelial progenitor cell,56,26,4,4,4_1_2,ClubEpi
B-2135,all,33,19,3102,5621,33,42699,0,0,0,0,0,B,2,Alveolar type 1 cell,43,19,6,6,6,AT1
B-2140,all,62,34,2634,4239,27,51319,0,0,0,0,0,B,10,Arterial endothelial cell,57,35,2,2,2_4,Artery
B-2143,all,306,108,3080,4686,24,86740,0,0,0,0,0,B,101,Ciliated cell,44,32,4,4,4_1_1,ClubEpi
B-2144,all,335,119,3426,5068,26,93600,0,0,0,0,0,B,120,Ciliated cell,50,39,4,4,4_1_1,ClubEpi
B-2145,all,45,18,3168,5721,22,54454,0,0,0,0,0,B,3,CD4+ T cell,45,18,1,1,1_2_1,Tcell (CD4)
B-2147,all,43,21,3578,5292,35,29430,0,0,0,0,0,B,2,Inflammatory monocyte,43,21,1,1,1_2_1,Tcell (CD4)
B-2150,all,19,9,3587,5264,29,15317,0,0,0,0,0,B,6,Secondary crest myofibroblast,37,10,3,3,3_1,SMC
B-2151,all,273,74,2854,4010,21,81419,0,0,0,0,0,B,149,Venous endothelial cell,50,18,4,4,4_2,ClubEpi
B-2152,all,78,34,3419,5572,32,61755,0,0,0,0,0,B,15,Arterial endothelial cell,58,35,2,2,2_2,InflamMac
B-2154,all,120,44,3096,5221,17,75044,0,0,0,0,0,B,12,Alveolar type 1 cell,48,28,1,1,1_4_1,AlveolarFib
B-2156,all,18,11,2541,5148,16,31499,0,0,0,0,0,B,2,Pericyte,39,12,3,3,3_2,SMC
B-2157,all,83,40,2348,4944,26,41482,0,0,0,0,0,B,8,CD4+ T cell,58,40,1,1,1_2_1,Tcell (CD4)
B-2159,all,202,57,1948,4088,28,121689,0,0,0,0,0,B,10,Innate lymphoid cell,62,39,7,7,7_3,Tcell (CD8)
B-2160,all,8,5,3420,5152,23,22907,0,0,0,0,0,B,5,Sox9+/Id2+ epithelial cell,23,7,3,3,3_2,SMC
B-2162,all,64,30,2814,4393,25,37945,0,0,0,0,0,B,12,Secretory cell,56,30,1,1,1_2_3,Tcell (CD4)
B-2163,all,266,104,2912,4206,34,47946,0,0,0,0,0,B,49,Venous endothelial cell,45,34,4,4,4_1_1,ClubEpi
B-2166,all,93,39,1996,4099,34,54374,0,0,0,0,0,B,19,Alveolar fibroblast 1,61,37,1,1,1_4_1,AlveolarFib
B-2168,all,263,96,3769,5301,31,65889,0,0,0,0,0,B,94,Ciliated cell,46,30,4,4,4_1_1,ClubEpi
B-2169,all,114,53,2092,5182,33,87399,0,0,0,0,0,B,15,CD4+ T cell,45,27,1,1,1_5_1,LymphaticEndo
B-2172,all,121,70,3193,4794,36,33037,0,0,0,0,0,B,15,Capillary 1 cell,38,30,1,1,1_6_2,Neutrophil
B-2173,all,144,44,3728,5400,18,47526,0,0,0,0,0,B,72,Capillary 1 cell,63,44,4,4,4_2,CiliatedEpi
B-2174,all,117,55,2593,4479,25,79712,0,0,0,0,0,B,15,Alveolar fibroblast 1,44,29,3,3,3_5,SMC
B-2176,all,36,17,2846,5385,6,14076,0,0,0,0,0,B,3,Arterial endothelial cell,46,18,2,2,2_4,Artery
B-2177,all,80,37,2985,4715,36,42785,0,0,0,0,0,B,10,Inflammatory monocyte,55,37,1,1,1_2_3,Tcell (CD4)
B-2178,all,130,59,3357,5068,17,29121,0,0,0,0,0,B,62,Ciliated cell,68,56,4,4,4_1_1,CiliatedEpi
B-2179,all,125,56,3141,5279,19,89822,0,0,0,0,0,B,18,Arterial endothelial cell,44,25,1,1,1_4_1,AlveolarFib
B-2180,all,163,75,3105,4673,33,39374,0,0,0,0,0,B,36,Ciliated cell,50,38,4,4,4_1_1,CiliatedEpi
B-2183,all,11,10,3464,5165,23,33771,0,0,0,0,0,B,2,CD4+ T cell,29,10,1,1,1_2_1,Tcell (CD4)
B-2185,all,115,34,2731,5605,35,75949,0,0,0,0,0,B,8,Inflammatory monocyte,47,20,2,2,2_2,InflamMac
B-2188,all,12,4,2560,4456,16,16417,0,0,0,0,0,B,11,Alveolar fibroblast 1,36,5,1,1,1_4_1,AlveolarFib
B-2191,all,263,81,3001,4657,25,121006,430,1534,0,1,0,B,99,Endothelial progenitor cell,46,26,4,4,4_1_2,ClubEpi
B-2194,all,74,38,3665,5669,27,57892,0,0,0,0,0,B,15,B cell,56,38,1,1,1_2_1,Tcell (CD4)
B-2197,all,22,11,3446,5137,17,28485,0,0,0,0,0,B,12,Airway smooth muscle cell,40,12,3,3,3_2,SMC
B-2198,all,129,52,2948,4586,26,55556,0,0,0,0,0,B,69,Inflammatory monocyte,64,52,4,4,4_2,CiliatedEpi
B-2199,all,79,27,3046,5518,25,58837,0,0,0,0,0,B,9,Alveolar type 1 cell,53,27,6,6,6,AT1
B-2200,all,138,47,2000,5327,17,73074,0,0,0,0,0,B,7,Arterial endothelial cell,49,24,2,2,2_2,InflamMac
B-2202,all,87,40,1997,5279,13,57512,0,0,0,0,0,B,9,Alveolar fibroblast 1,60,41,2,2,2_4,Artery
B-2204,all,162,69,1978,5364,21,115211,0,0,0,0,0,B,21,Arterial endothelial cell,49,37,1,1,1_2_1,Tcell (CD4)
B-2205,all,75,34,2683,4418,23,55373,0,0,0,0,0,B,21,Alveolar fibroblast 1,56,35,1,1,1_4_1,AlveolarFib
B-2208,all,379,116,3314,5007,27,104364,0,0,0,0,0,B,147,Alveolar fibroblast 1,46,34,4,4,4_1_1,CiliatedEpi
B-2210,all,106,59,3046,3850,37,22044,0,0,0,0,0,B,28,Capillary 1 cell,68,55,4,4,4_1_1,CiliatedEpi
B-2211,all,100,45,2865,4252,20,42989,0,0,0,0,0,B,44,Endothelial progenitor cell,57,44,4,4,4_1_1,CiliatedEpi
B-2218,all,249,63,3035,4725,22,92054,0,0,0,0,0,B,153,Endothelial progenitor cell,41,24,4,4,4_2,CiliatedEpi
B-2224,all,257,99,2886,4386,16,45672,0,0,0,0,0,B,102,Secretory cell,46,29,4,4,4_1_1,ClubEpi
B-2228,all,185,60,3602,5223,15,62018,0,0,0,0,0,B,102,Venous endothelial cell,55,37,4,4,4_2,CiliatedEpi
B-2230,all,188,55,2949,5379,17,119806,0,0,0,0,0,B,46,Alveolar type 1 cell,53,33,6,6,6,AT1
B-2231,all,408,106,2878,4076,23,113276,0,0,0,0,0,B,196,Alveolar fibroblast 1,47,21,4,4,4_1_2,ClubEpi
B-2232,all,39,25,2225,3822,36,47685,0,0,0,0,0,B,4,CD4+ T cell,44,26,1,1,1_4_1,AlveolarFib
B-2236,all,76,28,3694,5426,37,39979,0,0,0,0,0,B,15,Inflammatory monocyte,55,28,1,1,1_2_3,Tcell (CD4)
B-2240,all,48,36,2892,4304,30,27211,0,0,0,0,0,B,18,Secretory cell,48,36,4,4,4_1_1,ClubEpi
B-2241,all,114,76,3028,4595,28,26486,0,0,0,0,0,B,29,Ciliated cell,48,40,4,4,4_1_1,ClubEpi
B-2243,all,113,53,2114,3933,27,101223,0,0,0,0,0,B,9,CD4+ T cell,49,32,1,1,1_5_2,AlveolarFib
B-2245,all,104,43,3017,5679,31,65794,0,0,0,0,0,B,10,Inflammatory monocyte,60,37,1,1,1_2_1,Tcell (CD4)
B-2247,all,79,29,3064,5676,39,32930,0,0,0,0,0,B,11,Alveolar type 1 cell,53,29,6,6,6,AT1
B-2248,all,6,5,2561,4529,14,15932,0,0,0,0,0,B,2,Proliferative mesenchymal progenitor cell,27,6,3,3,3_1,SMC
B-2251,all,141,52,3279,5010,20,38689,0,0,0,0,0,B,73,Endothelial progenitor cell,48,21,4,4,4_2,ClubEpi
B-2252,all,114,47,2638,4161,34,69819,0,0,0,0,0,B,5,CD4+ T cell,50,30,1,1,1_2_1,Tcell (CD4)
B-2254,all,52,25,2551,4583,24,74903,0,0,0,0,0,B,4,CD4+ T cell,52,25,1,1,1_2_1,Tcell (CD4)
B-2256,all,200,76,3030,4564,31,49613,0,0,0,0,0,B,46,Venous endothelial cell,52,32,4,4,4_1_1,ClubEpi
B-2258,all,51,37,3354,4988,40,8351,0,0,0,0,0,B,6,Ciliated cell,51,37,4,4,4_1_1,CiliatedEpi
B-2261,all,237,100,3160,4824,29,97662,0,0,0,0,0,B,63,Secretory cell,43,33,4,4,4_1_1,ClubEpi
B-2263,all,58,25,3527,5169,12,19032,0,0,0,0,0,B,29,Ciliated cell,42,25,4,4,4_1_2,CiliatedEpi
B-2265,all,36,14,2297,4981,37,18668,0,0,0,0,0,B,5,CD8+ T cell,44,15,2,2,2_2,InflamMac
B-2275,all,158,54,3415,5098,13,55331,0,0,0,0,0,B,91,Venous endothelial cell,46,19,4,4,4_2,ClubEpi
B-2279,all,166,73,3504,5108,25,99539,0,0,0,0,0,B,31,Secretory cell,43,30,4,4,4_1_1,ClubEpi
B-2283,all,373,105,2909,4469,24,112129,363,0,363,0,1,B,153,Ciliated cell,49,27,4,4,4_1_1,ClubEpi
B-2284,all,213,76,3031,4647,20,52815,1277,173,0,1,0,B,91,Venous endothelial cell,43,26,4,4,4_1_1,CiliatedEpi
B-2285,all,156,62,3772,5401,26,77198,0,0,0,0,0,B,48,Capillary 1 cell,39,28,4,4,4_1_2,CiliatedEpi
B-2286,all,172,83,2925,4435,25,40127,0,0,0,0,0,B,47,Arterial endothelial cell,52,37,4,4,4_1_1,ClubEpi
B-2287,all,119,42,3618,5255,24,43232,0,0,0,0,0,B,60,Ciliated cell,44,17,4,4,4_2,ClubEpi
B-2288,all,14,7,3463,5344,40,7886,0,0,0,0,0,B,4,CD8+ T cell,33,8,2,2,2_2,InflamMac
B-2289,all,8,6,2484,5204,14,26911,0,0,0,0,0,B,3,Sox9+/Id2+ epithelial cell,29,7,1,1,1_2_3,Tcell (CD4)
B-2290,all,126,65,3668,5202,38,26603,0,0,0,0,0,B,42,Ciliated cell,38,23,4,4,4_1_1,ClubEpi
B-2291,all,40,26,2997,4505,36,11557,0,0,0,0,0,B,8,Capillary 1 cell,42,26,8,8,8_2,InterstitialMac
B-2293,all,38,18,2887,4274,25,22443,0,0,0,0,0,B,7,Ciliated cell,42,17,4,4,4_1_3,CiliatedEpi
B-2294,all,311,105,2969,4511,26,83001,0,0,0,0,0,B,85,Alveolar fibroblast 1,43,33,4,4,4_1_1,ClubEpi
B-2298,all,29,16,5489,1633,30,55893,0,0,0,0,0,B,16,Pericyte,38,16,5,5,5_1,Pericyte
B-2299,all,43,22,4426,509,10,42593,0,0,0,0,0,B,14,Alveolar macrophage,43,22,8,8,8_1,AlveolarMac
B-2301,all,15,5,3973,961,13,51089,0,0,0,0,0,B,3,Alveolar type 1 cell,38,5,6,6,6,AT1
B-2302,all,20,15,4245,1601,36,35141,0,0,0,0,0,B,3,CD8+ T cell,40,15,7,7,7_2,PatrolMac
B-2303,all,106,25,5203,1776,23,91165,0,0,0,0,0,B,27,Alveolar type 1 cell,57,22,6,6,6,AT1
B-2305,all,46,31,4606,1864,32,70154,0,0,0,0,0,B,11,B cell,46,31,9,9,9,Bcell
B-2306,all,18,10,3823,1180,8,35921,0,0,0,0,0,B,5,CD8+ T cell,39,11,2,2,2_2,InflamMac
B-2308,all,30,19,4988,1524,15,71342,0,0,0,0,0,B,9,B cell,41,19,9,9,9,Bcell
B-2309,all,86,11,4744,1735,12,54720,0,0,0,0,0,B,78,Alveolar type 2 cell,53,11,1,1,1_1,AT2
B-2313,all,55,20,4214,1330,16,60314,0,0,0,0,0,B,34,Alveolar type 2 cell,51,20,1,1,1_1,AT2
B-2314,all,71,30,4547,1175,20,86194,0,0,0,0,0,B,17,Alveolar type 1 cell,52,30,1,1,1_3,AT2
B-2315,all,39,17,5579,1290,27,42964,0,0,0,0,0,B,2,Megakaryocyte/Platelet,42,18,2,2,2_2,InflamMac
B-2316,all,71,20,4881,899,27,78134,0,0,0,0,0,B,9,Alveolar type 1 cell,51,20,6,6,6,AT1
B-2318,all,145,18,5159,1195,16,85312,0,0,0,0,0,B,121,Alveolar type 2 cell,49,9,1,1,1_1,AT2
B-2319,all,61,30,5540,1634,33,53230,0,0,0,0,0,B,16,Alveolar macrophage,54,29,2,2,2_1,Capillary
B-2320,all,32,16,5522,224,11,55785,0,0,0,0,0,B,16,Alveolar fibroblast 1,42,17,3,3,3_1,SMC
B-2321,all,50,26,5533,1252,24,79032,0,0,0,0,0,B,7,CD4+ T cell,50,26,7,7,7_2,PatrolMac
B-2323,all,130,22,4830,912,28,84547,0,0,0,0,0,B,108,Alveolar type 2 cell,44,6,1,1,1_1,AT2
B-2329,all,23,18,3928,1548,32,40721,0,0,0,0,0,B,2,Mast cell,40,18,7,7,7_2,PatrolMac
B-2330,all,29,19,5536,95,35,53266,0,0,0,0,0,B,18,Capillary 1 cell,38,19,3,3,3_4,AdventitialFib
B-2332,all,82,30,5153,1688,27,90227,0,0,0,0,0,B,22,Alveolar macrophage,58,30,8,8,8_1,AlveolarMac
B-2333,all,29,19,5016,1109,23,51332,0,0,0,0,0,B,5,Sox9+/Id2+ epithelial cell,44,18,2,2,2_1,Capillary
B-2335,all,59,31,5541,1121,36,52592,0,0,0,0,0,B,11,Capillary 1 cell,55,31,8,8,8_2,InterstitialMac
B-2337,all,76,31,5505,1594,28,85503,0,0,0,0,0,B,15,Alveolar fibroblast 1,53,32,1,1,1_5_1,LymphaticEndo
B-2339,all,60,21,3987,529,29,76672,0,0,0,0,0,B,5,Natural killer cell,54,21,7,7,7_2,PatrolMac
B-2340,all,17,12,4627,1926,38,39446,0,0,0,0,0,B,7,B cell,33,12,9,9,9,Bcell
B-2341,all,31,18,4620,47,38,37694,0,0,0,0,0,B,3,CD8+ T cell,40,19,2,2,2_2,InflamMac
B-2342,all,69,28,4626,164,30,65030,0,0,0,0,0,B,40,Secondary crest myofibroblast,56,28,3,3,3_1,SMC
B-2343,all,30,21,3864,1574,27,41276,0,0,0,0,0,B,6,Inflammatory monocyte,42,21,2,2,2_1,Capillary
B-2344,all,109,19,5570,135,24,80035,0,0,0,0,0,B,86,Alveolar type 2 cell,48,11,1,1,1_3,AT2
B-2345,all,27,17,4074,518,22,47620,0,0,0,0,0,B,11,Alveolar fibroblast 1,38,18,1,1,1_5_1,LymphaticEndo
B-2350,all,41,23,4792,543,29,76262,0,0,0,0,0,B,8,Inflammatory monocyte,44,23,9,9,9,Bcell
B-2351,all,45,19,4661,293,14,65057,50,0,50,0,1,B,19,Airway smooth muscle cell,48,20,3,3,3_1,SMC
B-2352,all,56,22,5016,1853,30,83372,0,0,0,0,0,B,33,Pericyte,53,22,5,5,5_1,Pericyte
B-2355,all,43,27,4942,1928,10,56318,0,0,0,0,0,B,8,CD4+ T cell,44,27,2,2,2_3,Vein
B-2356,all,78,15,4172,1330,25,48220,0,0,0,0,0,B,59,Alveolar fibroblast 1,52,15,1,1,1_1,AT2
B-2357,all,197,12,4469,464,20,97544,0,0,0,0,0,B,185,Alveolar type 2 cell,50,4,1,1,1_1,AT2
B-2361,all,12,8,5283,1655,38,22065,0,0,0,0,0,B,2,Proliferative mesenchymal progenitor cell,36,10,1,1,1_5_1,LymphaticEndo
B-2362,all,50,28,5559,1845,31,58285,0,0,0,0,0,B,4,CD8+ T cell,51,29,2,2,2_2,InflamMac
B-2365,all,36,25,4113,1440,22,82100,0,0,0,0,0,B,11,Arterial endothelial cell,40,25,6,6,6,AT1
B-2368,all,78,28,5579,1034,32,79002,0,0,0,0,0,B,19,Alveolar fibroblast 1,52,29,2,2,2_4,Artery
B-2369,all,8,8,4086,1278,26,32164,0,0,0,0,0,B,2,Capillary 1 cell,26,9,2,2,2_3,Vein
B-2370,all,25,13,4305,855,21,38371,0,0,0,0,0,B,6,Innate lymphoid cell,40,15,2,2,2_5,DC
B-2372,all,20,15,5067,1828,22,59512,0,0,0,0,0,B,2,Venous endothelial cell,40,15,2,2,2_3,Vein
B-2374,all,197,24,4986,1905,30,95966,0,0,0,0,0,B,167,Alveolar type 2 cell,50,10,1,1,1_1,AT2
B-2377,all,28,14,4207,508,25,66124,0,0,0,0,0,B,3,Venous endothelial cell,43,14,2,2,2_3,Vein
B-2378,all,11,7,4959,1840,39,15756,0,0,0,0,0,B,7,Alveolar fibroblast 1,29,7,1,1,1_5_1,LymphaticEndo
B-2381,all,32,17,4199,960,34,65334,0,0,0,0,0,B,10,B cell,42,17,9,9,9,Bcell
B-2382,all,133,26,4643,112,26,79988,0,0,0,0,0,B,105,AT1/AT2,46,10,1,1,1_1,AT2
B-2383,all,58,18,4956,941,22,42012,0,0,0,0,0,B,3,Alveolar type 1 cell,51,18,6,6,6,AT1
B-2384,all,59,23,4068,1540,29,68948,0,0,0,0,0,B,15,Alveolar type 1 cell,54,23,6,6,6,AT1
B-2391,all,90,46,4573,1908,29,114178,0,0,0,0,0,B,22,Alveolar fibroblast 1,62,47,1,1,1_5_1,LymphaticEndo
B-2393,all,118,21,5545,1888,16,72086,0,0,0,0,0,B,28,AT1/AT2,47,13,6,6,6,AT1
B-2395,all,63,10,4284,878,11,30422,0,0,0,0,0,B,57,CD4+ T cell,51,10,1,1,1_1,AT2
B-2396,all,49,25,5360,1299,29,69300,0,0,0,0,0,B,4,CD8+ T cell,49,25,6,6,6,AT1
B-2397,all,50,24,4648,1145,8,42701,112,0,112,0,1,B,8,B cell,50,24,9,9,9,Bcell
B-2401,all,10,10,3930,912,26,97391,0,0,0,0,0,B,3,Natural killer cell,24,10,7,7,7_2,PatrolMac
B-2402,all,25,14,5091,1533,7,35379,0,0,0,0,0,B,6,Capillary 1 cell,41,13,2,2,2_1,Capillary
B-2404,all,24,15,4635,268,13,56461,0,0,0,0,0,B,4,Sox9+/Id2+ epithelial cell,45,15,2,2,2_3,Vein
B-2405,all,49,22,3898,1570,25,57883,0,0,0,0,0,B,10,Inflammatory monocyte,47,22,2,2,2_1,Capillary
B-2406,all,117,46,5264,1273,23,118255,0,0,0,0,0,B,17,Alveolar type 1 cell,46,26,6,6,6,AT1
B-2407,all,115,20,4565,1246,12,64518,0,0,0,0,0,B,94,Alveolar type 2 cell,48,10,1,1,1_1,AT2
B-2415,all,28,19,5242,1371,16,56806,0,0,0,0,0,B,7,Alveolar fibroblast 1,39,20,3,3,3_1,SMC
B-2416,all,21,12,3900,953,26,61099,0,0,0,0,0,B,7,Alveolar type 1 cell,43,12,1,1,1_5_2,AlveolarFib
B-2417,all,61,34,4510,1435,26,71412,0,0,0,0,0,B,10,Pericyte,56,34,5,5,5_1,Pericyte
B-2418,all,66,32,4769,982,26,95885,0,0,0,0,0,B,19,Pericyte,57,32,5,5,5_1,Pericyte
B-2419,all,79,37,5208,1190,24,78095,0,0,0,0,0,B,29,Alveolar fibroblast 1,56,37,1,1,1_5_1,LymphaticEndo
B-2420,all,81,43,5247,1224,35,57023,0,0,0,0,0,B,9,Alveolar type 1 cell,60,43,2,2,2_6,pDC
B-2421,all,22,9,5133,139,9,35106,0,0,0,0,0,B,5,Arterial endothelial cell,41,9,1,1,1_2_3,Tcell (CD4)
B-2423,all,71,43,5455,79,20,107031,0,0,0,0,0,B,16,Inflammatory monocyte,56,43,2,2,2_2,InflamMac
B-2424,all,63,29,4863,1257,35,60194,0,0,0,0,0,B,21,Alveolar type 2 cell,53,29,1,1,1_3,AT2
B-2428,all,46,24,4728,1058,31,75808,0,0,0,0,0,B,5,Capillary 1 cell,46,23,2,2,2_1,Capillary
B-2429,all,11,6,4574,329,9,8134,0,0,0,0,0,B,3,AT1/AT2,37,6,6,6,6,AT1
B-2430,all,106,35,5511,1335,23,87801,0,0,0,0,0,B,54,Alveolar type 2 cell,58,29,1,1,1_1,AT2
B-2431,all,60,29,5197,1431,37,58344,0,0,0,0,0,B,11,Alveolar macrophage,55,29,8,8,8_1,AlveolarMac
B-2432,all,63,26,4796,1615,11,84656,0,0,0,0,0,B,17,Alveolar fibroblast 1,52,26,2,2,2_4,Artery
B-2436,all,86,36,5107,1175,11,67596,0,0,0,0,0,B,30,Capillary 1 cell,59,37,2,2,2_5,DC
B-2438,all,7,5,4775,865,40,25287,0,0,0,0,0,B,2,B cell,26,8,9,9,9,Bcell
B-2439,all,87,18,5498,1916,32,43869,0,0,0,0,0,B,75,Alveolar type 2 cell,53,17,1,1,1_3,AT2
B-2441,all,31,12,5522,755,31,34661,0,0,0,0,0,B,13,Secondary crest myofibroblast,45,13,3,3,3_1,SMC
B-2442,all,55,33,4298,1639,16,79263,0,0,0,0,0,B,12,Vascular smooth muscle cell,54,33,1,1,1_3,AT2
B-2444,all,30,15,5526,786,35,30005,0,0,0,0,0,B,9,Alveolar fibroblast 1,39,16,3,3,3_1,SMC
B-2447,all,33,18,3818,1233,14,91615,0,0,0,0,0,B,5,Capillary 1 cell,41,18,2,2,2_1,Capillary
B-2448,all,32,9,4565,1289,13,18050,0,0,0,0,0,B,24,Alveolar type 2 cell,44,9,1,1,1_1,AT2
B-2449,all,45,21,4980,1127,19,49064,0,0,0,0,0,B,15,Capillary 1 cell,46,21,1,1,1_1,AT2
B-2450,all,47,29,5268,1323,30,86190,0,0,0,0,0,B,13,Alveolar macrophage,48,30,3,3,3_1,SMC
B-2452,all,36,22,4368,1605,24,58899,0,0,0,0,0,B,2,B cell,39,22,9,9,9,Bcell
B-2453,all,93,27,4707,1753,15,84886,0,0,0,0,0,B,53,Alveolar type 2 cell,56,26,1,1,1_1,AT2
B-2455,all,33,20,4151,937,28,91596,0,0,0,0,0,B,15,Alveolar fibroblast 1,41,21,1,1,1_5_1,LymphaticEndo
B-2456,all,76,37,5330,56,14,82698,0,0,0,0,0,B,7,Alveolar macrophage,57,37,2,2,2_1,Capillary
B-2458,all,29,15,4544,1312,15,36804,0,0,0,0,0,B,10,Alveolar fibroblast 1,39,15,2,2,2_1,Capillary
B-2459,all,47,29,4399,1511,24,89911,0,0,0,0,0,B,6,Capillary 1 cell,47,29,9,9,9,Bcell
B-2460,all,67,28,4782,918,20,90581,0,0,0,0,0,B,23,Capillary 1 cell,55,28,2,2,2_1,Capillary
B-2461,all,16,8,3878,933,35,24916,0,0,0,0,0,B,3,Alveolar type 1 cell,37,8,6,6,6,AT1
B-2463,all,42,24,3832,538,25,93667,0,0,0,0,0,B,7,Venous endothelial cell,45,24,2,2,2_3,Vein
B-2464,all,20,5,4598,610,14,14351,0,0,0,0,0,B,17,Sox9+/Id2+ epithelial cell,43,5,1,1,1_1,AT2
B-2465,all,80,35,5395,1284,31,81426,0,0,0,0,0,B,4,Capillary 1 cell,59,35,2,2,2_1,Capillary
B-2466,all,52,14,4111,470,12,57617,0,0,0,0,0,B,32,Alveolar type 2 cell,50,14,1,1,1_1,AT2
B-2469,all,72,29,4996,1437,27,101730,0,0,0,0,0,B,13,Capillary 1 cell,54,30,2,2,2_2,InflamMac
B-2471,all,79,32,5610,1797,23,81281,0,0,0,0,0,B,4,Alveolar fibroblast 1,57,33,1,1,1_5_2,AlveolarFib
B-2472,all,15,11,5255,1629,37,38230,0,0,0,0,0,B,6,B cell,33,11,9,9,9,Bcell
B-2475,all,17,12,4493,861,37,29513,0,0,0,0,0,B,8,Secretory cell,34,12,5,5,5_1,Pericyte
B-2477,all,20,13,5222,164,36,31622,0,0,0,0,0,B,2,Endothelial progenitor cell,39,13,2,2,2_1,Capillary
B-2481,all,114,17,5079,703,18,73384,0,0,0,0,0,B,100,Alveolar type 2 cell,49,9,1,1,1_1,AT2
B-2484,all,9,3,4613,589,9,14188,0,0,0,0,0,B,9,Pericyte,32,4,5,5,5_1,Pericyte
B-2485,all,35,22,4925,1553,24,46474,0,0,0,0,0,B,7,Capillary 1 cell,41,22,3,3,3_4,AdventitialFib
B-2489,all,16,6,3866,895,38,55045,0,0,0,0,0,B,3,B cell,37,6,6,6,6,AT1
B-2490,all,94,36,4102,1353,19,145377,0,0,0,0,0,B,13,Alveolar type 2 cell,61,37,2,2,2_2,InflamMac
B-2492,all,12,6,5018,736,10,48234,0,0,0,0,0,B,8,Alveolar type 2 cell,37,6,1,1,1_1,AT2
B-2494,all,128,23,4436,1444,19,88215,0,0,0,0,0,B,104,Alveolar type 2 cell,48,13,1,1,1_3,AT2
B-2495,all,55,30,4966,853,21,124934,0,0,0,0,0,B,11,Sox9+/Id2+ epithelial cell,55,30,2,2,2_1,Capillary
B-2496,all,19,16,4651,1727,19,40263,0,0,0,0,0,B,3,Chondrocyte,36,15,2,2,2_1,Capillary
B-2497,all,54,25,5460,747,14,58526,0,0,0,0,0,B,5,Capillary 1 cell,53,25,2,2,2_1,Capillary
B-2498,all,28,19,4795,1675,11,33389,0,0,0,0,0,B,5,Sox9+/Id2+ epithelial cell,40,20,2,2,2_2,InflamMac
B-2499,all,51,21,5080,752,20,56531,0,0,0,0,0,B,26,Natural killer cell,51,22,2,2,2_2,InflamMac
B-2501,all,30,22,5458,1917,38,49387,0,0,0,0,0,B,11,Pericyte,37,22,5,5,5_3,Pericyte
B-2504,all,23,14,4691,1805,30,71836,0,0,0,0,0,B,13,Pericyte,40,14,5,5,5_1,Pericyte
B-2505,all,29,17,4922,979,13,34876,0,0,0,0,0,B,8,Capillary 2 cell,38,18,2,2,2_1,Capillary
B-2506,all,83,21,5231,83,31,55446,0,0,0,0,0,B,13,Alveolar type 1 cell,54,21,6,6,6,AT1
B-2507,all,60,30,5546,853,16,77559,0,0,0,0,0,B,13,Capillary 1 cell,54,29,2,2,2_1,Capillary
B-2509,all,21,17,4665,207,10,70216,0,0,0,0,0,B,6,Pericyte,40,17,9,9,9,Bcell
B-2510,all,43,21,4840,1955,12,42095,0,0,0,0,0,B,8,CD8+ T cell,45,22,2,2,2_2,InflamMac
B-2511,all,63,25,4518,423,15,101050,0,0,0,0,0,B,27,Alveolar type 2 cell,54,25,2,2,2_6,pDC
B-2513,all,81,43,5001,1777,9,69174,0,0,0,0,0,B,7,Capillary 1 cell,58,43,2,2,2_3,Vein
B-2517,all,70,26,5527,1928,24,62926,0,0,0,0,0,B,30,Alveolar type 2 cell,52,27,3,3,3_1,SMC
B-2518,all,46,17,5208,44,24,71582,0,0,0,0,0,B,8,Capillary 2 cell,47,17,6,6,6,AT1
B-2519,all,42,14,5207,1238,40,20217,0,0,0,0,0,B,6,Alveolar type 1 cell,45,14,6,6,6,AT1
B-2520,all,22,12,4714,520,22,29810,0,0,0,0,0,B,8,Alveolar type 2 cell,41,12,1,1,1_1,AT2
B-2521,all,37,14,4210,1299,24,57568,0,0,0,0,0,B,17,Alveolar fibroblast 1,45,13,2,2,2_1,Capillary
B-2522,all,129,57,4263,511,20,146642,0,0,0,0,0,B,13,Alveolar fibroblast 1,41,24,1,1,1_5_4,pDC
B-2524,all,12,10,5571,1723,41,11859,0,0,0,0,0,B,3,Inflammatory monocyte,31,11,3,3,3_1,SMC
B-2529,all,25,12,4749,464,11,29807,0,0,0,0,0,B,6,Sox9+/Id2+ epithelial cell,43,12,2,2,2_3,Vein
B-2530,all,17,12,4427,671,33,56367,0,0,0,0,0,B,4,Alveolar fibroblast 1,38,13,1,1,1_4_3,AlveolarFib
B-2532,all,79,33,4442,1170,17,114532,0,0,0,0,0,B,16,Alveolar type 1 cell,58,33,6,6,6,AT1
B-2533,all,131,31,4593,1157,24,76434,0,0,0,0,0,B,22,Alveolar type 1 cell,44,11,6,6,6,AT1
B-2534,all,70,28,4952,913,25,70485,0,0,0,0,0,B,3,CD8+ T cell,58,28,7,7,7_2,PatrolMac
B-2535,all,106,53,4550,1380,23,90266,0,0,0,0,0,B,10,Secretory cell,51,35,3,3,3_6,SCMF
B-2542,all,31,19,4399,468,14,68305,0,0,0,0,0,B,11,Pericyte,41,19,5,5,5_1,Pericyte
B-2543,all,12,11,3820,1574,37,28538,0,0,0,0,0,B,4,Alveolar type 1 cell,30,10,2,2,2_1,Capillary
B-2545,all,8,4,5528,1508,33,12539,0,0,0,0,0,B,5,Alveolar fibroblast 1,19,7,1,1,1_5_1,LymphaticEndo
B-2547,all,61,31,4025,1574,33,68081,0,0,0,0,0,B,24,Pericyte,56,31,5,5,5_1,Pericyte
B-2550,all,38,25,4463,846,24,75998,0,0,0,0,0,B,4,Pericyte,41,25,5,5,5_3,Pericyte
B-2551,all,51,34,4018,1475,34,96817,0,0,0,0,0,B,12,Arterial endothelial cell,47,33,2,2,2_1,Capillary
B-2558,all,43,22,5237,1599,33,46383,0,0,0,0,0,B,3,CD8+ T cell,48,23,2,2,2_2,InflamMac
B-2559,all,49,34,4876,1696,30,94098,0,0,0,0,0,B,6,Capillary 1 cell,49,34,2,2,2_3,Vein
B-2562,all,37,7,4258,859,6,16341,0,0,0,0,0,B,34,Sox9+/Id2+ epithelial cell,45,7,1,1,1_3,AT2
B-2565,all,32,19,4537,581,16,46491,0,0,0,0,0,B,5,Vascular smooth muscle cell,41,19,3,3,3_6,SCMF
B-2567,all,63,32,4079,1476,26,95843,0,0,0,0,0,B,12,Inflammatory monocyte,56,33,1,1,1_4_3,AlveolarFib
B-2571,all,32,18,4615,1740,13,32152,0,0,0,0,0,B,7,B cell,41,18,2,2,2_1,Capillary
B-2573,all,8,4,4604,297,9,9390,0,0,0,0,0,B,6,Sox9+/Id2+ epithelial cell,30,6,1,1,1_1,AT2
B-2574,all,40,17,4618,88,34,25446,0,0,0,0,0,B,24,Capillary 1 cell,44,17,2,2,2_3,Vein
B-2575,all,40,22,3792,767,19,96791,0,0,0,0,0,B,20,Pericyte,44,22,5,5,5_3,Pericyte
B-2579,all,24,11,4684,1143,9,34825,0,0,0,0,0,B,11,B cell,43,11,2,2,2_1,Capillary
B-2581,all,12,9,5051,13,37,13838,0,0,0,0,0,B,5,Alveolar fibroblast 1,26,8,1,1,1_5_1,LymphaticEndo
B-2584,all,52,23,4367,505,23,86554,0,0,0,0,0,B,4,Sox9+/Id2+ epithelial cell,53,24,2,2,2_3,Vein
B-2585,all,23,10,5134,171,15,27653,0,0,0,0,0,B,6,Alveolar fibroblast 1,42,11,3,3,3_1,SMC
B-2586,all,28,16,4728,1154,15,53145,0,0,0,0,0,B,4,Capillary 1 cell,42,15,2,2,2_1,Capillary
B-2589,all,33,19,4302,1560,31,41415,0,0,0,0,0,B,6,Alveolar fibroblast 1,39,19,7,7,7_2,PatrolMac
B-2590,all,35,24,4334,1618,20,44218,0,0,0,0,0,B,4,Neutrophil,42,25,3,3,3_1,SMC
B-2593,all,31,10,4943,961,17,31674,0,0,0,0,0,B,8,Alveolar type 1 cell,43,10,6,6,6,AT1
B-2597,all,32,11,4759,491,13,26117,0,0,0,0,0,B,25,Alveolar type 2 cell,42,11,1,1,1_1,AT2
B-2598,all,39,19,4197,1276,29,56332,0,0,0,0,0,B,9,Capillary 1 cell,45,19,2,2,2_1,Capillary
B-2600,all,17,10,4517,617,17,50395,0,0,0,0,0,B,5,Capillary 1 cell,36,10,3,3,3_3,AdventitialFib
B-2603,all,35,24,5285,112,36,46393,0,0,0,0,0,B,5,Secondary crest myofibroblast,42,24,2,2,2_1,Capillary
B-2605,all,35,20,3867,1550,15,35096,0,0,0,0,0,B,4,Capillary 1 cell,41,19,2,2,2_1,Capillary
B-2607,all,36,21,4946,997,20,43115,0,0,0,0,0,B,12,Sox9+/Id2+ epithelial cell,40,21,6,6,6,AT1
B-2610,all,117,30,5542,1357,23,81085,0,0,0,0,0,B,64,Sox9+/Id2+ epithelial cell,45,14,1,1,1_3,AT2
B-2616,all,17,7,4588,315,11,8412,0,0,0,0,0,B,13,Alveolar type 2 cell,39,7,1,1,1_1,AT2
B-2617,all,8,5,4052,564,42,13837,0,0,0,0,0,B,3,Alveolar type 1 cell,25,7,3,3,3_1,SMC
B-2628,all,95,44,4997,2332,26,72272,0,0,0,0,0,B,23,Inflammatory monocyte,62,43,1,1,1_4_1,AlveolarFib
B-2629,all,57,25,4230,2665,26,31796,0,0,0,0,0,B,26,Inflammatory monocyte,52,25,5,5,5_1,Pericyte
B-2631,all,41,26,5511,1961,26,27824,0,0,0,0,0,B,4,CD4+ T cell,41,26,1,1,1_2_1,Tcell (CD4)
B-2637,all,416,115,4252,3182,24,93067,0,0,0,0,0,B,148,Arterial endothelial cell,49,34,4,4,4_1_1,ClubEpi
B-2638,all,142,49,4809,2266,23,100171,0,0,0,0,0,B,13,CD8+ T cell,51,31,2,2,2_2,InflamMac
B-2640,all,305,89,4680,2811,21,90946,0,0,0,0,0,B,156,Alveolar fibroblast 1,49,25,4,4,4_1_1,ClubEpi
B-2642,all,38,20,5084,2026,36,32132,0,0,0,0,0,B,8,Pericyte,42,20,5,5,5_1,Pericyte
B-2648,all,139,46,4211,2696,18,84472,0,0,0,0,0,B,35,Alveolar type 1 cell,46,22,6,6,6,AT1
B-2650,all,90,38,4818,2441,26,88925,0,0,0,0,0,B,17,Pericyte,60,37,3,3,3_2,SMC
B-2651,all,53,22,4445,2014,33,69717,0,0,0,0,0,B,7,Proliferative mesenchymal progenitor cell,51,22,1,1,1_2_1,Tcell (CD4)
B-2652,all,185,40,4305,3069,24,71646,0,0,0,0,0,B,149,Capillary 1 cell,54,13,4,4,4_1_1,ClubEpi
B-2653,all,105,40,4592,2742,32,74468,0,0,0,0,0,B,18,Proliferative mesenchymal progenitor cell,58,36,3,3,3_3,AdventitialFib
B-2655,all,180,63,4840,2503,26,91131,0,0,0,0,0,B,22,Alveolar fibroblast 1,52,32,1,1,1_5_2,AlveolarFib
B-2656,all,139,46,4875,1965,23,72945,0,0,0,0,0,B,10,Inflammatory monocyte,47,22,1,1,1_2_1,Tcell (CD4)
B-2657,all,115,40,4597,2677,13,71748,0,0,0,0,0,B,21,Alveolar type 1 cell,45,26,1,1,1_4_1,AlveolarFib
B-2658,all,62,29,3804,3308,36,15528,74834,401,74433,0.005358527,0.9946415,B,3,CD4+ T cell,55,29,1,1,1_2_1,Tcell (CD4)
B-2659,all,171,59,4979,2380,24,92320,0,0,0,0,0,B,39,Alveolar fibroblast 1,51,34,1,1,1_5_2,AlveolarFib
B-2661,all,43,22,4465,2852,35,28083,0,0,0,0,0,B,2,CD4+ T cell,44,22,1,1,1_2_1,Tcell (CD4)
B-2662,all,59,26,3953,3040,30,40381,0,0,0,0,0,B,4,Inflammatory monocyte,54,26,1,1,1_2_3,Tcell (CD4)
B-2663,all,256,63,5039,2599,33,60909,0,0,0,0,0,B,40,Endothelial progenitor cell,54,30,2,2,2_5,DC
B-2664,all,204,79,5465,2217,34,49605,0,0,0,0,0,B,47,B cell,56,40,2,2,2_5,DC
B-2665,all,203,52,4050,3194,18,47811,396303,174324,275369,0.3876511,0.6123489,B,79,Arterial endothelial cell,50,22,4,4,4_1_2,CiliatedEpi
B-2666,all,383,120,4565,2977,33,84673,0,0,0,0,0,B,98,Arterial endothelial cell,45,33,4,4,4_1_1,ClubEpi
B-2667,all,39,24,3993,3176,33,29022,0,6952,0,1,0,B,7,CD4+ T cell,40,24,1,1,1_2_1,Tcell (CD4)
B-2669,all,44,28,5472,2061,14,32266,0,0,0,0,0,B,7,Innate lymphoid cell,51,30,2,2,2_5,DC
B-2670,all,232,87,4171,3267,35,61386,2007,0,2007,0,1,B,65,Venous endothelial cell,48,30,4,4,4_1_1,ClubEpi
B-2672,all,67,28,4794,2670,29,58469,0,0,0,0,0,B,38,Secondary crest myofibroblast,54,29,3,3,3_2,SMC
B-2674,all,114,40,3861,2289,18,80341,0,0,0,0,0,B,52,B cell,50,25,9,9,9,Bcell
B-2676,all,45,22,4841,2073,23,56284,0,0,0,0,0,B,7,B cell,45,22,9,9,9,Bcell
B-2677,all,91,29,3868,3303,22,32762,319639,82734,266721,0.2367515,0.7632485,B,7,CD4+ T cell,61,29,1,1,1_2_1,Tcell (CD4)
B-2679,all,136,43,4304,2754,21,81139,0,0,0,0,0,B,8,Secondary crest myofibroblast,51,25,3,3,3_6,SCMF
B-2680,all,17,8,4201,3106,25,42053,0,0,0,0,0,B,4,Alveolar type 1 cell,35,10,1,1,1_5_1,LymphaticEndo
B-2681,all,311,77,4438,2999,18,79444,0,0,0,0,0,B,190,Capillary 1 cell,56,24,4,4,4_2,ClubEpi
B-2683,all,125,49,4685,2589,13,83127,0,0,0,0,0,B,14,Alveolar type 1 cell,42,25,3,3,3_2,SMC
B-2685,all,47,24,4214,2753,38,58447,0,0,0,0,0,B,4,CD4+ T cell,47,24,1,1,1_2_1,Tcell (CD4)
B-2686,all,93,36,5185,2216,25,83421,0,0,0,0,0,B,26,Alveolar type 1 cell,61,34,1,1,1_4_1,AlveolarFib
B-2688,all,461,108,4198,3212,17,99424,52,0,52,0,1,B,170,Alveolar fibroblast 1,55,39,4,4,4_1_1,ClubEpi
B-2689,all,97,45,3850,2356,33,64476,0,0,0,0,0,B,11,CD4+ T cell,61,44,1,1,1_5_2,AlveolarFib
B-2691,all,152,56,4729,2680,25,105463,0,0,0,0,0,B,9,Proliferative mesenchymal progenitor cell,51,29,1,1,1_2_1,Tcell (CD4)
B-2694,all,238,61,3982,3225,24,82917,728278,238805,522008,0.3138813,0.6861187,B,33,Alveolar fibroblast 1,56,26,4,4,4_1_3,CiliatedEpi
B-2696,all,12,9,4301,2837,38,19118,0,0,0,0,0,B,2,CD4+ T cell,30,9,1,1,1_2_1,Tcell (CD4)
B-2697,all,344,102,5239,2395,22,71862,0,0,0,0,0,B,120,Venous endothelial cell,61,46,4,4,4_1_1,ClubEpi
B-2698,all,319,115,4874,2681,24,91554,0,0,0,0,0,B,84,Venous endothelial cell,47,36,4,4,4_1_1,ClubEpi
B-2699,all,455,106,4739,2809,23,96882,0,0,0,0,0,B,164,Alveolar fibroblast 1,51,37,4,4,4_1_1,ClubEpi
B-2702,all,39,17,5576,1959,17,47802,0,0,0,0,0,B,12,CD4+ T cell,44,18,3,3,3_2,SMC
B-2704,all,116,59,4671,2714,31,69490,0,0,0,0,0,B,12,Alveolar macrophage,46,29,3,3,3_4,AdventitialFib
B-2705,all,107,35,4074,3063,26,44009,0,0,0,0,0,B,5,Inflammatory monocyte,58,28,1,1,1_2_1,Tcell (CD4)
B-2706,all,101,43,5036,1995,36,70301,0,0,0,0,0,B,30,Alveolar fibroblast 1,64,40,3,3,3_5,SMC
B-2707,all,53,31,5146,2257,35,61344,0,0,0,0,0,B,12,B cell,53,31,1,1,1_2_1,Tcell (CD4)
B-2708,all,62,30,4848,2110,36,31198,0,0,0,0,0,B,6,CD4+ T cell,55,30,7,7,7_3,Tcell (CD8)
B-2710,all,185,61,4149,3218,24,80796,2585,0,2585,0,1,B,105,Venous endothelial cell,44,32,4,4,4_2,CiliatedEpi
B-2711,all,468,119,5198,2408,20,120907,0,0,0,0,0,B,197,Venous endothelial cell,48,31,4,4,4_1_1,CiliatedEpi
B-2712,all,49,31,4479,2822,36,34071,0,0,0,0,0,B,5,Proliferative mesenchymal progenitor cell,49,31,3,3,3_3,AdventitialFib
B-2713,all,104,41,4846,2601,29,77442,0,0,0,0,0,B,34,Alveolar fibroblast 2,60,36,3,3,3_3,AdventitialFib
B-2714,all,66,25,5207,2311,24,71408,0,0,0,0,0,B,31,B cell,57,26,3,3,3_2,SMC
B-2717,all,56,26,3972,2278,25,76505,0,0,0,0,0,B,13,Pericyte,52,26,1,1,1_2_1,Tcell (CD4)
B-2719,all,107,47,4414,2950,30,62272,0,0,0,0,0,B,6,CD4+ T cell,61,41,3,3,3_2,SMC
B-2722,all,378,81,4365,3064,19,98430,0,0,0,0,0,B,232,Endothelial progenitor cell,50,20,4,4,4_1_1,ClubEpi
B-2723,all,112,42,3944,2979,14,71960,0,0,0,0,0,B,23,CD4+ T cell,43,23,2,2,2_5,DC
B-2724,all,47,22,3900,2340,18,74549,0,0,0,0,0,B,17,Inflammatory monocyte,48,23,1,1,1_4_1,AlveolarFib
B-2725,all,56,17,4925,2562,28,49097,0,0,0,0,0,B,36,Capillary 1 cell,53,18,3,3,3_2,SMC
B-2726,all,76,29,5448,2045,29,52565,0,0,0,0,0,B,6,Inflammatory monocyte,58,30,1,1,1_4_1,AlveolarFib
B-2727,all,153,54,3919,3074,18,69591,0,0,0,0,0,B,16,Inflammatory monocyte,49,27,1,1,1_2_3,Tcell (CD4)
B-2728,all,68,31,5317,2246,15,47327,0,0,0,0,0,B,12,Secondary crest myofibroblast,57,31,3,3,3_4,AdventitialFib
B-2729,all,237,86,3992,3325,29,50663,194146,8331,189033,0.04221135,0.9577887,B,79,Venous endothelial cell,53,37,4,4,4_1_1,ClubEpi
B-2730,all,48,26,5493,2021,18,38650,0,0,0,0,0,B,3,CD4+ T cell,48,26,1,1,1_2_1,Tcell (CD4)
B-2731,all,64,30,4120,3085,26,81519,0,0,0,0,0,B,13,Secondary crest myofibroblast,57,30,3,3,3_2,SMC
B-2732,all,126,44,4518,2911,23,65903,0,0,0,0,0,B,75,Endothelial progenitor cell,48,20,3,3,3_2,SMC
B-2734,all,282,67,4737,2759,17,68622,0,0,0,0,0,B,167,Endothelial progenitor cell,52,26,4,4,4_1_1,ClubEpi
B-2737,all,35,17,4364,2464,38,18859,0,0,0,0,0,B,5,B cell,42,17,1,1,1_2_1,Tcell (CD4)
B-2739,all,103,58,4084,2604,33,59520,0,0,0,0,0,B,12,Inflammatory monocyte,60,47,2,2,2_1,Capillary
B-2740,all,28,22,3820,3455,39,7474,7387,177,7333,0.02356858,0.9764314,B,8,Endothelial progenitor cell,39,22,4,4,4_1_1,CiliatedEpi
B-2743,all,71,30,3951,2491,32,61309,0,0,0,0,0,B,9,CD4+ T cell,53,30,7,7,7_2,PatrolMac
B-2744,all,354,103,4298,3196,33,75546,710,0,710,0,1,B,87,Venous endothelial cell,47,31,4,4,4_1_1,ClubEpi
B-2745,all,12,5,4141,2867,8,16286,0,0,0,0,0,B,6,Alveolar macrophage,26,5,8,8,8_1,AlveolarMac
B-2746,all,47,22,5083,2088,30,52232,0,0,0,0,0,B,2,CD4+ T cell,47,22,1,1,1_2_1,Tcell (CD4)
B-2747,all,24,14,4232,2515,11,34075,0,0,0,0,0,B,6,Neutrophil,38,14,1,1,1_2_1,Tcell (CD4)
B-2749,all,112,40,5113,2131,19,80469,0,0,0,0,0,B,16,Alveolar fibroblast 1,51,28,1,1,1_5_2,AlveolarFib
B-2751,all,265,83,4069,3260,21,67083,574867,38968,544292,0.06681068,0.9331893,B,77,Arterial endothelial cell,50,27,4,4,4_1_1,CiliatedEpi
B-2754,all,68,36,4290,2798,34,67615,0,0,0,0,0,B,7,CD4+ T cell,59,36,1,1,1_5_2,AlveolarFib
B-2755,all,96,36,4818,2576,21,73450,0,0,0,0,0,B,11,Proliferative mesenchymal progenitor cell,60,35,3,3,3_3,AdventitialFib
B-2758,all,396,101,4406,3095,29,96177,0,0,0,0,0,B,146,Venous endothelial cell,51,38,4,4,4_1_1,ClubEpi
B-2760,all,165,54,4847,2661,17,59966,0,0,0,0,0,B,93,Venous endothelial cell,50,24,4,4,4_1_1,ClubEpi
B-2762,all,166,42,4781,2420,15,90373,0,0,0,0,0,B,18,CD8+ T cell,54,23,2,2,2_2,InflamMac
B-2763,all,57,30,4880,2156,33,50491,0,0,0,0,0,B,13,B cell,55,31,3,3,3_2,SMC
B-2765,all,42,19,4809,2058,18,32599,56,56,0,1,0,B,10,B cell,45,19,9,9,9,Bcell
B-2767,all,27,17,4321,2862,40,24872,0,0,0,0,0,B,10,B cell,41,17,9,9,9,Bcell
B-2770,all,67,32,5095,1984,33,49864,0,0,0,0,0,B,17,CD8+ T cell,57,33,3,3,3_2,SMC
B-2771,all,94,44,5118,2544,37,18004,0,0,0,0,0,B,10,CD8+ T cell,64,43,2,2,2_5,DC
B-2773,all,259,89,5459,2180,29,77971,0,0,0,0,0,B,93,Alveolar fibroblast 1,55,41,4,4,4_1_1,ClubEpi
B-2774,all,55,21,5030,2058,29,47651,0,0,0,0,0,B,11,CD4+ T cell,52,21,1,1,1_2_1,Tcell (CD4)
B-2777,all,27,13,4355,2427,25,24868,0,0,0,0,0,B,9,CD4+ T cell,42,14,1,1,1_4_1,AlveolarFib
B-2778,all,10,4,4461,2900,24,14559,0,0,0,0,0,B,7,CD4+ T cell,32,5,3,3,3_2,SMC
B-2779,all,37,23,5372,2146,37,17789,0,0,0,0,0,B,5,Inflammatory monocyte,41,24,3,3,3_5,SMC
B-2781,all,48,20,4178,3057,27,70959,0,0,0,0,0,B,24,Secondary crest myofibroblast,48,20,3,3,3_2,SMC
B-2783,all,38,9,4017,3150,22,18046,0,0,0,0,0,B,3,Inflammatory monocyte,44,9,1,1,1_2_3,Tcell (CD4)
B-2784,all,131,48,5006,2460,28,76954,0,0,0,0,0,B,18,B cell,48,27,1,1,1_2_1,Tcell (CD4)
B-2785,all,43,21,5283,2217,38,26832,0,0,0,0,0,B,4,T regulatory cell,44,21,1,1,1_2_1,Tcell (CD4)
B-2786,all,25,20,5429,2166,31,16465,0,0,0,0,0,B,7,Capillary 1 cell,37,21,3,3,3_2,SMC
B-2787,all,305,96,5517,2108,17,74113,0,0,0,0,0,B,119,Venous endothelial cell,51,32,4,4,4_1_1,ClubEpi
B-2788,all,139,44,4808,2165,29,75650,0,0,0,0,0,B,20,CD4+ T cell,52,25,1,1,1_2_1,Tcell (CD4)
B-2789,all,156,48,4982,2067,28,108108,0,0,0,0,0,B,36,Alveolar fibroblast 1,55,30,1,1,1_4_1,AlveolarFib
B-2790,all,17,10,4257,3054,32,20926,0,0,0,0,0,B,6,Vascular smooth muscle cell,36,11,3,3,3_2,SMC
B-2791,all,38,17,5204,2183,37,20286,0,0,0,0,0,B,11,CD8+ T cell,45,17,6,6,6,AT1
B-2792,all,122,51,4668,2913,39,23474,0,0,0,0,0,B,21,B cell,43,28,2,2,2_5,DC
B-2793,all,75,41,4960,2656,35,18769,0,0,0,0,0,B,13,Neutrophil,60,43,2,2,2_5,DC
B-2795,all,70,24,5557,1998,19,41628,0,0,0,0,0,B,5,CD4+ T cell,55,25,3,3,3_2,SMC
B-2796,all,416,123,4465,3068,33,81781,0,0,0,0,0,B,119,Arterial endothelial cell,48,36,2,2,2_5,DC
B-2797,all,30,16,5168,2367,37,24671,0,0,0,0,0,B,14,Secondary crest myofibroblast,39,16,3,3,3_2,SMC
B-2798,all,95,35,4017,2903,12,54963,0,0,0,0,0,B,14,Mesothelial cell,64,34,3,3,3_3,AdventitialFib
B-2800,all,143,45,4659,2639,21,116735,0,0,0,0,0,B,32,Alveolar type 1 cell,49,27,1,1,1_4_1,AlveolarFib
B-2801,all,457,129,4337,3111,20,114504,574,0,574,0,1,B,193,Capillary 1 cell,47,31,4,4,4_1_1,ClubEpi
B-2804,all,77,37,5142,2169,16,73281,0,0,0,0,0,B,24,Arterial endothelial cell,55,37,1,1,1_5_1,LymphaticEndo
B-2806,all,31,19,3819,2984,35,12472,0,0,0,0,0,B,4,Alveolar macrophage,39,19,1,1,1_2_3,Tcell (CD4)
B-2807,all,101,40,3877,3098,9,49732,0,0,0,0,0,B,14,Inflammatory monocyte,64,38,1,1,1_2_3,Tcell (CD4)
B-2808,all,165,65,4914,1997,29,100427,0,0,0,0,0,B,16,Inflammatory monocyte,56,42,1,1,1_4_1,AlveolarFib
B-2809,all,70,38,5294,2089,30,63278,0,0,0,0,0,B,9,CD4+ T cell,51,39,3,3,3_1,SMC
B-2810,all,281,93,4364,3148,34,65713,0,0,0,0,0,B,54,Venous endothelial cell,52,37,2,2,2_5,DC
B-2811,all,86,43,4105,2650,23,67341,0,0,0,0,0,B,5,Secretory cell,59,43,2,2,2_1,Capillary
B-2812,all,107,43,4129,2952,35,61467,0,0,0,0,0,B,4,Inflammatory monocyte,58,30,1,1,1_2_1,Tcell (CD4)
B-2813,all,71,40,4160,2711,24,61143,0,0,0,0,0,B,14,Alveolar type 1 cell,57,41,1,1,1_4_1,AlveolarFib
B-2814,all,23,10,4332,2385,13,55207,0,0,0,0,0,B,7,Alveolar fibroblast 1,40,10,3,3,3_4,AdventitialFib
B-2815,all,153,46,3881,3391,35,42342,68127,18855,49858,0.2744022,0.7255978,B,5,Venous endothelial cell,50,27,1,1,1_6_2,Neutrophil
B-2816,all,266,90,4230,3235,35,63217,0,0,0,0,0,B,68,Venous endothelial cell,49,30,2,2,2_5,DC
B-2817,all,229,71,5014,2282,25,148382,0,0,0,0,0,B,31,Alveolar fibroblast 1,58,44,1,1,1_2_1,Tcell (CD4)
B-2819,all,181,58,3786,2978,27,90811,0,0,0,0,0,B,27,Inflammatory monocyte,56,36,7,7,7_2,PatrolMac
B-2820,all,210,71,5047,2512,23,77059,0,0,0,0,0,B,92,Venous endothelial cell,53,31,4,4,4_1_1,ClubEpi
B-2823,all,133,46,4544,2702,21,89584,0,0,0,0,0,B,12,CD4+ T cell,45,21,1,1,1_4_1,AlveolarFib
B-2827,all,28,18,5279,2248,20,27325,0,0,0,0,0,B,11,Alveolar macrophage,37,18,3,3,3_6,SCMF
B-2828,all,161,58,3977,3011,20,94105,0,0,0,0,0,B,40,Inflammatory monocyte,52,30,1,1,1_2_1,Tcell (CD4)
B-2831,all,225,51,5011,2119,21,125659,0,0,0,0,0,B,29,CD8+ T cell,58,34,3,3,3_5,SMC
B-2835,all,33,21,4259,2971,21,26491,0,0,0,0,0,B,4,Inflammatory monocyte,41,21,1,1,1_2_3,Tcell (CD4)
B-2836,all,38,26,4249,2550,10,32614,0,0,0,0,0,B,6,CD4+ T cell,42,26,1,1,1_2_1,Tcell (CD4)
B-2838,all,248,88,5366,2308,31,48657,0,0,0,0,0,B,53,Venous endothelial cell,49,30,2,2,2_5,DC
B-2839,all,75,33,5158,2331,31,59780,0,0,0,0,0,B,12,CD4+ T cell,57,34,3,3,3_2,SMC
B-2841,all,116,47,3842,2961,22,57888,0,0,0,0,0,B,12,Alveolar macrophage,52,27,8,8,8_1,AlveolarMac
B-2842,all,179,41,3900,3323,16,38483,448482,206604,284806,0.420431,0.579569,B,3,CD4+ T cell,58,22,1,1,1_2_1,Tcell (CD4)
B-2844,all,239,69,4492,2958,17,106437,0,0,0,0,0,B,126,Alveolar fibroblast 1,50,23,4,4,4_2,ClubEpi
B-2846,all,195,60,3875,3248,16,86457,160,0,160,0,1,B,29,Inflammatory monocyte,56,33,1,1,1_2_3,Tcell (CD4)
B-2847,all,35,20,4970,2461,15,38064,0,0,0,0,0,B,4,Interstitial macrophage,44,20,8,8,8_3,InterstitialMac
B-2848,all,21,12,3992,3147,40,10316,0,0,0,0,0,B,2,CD4+ T cell,41,12,1,1,1_2_1,Tcell (CD4)
B-2849,all,98,38,4039,2907,22,36908,0,0,0,0,0,B,20,Mesothelial cell,62,37,3,3,3_3,AdventitialFib
B-2853,all,164,58,4231,3137,19,76296,0,0,0,0,0,B,101,Endothelial progenitor cell,55,40,4,4,4_1_2,CiliatedEpi
B-2854,all,67,36,3944,3147,18,32505,0,0,0,0,0,B,6,CD4+ T cell,60,37,3,3,3_2,SMC
B-2857,all,113,46,4643,2686,18,87969,0,0,0,0,0,B,20,Alveolar fibroblast 1,51,34,1,1,1_4_1,AlveolarFib
B-2858,all,445,119,5558,2094,28,114433,0,0,0,0,0,B,121,Natural killer cell,51,36,4,4,4_1_1,ClubEpi
B-2859,all,38,21,4227,3079,27,49779,0,0,0,0,0,B,18,Secondary crest myofibroblast,43,22,3,3,3_2,SMC
B-2861,all,26,14,5247,2097,40,22054,0,0,0,0,0,B,4,CD4+ T cell,44,14,1,1,1_2_1,Tcell (CD4)
B-2862,all,184,55,4909,2263,33,109649,0,0,0,0,0,B,11,CD4+ T cell,55,31,1,1,1_2_1,Tcell (CD4)
B-2863,all,99,52,4739,2637,31,79584,0,0,0,0,0,B,18,Mesothelial cell,66,50,3,3,3_3,AdventitialFib
B-2865,all,184,50,3923,3115,24,70449,0,0,0,0,0,B,6,Proliferative mesenchymal progenitor cell,61,34,1,1,1_2_1,Tcell (CD4)
B-2866,all,35,21,4953,2089,11,41960,0,0,0,0,0,B,11,Alveolar fibroblast 1,43,22,1,1,1_5_1,LymphaticEndo
B-2869,all,37,17,4173,2981,27,49352,0,0,0,0,0,B,3,CD4+ T cell,42,17,1,1,1_2_1,Tcell (CD4)
B-2870,all,26,12,4086,3132,38,28256,0,0,0,0,0,B,13,Alveolar macrophage,39,13,3,3,3_2,SMC
B-2872,all,28,18,3940,3186,37,33727,0,0,0,0,0,B,4,CD4+ T cell,34,19,3,3,3_2,SMC
B-2873,all,62,35,4142,3030,21,39896,0,0,0,0,0,B,11,Alveolar fibroblast 2,57,35,3,3,3_3,AdventitialFib
B-2875,all,25,16,4027,3060,36,28606,0,0,0,0,0,B,3,T regulatory cell,41,17,1,1,1_6_2,Neutrophil
B-2877,all,135,51,4958,1981,18,113660,0,0,0,0,0,B,21,Inflammatory monocyte,46,32,1,1,1_2_1,Tcell (CD4)
B-2879,all,28,21,5100,2420,11,17548,0,0,0,0,0,B,3,CD4+ T cell,36,21,1,1,1_2_3,Tcell (CD4)
B-2880,all,39,17,4282,2519,31,39053,0,0,0,0,0,B,7,CD4+ T cell,44,17,1,1,1_2_1,Tcell (CD4)
B-2882,all,300,81,3812,3355,30,90205,215814,13993,192748,0.06768372,0.9323163,B,15,Venous endothelial cell,50,35,1,1,1_6_2,Neutrophil
B-2884,all,146,44,4052,3099,31,56524,0,0,0,0,0,B,11,Inflammatory monocyte,54,29,1,1,1_2_1,Tcell (CD4)
B-2887,all,43,19,4044,3152,14,41246,0,0,0,0,0,B,2,CD4+ T cell,44,19,1,1,1_2_1,Tcell (CD4)
B-2888,all,198,95,5327,2331,27,52649,0,0,0,0,0,B,47,Alveolar fibroblast 1,52,42,4,4,4_1_1,ClubEpi
B-2889,all,67,32,4374,2926,35,33510,0,0,0,0,0,B,8,CD4+ T cell,58,32,7,7,7_3,Tcell (CD8)
B-2890,all,6,4,4235,3047,24,25220,0,0,0,0,0,B,5,Secondary crest myofibroblast,17,7,3,3,3_6,SCMF
B-2891,all,253,96,5127,2506,25,81259,0,0,0,0,0,B,75,Alveolar fibroblast 1,52,40,4,4,4_1_1,ClubEpi
B-2892,all,172,59,4822,1989,23,108779,0,0,0,0,0,B,34,Alveolar fibroblast 1,54,33,1,1,1_4_1,AlveolarFib
B-2896,all,237,80,4424,3050,23,70263,0,0,0,0,0,B,114,Venous endothelial cell,52,32,4,4,4_1_1,ClubEpi
B-2899,all,206,59,4198,3152,24,81466,0,0,0,0,0,B,137,Pericyte,55,23,4,4,4_2,ClubEpi
B-2901,all,118,50,5537,2021,23,59881,0,0,0,0,0,B,10,Inflammatory monocyte,46,30,1,1,1_2_1,Tcell (CD4)
B-2902,all,137,46,5331,2183,23,109063,0,0,0,0,0,B,27,Inflammatory monocyte,55,29,1,1,1_2_1,Tcell (CD4)
B-2903,all,246,92,4904,2634,23,77480,0,0,0,0,0,B,97,Alveolar fibroblast 1,51,35,4,4,4_1_1,ClubEpi
B-2905,all,253,74,4773,2816,32,45665,0,0,0,0,0,B,32,CD4+ T cell,56,30,1,1,1_2_1,Tcell (CD4)
B-2906,all,41,25,3802,2370,36,36310,0,0,0,0,0,B,18,Inflammatory monocyte,44,26,3,3,3_5,SMC
B-2911,all,167,71,3933,3353,33,73845,62946,1015,61746,0.01617246,0.9838275,B,18,Ciliated cell,50,40,1,1,1_5_2,AlveolarFib
B-2912,all,218,65,3913,3158,21,75794,0,0,0,0,0,B,10,Proliferative mesenchymal progenitor cell,52,34,3,3,3_3,AdventitialFib
B-2914,all,191,63,4547,2934,23,77987,0,0,0,0,0,B,92,Alveolar fibroblast 1,57,33,4,4,4_1_1,ClubEpi
B-2917,all,418,82,4104,3215,21,94623,148192,97011,51126,0.6548735,0.3451265,B,213,Alveolar fibroblast 1,52,16,4,4,4_1_1,ClubEpi
B-2918,all,122,45,4116,3005,18,80262,0,0,0,0,0,B,21,B cell,47,25,1,1,1_2_3,Tcell (CD4)
B-2919,all,90,44,4288,2663,34,50836,0,0,0,0,0,B,18,Alveolar fibroblast 1,65,45,1,1,1_4_1,AlveolarFib
B-2922,all,473,125,4839,2724,27,109034,0,0,0,0,0,B,155,Venous endothelial cell,51,40,4,4,4_1_1,ClubEpi
B-2927,all,23,13,3882,2309,20,28831,0,0,0,0,0,B,9,CD4+ T cell,42,14,1,1,1_4_1,AlveolarFib
B-2929,all,79,50,4537,3018,38,22804,0,0,0,0,0,B,11,Venous endothelial cell,63,52,2,2,2_5,DC
B-2930,all,160,56,3807,2425,33,107724,0,0,0,0,0,B,28,Mesothelial cell,54,33,3,3,3_3,AdventitialFib
B-2933,all,152,72,4051,3304,34,40678,88957,992,86783,0.01130162,0.9886984,B,18,Capillary 1 cell,46,34,7,7,7_3,Tcell (CD8)
B-2934,all,226,67,4011,3202,22,60694,566960,154400,329672,0.3189608,0.6810392,B,68,Venous endothelial cell,52,29,4,4,4_1_2,CiliatedEpi
B-2936,all,298,72,4933,2334,20,138784,0,0,0,0,0,B,42,Inflammatory monocyte,50,28,1,1,1_4_1,AlveolarFib
B-2937,all,133,67,4996,2597,32,60221,0,0,0,0,0,B,27,Natural killer cell,47,33,1,1,1_2_1,Tcell (CD4)
B-2938,all,95,31,3674,2970,30,40406,0,0,0,0,0,B,8,Secondary crest myofibroblast,62,31,3,3,3_2,SMC
B-2939,all,201,78,4922,2656,30,59331,0,0,0,0,0,B,40,Secretory cell,54,38,1,1,1_2_1,Tcell (CD4)
B-2940,all,301,93,5520,2155,31,58838,0,0,0,0,0,B,60,Venous endothelial cell,50,28,2,2,2_5,DC
B-2941,all,29,12,4906,2125,31,42323,0,0,0,0,0,B,14,Vascular smooth muscle cell,39,13,1,1,1_4_3,AlveolarFib
B-2944,all,32,11,4845,2011,32,15010,0,0,0,0,0,B,6,CD8+ T cell,44,12,2,2,2_2,InflamMac
B-2945,all,120,52,5225,2429,35,23629,0,0,0,0,0,B,20,Natural killer cell,42,24,2,2,2_5,DC
B-2946,all,484,124,4657,2869,27,113987,0,0,0,0,0,B,164,Venous endothelial cell,49,35,4,4,4_1_1,ClubEpi
B-2950,all,238,78,3955,3299,24,78493,954840,192040,720643,0.2104126,0.7895874,B,14,Secretory cell,57,39,1,1,1_2_1,Tcell (CD4)
B-2951,all,59,27,5059,2063,25,62290,0,0,0,0,0,B,8,CD8+ T cell,53,28,2,2,2_2,InflamMac
B-2952,all,51,27,3920,3396,40,9970,104861,515,103945,0.004930117,0.9950699,B,3,T regulatory cell,53,28,1,1,1_6_2,Neutrophil
B-2953,all,90,49,5588,2084,34,20665,0,0,0,0,0,B,18,Endothelial progenitor cell,64,48,4,4,4_1_1,ClubEpi
B-2958,all,76,39,3826,3298,35,29772,7390,0,7390,0,1,B,6,CD4+ T cell,57,40,3,3,3_2,SMC
B-2959,all,41,29,5256,2266,28,48423,0,0,0,0,0,B,14,Secondary crest myofibroblast,42,29,3,3,3_2,SMC
B-2960,all,11,8,4385,2411,34,22949,0,0,0,0,0,B,2,CD4+ T cell,30,8,1,1,1_2_1,Tcell (CD4)
B-2961,all,26,14,4040,2597,40,12179,0,0,0,0,0,B,2,CD4+ T cell,41,15,3,3,3_5,SMC
B-2964,all,54,26,5531,1981,35,22338,0,0,0,0,0,B,4,Inflammatory monocyte,53,26,1,1,1_2_3,Tcell (CD4)
B-2965,all,93,39,3877,3337,19,25803,314781,67141,174845,0.2774582,0.7225418,B,6,Pericyte,63,37,1,1,1_2_1,Tcell (CD4)
B-2967,all,29,17,4825,2127,37,23069,0,0,0,0,0,B,3,CD4+ T cell,40,17,1,1,1_2_1,Tcell (CD4)
B-2968,all,73,28,4544,2892,29,39684,0,0,0,0,0,B,48,Endothelial progenitor cell,57,29,3,3,3_2,SMC
B-2974,all,94,45,3886,5092,30,65947,0,0,0,0,0,B,3,Inflammatory monocyte,66,45,1,1,1_2_1,Tcell (CD4)
B-2976,all,325,85,3928,4887,30,79798,0,0,0,0,0,B,18,Ciliated cell,54,40,1,1,1_6_2,Neutrophil
B-2979,all,382,85,5559,4265,27,84918,0,0,0,0,0,B,4,Endothelial progenitor cell,52,35,1,1,1_6_2,Neutrophil
B-2980,all,161,63,3866,4763,38,29869,0,0,0,0,0,B,13,Endothelial progenitor cell,51,33,4,4,4_1_1,CiliatedEpi
B-2982,all,222,78,3969,5071,19,89487,0,0,0,0,0,B,17,Endothelial progenitor cell,52,32,1,1,1_2_1,Tcell (CD4)
B-2985,all,55,34,3914,5043,24,39572,0,0,0,0,0,B,8,Secondary crest myofibroblast,54,34,3,3,3_2,SMC
B-2986,all,37,24,3940,5108,31,49260,0,0,0,0,0,B,4,Alveolar type 1 cell,42,25,3,3,3_2,SMC
B-2988,all,251,87,5579,4357,29,70903,0,0,0,0,0,B,3,CD4+ T cell,50,33,1,1,1_2_1,Tcell (CD4)
B-2989,all,21,16,3800,4954,13,26193,0,0,0,0,0,B,4,Secondary crest myofibroblast,40,16,3,3,3_6,SCMF
B-2991,all,63,34,3909,4972,17,47394,0,0,0,0,0,B,7,CD4+ T cell,56,34,1,1,1_2_1,Tcell (CD4)
B-2992,all,313,90,5597,4099,25,81846,0,0,0,0,0,B,10,Secretory cell,52,44,1,1,1_2_1,Tcell (CD4)
B-2993,all,82,41,3882,4907,17,27389,0,0,0,0,0,B,3,B cell,62,41,1,1,1_2_1,Tcell (CD4)
B-2995,all,55,31,3844,5085,18,62377,0,0,0,0,0,B,11,CD4+ T cell,53,31,1,1,1_2_3,Tcell (CD4)
B-3000,all,170,56,3807,5058,21,83628,0,0,0,0,0,B,11,Innate lymphoid cell,54,29,2,2,2_5,DC
B-3004,all,416,109,3946,5001,21,143218,0,0,0,0,0,B,39,Venous endothelial cell,48,32,1,1,1_2_1,Tcell (CD4)
B-3005,all,228,57,3831,4659,28,90162,0,0,0,0,0,B,3,Alveolar macrophage,52,29,1,1,1_6_2,Neutrophil
B-3007,all,61,35,4016,5049,27,13505,0,0,0,0,0,B,3,Natural killer cell,57,35,1,1,1_2_1,Tcell (CD4)
B-3008,all,108,40,4064,5045,37,24477,0,0,0,0,0,B,12,Neutrophil,60,33,1,1,1_6_2,Neutrophil
B-3012,all,180,61,3840,4844,22,104994,0,0,0,0,0,B,5,Alveolar fibroblast 2,54,31,3,3,3_3,AdventitialFib
B-3014,all,73,45,4033,5113,26,55555,0,0,0,0,0,B,5,Inflammatory monocyte,57,45,7,7,7_3,Tcell (CD8)
B-3018,all,460,113,4078,5119,24,126101,0,0,0,0,0,B,22,Neutrophil,54,45,1,1,1_6_2,Neutrophil
B-3022,all,209,78,5586,4192,21,97329,0,0,0,0,0,B,8,Capillary 1 cell,53,36,1,1,1_2_1,Tcell (CD4)
B-3023,all,46,30,4010,4962,38,17186,0,0,0,0,0,B,4,Neutrophil,46,30,1,1,1_6_2,Neutrophil
B-3029,all,98,50,4016,5085,20,51404,0,0,0,0,0,B,7,CD4+ T cell,60,46,1,1,1_2_1,Tcell (CD4)
B-3030,all,38,16,3846,5004,37,27420,0,0,0,0,0,B,4,CD4+ T cell,44,16,1,1,1_2_1,Tcell (CD4)
B-3038,all,130,71,4070,5083,29,38634,0,0,0,0,0,B,10,Inflammatory monocyte,39,29,1,1,1_2_1,Tcell (CD4)
B-3041,all,59,39,3987,4961,35,13271,0,0,0,0,0,B,3,Endothelial progenitor cell,58,40,1,1,1_6_2,Neutrophil
B-3043,all,395,108,4034,5014,30,84126,0,0,0,0,0,B,47,Endothelial progenitor cell,52,41,4,4,4_1_1,CiliatedEpi
B-3046,all,319,104,3954,4934,31,76092,0,0,0,0,0,B,18,Venous endothelial cell,51,40,8,8,8_2,InterstitialMac
B-3051,all,96,40,3845,5127,27,58718,0,0,0,0,0,B,3,Alveolar fibroblast 1,62,39,3,3,3_4,AdventitialFib
B-3054,all,66,31,3868,5036,35,47256,0,0,0,0,0,B,4,CD4+ T cell,57,31,1,1,1_2_1,Tcell (CD4)
B-3066,all,122,63,5597,4315,19,105387,0,0,0,0,0,B,7,CD4+ T cell,38,25,3,3,3_4,AdventitialFib
B-3068,all,107,46,5588,4256,10,22925,0,0,0,0,0,B,5,Natural killer cell,56,36,1,1,1_6_2,Neutrophil
B-3070,all,153,61,3803,4705,36,31326,0,0,0,0,0,B,5,Capillary 1 cell,46,28,1,1,1_6_2,Neutrophil
B-3071,all,101,49,5595,4135,24,30241,0,0,0,0,0,B,4,Capillary 1 cell,62,42,1,1,1_6_2,Neutrophil
B-3076,all,71,31,6170,1174,17,60506,118,0,118,0,1,B,10,Ciliated cell,52,32,1,1,1_4_1,AlveolarFib
B-3079,all,197,53,6819,1540,28,75437,0,0,0,0,0,B,16,Alveolar macrophage,57,33,6,6,6,AT1
B-3081,all,39,26,7276,570,35,39191,0,0,0,0,0,B,5,Alveolar fibroblast 1,43,27,2,2,2_2,InflamMac
B-3082,all,347,81,6540,1800,23,75622,0,0,0,0,0,B,199,Secretory cell,53,21,4,4,4_2,ClubEpi
B-3083,all,44,19,6468,251,16,62579,877,0,877,0,1,B,11,Alveolar fibroblast 1,45,19,1,1,1_5_1,LymphaticEndo
B-3084,all,86,45,6816,246,24,80371,0,0,0,0,0,B,15,Alveolar fibroblast 1,59,45,1,1,1_5_1,LymphaticEndo
B-3085,all,70,29,6422,1582,25,54916,0,0,0,0,0,B,46,Ciliated cell,49,29,4,4,4_1_2,CiliatedEpi
B-3087,all,81,43,6517,1749,31,51178,0,0,0,0,0,B,34,Ciliated cell,58,42,4,4,4_1_2,CiliatedEpi
B-3088,all,56,29,6962,1779,11,43401,0,0,0,0,0,B,4,B cell,55,30,1,1,1_6_2,Neutrophil
B-3090,all,323,92,6532,1854,31,80000,0,0,0,0,0,B,163,Ciliated cell,49,35,4,4,4_1_2,CiliatedEpi
B-3091,all,70,39,5890,1737,19,59081,0,0,0,0,0,B,22,Ciliated cell,59,39,3,3,3_3,AdventitialFib
B-3092,all,67,35,7017,1288,20,58661,0,0,0,0,0,B,7,Interstitial macrophage,58,35,8,8,8_1,AlveolarMac
B-3093,all,442,116,6175,1646,27,91264,0,0,0,0,0,B,242,Ciliated cell,44,28,4,4,4_1_1,CiliatedEpi
B-3094,all,65,27,7115,1774,31,52349,0,0,0,0,0,B,12,Innate lymphoid cell,56,29,2,2,2_5,DC
B-3095,all,393,56,6414,1533,26,63605,0,0,0,0,0,B,328,Ciliated cell,57,38,4,4,4_2,CiliatedEpi
B-3096,all,54,23,5759,1268,13,52692,0,0,0,0,0,B,4,Sox9+/Id2+ epithelial cell,52,22,2,2,2_1,Capillary
B-3097,all,191,67,5915,1261,22,135829,0,0,0,0,0,B,56,Alveolar fibroblast 1,55,40,1,1,1_2_1,Tcell (CD4)
B-3098,all,58,30,7380,1583,20,43035,0,0,0,0,0,B,5,Alveolar fibroblast 1,57,31,3,3,3_2,SMC
B-3100,all,23,16,6201,460,21,39523,0,0,0,0,0,B,5,Sox9+/Id2+ epithelial cell,42,16,1,1,1_2_3,Tcell (CD4)
B-3101,all,123,54,5622,1745,20,88713,0,0,0,0,0,B,33,Alveolar macrophage,42,28,1,1,1_5_2,AlveolarFib
B-3102,all,20,11,6798,69,8,21782,0,0,0,0,0,B,5,Capillary 1 cell,37,11,1,1,1_2_3,Tcell (CD4)
B-3103,all,58,27,7350,646,18,69122,0,0,0,0,0,B,26,Alveolar type 2 cell,55,27,1,1,1_2_3,Tcell (CD4)
B-3104,all,150,49,6574,1892,31,65683,0,0,0,0,0,B,98,Ciliated cell,64,49,4,4,4_2,CiliatedEpi
B-3106,all,76,28,7357,1554,29,49579,0,0,0,0,0,B,25,Alveolar macrophage,54,29,3,3,3_2,SMC
B-3109,all,66,31,5777,87,37,36992,0,0,0,0,0,B,18,CD8+ T cell,57,32,1,1,1_4_1,AlveolarFib
B-3110,all,55,28,7082,1906,36,39364,0,0,0,0,0,B,6,CD4+ T cell,53,28,1,1,1_2_3,Tcell (CD4)
B-3111,all,88,32,7114,726,33,83217,0,0,0,0,0,B,32,Alveolar fibroblast 1,57,33,1,1,1_5_1,LymphaticEndo
B-3112,all,124,50,6049,201,20,120648,0,0,0,0,0,B,23,Classical DC subset 2,47,24,1,1,1_2_3,Tcell (CD4)
B-3113,all,85,37,7044,1606,33,53439,105,0,105,0,1,B,31,Innate lymphoid cell,60,39,2,2,2_5,DC
B-3115,all,250,105,5756,1943,33,68080,0,0,0,0,0,B,75,Ciliated cell,46,40,4,4,4_1_1,ClubEpi
B-3118,all,75,33,7419,1760,23,49131,0,0,0,0,0,B,31,Inflammatory monocyte,57,33,3,3,3_2,SMC
B-3119,all,438,74,6372,1558,26,98270,0,0,0,0,0,B,353,Ciliated cell,51,8,4,4,4_2,ClubEpi
B-3120,all,82,33,7403,1248,34,47106,0,0,0,0,0,B,10,Arterial endothelial cell,59,34,2,2,2_4,Artery
B-3121,all,85,33,7166,1620,15,64103,0,0,0,0,0,B,14,CD4+ T cell,60,35,2,2,2_5,DC
B-3122,all,76,31,6592,1345,15,42714,0,0,0,0,0,B,4,Inflammatory monocyte,55,31,1,1,1_2_3,Tcell (CD4)
B-3124,all,489,111,6114,1659,30,96573,0,0,0,0,0,B,266,Ciliated cell,46,28,4,4,4_1_1,CiliatedEpi
B-3125,all,486,111,5942,1758,25,117280,54,0,54,0,1,B,248,Ciliated cell,48,22,4,4,4_2,ClubEpi
B-3130,all,175,39,5697,631,15,88021,829,430,399,0.5186972,0.4813028,B,10,Inflammatory monocyte,57,19,1,1,1_2_1,Tcell (CD4)
B-3131,all,131,46,6472,1364,20,73123,0,0,0,0,0,B,39,Alveolar macrophage,50,25,1,1,1_2_3,Tcell (CD4)
B-3132,all,181,54,6070,1618,19,43604,0,0,0,0,0,B,114,Ciliated cell,70,52,4,4,4_2,CiliatedEpi
B-3133,all,70,35,6665,1394,34,38373,0,0,0,0,0,B,2,CD4+ T cell,54,35,1,1,1_2_1,Tcell (CD4)
B-3134,all,131,44,7042,1025,11,69378,0,0,0,0,0,B,21,Capillary 2 cell,50,26,2,2,2_5,DC
B-3135,all,156,55,7138,1744,23,62451,0,0,0,0,0,B,23,Alveolar macrophage,47,26,1,1,1_2_3,Tcell (CD4)
B-3137,all,455,84,6063,1663,24,86853,0,0,0,0,0,B,283,Venous endothelial cell,49,29,4,4,4_1_1,CiliatedEpi
B-3139,all,77,37,6597,1521,26,45961,0,0,0,0,0,B,12,Alveolar macrophage,58,37,1,1,1_2_3,Tcell (CD4)
B-3140,all,13,8,6905,1721,6,10192,0,0,0,0,0,B,2,CD4+ T cell,29,8,1,1,1_2_1,Tcell (CD4)
B-3141,all,172,63,5734,1896,20,46467,0,0,0,0,0,B,109,Ciliated cell,64,46,4,4,4_2,CiliatedEpi
B-3143,all,317,97,5806,1855,20,75495,0,0,0,0,0,B,179,Secretory cell,53,41,4,4,4_2,CiliatedEpi
B-3144,all,24,13,5959,509,9,22831,0,0,0,0,0,B,6,Sox9+/Id2+ epithelial cell,43,14,2,2,2_2,InflamMac
B-3146,all,70,28,6680,1355,31,35144,0,0,0,0,0,B,15,Inflammatory monocyte,56,28,1,1,1_2_1,Tcell (CD4)
B-3148,all,90,33,5779,1065,35,62612,0,0,0,0,0,B,34,B cell,60,33,9,9,9,Bcell
B-3152,all,47,17,5840,82,18,70991,0,0,0,0,0,B,16,Alveolar fibroblast 1,47,17,1,1,1_4_3,AlveolarFib
B-3159,all,112,45,5623,1839,28,55866,53,0,53,0,1,B,8,Inflammatory monocyte,50,27,1,1,1_4_1,AlveolarFib
B-3160,all,27,9,6759,73,9,34592,0,0,0,0,0,B,3,CD4+ T cell,41,10,2,2,2_1,Capillary
B-3162,all,117,55,6957,1713,27,87842,0,0,0,0,0,B,32,Alveolar fibroblast 1,42,32,3,3,3_5,SMC
B-3163,all,105,45,6435,1031,29,65300,0,0,0,0,0,B,5,CD4+ T cell,59,38,1,1,1_2_1,Tcell (CD4)
B-3166,all,100,35,7015,1760,16,77799,0,0,0,0,0,B,12,Innate lymphoid cell,61,34,2,2,2_5,DC
B-3167,all,84,36,7341,1635,35,50274,0,0,0,0,0,B,16,Alveolar fibroblast 2,59,36,3,3,3_3,AdventitialFib
B-3169,all,88,37,6373,911,23,68072,54,0,54,0,1,B,15,Inflammatory monocyte,60,37,9,9,9,Bcell
B-3170,all,151,47,7291,1891,13,74812,0,0,0,0,0,B,40,Alveolar fibroblast 2,51,22,3,3,3_3,AdventitialFib
B-3171,all,85,37,6671,1573,36,38502,0,0,0,0,0,B,3,Alveolar fibroblast 1,64,37,3,3,3_4,AdventitialFib
B-3173,all,73,35,6297,762,18,77740,0,0,0,0,0,B,17,Inflammatory monocyte,56,36,1,1,1_4_1,AlveolarFib
B-3174,all,124,49,6858,1625,20,85876,0,0,0,0,0,B,26,Alveolar fibroblast 1,46,29,3,3,3_5,SMC
B-3176,all,108,36,6564,1076,13,57146,0,0,0,0,0,B,21,Arterial endothelial cell,58,31,7,7,7_2,PatrolMac
B-3177,all,112,40,6514,1137,13,55458,0,0,0,0,0,B,14,Inflammatory monocyte,47,25,1,1,1_4_1,AlveolarFib
B-3178,all,14,10,6527,1052,5,10365,0,0,0,0,0,B,5,Alveolar type 1 cell,33,10,1,1,1_2_1,Tcell (CD4)
B-3179,all,48,24,7114,1877,20,64853,0,0,0,0,0,B,14,Alveolar macrophage,48,24,3,3,3_3,AdventitialFib
B-3180,all,56,26,5673,1385,23,61933,0,0,0,0,0,B,8,Sox9+/Id2+ epithelial cell,52,26,1,1,1_3,AT2
B-3182,all,83,43,6049,388,28,73092,0,0,0,0,0,B,11,Capillary 1 cell,62,43,2,2,2_1,Capillary
B-3183,all,127,58,6062,1706,35,28991,0,0,0,0,0,B,39,Secretory cell,43,22,4,4,4_1_1,ClubEpi
B-3185,all,104,45,6848,977,13,80928,0,0,0,0,0,B,34,Alveolar fibroblast 1,63,38,3,3,3_5,SMC
B-3186,all,241,79,6420,1744,37,54512,0,0,0,0,0,B,91,Venous endothelial cell,51,35,4,4,4_1_1,CiliatedEpi
B-3189,all,182,89,5915,1829,34,47119,0,0,0,0,0,B,46,Ciliated cell,45,35,4,4,4_1_1,ClubEpi
B-3190,all,19,8,6469,1072,10,7166,0,0,0,0,0,B,12,Sox9+/Id2+ epithelial cell,44,9,2,2,2_2,InflamMac
B-3191,all,96,43,6519,1305,28,72418,0,0,0,0,0,B,19,Inflammatory monocyte,62,41,5,5,5_1,Pericyte
B-3192,all,255,96,6497,1815,34,71314,0,0,0,0,0,B,112,Ciliated cell,50,37,4,4,4_1_2,CiliatedEpi
B-3194,all,250,85,5767,1880,22,111772,0,0,0,0,0,B,112,Ciliated cell,48,35,4,4,4_1_2,CiliatedEpi
B-3195,all,34,21,5823,1000,35,25250,0,0,0,0,0,B,19,Alveolar fibroblast 2,40,23,2,2,2_5,DC
B-3197,all,26,19,7427,1630,35,21208,0,0,0,0,0,B,2,Sox9+/Id2+ epithelial cell,43,20,2,2,2_2,InflamMac
B-3199,all,48,16,6049,1145,16,24529,0,0,0,0,0,B,16,Alveolar type 1 cell,48,16,6,6,6,AT1
B-3200,all,104,44,7124,581,22,85225,0,0,0,0,0,B,39,Alveolar fibroblast 1,60,38,1,1,1_4_1,AlveolarFib
B-3204,all,84,37,6510,70,22,50465,0,0,0,0,0,B,10,Inflammatory monocyte,60,38,1,1,1_4_1,AlveolarFib
B-3206,all,59,28,7407,1825,7,28061,0,0,0,0,0,B,5,Mesothelial cell,54,28,3,3,3_3,AdventitialFib
B-3207,all,94,28,6863,1330,16,58834,0,0,0,0,0,B,41,Capillary 2 cell,54,28,2,2,2_2,InflamMac
B-3209,all,349,66,6319,1566,20,87662,0,0,0,0,0,B,271,Ciliated cell,41,26,4,4,4_2,CiliatedEpi
B-3210,all,139,59,5995,1543,27,83696,0,0,0,0,0,B,24,Alveolar fibroblast 1,50,31,3,3,3_5,SMC
B-3211,all,126,50,5682,1818,33,65306,0,0,0,0,0,B,23,CD4+ T cell,47,26,2,2,2_5,DC
B-3214,all,56,32,7395,1660,22,67125,0,0,0,0,0,B,18,Inflammatory monocyte,55,32,3,3,3_2,SMC
B-3215,all,66,29,6378,980,27,50263,0,0,0,0,0,B,20,Alveolar type 1 cell,56,29,6,6,6,AT1
B-3216,all,167,56,6788,1259,10,75337,0,0,0,0,0,B,18,Innate lymphoid cell,49,33,7,7,7_2,PatrolMac
B-3217,all,87,41,6509,254,19,50455,127,0,127,0,1,B,7,Inflammatory monocyte,62,42,1,1,1_4_1,AlveolarFib
B-3218,all,159,42,5819,1803,15,73978,0,0,0,0,0,B,101,Secretory cell,52,19,4,4,4_2,ClubEpi
B-3219,all,25,17,5986,603,36,33804,0,0,0,0,0,B,2,Sox9+/Id2+ epithelial cell,44,17,2,2,2_1,Capillary
B-3220,all,78,37,6623,1568,32,61166,0,0,0,0,0,B,18,Alveolar macrophage,56,37,1,1,1_2_3,Tcell (CD4)
B-3221,all,134,62,6191,1688,37,25791,0,0,0,0,0,B,45,Ciliated cell,43,22,4,4,4_1_1,ClubEpi
B-3223,all,54,26,7425,1860,11,28836,0,0,0,0,0,B,6,Proliferative mesenchymal progenitor cell,52,26,3,3,3_3,AdventitialFib
B-3224,all,145,48,6658,1054,29,65347,0,0,0,0,0,B,19,CD4+ T cell,49,28,1,1,1_4_1,AlveolarFib
B-3226,all,154,59,7406,1710,20,127711,0,0,0,0,0,B,46,Alveolar fibroblast 1,51,31,3,3,3_2,SMC
B-3228,all,123,44,6287,1332,24,115226,0,0,0,0,0,B,28,B cell,48,26,9,9,9,Bcell
B-3229,all,43,10,6460,1050,8,15748,0,0,0,0,0,B,34,Alveolar type 2 cell,46,10,1,1,1_3,AT2
B-3232,all,79,39,5948,600,25,92085,0,0,0,0,0,B,10,Mature DC subset,51,39,3,3,3_3,AdventitialFib
B-3233,all,120,52,6412,1350,31,72840,0,0,0,0,0,B,11,Alveolar fibroblast 1,42,24,7,7,7_3,Tcell (CD8)
B-3235,all,35,14,5903,768,32,53758,0,0,0,0,0,B,6,B cell,44,14,9,9,9,Bcell
B-3236,all,37,18,6497,223,14,24368,0,0,0,0,0,B,13,Alveolar fibroblast 1,42,19,3,3,3_1,SMC
B-3239,all,147,51,6751,238,19,115214,0,0,0,0,0,B,36,B cell,51,34,1,1,1_4_1,AlveolarFib
B-3241,all,303,78,6598,1787,24,95198,0,0,0,0,0,B,208,Secretory cell,43,32,4,4,4_2,CiliatedEpi
B-3242,all,236,48,6547,1620,24,39866,0,0,0,0,0,B,195,Ciliated cell,63,48,4,4,4_2,CiliatedEpi
B-3245,all,214,67,5685,1771,30,85051,0,0,0,0,0,B,19,Alveolar macrophage,57,36,1,1,1_2_3,Tcell (CD4)
B-3247,all,60,26,6481,1147,15,35990,0,0,0,0,0,B,4,Secretory cell,55,27,1,1,1_4_1,AlveolarFib
B-3249,all,67,24,6114,790,29,48872,0,0,0,0,0,B,14,CD8+ T cell,52,25,2,2,2_1,Capillary
B-3250,all,47,23,7309,585,37,33730,0,0,0,0,0,B,17,Alveolar fibroblast 1,48,24,1,1,1_4_3,AlveolarFib
B-3251,all,215,59,6605,1930,24,66525,0,0,0,0,0,B,147,Secretory cell,52,16,4,4,4_2,ClubEpi
B-3252,all,44,23,6971,1300,8,32394,0,0,0,0,0,B,2,Inflammatory monocyte,44,23,1,1,1_2_1,Tcell (CD4)
B-3253,all,141,48,7074,577,21,78939,0,0,0,0,0,B,21,Alveolar type 1 cell,46,24,6,6,6,AT1
B-3254,all,48,23,7393,526,39,33519,0,0,0,0,0,B,15,Alveolar fibroblast 1,47,23,1,1,1_5_1,LymphaticEndo
B-3255,all,150,49,6652,1107,13,85664,108,0,108,0,1,B,24,Inflammatory monocyte,49,27,2,2,2_2,InflamMac
B-3256,all,53,25,6000,822,15,71612,0,0,0,0,0,B,18,Natural killer cell,53,26,3,3,3_5,SMC
B-3257,all,192,51,5734,1717,28,84240,0,0,0,0,0,B,30,CD4+ T cell,59,33,7,7,7_2,PatrolMac
B-3258,all,144,47,6080,495,29,71321,0,0,0,0,0,B,8,Sox9+/Id2+ epithelial cell,50,21,1,1,1_4_1,AlveolarFib
B-3262,all,472,92,6496,1695,20,89389,0,0,0,0,0,B,355,Arterial endothelial cell,48,9,4,4,4_2,ClubEpi
B-3263,all,73,34,5834,955,20,68998,0,0,0,0,0,B,14,CD4+ T cell,55,34,1,1,1_2_3,Tcell (CD4)
B-3267,all,106,40,6218,1391,32,54756,0,0,0,0,0,B,14,Alveolar type 1 cell,55,31,1,1,1_4_1,AlveolarFib
B-3271,all,76,35,6175,102,21,72418,0,0,0,0,0,B,13,Sox9+/Id2+ epithelial cell,59,36,1,1,1_4_1,AlveolarFib
B-3273,all,77,32,7106,1677,17,50525,0,0,0,0,0,B,11,Inflammatory monocyte,54,34,2,2,2_5,DC
B-3274,all,166,45,7096,1101,32,61948,0,0,0,0,0,B,30,Alveolar macrophage,57,26,1,1,1_2_3,Tcell (CD4)
B-3276,all,58,29,6390,690,20,44064,0,0,0,0,0,B,2,CD4+ T cell,54,29,1,1,1_2_1,Tcell (CD4)
B-3280,all,99,32,7258,1680,30,73756,0,0,0,0,0,B,12,Proliferative mesenchymal progenitor cell,60,31,3,3,3_3,AdventitialFib
B-3281,all,229,99,5992,1740,32,67686,0,0,0,0,0,B,91,Ciliated cell,46,32,4,4,4_1_1,ClubEpi
B-3282,all,151,87,5804,1899,33,46502,0,0,0,0,0,B,45,Ciliated cell,41,33,4,4,4_1_1,ClubEpi
B-3283,all,467,73,6507,1597,24,89117,0,0,0,0,0,B,368,Secretory cell,52,7,4,4,4_2,ClubEpi
B-3284,all,108,34,6520,1654,26,52615,0,0,0,0,0,B,80,Secretory cell,60,24,4,4,4_2,ClubEpi
B-3285,all,302,67,6612,1846,24,69511,0,0,0,0,0,B,236,Secretory cell,55,41,4,4,4_2,CiliatedEpi
B-3287,all,16,8,7391,1193,36,18448,0,0,0,0,0,B,5,Arterial endothelial cell,32,8,6,6,6,AT1
B-3288,all,101,16,6219,1525,25,18467,0,0,0,0,0,B,88,Venous endothelial cell,38,15,4,4,4_2,CiliatedEpi
B-3289,all,321,112,5860,1830,25,83596,0,0,0,0,0,B,156,Alveolar fibroblast 1,44,26,4,4,4_1_1,ClubEpi
B-3291,all,89,32,7376,718,22,63643,0,0,0,0,0,B,43,Alveolar fibroblast 1,59,31,1,1,1_5_1,LymphaticEndo
B-3292,all,62,29,7063,1673,29,45213,0,0,0,0,0,B,6,Alveolar macrophage,54,29,8,8,8_1,AlveolarMac
B-3300,all,45,17,6431,53,18,42081,0,0,0,0,0,B,15,Alveolar fibroblast 1,48,18,1,1,1_4_1,AlveolarFib
B-3302,all,20,7,6866,913,16,17148,0,0,0,0,0,B,9,Alveolar type 1 cell,37,7,1,1,1_2_3,Tcell (CD4)
B-3303,all,61,31,5994,885,21,58729,0,0,0,0,0,B,13,Inflammatory monocyte,53,32,2,2,2_2,InflamMac
B-3305,all,85,37,7132,1838,19,68098,0,0,0,0,0,B,27,Inflammatory monocyte,63,37,3,3,3_3,AdventitialFib
B-3306,all,47,22,7210,1848,14,36764,0,0,0,0,0,B,4,Alveolar macrophage,47,22,1,1,1_2_3,Tcell (CD4)
B-3307,all,202,53,6130,1564,29,61590,0,0,0,0,0,B,141,Alveolar fibroblast 1,54,21,4,4,4_2,ClubEpi
B-3308,all,6,4,7377,1223,34,10549,0,0,0,0,0,B,3,Alveolar fibroblast 1,24,7,2,2,2_4,Artery
B-3310,all,149,50,6893,1566,21,83709,0,0,0,0,0,B,48,Proliferative mesenchymal progenitor cell,48,28,3,3,3_2,SMC
B-3311,all,149,54,6249,1195,24,84454,0,0,0,0,0,B,68,Proliferative mesenchymal progenitor cell,46,25,5,5,5_3,Pericyte
B-3313,all,204,44,6477,1629,26,84405,0,0,0,0,0,B,143,Capillary 1 cell,60,44,4,4,4_2,CiliatedEpi
B-3314,all,70,37,6395,953,30,41164,0,0,0,0,0,B,20,Alveolar type 1 cell,58,37,9,9,9,Bcell
B-3316,all,16,12,7153,1883,9,19385,0,0,0,0,0,B,3,Alveolar macrophage,31,12,1,1,1_2_3,Tcell (CD4)
B-3317,all,64,35,7370,1519,28,40676,0,0,0,0,0,B,10,Vascular smooth muscle cell,57,36,3,3,3_2,SMC
B-3320,all,280,46,6643,1797,18,51045,0,0,0,0,0,B,211,Secretory cell,54,11,4,4,4_2,ClubEpi
B-3322,all,322,47,6615,1742,17,50432,0,0,0,0,0,B,260,Ciliated cell,55,10,4,4,4_2,ClubEpi
B-3324,all,53,22,5854,174,23,73564,0,0,0,0,0,B,22,Mature DC subset,52,23,1,1,1_4_1,AlveolarFib
B-3325,all,48,30,6335,404,24,60153,0,0,0,0,0,B,11,Neutrophil,48,30,1,1,1_5_2,AlveolarFib
B-3327,all,86,40,6944,1855,28,71614,0,0,0,0,0,B,27,Capillary 1 cell,62,41,2,2,2_5,DC
B-3328,all,40,26,7433,1791,28,43462,0,0,0,0,0,B,14,Vascular smooth muscle cell,41,26,3,3,3_6,SCMF
B-3329,all,126,39,6595,1298,12,67966,161,161,0,1,0,B,39,Inflammatory monocyte,49,22,1,1,1_2_3,Tcell (CD4)
B-3330,all,438,107,5710,1944,20,108343,0,0,0,0,0,B,218,Ciliated cell,46,20,4,4,4_1_2,ClubEpi
B-3333,all,153,33,6229,280,25,98691,0,0,0,0,0,B,96,Alveolar type 2 cell,47,16,1,1,1_3,AT2
B-3334,all,104,44,5986,1121,28,96470,51,51,0,1,0,B,15,Arterial endothelial cell,61,39,1,1,1_2_1,Tcell (CD4)
B-3335,all,88,28,5827,1636,17,85122,50,50,0,1,0,B,25,Inflammatory monocyte,58,28,1,1,1_2_3,Tcell (CD4)
B-3338,all,129,56,6760,1751,37,71424,0,0,0,0,0,B,17,Interstitial macrophage,46,33,8,8,8_3,InterstitialMac
B-3339,all,50,15,6415,567,8,29088,52,0,52,0,1,B,13,Inflammatory monocyte,50,16,2,2,2_2,InflamMac
B-3340,all,106,47,6345,1364,27,103732,0,0,0,0,0,B,13,Alveolar fibroblast 1,61,40,1,1,1_5_2,AlveolarFib
B-3341,all,16,11,5814,952,11,19082,0,0,0,0,0,B,3,Alveolar type 1 cell,32,11,1,1,1_2_3,Tcell (CD4)
B-3342,all,60,31,5823,892,18,56675,0,0,0,0,0,B,15,Alveolar fibroblast 1,57,31,1,1,1_5_1,LymphaticEndo
B-3343,all,266,59,6375,1608,24,60095,0,0,0,0,0,B,200,Ciliated cell,66,48,4,4,4_2,CiliatedEpi
B-3344,all,125,46,6681,177,18,90979,0,0,0,0,0,B,14,Capillary 2 cell,42,20,1,1,1_2_1,Tcell (CD4)
B-3345,all,115,44,6236,1546,27,41754,0,0,0,0,0,B,77,Capillary 1 cell,53,42,4,4,4_2,CiliatedEpi
B-3346,all,99,40,6866,1536,31,52222,0,0,0,0,0,B,22,CD8+ T cell,59,35,1,1,1_2_3,Tcell (CD4)
B-3347,all,73,32,6405,495,18,77441,0,0,0,0,0,B,9,B cell,54,32,1,1,1_2_1,Tcell (CD4)
B-3348,all,140,55,6939,1917,29,62834,0,0,0,0,0,B,19,Alveolar fibroblast 1,50,30,3,3,3_3,AdventitialFib
B-3349,all,82,33,5645,1884,32,59719,0,0,0,0,0,B,34,Inflammatory monocyte,59,33,1,1,1_2_3,Tcell (CD4)
B-3350,all,16,9,6352,1471,36,29693,0,0,0,0,0,B,8,Vascular smooth muscle cell,34,10,3,3,3_2,SMC
B-3354,all,55,35,6965,852,15,41578,0,0,0,0,0,B,12,Innate lymphoid cell,56,36,2,2,2_2,InflamMac
B-3355,all,108,41,6777,985,34,64025,0,0,0,0,0,B,10,Inflammatory monocyte,53,31,1,1,1_4_1,AlveolarFib
B-3356,all,74,31,7412,1439,37,44786,0,0,0,0,0,B,7,Arterial endothelial cell,53,32,2,2,2_4,Artery
B-3358,all,459,99,6295,1605,22,114194,0,0,0,0,0,B,336,Ciliated cell,50,13,4,4,4_2,ClubEpi
B-3363,all,77,40,6513,1267,33,45198,0,0,0,0,0,B,5,Alveolar type 1 cell,56,40,1,1,1_2_1,Tcell (CD4)
B-3364,all,17,8,6603,1643,33,26862,0,0,0,0,0,B,4,CD4+ T cell,36,8,1,1,1_2_1,Tcell (CD4)
B-3365,all,83,30,7192,1791,10,70246,0,0,0,0,0,B,32,Alveolar fibroblast 2,61,30,3,3,3_3,AdventitialFib
B-3366,all,147,56,6011,433,16,117912,0,0,0,0,0,B,44,Sox9+/Id2+ epithelial cell,48,30,6,6,6,AT1
B-3367,all,137,54,5856,1287,13,80880,0,0,0,0,0,B,14,Inflammatory monocyte,45,24,1,1,1_2_3,Tcell (CD4)
B-3369,all,57,21,7393,473,34,47049,0,0,0,0,0,B,25,Inflammatory monocyte,53,21,1,1,1_2_3,Tcell (CD4)
B-3370,all,335,93,6020,1691,27,108074,0,0,0,0,0,B,181,Ciliated cell,50,21,4,4,4_1_1,ClubEpi
B-3371,all,120,50,6974,1462,20,76525,0,0,0,0,0,B,14,Alveolar fibroblast 2,45,26,1,1,1_5_2,AlveolarFib
B-3373,all,183,57,6039,478,28,85762,0,0,0,0,0,B,17,Inflammatory monocyte,52,32,7,7,7_2,PatrolMac
B-3375,all,65,34,7019,1951,27,76564,0,0,0,0,0,B,2,Alveolar fibroblast 1,57,34,3,3,3_4,AdventitialFib
B-3376,all,82,34,6178,138,22,63760,0,0,0,0,0,B,25,Alveolar fibroblast 1,55,34,1,1,1_4_1,AlveolarFib
B-3377,all,33,18,6529,88,28,33377,0,0,0,0,0,B,3,Sox9+/Id2+ epithelial cell,43,19,2,2,2_1,Capillary
B-3379,all,29,18,6538,131,8,28728,0,0,0,0,0,B,8,Mesothelial cell,39,18,9,9,9,Bcell
B-3381,all,27,22,6571,1464,41,18325,0,0,0,0,0,B,2,Alveolar fibroblast 1,44,22,1,1,1_4_1,AlveolarFib
B-3383,all,145,49,6639,1916,26,50685,0,0,0,0,0,B,98,B cell,60,49,4,4,4_2,CiliatedEpi
B-3385,all,139,44,6538,1912,37,34610,0,0,0,0,0,B,75,Arterial endothelial cell,48,17,4,4,4_2,ClubEpi
B-3386,all,153,50,7124,1607,18,104191,0,0,0,0,0,B,46,Innate lymphoid cell,52,28,2,2,2_5,DC
B-3387,all,245,97,5905,1792,26,70742,0,0,0,0,0,B,108,Ciliated cell,44,28,4,4,4_1_1,ClubEpi
B-3389,all,333,67,6439,1636,27,83368,0,0,0,0,0,B,243,Ciliated cell,40,30,4,4,4_2,CiliatedEpi
B-3390,all,81,35,7364,1902,35,57106,0,0,0,0,0,B,11,Mesothelial cell,60,35,3,3,3_3,AdventitialFib
B-3392,all,102,46,6928,1427,20,80890,0,0,0,0,0,B,7,B cell,58,39,1,1,1_2_1,Tcell (CD4)
B-3393,all,196,59,6349,1627,27,72942,0,0,0,0,0,B,118,CD8+ T cell,52,36,4,4,4_2,CiliatedEpi
B-3397,all,140,53,6381,401,19,106294,0,0,0,0,0,B,27,Alveolar fibroblast 1,49,27,1,1,1_4_3,AlveolarFib
B-3398,all,39,21,5795,1491,28,21706,0,0,0,0,0,B,9,Alveolar fibroblast 1,42,21,1,1,1_4_1,AlveolarFib
B-3399,all,489,73,6467,1557,26,99830,0,0,0,0,0,B,400,Ciliated cell,46,37,4,4,4_2,CiliatedEpi
B-3400,all,46,18,6508,1182,17,27921,0,0,0,0,0,B,5,Alveolar type 1 cell,47,18,6,6,6,AT1
B-3402,all,434,111,6386,1680,30,105468,0,0,0,0,0,B,184,Ciliated cell,46,24,4,4,4_1_1,ClubEpi
B-3403,all,102,29,6386,1495,33,49167,0,0,0,0,0,B,80,CD8+ T cell,43,28,4,4,4_2,CiliatedEpi
B-3409,all,62,31,6572,1005,37,33045,0,0,0,0,0,B,5,Alveolar fibroblast 1,55,31,1,1,1_5_2,AlveolarFib
B-3413,all,135,53,5735,1791,26,60463,0,0,0,0,0,B,14,Inflammatory monocyte,48,26,1,1,1_2_3,Tcell (CD4)
B-3414,all,63,35,5895,863,33,70644,0,0,0,0,0,B,6,CD4+ T cell,57,35,1,1,1_2_1,Tcell (CD4)
B-3416,all,231,65,6216,1604,20,70656,0,0,0,0,0,B,170,Endothelial progenitor cell,69,61,4,4,4_2,CiliatedEpi
B-3418,all,61,30,7102,1546,24,43691,0,0,0,0,0,B,11,Alveolar macrophage,55,30,8,8,8_1,AlveolarMac
B-3419,all,75,40,7078,1639,36,34690,0,0,0,0,0,B,9,Inflammatory monocyte,59,42,2,2,2_5,DC
B-3426,all,220,55,6770,1045,22,92591,0,0,0,0,0,B,25,CD8+ T cell,55,32,6,6,6,AT1
B-3427,all,245,81,6249,1634,24,92530,0,0,0,0,0,B,121,Arterial endothelial cell,47,20,4,4,4_1_2,ClubEpi
B-3428,all,19,12,6447,1083,7,20075,0,0,0,0,0,B,6,CD8+ T cell,39,13,2,2,2_2,InflamMac
B-3432,all,52,23,6365,25,19,69002,0,0,0,0,0,B,5,CD4+ T cell,51,23,1,1,1_2_1,Tcell (CD4)
B-3436,all,83,42,5642,1766,31,41325,0,0,0,0,0,B,11,Inflammatory monocyte,58,43,1,1,1_5_1,LymphaticEndo
B-3437,all,36,12,6441,354,14,36419,0,0,0,0,0,B,8,Alveolar type 1 cell,43,12,6,6,6,AT1
B-3439,all,60,32,7388,1622,24,65494,0,0,0,0,0,B,20,Secondary crest myofibroblast,57,33,3,3,3_2,SMC
B-3440,all,98,50,6484,48,23,75258,0,0,0,0,0,B,16,Alveolar fibroblast 1,63,46,1,1,1_5_2,AlveolarFib
B-3445,all,22,13,5838,1744,21,27406,0,0,0,0,0,B,15,Endothelial progenitor cell,43,14,3,3,3_2,SMC
B-3446,all,50,28,5890,1591,28,55156,0,0,0,0,0,B,7,Capillary 2 cell,50,28,1,1,1_2_3,Tcell (CD4)
B-3447,all,363,79,5872,1782,15,83901,0,0,0,0,0,B,240,Ciliated cell,50,14,4,4,4_2,ClubEpi
B-3448,all,13,10,6203,1169,15,26878,0,0,0,0,0,B,5,Inflammatory monocyte,31,10,1,1,1_2_1,Tcell (CD4)
B-3449,all,382,112,6227,1670,25,89336,0,0,0,0,0,B,130,Ciliated cell,48,35,4,4,4_1_1,CiliatedEpi
B-3450,all,118,36,6034,1502,34,61215,0,0,0,0,0,B,4,Inflammatory monocyte,46,20,1,1,1_4_1,AlveolarFib
B-3451,all,200,68,5847,1685,30,101819,0,0,0,0,0,B,14,Alveolar macrophage,57,41,3,3,3_3,AdventitialFib
B-3452,all,258,73,6563,1752,25,106981,0,0,0,0,0,B,166,Endothelial progenitor cell,41,29,4,4,4_2,CiliatedEpi
B-3453,all,85,39,5793,912,22,64888,0,0,0,0,0,B,10,Alveolar fibroblast 1,59,40,2,2,2_4,Artery
B-3459,all,243,51,6633,1869,24,81997,0,0,0,0,0,B,188,Ciliated cell,63,51,4,4,4_2,CiliatedEpi
B-3461,all,70,35,6493,1464,36,43667,0,0,0,0,0,B,9,Alveolar macrophage,54,37,2,2,2_5,DC
B-3462,all,148,38,6086,1590,27,61652,0,0,0,0,0,B,110,Mesothelial cell,58,37,4,4,4_2,CiliatedEpi
B-3464,all,151,55,6401,1013,27,92852,0,0,0,0,0,B,27,Arterial endothelial cell,53,35,1,1,1_5_1,LymphaticEndo
B-3466,all,42,25,5921,1570,19,36647,0,0,0,0,0,B,5,CD4+ T cell,43,25,1,1,1_2_3,Tcell (CD4)
B-3468,all,58,27,6451,284,28,86823,0,0,0,0,0,B,4,Innate lymphoid cell,54,27,7,7,7_2,PatrolMac
B-3471,all,165,58,7025,1864,24,116185,0,0,0,0,0,B,13,Interstitial macrophage,52,35,8,8,8_3,InterstitialMac
B-3473,all,42,29,7393,1373,36,29294,0,0,0,0,0,B,7,Alveolar type 2 cell,43,30,2,2,2_4,Artery
B-3474,all,191,46,6593,1681,24,62596,0,0,0,0,0,B,146,Venous endothelial cell,59,46,4,4,4_2,CiliatedEpi
B-3476,all,68,34,7264,732,17,94623,0,0,0,0,0,B,17,Alveolar fibroblast 1,56,34,3,3,3_4,AdventitialFib
B-3478,all,63,30,5987,1013,39,27611,0,0,0,0,0,B,11,Alveolar fibroblast 1,54,30,1,1,1_5_1,LymphaticEndo
B-3480,all,78,30,6364,707,25,50653,0,0,0,0,0,B,6,B cell,54,30,9,9,9,Bcell
B-3482,all,143,39,6449,425,7,71139,52,52,0,1,0,B,37,Alveolar type 1 cell,48,20,6,6,6,AT1
B-3484,all,47,30,6476,1785,40,17395,0,0,0,0,0,B,25,Arterial endothelial cell,38,30,4,4,4_1_2,CiliatedEpi
B-3489,all,180,64,5761,1758,26,111179,0,0,0,0,0,B,17,Mesothelial cell,52,38,3,3,3_3,AdventitialFib
B-3490,all,61,33,6834,102,29,109421,0,0,0,0,0,B,16,CD4+ T cell,57,33,7,7,7_4,PatrolMac
B-3492,all,386,74,6551,1705,22,105322,0,0,0,0,0,B,308,Ciliated cell,42,31,4,4,4_2,CiliatedEpi
B-3493,all,196,48,6237,1576,22,67318,0,0,0,0,0,B,142,Ciliated cell,54,19,4,4,4_2,ClubEpi
B-3494,all,54,29,7074,1596,32,32989,0,0,0,0,0,B,8,Inflammatory monocyte,53,29,1,1,1_2_3,Tcell (CD4)
B-3495,all,18,10,6034,1588,30,11662,0,0,0,0,0,B,4,Alveolar fibroblast 1,38,11,3,3,3_5,SMC
B-3496,all,227,80,6477,1877,37,57139,0,0,0,0,0,B,110,Alveolar fibroblast 1,46,35,4,4,4_1_2,CiliatedEpi
B-3497,all,21,13,6693,1402,39,17773,0,0,0,0,0,B,8,CD4+ T cell,39,13,7,7,7_3,Tcell (CD8)
B-3499,all,188,74,6337,1669,34,45610,0,0,0,0,0,B,81,Alveolar fibroblast 1,46,34,4,4,4_1_2,CiliatedEpi
B-3500,all,85,32,6258,1368,22,49822,0,0,0,0,0,B,7,Alveolar fibroblast 1,60,33,1,1,1_4_1,AlveolarFib
B-3510,all,44,15,7132,614,32,38609,0,0,0,0,0,B,18,CD4+ T cell,47,16,3,3,3_2,SMC
B-3511,all,63,27,6229,435,17,54688,0,0,0,0,0,B,15,B cell,57,28,2,2,2_4,Artery
B-3512,all,109,49,7124,1940,24,102019,0,0,0,0,0,B,20,CD4+ T cell,63,40,8,8,8_3,InterstitialMac
B-3513,all,204,71,6296,819,31,109320,0,0,0,0,0,B,42,Alveolar fibroblast 2,55,40,7,7,7_2,PatrolMac
B-3516,all,285,116,5856,1868,34,66308,0,0,0,0,0,B,74,Ciliated cell,44,36,4,4,4_1_1,CiliatedEpi
B-3519,all,242,78,6133,1608,25,120426,0,0,0,0,0,B,120,Mesothelial cell,54,39,4,4,4_1_2,CiliatedEpi
B-3522,all,39,8,6381,1077,9,21696,0,0,0,0,0,B,35,Alveolar type 2 cell,46,8,1,1,1_3,AT2
B-3523,all,435,94,6556,1951,27,109496,0,0,0,0,0,B,301,Ciliated cell,50,14,4,4,4_2,ClubEpi
B-3524,all,60,38,6254,1698,40,11219,0,0,0,0,0,B,9,B cell,56,38,7,7,7_3,Tcell (CD8)
B-3525,all,106,36,5719,942,28,76007,0,0,0,0,0,B,9,Alveolar type 1 cell,58,32,1,1,1_5_2,AlveolarFib
B-3527,all,33,16,6222,153,14,48681,0,0,0,0,0,B,12,CD4+ T cell,39,16,1,1,1_2_3,Tcell (CD4)
B-3529,all,20,7,6859,17,11,24284,0,0,0,0,0,B,3,Natural killer cell,36,8,2,2,2_2,InflamMac
B-3532,all,237,78,6604,1411,32,120194,0,0,0,0,0,B,46,Inflammatory monocyte,51,38,1,1,1_4_1,AlveolarFib
B-3536,all,296,67,6406,1618,26,76224,0,0,0,0,0,B,219,Ciliated cell,45,31,4,4,4_2,CiliatedEpi
B-3537,all,114,47,6812,1306,16,61792,0,0,0,0,0,B,14,CD8+ T cell,47,28,2,2,2_2,InflamMac
B-3538,all,95,35,6027,1117,21,72526,0,0,0,0,0,B,9,Alveolar type 1 cell,62,34,6,6,6,AT1
B-3542,all,256,48,6275,1538,23,93610,0,0,0,0,0,B,191,Secretory cell,56,16,4,4,4_2,ClubEpi
B-3545,all,29,14,6127,1145,9,20261,0,0,0,0,0,B,5,Pericyte,39,14,5,5,5_3,Pericyte
B-3546,all,134,25,6555,1660,24,48306,0,0,0,0,0,B,116,Ciliated cell,41,25,4,4,4_2,CiliatedEpi
B-3551,all,143,53,7109,1716,19,72017,0,0,0,0,0,B,26,Inflammatory monocyte,52,30,3,3,3_3,AdventitialFib
B-3557,all,33,17,5721,1814,23,20496,0,0,0,0,0,B,5,Sox9+/Id2+ epithelial cell,42,17,1,1,1_2_3,Tcell (CD4)
B-3560,all,12,10,6628,1706,28,10600,0,0,0,0,0,B,5,Airway smooth muscle cell,30,11,3,3,3_2,SMC
B-3561,all,35,15,5831,1036,39,19806,0,0,0,0,0,B,20,B cell,45,15,1,1,1_1,AT2
B-3564,all,13,8,7251,1758,11,11820,0,0,0,0,0,B,5,B cell,29,8,9,9,9,Bcell
B-3566,all,25,17,5850,57,26,28594,0,0,0,0,0,B,6,Neutrophil,42,17,1,1,1_2_1,Tcell (CD4)
B-3567,all,152,38,6100,269,7,96107,0,0,0,0,0,B,27,Alveolar type 1 cell,52,22,6,6,6,AT1
B-3568,all,35,20,6432,1682,34,14834,0,0,0,0,0,B,22,B cell,37,18,4,4,4_2,CiliatedEpi
B-3571,all,255,68,6462,1677,27,58576,0,0,0,0,0,B,168,Ciliated cell,49,14,4,4,4_2,ClubEpi
B-3573,all,37,21,7053,1855,35,31286,0,0,0,0,0,B,8,Basophil,41,21,7,7,7_2,PatrolMac
B-3575,all,20,12,6202,195,11,28815,0,0,0,0,0,B,8,Alveolar type 2 cell,39,13,2,2,2_2,InflamMac
B-3578,all,9,8,5758,1139,35,11945,0,0,0,0,0,B,4,B cell,30,9,1,1,1_2_1,Tcell (CD4)
B-3580,all,32,22,5748,975,40,24128,0,0,0,0,0,B,7,Neutrophil,42,22,1,1,1_2_3,Tcell (CD4)
B-3581,all,7,4,6026,143,7,8511,0,0,0,0,0,B,2,CD4+ T cell,26,7,1,1,1_2_1,Tcell (CD4)
B-3583,all,46,29,6219,1193,20,50655,0,0,0,0,0,B,15,B cell,46,29,9,9,9,Bcell
B-3584,all,59,6,6271,1200,8,14013,104,0,104,0,1,B,57,Alveolar type 2 cell,50,6,1,1,1_3,AT2
B-3586,all,42,6,5831,158,22,13631,0,0,0,0,0,B,36,Sox9+/Id2+ epithelial cell,47,6,1,1,1_1,AT2
B-3587,all,20,13,5507,2030,17,16943,0,0,0,0,0,B,2,Alveolar macrophage,38,13,1,1,1_2_3,Tcell (CD4)
B-3597,all,150,54,6494,2003,35,42935,0,0,0,0,0,B,7,Capillary 1 cell,50,29,8,8,8_1,AlveolarMac
B-3599,all,267,88,6172,3630,19,77793,0,0,0,0,0,B,27,Capillary 1 cell,45,28,4,4,4_1_1,ClubEpi
B-3600,all,102,36,7063,3693,33,82122,0,0,0,0,0,B,6,Alveolar fibroblast 1,59,32,3,3,3_4,AdventitialFib
B-3602,all,242,81,6379,3172,23,67266,0,0,0,0,0,B,24,Capillary 1 cell,49,29,4,4,4_1_1,ClubEpi
B-3603,all,64,31,7249,2127,35,63803,0,0,0,0,0,B,6,CD4+ T cell,57,31,1,1,1_2_1,Tcell (CD4)
B-3606,all,62,28,6886,2290,34,57588,0,0,0,0,0,B,4,CD4+ T cell,55,28,1,1,1_2_1,Tcell (CD4)
B-3607,all,83,51,6217,3608,21,79848,0,0,0,0,0,B,10,Venous endothelial cell,59,51,1,1,1_2_1,Tcell (CD4)
B-3609,all,28,19,6941,2093,22,40515,0,0,0,0,0,B,4,CD4+ T cell,39,19,1,1,1_2_1,Tcell (CD4)
B-3610,all,72,28,6733,2270,34,32941,0,0,0,0,0,B,7,Alveolar macrophage,52,28,1,1,1_2_3,Tcell (CD4)
B-3611,all,106,47,6383,3450,17,69484,0,0,0,0,0,B,2,CD4+ T cell,62,37,1,1,1_2_1,Tcell (CD4)
B-3612,all,63,35,6692,2553,36,43843,0,0,0,0,0,B,2,T regulatory cell,57,36,1,1,1_6_2,Neutrophil
B-3613,all,46,19,6908,2037,37,45847,0,0,0,0,0,B,4,T regulatory cell,48,21,2,2,2_5,DC
B-3617,all,57,31,6833,2341,37,39839,0,0,0,0,0,B,4,Alveolar macrophage,56,31,7,7,7_3,Tcell (CD8)
B-3624,all,52,34,6546,2691,35,45903,0,0,0,0,0,B,5,CD4+ T cell,52,34,1,1,1_2_1,Tcell (CD4)
B-3625,all,67,29,6472,3676,35,56763,0,0,0,0,0,B,4,T regulatory cell,56,29,1,1,1_2_1,Tcell (CD4)
B-3629,all,72,28,6783,2197,36,49793,0,0,0,0,0,B,3,Mesothelial cell,53,28,3,3,3_3,AdventitialFib
B-3630,all,16,14,6701,1982,38,27283,0,0,0,0,0,B,2,CD4+ T cell,33,14,1,1,1_2_1,Tcell (CD4)
B-3631,all,186,80,5634,2012,21,100521,0,0,0,0,0,B,23,Capillary 1 cell,49,35,1,1,1_2_1,Tcell (CD4)
B-3632,all,296,100,6470,2879,24,107526,0,0,0,0,0,B,33,Ciliated cell,47,37,4,4,4_1_3,CiliatedEpi
B-3634,all,89,45,6950,1966,21,80111,0,0,0,0,0,B,4,CD4+ T cell,65,47,2,2,2_5,DC
B-3635,all,80,33,7178,2179,17,85900,0,0,0,0,0,B,14,CD4+ T cell,56,33,1,1,1_2_3,Tcell (CD4)
B-3639,all,61,27,7068,2063,20,52923,0,0,0,0,0,B,7,Proliferative mesenchymal progenitor cell,54,27,1,1,1_2_1,Tcell (CD4)
B-3641,all,29,20,6957,2059,15,53340,0,0,0,0,0,B,2,CD4+ T cell,36,20,1,1,1_2_1,Tcell (CD4)
B-3642,all,47,27,6582,2318,21,59214,0,0,0,0,0,B,11,CD4+ T cell,51,28,3,3,3_2,SMC
B-3643,all,34,25,6351,3449,33,43209,0,0,0,0,0,B,2,Proliferative mesenchymal progenitor cell,37,26,1,1,1_6_2,Neutrophil
B-3644,all,146,53,6663,2051,24,97512,0,0,0,0,0,B,6,Proliferative mesenchymal progenitor cell,51,30,1,1,1_2_1,Tcell (CD4)
B-3646,all,82,34,6887,2387,31,77248,0,0,0,0,0,B,16,Alveolar macrophage,56,34,1,1,1_2_3,Tcell (CD4)
B-3647,all,37,20,6646,2308,10,30543,0,0,0,0,0,B,8,CD4+ T cell,42,20,1,1,1_2_1,Tcell (CD4)
B-3648,all,44,20,7114,2208,38,60858,0,0,0,0,0,B,11,CD4+ T cell,52,22,2,2,2_5,DC
B-3649,all,56,31,7226,2585,15,57764,0,0,0,0,0,B,4,CD4+ T cell,55,31,1,1,1_2_1,Tcell (CD4)
B-3650,all,124,38,7024,2293,35,61043,0,0,0,0,0,B,7,Mesothelial cell,49,22,3,3,3_3,AdventitialFib
B-3653,all,73,47,6373,3304,35,35155,0,0,0,0,0,B,4,Mature DC subset,57,47,1,1,1_2_1,Tcell (CD4)
B-3657,all,175,72,6299,3443,31,51313,0,0,0,0,0,B,12,Inflammatory monocyte,53,36,7,7,7_2,PatrolMac
B-3658,all,146,43,6760,2501,27,92240,0,0,0,0,0,B,31,T regulatory cell,53,26,1,1,1_2_3,Tcell (CD4)
B-3660,all,292,101,6465,2940,23,139115,0,0,0,0,0,B,37,Secretory cell,49,38,4,4,4_1_3,ClubEpi
B-3661,all,294,86,6419,3105,22,107586,0,0,0,0,0,B,32,Ciliated cell,49,34,4,4,4_1_1,CiliatedEpi
B-3665,all,152,54,7157,2475,24,88860,0,0,0,0,0,B,6,Inflammatory monocyte,52,28,3,3,3_3,AdventitialFib
B-3666,all,158,64,6481,2181,30,66145,0,0,0,0,0,B,7,Arterial endothelial cell,49,32,1,1,1_6_2,Neutrophil
B-3670,all,56,31,6917,2154,16,55645,0,0,0,0,0,B,3,Inflammatory monocyte,55,31,1,1,1_2_1,Tcell (CD4)
B-3672,all,186,69,6319,3567,20,73073,0,0,0,0,0,B,12,Endothelial progenitor cell,47,29,3,3,3_3,AdventitialFib
B-3673,all,273,90,6482,2836,24,65011,0,0,0,0,0,B,22,B cell,46,28,8,8,8_2,InterstitialMac
B-3676,all,49,20,6542,3629,35,49976,0,0,0,0,0,B,16,Inflammatory monocyte,49,20,1,1,1_2_3,Tcell (CD4)
B-3678,all,39,25,7012,2082,17,33540,0,0,0,0,0,B,8,T regulatory cell,42,25,1,1,1_2_1,Tcell (CD4)
B-3681,all,36,18,7093,1962,20,55981,0,0,0,0,0,B,4,Proliferative mesenchymal progenitor cell,41,18,3,3,3_3,AdventitialFib
B-3683,all,74,49,6312,3510,22,65013,0,0,0,0,0,B,10,Capillary 1 cell,57,49,1,1,1_2_1,Tcell (CD4)
B-3684,all,62,29,6171,3709,22,23307,0,0,0,0,0,B,9,Sox9+/Id2+ epithelial cell,55,29,1,1,1_2_3,Tcell (CD4)
B-3685,all,217,87,5717,1988,31,60458,0,0,0,0,0,B,29,Endothelial progenitor cell,52,39,4,4,4_1_1,ClubEpi
B-3686,all,57,38,6161,3788,22,106944,0,0,0,0,0,B,8,CD4+ T cell,57,38,3,3,3_2,SMC
B-3690,all,68,31,6770,2251,35,49947,0,0,0,0,0,B,8,Mesothelial cell,57,31,3,3,3_3,AdventitialFib
B-3693,all,125,59,6527,2170,26,75337,0,0,0,0,0,B,8,Inflammatory monocyte,40,24,1,1,1_2_1,Tcell (CD4)
B-3694,all,124,37,6620,3434,35,58573,0,0,0,0,0,B,4,Inflammatory monocyte,49,24,1,1,1_2_1,Tcell (CD4)
B-3695,all,59,31,6792,1977,35,63652,0,0,0,0,0,B,5,CD4+ T cell,54,31,1,1,1_2_1,Tcell (CD4)
B-3696,all,45,25,7354,3174,26,77056,0,0,0,0,0,B,4,CD4+ T cell,45,25,1,1,1_2_1,Tcell (CD4)
B-3697,all,119,58,6521,2039,24,36462,0,0,0,0,0,B,11,Endothelial progenitor cell,45,28,1,1,1_6_2,Neutrophil
B-3699,all,44,33,6399,3268,34,47184,0,0,0,0,0,B,4,B cell,44,33,7,7,7_3,Tcell (CD8)
B-3700,all,150,51,6679,2436,31,81382,0,0,0,0,0,B,2,CD4+ T cell,52,29,1,1,1_2_1,Tcell (CD4)
B-3702,all,42,34,6448,3077,32,26443,0,0,0,0,0,B,2,CD4+ T cell,42,34,1,1,1_2_1,Tcell (CD4)
B-3703,all,245,83,6518,2115,27,76410,0,0,0,0,0,B,12,Endothelial progenitor cell,47,30,1,1,1_2_1,Tcell (CD4)
B-3706,all,31,17,7193,2558,22,40080,0,0,0,0,0,B,5,CD4+ T cell,42,17,1,1,1_2_1,Tcell (CD4)
B-3708,all,62,32,6244,3693,25,52785,0,0,0,0,0,B,4,CD4+ T cell,55,32,1,1,1_2_3,Tcell (CD4)
B-3715,all,48,33,6404,3222,33,31674,0,0,0,0,0,B,5,B cell,48,33,1,1,1_2_3,Tcell (CD4)
B-3717,all,42,23,6496,3156,38,20340,0,0,0,0,0,B,5,Innate lymphoid cell,43,23,8,8,8_2,InterstitialMac
B-3718,all,41,21,7108,1996,30,43562,0,0,0,0,0,B,4,T regulatory cell,43,22,1,1,1_6_2,Neutrophil
B-3720,all,66,31,6648,2575,17,51053,0,0,0,0,0,B,2,CD4+ T cell,56,31,1,1,1_2_1,Tcell (CD4)
B-3726,all,141,55,7076,2141,31,76326,0,0,0,0,0,B,11,Inflammatory monocyte,48,27,1,1,1_2_1,Tcell (CD4)
B-3727,all,64,27,7163,2109,30,49676,0,0,0,0,0,B,5,Inflammatory monocyte,53,27,1,1,1_2_1,Tcell (CD4)
B-3731,all,89,32,6849,2090,14,38783,0,0,0,0,0,B,3,Sox9+/Id2+ epithelial cell,62,32,1,1,1_3,AT2
B-3732,all,42,27,6419,3304,24,49257,0,0,0,0,0,B,4,CD4+ T cell,43,27,1,1,1_2_1,Tcell (CD4)
B-3733,all,105,51,6577,2014,25,42050,0,0,0,0,0,B,10,Capillary 1 cell,67,44,1,1,1_2_1,Tcell (CD4)
B-3734,all,44,22,6422,3407,21,56773,0,0,0,0,0,B,6,CD4+ T cell,44,22,1,1,1_2_1,Tcell (CD4)
B-3735,all,405,107,6336,3290,25,104664,0,0,0,0,0,B,37,Endothelial progenitor cell,52,36,4,4,4_1_1,CiliatedEpi
B-3736,all,105,38,7212,1975,28,90685,0,0,0,0,0,B,2,CD4+ T cell,61,33,1,1,1_2_1,Tcell (CD4)
B-3738,all,239,83,6434,3037,22,85025,0,0,0,0,0,B,22,Ciliated cell,54,42,4,4,4_1_1,CiliatedEpi
B-3740,all,73,27,7243,2013,22,96975,0,0,0,0,0,B,6,T regulatory cell,53,27,1,1,1_2_3,Tcell (CD4)
B-3746,all,55,30,6750,2376,14,46904,0,0,0,0,0,B,3,Alveolar macrophage,55,30,3,3,3_3,AdventitialFib
B-3747,all,80,42,6562,2073,29,51431,0,0,0,0,0,B,6,Alveolar type 2 cell,58,42,1,1,1_2_1,Tcell (CD4)
B-3748,all,138,44,6758,2301,30,71697,0,0,0,0,0,B,30,Inflammatory monocyte,54,30,1,1,1_2_3,Tcell (CD4)
B-3751,all,118,41,6708,2390,26,85602,0,0,0,0,0,B,12,Inflammatory monocyte,51,28,1,1,1_2_3,Tcell (CD4)
B-3755,all,83,51,6543,2793,38,34006,0,0,0,0,0,B,4,CD4+ T cell,62,51,1,1,1_2_1,Tcell (CD4)
B-3756,all,138,53,6738,2211,21,80005,0,0,0,0,0,B,7,Alveolar fibroblast 2,47,26,1,1,1_2_1,Tcell (CD4)
B-3757,all,71,25,6603,2693,19,83612,0,0,0,0,0,B,4,Proliferative mesenchymal progenitor cell,54,25,3,3,3_3,AdventitialFib
B-3760,all,58,38,6398,3340,34,40704,0,0,0,0,0,B,5,Capillary 1 cell,55,38,2,2,2_3,Vein
B-3761,all,313,91,6129,3761,24,107311,0,0,0,0,0,B,37,Endothelial progenitor cell,53,37,4,4,4_1_1,CiliatedEpi
B-3762,all,155,46,7033,2242,32,72794,0,0,0,0,0,B,11,Innate lymphoid cell,50,21,2,2,2_5,DC
B-3763,all,366,102,6495,2738,21,111216,0,0,0,0,0,B,42,Venous endothelial cell,48,33,4,4,4_1_1,CiliatedEpi
B-3764,all,389,111,5672,1998,22,111775,0,0,0,0,0,B,44,Venous endothelial cell,47,33,4,4,4_1_1,CiliatedEpi
B-3765,all,98,40,7062,1995,22,114744,0,0,0,0,0,B,14,Proliferative mesenchymal progenitor cell,59,39,1,1,1_2_1,Tcell (CD4)
B-3766,all,97,37,6930,2232,20,57222,0,0,0,0,0,B,11,Alveolar fibroblast 2,58,34,3,3,3_3,AdventitialFib
B-3767,all,87,39,6739,3545,12,83570,0,0,0,0,0,B,5,Alveolar fibroblast 2,59,39,3,3,3_3,AdventitialFib
B-3768,all,34,15,6672,3755,22,38177,0,0,0,0,0,B,2,Natural killer cell,45,15,7,7,7_3,Tcell (CD8)
B-3769,all,19,13,6277,3707,38,16745,0,0,0,0,0,B,3,CD4+ T cell,39,13,1,1,1_2_1,Tcell (CD4)
B-3773,all,151,54,6848,2207,20,87994,714,57,657,0.07983193,0.9201681,B,16,Inflammatory monocyte,50,29,9,9,9,Bcell
B-3774,all,17,14,6629,2130,25,22051,0,0,0,0,0,B,2,Secondary crest myofibroblast,38,15,3,3,3_2,SMC
B-3778,all,125,45,6503,3625,23,81438,0,0,0,0,0,B,8,Alveolar type 1 cell,46,22,1,1,1_6_2,Neutrophil
B-3779,all,94,40,7041,2083,21,70277,0,0,0,0,0,B,11,CD4+ T cell,66,40,1,1,1_2_3,Tcell (CD4)
B-3781,all,93,40,7101,3457,24,84906,0,0,0,0,0,B,12,Mesothelial cell,60,38,3,3,3_3,AdventitialFib
B-3785,all,47,18,6495,3266,16,56801,0,0,0,0,0,B,2,CD4+ T cell,47,18,1,1,1_2_1,Tcell (CD4)
B-3786,all,218,78,6311,3333,17,60421,0,0,0,0,0,B,35,Capillary 1 cell,52,33,4,4,4_1_1,ClubEpi
B-3787,all,38,19,6765,2416,36,34409,0,0,0,0,0,B,8,Inflammatory monocyte,45,19,1,1,1_2_3,Tcell (CD4)
B-3789,all,39,25,6840,2162,36,35852,0,0,0,0,0,B,3,CD4+ T cell,43,27,2,2,2_5,DC
B-3790,all,99,53,6524,2752,34,35228,0,0,0,0,0,B,3,Sox9+/Id2+ epithelial cell,63,50,8,8,8_2,InterstitialMac
B-3791,all,27,14,6635,2162,21,73326,0,0,0,0,0,B,4,CD4+ T cell,41,14,3,3,3_2,SMC
B-3794,all,122,42,6549,2346,21,78458,0,0,0,0,0,B,24,Secretory cell,49,24,4,4,4_1_1,ClubEpi
B-3796,all,81,49,6340,3341,24,48979,0,0,0,0,0,B,7,B cell,64,49,1,1,1_2_1,Tcell (CD4)
B-3797,all,23,14,6526,3673,39,16533,0,0,0,0,0,B,10,Inflammatory monocyte,40,14,1,1,1_2_3,Tcell (CD4)
B-3799,all,88,40,7272,2313,6,46720,0,0,0,0,0,B,3,Proliferative mesenchymal progenitor cell,61,40,3,3,3_3,AdventitialFib
B-3802,all,123,60,6448,2997,22,43949,0,0,0,0,0,B,18,Venous endothelial cell,43,28,4,4,4_1_1,CiliatedEpi
B-3804,all,64,32,6899,2477,29,57487,0,0,0,0,0,B,9,CD4+ T cell,57,34,2,2,2_5,DC
B-3805,all,87,38,7135,2024,23,86155,0,0,0,0,0,B,15,Inflammatory monocyte,60,38,1,1,1_2_1,Tcell (CD4)
B-3809,all,37,29,6469,3198,37,21033,0,0,0,0,0,B,5,Secondary crest myofibroblast,40,29,3,3,3_2,SMC
B-3810,all,204,72,6232,3530,25,67729,0,0,0,0,0,B,26,Endothelial progenitor cell,55,38,4,4,4_1_1,CiliatedEpi
B-3811,all,173,54,6548,3481,25,109471,0,0,0,0,0,B,11,Inflammatory monocyte,49,31,1,1,1_2_1,Tcell (CD4)
B-3813,all,79,25,6336,3637,29,82094,0,0,0,0,0,B,5,Mesothelial cell,59,25,3,3,3_3,AdventitialFib
B-3816,all,46,27,6618,2384,24,54825,0,0,0,0,0,B,7,Inflammatory monocyte,46,27,3,3,3_4,AdventitialFib
B-3817,all,68,29,7097,2070,32,57566,0,0,0,0,0,B,4,Mesothelial cell,56,29,3,3,3_3,AdventitialFib
B-3818,all,53,38,6273,3627,36,28983,0,0,0,0,0,B,3,CD4+ T cell,53,38,1,1,1_2_1,Tcell (CD4)
B-3819,all,48,29,6894,2437,18,63826,0,0,0,0,0,B,3,Inflammatory monocyte,48,29,1,1,1_2_3,Tcell (CD4)
B-3822,all,93,46,6630,1962,29,53293,0,0,0,0,0,B,12,Capillary 1 cell,64,45,4,4,4_1_3,CiliatedEpi
B-3824,all,67,28,6994,1990,31,61650,0,0,0,0,0,B,13,CD4+ T cell,55,30,2,2,2_5,DC
B-3826,all,62,35,6508,2814,30,35135,0,0,0,0,0,B,7,B cell,56,35,1,1,1_2_1,Tcell (CD4)
B-3827,all,284,78,6528,2296,26,116698,0,0,0,0,0,B,25,Venous endothelial cell,48,25,4,4,4_1_3,CiliatedEpi
B-3831,all,115,45,6948,2164,32,66664,0,0,0,0,0,B,13,T regulatory cell,47,25,1,1,1_2_1,Tcell (CD4)
B-3832,all,118,44,6553,2188,18,41839,0,0,0,0,0,B,9,Capillary 1 cell,47,23,1,1,1_2_1,Tcell (CD4)
B-3834,all,23,17,6599,2202,29,26189,0,0,0,0,0,B,4,CD4+ T cell,44,18,3,3,3_2,SMC
B-3836,all,21,10,6517,3028,38,18808,0,0,0,0,0,B,3,CD4+ T cell,39,11,3,3,3_2,SMC
B-3838,all,47,30,6399,3378,32,34033,0,0,0,0,0,B,4,CD4+ T cell,47,30,1,1,1_2_1,Tcell (CD4)
B-3839,all,12,10,6540,2975,37,17632,0,0,0,0,0,B,3,CD4+ T cell,30,10,1,1,1_2_3,Tcell (CD4)
B-3841,all,304,111,6318,3388,24,100876,0,0,0,0,0,B,19,Ciliated cell,44,36,1,1,1_6_2,Neutrophil
B-3845,all,298,86,6535,2009,30,68840,0,0,0,0,0,B,18,T regulatory cell,51,31,1,1,1_6_2,Neutrophil
B-3846,all,97,36,6781,3319,36,61183,0,0,0,0,0,B,3,Alveolar macrophage,60,34,3,3,3_3,AdventitialFib
B-3855,all,85,49,6467,3014,29,57874,0,0,0,0,0,B,7,CD4+ T cell,62,49,1,1,1_2_1,Tcell (CD4)
B-3856,all,64,29,6561,2125,26,30366,0,0,0,0,0,B,8,B cell,55,29,1,1,1_2_1,Tcell (CD4)
B-3857,all,68,36,6952,2215,33,38339,0,0,0,0,0,B,5,T regulatory cell,58,36,1,1,1_2_1,Tcell (CD4)
B-3859,all,32,16,7191,2051,13,46132,0,0,0,0,0,B,6,Proliferative mesenchymal progenitor cell,41,16,3,3,3_3,AdventitialFib
B-3863,all,49,27,6216,3689,37,13848,0,0,0,0,0,B,2,Secretory cell,49,27,4,4,4_1_1,ClubEpi
B-3866,all,153,51,5644,2060,32,37904,0,0,0,0,0,B,8,B cell,51,28,2,2,2_5,DC
B-3867,all,8,7,6577,2623,32,24427,0,0,0,0,0,B,3,CD4+ T cell,22,9,1,1,1_2_1,Tcell (CD4)
B-3875,all,33,21,6443,3379,21,49933,0,0,0,0,0,B,6,Inflammatory monocyte,40,22,3,3,3_2,SMC
B-3876,all,91,56,6459,3136,38,50421,0,0,0,0,0,B,5,CD4+ T cell,66,54,1,1,1_2_1,Tcell (CD4)
B-3879,all,75,37,6235,3460,7,34143,0,0,0,0,0,B,13,Capillary 1 cell,58,37,2,2,2_6,pDC
B-3882,all,321,79,6520,2230,23,122045,0,0,0,0,0,B,17,Venous endothelial cell,54,31,1,1,1_6_2,Neutrophil
B-3887,all,177,65,6575,2168,22,95963,0,0,0,0,0,B,18,Arterial endothelial cell,50,28,1,1,1_2_1,Tcell (CD4)
B-3888,all,9,7,6253,3727,37,18282,0,0,0,0,0,B,2,CD4+ T cell,24,8,1,1,1_2_1,Tcell (CD4)
B-3889,all,20,14,6266,3469,10,14518,0,0,0,0,0,B,3,CD4+ T cell,37,14,1,1,1_2_1,Tcell (CD4)
B-3890,all,42,27,6294,3561,34,22531,0,0,0,0,0,B,2,Natural killer cell,42,27,7,7,7_3,Tcell (CD8)
B-3891,all,86,47,6178,3736,31,82282,0,0,0,0,0,B,15,CD4+ T cell,63,47,1,1,1_2_1,Tcell (CD4)
B-3897,all,35,21,6280,3517,29,40720,0,0,0,0,0,B,2,CD4+ T cell,42,21,1,1,1_2_1,Tcell (CD4)
B-3910,all,105,41,6560,1989,20,27703,0,0,0,0,0,B,11,Ciliated cell,60,33,1,1,1_2_1,Tcell (CD4)
B-3911,all,99,46,6291,3405,9,22705,0,0,0,0,0,B,10,Inflammatory monocyte,62,43,7,7,7_2,PatrolMac
B-3914,all,145,60,6603,1986,26,70963,0,0,0,0,0,B,11,Capillary 1 cell,43,20,1,1,1_2_1,Tcell (CD4)
B-3922,all,90,53,6246,3581,36,35927,0,0,0,0,0,B,5,Capillary 1 cell,62,53,2,2,2_3,Vein
B-3927,all,107,47,6018,4959,21,78289,0,0,0,0,0,B,16,Inflammatory monocyte,56,36,1,1,1_4_1,AlveolarFib
B-3928,all,125,41,6815,4901,34,59276,0,0,0,0,0,B,22,Alveolar macrophage,49,23,3,3,3_5,SMC
B-3929,all,96,28,5920,4336,22,104945,0,0,0,0,0,B,34,Capillary 1 cell,60,27,3,3,3_2,SMC
B-3930,all,218,51,6832,4824,27,95272,0,0,0,0,0,B,31,Alveolar type 1 cell,55,30,6,6,6,AT1
B-3931,all,33,21,7073,4400,17,50249,0,0,0,0,0,B,3,CD4+ T cell,42,21,1,1,1_2_3,Tcell (CD4)
B-3932,all,400,114,5997,3984,20,81763,0,0,0,0,0,B,152,Alveolar fibroblast 1,48,31,4,4,4_1_2,CiliatedEpi
B-3933,all,31,16,5740,5209,17,30286,0,0,0,0,0,B,8,CD4+ T cell,40,16,3,3,3_4,AdventitialFib
B-3934,all,92,39,5950,4601,20,62969,0,0,0,0,0,B,16,Alveolar fibroblast 1,57,38,3,3,3_1,SMC
B-3935,all,180,78,6043,3821,22,60238,0,0,0,0,0,B,77,Endothelial progenitor cell,36,26,4,4,4_1_2,CiliatedEpi
B-3936,all,19,13,5644,4558,33,23580,0,0,0,0,0,B,7,CD4+ T cell,37,13,7,7,7_3,Tcell (CD8)
B-3938,all,178,77,5805,4425,25,69164,0,0,0,0,0,B,64,Ciliated cell,49,31,4,4,4_1_1,ClubEpi
B-3941,all,69,27,6457,4517,34,38010,0,0,0,0,0,B,19,Inflammatory monocyte,52,28,1,1,1_4_3,AlveolarFib
B-3942,all,40,20,6754,4636,21,32638,0,0,0,0,0,B,7,Alveolar type 1 cell,43,20,6,6,6,AT1
B-3943,all,21,13,7299,5207,11,43151,0,0,0,0,0,B,6,CD4+ T cell,41,13,1,1,1_2_1,Tcell (CD4)
B-3944,all,86,31,7419,5393,19,57892,50,0,50,0,1,B,22,Alveolar fibroblast 1,60,32,1,1,1_5_1,LymphaticEndo
B-3948,all,65,36,7255,4474,25,70136,0,0,0,0,0,B,20,Pericyte,57,36,5,5,5_1,Pericyte
B-3949,all,43,22,6915,4350,13,39455,0,0,0,0,0,B,3,CD4+ T cell,44,23,1,1,1_4_1,AlveolarFib
B-3951,all,62,28,6263,4573,18,44137,0,0,0,0,0,B,5,Alveolar fibroblast 1,53,28,1,1,1_5_1,LymphaticEndo
B-3952,all,37,10,7290,5150,15,40407,0,0,0,0,0,B,3,CD4+ T cell,43,10,1,1,1_2_1,Tcell (CD4)
B-3953,all,58,34,6429,4536,34,43378,0,0,0,0,0,B,8,Alveolar macrophage,56,35,1,1,1_4_1,AlveolarFib
B-3955,all,37,23,6666,5503,33,57136,0,0,0,0,0,B,5,Alveolar fibroblast 1,39,23,1,1,1_5_2,AlveolarFib
B-3957,all,215,72,5700,4918,19,110467,0,0,0,0,0,B,26,CD4+ T cell,56,37,1,1,1_2_3,Tcell (CD4)
B-3958,all,213,68,6030,4513,11,90941,0,0,0,0,0,B,17,Alveolar macrophage,58,40,3,3,3_4,AdventitialFib
B-3959,all,43,26,6132,3850,23,59141,0,0,0,0,0,B,13,Secondary crest myofibroblast,46,27,3,3,3_1,SMC
B-3960,all,113,40,6203,4076,15,75363,0,0,0,0,0,B,27,CD4+ T cell,55,28,3,3,3_4,AdventitialFib
B-3961,all,144,55,6188,4461,22,98413,0,0,0,0,0,B,20,Alveolar fibroblast 1,50,31,1,1,1_4_1,AlveolarFib
B-3962,all,73,42,5897,5398,37,35155,0,0,0,0,0,B,22,B cell,58,42,4,4,4_1_2,CiliatedEpi
B-3963,all,169,46,7139,4810,23,70034,0,0,0,0,0,B,13,Inflammatory monocyte,52,27,2,2,2_2,InflamMac
B-3964,all,10,6,7156,4865,5,23928,0,0,0,0,0,B,2,Proliferative mesenchymal progenitor cell,26,6,1,1,1_2_3,Tcell (CD4)
B-3965,all,206,61,7100,4839,28,92753,0,0,0,0,0,B,11,Inflammatory monocyte,53,32,1,1,1_4_1,AlveolarFib
B-3966,all,42,23,7184,3993,38,31036,0,0,0,0,0,B,2,CD4+ T cell,43,23,1,1,1_2_1,Tcell (CD4)
B-3967,all,46,21,7219,5377,34,31664,0,0,0,0,0,B,3,CD4+ T cell,46,21,1,1,1_2_1,Tcell (CD4)
B-3968,all,141,55,6390,4713,17,121984,0,0,0,0,0,B,22,Inflammatory monocyte,48,28,1,1,1_4_1,AlveolarFib
B-3969,all,172,84,5828,5597,21,56354,0,0,0,0,0,B,34,Capillary 1 cell,40,30,4,4,4_1_1,CiliatedEpi
B-3970,all,86,37,7303,4509,17,70236,0,0,0,0,0,B,22,Alveolar type 1 cell,58,36,1,1,1_5_2,AlveolarFib
B-3972,all,17,12,5656,5035,36,20484,0,0,0,0,0,B,8,Secondary crest myofibroblast,35,13,3,3,3_5,SMC
B-3973,all,139,60,5646,4929,15,104115,0,0,0,0,0,B,25,Inflammatory monocyte,48,36,3,3,3_3,AdventitialFib
B-3974,all,37,24,6126,4136,36,34976,0,0,0,0,0,B,4,Alveolar fibroblast 1,40,24,3,3,3_4,AdventitialFib
B-3976,all,37,14,7205,5067,22,26900,0,0,0,0,0,B,2,Alveolar type 1 cell,44,15,1,1,1_4_1,AlveolarFib
B-3978,all,28,10,7316,5119,12,19539,0,0,0,0,0,B,5,CD4+ T cell,43,11,1,1,1_4_1,AlveolarFib
B-3979,all,136,47,7219,4438,21,87051,0,0,0,0,0,B,5,CD8+ T cell,49,26,1,1,1_2_1,Tcell (CD4)
B-3980,all,31,23,6083,3852,20,60595,0,0,0,0,0,B,16,Capillary 1 cell,39,24,3,3,3_2,SMC
B-3981,all,123,51,7133,4943,31,57549,0,0,0,0,0,B,7,CD4+ T cell,44,24,1,1,1_2_1,Tcell (CD4)
B-3982,all,44,17,7379,5629,37,38356,0,0,0,0,0,B,7,Alveolar fibroblast 1,46,18,1,1,1_4_3,AlveolarFib
B-3987,all,75,40,5706,4993,36,40325,0,0,0,0,0,B,3,Alveolar macrophage,59,40,8,8,8_2,InterstitialMac
B-3988,all,354,100,5981,4053,23,94834,0,0,0,0,0,B,156,Ciliated cell,50,30,4,4,4_1_2,ClubEpi
B-3989,all,112,61,5839,4356,24,27352,0,0,0,0,0,B,32,Secretory cell,48,30,4,4,4_1_1,ClubEpi
B-3990,all,38,23,7444,5240,39,43950,0,0,0,0,0,B,7,Neutrophil,42,24,1,1,1_4_1,AlveolarFib
B-3991,all,73,38,7308,5432,34,42731,0,0,0,0,0,B,12,B cell,53,39,1,1,1_4_1,AlveolarFib
B-3993,all,78,33,6705,5711,20,85230,0,0,0,0,0,B,9,Innate lymphoid cell,56,35,2,2,2_5,DC
B-3994,all,220,75,5743,4510,24,84668,0,0,0,0,0,B,107,Endothelial progenitor cell,50,26,4,4,4_1_2,ClubEpi
B-3995,all,51,33,5715,5163,21,59195,0,0,0,0,0,B,14,Secondary crest myofibroblast,52,34,3,3,3_2,SMC
B-3996,all,167,77,6033,3899,27,54423,0,0,0,0,0,B,67,Endothelial progenitor cell,39,28,4,4,4_1_1,CiliatedEpi
B-3997,all,29,19,5638,4773,28,52150,55,0,55,0,1,B,6,Secondary crest myofibroblast,37,19,3,3,3_6,SCMF
B-3999,all,76,39,6013,4069,18,52001,0,0,0,0,0,B,16,Alveolar fibroblast 2,56,39,3,3,3_3,AdventitialFib
B-4000,all,47,21,7410,4802,12,44085,0,0,0,0,0,B,7,T regulatory cell,49,22,1,1,1_4_1,AlveolarFib
B-4001,all,196,80,5865,5614,27,39063,0,0,0,0,0,B,50,Ciliated cell,47,31,4,4,4_1_1,CiliatedEpi
B-4002,all,63,34,6360,4410,29,39265,0,0,0,0,0,B,17,Alveolar type 1 cell,57,35,3,3,3_5,SMC
B-4003,all,95,45,6302,4406,35,43226,0,0,0,0,0,B,15,Alveolar fibroblast 1,64,45,1,1,1_2_1,Tcell (CD4)
B-4004,all,313,88,5677,4578,19,68288,0,0,0,0,0,B,151,Ciliated cell,44,18,4,4,4_1_2,ClubEpi
B-4006,all,280,90,5857,4324,26,92286,0,0,0,0,0,B,113,Ciliated cell,55,42,4,4,4_1_1,CiliatedEpi
B-4009,all,36,22,7087,4371,32,48956,0,0,0,0,0,B,2,B cell,39,22,9,9,9,Bcell
B-4013,all,198,94,5636,5139,22,90434,0,0,0,0,0,B,50,Ciliated cell,46,35,4,4,4_1_1,CiliatedEpi
B-4014,all,287,99,5775,5447,23,62890,0,0,0,0,0,B,86,Arterial endothelial cell,50,40,4,4,4_1_1,CiliatedEpi
B-4015,all,21,18,5877,5526,39,34750,0,0,0,0,0,B,6,Alveolar macrophage,40,18,1,1,1_2_3,Tcell (CD4)
B-4017,all,81,30,5930,4441,18,31955,0,0,0,0,0,B,22,Alveolar fibroblast 2,56,30,3,3,3_3,AdventitialFib
B-4018,all,11,7,6776,4525,29,22688,0,0,0,0,0,B,4,Alveolar macrophage,27,7,1,1,1_2_3,Tcell (CD4)
B-4020,all,14,12,5868,5419,38,19589,0,0,0,0,0,B,6,Ciliated cell,30,12,3,3,3_3,AdventitialFib
B-4021,all,295,110,5724,5250,23,106025,0,0,0,0,0,B,78,Ciliated cell,47,42,4,4,4_1_1,CiliatedEpi
B-4023,all,90,45,6396,4400,35,46214,0,0,0,0,0,B,23,Alveolar fibroblast 1,64,45,1,1,1_5_1,LymphaticEndo
B-4024,all,129,62,5918,5498,38,38685,0,0,0,0,0,B,41,Alveolar fibroblast 1,41,20,4,4,4_1_2,ClubEpi
B-4028,all,42,25,6231,4581,13,41294,0,0,0,0,0,B,4,Secretory cell,44,26,1,1,1_4_1,AlveolarFib
B-4029,all,22,15,5860,4680,5,17026,0,0,0,0,0,B,3,CD4+ T cell,40,15,1,1,1_2_3,Tcell (CD4)
B-4030,all,423,109,5948,4102,24,97520,0,0,0,0,0,B,152,Alveolar fibroblast 1,46,29,4,4,4_1_2,CiliatedEpi
B-4031,all,153,43,6743,4726,28,102516,0,0,0,0,0,B,26,CD8+ T cell,51,28,3,3,3_2,SMC
B-4032,all,88,45,5916,4509,31,62985,0,0,0,0,0,B,28,Capillary 1 cell,64,45,1,1,1_4_1,AlveolarFib
B-4033,all,56,22,7433,5544,36,83283,0,0,0,0,0,B,3,Natural killer cell,53,23,1,1,1_6_2,Neutrophil
B-4035,all,157,66,5924,5558,39,47387,0,0,0,0,0,B,57,Alveolar fibroblast 1,44,29,4,4,4_1_1,CiliatedEpi
B-4036,all,30,16,7042,5008,36,48141,0,0,0,0,0,B,3,Alveolar fibroblast 1,41,17,3,3,3_5,SMC
B-4038,all,140,72,5925,5609,26,52633,0,0,0,0,0,B,33,Arterial endothelial cell,46,35,3,3,3_2,SMC
B-4039,all,103,41,7438,4758,17,73333,0,0,0,0,0,B,7,Alveolar macrophage,59,38,1,1,1_5_2,AlveolarFib
B-4040,all,47,30,6885,5110,16,48415,64,0,64,0,1,B,11,Alveolar fibroblast 1,46,29,1,1,1_5_1,LymphaticEndo
B-4041,all,70,39,6389,4572,36,54648,0,0,0,0,0,B,16,B cell,57,39,7,7,7_2,PatrolMac
B-4042,all,182,58,6865,4194,34,50357,0,0,0,0,0,B,20,Alveolar fibroblast 1,50,29,3,3,3_5,SMC
B-4044,all,74,36,7010,4417,12,62765,0,0,0,0,0,B,10,Neutrophil,55,37,1,1,1_4_1,AlveolarFib
B-4046,all,158,56,6194,3838,31,81572,0,0,0,0,0,B,11,Alveolar fibroblast 2,48,24,3,3,3_3,AdventitialFib
B-4047,all,87,34,5817,5005,7,48275,0,0,0,0,0,B,20,Mesothelial cell,56,34,3,3,3_4,AdventitialFib
B-4048,all,64,31,7259,5429,32,48099,0,0,0,0,0,B,21,Alveolar type 1 cell,55,31,1,1,1_4_3,AlveolarFib
B-4051,all,76,34,7269,3900,38,48022,0,0,0,0,0,B,18,Alveolar fibroblast 1,54,34,1,1,1_4_3,AlveolarFib
B-4052,all,40,19,7373,5665,36,29000,0,0,0,0,0,B,3,Alveolar macrophage,43,19,6,6,6,AT1
B-4054,all,76,36,6079,3943,24,94059,0,0,0,0,0,B,33,Sox9+/Id2+ epithelial cell,57,37,3,3,3_2,SMC
B-4055,all,84,36,5962,4237,35,51401,0,0,0,0,0,B,48,Vascular smooth muscle cell,61,36,3,3,3_2,SMC
B-4056,all,98,34,6324,4459,35,37473,0,0,0,0,0,B,13,Alveolar macrophage,60,31,6,6,6,AT1
B-4059,all,128,49,5898,4475,18,73244,0,0,0,0,0,B,18,Alveolar fibroblast 2,51,34,3,3,3_3,AdventitialFib
B-4060,all,160,33,6886,4369,24,82986,0,0,0,0,0,B,18,Alveolar type 1 cell,50,18,1,1,1_4_1,AlveolarFib
B-4061,all,63,25,6948,4495,14,51929,0,0,0,0,0,B,14,Pericyte,54,25,5,5,5_1,Pericyte
B-4062,all,200,86,6047,3857,27,71698,0,0,0,0,0,B,67,Endothelial progenitor cell,41,30,4,4,4_1_2,CiliatedEpi
B-4063,all,226,82,5709,4545,22,77130,0,0,0,0,0,B,101,Endothelial progenitor cell,46,35,4,4,4_1_2,CiliatedEpi
B-4064,all,106,43,5753,4681,17,74299,0,0,0,0,0,B,24,Inflammatory monocyte,64,38,1,1,1_2_3,Tcell (CD4)
B-4065,all,69,28,6836,3859,17,49244,0,0,0,0,0,B,6,CD4+ T cell,52,29,1,1,1_4_1,AlveolarFib
B-4066,all,70,26,7433,5096,9,33197,0,0,0,0,0,B,7,Proliferative mesenchymal progenitor cell,55,26,1,1,1_2_1,Tcell (CD4)
B-4068,all,126,61,6119,3901,28,112353,0,0,0,0,0,B,51,Secondary crest myofibroblast,42,27,3,3,3_2,SMC
B-4069,all,114,48,7365,4841,19,84502,0,0,0,0,0,B,5,Inflammatory monocyte,43,25,1,1,1_4_1,AlveolarFib
B-4070,all,44,24,7078,4024,33,32646,0,0,0,0,0,B,6,B cell,44,24,9,9,9,Bcell
B-4071,all,318,108,5819,4384,24,69737,0,0,0,0,0,B,82,Ciliated cell,48,34,4,4,4_1_1,ClubEpi
B-4072,all,95,46,5670,5097,22,54889,0,0,0,0,0,B,22,Venous endothelial cell,60,44,3,3,3_3,AdventitialFib
B-4073,all,208,83,5508,4812,30,53477,0,0,0,0,0,B,62,Alveolar fibroblast 1,48,28,4,4,4_1_1,ClubEpi
B-4074,all,138,48,6706,3966,17,72307,53,53,0,1,0,B,6,Inflammatory monocyte,48,23,3,3,3_3,AdventitialFib
B-4075,all,54,32,6024,4107,19,35923,0,0,0,0,0,B,19,Alveolar fibroblast 2,53,32,3,3,3_3,AdventitialFib
B-4077,all,67,28,6542,4771,25,46218,0,0,0,0,0,B,2,Pericyte,57,29,3,3,3_5,SMC
B-4078,all,83,37,5709,4671,28,63829,0,0,0,0,0,B,11,Mesothelial cell,57,37,3,3,3_4,AdventitialFib
B-4079,all,50,27,7254,4785,16,41541,0,0,0,0,0,B,6,AT1/AT2,52,28,1,1,1_4_1,AlveolarFib
B-4080,all,36,19,6091,4154,39,27015,0,0,0,0,0,B,4,Alveolar macrophage,41,19,1,1,1_2_1,Tcell (CD4)
B-4081,all,59,15,5730,4556,29,25496,0,0,0,0,0,B,49,Arterial endothelial cell,53,15,4,4,4_2,ClubEpi
B-4082,all,86,40,7299,4020,27,69011,0,0,0,0,0,B,26,B cell,63,40,9,9,9,Bcell
B-4083,all,207,55,7374,4041,22,95288,0,0,0,0,0,B,19,Sox9+/Id2+ epithelial cell,57,33,2,2,2_2,InflamMac
B-4084,all,377,113,5733,5349,24,77243,0,0,0,0,0,B,76,Ciliated cell,51,38,4,4,4_1_1,CiliatedEpi
B-4085,all,88,30,7109,3978,16,75137,0,0,0,0,0,B,15,Alveolar fibroblast 1,56,30,1,1,1_5_1,LymphaticEndo
B-4089,all,223,92,6033,3960,23,121180,0,0,0,0,0,B,76,Endothelial progenitor cell,45,34,4,4,4_1_1,CiliatedEpi
B-4090,all,81,40,7351,4771,17,63510,0,0,0,0,0,B,15,Proliferative mesenchymal progenitor cell,60,40,1,1,1_2_1,Tcell (CD4)
B-4091,all,19,13,5807,5324,26,30720,0,0,0,0,0,B,8,Secondary crest myofibroblast,38,13,3,3,3_2,SMC
B-4092,all,98,44,5704,4595,34,42969,0,0,0,0,0,B,54,Ciliated cell,66,43,4,4,4_1_2,ClubEpi
B-4094,all,90,44,6829,4222,21,44829,0,0,0,0,0,B,14,CD4+ T cell,62,45,3,3,3_5,SMC
B-4095,all,71,47,5870,5359,31,32093,0,0,0,0,0,B,22,Ciliated cell,59,47,4,4,4_1_2,ClubEpi
B-4097,all,11,9,7216,4912,15,22793,0,0,0,0,0,B,2,CD4+ T cell,32,9,1,1,1_2_1,Tcell (CD4)
B-4098,all,62,29,5705,5046,37,44269,0,0,0,0,0,B,5,Proliferative mesenchymal progenitor cell,53,29,3,3,3_3,AdventitialFib
B-4099,all,256,63,6490,5122,12,84676,0,0,0,0,0,B,25,Inflammatory monocyte,54,32,3,3,3_3,AdventitialFib
B-4100,all,258,65,6999,4097,25,117317,0,0,0,0,0,B,22,Alveolar type 1 cell,46,22,6,6,6,AT1
B-4101,all,410,115,5776,4468,27,109449,0,0,0,0,0,B,195,Ciliated cell,50,27,4,4,4_1_2,ClubEpi
B-4102,all,50,27,7380,5425,21,50226,0,0,0,0,0,B,4,Alveolar fibroblast 1,52,28,1,1,1_4_1,AlveolarFib
B-4104,all,137,35,7259,4724,10,58621,0,0,0,0,0,B,14,Alveolar type 1 cell,49,18,6,6,6,AT1
B-4105,all,174,53,6852,4707,24,120523,0,0,0,0,0,B,32,Alveolar fibroblast 1,53,34,1,1,1_4_1,AlveolarFib
B-4106,all,31,15,5844,5270,41,17878,0,0,0,0,0,B,19,Alveolar type 1 cell,40,15,3,3,3_2,SMC
B-4107,all,82,44,5747,4616,22,82359,0,0,0,0,0,B,18,Ciliated cell,59,42,4,4,4_1_3,CiliatedEpi
B-4108,all,70,26,5790,4621,13,49385,0,0,0,0,0,B,11,Mesothelial cell,52,26,3,3,3_3,AdventitialFib
B-4109,all,53,33,5705,5111,11,56553,0,0,0,0,0,B,15,Alveolar fibroblast 2,53,33,3,3,3_3,AdventitialFib
B-4111,all,319,77,6420,5085,19,144215,0,0,0,0,0,B,45,Alveolar fibroblast 2,57,39,3,3,3_3,AdventitialFib
B-4112,all,27,18,5855,4500,32,37515,0,0,0,0,0,B,9,Proliferative mesenchymal progenitor cell,41,19,3,3,3_2,SMC
B-4113,all,146,53,6734,4411,12,92029,157,105,52,0.6687898,0.3312102,B,15,Inflammatory monocyte,50,29,9,9,9,Bcell
B-4114,all,73,33,5916,4628,11,45676,0,0,0,0,0,B,2,Megakaryocyte/Platelet,56,34,1,1,1_6_2,Neutrophil
B-4117,all,100,43,5662,4844,22,59458,0,0,0,0,0,B,10,Alveolar macrophage,67,43,1,1,1_2_3,Tcell (CD4)
B-4118,all,52,21,7242,4554,22,38837,0,0,0,0,0,B,17,Proliferative mesenchymal progenitor cell,51,21,1,1,1_4_1,AlveolarFib
B-4119,all,131,50,7268,3994,27,88354,0,0,0,0,0,B,17,B cell,46,21,9,9,9,Bcell
B-4123,all,104,47,6943,4443,28,82074,0,0,0,0,0,B,31,B cell,60,40,9,9,9,Bcell
B-4125,all,72,33,5666,4991,15,54174,0,0,0,0,0,B,18,Secondary crest myofibroblast,53,33,3,3,3_6,SCMF
B-4126,all,199,66,6334,5199,16,87627,0,0,0,0,0,B,22,Mesothelial cell,55,36,3,3,3_3,AdventitialFib
B-4127,all,16,8,7108,4420,12,25898,0,0,0,0,0,B,10,CD4+ T cell,29,8,7,7,7_4,PatrolMac
B-4128,all,254,104,5900,4255,24,56673,0,0,0,0,0,B,82,Alveolar fibroblast 1,48,35,4,4,4_1_1,ClubEpi
B-4129,all,76,39,6315,4044,20,73004,0,0,0,0,0,B,6,Alveolar fibroblast 1,58,39,1,1,1_2_1,Tcell (CD4)
B-4130,all,162,58,7180,5272,32,101692,0,0,0,0,0,B,24,Capillary 2 cell,50,30,2,2,2_2,InflamMac
B-4132,all,52,37,5831,5455,21,39528,0,0,0,0,0,B,18,Secretory cell,52,37,4,4,4_1_1,ClubEpi
B-4133,all,41,22,7218,5093,15,51373,0,0,0,0,0,B,6,Alveolar fibroblast 1,42,22,1,1,1_4_1,AlveolarFib
B-4135,all,350,116,5659,5178,27,73369,0,0,0,0,0,B,104,Ciliated cell,49,35,4,4,4_1_1,ClubEpi
B-4136,all,119,28,7251,4962,14,63280,0,0,0,0,0,B,4,Alveolar type 1 cell,48,18,1,1,1_4_1,AlveolarFib
B-4137,all,170,70,5833,4571,17,109903,0,0,0,0,0,B,20,Alveolar macrophage,53,40,1,1,1_2_3,Tcell (CD4)
B-4138,all,31,18,5859,4442,40,26958,0,0,0,0,0,B,12,Secretory cell,41,19,3,3,3_2,SMC
B-4141,all,170,51,7033,4183,13,102961,0,0,0,0,0,B,15,Alveolar type 1 cell,53,31,1,1,1_2_3,Tcell (CD4)
B-4142,all,68,31,5893,4602,7,26750,0,0,0,0,0,B,10,Mesothelial cell,57,31,3,3,3_3,AdventitialFib
B-4143,all,61,31,5911,5328,36,36923,0,0,0,0,0,B,9,Alveolar type 1 cell,55,32,1,1,1_4_1,AlveolarFib
B-4145,all,383,111,5651,4624,24,115138,0,0,0,0,0,B,155,Ciliated cell,42,30,4,4,4_1_2,CiliatedEpi
B-4146,all,30,20,6777,4613,22,22213,0,0,0,0,0,B,4,CD4+ T cell,40,21,1,1,1_4_1,AlveolarFib
B-4147,all,113,48,6367,4349,24,67693,0,0,0,0,0,B,17,Mesothelial cell,48,31,1,1,1_4_1,AlveolarFib
B-4149,all,11,7,7164,4917,9,19121,0,0,0,0,0,B,5,Alveolar macrophage,29,7,1,1,1_2_3,Tcell (CD4)
B-4151,all,35,20,7336,4675,15,40818,0,0,0,0,0,B,9,CD4+ T cell,40,21,3,3,3_5,SMC
B-4152,all,13,9,5903,5681,27,8626,0,0,0,0,0,B,3,Mesothelial cell,29,9,3,3,3_3,AdventitialFib
B-4153,all,68,50,5817,5410,24,52315,0,0,0,0,0,B,24,Secretory cell,64,50,3,3,3_2,SMC
B-4154,all,69,38,5905,5643,16,49881,0,0,0,0,0,B,28,Secretory cell,57,38,3,3,3_2,SMC
B-4155,all,77,34,6913,4799,26,62566,0,0,0,0,0,B,12,Inflammatory monocyte,56,34,5,5,5_3,Pericyte
B-4156,all,47,26,7062,3977,26,48477,0,0,0,0,0,B,9,Alveolar fibroblast 1,47,27,1,1,1_5_1,LymphaticEndo
B-4158,all,97,38,7388,3997,15,64418,0,0,0,0,0,B,21,Inflammatory monocyte,62,36,8,8,8_1,AlveolarMac
B-4160,all,53,33,5841,5494,39,17652,0,0,0,0,0,B,24,B cell,41,33,4,4,4_1_2,CiliatedEpi
B-4162,all,62,35,6901,4709,38,44865,0,0,0,0,0,B,8,Inflammatory monocyte,58,36,2,2,2_2,InflamMac
B-4163,all,57,40,5841,5556,29,28739,0,0,0,0,0,B,12,Inflammatory monocyte,56,40,9,9,9,Bcell
B-4166,all,56,24,7392,4625,27,54083,0,0,0,0,0,B,5,CD4+ T cell,53,24,1,1,1_2_1,Tcell (CD4)
B-4168,all,84,46,7069,4936,34,72639,0,0,0,0,0,B,15,Alveolar type 1 cell,59,47,3,3,3_2,SMC
B-4169,all,142,38,6365,5164,11,49356,129,0,129,0,1,B,31,Mesothelial cell,51,19,3,3,3_3,AdventitialFib
B-4170,all,94,45,5797,4363,6,18778,0,0,0,0,0,B,27,Endothelial progenitor cell,64,44,4,4,4_1_1,ClubEpi
B-4171,all,222,83,5813,5516,23,45779,0,0,0,0,0,B,87,Endothelial progenitor cell,41,32,4,4,4_1_2,CiliatedEpi
B-4172,all,122,43,6066,4069,25,87655,0,0,0,0,0,B,21,Mesothelial cell,45,18,3,3,3_3,AdventitialFib
B-4173,all,79,40,5673,4543,29,26803,0,0,0,0,0,B,27,Ciliated cell,58,39,4,4,4_1_1,CiliatedEpi
B-4174,all,22,16,7188,4897,7,16198,0,0,0,0,0,B,3,Alveolar macrophage,41,16,1,1,1_2_3,Tcell (CD4)
B-4175,all,113,47,7355,4806,23,94325,0,0,0,0,0,B,12,Alveolar macrophage,54,29,1,1,1_2_3,Tcell (CD4)
B-4176,all,340,126,5747,5304,25,100363,0,0,0,0,0,B,124,Ciliated cell,46,35,4,4,4_1_1,ClubEpi
B-4178,all,144,43,7285,4805,32,69348,0,0,0,0,0,B,19,Alveolar type 1 cell,50,25,1,1,1_5_2,AlveolarFib
B-4179,all,74,32,7176,5068,25,55395,0,0,0,0,0,B,13,B cell,54,32,9,9,9,Bcell
B-4180,all,292,113,5801,5479,25,101747,0,0,0,0,0,B,77,Ciliated cell,41,30,4,4,4_1_1,ClubEpi
B-4181,all,440,132,5690,5216,28,95515,0,0,0,0,0,B,133,Ciliated cell,41,26,4,4,4_1_1,ClubEpi
B-4182,all,88,36,6392,5133,16,38872,0,0,0,0,0,B,19,Alveolar fibroblast 2,59,36,3,3,3_3,AdventitialFib
B-4183,all,49,26,5829,5382,26,28795,0,0,0,0,0,B,25,Ciliated cell,41,25,4,4,4_1_2,CiliatedEpi
B-4184,all,12,10,5875,4536,40,13154,0,0,0,0,0,B,2,Sox9+/Id2+ epithelial cell,28,10,8,8,8_2,InterstitialMac
B-4185,all,119,67,5876,5583,38,33137,0,0,0,0,0,B,28,Arterial endothelial cell,60,48,4,4,4_1_1,CiliatedEpi
B-4187,all,313,114,5916,4216,26,95536,0,0,0,0,0,B,97,Ciliated cell,43,31,4,4,4_1_1,ClubEpi
B-4189,all,43,21,6801,4203,26,34365,0,0,0,0,0,B,5,Alveolar fibroblast 1,44,22,1,1,1_4_3,AlveolarFib
B-4191,all,33,16,6985,3991,36,34289,0,0,0,0,0,B,7,Alveolar fibroblast 1,40,16,1,1,1_5_1,LymphaticEndo
B-4192,all,20,16,5855,5451,41,9679,0,0,0,0,0,B,9,Ciliated cell,35,15,4,4,4_1_1,CiliatedEpi
B-4193,all,136,47,7265,5482,31,87688,0,0,0,0,0,B,21,CD4+ T cell,47,22,1,1,1_4_1,AlveolarFib
B-4195,all,310,93,5818,5555,21,66247,0,0,0,0,0,B,98,Ciliated cell,49,28,4,4,4_1_2,ClubEpi
B-4197,all,122,39,6349,4445,36,33096,0,0,0,0,0,B,8,Alveolar macrophage,46,19,6,6,6,AT1
B-4198,all,107,40,7335,5355,28,89899,0,0,0,0,0,B,11,CD4+ T cell,61,34,1,1,1_2_1,Tcell (CD4)
B-4199,all,58,39,5986,4104,21,32205,0,0,0,0,0,B,21,Endothelial progenitor cell,50,38,4,4,4_1_1,CiliatedEpi
B-4202,all,66,40,5793,5353,23,56829,0,0,0,0,0,B,25,Ciliated cell,53,39,4,4,4_1_2,CiliatedEpi
B-4205,all,67,38,5789,5193,14,36977,0,0,0,0,0,B,7,CD4+ T cell,59,38,1,1,1_2_3,Tcell (CD4)
B-4207,all,256,97,5916,4171,25,51346,0,0,0,0,0,B,54,Venous endothelial cell,48,40,4,4,4_1_1,CiliatedEpi
B-4209,all,105,45,6015,5727,20,52918,0,0,0,0,0,B,17,Alveolar fibroblast 2,61,36,3,3,3_4,AdventitialFib
B-4210,all,119,55,5765,5229,21,89422,0,0,0,0,0,B,33,Natural killer cell,44,26,1,1,1_2_3,Tcell (CD4)
B-4213,all,105,37,5920,5014,10,56823,0,0,0,0,0,B,22,Inflammatory monocyte,62,34,3,3,3_3,AdventitialFib
B-4217,all,155,61,6783,4394,25,78176,0,0,0,0,0,B,23,Pericyte,52,35,1,1,1_2_3,Tcell (CD4)
B-4218,all,29,15,6947,4008,37,31247,0,0,0,0,0,B,9,Venous endothelial cell,40,16,1,1,1_4_3,AlveolarFib
B-4220,all,129,59,5789,5407,26,50719,0,0,0,0,0,B,48,Ciliated cell,49,36,4,4,4_1_1,CiliatedEpi
B-4221,all,359,87,6702,4589,29,149700,0,0,0,0,0,B,43,Alveolar type 1 cell,54,36,6,6,6,AT1
B-4222,all,254,73,6006,3867,10,34872,0,0,0,0,0,B,109,Ciliated cell,58,38,4,4,4_1_2,CiliatedEpi
B-4223,all,81,32,6551,5728,14,101612,0,0,0,0,0,B,15,Alveolar fibroblast 1,60,33,1,1,1_5_2,AlveolarFib
B-4225,all,57,35,5975,4133,18,35782,0,0,0,0,0,B,20,Secretory cell,57,36,3,3,3_5,SMC
B-4226,all,44,23,7305,4695,12,43165,0,0,0,0,0,B,5,CD8+ T cell,44,23,6,6,6,AT1
B-4231,all,50,28,5799,5288,41,16251,0,0,0,0,0,B,28,Ciliated cell,37,28,4,4,4_1_2,CiliatedEpi
B-4232,all,66,30,7098,5000,25,94435,0,0,0,0,0,B,14,Inflammatory monocyte,57,30,1,1,1_5_2,AlveolarFib
B-4233,all,286,91,5883,4284,26,71068,0,0,0,0,0,B,127,Endothelial progenitor cell,45,21,4,4,4_1_2,ClubEpi
B-4236,all,108,41,7350,5252,15,69256,0,0,0,0,0,B,34,Proliferative mesenchymal progenitor cell,55,31,1,1,1_2_1,Tcell (CD4)
B-4238,all,16,13,6622,5542,35,35226,0,0,0,0,0,B,4,Proliferative mesenchymal progenitor cell,35,13,3,3,3_3,AdventitialFib
B-4239,all,22,16,5835,5328,38,21545,0,0,0,0,0,B,3,Secretory cell,41,16,6,6,6,AT1
B-4240,all,84,31,6010,5415,20,45465,0,0,0,0,0,B,6,Alveolar fibroblast 1,60,31,3,3,3_4,AdventitialFib
B-4242,all,64,43,5874,5308,40,14119,0,0,0,0,0,B,18,Ciliated cell,54,41,4,4,4_1_1,CiliatedEpi
B-4244,all,66,15,5973,3892,6,14487,0,0,0,0,0,B,51,Capillary 1 cell,38,15,4,4,4_2,CiliatedEpi
B-4246,all,13,6,5685,5147,20,20838,0,0,0,0,0,B,9,Secondary crest myofibroblast,31,7,3,3,3_2,SMC
B-4248,all,49,25,5773,4587,26,63541,0,0,0,0,0,B,16,Proliferative mesenchymal progenitor cell,49,25,3,3,3_3,AdventitialFib
B-4249,all,90,39,6917,5171,27,74559,0,0,0,0,0,B,10,Inflammatory monocyte,64,39,1,1,1_4_1,AlveolarFib
B-4251,all,97,42,6012,3920,21,44383,0,0,0,0,0,B,39,Secretory cell,65,41,4,4,4_1_1,ClubEpi
B-4252,all,76,42,6012,4034,25,23667,0,0,0,0,0,B,31,Alveolar fibroblast 1,59,42,3,3,3_3,AdventitialFib
B-4254,all,324,118,5763,5387,22,91977,0,0,0,0,0,B,88,Venous endothelial cell,52,43,4,4,4_1_1,ClubEpi
B-4257,all,39,23,5964,4179,39,22152,0,0,0,0,0,B,12,Ciliated cell,42,23,7,7,7_3,Tcell (CD8)
B-4258,all,52,25,6810,4525,39,30097,0,0,0,0,0,B,8,Inflammatory monocyte,54,26,1,1,1_4_1,AlveolarFib
B-4259,all,41,18,6790,4436,22,23258,0,0,0,0,0,B,4,CD4+ T cell,44,19,1,1,1_4_1,AlveolarFib
B-4260,all,38,24,6164,4735,4,15577,0,0,0,0,0,B,7,Inflammatory monocyte,42,25,2,2,2_5,DC
B-4261,all,38,13,5799,4669,41,13044,0,0,0,0,0,B,13,Alveolar macrophage,43,13,1,1,1_2_3,Tcell (CD4)
B-4263,all,38,18,5880,5480,41,14407,0,0,0,0,0,B,17,Capillary 1 cell,40,18,4,4,4_1_2,CiliatedEpi
B-4265,all,72,40,6013,5452,21,40601,0,0,0,0,0,B,15,Mesothelial cell,58,40,3,3,3_3,AdventitialFib
B-4273,all,52,35,5646,5098,24,35811,0,0,0,0,0,B,16,Innate lymphoid cell,52,35,4,4,4_1_1,ClubEpi
B-4278,all,15,10,6036,5731,4,9230,0,0,0,0,0,B,6,Proliferative mesenchymal progenitor cell,31,10,3,3,3_3,AdventitialFib
B-4279,all,132,68,5937,4148,27,40645,0,0,0,0,0,B,52,Ciliated cell,57,47,4,4,4_1_1,CiliatedEpi
B-4282,all,23,20,7996,1285,11,60429,0,0,0,0,0,B,4,Alveolar fibroblast 1,42,20,1,1,1_5_1,LymphaticEndo
B-4283,all,32,9,8582,1038,35,39116,0,0,0,0,0,B,19,Alveolar type 2 cell,44,9,1,1,1_1,AT2
B-4284,all,9,9,9029,1527,8,29988,0,0,0,0,0,B,2,CD4+ T cell,30,10,1,1,1_4_1,AlveolarFib
B-4286,all,28,21,7833,1096,22,97902,0,0,0,0,0,B,8,Alveolar fibroblast 1,39,22,2,2,2_4,Artery
B-4287,all,14,10,8865,249,23,47163,0,0,0,0,0,B,2,Proliferative mesenchymal progenitor cell,29,10,5,5,5_1,Pericyte
B-4288,all,36,10,9037,44,15,62878,0,0,0,0,0,B,30,Alveolar type 2 cell,44,10,1,1,1_3,AT2
B-4289,all,34,18,8386,423,16,60397,0,0,0,0,0,B,19,Neutrophil,43,18,1,1,1_3,AT2
B-4293,all,30,8,8666,1178,13,43396,0,0,0,0,0,B,24,Alveolar type 2 cell,44,8,1,1,1_3,AT2
B-4296,all,17,6,8644,1210,16,36981,0,0,0,0,0,B,14,Pericyte,43,7,3,3,3_5,SMC
B-4297,all,23,14,8335,1267,21,106814,0,0,0,0,0,B,2,Capillary 1 cell,44,14,2,2,2_3,Vein
B-4299,all,53,7,7875,200,37,42577,0,0,0,0,0,B,51,Alveolar type 2 cell,49,7,1,1,1_1,AT2
B-4301,all,42,26,8836,1731,23,113428,0,0,0,0,0,B,2,B cell,42,26,9,9,9,Bcell
B-4303,all,55,13,9166,1562,14,38340,0,0,0,0,0,B,6,Alveolar type 1 cell,51,13,6,6,6,AT1
B-4304,all,24,20,7494,1654,24,54473,0,0,0,0,0,B,5,Capillary 1 cell,45,21,2,2,2_1,Capillary
B-4306,all,32,18,8399,1486,21,65968,0,0,0,0,0,B,13,Alveolar fibroblast 1,41,19,2,2,2_4,Artery
B-4307,all,154,27,8251,1460,13,85895,0,0,0,0,0,B,130,Alveolar type 2 cell,46,8,1,1,1_1,AT2
B-4308,all,20,16,9098,337,27,74333,0,0,0,0,0,B,3,Alveolar fibroblast 1,41,16,1,1,1_5_2,AlveolarFib
B-4310,all,11,8,9166,469,40,17821,0,0,0,0,0,B,3,Proliferative mesenchymal progenitor cell,25,9,1,1,1_6_2,Neutrophil
B-4312,all,35,20,7540,1824,26,53991,0,0,0,0,0,B,8,Arterial endothelial cell,41,20,2,2,2_4,Artery
B-4314,all,13,11,9065,1489,33,68992,0,0,0,0,0,B,2,B cell,32,11,9,9,9,Bcell
B-4316,all,35,13,7720,678,16,28831,0,0,0,0,0,B,7,Alveolar type 1 cell,43,13,6,6,6,AT1
B-4319,all,62,27,8503,1529,25,72650,0,0,0,0,0,B,11,Alveolar type 1 cell,52,27,6,6,6,AT1
B-4320,all,50,24,8392,384,16,75922,0,0,0,0,0,B,21,Alveolar type 2 cell,49,24,1,1,1_1,AT2
B-4321,all,9,3,7745,28,22,46260,0,0,0,0,0,B,8,Alveolar type 2 cell,36,4,1,1,1_1,AT2
B-4322,all,36,22,9264,276,24,94350,0,0,0,0,0,B,9,Alveolar fibroblast 1,42,23,3,3,3_1,SMC
B-4323,all,68,27,8753,409,19,64719,0,0,0,0,0,B,16,Sox9+/Id2+ epithelial cell,55,26,2,2,2_1,Capillary
B-4324,all,12,9,8226,1874,34,23453,0,0,0,0,0,B,7,Interstitial macrophage,21,9,8,8,8_3,InterstitialMac
B-4327,all,44,17,7889,1227,14,53318,0,0,0,0,0,B,13,Alveolar type 1 cell,45,17,6,6,6,AT1
B-4330,all,21,11,7772,1107,21,73434,0,0,0,0,0,B,6,Pericyte,39,11,5,5,5_1,Pericyte
B-4333,all,20,16,7685,38,23,128068,0,0,0,0,0,B,9,Pericyte,40,16,2,2,2_4,Artery
B-4335,all,54,23,8602,293,29,68699,0,0,0,0,0,B,27,Alveolar type 2 cell,52,23,7,7,7_2,PatrolMac
B-4336,all,20,12,7569,1720,32,37556,0,0,0,0,0,B,10,Vascular smooth muscle cell,37,12,3,3,3_2,SMC
B-4339,all,8,8,8953,326,11,28083,0,0,0,0,0,B,2,Inflammatory monocyte,31,10,2,2,2_2,InflamMac
B-4341,all,79,27,8681,857,24,107664,0,0,0,0,0,B,25,Arterial endothelial cell,56,27,6,6,6,AT1
B-4345,all,24,16,8698,1104,23,76671,0,0,0,0,0,B,4,Capillary 1 cell,47,16,9,9,9,Bcell
B-4346,all,31,20,8969,417,31,89798,0,0,0,0,0,B,6,Inflammatory monocyte,42,20,7,7,7_4,PatrolMac
B-4347,all,57,8,8279,1127,37,54213,0,0,0,0,0,B,45,Alveolar type 2 cell,50,8,1,1,1_1,AT2
B-4349,all,82,14,7827,1029,24,96230,0,0,0,0,0,B,77,Alveolar type 2 cell,53,14,1,1,1_3,AT2
B-4351,all,6,4,7506,1950,35,31512,0,0,0,0,0,B,4,Arterial endothelial cell,22,6,2,2,2_4,Artery
B-4352,all,23,13,7521,1565,34,32393,0,0,0,0,0,B,3,Endothelial progenitor cell,45,14,3,3,3_2,SMC
B-4354,all,9,9,7462,527,28,44966,0,0,0,0,0,B,4,Alveolar fibroblast 1,27,10,3,3,3_4,AdventitialFib
B-4355,all,12,11,7682,1900,16,31706,0,0,0,0,0,B,3,Arterial endothelial cell,29,11,3,3,3_6,SCMF
B-4356,all,9,7,9108,474,21,56104,0,0,0,0,0,B,4,Sox9+/Id2+ epithelial cell,33,8,2,2,2_1,Capillary
B-4357,all,20,7,7463,1334,20,37042,0,0,0,0,0,B,4,Arterial endothelial cell,40,7,2,2,2_4,Artery
B-4358,all,68,17,7932,1208,34,65292,0,0,0,0,0,B,47,Sox9+/Id2+ epithelial cell,52,17,1,1,1_1,AT2
B-4359,all,22,15,8445,848,33,54972,0,0,0,0,0,B,9,Inflammatory monocyte,41,15,5,5,5_3,Pericyte
B-4360,all,104,45,8215,1177,24,148037,0,0,0,0,0,B,18,Arterial endothelial cell,53,30,6,6,6,AT1
B-4364,all,42,21,8642,961,31,104057,0,0,0,0,0,B,10,Capillary 1 cell,43,21,6,6,6,AT1
B-4365,all,95,26,8411,1448,25,88062,0,0,0,0,0,B,20,Alveolar type 1 cell,58,24,6,6,6,AT1
B-4366,all,34,20,7548,504,16,58218,0,0,0,0,0,B,8,Alveolar fibroblast 1,42,21,2,2,2_1,Capillary
B-4367,all,27,19,8839,1826,28,69916,0,0,0,0,0,B,4,Alveolar fibroblast 1,39,20,2,2,2_4,Artery
B-4368,all,11,6,8431,989,24,31119,0,0,0,0,0,B,5,B cell,32,7,1,1,1_4_3,AlveolarFib
B-4370,all,15,11,7608,1879,21,35473,0,0,0,0,0,B,9,Pericyte,30,11,3,3,3_2,SMC
B-4373,all,15,12,8663,818,13,43299,0,0,0,0,0,B,2,Venous endothelial cell,34,13,2,2,2_3,Vein
B-4376,all,76,19,8516,266,26,77451,0,0,0,0,0,B,9,Alveolar type 1 cell,52,19,6,6,6,AT1
B-4378,all,44,23,7452,1177,21,72257,0,0,0,0,0,B,15,Arterial endothelial cell,45,23,2,2,2_4,Artery
B-4379,all,16,10,8488,351,10,37879,0,0,0,0,0,B,9,Alveolar fibroblast 1,43,11,2,2,2_4,Artery
B-4380,all,20,15,7686,1931,18,59089,0,0,0,0,0,B,6,Vascular smooth muscle cell,39,16,3,3,3_2,SMC
B-4381,all,18,14,7925,43,12,77401,0,0,0,0,0,B,2,Alveolar type 1 cell,38,14,6,6,6,AT1
B-4383,all,79,30,9145,652,16,85540,0,0,0,0,0,B,22,Alveolar type 1 cell,57,30,6,6,6,AT1
B-4385,all,32,19,8774,776,19,65055,0,0,0,0,0,B,9,Sox9+/Id2+ epithelial cell,38,19,6,6,6,AT1
B-4386,all,68,26,9223,1657,31,80480,0,0,0,0,0,B,5,Alveolar type 1 cell,53,26,6,6,6,AT1
B-4389,all,33,27,8133,1331,13,82543,0,0,0,0,0,B,8,Alveolar fibroblast 1,39,28,2,2,2_4,Artery
B-4390,all,18,14,7732,1946,24,45033,0,0,0,0,0,B,4,Secondary crest myofibroblast,39,15,3,3,3_5,SMC
B-4392,all,9,9,8256,1374,40,24679,0,0,0,0,0,B,2,Alveolar fibroblast 1,28,10,1,1,1_5_1,LymphaticEndo
B-4394,all,46,18,8643,891,19,51825,0,0,0,0,0,B,8,Alveolar type 1 cell,47,18,6,6,6,AT1
B-4395,all,41,20,7468,436,17,117115,0,0,0,0,0,B,18,Capillary 1 cell,44,20,2,2,2_3,Vein
B-4397,all,57,32,9288,1641,23,86689,0,0,0,0,0,B,19,B cell,54,32,9,9,9,Bcell
B-4398,all,30,22,8613,780,11,46623,0,0,0,0,0,B,4,Natural killer cell,36,23,2,2,2_2,InflamMac
B-4400,all,35,15,8543,1407,17,88941,55,0,55,0,1,B,5,Arterial endothelial cell,42,15,2,2,2_1,Capillary
B-4401,all,42,26,8600,367,13,79172,0,0,0,0,0,B,7,Inflammatory monocyte,43,26,3,3,3_4,AdventitialFib
B-4403,all,94,18,8689,908,34,81669,0,0,0,0,0,B,79,Alveolar type 2 cell,55,16,1,1,1_3,AT2
B-4404,all,25,16,7607,590,18,98427,0,0,0,0,0,B,4,Pericyte,44,16,5,5,5_1,Pericyte
B-4406,all,20,13,8724,1423,11,50648,0,0,0,0,0,B,8,Alveolar type 2 cell,43,14,2,2,2_2,InflamMac
B-4407,all,30,13,8622,1242,20,97478,0,0,0,0,0,B,13,Alveolar fibroblast 2,44,14,3,3,3_1,SMC
B-4408,all,39,23,7688,707,28,72248,0,0,0,0,0,B,7,CD8+ T cell,42,23,7,7,7_2,PatrolMac
B-4409,all,31,20,7583,204,29,47360,0,0,0,0,0,B,5,Interstitial macrophage,39,20,8,8,8_2,InterstitialMac
B-4415,all,15,9,7826,941,12,38342,0,0,0,0,0,B,4,Endothelial progenitor cell,34,9,2,2,2_1,Capillary
B-4416,all,6,5,8148,1933,26,37589,0,0,0,0,0,B,3,Interstitial macrophage,13,8,8,8,8_3,InterstitialMac
B-4417,all,21,13,7875,945,10,58180,0,0,0,0,0,B,8,Alveolar fibroblast 1,38,13,1,1,1_5_1,LymphaticEndo
B-4420,all,91,18,8100,1207,15,74971,0,0,0,0,0,B,68,Alveolar type 2 cell,54,17,1,1,1_3,AT2
B-4421,all,33,20,8870,1563,13,80523,0,0,0,0,0,B,3,Venous endothelial cell,41,21,3,3,3_1,SMC
B-4422,all,95,36,9169,1711,26,94449,0,0,0,0,0,B,7,Alveolar type 2 cell,60,35,1,1,1_3,AT2
B-4424,all,27,16,8639,1492,11,51108,0,0,0,0,0,B,8,Innate lymphoid cell,39,16,1,1,1_5_1,LymphaticEndo
B-4427,all,70,30,8652,1116,22,104958,0,0,0,0,0,B,14,Alveolar type 2 cell,52,31,2,2,2_4,Artery
B-4430,all,46,9,9100,187,38,56784,0,0,0,0,0,B,40,Alveolar type 2 cell,47,9,1,1,1_1,AT2
B-4431,all,85,28,8909,1467,20,72500,0,0,0,0,0,B,11,Alveolar type 1 cell,56,28,6,6,6,AT1
B-4433,all,28,18,7493,1698,23,38819,0,0,0,0,0,B,9,Arterial endothelial cell,39,18,2,2,2_4,Artery
B-4435,all,45,24,7734,1153,17,84195,0,0,0,0,0,B,25,Alveolar fibroblast 1,47,25,2,2,2_4,Artery
B-4436,all,21,14,7830,978,15,65966,0,0,0,0,0,B,5,Vascular smooth muscle cell,39,14,3,3,3_6,SCMF
B-4437,all,28,21,8955,1383,26,72883,0,0,0,0,0,B,7,B cell,40,21,9,9,9,Bcell
B-4441,all,87,16,7792,1148,25,97951,0,0,0,0,0,B,67,Alveolar type 2 cell,53,15,1,1,1_3,AT2
B-4443,all,42,27,7734,432,32,91659,0,0,0,0,0,B,5,Natural killer cell,43,27,1,1,1_5_2,AlveolarFib
B-4444,all,31,17,7458,1214,23,62631,0,0,0,0,0,B,2,Secondary crest myofibroblast,41,18,3,3,3_2,SMC
B-4445,all,20,5,7818,869,32,61602,0,0,0,0,0,B,16,Pericyte,43,5,5,5,5_3,Pericyte
B-4446,all,13,9,8596,410,36,28343,0,0,0,0,0,B,2,Alveolar fibroblast 1,34,10,2,2,2_4,Artery
B-4447,all,10,6,7505,1056,18,48853,0,0,0,0,0,B,2,Alveolar fibroblast 1,29,7,1,1,1_5_1,LymphaticEndo
B-4449,all,76,23,8738,471,19,82203,0,0,0,0,0,B,22,Pericyte,54,23,6,6,6,AT1
B-4450,all,19,11,8682,1580,27,64652,0,0,0,0,0,B,5,Pericyte,38,11,5,5,5_1,Pericyte
B-4452,all,7,7,7619,1839,23,17774,0,0,0,0,0,B,3,Secondary crest myofibroblast,25,9,3,3,3_2,SMC
B-4453,all,18,8,7787,1028,12,46093,0,0,0,0,0,B,13,Pericyte,38,8,5,5,5_1,Pericyte
B-4455,all,28,20,8651,758,18,55632,0,0,0,0,0,B,5,Capillary 2 cell,42,20,2,2,2_1,Capillary
B-4456,all,30,17,8513,413,18,90872,0,0,0,0,0,B,11,B cell,39,17,9,9,9,Bcell
B-4459,all,47,23,8183,1270,31,108863,0,0,0,0,0,B,15,Pericyte,47,23,5,5,5_1,Pericyte
B-4461,all,6,6,9197,505,40,13315,0,0,0,0,0,B,2,Alveolar type 1 cell,28,7,6,6,6,AT1
B-4462,all,29,19,7519,1900,22,79783,0,0,0,0,0,B,6,Arterial endothelial cell,40,20,2,2,2_4,Artery
B-4464,all,13,5,7633,1081,6,20300,0,0,0,0,0,B,9,Sox9+/Id2+ epithelial cell,38,5,1,1,1_1,AT2
B-4466,all,10,6,9165,507,38,14608,0,0,0,0,0,B,2,Alveolar type 1 cell,33,7,1,1,1_4_1,AlveolarFib
B-4468,all,62,14,7585,972,30,73582,0,0,0,0,0,B,12,Alveolar type 1 cell,51,14,6,6,6,AT1
B-4469,all,12,7,8882,281,37,28868,0,0,0,0,0,B,6,Pericyte,29,7,5,5,5_1,Pericyte
B-4470,all,33,18,8054,1191,18,57260,0,0,0,0,0,B,8,Sox9+/Id2+ epithelial cell,43,19,2,2,2_1,Capillary
B-4474,all,48,19,8323,1323,23,101152,0,0,0,0,0,B,9,Arterial endothelial cell,48,19,2,2,2_4,Artery
B-4476,all,61,28,8462,1466,16,78893,0,0,0,0,0,B,21,Arterial endothelial cell,57,28,2,2,2_4,Artery
B-4478,all,8,6,7570,1863,23,24544,0,0,0,0,0,B,3,Proliferative mesenchymal progenitor cell,28,7,3,3,3_2,SMC
B-4481,all,28,16,8956,1952,24,70377,0,0,0,0,0,B,3,Pericyte,39,16,5,5,5_1,Pericyte
B-4483,all,25,13,7485,1370,27,60118,0,0,0,0,0,B,5,Arterial endothelial cell,45,13,2,2,2_4,Artery
B-4486,all,31,19,7875,1113,13,74901,0,0,0,0,0,B,17,Alveolar fibroblast 1,46,19,2,2,2_1,Capillary
B-4487,all,23,16,8936,487,14,64379,0,0,0,0,0,B,5,Alveolar type 1 cell,40,16,1,1,1_5_2,AlveolarFib
B-4489,all,11,6,7747,1082,31,37390,0,0,0,0,0,B,7,Sox9+/Id2+ epithelial cell,36,5,2,2,2_1,Capillary
B-4492,all,8,6,7826,1261,40,17473,0,0,0,0,0,B,2,Sox9+/Id2+ epithelial cell,23,8,8,8,8_3,InterstitialMac
B-4494,all,21,9,7632,698,35,34916,0,0,0,0,0,B,15,Pericyte,41,9,5,5,5_1,Pericyte
B-4498,all,44,26,8492,671,26,82492,0,0,0,0,0,B,4,Inflammatory monocyte,47,28,2,2,2_5,DC
B-4503,all,14,10,9037,135,32,50783,0,0,0,0,0,B,4,Sox9+/Id2+ epithelial cell,35,11,2,2,2_3,Vein
B-4504,all,92,17,8839,1602,27,90111,0,0,0,0,0,B,75,Alveolar type 2 cell,54,17,1,1,1_1,AT2
B-4505,all,20,15,7613,171,34,41436,0,0,0,0,0,B,6,Interstitial macrophage,37,15,8,8,8_3,InterstitialMac
B-4508,all,7,4,9153,559,30,12348,0,0,0,0,0,B,5,Pericyte,26,6,5,5,5_1,Pericyte
B-4509,all,55,30,8873,1442,13,81495,0,0,0,0,0,B,14,Pericyte,54,30,5,5,5_1,Pericyte
B-4510,all,25,8,7525,891,26,38392,0,0,0,0,0,B,19,Alveolar type 2 cell,45,8,1,1,1_1,AT2
B-4513,all,30,18,8420,547,32,88106,0,0,0,0,0,B,11,Alveolar fibroblast 1,41,19,3,3,3_1,SMC
B-4514,all,24,5,7511,872,17,23691,0,0,0,0,0,B,21,Sox9+/Id2+ epithelial cell,45,5,1,1,1_3,AT2
B-4515,all,62,19,8882,439,32,97072,0,0,0,0,0,B,18,Alveolar type 1 cell,53,19,6,6,6,AT1
B-4516,all,93,31,8852,1501,17,93064,0,0,0,0,0,B,10,Sox9+/Id2+ epithelial cell,60,31,6,6,6,AT1
B-4518,all,7,7,9161,58,36,43585,0,0,0,0,0,B,2,Capillary 1 cell,26,10,2,2,2_3,Vein
B-4520,all,10,8,9232,666,12,36505,0,0,0,0,0,B,3,Proliferative mesenchymal progenitor cell,27,9,3,3,3_1,SMC
B-4523,all,19,11,8998,218,23,70697,0,0,0,0,0,B,3,Capillary 2 cell,39,12,2,2,2_3,Vein
B-4524,all,57,16,7691,661,15,56166,0,0,0,0,0,B,10,Alveolar type 1 cell,52,16,6,6,6,AT1
B-4526,all,31,22,9129,567,22,64060,0,0,0,0,0,B,9,Alveolar fibroblast 1,39,22,5,5,5_1,Pericyte
B-4527,all,31,18,8494,310,18,58015,0,0,0,0,0,B,11,Pericyte,39,18,5,5,5_3,Pericyte
B-4534,all,38,21,7769,257,27,97136,0,0,0,0,0,B,3,B cell,42,21,9,9,9,Bcell
B-4535,all,59,22,9191,1582,23,50870,0,0,0,0,0,B,9,Alveolar type 1 cell,53,22,6,6,6,AT1
B-4536,all,30,22,7664,530,22,76975,0,0,0,0,0,B,8,Arterial endothelial cell,37,22,2,2,2_4,Artery
B-4537,all,13,8,8736,1781,35,57629,0,0,0,0,0,B,3,Alveolar fibroblast 1,34,9,1,1,1_5_1,LymphaticEndo
B-4539,all,17,12,8899,227,18,38202,0,0,0,0,0,B,2,Natural killer cell,37,13,2,2,2_2,InflamMac
B-4541,all,19,13,7531,198,27,49680,0,0,0,0,0,B,2,Sox9+/Id2+ epithelial cell,40,13,8,8,8_2,InterstitialMac
B-4544,all,16,9,7694,626,6,34222,0,0,0,0,0,B,3,Sox9+/Id2+ epithelial cell,40,9,2,2,2_1,Capillary
B-4545,all,13,9,7592,1791,32,42608,0,0,0,0,0,B,7,Vascular smooth muscle cell,28,9,3,3,3_6,SCMF
B-4546,all,34,22,7531,1783,24,72676,0,0,0,0,0,B,9,Arterial endothelial cell,41,22,2,2,2_4,Artery
B-4547,all,13,10,7567,1756,28,36332,0,0,0,0,0,B,6,Vascular smooth muscle cell,31,10,3,3,3_6,SCMF
B-4548,all,42,15,8639,1391,31,55150,0,0,0,0,0,B,22,Sox9+/Id2+ epithelial cell,46,15,2,2,2_1,Capillary
B-4549,all,7,3,7842,1170,39,30501,0,0,0,0,0,B,5,Sox9+/Id2+ epithelial cell,33,5,1,1,1_1,AT2
B-4550,all,16,8,7556,894,34,46030,0,0,0,0,0,B,7,B cell,38,8,6,6,6,AT1
B-4551,all,42,10,7569,1085,11,49330,0,0,0,0,0,B,4,Alveolar type 1 cell,46,10,6,6,6,AT1
B-4552,all,8,8,7469,1144,12,20833,0,0,0,0,0,B,3,Interstitial macrophage,21,10,8,8,8_3,InterstitialMac
B-4554,all,11,9,8189,1896,27,50731,0,0,0,0,0,B,4,Interstitial macrophage,25,9,8,8,8_3,InterstitialMac
B-4555,all,39,12,8661,1363,26,60851,0,0,0,0,0,B,27,Alveolar type 2 cell,44,12,1,1,1_1,AT2
B-4556,all,17,10,8456,1540,23,30391,0,0,0,0,0,B,4,Mesothelial cell,35,10,3,3,3_3,AdventitialFib
B-4557,all,8,3,7534,856,21,18873,0,0,0,0,0,B,8,B cell,35,5,9,9,9,Bcell
B-4560,all,10,8,8657,1469,21,40645,0,0,0,0,0,B,2,Alveolar fibroblast 1,34,9,1,1,1_4_3,AlveolarFib
B-4562,all,28,16,8803,425,24,62071,0,0,0,0,0,B,4,Endothelial progenitor cell,42,16,2,2,2_3,Vein
B-4563,all,130,17,8752,348,17,94526,0,0,0,0,0,B,116,Alveolar type 2 cell,51,10,1,1,1_3,AT2
B-4564,all,20,13,9097,297,20,84227,0,0,0,0,0,B,2,Venous endothelial cell,39,14,2,2,2_3,Vein
B-4566,all,23,14,7573,1953,25,64519,0,0,0,0,0,B,9,Alveolar macrophage,42,14,3,3,3_3,AdventitialFib
B-4567,all,18,13,7459,1751,35,49764,0,0,0,0,0,B,6,Vascular smooth muscle cell,39,14,2,2,2_4,Artery
B-4568,all,22,17,9244,135,21,74915,0,0,0,0,0,B,9,Pericyte,40,17,5,5,5_1,Pericyte
B-4571,all,25,18,8362,1498,20,85871,0,0,0,0,0,B,5,Alveolar fibroblast 1,44,19,2,2,2_4,Artery
B-4573,all,7,7,7484,1863,31,24237,0,0,0,0,0,B,2,Capillary 1 cell,31,8,2,2,2_1,Capillary
B-4574,all,11,8,9266,339,12,40930,0,0,0,0,0,B,3,Endothelial progenitor cell,30,8,3,3,3_6,SCMF
B-4575,all,47,10,8696,1386,20,89122,0,0,0,0,0,B,41,Alveolar type 2 cell,47,10,2,2,2_1,Capillary
B-4576,all,27,16,8657,1306,24,52976,0,0,0,0,0,B,7,Pericyte,43,16,5,5,5_1,Pericyte
B-4579,all,31,20,8880,1670,9,71901,0,0,0,0,0,B,6,Sox9+/Id2+ epithelial cell,40,20,2,2,2_3,Vein
B-4581,all,9,7,7510,791,18,49511,0,0,0,0,0,B,2,Arterial endothelial cell,32,7,6,6,6,AT1
B-4582,all,12,6,7639,1934,23,27230,0,0,0,0,0,B,3,Airway smooth muscle cell,29,6,3,3,3_3,AdventitialFib
B-4583,all,20,9,8655,1427,32,32765,0,0,0,0,0,B,11,Sox9+/Id2+ epithelial cell,43,10,3,3,3_5,SMC
B-4584,all,20,15,8622,1134,25,54418,0,0,0,0,0,B,7,Sox9+/Id2+ epithelial cell,42,15,2,2,2_3,Vein
B-4586,all,43,7,7575,145,23,59166,0,0,0,0,0,B,37,Alveolar type 2 cell,46,7,1,1,1_1,AT2
B-4589,all,24,16,7521,533,24,77757,0,0,0,0,0,B,5,Alveolar type 1 cell,42,16,1,1,1_5_4,pDC
B-4590,all,8,6,7556,846,33,34036,0,0,0,0,0,B,3,B cell,31,7,9,9,9,Bcell
B-4594,all,18,14,7553,1899,25,43580,0,0,0,0,0,B,5,Arterial endothelial cell,35,14,3,3,3_6,SCMF
B-4597,all,30,19,7988,1187,19,66977,0,0,0,0,0,B,4,Arterial endothelial cell,39,19,2,2,2_4,Artery
B-4599,all,10,6,8001,1888,4,16848,0,0,0,0,0,B,4,Airway smooth muscle cell,24,6,3,3,3_3,AdventitialFib
B-4602,all,29,17,7560,606,29,96184,0,0,0,0,0,B,2,Alveolar type 1 cell,40,17,6,6,6,AT1
B-4603,all,15,9,7534,1602,37,30884,0,0,0,0,0,B,3,Endothelial progenitor cell,36,11,2,2,2_1,Capillary
B-4606,all,41,25,8784,1762,27,145012,0,0,0,0,0,B,5,Innate lymphoid cell,43,26,3,3,3_1,SMC
B-4607,all,28,21,8468,215,33,68680,0,0,0,0,0,B,6,Alveolar type 1 cell,42,21,6,6,6,AT1
B-4608,all,50,12,9106,1666,26,57613,0,0,0,0,0,B,39,Sox9+/Id2+ epithelial cell,49,12,1,1,1_1,AT2
B-4612,all,7,5,7519,1021,6,9162,0,0,0,0,0,B,4,Pericyte,20,8,3,3,3_4,AdventitialFib
B-4614,all,12,4,7551,171,23,32018,0,0,0,0,0,B,9,Alveolar type 2 cell,38,4,1,1,1_1,AT2
B-4615,all,23,11,8918,352,37,54416,0,0,0,0,0,B,6,Alveolar fibroblast 1,43,13,2,2,2_4,Artery
B-4616,all,11,8,8658,1594,16,19893,0,0,0,0,0,B,6,Pericyte,33,8,5,5,5_3,Pericyte
B-4618,all,83,25,8743,522,19,92217,0,0,0,0,0,B,20,Alveolar type 1 cell,55,25,6,6,6,AT1
B-4622,all,13,9,8620,842,10,53474,0,0,0,0,0,B,2,Sox9+/Id2+ epithelial cell,34,9,2,2,2_1,Capillary
B-4623,all,92,18,8671,1629,23,119553,0,0,0,0,0,B,71,Alveolar type 2 cell,52,15,1,1,1_3,AT2
B-4625,all,9,5,8459,21,16,33418,0,0,0,0,0,B,2,Venous endothelial cell,28,5,2,2,2_3,Vein
B-4628,all,38,26,8788,1425,13,86816,0,0,0,0,0,B,3,Alveolar type 2 cell,42,27,2,2,2_2,InflamMac
B-4629,all,52,23,9068,1411,23,134293,0,0,0,0,0,B,29,Alveolar type 2 cell,52,24,3,3,3_1,SMC
B-4631,all,14,9,7518,616,40,15493,0,0,0,0,0,B,2,Alveolar type 1 cell,34,9,6,6,6,AT1
B-4632,all,39,23,8035,1285,19,78510,0,0,0,0,0,B,10,Alveolar fibroblast 1,43,24,3,3,3_1,SMC
B-4635,all,10,7,9005,26,30,47573,0,0,0,0,0,B,7,Sox9+/Id2+ epithelial cell,32,7,1,1,1_3,AT2
B-4636,all,56,16,8573,263,34,49099,0,0,0,0,0,B,42,Alveolar type 2 cell,51,16,1,1,1_3,AT2
B-4641,all,35,13,7482,816,19,76490,0,0,0,0,0,B,7,Alveolar type 1 cell,45,13,6,6,6,AT1
B-4642,all,89,24,8436,1027,21,119768,0,0,0,0,0,B,18,Alveolar type 1 cell,53,23,6,6,6,AT1
B-4643,all,17,12,7468,1838,27,37390,0,0,0,0,0,B,5,Vascular smooth muscle cell,34,12,3,3,3_6,SCMF
B-4646,all,54,35,8976,1426,27,93143,0,0,0,0,0,B,8,Alveolar fibroblast 1,54,35,1,1,1_5_1,LymphaticEndo
B-4648,all,16,6,7486,517,37,18264,0,0,0,0,0,B,5,Alveolar type 1 cell,35,6,6,6,6,AT1
B-4652,all,12,6,8483,1016,36,32974,0,0,0,0,0,B,3,Endothelial progenitor cell,35,7,2,2,2_1,Capillary
B-4653,all,39,17,9135,1682,29,42985,0,0,0,0,0,B,22,Alveolar type 2 cell,44,17,1,1,1_3,AT2
B-4654,all,38,8,7636,627,38,37026,0,0,0,0,0,B,34,Sox9+/Id2+ epithelial cell,45,8,5,5,5_1,Pericyte
B-4655,all,20,13,7683,973,36,71980,0,0,0,0,0,B,5,Vascular smooth muscle cell,40,14,2,2,2_4,Artery
B-4658,all,14,10,7521,295,14,77252,0,0,0,0,0,B,10,Arterial endothelial cell,30,10,2,2,2_4,Artery
B-4666,all,41,27,7578,1915,30,78730,0,0,0,0,0,B,10,Alveolar fibroblast 1,42,27,3,3,3_2,SMC
B-4667,all,32,14,9132,600,20,31994,0,0,0,0,0,B,3,Arterial endothelial cell,43,15,2,2,2_4,Artery
B-4671,all,85,20,9276,169,30,125370,0,0,0,0,0,B,65,Alveolar type 2 cell,54,20,1,1,1_1,AT2
B-4674,all,11,10,7569,1810,26,33925,0,0,0,0,0,B,6,Vascular smooth muscle cell,26,11,3,3,3_2,SMC
B-4676,all,48,13,7479,849,24,33098,0,0,0,0,0,B,14,Alveolar type 1 cell,48,13,6,6,6,AT1
B-4683,all,11,8,9097,3642,14,81909,0,0,0,0,0,B,5,Alveolar macrophage,26,8,8,8,8_1,AlveolarMac
B-4684,all,14,14,7458,2334,21,68232,0,0,0,0,0,B,5,Airway smooth muscle cell,28,15,3,3,3_2,SMC
B-4687,all,36,17,9256,2647,34,96772,0,0,0,0,0,B,4,Capillary 2 cell,42,17,2,2,2_1,Capillary
B-4691,all,33,16,7477,1985,28,69185,0,0,0,0,0,B,5,Arterial endothelial cell,43,17,2,2,2_4,Artery
B-4692,all,53,11,8226,3693,20,57328,0,0,0,0,0,B,45,Alveolar type 2 cell,49,11,1,1,1_3,AT2
B-4693,all,45,20,7636,2959,26,73108,0,0,0,0,0,B,6,Arterial endothelial cell,46,20,2,2,2_4,Artery
B-4697,all,14,7,9304,2769,14,43328,0,0,0,0,0,B,8,Sox9+/Id2+ epithelial cell,37,7,1,1,1_1,AT2
B-4698,all,14,11,8748,3442,20,87470,0,0,0,0,0,B,2,Alveolar type 1 cell,33,11,6,6,6,AT1
B-4701,all,18,12,7979,2413,22,69842,0,0,0,0,0,B,8,Vascular smooth muscle cell,40,13,3,3,3_2,SMC
B-4702,all,18,12,8000,2826,13,40222,0,0,0,0,0,B,8,Vascular smooth muscle cell,37,12,3,3,3_2,SMC
B-4703,all,7,5,8023,2392,34,30507,0,0,0,0,0,B,2,Arterial endothelial cell,26,8,2,2,2_4,Artery
B-4704,all,46,7,8540,3563,13,31764,0,0,0,0,0,B,42,AT1/AT2,48,7,1,1,1_1,AT2
B-4708,all,16,12,8241,3624,33,54405,0,0,0,0,0,B,4,Alveolar type 1 cell,35,12,6,6,6,AT1
B-4717,all,83,21,7498,2820,31,35905,0,0,0,0,0,B,24,Alveolar fibroblast 2,58,21,3,3,3_4,AdventitialFib
B-4718,all,18,13,7994,2963,16,38979,53,0,53,0,1,B,8,Arterial endothelial cell,37,13,3,3,3_6,SCMF
B-4721,all,54,7,9222,2576,30,41351,0,0,0,0,0,B,48,Sox9+/Id2+ epithelial cell,49,7,1,1,1_1,AT2
B-4725,all,21,12,8616,2504,32,40386,0,0,0,0,0,B,10,Alveolar fibroblast 2,39,12,3,3,3_3,AdventitialFib
B-4730,all,13,6,8783,3727,6,31397,0,0,0,0,0,B,8,Sox9+/Id2+ epithelial cell,37,6,1,1,1_1,AT2
B-4731,all,97,26,9116,2114,26,146908,0,0,0,0,0,B,70,Alveolar type 2 cell,55,24,1,1,1_3,AT2
B-4732,all,33,22,7998,2925,18,85152,0,0,0,0,0,B,8,Alveolar fibroblast 1,39,22,2,2,2_4,Artery
B-4733,all,14,8,9186,2161,39,24501,0,0,0,0,0,B,2,Alveolar type 1 cell,35,8,6,6,6,AT1
B-4736,all,26,15,7462,2283,23,99949,0,0,0,0,0,B,18,Vascular smooth muscle cell,41,15,3,3,3_2,SMC
B-4738,all,7,7,7981,2299,23,44536,0,0,0,0,0,B,3,Alveolar fibroblast 2,28,8,1,1,1_5_1,LymphaticEndo
B-4739,all,7,6,7573,2920,14,28236,0,0,0,0,0,B,3,Secondary crest myofibroblast,26,8,2,2,2_2,InflamMac
B-4740,all,12,7,7483,2139,26,27905,0,0,0,0,0,B,5,Arterial endothelial cell,30,7,2,2,2_1,Capillary
B-4746,all,11,8,7726,1968,29,29064,0,0,0,0,0,B,2,Arterial endothelial cell,35,9,2,2,2_4,Artery
B-4748,all,20,18,7563,2523,21,56766,0,0,0,0,0,B,4,Pericyte,41,18,5,5,5_3,Pericyte
B-4749,all,17,5,9037,3407,22,90281,0,0,0,0,0,B,2,Alveolar type 1 cell,41,5,9,9,9,Bcell
B-4750,all,29,13,8569,3550,23,45139,0,0,0,0,0,B,13,Alveolar type 2 cell,40,13,2,2,2_6,pDC
B-4751,all,6,5,7701,3036,37,16070,0,0,0,0,0,B,3,Secondary crest myofibroblast,19,8,3,3,3_6,SCMF
B-4753,all,46,16,9057,2039,22,47876,0,0,0,0,0,B,20,Sox9+/Id2+ epithelial cell,47,16,1,1,1_3,AT2
B-4755,all,17,14,7789,2968,24,40725,0,0,0,0,0,B,6,Alveolar fibroblast 1,36,15,2,2,2_4,Artery
B-4758,all,10,7,7762,2136,34,22238,0,0,0,0,0,B,3,Secondary crest myofibroblast,27,7,3,3,3_6,SCMF
B-4759,all,46,4,9246,2556,20,41044,0,0,0,0,0,B,40,Sox9+/Id2+ epithelial cell,48,4,1,1,1_1,AT2
B-4761,all,52,21,7856,3031,24,70792,0,0,0,0,0,B,11,Mesothelial cell,52,21,3,3,3_3,AdventitialFib
B-4764,all,76,41,8028,2577,25,78190,0,0,0,0,0,B,17,Arterial endothelial cell,55,41,2,2,2_4,Artery
B-4765,all,31,18,7488,2095,28,68015,0,0,0,0,0,B,13,Vascular smooth muscle cell,41,18,2,2,2_4,Artery
B-4767,all,27,18,7690,1988,27,49545,0,0,0,0,0,B,8,Alveolar fibroblast 1,39,19,2,2,2_4,Artery
B-4768,all,10,7,8959,3273,24,95626,0,0,0,0,0,B,5,Alveolar fibroblast 1,34,7,2,2,2_1,Capillary
B-4769,all,11,8,7504,2445,31,41424,0,0,0,0,0,B,6,Secondary crest myofibroblast,24,8,3,3,3_6,SCMF
B-4770,all,64,17,9033,2017,32,43578,0,0,0,0,0,B,4,Alveolar type 1 cell,54,17,6,6,6,AT1
B-4771,all,7,6,8003,2431,33,21367,0,0,0,0,0,B,5,Vascular smooth muscle cell,20,9,3,3,3_2,SMC
B-4772,all,23,14,8032,2900,23,40732,0,0,0,0,0,B,9,Sox9+/Id2+ epithelial cell,39,14,3,3,3_6,SCMF
B-4775,all,43,11,8213,3652,34,45678,0,0,0,0,0,B,35,Alveolar type 2 cell,46,11,1,1,1_3,AT2
B-4776,all,21,12,7530,2499,19,81988,0,0,0,0,0,B,11,Secondary crest myofibroblast,37,12,3,3,3_2,SMC
B-4781,all,37,14,9243,3795,22,122718,0,0,0,0,0,B,22,Neutrophil,44,14,1,1,1_3,AT2
B-4782,all,32,19,8012,3734,27,83588,0,0,0,0,0,B,2,Alveolar fibroblast 1,42,19,1,1,1_4_1,AlveolarFib
B-4786,all,24,15,8474,3597,20,83075,0,0,0,0,0,B,7,Capillary 1 cell,46,16,2,2,2_1,Capillary
B-4790,all,45,9,9048,3181,23,75102,0,0,0,0,0,B,37,Alveolar type 2 cell,47,9,1,1,1_3,AT2
B-4791,all,8,6,7665,2002,24,28005,0,0,0,0,0,B,3,Vascular smooth muscle cell,28,8,1,1,1_5_1,LymphaticEndo
B-4792,all,15,10,7599,2964,21,71370,0,0,0,0,0,B,8,Vascular smooth muscle cell,30,11,1,1,1_5_1,LymphaticEndo
B-4793,all,39,17,8046,2623,28,44281,0,0,0,0,0,B,10,Arterial endothelial cell,45,17,2,2,2_4,Artery
B-4799,all,24,6,7970,3709,27,29705,0,0,0,0,0,B,20,Sox9+/Id2+ epithelial cell,46,6,1,1,1_1,AT2
B-4800,all,50,17,8527,3516,35,52668,0,0,0,0,0,B,12,Alveolar type 1 cell,49,17,6,6,6,AT1
B-4804,all,23,7,9133,3811,34,62304,0,0,0,0,0,B,16,Sox9+/Id2+ epithelial cell,44,7,1,1,1_1,AT2
B-4809,all,18,10,8058,2547,32,37223,0,0,0,0,0,B,10,Vascular smooth muscle cell,36,11,3,3,3_2,SMC
B-4813,all,14,13,7713,2068,32,42633,0,0,0,0,0,B,6,Secondary crest myofibroblast,27,13,3,3,3_2,SMC
B-4814,all,15,9,7508,2143,35,30471,0,0,0,0,0,B,4,Endothelial progenitor cell,33,9,3,3,3_6,SCMF
B-4815,all,11,9,9188,2230,36,34402,0,0,0,0,0,B,5,Arterial endothelial cell,26,10,2,2,2_4,Artery
B-4819,all,35,23,8096,2765,25,62475,0,0,0,0,0,B,7,Arterial endothelial cell,40,24,3,3,3_2,SMC
B-4820,all,44,23,8173,3732,15,71366,0,0,0,0,0,B,15,Sox9+/Id2+ epithelial cell,45,23,2,2,2_3,Vein
B-4825,all,38,19,7882,2976,27,95797,0,0,0,0,0,B,11,Arterial endothelial cell,43,19,2,2,2_4,Artery
B-4827,all,9,9,7948,2403,15,46788,0,0,0,0,0,B,3,Pericyte,28,10,3,3,3_5,SMC
B-4828,all,44,11,9199,2302,34,53196,0,0,0,0,0,B,34,Alveolar type 2 cell,47,11,1,1,1_3,AT2
B-4829,all,26,17,8032,2517,27,64744,0,0,0,0,0,B,11,Vascular smooth muscle cell,43,17,3,3,3_2,SMC
B-4830,all,29,17,8071,2866,20,43750,0,0,0,0,0,B,9,Pericyte,40,17,2,2,2_4,Artery
B-4832,all,37,23,9085,2163,20,102730,0,0,0,0,0,B,13,Alveolar fibroblast 1,41,23,3,3,3_4,AdventitialFib
B-4834,all,53,25,7523,2380,30,73699,0,0,0,0,0,B,8,Arterial endothelial cell,52,25,2,2,2_4,Artery
B-4835,all,52,27,7876,2359,25,54300,0,0,0,0,0,B,17,Arterial endothelial cell,51,27,2,2,2_4,Artery
B-4837,all,74,12,9165,3040,30,78676,0,0,0,0,0,B,61,Sox9+/Id2+ epithelial cell,51,12,1,1,1_1,AT2
B-4842,all,16,9,7724,2043,33,55551,0,0,0,0,0,B,11,Vascular smooth muscle cell,30,9,3,3,3_2,SMC
B-4846,all,50,23,7788,2168,26,101113,0,0,0,0,0,B,17,Airway smooth muscle cell,50,23,3,3,3_3,AdventitialFib
B-4848,all,72,35,8084,2618,22,126572,0,0,0,0,0,B,25,Arterial endothelial cell,59,35,3,3,3_2,SMC
B-4849,all,26,19,7745,3026,27,74941,0,0,0,0,0,B,8,Alveolar fibroblast 1,43,19,3,3,3_2,SMC
B-4850,all,12,12,9197,2495,18,72241,0,0,0,0,0,B,3,Pericyte,33,12,5,5,5_3,Pericyte
B-4852,all,7,3,9105,3783,36,36271,0,0,0,0,0,B,6,Sox9+/Id2+ epithelial cell,34,4,1,1,1_1,AT2
B-4855,all,12,11,8418,1991,22,50865,0,0,0,0,0,B,3,Interstitial macrophage,26,11,8,8,8_3,InterstitialMac
B-4857,all,53,19,9200,2346,23,71910,0,0,0,0,0,B,37,Alveolar type 2 cell,50,19,1,1,1_3,AT2
B-4858,all,33,21,8042,2759,24,82581,0,0,0,0,0,B,11,Arterial endothelial cell,40,21,2,2,2_1,Capillary
B-4860,all,40,26,8080,2797,15,67585,0,0,0,0,0,B,8,Arterial endothelial cell,42,26,2,2,2_4,Artery
B-4861,all,13,5,8094,2509,41,16578,0,0,0,0,0,B,4,Alveolar fibroblast 2,30,5,3,3,3_3,AdventitialFib
B-4862,all,51,15,8518,3597,15,60152,0,0,0,0,0,B,39,Alveolar type 1 cell,49,15,1,1,1_1,AT2
B-4864,all,35,12,9277,2733,37,47795,0,0,0,0,0,B,27,Alveolar type 2 cell,44,12,1,1,1_3,AT2
B-4866,all,30,19,9110,3073,25,77259,0,0,0,0,0,B,10,Alveolar fibroblast 1,41,21,2,2,2_4,Artery
B-4876,all,17,12,8076,2733,32,35255,0,0,0,0,0,B,5,Vascular smooth muscle cell,36,12,3,3,3_6,SCMF
B-4877,all,13,10,7735,2111,38,28723,0,0,0,0,0,B,6,Vascular smooth muscle cell,31,10,3,3,3_2,SMC
B-4878,all,24,11,8648,2469,34,46834,0,0,0,0,0,B,7,Alveolar fibroblast 2,41,11,3,3,3_3,AdventitialFib
B-4879,all,25,19,9214,2810,34,42908,0,0,0,0,0,B,3,Alveolar type 2 cell,45,20,2,2,2_2,InflamMac
B-4880,all,11,7,7679,2030,27,29805,0,0,0,0,0,B,9,Vascular smooth muscle cell,27,7,5,5,5_1,Pericyte
B-4881,all,36,23,7625,2670,31,49833,0,0,0,0,0,B,9,Arterial endothelial cell,41,23,2,2,2_4,Artery
B-4882,all,11,9,7831,2232,36,40156,0,0,0,0,0,B,3,Secondary crest myofibroblast,28,9,3,3,3_2,SMC
B-4885,all,12,9,7891,2923,34,39712,0,0,0,0,0,B,6,Alveolar fibroblast 1,33,9,3,3,3_2,SMC
B-4887,all,9,4,8814,3778,22,53982,0,0,0,0,0,B,2,Natural killer cell,33,5,2,2,2_2,InflamMac
B-4888,all,15,10,7549,2872,15,63263,0,0,0,0,0,B,10,Vascular smooth muscle cell,29,10,3,3,3_6,SCMF
B-4890,all,18,14,7914,2358,26,31021,0,0,0,0,0,B,3,Arterial endothelial cell,38,14,2,2,2_4,Artery
B-4891,all,55,26,7871,2311,31,79604,0,0,0,0,0,B,23,Arterial endothelial cell,53,26,2,2,2_4,Artery
B-4899,all,21,11,7518,2074,36,34329,0,0,0,0,0,B,5,Arterial endothelial cell,44,13,2,2,2_4,Artery
B-4900,all,22,10,8916,3351,29,59990,0,0,0,0,0,B,3,Venous endothelial cell,41,10,2,2,2_3,Vein
B-4905,all,17,12,9047,2097,28,36305,0,0,0,0,0,B,7,Mesothelial cell,37,12,3,3,3_3,AdventitialFib
B-4906,all,38,17,7584,2794,32,81231,0,0,0,0,0,B,9,Arterial endothelial cell,43,18,2,2,2_4,Artery
B-4907,all,23,16,8041,2854,10,44658,0,0,0,0,0,B,4,Arterial endothelial cell,43,17,2,2,2_4,Artery
B-4912,all,46,29,7783,3004,20,80688,0,0,0,0,0,B,9,Arterial endothelial cell,46,29,2,2,2_4,Artery
B-4918,all,8,6,8995,3281,17,62206,0,0,0,0,0,B,2,Alveolar fibroblast 1,23,8,3,3,3_4,AdventitialFib
B-4920,all,15,11,7796,2213,35,48344,0,0,0,0,0,B,7,Alveolar fibroblast 2,30,11,3,3,3_5,SMC
B-4922,all,54,28,8000,2502,26,74842,0,0,0,0,0,B,21,Arterial endothelial cell,52,28,2,2,2_4,Artery
B-4923,all,35,14,7334,3169,30,69975,0,0,0,0,0,B,10,Proliferative mesenchymal progenitor cell,43,14,3,3,3_3,AdventitialFib
B-4927,all,39,23,7531,2818,20,76683,0,0,0,0,0,B,14,Alveolar fibroblast 2,42,23,3,3,3_4,AdventitialFib
B-4928,all,15,9,9151,2233,35,50086,0,0,0,0,0,B,3,Alveolar fibroblast 1,33,10,1,1,1_5_1,LymphaticEndo
B-4932,all,17,7,7454,2020,21,25066,0,0,0,0,0,B,2,Arterial endothelial cell,41,8,2,2,2_4,Artery
B-4935,all,20,7,7463,2206,24,21020,0,0,0,0,0,B,9,Alveolar fibroblast 2,37,7,3,3,3_3,AdventitialFib
B-4937,all,47,23,7578,2627,26,107704,0,0,0,0,0,B,21,Vascular smooth muscle cell,47,23,3,3,3_2,SMC
B-4940,all,70,14,8787,3396,16,98035,0,0,0,0,0,B,59,Alveolar type 2 cell,51,14,1,1,1_3,AT2
B-4942,all,12,8,7918,2394,11,36098,0,0,0,0,0,B,2,Secondary crest myofibroblast,33,9,3,3,3_2,SMC
B-4948,all,25,13,7625,1992,32,38559,0,0,0,0,0,B,6,Vascular smooth muscle cell,43,13,3,3,3_2,SMC
B-4952,all,36,21,7468,2240,28,58509,0,0,0,0,0,B,14,Vascular smooth muscle cell,40,21,3,3,3_2,SMC
B-4956,all,10,9,7476,2357,32,40375,0,0,0,0,0,B,5,Secondary crest myofibroblast,25,9,3,3,3_2,SMC
B-4961,all,17,10,7938,2351,34,26243,0,0,0,0,0,B,4,Endothelial progenitor cell,38,10,2,2,2_6,pDC
B-4962,all,9,6,7612,3008,11,26206,0,0,0,0,0,B,7,Secondary crest myofibroblast,24,7,3,3,3_2,SMC
B-4963,all,17,7,9072,2062,14,32084,0,0,0,0,0,B,13,Alveolar macrophage,40,7,1,1,1_1,AT2
B-4969,all,44,14,9035,2068,17,41852,0,0,0,0,0,B,30,Alveolar type 2 cell,46,14,1,1,1_1,AT2
B-4970,all,7,7,7652,2023,29,20833,0,0,0,0,0,B,3,Vascular smooth muscle cell,23,10,3,3,3_2,SMC
B-4976,all,8,3,8784,3695,6,20091,0,0,0,0,0,B,7,Arterial endothelial cell,34,5,2,2,2_4,Artery
B-4980,all,6,6,9074,2102,10,20339,0,0,0,0,0,B,2,Capillary 1 cell,26,9,2,2,2_1,Capillary
B-4988,all,16,10,7922,4330,28,59810,0,0,0,0,0,B,3,Sox9+/Id2+ epithelial cell,37,11,2,2,2_3,Vein
B-4990,all,65,26,8658,5515,19,97929,0,0,0,0,0,B,2,Capillary 1 cell,55,26,7,7,7_2,PatrolMac
B-4991,all,33,20,7651,4161,18,67787,0,0,0,0,0,B,7,Capillary 1 cell,40,21,2,2,2_3,Vein
B-4993,all,19,13,7534,4942,15,57723,0,0,0,0,0,B,2,Endothelial progenitor cell,39,13,1,1,1_4_1,AlveolarFib
B-4995,all,81,17,7714,4581,33,61852,0,0,0,0,0,B,12,Alveolar macrophage,53,17,6,6,6,AT1
B-4996,all,26,16,7765,4259,15,63577,0,0,0,0,0,B,9,Alveolar macrophage,44,16,8,8,8_1,AlveolarMac
B-4997,all,8,3,9304,3908,26,28458,0,0,0,0,0,B,4,Proliferative mesenchymal progenitor cell,22,6,1,1,1_5_1,LymphaticEndo
B-4999,all,18,11,8680,5465,31,62135,51,0,51,0,1,B,4,Pericyte,37,11,5,5,5_1,Pericyte
B-5001,all,24,20,8017,4203,18,48505,0,0,0,0,0,B,7,Pericyte,45,20,5,5,5_1,Pericyte
B-5002,all,22,14,8288,4519,18,92747,0,0,0,0,0,B,7,Alveolar fibroblast 1,42,15,2,2,2_4,Artery
B-5003,all,13,5,9213,3942,35,23731,0,0,0,0,0,B,8,Capillary 1 cell,34,5,2,2,2_3,Vein
B-5004,all,11,7,8993,5532,10,32152,0,0,0,0,0,B,5,Pericyte,24,7,5,5,5_1,Pericyte
B-5005,all,50,15,7936,5448,8,65465,0,0,0,0,0,B,11,Alveolar type 1 cell,49,15,6,6,6,AT1
B-5006,all,35,18,8620,4984,12,53536,0,0,0,0,0,B,2,Capillary 1 cell,41,18,2,2,2_1,Capillary
B-5008,all,43,21,8480,4936,20,72742,0,0,0,0,0,B,5,Sox9+/Id2+ epithelial cell,45,21,6,6,6,AT1
B-5010,all,69,38,8718,5511,22,139602,111,111,0,1,0,B,19,Inflammatory monocyte,58,38,8,8,8_1,AlveolarMac
B-5014,all,11,7,9334,5090,34,73800,0,0,0,0,0,B,2,Alveolar macrophage,27,7,8,8,8_1,AlveolarMac
B-5016,all,26,16,8533,4925,33,61053,0,0,0,0,0,B,7,Pericyte,44,16,5,5,5_1,Pericyte
B-5018,all,19,14,7561,5417,34,45752,0,0,0,0,0,B,4,Capillary 1 cell,39,14,2,2,2_1,Capillary
B-5020,all,20,14,7967,4329,25,75112,0,0,0,0,0,B,4,Capillary 1 cell,41,14,1,1,1_3,AT2
B-5021,all,70,24,8748,5093,18,93817,0,0,0,0,0,B,41,Alveolar type 1 cell,53,24,6,6,6,AT1
B-5022,all,116,15,7723,4228,18,81242,0,0,0,0,0,B,103,Alveolar type 2 cell,48,6,1,1,1_1,AT2
B-5023,all,58,28,8163,5123,20,83136,51,0,51,0,1,B,8,CD8+ T cell,54,28,7,7,7_2,PatrolMac
B-5028,all,28,17,7545,3954,11,47162,0,0,0,0,0,B,4,Venous endothelial cell,39,17,2,2,2_3,Vein
B-5029,all,35,25,8842,5564,14,74698,0,0,0,0,0,B,2,Alveolar type 2 cell,40,26,2,2,2_2,InflamMac
B-5030,all,10,9,8879,3953,15,61737,0,0,0,0,0,B,2,Alveolar fibroblast 1,31,10,1,1,1_4_1,AlveolarFib
B-5031,all,48,23,7928,5297,24,99576,0,0,0,0,0,B,11,Alveolar fibroblast 1,49,24,2,2,2_4,Artery
B-5032,all,104,17,8745,5474,31,77493,0,0,0,0,0,B,89,Alveolar type 2 cell,52,13,1,1,1_1,AT2
B-5033,all,12,7,7490,5233,39,45280,0,0,0,0,0,B,2,Alveolar fibroblast 1,34,8,1,1,1_4_1,AlveolarFib
B-5035,all,79,29,7991,5164,21,84016,0,0,0,0,0,B,16,Alveolar type 1 cell,56,29,7,7,7_3,Tcell (CD8)
B-5036,all,27,13,7864,5394,35,46347,0,0,0,0,0,B,12,Sox9+/Id2+ epithelial cell,47,13,2,2,2_3,Vein
B-5037,all,23,11,9109,4024,32,75741,0,0,0,0,0,B,4,Megakaryocyte/Platelet,45,12,3,3,3_1,SMC
B-5038,all,21,13,7730,4410,39,21939,0,0,0,0,0,B,4,Alveolar macrophage,37,13,1,1,1_2_3,Tcell (CD4)
B-5039,all,35,18,8982,4916,23,75308,0,0,0,0,0,B,10,B cell,40,18,9,9,9,Bcell
B-5040,all,26,15,8004,4271,18,66869,0,0,0,0,0,B,10,Alveolar fibroblast 1,40,16,3,3,3_1,SMC
B-5042,all,21,15,7727,5434,31,61114,0,0,0,0,0,B,3,Alveolar fibroblast 1,40,15,2,2,2_6,pDC
B-5045,all,31,22,8999,4547,12,56108,0,0,0,0,0,B,5,Capillary 1 cell,38,22,3,3,3_4,AdventitialFib
B-5046,all,24,20,8952,4952,19,65272,0,0,0,0,0,B,9,Alveolar fibroblast 1,45,21,2,2,2_4,Artery
B-5047,all,19,13,7793,4342,28,68821,0,0,0,0,0,B,7,Pericyte,39,13,5,5,5_1,Pericyte
B-5050,all,14,8,9193,3902,32,53904,0,0,0,0,0,B,8,Arterial endothelial cell,36,7,2,2,2_1,Capillary
B-5054,all,69,14,7873,4545,10,59276,0,0,0,0,0,B,58,Alveolar type 2 cell,53,14,1,1,1_1,AT2
B-5057,all,96,13,7727,4505,13,73593,0,0,0,0,0,B,83,Alveolar type 2 cell,54,13,1,1,1_1,AT2
B-5059,all,24,15,8637,5301,21,93131,0,0,0,0,0,B,4,Inflammatory monocyte,40,15,7,7,7_2,PatrolMac
B-5060,all,17,12,8771,3969,31,37023,0,0,0,0,0,B,6,Alveolar type 2 cell,35,12,1,1,1_3,AT2
B-5061,all,84,10,7826,4986,27,78171,0,0,0,0,0,B,77,Alveolar type 2 cell,51,10,1,1,1_3,AT2
B-5062,all,14,9,8750,3837,18,99226,0,0,0,0,0,B,2,Capillary 1 cell,34,9,2,2,2_3,Vein
B-5063,all,23,10,9246,3926,31,41424,0,0,0,0,0,B,6,Sox9+/Id2+ epithelial cell,44,10,1,1,1_3,AT2
B-5066,all,54,26,7812,4930,14,83748,0,0,0,0,0,B,26,Pericyte,51,26,8,8,8_1,AlveolarMac
B-5067,all,8,6,7918,5041,40,17737,0,0,0,0,0,B,2,Alveolar type 1 cell,29,7,6,6,6,AT1
B-5068,all,43,9,8438,4708,9,27575,0,0,0,0,0,B,39,Alveolar type 2 cell,47,9,1,1,1_1,AT2
B-5070,all,52,20,7480,5538,35,93733,0,0,0,0,0,B,4,Endothelial progenitor cell,50,20,2,2,2_1,Capillary
B-5072,all,23,16,7613,3997,17,96227,0,0,0,0,0,B,4,Alveolar fibroblast 1,45,17,1,1,1_4_3,AlveolarFib
B-5073,all,13,8,7454,4795,12,44572,0,0,0,0,0,B,5,Alveolar fibroblast 1,34,9,1,1,1_4_3,AlveolarFib
B-5074,all,25,15,8986,4599,12,41368,0,0,0,0,0,B,2,Capillary 1 cell,45,15,2,2,2_3,Vein
B-5075,all,22,13,7559,5162,32,69339,0,0,0,0,0,B,2,Endothelial progenitor cell,40,13,2,2,2_1,Capillary
B-5076,all,128,26,8235,4884,17,65801,0,0,0,0,0,B,103,Alveolar type 2 cell,46,10,1,1,1_3,AT2
B-5079,all,52,29,8986,4997,21,73392,0,0,0,0,0,B,8,Sox9+/Id2+ epithelial cell,51,29,7,7,7_3,Tcell (CD8)
B-5080,all,29,19,7672,5486,27,63822,0,0,0,0,0,B,9,Sox9+/Id2+ epithelial cell,40,19,5,5,5_3,Pericyte
B-5082,all,19,14,9193,5108,22,82782,0,0,0,0,0,B,2,Sox9+/Id2+ epithelial cell,38,14,8,8,8_3,InterstitialMac
B-5084,all,51,23,8851,4137,18,70481,0,0,0,0,0,B,8,Natural killer cell,54,25,2,2,2_5,DC
B-5090,all,20,15,9137,4461,31,71579,0,0,0,0,0,B,9,Alveolar fibroblast 1,40,16,2,2,2_4,Artery
B-5091,all,34,17,8022,5430,26,50944,0,0,0,0,0,B,18,Alveolar fibroblast 1,42,18,3,3,3_1,SMC
B-5092,all,42,24,8414,4862,11,85404,111,51,60,0.4594595,0.5405405,B,8,Secondary crest myofibroblast,42,25,2,2,2_1,Capillary
B-5097,all,56,24,8739,4636,11,77071,0,0,0,0,0,B,9,Alveolar type 1 cell,52,24,6,6,6,AT1
B-5101,all,23,7,9034,5625,38,32354,0,0,0,0,0,B,15,Alveolar type 2 cell,45,7,1,1,1_1,AT2
B-5102,all,34,16,7695,4615,34,47083,0,0,0,0,0,B,5,Alveolar type 1 cell,42,16,6,6,6,AT1
B-5104,all,34,24,8951,4785,33,96586,0,0,0,0,0,B,3,Capillary 1 cell,43,24,2,2,2_3,Vein
B-5107,all,29,20,8008,4315,17,64814,0,0,0,0,0,B,7,Alveolar fibroblast 1,38,21,3,3,3_1,SMC
B-5108,all,69,33,8246,4836,11,83634,0,0,0,0,0,B,36,CD4+ T cell,53,33,2,2,2_1,Capillary
B-5111,all,7,5,9273,3905,26,42047,0,0,0,0,0,B,4,AT1/AT2,32,7,1,1,1_5_2,AlveolarFib
B-5112,all,76,13,7697,5413,16,80443,0,0,0,0,0,B,66,Alveolar type 2 cell,54,13,1,1,1_3,AT2
B-5113,all,22,12,7666,4574,37,30406,0,0,0,0,0,B,6,Alveolar fibroblast 1,39,12,6,6,6,AT1
B-5114,all,34,20,9247,5214,21,89474,0,0,0,0,0,B,3,B cell,42,20,6,6,6,AT1
B-5117,all,7,5,7993,5490,10,49122,0,0,0,0,0,B,3,Alveolar fibroblast 1,26,6,1,1,1_4_3,AlveolarFib
B-5118,all,46,10,8651,4372,19,47248,0,0,0,0,0,B,38,Alveolar type 2 cell,48,11,3,3,3_1,SMC
B-5120,all,29,18,8954,5308,18,73272,0,0,0,0,0,B,5,Endothelial progenitor cell,41,20,2,2,2_5,DC
B-5123,all,10,10,8712,5372,31,50834,0,0,0,0,0,B,4,Natural killer cell,32,11,2,2,2_2,InflamMac
B-5124,all,27,16,9140,5289,15,63595,0,0,0,0,0,B,7,Capillary 1 cell,41,17,3,3,3_1,SMC
B-5125,all,6,5,8426,4462,37,35739,0,0,0,0,0,B,5,Neutrophil,17,8,5,5,5_1,Pericyte
B-5126,all,34,12,9182,5270,18,38344,0,0,0,0,0,B,5,Alveolar type 1 cell,42,12,6,6,6,AT1
B-5127,all,22,14,8548,4436,35,51066,0,0,0,0,0,B,4,Secondary crest myofibroblast,41,14,3,3,3_4,AdventitialFib
B-5128,all,32,19,7645,5611,18,63691,0,0,0,0,0,B,7,Alveolar fibroblast 1,42,19,1,1,1_5_1,LymphaticEndo
B-5129,all,68,34,7772,4887,20,65050,0,0,0,0,0,B,25,Pericyte,58,34,5,5,5_1,Pericyte
B-5131,all,17,12,9254,5085,35,47804,0,0,0,0,0,B,5,Secondary crest myofibroblast,36,12,5,5,5_1,Pericyte
B-5132,all,26,8,7627,4853,37,24816,0,0,0,0,0,B,7,Alveolar type 1 cell,45,8,6,6,6,AT1
B-5137,all,35,19,7479,5089,9,32719,0,0,0,0,0,B,4,Alveolar type 1 cell,43,19,2,2,2_6,pDC
B-5138,all,33,25,7478,4748,16,70080,53,0,53,0,1,B,2,Alveolar fibroblast 1,38,25,2,2,2_3,Vein
B-5142,all,39,23,7973,5381,19,64217,0,0,0,0,0,B,11,Pericyte,42,23,5,5,5_3,Pericyte
B-5143,all,25,10,9158,4417,22,55827,0,0,0,0,0,B,19,Alveolar fibroblast 1,44,11,3,3,3_1,SMC
B-5144,all,10,8,8176,4630,40,10693,0,0,0,0,0,B,2,Alveolar type 2 cell,30,8,1,1,1_1,AT2
B-5145,all,18,6,8177,4519,27,40755,0,0,0,0,0,B,15,Sox9+/Id2+ epithelial cell,41,6,1,1,1_3,AT2
B-5146,all,23,17,8357,4496,10,45646,0,0,0,0,0,B,5,Alveolar fibroblast 1,42,18,2,2,2_4,Artery
B-5147,all,22,15,9061,4060,27,77838,0,0,0,0,0,B,5,Capillary 1 cell,41,15,2,2,2_1,Capillary
B-5149,all,48,27,8271,4951,33,67468,0,0,0,0,0,B,6,Arterial endothelial cell,48,27,2,2,2_4,Artery
B-5150,all,63,16,8024,5398,22,64204,0,0,0,0,0,B,45,Alveolar type 2 cell,50,17,3,3,3_1,SMC
B-5151,all,60,28,7686,4664,28,93203,0,0,0,0,0,B,11,Sox9+/Id2+ epithelial cell,55,28,6,6,6,AT1
B-5152,all,44,24,7736,4912,21,86574,0,0,0,0,0,B,14,Vascular smooth muscle cell,46,25,2,2,2_4,Artery
B-5153,all,41,18,8785,5067,13,46488,0,0,0,0,0,B,9,Neutrophil,43,18,6,6,6,AT1
B-5154,all,73,20,7467,3965,12,80209,0,0,0,0,0,B,57,Alveolar type 2 cell,51,20,1,1,1_3,AT2
B-5155,all,14,10,7800,3815,37,69045,0,0,0,0,0,B,3,Mast cell,29,10,7,7,7_4,PatrolMac
B-5157,all,13,9,9090,4276,33,35393,0,0,0,0,0,B,10,Secondary crest myofibroblast,32,10,3,3,3_1,SMC
B-5159,all,16,8,8541,4980,30,23850,0,0,0,0,0,B,3,Arterial endothelial cell,37,8,6,6,6,AT1
B-5163,all,49,6,8239,4622,37,34003,0,0,0,0,0,B,44,Sox9+/Id2+ epithelial cell,48,6,1,1,1_1,AT2
B-5164,all,25,8,8184,4544,34,24328,0,0,0,0,0,B,22,Alveolar type 2 cell,45,8,1,1,1_1,AT2
B-5166,all,12,9,7731,5364,38,45187,0,0,0,0,0,B,4,Alveolar fibroblast 1,31,10,1,1,1_4_3,AlveolarFib
B-5168,all,20,14,8791,5306,18,43638,0,0,0,0,0,B,4,Inflammatory monocyte,42,14,5,5,5_3,Pericyte
B-5174,all,30,13,7740,4644,37,30765,0,0,0,0,0,B,4,Alveolar type 1 cell,42,13,6,6,6,AT1
B-5176,all,10,8,8777,5383,14,55330,0,0,0,0,0,B,2,B cell,26,8,9,9,9,Bcell
B-5179,all,22,17,8963,5556,17,75554,0,0,0,0,0,B,5,Inflammatory monocyte,40,17,5,5,5_3,Pericyte
B-5180,all,40,7,8711,3972,36,33917,0,0,0,0,0,B,35,Alveolar type 2 cell,45,7,1,1,1_3,AT2
B-5185,all,13,9,8562,3958,13,44436,0,0,0,0,0,B,6,B cell,32,9,9,9,9,Bcell
B-5186,all,14,8,8804,5342,16,41094,0,0,0,0,0,B,2,B cell,33,8,9,9,9,Bcell
B-5191,all,20,13,9023,5328,23,30225,0,0,0,0,0,B,7,Innate lymphoid cell,41,14,3,3,3_1,SMC
B-5192,all,37,25,8353,4599,23,67763,0,0,0,0,0,B,7,Capillary 2 cell,42,25,2,2,2_1,Capillary
B-5193,all,54,30,8580,5001,14,80544,0,0,0,0,0,B,14,Arterial endothelial cell,51,30,1,1,1_5_1,LymphaticEndo
B-5195,all,17,11,8562,4730,37,32867,0,0,0,0,0,B,4,Alveolar type 1 cell,34,10,2,2,2_1,Capillary
B-5197,all,13,7,8693,4014,17,41067,0,0,0,0,0,B,2,Capillary 1 cell,34,8,2,2,2_3,Vein
B-5200,all,42,20,8046,5440,14,64058,0,0,0,0,0,B,8,Capillary 1 cell,44,20,9,9,9,Bcell
B-5201,all,54,18,8511,4963,25,58865,0,0,0,0,0,B,4,Alveolar type 1 cell,51,18,6,6,6,AT1
B-5203,all,21,11,8152,5271,14,64361,0,0,0,0,0,B,4,CD8+ T cell,40,12,2,2,2_2,InflamMac
B-5206,all,58,20,9224,5279,26,73766,0,0,0,0,0,B,11,Venous endothelial cell,53,20,6,6,6,AT1
B-5207,all,41,21,7555,4889,22,73819,0,0,0,0,0,B,26,Pericyte,43,21,5,5,5_1,Pericyte
B-5208,all,59,14,7911,4597,23,77372,0,0,0,0,0,B,29,Alveolar fibroblast 1,51,14,1,1,1_5_1,LymphaticEndo
B-5210,all,11,5,8568,5332,31,27571,0,0,0,0,0,B,2,Endothelial progenitor cell,34,5,2,2,2_1,Capillary
B-5215,all,37,19,8276,4599,30,48892,0,0,0,0,0,B,20,Capillary 1 cell,44,19,2,2,2_1,Capillary
B-5218,all,25,14,8620,5704,23,85298,0,0,0,0,0,B,4,Endothelial progenitor cell,44,15,2,2,2_1,Capillary
B-5219,all,42,18,7722,3889,21,75704,0,0,0,0,0,B,23,Pericyte,44,18,5,5,5_3,Pericyte
B-5222,all,61,26,8111,4563,33,44216,0,0,0,0,0,B,3,Natural killer cell,56,26,7,7,7_3,Tcell (CD8)
B-5223,all,21,10,8692,5714,36,40541,0,0,0,0,0,B,4,Alveolar type 1 cell,43,10,2,2,2_1,Capillary
B-5225,all,20,10,8275,4883,11,19821,0,0,0,0,0,B,12,Alveolar type 1 cell,40,11,3,3,3_1,SMC
B-5228,all,22,17,9066,4288,20,54787,0,0,0,0,0,B,7,Secondary crest myofibroblast,45,18,3,3,3_1,SMC
B-5229,all,39,19,8940,4080,25,91574,0,0,0,0,0,B,17,Alveolar type 1 cell,42,19,6,6,6,AT1
B-5230,all,13,9,9127,4391,19,62158,0,0,0,0,0,B,4,Alveolar fibroblast 1,33,10,3,3,3_1,SMC
B-5233,all,47,26,7630,4030,21,87477,0,0,0,0,0,B,9,Alveolar fibroblast 1,51,27,3,3,3_1,SMC
B-5235,all,15,8,8865,3879,25,51116,0,0,0,0,0,B,6,Alveolar fibroblast 1,38,9,1,1,1_5_1,LymphaticEndo
B-5238,all,26,5,8839,3850,32,70406,0,0,0,0,0,B,24,Alveolar type 2 cell,45,5,1,1,1_1,AT2
B-5242,all,73,31,8701,4379,26,107437,0,0,0,0,0,B,39,Alveolar type 2 cell,57,32,3,3,3_1,SMC
B-5243,all,17,8,7856,5138,30,25709,0,0,0,0,0,B,11,Alveolar type 2 cell,40,8,1,1,1_3,AT2
B-5246,all,12,5,7653,4836,37,19308,0,0,0,0,0,B,2,Mesothelial cell,37,5,3,3,3_3,AdventitialFib
B-5247,all,20,8,8994,4104,11,22946,0,0,0,0,0,B,2,Alveolar type 1 cell,41,8,6,6,6,AT1
B-5248,all,37,9,7882,5366,39,37767,0,0,0,0,0,B,32,Alveolar type 2 cell,45,9,1,1,1_3,AT2
B-5254,all,84,26,9263,5130,29,132099,0,0,0,0,0,B,48,B cell,56,26,1,1,1_3,AT2
B-5255,all,54,31,7642,4982,18,89927,0,0,0,0,0,B,6,Natural killer cell,53,32,2,2,2_2,InflamMac
B-5256,all,17,12,8250,4705,6,13301,0,0,0,0,0,B,5,Pericyte,34,12,5,5,5_3,Pericyte
B-5257,all,18,7,9211,5219,9,26686,100,100,0,1,0,B,9,Sox9+/Id2+ epithelial cell,42,7,1,1,1_1,AT2
B-5258,all,25,17,7684,5375,30,74123,50,0,50,0,1,B,6,Capillary 2 cell,40,16,2,2,2_1,Capillary
B-5259,all,54,14,7989,5128,33,37051,0,0,0,0,0,B,7,Alveolar type 1 cell,51,14,6,6,6,AT1
B-5261,all,39,27,9106,4550,16,90197,0,0,0,0,0,B,6,Alveolar type 2 cell,42,28,2,2,2_2,InflamMac
B-5263,all,6,5,8507,4739,16,28970,0,0,0,0,0,B,2,Endothelial progenitor cell,29,7,2,2,2_1,Capillary
B-5265,all,27,21,7791,4386,34,55532,0,0,0,0,0,B,6,Inflammatory monocyte,38,22,2,2,2_2,InflamMac
B-5266,all,82,12,8163,4594,29,59941,0,0,0,0,0,B,21,Arterial endothelial cell,53,12,6,6,6,AT1
B-5268,all,60,28,9180,5152,15,81907,0,0,0,0,0,B,6,CD4+ T cell,56,28,7,7,7_2,PatrolMac
B-5271,all,55,10,9175,5226,11,36184,0,0,0,0,0,B,49,Alveolar type 2 cell,50,10,1,1,1_3,AT2
B-5272,all,9,6,7782,4711,39,21720,0,0,0,0,0,B,3,Pericyte,25,7,5,5,5_3,Pericyte
B-5277,all,38,8,9226,3849,37,36322,0,0,0,0,0,B,9,Alveolar type 1 cell,45,8,6,6,6,AT1
B-5278,all,58,31,8103,5351,27,85043,0,0,0,0,0,B,4,Endothelial progenitor cell,55,31,3,3,3_4,AdventitialFib
B-5279,all,13,8,8784,4491,35,52108,0,0,0,0,0,B,3,Innate lymphoid cell,29,8,6,6,6,AT1
B-5280,all,53,23,8210,5123,31,83720,0,0,0,0,0,B,8,Arterial endothelial cell,51,23,2,2,2_4,Artery
B-5282,all,24,16,7576,4855,33,49813,0,0,0,0,0,B,5,Alveolar type 1 cell,43,16,6,6,6,AT1
B-5283,all,57,29,7867,3850,21,95734,0,0,0,0,0,B,4,Capillary 1 cell,53,29,2,2,2_3,Vein
B-5286,all,39,22,7553,5602,30,87768,0,0,0,0,0,B,2,Alveolar fibroblast 1,46,23,3,3,3_1,SMC
B-5287,all,23,13,9019,4098,13,22376,0,0,0,0,0,B,7,Alveolar type 1 cell,41,13,6,6,6,AT1
B-5289,all,24,8,8732,3949,36,38082,0,0,0,0,0,B,19,Alveolar type 2 cell,46,8,1,1,1_3,AT2
B-5290,all,86,18,8957,5198,19,113796,0,0,0,0,0,B,59,Alveolar type 2 cell,53,18,1,1,1_1,AT2
B-5293,all,69,14,8790,4570,35,68307,0,0,0,0,0,B,13,Alveolar type 1 cell,52,14,6,6,6,AT1
B-5294,all,45,24,8080,5188,32,71187,0,0,0,0,0,B,21,B cell,45,24,9,9,9,Bcell
B-5304,all,18,4,8038,5368,25,21583,0,0,0,0,0,B,16,Alveolar type 2 cell,41,4,1,1,1_3,AT2
B-5305,all,14,7,9011,4137,12,33628,0,0,0,0,0,B,4,Proliferative mesenchymal progenitor cell,36,8,3,3,3_1,SMC
B-5306,all,18,6,9208,3821,33,32701,0,0,0,0,0,B,2,Alveolar type 1 cell,41,6,6,6,6,AT1
B-5310,all,9,3,9026,4189,16,49619,0,0,0,0,0,B,7,Proliferative mesenchymal progenitor cell,25,4,3,3,3_1,SMC
B-5312,all,7,6,9066,5639,39,22624,0,0,0,0,0,B,4,Sox9+/Id2+ epithelial cell,30,7,2,2,2_3,Vein
B-5313,all,40,14,8983,4954,32,46812,0,0,0,0,0,B,7,Alveolar type 1 cell,44,14,6,6,6,AT1
B-5314,all,34,10,9187,5193,12,33219,0,0,0,0,0,B,24,Alveolar type 2 cell,43,10,1,1,1_1,AT2
B-5315,all,12,5,9271,5211,38,14899,0,0,0,0,0,B,4,Alveolar type 1 cell,37,5,6,6,6,AT1
B-5316,all,13,7,9272,5244,40,18494,0,0,0,0,0,B,3,Alveolar type 1 cell,34,7,6,6,6,AT1
B-5317,all,16,12,7761,4302,31,49327,0,0,0,0,0,B,6,Alveolar macrophage,32,12,8,8,8_1,AlveolarMac
B-5318,all,68,12,9029,4253,28,90062,0,0,0,0,0,B,61,Alveolar type 2 cell,51,12,1,1,1_3,AT2
B-5319,all,6,4,9119,3815,34,29491,0,0,0,0,0,B,3,Sox9+/Id2+ epithelial cell,30,5,1,1,1_1,AT2
B-5324,all,9,8,7945,5402,31,38903,0,0,0,0,0,B,4,Pericyte,25,9,5,5,5_1,Pericyte
B-5326,all,14,8,8007,5534,13,30534,0,0,0,0,0,B,3,Alveolar fibroblast 1,31,8,1,1,1_5_1,LymphaticEndo
B-5327,all,7,5,7978,4295,14,40044,0,0,0,0,0,B,3,Proliferative mesenchymal progenitor cell,26,7,3,3,3_1,SMC
B-5329,all,31,19,8051,5163,34,42690,0,0,0,0,0,B,11,Pericyte,38,19,5,5,5_1,Pericyte
B-5331,all,23,11,8948,4989,29,36902,0,0,0,0,0,B,4,Alveolar type 1 cell,42,11,6,6,6,AT1
B-5332,all,6,4,8610,5184,36,7930,0,0,0,0,0,B,3,Alveolar type 1 cell,24,6,2,2,2_1,Capillary
B-5333,all,24,11,8099,4600,37,24656,0,0,0,0,0,B,2,Venous endothelial cell,43,11,2,2,2_3,Vein
B-5334,all,21,12,7992,4172,17,37552,0,0,0,0,0,B,4,Endothelial progenitor cell,38,11,2,2,2_1,Capillary
B-5335,all,36,23,7836,4214,30,101379,0,0,0,0,0,B,12,Vascular smooth muscle cell,41,23,5,5,5_1,Pericyte
B-5336,all,15,11,8599,4704,38,20454,0,0,0,0,0,B,2,Proliferative mesenchymal progenitor cell,30,11,1,1,1_5_1,LymphaticEndo
B-5339,all,39,19,8135,4558,35,29814,0,0,0,0,0,B,13,Alveolar type 1 cell,42,19,7,7,7_3,Tcell (CD8)
B-5343,all,77,18,8756,5040,21,69994,0,0,0,0,0,B,14,Alveolar type 1 cell,52,18,6,6,6,AT1
B-5362,all,6,4,7928,3835,5,10257,0,0,0,0,0,B,2,Alveolar fibroblast 1,24,7,1,1,1_4_3,AlveolarFib
B-5370,all,17,12,7655,5659,21,25225,0,0,0,0,0,B,4,Secondary crest myofibroblast,37,13,3,3,3_5,SMC
