orig.ident,nCount_RNA,nFeature_RNA,x,y,z,volume,np,np_nuc,np_cyto,pctnuc,pctcyto,region,marker_reads,predicted.id,nCount_SCT,nFeature_SCT,SCT_snn_res.0.1,seurat_clusters,lung,cell_type
I-2,all,19,16,239,1465,23,92629,0,0,0,0,0,I,4,Capillary 1 cell,39,17,2,2,2_1,Capillary
I-3,all,90,28,346,35,23,84415,0,0,0,0,0,I,12,Alveolar type 1 cell,56,27,6,6,6,AT1
I-4,all,80,23,1206,30,35,55884,0,0,0,0,0,I,59,Alveolar type 2 cell,55,23,1,1,1_1,AT2
I-5,all,124,16,919,818,22,91590,0,0,0,0,0,I,106,Alveolar type 2 cell,48,8,1,1,1_1,AT2
I-7,all,9,6,412,1517,15,42061,0,0,0,0,0,I,2,Alveolar fibroblast 1,29,6,2,2,2_1,Capillary
I-8,all,71,32,1573,307,29,72518,0,0,0,0,0,I,6,Alveolar fibroblast 1,54,32,7,7,7_2,PatrolMac
I-9,all,52,25,1725,398,31,93501,0,0,0,0,0,I,7,Natural killer cell,55,27,2,2,2_5,DC
I-10,all,9,6,1793,723,14,50311,0,0,0,0,0,I,4,Arterial endothelial cell,31,8,2,2,2_4,Artery
I-11,all,16,11,279,908,32,52873,0,0,0,0,0,I,3,Capillary 2 cell,34,11,2,2,2_6,pDC
I-14,all,48,31,984,556,33,70623,0,0,0,0,0,I,4,Inflammatory monocyte,49,32,2,2,2_5,DC
I-15,all,13,9,1034,1253,11,58984,0,0,0,0,0,I,5,Capillary 1 cell,33,9,2,2,2_3,Vein
I-16,all,44,15,1116,982,22,56961,0,0,0,0,0,I,4,Inflammatory monocyte,46,15,6,6,6,AT1
I-17,all,17,7,1104,884,39,21889,0,0,0,0,0,I,12,Alveolar type 2 cell,39,7,1,1,1_1,AT2
I-18,all,41,19,1239,1288,15,52732,0,0,0,0,0,I,10,Alveolar type 1 cell,45,19,6,6,6,AT1
I-23,all,15,10,1698,293,36,46949,0,0,0,0,0,I,2,Capillary 1 cell,37,10,2,2,2_1,Capillary
I-25,all,60,10,1566,644,18,53864,0,0,0,0,0,I,49,Alveolar type 2 cell,51,10,1,1,1_3,AT2
I-30,all,53,28,1240,302,21,94238,0,0,0,0,0,I,14,Alveolar fibroblast 1,53,29,2,2,2_4,Artery
I-31,all,28,16,1543,442,23,93164,0,0,0,0,0,I,7,B cell,39,16,9,9,9,Bcell
I-33,all,24,15,1219,1347,15,43200,0,0,0,0,0,I,12,Alveolar macrophage,44,16,3,3,3_1,SMC
I-35,all,77,41,1084,22,23,137027,0,0,0,0,0,I,20,Neutrophil,60,41,5,5,5_1,Pericyte
I-38,all,23,19,1682,193,30,48274,0,0,0,0,0,I,2,Capillary 1 cell,43,18,2,2,2_1,Capillary
I-41,all,34,19,591,904,24,97133,0,0,0,0,0,I,10,Alveolar fibroblast 1,42,19,1,1,1_5_1,LymphaticEndo
I-42,all,17,13,211,381,35,46984,0,0,0,0,0,I,2,Alveolar fibroblast 1,34,13,1,1,1_5_4,pDC
I-43,all,13,10,689,426,21,46761,0,0,0,0,0,I,3,Capillary 1 cell,29,10,6,6,6,AT1
I-46,all,13,9,1377,55,23,26729,0,101,0,1,0,I,3,Endothelial progenitor cell,30,10,2,2,2_1,Capillary
I-47,all,34,21,1278,1284,22,62016,0,0,0,0,0,I,4,Pericyte,42,21,6,6,6,AT1
I-48,all,32,17,1647,248,34,60339,0,0,0,0,0,I,14,Pericyte,42,17,5,5,5_1,Pericyte
I-49,all,7,6,1906,1147,15,28399,0,0,0,0,0,I,4,Capillary 2 cell,27,8,6,6,6,AT1
I-50,all,46,13,180,548,23,77991,0,0,0,0,0,I,35,Alveolar type 2 cell,47,13,1,1,1_1,AT2
I-51,all,17,15,1707,149,27,40414,0,0,0,0,0,I,3,Arterial endothelial cell,38,16,2,2,2_4,Artery
I-53,all,25,8,241,1881,37,27325,0,0,0,0,0,I,22,Alveolar type 2 cell,45,8,1,1,1_3,AT2
I-54,all,38,25,216,801,18,71119,0,0,0,0,0,I,9,Arterial endothelial cell,43,24,2,2,2_1,Capillary
I-55,all,8,6,1625,709,32,44163,0,0,0,0,0,I,3,Secondary crest myofibroblast,26,7,5,5,5_1,Pericyte
I-58,all,37,26,714,549,27,82405,0,0,0,0,0,I,10,Innate lymphoid cell,40,26,9,9,9,Bcell
I-60,all,13,9,1282,885,17,30464,0,0,0,0,0,I,5,Proliferative mesenchymal progenitor cell,31,10,3,3,3_1,SMC
I-61,all,14,11,612,845,21,61850,0,0,0,0,0,I,5,Capillary 1 cell,32,11,2,2,2_1,Capillary
I-63,all,25,9,1093,853,36,34096,0,0,0,0,0,I,17,Sox9+/Id2+ epithelial cell,47,9,1,1,1_1,AT2
I-65,all,19,5,27,654,5,14973,0,0,0,0,0,I,16,Alveolar type 2 cell,41,5,1,1,1_1,AT2
I-67,all,25,15,95,599,24,92078,0,0,0,0,0,I,7,Arterial endothelial cell,44,15,7,7,7_3,Tcell (CD8)
I-68,all,9,8,808,83,17,37279,0,0,0,0,0,I,4,Alveolar fibroblast 1,26,8,6,6,6,AT1
I-69,all,7,5,64,1530,13,18918,0,0,0,0,0,I,3,Capillary 1 cell,31,7,2,2,2_3,Vein
I-70,all,12,10,976,644,24,44144,0,0,0,0,0,I,3,AT1/AT2,34,10,1,1,1_3,AT2
I-71,all,10,9,6,1030,23,33295,0,0,0,0,0,I,2,Innate lymphoid cell,27,11,2,2,2_5,DC
I-73,all,30,17,401,315,38,76945,0,0,0,0,0,I,7,Capillary 1 cell,40,17,2,2,2_1,Capillary
I-75,all,14,6,1749,817,13,11393,0,0,0,0,0,I,8,Sox9+/Id2+ epithelial cell,37,6,2,2,2_6,pDC
I-77,all,29,13,1242,890,21,66946,0,145,0,1,0,I,21,Secondary crest myofibroblast,40,14,3,3,3_1,SMC
I-79,all,25,15,937,459,31,52184,0,0,0,0,0,I,5,Capillary 2 cell,44,15,2,2,2_1,Capillary
I-81,all,16,8,420,1589,14,59208,0,0,0,0,0,I,8,Pericyte,33,8,5,5,5_3,Pericyte
I-82,all,36,19,488,953,25,91958,0,0,0,0,0,I,11,Innate lymphoid cell,41,19,6,6,6,AT1
I-83,all,13,6,140,456,31,26055,0,0,0,0,0,I,2,Alveolar fibroblast 1,34,7,1,1,1_4_1,AlveolarFib
I-87,all,23,5,653,832,40,19552,0,0,0,0,0,I,7,Alveolar type 1 cell,43,5,6,6,6,AT1
I-88,all,31,8,862,148,29,41529,0,0,0,0,0,I,26,Alveolar type 2 cell,44,8,1,1,1_1,AT2
I-89,all,12,5,1672,773,34,35911,0,0,0,0,0,I,5,Alveolar type 2 cell,32,5,1,1,1_1,AT2
I-90,all,60,12,185,766,23,96010,0,0,0,0,0,I,50,Alveolar type 2 cell,50,12,1,1,1_1,AT2
I-93,all,45,14,1044,1092,10,61337,50,0,50,0,1,I,32,Alveolar type 2 cell,47,14,1,1,1_1,AT2
I-95,all,19,12,205,1813,18,66513,0,0,0,0,0,I,4,Capillary 1 cell,36,12,2,2,2_1,Capillary
I-99,all,23,14,1918,1112,15,63008,0,0,0,0,0,I,5,Capillary 1 cell,39,14,2,2,2_1,Capillary
I-100,all,9,7,1775,528,24,28924,0,0,0,0,0,I,5,Capillary 1 cell,36,8,2,2,2_1,Capillary
I-101,all,77,15,1195,307,33,63702,0,0,0,0,0,I,61,Alveolar type 2 cell,53,15,1,1,1_3,AT2
I-103,all,32,19,509,180,26,82154,0,0,0,0,0,I,9,Alveolar type 1 cell,41,19,6,6,6,AT1
I-104,all,40,24,409,396,30,104169,0,0,0,0,0,I,8,Alveolar fibroblast 1,47,25,1,1,1_5_1,LymphaticEndo
I-105,all,25,12,683,786,38,29473,0,0,0,0,0,I,5,Alveolar type 1 cell,45,12,6,6,6,AT1
I-106,all,40,14,1710,768,22,35393,0,0,0,0,0,I,27,Alveolar type 2 cell,47,15,3,3,3_1,SMC
I-108,all,19,12,1782,556,22,34965,0,0,0,0,0,I,11,Alveolar fibroblast 1,41,13,3,3,3_1,SMC
I-110,all,27,17,182,416,34,65454,0,0,0,0,0,I,7,Innate lymphoid cell,42,18,1,1,1_4_3,AlveolarFib
I-111,all,45,21,1547,267,28,80517,0,0,0,0,0,I,27,B cell,46,21,9,9,9,Bcell
I-112,all,26,19,542,933,27,79992,0,0,0,0,0,I,7,Alveolar fibroblast 1,43,18,2,2,2_1,Capillary
I-113,all,14,9,254,342,30,44181,0,0,0,0,0,I,4,Arterial endothelial cell,34,9,2,2,2_4,Artery
I-114,all,36,25,1875,512,35,59228,0,0,0,0,0,I,9,Alveolar type 2 cell,40,25,1,1,1_3,AT2
I-116,all,18,9,994,1132,12,27991,0,0,0,0,0,I,11,Sox9+/Id2+ epithelial cell,40,9,2,2,2_1,Capillary
I-117,all,19,15,1152,1306,30,50300,0,0,0,0,0,I,2,Chondrocyte,38,15,8,8,8_1,AlveolarMac
I-122,all,42,19,185,872,24,109317,0,0,0,0,0,I,15,Alveolar fibroblast 1,44,19,1,1,1_5_1,LymphaticEndo
I-123,all,20,10,1897,95,35,25578,0,0,0,0,0,I,11,B cell,40,10,1,1,1_1,AT2
I-125,all,85,20,707,486,25,77564,0,0,0,0,0,I,17,Alveolar type 1 cell,55,20,6,6,6,AT1
I-126,all,80,20,695,1162,12,85955,0,0,0,0,0,I,60,Alveolar type 2 cell,56,20,1,1,1_1,AT2
I-127,all,18,10,71,560,21,80148,0,0,0,0,0,I,5,Mast cell,34,10,7,7,7_4,PatrolMac
I-128,all,42,26,611,1203,18,106897,0,0,0,0,0,I,9,Capillary 1 cell,42,26,2,2,2_1,Capillary
I-130,all,12,7,737,472,37,23423,0,0,0,0,0,I,5,Pericyte,31,7,5,5,5_1,Pericyte
I-131,all,64,25,1027,908,15,77381,0,0,0,0,0,I,9,Sox9+/Id2+ epithelial cell,53,25,6,6,6,AT1
I-134,all,40,20,973,275,24,75339,0,0,0,0,0,I,6,Arterial endothelial cell,43,21,2,2,2_4,Artery
I-135,all,21,13,1249,928,17,44033,0,0,0,0,0,I,7,Alveolar fibroblast 1,43,14,3,3,3_1,SMC
I-136,all,28,14,1050,840,37,63256,0,0,0,0,0,I,6,Sox9+/Id2+ epithelial cell,40,14,2,2,2_3,Vein
I-139,all,25,12,604,1017,19,91302,0,0,0,0,0,I,4,Alveolar fibroblast 1,44,12,1,1,1_5_1,LymphaticEndo
I-140,all,32,10,532,376,26,44238,0,0,0,0,0,I,21,Sox9+/Id2+ epithelial cell,44,10,1,1,1_1,AT2
I-141,all,8,7,443,1503,17,56026,0,0,0,0,0,I,3,Venous endothelial cell,25,9,2,2,2_3,Vein
I-142,all,12,8,223,1563,20,63303,0,0,0,0,0,I,5,Secondary crest myofibroblast,25,8,5,5,5_3,Pericyte
I-143,all,33,16,884,464,29,72949,0,0,0,0,0,I,3,Alveolar fibroblast 1,45,17,1,1,1_4_1,AlveolarFib
I-145,all,18,6,1364,3,38,12561,7131,7187,1005,0.8773193,0.1226807,I,12,Sox9+/Id2+ epithelial cell,40,6,1,1,1_1,AT2
I-146,all,31,9,1841,528,33,38471,0,0,0,0,0,I,26,Alveolar type 2 cell,42,9,1,1,1_1,AT2
I-147,all,64,26,1115,1276,26,67388,0,0,0,0,0,I,12,Ciliated cell,55,27,2,2,2_2,InflamMac
I-148,all,22,8,259,1910,37,24304,0,0,0,0,0,I,18,Alveolar type 2 cell,42,8,1,1,1_1,AT2
I-149,all,6,6,477,1250,19,39647,0,0,0,0,0,I,2,Capillary 1 cell,28,8,2,2,2_1,Capillary
I-150,all,34,20,929,894,13,53296,0,0,0,0,0,I,11,Capillary 1 cell,42,20,2,2,2_3,Vein
I-152,all,9,7,940,651,26,33296,0,0,0,0,0,I,2,Alveolar fibroblast 1,30,8,1,1,1_4_3,AlveolarFib
I-153,all,16,14,794,163,27,41113,0,0,0,0,0,I,3,Venous endothelial cell,34,14,2,2,2_3,Vein
I-156,all,14,9,965,726,37,23767,0,0,0,0,0,I,6,Alveolar fibroblast 1,35,10,1,1,1_5_1,LymphaticEndo
I-158,all,12,9,566,421,24,29517,0,0,0,0,0,I,7,Capillary 2 cell,35,9,2,2,2_1,Capillary
I-161,all,18,12,934,749,36,50579,0,0,0,0,0,I,4,Alveolar type 2 cell,38,12,1,1,1_1,AT2
I-163,all,41,17,662,1110,12,74336,0,0,0,0,0,I,2,Endothelial progenitor cell,44,18,2,2,2_1,Capillary
I-167,all,11,6,954,852,9,23724,0,0,0,0,0,I,9,Sox9+/Id2+ epithelial cell,36,7,2,2,2_1,Capillary
I-168,all,10,5,291,1940,30,22306,0,0,0,0,0,I,7,Alveolar type 1 cell,33,5,6,6,6,AT1
I-173,all,57,25,886,248,23,84079,0,0,0,0,0,I,10,Alveolar type 1 cell,52,25,6,6,6,AT1
I-174,all,19,17,687,244,24,116152,0,0,0,0,0,I,5,Classical DC subset 2,40,17,2,2,2_1,Capillary
I-176,all,10,10,543,310,24,102173,0,0,0,0,0,I,2,Endothelial progenitor cell,30,10,3,3,3_4,AdventitialFib
I-177,all,25,11,536,408,16,34408,0,0,0,0,0,I,21,Alveolar type 2 cell,43,10,2,2,2_1,Capillary
I-178,all,39,24,183,187,27,79303,0,0,0,0,0,I,4,CD8+ T cell,42,24,2,2,2_2,InflamMac
I-179,all,33,14,1719,797,14,31766,0,0,0,0,0,I,24,Alveolar type 2 cell,42,15,3,3,3_1,SMC
I-180,all,46,26,1294,939,17,80035,0,0,0,0,0,I,5,Alveolar type 1 cell,46,26,2,2,2_6,pDC
I-181,all,31,10,1811,540,29,26052,0,0,0,0,0,I,25,Inflammatory monocyte,43,10,1,1,1_1,AT2
I-185,all,11,8,1143,6,22,42065,0,0,0,0,0,I,4,Alveolar fibroblast 1,29,9,2,2,2_3,Vein
I-186,all,31,13,662,743,27,75319,0,0,0,0,0,I,5,Endothelial progenitor cell,43,13,3,3,3_4,AdventitialFib
I-187,all,26,14,599,959,30,72476,0,0,0,0,0,I,3,Alveolar fibroblast 1,44,14,2,2,2_1,Capillary
I-190,all,15,8,1215,832,6,15579,0,0,0,0,0,I,4,Alveolar fibroblast 1,35,8,1,1,1_5_1,LymphaticEndo
I-191,all,38,15,125,743,24,96146,0,0,0,0,0,I,15,Pericyte,45,15,5,5,5_1,Pericyte
I-194,all,55,24,1355,316,37,88793,0,0,0,0,0,I,7,Alveolar type 1 cell,52,24,6,6,6,AT1
I-195,all,28,16,955,510,19,76471,104,104,0,1,0,I,5,Innate lymphoid cell,42,16,2,2,2_1,Capillary
I-199,all,29,12,1577,257,22,40414,0,0,0,0,0,I,20,Arterial endothelial cell,43,14,2,2,2_4,Artery
I-201,all,52,30,1254,849,15,85763,198,0,53,0,1,I,19,Alveolar fibroblast 1,51,30,1,1,1_5_1,LymphaticEndo
I-205,all,6,5,408,897,28,43187,0,0,0,0,0,I,2,Alveolar fibroblast 1,24,8,1,1,1_4_1,AlveolarFib
I-206,all,11,10,226,568,36,19998,0,0,0,0,0,I,3,Alveolar fibroblast 1,34,10,1,1,1_5_1,LymphaticEndo
I-208,all,22,12,149,411,30,40473,0,0,0,0,0,I,2,Alveolar fibroblast 1,44,13,1,1,1_4_1,AlveolarFib
I-209,all,24,17,304,102,21,78747,0,0,0,0,0,I,10,Inflammatory monocyte,42,17,6,6,6,AT1
I-210,all,26,16,1756,580,15,74519,0,0,0,0,0,I,10,Capillary 2 cell,45,16,5,5,5_1,Pericyte
I-212,all,7,5,24,1560,13,29126,0,0,0,0,0,I,5,Capillary 1 cell,21,8,2,2,2_3,Vein
I-213,all,37,23,1425,166,15,67639,0,0,0,0,0,I,4,Alveolar type 1 cell,42,23,6,6,6,AT1
I-215,all,15,10,850,88,15,47664,0,0,0,0,0,I,5,B cell,33,10,9,9,9,Bcell
I-217,all,30,22,1534,222,26,39660,0,0,0,0,0,I,6,AT1/AT2,37,22,6,6,6,AT1
I-219,all,18,11,53,1558,19,30603,0,0,0,0,0,I,6,B cell,36,11,9,9,9,Bcell
I-220,all,20,10,1594,232,26,38813,0,0,0,0,0,I,8,Sox9+/Id2+ epithelial cell,44,12,2,2,2_1,Capillary
I-223,all,9,7,1629,180,30,28014,0,0,0,0,0,I,2,Alveolar fibroblast 1,29,8,1,1,1_4_1,AlveolarFib
I-224,all,6,6,991,512,34,15866,0,0,0,0,0,I,2,Inflammatory monocyte,26,9,2,2,2_5,DC
I-225,all,19,10,169,678,12,75912,54,0,54,0,1,I,2,Inflammatory monocyte,37,11,1,1,1_6_2,Neutrophil
I-226,all,62,23,1809,599,26,51308,0,0,0,0,0,I,39,Alveolar type 2 cell,54,23,1,1,1_1,AT2
I-227,all,35,22,960,1127,15,50619,0,0,0,0,0,I,10,Alveolar fibroblast 1,40,23,2,2,2_1,Capillary
I-228,all,8,7,1292,854,5,11343,0,0,0,0,0,I,2,Alveolar type 1 cell,26,8,2,2,2_1,Capillary
I-229,all,29,11,757,93,11,49095,0,0,0,0,0,I,6,Alveolar type 1 cell,42,11,6,6,6,AT1
I-235,all,16,10,178,1793,17,29150,0,0,0,0,0,I,8,Alveolar fibroblast 1,35,10,1,1,1_4_3,AlveolarFib
I-236,all,32,8,564,390,34,32414,0,0,0,0,0,I,28,Alveolar type 2 cell,44,8,1,1,1_1,AT2
I-240,all,42,18,1778,629,34,46191,0,0,0,0,0,I,27,Sox9+/Id2+ epithelial cell,44,18,1,1,1_1,AT2
I-241,all,23,13,1224,1373,34,37203,0,0,0,0,0,I,12,Secondary crest myofibroblast,43,14,3,3,3_1,SMC
I-242,all,10,4,783,71,10,14246,0,0,0,0,0,I,3,Alveolar fibroblast 1,35,4,2,2,2_6,pDC
I-243,all,41,13,861,182,27,55428,0,0,0,0,0,I,29,Alveolar type 2 cell,45,14,3,3,3_5,SMC
I-245,all,16,10,980,1162,8,13569,0,0,0,0,0,I,3,Alveolar fibroblast 1,36,10,1,1,1_5_1,LymphaticEndo
I-247,all,6,3,322,330,42,7029,0,0,0,0,0,I,5,Alveolar type 2 cell,32,5,1,1,1_1,AT2
I-248,all,28,19,714,445,26,43760,237,0,237,0,1,I,7,Sox9+/Id2+ epithelial cell,43,19,2,2,2_1,Capillary
I-251,all,13,11,1266,351,38,26298,0,0,0,0,0,I,5,Pericyte,31,11,5,5,5_1,Pericyte
I-252,all,58,22,1527,177,24,82637,0,0,0,0,0,I,11,Ciliated cell,53,22,6,6,6,AT1
I-255,all,15,10,1514,512,37,47016,0,0,0,0,0,I,5,Endothelial progenitor cell,31,10,2,2,2_6,pDC
I-258,all,20,10,166,499,32,58319,0,0,0,0,0,I,9,Pericyte,38,10,5,5,5_1,Pericyte
I-260,all,29,11,1750,114,28,38239,0,0,0,0,0,I,17,Alveolar type 2 cell,42,11,1,1,1_3,AT2
I-262,all,39,17,1586,559,7,42179,0,0,0,0,0,I,4,Capillary 2 cell,45,17,6,6,6,AT1
I-263,all,19,13,1886,448,28,66179,0,0,0,0,0,I,2,Capillary 1 cell,38,13,2,2,2_3,Vein
I-267,all,24,12,1752,776,20,32089,0,0,0,0,0,I,12,Proliferative mesenchymal progenitor cell,42,13,3,3,3_1,SMC
I-268,all,23,18,256,529,12,74888,0,0,0,0,0,I,3,Capillary 1 cell,42,18,2,2,2_3,Vein
I-269,all,23,15,1240,1320,13,36525,0,0,0,0,0,I,4,Proliferative mesenchymal progenitor cell,44,16,3,3,3_1,SMC
I-270,all,36,21,973,440,36,47919,0,0,0,0,0,I,13,Pericyte,40,21,5,5,5_1,Pericyte
I-271,all,31,14,996,392,31,52376,0,0,0,0,0,I,6,Capillary 1 cell,43,14,7,7,7_2,PatrolMac
I-273,all,21,4,130,1442,34,15227,0,0,0,0,0,I,20,Sox9+/Id2+ epithelial cell,42,4,1,1,1_1,AT2
I-275,all,21,9,154,846,30,56063,0,0,0,0,0,I,5,Alveolar type 1 cell,42,9,6,6,6,AT1
I-288,all,23,10,291,31,18,47726,0,0,0,0,0,I,10,Alveolar macrophage,38,10,5,5,5_1,Pericyte
I-290,all,80,39,1561,201,22,94024,0,0,0,0,0,I,14,Innate lymphoid cell,57,39,6,6,6,AT1
I-295,all,13,6,1181,7,35,28085,52,0,52,0,1,I,8,Sox9+/Id2+ epithelial cell,39,8,2,2,2_1,Capillary
I-298,all,24,17,9,1002,9,21619,0,0,0,0,0,I,3,Alveolar fibroblast 1,43,17,1,1,1_5_1,LymphaticEndo
I-301,all,14,10,6,681,16,31380,0,0,0,0,0,I,6,Capillary 2 cell,33,10,2,2,2_1,Capillary
I-311,all,42,20,847,227,23,78409,0,0,0,0,0,I,19,AT1/AT2,45,20,6,6,6,AT1
I-313,all,26,14,380,1675,29,51190,0,0,0,0,0,I,7,Capillary 1 cell,42,14,8,8,8_3,InterstitialMac
I-319,all,13,10,1235,343,18,45321,0,0,0,0,0,I,6,Capillary 1 cell,32,11,2,2,2_3,Vein
I-320,all,25,7,2,723,24,37662,0,0,0,0,0,I,15,Alveolar type 2 cell,45,7,1,1,1_1,AT2
I-324,all,24,15,1659,723,30,58276,0,0,0,0,0,I,9,Sox9+/Id2+ epithelial cell,45,16,1,1,1_4_3,AlveolarFib
I-326,all,34,11,210,523,30,48593,0,0,0,0,0,I,23,Sox9+/Id2+ epithelial cell,45,11,1,1,1_3,AT2
I-329,all,6,5,1354,25,40,6741,1061,0,0,0,0,I,2,Inflammatory monocyte,26,7,2,2,2_2,InflamMac
I-333,all,176,85,1671,2920,20,62575,0,0,0,0,0,I,41,Venous endothelial cell,47,40,4,4,4_1_1,CiliatedEpi
I-334,all,164,55,466,3678,27,91509,0,0,0,0,0,I,29,Alveolar fibroblast 1,50,29,3,3,3_4,AdventitialFib
I-335,all,25,18,1483,3100,35,24697,0,0,0,0,0,I,5,B cell,44,18,8,8,8_1,AlveolarMac
I-337,all,162,75,1828,2738,27,73091,0,0,0,0,0,I,34,Ciliated cell,47,33,4,4,4_1_1,ClubEpi
I-339,all,306,113,1608,3136,19,83595,0,0,0,0,0,I,87,Ciliated cell,48,38,4,4,4_1_1,ClubEpi
I-340,all,141,72,1323,3392,26,70923,0,0,0,0,0,I,34,Mature DC subset,51,40,3,3,3_5,SMC
I-341,all,34,13,10,2722,38,26848,0,0,0,0,0,I,2,Sox9+/Id2+ epithelial cell,42,14,2,2,2_2,InflamMac
I-343,all,115,38,977,3778,19,95130,0,0,0,0,0,I,14,Alveolar type 2 cell,52,23,3,3,3_3,AdventitialFib
I-344,all,63,30,795,2509,28,63938,0,0,0,0,0,I,5,CD4+ T cell,54,30,1,1,1_2_1,Tcell (CD4)
I-345,all,283,104,1930,2673,20,65824,0,0,0,0,0,I,78,Secretory cell,41,28,4,4,4_1_1,ClubEpi
I-347,all,176,73,1510,3235,17,38052,0,0,0,0,0,I,32,Secretory cell,53,40,4,4,4_1_1,ClubEpi
I-350,all,45,22,221,2338,24,75465,0,0,0,0,0,I,12,Mature DC subset,46,22,1,1,1_2_1,Tcell (CD4)
I-351,all,33,18,899,3050,18,41790,0,0,0,0,0,I,4,Inflammatory monocyte,42,18,1,1,1_2_1,Tcell (CD4)
I-352,all,185,88,1675,2854,31,46795,0,0,0,0,0,I,45,Ciliated cell,45,37,4,4,4_1_1,CiliatedEpi
I-353,all,62,22,199,2032,39,35230,0,0,0,0,0,I,4,Inflammatory monocyte,53,22,7,7,7_2,PatrolMac
I-354,all,108,34,766,2253,16,77772,0,0,0,0,0,I,9,Inflammatory monocyte,54,28,2,2,2_2,InflamMac
I-356,all,53,29,1194,2526,34,58173,0,0,0,0,0,I,12,Inflammatory monocyte,56,31,2,2,2_5,DC
I-359,all,370,123,1816,2828,30,82957,0,0,0,0,0,I,93,Ciliated cell,42,33,4,4,4_1_1,ClubEpi
I-361,all,115,49,834,3713,22,112162,0,0,0,0,0,I,17,Inflammatory monocyte,47,29,1,1,1_2_1,Tcell (CD4)
I-362,all,36,20,1062,3609,20,43321,0,0,0,0,0,I,16,Arterial endothelial cell,40,20,7,7,7_3,Tcell (CD8)
I-363,all,11,8,878,3105,33,16137,0,0,0,0,0,I,3,Vascular smooth muscle cell,29,10,1,1,1_5_1,LymphaticEndo
I-364,all,204,80,1914,2762,17,61563,0,0,0,0,0,I,87,Ciliated cell,49,37,4,4,4_1_2,CiliatedEpi
I-365,all,48,17,1568,2265,26,79462,0,0,0,0,0,I,6,Inflammatory monocyte,50,18,1,1,1_4_1,AlveolarFib
I-366,all,33,24,1057,2125,25,59683,0,0,0,0,0,I,5,CD4+ T cell,38,25,3,3,3_2,SMC
I-367,all,37,23,1146,2912,20,92046,0,0,0,0,0,I,5,Inflammatory monocyte,40,23,1,1,1_2_1,Tcell (CD4)
I-368,all,9,6,694,3091,33,25792,0,0,0,0,0,I,4,Proliferative mesenchymal progenitor cell,26,7,1,1,1_5_1,LymphaticEndo
I-369,all,37,18,1925,2179,28,87504,0,0,0,0,0,I,12,Alveolar fibroblast 1,44,19,3,3,3_1,SMC
I-374,all,120,58,1524,3018,36,39026,0,0,0,0,0,I,49,Ciliated cell,66,58,4,4,4_1_2,CiliatedEpi
I-376,all,165,78,1832,2947,9,38403,0,0,0,0,0,I,49,Venous endothelial cell,47,32,4,4,4_1_1,ClubEpi
I-377,all,40,23,1440,3071,15,35707,0,0,0,0,0,I,4,Mesothelial cell,42,23,3,3,3_3,AdventitialFib
I-380,all,23,15,1438,2558,35,19759,0,0,0,0,0,I,4,CD4+ T cell,42,15,1,1,1_2_1,Tcell (CD4)
I-381,all,223,96,1290,3489,25,56483,0,0,0,0,0,I,75,Ciliated cell,51,35,4,4,4_1_2,ClubEpi
I-383,all,96,47,1350,3435,6,25679,0,0,0,0,0,I,26,Venous endothelial cell,60,47,4,4,4_1_1,CiliatedEpi
I-384,all,62,28,742,2984,30,32270,0,0,0,0,0,I,4,CD4+ T cell,56,28,1,1,1_2_1,Tcell (CD4)
I-385,all,247,114,1514,3205,21,67864,0,0,0,0,0,I,56,Arterial endothelial cell,51,47,4,4,4_1_1,CiliatedEpi
I-387,all,61,27,647,3533,17,41860,0,0,0,0,0,I,16,Proliferative mesenchymal progenitor cell,56,27,3,3,3_3,AdventitialFib
I-389,all,82,37,96,2631,19,64240,0,0,0,0,0,I,7,Alveolar fibroblast 1,60,37,6,6,6,AT1
I-390,all,343,123,1692,2961,23,84480,0,0,0,0,0,I,61,Arterial endothelial cell,47,40,4,4,4_1_1,CiliatedEpi
I-391,all,15,7,675,2976,37,23464,0,0,0,0,0,I,5,CD4+ T cell,33,7,1,1,1_2_1,Tcell (CD4)
I-392,all,89,37,993,2103,11,75137,0,0,0,0,0,I,18,Inflammatory monocyte,60,37,1,1,1_5_2,AlveolarFib
I-393,all,69,39,1502,3075,35,38050,0,0,0,0,0,I,26,Ciliated cell,54,39,4,4,4_1_2,CiliatedEpi
I-394,all,94,30,256,2513,27,70604,0,0,0,0,0,I,11,Inflammatory monocyte,58,30,1,1,1_2_3,Tcell (CD4)
I-395,all,39,25,1363,2315,10,34490,0,0,0,0,0,I,10,Ciliated cell,43,26,1,1,1_5_1,LymphaticEndo
I-396,all,149,41,1046,2873,20,78403,0,0,0,0,0,I,12,Arterial endothelial cell,53,28,3,3,3_2,SMC
I-397,all,208,76,1138,3673,21,53096,0,0,0,0,0,I,81,Secretory cell,59,39,4,4,4_1_2,ClubEpi
I-399,all,22,18,159,2187,11,29530,0,0,0,0,0,I,5,Inflammatory monocyte,42,18,1,1,1_2_3,Tcell (CD4)
I-401,all,121,45,1519,2460,24,124375,0,0,0,0,0,I,6,Inflammatory monocyte,45,21,1,1,1_2_1,Tcell (CD4)
I-403,all,116,45,1032,2738,32,86920,0,0,0,0,0,I,10,Arterial endothelial cell,46,31,2,2,2_4,Artery
I-405,all,81,43,863,3596,35,57261,0,0,0,0,0,I,6,Proliferative mesenchymal progenitor cell,60,43,3,3,3_3,AdventitialFib
I-406,all,24,13,781,2036,24,24208,0,0,0,0,0,I,6,B cell,40,13,9,9,9,Bcell
I-407,all,329,104,1438,3356,15,74231,0,0,0,0,0,I,93,Ciliated cell,49,39,4,4,4_1_1,CiliatedEpi
I-409,all,71,39,945,3105,11,50216,338,0,338,0,1,I,17,Mesothelial cell,52,39,3,3,3_4,AdventitialFib
I-410,all,452,139,365,3775,20,134042,0,0,0,0,0,I,131,Venous endothelial cell,41,33,4,4,4_1_1,CiliatedEpi
I-413,all,61,32,1463,2521,37,60061,0,0,0,0,0,I,8,Alveolar fibroblast 1,54,32,1,1,1_4_1,AlveolarFib
I-414,all,58,25,1235,2816,27,31105,0,0,0,0,0,I,11,Mesothelial cell,53,25,3,3,3_3,AdventitialFib
I-415,all,34,21,863,2866,26,26260,0,0,0,0,0,I,7,Alveolar fibroblast 1,40,22,3,3,3_2,SMC
I-417,all,119,64,1354,3326,30,53155,0,0,0,0,0,I,20,Venous endothelial cell,38,26,4,4,4_1_1,ClubEpi
I-420,all,35,18,997,3676,19,44140,0,0,0,0,0,I,4,Inflammatory monocyte,40,18,9,9,9,Bcell
I-421,all,68,27,935,3003,23,54790,0,0,0,0,0,I,9,Alveolar type 1 cell,55,27,1,1,1_2_3,Tcell (CD4)
I-422,all,102,40,174,3574,28,80898,0,0,0,0,0,I,19,Inflammatory monocyte,52,26,2,2,2_5,DC
I-423,all,34,19,1048,3653,15,53196,0,0,0,0,0,I,5,CD4+ T cell,45,19,1,1,1_2_3,Tcell (CD4)
I-425,all,115,16,740,2322,11,56667,0,0,0,0,0,I,88,Alveolar type 2 cell,50,12,3,3,3_5,SMC
I-426,all,143,40,1401,2384,14,81263,0,0,0,0,0,I,16,CD8+ T cell,50,23,2,2,2_2,InflamMac
I-427,all,80,35,760,2942,23,86206,0,0,0,0,0,I,27,Vascular smooth muscle cell,58,35,3,3,3_6,SCMF
I-429,all,68,30,1435,2448,13,63093,0,0,0,0,0,I,17,Inflammatory monocyte,58,30,1,1,1_2_3,Tcell (CD4)
I-431,all,98,45,1805,2329,19,77453,0,0,0,0,0,I,7,CD4+ T cell,61,42,1,1,1_2_1,Tcell (CD4)
I-432,all,27,18,913,3082,13,29746,0,0,0,0,0,I,5,Alveolar type 1 cell,37,19,1,1,1_4_1,AlveolarFib
I-435,all,46,18,753,2019,25,37779,0,0,0,0,0,I,2,Inflammatory monocyte,46,18,1,1,1_2_1,Tcell (CD4)
I-436,all,16,9,1349,2620,5,12912,0,0,0,0,0,I,4,Alveolar type 1 cell,37,10,1,1,1_4_1,AlveolarFib
I-439,all,95,40,1512,2882,24,87966,0,0,0,0,0,I,15,Sox9+/Id2+ epithelial cell,62,40,2,2,2_6,pDC
I-440,all,154,51,929,2789,28,54796,0,0,0,0,0,I,17,Arterial endothelial cell,51,27,3,3,3_2,SMC
I-441,all,8,8,854,2841,39,8175,0,0,0,0,0,I,3,Secondary crest myofibroblast,22,10,3,3,3_6,SCMF
I-442,all,78,36,1916,2410,38,43731,0,0,0,0,0,I,35,Ciliated cell,56,36,4,4,4_1_2,ClubEpi
I-443,all,45,35,1459,3181,33,22482,0,0,0,0,0,I,7,Secretory cell,45,35,7,7,7_3,Tcell (CD8)
I-444,all,49,34,264,2438,21,97674,0,0,0,0,0,I,8,B cell,49,34,1,1,1_2_3,Tcell (CD4)
I-445,all,221,75,1104,3696,24,90827,0,0,0,0,0,I,94,CD4+ T cell,45,34,4,4,4_1_2,CiliatedEpi
I-446,all,91,48,1492,3185,22,54847,0,0,0,0,0,I,25,Arterial endothelial cell,67,48,4,4,4_1_1,ClubEpi
I-448,all,40,22,956,2758,18,40364,0,0,0,0,0,I,3,Inflammatory monocyte,44,22,1,1,1_2_1,Tcell (CD4)
I-449,all,154,44,839,3127,23,102349,0,0,0,0,0,I,55,Vascular smooth muscle cell,56,26,3,3,3_2,SMC
I-450,all,166,54,1537,2330,25,114325,0,0,0,0,0,I,18,Inflammatory monocyte,54,30,1,1,1_2_3,Tcell (CD4)
I-452,all,70,27,260,2369,34,38516,0,0,0,0,0,I,7,CD4+ T cell,55,28,3,3,3_2,SMC
I-453,all,105,45,1029,2705,28,64391,0,0,0,0,0,I,15,Arterial endothelial cell,61,38,3,3,3_2,SMC
I-455,all,64,28,880,2081,11,40740,0,0,0,0,0,I,23,Alveolar fibroblast 1,56,29,1,1,1_4_1,AlveolarFib
I-456,all,46,22,700,2950,35,46762,0,0,0,0,0,I,9,Vascular smooth muscle cell,46,22,3,3,3_6,SCMF
I-458,all,185,86,1391,3259,38,57934,0,0,0,0,0,I,39,Arterial endothelial cell,46,36,4,4,4_1_1,ClubEpi
I-459,all,235,92,1237,3541,25,86053,0,0,0,0,0,I,71,Arterial endothelial cell,56,45,4,4,4_1_1,CiliatedEpi
I-462,all,33,18,759,3069,13,34262,0,0,0,0,0,I,5,Alveolar type 1 cell,42,18,1,1,1_2_3,Tcell (CD4)
I-463,all,262,94,1187,3648,13,54071,0,0,0,0,0,I,73,Mesothelial cell,46,27,4,4,4_1_1,ClubEpi
I-466,all,35,17,1501,2822,13,28709,0,0,0,0,0,I,12,CD4+ T cell,45,18,3,3,3_5,SMC
I-468,all,19,15,232,3768,37,16613,0,0,0,0,0,I,5,Arterial endothelial cell,41,17,2,2,2_5,DC
I-470,all,8,6,652,3389,39,12984,0,0,0,0,0,I,3,Alveolar macrophage,26,7,6,6,6,AT1
I-471,all,104,29,1611,2842,29,47861,0,0,0,0,0,I,25,Inflammatory monocyte,59,25,3,3,3_2,SMC
I-472,all,191,77,1652,3116,15,42558,0,0,0,0,0,I,56,Secretory cell,54,38,4,4,4_1_1,ClubEpi
I-473,all,82,27,893,2867,22,45464,0,0,0,0,0,I,11,Airway smooth muscle cell,57,28,3,3,3_2,SMC
I-475,all,41,19,778,2134,22,30078,0,0,0,0,0,I,10,Secretory cell,45,20,1,1,1_4_1,AlveolarFib
I-476,all,37,25,1184,3541,15,33885,0,0,0,0,0,I,12,B cell,42,26,3,3,3_5,SMC
I-477,all,113,63,1548,3053,35,49992,0,0,0,0,0,I,33,Endothelial progenitor cell,64,52,4,4,4_1_1,CiliatedEpi
I-479,all,121,43,314,2217,15,74312,0,0,0,0,0,I,11,Inflammatory monocyte,48,24,2,2,2_5,DC
I-480,all,237,69,1898,2837,11,57720,0,0,0,0,0,I,116,Secretory cell,46,32,4,4,4_2,CiliatedEpi
I-482,all,176,54,291,1987,32,124342,0,0,0,0,0,I,11,Inflammatory monocyte,57,35,1,1,1_2_3,Tcell (CD4)
I-485,all,47,20,49,2644,33,34735,0,0,0,0,0,I,3,CD4+ T cell,51,21,1,1,1_4_1,AlveolarFib
I-486,all,46,21,1929,2223,25,68544,0,0,0,0,0,I,9,CD4+ T cell,46,21,1,1,1_2_1,Tcell (CD4)
I-488,all,55,29,954,2717,26,41618,0,0,0,0,0,I,14,Alveolar type 1 cell,54,29,3,3,3_2,SMC
I-490,all,99,51,1875,2678,20,80503,0,0,0,0,0,I,23,Secretory cell,67,49,4,4,4_1_3,ClubEpi
I-493,all,256,93,1932,2717,15,51229,0,0,0,0,0,I,87,Ciliated cell,49,31,4,4,4_1_2,ClubEpi
I-495,all,151,48,794,2177,21,77612,0,0,0,0,0,I,22,Inflammatory monocyte,51,28,9,9,9,Bcell
I-498,all,267,114,1424,3315,31,79773,0,0,0,0,0,I,75,Arterial endothelial cell,40,32,4,4,4_1_1,CiliatedEpi
I-499,all,63,29,801,2305,8,38332,0,0,0,0,0,I,20,Pericyte,54,29,5,5,5_3,Pericyte
I-503,all,49,21,794,1999,14,71272,0,0,0,0,0,I,9,Inflammatory monocyte,51,23,2,2,2_5,DC
I-506,all,54,29,900,2760,33,46230,0,0,0,0,0,I,7,Secondary crest myofibroblast,54,29,2,2,2_3,Vein
I-509,all,100,35,1400,2296,11,51203,0,0,0,0,0,I,17,Inflammatory monocyte,59,32,1,1,1_4_1,AlveolarFib
I-515,all,210,93,1692,2895,33,44626,0,0,0,0,0,I,50,Ciliated cell,53,42,4,4,4_1_1,ClubEpi
I-516,all,18,16,845,2933,26,16125,0,0,0,0,0,I,2,Alveolar macrophage,36,16,1,1,1_2_3,Tcell (CD4)
I-519,all,96,36,974,3012,25,85971,0,0,0,0,0,I,27,Secondary crest myofibroblast,61,35,3,3,3_2,SMC
I-520,all,70,31,149,3659,32,57666,0,0,0,0,0,I,2,B cell,53,31,9,9,9,Bcell
I-521,all,92,34,839,3080,32,42643,0,0,0,0,0,I,9,Arterial endothelial cell,61,34,2,2,2_4,Artery
I-525,all,32,17,942,3061,14,33479,0,0,0,0,0,I,15,Secondary crest myofibroblast,41,17,3,3,3_2,SMC
I-526,all,21,16,740,3107,26,26082,0,0,0,0,0,I,9,Inflammatory monocyte,38,16,3,3,3_2,SMC
I-527,all,119,50,1873,2526,30,49794,0,0,0,0,0,I,38,Arterial endothelial cell,63,44,4,4,4_1_2,CiliatedEpi
I-528,all,188,91,1687,2815,32,42808,0,0,0,0,0,I,44,Ciliated cell,49,40,4,4,4_1_1,ClubEpi
I-531,all,27,16,672,3804,20,27339,0,0,0,0,0,I,5,CD8+ T cell,39,18,2,2,2_5,DC
I-533,all,44,20,1718,2356,11,64985,0,0,0,0,0,I,5,CD8+ T cell,48,21,2,2,2_2,InflamMac
I-534,all,53,42,1570,3116,25,31747,0,0,0,0,0,I,7,Capillary 1 cell,53,42,7,7,7_3,Tcell (CD8)
I-536,all,339,100,1207,3590,22,92624,0,0,0,0,0,I,146,Secretory cell,47,33,4,4,4_1_2,CiliatedEpi
I-537,all,20,10,69,2013,22,34307,0,0,0,0,0,I,2,Alveolar macrophage,37,10,1,1,1_2_3,Tcell (CD4)
I-538,all,53,32,1891,2481,23,37088,0,0,0,0,0,I,20,Venous endothelial cell,45,31,4,4,4_1_1,CiliatedEpi
I-539,all,84,46,1765,2935,10,34827,0,0,0,0,0,I,27,Ciliated cell,57,45,4,4,4_1_1,CiliatedEpi
I-542,all,139,76,1641,3084,26,46293,0,0,0,0,0,I,48,Venous endothelial cell,44,32,4,4,4_1_1,ClubEpi
I-544,all,10,7,543,1964,33,45893,0,0,0,0,0,I,2,Alveolar type 1 cell,27,7,1,1,1_2_3,Tcell (CD4)
I-545,all,51,28,821,2798,30,36179,0,0,0,0,0,I,15,Mesothelial cell,51,28,3,3,3_3,AdventitialFib
I-546,all,16,12,740,3470,9,13896,0,0,0,0,0,I,2,CD4+ T cell,33,12,1,1,1_2_1,Tcell (CD4)
I-547,all,128,42,970,2140,22,97056,0,0,0,0,0,I,19,Alveolar type 1 cell,45,21,6,6,6,AT1
I-548,all,31,19,898,3105,18,22303,0,0,0,0,0,I,7,Vascular smooth muscle cell,41,20,3,3,3_2,SMC
I-553,all,180,50,1934,2466,20,56858,0,0,0,0,0,I,99,Venous endothelial cell,65,45,4,4,4_2,CiliatedEpi
I-556,all,69,31,1848,2612,33,42890,0,0,0,0,0,I,18,Secretory cell,58,32,1,1,1_4_1,AlveolarFib
I-558,all,124,57,1676,3086,14,28587,0,0,0,0,0,I,35,Venous endothelial cell,50,35,4,4,4_1_1,CiliatedEpi
I-560,all,90,34,148,2539,29,97125,0,0,0,0,0,I,11,CD8+ T cell,58,34,1,1,1_2_1,Tcell (CD4)
I-562,all,48,29,768,3808,29,32719,0,0,0,0,0,I,3,CD4+ T cell,48,29,1,1,1_2_3,Tcell (CD4)
I-563,all,156,56,1196,2471,17,95482,0,0,0,0,0,I,9,Arterial endothelial cell,52,34,2,2,2_5,DC
I-565,all,89,48,1679,3061,15,20762,0,0,0,0,0,I,27,Inflammatory monocyte,62,47,4,4,4_1_1,CiliatedEpi
I-567,all,161,76,1834,2698,28,57392,0,0,0,0,0,I,43,Secretory cell,42,25,4,4,4_1_1,ClubEpi
I-568,all,116,64,1540,3191,18,40574,0,0,0,0,0,I,23,Ciliated cell,56,43,4,4,4_1_1,CiliatedEpi
I-570,all,53,33,1596,3052,34,27797,0,0,0,0,0,I,11,B cell,53,33,7,7,7_3,Tcell (CD8)
I-571,all,42,25,1509,3146,32,20021,0,0,0,0,0,I,16,Inflammatory monocyte,44,25,7,7,7_3,Tcell (CD8)
I-572,all,52,41,1605,3007,32,40482,0,0,0,0,0,I,17,Secretory cell,56,42,3,3,3_1,SMC
I-574,all,151,65,1068,3755,23,51564,0,0,0,0,0,I,61,Arterial endothelial cell,58,47,4,4,4_1_2,CiliatedEpi
I-575,all,94,30,822,3333,35,66204,0,0,0,0,0,I,7,Mesothelial cell,59,30,3,3,3_3,AdventitialFib
I-577,all,47,23,805,3071,31,34790,0,0,0,0,0,I,2,Arterial endothelial cell,50,26,2,2,2_4,Artery
I-579,all,30,15,1026,3633,25,34256,0,0,0,0,0,I,5,T regulatory cell,40,16,1,1,1_6_2,Neutrophil
I-580,all,51,25,925,2738,29,34491,0,0,0,0,0,I,3,Arterial endothelial cell,52,26,2,2,2_4,Artery
I-581,all,24,13,869,3502,4,10584,0,0,0,0,0,I,3,CD4+ T cell,42,13,1,1,1_2_1,Tcell (CD4)
I-582,all,275,105,1567,3162,15,73270,0,0,0,0,0,I,90,Inflammatory monocyte,43,37,4,4,4_1_1,CiliatedEpi
I-587,all,12,8,861,2911,19,14525,0,0,0,0,0,I,3,Mesothelial cell,31,8,3,3,3_3,AdventitialFib
I-588,all,114,49,70,2675,25,76320,0,0,0,0,0,I,20,Alveolar fibroblast 1,46,25,1,1,1_4_1,AlveolarFib
I-589,all,39,19,652,3634,17,29117,0,0,0,0,0,I,17,CD4+ T cell,43,19,1,1,1_2_1,Tcell (CD4)
I-591,all,47,24,410,2009,15,58195,0,0,0,0,0,I,7,CD4+ T cell,50,25,1,1,1_4_1,AlveolarFib
I-592,all,94,41,1728,2718,10,96173,0,0,0,0,0,I,12,B cell,60,40,9,9,9,Bcell
I-593,all,15,10,1279,2874,13,26760,0,0,0,0,0,I,2,Mesothelial cell,30,10,3,3,3_3,AdventitialFib
I-594,all,38,14,731,2920,35,42648,0,0,0,0,0,I,9,Sox9+/Id2+ epithelial cell,44,15,3,3,3_2,SMC
I-595,all,150,78,1458,3234,27,53579,0,0,0,0,0,I,45,Ciliated cell,42,30,1,1,1_2_3,Tcell (CD4)
I-601,all,64,28,1308,2681,16,49186,0,0,0,0,0,I,11,Mesothelial cell,57,28,3,3,3_3,AdventitialFib
I-603,all,58,36,1878,2124,31,106486,0,0,0,0,0,I,4,Alveolar macrophage,56,36,8,8,8_2,InterstitialMac
I-604,all,222,96,1660,3020,23,75145,0,0,0,0,0,I,57,Venous endothelial cell,51,41,4,4,4_1_1,ClubEpi
I-606,all,230,84,1091,3737,19,51012,0,0,0,0,0,I,92,Arterial endothelial cell,57,37,4,4,4_1_2,ClubEpi
I-607,all,21,10,1220,3508,24,25017,0,0,0,0,0,I,11,CD4+ T cell,39,11,3,3,3_2,SMC
I-609,all,37,18,3,2152,26,35321,0,0,0,0,0,I,3,Alveolar type 1 cell,42,18,6,6,6,AT1
I-610,all,16,12,1366,2276,6,18114,54,0,54,0,1,I,4,Ciliated cell,34,13,1,1,1_4_1,AlveolarFib
I-611,all,78,29,803,2068,30,61461,0,0,0,0,0,I,2,Inflammatory monocyte,57,29,1,1,1_2_1,Tcell (CD4)
I-612,all,42,23,717,3126,32,59176,0,0,0,0,0,I,12,Secondary crest myofibroblast,42,23,3,3,3_6,SCMF
I-618,all,11,7,221,2486,7,15210,0,0,0,0,0,I,5,Natural killer cell,28,7,7,7,7_3,Tcell (CD8)
I-620,all,13,6,795,3252,41,13917,0,0,0,0,0,I,2,Alveolar type 1 cell,36,6,1,1,1_2_3,Tcell (CD4)
I-623,all,141,73,1458,3303,19,30363,0,0,0,0,0,I,44,Secretory cell,42,26,4,4,4_1_1,ClubEpi
I-624,all,23,16,848,2135,9,15959,0,0,0,0,0,I,5,Alveolar type 1 cell,42,16,6,6,6,AT1
I-626,all,32,16,115,2040,26,22294,0,0,0,0,0,I,7,CD4+ T cell,42,17,1,1,1_4_3,AlveolarFib
I-627,all,83,42,1168,3598,25,75168,0,0,0,0,0,I,30,B cell,62,42,4,4,4_1_2,ClubEpi
I-629,all,33,19,96,2039,27,22604,0,0,0,0,0,I,6,Inflammatory monocyte,41,19,1,1,1_2_3,Tcell (CD4)
I-630,all,37,21,849,3567,29,20910,0,0,0,0,0,I,8,Alveolar fibroblast 2,42,21,9,9,9,Bcell
I-631,all,107,46,255,1957,26,111097,0,0,0,0,0,I,11,Inflammatory monocyte,61,39,6,6,6,AT1
I-632,all,86,36,1258,2843,22,60622,0,0,0,0,0,I,7,Proliferative mesenchymal progenitor cell,59,36,3,3,3_3,AdventitialFib
I-633,all,119,47,788,2904,27,110495,0,0,0,0,0,I,32,CD4+ T cell,46,25,3,3,3_2,SMC
I-635,all,237,91,1764,2783,31,85110,0,0,0,0,0,I,60,Secretory cell,52,36,4,4,4_1_1,ClubEpi
I-637,all,13,6,174,2164,6,24316,0,0,0,0,0,I,5,Alveolar fibroblast 1,35,7,1,1,1_4_3,AlveolarFib
I-638,all,228,83,1273,3515,22,73425,0,0,0,0,0,I,101,Alveolar fibroblast 2,43,31,4,4,4_1_1,CiliatedEpi
I-642,all,156,82,1728,2826,30,55263,0,0,0,0,0,I,37,Alveolar fibroblast 1,46,39,3,3,3_1,SMC
I-645,all,35,19,223,3728,34,29521,0,0,0,0,0,I,5,Inflammatory monocyte,42,19,1,1,1_2_3,Tcell (CD4)
I-647,all,46,22,1842,2454,20,37633,0,0,0,0,0,I,8,CD8+ T cell,46,22,7,7,7_3,Tcell (CD8)
I-648,all,45,27,806,2828,34,30841,0,0,0,0,0,I,2,Sox9+/Id2+ epithelial cell,46,28,3,3,3_2,SMC
I-649,all,52,27,1330,2298,5,20368,0,0,0,0,0,I,15,CD4+ T cell,53,28,1,1,1_4_1,AlveolarFib
I-651,all,85,33,1336,2712,18,45405,0,0,0,0,0,I,13,Proliferative mesenchymal progenitor cell,58,33,3,3,3_3,AdventitialFib
I-653,all,74,36,1076,2834,12,55987,0,0,0,0,0,I,6,Alveolar type 1 cell,58,36,6,6,6,AT1
I-654,all,80,40,1479,3159,26,51671,0,0,0,0,0,I,16,CD4+ T cell,55,38,4,4,4_1_3,CiliatedEpi
I-655,all,150,48,132,3550,17,93328,0,0,0,0,0,I,25,Alveolar type 1 cell,49,25,6,6,6,AT1
I-656,all,68,24,1727,2632,23,39013,0,0,0,0,0,I,7,Natural killer cell,54,24,7,7,7_4,PatrolMac
I-658,all,25,16,224,3639,13,33079,0,0,0,0,0,I,4,Alveolar macrophage,43,16,1,1,1_2_3,Tcell (CD4)
I-660,all,149,76,1423,3221,37,45672,0,0,0,0,0,I,25,Venous endothelial cell,44,34,4,4,4_1_1,CiliatedEpi
I-662,all,136,54,1484,3282,9,34776,0,0,0,0,0,I,39,Secretory cell,43,21,4,4,4_1_2,ClubEpi
I-663,all,67,28,621,2006,22,99946,0,0,0,0,0,I,2,CD4+ T cell,56,28,1,1,1_2_1,Tcell (CD4)
I-664,all,48,26,779,3131,26,52192,51,0,51,0,1,I,18,Secondary crest myofibroblast,48,26,3,3,3_2,SMC
I-665,all,106,40,902,2821,29,62338,0,0,0,0,0,I,25,Vascular smooth muscle cell,55,33,3,3,3_2,SMC
I-666,all,43,24,258,3674,13,41522,0,0,0,0,0,I,16,Inflammatory monocyte,45,25,1,1,1_4_1,AlveolarFib
I-667,all,74,45,1332,3352,31,57675,0,0,0,0,0,I,17,Ciliated cell,57,45,3,3,3_6,SCMF
I-669,all,36,16,1783,2389,17,26762,0,0,0,0,0,I,6,Arterial endothelial cell,44,17,2,2,2_4,Artery
I-670,all,58,27,131,3621,28,46144,0,0,0,0,0,I,5,Arterial endothelial cell,55,27,1,1,1_2_1,Tcell (CD4)
I-673,all,84,41,629,3502,25,65813,0,0,0,0,0,I,12,Mesothelial cell,57,41,1,1,1_5_2,AlveolarFib
I-674,all,56,24,1470,2784,13,45816,0,0,0,0,0,I,9,Mesothelial cell,55,24,3,3,3_3,AdventitialFib
I-676,all,43,23,819,2864,36,33913,0,0,0,0,0,I,7,Alveolar type 1 cell,46,24,3,3,3_2,SMC
I-677,all,19,10,845,2891,21,20860,0,0,0,0,0,I,2,Sox9+/Id2+ epithelial cell,40,11,3,3,3_2,SMC
I-678,all,204,97,1538,3108,23,105216,59,0,59,0,1,I,29,Ciliated cell,47,35,4,4,4_1_1,CiliatedEpi
I-680,all,20,12,233,2308,18,19299,0,0,0,0,0,I,4,CD4+ T cell,38,12,1,1,1_2_1,Tcell (CD4)
I-681,all,108,45,1064,2917,21,94527,0,0,0,0,0,I,44,Vascular smooth muscle cell,63,41,3,3,3_2,SMC
I-682,all,10,6,870,2829,40,8892,0,0,0,0,0,I,2,Sox9+/Id2+ epithelial cell,31,7,3,3,3_2,SMC
I-683,all,131,65,1639,3051,20,64504,0,0,0,0,0,I,42,B cell,58,44,4,4,4_1_1,CiliatedEpi
I-686,all,93,42,865,3066,33,41184,0,0,0,0,0,I,3,CD4+ T cell,61,43,3,3,3_1,SMC
I-687,all,94,39,776,3097,23,76444,0,0,0,0,0,I,21,Vascular smooth muscle cell,60,39,3,3,3_2,SMC
I-688,all,42,19,73,2042,29,32469,0,0,0,0,0,I,5,Proliferative mesenchymal progenitor cell,43,21,1,1,1_5_1,LymphaticEndo
I-689,all,12,9,121,2012,14,28304,0,0,0,0,0,I,3,Sox9+/Id2+ epithelial cell,32,10,2,2,2_2,InflamMac
I-690,all,135,50,1434,2990,23,71851,0,0,0,0,0,I,10,Inflammatory monocyte,46,22,1,1,1_2_3,Tcell (CD4)
I-692,all,202,86,1882,2726,19,91096,0,0,0,0,0,I,83,Ciliated cell,43,31,4,4,4_1_1,CiliatedEpi
I-693,all,47,23,931,2100,11,28780,0,0,0,0,0,I,13,Alveolar type 1 cell,47,23,6,6,6,AT1
I-695,all,40,22,657,1990,19,61718,0,0,0,0,0,I,6,B cell,42,22,9,9,9,Bcell
I-697,all,21,13,1436,3133,39,11179,0,0,0,0,0,I,3,Sox9+/Id2+ epithelial cell,38,13,3,3,3_6,SCMF
I-698,all,97,54,1600,3091,32,55698,0,0,0,0,0,I,22,B cell,64,51,1,1,1_3,AT2
I-699,all,240,98,1629,2932,20,93194,0,0,0,0,0,I,46,Ciliated cell,51,43,4,4,4_1_1,CiliatedEpi
I-700,all,105,52,1037,2948,23,114288,0,0,0,0,0,I,16,Inflammatory monocyte,55,39,3,3,3_2,SMC
I-701,all,32,14,1928,2510,21,18701,0,0,0,0,0,I,14,Capillary 1 cell,41,14,4,4,4_1_2,CiliatedEpi
I-703,all,49,23,1899,2566,34,11643,0,0,0,0,0,I,21,Secretory cell,49,23,4,4,4_1_2,ClubEpi
I-705,all,151,84,1157,3650,35,32243,0,0,0,0,0,I,34,Secretory cell,42,34,4,4,4_1_1,ClubEpi
I-707,all,83,55,1575,3013,35,44373,0,0,0,0,0,I,14,Ciliated cell,66,57,2,2,2_5,DC
I-708,all,30,16,1571,2336,10,34967,0,0,0,0,0,I,7,Inflammatory monocyte,38,16,1,1,1_2_1,Tcell (CD4)
I-710,all,70,37,815,2930,30,42997,0,0,0,0,0,I,11,Inflammatory monocyte,55,37,1,1,1_2_1,Tcell (CD4)
I-711,all,62,34,1861,2565,30,41587,0,0,0,0,0,I,27,Venous endothelial cell,50,34,4,4,4_1_1,CiliatedEpi
I-713,all,13,8,1735,2411,17,40143,0,0,0,0,0,I,2,CD4+ T cell,33,8,1,1,1_2_1,Tcell (CD4)
I-715,all,46,24,888,3255,7,43984,0,0,0,0,0,I,4,Sox9+/Id2+ epithelial cell,49,25,1,1,1_4_1,AlveolarFib
I-716,all,266,108,1786,2878,32,59987,0,0,0,0,0,I,60,Ciliated cell,46,34,4,4,4_1_1,ClubEpi
I-722,all,119,68,1885,2589,34,29113,0,0,0,0,0,I,30,Ciliated cell,43,31,4,4,4_1_1,ClubEpi
I-723,all,27,23,1423,3165,41,8627,0,0,0,0,0,I,4,B cell,38,23,9,9,9,Bcell
I-724,all,105,48,1472,3126,39,20956,0,0,0,0,0,I,37,B cell,64,47,4,4,4_1_1,CiliatedEpi
I-729,all,34,20,808,3109,19,40674,0,0,0,0,0,I,10,Secondary crest myofibroblast,42,21,3,3,3_2,SMC
I-730,all,111,76,1613,2974,33,47635,0,0,0,0,0,I,27,Secretory cell,64,60,4,4,4_1_1,CiliatedEpi
I-731,all,67,35,766,2368,33,65239,0,0,0,0,0,I,7,Alveolar type 1 cell,56,35,1,1,1_2_1,Tcell (CD4)
I-736,all,24,9,2,2025,38,14077,0,0,0,0,0,I,3,CD4+ T cell,42,9,1,1,1_2_1,Tcell (CD4)
I-737,all,20,13,1708,2542,24,22841,0,0,0,0,0,I,3,Secondary crest myofibroblast,38,14,3,3,3_2,SMC
I-738,all,143,49,1360,3505,6,28452,0,0,0,0,0,I,67,Ciliated cell,66,47,4,4,4_1_2,CiliatedEpi
I-743,all,46,21,1916,2487,18,44992,0,0,0,0,0,I,29,Capillary 1 cell,47,21,4,4,4_2,ClubEpi
I-744,all,54,31,942,3036,19,41082,0,0,0,0,0,I,8,Arterial endothelial cell,53,31,3,3,3_2,SMC
I-746,all,27,16,565,3710,38,11134,0,0,0,0,0,I,5,Sox9+/Id2+ epithelial cell,41,16,1,1,1_3,AT2
I-752,all,53,23,867,2159,16,36412,0,0,0,0,0,I,9,Alveolar type 1 cell,52,23,6,6,6,AT1
I-756,all,97,57,1739,2905,20,25935,0,0,0,0,0,I,21,Ciliated cell,66,54,4,4,4_1_1,ClubEpi
I-757,all,81,39,1242,3465,24,96805,0,0,0,0,0,I,31,Inflammatory monocyte,61,40,3,3,3_2,SMC
I-770,all,52,31,1908,2536,26,32459,0,0,0,0,0,I,18,Secretory cell,51,31,4,4,4_1_1,ClubEpi
I-777,all,61,24,250,5319,31,65196,0,0,0,0,0,I,7,Inflammatory monocyte,54,24,1,1,1_2_3,Tcell (CD4)
I-778,all,48,20,1133,5033,36,38717,0,0,0,0,0,I,5,Inflammatory monocyte,50,22,2,2,2_5,DC
I-781,all,239,104,1674,5011,25,59077,0,0,0,0,0,I,41,Arterial endothelial cell,45,31,4,4,4_1_1,ClubEpi
I-783,all,175,69,962,4132,22,90410,0,0,0,0,0,I,28,Inflammatory monocyte,50,30,4,4,4_1_1,ClubEpi
I-785,all,36,20,840,5098,35,44976,0,0,0,0,0,I,10,B cell,42,20,9,9,9,Bcell
I-786,all,63,29,773,5243,35,62378,0,0,0,0,0,I,10,Inflammatory monocyte,56,29,1,1,1_2_1,Tcell (CD4)
I-789,all,69,36,437,5521,34,58967,0,0,0,0,0,I,3,Inflammatory monocyte,55,38,2,2,2_5,DC
I-790,all,52,34,577,5503,16,60375,0,0,0,0,0,I,6,Inflammatory monocyte,52,34,1,1,1_2_3,Tcell (CD4)
I-792,all,79,32,828,5218,34,48708,0,0,0,0,0,I,19,Inflammatory monocyte,56,32,1,1,1_2_3,Tcell (CD4)
I-797,all,77,33,1428,4796,22,96378,0,0,0,0,0,I,6,Alveolar macrophage,55,33,1,1,1_2_3,Tcell (CD4)
I-798,all,166,62,330,3903,14,46202,0,0,0,0,0,I,32,Inflammatory monocyte,47,27,4,4,4_1_1,CiliatedEpi
I-801,all,30,19,996,4633,26,50790,0,0,0,0,0,I,5,Alveolar macrophage,38,19,1,1,1_2_3,Tcell (CD4)
I-803,all,19,13,1089,4196,25,44600,0,0,0,0,0,I,6,CD4+ T cell,38,13,1,1,1_2_3,Tcell (CD4)
I-805,all,38,16,606,5183,37,22933,0,0,0,0,0,I,7,CD4+ T cell,43,16,7,7,7_3,Tcell (CD8)
I-807,all,90,32,973,5011,34,100049,0,0,0,0,0,I,13,Inflammatory monocyte,59,32,1,1,1_2_3,Tcell (CD4)
I-808,all,162,47,1664,5553,21,130941,0,0,0,0,0,I,7,Inflammatory monocyte,52,29,2,2,2_2,InflamMac
I-809,all,76,41,537,5444,33,44069,0,0,0,0,0,I,12,Inflammatory monocyte,54,41,1,1,1_2_1,Tcell (CD4)
I-810,all,35,19,1104,4285,24,73774,0,0,0,0,0,I,9,B cell,42,19,7,7,7_3,Tcell (CD8)
I-812,all,60,28,1207,4813,23,80097,0,0,0,0,0,I,9,Inflammatory monocyte,54,28,1,1,1_2_3,Tcell (CD4)
I-814,all,61,26,920,5645,20,82631,0,0,0,0,0,I,4,Inflammatory monocyte,55,26,1,1,1_2_3,Tcell (CD4)
I-815,all,30,18,966,4065,22,33354,0,0,0,0,0,I,5,Alveolar macrophage,38,18,1,1,1_2_3,Tcell (CD4)
I-817,all,136,70,1786,5651,15,41204,0,0,0,0,0,I,35,Venous endothelial cell,39,28,4,4,4_1_1,CiliatedEpi
I-821,all,86,34,1557,4958,27,71240,0,0,0,0,0,I,8,Inflammatory monocyte,60,35,1,1,1_4_1,AlveolarFib
I-823,all,65,20,1160,5105,30,44296,0,0,0,0,0,I,3,CD8+ T cell,55,21,2,2,2_2,InflamMac
I-825,all,116,49,1106,4469,19,78024,0,0,0,0,0,I,24,Inflammatory monocyte,47,27,7,7,7_3,Tcell (CD8)
I-828,all,100,34,535,5071,30,94544,0,0,0,0,0,I,7,B cell,58,33,1,1,1_2_1,Tcell (CD4)
I-830,all,24,17,784,3892,30,36194,0,0,0,0,0,I,2,Natural killer cell,44,18,1,1,1_6_2,Neutrophil
I-832,all,440,114,95,5065,23,110730,0,0,0,0,0,I,100,Venous endothelial cell,47,33,4,4,4_1_1,CiliatedEpi
I-834,all,319,105,510,4916,30,88949,0,0,0,0,0,I,72,Arterial endothelial cell,44,27,4,4,4_1_1,CiliatedEpi
I-836,all,216,81,235,5013,32,70406,0,0,0,0,0,I,57,Ciliated cell,52,35,4,4,4_1_1,CiliatedEpi
I-838,all,268,94,1694,5265,24,81718,0,0,0,0,0,I,59,Endothelial progenitor cell,43,23,4,4,4_1_1,CiliatedEpi
I-839,all,38,28,1229,4494,35,42565,0,0,0,0,0,I,4,Inflammatory monocyte,40,28,7,7,7_2,PatrolMac
I-840,all,129,46,618,4983,22,89183,0,0,0,0,0,I,10,Venous endothelial cell,45,23,1,1,1_4_1,AlveolarFib
I-841,all,91,47,294,3878,31,54168,0,0,0,0,0,I,11,Secretory cell,63,46,7,7,7_3,Tcell (CD8)
I-845,all,46,25,1107,4328,21,51048,0,0,0,0,0,I,12,CD4+ T cell,46,25,7,7,7_3,Tcell (CD8)
I-846,all,213,72,544,4955,17,71320,0,0,0,0,0,I,62,Venous endothelial cell,55,33,4,4,4_1_1,ClubEpi
I-848,all,83,32,59,5265,19,72237,0,0,0,0,0,I,14,Alveolar macrophage,55,33,1,1,1_4_1,AlveolarFib
I-850,all,21,12,1172,4715,17,26439,0,0,0,0,0,I,2,CD4+ T cell,39,12,1,1,1_2_1,Tcell (CD4)
I-852,all,252,96,1249,4540,31,89035,0,0,0,0,0,I,45,Ciliated cell,53,42,4,4,4_1_1,CiliatedEpi
I-856,all,108,44,886,4829,29,79068,0,0,0,0,0,I,6,Inflammatory monocyte,55,32,1,1,1_2_1,Tcell (CD4)
I-862,all,29,16,1041,4702,28,31576,0,0,0,0,0,I,2,Mesothelial cell,37,16,3,3,3_3,AdventitialFib
I-864,all,56,26,1692,5469,11,43152,0,0,0,0,0,I,15,Arterial endothelial cell,49,26,4,4,4_1_3,CiliatedEpi
I-865,all,39,26,1315,4800,30,59794,0,0,0,0,0,I,5,B cell,39,26,9,9,9,Bcell
I-868,all,33,18,1273,5206,37,24237,0,0,0,0,0,I,7,Alveolar macrophage,41,18,1,1,1_2_3,Tcell (CD4)
I-870,all,178,85,396,3846,21,52973,0,0,0,0,0,I,39,Venous endothelial cell,53,41,4,4,4_1_1,ClubEpi
I-873,all,119,56,1733,5476,30,53445,0,0,0,0,0,I,28,Secretory cell,47,31,4,4,4_1_1,ClubEpi
I-875,all,139,50,900,4948,26,98638,0,0,0,0,0,I,11,Inflammatory monocyte,50,29,1,1,1_2_3,Tcell (CD4)
I-877,all,90,55,121,5103,24,80232,0,0,0,0,0,I,11,Venous endothelial cell,64,55,4,4,4_1_1,ClubEpi
I-878,all,314,110,541,4865,31,79871,0,0,0,0,0,I,94,Venous endothelial cell,44,30,4,4,4_1_1,ClubEpi
I-880,all,97,48,1218,4594,26,61071,0,0,0,0,0,I,31,Arterial endothelial cell,69,46,4,4,4_1_1,ClubEpi
I-883,all,39,25,1612,4991,23,75961,0,0,0,0,0,I,12,Alveolar macrophage,41,25,1,1,1_2_3,Tcell (CD4)
I-884,all,243,84,866,4031,24,80087,0,0,0,0,0,I,46,Venous endothelial cell,48,28,4,4,4_1_1,CiliatedEpi
I-888,all,74,36,803,3846,34,44893,0,0,0,0,0,I,8,Inflammatory monocyte,54,36,1,1,1_2_3,Tcell (CD4)
I-889,all,168,43,566,5300,32,88096,0,0,0,0,0,I,15,Alveolar macrophage,53,28,6,6,6,AT1
I-890,all,50,20,450,5082,40,18611,0,0,0,0,0,I,5,Alveolar macrophage,49,20,1,1,1_2_3,Tcell (CD4)
I-893,all,105,35,635,5285,21,92620,0,0,0,0,0,I,6,CD4+ T cell,54,28,1,1,1_2_1,Tcell (CD4)
I-895,all,98,37,1068,4508,22,91064,0,0,0,0,0,I,27,B cell,60,36,4,4,4_1_2,CiliatedEpi
I-896,all,86,47,469,4980,20,88103,0,0,0,0,0,I,18,Inflammatory monocyte,60,47,4,4,4_1_1,CiliatedEpi
I-898,all,187,71,1511,4739,16,56911,0,0,0,0,0,I,34,Ciliated cell,50,31,4,4,4_1_1,CiliatedEpi
I-899,all,101,56,1104,4017,21,40413,0,0,0,0,0,I,23,Endothelial progenitor cell,69,52,4,4,4_1_1,CiliatedEpi
I-900,all,257,92,667,3915,22,109331,0,0,0,0,0,I,67,Alveolar fibroblast 1,47,29,4,4,4_1_1,ClubEpi
I-901,all,23,16,1016,4081,27,65115,0,0,0,0,0,I,5,Capillary 1 cell,42,17,3,3,3_2,SMC
I-903,all,72,34,547,5402,30,69896,0,0,0,0,0,I,8,Inflammatory monocyte,53,34,1,1,1_2_3,Tcell (CD4)
I-906,all,92,44,498,5268,17,86555,0,0,0,0,0,I,13,Alveolar fibroblast 1,60,44,1,1,1_5_2,AlveolarFib
I-909,all,57,28,1020,4453,16,23748,0,0,0,0,0,I,11,Innate lymphoid cell,50,28,4,4,4_1_3,CiliatedEpi
I-910,all,76,29,1194,4947,36,64042,0,0,0,0,0,I,14,Alveolar fibroblast 1,53,30,1,1,1_5_1,LymphaticEndo
I-911,all,58,28,635,5239,31,41321,0,0,0,0,0,I,6,Inflammatory monocyte,54,28,1,1,1_2_3,Tcell (CD4)
I-913,all,407,121,444,4938,26,112046,0,0,0,0,0,I,106,Venous endothelial cell,46,31,4,4,4_1_1,ClubEpi
I-914,all,205,85,245,3918,19,64185,0,0,0,0,0,I,40,Arterial endothelial cell,53,41,4,4,4_1_1,CiliatedEpi
I-916,all,106,37,674,5370,28,85190,0,0,0,0,0,I,11,Inflammatory monocyte,64,34,1,1,1_2_3,Tcell (CD4)
I-917,all,132,56,1577,4908,12,49842,0,0,0,0,0,I,28,Secretory cell,42,20,4,4,4_1_1,ClubEpi
I-920,all,240,84,955,4192,30,87166,0,0,0,0,0,I,35,Capillary 1 cell,49,29,4,4,4_1_1,CiliatedEpi
I-926,all,62,28,676,4957,21,53452,0,0,0,0,0,I,4,Inflammatory monocyte,54,28,1,1,1_2_3,Tcell (CD4)
I-927,all,172,53,1135,4528,18,146090,0,0,0,0,0,I,47,Inflammatory monocyte,48,24,4,4,4_1_1,CiliatedEpi
I-929,all,61,30,1693,5339,20,53017,0,0,0,0,0,I,24,Inflammatory monocyte,53,30,4,4,4_1_1,CiliatedEpi
I-930,all,111,46,294,5360,22,61267,0,0,0,0,0,I,4,Alveolar macrophage,47,26,2,2,2_5,DC
I-943,all,191,74,645,4913,19,64326,0,0,0,0,0,I,55,Inflammatory monocyte,43,24,4,4,4_1_1,CiliatedEpi
I-945,all,145,62,439,3849,13,46374,0,0,0,0,0,I,34,Venous endothelial cell,42,25,4,4,4_1_1,CiliatedEpi
I-949,all,194,85,48,3950,23,63058,0,0,0,0,0,I,36,Endothelial progenitor cell,46,31,4,4,4_1_1,CiliatedEpi
I-952,all,24,15,1072,4261,9,46465,0,0,0,0,0,I,7,Inflammatory monocyte,39,15,1,1,1_2_3,Tcell (CD4)
I-955,all,83,43,939,4775,30,63083,0,0,0,0,0,I,2,Alveolar macrophage,57,43,1,1,1_5_2,AlveolarFib
I-960,all,103,63,1348,4552,40,30711,0,0,0,0,0,I,14,B cell,64,56,7,7,7_3,Tcell (CD8)
I-964,all,75,35,1015,5272,17,74854,0,0,0,0,0,I,16,Inflammatory monocyte,56,35,1,1,1_2_3,Tcell (CD4)
I-965,all,166,80,1224,4444,36,72243,0,0,0,0,0,I,18,Ciliated cell,45,33,4,4,4_1_1,CiliatedEpi
I-970,all,41,22,1171,5359,16,72072,0,0,0,0,0,I,7,CD4+ T cell,43,22,1,1,1_2_1,Tcell (CD4)
I-979,all,355,114,97,3947,21,134177,0,0,0,0,0,I,56,Endothelial progenitor cell,47,36,4,4,4_1_1,CiliatedEpi
I-980,all,19,15,946,3842,35,22069,0,0,0,0,0,I,2,T regulatory cell,38,16,1,1,1_6_2,Neutrophil
I-981,all,80,40,1279,4666,22,48098,0,0,0,0,0,I,33,Inflammatory monocyte,58,40,4,4,4_1_1,CiliatedEpi
I-984,all,108,48,1719,5368,33,32386,0,0,0,0,0,I,26,Ciliated cell,65,47,4,4,4_1_1,CiliatedEpi
I-985,all,156,56,1691,5404,12,51662,0,0,0,0,0,I,54,Arterial endothelial cell,51,26,4,4,4_1_1,ClubEpi
I-987,all,276,92,1001,4215,18,87990,0,0,0,0,0,I,54,Venous endothelial cell,48,33,4,4,4_1_1,ClubEpi
I-989,all,110,47,930,4839,25,114616,0,0,0,0,0,I,15,Inflammatory monocyte,46,27,1,1,1_4_1,AlveolarFib
I-994,all,83,37,381,5078,20,76124,0,0,0,0,0,I,7,Inflammatory monocyte,58,37,1,1,1_2_3,Tcell (CD4)
I-996,all,100,43,562,5251,26,76296,0,0,0,0,0,I,7,Inflammatory monocyte,61,39,1,1,1_2_3,Tcell (CD4)
I-999,all,64,32,34,5197,33,61737,0,0,0,0,0,I,5,Alveolar macrophage,56,33,1,1,1_4_1,AlveolarFib
I-1000,all,116,44,532,5553,25,83434,0,0,0,0,0,I,22,Classical DC subset 2,50,25,1,1,1_2_3,Tcell (CD4)
I-1001,all,162,69,623,3886,20,84476,0,0,0,0,0,I,44,Secretory cell,48,32,4,4,4_1_1,ClubEpi
I-1004,all,23,16,1026,4273,24,43415,0,0,0,0,0,I,2,Sox9+/Id2+ epithelial cell,41,16,1,1,1_3,AT2
I-1006,all,109,43,1031,4335,20,67500,0,0,0,0,0,I,12,Vascular smooth muscle cell,61,31,7,7,7_3,Tcell (CD8)
I-1015,all,163,53,629,5562,18,99114,0,0,0,0,0,I,18,Inflammatory monocyte,47,27,1,1,1_2_1,Tcell (CD4)
I-1017,all,357,115,227,5050,15,98458,0,0,0,0,0,I,123,Arterial endothelial cell,48,27,4,4,4_1_1,ClubEpi
I-1025,all,42,32,1069,3958,29,36262,0,0,0,0,0,I,7,B cell,43,32,9,9,9,Bcell
I-1026,all,86,43,1055,4344,11,57589,0,0,0,0,0,I,11,B cell,60,42,7,7,7_3,Tcell (CD8)
I-1027,all,43,20,342,5070,35,33542,0,0,0,0,0,I,3,Alveolar macrophage,44,20,6,6,6,AT1
I-1029,all,251,79,1717,5317,32,63814,0,0,0,0,0,I,65,Venous endothelial cell,53,33,4,4,4_1_1,ClubEpi
I-1032,all,162,59,1086,3992,25,63673,0,0,0,0,0,I,20,Arterial endothelial cell,51,29,9,9,9,Bcell
I-1033,all,29,19,944,4806,10,17912,0,0,0,0,0,I,5,Alveolar macrophage,37,19,6,6,6,AT1
I-1034,all,58,30,718,5373,18,73034,0,0,0,0,0,I,4,Alveolar fibroblast 1,56,31,1,1,1_4_1,AlveolarFib
I-1036,all,120,67,713,4861,29,63011,0,0,0,0,0,I,34,Venous endothelial cell,58,48,4,4,4_1_1,CiliatedEpi
I-1038,all,136,65,205,3904,26,60800,0,0,0,0,0,I,25,Alveolar fibroblast 1,45,28,4,4,4_1_1,ClubEpi
I-1039,all,25,19,1018,4299,26,40396,0,0,0,0,0,I,3,Ciliated cell,44,18,4,4,4_1_3,CiliatedEpi
I-1041,all,134,63,1053,4438,20,87212,0,0,0,0,0,I,29,Arterial endothelial cell,38,20,4,4,4_1_3,CiliatedEpi
I-1042,all,124,53,985,4459,30,74377,0,0,0,0,0,I,16,Venous endothelial cell,51,29,4,4,4_1_3,CiliatedEpi
I-1046,all,84,27,688,5283,21,120211,0,0,0,0,0,I,14,Inflammatory monocyte,58,27,1,1,1_2_3,Tcell (CD4)
I-1048,all,29,20,31,3929,25,22568,0,0,0,0,0,I,5,Endothelial progenitor cell,37,21,4,4,4_1_1,CiliatedEpi
I-1050,all,56,25,1103,4623,25,93777,0,0,0,0,0,I,17,Alveolar macrophage,52,26,3,3,3_2,SMC
I-1051,all,215,83,1745,5586,25,85030,0,0,0,0,0,I,47,Arterial endothelial cell,56,40,4,4,4_1_1,ClubEpi
I-1057,all,167,65,930,4571,31,60386,0,0,0,0,0,I,25,Arterial endothelial cell,53,33,4,4,4_1_1,ClubEpi
I-1058,all,217,95,342,3868,20,65619,0,0,0,0,0,I,34,Ciliated cell,48,38,4,4,4_1_1,CiliatedEpi
I-1066,all,263,99,585,4908,21,91284,0,0,0,0,0,I,69,Ciliated cell,44,29,4,4,4_1_1,CiliatedEpi
I-1067,all,29,13,853,5524,8,39863,0,0,0,0,0,I,4,B cell,39,13,9,9,9,Bcell
I-1068,all,88,45,1247,4649,19,31604,0,0,0,0,0,I,25,B cell,63,45,4,4,4_1_1,CiliatedEpi
I-1071,all,54,36,982,4663,20,33591,0,0,0,0,0,I,16,Ciliated cell,45,35,4,4,4_1_1,CiliatedEpi
I-1072,all,104,55,1772,5623,12,30745,0,0,0,0,0,I,37,Ciliated cell,66,50,4,4,4_1_1,CiliatedEpi
I-1074,all,35,20,1600,5126,20,25525,0,0,0,0,0,I,8,Alveolar type 1 cell,41,21,1,1,1_4_1,AlveolarFib
I-1076,all,90,48,1365,4698,18,46958,0,0,0,0,0,I,19,Capillary 1 cell,62,47,4,4,4_1_1,CiliatedEpi
I-1077,all,176,70,1104,4135,24,111479,0,0,0,0,0,I,34,Endothelial progenitor cell,50,31,4,4,4_1_1,CiliatedEpi
I-1078,all,98,41,839,5359,17,80296,0,0,0,0,0,I,6,Inflammatory monocyte,58,38,2,2,2_2,InflamMac
I-1080,all,85,31,981,3833,20,59006,0,0,0,0,0,I,7,Inflammatory monocyte,58,31,3,3,3_3,AdventitialFib
I-1085,all,80,41,890,4008,14,29939,0,0,0,0,0,I,19,Arterial endothelial cell,59,41,4,4,4_1_1,ClubEpi
I-1089,all,92,47,1160,4353,32,67615,0,0,0,0,0,I,10,Capillary 1 cell,62,46,4,4,4_1_3,ClubEpi
I-1092,all,47,18,808,5195,32,26663,0,0,0,0,0,I,9,Inflammatory monocyte,49,20,2,2,2_5,DC
I-1094,all,90,35,1554,5016,24,72040,0,0,0,0,0,I,14,Alveolar macrophage,57,34,1,1,1_2_3,Tcell (CD4)
I-1097,all,178,70,1181,4570,24,102131,0,0,0,0,0,I,40,Alveolar type 2 cell,45,28,4,4,4_1_1,CiliatedEpi
I-1098,all,88,52,1748,5653,31,61238,0,0,0,0,0,I,12,Alveolar type 2 cell,63,52,8,8,8_2,InterstitialMac
I-1100,all,131,37,914,5480,23,99669,0,0,0,0,0,I,3,Alveolar type 1 cell,47,17,1,1,1_5_2,AlveolarFib
I-1101,all,173,83,505,3911,34,37276,0,0,0,0,0,I,33,Ciliated cell,47,33,4,4,4_1_1,CiliatedEpi
I-1105,all,90,38,1036,4769,14,48085,0,0,0,0,0,I,6,Alveolar type 1 cell,60,38,1,1,1_2_3,Tcell (CD4)
I-1106,all,71,29,1019,4592,16,56264,0,0,0,0,0,I,18,Inflammatory monocyte,53,30,3,3,3_1,SMC
I-1111,all,35,21,1430,5153,15,81812,0,0,0,0,0,I,10,Inflammatory monocyte,40,21,9,9,9,Bcell
I-1113,all,196,75,935,4096,28,93920,0,0,0,0,0,I,22,CD8+ T cell,53,35,4,4,4_1_1,CiliatedEpi
I-1118,all,112,56,1735,5409,34,37433,0,0,0,0,0,I,22,Arterial endothelial cell,57,42,4,4,4_1_1,CiliatedEpi
I-1119,all,31,16,1404,5184,14,23996,0,0,0,0,0,I,2,Alveolar type 1 cell,39,16,6,6,6,AT1
I-1120,all,126,65,171,3913,25,65643,0,0,0,0,0,I,18,Capillary 1 cell,43,31,1,1,1_2_1,Tcell (CD4)
I-1121,all,17,8,1054,5323,5,9053,0,0,0,0,0,I,8,Alveolar macrophage,34,8,1,1,1_2_3,Tcell (CD4)
I-1125,all,40,31,5,5127,33,18958,0,0,0,0,0,I,10,Endothelial progenitor cell,44,33,2,2,2_5,DC
I-1128,all,44,21,873,4935,36,44621,0,0,0,0,0,I,9,Alveolar macrophage,44,21,1,1,1_2_3,Tcell (CD4)
I-1129,all,25,22,68,3915,27,46507,0,0,0,0,0,I,5,Ciliated cell,47,22,7,7,7_3,Tcell (CD8)
I-1130,all,211,90,758,4738,32,41565,0,0,0,0,0,I,24,Mesothelial cell,51,40,1,1,1_6_2,Neutrophil
I-1132,all,29,19,388,5035,20,46759,0,0,0,0,0,I,5,Alveolar macrophage,37,19,1,1,1_2_3,Tcell (CD4)
I-1133,all,222,75,1602,4865,21,92936,0,0,0,0,0,I,51,Inflammatory monocyte,53,36,4,4,4_1_1,CiliatedEpi
I-1136,all,39,30,25,3968,37,14216,0,0,0,0,0,I,7,Arterial endothelial cell,42,31,2,2,2_4,Artery
I-1137,all,143,48,733,5086,31,98355,0,0,0,0,0,I,22,Inflammatory monocyte,51,31,1,1,1_2_1,Tcell (CD4)
I-1139,all,121,51,606,4950,17,58998,0,0,0,0,0,I,41,Inflammatory monocyte,69,49,4,4,4_1_2,CiliatedEpi
I-1144,all,111,54,1660,5137,23,41691,0,0,0,0,0,I,27,Capillary 1 cell,60,42,4,4,4_1_1,CiliatedEpi
I-1145,all,14,10,949,4015,30,35501,0,0,0,0,0,I,2,Alveolar macrophage,30,10,1,1,1_2_3,Tcell (CD4)
I-1146,all,47,36,765,3982,40,12523,0,0,0,0,0,I,3,Innate lymphoid cell,48,37,1,1,1_6_2,Neutrophil
I-1147,all,272,104,48,5109,25,121305,0,0,0,0,0,I,53,Secretory cell,48,38,4,4,4_1_1,ClubEpi
I-1151,all,306,110,143,3936,24,91571,0,0,0,0,0,I,73,Venous endothelial cell,47,36,4,4,4_1_1,CiliatedEpi
I-1152,all,174,73,739,3953,27,78933,0,0,0,0,0,I,17,Endothelial progenitor cell,44,25,4,4,4_1_1,CiliatedEpi
I-1156,all,356,108,568,3902,26,124977,0,0,0,0,0,I,60,Endothelial progenitor cell,46,30,4,4,4_1_1,CiliatedEpi
I-1159,all,45,33,1295,4540,37,17416,0,0,0,0,0,I,4,Capillary 1 cell,45,33,7,7,7_3,Tcell (CD8)
I-1165,all,75,37,983,4251,31,71026,0,0,0,0,0,I,14,Inflammatory monocyte,59,37,4,4,4_1_1,CiliatedEpi
I-1167,all,247,97,1680,5072,30,86430,0,0,0,0,0,I,59,Arterial endothelial cell,53,41,4,4,4_1_1,CiliatedEpi
I-1169,all,303,107,394,4992,25,131573,0,0,0,0,0,I,77,Arterial endothelial cell,48,36,4,4,4_1_1,CiliatedEpi
I-1170,all,67,33,1665,5265,25,55787,0,0,0,0,0,I,23,Inflammatory monocyte,55,33,4,4,4_1_1,CiliatedEpi
I-1172,all,67,41,950,4500,35,38987,0,0,0,0,0,I,7,Ciliated cell,60,41,7,7,7_3,Tcell (CD8)
I-1174,all,47,33,984,4314,37,30015,0,0,0,0,0,I,6,Alveolar macrophage,47,33,1,1,1_3,AT2
I-1177,all,10,10,924,4517,41,10481,0,0,0,0,0,I,2,Arterial endothelial cell,29,11,2,2,2_4,Artery
I-1179,all,130,55,1232,4621,26,67130,0,0,0,0,0,I,36,Secretory cell,45,25,4,4,4_1_1,ClubEpi
I-1182,all,33,27,4,3952,34,14802,0,0,0,0,0,I,3,Ciliated cell,37,27,7,7,7_3,Tcell (CD8)
I-1186,all,15,8,1137,4724,40,9274,0,0,0,0,0,I,2,CD4+ T cell,34,8,1,1,1_2_1,Tcell (CD4)
I-1191,all,112,53,1677,5185,27,42270,0,0,0,0,0,I,22,Ciliated cell,63,45,4,4,4_1_1,CiliatedEpi
I-1200,all,31,18,731,5289,33,25094,0,0,0,0,0,I,3,Alveolar macrophage,40,18,1,1,1_2_3,Tcell (CD4)
I-1206,all,20,15,669,5324,31,22537,0,0,0,0,0,I,2,CD4+ T cell,39,15,1,1,1_2_1,Tcell (CD4)
I-1207,all,30,14,1152,4748,37,14923,0,0,0,0,0,I,6,Inflammatory monocyte,41,14,1,1,1_2_1,Tcell (CD4)
I-1212,all,146,33,1703,5994,38,41765,0,0,0,0,0,I,108,Secretory cell,53,15,4,4,4_2,ClubEpi
I-1214,all,90,49,429,5672,18,80022,0,0,0,0,0,I,13,Inflammatory monocyte,64,47,9,9,9,Bcell
I-1215,all,87,38,1333,6400,12,85231,0,0,0,0,0,I,9,CD4+ T cell,58,37,7,7,7_2,PatrolMac
I-1216,all,114,23,1747,5729,23,65430,0,0,0,0,0,I,84,Capillary 1 cell,49,23,4,4,4_2,CiliatedEpi
I-1217,all,145,47,1244,6873,27,85533,0,0,0,0,0,I,48,Alveolar macrophage,53,26,8,8,8_1,AlveolarMac
I-1219,all,211,57,1721,6053,32,66790,0,0,0,0,0,I,134,Ciliated cell,51,18,4,4,4_2,ClubEpi
I-1220,all,42,17,260,7066,8,56133,0,0,0,0,0,I,3,Neutrophil,44,17,1,1,1_6_2,Neutrophil
I-1221,all,66,26,1735,5820,34,42318,0,0,0,0,0,I,33,Ciliated cell,57,26,4,4,4_1_2,ClubEpi
I-1222,all,80,38,592,6209,23,113267,0,0,0,0,0,I,14,Alveolar macrophage,58,38,1,1,1_5_2,AlveolarFib
I-1223,all,121,36,36,6784,19,70803,0,0,0,0,0,I,9,B cell,46,17,7,7,7_3,Tcell (CD8)
I-1225,all,103,31,70,6871,18,76068,0,0,0,0,0,I,47,Alveolar fibroblast 1,58,29,1,1,1_5_1,LymphaticEndo
I-1228,all,71,32,1552,6776,23,65728,0,0,0,0,0,I,13,Inflammatory monocyte,54,32,9,9,9,Bcell
I-1229,all,71,36,57,5900,12,38966,0,0,0,0,0,I,5,Basophil,57,36,7,7,7_4,PatrolMac
I-1230,all,43,21,109,7240,23,49404,0,0,0,0,0,I,7,Venous endothelial cell,43,21,1,1,1_5_1,LymphaticEndo
I-1231,all,47,20,621,6581,15,40066,0,0,0,0,0,I,12,B cell,46,20,9,9,9,Bcell
I-1232,all,92,28,1690,5948,30,49128,0,0,0,0,0,I,59,Capillary 1 cell,44,28,4,4,4_2,CiliatedEpi
I-1233,all,11,6,104,7488,10,17813,0,0,0,0,0,I,7,Alveolar type 1 cell,32,7,2,2,2_2,InflamMac
I-1234,all,41,29,1630,5972,31,55210,0,0,0,0,0,I,6,Pericyte,41,29,5,5,5_1,Pericyte
I-1235,all,72,28,365,7430,24,81121,0,0,0,0,0,I,9,Capillary 1 cell,54,28,6,6,6,AT1
I-1236,all,308,41,1797,6216,17,63987,0,0,0,0,0,I,235,Ciliated cell,63,40,4,4,4_2,CiliatedEpi
I-1237,all,76,37,217,7495,28,74031,0,0,0,0,0,I,12,Alveolar fibroblast 1,55,37,2,2,2_6,pDC
I-1239,all,37,18,607,7452,14,41148,0,0,0,0,0,I,7,Inflammatory monocyte,43,18,3,3,3_2,SMC
I-1241,all,43,14,224,7120,7,32940,51,0,51,0,1,I,18,Alveolar fibroblast 1,45,15,2,2,2_4,Artery
I-1242,all,68,32,1355,6016,36,56619,0,0,0,0,0,I,22,Alveolar fibroblast 1,55,32,1,1,1_5_1,LymphaticEndo
I-1243,all,199,51,1779,5764,24,84960,0,0,0,0,0,I,112,Ciliated cell,55,22,4,4,4_2,ClubEpi
I-1245,all,53,31,927,5819,36,59266,0,0,0,0,0,I,6,CD4+ T cell,55,32,1,1,1_4_1,AlveolarFib
I-1246,all,109,51,97,5811,23,90875,0,0,0,0,0,I,6,Inflammatory monocyte,57,37,7,7,7_2,PatrolMac
I-1247,all,97,40,1447,5897,26,104996,0,0,0,0,0,I,12,Alveolar macrophage,61,39,8,8,8_1,AlveolarMac
I-1248,all,127,48,280,6281,24,113173,0,0,0,0,0,I,4,CD8+ T cell,45,27,2,2,2_2,InflamMac
I-1249,all,137,33,1784,5868,13,33377,0,0,0,0,0,I,57,Ciliated cell,54,21,4,4,4_1_2,ClubEpi
I-1253,all,27,17,67,7072,11,37385,0,0,0,0,0,I,4,Alveolar type 1 cell,43,17,1,1,1_5_2,AlveolarFib
I-1254,all,60,27,362,7116,9,57865,0,0,0,0,0,I,22,Sox9+/Id2+ epithelial cell,57,28,2,2,2_2,InflamMac
I-1255,all,50,18,1357,6315,5,32259,0,0,0,0,0,I,17,Alveolar fibroblast 1,50,19,1,1,1_4_3,AlveolarFib
I-1256,all,34,22,359,5862,36,30037,0,0,0,0,0,I,8,Alveolar type 2 cell,43,22,2,2,2_1,Capillary
I-1258,all,56,28,887,5834,33,63926,0,0,0,0,0,I,20,Pericyte,54,28,5,5,5_3,Pericyte
I-1259,all,160,34,1771,6061,19,46526,0,0,0,0,0,I,102,Ciliated cell,57,33,4,4,4_2,CiliatedEpi
I-1263,all,85,28,1500,6845,15,95046,0,0,0,0,0,I,38,Alveolar type 2 cell,58,29,1,1,1_4_3,AlveolarFib
I-1264,all,23,7,1640,6509,39,17221,0,0,0,0,0,I,17,Sox9+/Id2+ epithelial cell,45,7,1,1,1_1,AT2
I-1265,all,208,40,1728,6107,36,48123,0,0,0,0,0,I,136,Ciliated cell,61,39,4,4,4_2,CiliatedEpi
I-1266,all,41,17,119,7458,11,31907,0,0,0,0,0,I,8,Natural killer cell,49,18,2,2,2_2,InflamMac
I-1267,all,16,9,1614,6550,29,13445,0,0,0,0,0,I,5,Megakaryocyte/Platelet,34,10,1,1,1_4_3,AlveolarFib
I-1269,all,46,16,772,7430,15,69758,0,0,0,0,0,I,10,Inflammatory monocyte,47,17,2,2,2_2,InflamMac
I-1270,all,23,16,727,5783,12,41118,0,0,0,0,0,I,7,Alveolar macrophage,43,16,1,1,1_4_1,AlveolarFib
I-1272,all,49,24,657,6667,36,57384,0,0,0,0,0,I,3,Endothelial progenitor cell,53,25,1,1,1_6_2,Neutrophil
I-1274,all,106,40,1576,7044,26,79140,0,0,0,0,0,I,25,Interstitial macrophage,61,34,3,3,3_1,SMC
I-1278,all,18,14,390,7473,38,25619,0,0,0,0,0,I,2,Endothelial progenitor cell,42,15,1,1,1_5_2,AlveolarFib
I-1279,all,114,46,1155,6195,17,108740,0,0,0,0,0,I,12,Innate lymphoid cell,45,26,1,1,1_4_3,AlveolarFib
I-1280,all,34,19,397,7512,37,42209,0,0,0,0,0,I,5,Capillary 2 cell,44,19,1,1,1_3,AT2
I-1281,all,42,23,30,7084,10,51614,0,0,0,0,0,I,4,Capillary 2 cell,43,23,2,2,2_6,pDC
I-1282,all,151,37,1794,5807,12,37389,0,0,0,0,0,I,68,Secretory cell,53,18,4,4,4_1_2,ClubEpi
I-1283,all,155,40,1345,6183,29,92382,0,0,0,0,0,I,11,Alveolar type 1 cell,44,13,6,6,6,AT1
I-1284,all,70,37,1758,5842,25,45478,0,0,0,0,0,I,27,Secretory cell,60,37,4,4,4_1_1,ClubEpi
I-1285,all,105,36,41,6725,21,129944,0,0,0,0,0,I,15,B cell,62,33,9,9,9,Bcell
I-1287,all,39,21,1526,6010,29,51390,0,0,0,0,0,I,9,Capillary 2 cell,43,20,2,2,2_1,Capillary
I-1289,all,44,24,669,6545,36,43478,0,0,0,0,0,I,2,Natural killer cell,45,25,2,2,2_2,InflamMac
I-1290,all,37,20,993,6811,16,33265,0,0,0,0,0,I,3,Endothelial progenitor cell,42,19,2,2,2_1,Capillary
I-1292,all,48,23,913,7236,33,33568,0,0,0,0,0,I,17,B cell,51,24,2,2,2_2,InflamMac
I-1294,all,97,23,1522,6599,23,62577,0,0,0,0,0,I,63,Inflammatory monocyte,56,21,1,1,1_1,AT2
I-1295,all,136,27,1332,6225,13,62401,0,0,0,0,0,I,14,Alveolar type 1 cell,46,11,6,6,6,AT1
I-1296,all,48,28,1052,6103,38,38673,0,0,0,0,0,I,2,Sox9+/Id2+ epithelial cell,49,29,2,2,2_2,InflamMac
I-1298,all,25,16,756,7475,29,41501,0,0,0,0,0,I,2,Endothelial progenitor cell,45,16,5,5,5_3,Pericyte
I-1299,all,47,24,1476,6065,33,32914,0,0,0,0,0,I,4,Alveolar type 1 cell,47,24,6,6,6,AT1
I-1300,all,57,29,32,5878,11,42554,0,0,0,0,0,I,5,B cell,54,29,9,9,9,Bcell
I-1301,all,12,9,833,7140,15,18333,0,0,0,0,0,I,2,Alveolar fibroblast 1,30,10,1,1,1_5_2,AlveolarFib
I-1303,all,47,21,1633,5908,27,39744,0,0,0,0,0,I,2,Capillary 1 cell,47,21,2,2,2_1,Capillary
I-1304,all,21,15,1625,5886,24,31759,0,0,0,0,0,I,5,Secretory cell,43,16,2,2,2_1,Capillary
I-1306,all,38,20,80,7465,16,47956,0,0,0,0,0,I,11,Alveolar type 1 cell,45,20,6,6,6,AT1
I-1307,all,41,12,644,7049,19,40068,0,0,0,0,0,I,27,Alveolar fibroblast 1,45,13,3,3,3_1,SMC
I-1308,all,44,20,1160,6304,27,80125,0,0,0,0,0,I,13,B cell,45,20,9,9,9,Bcell
I-1310,all,27,16,1567,6950,13,52820,0,0,0,0,0,I,8,Mature DC subset,39,15,2,2,2_1,Capillary
I-1311,all,79,41,1642,6113,30,67020,0,0,0,0,0,I,16,Alveolar fibroblast 2,60,41,2,2,2_6,pDC
I-1313,all,6,6,975,5728,37,19137,0,0,0,0,0,I,2,Alveolar type 1 cell,23,10,1,1,1_4_1,AlveolarFib
I-1316,all,67,24,215,6351,36,61079,0,0,0,0,0,I,7,CD4+ T cell,55,25,1,1,1_4_1,AlveolarFib
I-1317,all,173,50,336,6092,19,100873,0,0,0,0,0,I,26,Alveolar type 1 cell,51,25,6,6,6,AT1
I-1318,all,189,47,1738,6333,23,109214,0,0,0,0,0,I,122,B cell,58,46,4,4,4_2,CiliatedEpi
I-1320,all,175,43,1795,5686,19,43249,0,0,0,0,0,I,84,Secretory cell,53,18,4,4,4_1_2,ClubEpi
I-1324,all,132,51,811,6184,23,97867,60,0,60,0,1,I,17,Innate lymphoid cell,45,29,7,7,7_2,PatrolMac
I-1326,all,26,9,1442,5994,17,42676,0,0,0,0,0,I,7,B cell,42,10,1,1,1_4_3,AlveolarFib
I-1327,all,10,4,899,7181,36,22180,0,0,0,0,0,I,2,Alveolar fibroblast 1,29,5,1,1,1_4_3,AlveolarFib
I-1329,all,31,16,1575,6633,13,29894,0,0,0,0,0,I,6,Alveolar type 1 cell,44,18,2,2,2_5,DC
I-1332,all,98,31,710,7251,18,83467,0,0,0,0,0,I,48,Classical DC subset 2,58,29,1,1,1_4_3,AlveolarFib
I-1333,all,354,42,1780,6156,17,71252,0,0,0,0,0,I,300,Secretory cell,57,10,4,4,4_2,ClubEpi
I-1334,all,156,44,1780,5717,22,81028,0,0,0,0,0,I,85,Ciliated cell,49,17,4,4,4_2,ClubEpi
I-1336,all,10,8,1602,6363,17,14100,0,0,0,0,0,I,2,Alveolar macrophage,27,8,8,8,8_1,AlveolarMac
I-1337,all,18,8,1580,6265,8,14067,0,0,0,0,0,I,9,Sox9+/Id2+ epithelial cell,38,8,8,8,8_3,InterstitialMac
I-1341,all,21,11,1005,6946,9,19481,0,0,0,0,0,I,3,Endothelial progenitor cell,43,12,2,2,2_1,Capillary
I-1345,all,24,20,42,5824,39,35797,0,0,0,0,0,I,4,Alveolar fibroblast 1,48,20,1,1,1_5_1,LymphaticEndo
I-1347,all,61,30,844,6275,27,51340,0,0,0,0,0,I,9,Proliferative mesenchymal progenitor cell,56,31,2,2,2_2,InflamMac
I-1348,all,38,23,1401,6258,23,44119,0,0,0,0,0,I,10,Alveolar fibroblast 1,41,24,2,2,2_4,Artery
I-1350,all,287,69,1756,6006,21,112093,0,0,0,0,0,I,134,Secretory cell,53,26,4,4,4_1_2,ClubEpi
I-1351,all,96,44,1314,6469,26,77222,0,0,0,0,0,I,38,Pericyte,62,43,5,5,5_3,Pericyte
I-1352,all,16,8,1690,5854,35,11244,0,0,0,0,0,I,10,Secondary crest myofibroblast,34,9,3,3,3_1,SMC
I-1353,all,59,34,1694,5918,24,88595,0,0,0,0,0,I,20,Ciliated cell,53,34,4,4,4_1_2,CiliatedEpi
I-1355,all,16,3,1493,6246,17,5103,0,0,0,0,0,I,8,Sox9+/Id2+ epithelial cell,37,3,1,1,1_1,AT2
I-1356,all,100,15,770,7221,23,37801,0,0,0,0,0,I,84,Alveolar type 2 cell,56,15,1,1,1_1,AT2
I-1357,all,60,30,45,7291,15,78897,0,0,0,0,0,I,13,B cell,57,30,9,9,9,Bcell
I-1360,all,33,13,1519,6187,10,39407,0,0,0,0,0,I,2,B cell,43,13,9,9,9,Bcell
I-1361,all,122,50,1727,5886,31,46044,0,0,0,0,0,I,28,Secretory cell,46,24,4,4,4_1_1,ClubEpi
I-1362,all,41,21,882,7212,36,26306,0,0,0,0,0,I,12,CD4+ T cell,44,22,1,1,1_4_1,AlveolarFib
I-1363,all,22,15,565,6175,39,19439,0,0,0,0,0,I,9,Alveolar fibroblast 1,44,16,3,3,3_2,SMC
I-1364,all,28,16,1134,6058,22,40777,0,0,0,0,0,I,5,Pericyte,43,16,5,5,5_3,Pericyte
I-1366,all,23,11,541,6019,39,23251,0,0,0,0,0,I,2,Alveolar fibroblast 1,41,11,1,1,1_5_2,AlveolarFib
I-1367,all,70,33,1583,6791,18,52872,0,0,0,0,0,I,10,B cell,54,33,9,9,9,Bcell
I-1368,all,99,37,1451,6535,16,81384,0,0,0,0,0,I,24,Alveolar macrophage,59,35,1,1,1_2_3,Tcell (CD4)
I-1369,all,55,22,365,7377,38,65834,0,0,0,0,0,I,6,Alveolar fibroblast 1,53,23,3,3,3_1,SMC
I-1370,all,48,23,536,6375,24,35106,0,0,0,0,0,I,3,Alveolar macrophage,49,24,3,3,3_2,SMC
I-1371,all,109,43,71,6662,15,72339,0,0,0,0,0,I,9,Sox9+/Id2+ epithelial cell,51,27,2,2,2_2,InflamMac
I-1373,all,73,37,1228,6209,32,83140,0,0,0,0,0,I,28,Pericyte,53,37,1,1,1_4_1,AlveolarFib
I-1376,all,298,66,1798,5929,16,79156,0,0,0,0,0,I,116,Ciliated cell,54,23,4,4,4_1_2,ClubEpi
I-1377,all,17,7,1613,6508,15,15885,0,0,0,0,0,I,8,Pericyte,33,7,5,5,5_3,Pericyte
I-1379,all,24,9,1082,6705,10,19743,0,0,0,0,0,I,13,Inflammatory monocyte,44,9,1,1,1_1,AT2
I-1383,all,46,23,588,7484,16,54459,0,0,0,0,0,I,4,Alveolar fibroblast 1,49,24,1,1,1_4_1,AlveolarFib
I-1384,all,57,29,1033,6796,16,71032,0,0,0,0,0,I,27,Pericyte,53,29,5,5,5_1,Pericyte
I-1385,all,215,50,1776,6256,23,63447,0,0,0,0,0,I,147,Ciliated cell,62,41,4,4,4_2,CiliatedEpi
I-1386,all,29,16,1638,6987,31,35115,0,0,0,0,0,I,13,Alveolar fibroblast 1,43,17,3,3,3_5,SMC
I-1387,all,46,12,981,7029,15,40605,0,0,0,0,0,I,4,Innate lymphoid cell,50,14,2,2,2_5,DC
I-1389,all,33,18,178,7215,17,57730,0,0,0,0,0,I,8,Neutrophil,41,19,1,1,1_4_1,AlveolarFib
I-1390,all,122,44,1282,6905,17,84568,0,0,0,0,0,I,8,Sox9+/Id2+ epithelial cell,42,20,1,1,1_4_1,AlveolarFib
I-1393,all,27,18,546,6967,14,32499,0,0,0,0,0,I,8,Arterial endothelial cell,41,19,1,1,1_4_1,AlveolarFib
I-1394,all,156,19,669,6924,18,53595,0,0,0,0,0,I,137,Alveolar type 2 cell,51,11,1,1,1_1,AT2
I-1396,all,264,40,1775,6297,15,56907,0,0,0,0,0,I,194,Secretory cell,55,11,4,4,4_2,ClubEpi
I-1398,all,319,69,1772,5960,23,84126,0,0,0,0,0,I,139,Ciliated cell,54,22,4,4,4_2,ClubEpi
I-1399,all,93,31,893,7265,22,57689,0,0,0,0,0,I,53,Alveolar fibroblast 1,56,29,2,2,2_6,pDC
I-1400,all,41,18,1741,6252,21,39682,0,0,0,0,0,I,27,Ciliated cell,44,18,4,4,4_2,ClubEpi
I-1401,all,14,10,417,5730,20,23896,0,0,0,0,0,I,2,Natural killer cell,32,11,2,2,2_2,InflamMac
I-1403,all,20,8,474,7405,39,29482,0,0,0,0,0,I,5,Alveolar fibroblast 1,39,9,3,3,3_2,SMC
I-1404,all,54,25,752,5811,13,67861,0,0,0,0,0,I,11,B cell,52,25,2,2,2_1,Capillary
I-1405,all,58,20,546,7009,15,47697,0,0,0,0,0,I,4,Capillary 1 cell,52,20,8,8,8_1,AlveolarMac
I-1406,all,82,35,1640,6379,22,57100,0,0,0,0,0,I,9,Sox9+/Id2+ epithelial cell,62,36,1,1,1_4_1,AlveolarFib
I-1408,all,75,26,805,7165,18,76657,0,0,0,0,0,I,20,B cell,52,27,1,1,1_4_1,AlveolarFib
I-1409,all,22,12,1644,5814,13,32638,0,0,0,0,0,I,6,Alveolar fibroblast 1,39,13,2,2,2_4,Artery
I-1410,all,81,33,149,7203,30,88767,235,183,52,0.7787234,0.2212766,I,19,Alveolar fibroblast 1,56,33,1,1,1_5_1,LymphaticEndo
I-1411,all,123,36,17,7134,25,69091,0,0,0,0,0,I,19,Capillary 2 cell,47,19,6,6,6,AT1
I-1413,all,17,9,482,6751,25,31306,0,0,0,0,0,I,2,Inflammatory monocyte,35,9,1,1,1_2_3,Tcell (CD4)
I-1414,all,6,4,100,7280,25,17093,0,0,0,0,0,I,2,Natural killer cell,26,7,2,2,2_2,InflamMac
I-1417,all,75,33,31,6031,31,39301,0,0,0,0,0,I,16,Neutrophil,54,33,6,6,6,AT1
I-1418,all,89,15,842,6154,14,41944,0,0,0,0,0,I,16,Alveolar type 1 cell,55,15,6,6,6,AT1
I-1420,all,97,38,653,5891,34,67775,0,0,0,0,0,I,24,Alveolar type 2 cell,63,37,2,2,2_2,InflamMac
I-1421,all,115,35,1636,6415,28,56566,0,0,0,0,0,I,9,Alveolar type 1 cell,50,22,7,7,7_3,Tcell (CD8)
I-1422,all,30,15,1097,6555,27,44141,0,0,0,0,0,I,5,Capillary 1 cell,41,16,2,2,2_1,Capillary
I-1423,all,62,27,1574,6134,36,49392,0,0,0,0,0,I,8,Capillary 1 cell,53,28,2,2,2_2,InflamMac
I-1424,all,70,33,1366,6110,30,61280,0,0,0,0,0,I,6,Capillary 2 cell,55,33,2,2,2_1,Capillary
I-1425,all,36,18,1101,6623,14,36320,0,0,0,0,0,I,18,Alveolar fibroblast 1,40,18,1,1,1_4_3,AlveolarFib
I-1426,all,28,4,1238,6528,38,13170,0,0,0,0,0,I,27,Alveolar type 2 cell,45,4,1,1,1_1,AT2
I-1427,all,75,31,602,5845,25,72453,0,0,0,0,0,I,6,Alveolar fibroblast 1,51,30,2,2,2_1,Capillary
I-1428,all,25,13,1428,6507,24,67339,0,0,0,0,0,I,3,Capillary 1 cell,42,13,2,2,2_1,Capillary
I-1429,all,65,27,455,6105,35,70831,0,0,0,0,0,I,9,Natural killer cell,52,26,2,2,2_1,Capillary
I-1432,all,57,15,1814,6114,13,12872,0,0,0,0,0,I,38,Ciliated cell,51,15,4,4,4_2,ClubEpi
I-1433,all,85,38,847,7296,17,83548,0,0,0,0,0,I,22,Alveolar fibroblast 1,59,39,3,3,3_1,SMC
I-1434,all,42,20,717,7441,27,25275,0,0,0,0,0,I,22,CD8+ T cell,45,21,2,2,2_2,InflamMac
I-1435,all,98,34,1510,6084,32,54716,0,0,0,0,0,I,20,Alveolar macrophage,61,34,6,6,6,AT1
I-1437,all,68,28,1700,6177,29,34005,0,0,0,0,0,I,43,CD4+ T cell,58,29,3,3,3_1,SMC
I-1440,all,45,16,1129,6608,19,34859,0,0,0,0,0,I,18,Alveolar fibroblast 1,46,16,1,1,1_4_3,AlveolarFib
I-1441,all,50,27,628,6520,33,50749,0,0,0,0,0,I,8,CD4+ T cell,52,29,2,2,2_5,DC
I-1443,all,68,32,1674,6134,23,94191,0,0,0,0,0,I,18,Alveolar fibroblast 1,55,33,3,3,3_1,SMC
I-1444,all,61,32,1436,6270,24,48656,0,0,0,0,0,I,20,CD4+ T cell,55,32,8,8,8_2,InterstitialMac
I-1447,all,14,8,893,5797,26,16852,0,0,0,0,0,I,8,Inflammatory monocyte,33,9,1,1,1_4_3,AlveolarFib
I-1448,all,39,23,1126,6579,29,43612,0,0,0,0,0,I,13,Alveolar fibroblast 1,43,24,2,2,2_4,Artery
I-1449,all,9,4,712,5815,7,16139,0,0,0,0,0,I,5,Alveolar fibroblast 1,29,5,1,1,1_4_3,AlveolarFib
I-1450,all,93,40,1020,6405,26,79795,0,0,0,0,0,I,5,Inflammatory monocyte,61,39,2,2,2_3,Vein
I-1451,all,67,28,1556,6590,19,55370,0,0,0,0,0,I,22,Inflammatory monocyte,54,29,2,2,2_2,InflamMac
I-1452,all,30,12,10,6103,31,18535,0,0,0,0,0,I,15,CD8+ T cell,42,13,1,1,1_4_3,AlveolarFib
I-1454,all,14,7,77,6046,27,11435,0,0,0,0,0,I,6,Alveolar type 1 cell,32,8,1,1,1_4_3,AlveolarFib
I-1455,all,44,15,1616,7023,31,49293,0,0,0,0,0,I,27,Alveolar fibroblast 1,47,16,3,3,3_1,SMC
I-1456,all,123,52,1107,6829,18,87796,0,0,0,0,0,I,34,Arterial endothelial cell,44,26,1,1,1_5_1,LymphaticEndo
I-1458,all,153,50,231,6419,26,134933,0,0,0,0,0,I,22,Alveolar type 1 cell,46,24,6,6,6,AT1
I-1459,all,67,32,1433,6235,22,87362,0,0,0,0,0,I,6,Inflammatory monocyte,52,33,2,2,2_2,InflamMac
I-1460,all,23,17,805,7281,38,27893,0,0,0,0,0,I,2,B cell,44,17,9,9,9,Bcell
I-1461,all,261,54,1754,6197,22,99083,0,0,0,0,0,I,192,Ciliated cell,53,16,4,4,4_2,ClubEpi
I-1462,all,120,56,315,5806,22,149644,0,0,0,0,0,I,13,Inflammatory monocyte,44,26,7,7,7_2,PatrolMac
I-1465,all,108,30,526,6065,20,85170,52,52,0,1,0,I,37,Alveolar fibroblast 1,54,28,2,2,2_2,InflamMac
I-1467,all,168,60,30,6069,25,106790,0,0,0,0,0,I,45,Alveolar fibroblast 1,47,30,1,1,1_5_1,LymphaticEndo
I-1468,all,94,36,1506,6740,32,64830,0,0,0,0,0,I,38,Inflammatory monocyte,59,36,8,8,8_1,AlveolarMac
I-1470,all,46,27,1464,6020,21,58191,0,0,0,0,0,I,10,Alveolar fibroblast 1,48,28,1,1,1_5_1,LymphaticEndo
I-1471,all,39,20,1388,6282,25,44678,0,0,0,0,0,I,7,Sox9+/Id2+ epithelial cell,44,21,1,1,1_4_1,AlveolarFib
I-1472,all,44,21,298,6873,16,30311,0,0,0,0,0,I,19,Capillary 2 cell,46,22,2,2,2_2,InflamMac
I-1473,all,52,25,1715,6293,27,89603,0,0,0,0,0,I,24,Alveolar fibroblast 1,53,26,3,3,3_1,SMC
I-1474,all,48,21,960,6105,12,56853,0,0,0,0,0,I,5,Inflammatory monocyte,48,21,5,5,5_3,Pericyte
I-1475,all,115,26,1795,6079,16,32729,0,0,0,0,0,I,73,Arterial endothelial cell,50,25,4,4,4_2,CiliatedEpi
I-1476,all,16,12,5,6935,34,26862,0,0,0,0,0,I,2,Sox9+/Id2+ epithelial cell,33,12,2,2,2_1,Capillary
I-1477,all,18,7,1559,6252,9,20253,0,0,0,0,0,I,13,CD4+ T cell,40,7,1,1,1_1,AT2
I-1478,all,149,34,1812,5880,6,29206,0,0,0,0,0,I,81,Secretory cell,51,10,4,4,4_2,ClubEpi
I-1479,all,63,18,869,6148,14,46754,0,0,0,0,0,I,6,Alveolar type 1 cell,52,18,6,6,6,AT1
I-1480,all,100,25,865,5742,11,58050,0,0,0,0,0,I,59,Alveolar type 2 cell,57,25,1,1,1_3,AT2
I-1482,all,25,13,6,5889,19,28673,0,0,0,0,0,I,4,B cell,43,13,1,1,1_2_1,Tcell (CD4)
I-1484,all,15,8,473,6422,16,11290,0,0,0,0,0,I,2,Natural killer cell,35,9,1,1,1_6_2,Neutrophil
I-1486,all,48,19,1535,6482,10,32021,0,0,0,0,0,I,20,Alveolar type 2 cell,48,19,2,2,2_3,Vein
I-1487,all,107,23,863,7255,23,72645,0,0,0,0,0,I,66,Alveolar fibroblast 1,50,17,3,3,3_1,SMC
I-1489,all,61,30,283,6762,16,86738,120,0,120,0,1,I,11,Inflammatory monocyte,55,30,9,9,9,Bcell
I-1491,all,33,17,1078,6646,10,27301,0,0,0,0,0,I,8,Alveolar fibroblast 1,43,17,6,6,6,AT1
I-1493,all,16,10,615,5690,39,16123,0,0,0,0,0,I,3,Natural killer cell,36,11,2,2,2_2,InflamMac
I-1496,all,30,11,1656,5878,10,16762,0,0,0,0,0,I,23,CD4+ T cell,42,11,1,1,1_1,AT2
I-1499,all,12,4,262,6131,14,14845,0,0,0,0,0,I,12,Alveolar type 1 cell,35,4,6,6,6,AT1
I-1500,all,38,18,631,7340,30,63130,0,0,0,0,0,I,2,Capillary 2 cell,43,17,2,2,2_1,Capillary
I-1505,all,21,11,744,7445,31,22485,0,0,0,0,0,I,5,Natural killer cell,39,12,2,2,2_2,InflamMac
I-1506,all,40,21,1586,6600,22,37478,0,0,0,0,0,I,6,CD8+ T cell,43,21,3,3,3_3,AdventitialFib
I-1509,all,99,26,1323,6904,30,57391,0,0,0,0,0,I,15,Alveolar type 1 cell,59,26,6,6,6,AT1
I-1510,all,17,11,1105,6003,32,44597,0,0,0,0,0,I,2,Proliferative mesenchymal progenitor cell,35,11,2,2,2_6,pDC
I-1511,all,19,10,1715,5774,41,8836,0,0,0,0,0,I,14,Ciliated cell,42,11,1,1,1_4_3,AlveolarFib
I-1512,all,72,27,324,7422,35,45299,0,0,0,0,0,I,12,Alveolar type 1 cell,53,27,6,6,6,AT1
I-1513,all,120,41,1415,6057,13,94309,0,0,0,0,0,I,13,Venous endothelial cell,44,23,2,2,2_1,Capillary
I-1518,all,36,12,1086,6676,9,24567,0,0,0,0,0,I,16,Alveolar type 1 cell,44,12,6,6,6,AT1
I-1519,all,69,24,10,7020,9,36011,127,127,0,1,0,I,15,Inflammatory monocyte,53,25,2,2,2_2,InflamMac
I-1523,all,8,4,953,7063,7,18509,0,0,0,0,0,I,2,Alveolar type 1 cell,24,6,1,1,1_2_3,Tcell (CD4)
I-1528,all,63,33,1709,6234,20,77180,0,0,0,0,0,I,20,CD4+ T cell,55,33,1,1,1_2_1,Tcell (CD4)
I-1533,all,15,11,927,7267,11,9532,0,0,0,0,0,I,4,Alveolar fibroblast 1,35,12,1,1,1_4_3,AlveolarFib
I-1534,all,19,4,504,6798,32,8821,0,0,0,0,0,I,10,Sox9+/Id2+ epithelial cell,40,4,1,1,1_1,AT2
I-1536,all,38,25,639,6551,27,40052,0,0,0,0,0,I,7,B cell,41,25,9,9,9,Bcell
I-1538,all,41,24,1111,6033,23,44192,0,0,0,0,0,I,6,Pericyte,43,24,5,5,5_3,Pericyte
I-1539,all,22,12,1534,6525,9,21967,0,0,0,0,0,I,3,CD4+ T cell,38,12,7,7,7_2,PatrolMac
I-1543,all,98,36,1765,6225,25,33259,0,0,0,0,0,I,58,Ciliated cell,55,35,4,4,4_2,CiliatedEpi
I-1546,all,23,18,104,7984,11,76711,0,0,0,0,0,I,4,Capillary 2 cell,42,18,2,2,2_3,Vein
I-1547,all,37,23,1293,8652,22,70374,0,0,0,0,0,I,9,Alveolar fibroblast 1,41,24,1,1,1_5_1,LymphaticEndo
I-1548,all,93,22,518,7744,17,71317,0,0,0,0,0,I,77,Alveolar type 2 cell,57,21,1,1,1_3,AT2
I-1549,all,55,25,1077,8731,24,79478,0,0,0,0,0,I,13,Inflammatory monocyte,53,27,2,2,2_5,DC
I-1550,all,32,23,358,9248,17,51987,0,0,0,0,0,I,8,B cell,37,23,9,9,9,Bcell
I-1551,all,37,23,1115,8842,11,43938,0,0,0,0,0,I,8,Ciliated cell,42,23,2,2,2_3,Vein
I-1554,all,25,19,970,8062,20,47177,0,0,0,0,0,I,4,Proliferative mesenchymal progenitor cell,46,19,3,3,3_4,AdventitialFib
I-1555,all,14,9,1011,8161,10,29619,0,0,0,0,0,I,8,Alveolar fibroblast 1,36,10,2,2,2_4,Artery
I-1556,all,49,23,1103,8903,21,71135,0,0,0,0,0,I,14,Alveolar fibroblast 1,44,23,1,1,1_5_1,LymphaticEndo
I-1564,all,36,20,722,9130,27,82196,0,0,0,0,0,I,14,B cell,42,20,9,9,9,Bcell
I-1566,all,21,12,1264,7826,14,63387,50,0,50,0,1,I,12,Interstitial macrophage,35,13,3,3,3_5,SMC
I-1570,all,45,13,203,8906,33,53619,0,0,0,0,0,I,37,Alveolar type 2 cell,47,13,1,1,1_3,AT2
I-1571,all,23,15,245,7534,29,56587,0,0,0,0,0,I,12,Inflammatory monocyte,44,15,5,5,5_1,Pericyte
I-1572,all,27,18,349,8951,31,58692,0,0,0,0,0,I,5,Capillary 2 cell,40,19,2,2,2_1,Capillary
I-1573,all,19,11,212,7620,28,91304,0,0,0,0,0,I,2,B cell,39,11,3,3,3_4,AdventitialFib
I-1580,all,13,9,1374,8422,34,59374,0,0,0,0,0,I,2,Capillary 1 cell,32,10,2,2,2_1,Capillary
I-1584,all,30,17,345,7694,34,60773,0,0,0,0,0,I,9,B cell,38,17,2,2,2_1,Capillary
I-1587,all,34,21,1293,9097,31,89929,0,0,0,0,0,I,6,B cell,41,21,9,9,9,Bcell
I-1589,all,16,8,764,9177,30,37457,0,0,0,0,0,I,6,Secondary crest myofibroblast,38,8,5,5,5_1,Pericyte
I-1590,all,38,17,1398,9206,26,74839,0,0,0,0,0,I,4,Proliferative mesenchymal progenitor cell,43,18,3,3,3_1,SMC
I-1592,all,19,15,538,7687,36,35571,0,0,0,0,0,I,2,Inflammatory monocyte,39,16,2,2,2_2,InflamMac
I-1595,all,34,23,156,8885,32,84871,0,0,0,0,0,I,12,Alveolar type 2 cell,42,23,2,2,2_6,pDC
I-1596,all,46,14,1173,8437,13,43375,0,0,0,0,0,I,35,Alveolar type 2 cell,47,14,1,1,1_1,AT2
I-1598,all,44,13,284,7824,10,48290,0,0,0,0,0,I,38,Alveolar type 2 cell,47,14,3,3,3_1,SMC
I-1599,all,19,12,1335,7848,17,59106,0,0,0,0,0,I,2,Endothelial progenitor cell,38,12,2,2,2_6,pDC
I-1600,all,29,21,1322,8450,13,74952,0,0,0,0,0,I,4,Inflammatory monocyte,37,21,2,2,2_6,pDC
I-1601,all,57,23,940,8596,18,81464,0,0,0,0,0,I,29,Alveolar type 2 cell,53,23,2,2,2_2,InflamMac
I-1603,all,7,5,550,7656,36,28572,0,0,0,0,0,I,2,Natural killer cell,29,7,2,2,2_2,InflamMac
I-1604,all,20,11,832,8773,9,34216,0,0,0,0,0,I,4,Alveolar fibroblast 1,41,11,2,2,2_1,Capillary
I-1607,all,31,20,248,8936,31,78811,0,0,0,0,0,I,4,Endothelial progenitor cell,43,21,2,2,2_1,Capillary
I-1609,all,13,10,555,7617,29,73871,0,0,0,0,0,I,3,Alveolar fibroblast 1,34,12,2,2,2_4,Artery
I-1610,all,92,28,1212,8402,9,80033,0,0,0,0,0,I,54,Alveolar type 2 cell,56,28,1,1,1_1,AT2
I-1611,all,64,35,1063,8934,20,100024,0,0,0,0,0,I,8,Arterial endothelial cell,58,35,6,6,6,AT1
I-1612,all,11,10,44,8798,23,50820,0,0,0,0,0,I,2,Inflammatory monocyte,34,11,2,2,2_2,InflamMac
I-1613,all,143,30,1294,8607,18,78553,0,0,0,0,0,I,39,Arterial endothelial cell,51,16,6,6,6,AT1
I-1614,all,40,6,1425,8502,20,37847,0,0,0,0,0,I,34,Sox9+/Id2+ epithelial cell,46,6,1,1,1_1,AT2
I-1616,all,23,17,998,8037,16,39900,0,0,0,0,0,I,2,Natural killer cell,41,18,2,2,2_2,InflamMac
I-1619,all,29,7,1050,8080,24,29979,0,0,0,0,0,I,24,Alveolar type 2 cell,44,7,1,1,1_1,AT2
I-1621,all,12,5,1299,9366,17,8926,0,0,0,0,0,I,10,Sox9+/Id2+ epithelial cell,38,5,1,1,1_1,AT2
I-1622,all,11,10,421,9394,26,28262,0,0,0,0,0,I,2,Inflammatory monocyte,29,12,2,2,2_5,DC
I-1623,all,8,8,198,9442,37,28036,0,0,0,0,0,I,3,Arterial endothelial cell,24,10,2,2,2_4,Artery
I-1624,all,53,30,1185,8021,31,94007,0,0,0,0,0,I,13,Capillary 1 cell,53,30,8,8,8_1,AlveolarMac
I-1626,all,43,17,509,8818,12,35671,0,0,0,0,0,I,13,Alveolar type 2 cell,45,17,1,1,1_3,AT2
I-1627,all,29,9,198,7743,33,29803,0,0,0,0,0,I,3,Alveolar type 1 cell,42,9,6,6,6,AT1
I-1629,all,10,7,113,9451,31,51382,0,0,0,0,0,I,2,Endothelial progenitor cell,30,7,2,2,2_1,Capillary
I-1630,all,16,12,214,7662,37,35549,0,0,0,0,0,I,6,Alveolar fibroblast 1,34,12,1,1,1_5_1,LymphaticEndo
I-1631,all,10,10,341,7765,17,47901,0,0,0,0,0,I,3,Alveolar fibroblast 1,26,10,1,1,1_5_2,AlveolarFib
I-1632,all,27,17,873,8980,31,57452,0,0,0,0,0,I,2,Proliferative mesenchymal progenitor cell,43,17,6,6,6,AT1
I-1633,all,15,11,182,7851,20,34588,0,0,0,0,0,I,2,Alveolar type 1 cell,35,11,6,6,6,AT1
I-1634,all,33,6,1069,8694,32,22321,0,0,0,0,0,I,29,Alveolar type 2 cell,45,6,1,1,1_3,AT2
I-1637,all,28,13,1289,7952,9,68299,0,0,0,0,0,I,2,Alveolar fibroblast 1,43,13,7,7,7_3,Tcell (CD8)
I-1642,all,25,9,1425,8459,14,35561,0,0,0,0,0,I,19,Pericyte,45,9,5,5,5_1,Pericyte
I-1644,all,16,13,809,8852,12,35882,0,0,0,0,0,I,2,Inflammatory monocyte,36,14,3,3,3_1,SMC
I-1645,all,93,14,965,8564,18,70331,0,0,0,0,0,I,84,Alveolar type 2 cell,54,13,1,1,1_3,AT2
I-1647,all,32,12,591,9441,19,36510,0,0,0,0,0,I,25,Alveolar type 2 cell,44,14,2,2,2_4,Artery
I-1648,all,35,24,539,8966,23,61937,0,0,0,0,0,I,6,Pericyte,43,24,7,7,7_3,Tcell (CD8)
I-1651,all,28,15,161,8806,15,44953,153,0,153,0,1,I,5,B cell,36,15,7,7,7_2,PatrolMac
I-1653,all,52,32,742,9431,22,83093,0,0,0,0,0,I,13,B cell,52,32,9,9,9,Bcell
I-1655,all,35,18,308,7741,21,44229,0,0,0,0,0,I,4,Sox9+/Id2+ epithelial cell,43,18,6,6,6,AT1
I-1657,all,17,5,1224,7947,16,24191,0,0,0,0,0,I,14,Venous endothelial cell,40,5,3,3,3_4,AdventitialFib
I-1658,all,19,14,1387,8597,10,64959,0,0,0,0,0,I,3,Natural killer cell,38,16,2,2,2_5,DC
I-1659,all,27,18,1128,8801,14,53352,0,0,0,0,0,I,12,Pericyte,42,18,5,5,5_1,Pericyte
I-1662,all,28,21,831,8669,20,72190,0,0,0,0,0,I,3,Capillary 1 cell,38,21,2,2,2_1,Capillary
I-1664,all,38,11,1151,8637,28,47640,0,0,0,0,0,I,9,Alveolar type 1 cell,45,11,6,6,6,AT1
I-1669,all,27,15,227,7738,36,32900,0,0,0,0,0,I,3,Capillary 2 cell,43,16,2,2,2_1,Capillary
I-1670,all,47,22,1064,8032,35,95908,0,0,0,0,0,I,11,Alveolar type 2 cell,48,23,2,2,2_2,InflamMac
I-1672,all,20,12,335,9281,19,60937,0,0,0,0,0,I,2,Neutrophil,39,12,9,9,9,Bcell
I-1673,all,23,4,1287,9340,16,31462,0,0,0,0,0,I,21,Sox9+/Id2+ epithelial cell,44,4,1,1,1_1,AT2
I-1674,all,21,9,543,8613,9,42652,0,0,0,0,0,I,17,Alveolar fibroblast 1,38,10,3,3,3_1,SMC
I-1676,all,64,20,149,7558,27,96875,0,0,0,0,0,I,4,Alveolar type 1 cell,54,20,6,6,6,AT1
I-1678,all,25,13,781,9144,9,41427,0,0,0,0,0,I,10,Capillary 1 cell,43,13,2,2,2_1,Capillary
I-1679,all,38,8,1113,8710,34,29843,0,0,0,0,0,I,33,Alveolar type 2 cell,46,8,1,1,1_3,AT2
I-1680,all,8,7,75,8805,15,21736,0,0,0,0,0,I,3,Sox9+/Id2+ epithelial cell,29,8,1,1,1_3,AT2
I-1682,all,117,25,1057,8120,23,119534,0,0,0,0,0,I,77,Alveolar type 2 cell,43,8,1,1,1_1,AT2
I-1683,all,77,31,894,8571,26,124683,0,0,0,0,0,I,17,CD8+ T cell,55,32,2,2,2_2,InflamMac
I-1686,all,99,17,662,8990,23,62198,0,0,0,0,0,I,85,Alveolar type 2 cell,52,13,1,1,1_1,AT2
I-1687,all,28,18,623,8637,28,86104,0,0,0,0,0,I,2,Capillary 1 cell,42,17,2,2,2_1,Capillary
I-1688,all,6,4,1351,9205,12,12693,0,0,0,0,0,I,4,Alveolar type 2 cell,29,6,1,1,1_1,AT2
I-1689,all,31,21,1029,8659,23,49968,0,0,0,0,0,I,11,Inflammatory monocyte,40,22,3,3,3_5,SMC
I-1694,all,6,6,47,9179,32,53181,0,0,0,0,0,I,2,CD8+ T cell,24,9,7,7,7_2,PatrolMac
I-1695,all,49,22,793,9265,8,84978,0,0,0,0,0,I,19,B cell,49,22,9,9,9,Bcell
I-1705,all,6,5,524,8787,12,13309,0,0,0,0,0,I,3,Sox9+/Id2+ epithelial cell,26,7,1,1,1_1,AT2
I-1707,all,37,10,816,9452,10,39105,0,0,0,0,0,I,12,Alveolar type 1 cell,45,10,6,6,6,AT1
I-1709,all,43,19,1508,7972,19,100366,0,0,0,0,0,I,27,Alveolar fibroblast 1,44,19,3,3,3_1,SMC
I-1712,all,28,16,189,9052,29,70041,0,0,0,0,0,I,5,Pericyte,43,16,5,5,5_3,Pericyte
I-1713,all,7,6,810,8793,14,18437,0,0,0,0,0,I,3,Alveolar fibroblast 1,26,7,1,1,1_5_1,LymphaticEndo
I-1714,all,24,17,594,9395,34,57962,0,0,0,0,0,I,10,Venous endothelial cell,44,17,2,2,2_3,Vein
I-1715,all,11,9,1392,9147,8,19522,0,0,0,0,0,I,3,Alveolar fibroblast 1,33,10,2,2,2_4,Artery
I-1717,all,11,9,751,8649,33,60417,0,0,0,0,0,I,3,Pericyte,30,9,5,5,5_1,Pericyte
I-1718,all,31,14,1143,8067,19,107444,0,0,0,0,0,I,3,Endothelial progenitor cell,38,14,2,2,2_1,Capillary
I-1719,all,14,5,1407,8006,14,54326,0,0,0,0,0,I,8,Sox9+/Id2+ epithelial cell,40,5,1,1,1_1,AT2
I-1722,all,26,13,1468,8506,17,62414,0,0,0,0,0,I,11,Sox9+/Id2+ epithelial cell,46,12,2,2,2_1,Capillary
I-1723,all,44,13,1153,8693,36,49878,0,0,0,0,0,I,27,Alveolar type 2 cell,46,13,1,1,1_1,AT2
I-1724,all,21,7,112,9190,33,29388,0,0,0,0,0,I,15,Sox9+/Id2+ epithelial cell,42,7,1,1,1_1,AT2
I-1725,all,17,11,643,9136,6,33141,0,0,0,0,0,I,8,Capillary 1 cell,38,11,2,2,2_3,Vein
I-1726,all,32,18,795,8698,16,95374,0,0,0,0,0,I,9,Alveolar fibroblast 1,43,18,2,2,2_3,Vein
I-1729,all,22,17,1327,8618,12,36409,0,0,0,0,0,I,6,Alveolar type 2 cell,42,17,1,1,1_5_4,pDC
I-1730,all,20,12,679,8964,26,27621,0,0,0,0,0,I,12,Alveolar fibroblast 1,41,13,2,2,2_4,Artery
I-1733,all,35,11,282,7718,35,38295,0,0,0,0,0,I,2,Alveolar type 1 cell,45,11,6,6,6,AT1
I-1734,all,63,25,143,8051,30,82697,50,0,50,0,1,I,8,Alveolar type 1 cell,54,25,6,6,6,AT1
I-1738,all,17,7,178,7796,31,26639,0,0,0,0,0,I,5,Sox9+/Id2+ epithelial cell,40,7,6,6,6,AT1
I-1739,all,7,5,365,9285,10,14014,0,0,0,0,0,I,4,Neutrophil,14,8,9,9,9,Bcell
I-1741,all,37,20,1343,7935,26,128653,0,0,0,0,0,I,10,Pericyte,42,20,5,5,5_3,Pericyte
I-1744,all,17,9,1452,9207,29,63353,0,0,0,0,0,I,6,Secondary crest myofibroblast,37,10,3,3,3_1,SMC
I-1747,all,12,8,1009,8625,32,38304,0,0,0,0,0,I,8,Pericyte,29,8,5,5,5_1,Pericyte
I-1748,all,31,12,627,9447,20,36011,0,0,0,0,0,I,18,Sox9+/Id2+ epithelial cell,42,12,1,1,1_1,AT2
I-1752,all,24,14,307,7777,13,54126,0,0,0,0,0,I,6,Alveolar type 1 cell,46,14,2,2,2_2,InflamMac
I-1754,all,55,16,189,7703,36,49373,0,0,0,0,0,I,16,Alveolar type 1 cell,51,16,6,6,6,AT1
I-1755,all,37,13,103,9065,33,72242,0,0,0,0,0,I,4,Alveolar type 1 cell,44,13,6,6,6,AT1
I-1759,all,40,19,1324,9231,9,77312,0,0,0,0,0,I,19,Sox9+/Id2+ epithelial cell,45,20,2,2,2_2,InflamMac
I-1760,all,39,15,316,7707,32,34039,0,0,0,0,0,I,13,Alveolar type 1 cell,44,15,6,6,6,AT1
I-1761,all,11,7,1420,9181,18,22794,0,0,0,0,0,I,5,Alveolar fibroblast 1,30,8,3,3,3_1,SMC
I-1767,all,9,6,1449,7918,23,44856,0,0,0,0,0,I,2,Arterial endothelial cell,30,7,2,2,2_4,Artery
I-1770,all,89,25,635,9007,24,81791,0,0,0,0,0,I,64,Alveolar type 2 cell,56,25,1,1,1_3,AT2
I-1773,all,17,4,1095,8679,38,20167,0,0,0,0,0,I,17,Alveolar type 2 cell,40,4,1,1,1_3,AT2
I-1777,all,23,14,1371,9190,17,40012,0,0,0,0,0,I,11,Alveolar type 2 cell,45,14,2,2,2_3,Vein
I-1781,all,14,9,1398,8447,24,22016,0,0,0,0,0,I,6,Alveolar type 2 cell,35,9,1,1,1_1,AT2
I-1783,all,62,20,1059,8669,23,51192,0,0,0,0,0,I,39,Alveolar type 2 cell,53,20,1,1,1_3,AT2
I-1786,all,16,14,3387,1947,28,80157,0,0,0,0,0,I,5,Alveolar type 1 cell,33,14,6,6,6,AT1
I-1787,all,37,18,2562,118,18,56880,0,0,0,0,0,I,3,Endothelial progenitor cell,43,18,2,2,2_6,pDC
I-1788,all,40,22,3030,1573,27,85183,0,0,0,0,0,I,8,CD8+ T cell,43,22,6,6,6,AT1
I-1789,all,16,7,3593,881,25,68647,0,0,0,0,0,I,11,B cell,38,7,9,9,9,Bcell
I-1791,all,14,7,3112,1809,34,39232,0,0,0,0,0,I,9,Sox9+/Id2+ epithelial cell,36,7,1,1,1_1,AT2
I-1792,all,33,21,3343,1482,12,92804,0,0,0,0,0,I,4,Alveolar macrophage,41,21,2,2,2_3,Vein
I-1795,all,123,42,2868,1761,11,97550,0,0,0,0,0,I,26,Alveolar type 1 cell,48,25,6,6,6,AT1
I-1797,all,34,20,2221,568,25,69960,0,0,0,0,0,I,15,Capillary 1 cell,41,21,3,3,3_1,SMC
I-1798,all,44,23,2846,216,12,45981,0,0,0,0,0,I,4,Sox9+/Id2+ epithelial cell,46,24,2,2,2_2,InflamMac
I-1799,all,44,27,2449,335,31,63110,0,0,0,0,0,I,7,Alveolar fibroblast 1,45,28,3,3,3_2,SMC
I-1800,all,32,10,2980,1686,5,30127,0,0,0,0,0,I,2,Alveolar type 1 cell,43,10,6,6,6,AT1
I-1801,all,88,17,2123,240,13,60515,0,0,0,0,0,I,74,Alveolar type 2 cell,56,17,1,1,1_3,AT2
I-1803,all,9,7,2599,203,36,28162,0,0,0,0,0,I,2,Alveolar type 1 cell,31,7,6,6,6,AT1
I-1804,all,24,20,3182,1799,12,45022,0,0,0,0,0,I,4,Natural killer cell,44,20,5,5,5_3,Pericyte
I-1805,all,24,13,3539,138,36,39013,0,0,0,0,0,I,2,Mesothelial cell,40,13,3,3,3_3,AdventitialFib
I-1806,all,81,30,3579,960,16,94599,0,0,0,0,0,I,19,Alveolar macrophage,56,30,8,8,8_1,AlveolarMac
I-1807,all,42,17,3589,1395,36,43796,0,0,0,0,0,I,2,Alveolar type 1 cell,46,17,6,6,6,AT1
I-1810,all,48,27,3688,1043,13,60805,0,0,0,0,0,I,3,Sox9+/Id2+ epithelial cell,48,27,2,2,2_1,Capillary
I-1811,all,18,11,2626,1961,8,41844,0,0,0,0,0,I,9,Capillary 1 cell,39,13,2,2,2_5,DC
I-1813,all,32,18,3251,645,16,45090,0,0,0,0,0,I,5,Arterial endothelial cell,40,18,2,2,2_4,Artery
I-1814,all,50,26,3640,875,15,91565,0,0,0,0,0,I,22,Alveolar type 2 cell,49,26,1,1,1_3,AT2
I-1815,all,56,29,3421,586,23,69516,0,0,0,0,0,I,4,Alveolar fibroblast 1,55,30,1,1,1_4_1,AlveolarFib
I-1817,all,12,3,2279,403,19,25612,0,0,0,0,0,I,10,Sox9+/Id2+ epithelial cell,39,3,1,1,1_1,AT2
I-1818,all,51,12,2096,299,20,62092,0,0,0,0,0,I,38,Alveolar type 1 cell,49,12,1,1,1_1,AT2
I-1821,all,19,6,2230,1457,18,57401,0,0,0,0,0,I,12,Sox9+/Id2+ epithelial cell,41,7,2,2,2_1,Capillary
I-1822,all,23,13,1965,384,33,44317,0,0,0,0,0,I,11,Secondary crest myofibroblast,43,14,3,3,3_1,SMC
I-1823,all,65,36,3387,626,14,68810,0,0,0,0,0,I,9,Pericyte,58,36,5,5,5_1,Pericyte
I-1824,all,30,15,3560,848,30,84569,0,0,0,0,0,I,8,B cell,40,15,9,9,9,Bcell
I-1825,all,28,18,3328,1534,24,68368,0,0,0,0,0,I,9,Capillary 1 cell,43,18,2,2,2_3,Vein
I-1826,all,53,24,3129,1779,18,94661,0,0,0,0,0,I,27,Pericyte,52,24,5,5,5_1,Pericyte
I-1827,all,15,9,2401,1352,10,23120,0,0,0,0,0,I,3,B cell,34,9,9,9,9,Bcell
I-1828,all,27,6,2892,1526,12,22065,0,0,0,0,0,I,21,Sox9+/Id2+ epithelial cell,46,6,1,1,1_1,AT2
I-1831,all,58,32,3533,461,5,37263,0,0,0,0,0,I,2,Sox9+/Id2+ epithelial cell,56,32,1,1,1_3,AT2
I-1834,all,25,11,2144,271,23,60078,0,0,0,0,0,I,18,Alveolar type 2 cell,47,11,1,1,1_1,AT2
I-1835,all,34,23,3221,624,17,65721,0,0,0,0,0,I,2,Endothelial progenitor cell,42,24,2,2,2_1,Capillary
I-1836,all,8,4,2561,1239,9,12996,0,0,0,0,0,I,3,Arterial endothelial cell,30,6,2,2,2_4,Artery
I-1837,all,24,15,2517,1745,30,63970,0,0,0,0,0,I,4,Pericyte,42,15,5,5,5_1,Pericyte
I-1838,all,13,12,3553,1331,13,28112,0,0,0,0,0,I,2,Alveolar type 1 cell,31,12,6,6,6,AT1
I-1840,all,73,24,3447,1449,18,95888,0,0,0,0,0,I,12,Alveolar type 1 cell,55,24,6,6,6,AT1
I-1843,all,6,3,2288,1495,36,28105,0,0,0,0,0,I,3,Sox9+/Id2+ epithelial cell,31,4,1,1,1_1,AT2
I-1844,all,12,8,2340,1555,26,38200,0,0,0,0,0,I,2,Sox9+/Id2+ epithelial cell,31,7,2,2,2_1,Capillary
I-1846,all,19,10,2144,1852,17,66810,0,0,0,0,0,I,3,Capillary 1 cell,42,10,2,2,2_1,Capillary
I-1847,all,28,8,3741,1573,24,64671,0,0,0,0,0,I,11,Sox9+/Id2+ epithelial cell,47,8,1,1,1_3,AT2
I-1849,all,53,27,3342,644,20,84513,0,0,0,0,0,I,4,Capillary 1 cell,52,27,2,2,2_1,Capillary
I-1851,all,34,20,3569,200,34,44974,0,0,0,0,0,I,3,B cell,42,20,3,3,3_3,AdventitialFib
I-1852,all,14,12,3352,1929,13,49452,0,0,0,0,0,I,4,Capillary 1 cell,32,12,2,2,2_1,Capillary
I-1853,all,68,18,3309,463,32,65110,0,0,0,0,0,I,8,Alveolar type 1 cell,52,18,6,6,6,AT1
I-1854,all,25,18,2220,472,25,66256,0,0,0,0,0,I,7,Neutrophil,45,18,5,5,5_3,Pericyte
I-1855,all,87,23,2514,354,20,74134,0,0,0,0,0,I,14,Natural killer cell,57,23,7,7,7_3,Tcell (CD8)
I-1856,all,25,16,2377,1492,17,52078,0,0,0,0,0,I,6,Alveolar fibroblast 1,39,18,2,2,2_4,Artery
I-1857,all,53,18,3291,1529,26,99408,0,0,0,0,0,I,31,Alveolar type 2 cell,50,18,1,1,1_1,AT2
I-1860,all,163,21,2813,1710,10,97529,0,0,0,0,0,I,131,Alveolar type 2 cell,48,10,1,1,1_1,AT2
I-1861,all,69,18,1980,1183,18,86403,0,0,0,0,0,I,56,Inflammatory monocyte,54,18,1,1,1_1,AT2
I-1862,all,9,6,3660,1096,9,16651,0,0,0,0,0,I,3,Alveolar macrophage,31,6,8,8,8_1,AlveolarMac
I-1863,all,23,14,2384,1424,14,74446,0,0,0,0,0,I,13,Alveolar fibroblast 1,46,17,1,1,1_5_1,LymphaticEndo
I-1864,all,14,6,3465,1819,35,54424,0,0,0,0,0,I,2,Endothelial progenitor cell,35,6,2,2,2_1,Capillary
I-1865,all,13,10,1993,1356,25,49011,0,0,0,0,0,I,3,Alveolar type 1 cell,32,10,2,2,2_1,Capillary
I-1867,all,53,18,3641,1065,31,66910,0,0,0,0,0,I,31,Alveolar type 2 cell,50,18,1,1,1_1,AT2
I-1869,all,124,49,3535,310,29,72694,0,0,0,0,0,I,2,B cell,47,28,1,1,1_6_2,Neutrophil
I-1870,all,23,12,2014,1303,16,30180,0,0,0,0,0,I,7,Capillary 1 cell,41,12,2,2,2_1,Capillary
I-1871,all,17,12,2252,1390,23,92494,0,0,0,0,0,I,3,Alveolar type 2 cell,37,12,1,1,1_3,AT2
I-1872,all,64,32,2888,460,15,72805,55,0,55,0,1,I,7,B cell,55,32,9,9,9,Bcell
I-1873,all,28,14,3101,336,37,29274,0,0,0,0,0,I,3,Alveolar type 2 cell,38,14,1,1,1_3,AT2
I-1875,all,39,27,2125,123,28,66139,0,0,0,0,0,I,8,Alveolar fibroblast 1,45,28,2,2,2_4,Artery
I-1876,all,91,40,3667,1232,10,63728,0,0,0,0,0,I,5,Interstitial macrophage,63,39,8,8,8_2,InterstitialMac
I-1878,all,27,19,3551,1477,22,74882,0,0,0,0,0,I,2,Alveolar fibroblast 1,42,19,3,3,3_4,AdventitialFib
I-1880,all,41,12,3729,1340,9,44157,0,0,0,0,0,I,2,Alveolar fibroblast 1,45,13,1,1,1_4_1,AlveolarFib
I-1881,all,20,14,2247,490,15,52987,0,0,0,0,0,I,4,Sox9+/Id2+ epithelial cell,44,14,2,2,2_1,Capillary
I-1883,all,18,15,3226,1469,26,34234,0,0,0,0,0,I,6,Capillary 1 cell,36,15,2,2,2_3,Vein
I-1884,all,51,28,3148,627,33,60904,0,0,0,0,0,I,2,Sox9+/Id2+ epithelial cell,51,28,6,6,6,AT1
I-1885,all,10,5,2096,1825,19,35256,0,0,0,0,0,I,2,Proliferative mesenchymal progenitor cell,28,6,3,3,3_1,SMC
I-1886,all,56,33,3258,1424,33,81187,57,0,57,0,1,I,17,Capillary 1 cell,53,32,2,2,2_1,Capillary
I-1888,all,28,16,2530,1245,11,37457,0,0,0,0,0,I,13,Alveolar fibroblast 1,42,17,2,2,2_4,Artery
I-1889,all,58,19,2592,158,26,66031,0,0,0,0,0,I,6,Alveolar type 1 cell,51,19,6,6,6,AT1
I-1890,all,19,13,2799,214,20,54671,0,0,0,0,0,I,2,Capillary 2 cell,37,13,7,7,7_2,PatrolMac
I-1892,all,53,22,2850,1672,6,53752,0,0,0,0,0,I,26,Capillary 1 cell,50,22,1,1,1_3,AT2
I-1893,all,24,4,3627,1112,31,40919,0,0,0,0,0,I,16,Sox9+/Id2+ epithelial cell,44,4,1,1,1_1,AT2
I-1894,all,25,5,2900,1498,11,20219,0,0,0,0,0,I,21,Alveolar type 2 cell,45,5,1,1,1_1,AT2
I-1895,all,14,9,2031,1412,28,69909,0,0,0,0,0,I,3,Alveolar fibroblast 1,34,11,1,1,1_5_1,LymphaticEndo
I-1896,all,30,15,2269,348,28,61445,0,0,0,0,0,I,17,Sox9+/Id2+ epithelial cell,42,15,2,2,2_6,pDC
I-1897,all,40,24,2507,97,23,61269,0,0,0,0,0,I,11,Endothelial progenitor cell,42,24,2,2,2_6,pDC
I-1899,all,90,22,1938,79,27,78540,0,0,0,0,0,I,67,Alveolar type 2 cell,58,22,1,1,1_3,AT2
I-1900,all,70,14,3208,452,25,45749,0,0,0,0,0,I,58,Alveolar type 2 cell,51,14,1,1,1_1,AT2
I-1901,all,20,8,3523,1847,11,40284,0,0,0,0,0,I,2,Arterial endothelial cell,40,9,2,2,2_4,Artery
I-1902,all,44,24,3250,682,16,47764,0,0,0,0,0,I,2,Capillary 1 cell,44,24,2,2,2_3,Vein
I-1903,all,38,27,2976,250,24,73767,0,0,0,0,0,I,6,B cell,39,27,9,9,9,Bcell
I-1906,all,14,8,2327,320,14,39643,0,0,0,0,0,I,6,Capillary 1 cell,34,8,8,8,8_3,InterstitialMac
I-1907,all,56,25,2178,494,26,117145,0,0,0,0,0,I,20,Inflammatory monocyte,53,26,3,3,3_1,SMC
I-1909,all,20,7,3304,1402,5,14456,0,0,0,0,0,I,14,Sox9+/Id2+ epithelial cell,43,7,1,1,1_1,AT2
I-1912,all,37,12,2043,347,29,46412,0,0,0,0,0,I,10,Alveolar type 1 cell,43,12,6,6,6,AT1
I-1913,all,25,8,2143,1821,18,60104,0,0,0,0,0,I,21,Alveolar type 2 cell,45,8,1,1,1_3,AT2
I-1918,all,26,13,3269,1476,27,59152,0,0,0,0,0,I,14,Natural killer cell,41,14,2,2,2_2,InflamMac
I-1919,all,24,13,2020,1605,24,72031,0,0,0,0,0,I,8,Sox9+/Id2+ epithelial cell,43,13,1,1,1_1,AT2
I-1920,all,17,13,3661,1614,19,69469,0,0,0,0,0,I,5,Pericyte,37,13,5,5,5_1,Pericyte
I-1921,all,55,23,2482,305,22,60411,0,0,0,0,0,I,32,Alveolar type 2 cell,51,23,1,1,1_1,AT2
I-1922,all,46,16,2281,1414,26,93751,0,0,0,0,0,I,5,Alveolar type 1 cell,47,16,6,6,6,AT1
I-1923,all,42,10,3337,501,7,31421,0,0,0,0,0,I,32,Alveolar type 2 cell,46,10,1,1,1_1,AT2
I-1924,all,8,7,2314,1720,17,31698,0,0,0,0,0,I,2,Capillary 1 cell,26,9,2,2,2_1,Capillary
I-1925,all,28,13,2547,1201,9,46493,0,0,0,0,0,I,18,Sox9+/Id2+ epithelial cell,42,14,1,1,1_5_1,LymphaticEndo
I-1927,all,73,32,2004,1464,24,136252,51,0,51,0,1,I,34,Alveolar type 2 cell,54,32,1,1,1_1,AT2
I-1931,all,71,36,3663,987,29,80724,0,0,0,0,0,I,3,Alveolar fibroblast 1,57,36,7,7,7_3,Tcell (CD8)
I-1932,all,13,9,3007,1247,30,58526,0,0,0,0,0,I,2,Proliferative mesenchymal progenitor cell,33,10,3,3,3_1,SMC
I-1934,all,20,14,2926,213,11,22006,0,0,0,0,0,I,2,Pericyte,40,14,5,5,5_1,Pericyte
I-1935,all,29,10,2884,178,28,22737,0,0,0,0,0,I,11,Alveolar type 1 cell,41,10,6,6,6,AT1
I-1939,all,11,8,2322,1670,12,42238,0,0,0,0,0,I,3,Capillary 1 cell,34,8,2,2,2_1,Capillary
I-1940,all,70,30,2908,575,22,43666,0,0,0,0,0,I,45,Alveolar type 2 cell,56,30,1,1,1_1,AT2
I-1941,all,31,16,2170,289,31,62401,0,0,0,0,0,I,9,Alveolar fibroblast 1,41,16,2,2,2_1,Capillary
I-1942,all,11,8,2466,1282,19,60369,0,0,0,0,0,I,5,Pericyte,30,8,5,5,5_3,Pericyte
I-1943,all,20,10,3699,401,26,23859,0,0,0,0,0,I,2,Alveolar fibroblast 1,39,10,3,3,3_4,AdventitialFib
I-1944,all,14,9,2494,266,29,39419,0,0,0,0,0,I,6,Alveolar type 2 cell,41,10,2,2,2_2,InflamMac
I-1946,all,35,11,2284,447,36,43567,0,0,0,0,0,I,24,Alveolar type 2 cell,44,11,6,6,6,AT1
I-1951,all,17,8,3689,1557,30,44712,0,0,0,0,0,I,9,Sox9+/Id2+ epithelial cell,40,8,2,2,2_3,Vein
I-1954,all,102,20,2655,174,19,91968,0,0,0,0,0,I,84,Alveolar type 2 cell,51,12,1,1,1_1,AT2
I-1955,all,24,13,2551,191,25,75757,0,0,0,0,0,I,5,Mast cell,41,13,7,7,7_4,PatrolMac
I-1956,all,116,43,2976,1588,16,126617,50,50,0,1,0,I,17,Alveolar type 1 cell,44,22,6,6,6,AT1
I-1959,all,55,22,2217,532,23,111351,0,0,0,0,0,I,39,Capillary 1 cell,51,22,2,2,2_3,Vein
I-1968,all,37,18,2925,1465,26,76383,0,0,0,0,0,I,8,CD4+ T cell,43,18,8,8,8_2,InterstitialMac
I-1974,all,63,28,3701,1251,10,46233,0,0,0,0,0,I,8,Secretory cell,55,28,8,8,8_2,InterstitialMac
I-1976,all,24,12,2555,226,14,62396,0,0,0,0,0,I,3,B cell,43,12,6,6,6,AT1
I-1978,all,64,34,2889,1333,20,85898,0,0,0,0,0,I,5,Ciliated cell,57,35,2,2,2_2,InflamMac
I-1982,all,13,11,3517,22,9,28618,0,0,0,0,0,I,2,Venous endothelial cell,28,11,2,2,2_3,Vein
I-1983,all,22,12,3707,1590,23,40382,0,0,0,0,0,I,14,Alveolar type 2 cell,45,13,2,2,2_2,InflamMac
I-1986,all,12,10,2368,1568,20,33968,0,0,0,0,0,I,2,Alveolar fibroblast 1,32,11,1,1,1_5_1,LymphaticEndo
I-1988,all,47,18,3552,1368,25,42522,0,0,0,0,0,I,6,Sox9+/Id2+ epithelial cell,47,18,6,6,6,AT1
I-1989,all,31,8,2486,1398,37,27868,0,0,0,0,0,I,23,AT1/AT2,44,8,1,1,1_1,AT2
I-1990,all,29,16,2576,64,7,36362,0,0,0,0,0,I,3,Alveolar fibroblast 1,39,17,2,2,2_4,Artery
I-1994,all,9,6,2317,1618,14,66921,0,0,0,0,0,I,5,Pericyte,25,7,5,5,5_1,Pericyte
I-1996,all,47,30,2942,1806,16,82157,0,0,0,0,0,I,13,Pericyte,47,30,5,5,5_1,Pericyte
I-1997,all,75,21,3244,451,31,52314,0,0,0,0,0,I,54,Alveolar type 2 cell,53,21,1,1,1_3,AT2
I-1998,all,32,11,3752,1406,30,68438,0,0,0,0,0,I,17,Alveolar type 2 cell,44,11,1,1,1_1,AT2
I-1999,all,50,32,2492,564,16,55010,0,0,0,0,0,I,18,Alveolar type 2 cell,50,32,1,1,1_3,AT2
I-2000,all,22,5,2206,1769,24,90177,0,0,0,0,0,I,4,Mast cell,37,5,7,7,7_4,PatrolMac
I-2003,all,24,10,3426,1913,27,85076,0,0,0,0,0,I,17,Alveolar type 2 cell,46,10,1,1,1_1,AT2
I-2004,all,17,8,3521,189,38,22541,0,0,0,0,0,I,5,Mesothelial cell,35,8,3,3,3_3,AdventitialFib
I-2007,all,54,13,2348,1791,36,48070,0,0,0,0,0,I,42,Alveolar type 2 cell,50,13,1,1,1_1,AT2
I-2009,all,23,13,2036,1235,34,51969,0,0,0,0,0,I,7,Arterial endothelial cell,44,14,2,2,2_4,Artery
I-2012,all,23,11,2452,289,17,32104,0,0,0,0,0,I,11,Alveolar type 2 cell,43,11,1,1,1_1,AT2
I-2013,all,89,43,3495,677,21,89197,0,0,0,0,0,I,4,Secretory cell,60,42,4,4,4_1_3,ClubEpi
I-2014,all,115,46,2868,534,21,104702,0,0,0,0,0,I,24,Natural killer cell,51,29,7,7,7_2,PatrolMac
I-2016,all,118,26,2948,1767,23,79046,0,0,0,0,0,I,15,Alveolar type 1 cell,47,13,6,6,6,AT1
I-2017,all,26,13,3720,1829,28,78164,0,0,0,0,0,I,3,B cell,45,13,9,9,9,Bcell
I-2020,all,12,7,2149,1312,38,23935,0,0,0,0,0,I,2,Endothelial progenitor cell,35,7,2,2,2_1,Capillary
I-2023,all,19,7,2113,339,27,76523,0,0,0,0,0,I,11,Sox9+/Id2+ epithelial cell,42,7,2,2,2_6,pDC
I-2024,all,39,14,3556,1824,30,37223,0,0,0,0,0,I,27,Alveolar type 2 cell,44,14,1,1,1_3,AT2
I-2025,all,24,15,3591,1126,29,27719,0,0,0,0,0,I,9,Sox9+/Id2+ epithelial cell,45,15,2,2,2_3,Vein
I-2026,all,55,13,2993,1728,5,33151,0,0,0,0,0,I,11,Alveolar type 1 cell,50,13,6,6,6,AT1
I-2030,all,9,3,2437,1655,6,17555,0,0,0,0,0,I,7,Sox9+/Id2+ epithelial cell,34,4,1,1,1_1,AT2
I-2032,all,32,19,2844,178,31,44512,0,0,0,0,0,I,7,Alveolar type 1 cell,42,19,7,7,7_3,Tcell (CD8)
I-2033,all,16,8,2134,438,33,33490,0,0,0,0,0,I,9,Proliferative mesenchymal progenitor cell,37,9,3,3,3_1,SMC
I-2034,all,23,17,3642,1580,28,51063,0,0,0,0,0,I,6,Venous endothelial cell,42,17,3,3,3_4,AdventitialFib
I-2035,all,9,5,2053,1831,34,28591,0,0,0,0,0,I,5,Proliferative mesenchymal progenitor cell,33,6,3,3,3_1,SMC
I-2038,all,17,14,2495,1275,35,54970,0,0,0,0,0,I,2,Alveolar fibroblast 1,37,14,1,1,1_5_4,pDC
I-2046,all,39,23,2097,58,20,101713,0,0,0,0,0,I,10,Pericyte,43,23,5,5,5_1,Pericyte
I-2050,all,17,13,3665,1135,7,29099,0,0,0,0,0,I,4,Interstitial macrophage,36,13,8,8,8_2,InterstitialMac
I-2051,all,23,17,2527,1400,35,42459,0,0,0,0,0,I,6,Alveolar type 2 cell,44,18,2,2,2_2,InflamMac
I-2052,all,108,45,2909,326,24,132668,0,0,0,0,0,I,42,Alveolar type 2 cell,51,31,2,2,2_4,Artery
I-2054,all,35,14,2935,1526,20,45097,0,0,0,0,0,I,21,Alveolar type 2 cell,42,14,1,1,1_3,AT2
I-2055,all,9,6,1998,1624,29,50007,0,0,0,0,0,I,5,Alveolar fibroblast 1,34,6,1,1,1_5_1,LymphaticEndo
I-2057,all,137,48,3499,342,12,58509,0,0,0,0,0,I,6,Interstitial macrophage,50,25,8,8,8_2,InterstitialMac
I-2059,all,81,25,2482,1341,28,80784,0,0,0,0,0,I,16,Alveolar type 1 cell,54,25,6,6,6,AT1
I-2061,all,56,26,2517,1791,23,93539,0,0,0,0,0,I,10,Capillary 1 cell,52,26,2,2,2_3,Vein
I-2062,all,43,12,2116,469,35,53423,0,0,0,0,0,I,19,Alveolar fibroblast 1,47,13,3,3,3_1,SMC
I-2063,all,21,16,2078,94,24,54268,0,0,0,0,0,I,7,Pericyte,40,16,5,5,5_3,Pericyte
I-2066,all,32,20,3583,1157,22,61542,0,0,0,0,0,I,7,Sox9+/Id2+ epithelial cell,40,19,2,2,2_1,Capillary
I-2067,all,19,17,3162,1777,14,40632,0,0,0,0,0,I,5,Alveolar fibroblast 2,42,19,2,2,2_5,DC
I-2070,all,13,8,3126,363,39,21178,0,0,0,0,0,I,3,Natural killer cell,26,8,7,7,7_4,PatrolMac
I-2071,all,74,15,2299,382,23,66266,0,0,0,0,0,I,57,AT1/AT2,51,15,1,1,1_1,AT2
I-2072,all,13,11,2399,1542,24,51880,0,0,0,0,0,I,3,Alveolar fibroblast 1,30,11,2,2,2_3,Vein
I-2073,all,38,17,2589,1246,8,36190,0,0,0,0,0,I,6,Arterial endothelial cell,44,18,2,2,2_4,Artery
I-2074,all,96,21,2430,1386,26,66051,0,0,0,0,0,I,80,Alveolar type 2 cell,54,21,1,1,1_3,AT2
I-2075,all,23,9,2939,1497,21,53058,60,60,0,1,0,I,12,Alveolar type 2 cell,47,10,2,2,2_2,InflamMac
I-2076,all,27,16,3068,173,32,28890,0,0,0,0,0,I,2,Basophil,39,18,2,2,2_5,DC
I-2078,all,26,7,2941,295,23,52007,0,0,0,0,0,I,18,B cell,46,7,9,9,9,Bcell
I-2079,all,16,9,2489,593,19,21975,0,0,0,0,0,I,7,Sox9+/Id2+ epithelial cell,36,9,3,3,3_4,AdventitialFib
I-2080,all,62,27,3008,161,28,63062,0,0,0,0,0,I,5,Mesothelial cell,52,27,3,3,3_3,AdventitialFib
I-2081,all,21,5,2907,274,29,21411,0,0,0,0,0,I,18,Sox9+/Id2+ epithelial cell,44,5,1,1,1_1,AT2
I-2083,all,154,35,2463,1782,30,105188,0,0,0,0,0,I,111,Alveolar type 2 cell,48,12,1,1,1_1,AT2
I-2088,all,52,29,3648,1016,25,79172,0,0,0,0,0,I,5,Secondary crest myofibroblast,52,29,5,5,5_3,Pericyte
I-2091,all,14,9,3578,1875,23,46603,0,0,0,0,0,I,3,Pericyte,32,9,5,5,5_1,Pericyte
I-2092,all,24,13,2871,196,18,18967,0,0,0,0,0,I,7,Alveolar type 1 cell,42,13,6,6,6,AT1
I-2099,all,14,8,1820,597,23,13474,0,0,0,0,0,I,8,Sox9+/Id2+ epithelial cell,35,8,1,1,1_1,AT2
I-2101,all,111,28,2465,51,28,88450,0,0,0,0,0,I,88,Alveolar type 2 cell,46,12,1,1,1_3,AT2
I-2103,all,21,9,3562,1397,31,23514,0,0,0,0,0,I,7,Sox9+/Id2+ epithelial cell,40,9,6,6,6,AT1
I-2105,all,20,15,2958,210,11,31681,0,0,0,0,0,I,5,Pericyte,39,15,5,5,5_1,Pericyte
I-2106,all,12,8,2514,1431,39,13869,0,0,0,0,0,I,7,Alveolar type 2 cell,30,9,3,3,3_5,SMC
I-2107,all,30,13,2265,1455,34,37841,0,0,0,0,0,I,21,Alveolar type 2 cell,43,13,1,1,1_1,AT2
I-2111,all,24,14,3045,151,30,27379,0,0,0,0,0,I,2,Mesothelial cell,41,14,3,3,3_3,AdventitialFib
I-2114,all,15,12,2249,1520,39,47978,0,0,0,0,0,I,3,Alveolar type 1 cell,35,12,6,6,6,AT1
I-2123,all,12,12,2989,289,13,28519,0,0,0,0,0,I,2,Venous endothelial cell,32,12,2,2,2_3,Vein
I-2128,all,13,10,2096,379,32,36765,0,0,0,0,0,I,8,Inflammatory monocyte,32,12,2,2,2_5,DC
I-2131,all,16,6,2930,258,25,20301,0,0,0,0,0,I,14,Sox9+/Id2+ epithelial cell,41,7,3,3,3_5,SMC
I-2136,all,36,13,2698,198,31,23940,0,0,0,0,0,I,23,Alveolar type 2 cell,43,13,1,1,1_1,AT2
I-2138,all,34,16,2074,341,33,27836,0,0,0,0,0,I,8,B cell,43,16,6,6,6,AT1
I-2141,all,8,3,2222,1431,39,10475,0,0,0,0,0,I,5,Sox9+/Id2+ epithelial cell,37,4,1,1,1_1,AT2
I-2143,all,16,11,2361,317,15,34284,0,0,0,0,0,I,6,Alveolar type 2 cell,36,12,2,2,2_2,InflamMac
I-2147,all,32,17,2157,470,30,46824,0,0,0,0,0,I,12,Proliferative mesenchymal progenitor cell,42,18,3,3,3_1,SMC
I-2154,all,44,19,2978,1983,31,36542,0,0,0,0,0,I,17,CD4+ T cell,47,20,3,3,3_2,SMC
I-2155,all,160,52,2918,2755,26,68570,0,0,0,0,0,I,13,Alveolar macrophage,50,27,3,3,3_5,SMC
I-2156,all,87,31,2991,2657,21,85082,0,0,0,0,0,I,12,Alveolar type 1 cell,57,30,1,1,1_2_3,Tcell (CD4)
I-2158,all,86,41,2359,3237,23,76656,0,0,0,0,0,I,38,Secretory cell,62,41,4,4,4_1_2,ClubEpi
I-2159,all,349,77,2359,3653,23,109582,0,0,0,0,0,I,235,Ciliated cell,53,17,4,4,4_2,ClubEpi
I-2161,all,209,35,2561,2918,15,70374,0,0,0,0,0,I,161,Ciliated cell,57,34,4,4,4_2,CiliatedEpi
I-2162,all,320,72,2356,3548,14,57775,0,0,0,0,0,I,228,Ciliated cell,50,12,4,4,4_2,ClubEpi
I-2165,all,68,30,2428,3176,32,64138,0,0,0,0,0,I,38,Alveolar fibroblast 1,54,30,4,4,4_1_2,CiliatedEpi
I-2166,all,80,36,3694,3689,28,82927,0,0,0,0,0,I,9,Alveolar fibroblast 1,55,37,1,1,1_4_1,AlveolarFib
I-2167,all,15,8,2597,2000,8,38546,0,0,0,0,0,I,4,Proliferative mesenchymal progenitor cell,32,9,3,3,3_1,SMC
I-2169,all,231,45,2628,2871,17,46727,0,0,0,0,0,I,155,Ciliated cell,52,13,4,4,4_2,ClubEpi
I-2172,all,109,36,2356,3793,21,45083,0,0,0,0,0,I,70,Secretory cell,60,27,4,4,4_2,ClubEpi
I-2173,all,81,40,3373,2663,29,72327,0,0,0,0,0,I,14,Alveolar fibroblast 1,56,40,1,1,1_5_1,LymphaticEndo
I-2175,all,307,91,2418,3120,26,86547,0,0,0,0,0,I,124,Ciliated cell,47,25,4,4,4_1_2,ClubEpi
I-2177,all,181,52,3363,3613,20,85878,0,0,0,0,0,I,31,Alveolar macrophage,59,33,8,8,8_1,AlveolarMac
I-2178,all,27,18,2929,2599,17,24503,0,0,0,0,0,I,2,CD4+ T cell,44,18,1,1,1_2_1,Tcell (CD4)
I-2184,all,206,73,3419,2709,12,120940,0,0,0,0,0,I,33,Pericyte,55,40,1,1,1_5_2,AlveolarFib
I-2186,all,360,110,2298,3317,20,88259,0,0,0,0,0,I,110,Ciliated cell,51,35,4,4,4_1_1,ClubEpi
I-2187,all,53,25,3344,3260,10,40683,0,0,0,0,0,I,3,Capillary 1 cell,51,25,3,3,3_3,AdventitialFib
I-2190,all,116,52,2503,3066,21,97299,0,0,0,0,0,I,28,Alveolar fibroblast 1,44,31,1,1,1_5_2,AlveolarFib
I-2193,all,64,36,2684,2798,32,41229,0,0,0,0,0,I,16,Inflammatory monocyte,57,36,2,2,2_6,pDC
I-2195,all,311,85,1940,2660,15,72587,0,0,0,0,0,I,147,Ciliated cell,52,22,4,4,4_1_1,ClubEpi
I-2197,all,35,21,3475,1985,33,35805,0,0,0,0,0,I,6,Alveolar type 1 cell,44,21,6,6,6,AT1
I-2198,all,294,84,2308,3633,28,82794,0,0,0,0,0,I,121,Alveolar fibroblast 1,53,26,4,4,4_1_1,ClubEpi
I-2205,all,18,6,3283,2101,13,16753,0,0,0,0,0,I,8,Alveolar fibroblast 1,38,7,1,1,1_4_3,AlveolarFib
I-2206,all,96,42,2851,2955,21,96511,0,0,0,0,0,I,17,Inflammatory monocyte,63,42,7,7,7_2,PatrolMac
I-2209,all,43,22,3733,3513,28,61223,0,0,0,0,0,I,18,Inflammatory monocyte,45,23,3,3,3_2,SMC
I-2213,all,67,31,2759,3794,25,47062,0,0,0,0,0,I,7,Alveolar type 1 cell,55,32,3,3,3_2,SMC
I-2215,all,8,5,2525,2056,8,23112,0,0,0,0,0,I,6,Alveolar fibroblast 1,25,7,1,1,1_4_1,AlveolarFib
I-2216,all,86,40,3198,3276,23,69951,0,0,0,0,0,I,12,Inflammatory monocyte,58,41,1,1,1_4_1,AlveolarFib
I-2217,all,55,22,2587,3721,20,70259,0,0,0,0,0,I,19,Inflammatory monocyte,54,22,9,9,9,Bcell
I-2218,all,180,53,2349,3735,23,57427,0,0,0,0,0,I,124,Alveolar fibroblast 1,49,13,4,4,4_2,ClubEpi
I-2224,all,117,41,3064,2971,15,81210,0,0,0,0,0,I,49,B cell,43,18,2,2,2_1,Capillary
I-2225,all,38,15,3274,2157,12,60788,0,0,0,0,0,I,11,Innate lymphoid cell,45,15,6,6,6,AT1
I-2227,all,160,60,2899,2980,24,107006,0,0,0,0,0,I,34,Inflammatory monocyte,56,40,9,9,9,Bcell
I-2228,all,380,101,2385,3153,23,102006,0,0,0,0,0,I,180,Ciliated cell,46,21,4,4,4_1_2,ClubEpi
I-2230,all,16,10,2869,2584,27,28570,0,0,0,0,0,I,3,Sox9+/Id2+ epithelial cell,40,11,2,2,2_2,InflamMac
I-2231,all,36,17,3516,2290,34,40460,0,0,0,0,0,I,3,Proliferative mesenchymal progenitor cell,41,17,1,1,1_5_2,AlveolarFib
I-2232,all,119,47,2744,2966,29,86041,0,0,0,0,0,I,21,CD8+ T cell,43,23,1,1,1_2_1,Tcell (CD4)
I-2235,all,24,12,2366,3463,19,12240,0,0,0,0,0,I,16,Ciliated cell,26,11,4,4,4_2,CiliatedEpi
I-2237,all,46,21,3339,2864,35,26941,0,0,0,0,0,I,2,Inflammatory monocyte,46,21,1,1,1_2_1,Tcell (CD4)
I-2242,all,47,21,3730,3330,13,42812,0,0,0,0,0,I,3,T regulatory cell,47,21,8,8,8_1,AlveolarMac
I-2245,all,64,24,3412,2773,13,55467,0,0,0,0,0,I,9,CD8+ T cell,53,24,6,6,6,AT1
I-2246,all,10,7,2777,3726,8,13468,0,0,0,0,0,I,3,Inflammatory monocyte,34,7,1,1,1_2_1,Tcell (CD4)
I-2257,all,42,22,2892,2729,31,32388,0,0,0,0,0,I,11,Neutrophil,44,22,1,1,1_5_1,LymphaticEndo
I-2258,all,106,44,2408,3568,20,74218,0,0,0,0,0,I,12,Inflammatory monocyte,55,33,2,2,2_2,InflamMac
I-2259,all,43,24,3196,3195,23,42120,0,0,0,0,0,I,3,AT1/AT2,46,25,1,1,1_4_1,AlveolarFib
I-2261,all,23,14,3131,2446,9,29077,0,0,0,0,0,I,7,CD8+ T cell,41,15,2,2,2_2,InflamMac
I-2264,all,77,32,3521,2394,14,53045,0,0,0,0,0,I,9,Alveolar macrophage,53,32,8,8,8_1,AlveolarMac
I-2265,all,237,75,3051,2785,22,122576,0,0,0,0,0,I,25,Inflammatory monocyte,54,35,1,1,1_2_3,Tcell (CD4)
I-2266,all,91,36,3553,1981,29,68069,0,0,0,0,0,I,16,CD4+ T cell,57,35,1,1,1_2_1,Tcell (CD4)
I-2267,all,204,71,2313,3499,29,55447,0,0,0,0,0,I,72,Ciliated cell,57,35,4,4,4_1_1,ClubEpi
I-2268,all,89,34,3440,2557,17,95545,0,0,0,0,0,I,10,Inflammatory monocyte,59,35,2,2,2_2,InflamMac
I-2269,all,44,19,3301,3782,15,37045,0,0,0,0,0,I,4,Alveolar type 1 cell,45,19,7,7,7_3,Tcell (CD8)
I-2270,all,111,39,2896,2589,22,80055,0,0,0,0,0,I,46,Alveolar type 1 cell,49,26,1,1,1_4_1,AlveolarFib
I-2275,all,53,23,3328,2038,15,48197,0,0,0,0,0,I,10,Alveolar type 1 cell,52,23,6,6,6,AT1
I-2277,all,414,76,2353,3500,19,91264,0,0,0,0,0,I,278,Ciliated cell,50,12,4,4,4_2,ClubEpi
I-2278,all,100,45,2878,2545,27,65270,0,0,0,0,0,I,23,Secretory cell,63,41,2,2,2_2,InflamMac
I-2280,all,289,82,2363,3180,23,78536,0,0,0,0,0,I,143,Alveolar fibroblast 1,48,21,4,4,4_1_2,ClubEpi
I-2282,all,84,37,2422,3630,16,69073,0,0,0,0,0,I,17,Inflammatory monocyte,58,37,3,3,3_6,SCMF
I-2283,all,8,4,2512,2026,15,23286,0,0,0,0,0,I,4,Endothelial progenitor cell,21,6,1,1,1_5_2,AlveolarFib
I-2287,all,132,50,2892,2934,24,95245,0,0,0,0,0,I,35,CD4+ T cell,50,30,7,7,7_2,PatrolMac
I-2289,all,59,31,3226,2064,20,71637,0,0,0,0,0,I,7,Sox9+/Id2+ epithelial cell,55,31,2,2,2_3,Vein
I-2290,all,133,33,1937,2576,10,25941,0,0,0,0,0,I,92,Arterial endothelial cell,47,8,4,4,4_2,ClubEpi
I-2291,all,247,64,3728,3564,23,135950,0,0,0,0,0,I,18,Mature DC subset,47,25,1,1,1_4_1,AlveolarFib
I-2293,all,18,12,2401,3321,9,25417,0,0,0,0,0,I,5,Secretory cell,38,13,3,3,3_2,SMC
I-2297,all,92,16,3185,2141,30,47314,0,0,0,0,0,I,68,Proliferative mesenchymal progenitor cell,54,16,1,1,1_4_1,AlveolarFib
I-2299,all,64,31,2748,2781,29,63373,0,0,0,0,0,I,11,CD4+ T cell,51,31,1,1,1_2_1,Tcell (CD4)
I-2302,all,25,10,2948,2579,10,22116,0,0,0,0,0,I,5,Alveolar type 1 cell,44,10,6,6,6,AT1
I-2305,all,302,87,2332,3206,16,72324,0,0,0,0,0,I,108,Ciliated cell,49,28,4,4,4_1_2,ClubEpi
I-2306,all,183,48,1952,2602,8,35584,0,0,0,0,0,I,116,Endothelial progenitor cell,64,41,4,4,4_1_1,CiliatedEpi
I-2309,all,50,23,2403,3803,15,46270,0,0,0,0,0,I,9,Ciliated cell,46,23,4,4,4_1_3,CiliatedEpi
I-2310,all,121,42,3692,3539,19,62947,0,0,0,0,0,I,28,Inflammatory monocyte,45,24,1,1,1_4_1,AlveolarFib
I-2311,all,187,82,2319,3570,29,73511,0,0,0,0,0,I,52,Ciliated cell,49,36,4,4,4_1_1,CiliatedEpi
I-2314,all,113,42,3290,3740,13,66378,0,0,0,0,0,I,20,Inflammatory monocyte,53,26,7,7,7_3,Tcell (CD8)
I-2315,all,53,19,2545,2093,9,52402,0,0,0,0,0,I,10,Proliferative mesenchymal progenitor cell,51,19,3,3,3_3,AdventitialFib
I-2321,all,74,26,2530,3375,39,55072,0,0,0,0,0,I,4,Venous endothelial cell,51,27,1,1,1_4_1,AlveolarFib
I-2322,all,24,21,2397,3275,35,51049,0,0,0,0,0,I,9,Alveolar fibroblast 1,44,21,1,1,1_5_1,LymphaticEndo
I-2323,all,26,16,3192,3156,19,35242,0,0,0,0,0,I,4,Secretory cell,45,16,1,1,1_2_3,Tcell (CD4)
I-2328,all,105,42,3235,3228,35,58905,0,0,0,0,0,I,19,Alveolar fibroblast 1,61,36,7,7,7_3,Tcell (CD8)
I-2329,all,63,31,2755,3643,15,74671,0,0,0,0,0,I,12,Inflammatory monocyte,57,31,9,9,9,Bcell
I-2331,all,14,6,2885,2827,41,8724,0,0,0,0,0,I,9,Sox9+/Id2+ epithelial cell,37,6,1,1,1_1,AT2
I-2337,all,37,15,3312,3273,9,29665,0,0,0,0,0,I,8,Natural killer cell,45,16,2,2,2_2,InflamMac
I-2338,all,475,115,2314,3769,24,108387,0,0,0,0,0,I,255,Ciliated cell,49,35,4,4,4_1_2,CiliatedEpi
I-2342,all,302,95,2318,3701,25,104412,0,0,0,0,0,I,102,Alveolar fibroblast 1,37,21,4,4,4_1_1,CiliatedEpi
I-2346,all,36,18,2568,3752,33,39529,0,0,0,0,0,I,8,B cell,45,19,3,3,3_5,SMC
I-2347,all,34,14,3247,3356,34,37205,0,0,0,0,0,I,2,CD4+ T cell,41,14,1,1,1_2_1,Tcell (CD4)
I-2349,all,15,12,2358,3411,17,26680,0,0,0,0,0,I,3,Alveolar macrophage,33,12,1,1,1_2_3,Tcell (CD4)
I-2350,all,76,22,2410,3743,22,53780,0,0,0,0,0,I,5,Alveolar type 1 cell,53,22,6,6,6,AT1
I-2352,all,82,31,3371,2953,26,62423,0,0,0,0,0,I,24,Capillary 2 cell,55,32,2,2,2_2,InflamMac
I-2356,all,56,31,2453,3262,36,43503,0,0,0,0,0,I,8,Alveolar type 1 cell,56,32,1,1,1_4_1,AlveolarFib
I-2365,all,61,19,3026,2039,21,46027,0,0,0,0,0,I,31,T regulatory cell,51,19,7,7,7_3,Tcell (CD8)
I-2367,all,444,116,2309,3375,20,92266,0,0,0,0,0,I,149,Ciliated cell,49,33,4,4,4_1_1,ClubEpi
I-2369,all,33,21,2589,2994,37,27366,0,0,0,0,0,I,11,Alveolar type 1 cell,39,22,1,1,1_4_3,AlveolarFib
I-2371,all,49,33,2920,2918,19,63209,0,0,0,0,0,I,3,Sox9+/Id2+ epithelial cell,49,33,2,2,2_3,Vein
I-2380,all,46,26,3099,2530,31,61411,0,0,0,0,0,I,10,Inflammatory monocyte,46,26,6,6,6,AT1
I-2381,all,195,48,2370,3602,21,65489,0,0,0,0,0,I,138,Inflammatory monocyte,64,47,4,4,4_2,CiliatedEpi
I-2382,all,154,57,3635,3814,22,112135,0,0,0,0,0,I,16,Inflammatory monocyte,54,36,1,1,1_5_2,AlveolarFib
I-2387,all,89,40,2479,3174,29,70374,0,0,0,0,0,I,14,Inflammatory monocyte,59,40,7,7,7_2,PatrolMac
I-2391,all,36,15,3525,2322,38,18132,0,0,0,0,0,I,8,Alveolar fibroblast 1,45,16,1,1,1_4_3,AlveolarFib
I-2393,all,93,32,2382,3387,22,85053,0,0,0,0,0,I,16,CD4+ T cell,58,32,1,1,1_2_3,Tcell (CD4)
I-2396,all,39,24,3619,2282,37,38502,0,0,0,0,0,I,5,Alveolar fibroblast 1,41,25,3,3,3_2,SMC
I-2399,all,161,61,3111,2578,20,138584,0,0,0,0,0,I,37,Alveolar type 1 cell,57,39,6,6,6,AT1
I-2400,all,47,23,3346,1993,11,43060,0,0,0,0,0,I,9,Alveolar fibroblast 1,47,23,6,6,6,AT1
I-2403,all,153,60,2316,3462,29,41970,0,0,0,0,0,I,54,Secretory cell,50,28,4,4,4_1_1,ClubEpi
I-2405,all,140,60,3378,2017,25,108470,0,0,0,0,0,I,32,Alveolar type 1 cell,50,33,6,6,6,AT1
I-2406,all,70,30,3214,3173,28,33929,0,0,0,0,0,I,11,Proliferative mesenchymal progenitor cell,55,30,1,1,1_2_1,Tcell (CD4)
I-2410,all,79,34,3116,3133,21,78558,0,0,0,0,0,I,7,CD8+ T cell,60,35,2,2,2_2,InflamMac
I-2411,all,164,40,1973,2531,8,31812,0,0,0,0,0,I,113,Endothelial progenitor cell,63,40,4,4,4_2,CiliatedEpi
I-2412,all,167,45,2359,3688,21,51436,0,0,0,0,0,I,103,Endothelial progenitor cell,62,44,4,4,4_2,CiliatedEpi
I-2419,all,31,13,2430,3785,16,28928,0,0,0,0,0,I,3,Alveolar macrophage,44,13,1,1,1_2_3,Tcell (CD4)
I-2423,all,100,50,2498,3140,32,53450,0,0,0,0,0,I,11,Alveolar fibroblast 1,66,46,1,1,1_5_1,LymphaticEndo
I-2426,all,74,30,3742,2333,23,71736,0,0,0,0,0,I,11,Classical DC subset 2,53,31,1,1,1_4_1,AlveolarFib
I-2427,all,31,20,2757,3758,27,30380,0,0,0,0,0,I,8,Inflammatory monocyte,40,21,1,1,1_4_1,AlveolarFib
I-2429,all,12,9,3392,2913,25,18541,0,0,0,0,0,I,7,CD8+ T cell,33,11,2,2,2_5,DC
I-2435,all,116,65,2329,3285,23,53017,0,0,0,0,0,I,38,Ciliated cell,69,58,4,4,4_1_1,CiliatedEpi
I-2438,all,136,36,3347,3488,14,87315,0,0,0,0,0,I,10,Inflammatory monocyte,49,15,2,2,2_2,InflamMac
I-2440,all,137,56,1823,2920,17,39752,0,0,0,0,0,I,59,Ciliated cell,46,27,4,4,4_1_1,CiliatedEpi
I-2446,all,102,49,2342,3452,21,38573,0,0,0,0,0,I,51,Ciliated cell,62,49,4,4,4_1_2,CiliatedEpi
I-2451,all,29,16,2394,3459,39,17431,0,0,0,0,0,I,7,Alveolar macrophage,37,16,1,1,1_2_3,Tcell (CD4)
I-2462,all,33,16,3588,2310,26,19878,0,0,0,0,0,I,8,CD8+ T cell,42,17,2,2,2_2,InflamMac
I-2465,all,165,60,2331,3320,31,51161,0,0,0,0,0,I,103,Ciliated cell,50,23,4,4,4_2,ClubEpi
I-2470,all,41,19,2825,2974,32,29982,0,0,0,0,0,I,13,Alveolar macrophage,44,20,3,3,3_5,SMC
I-2473,all,97,32,3440,3007,13,90514,0,0,0,0,0,I,6,Sox9+/Id2+ epithelial cell,58,32,2,2,2_2,InflamMac
I-2478,all,77,37,2410,3375,17,47631,0,0,0,0,0,I,16,Inflammatory monocyte,57,38,1,1,1_4_1,AlveolarFib
I-2479,all,32,13,3111,3175,14,24980,0,0,0,0,0,I,2,Natural killer cell,44,14,1,1,1_6_2,Neutrophil
I-2481,all,86,37,3565,3006,15,92251,0,0,0,0,0,I,9,Inflammatory monocyte,59,37,5,5,5_3,Pericyte
I-2484,all,186,91,2324,3423,20,64711,0,0,0,0,0,I,55,Ciliated cell,52,42,4,4,4_1_1,ClubEpi
I-2493,all,16,8,3735,2952,30,15031,0,0,0,0,0,I,3,CD4+ T cell,36,8,1,1,1_2_1,Tcell (CD4)
I-2496,all,45,26,3539,2358,31,23371,0,0,0,0,0,I,5,Alveolar macrophage,44,26,8,8,8_1,AlveolarMac
I-2497,all,99,26,1966,2472,7,14223,0,0,0,0,0,I,72,Endothelial progenitor cell,60,23,4,4,4_2,ClubEpi
I-2499,all,142,48,2317,3664,26,38982,0,0,0,0,0,I,50,Alveolar fibroblast 1,49,25,4,4,4_1_2,ClubEpi
I-2502,all,190,66,3013,4999,21,81589,0,0,0,0,0,I,58,Ciliated cell,49,30,1,1,1_2_1,Tcell (CD4)
I-2503,all,77,30,2657,4510,34,55828,0,0,0,0,0,I,12,Inflammatory monocyte,57,31,2,2,2_2,InflamMac
I-2505,all,63,30,3043,4763,24,36183,0,0,0,0,0,I,7,Inflammatory monocyte,52,30,1,1,1_2_3,Tcell (CD4)
I-2506,all,81,34,2849,4332,22,49413,0,0,0,0,0,I,6,Inflammatory monocyte,56,34,1,1,1_2_3,Tcell (CD4)
I-2507,all,137,50,2177,4151,28,92932,0,0,0,0,0,I,45,Inflammatory monocyte,49,29,1,1,1_2_1,Tcell (CD4)
I-2508,all,35,19,3387,5129,9,35200,0,0,0,0,0,I,11,CD4+ T cell,43,19,7,7,7_2,PatrolMac
I-2510,all,207,92,2430,4652,35,50878,0,0,0,0,0,I,33,Ciliated cell,53,42,4,4,4_1_1,CiliatedEpi
I-2511,all,48,19,2819,4016,11,21899,0,0,0,0,0,I,9,Alveolar fibroblast 1,49,20,1,1,1_5_1,LymphaticEndo
I-2513,all,111,42,3101,5279,10,58483,0,0,0,0,0,I,13,Proliferative mesenchymal progenitor cell,55,32,3,3,3_4,AdventitialFib
I-2516,all,60,36,3233,5597,15,51984,0,0,0,0,0,I,14,Inflammatory monocyte,57,36,9,9,9,Bcell
I-2519,all,26,16,3233,4131,7,26387,0,0,0,0,0,I,2,CD4+ T cell,46,16,1,1,1_2_1,Tcell (CD4)
I-2520,all,170,59,2866,4173,31,89329,0,0,0,0,0,I,17,Inflammatory monocyte,48,31,1,1,1_2_3,Tcell (CD4)
I-2521,all,137,71,2786,5213,29,69051,0,0,0,0,0,I,22,Ciliated cell,40,30,4,4,4_1_1,CiliatedEpi
I-2522,all,70,35,2912,4353,21,72010,0,0,0,0,0,I,19,Alveolar fibroblast 1,54,36,1,1,1_4_3,AlveolarFib
I-2523,all,191,89,2759,5301,29,88614,0,0,0,0,0,I,39,Ciliated cell,53,42,3,3,3_6,SCMF
I-2524,all,342,114,2560,5305,10,69000,0,0,0,0,0,I,113,Ciliated cell,46,35,4,4,4_1_1,CiliatedEpi
I-2526,all,83,34,2955,4909,24,63445,0,0,0,0,0,I,11,Inflammatory monocyte,61,34,1,1,1_2_1,Tcell (CD4)
I-2527,all,97,40,2264,4107,27,83871,0,0,0,0,0,I,21,Inflammatory monocyte,58,36,1,1,1_2_3,Tcell (CD4)
I-2528,all,222,61,2986,5653,23,136171,0,0,0,0,0,I,30,Pericyte,57,36,3,3,3_5,SMC
I-2529,all,107,41,2891,5019,23,70866,0,0,0,0,0,I,18,Inflammatory monocyte,60,33,1,1,1_2_3,Tcell (CD4)
I-2530,all,23,10,3014,4590,13,31264,0,0,0,0,0,I,6,Alveolar type 1 cell,41,11,1,1,1_4_1,AlveolarFib
I-2531,all,54,20,3183,5198,41,11213,0,0,0,0,0,I,3,Mast cell,53,20,7,7,7_2,PatrolMac
I-2532,all,108,43,2904,4545,26,47643,0,0,0,0,0,I,21,Secondary crest myofibroblast,57,33,3,3,3_6,SCMF
I-2533,all,78,38,2358,3821,17,56955,0,0,0,0,0,I,3,CD4+ T cell,55,38,1,1,1_2_1,Tcell (CD4)
I-2535,all,52,28,2112,4233,32,39449,0,0,0,0,0,I,7,Alveolar fibroblast 1,52,28,1,1,1_2_3,Tcell (CD4)
I-2536,all,234,94,2776,5019,20,60141,0,0,0,0,0,I,64,Inflammatory monocyte,46,34,4,4,4_1_1,CiliatedEpi
I-2537,all,196,100,2595,5321,19,52522,0,0,0,0,0,I,38,Ciliated cell,49,44,4,4,4_1_1,CiliatedEpi
I-2538,all,61,36,3249,5209,25,60912,0,0,0,0,0,I,11,Arterial endothelial cell,57,36,1,1,1_2_3,Tcell (CD4)
I-2539,all,92,24,3318,4882,18,72632,0,0,0,0,0,I,37,CD4+ T cell,59,24,7,7,7_2,PatrolMac
I-2544,all,121,44,3084,4045,35,75983,0,0,0,0,0,I,30,Vascular smooth muscle cell,47,25,5,5,5_1,Pericyte
I-2545,all,65,26,3006,4956,14,28062,0,0,0,0,0,I,8,Alveolar macrophage,54,26,1,1,1_2_3,Tcell (CD4)
I-2546,all,98,44,2935,4598,21,58626,0,0,0,0,0,I,16,Vascular smooth muscle cell,65,43,3,3,3_2,SMC
I-2555,all,120,43,2034,4237,21,87229,0,0,0,0,0,I,20,Alveolar fibroblast 2,50,24,3,3,3_3,AdventitialFib
I-2556,all,177,55,2205,4294,19,90432,0,0,0,0,0,I,24,Arterial endothelial cell,56,36,1,1,1_2_3,Tcell (CD4)
I-2557,all,131,49,3234,4067,22,89493,0,0,0,0,0,I,21,Alveolar fibroblast 1,48,27,2,2,2_4,Artery
I-2558,all,36,19,2971,4851,36,38946,0,0,0,0,0,I,8,Inflammatory monocyte,43,19,5,5,5_3,Pericyte
I-2559,all,41,24,3300,4023,36,16194,0,0,0,0,0,I,2,T regulatory cell,42,24,7,7,7_2,PatrolMac
I-2560,all,43,28,2363,3853,28,39438,0,0,0,0,0,I,6,Classical DC subset 2,44,29,2,2,2_2,InflamMac
I-2561,all,114,52,3321,4989,36,65553,0,0,0,0,0,I,13,Vascular smooth muscle cell,51,34,1,1,1_4_1,AlveolarFib
I-2565,all,33,20,1948,4214,25,39865,0,0,0,0,0,I,3,Sox9+/Id2+ epithelial cell,40,21,3,3,3_2,SMC
I-2566,all,82,41,2865,4835,26,48191,0,0,0,0,0,I,11,Alveolar fibroblast 1,61,42,1,1,1_4_1,AlveolarFib
I-2567,all,8,4,2031,4068,41,13510,0,0,0,0,0,I,3,Pericyte,24,6,5,5,5_1,Pericyte
I-2568,all,321,120,2735,4875,17,69852,0,0,0,0,0,I,102,Arterial endothelial cell,35,27,4,4,4_1_1,CiliatedEpi
I-2569,all,15,12,2401,4155,40,12533,0,0,0,0,0,I,3,AT1/AT2,37,13,1,1,1_4_1,AlveolarFib
I-2570,all,32,18,2766,4375,9,21376,0,0,0,0,0,I,7,Arterial endothelial cell,41,18,7,7,7_2,PatrolMac
I-2572,all,84,54,2870,5122,22,69356,0,0,0,0,0,I,32,Ciliated cell,65,54,3,3,3_6,SCMF
I-2574,all,78,50,2689,4657,35,27888,0,0,0,0,0,I,18,Arterial endothelial cell,61,50,4,4,4_1_1,CiliatedEpi
I-2575,all,459,135,2644,4730,30,91047,0,0,0,0,0,I,135,Ciliated cell,46,38,4,4,4_1_1,ClubEpi
I-2576,all,246,95,2425,5656,15,63424,0,0,0,0,0,I,73,Arterial endothelial cell,49,38,4,4,4_1_2,CiliatedEpi
I-2577,all,231,106,2172,4475,28,61319,0,0,0,0,0,I,49,Arterial endothelial cell,44,34,4,4,4_1_1,ClubEpi
I-2578,all,150,79,2832,5111,22,88075,0,0,0,0,0,I,26,Ciliated cell,42,30,1,1,1_2_3,Tcell (CD4)
I-2579,all,164,85,2686,5371,26,75026,0,0,0,0,0,I,31,Inflammatory monocyte,46,38,3,3,3_2,SMC
I-2580,all,365,132,2310,4542,19,102919,0,0,0,0,0,I,117,Ciliated cell,45,36,4,4,4_1_1,ClubEpi
I-2582,all,61,27,3034,3904,33,34554,0,0,0,0,0,I,7,Alveolar macrophage,55,27,1,1,1_2_3,Tcell (CD4)
I-2583,all,102,41,2947,4261,30,74761,0,0,0,0,0,I,19,CD4+ T cell,61,39,1,1,1_2_1,Tcell (CD4)
I-2584,all,90,34,2583,4021,14,56149,0,0,0,0,0,I,23,Classical DC subset 2,59,34,1,1,1_4_1,AlveolarFib
I-2586,all,148,46,3310,5164,30,86082,0,0,0,0,0,I,11,Inflammatory monocyte,48,23,1,1,1_2_3,Tcell (CD4)
I-2588,all,40,19,2452,4491,38,26602,0,0,0,0,0,I,9,Inflammatory monocyte,44,19,9,9,9,Bcell
I-2592,all,101,50,2823,4806,29,50868,0,0,0,0,0,I,9,Alveolar fibroblast 1,66,48,1,1,1_4_1,AlveolarFib
I-2593,all,160,60,2370,4292,35,78233,0,0,0,0,0,I,13,Inflammatory monocyte,54,40,2,2,2_2,InflamMac
I-2597,all,129,51,3033,5253,19,52046,0,0,0,0,0,I,30,Capillary 1 cell,45,26,1,1,1_2_3,Tcell (CD4)
I-2598,all,175,75,2527,5375,11,43685,0,0,0,0,0,I,64,Secretory cell,45,28,4,4,4_1_2,ClubEpi
I-2599,all,241,101,2763,4912,16,69818,0,0,0,0,0,I,43,Capillary 1 cell,53,42,4,4,4_1_1,CiliatedEpi
I-2600,all,87,48,2447,4612,17,39097,0,0,0,0,0,I,28,Ciliated cell,58,47,4,4,4_1_1,CiliatedEpi
I-2601,all,34,21,3319,3915,37,30504,0,0,0,0,0,I,7,Mature DC subset,42,21,1,1,1_5_2,AlveolarFib
I-2602,all,43,13,2866,3827,8,24550,0,0,0,0,0,I,23,Alveolar type 2 cell,46,13,1,1,1_3,AT2
I-2603,all,252,77,1980,3911,20,51657,0,0,0,0,0,I,131,Arterial endothelial cell,45,24,4,4,4_1_1,CiliatedEpi
I-2604,all,184,87,2729,4810,27,61197,0,0,0,0,0,I,44,Ciliated cell,48,40,4,4,4_1_1,CiliatedEpi
I-2605,all,357,121,2697,4829,20,85772,0,0,0,0,0,I,99,Arterial endothelial cell,48,41,4,4,4_1_1,CiliatedEpi
I-2606,all,51,22,2356,4105,39,22423,0,0,0,0,0,I,9,Alveolar type 1 cell,51,23,1,1,1_4_3,AlveolarFib
I-2614,all,217,83,2103,4386,24,80658,0,0,0,0,0,I,84,Secretory cell,47,26,4,4,4_1_2,ClubEpi
I-2615,all,73,36,2078,4218,29,48374,0,0,0,0,0,I,16,Inflammatory monocyte,57,36,1,1,1_2_3,Tcell (CD4)
I-2616,all,90,44,2514,5572,24,56425,0,0,0,0,0,I,14,Proliferative mesenchymal progenitor cell,62,43,1,1,1_2_1,Tcell (CD4)
I-2620,all,48,26,2228,4037,35,36002,0,0,0,0,0,I,3,T regulatory cell,48,26,1,1,1_2_1,Tcell (CD4)
I-2621,all,43,23,2896,4326,29,25195,0,0,0,0,0,I,9,Alveolar fibroblast 1,44,24,1,1,1_4_1,AlveolarFib
I-2623,all,14,11,3310,4088,9,22002,0,0,0,0,0,I,3,T regulatory cell,31,11,1,1,1_2_1,Tcell (CD4)
I-2624,all,121,58,2483,5533,11,21554,0,0,0,0,0,I,34,Inflammatory monocyte,41,24,3,3,3_4,AdventitialFib
I-2625,all,451,147,2674,5235,27,104233,0,0,0,0,0,I,84,Alveolar fibroblast 1,38,33,4,4,4_1_1,ClubEpi
I-2628,all,222,78,2265,4499,23,96798,0,0,0,0,0,I,104,Capillary 1 cell,47,35,4,4,4_1_2,CiliatedEpi
I-2629,all,87,37,2336,4158,31,52471,0,0,0,0,0,I,2,CD4+ T cell,58,36,1,1,1_2_1,Tcell (CD4)
I-2630,all,123,62,2840,5008,28,64723,0,0,0,0,0,I,38,Arterial endothelial cell,61,47,4,4,4_1_1,CiliatedEpi
I-2644,all,458,136,2792,4954,27,106715,0,0,0,0,0,I,133,Ciliated cell,42,31,4,4,4_1_1,ClubEpi
I-2645,all,16,8,2668,4570,3,7375,0,0,0,0,0,I,11,CD4+ T cell,39,8,2,2,2_6,pDC
I-2648,all,108,39,2314,4057,38,75516,0,0,0,0,0,I,3,Alveolar macrophage,55,26,1,1,1_4_1,AlveolarFib
I-2654,all,43,25,2849,4001,10,24067,0,0,0,0,0,I,9,T regulatory cell,46,26,1,1,1_4_3,AlveolarFib
I-2655,all,24,11,3046,5650,7,19129,0,0,0,0,0,I,7,Inflammatory monocyte,43,12,3,3,3_2,SMC
I-2657,all,48,24,2656,4626,16,30718,0,0,0,0,0,I,5,Venous endothelial cell,52,25,3,3,3_1,SMC
I-2658,all,415,134,2352,4593,21,103291,0,0,0,0,0,I,127,Ciliated cell,54,47,4,4,4_1_1,CiliatedEpi
I-2660,all,194,47,2064,4344,19,46807,0,0,0,0,0,I,117,Ciliated cell,60,37,4,4,4_2,CiliatedEpi
I-2661,all,130,59,2068,4404,34,31524,0,0,0,0,0,I,44,Ciliated cell,40,18,4,4,4_1_1,ClubEpi
I-2662,all,94,41,2875,4527,31,50798,0,0,0,0,0,I,13,Capillary 1 cell,59,40,1,1,1_2_3,Tcell (CD4)
I-2663,all,123,48,2596,4097,17,71628,0,0,0,0,0,I,25,Innate lymphoid cell,44,30,1,1,1_5_2,AlveolarFib
I-2667,all,66,27,2425,4160,21,38607,0,0,0,0,0,I,7,CD4+ T cell,56,27,1,1,1_2_1,Tcell (CD4)
I-2669,all,90,37,2965,4721,34,39995,0,0,0,0,0,I,5,CD4+ T cell,61,36,1,1,1_2_1,Tcell (CD4)
I-2672,all,368,132,2448,5588,16,79265,0,0,0,0,0,I,98,Classical DC subset 1,42,36,4,4,4_1_1,CiliatedEpi
I-2675,all,390,117,2550,5442,18,80841,0,0,0,0,0,I,111,Alveolar fibroblast 1,47,37,4,4,4_1_1,ClubEpi
I-2676,all,186,76,1980,4297,20,81835,0,0,0,0,0,I,73,Endothelial progenitor cell,41,25,4,4,4_1_1,CiliatedEpi
I-2677,all,203,63,2955,4560,23,97266,0,0,0,0,0,I,18,Secondary crest myofibroblast,60,40,3,3,3_5,SMC
I-2678,all,58,33,3017,5071,38,23767,0,0,0,0,0,I,2,Inflammatory monocyte,53,33,1,1,1_2_1,Tcell (CD4)
I-2679,all,94,40,2152,4381,23,102861,0,0,0,0,0,I,43,Capillary 1 cell,62,40,3,3,3_2,SMC
I-2680,all,210,66,2975,5180,31,66219,0,0,0,0,0,I,43,Venous endothelial cell,58,36,1,1,1_2_3,Tcell (CD4)
I-2682,all,237,111,2701,5339,31,55618,0,0,0,0,0,I,49,Ciliated cell,47,39,4,4,4_1_1,ClubEpi
I-2684,all,66,36,2794,4802,31,28956,0,0,0,0,0,I,6,Inflammatory monocyte,59,36,1,1,1_5_2,AlveolarFib
I-2685,all,65,29,2919,4746,28,38209,0,0,0,0,0,I,21,Alveolar fibroblast 1,54,29,1,1,1_5_2,AlveolarFib
I-2686,all,49,22,2555,4006,8,25707,0,0,0,0,0,I,4,Alveolar type 1 cell,52,23,1,1,1_4_1,AlveolarFib
I-2687,all,193,50,2911,3937,28,101361,0,0,0,0,0,I,12,Inflammatory monocyte,56,30,1,1,1_2_3,Tcell (CD4)
I-2691,all,143,76,2836,5228,34,35256,0,0,0,0,0,I,30,Inflammatory monocyte,39,26,4,4,4_1_1,CiliatedEpi
I-2693,all,124,47,2213,4339,34,61746,0,0,0,0,0,I,12,Innate lymphoid cell,46,23,2,2,2_2,InflamMac
I-2695,all,237,90,2516,5486,21,48756,0,0,0,0,0,I,49,B cell,50,38,4,4,4_1_1,ClubEpi
I-2696,all,143,42,3261,3921,22,95729,0,0,0,0,0,I,30,B cell,48,19,1,1,1_2_1,Tcell (CD4)
I-2697,all,270,117,2556,5494,35,61837,0,0,0,0,0,I,69,Secretory cell,40,31,7,7,7_3,Tcell (CD8)
I-2700,all,151,55,2705,4498,15,75997,0,0,0,0,0,I,19,Inflammatory monocyte,47,24,1,1,1_2_3,Tcell (CD4)
I-2701,all,92,51,2397,3840,22,53148,0,0,0,0,0,I,14,CD4+ T cell,68,51,1,1,1_2_3,Tcell (CD4)
I-2702,all,47,26,2027,3944,36,33123,0,0,0,0,0,I,4,Vascular smooth muscle cell,49,27,3,3,3_2,SMC
I-2703,all,186,78,2552,4622,24,130433,0,0,0,0,0,I,28,Ciliated cell,52,42,4,4,4_1_3,CiliatedEpi
I-2704,all,97,64,2801,4890,25,42781,0,0,0,0,0,I,31,Secretory cell,70,62,4,4,4_1_1,ClubEpi
I-2706,all,125,40,3201,4636,18,67616,0,0,0,0,0,I,64,Alveolar fibroblast 1,42,16,1,1,1_4_1,AlveolarFib
I-2708,all,277,103,2621,4620,24,112996,0,0,0,0,0,I,74,Arterial endothelial cell,43,28,4,4,4_1_1,ClubEpi
I-2715,all,77,31,3352,5125,17,56158,0,0,0,0,0,I,9,CD4+ T cell,56,31,2,2,2_1,Capillary
I-2721,all,253,106,2771,4991,26,48930,0,0,0,0,0,I,49,Alveolar fibroblast 1,45,36,4,4,4_1_1,ClubEpi
I-2723,all,11,6,3445,4257,7,16079,0,0,0,0,0,I,2,CD4+ T cell,30,6,1,1,1_2_1,Tcell (CD4)
I-2724,all,94,54,2972,5049,36,25105,0,0,0,0,0,I,21,Ciliated cell,65,52,4,4,4_1_1,CiliatedEpi
I-2727,all,55,27,2086,4303,31,51564,0,0,0,0,0,I,24,Capillary 1 cell,54,28,3,3,3_2,SMC
I-2729,all,174,58,2994,5557,18,106779,0,0,0,0,0,I,18,Alveolar fibroblast 2,55,36,3,3,3_3,AdventitialFib
I-2730,all,95,35,2382,3937,30,89574,0,0,0,0,0,I,12,Inflammatory monocyte,60,35,1,1,1_2_3,Tcell (CD4)
I-2731,all,32,20,2894,5181,22,20370,0,0,0,0,0,I,7,CD4+ T cell,40,20,1,1,1_2_1,Tcell (CD4)
I-2732,all,116,42,2995,4813,28,88656,0,0,0,0,0,I,23,CD4+ T cell,44,24,1,1,1_4_1,AlveolarFib
I-2734,all,71,28,2345,4196,25,38048,0,0,0,0,0,I,20,Proliferative mesenchymal progenitor cell,54,28,1,1,1_2_1,Tcell (CD4)
I-2736,all,42,24,2869,5204,27,27342,0,0,0,0,0,I,11,Inflammatory monocyte,43,24,7,7,7_3,Tcell (CD8)
I-2737,all,95,50,2844,4972,33,34303,0,0,0,0,0,I,12,Ciliated cell,67,49,4,4,4_1_1,CiliatedEpi
I-2738,all,89,33,2916,5228,34,49297,0,0,0,0,0,I,12,Arterial endothelial cell,59,33,1,1,1_6_2,Neutrophil
I-2741,all,91,38,3116,4881,30,43157,0,0,0,0,0,I,19,Inflammatory monocyte,60,38,1,1,1_2_3,Tcell (CD4)
I-2742,all,43,22,2973,4753,36,19601,0,0,0,0,0,I,6,Inflammatory monocyte,46,24,2,2,2_5,DC
I-2743,all,164,54,3024,5471,12,65603,0,0,0,0,0,I,10,Inflammatory monocyte,56,37,3,3,3_4,AdventitialFib
I-2744,all,274,110,2484,5588,20,102516,0,0,0,0,0,I,47,B cell,43,30,3,3,3_3,AdventitialFib
I-2746,all,218,74,2246,4170,27,144298,0,0,0,0,0,I,28,Alveolar fibroblast 1,51,39,1,1,1_5_2,AlveolarFib
I-2748,all,127,64,2823,5041,28,44580,0,0,0,0,0,I,43,Secretory cell,41,26,4,4,4_1_1,ClubEpi
I-2749,all,84,58,2872,5161,28,37345,0,0,0,0,0,I,21,B cell,68,58,1,1,1_2_3,Tcell (CD4)
I-2753,all,58,28,2851,4709,27,33595,0,0,0,0,0,I,3,Alveolar macrophage,54,28,8,8,8_2,InterstitialMac
I-2754,all,173,83,2769,5175,30,62708,0,0,0,0,0,I,40,Arterial endothelial cell,46,35,4,4,4_1_1,CiliatedEpi
I-2756,all,121,69,2757,4846,27,47226,0,0,0,0,0,I,31,Ciliated cell,40,27,4,4,4_1_3,ClubEpi
I-2759,all,473,118,2146,4429,23,127429,0,0,0,0,0,I,222,Alveolar fibroblast 1,47,34,4,4,4_1_2,CiliatedEpi
I-2762,all,176,92,2826,5183,28,66438,0,0,0,0,0,I,40,Ciliated cell,48,39,4,4,4_1_1,ClubEpi
I-2763,all,30,16,2210,4430,13,25829,0,0,0,0,0,I,19,Venous endothelial cell,40,16,3,3,3_6,SCMF
I-2764,all,121,45,3002,5420,30,59562,0,0,0,0,0,I,13,Alveolar macrophage,46,23,3,3,3_3,AdventitialFib
I-2765,all,157,76,2795,4852,28,60791,0,0,0,0,0,I,42,Ciliated cell,47,35,3,3,3_1,SMC
I-2766,all,196,65,3010,5162,17,69596,0,0,0,0,0,I,24,Inflammatory monocyte,54,37,1,1,1_2_3,Tcell (CD4)
I-2767,all,198,78,2548,5609,35,83189,0,0,0,0,0,I,29,Ciliated cell,55,48,4,4,4_1_1,ClubEpi
I-2768,all,20,15,3045,5094,39,15140,0,0,0,0,0,I,5,B cell,38,15,9,9,9,Bcell
I-2769,all,92,29,2038,4300,25,42125,0,0,0,0,0,I,56,Venous endothelial cell,61,29,4,4,4_2,ClubEpi
I-2771,all,75,52,2951,5060,29,41939,0,0,0,0,0,I,20,Ciliated cell,64,52,4,4,4_1_1,ClubEpi
I-2774,all,172,78,2790,5045,24,49931,0,0,0,0,0,I,45,Arterial endothelial cell,42,32,4,4,4_1_1,CiliatedEpi
I-2775,all,64,28,3235,5134,37,32859,0,0,0,0,0,I,7,Inflammatory monocyte,56,29,3,3,3_5,SMC
I-2776,all,257,104,2226,4502,25,72271,0,0,0,0,0,I,63,Endothelial progenitor cell,55,49,4,4,4_1_1,CiliatedEpi
I-2778,all,329,109,2515,5516,22,63065,0,0,0,0,0,I,74,Venous endothelial cell,43,34,3,3,3_3,AdventitialFib
I-2779,all,89,44,3122,5375,33,46819,0,0,0,0,0,I,7,Alveolar macrophage,64,44,1,1,1_4_1,AlveolarFib
I-2780,all,467,141,2733,5115,15,93953,0,0,0,0,0,I,120,Venous endothelial cell,41,35,4,4,4_1_1,ClubEpi
I-2781,all,34,19,3114,4917,33,30708,0,0,0,0,0,I,2,CD8+ T cell,41,20,2,2,2_2,InflamMac
I-2783,all,141,62,2208,4477,22,32656,0,0,0,0,0,I,54,Arterial endothelial cell,65,50,4,4,4_1_2,CiliatedEpi
I-2784,all,92,41,2909,4578,26,51833,0,0,0,0,0,I,24,Alveolar fibroblast 1,61,41,3,3,3_2,SMC
I-2787,all,85,52,2012,4349,31,37436,0,0,0,0,0,I,17,Venous endothelial cell,63,52,4,4,4_1_1,ClubEpi
I-2788,all,9,6,2976,4592,14,25767,0,0,0,0,0,I,3,Alveolar macrophage,26,7,1,1,1_2_3,Tcell (CD4)
I-2789,all,43,33,2936,5013,36,31365,0,0,0,0,0,I,9,Ciliated cell,44,33,4,4,4_1_1,CiliatedEpi
I-2790,all,53,29,2950,4686,33,32307,0,0,0,0,0,I,11,Alveolar macrophage,53,29,7,7,7_3,Tcell (CD8)
I-2794,all,119,42,3362,5207,39,30393,0,0,0,0,0,I,4,Alveolar macrophage,42,19,3,3,3_2,SMC
I-2795,all,115,46,2580,3961,21,64420,0,0,0,0,0,I,43,Alveolar fibroblast 1,45,24,1,1,1_4_1,AlveolarFib
I-2796,all,90,53,2904,5098,26,42507,0,0,0,0,0,I,13,B cell,66,53,4,4,4_1_3,ClubEpi
I-2798,all,111,44,2410,4325,22,56350,0,0,0,0,0,I,14,Alveolar type 1 cell,47,26,2,2,2_2,InflamMac
I-2799,all,29,19,2350,4546,36,26399,0,0,0,0,0,I,2,Proliferative mesenchymal progenitor cell,36,19,3,3,3_3,AdventitialFib
I-2800,all,262,105,2609,4679,22,99017,0,0,0,0,0,I,87,Alveolar fibroblast 1,46,37,4,4,4_1_1,ClubEpi
I-2802,all,50,40,2989,5096,37,16303,0,0,0,0,0,I,6,Inflammatory monocyte,50,40,4,4,4_1_1,ClubEpi
I-2804,all,312,100,1959,3863,30,90119,0,0,0,0,0,I,94,Ciliated cell,45,23,4,4,4_1_1,ClubEpi
I-2807,all,14,9,3276,3994,19,26945,0,0,0,0,0,I,3,CD4+ T cell,32,9,1,1,1_2_3,Tcell (CD4)
I-2808,all,257,96,2046,4380,27,57935,0,0,0,0,0,I,94,Ciliated cell,42,25,4,4,4_1_1,ClubEpi
I-2809,all,252,108,2693,5145,14,50774,0,0,0,0,0,I,38,Endothelial progenitor cell,42,34,4,4,4_1_1,CiliatedEpi
I-2811,all,29,15,2446,4538,5,12553,0,0,0,0,0,I,4,Secondary crest myofibroblast,41,15,3,3,3_3,AdventitialFib
I-2812,all,312,109,2955,5126,34,87911,0,0,0,0,0,I,98,Arterial endothelial cell,49,35,4,4,4_1_2,ClubEpi
I-2813,all,138,43,2496,4086,13,77290,0,0,0,0,0,I,56,Classical DC subset 2,48,24,3,3,3_5,SMC
I-2816,all,255,103,2775,5140,26,89955,0,0,0,0,0,I,54,Secretory cell,48,40,4,4,4_1_1,CiliatedEpi
I-2817,all,433,128,2401,4598,23,129763,0,0,0,0,0,I,159,Alveolar fibroblast 1,47,32,4,4,4_1_1,ClubEpi
I-2818,all,123,48,2952,4395,19,90235,0,0,0,0,0,I,20,Inflammatory monocyte,47,27,1,1,1_2_3,Tcell (CD4)
I-2821,all,40,29,3113,5458,34,40562,0,0,0,0,0,I,3,Sox9+/Id2+ epithelial cell,41,29,1,1,1_3,AT2
I-2823,all,14,5,3324,3986,5,12764,0,0,0,0,0,I,3,Alveolar fibroblast 1,30,6,2,2,2_3,Vein
I-2824,all,59,34,2745,5529,6,39954,0,0,0,0,0,I,8,Inflammatory monocyte,56,34,1,1,1_2_3,Tcell (CD4)
I-2825,all,54,25,2916,4409,16,32230,0,0,0,0,0,I,7,Alveolar fibroblast 1,52,26,3,3,3_2,SMC
I-2828,all,44,24,2800,4376,6,15389,0,0,0,0,0,I,2,Proliferative mesenchymal progenitor cell,47,25,1,1,1_6_2,Neutrophil
I-2832,all,150,73,2724,4700,36,70319,0,0,0,0,0,I,42,Sox9+/Id2+ epithelial cell,35,26,4,4,4_1_2,CiliatedEpi
I-2834,all,195,79,2593,5399,18,80828,0,0,0,0,0,I,46,CD8+ T cell,50,40,4,4,4_1_1,CiliatedEpi
I-2835,all,44,24,2990,5455,23,30578,0,0,0,0,0,I,7,Alveolar macrophage,44,24,3,3,3_3,AdventitialFib
I-2836,all,191,66,2175,4254,22,126072,110,110,0,1,0,I,23,Alveolar macrophage,54,36,1,1,1_2_3,Tcell (CD4)
I-2837,all,192,62,2716,3957,26,108335,110,110,0,1,0,I,26,Capillary 2 cell,52,35,1,1,1_2_1,Tcell (CD4)
I-2838,all,89,34,2979,3833,19,83503,0,0,0,0,0,I,10,Inflammatory monocyte,61,33,1,1,1_2_3,Tcell (CD4)
I-2840,all,136,56,1962,4245,17,64618,0,0,0,0,0,I,75,Arterial endothelial cell,70,53,4,4,4_1_2,CiliatedEpi
I-2842,all,72,28,2869,5250,33,53597,0,0,0,0,0,I,14,Secondary crest myofibroblast,54,29,3,3,3_1,SMC
I-2843,all,12,9,2285,4277,33,11150,0,0,0,0,0,I,4,Proliferative mesenchymal progenitor cell,32,9,1,1,1_2_1,Tcell (CD4)
I-2844,all,154,61,1940,4290,15,45258,0,0,0,0,0,I,59,Arterial endothelial cell,46,32,4,4,4_1_1,CiliatedEpi
I-2846,all,73,33,2937,5664,24,62723,0,0,0,0,0,I,15,Secondary crest myofibroblast,53,33,3,3,3_6,SCMF
I-2847,all,329,121,2602,5470,35,77242,53,53,0,1,0,I,39,Arterial endothelial cell,48,43,8,8,8_2,InterstitialMac
I-2849,all,357,121,2491,5651,33,82505,0,0,0,0,0,I,106,Ciliated cell,49,41,4,4,4_1_1,CiliatedEpi
I-2850,all,489,137,2732,5239,32,106959,0,0,0,0,0,I,113,Ciliated cell,43,35,4,4,4_1_1,ClubEpi
I-2851,all,34,17,2631,3928,12,24858,0,0,0,0,0,I,21,B cell,43,17,9,9,9,Bcell
I-2853,all,34,18,3270,4024,14,37197,0,0,0,0,0,I,4,Alveolar type 1 cell,43,19,1,1,1_4_1,AlveolarFib
I-2854,all,16,8,2097,4005,25,13641,0,0,0,0,0,I,2,Alveolar macrophage,33,8,7,7,7_3,Tcell (CD8)
I-2856,all,180,82,2923,5075,26,75007,0,0,0,0,0,I,34,Ciliated cell,45,39,4,4,4_1_1,CiliatedEpi
I-2858,all,158,78,2681,5303,29,50047,0,0,0,0,0,I,31,Ciliated cell,43,33,4,4,4_1_1,CiliatedEpi
I-2860,all,83,39,2056,4273,26,71308,0,0,0,0,0,I,17,Alveolar fibroblast 2,58,39,3,3,3_3,AdventitialFib
I-2862,all,107,52,2649,5324,22,56039,0,0,0,0,0,I,11,Ciliated cell,59,42,7,7,7_3,Tcell (CD8)
I-2865,all,136,48,2349,3893,28,81383,0,0,0,0,0,I,17,Alveolar fibroblast 1,49,25,1,1,1_4_1,AlveolarFib
I-2866,all,9,5,2386,4472,40,5947,0,0,0,0,0,I,2,Alveolar type 1 cell,29,6,1,1,1_2_3,Tcell (CD4)
I-2871,all,9,3,2877,3848,7,8585,0,0,0,0,0,I,6,Sox9+/Id2+ epithelial cell,35,4,1,1,1_1,AT2
I-2872,all,125,61,2005,4317,20,35486,0,0,0,0,0,I,46,Arterial endothelial cell,38,20,4,4,4_1_1,ClubEpi
I-2873,all,57,28,2110,4323,30,40595,0,0,0,0,0,I,32,Capillary 1 cell,55,29,3,3,3_2,SMC
I-2875,all,86,39,2874,5044,20,55535,0,0,0,0,0,I,11,CD4+ T cell,61,39,1,1,1_2_3,Tcell (CD4)
I-2876,all,30,19,2864,4560,37,16394,0,0,0,0,0,I,4,Sox9+/Id2+ epithelial cell,38,19,3,3,3_6,SCMF
I-2878,all,101,47,2825,5144,24,71355,0,0,0,0,0,I,9,Secretory cell,66,43,7,7,7_3,Tcell (CD8)
I-2883,all,228,67,2898,4784,21,103652,0,0,0,0,0,I,26,CD8+ T cell,55,34,1,1,1_4_1,AlveolarFib
I-2885,all,82,36,2937,4330,26,56565,0,0,0,0,0,I,10,Inflammatory monocyte,57,37,3,3,3_2,SMC
I-2889,all,131,62,1986,3837,25,32641,0,0,0,0,0,I,53,Endothelial progenitor cell,50,30,4,4,4_1_1,CiliatedEpi
I-2890,all,22,10,2433,4096,29,24399,0,0,0,0,0,I,6,Alveolar macrophage,39,10,1,1,1_2_3,Tcell (CD4)
I-2891,all,59,38,2874,4991,32,28197,0,0,0,0,0,I,5,B cell,56,38,9,9,9,Bcell
I-2895,all,147,59,2858,5071,20,63127,0,0,0,0,0,I,38,Pericyte,50,33,2,2,2_5,DC
I-2896,all,34,22,3294,3840,20,24067,0,0,0,0,0,I,8,CD4+ T cell,43,22,1,1,1_2_1,Tcell (CD4)
I-2898,all,117,62,2832,5076,22,33050,0,0,0,0,0,I,35,Alveolar fibroblast 1,43,28,4,4,4_1_1,ClubEpi
I-2901,all,103,61,2822,4873,31,31664,0,0,0,0,0,I,30,Arterial endothelial cell,67,54,1,1,1_2_1,Tcell (CD4)
I-2907,all,80,39,2841,4741,24,50306,0,0,0,0,0,I,3,Proliferative mesenchymal progenitor cell,58,39,3,3,3_3,AdventitialFib
I-2908,all,69,41,3083,4941,35,36458,0,0,0,0,0,I,8,Inflammatory monocyte,60,42,3,3,3_5,SMC
I-2909,all,116,47,3218,5242,30,62432,0,0,0,0,0,I,14,Alveolar fibroblast 1,48,25,1,1,1_2_3,Tcell (CD4)
I-2914,all,11,8,2377,4509,41,13841,0,0,0,0,0,I,2,Alveolar macrophage,32,8,1,1,1_2_3,Tcell (CD4)
I-2917,all,70,32,3208,5609,25,47508,0,0,0,0,0,I,14,B cell,54,32,1,1,1_2_1,Tcell (CD4)
I-2920,all,24,8,1960,4049,12,8187,0,0,0,0,0,I,20,Capillary 1 cell,21,8,4,4,4_2,CiliatedEpi
I-2923,all,80,34,3232,3984,17,93064,0,0,0,0,0,I,11,CD4+ T cell,57,34,1,1,1_2_3,Tcell (CD4)
I-2924,all,85,44,1963,4327,30,31220,0,0,0,0,0,I,28,Arterial endothelial cell,56,43,4,4,4_1_1,CiliatedEpi
I-2928,all,107,37,1955,4002,22,33558,0,0,0,0,0,I,68,Alveolar fibroblast 1,60,27,4,4,4_1_1,ClubEpi
I-2932,all,53,30,2232,4210,24,30877,0,0,0,0,0,I,11,CD4+ T cell,53,31,3,3,3_1,SMC
I-2935,all,76,53,2826,4913,38,13623,0,0,0,0,0,I,21,Natural killer cell,61,53,4,4,4_1_3,ClubEpi
I-2938,all,77,48,2898,5125,24,39968,0,0,0,0,0,I,22,Sox9+/Id2+ epithelial cell,63,48,4,4,4_1_1,CiliatedEpi
I-2941,all,216,73,2824,5709,28,93373,0,0,0,0,0,I,78,Ciliated cell,49,31,4,4,4_1_2,CiliatedEpi
I-2942,all,135,45,3611,6046,20,107610,0,0,0,0,0,I,28,Sox9+/Id2+ epithelial cell,48,25,1,1,1_5_1,LymphaticEndo
I-2943,all,61,18,2678,6241,34,58613,0,0,0,0,0,I,37,Secretory cell,54,18,4,4,4_2,ClubEpi
I-2944,all,24,18,3083,7479,36,59013,0,0,0,0,0,I,2,CD4+ T cell,47,20,2,2,2_5,DC
I-2945,all,162,45,2572,6329,11,59228,0,0,0,0,0,I,84,Ciliated cell,64,42,4,4,4_2,CiliatedEpi
I-2948,all,59,21,2799,6601,22,46689,0,0,0,0,0,I,31,Sox9+/Id2+ epithelial cell,52,22,1,1,1_4_3,AlveolarFib
I-2949,all,53,14,2380,7407,12,71519,0,0,0,0,0,I,21,Alveolar type 2 cell,51,14,1,1,1_1,AT2
I-2950,all,79,29,2452,6677,26,70793,0,0,0,0,0,I,30,Inflammatory monocyte,54,30,2,2,2_1,Capillary
I-2952,all,25,12,3611,7013,14,46679,0,0,0,0,0,I,4,Natural killer cell,43,12,7,7,7_3,Tcell (CD8)
I-2953,all,64,28,2519,6828,35,75802,0,0,0,0,0,I,18,Alveolar fibroblast 1,54,29,3,3,3_5,SMC
I-2954,all,52,26,2725,6570,13,73104,0,0,0,0,0,I,7,Pericyte,51,26,5,5,5_1,Pericyte
I-2955,all,10,6,3355,6232,12,27303,0,0,0,0,0,I,4,Alveolar fibroblast 1,27,6,3,3,3_4,AdventitialFib
I-2957,all,26,19,3365,6421,36,42743,0,0,0,0,0,I,3,Inflammatory monocyte,45,19,7,7,7_2,PatrolMac
I-2958,all,33,19,3480,6339,18,63609,0,0,0,0,0,I,10,Alveolar fibroblast 1,41,19,1,1,1_5_1,LymphaticEndo
I-2959,all,36,19,2797,6668,11,53385,0,0,0,0,0,I,6,Mesothelial cell,41,19,3,3,3_3,AdventitialFib
I-2960,all,54,31,2771,6360,23,65482,0,0,0,0,0,I,6,Capillary 1 cell,53,31,3,3,3_4,AdventitialFib
I-2961,all,196,43,2538,6358,12,52346,0,0,0,0,0,I,114,Ciliated cell,60,23,4,4,4_2,ClubEpi
I-2962,all,111,45,2829,6251,20,97812,0,0,0,0,0,I,15,Inflammatory monocyte,56,34,7,7,7_2,PatrolMac
I-2963,all,40,24,2937,7122,32,53392,0,0,0,0,0,I,2,Inflammatory monocyte,41,24,7,7,7_2,PatrolMac
I-2966,all,18,8,3610,6901,11,33115,0,0,0,0,0,I,3,Pericyte,39,9,3,3,3_5,SMC
I-2967,all,72,28,3686,6203,29,71942,0,0,0,0,0,I,10,B cell,52,28,9,9,9,Bcell
I-2968,all,44,24,2843,6504,28,59999,0,0,0,0,0,I,4,Alveolar fibroblast 1,44,24,1,1,1_5_2,AlveolarFib
I-2970,all,33,16,3074,6517,29,41417,0,0,0,0,0,I,6,Arterial endothelial cell,43,17,2,2,2_4,Artery
I-2971,all,28,16,3114,5971,21,47500,0,0,0,0,0,I,5,B cell,40,16,2,2,2_1,Capillary
I-2972,all,68,32,3421,6066,30,89237,0,0,0,0,0,I,18,Vascular smooth muscle cell,56,32,3,3,3_3,AdventitialFib
I-2973,all,133,40,2489,6453,24,74986,0,0,0,0,0,I,81,Secretory cell,47,15,4,4,4_2,ClubEpi
I-2975,all,89,32,2790,6408,16,87579,0,0,0,0,0,I,39,Sox9+/Id2+ epithelial cell,58,32,5,5,5_1,Pericyte
I-2977,all,57,37,3225,5691,18,96966,0,0,0,0,0,I,20,Vascular smooth muscle cell,55,37,3,3,3_2,SMC
I-2979,all,51,21,2922,7091,24,55164,0,0,0,0,0,I,21,Arterial endothelial cell,51,22,2,2,2_4,Artery
I-2981,all,14,11,3614,5939,26,24961,0,0,0,0,0,I,5,Sox9+/Id2+ epithelial cell,29,11,5,5,5_1,Pericyte
I-2982,all,150,47,2830,7502,25,86397,0,0,0,0,0,I,11,Alveolar type 1 cell,47,19,6,6,6,AT1
I-2983,all,42,25,3007,6440,24,66081,0,0,0,0,0,I,10,Alveolar fibroblast 2,43,25,3,3,3_3,AdventitialFib
I-2989,all,33,16,2768,6722,13,35588,0,0,0,0,0,I,4,Sox9+/Id2+ epithelial cell,41,15,2,2,2_1,Capillary
I-2990,all,9,4,3394,6396,25,38950,0,0,0,0,0,I,3,CD8+ T cell,28,5,2,2,2_2,InflamMac
I-2991,all,49,25,2895,6402,21,27694,0,0,0,0,0,I,6,Inflammatory monocyte,51,27,2,2,2_5,DC
I-2992,all,21,14,3241,6790,16,46920,0,0,0,0,0,I,7,Alveolar macrophage,39,15,1,1,1_4_1,AlveolarFib
I-2994,all,33,19,3386,7498,32,41013,0,0,0,0,0,I,4,B cell,44,19,9,9,9,Bcell
I-2995,all,43,15,3391,6543,24,51657,0,0,0,0,0,I,3,CD4+ T cell,46,16,1,1,1_4_1,AlveolarFib
I-2996,all,177,47,2645,6292,33,59582,0,0,0,0,0,I,120,Pericyte,60,47,4,4,4_2,CiliatedEpi
I-2997,all,32,14,3649,5980,29,57632,0,0,0,0,0,I,12,Vascular smooth muscle cell,43,15,3,3,3_2,SMC
I-3002,all,20,13,3425,5675,36,31753,0,0,0,0,0,I,9,Airway smooth muscle cell,40,14,3,3,3_2,SMC
I-3003,all,56,26,3073,6555,29,60848,0,0,0,0,0,I,13,Arterial endothelial cell,53,26,2,2,2_3,Vein
I-3005,all,43,20,2774,5760,19,35731,0,0,0,0,0,I,18,Ciliated cell,44,20,4,4,4_1_2,ClubEpi
I-3006,all,80,30,2885,6898,24,116355,0,0,0,0,0,I,4,Alveolar fibroblast 1,57,31,2,2,2_4,Artery
I-3007,all,35,23,3318,6332,27,41601,0,0,0,0,0,I,15,Vascular smooth muscle cell,40,24,3,3,3_2,SMC
I-3009,all,391,92,2706,5985,21,140770,0,0,0,0,0,I,220,Ciliated cell,51,18,4,4,4_2,ClubEpi
I-3010,all,59,30,3535,6132,33,70894,0,0,0,0,0,I,19,Alveolar fibroblast 2,54,30,3,3,3_3,AdventitialFib
I-3012,all,23,15,2732,6095,12,46115,0,0,0,0,0,I,2,Alveolar type 1 cell,44,16,1,1,1_4_1,AlveolarFib
I-3013,all,49,24,3325,7395,13,65936,0,0,0,0,0,I,18,Alveolar fibroblast 1,49,24,9,9,9,Bcell
I-3014,all,34,17,3340,6262,11,40903,0,0,0,0,0,I,6,Inflammatory monocyte,42,17,3,3,3_4,AdventitialFib
I-3015,all,44,26,3134,6189,26,46874,0,0,0,0,0,I,11,Arterial endothelial cell,47,27,3,3,3_2,SMC
I-3016,all,22,15,3299,6471,27,41743,0,0,0,0,0,I,9,Alveolar type 1 cell,41,15,6,6,6,AT1
I-3017,all,74,30,3505,6279,19,58681,0,0,0,0,0,I,9,Alveolar fibroblast 2,55,31,3,3,3_1,SMC
I-3018,all,58,25,3557,5979,18,97839,0,0,0,0,0,I,5,Alveolar macrophage,53,25,1,1,1_2_1,Tcell (CD4)
I-3020,all,55,28,3367,6618,19,65582,0,0,0,0,0,I,13,Capillary 1 cell,53,29,2,2,2_1,Capillary
I-3021,all,21,16,3249,6384,24,35612,0,0,0,0,0,I,4,Secondary crest myofibroblast,41,17,3,3,3_5,SMC
I-3022,all,38,25,3602,5983,30,78110,0,0,0,0,0,I,4,Secondary crest myofibroblast,41,26,3,3,3_2,SMC
I-3023,all,43,17,2312,6589,28,76973,0,0,0,0,0,I,13,Secondary crest myofibroblast,45,18,1,1,1_4_1,AlveolarFib
I-3024,all,16,9,3174,5820,25,12226,0,0,0,0,0,I,8,Vascular smooth muscle cell,31,9,3,3,3_2,SMC
I-3025,all,13,8,2860,5779,40,14313,0,0,0,0,0,I,4,Alveolar macrophage,32,8,1,1,1_2_3,Tcell (CD4)
I-3026,all,67,28,3592,6297,20,58145,0,0,0,0,0,I,4,Inflammatory monocyte,57,28,7,7,7_2,PatrolMac
I-3027,all,26,12,3602,7051,17,46026,0,0,0,0,0,I,3,Alveolar fibroblast 1,44,12,1,1,1_4_1,AlveolarFib
I-3029,all,22,13,3252,6657,27,63394,0,0,0,0,0,I,8,Vascular smooth muscle cell,39,14,3,3,3_2,SMC
I-3030,all,41,23,3214,6403,31,28939,0,0,0,0,0,I,2,Alveolar fibroblast 1,44,23,3,3,3_4,AdventitialFib
I-3031,all,18,10,3428,6357,11,32826,0,0,0,0,0,I,4,Alveolar fibroblast 1,38,11,1,1,1_4_3,AlveolarFib
I-3032,all,347,75,2691,6044,21,120783,0,0,0,0,0,I,220,Ciliated cell,54,18,4,4,4_2,ClubEpi
I-3033,all,40,20,2482,6613,31,61188,0,0,0,0,0,I,8,B cell,43,20,9,9,9,Bcell
I-3034,all,69,23,2501,6414,18,18333,0,0,0,0,0,I,39,Ciliated cell,56,23,4,4,4_2,ClubEpi
I-3036,all,46,24,3396,6109,30,69675,0,0,0,0,0,I,13,Vascular smooth muscle cell,46,24,3,3,3_2,SMC
I-3037,all,32,15,3139,6164,25,34717,0,0,0,0,0,I,3,Sox9+/Id2+ epithelial cell,41,15,3,3,3_6,SCMF
I-3038,all,97,30,3135,6499,32,102298,0,0,0,0,0,I,13,Alveolar type 1 cell,60,30,3,3,3_2,SMC
I-3039,all,21,10,2441,6879,15,24430,0,0,0,0,0,I,6,Alveolar macrophage,38,10,5,5,5_1,Pericyte
I-3041,all,25,16,2968,6545,26,40955,0,0,0,0,0,I,11,Vascular smooth muscle cell,44,16,3,3,3_2,SMC
I-3043,all,215,35,2658,6080,33,61877,0,0,0,0,0,I,138,Capillary 1 cell,60,34,4,4,4_2,CiliatedEpi
I-3044,all,60,32,3023,7382,23,77588,0,0,0,0,0,I,14,Pericyte,55,32,5,5,5_1,Pericyte
I-3045,all,45,13,3166,7024,13,43742,0,0,0,0,0,I,2,Alveolar type 1 cell,46,13,6,6,6,AT1
I-3046,all,218,48,2589,6377,26,63786,0,0,0,0,0,I,138,Ciliated cell,54,19,4,4,4_2,ClubEpi
I-3047,all,50,25,2853,7074,25,61486,0,0,0,0,0,I,11,Vascular smooth muscle cell,50,25,3,3,3_6,SCMF
I-3049,all,75,35,3627,6200,30,88546,0,0,0,0,0,I,7,Inflammatory monocyte,56,35,7,7,7_3,Tcell (CD8)
I-3050,all,41,17,3670,5946,17,50997,0,0,0,0,0,I,12,Vascular smooth muscle cell,45,18,3,3,3_2,SMC
I-3051,all,15,6,3114,7019,37,26990,0,0,0,0,0,I,6,Sox9+/Id2+ epithelial cell,35,7,3,3,3_2,SMC
I-3053,all,72,37,3261,6938,17,82841,0,0,0,0,0,I,4,Sox9+/Id2+ epithelial cell,51,38,1,1,1_4_1,AlveolarFib
I-3056,all,31,12,2675,6116,17,17339,0,0,0,0,0,I,20,Capillary 1 cell,36,12,4,4,4_1_1,CiliatedEpi
I-3057,all,35,22,3536,7504,20,56750,0,0,0,0,0,I,5,B cell,41,22,9,9,9,Bcell
I-3060,all,48,19,3287,7480,34,60522,0,0,0,0,0,I,7,B cell,48,19,9,9,9,Bcell
I-3062,all,42,25,3065,7094,27,40745,0,0,0,0,0,I,15,Vascular smooth muscle cell,43,25,1,1,1_4_1,AlveolarFib
I-3063,all,23,16,3292,6401,27,53276,0,0,0,0,0,I,8,Secondary crest myofibroblast,42,16,3,3,3_2,SMC
I-3064,all,96,31,2885,6371,20,65847,0,0,0,0,0,I,13,Inflammatory monocyte,58,29,3,3,3_4,AdventitialFib
I-3065,all,112,46,2826,6459,31,81344,0,0,0,0,0,I,19,Sox9+/Id2+ epithelial cell,50,27,1,1,1_5_1,LymphaticEndo
I-3066,all,8,6,2352,7302,9,14900,0,0,0,0,0,I,3,B cell,25,7,9,9,9,Bcell
I-3067,all,36,17,3018,6403,25,58796,0,0,0,0,0,I,10,Mesothelial cell,41,17,3,3,3_3,AdventitialFib
I-3068,all,110,49,3680,5868,23,96409,0,0,0,0,0,I,24,Sox9+/Id2+ epithelial cell,53,37,3,3,3_2,SMC
I-3069,all,73,32,3529,6045,31,74951,0,0,0,0,0,I,22,Vascular smooth muscle cell,52,32,3,3,3_2,SMC
I-3070,all,22,10,2476,6894,11,17434,0,0,0,0,0,I,5,Alveolar type 1 cell,43,11,1,1,1_4_3,AlveolarFib
I-3071,all,17,6,2334,6622,37,25905,0,0,0,0,0,I,11,Secondary crest myofibroblast,33,7,3,3,3_2,SMC
I-3072,all,58,37,2760,5789,16,43180,0,0,0,0,0,I,11,Secretory cell,52,36,4,4,4_1_3,CiliatedEpi
I-3073,all,79,25,3202,6989,16,54992,0,0,0,0,0,I,5,Alveolar type 1 cell,53,25,6,6,6,AT1
I-3077,all,34,12,2455,6580,15,50281,0,0,0,0,0,I,21,Alveolar type 1 cell,42,13,1,1,1_4_3,AlveolarFib
I-3079,all,25,10,3164,6158,15,23945,0,0,0,0,0,I,17,Vascular smooth muscle cell,37,11,3,3,3_2,SMC
I-3080,all,44,21,2441,6849,17,42188,0,0,0,0,0,I,11,Sox9+/Id2+ epithelial cell,46,22,1,1,1_4_3,AlveolarFib
I-3082,all,107,33,3319,6505,17,84524,0,0,0,0,0,I,16,Inflammatory monocyte,54,25,6,6,6,AT1
I-3083,all,57,28,2202,6605,12,56126,0,0,0,0,0,I,19,CD8+ T cell,54,29,2,2,2_2,InflamMac
I-3084,all,139,45,2904,6652,21,118368,0,0,0,0,0,I,16,Pericyte,49,26,3,3,3_4,AdventitialFib
I-3085,all,24,13,3484,7234,26,27159,0,0,0,0,0,I,2,B cell,44,13,1,1,1_2_1,Tcell (CD4)
I-3087,all,32,22,2971,6700,15,53453,0,0,0,0,0,I,5,Arterial endothelial cell,41,23,2,2,2_4,Artery
I-3088,all,335,57,2612,6269,17,97651,0,0,0,0,0,I,218,Ciliated cell,56,15,4,4,4_2,ClubEpi
I-3090,all,210,54,2619,6343,23,77816,0,0,0,0,0,I,125,Secretory cell,56,21,4,4,4_2,ClubEpi
I-3094,all,66,32,3504,7478,28,70161,0,0,0,0,0,I,9,Inflammatory monocyte,56,32,9,9,9,Bcell
I-3096,all,37,20,3008,7135,32,57078,0,0,0,0,0,I,9,Secondary crest myofibroblast,42,20,3,3,3_2,SMC
I-3097,all,59,31,2336,7511,23,67374,0,0,0,0,0,I,8,Proliferative mesenchymal progenitor cell,54,31,3,3,3_4,AdventitialFib
I-3098,all,38,15,3177,5851,34,33752,0,0,0,0,0,I,7,Vascular smooth muscle cell,44,15,3,3,3_2,SMC
I-3099,all,23,14,3081,6182,29,22551,0,0,0,0,0,I,5,Alveolar fibroblast 1,44,15,3,3,3_2,SMC
I-3100,all,37,17,2939,6510,36,27221,0,0,0,0,0,I,2,Alveolar macrophage,41,17,8,8,8_1,AlveolarMac
I-3101,all,16,8,3404,6167,29,34476,0,0,0,0,0,I,5,Vascular smooth muscle cell,37,9,3,3,3_2,SMC
I-3103,all,35,18,2447,7172,25,54886,0,0,0,0,0,I,2,Alveolar type 1 cell,44,19,1,1,1_6_2,Neutrophil
I-3105,all,23,10,2460,7477,35,42423,0,0,0,0,0,I,8,B cell,43,10,9,9,9,Bcell
I-3107,all,15,9,3016,6530,18,27708,0,0,0,0,0,I,4,Alveolar fibroblast 1,28,9,5,5,5_1,Pericyte
I-3108,all,67,36,3217,7194,35,51680,0,0,0,0,0,I,12,Inflammatory monocyte,57,36,2,2,2_1,Capillary
I-3109,all,243,59,2647,6204,27,74280,0,0,0,0,0,I,146,Ciliated cell,56,23,4,4,4_2,ClubEpi
I-3111,all,13,6,3753,6009,5,9188,0,0,0,0,0,I,4,Natural killer cell,35,7,2,2,2_2,InflamMac
I-3116,all,78,39,2794,6320,19,85780,0,0,0,0,0,I,12,Alveolar type 1 cell,57,39,1,1,1_4_1,AlveolarFib
I-3119,all,136,27,2518,6390,13,41619,0,0,0,0,0,I,90,Capillary 1 cell,51,12,4,4,4_2,ClubEpi
I-3120,all,39,16,3098,6070,17,67889,0,0,0,0,0,I,18,Vascular smooth muscle cell,42,16,3,3,3_2,SMC
I-3121,all,23,12,2399,7177,17,52986,0,0,0,0,0,I,7,Alveolar type 1 cell,43,13,1,1,1_4_3,AlveolarFib
I-3122,all,26,9,2619,6455,29,22228,0,0,0,0,0,I,10,Ciliated cell,40,8,4,4,4_1_2,CiliatedEpi
I-3124,all,19,12,2481,7112,18,34173,0,0,0,0,0,I,2,Innate lymphoid cell,39,13,1,1,1_6_2,Neutrophil
I-3126,all,21,7,3336,6466,20,29884,0,0,0,0,0,I,3,Alveolar macrophage,42,8,1,1,1_4_1,AlveolarFib
I-3128,all,110,50,3648,5895,22,98945,0,0,0,0,0,I,34,Alveolar fibroblast 1,50,32,3,3,3_2,SMC
I-3129,all,18,11,2472,6865,11,29697,0,0,0,0,0,I,5,B cell,36,11,9,9,9,Bcell
I-3130,all,32,17,3061,6112,37,55926,0,0,0,0,0,I,10,Secondary crest myofibroblast,40,18,3,3,3_2,SMC
I-3131,all,19,12,3107,7140,16,25031,0,0,0,0,0,I,4,Secondary crest myofibroblast,39,13,2,2,2_1,Capillary
I-3132,all,28,16,3406,7159,10,48221,0,0,0,0,0,I,3,Capillary 1 cell,42,16,2,2,2_1,Capillary
I-3133,all,21,12,2868,6930,22,51505,0,0,0,0,0,I,4,Proliferative mesenchymal progenitor cell,41,14,1,1,1_5_1,LymphaticEndo
I-3134,all,25,14,2506,7126,23,55234,0,0,0,0,0,I,9,B cell,44,14,9,9,9,Bcell
I-3135,all,41,19,2444,7509,31,49550,0,0,0,0,0,I,10,CD4+ T cell,44,19,7,7,7_2,PatrolMac
I-3136,all,57,25,3480,6096,32,69627,0,0,0,0,0,I,31,Vascular smooth muscle cell,54,25,3,3,3_2,SMC
I-3137,all,33,17,2997,6481,18,41767,0,0,0,0,0,I,4,Proliferative mesenchymal progenitor cell,47,18,3,3,3_2,SMC
I-3138,all,49,25,3202,6611,29,66189,0,0,0,0,0,I,6,Arterial endothelial cell,51,26,3,3,3_2,SMC
I-3143,all,38,14,2695,6358,37,25503,0,0,0,0,0,I,9,Ciliated cell,44,14,2,2,2_6,pDC
I-3144,all,109,34,3330,7129,27,91213,0,0,0,0,0,I,67,Alveolar fibroblast 1,51,20,2,2,2_4,Artery
I-3146,all,70,34,3537,6241,23,96995,0,0,0,0,0,I,3,Alveolar macrophage,56,34,3,3,3_3,AdventitialFib
I-3147,all,24,14,3614,5909,25,32523,0,0,0,0,0,I,8,Vascular smooth muscle cell,38,15,3,3,3_2,SMC
I-3150,all,63,28,2944,6826,12,96115,0,0,0,0,0,I,9,Vascular smooth muscle cell,57,29,3,3,3_2,SMC
I-3153,all,64,27,3282,5754,32,44140,0,0,0,0,0,I,5,Pulmonary neuroendocrine cell,54,27,3,3,3_6,SCMF
I-3154,all,103,40,3669,7012,14,104670,0,0,0,0,0,I,34,Alveolar macrophage,62,35,1,1,1_2_3,Tcell (CD4)
I-3159,all,81,39,2358,7478,22,113421,0,0,0,0,0,I,29,Airway smooth muscle cell,57,39,3,3,3_5,SMC
I-3161,all,40,21,3145,5898,35,36529,0,0,0,0,0,I,13,Secondary crest myofibroblast,43,22,3,3,3_2,SMC
I-3162,all,60,36,3497,5984,29,73582,0,0,0,0,0,I,13,Airway smooth muscle cell,58,36,3,3,3_2,SMC
I-3164,all,88,40,3118,6318,33,91681,0,0,0,0,0,I,14,Secondary crest myofibroblast,59,41,3,3,3_2,SMC
I-3165,all,112,49,2770,6486,33,77166,0,0,0,0,0,I,24,B cell,50,31,1,1,1_4_1,AlveolarFib
I-3170,all,79,31,3663,6356,32,82227,0,0,0,0,0,I,12,Alveolar fibroblast 1,58,31,1,1,1_5_1,LymphaticEndo
I-3171,all,29,13,2441,6533,21,68968,0,0,0,0,0,I,4,Secondary crest myofibroblast,44,12,2,2,2_1,Capillary
I-3172,all,37,23,3199,5794,23,53950,0,0,0,0,0,I,13,Alveolar fibroblast 1,41,24,3,3,3_2,SMC
I-3173,all,67,35,2697,6135,23,64430,0,0,0,0,0,I,8,Alveolar fibroblast 1,56,34,1,1,1_5_1,LymphaticEndo
I-3174,all,233,66,2762,5847,22,91709,0,0,0,0,0,I,124,Ciliated cell,55,26,4,4,4_2,ClubEpi
I-3175,all,32,17,3403,7124,8,31564,0,0,0,0,0,I,13,Alveolar macrophage,39,17,8,8,8_3,InterstitialMac
I-3178,all,79,46,3236,6558,32,96627,0,0,0,0,0,I,8,Alveolar type 1 cell,59,46,3,3,3_2,SMC
I-3179,all,14,6,3132,6081,10,19879,0,0,0,0,0,I,10,Vascular smooth muscle cell,30,7,3,3,3_2,SMC
I-3181,all,22,10,3208,6644,32,28082,0,0,0,0,0,I,2,Proliferative mesenchymal progenitor cell,40,10,1,1,1_5_2,AlveolarFib
I-3182,all,12,8,3272,6463,26,28703,0,0,0,0,0,I,4,Sox9+/Id2+ epithelial cell,35,9,3,3,3_2,SMC
I-3186,all,90,50,2879,6457,14,93455,0,0,0,0,0,I,11,Endothelial progenitor cell,62,50,3,3,3_6,SCMF
I-3187,all,12,8,3253,6835,10,23302,0,0,0,0,0,I,2,Alveolar fibroblast 1,29,9,1,1,1_4_1,AlveolarFib
I-3188,all,196,53,2654,6378,35,66501,0,0,0,0,0,I,114,Ciliated cell,46,28,4,4,4_2,CiliatedEpi
I-3190,all,23,14,2580,6542,15,67636,0,0,0,0,0,I,2,Alveolar macrophage,40,14,8,8,8_1,AlveolarMac
I-3191,all,57,26,3051,7068,31,47711,0,0,0,0,0,I,8,Pulmonary neuroendocrine cell,53,27,3,3,3_2,SMC
I-3192,all,24,14,3746,5837,18,50515,0,0,0,0,0,I,4,Inflammatory monocyte,40,15,2,2,2_2,InflamMac
I-3193,all,41,21,2534,6576,17,68215,0,0,0,0,0,I,12,Arterial endothelial cell,42,21,2,2,2_4,Artery
I-3194,all,34,22,2975,6503,23,68200,0,0,0,0,0,I,10,Pericyte,39,23,3,3,3_2,SMC
I-3195,all,14,11,3156,6101,15,28771,0,0,0,0,0,I,4,Vascular smooth muscle cell,31,12,3,3,3_2,SMC
I-3196,all,54,27,3464,6253,31,61712,0,0,0,0,0,I,8,Innate lymphoid cell,55,29,2,2,2_5,DC
I-3199,all,39,28,2873,5717,41,14579,0,0,0,0,0,I,12,Ciliated cell,40,27,4,4,4_1_1,CiliatedEpi
I-3200,all,31,16,3593,7222,16,70493,0,0,0,0,0,I,2,Sox9+/Id2+ epithelial cell,44,17,2,2,2_1,Capillary
I-3202,all,129,28,3719,6222,24,86568,0,0,0,0,0,I,87,B cell,45,12,9,9,9,Bcell
I-3203,all,46,24,3050,7421,15,62997,0,0,0,0,0,I,2,Natural killer cell,47,25,1,1,1_6_2,Neutrophil
I-3204,all,12,7,3087,7097,9,14526,0,0,0,0,0,I,3,Pericyte,31,7,5,5,5_3,Pericyte
I-3205,all,13,10,3059,6235,35,17640,0,0,0,0,0,I,2,Secondary crest myofibroblast,27,10,3,3,3_2,SMC
I-3206,all,16,9,3370,6275,22,23450,0,0,0,0,0,I,2,Alveolar fibroblast 1,36,10,1,1,1_5_1,LymphaticEndo
I-3207,all,39,23,3597,6976,26,98542,0,0,0,0,0,I,8,B cell,40,23,9,9,9,Bcell
I-3209,all,21,12,3114,6110,13,28314,0,0,0,0,0,I,8,Alveolar fibroblast 1,39,13,3,3,3_2,SMC
I-3210,all,31,17,3052,6333,33,55315,0,0,0,0,0,I,7,Secondary crest myofibroblast,40,18,3,3,3_5,SMC
I-3214,all,17,9,2768,6686,10,32967,0,0,0,0,0,I,2,Alveolar fibroblast 1,38,11,2,2,2_4,Artery
I-3216,all,6,6,2402,6566,28,40155,0,0,0,0,0,I,2,Alveolar fibroblast 1,23,10,3,3,3_1,SMC
I-3217,all,12,7,3219,6677,20,23116,0,0,0,0,0,I,5,Vascular smooth muscle cell,32,8,3,3,3_2,SMC
I-3218,all,44,22,3210,5868,36,39690,0,0,0,0,0,I,3,Arterial endothelial cell,45,23,2,2,2_4,Artery
I-3219,all,55,35,2749,6300,21,91154,0,0,0,0,0,I,8,Alveolar fibroblast 1,53,35,1,1,1_5_2,AlveolarFib
I-3221,all,39,19,3243,6703,30,61173,0,0,0,0,0,I,9,Alveolar fibroblast 1,43,19,3,3,3_5,SMC
I-3222,all,38,22,3039,6494,18,51845,0,0,0,0,0,I,9,Vascular smooth muscle cell,45,23,3,3,3_5,SMC
I-3226,all,38,21,3110,6233,21,63378,0,0,0,0,0,I,19,Secondary crest myofibroblast,41,21,3,3,3_2,SMC
I-3228,all,57,9,2670,6322,41,13173,0,0,0,0,0,I,43,Ciliated cell,37,8,4,4,4_2,CiliatedEpi
I-3231,all,19,12,2448,7121,18,58002,0,0,0,0,0,I,2,Sox9+/Id2+ epithelial cell,39,12,2,2,2_3,Vein
I-3232,all,47,21,3409,6194,30,59153,0,0,0,0,0,I,20,Vascular smooth muscle cell,51,22,3,3,3_2,SMC
I-3234,all,46,19,3451,6376,15,55404,0,0,0,0,0,I,6,B cell,48,20,1,1,1_4_1,AlveolarFib
I-3235,all,61,31,2806,7455,23,80742,0,0,0,0,0,I,8,Sox9+/Id2+ epithelial cell,56,31,6,6,6,AT1
I-3236,all,112,35,2644,6153,9,36179,0,0,0,0,0,I,55,Secretory cell,54,25,4,4,4_1_2,ClubEpi
I-3237,all,33,17,3189,7126,22,70158,0,0,0,0,0,I,8,Innate lymphoid cell,41,19,2,2,2_5,DC
I-3239,all,150,44,3605,7413,11,127378,0,0,0,0,0,I,20,Alveolar type 1 cell,45,20,6,6,6,AT1
I-3240,all,215,46,2700,6444,24,112767,0,0,0,0,0,I,148,Ciliated cell,59,35,4,4,4_2,CiliatedEpi
I-3241,all,129,39,2833,6934,26,118925,0,0,0,0,0,I,17,Sox9+/Id2+ epithelial cell,48,21,1,1,1_5_1,LymphaticEndo
I-3242,all,43,19,3592,6251,28,74479,0,0,0,0,0,I,8,Sox9+/Id2+ epithelial cell,45,20,2,2,2_2,InflamMac
I-3244,all,139,44,2577,6442,23,131875,0,0,0,0,0,I,77,Ciliated cell,65,42,4,4,4_1_2,CiliatedEpi
I-3245,all,22,12,3728,6014,12,17458,0,0,0,0,0,I,2,CD4+ T cell,41,12,1,1,1_2_1,Tcell (CD4)
I-3246,all,116,41,3550,5912,11,65564,0,0,0,0,0,I,11,Inflammatory monocyte,51,24,8,8,8_3,InterstitialMac
I-3247,all,109,20,2470,6420,14,35371,0,0,0,0,0,I,82,Ciliated cell,39,18,4,4,4_2,CiliatedEpi
I-3252,all,25,17,2645,6616,25,15635,0,0,0,0,0,I,6,CD8+ T cell,43,17,6,6,6,AT1
I-3253,all,49,21,3040,6596,26,45167,0,0,0,0,0,I,2,Arterial endothelial cell,51,22,2,2,2_4,Artery
I-3254,all,51,28,3347,6135,33,78090,0,0,0,0,0,I,10,Vascular smooth muscle cell,51,28,3,3,3_2,SMC
I-3256,all,25,12,2491,6555,14,31672,0,0,0,0,0,I,6,Sox9+/Id2+ epithelial cell,45,12,2,2,2_1,Capillary
I-3260,all,26,15,3077,7129,12,29629,0,0,0,0,0,I,4,Alveolar type 1 cell,45,15,1,1,1_5_2,AlveolarFib
I-3261,all,89,30,3401,7386,11,78334,0,0,0,0,0,I,5,Arterial endothelial cell,57,31,2,2,2_4,Artery
I-3262,all,14,9,2864,7021,21,30396,0,0,0,0,0,I,4,CD4+ T cell,33,9,1,1,1_2_1,Tcell (CD4)
I-3263,all,143,45,2836,6580,23,79712,0,0,0,0,0,I,20,Alveolar type 1 cell,46,21,6,6,6,AT1
I-3264,all,40,26,2590,6592,15,85266,0,0,0,0,0,I,10,Endothelial progenitor cell,40,26,2,2,2_1,Capillary
I-3266,all,27,17,2411,6606,27,55578,0,0,0,0,0,I,7,CD4+ T cell,40,18,3,3,3_1,SMC
I-3267,all,43,23,3225,6505,30,63899,0,0,0,0,0,I,4,Alveolar fibroblast 1,44,24,1,1,1_5_2,AlveolarFib
I-3268,all,73,22,3254,7181,37,42468,0,0,0,0,0,I,55,Alveolar type 2 cell,54,23,3,3,3_5,SMC
I-3273,all,62,13,2450,6459,20,34034,0,0,0,0,0,I,46,Ciliated cell,38,13,4,4,4_2,CiliatedEpi
I-3274,all,95,11,2431,6638,28,70647,0,0,0,0,0,I,85,Alveolar type 1 cell,53,11,1,1,1_1,AT2
I-3275,all,51,32,3092,6156,25,58629,0,0,0,0,0,I,9,Vascular smooth muscle cell,51,32,3,3,3_2,SMC
I-3279,all,12,5,3133,5952,12,17962,0,0,0,0,0,I,4,Alveolar fibroblast 1,33,7,2,2,2_4,Artery
I-3280,all,96,39,3526,6927,12,75531,0,0,0,0,0,I,14,Alveolar macrophage,62,38,1,1,1_2_3,Tcell (CD4)
I-3282,all,98,29,3206,6202,35,81029,0,0,0,0,0,I,6,Arterial endothelial cell,59,30,3,3,3_2,SMC
I-3284,all,20,14,3306,7523,34,33514,0,0,0,0,0,I,6,Vascular smooth muscle cell,40,14,2,2,2_4,Artery
I-3286,all,135,40,3065,7169,23,128583,0,0,0,0,0,I,22,Sox9+/Id2+ epithelial cell,45,21,6,6,6,AT1
I-3288,all,19,6,2411,6848,26,16546,0,0,0,0,0,I,11,Pericyte,36,7,1,1,1_4_3,AlveolarFib
I-3294,all,28,16,2669,6648,27,35742,0,0,0,0,0,I,10,Alveolar type 1 cell,40,16,6,6,6,AT1
I-3297,all,27,16,2819,5841,33,47169,0,0,0,0,0,I,12,Alveolar macrophage,43,16,3,3,3_2,SMC
I-3303,all,36,20,3503,7162,6,23218,0,0,0,0,0,I,7,Capillary 1 cell,42,20,8,8,8_2,InterstitialMac
I-3304,all,53,32,2862,6558,27,63237,0,0,0,0,0,I,7,Inflammatory monocyte,54,33,3,3,3_5,SMC
I-3307,all,162,26,2724,6414,23,91618,0,0,0,0,0,I,136,Alveolar fibroblast 1,49,11,1,1,1_1,AT2
I-3309,all,51,25,2589,6484,17,69688,0,0,0,0,0,I,22,Alveolar type 1 cell,50,26,1,1,1_4_1,AlveolarFib
I-3311,all,65,16,2493,6488,31,20551,0,0,0,0,0,I,40,Endothelial progenitor cell,39,16,4,4,4_2,CiliatedEpi
I-3312,all,107,50,3280,6623,20,132729,0,0,0,0,0,I,21,Interstitial macrophage,63,44,8,8,8_2,InterstitialMac
I-3313,all,64,34,3076,6277,29,86946,0,0,0,0,0,I,10,Vascular smooth muscle cell,55,34,3,3,3_5,SMC
I-3314,all,108,27,2529,6437,29,38919,0,0,0,0,0,I,86,Ciliated cell,38,26,4,4,4_2,CiliatedEpi
I-3316,all,44,22,3112,6140,18,49150,0,0,0,0,0,I,13,Alveolar fibroblast 1,45,22,3,3,3_2,SMC
I-3317,all,84,34,3186,6447,32,66850,0,0,0,0,0,I,15,Sox9+/Id2+ epithelial cell,59,35,2,2,2_1,Capillary
I-3318,all,59,36,3755,5774,24,75675,0,0,0,0,0,I,6,Alveolar fibroblast 1,56,36,2,2,2_4,Artery
I-3321,all,29,10,2721,6137,14,27755,0,0,0,0,0,I,6,Arterial endothelial cell,40,12,2,2,2_4,Artery
I-3323,all,77,33,2631,6647,29,52646,0,0,0,0,0,I,23,Arterial endothelial cell,53,33,6,6,6,AT1
I-3325,all,51,30,2979,6619,32,48527,0,0,0,0,0,I,2,CD8+ T cell,53,31,2,2,2_2,InflamMac
I-3326,all,29,18,2360,6592,31,58936,0,0,0,0,0,I,7,Alveolar macrophage,36,18,3,3,3_2,SMC
I-3328,all,41,25,3498,5907,31,71515,0,0,0,0,0,I,14,Vascular smooth muscle cell,44,26,3,3,3_2,SMC
I-3332,all,96,42,3733,5891,23,117137,0,0,0,0,0,I,17,Alveolar fibroblast 1,62,40,1,1,1_5_1,LymphaticEndo
I-3335,all,47,28,3226,6462,31,83645,0,0,0,0,0,I,17,Arterial endothelial cell,47,28,2,2,2_4,Artery
I-3337,all,84,38,3024,6211,28,91151,0,0,0,0,0,I,20,Alveolar fibroblast 2,59,38,3,3,3_3,AdventitialFib
I-3339,all,135,50,2947,6374,23,124799,0,0,0,0,0,I,41,Interstitial macrophage,48,26,8,8,8_3,InterstitialMac
I-3340,all,41,17,3072,6205,29,32966,0,0,0,0,0,I,11,Inflammatory monocyte,44,18,3,3,3_2,SMC
I-3341,all,22,11,3473,6411,40,28593,0,0,0,0,0,I,6,Alveolar fibroblast 1,41,12,1,1,1_4_3,AlveolarFib
I-3346,all,29,10,2390,6698,13,38191,0,0,0,0,0,I,17,Pericyte,43,11,1,1,1_4_3,AlveolarFib
I-3349,all,9,6,3153,6130,18,10083,0,0,0,0,0,I,4,Alveolar fibroblast 1,27,7,1,1,1_4_3,AlveolarFib
I-3350,all,71,32,3349,6172,29,68243,0,0,0,0,0,I,17,Airway smooth muscle cell,53,32,3,3,3_2,SMC
I-3352,all,36,22,3093,6021,21,45389,0,0,0,0,0,I,9,Secondary crest myofibroblast,39,22,3,3,3_2,SMC
I-3354,all,10,9,2418,6489,21,32712,0,0,0,0,0,I,2,Secondary crest myofibroblast,34,10,3,3,3_2,SMC
I-3358,all,19,9,3201,7032,30,21372,122,0,122,0,1,I,6,Alveolar fibroblast 1,42,10,1,1,1_5_1,LymphaticEndo
I-3359,all,38,9,2889,7051,18,32594,0,0,0,0,0,I,34,B cell,44,9,1,1,1_5_1,LymphaticEndo
I-3360,all,39,26,3729,6049,8,35583,0,0,0,0,0,I,8,B cell,41,27,2,2,2_2,InflamMac
I-3361,all,17,7,2398,6815,23,18621,0,0,0,0,0,I,8,Sox9+/Id2+ epithelial cell,38,8,1,1,1_4_3,AlveolarFib
I-3363,all,26,14,3028,7097,32,40606,0,0,0,0,0,I,7,Vascular smooth muscle cell,44,14,3,3,3_2,SMC
I-3365,all,28,16,2478,6530,23,62847,0,0,0,0,0,I,12,Inflammatory monocyte,40,17,3,3,3_5,SMC
I-3368,all,42,12,2680,6294,41,8788,0,0,0,0,0,I,31,Ciliated cell,33,10,4,4,4_2,CiliatedEpi
I-3369,all,109,45,3552,6314,23,104325,0,0,0,0,0,I,25,Proliferative mesenchymal progenitor cell,59,38,3,3,3_2,SMC
I-3377,all,42,27,2399,7509,28,62572,0,0,0,0,0,I,12,Alveolar fibroblast 1,42,27,3,3,3_1,SMC
I-3378,all,15,10,2624,6593,21,28078,0,0,0,0,0,I,5,Alveolar fibroblast 1,38,11,1,1,1_5_1,LymphaticEndo
I-3380,all,34,16,3109,6200,25,39841,0,0,0,0,0,I,4,Vascular smooth muscle cell,43,16,3,3,3_2,SMC
I-3384,all,122,43,2559,6406,24,57296,0,0,0,0,0,I,65,Ciliated cell,55,43,4,4,4_2,CiliatedEpi
I-3389,all,33,22,2491,8762,24,89501,0,0,0,0,0,I,6,Alveolar type 1 cell,41,22,6,6,6,AT1
I-3391,all,69,17,2190,8321,30,87278,0,0,0,0,0,I,12,Alveolar type 1 cell,54,17,6,6,6,AT1
I-3393,all,34,24,2812,8782,17,97787,0,0,0,0,0,I,9,CD4+ T cell,41,24,7,7,7_3,Tcell (CD8)
I-3394,all,51,24,3034,9016,23,140813,0,0,0,0,0,I,5,Alveolar type 2 cell,50,24,5,5,5_3,Pericyte
I-3395,all,18,9,2131,9027,22,82717,0,0,0,0,0,I,8,Alveolar fibroblast 1,35,10,3,3,3_1,SMC
I-3396,all,68,14,3089,9081,25,77450,0,0,0,0,0,I,55,Alveolar type 2 cell,52,14,1,1,1_3,AT2
I-3397,all,17,13,2252,8179,28,69864,0,0,0,0,0,I,8,Pericyte,35,13,5,5,5_1,Pericyte
I-3399,all,29,16,2590,7621,14,82127,0,0,0,0,0,I,17,Pericyte,38,16,5,5,5_1,Pericyte
I-3406,all,17,5,3441,9080,16,39659,0,0,0,0,0,I,11,Sox9+/Id2+ epithelial cell,42,5,1,1,1_1,AT2
I-3409,all,18,14,2715,8004,20,72925,0,0,0,0,0,I,4,B cell,38,14,9,9,9,Bcell
I-3411,all,31,16,2943,9288,12,63221,0,0,0,0,0,I,2,Endothelial progenitor cell,42,16,2,2,2_1,Capillary
I-3412,all,26,17,2836,8719,19,106828,0,0,0,0,0,I,9,Pericyte,46,17,5,5,5_1,Pericyte
I-3413,all,52,23,2311,9049,23,101974,0,0,0,0,0,I,26,Capillary 1 cell,52,24,2,2,2_1,Capillary
I-3414,all,14,10,3136,8591,16,43268,0,0,0,0,0,I,5,Capillary 1 cell,37,10,2,2,2_1,Capillary
I-3416,all,34,14,3500,7745,18,98074,0,0,0,0,0,I,21,Alveolar type 2 cell,44,14,1,1,1_3,AT2
I-3421,all,18,5,3042,8450,21,36304,0,0,0,0,0,I,15,Alveolar type 2 cell,43,5,1,1,1_3,AT2
I-3422,all,19,15,3269,8907,14,52931,0,0,0,0,0,I,4,Pericyte,36,15,5,5,5_1,Pericyte
I-3423,all,68,17,2447,7802,33,63754,0,0,0,0,0,I,23,Alveolar type 1 cell,54,17,6,6,6,AT1
I-3424,all,52,15,3270,8503,15,75617,0,0,0,0,0,I,34,Alveolar type 2 cell,50,15,1,1,1_1,AT2
I-3425,all,10,3,3549,9298,19,48015,0,0,0,0,0,I,2,Alveolar fibroblast 1,37,4,1,1,1_4_3,AlveolarFib
I-3427,all,6,6,2119,8797,38,30439,0,0,0,0,0,I,2,Capillary 1 cell,26,7,2,2,2_6,pDC
I-3428,all,28,11,3316,8342,9,31770,0,0,0,0,0,I,20,Sox9+/Id2+ epithelial cell,42,11,5,5,5_1,Pericyte
I-3431,all,46,16,2356,9231,27,63200,0,0,0,0,0,I,10,Alveolar type 1 cell,47,16,6,6,6,AT1
I-3432,all,74,7,3243,8400,12,61997,0,0,0,0,0,I,67,Alveolar type 2 cell,50,7,1,1,1_1,AT2
I-3434,all,9,8,3425,9177,12,55723,0,0,0,0,0,I,3,Alveolar fibroblast 1,26,9,1,1,1_5_1,LymphaticEndo
I-3435,all,25,19,3033,7660,29,37779,0,0,0,0,0,I,3,Sox9+/Id2+ epithelial cell,41,20,2,2,2_2,InflamMac
I-3437,all,25,16,2211,8218,29,62465,0,0,0,0,0,I,13,Alveolar type 2 cell,46,16,1,1,1_1,AT2
I-3438,all,51,30,2344,9111,22,113147,0,0,0,0,0,I,16,B cell,51,30,9,9,9,Bcell
I-3439,all,89,13,2331,9182,12,75649,0,0,0,0,0,I,80,Alveolar type 2 cell,52,13,1,1,1_3,AT2
I-3440,all,44,11,3250,8618,17,80315,0,0,0,0,0,I,38,Alveolar type 2 cell,47,11,1,1,1_3,AT2
I-3441,all,19,12,3524,8869,23,88825,0,0,0,0,0,I,6,Alveolar fibroblast 1,42,13,2,2,2_1,Capillary
I-3442,all,35,16,3461,7660,19,48217,0,0,0,0,0,I,10,Alveolar type 1 cell,43,16,6,6,6,AT1
I-3443,all,9,7,3119,7717,36,59324,0,0,0,0,0,I,4,Sox9+/Id2+ epithelial cell,32,7,2,2,2_6,pDC
I-3444,all,11,7,3268,8152,13,38372,0,0,0,0,0,I,6,Proliferative mesenchymal progenitor cell,37,8,3,3,3_1,SMC
I-3447,all,14,11,2474,7694,18,36824,0,50,0,1,0,I,5,Capillary 1 cell,32,11,2,2,2_3,Vein
I-3448,all,18,15,2779,8832,21,61625,0,0,0,0,0,I,4,Inflammatory monocyte,36,15,7,7,7_4,PatrolMac
I-3449,all,28,12,2223,8081,25,75127,0,0,0,0,0,I,7,Alveolar type 1 cell,44,12,6,6,6,AT1
I-3451,all,20,13,2832,8835,8,41558,0,0,0,0,0,I,2,Alveolar fibroblast 1,42,13,2,2,2_3,Vein
I-3456,all,7,5,3298,8592,33,55252,0,0,0,0,0,I,2,Capillary 2 cell,27,7,2,2,2_1,Capillary
I-3462,all,34,14,3447,8807,15,90279,0,0,0,0,0,I,2,Proliferative mesenchymal progenitor cell,45,14,1,1,1_5_2,AlveolarFib
I-3463,all,50,29,3021,8698,21,110404,0,0,0,0,0,I,7,Capillary 1 cell,54,31,2,2,2_5,DC
I-3464,all,37,21,2448,7736,17,72359,0,0,0,0,0,I,5,Inflammatory monocyte,43,22,3,3,3_5,SMC
I-3466,all,123,18,3086,7644,20,91727,0,0,0,0,0,I,106,Alveolar type 2 cell,48,9,1,1,1_3,AT2
I-3467,all,18,7,3467,7722,32,57656,0,0,0,0,0,I,12,Sox9+/Id2+ epithelial cell,42,7,1,1,1_3,AT2
I-3470,all,33,17,2879,8907,9,62807,0,0,0,0,0,I,3,Alveolar fibroblast 1,40,17,7,7,7_2,PatrolMac
I-3473,all,20,9,3073,8465,11,56105,0,0,0,0,0,I,11,Sox9+/Id2+ epithelial cell,40,9,2,2,2_1,Capillary
I-3474,all,12,9,3173,9250,20,87644,0,0,0,0,0,I,3,B cell,32,9,9,9,9,Bcell
I-3475,all,12,11,2566,7966,17,38478,0,0,0,0,0,I,2,Alveolar type 1 cell,34,11,2,2,2_1,Capillary
I-3476,all,26,13,2130,8084,20,75510,0,0,0,0,0,I,4,Pericyte,43,13,5,5,5_1,Pericyte
I-3479,all,29,16,2309,7585,24,73373,0,0,0,0,0,I,11,Alveolar type 2 cell,44,17,3,3,3_1,SMC
I-3481,all,39,21,2971,7768,17,65904,0,0,0,0,0,I,3,Inflammatory monocyte,43,23,2,2,2_5,DC
I-3483,all,22,18,2763,8722,30,83833,0,0,0,0,0,I,6,B cell,48,19,2,2,2_1,Capillary
I-3484,all,20,12,2442,8831,14,63972,0,0,0,0,0,I,6,Capillary 1 cell,42,14,2,2,2_1,Capillary
I-3485,all,18,9,2054,8890,23,46822,688,0,688,0,1,I,2,Alveolar macrophage,39,9,1,1,1_2_3,Tcell (CD4)
I-3486,all,70,29,2285,9275,19,93233,0,0,0,0,0,I,9,Alveolar type 1 cell,54,29,6,6,6,AT1
I-3487,all,47,20,3188,7842,18,76837,0,0,0,0,0,I,8,Capillary 1 cell,47,20,2,2,2_6,pDC
I-3488,all,39,17,2879,8505,34,60854,0,0,0,0,0,I,25,Sox9+/Id2+ epithelial cell,43,17,5,5,5_1,Pericyte
I-3489,all,41,6,2655,7627,13,44871,0,0,0,0,0,I,40,Sox9+/Id2+ epithelial cell,47,6,1,1,1_3,AT2
I-3491,all,21,11,2510,9129,34,71552,0,0,0,0,0,I,3,Alveolar type 1 cell,43,11,6,6,6,AT1
I-3496,all,56,5,3012,8469,18,50694,0,0,0,0,0,I,51,Alveolar type 2 cell,50,5,1,1,1_1,AT2
I-3498,all,32,12,2148,8361,26,57703,0,0,0,0,0,I,24,Sox9+/Id2+ epithelial cell,43,12,8,8,8_2,InterstitialMac
I-3499,all,25,13,2892,8617,12,69982,0,0,0,0,0,I,5,Capillary 2 cell,45,14,2,2,2_1,Capillary
I-3500,all,22,10,2869,8960,14,40687,0,0,0,0,0,I,14,Sox9+/Id2+ epithelial cell,46,10,2,2,2_1,Capillary
I-3503,all,71,31,2290,9223,19,104999,0,0,0,0,0,I,23,B cell,53,31,9,9,9,Bcell
I-3504,all,25,6,3373,7534,35,36706,0,0,0,0,0,I,20,Sox9+/Id2+ epithelial cell,46,6,1,1,1_1,AT2
I-3508,all,11,8,2831,8373,25,46835,0,0,0,0,0,I,6,Sox9+/Id2+ epithelial cell,27,8,8,8,8_3,InterstitialMac
I-3509,all,14,11,2622,9248,6,20036,0,0,0,0,0,I,5,Venous endothelial cell,29,11,2,2,2_3,Vein
I-3511,all,29,18,2665,7682,33,70588,0,0,0,0,0,I,3,Capillary 1 cell,43,18,2,2,2_1,Capillary
I-3514,all,56,16,2717,7645,21,92440,0,0,0,0,0,I,40,Alveolar type 2 cell,51,16,1,1,1_3,AT2
I-3515,all,24,13,2197,8186,28,75039,0,0,0,0,0,I,4,Endothelial progenitor cell,41,12,2,2,2_1,Capillary
I-3516,all,20,7,2479,7922,38,24262,0,0,0,0,0,I,2,Alveolar type 1 cell,43,7,6,6,6,AT1
I-3519,all,73,24,2458,8968,13,72037,0,0,0,0,0,I,20,Alveolar type 1 cell,55,25,3,3,3_1,SMC
I-3521,all,23,12,3474,9101,24,67384,0,0,0,0,0,I,13,Arterial endothelial cell,43,12,2,2,2_4,Artery
I-3522,all,35,16,2132,7546,22,67755,0,0,0,0,0,I,12,Inflammatory monocyte,43,17,3,3,3_1,SMC
I-3523,all,98,18,2904,8958,18,83556,0,0,0,0,0,I,74,Alveolar type 2 cell,55,18,1,1,1_3,AT2
I-3527,all,36,9,2283,7567,33,45336,0,0,0,0,0,I,31,Alveolar type 2 cell,44,9,1,1,1_3,AT2
I-3532,all,10,4,3039,8499,9,30401,0,0,0,0,0,I,6,Sox9+/Id2+ epithelial cell,36,4,1,1,1_1,AT2
I-3536,all,22,15,2244,8986,28,76157,0,0,0,0,0,I,4,CD8+ T cell,42,15,5,5,5_3,Pericyte
I-3539,all,15,9,3212,8635,28,50591,0,0,0,0,0,I,7,Sox9+/Id2+ epithelial cell,40,10,2,2,2_1,Capillary
I-3541,all,22,12,2409,7749,24,53841,0,0,0,0,0,I,8,AT1/AT2,43,12,6,6,6,AT1
I-3542,all,24,15,3201,8391,10,66060,0,0,0,0,0,I,9,Sox9+/Id2+ epithelial cell,42,16,3,3,3_1,SMC
I-3543,all,99,27,3014,9237,11,87368,0,0,0,0,0,I,69,Alveolar type 2 cell,56,25,1,1,1_3,AT2
I-3547,all,21,13,3450,9136,28,61530,0,0,0,0,0,I,8,Alveolar fibroblast 1,40,13,2,2,2_3,Vein
I-3548,all,16,11,2431,7697,26,35524,0,0,0,0,0,I,5,Capillary 1 cell,37,11,2,2,2_3,Vein
I-3549,all,12,8,2276,8306,23,60183,0,0,0,0,0,I,3,Capillary 2 cell,31,8,1,1,1_2_3,Tcell (CD4)
I-3552,all,94,22,2626,8022,26,87589,0,0,0,0,0,I,74,Alveolar type 2 cell,55,20,1,1,1_3,AT2
I-3553,all,12,6,3462,7536,10,22111,0,0,0,0,0,I,8,Sox9+/Id2+ epithelial cell,36,6,2,2,2_6,pDC
I-3557,all,16,9,2595,9000,28,42230,0,0,0,0,0,I,3,Alveolar type 1 cell,38,9,6,6,6,AT1
I-3560,all,31,18,2504,7703,23,52930,50,0,0,0,0,I,3,B cell,41,18,9,9,9,Bcell
I-3563,all,20,14,2406,7792,22,86072,0,0,0,0,0,I,7,CD4+ T cell,38,14,6,6,6,AT1
I-3564,all,15,11,3485,7989,15,25338,0,0,0,0,0,I,3,Innate lymphoid cell,34,11,6,6,6,AT1
I-3567,all,33,7,3365,9243,8,60618,0,0,0,0,0,I,27,Alveolar type 2 cell,45,7,1,1,1_1,AT2
I-3568,all,42,23,2720,7845,26,67610,0,0,0,0,0,I,4,Alveolar type 1 cell,44,23,2,2,2_1,Capillary
I-3569,all,9,5,2894,8400,29,14673,0,0,0,0,0,I,3,Proliferative mesenchymal progenitor cell,33,6,3,3,3_1,SMC
I-3570,all,84,33,2753,8605,19,98068,0,0,0,0,0,I,24,Alveolar type 1 cell,59,33,6,6,6,AT1
I-3575,all,15,14,2187,8412,18,22727,0,0,0,0,0,I,4,Interstitial macrophage,31,14,8,8,8_3,InterstitialMac
I-3576,all,20,14,3226,7805,26,77351,0,0,0,0,0,I,8,Pericyte,38,14,5,5,5_1,Pericyte
I-3577,all,72,17,2173,8445,18,54799,0,0,0,0,0,I,16,Arterial endothelial cell,52,17,6,6,6,AT1
I-3580,all,16,12,2111,8636,21,74986,0,0,0,0,0,I,2,Capillary 1 cell,34,13,2,2,2_1,Capillary
I-3581,all,10,7,2335,7615,24,31618,0,0,0,0,0,I,3,Alveolar fibroblast 1,29,8,3,3,3_1,SMC
I-3582,all,18,12,2392,7902,34,37377,0,0,0,0,0,I,4,Capillary 1 cell,33,11,2,2,2_1,Capillary
I-3584,all,39,18,2876,7637,32,74541,0,0,0,0,0,I,5,Arterial endothelial cell,42,18,2,2,2_4,Artery
I-3585,all,16,14,2760,9020,31,53323,0,0,0,0,0,I,4,Proliferative mesenchymal progenitor cell,35,14,2,2,2_1,Capillary
I-3587,all,25,7,3486,7630,11,41090,0,0,0,0,0,I,8,Alveolar type 1 cell,44,7,6,6,6,AT1
I-3593,all,25,13,3336,7827,10,30038,0,0,0,0,0,I,9,Alveolar macrophage,42,13,8,8,8_1,AlveolarMac
I-3597,all,13,10,3496,8494,30,41770,0,0,0,0,0,I,4,Arterial endothelial cell,31,11,2,2,2_4,Artery
I-3598,all,17,11,3460,8135,31,54331,0,0,0,0,0,I,4,Proliferative mesenchymal progenitor cell,40,12,3,3,3_1,SMC
I-3599,all,19,16,2305,7622,19,49431,0,0,0,0,0,I,4,Alveolar fibroblast 1,39,17,3,3,3_5,SMC
I-3613,all,9,7,3485,9398,7,25994,0,0,0,0,0,I,5,Arterial endothelial cell,28,7,2,2,2_4,Artery
I-3614,all,35,27,3472,8473,25,73903,0,0,0,0,0,I,9,Alveolar fibroblast 1,40,29,2,2,2_4,Artery
I-3615,all,11,6,3425,7573,29,33945,0,0,0,0,0,I,2,Alveolar fibroblast 1,37,7,1,1,1_4_1,AlveolarFib
I-3616,all,45,18,3049,9108,27,76085,0,0,0,0,0,I,19,Capillary 1 cell,46,18,2,2,2_3,Vein
I-3617,all,43,13,3442,7630,27,56125,0,0,0,0,0,I,6,Alveolar type 1 cell,45,13,6,6,6,AT1
I-3618,all,29,17,3530,8031,16,71366,0,0,0,0,0,I,2,Inflammatory monocyte,39,18,3,3,3_1,SMC
I-3619,all,28,9,2838,8582,8,38877,0,0,0,0,0,I,7,Alveolar fibroblast 1,42,9,6,6,6,AT1
I-3621,all,15,11,3260,8580,15,61523,0,0,0,0,0,I,9,Pericyte,35,11,5,5,5_1,Pericyte
I-3624,all,21,8,3582,7831,19,87682,0,0,0,0,0,I,8,Alveolar macrophage,36,8,8,8,8_1,AlveolarMac
I-3625,all,12,3,3428,9105,20,51646,0,0,0,0,0,I,10,Sox9+/Id2+ epithelial cell,38,3,1,1,1_3,AT2
I-3626,all,17,4,2945,8946,12,13744,0,0,0,0,0,I,15,Alveolar type 2 cell,41,4,1,1,1_1,AT2
I-3627,all,68,17,2592,8943,19,72679,0,0,0,0,0,I,54,Alveolar type 2 cell,53,17,1,1,1_1,AT2
I-3628,all,14,8,3060,7562,29,47378,0,0,0,0,0,I,3,Capillary 1 cell,37,8,2,2,2_1,Capillary
I-3634,all,49,18,2713,8629,25,60091,0,0,0,0,0,I,18,Alveolar type 1 cell,49,18,6,6,6,AT1
I-3636,all,26,14,2835,7851,19,82336,0,0,0,0,0,I,5,Capillary 1 cell,43,14,7,7,7_3,Tcell (CD8)
I-3638,all,23,12,3104,9254,17,75101,0,0,0,0,0,I,6,Sox9+/Id2+ epithelial cell,43,12,2,2,2_1,Capillary
I-3640,all,40,13,2365,8307,12,71230,0,0,0,0,0,I,30,Arterial endothelial cell,45,13,7,7,7_2,PatrolMac
I-3641,all,35,20,3103,7589,22,95079,0,0,0,0,0,I,4,Inflammatory monocyte,41,21,2,2,2_2,InflamMac
I-3642,all,10,7,3112,8619,7,36833,0,0,0,0,0,I,2,B cell,28,7,9,9,9,Bcell
I-3643,all,15,11,2316,7658,20,37236,50,0,50,0,1,I,5,Alveolar fibroblast 1,36,12,3,3,3_1,SMC
I-3644,all,10,10,2246,7839,34,54875,164,0,164,0,1,I,2,Alveolar fibroblast 1,27,11,3,3,3_1,SMC
I-3645,all,61,17,3466,7955,24,78167,0,0,0,0,0,I,22,Alveolar type 1 cell,52,17,6,6,6,AT1
I-3646,all,20,10,2135,8124,16,27047,0,0,0,0,0,I,2,Capillary 1 cell,41,12,2,2,2_1,Capillary
I-3647,all,36,20,2158,8237,27,96702,0,0,0,0,0,I,13,Alveolar macrophage,39,20,8,8,8_1,AlveolarMac
I-3648,all,16,9,3438,8651,13,44614,0,0,0,0,0,I,4,Natural killer cell,29,9,7,7,7_4,PatrolMac
I-3649,all,49,10,2298,8340,17,67392,0,0,0,0,0,I,39,Capillary 1 cell,49,11,2,2,2_1,Capillary
I-3650,all,48,11,2066,8527,24,88809,0,0,0,0,0,I,40,Alveolar type 2 cell,48,11,1,1,1_3,AT2
I-3652,all,7,7,2366,8134,12,23914,0,0,0,0,0,I,2,Endothelial progenitor cell,28,9,2,2,2_1,Capillary
I-3655,all,76,18,2500,9185,14,89892,0,0,0,0,0,I,18,Alveolar type 1 cell,53,18,6,6,6,AT1
I-3656,all,10,9,2851,8406,28,29404,0,0,0,0,0,I,2,Alveolar macrophage,25,9,8,8,8_1,AlveolarMac
I-3657,all,23,9,3323,8821,11,34811,0,0,0,0,0,I,2,Basophil,42,11,2,2,2_5,DC
I-3661,all,27,13,3180,8609,19,59882,0,0,0,0,0,I,8,Sox9+/Id2+ epithelial cell,43,13,2,2,2_1,Capillary
I-3662,all,43,17,2410,7628,33,58432,0,0,0,0,0,I,27,Alveolar type 2 cell,46,17,1,1,1_3,AT2
I-3664,all,8,7,3491,8060,17,38489,0,0,0,0,0,I,3,Capillary 2 cell,24,9,2,2,2_1,Capillary
I-3666,all,13,10,3365,8877,12,51554,0,0,0,0,0,I,3,Sox9+/Id2+ epithelial cell,33,11,2,2,2_1,Capillary
I-3669,all,25,12,2173,9019,26,72181,0,0,0,0,0,I,3,Alveolar type 1 cell,47,12,6,6,6,AT1
I-3673,all,15,9,3099,8568,17,46752,0,0,0,0,0,I,2,Alveolar fibroblast 1,37,10,1,1,1_4_1,AlveolarFib
I-3677,all,62,20,2402,9226,28,59882,0,0,0,0,0,I,9,Alveolar fibroblast 1,52,20,6,6,6,AT1
I-3678,all,38,20,2322,8716,24,92311,0,0,0,0,0,I,10,Endothelial progenitor cell,43,20,5,5,5_1,Pericyte
I-3679,all,21,11,2199,8108,22,64637,0,0,0,0,0,I,6,AT1/AT2,41,11,6,6,6,AT1
I-3681,all,20,16,2207,7944,26,111746,3483,0,3483,0,1,I,5,B cell,39,16,9,9,9,Bcell
I-3684,all,16,11,3061,9169,19,30603,0,0,0,0,0,I,2,Secondary crest myofibroblast,35,12,3,3,3_1,SMC
I-3685,all,36,14,2530,8941,22,85876,0,0,0,0,0,I,19,Sox9+/Id2+ epithelial cell,43,14,1,1,1_1,AT2
I-3686,all,56,19,2755,7827,21,73787,0,0,0,0,0,I,14,Alveolar type 1 cell,51,19,6,6,6,AT1
I-3688,all,37,12,2964,8704,30,63480,0,0,0,0,0,I,26,Alveolar type 2 cell,44,12,5,5,5_3,Pericyte
I-3689,all,29,16,2421,7871,21,51537,0,0,0,0,0,I,5,Proliferative mesenchymal progenitor cell,39,16,6,6,6,AT1
I-3690,all,22,11,2421,7953,21,69791,0,0,0,0,0,I,2,Endothelial progenitor cell,41,10,2,2,2_1,Capillary
I-3693,all,49,32,3371,7811,20,80959,0,0,0,0,0,I,8,Alveolar fibroblast 1,49,32,1,1,1_5_4,pDC
I-3695,all,55,18,2666,8670,22,56709,0,0,0,0,0,I,11,Innate lymphoid cell,51,18,6,6,6,AT1
I-3697,all,64,21,2141,8455,25,88626,0,0,0,0,0,I,13,Alveolar type 1 cell,53,21,6,6,6,AT1
I-3698,all,31,8,3370,8942,29,89609,0,0,0,0,0,I,22,Alveolar type 2 cell,45,8,1,1,1_1,AT2
I-3699,all,27,19,2155,8985,19,84316,0,0,0,0,0,I,3,Capillary 1 cell,38,20,3,3,3_1,SMC
I-3704,all,19,5,2140,8417,13,24994,0,0,0,0,0,I,3,Alveolar type 1 cell,42,5,6,6,6,AT1
I-3705,all,15,10,3092,7543,18,68435,0,0,0,0,0,I,2,Pericyte,36,10,5,5,5_3,Pericyte
I-3706,all,25,16,2563,8653,10,62199,0,0,0,0,0,I,6,B cell,44,16,9,9,9,Bcell
I-3709,all,82,16,3415,7751,22,116737,0,0,0,0,0,I,64,Alveolar type 2 cell,51,16,1,1,1_3,AT2
I-3713,all,22,14,2803,8573,16,58699,0,0,0,0,0,I,5,Alveolar type 1 cell,41,14,2,2,2_3,Vein
I-3717,all,22,17,2189,8634,11,90871,0,0,0,0,0,I,3,Capillary 1 cell,45,19,2,2,2_1,Capillary
I-3719,all,29,15,3299,8205,25,80875,0,0,0,0,0,I,14,AT1/AT2,39,15,6,6,6,AT1
I-3721,all,75,32,3344,8192,14,143290,0,0,0,0,0,I,26,Alveolar type 2 cell,55,32,8,8,8_1,AlveolarMac
I-3723,all,20,15,2313,9299,9,36617,0,0,0,0,0,I,4,Alveolar type 1 cell,40,15,6,6,6,AT1
I-3724,all,35,16,2157,8396,24,41329,0,0,0,0,0,I,16,Interstitial macrophage,43,16,8,8,8_3,InterstitialMac
I-3726,all,9,8,2841,8507,32,22993,0,0,0,0,0,I,7,Sox9+/Id2+ epithelial cell,30,9,6,6,6,AT1
I-3727,all,15,12,2533,7998,14,84265,0,0,0,0,0,I,4,Alveolar fibroblast 1,35,12,1,1,1_5_1,LymphaticEndo
I-3728,all,20,9,3456,9041,22,90353,0,0,0,0,0,I,8,Sox9+/Id2+ epithelial cell,42,9,1,1,1_3,AT2
I-3729,all,45,19,2796,7827,30,68120,0,0,0,0,0,I,8,Alveolar fibroblast 1,46,19,6,6,6,AT1
I-3735,all,6,4,2051,8662,16,35392,0,0,0,0,0,I,6,Secondary crest myofibroblast,23,8,3,3,3_1,SMC
I-3736,all,56,16,2731,7921,18,90571,0,0,0,0,0,I,40,Alveolar fibroblast 1,51,17,3,3,3_1,SMC
I-3737,all,22,11,3310,8466,20,51163,0,0,0,0,0,I,3,Capillary 2 cell,40,11,5,5,5_3,Pericyte
I-3738,all,9,7,3254,8454,24,34225,0,0,0,0,0,I,2,B cell,33,7,2,2,2_6,pDC
I-3739,all,36,26,3154,7618,15,91035,0,0,0,0,0,I,4,Capillary 1 cell,39,26,2,2,2_3,Vein
I-3742,all,16,10,2829,8425,18,40865,0,0,0,0,0,I,7,Alveolar fibroblast 1,33,10,8,8,8_3,InterstitialMac
I-3743,all,23,14,3380,7773,32,44179,0,0,0,0,0,I,11,Alveolar type 2 cell,41,14,1,1,1_3,AT2
I-3746,all,28,9,2905,8451,33,37044,0,0,0,0,0,I,19,Alveolar type 2 cell,44,9,1,1,1_3,AT2
I-3747,all,8,4,2038,8619,26,23840,0,0,0,0,0,I,4,Proliferative mesenchymal progenitor cell,26,5,3,3,3_1,SMC
I-3752,all,103,23,2698,7894,20,88996,0,0,0,0,0,I,79,Alveolar type 2 cell,54,18,1,1,1_3,AT2
I-3753,all,11,5,3057,9239,9,11421,0,0,0,0,0,I,8,Sox9+/Id2+ epithelial cell,33,5,8,8,8_2,InterstitialMac
I-3754,all,21,16,3066,8589,22,59327,0,0,0,0,0,I,8,Alveolar fibroblast 1,40,16,2,2,2_4,Artery
I-3759,all,30,9,2983,8736,22,58033,0,0,0,0,0,I,21,Alveolar type 2 cell,45,9,1,1,1_3,AT2
I-3760,all,11,7,3364,9063,14,21861,0,0,0,0,0,I,2,Natural killer cell,28,8,1,1,1_6_2,Neutrophil
I-3764,all,15,10,2264,8085,18,41766,0,0,0,0,0,I,3,Alveolar type 1 cell,36,10,6,6,6,AT1
I-3772,all,28,12,2849,7792,23,31275,0,0,0,0,0,I,12,Sox9+/Id2+ epithelial cell,41,14,2,2,2_1,Capillary
I-3773,all,37,10,3318,8245,24,64490,0,0,0,0,0,I,6,Alveolar macrophage,45,10,8,8,8_1,AlveolarMac
I-3774,all,20,7,2685,7632,12,31857,0,0,0,0,0,I,16,Alveolar type 2 cell,44,8,2,2,2_4,Artery
I-3784,all,31,8,2571,8959,26,40446,0,0,0,0,0,I,26,Vascular smooth muscle cell,44,8,5,5,5_1,Pericyte
I-3785,all,12,9,2914,8987,36,24366,0,0,0,0,0,I,4,Sox9+/Id2+ epithelial cell,36,10,2,2,2_1,Capillary
I-3795,all,31,19,3859,1454,19,101321,0,0,0,0,0,I,6,Pericyte,39,19,5,5,5_3,Pericyte
I-3796,all,14,10,4943,1239,7,16479,0,0,0,0,0,I,3,Proliferative mesenchymal progenitor cell,33,11,3,3,3_1,SMC
I-3798,all,114,46,5107,1340,16,82946,0,0,0,0,0,I,20,Alveolar fibroblast 1,46,22,1,1,1_5_2,AlveolarFib
I-3801,all,54,22,4422,1495,35,64928,0,0,0,0,0,I,7,Innate lymphoid cell,52,22,7,7,7_3,Tcell (CD8)
I-3802,all,33,21,4454,1260,11,64556,0,0,0,0,0,I,3,Sox9+/Id2+ epithelial cell,44,22,1,1,1_6_2,Neutrophil
I-3804,all,29,19,4783,1164,17,29190,0,0,0,0,0,I,4,Alveolar macrophage,37,19,3,3,3_3,AdventitialFib
I-3812,all,43,27,4328,1593,21,61838,0,0,0,0,0,I,8,Neutrophil,43,27,2,2,2_6,pDC
I-3813,all,103,42,4932,1540,25,109131,0,0,0,0,0,I,5,Alveolar fibroblast 1,56,31,2,2,2_3,Vein
I-3814,all,43,12,4495,1741,26,46157,0,0,0,0,0,I,34,Alveolar type 2 cell,46,12,1,1,1_1,AT2
I-3815,all,97,38,3772,629,18,62442,0,0,0,0,0,I,8,Mesothelial cell,62,37,3,3,3_3,AdventitialFib
I-3816,all,42,24,5345,1609,35,63136,0,0,0,0,0,I,3,Inflammatory monocyte,43,24,3,3,3_4,AdventitialFib
I-3819,all,73,34,5380,1516,23,80658,0,0,0,0,0,I,4,Pericyte,54,34,5,5,5_1,Pericyte
I-3820,all,90,39,4822,1562,32,97983,0,0,0,0,0,I,3,Natural killer cell,60,39,2,2,2_2,InflamMac
I-3821,all,35,22,4549,1742,17,48842,0,0,0,0,0,I,5,Capillary 1 cell,42,22,9,9,9,Bcell
I-3826,all,31,20,4914,1685,19,68215,0,0,0,0,0,I,9,B cell,38,20,9,9,9,Bcell
I-3828,all,46,26,4339,1929,15,73299,0,0,0,0,0,I,6,Capillary 2 cell,46,26,2,2,2_6,pDC
I-3829,all,59,19,5174,1763,25,69360,0,0,0,0,0,I,29,Sox9+/Id2+ epithelial cell,53,19,1,1,1_1,AT2
I-3831,all,56,26,4374,1566,20,59553,0,0,0,0,0,I,9,Alveolar type 1 cell,54,27,1,1,1_4_1,AlveolarFib
I-3832,all,101,44,4568,1852,14,84295,0,0,0,0,0,I,6,Arterial endothelial cell,59,37,3,3,3_1,SMC
I-3837,all,47,22,5396,109,10,40445,0,0,0,0,0,I,7,Vascular smooth muscle cell,47,22,3,3,3_6,SCMF
I-3838,all,43,23,5110,1766,13,81903,0,0,0,0,0,I,2,Mast cell,43,23,7,7,7_4,PatrolMac
I-3840,all,19,13,4678,1404,9,22858,0,0,0,0,0,I,2,Proliferative mesenchymal progenitor cell,39,13,2,2,2_6,pDC
I-3842,all,32,22,4300,1884,19,38492,0,0,0,0,0,I,2,Neutrophil,39,23,2,2,2_2,InflamMac
I-3844,all,33,19,3866,1252,9,64559,0,0,0,0,0,I,4,Sox9+/Id2+ epithelial cell,42,19,2,2,2_1,Capillary
I-3845,all,26,16,3941,1166,10,35531,0,0,0,0,0,I,9,Capillary 1 cell,44,16,2,2,2_3,Vein
I-3848,all,69,23,5165,1368,25,56264,0,0,0,0,0,I,34,Alveolar type 2 cell,51,23,1,1,1_3,AT2
I-3849,all,29,15,4580,1702,35,30831,0,0,0,0,0,I,2,B cell,40,15,2,2,2_6,pDC
I-3850,all,11,7,3835,1531,35,30123,0,0,0,0,0,I,4,B cell,29,7,9,9,9,Bcell
I-3852,all,35,24,4551,1697,28,38465,0,0,0,0,0,I,3,Capillary 1 cell,41,25,1,1,1_6_2,Neutrophil
I-3853,all,36,18,4490,1521,9,56971,0,0,0,0,0,I,14,Alveolar type 2 cell,41,18,1,1,1_3,AT2
I-3854,all,77,23,5031,1345,31,36984,0,0,0,0,0,I,52,Alveolar type 2 cell,53,23,1,1,1_1,AT2
I-3855,all,30,19,4357,1626,20,54626,0,0,0,0,0,I,14,Arterial endothelial cell,39,20,2,2,2_4,Artery
I-3857,all,79,40,4785,1306,32,69485,56,56,0,1,0,I,2,Alveolar type 2 cell,59,40,1,1,1_3,AT2
I-3858,all,45,20,5052,278,17,44967,0,0,0,0,0,I,5,Alveolar fibroblast 1,46,20,3,3,3_3,AdventitialFib
I-3859,all,61,28,4042,880,10,40661,0,0,0,0,0,I,6,Mesothelial cell,54,28,3,3,3_3,AdventitialFib
I-3860,all,42,19,5445,1727,16,61599,0,0,0,0,0,I,16,Alveolar type 2 cell,43,19,1,1,1_1,AT2
I-3861,all,32,20,4797,1824,38,37820,0,0,0,0,0,I,2,Natural killer cell,42,21,2,2,2_2,InflamMac
I-3863,all,40,26,3837,1327,13,60229,0,0,0,0,0,I,4,Inflammatory monocyte,43,26,2,2,2_1,Capillary
I-3865,all,32,21,5216,1623,24,34378,0,0,0,0,0,I,3,Natural killer cell,40,21,7,7,7_3,Tcell (CD8)
I-3866,all,123,42,4721,1866,23,90660,0,0,0,0,0,I,9,Arterial endothelial cell,46,26,2,2,2_3,Vein
I-3867,all,30,11,4760,1803,7,20037,0,0,0,0,0,I,19,Sox9+/Id2+ epithelial cell,43,11,1,1,1_1,AT2
I-3868,all,32,23,4274,1146,21,42257,0,0,0,0,0,I,3,Alveolar macrophage,39,23,8,8,8_1,AlveolarMac
I-3869,all,66,31,5409,1472,13,38168,0,0,0,0,0,I,2,B cell,58,31,9,9,9,Bcell
I-3871,all,109,38,4483,1787,17,78974,0,0,0,0,0,I,36,Alveolar type 2 cell,52,25,2,2,2_6,pDC
I-3873,all,83,36,4114,1098,28,82704,0,0,0,0,0,I,20,Arterial endothelial cell,57,36,2,2,2_3,Vein
I-3874,all,152,61,3783,380,17,84249,0,0,0,0,0,I,30,Interstitial macrophage,50,30,8,8,8_3,InterstitialMac
I-3880,all,70,27,5129,1873,31,65267,0,0,0,0,0,I,14,Sox9+/Id2+ epithelial cell,51,27,2,2,2_3,Vein
I-3881,all,31,18,5279,1962,17,71177,0,0,0,0,0,I,5,B cell,41,18,2,2,2_6,pDC
I-3882,all,75,32,3958,747,12,56575,0,0,0,0,0,I,13,Inflammatory monocyte,57,33,2,2,2_5,DC
I-3883,all,102,52,4191,1135,14,125855,0,0,0,0,0,I,16,Alveolar macrophage,61,46,8,8,8_1,AlveolarMac
I-3885,all,23,7,5222,1688,35,16221,0,0,0,0,0,I,2,T regulatory cell,42,8,1,1,1_6_2,Neutrophil
I-3886,all,16,11,4789,55,25,19091,0,0,0,0,0,I,8,Interstitial macrophage,27,11,8,8,8_3,InterstitialMac
I-3887,all,33,23,5391,1662,34,43806,0,0,0,0,0,I,7,Alveolar type 2 cell,40,24,2,2,2_2,InflamMac
I-3889,all,11,3,4394,1279,28,15974,0,0,0,0,0,I,9,Sox9+/Id2+ epithelial cell,39,3,1,1,1_1,AT2
I-3890,all,77,41,4700,1426,22,64586,0,0,0,0,0,I,4,B cell,56,41,2,2,2_6,pDC
I-3892,all,24,16,3849,1013,25,41645,0,0,0,0,0,I,3,Alveolar type 1 cell,43,16,6,6,6,AT1
I-3894,all,15,9,4368,1691,40,14324,0,0,0,0,0,I,2,Alveolar type 1 cell,36,9,6,6,6,AT1
I-3895,all,24,17,3785,1858,27,71226,0,0,0,0,0,I,3,Capillary 1 cell,47,17,2,2,2_1,Capillary
I-3897,all,63,25,4302,1849,20,30011,0,0,0,0,0,I,7,Proliferative mesenchymal progenitor cell,55,25,7,7,7_3,Tcell (CD8)
I-3898,all,74,25,4580,1249,37,73655,0,0,0,0,0,I,6,Alveolar type 1 cell,53,25,6,6,6,AT1
I-3899,all,33,18,5196,1872,40,34207,0,0,0,0,0,I,2,Sox9+/Id2+ epithelial cell,42,19,1,1,1_6_2,Neutrophil
I-3905,all,91,31,4690,1744,18,87140,0,0,0,0,0,I,46,Alveolar type 2 cell,56,31,1,1,1_1,AT2
I-3910,all,20,14,3888,1515,31,64446,0,0,0,0,0,I,5,B cell,41,14,9,9,9,Bcell
I-3912,all,41,22,4395,1665,28,47038,0,0,0,0,0,I,3,Alveolar type 1 cell,43,22,6,6,6,AT1
I-3914,all,8,3,5492,1694,5,7410,0,0,0,0,0,I,6,B cell,30,5,9,9,9,Bcell
I-3917,all,28,12,5547,1859,23,62743,0,0,0,0,0,I,12,Alveolar type 2 cell,45,12,1,1,1_1,AT2
I-3918,all,190,50,5156,1820,24,135264,0,0,0,0,0,I,101,Alveolar type 2 cell,49,20,1,1,1_3,AT2
I-3919,all,6,5,4732,41,39,31999,0,0,0,0,0,I,2,Sox9+/Id2+ epithelial cell,25,6,8,8,8_3,InterstitialMac
I-3920,all,66,31,3812,886,17,69412,0,0,0,0,0,I,4,B cell,56,31,9,9,9,Bcell
I-3921,all,46,12,4381,1309,33,58319,0,0,0,0,0,I,33,Alveolar type 2 cell,47,12,7,7,7_2,PatrolMac
I-3923,all,41,14,5361,1714,19,58770,0,0,0,0,0,I,28,Alveolar type 2 cell,45,15,3,3,3_1,SMC
I-3930,all,9,7,4287,1920,37,20545,0,0,0,0,0,I,3,Alveolar type 1 cell,24,8,6,6,6,AT1
I-3933,all,21,13,4102,1298,13,37615,0,0,0,0,0,I,2,Natural killer cell,40,14,2,2,2_2,InflamMac
I-3934,all,47,26,4164,1218,29,53165,0,0,0,0,0,I,3,Inflammatory monocyte,48,27,2,2,2_2,InflamMac
I-3936,all,125,47,4418,1695,21,102383,0,0,0,0,0,I,15,Alveolar type 1 cell,41,20,6,6,6,AT1
I-3937,all,44,27,4003,1846,36,71674,0,0,0,0,0,I,8,CD8+ T cell,47,28,2,2,2_2,InflamMac
I-3938,all,142,28,3963,1833,31,100057,0,0,0,0,0,I,105,Alveolar type 2 cell,48,15,1,1,1_3,AT2
I-3939,all,54,20,4731,1798,8,33510,0,0,0,0,0,I,36,Alveolar type 2 cell,51,20,1,1,1_3,AT2
I-3942,all,34,17,5281,1385,8,40753,0,0,0,0,0,I,3,Inflammatory monocyte,41,17,2,2,2_6,pDC
I-3943,all,75,30,4312,1817,20,40923,0,0,0,0,0,I,4,Alveolar fibroblast 1,58,30,7,7,7_3,Tcell (CD8)
I-3946,all,8,7,4967,1684,18,20378,0,0,0,0,0,I,2,Alveolar type 1 cell,27,9,6,6,6,AT1
I-3947,all,33,24,4215,1896,18,79962,0,0,0,0,0,I,4,Neutrophil,39,24,6,6,6,AT1
I-3949,all,83,33,4793,1707,34,91278,0,0,0,0,0,I,2,Venous endothelial cell,59,33,2,2,2_3,Vein
I-3950,all,34,23,5346,121,15,49072,0,0,0,0,0,I,4,Alveolar fibroblast 1,41,23,3,3,3_6,SCMF
I-3951,all,148,44,4587,1461,19,112006,0,0,0,0,0,I,15,AT1/AT2,49,22,6,6,6,AT1
I-3956,all,144,50,3908,1011,20,123792,0,0,0,0,0,I,11,Natural killer cell,47,25,6,6,6,AT1
I-3957,all,44,13,5194,1667,33,33138,0,0,0,0,0,I,4,Alveolar type 1 cell,46,13,6,6,6,AT1
I-3958,all,118,48,4136,1790,26,121745,0,0,0,0,0,I,19,Alveolar type 1 cell,44,22,6,6,6,AT1
I-3961,all,75,33,4429,1311,25,100326,0,0,0,0,0,I,17,Alveolar type 2 cell,55,34,2,2,2_2,InflamMac
I-3963,all,27,13,5122,269,7,15903,0,0,0,0,0,I,3,Alveolar fibroblast 1,43,13,3,3,3_3,AdventitialFib
I-3964,all,10,7,4745,1143,24,14477,0,0,0,0,0,I,2,Mesothelial cell,28,7,3,3,3_3,AdventitialFib
I-3965,all,21,12,5079,268,18,25834,0,0,0,0,0,I,2,Inflammatory monocyte,41,13,3,3,3_1,SMC
I-3966,all,56,27,4221,1848,18,94644,0,0,0,0,0,I,12,B cell,55,27,9,9,9,Bcell
I-3971,all,162,58,4740,1430,24,121045,0,0,0,0,0,I,9,Vascular smooth muscle cell,53,30,3,3,3_6,SCMF
I-3973,all,20,16,4280,1825,29,37515,0,0,0,0,0,I,4,Pericyte,40,16,5,5,5_1,Pericyte
I-3976,all,101,36,5200,1376,16,82873,0,0,0,0,0,I,30,Alveolar fibroblast 1,56,30,2,2,2_2,InflamMac
I-3980,all,145,49,4043,839,15,69846,0,0,0,0,0,I,18,Alveolar fibroblast 1,53,26,3,3,3_3,AdventitialFib
I-3981,all,19,16,4772,20,34,25881,0,0,0,0,0,I,4,Airway smooth muscle cell,37,16,3,3,3_1,SMC
I-3982,all,25,18,3830,1438,29,54198,0,0,0,0,0,I,2,B cell,46,18,2,2,2_6,pDC
I-3984,all,42,26,4391,1176,20,56418,0,0,0,0,0,I,13,B cell,43,26,9,9,9,Bcell
I-3985,all,42,21,4222,1615,36,89515,0,0,0,0,0,I,4,Capillary 1 cell,44,21,2,2,2_1,Capillary
I-3986,all,56,17,5100,1702,39,38378,0,0,0,0,0,I,30,Alveolar type 2 cell,50,17,1,1,1_1,AT2
I-3990,all,23,3,4188,1371,13,14401,0,0,0,0,0,I,21,Sox9+/Id2+ epithelial cell,45,3,1,1,1_1,AT2
I-3991,all,68,30,4403,1246,20,105246,0,0,0,0,0,I,19,Alveolar fibroblast 1,56,30,5,5,5_3,Pericyte
I-3994,all,37,25,5329,1575,32,35975,0,0,0,0,0,I,6,Inflammatory monocyte,39,25,1,1,1_3,AT2
I-3996,all,26,14,4803,32,20,29336,0,0,0,0,0,I,8,Proliferative mesenchymal progenitor cell,43,14,3,3,3_3,AdventitialFib
I-3997,all,13,8,5378,1759,35,32392,0,0,0,0,0,I,9,B cell,34,8,9,9,9,Bcell
I-4000,all,113,41,4445,1545,25,95184,0,0,0,0,0,I,46,Sox9+/Id2+ epithelial cell,43,20,1,1,1_1,AT2
I-4001,all,134,51,5567,119,23,135902,0,0,0,0,0,I,9,Alveolar fibroblast 2,46,24,3,3,3_4,AdventitialFib
I-4002,all,89,43,4537,1934,21,87910,0,0,0,0,0,I,12,Arterial endothelial cell,62,43,6,6,6,AT1
I-4004,all,119,47,4038,1759,24,123403,0,0,0,0,0,I,32,Pericyte,43,26,5,5,5_1,Pericyte
I-4005,all,86,30,4565,1790,23,63262,0,0,0,0,0,I,39,Sox9+/Id2+ epithelial cell,56,30,1,1,1_3,AT2
I-4008,all,16,11,4264,1409,11,34478,0,0,0,0,0,I,3,B cell,36,12,2,2,2_2,InflamMac
I-4011,all,15,11,4250,1123,22,14742,0,0,0,0,0,I,4,Endothelial progenitor cell,32,11,8,8,8_1,AlveolarMac
I-4012,all,22,10,5444,1685,5,28718,0,0,0,0,0,I,14,Alveolar type 2 cell,44,10,1,1,1_1,AT2
I-4015,all,19,14,4970,99,27,89829,0,0,0,0,0,I,3,Mesothelial cell,39,14,3,3,3_3,AdventitialFib
I-4019,all,15,7,4391,1215,24,17275,0,0,0,0,0,I,8,Sox9+/Id2+ epithelial cell,37,7,1,1,1_1,AT2
I-4020,all,49,26,5296,1449,14,42014,0,0,0,0,0,I,5,Proliferative mesenchymal progenitor cell,49,26,3,3,3_3,AdventitialFib
I-4021,all,34,14,4195,1345,14,36232,0,0,0,0,0,I,21,Alveolar type 2 cell,43,14,1,1,1_1,AT2
I-4025,all,54,23,4386,1592,20,36215,0,0,0,0,0,I,28,Alveolar type 2 cell,51,23,1,1,1_3,AT2
I-4034,all,36,22,3766,855,24,79194,0,0,0,0,0,I,7,B cell,42,22,9,9,9,Bcell
I-4037,all,10,7,4107,1044,6,9906,0,0,0,0,0,I,3,Alveolar fibroblast 1,29,8,1,1,1_4_1,AlveolarFib
I-4041,all,35,19,4527,1765,22,73851,0,0,0,0,0,I,19,B cell,41,19,9,9,9,Bcell
I-4044,all,22,18,4658,1440,21,19095,0,0,0,0,0,I,2,Natural killer cell,42,19,2,2,2_2,InflamMac
I-4045,all,74,38,4500,1198,13,91769,57,57,0,1,0,I,8,B cell,58,39,3,3,3_5,SMC
I-4048,all,37,19,3943,1534,22,105274,0,0,0,0,0,I,2,Alveolar type 1 cell,45,19,2,2,2_1,Capillary
I-4049,all,12,8,5021,1676,22,34402,0,0,0,0,0,I,5,Basophil,34,10,2,2,2_5,DC
I-4050,all,57,13,4334,1845,11,42513,0,0,0,0,0,I,4,Natural killer cell,53,13,7,7,7_3,Tcell (CD8)
I-4051,all,46,27,5542,1795,24,117216,0,0,0,0,0,I,3,Secondary crest myofibroblast,49,28,3,3,3_1,SMC
I-4056,all,82,27,3978,1087,13,88375,0,0,0,0,0,I,8,Arterial endothelial cell,58,27,7,7,7_2,PatrolMac
I-4060,all,102,31,4415,1583,21,63052,0,0,0,0,0,I,62,Alveolar type 2 cell,53,23,1,1,1_1,AT2
I-4062,all,49,28,4768,1860,21,56823,0,0,0,0,0,I,10,Sox9+/Id2+ epithelial cell,49,28,1,1,1_3,AT2
I-4063,all,15,12,4561,1500,39,11409,0,0,0,0,0,I,2,Natural killer cell,35,13,2,2,2_2,InflamMac
I-4066,all,46,25,3967,1004,26,55536,0,0,0,0,0,I,2,Alveolar fibroblast 1,48,26,1,1,1_4_1,AlveolarFib
I-4073,all,43,21,4857,25,10,25164,0,0,0,0,0,I,2,Mesothelial cell,44,21,3,3,3_3,AdventitialFib
I-4074,all,77,37,4555,1582,30,89655,0,0,0,0,0,I,7,Capillary 1 cell,59,37,2,2,2_3,Vein
I-4075,all,26,17,4012,1229,9,55392,0,0,0,0,0,I,4,Natural killer cell,41,18,2,2,2_2,InflamMac
I-4077,all,7,5,5527,1879,8,14868,0,0,0,0,0,I,2,Inflammatory monocyte,27,8,2,2,2_2,InflamMac
I-4081,all,85,39,4845,61,21,103880,0,0,0,0,0,I,14,Interstitial macrophage,61,39,8,8,8_3,InterstitialMac
I-4083,all,79,25,4510,1375,15,75531,0,0,0,0,0,I,41,Alveolar type 2 cell,53,25,2,2,2_6,pDC
I-4084,all,14,13,4897,56,12,17810,0,0,0,0,0,I,2,Capillary 2 cell,29,13,2,2,2_6,pDC
I-4085,all,35,20,4181,1196,23,52268,0,0,0,0,0,I,5,Venous endothelial cell,42,20,2,2,2_3,Vein
I-4086,all,30,19,5577,1845,23,75041,0,0,0,0,0,I,10,Sox9+/Id2+ epithelial cell,38,20,3,3,3_1,SMC
I-4087,all,19,11,5393,1727,26,31448,0,0,0,0,0,I,9,Alveolar type 2 cell,41,11,1,1,1_3,AT2
I-4094,all,28,10,4416,1207,32,16493,0,0,0,0,0,I,19,Alveolar type 2 cell,44,10,1,1,1_3,AT2
I-4100,all,31,16,4378,1195,30,26231,0,0,0,0,0,I,13,Alveolar type 2 cell,42,17,2,2,2_2,InflamMac
I-4104,all,7,4,5516,1775,13,22741,0,0,0,0,0,I,2,Venous endothelial cell,27,7,2,2,2_3,Vein
I-4106,all,14,7,4035,788,30,12083,0,0,0,0,0,I,7,Mesothelial cell,31,7,3,3,3_3,AdventitialFib
I-4112,all,29,19,4608,3578,30,70708,0,0,0,0,0,I,3,B cell,39,19,1,1,1_5_1,LymphaticEndo
I-4113,all,35,23,4720,2772,18,70841,52,0,52,0,1,I,6,CD4+ T cell,41,23,7,7,7_2,PatrolMac
I-4115,all,40,25,5542,2279,32,89949,0,0,0,0,0,I,13,Alveolar type 2 cell,43,26,2,2,2_4,Artery
I-4116,all,37,26,5346,2421,27,67142,0,0,0,0,0,I,4,Alveolar type 1 cell,41,26,6,6,6,AT1
I-4117,all,36,19,4950,3402,21,68429,0,0,0,0,0,I,10,Pericyte,40,19,5,5,5_1,Pericyte
I-4120,all,84,35,4990,2991,15,68550,52,0,52,0,1,I,3,Alveolar fibroblast 1,57,36,1,1,1_4_1,AlveolarFib
I-4122,all,79,31,3872,3357,31,61061,0,0,0,0,0,I,17,Alveolar type 1 cell,58,31,6,6,6,AT1
I-4124,all,11,9,3827,2852,35,48545,0,0,0,0,0,I,2,B cell,28,9,2,2,2_6,pDC
I-4125,all,20,16,5345,2014,23,80157,0,0,0,0,0,I,3,CD8+ T cell,38,16,7,7,7_2,PatrolMac
I-4128,all,53,31,3919,3341,22,49242,109,0,109,0,1,I,19,Alveolar macrophage,53,31,8,8,8_1,AlveolarMac
I-4129,all,51,14,4976,3334,28,65764,0,0,0,0,0,I,37,Alveolar type 2 cell,49,14,1,1,1_3,AT2
I-4130,all,57,30,5028,3359,32,43342,0,0,0,0,0,I,2,Sox9+/Id2+ epithelial cell,53,31,1,1,1_4_1,AlveolarFib
I-4131,all,144,56,4829,2923,19,88958,0,0,0,0,0,I,14,Alveolar macrophage,50,32,8,8,8_1,AlveolarMac
I-4133,all,73,34,5289,2843,15,56752,0,0,0,0,0,I,2,Sox9+/Id2+ epithelial cell,57,34,1,1,1_3,AT2
I-4134,all,52,31,5255,2403,21,73980,0,0,0,0,0,I,3,Neutrophil,51,31,2,2,2_3,Vein
I-4136,all,15,13,4012,3701,22,86822,0,0,0,0,0,I,6,B cell,28,13,9,9,9,Bcell
I-4140,all,15,11,5207,2756,35,61987,0,0,0,0,0,I,5,B cell,33,11,9,9,9,Bcell
I-4141,all,38,23,5191,2910,20,62103,0,0,0,0,0,I,8,Alveolar type 1 cell,42,24,3,3,3_1,SMC
I-4142,all,40,24,5394,2572,13,43120,0,0,0,0,0,I,3,Endothelial progenitor cell,41,24,2,2,2_6,pDC
I-4143,all,44,17,5550,2326,33,47001,0,0,0,0,0,I,26,Alveolar type 2 cell,47,18,2,2,2_2,InflamMac
I-4145,all,43,28,5355,2243,18,51367,0,0,0,0,0,I,6,Endothelial progenitor cell,48,30,2,2,2_5,DC
I-4146,all,27,20,3921,3179,19,52245,0,0,0,0,0,I,5,B cell,45,20,6,6,6,AT1
I-4148,all,39,22,5096,2947,26,49584,0,0,0,0,0,I,13,Alveolar type 2 cell,41,22,1,1,1_1,AT2
I-4149,all,48,27,4360,2154,36,52931,0,0,0,0,0,I,4,Capillary 1 cell,51,27,2,2,2_1,Capillary
I-4150,all,50,31,4038,3250,17,96346,0,0,0,0,0,I,7,CD8+ T cell,50,31,2,2,2_3,Vein
I-4151,all,60,20,4159,2138,16,78514,0,0,0,0,0,I,4,Inflammatory monocyte,53,20,7,7,7_2,PatrolMac
I-4153,all,15,7,5202,3227,6,13532,0,0,0,0,0,I,5,Alveolar type 1 cell,34,7,6,6,6,AT1
I-4154,all,15,13,3813,2747,35,40328,0,0,0,0,0,I,8,Alveolar fibroblast 1,31,13,2,2,2_4,Artery
I-4156,all,20,14,4605,2855,31,78371,0,0,0,0,0,I,2,Capillary 1 cell,39,14,2,2,2_3,Vein
I-4157,all,16,9,3797,3689,23,51673,0,0,0,0,0,I,4,B cell,33,9,9,9,9,Bcell
I-4158,all,14,12,5018,3295,19,41659,0,0,0,0,0,I,2,Mast cell,30,12,7,7,7_2,PatrolMac
I-4159,all,73,26,5160,3370,24,88487,0,0,0,0,0,I,2,Alveolar type 1 cell,54,27,3,3,3_1,SMC
I-4161,all,74,34,5004,2843,19,89777,0,0,0,0,0,I,18,Alveolar type 2 cell,54,34,1,1,1_3,AT2
I-4162,all,41,10,3838,3738,11,25213,0,0,0,0,0,I,32,Alveolar type 2 cell,45,10,1,1,1_3,AT2
I-4163,all,84,22,4708,2494,20,63420,0,0,0,0,0,I,55,Alveolar type 2 cell,55,22,1,1,1_1,AT2
I-4164,all,7,6,3937,3642,26,38460,0,0,0,0,0,I,2,Natural killer cell,24,9,2,2,2_2,InflamMac
I-4166,all,60,43,4769,3292,30,118861,0,0,0,0,0,I,6,Basophil,59,43,7,7,7_2,PatrolMac
I-4167,all,17,11,4012,3217,32,42616,0,0,0,0,0,I,3,Capillary 1 cell,35,11,2,2,2_1,Capillary
I-4172,all,95,44,3936,3693,17,86771,0,0,0,0,0,I,27,Alveolar macrophage,64,43,8,8,8_1,AlveolarMac
I-4173,all,49,30,4150,3432,9,65459,0,0,0,0,0,I,19,Pericyte,49,30,5,5,5_1,Pericyte
I-4174,all,66,34,5456,2305,26,84976,0,0,0,0,0,I,3,Alveolar fibroblast 1,59,35,2,2,2_4,Artery
I-4176,all,35,14,5452,2228,16,31354,0,0,0,0,0,I,21,Alveolar type 2 cell,44,14,1,1,1_3,AT2
I-4177,all,23,13,4347,3279,21,72895,0,0,0,0,0,I,8,Natural killer cell,44,13,7,7,7_4,PatrolMac
I-4179,all,16,7,3767,2450,10,21311,0,0,0,0,0,I,12,Alveolar type 2 cell,39,7,1,1,1_1,AT2
I-4180,all,45,20,3983,3654,15,66775,0,0,0,0,0,I,9,Alveolar type 1 cell,46,20,6,6,6,AT1
I-4183,all,92,9,4132,2041,29,95870,0,0,0,0,0,I,83,Alveolar type 2 cell,52,9,1,1,1_1,AT2
I-4185,all,15,12,5228,2866,14,35719,0,0,0,0,0,I,2,Pericyte,31,12,5,5,5_1,Pericyte
I-4186,all,59,25,4811,2649,21,47697,0,0,0,0,0,I,32,Sox9+/Id2+ epithelial cell,54,25,1,1,1_1,AT2
I-4187,all,11,5,4565,3085,14,29710,0,0,0,0,0,I,3,B cell,26,5,9,9,9,Bcell
I-4188,all,42,21,5243,3727,8,38388,495,495,0,1,0,I,2,Neutrophil,43,21,1,1,1_6_2,Neutrophil
I-4190,all,39,10,3783,2677,35,56031,0,0,0,0,0,I,3,Alveolar type 1 cell,45,10,6,6,6,AT1
I-4192,all,23,16,4436,2451,31,43839,0,0,0,0,0,I,2,Secondary crest myofibroblast,43,17,3,3,3_5,SMC
I-4193,all,69,30,3895,3076,17,57098,0,0,0,0,0,I,13,Inflammatory monocyte,55,30,6,6,6,AT1
I-4194,all,111,34,4182,3133,22,84592,0,0,0,0,0,I,21,Alveolar type 1 cell,46,17,6,6,6,AT1
I-4195,all,102,33,4588,3485,22,91662,0,0,0,0,0,I,13,Alveolar type 1 cell,54,26,6,6,6,AT1
I-4196,all,56,31,4653,2461,27,72393,0,0,0,0,0,I,19,Pericyte,54,31,5,5,5_3,Pericyte
I-4197,all,26,19,3783,3741,15,45719,0,0,0,0,0,I,9,B cell,46,19,9,9,9,Bcell
I-4205,all,78,42,4895,2712,12,113660,0,0,0,0,0,I,8,Capillary 1 cell,58,42,2,2,2_3,Vein
I-4206,all,104,40,5498,3621,22,126223,0,0,0,0,0,I,35,Alveolar type 2 cell,54,29,1,1,1_3,AT2
I-4208,all,38,15,5204,3261,7,18508,0,0,0,0,0,I,5,Alveolar type 1 cell,43,15,6,6,6,AT1
I-4211,all,59,33,4930,3339,27,60382,0,0,0,0,0,I,11,Inflammatory monocyte,59,35,2,2,2_5,DC
I-4213,all,37,23,4859,2311,17,43280,0,0,0,0,0,I,5,Alveolar fibroblast 1,43,23,2,2,2_3,Vein
I-4216,all,26,19,5143,3324,20,49159,0,0,0,0,0,I,3,Sox9+/Id2+ epithelial cell,47,19,2,2,2_3,Vein
I-4217,all,100,39,4539,2880,33,106311,0,0,0,0,0,I,14,Sox9+/Id2+ epithelial cell,61,37,6,6,6,AT1
I-4219,all,99,25,4703,3216,34,57253,0,0,0,0,0,I,24,Alveolar type 1 cell,58,23,6,6,6,AT1
I-4221,all,20,12,3813,2355,28,92050,0,0,0,0,0,I,5,B cell,38,12,9,9,9,Bcell
I-4223,all,7,6,3819,3667,19,40503,0,0,0,0,0,I,3,Sox9+/Id2+ epithelial cell,31,8,2,2,2_3,Vein
I-4224,all,78,19,4689,2340,7,26738,0,0,0,0,0,I,17,Alveolar type 1 cell,53,19,6,6,6,AT1
I-4225,all,30,16,4436,3105,11,30214,0,0,0,0,0,I,10,Alveolar type 1 cell,40,16,6,6,6,AT1
I-4229,all,72,42,4429,3312,17,86733,0,0,0,0,0,I,14,Alveolar fibroblast 1,57,43,1,1,1_4_1,AlveolarFib
I-4232,all,34,22,3807,2204,20,61301,53,0,53,0,1,I,6,Endothelial progenitor cell,42,23,2,2,2_2,InflamMac
I-4233,all,32,20,4259,2152,26,58854,0,0,0,0,0,I,8,Capillary 1 cell,42,20,2,2,2_3,Vein
I-4238,all,19,15,4786,2431,6,78118,0,0,0,0,0,I,2,Alveolar type 1 cell,39,15,5,5,5_3,Pericyte
I-4239,all,11,10,3897,3628,23,48868,0,0,0,0,0,I,2,Inflammatory monocyte,36,11,2,2,2_2,InflamMac
I-4241,all,21,13,4475,3049,15,47058,0,0,0,0,0,I,7,Alveolar type 1 cell,40,13,6,6,6,AT1
I-4242,all,20,17,5342,2689,33,38648,0,0,0,0,0,I,5,Alveolar fibroblast 1,41,18,3,3,3_1,SMC
I-4243,all,19,10,4036,3063,5,18363,0,0,0,0,0,I,6,Alveolar type 1 cell,41,10,6,6,6,AT1
I-4245,all,135,42,4709,3141,23,85107,0,0,0,0,0,I,14,Alveolar type 1 cell,44,18,6,6,6,AT1
I-4247,all,70,25,5416,2209,23,71454,0,0,0,0,0,I,30,Alveolar type 2 cell,50,25,1,1,1_3,AT2
I-4248,all,34,21,5277,1972,17,72444,0,0,0,0,0,I,9,B cell,40,21,9,9,9,Bcell
I-4251,all,31,16,3905,2563,35,42296,0,0,0,0,0,I,8,Alveolar type 1 cell,40,16,6,6,6,AT1
I-4255,all,19,13,4725,3250,37,31420,0,0,0,0,0,I,5,Alveolar type 1 cell,38,13,6,6,6,AT1
I-4256,all,21,9,5013,2774,35,19021,0,0,0,0,0,I,15,Alveolar type 2 cell,41,9,8,8,8_2,InterstitialMac
I-4257,all,17,13,4403,2349,14,43390,0,0,0,0,0,I,4,B cell,34,13,9,9,9,Bcell
I-4261,all,36,25,4424,2408,18,61794,0,0,0,0,0,I,6,Alveolar fibroblast 1,40,26,1,1,1_5_1,LymphaticEndo
I-4262,all,22,8,3807,2461,8,25980,0,0,0,0,0,I,16,Alveolar type 2 cell,43,8,1,1,1_1,AT2
I-4264,all,8,6,5348,2283,22,40117,0,0,0,0,0,I,4,B cell,20,8,9,9,9,Bcell
I-4265,all,15,11,3790,2238,26,62365,0,0,0,0,0,I,5,Capillary 2 cell,36,12,2,2,2_1,Capillary
I-4266,all,87,26,4844,2655,13,49548,0,0,0,0,0,I,55,Alveolar type 2 cell,56,26,1,1,1_1,AT2
I-4268,all,21,13,5414,2535,8,30423,0,0,0,0,0,I,8,Alveolar type 1 cell,41,13,6,6,6,AT1
I-4270,all,18,15,4071,3627,30,49583,0,0,0,0,0,I,7,Capillary 2 cell,40,16,2,2,2_2,InflamMac
I-4273,all,40,24,5111,2304,28,65259,0,0,0,0,0,I,2,Venous endothelial cell,41,24,2,2,2_3,Vein
I-4276,all,57,15,4100,3110,28,47744,0,0,0,0,0,I,43,Sox9+/Id2+ epithelial cell,51,15,1,1,1_1,AT2
I-4279,all,93,34,4486,3581,23,103517,0,0,0,0,0,I,59,Alveolar type 2 cell,61,34,1,1,1_3,AT2
I-4280,all,27,20,4769,2600,22,57806,0,0,0,0,0,I,7,Capillary 1 cell,47,20,2,2,2_3,Vein
I-4281,all,12,7,5427,2035,39,18318,0,0,0,0,0,I,7,Sox9+/Id2+ epithelial cell,35,7,1,1,1_1,AT2
I-4282,all,19,14,5094,3719,15,43131,0,0,0,0,0,I,3,Interstitial macrophage,35,14,8,8,8_3,InterstitialMac
I-4284,all,80,21,4309,3262,11,41136,0,0,0,0,0,I,53,Alveolar type 2 cell,55,21,1,1,1_3,AT2
I-4287,all,28,21,4163,3085,14,36807,0,0,0,0,0,I,7,Proliferative mesenchymal progenitor cell,38,21,2,2,2_1,Capillary
I-4288,all,13,5,5185,3539,37,41923,0,0,0,0,0,I,7,Sox9+/Id2+ epithelial cell,37,5,1,1,1_1,AT2
I-4289,all,27,19,3993,2368,21,66029,0,0,0,0,0,I,4,Capillary 1 cell,43,19,9,9,9,Bcell
I-4291,all,38,20,4999,3383,32,72758,0,0,0,0,0,I,2,Sox9+/Id2+ epithelial cell,43,21,1,1,1_6_2,Neutrophil
I-4294,all,21,8,3854,3641,29,56683,0,0,0,0,0,I,13,Alveolar type 2 cell,42,9,2,2,2_2,InflamMac
I-4296,all,42,10,3879,3600,33,39154,0,0,0,0,0,I,35,Alveolar type 2 cell,46,10,1,1,1_1,AT2
I-4297,all,21,17,5325,2833,13,73716,0,0,0,0,0,I,5,B cell,40,17,9,9,9,Bcell
I-4298,all,60,30,5407,2241,22,48502,0,0,0,0,0,I,20,Inflammatory monocyte,55,30,7,7,7_2,PatrolMac
I-4299,all,72,41,5168,2382,20,57659,0,0,0,0,0,I,4,Secondary crest myofibroblast,56,42,3,3,3_2,SMC
I-4300,all,17,10,4660,3433,37,38037,0,0,0,0,0,I,3,Alveolar type 1 cell,37,10,6,6,6,AT1
I-4301,all,12,5,3838,2491,23,33713,0,0,0,0,0,I,7,Sox9+/Id2+ epithelial cell,34,5,1,1,1_1,AT2
I-4302,all,102,50,4593,2144,18,97796,0,0,0,0,0,I,6,Arterial endothelial cell,59,42,2,2,2_4,Artery
I-4304,all,48,28,4061,3577,27,84235,0,0,0,0,0,I,20,Capillary 1 cell,48,28,2,2,2_6,pDC
I-4306,all,14,12,4412,1980,6,17212,0,0,0,0,0,I,3,Capillary 2 cell,29,12,2,2,2_6,pDC
I-4307,all,62,32,5501,2336,32,73946,0,0,0,0,0,I,14,Natural killer cell,54,32,7,7,7_2,PatrolMac
I-4308,all,32,14,4421,3419,12,59738,0,0,0,0,0,I,6,Capillary 2 cell,42,14,2,2,2_6,pDC
I-4311,all,33,22,4222,3379,14,87177,0,0,0,0,0,I,3,Mesothelial cell,42,23,3,3,3_1,SMC
I-4314,all,27,11,4015,3664,21,48146,0,0,0,0,0,I,11,B cell,42,11,6,6,6,AT1
I-4316,all,32,17,5034,3416,30,49106,0,0,0,0,0,I,2,Alveolar fibroblast 1,40,17,1,1,1_5_1,LymphaticEndo
I-4319,all,58,21,3901,3113,18,39609,0,0,0,0,0,I,16,Alveolar type 1 cell,52,21,6,6,6,AT1
I-4321,all,6,6,4094,2917,12,15802,0,0,0,0,0,I,2,Capillary 1 cell,19,9,2,2,2_6,pDC
I-4326,all,15,13,4284,2134,13,31921,0,0,0,0,0,I,3,Proliferative mesenchymal progenitor cell,32,13,2,2,2_6,pDC
I-4334,all,25,19,4984,3723,17,46137,0,0,0,0,0,I,5,Alveolar fibroblast 1,44,19,2,2,2_3,Vein
I-4335,all,24,10,3914,3042,31,23802,0,0,0,0,0,I,4,Endothelial progenitor cell,44,10,6,6,6,AT1
I-4336,all,25,10,4656,2326,10,19301,0,0,0,0,0,I,6,Alveolar type 1 cell,42,10,6,6,6,AT1
I-4337,all,30,18,3854,3051,25,63310,0,0,0,0,0,I,9,Inflammatory monocyte,39,19,2,2,2_1,Capillary
I-4340,all,101,45,3920,3367,22,66466,0,0,0,0,0,I,27,Alveolar macrophage,61,39,8,8,8_1,AlveolarMac
I-4342,all,33,20,5306,2755,18,72445,0,0,0,0,0,I,7,Mesothelial cell,40,20,3,3,3_3,AdventitialFib
I-4343,all,32,19,5459,2356,27,48220,0,0,0,0,0,I,2,Natural killer cell,41,20,2,2,2_2,InflamMac
I-4345,all,69,33,5199,3383,15,80335,0,0,0,0,0,I,9,Sox9+/Id2+ epithelial cell,54,33,6,6,6,AT1
I-4346,all,75,30,4747,2118,12,83647,0,0,0,0,0,I,31,Alveolar type 2 cell,54,31,2,2,2_2,InflamMac
I-4347,all,46,21,4908,2332,16,55252,0,0,0,0,0,I,6,T regulatory cell,46,21,7,7,7_2,PatrolMac
I-4350,all,132,51,4714,2448,15,118851,0,0,0,0,0,I,58,Alveolar type 2 cell,45,25,5,5,5_1,Pericyte
I-4353,all,18,10,4076,3003,32,38717,0,0,0,0,0,I,5,Pericyte,36,10,5,5,5_1,Pericyte
I-4357,all,35,19,4949,3306,23,66767,0,0,0,0,0,I,11,Natural killer cell,43,19,7,7,7_3,Tcell (CD8)
I-4359,all,15,12,3889,2401,18,46607,0,0,0,0,0,I,3,Alveolar type 1 cell,35,12,6,6,6,AT1
I-4361,all,10,5,5243,2607,34,27929,0,0,0,0,0,I,5,Alveolar type 2 cell,35,5,1,1,1_1,AT2
I-4362,all,13,10,3800,3624,34,72064,0,0,0,0,0,I,5,Pericyte,32,10,5,5,5_1,Pericyte
I-4363,all,80,39,5269,3784,23,121206,0,0,0,0,0,I,4,Natural killer cell,58,40,2,2,2_2,InflamMac
I-4365,all,43,25,5232,3797,13,51496,0,0,0,0,0,I,8,Alveolar type 1 cell,43,25,3,3,3_1,SMC
I-4367,all,59,29,4564,3159,17,80222,0,0,0,0,0,I,8,Alveolar fibroblast 1,54,30,3,3,3_1,SMC
I-4369,all,72,34,4999,3752,12,69917,0,0,0,0,0,I,5,Alveolar fibroblast 1,56,35,2,2,2_4,Artery
I-4370,all,37,21,4689,2287,8,55836,0,0,0,0,0,I,8,B cell,41,21,9,9,9,Bcell
I-4373,all,33,18,4560,3596,33,80820,0,0,0,0,0,I,4,Alveolar type 2 cell,44,18,1,1,1_3,AT2
I-4375,all,20,12,5345,3799,11,27217,0,0,0,0,0,I,2,Alveolar type 1 cell,41,12,6,6,6,AT1
I-4376,all,31,24,4975,3282,16,43495,0,0,0,0,0,I,6,Sox9+/Id2+ epithelial cell,38,24,2,2,2_3,Vein
I-4378,all,28,12,3917,3536,29,90607,0,0,0,0,0,I,10,Arterial endothelial cell,43,12,7,7,7_4,PatrolMac
I-4379,all,7,6,5190,2831,35,33909,0,0,0,0,0,I,4,Proliferative mesenchymal progenitor cell,32,7,3,3,3_1,SMC
I-4380,all,11,9,3777,2751,31,25407,0,0,0,0,0,I,2,Alveolar fibroblast 1,29,9,1,1,1_5_2,AlveolarFib
I-4381,all,64,31,4672,3186,23,76578,0,0,0,0,0,I,16,T regulatory cell,53,31,7,7,7_2,PatrolMac
I-4382,all,108,25,4127,3116,23,85397,0,0,0,0,0,I,80,Alveolar type 2 cell,47,11,1,1,1_3,AT2
I-4384,all,38,12,5261,2762,27,70476,0,0,0,0,0,I,28,Alveolar type 2 cell,44,12,1,1,1_3,AT2
I-4385,all,26,16,4454,3077,11,23386,0,0,0,0,0,I,5,Alveolar type 1 cell,46,16,6,6,6,AT1
I-4388,all,31,22,4903,3718,19,77325,0,0,0,0,0,I,3,Capillary 1 cell,39,22,2,2,2_3,Vein
I-4389,all,21,14,4882,2609,7,21747,0,0,0,0,0,I,7,Sox9+/Id2+ epithelial cell,41,14,1,1,1_3,AT2
I-4394,all,60,33,4514,3549,15,94594,0,0,0,0,0,I,24,Sox9+/Id2+ epithelial cell,56,34,2,2,2_2,InflamMac
I-4395,all,60,35,5013,2963,20,64770,0,0,0,0,0,I,9,Capillary 1 cell,58,35,9,9,9,Bcell
I-4396,all,17,8,4144,3068,17,27539,0,0,0,0,0,I,7,Sox9+/Id2+ epithelial cell,39,8,2,2,2_3,Vein
I-4400,all,227,49,4850,2875,20,121471,0,0,0,0,0,I,99,Alveolar type 2 cell,50,23,1,1,1_1,AT2
I-4402,all,23,19,5115,2927,14,31729,0,0,0,0,0,I,5,Sox9+/Id2+ epithelial cell,45,19,2,2,2_3,Vein
I-4406,all,48,23,4994,2913,18,91653,0,0,0,0,0,I,8,B cell,48,23,9,9,9,Bcell
I-4407,all,85,26,4664,2369,9,44798,0,0,0,0,0,I,7,Alveolar type 1 cell,54,26,6,6,6,AT1
I-4409,all,51,26,4240,3162,26,106361,0,0,0,0,0,I,10,Pericyte,51,26,5,5,5_1,Pericyte
I-4410,all,17,10,4944,3233,8,15853,0,0,0,0,0,I,3,Alveolar fibroblast 1,36,12,1,1,1_5_1,LymphaticEndo
I-4413,all,140,19,4713,2159,11,72723,0,0,0,0,0,I,114,Alveolar type 2 cell,51,10,1,1,1_1,AT2
I-4416,all,17,8,3906,3142,16,15199,0,0,0,0,0,I,3,Alveolar type 1 cell,38,8,6,6,6,AT1
I-4419,all,22,16,5557,3530,15,66627,0,0,0,0,0,I,5,Inflammatory monocyte,40,16,7,7,7_2,PatrolMac
I-4424,all,46,25,5243,3681,20,67240,0,0,0,0,0,I,2,Alveolar fibroblast 1,47,26,2,2,2_4,Artery
I-4426,all,10,9,3936,3199,23,23803,0,0,0,0,0,I,2,B cell,24,9,9,9,9,Bcell
I-4428,all,24,12,4739,3474,13,91346,53,53,0,1,0,I,10,B cell,41,12,9,9,9,Bcell
I-4429,all,120,45,4522,1989,23,88586,0,0,0,0,0,I,57,AT1/AT2,43,18,1,1,1_1,AT2
I-4430,all,57,32,4749,2716,23,87418,0,0,0,0,0,I,8,Natural killer cell,57,34,2,2,2_5,DC
I-4436,all,28,16,5087,3382,17,50450,0,0,0,0,0,I,2,Endothelial progenitor cell,39,16,3,3,3_4,AdventitialFib
I-4437,all,64,19,4306,3302,18,69648,0,0,0,0,0,I,44,Alveolar type 2 cell,52,19,1,1,1_3,AT2
I-4440,all,48,25,5074,3685,24,63786,0,0,0,0,0,I,16,Alveolar type 2 cell,47,24,2,2,2_1,Capillary
I-4443,all,13,9,3975,3211,28,55212,0,0,0,0,0,I,3,Alveolar macrophage,33,9,2,2,2_3,Vein
I-4444,all,38,21,5510,3679,9,26078,0,0,0,0,0,I,2,Alveolar type 1 cell,43,21,6,6,6,AT1
I-4445,all,65,38,4764,2222,26,90232,0,0,0,0,0,I,4,Inflammatory monocyte,58,38,2,2,2_6,pDC
I-4447,all,12,8,3774,3711,20,39217,0,0,0,0,0,I,5,B cell,27,8,9,9,9,Bcell
I-4449,all,50,21,3851,3688,23,98409,0,0,0,0,0,I,26,Alveolar type 2 cell,49,21,1,1,1_1,AT2
I-4459,all,32,18,4414,3527,11,73760,0,0,0,0,0,I,8,Ciliated cell,41,18,5,5,5_3,Pericyte
I-4460,all,66,40,5182,3784,17,116327,0,0,0,0,0,I,6,Capillary 1 cell,58,40,2,2,2_3,Vein
I-4462,all,77,32,5227,3623,25,102393,0,0,0,0,0,I,2,Alveolar fibroblast 1,57,33,1,1,1_6_2,Neutrophil
I-4464,all,43,21,3837,2703,29,95819,0,0,0,0,0,I,7,CD8+ T cell,44,21,7,7,7_2,PatrolMac
I-4465,all,54,32,4935,3272,18,62341,0,0,0,0,0,I,6,Innate lymphoid cell,53,32,7,7,7_2,PatrolMac
I-4466,all,156,51,4478,2441,19,132143,0,0,0,0,0,I,29,Endothelial progenitor cell,49,26,6,6,6,AT1
I-4469,all,90,39,4779,2652,28,89105,0,0,0,0,0,I,17,Alveolar fibroblast 1,61,41,2,2,2_5,DC
I-4470,all,29,14,4005,3620,19,38900,0,0,0,0,0,I,4,Alveolar type 1 cell,42,14,6,6,6,AT1
I-4471,all,38,13,4619,3730,17,37479,0,0,0,0,0,I,26,Sox9+/Id2+ epithelial cell,44,13,1,1,1_1,AT2
I-4477,all,58,27,4703,3418,31,86937,0,0,0,0,0,I,7,Alveolar type 1 cell,55,27,6,6,6,AT1
I-4478,all,93,42,5421,2101,33,94061,0,0,0,0,0,I,3,Alveolar type 1 cell,65,42,6,6,6,AT1
I-4479,all,61,34,5044,3692,24,101752,0,0,0,0,0,I,22,Alveolar type 2 cell,56,34,2,2,2_6,pDC
I-4480,all,11,5,5480,3593,12,19561,0,0,0,0,0,I,9,Alveolar type 2 cell,37,5,1,1,1_1,AT2
I-4483,all,25,17,3939,3318,28,42073,0,0,0,0,0,I,3,Proliferative mesenchymal progenitor cell,40,18,3,3,3_2,SMC
I-4484,all,51,13,4625,3755,17,53734,0,0,0,0,0,I,34,Alveolar type 2 cell,49,13,1,1,1_1,AT2
I-4487,all,27,14,4940,3673,20,45309,0,0,0,0,0,I,11,Inflammatory monocyte,42,14,7,7,7_3,Tcell (CD8)
I-4491,all,25,17,4245,3194,32,39072,0,0,0,0,0,I,3,Endothelial progenitor cell,46,17,2,2,2_6,pDC
I-4492,all,16,6,4673,2512,23,10667,0,0,0,0,0,I,14,Alveolar type 2 cell,38,6,1,1,1_1,AT2
I-4495,all,27,19,4128,2935,18,68547,0,0,0,0,0,I,6,Arterial endothelial cell,43,19,9,9,9,Bcell
I-4502,all,17,8,5294,3296,11,36845,0,0,0,0,0,I,2,Natural killer cell,36,8,7,7,7_2,PatrolMac
I-4505,all,107,42,5112,2339,22,71259,0,0,0,0,0,I,3,Alveolar fibroblast 1,52,24,1,1,1_4_1,AlveolarFib
I-4506,all,48,23,4529,2019,30,33515,0,0,0,0,0,I,14,Capillary 1 cell,48,23,1,1,1_1,AT2
I-4509,all,37,16,5084,2965,18,31852,0,0,0,0,0,I,18,Alveolar type 2 cell,43,16,1,1,1_1,AT2
I-4511,all,94,34,4997,3671,19,148152,0,0,0,0,0,I,41,Alveolar type 2 cell,58,32,1,1,1_1,AT2
I-4512,all,24,10,4595,3250,22,16718,0,0,0,0,0,I,3,Alveolar type 1 cell,43,10,6,6,6,AT1
I-4516,all,17,11,4425,2371,18,35095,0,0,0,0,0,I,5,B cell,35,11,9,9,9,Bcell
I-4518,all,79,11,4483,2009,17,45324,51,0,51,0,1,I,69,Alveolar type 2 cell,52,11,1,1,1_1,AT2
I-4520,all,20,11,4647,3679,17,42512,0,0,0,0,0,I,2,Proliferative mesenchymal progenitor cell,39,11,5,5,5_1,Pericyte
I-4526,all,47,26,5302,2693,16,46762,0,0,0,0,0,I,2,Arterial endothelial cell,47,26,2,2,2_4,Artery
I-4527,all,85,37,4836,2366,21,87620,0,0,0,0,0,I,5,Alveolar fibroblast 1,61,38,1,1,1_4_1,AlveolarFib
I-4532,all,26,19,4085,2955,26,59886,0,0,0,0,0,I,8,Pericyte,45,19,5,5,5_1,Pericyte
I-4533,all,34,17,5133,2962,22,44335,0,0,0,0,0,I,9,Sox9+/Id2+ epithelial cell,42,17,1,1,1_1,AT2
I-4535,all,49,26,5175,3407,22,40022,0,0,0,0,0,I,6,Sox9+/Id2+ epithelial cell,50,27,3,3,3_1,SMC
I-4536,all,64,32,5324,2591,30,37994,0,0,0,0,0,I,5,B cell,58,32,6,6,6,AT1
I-4540,all,124,47,4722,2540,18,140886,0,0,0,0,0,I,63,Alveolar type 2 cell,42,21,9,9,9,Bcell
I-4543,all,11,7,3901,2461,21,25195,0,0,0,0,0,I,3,Pericyte,31,7,5,5,5_1,Pericyte
I-4545,all,13,6,3813,3727,20,26877,0,0,0,0,0,I,11,B cell,34,6,1,1,1_3,AT2
I-4547,all,43,24,5138,2361,23,34378,0,0,0,0,0,I,2,Capillary 1 cell,44,24,2,2,2_1,Capillary
I-4549,all,32,17,5285,3700,26,116696,0,0,0,0,0,I,2,Inflammatory monocyte,44,19,2,2,2_5,DC
I-4560,all,22,14,4861,2915,30,17735,0,0,0,0,0,I,5,Alveolar type 1 cell,41,14,6,6,6,AT1
I-4575,all,105,50,5235,4901,31,82138,0,0,0,0,0,I,12,Alveolar macrophage,67,46,8,8,8_1,AlveolarMac
I-4576,all,73,12,3776,5157,11,44669,0,0,0,0,0,I,62,Alveolar type 2 cell,51,12,1,1,1_1,AT2
I-4578,all,83,26,4562,5491,26,74133,0,0,0,0,0,I,7,Sox9+/Id2+ epithelial cell,55,26,6,6,6,AT1
I-4580,all,19,13,4051,5620,25,56107,0,0,0,0,0,I,5,Sox9+/Id2+ epithelial cell,39,13,1,1,1_3,AT2
I-4582,all,64,39,5463,5153,10,112032,0,0,0,0,0,I,8,Alveolar type 2 cell,58,39,7,7,7_2,PatrolMac
I-4583,all,27,16,4561,5439,25,61556,0,0,0,0,0,I,4,Capillary 1 cell,43,16,2,2,2_1,Capillary
I-4584,all,56,31,5203,4957,22,67645,0,0,0,0,0,I,4,Pericyte,54,31,5,5,5_3,Pericyte
I-4586,all,46,28,5565,5213,31,96940,0,0,0,0,0,I,4,Arterial endothelial cell,48,29,2,2,2_4,Artery
I-4587,all,15,10,5397,5277,13,72219,0,0,0,0,0,I,3,Natural killer cell,33,10,3,3,3_5,SMC
I-4588,all,44,18,5348,4127,23,48284,0,0,0,0,0,I,7,Natural killer cell,45,18,7,7,7_4,PatrolMac
I-4589,all,28,11,4636,4847,7,18628,0,0,0,0,0,I,19,Alveolar type 2 cell,44,11,1,1,1_1,AT2
I-4594,all,121,26,4431,4407,22,86484,0,0,0,0,0,I,99,Alveolar type 2 cell,46,9,1,1,1_3,AT2
I-4595,all,39,26,4342,4395,17,71607,50,50,0,1,0,I,3,T regulatory cell,43,27,1,1,1_6_2,Neutrophil
I-4596,all,31,13,4910,5619,18,52960,0,0,0,0,0,I,14,Pericyte,41,13,5,5,5_1,Pericyte
I-4597,all,9,8,5247,5140,10,13915,0,0,0,0,0,I,2,Alveolar fibroblast 1,29,9,1,1,1_5_1,LymphaticEndo
I-4598,all,7,7,3978,5240,7,29763,0,0,0,0,0,I,2,Capillary 1 cell,25,9,2,2,2_1,Capillary
I-4599,all,78,27,4975,4993,14,71395,0,0,0,0,0,I,44,Alveolar type 2 cell,54,27,1,1,1_3,AT2
I-4600,all,29,16,4512,4898,26,50852,0,0,0,0,0,I,6,Mesothelial cell,40,16,3,3,3_1,SMC
I-4602,all,7,4,5013,4860,8,13361,0,0,0,0,0,I,5,Natural killer cell,26,6,7,7,7_3,Tcell (CD8)
I-4603,all,98,35,4153,5290,13,93630,0,0,0,0,0,I,14,Alveolar macrophage,61,32,8,8,8_1,AlveolarMac
I-4604,all,28,21,4679,5144,26,50409,0,0,0,0,0,I,4,Alveolar fibroblast 1,38,22,2,2,2_4,Artery
I-4605,all,71,42,4180,5508,24,141686,0,0,0,0,0,I,17,Alveolar fibroblast 1,54,42,5,5,5_1,Pericyte
I-4606,all,39,25,4764,5642,18,62613,0,0,0,0,0,I,10,Pericyte,41,25,5,5,5_3,Pericyte
I-4607,all,40,23,4166,4813,12,30767,0,0,0,0,0,I,12,Sox9+/Id2+ epithelial cell,43,23,1,1,1_3,AT2
I-4608,all,12,6,5291,4219,7,15313,0,0,0,0,0,I,7,Sox9+/Id2+ epithelial cell,37,6,1,1,1_1,AT2
I-4611,all,36,23,5299,5083,9,29729,0,0,0,0,0,I,4,Capillary 1 cell,41,23,2,2,2_1,Capillary
I-4613,all,17,14,5381,5579,26,69318,0,0,0,0,0,I,2,Alveolar fibroblast 1,39,15,1,1,1_4_1,AlveolarFib
I-4614,all,33,14,4842,5665,34,51754,0,0,0,0,0,I,3,Capillary 2 cell,43,14,2,2,2_3,Vein
I-4615,all,19,8,5310,5185,10,25000,0,0,0,0,0,I,11,Sox9+/Id2+ epithelial cell,42,8,1,1,1_1,AT2
I-4616,all,26,19,5343,5266,32,61003,0,0,0,0,0,I,2,Capillary 1 cell,47,19,2,2,2_1,Capillary
I-4617,all,17,13,4615,5150,13,47056,0,0,0,0,0,I,2,Alveolar type 1 cell,36,13,6,6,6,AT1
I-4618,all,52,23,5274,4969,23,80998,0,0,0,0,0,I,3,Capillary 1 cell,51,22,2,2,2_1,Capillary
I-4621,all,19,11,5364,5675,17,27706,0,0,0,0,0,I,11,Alveolar type 2 cell,40,11,1,1,1_3,AT2
I-4622,all,64,19,5388,5525,32,58164,0,0,0,0,0,I,45,Alveolar type 2 cell,52,19,1,1,1_1,AT2
I-4623,all,16,15,4368,4647,17,37639,0,0,0,0,0,I,5,Alveolar fibroblast 1,39,17,2,2,2_4,Artery
I-4625,all,8,4,3949,5376,12,24831,528,0,528,0,1,I,6,B cell,19,6,9,9,9,Bcell
I-4626,all,9,7,3955,5451,13,26913,0,0,0,0,0,I,2,Alveolar type 1 cell,27,8,6,6,6,AT1
I-4627,all,23,17,4136,4810,23,41761,0,0,0,0,0,I,4,Pericyte,41,17,5,5,5_3,Pericyte
I-4628,all,82,27,4015,5658,32,89111,0,0,0,0,0,I,56,AT1/AT2,58,27,1,1,1_3,AT2
I-4629,all,38,24,4382,4390,22,49136,0,0,0,0,0,I,10,Sox9+/Id2+ epithelial cell,44,26,2,2,2_5,DC
I-4631,all,41,20,4684,4808,31,86005,0,0,0,0,0,I,7,Capillary 1 cell,42,20,2,2,2_1,Capillary
I-4632,all,67,35,5512,5202,34,77192,0,0,0,0,0,I,4,Capillary 1 cell,57,35,2,2,2_3,Vein
I-4633,all,32,19,5193,5072,29,59598,0,0,0,0,0,I,6,Sox9+/Id2+ epithelial cell,40,18,2,2,2_1,Capillary
I-4634,all,24,17,5068,5050,34,45369,0,0,0,0,0,I,3,Alveolar fibroblast 1,43,18,1,1,1_5_1,LymphaticEndo
I-4637,all,22,12,3964,5401,16,29154,0,0,0,0,0,I,10,B cell,41,12,2,2,2_6,pDC
I-4638,all,92,40,5287,4447,27,86325,0,0,0,0,0,I,7,Arterial endothelial cell,62,41,2,2,2_4,Artery
I-4640,all,40,23,5539,5267,33,72937,0,0,0,0,0,I,8,Pericyte,43,23,5,5,5_1,Pericyte
I-4645,all,30,23,4466,4463,12,70747,0,0,0,0,0,I,13,Vascular smooth muscle cell,38,24,3,3,3_2,SMC
I-4646,all,17,16,5149,4725,6,17061,0,0,0,0,0,I,2,Alveolar fibroblast 1,37,16,1,1,1_5_1,LymphaticEndo
I-4647,all,60,34,4608,5385,14,48550,0,0,0,0,0,I,15,Arterial endothelial cell,55,34,2,2,2_4,Artery
I-4648,all,25,7,4065,5288,6,16056,0,0,0,0,0,I,20,Alveolar type 2 cell,46,7,1,1,1_1,AT2
I-4649,all,31,24,5317,4393,34,70583,0,0,0,0,0,I,3,Arterial endothelial cell,39,25,2,2,2_4,Artery
I-4653,all,60,14,5342,5194,8,29240,0,0,0,0,0,I,50,Alveolar type 2 cell,50,14,1,1,1_3,AT2
I-4655,all,24,14,4502,5006,16,38957,0,0,0,0,0,I,9,Alveolar type 2 cell,43,14,1,1,1_1,AT2
I-4658,all,7,6,4157,5367,31,36148,0,0,0,0,0,I,2,Capillary 1 cell,28,7,2,2,2_1,Capillary
I-4659,all,56,31,5579,5055,13,52717,0,0,0,0,0,I,17,Alveolar fibroblast 1,55,32,2,2,2_4,Artery
I-4660,all,24,16,5310,4079,36,45104,0,0,0,0,0,I,6,Secondary crest myofibroblast,40,16,7,7,7_3,Tcell (CD8)
I-4661,all,58,30,4596,5322,26,100636,0,0,0,0,0,I,12,Secretory cell,56,31,2,2,2_1,Capillary
I-4662,all,71,27,5539,3985,21,74401,0,0,0,0,0,I,2,B cell,55,28,2,2,2_4,Artery
I-4663,all,23,10,4048,5249,9,38171,0,0,0,0,0,I,6,Alveolar fibroblast 1,42,11,3,3,3_1,SMC
I-4665,all,33,16,3967,5533,35,54057,0,0,0,0,0,I,15,Sox9+/Id2+ epithelial cell,43,16,1,1,1_1,AT2
I-4666,all,14,12,4432,4545,32,18199,0,0,0,0,0,I,4,Capillary 1 cell,30,12,2,2,2_1,Capillary
I-4667,all,83,38,4721,4765,22,96337,0,0,0,0,0,I,5,Capillary 1 cell,59,39,2,2,2_2,InflamMac
I-4668,all,41,9,4238,4800,10,33559,0,0,0,0,0,I,11,CD8+ T cell,46,9,6,6,6,AT1
I-4671,all,30,15,4569,5237,23,44705,0,0,0,0,0,I,5,Alveolar type 1 cell,41,15,1,1,1_5_2,AlveolarFib
I-4672,all,28,21,4707,5008,25,95736,0,0,0,0,0,I,2,Capillary 1 cell,42,21,2,2,2_1,Capillary
I-4676,all,49,27,5369,4086,25,78465,0,0,0,0,0,I,4,B cell,49,27,7,7,7_3,Tcell (CD8)
I-4692,all,19,16,5534,5075,19,58776,0,0,0,0,0,I,4,Pericyte,39,16,5,5,5_3,Pericyte
I-4693,all,11,8,3981,5447,12,19903,0,0,0,0,0,I,4,Alveolar fibroblast 1,31,9,2,2,2_4,Artery
I-4694,all,16,13,4504,5324,28,55326,0,0,0,0,0,I,8,Pericyte,34,14,3,3,3_5,SMC
I-4695,all,13,11,4741,5668,13,31425,0,0,0,0,0,I,5,Pericyte,30,11,5,5,5_1,Pericyte
I-4696,all,91,32,5133,5007,12,64313,0,0,0,0,0,I,42,Alveolar type 2 cell,61,31,1,1,1_1,AT2
I-4697,all,56,37,4760,5286,20,77040,0,0,0,0,0,I,8,Capillary 1 cell,55,38,2,2,2_1,Capillary
I-4698,all,30,20,4156,4883,18,62647,2510,0,2510,0,1,I,7,Alveolar fibroblast 1,37,20,3,3,3_4,AdventitialFib
I-4699,all,34,26,5072,5098,23,92522,0,0,0,0,0,I,9,Capillary 1 cell,43,27,3,3,3_1,SMC
I-4702,all,42,23,4464,5209,31,111186,0,0,0,0,0,I,4,B cell,44,22,2,2,2_1,Capillary
I-4705,all,62,8,4000,5361,7,31555,0,0,0,0,0,I,58,Sox9+/Id2+ epithelial cell,51,8,1,1,1_1,AT2
I-4708,all,34,25,4223,5289,12,78139,0,0,0,0,0,I,11,Natural killer cell,42,25,7,7,7_2,PatrolMac
I-4709,all,25,13,5478,5259,13,51993,0,0,0,0,0,I,2,Alveolar type 2 cell,43,14,2,2,2_2,InflamMac
I-4710,all,7,5,4012,5276,4,12778,0,0,0,0,0,I,3,Endothelial progenitor cell,29,7,2,2,2_1,Capillary
I-4711,all,54,27,5424,5548,30,84308,0,0,0,0,0,I,22,Arterial endothelial cell,52,27,2,2,2_4,Artery
I-4712,all,11,9,4477,5353,32,49510,0,0,0,0,0,I,5,Vascular smooth muscle cell,32,9,5,5,5_1,Pericyte
I-4713,all,56,28,5322,4127,24,54215,0,0,0,0,0,I,6,Innate lymphoid cell,53,28,1,1,1_5_2,AlveolarFib
I-4714,all,47,20,5227,4486,16,70355,0,0,0,0,0,I,6,Capillary 1 cell,49,21,2,2,2_1,Capillary
I-4715,all,25,18,4801,5045,21,45662,0,0,0,0,0,I,4,Alveolar type 2 cell,42,19,2,2,2_2,InflamMac
I-4716,all,19,12,4854,5070,29,37596,0,0,0,0,0,I,2,B cell,40,12,9,9,9,Bcell
I-4717,all,96,48,5191,4873,21,91394,0,0,0,0,0,I,10,Endothelial progenitor cell,68,47,2,2,2_1,Capillary
I-4718,all,56,14,5088,4882,17,31656,0,0,0,0,0,I,40,Alveolar type 2 cell,51,14,1,1,1_3,AT2
I-4722,all,31,16,4331,5464,22,91213,0,0,0,0,0,I,13,Natural killer cell,40,16,7,7,7_4,PatrolMac
I-4723,all,24,13,5081,5623,9,82398,64,64,0,1,0,I,6,Capillary 1 cell,45,13,2,2,2_1,Capillary
I-4725,all,32,12,5133,4822,31,29016,0,0,0,0,0,I,6,Sox9+/Id2+ epithelial cell,43,12,8,8,8_1,AlveolarMac
I-4726,all,13,11,5451,5023,29,45241,0,0,0,0,0,I,6,B cell,29,11,9,9,9,Bcell
I-4727,all,8,5,3860,5157,16,15385,0,0,0,0,0,I,2,Proliferative mesenchymal progenitor cell,27,6,5,5,5_1,Pericyte
I-4728,all,72,23,3807,5178,17,81493,0,0,0,0,0,I,47,Pericyte,54,23,1,1,1_1,AT2
I-4730,all,46,12,5132,4851,15,38854,0,0,0,0,0,I,28,Alveolar type 2 cell,47,12,1,1,1_1,AT2
I-4731,all,31,12,5458,4314,34,32976,0,0,0,0,0,I,15,Alveolar type 2 cell,43,12,1,1,1_1,AT2
I-4732,all,74,28,4599,5209,13,69568,0,0,0,0,0,I,6,Sox9+/Id2+ epithelial cell,55,28,6,6,6,AT1
I-4735,all,38,23,5187,4682,15,22808,0,0,0,0,0,I,5,Alveolar type 1 cell,42,24,3,3,3_1,SMC
I-4736,all,85,31,5184,4717,17,50454,0,0,0,0,0,I,6,Alveolar type 1 cell,60,31,6,6,6,AT1
I-4738,all,111,23,4631,5431,29,51269,0,0,0,0,0,I,92,Alveolar type 2 cell,50,13,1,1,1_3,AT2
I-4739,all,27,16,4555,5556,36,32321,0,0,0,0,0,I,6,Sox9+/Id2+ epithelial cell,43,16,5,5,5_1,Pericyte
I-4745,all,95,28,4662,5667,26,101197,0,0,0,0,0,I,19,Alveolar type 1 cell,59,28,6,6,6,AT1
I-4747,all,24,16,4947,5597,15,44418,0,0,0,0,0,I,2,Proliferative mesenchymal progenitor cell,46,17,3,3,3_1,SMC
I-4748,all,49,15,4272,4779,7,42810,0,0,0,0,0,I,11,Alveolar type 1 cell,49,15,6,6,6,AT1
I-4749,all,12,5,3968,5353,8,17159,0,0,0,0,0,I,5,Alveolar type 2 cell,34,5,1,1,1_1,AT2
I-4750,all,52,31,4281,4567,14,88924,0,0,0,0,0,I,13,Capillary 2 cell,52,31,2,2,2_1,Capillary
I-4751,all,17,11,5053,4904,14,38965,0,0,0,0,0,I,9,Arterial endothelial cell,34,12,2,2,2_4,Artery
I-4754,all,67,29,4301,4379,18,65104,53,0,53,0,1,I,23,Inflammatory monocyte,56,29,8,8,8_1,AlveolarMac
I-4755,all,13,10,5415,4119,20,56549,0,0,0,0,0,I,7,Endothelial progenitor cell,34,10,5,5,5_3,Pericyte
I-4758,all,16,12,4155,4850,15,33849,0,0,0,0,0,I,5,Alveolar fibroblast 1,35,13,1,1,1_5_1,LymphaticEndo
I-4760,all,26,7,5575,5259,35,27593,0,0,0,0,0,I,20,Alveolar type 2 cell,44,7,1,1,1_1,AT2
I-4763,all,18,8,5002,4884,5,11558,0,0,0,0,0,I,11,Alveolar type 2 cell,40,8,1,1,1_1,AT2
I-4765,all,110,48,5474,4383,20,110669,0,0,0,0,0,I,10,Alveolar macrophage,56,38,8,8,8_1,AlveolarMac
I-4769,all,10,7,4819,5019,11,20585,0,0,0,0,0,I,2,Proliferative mesenchymal progenitor cell,31,8,3,3,3_1,SMC
I-4772,all,17,14,4638,5169,17,37235,0,0,0,0,0,I,3,Alveolar fibroblast 1,38,15,1,1,1_4_1,AlveolarFib
I-4774,all,16,7,5431,5258,10,26040,0,0,0,0,0,I,13,Alveolar type 2 cell,38,7,1,1,1_1,AT2
I-4777,all,44,23,4310,4465,15,73594,0,0,0,0,0,I,8,Inflammatory monocyte,43,22,2,2,2_1,Capillary
I-4778,all,34,21,5247,4514,11,53328,0,0,0,0,0,I,14,Capillary 1 cell,41,22,2,2,2_1,Capillary
I-4780,all,43,18,5348,5035,35,82616,0,0,0,0,0,I,3,Capillary 2 cell,45,18,2,2,2_1,Capillary
I-4784,all,41,23,3900,5557,20,87239,0,0,0,0,0,I,6,Endothelial progenitor cell,42,23,2,2,2_1,Capillary
I-4785,all,55,26,5452,5496,11,86906,0,0,0,0,0,I,19,Alveolar type 2 cell,53,26,1,1,1_3,AT2
I-4789,all,39,19,4704,5114,22,75741,0,0,0,0,0,I,8,Arterial endothelial cell,43,19,2,2,2_4,Artery
I-4793,all,9,5,5357,5650,13,12276,0,0,0,0,0,I,6,Sox9+/Id2+ epithelial cell,32,6,1,1,1_3,AT2
I-4796,all,19,12,3963,5659,36,35745,0,0,0,0,0,I,7,Alveolar fibroblast 1,42,13,1,1,1_4_1,AlveolarFib
I-4797,all,24,17,5477,4256,15,57260,0,0,0,0,0,I,4,Alveolar fibroblast 1,39,18,3,3,3_5,SMC
I-4800,all,19,12,5295,4182,11,38823,0,0,0,0,0,I,9,Alveolar fibroblast 1,41,13,3,3,3_1,SMC
I-4805,all,7,6,4486,5036,15,29818,0,0,0,0,0,I,4,CD8+ T cell,28,9,2,2,2_2,InflamMac
I-4806,all,27,12,4305,4726,28,71857,0,0,0,0,0,I,2,Endothelial progenitor cell,41,12,2,2,2_1,Capillary
I-4808,all,58,36,5384,5625,16,93434,0,0,0,0,0,I,7,Pericyte,55,36,5,5,5_3,Pericyte
I-4810,all,19,12,4461,5035,15,32946,0,0,0,0,0,I,2,Capillary 1 cell,37,11,2,2,2_1,Capillary
I-4812,all,20,13,4800,5083,15,35238,0,0,0,0,0,I,9,Sox9+/Id2+ epithelial cell,38,13,2,2,2_3,Vein
I-4815,all,28,10,3941,5561,32,56888,0,0,0,0,0,I,12,Sox9+/Id2+ epithelial cell,44,10,1,1,1_1,AT2
I-4817,all,44,25,5301,3832,24,113042,0,0,0,0,0,I,2,Inflammatory monocyte,44,25,3,3,3_4,AdventitialFib
I-4820,all,31,8,4014,5198,33,20850,0,0,0,0,0,I,26,Alveolar type 2 cell,43,8,1,1,1_1,AT2
I-4822,all,31,9,4769,5074,24,36087,0,0,0,0,0,I,25,Alveolar type 2 cell,43,9,1,1,1_1,AT2
I-4823,all,40,25,4175,5166,17,118173,0,0,0,0,0,I,15,Innate lymphoid cell,41,25,2,2,2_1,Capillary
I-4827,all,46,30,4307,5538,16,111810,0,0,0,0,0,I,5,Inflammatory monocyte,48,31,2,2,2_2,InflamMac
I-4829,all,14,10,5282,4504,8,32423,0,0,0,0,0,I,3,Alveolar macrophage,35,11,2,2,2_1,Capillary
I-4838,all,92,37,4606,5421,25,70931,0,0,0,0,0,I,44,Arterial endothelial cell,62,37,1,1,1_3,AT2
I-4839,all,27,9,5335,5645,14,25615,0,0,0,0,0,I,18,Alveolar type 2 cell,44,9,1,1,1_3,AT2
I-4840,all,44,20,4713,5075,18,91462,0,0,0,0,0,I,8,Capillary 1 cell,45,20,6,6,6,AT1
I-4843,all,42,22,5292,5151,10,40741,0,0,0,0,0,I,15,Alveolar type 2 cell,43,22,1,1,1_1,AT2
I-4849,all,64,24,5306,5658,15,58351,0,0,0,0,0,I,39,Alveolar type 2 cell,54,24,1,1,1_1,AT2
I-4852,all,71,33,5424,4222,25,88348,0,0,0,0,0,I,4,Pericyte,52,33,6,6,6,AT1
I-4853,all,16,7,3930,5429,11,42502,0,0,0,0,0,I,3,B cell,37,7,9,9,9,Bcell
I-4854,all,47,23,4777,5111,20,62757,0,0,0,0,0,I,23,Alveolar type 2 cell,47,23,1,1,1_1,AT2
I-4858,all,72,26,5501,4310,33,48691,0,0,0,0,0,I,40,Alveolar type 2 cell,51,26,1,1,1_3,AT2
I-4859,all,44,26,4601,4930,20,102511,0,0,0,0,0,I,4,Alveolar type 1 cell,45,26,6,6,6,AT1
I-4860,all,44,14,5104,4857,15,32383,0,0,0,0,0,I,35,Alveolar type 2 cell,47,15,3,3,3_5,SMC
I-4861,all,94,36,5378,4384,25,108870,0,0,0,0,0,I,7,Alveolar type 1 cell,61,36,7,7,7_3,Tcell (CD8)
I-4862,all,56,9,4897,5582,11,43452,0,0,0,0,0,I,45,Alveolar type 2 cell,51,9,1,1,1_3,AT2
I-4863,all,30,24,5427,4445,33,76013,0,0,0,0,0,I,2,Pericyte,37,24,5,5,5_3,Pericyte
I-4869,all,10,10,4547,5353,34,15706,0,0,0,0,0,I,4,Alveolar type 2 cell,27,10,5,5,5_1,Pericyte
I-4873,all,104,28,4305,4666,19,134567,0,0,0,0,0,I,64,Arterial endothelial cell,53,20,2,2,2_1,Capillary
I-4874,all,22,12,4465,5394,36,34404,0,0,0,0,0,I,12,Alveolar type 2 cell,41,12,1,1,1_1,AT2
I-4876,all,13,10,4322,4521,38,33398,0,0,0,0,0,I,3,Capillary 1 cell,34,11,2,2,2_1,Capillary
I-4879,all,17,12,4367,5645,11,35085,0,0,0,0,0,I,5,Capillary 1 cell,35,12,3,3,3_4,AdventitialFib
I-4885,all,36,24,4141,5411,19,104550,0,0,0,0,0,I,8,Arterial endothelial cell,40,24,9,9,9,Bcell
I-4892,all,6,4,4991,5145,11,20274,0,0,0,0,0,I,2,Proliferative mesenchymal progenitor cell,28,6,3,3,3_1,SMC
I-4901,all,38,25,4836,5043,31,54594,0,0,0,0,0,I,12,Mesothelial cell,42,26,3,3,3_1,SMC
I-4911,all,7,6,5232,5116,15,10053,0,0,0,0,0,I,2,Alveolar fibroblast 1,27,7,1,1,1_5_1,LymphaticEndo
I-4915,all,21,5,3644,4971,25,28169,0,0,0,0,0,I,18,Alveolar type 2 cell,44,5,1,1,1_1,AT2
I-4916,all,30,22,5504,4415,30,76557,0,0,0,0,0,I,2,Alveolar macrophage,39,22,8,8,8_1,AlveolarMac
I-4917,all,12,7,4509,4482,20,24115,0,0,0,0,0,I,2,Proliferative mesenchymal progenitor cell,31,7,1,1,1_5_1,LymphaticEndo
I-4919,all,10,8,5223,5078,32,34559,0,0,0,0,0,I,2,Capillary 1 cell,29,7,2,2,2_1,Capillary
I-4923,all,20,10,4823,5248,10,26041,0,0,0,0,0,I,2,Proliferative mesenchymal progenitor cell,39,10,2,2,2_6,pDC
I-4925,all,66,28,5312,4159,22,54806,0,0,0,0,0,I,7,Alveolar type 2 cell,58,29,3,3,3_5,SMC
I-4927,all,27,14,5105,5078,22,47820,0,0,0,0,0,I,4,Proliferative mesenchymal progenitor cell,42,15,3,3,3_1,SMC
I-4940,all,101,31,5178,5852,12,88258,0,0,0,0,0,I,13,Natural killer cell,57,26,7,7,7_3,Tcell (CD8)
I-4941,all,32,8,4783,6120,37,28308,0,0,0,0,0,I,25,Alveolar type 2 cell,45,8,1,1,1_1,AT2
I-4942,all,29,20,4321,5703,12,57075,0,0,0,0,0,I,10,Pericyte,37,20,5,5,5_1,Pericyte
I-4943,all,25,19,4925,7094,18,60980,0,0,0,0,0,I,5,Sox9+/Id2+ epithelial cell,41,19,2,2,2_1,Capillary
I-4944,all,19,16,4252,6886,26,82577,0,0,0,0,0,I,5,Arterial endothelial cell,37,16,2,2,2_4,Artery
I-4945,all,32,20,3789,5889,36,47958,0,0,0,0,0,I,7,Arterial endothelial cell,40,20,2,2,2_4,Artery
I-4946,all,100,15,4316,7379,25,81822,0,0,0,0,0,I,79,Alveolar type 2 cell,54,14,1,1,1_1,AT2
I-4948,all,45,16,4857,7024,19,96534,0,0,0,0,0,I,9,Alveolar type 1 cell,46,16,6,6,6,AT1
I-4950,all,38,19,4619,5873,10,45072,0,0,0,0,0,I,18,Capillary 1 cell,43,19,2,2,2_3,Vein
I-4951,all,29,15,4739,6266,13,66974,0,0,0,0,0,I,3,Capillary 1 cell,41,15,2,2,2_1,Capillary
I-4953,all,31,19,5140,5744,23,76622,0,0,0,0,0,I,5,Inflammatory monocyte,38,19,7,7,7_4,PatrolMac
I-4955,all,35,16,5036,5999,13,51247,0,0,0,0,0,I,7,Venous endothelial cell,43,16,3,3,3_4,AdventitialFib
I-4959,all,26,17,4529,6273,25,71152,0,0,0,0,0,I,6,Alveolar type 1 cell,39,18,1,1,1_4_3,AlveolarFib
I-4960,all,40,13,4359,7255,23,57611,0,0,0,0,0,I,7,Alveolar type 1 cell,44,13,6,6,6,AT1
I-4961,all,53,10,4469,6467,23,61112,0,0,0,0,0,I,8,Alveolar type 1 cell,50,10,6,6,6,AT1
I-4963,all,17,12,5219,7496,20,60208,0,0,0,0,0,I,4,CD4+ T cell,35,12,7,7,7_2,PatrolMac
I-4964,all,9,6,5326,6555,17,54517,0,0,0,0,0,I,3,Capillary 1 cell,28,7,2,2,2_3,Vein
I-4965,all,12,12,3773,5954,33,51683,0,0,0,0,0,I,4,Pericyte,26,12,5,5,5_1,Pericyte
I-4966,all,29,19,4699,5886,28,62222,0,0,0,0,0,I,3,Alveolar fibroblast 1,37,20,3,3,3_5,SMC
I-4968,all,20,14,4881,7324,33,60385,0,0,0,0,0,I,5,Innate lymphoid cell,38,15,1,1,1_4_3,AlveolarFib
I-4971,all,23,15,4480,5842,13,29292,0,0,0,0,0,I,6,Endothelial progenitor cell,40,15,8,8,8_1,AlveolarMac
I-4972,all,36,21,4030,5925,33,61676,0,0,0,0,0,I,9,Arterial endothelial cell,41,22,2,2,2_1,Capillary
I-4976,all,19,11,5328,6028,11,45529,0,0,0,0,0,I,2,Proliferative mesenchymal progenitor cell,40,11,6,6,6,AT1
I-4977,all,35,13,4911,7529,21,42125,0,0,0,0,0,I,5,Alveolar type 1 cell,43,13,6,6,6,AT1
I-4979,all,44,22,4234,6264,21,70530,0,0,0,0,0,I,6,Alveolar fibroblast 1,46,23,2,2,2_4,Artery
I-4981,all,19,13,5182,5986,10,30554,0,0,0,0,0,I,3,CD4+ T cell,36,13,1,1,1_2_1,Tcell (CD4)
I-4983,all,8,3,4693,6025,6,14282,0,0,0,0,0,I,6,Sox9+/Id2+ epithelial cell,36,5,1,1,1_1,AT2
I-4984,all,123,16,3863,5689,25,78237,0,0,0,0,0,I,111,Alveolar type 2 cell,48,6,1,1,1_3,AT2
I-4987,all,14,8,3897,5828,29,31454,0,0,0,0,0,I,9,Vascular smooth muscle cell,33,9,3,3,3_2,SMC
I-4994,all,26,15,5534,7485,9,44126,0,0,0,0,0,I,3,Basophil,42,15,8,8,8_1,AlveolarMac
I-4995,all,19,12,4014,7369,32,73672,0,0,0,0,0,I,4,Proliferative mesenchymal progenitor cell,37,12,7,7,7_4,PatrolMac
I-4996,all,21,14,5138,6028,10,22046,0,0,0,0,0,I,7,B cell,38,14,9,9,9,Bcell
I-4997,all,56,27,3875,5737,19,70168,0,0,0,0,0,I,14,Alveolar fibroblast 1,53,27,1,1,1_5_1,LymphaticEndo
I-4999,all,16,8,4696,6212,25,30592,0,0,0,0,0,I,10,Interstitial macrophage,32,8,8,8,8_3,InterstitialMac
I-5000,all,16,9,5009,6879,17,51803,0,0,0,0,0,I,4,Sox9+/Id2+ epithelial cell,37,9,1,1,1_3,AT2
I-5003,all,55,28,4535,5863,26,52832,0,0,0,0,0,I,24,Alveolar fibroblast 1,52,28,1,1,1_1,AT2
I-5004,all,14,13,3972,5748,20,44049,0,0,0,0,0,I,3,Capillary 1 cell,28,13,2,2,2_3,Vein
I-5007,all,26,17,4045,6072,19,57442,0,0,0,0,0,I,9,Pericyte,45,17,5,5,5_1,Pericyte
I-5009,all,59,23,3934,6285,17,123751,0,0,0,0,0,I,14,Arterial endothelial cell,53,24,2,2,2_4,Artery
I-5016,all,53,25,3918,5965,33,72150,0,0,0,0,0,I,26,Alveolar type 2 cell,49,24,2,2,2_1,Capillary
I-5017,all,42,16,4676,6177,29,28438,0,0,0,0,0,I,25,Alveolar type 2 cell,45,16,8,8,8_2,InterstitialMac
I-5019,all,19,11,5177,6768,9,31592,0,0,0,0,0,I,12,Alveolar fibroblast 1,39,11,3,3,3_1,SMC
I-5021,all,30,18,3869,5948,32,75169,0,0,0,0,0,I,4,Alveolar fibroblast 1,42,19,1,1,1_5_2,AlveolarFib
I-5022,all,57,33,4824,5932,22,101669,0,0,0,0,0,I,13,Sox9+/Id2+ epithelial cell,54,33,2,2,2_1,Capillary
I-5023,all,21,14,4606,6262,17,87778,0,0,0,0,0,I,4,Pericyte,38,14,5,5,5_3,Pericyte
I-5025,all,32,12,3794,5808,22,58198,0,0,0,0,0,I,25,AT1/AT2,45,12,6,6,6,AT1
I-5026,all,26,14,4291,5745,33,53967,0,0,0,0,0,I,5,Arterial endothelial cell,39,15,2,2,2_4,Artery
I-5032,all,10,9,4906,6090,26,38476,0,0,0,0,0,I,3,Endothelial progenitor cell,30,9,5,5,5_3,Pericyte
I-5034,all,33,18,4935,6803,20,99347,0,0,0,0,0,I,4,Natural killer cell,43,18,6,6,6,AT1
I-5036,all,7,4,4972,7530,38,30888,0,0,0,0,0,I,3,Alveolar type 1 cell,32,5,6,6,6,AT1
I-5037,all,28,16,3822,6012,29,69563,0,0,0,0,0,I,6,Capillary 1 cell,42,17,2,2,2_1,Capillary
I-5038,all,13,5,4126,6880,17,89636,1397784,702147,695637,0.5023287,0.4976713,I,7,Alveolar type 2 cell,34,6,2,2,2_2,InflamMac
I-5041,all,6,3,4322,6216,21,44831,0,0,0,0,0,I,2,Proliferative mesenchymal progenitor cell,27,5,5,5,5_1,Pericyte
I-5042,all,28,21,4354,6695,16,93802,0,0,0,0,0,I,3,Endothelial progenitor cell,39,21,2,2,2_3,Vein
I-5043,all,22,14,4496,5685,36,34328,0,0,0,0,0,I,2,Endothelial progenitor cell,45,14,2,2,2_1,Capillary
I-5046,all,20,12,3874,6374,22,87936,0,0,0,0,0,I,12,Pericyte,38,12,5,5,5_1,Pericyte
I-5048,all,13,10,5365,6655,32,46247,0,0,0,0,0,I,3,Alveolar fibroblast 1,31,10,2,2,2_6,pDC
I-5049,all,14,10,4287,6451,23,59455,0,0,0,0,0,I,2,Capillary 1 cell,34,10,2,2,2_1,Capillary
I-5051,all,14,12,5118,6051,6,23851,0,0,0,0,0,I,5,Pericyte,32,12,5,5,5_1,Pericyte
I-5052,all,41,20,4398,5840,23,55816,0,0,0,0,0,I,8,Capillary 1 cell,42,20,2,2,2_1,Capillary
I-5053,all,20,14,5246,6718,17,73637,0,0,0,0,0,I,2,Alveolar fibroblast 1,39,14,2,2,2_3,Vein
I-5054,all,8,6,5010,5996,17,38386,0,0,0,0,0,I,3,Capillary 1 cell,25,8,5,5,5_1,Pericyte
I-5055,all,54,18,5297,5983,19,68829,0,0,0,0,0,I,7,Alveolar type 1 cell,50,18,6,6,6,AT1
I-5056,all,66,37,4586,5828,17,75350,0,0,0,0,0,I,14,Capillary 1 cell,58,37,2,2,2_1,Capillary
I-5059,all,25,17,5387,5932,15,78410,0,0,0,0,0,I,2,Venous endothelial cell,46,17,2,2,2_3,Vein
I-5060,all,6,5,5454,6558,8,16002,0,0,0,0,0,I,2,Endothelial progenitor cell,26,8,2,2,2_1,Capillary
I-5062,all,12,9,3828,6367,37,50049,0,0,0,0,0,I,2,B cell,32,8,2,2,2_1,Capillary
I-5066,all,17,6,4369,6207,14,40816,0,0,0,0,0,I,9,Pericyte,38,6,5,5,5_1,Pericyte
I-5067,all,18,12,4725,6057,22,58049,0,0,0,0,0,I,4,CD8+ T cell,35,12,7,7,7_2,PatrolMac
I-5068,all,11,7,5433,6507,10,37865,0,0,0,0,0,I,4,B cell,28,7,6,6,6,AT1
I-5074,all,69,21,4583,6304,14,63270,0,0,0,0,0,I,7,Alveolar type 1 cell,54,21,1,1,1_5_2,AlveolarFib
I-5075,all,80,18,3854,6134,18,59231,0,0,0,0,0,I,61,Alveolar type 2 cell,55,18,1,1,1_1,AT2
I-5077,all,29,15,5258,6846,26,97000,0,0,0,0,0,I,2,Endothelial progenitor cell,43,15,2,2,2_1,Capillary
I-5080,all,7,5,4038,5990,40,26343,0,0,0,0,0,I,2,Alveolar fibroblast 1,30,7,1,1,1_4_3,AlveolarFib
I-5081,all,92,30,4008,5872,23,141687,0,0,0,0,0,I,50,Alveolar type 2 cell,57,29,2,2,2_6,pDC
I-5082,all,43,24,5123,5947,18,70877,0,0,0,0,0,I,8,Inflammatory monocyte,45,24,7,7,7_2,PatrolMac
I-5083,all,29,20,5107,5689,17,83642,0,0,0,0,0,I,2,Capillary 1 cell,38,20,2,2,2_3,Vein
I-5084,all,14,9,5052,6894,19,43610,0,0,0,0,0,I,6,Alveolar type 1 cell,34,9,6,6,6,AT1
I-5087,all,24,14,3802,7135,29,88671,0,0,0,0,0,I,7,Inflammatory monocyte,41,16,2,2,2_5,DC
I-5089,all,28,18,4334,6088,13,78628,0,0,0,0,0,I,5,Capillary 1 cell,39,18,2,2,2_1,Capillary
I-5092,all,15,5,4885,6919,37,10702,0,0,0,0,0,I,12,Sox9+/Id2+ epithelial cell,40,5,1,1,1_1,AT2
I-5095,all,15,4,4236,6947,24,77853,0,0,0,0,0,I,15,Sox9+/Id2+ epithelial cell,39,4,1,1,1_3,AT2
I-5098,all,49,30,4655,5868,22,70992,0,0,0,0,0,I,8,Sox9+/Id2+ epithelial cell,51,31,3,3,3_1,SMC
I-5099,all,6,5,4289,7000,12,93959,0,0,0,0,0,I,2,Basophil,24,7,2,2,2_5,DC
I-5100,all,26,16,4258,5726,32,73636,0,0,0,0,0,I,8,Alveolar fibroblast 1,43,17,2,2,2_1,Capillary
I-5103,all,33,18,4996,7062,19,57201,0,0,0,0,0,I,12,Alveolar macrophage,41,18,8,8,8_1,AlveolarMac
I-5105,all,14,12,4616,7203,11,33790,0,0,0,0,0,I,8,Pericyte,30,12,5,5,5_1,Pericyte
I-5106,all,25,16,5143,7468,31,55873,0,0,0,0,0,I,2,Alveolar fibroblast 1,40,17,1,1,1_4_1,AlveolarFib
I-5111,all,23,9,3818,5831,37,51370,0,0,0,0,0,I,2,Endothelial progenitor cell,42,9,3,3,3_6,SCMF
I-5118,all,23,15,4495,5873,30,39494,0,0,0,0,0,I,2,Alveolar fibroblast 1,45,16,1,1,1_5_2,AlveolarFib
I-5122,all,22,14,4857,5961,12,54874,0,0,0,0,0,I,6,Capillary 2 cell,46,15,2,2,2_1,Capillary
I-5125,all,34,17,3877,6475,27,77429,0,0,0,0,0,I,3,Capillary 1 cell,42,17,2,2,2_1,Capillary
I-5130,all,119,35,4383,5930,13,103350,0,0,0,0,0,I,13,Alveolar type 1 cell,46,17,6,6,6,AT1
I-5131,all,12,11,4308,6020,19,31324,0,0,0,0,0,I,5,Capillary 1 cell,32,12,2,2,2_1,Capillary
I-5134,all,47,16,4844,6923,36,52198,0,0,0,0,0,I,31,Sox9+/Id2+ epithelial cell,48,16,1,1,1_3,AT2
I-5136,all,14,12,4552,6384,16,62843,0,0,0,0,0,I,5,Alveolar type 1 cell,31,12,6,6,6,AT1
I-5138,all,43,32,4704,5846,23,99625,0,0,0,0,0,I,9,Capillary 1 cell,45,33,2,2,2_1,Capillary
I-5140,all,17,12,4606,6500,15,40661,0,0,0,0,0,I,5,Capillary 1 cell,34,13,2,2,2_1,Capillary
I-5141,all,57,34,5345,5790,24,120559,0,0,0,0,0,I,3,Interstitial macrophage,55,34,2,2,2_3,Vein
I-5144,all,26,13,4604,6583,11,39691,0,0,0,0,0,I,2,Alveolar type 1 cell,43,14,1,1,1_4_1,AlveolarFib
I-5145,all,9,4,5050,7023,9,24233,0,0,0,0,0,I,5,Endothelial progenitor cell,28,4,2,2,2_3,Vein
I-5151,all,10,9,4864,7081,24,53514,0,0,0,0,0,I,3,Mesothelial cell,30,10,3,3,3_1,SMC
I-5152,all,21,12,4296,6144,28,84519,0,0,0,0,0,I,2,CD8+ T cell,40,12,7,7,7_2,PatrolMac
I-5153,all,36,19,5094,5969,16,53566,0,0,0,0,0,I,8,Alveolar fibroblast 1,42,20,2,2,2_4,Artery
I-5155,all,8,3,4895,6888,36,10447,0,0,0,0,0,I,4,Sox9+/Id2+ epithelial cell,33,5,1,1,1_1,AT2
I-5156,all,48,21,4526,5808,24,42462,0,0,0,0,0,I,4,Arterial endothelial cell,49,22,2,2,2_4,Artery
I-5157,all,36,13,3952,5892,34,23187,0,0,0,0,0,I,2,Alveolar type 1 cell,43,13,6,6,6,AT1
I-5158,all,16,9,4309,5986,23,30696,0,0,0,0,0,I,3,Sox9+/Id2+ epithelial cell,37,10,2,2,2_3,Vein
I-5159,all,36,9,3901,7088,15,78110,0,0,0,0,0,I,27,Alveolar type 2 cell,45,9,1,1,1_3,AT2
I-5160,all,30,13,3984,5780,18,60089,0,0,0,0,0,I,10,Sox9+/Id2+ epithelial cell,43,13,1,1,1_1,AT2
I-5161,all,16,13,3834,6077,29,62018,0,0,0,0,0,I,6,Inflammatory monocyte,36,13,2,2,2_1,Capillary
I-5162,all,108,35,4765,6005,22,78342,0,0,0,0,0,I,9,AT1/AT2,51,23,6,6,6,AT1
I-5165,all,32,24,5355,5711,14,69206,0,0,0,0,0,I,7,Pericyte,41,25,3,3,3_2,SMC
I-5168,all,55,26,5158,5797,11,66078,0,0,0,0,0,I,4,Endothelial progenitor cell,51,26,2,2,2_3,Vein
I-5169,all,20,7,4821,6832,22,85096,0,0,0,0,0,I,2,Alveolar type 1 cell,43,7,6,6,6,AT1
I-5171,all,17,7,3932,6224,6,19647,0,0,0,0,0,I,6,Alveolar fibroblast 1,38,7,6,6,6,AT1
I-5174,all,45,16,4431,6303,26,63512,0,0,0,0,0,I,9,Alveolar type 1 cell,46,16,6,6,6,AT1
I-5175,all,39,7,4129,6575,22,47261,0,0,0,0,0,I,34,Alveolar type 2 cell,47,7,1,1,1_3,AT2
I-5181,all,28,18,4531,6550,16,69321,0,0,0,0,0,I,3,Capillary 1 cell,39,19,3,3,3_5,SMC
I-5182,all,19,12,4223,7129,30,49479,0,0,0,0,0,I,7,Alveolar type 1 cell,36,12,6,6,6,AT1
I-5187,all,48,16,4634,6195,27,58343,0,0,0,0,0,I,30,Alveolar type 2 cell,48,16,1,1,1_1,AT2
I-5189,all,37,22,3870,6225,31,66353,0,0,0,0,0,I,14,Pericyte,41,22,5,5,5_1,Pericyte
I-5191,all,88,17,4578,7134,24,76500,0,0,0,0,0,I,67,Alveolar type 2 cell,55,17,1,1,1_1,AT2
I-5193,all,25,13,4914,6046,34,44538,0,0,0,0,0,I,3,Pericyte,44,13,5,5,5_1,Pericyte
I-5194,all,82,20,5024,6926,12,86354,0,0,0,0,0,I,60,Alveolar type 2 cell,53,20,1,1,1_3,AT2
I-5196,all,43,15,4803,6158,33,28911,0,0,0,0,0,I,29,Alveolar type 2 cell,45,15,1,1,1_3,AT2
I-5197,all,13,10,4757,7359,17,57092,165,0,165,0,1,I,3,Neutrophil,30,10,8,8,8_2,InterstitialMac
I-5198,all,24,14,4480,6510,27,79843,0,0,0,0,0,I,5,Pericyte,46,14,5,5,5_1,Pericyte
I-5199,all,61,30,5223,5727,16,75541,0,0,0,0,0,I,8,Basophil,56,32,2,2,2_5,DC
I-5203,all,11,9,5474,6517,9,51087,110,110,0,1,0,I,3,Alveolar type 1 cell,28,9,6,6,6,AT1
I-5205,all,29,21,4910,7497,26,53509,0,0,0,0,0,I,5,Alveolar type 1 cell,39,20,2,2,2_1,Capillary
I-5206,all,15,10,4053,6169,32,32777,0,0,0,0,0,I,5,Pericyte,31,10,5,5,5_1,Pericyte
I-5210,all,35,24,5212,7382,14,69806,0,0,0,0,0,I,14,B cell,42,24,9,9,9,Bcell
I-5211,all,89,25,4452,5709,35,80863,0,0,0,0,0,I,74,Alveolar type 2 cell,56,24,1,1,1_1,AT2
I-5214,all,12,10,5061,7077,23,51775,0,0,0,0,0,I,2,Neutrophil,31,11,2,2,2_2,InflamMac
I-5215,all,39,18,4754,5962,27,30586,0,0,0,0,0,I,24,Alveolar type 2 cell,43,18,7,7,7_2,PatrolMac
I-5217,all,36,19,4171,7483,15,85652,0,0,0,0,0,I,3,Sox9+/Id2+ epithelial cell,43,20,1,1,1_4_1,AlveolarFib
I-5222,all,76,30,4115,6205,17,110360,0,0,0,0,0,I,41,Alveolar type 2 cell,54,30,1,1,1_1,AT2
I-5223,all,20,15,5151,5965,22,50034,0,0,0,0,0,I,4,Sox9+/Id2+ epithelial cell,40,15,8,8,8_2,InterstitialMac
I-5226,all,27,17,5213,5689,22,27062,0,0,0,0,0,I,4,Alveolar type 2 cell,38,18,2,2,2_2,InflamMac
I-5227,all,17,8,4582,6466,15,29289,0,0,0,0,0,I,2,Capillary 1 cell,37,8,2,2,2_1,Capillary
I-5229,all,35,19,5469,6620,11,77516,0,0,0,0,0,I,5,Pericyte,43,19,5,5,5_1,Pericyte
I-5237,all,80,30,4962,7280,30,87014,0,0,0,0,0,I,12,Alveolar type 1 cell,56,30,6,6,6,AT1
I-5241,all,20,14,4373,5697,21,29034,0,0,0,0,0,I,3,Sox9+/Id2+ epithelial cell,40,14,8,8,8_3,InterstitialMac
I-5243,all,102,35,4784,5945,23,114304,0,0,0,0,0,I,67,Alveolar type 2 cell,55,26,1,1,1_1,AT2
I-5245,all,23,21,4667,6077,17,88578,0,0,0,0,0,I,5,Secondary crest myofibroblast,44,22,3,3,3_1,SMC
I-5248,all,8,6,5168,7324,26,73189,0,0,0,0,0,I,2,Endothelial progenitor cell,31,6,2,2,2_1,Capillary
I-5249,all,47,12,4157,6541,23,53316,0,0,0,0,0,I,34,Alveolar type 2 cell,48,12,1,1,1_1,AT2
I-5250,all,7,6,4551,6460,12,35930,0,0,0,0,0,I,3,Pericyte,23,9,5,5,5_1,Pericyte
I-5253,all,92,30,5212,7422,20,104565,0,0,0,0,0,I,48,Alveolar type 2 cell,55,29,1,1,1_1,AT2
I-5254,all,29,13,4760,5877,10,36678,0,0,0,0,0,I,17,Pericyte,40,13,5,5,5_1,Pericyte
I-5255,all,15,12,4022,7074,33,72253,0,0,0,0,0,I,5,Innate lymphoid cell,33,13,3,3,3_1,SMC
I-5256,all,7,5,4283,6578,29,26273,0,0,0,0,0,I,2,Neutrophil,20,7,1,1,1_6_2,Neutrophil
I-5257,all,31,21,3778,5777,22,53720,0,0,0,0,0,I,10,Sox9+/Id2+ epithelial cell,39,21,3,3,3_6,SCMF
I-5259,all,23,15,4513,6314,27,73939,0,0,0,0,0,I,4,Arterial endothelial cell,43,15,2,2,2_4,Artery
I-5262,all,15,11,4072,6058,16,51813,0,0,0,0,0,I,3,B cell,30,11,9,9,9,Bcell
I-5265,all,28,15,4079,5795,20,71581,0,0,0,0,0,I,5,CD8+ T cell,41,15,7,7,7_2,PatrolMac
I-5268,all,19,16,4507,6234,18,77501,0,0,0,0,0,I,3,Alveolar fibroblast 1,38,16,2,2,2_1,Capillary
I-5270,all,12,10,4742,7106,34,53250,0,0,0,0,0,I,3,Alveolar fibroblast 1,29,10,1,1,1_5_1,LymphaticEndo
I-5272,all,84,21,4412,6182,14,78654,0,0,0,0,0,I,33,Alveolar type 2 cell,56,21,1,1,1_1,AT2
I-5279,all,36,23,4662,6237,26,56978,0,0,0,0,0,I,12,Interstitial macrophage,40,23,8,8,8_3,InterstitialMac
I-5283,all,63,21,5375,6537,27,77159,0,0,0,0,0,I,36,Alveolar type 2 cell,54,21,1,1,1_1,AT2
I-5284,all,43,30,4405,5872,18,66340,0,0,0,0,0,I,6,Alveolar fibroblast 1,43,30,1,1,1_5_1,LymphaticEndo
I-5287,all,12,7,5191,7457,26,37817,0,0,0,0,0,I,5,Sox9+/Id2+ epithelial cell,37,7,2,2,2_3,Vein
I-5290,all,100,23,5566,6584,27,84480,0,0,0,0,0,I,10,Alveolar type 1 cell,54,18,6,6,6,AT1
I-5291,all,14,5,4589,5771,23,15180,0,0,0,0,0,I,3,Alveolar type 1 cell,38,5,6,6,6,AT1
I-5295,all,27,12,4863,6866,33,36335,0,0,0,0,0,I,15,Sox9+/Id2+ epithelial cell,46,12,1,1,1_1,AT2
I-5301,all,127,27,4226,5871,27,86799,0,0,0,0,0,I,106,Alveolar type 2 cell,43,7,1,1,1_1,AT2
I-5302,all,29,16,4727,6175,33,70293,0,0,0,0,0,I,9,Alveolar fibroblast 1,42,17,2,2,2_4,Artery
I-5304,all,72,25,5282,6742,23,117432,0,0,0,0,0,I,31,Alveolar type 2 cell,53,25,7,7,7_2,PatrolMac
I-5307,all,7,6,3766,5921,34,24759,0,0,0,0,0,I,2,Capillary 1 cell,31,7,2,2,2_1,Capillary
I-5310,all,21,8,4525,7018,8,62483,0,0,0,0,0,I,4,Alveolar type 1 cell,41,8,6,6,6,AT1
I-5313,all,53,26,4568,5799,21,49781,0,0,0,0,0,I,8,Alveolar macrophage,51,26,1,1,1_2_3,Tcell (CD4)
I-5316,all,42,14,4129,5830,26,41562,0,0,0,0,0,I,6,Alveolar type 1 cell,45,14,6,6,6,AT1
I-5317,all,75,34,5225,6773,19,107849,0,0,0,0,0,I,36,Interstitial macrophage,54,34,8,8,8_3,InterstitialMac
I-5318,all,24,15,3814,6207,22,55001,0,0,0,0,0,I,9,Sox9+/Id2+ epithelial cell,39,18,2,2,2_1,Capillary
I-5320,all,24,5,4118,7248,14,15475,0,0,0,0,0,I,17,Sox9+/Id2+ epithelial cell,44,5,1,1,1_1,AT2
I-5321,all,15,12,5030,7095,36,39615,0,0,0,0,0,I,2,Proliferative mesenchymal progenitor cell,32,12,2,2,2_6,pDC
I-5323,all,28,8,4809,6131,33,25372,0,0,0,0,0,I,22,Alveolar type 2 cell,44,8,1,1,1_1,AT2
I-5326,all,33,13,3823,6114,20,48452,0,0,0,0,0,I,24,Alveolar type 2 cell,43,13,1,1,1_3,AT2
I-5330,all,18,17,4936,6078,19,52238,0,0,0,0,0,I,6,Pericyte,35,17,5,5,5_3,Pericyte
I-5331,all,34,11,3917,5706,22,29445,0,0,0,0,0,I,3,Alveolar type 1 cell,45,11,6,6,6,AT1
I-5333,all,6,5,4011,7125,32,48543,0,0,0,0,0,I,2,Secondary crest myofibroblast,26,6,3,3,3_2,SMC
I-5335,all,7,3,3978,5841,13,10966,0,0,0,0,0,I,6,Sox9+/Id2+ epithelial cell,35,4,1,1,1_1,AT2
I-5336,all,26,10,4472,6302,29,31017,0,0,0,0,0,I,4,Arterial endothelial cell,42,12,2,2,2_4,Artery
I-5341,all,13,3,4607,7119,33,29465,0,0,0,0,0,I,9,Sox9+/Id2+ epithelial cell,38,3,1,1,1_1,AT2
I-5342,all,48,14,3820,5788,13,32048,0,0,0,0,0,I,35,Alveolar type 2 cell,48,14,3,3,3_6,SCMF
I-5344,all,60,16,3912,5746,19,44638,0,0,0,0,0,I,16,Alveolar type 1 cell,52,16,6,6,6,AT1
I-5347,all,19,13,3948,6107,35,37992,0,0,0,0,0,I,5,Capillary 1 cell,42,15,2,2,2_3,Vein
I-5348,all,30,8,4613,7154,24,35856,0,0,0,0,0,I,23,Sox9+/Id2+ epithelial cell,44,8,1,1,1_1,AT2
I-5353,all,23,15,4797,5865,22,39169,0,0,0,0,0,I,7,Sox9+/Id2+ epithelial cell,43,15,1,1,1_3,AT2
I-5357,all,30,19,3922,5868,29,82571,0,0,0,0,0,I,9,Vascular smooth muscle cell,38,19,3,3,3_2,SMC
I-5359,all,26,12,4695,7116,30,55159,0,0,0,0,0,I,12,Arterial endothelial cell,43,14,2,2,2_4,Artery
I-5364,all,7,5,5268,8483,8,27922,0,0,0,0,0,I,2,Proliferative mesenchymal progenitor cell,20,8,5,5,5_1,Pericyte
I-5365,all,52,30,4489,9164,15,90698,0,0,0,0,0,I,8,Capillary 1 cell,50,29,2,2,2_1,Capillary
I-5367,all,43,24,4270,8099,28,81598,0,0,0,0,0,I,3,Capillary 1 cell,44,24,2,2,2_3,Vein
I-5368,all,56,27,4875,8305,14,84796,0,0,0,0,0,I,11,Alveolar fibroblast 1,54,28,2,2,2_4,Artery
I-5369,all,53,13,4009,7764,19,82921,0,0,0,0,0,I,42,Alveolar type 2 cell,50,13,1,1,1_3,AT2
I-5370,all,49,21,4495,8348,14,62425,0,0,0,0,0,I,19,Alveolar fibroblast 1,49,22,2,2,2_4,Artery
I-5374,all,197,25,4691,8818,20,102164,0,0,0,0,0,I,141,Alveolar type 2 cell,51,14,1,1,1_1,AT2
I-5376,all,28,17,4901,9052,11,44650,0,0,0,0,0,I,10,Pericyte,38,17,5,5,5_1,Pericyte
I-5377,all,35,18,5331,9215,19,81993,0,0,0,0,0,I,2,Alveolar fibroblast 1,44,18,2,2,2_3,Vein
I-5378,all,25,16,4924,8009,11,60840,0,0,0,0,0,I,8,Proliferative mesenchymal progenitor cell,44,16,6,6,6,AT1
I-5379,all,137,30,4049,7796,24,135082,0,0,0,0,0,I,28,Sox9+/Id2+ epithelial cell,45,12,6,6,6,AT1
I-5380,all,87,34,4041,8799,18,94964,0,0,0,0,0,I,17,Alveolar macrophage,60,33,8,8,8_1,AlveolarMac
I-5382,all,12,9,5179,8546,37,30659,0,0,0,0,0,I,2,B cell,34,9,9,9,9,Bcell
I-5383,all,25,15,3989,7568,17,96029,0,0,0,0,0,I,6,Alveolar type 1 cell,43,15,6,6,6,AT1
I-5384,all,28,14,5127,8285,30,74621,0,0,0,0,0,I,2,Venous endothelial cell,40,14,2,2,2_3,Vein
I-5385,all,29,16,5320,8920,12,51625,0,0,0,0,0,I,12,Sox9+/Id2+ epithelial cell,42,18,2,2,2_5,DC
I-5386,all,40,24,4138,8321,27,76705,0,0,0,0,0,I,4,Capillary 1 cell,41,24,3,3,3_4,AdventitialFib
I-5387,all,47,23,4158,7770,13,81624,0,0,0,0,0,I,22,Endothelial progenitor cell,46,22,2,2,2_1,Capillary
I-5389,all,34,16,5466,7562,25,68010,0,0,0,0,0,I,21,Alveolar type 2 cell,42,17,3,3,3_1,SMC
I-5394,all,76,27,4805,8857,11,83627,0,0,0,0,0,I,9,Alveolar type 1 cell,56,27,6,6,6,AT1
I-5397,all,76,31,5072,8584,17,77570,0,0,0,0,0,I,10,Alveolar type 1 cell,58,31,6,6,6,AT1
I-5398,all,19,8,3969,9415,13,25283,0,0,0,0,0,I,2,Alveolar type 1 cell,41,8,6,6,6,AT1
I-5399,all,67,19,4789,7888,33,48559,0,0,0,0,0,I,50,Alveolar type 2 cell,53,19,1,1,1_3,AT2
I-5400,all,9,3,5187,8660,5,16479,0,0,0,0,0,I,4,Alveolar type 1 cell,29,4,6,6,6,AT1
I-5401,all,6,5,5528,8217,31,38103,0,0,0,0,0,I,2,B cell,21,8,9,9,9,Bcell
I-5402,all,10,8,5382,9042,24,49227,0,0,0,0,0,I,2,Proliferative mesenchymal progenitor cell,29,8,6,6,6,AT1
I-5404,all,32,22,5326,9146,22,76152,0,0,0,0,0,I,6,Pericyte,39,22,5,5,5_1,Pericyte
I-5405,all,19,15,5276,8934,13,43530,0,0,0,0,0,I,4,Alveolar macrophage,38,15,8,8,8_1,AlveolarMac
I-5410,all,21,16,4071,7681,31,70497,0,0,0,0,0,I,4,CD4+ T cell,40,16,7,7,7_2,PatrolMac
I-5411,all,11,9,5573,7693,20,42653,0,0,0,0,0,I,7,Neutrophil,27,10,3,3,3_2,SMC
I-5412,all,29,4,4226,8209,11,24734,0,0,0,0,0,I,27,B cell,44,4,1,1,1_1,AT2
I-5413,all,91,12,5178,8036,23,64329,0,0,0,0,0,I,78,Alveolar type 2 cell,53,12,1,1,1_1,AT2
I-5414,all,72,38,4835,7910,28,80783,0,0,0,0,0,I,14,Capillary 1 cell,55,38,2,2,2_3,Vein
I-5415,all,75,36,4306,8291,15,113921,155,0,155,0,1,I,14,Arterial endothelial cell,55,36,2,2,2_3,Vein
I-5416,all,71,24,5107,8133,10,72920,0,0,0,0,0,I,8,Alveolar type 1 cell,54,24,6,6,6,AT1
I-5418,all,55,30,4649,9317,19,91572,0,0,0,0,0,I,4,Natural killer cell,52,30,7,7,7_2,PatrolMac
I-5420,all,43,22,5491,7904,27,91821,0,0,0,0,0,I,3,Capillary 1 cell,45,23,2,2,2_1,Capillary
I-5421,all,8,8,4502,8602,7,30782,0,0,0,0,0,I,3,Alveolar fibroblast 1,25,9,1,1,1_4_1,AlveolarFib
I-5425,all,25,16,3822,9350,23,72295,0,0,0,0,0,I,3,Arterial endothelial cell,45,17,2,2,2_4,Artery
I-5426,all,21,13,5364,8254,31,40874,0,0,0,0,0,I,4,Alveolar fibroblast 1,44,14,1,1,1_5_1,LymphaticEndo
I-5427,all,49,31,4103,8674,24,122912,0,0,0,0,0,I,6,CD8+ T cell,49,31,7,7,7_2,PatrolMac
I-5428,all,59,32,5058,8151,14,108233,0,0,0,0,0,I,10,B cell,53,32,9,9,9,Bcell
I-5431,all,37,16,4867,7856,18,28795,0,0,0,0,0,I,11,Alveolar type 1 cell,43,16,6,6,6,AT1
I-5432,all,14,11,4545,9029,25,35857,0,0,0,0,0,I,5,CD4+ T cell,32,12,2,2,2_1,Capillary
I-5433,all,22,14,5085,7536,26,51711,0,0,0,0,0,I,2,Capillary 1 cell,40,13,2,2,2_1,Capillary
I-5437,all,58,19,4120,8285,21,77885,0,0,0,0,0,I,38,Pericyte,50,19,5,5,5_1,Pericyte
I-5439,all,14,8,5524,8085,24,90554,0,0,0,0,0,I,5,B cell,30,8,9,9,9,Bcell
I-5442,all,31,19,4912,9144,9,50513,112,52,60,0.4642857,0.5357143,I,6,Alveolar fibroblast 1,41,19,5,5,5_3,Pericyte
I-5443,all,113,28,5156,8628,26,90609,0,0,0,0,0,I,19,Alveolar type 1 cell,48,14,6,6,6,AT1
I-5444,all,18,10,4497,8960,16,47903,0,0,0,0,0,I,9,B cell,39,10,6,6,6,AT1
I-5446,all,27,19,5362,7553,22,84500,0,0,0,0,0,I,3,Endothelial progenitor cell,43,19,3,3,3_4,AdventitialFib
I-5447,all,47,29,4927,7599,20,100045,0,0,0,0,0,I,10,Sox9+/Id2+ epithelial cell,47,29,5,5,5_3,Pericyte
I-5448,all,35,25,5273,8974,24,71588,0,0,0,0,0,I,4,Inflammatory monocyte,40,25,8,8,8_1,AlveolarMac
I-5449,all,71,30,4850,7581,20,91375,0,0,0,0,0,I,23,Alveolar fibroblast 1,53,30,1,1,1_5_1,LymphaticEndo
I-5450,all,44,19,5206,8847,30,65925,0,0,0,0,0,I,26,Alveolar type 2 cell,45,19,5,5,5_1,Pericyte
I-5452,all,71,31,4821,7864,20,84524,0,0,0,0,0,I,50,Sox9+/Id2+ epithelial cell,56,31,5,5,5_1,Pericyte
I-5454,all,9,5,3859,7982,10,23752,50,0,50,0,1,I,7,Alveolar type 2 cell,28,6,5,5,5_1,Pericyte
I-5457,all,45,26,5299,9027,20,84084,0,0,0,0,0,I,8,Inflammatory monocyte,46,26,7,7,7_3,Tcell (CD8)
I-5458,all,87,28,4878,7550,15,88294,0,0,0,0,0,I,45,AT1/AT2,57,28,1,1,1_3,AT2
I-5462,all,48,31,4833,9307,18,133593,0,0,0,0,0,I,7,Alveolar fibroblast 1,48,31,1,1,1_5_1,LymphaticEndo
I-5464,all,89,17,5129,7763,13,75694,0,0,0,0,0,I,65,Alveolar type 2 cell,55,17,1,1,1_1,AT2
I-5465,all,47,13,4151,9232,28,57239,0,0,0,0,0,I,36,Alveolar type 2 cell,48,13,1,1,1_3,AT2
I-5467,all,13,6,4513,8881,40,17748,0,0,0,0,0,I,9,Alveolar type 2 cell,37,6,1,1,1_1,AT2
I-5468,all,26,18,4850,8175,13,58143,0,0,0,0,0,I,3,B cell,45,18,9,9,9,Bcell
I-5474,all,66,19,4173,8710,26,69658,0,0,0,0,0,I,43,Alveolar type 2 cell,52,19,1,1,1_3,AT2
I-5477,all,36,17,5523,7700,15,73027,0,0,0,0,0,I,19,Pericyte,43,18,3,3,3_5,SMC
I-5478,all,17,10,3960,7616,21,41755,0,0,0,0,0,I,3,Alveolar type 1 cell,38,10,6,6,6,AT1
I-5479,all,25,16,5262,8257,33,48113,0,0,0,0,0,I,3,Capillary 1 cell,44,16,2,2,2_3,Vein
I-5483,all,57,30,4950,8054,18,99303,0,0,0,0,0,I,6,Capillary 1 cell,55,29,2,2,2_1,Capillary
I-5484,all,65,30,4768,8268,19,74585,0,0,0,0,0,I,12,Sox9+/Id2+ epithelial cell,53,30,2,2,2_1,Capillary
I-5485,all,10,7,4907,8200,7,20703,0,0,0,0,0,I,2,Venous endothelial cell,29,7,2,2,2_3,Vein
I-5486,all,26,11,3796,9299,21,72863,0,0,0,0,0,I,5,Alveolar type 1 cell,45,11,6,6,6,AT1
I-5488,all,31,18,4346,7806,19,69025,0,0,0,0,0,I,8,Endothelial progenitor cell,42,19,2,2,2_3,Vein
I-5489,all,18,14,5201,8731,16,86633,0,0,0,0,0,I,3,Alveolar type 1 cell,37,14,5,5,5_3,Pericyte
I-5492,all,41,16,5242,8877,23,70939,0,0,0,0,0,I,28,Pericyte,45,16,5,5,5_1,Pericyte
I-5493,all,135,18,4465,8387,13,93080,0,0,0,0,0,I,112,Alveolar type 2 cell,48,7,1,1,1_3,AT2
I-5494,all,35,18,3937,7645,23,50473,0,0,0,0,0,I,5,Alveolar type 1 cell,43,18,6,6,6,AT1
I-5495,all,9,7,5189,8506,7,44404,0,0,0,0,0,I,3,Pericyte,25,8,5,5,5_1,Pericyte
I-5499,all,44,16,5395,8332,19,70109,0,0,0,0,0,I,6,Alveolar type 1 cell,46,16,6,6,6,AT1
I-5500,all,29,20,5157,8704,22,73671,0,0,0,0,0,I,5,Alveolar fibroblast 1,38,22,2,2,2_4,Artery
I-5503,all,35,10,4846,8129,9,30496,0,0,0,0,0,I,6,Alveolar type 1 cell,45,10,6,6,6,AT1
I-5504,all,98,30,5268,9071,17,94767,0,0,0,0,0,I,3,Sox9+/Id2+ epithelial cell,60,29,1,1,1_6_2,Neutrophil
I-5506,all,47,29,5335,9315,22,75784,0,0,0,0,0,I,5,Interstitial macrophage,47,29,8,8,8_3,InterstitialMac
I-5509,all,29,20,4423,8488,17,50913,0,0,0,0,0,I,3,Venous endothelial cell,40,20,2,2,2_3,Vein
I-5510,all,39,23,5038,7808,19,78810,0,0,0,0,0,I,14,Pericyte,42,23,5,5,5_1,Pericyte
I-5511,all,76,28,5158,7886,29,76085,0,0,0,0,0,I,13,Natural killer cell,54,28,7,7,7_3,Tcell (CD8)
I-5516,all,33,25,3927,7936,15,86626,0,0,0,0,0,I,10,Alveolar fibroblast 1,40,26,1,1,1_5_1,LymphaticEndo
I-5517,all,40,24,4809,7780,22,64473,0,0,0,0,0,I,7,Alveolar fibroblast 1,43,24,7,7,7_2,PatrolMac
I-5519,all,7,5,5330,9463,10,22472,0,0,0,0,0,I,4,Endothelial progenitor cell,32,7,1,1,1_1,AT2
I-5522,all,63,36,4811,8912,23,108799,0,0,0,0,0,I,3,Venous endothelial cell,58,36,2,2,2_3,Vein
I-5524,all,28,16,4034,7633,24,77064,0,0,0,0,0,I,3,Alveolar fibroblast 1,40,17,3,3,3_1,SMC
I-5525,all,19,15,4014,8693,38,47394,0,0,0,0,0,I,2,B cell,36,15,7,7,7_2,PatrolMac
I-5527,all,21,14,5364,7933,9,30616,0,0,0,0,0,I,5,Alveolar fibroblast 1,42,14,1,1,1_5_1,LymphaticEndo
I-5528,all,45,11,5575,9322,18,76598,0,0,0,0,0,I,6,CD8+ T cell,47,11,7,7,7_2,PatrolMac
I-5530,all,24,16,5528,9183,22,75017,0,0,0,0,0,I,9,Pericyte,44,16,5,5,5_1,Pericyte
I-5531,all,22,12,5360,9274,33,61058,0,0,0,0,0,I,2,Alveolar fibroblast 1,40,12,2,2,2_3,Vein
I-5532,all,46,24,4727,8281,26,86872,0,0,0,0,0,I,4,Sox9+/Id2+ epithelial cell,48,25,2,2,2_2,InflamMac
I-5534,all,51,28,4410,8886,22,115706,0,0,0,0,0,I,18,Inflammatory monocyte,51,28,7,7,7_3,Tcell (CD8)
I-5535,all,36,10,3770,7646,14,42163,0,0,0,0,0,I,4,Alveolar type 1 cell,43,10,6,6,6,AT1
I-5537,all,18,13,4332,9333,37,41037,0,0,0,0,0,I,3,Inflammatory monocyte,39,14,2,2,2_2,InflamMac
I-5538,all,23,8,5500,8334,30,53558,0,0,0,0,0,I,17,Alveolar type 2 cell,42,8,1,1,1_3,AT2
I-5540,all,64,36,4224,8901,23,105932,0,0,0,0,0,I,9,Neutrophil,57,37,2,2,2_2,InflamMac
I-5543,all,86,21,4253,8602,23,95097,0,0,0,0,0,I,60,Alveolar type 2 cell,56,21,1,1,1_3,AT2
I-5545,all,84,31,4071,8746,14,104825,0,0,0,0,0,I,8,Alveolar type 1 cell,60,31,6,6,6,AT1
I-5546,all,7,7,4318,7687,19,30561,0,0,0,0,0,I,2,Venous endothelial cell,26,8,2,2,2_3,Vein
I-5548,all,15,10,4980,7661,37,34586,0,0,0,0,0,I,2,Endothelial progenitor cell,34,10,2,2,2_6,pDC
I-5551,all,112,40,4657,9250,20,129136,0,0,0,0,0,I,52,Alveolar type 2 cell,48,20,1,1,1_1,AT2
I-5553,all,8,7,4637,9181,11,30954,0,0,0,0,0,I,2,Sox9+/Id2+ epithelial cell,25,9,8,8,8_2,InterstitialMac
I-5555,all,12,8,4868,9040,8,39875,0,0,0,0,0,I,7,B cell,25,8,9,9,9,Bcell
I-5556,all,29,20,4506,8691,12,42872,0,0,0,0,0,I,8,Capillary 1 cell,37,20,5,5,5_1,Pericyte
I-5557,all,16,7,3963,9365,10,18645,0,0,0,0,0,I,11,Alveolar type 2 cell,40,7,1,1,1_1,AT2
I-5558,all,15,13,4526,8491,29,51192,0,0,0,0,0,I,2,Alveolar type 1 cell,32,13,6,6,6,AT1
I-5559,all,47,23,4215,8590,14,87712,0,0,0,0,0,I,28,B cell,47,23,9,9,9,Bcell
I-5561,all,43,32,5130,8666,24,73770,0,0,0,0,0,I,5,Alveolar fibroblast 1,44,33,2,2,2_4,Artery
I-5562,all,41,19,4986,8314,34,56433,0,0,0,0,0,I,4,Capillary 1 cell,44,19,2,2,2_1,Capillary
I-5568,all,72,39,4456,7931,29,101443,0,0,0,0,0,I,19,Vascular smooth muscle cell,55,39,5,5,5_1,Pericyte
I-5569,all,13,10,5398,7913,11,26088,0,0,0,0,0,I,4,Alveolar fibroblast 1,31,10,1,1,1_5_2,AlveolarFib
I-5571,all,61,33,5067,8623,21,100804,0,0,0,0,0,I,8,Capillary 1 cell,56,33,2,2,2_3,Vein
I-5572,all,12,10,4563,9060,37,16094,0,0,0,0,0,I,5,Alveolar fibroblast 1,31,11,3,3,3_5,SMC
I-5575,all,33,19,4232,9239,14,61991,0,0,0,0,0,I,9,Endothelial progenitor cell,42,19,2,2,2_6,pDC
I-5576,all,53,25,5316,9266,23,80765,0,0,0,0,0,I,16,Interstitial macrophage,51,25,6,6,6,AT1
I-5584,all,19,12,5204,8265,34,21774,0,0,0,0,0,I,7,Alveolar fibroblast 1,38,13,1,1,1_5_1,LymphaticEndo
I-5590,all,23,14,3980,7637,22,25296,0,0,0,0,0,I,2,Sox9+/Id2+ epithelial cell,47,15,2,2,2_3,Vein
I-5594,all,26,16,5366,7888,12,70702,0,0,0,0,0,I,3,Neutrophil,42,16,1,1,1_6_2,Neutrophil
I-5596,all,19,13,4231,8851,29,32216,0,0,0,0,0,I,3,Capillary 1 cell,43,14,2,2,2_1,Capillary
I-5597,all,72,27,3834,7832,20,95515,0,0,0,0,0,I,26,Alveolar macrophage,55,27,8,8,8_1,AlveolarMac
I-5598,all,24,16,5026,7648,13,55867,0,0,0,0,0,I,2,B cell,45,16,9,9,9,Bcell
I-5599,all,145,30,4184,8258,13,91321,0,0,0,0,0,I,121,Alveolar type 2 cell,44,7,1,1,1_1,AT2
I-5602,all,68,24,4488,8461,30,57390,0,0,0,0,0,I,3,Alveolar type 2 cell,55,25,2,2,2_2,InflamMac
I-5604,all,18,11,5562,9226,17,74183,0,0,0,0,0,I,6,Secondary crest myofibroblast,35,11,5,5,5_1,Pericyte
I-5605,all,9,7,4580,9086,38,21450,0,0,0,0,0,I,4,Alveolar fibroblast 1,28,7,6,6,6,AT1
I-5606,all,37,10,4084,7726,38,38575,0,0,0,0,0,I,2,Alveolar fibroblast 1,44,11,1,1,1_4_1,AlveolarFib
I-5607,all,33,17,4078,8298,16,61405,0,0,0,0,0,I,7,Capillary 1 cell,42,18,2,2,2_3,Vein
I-5608,all,51,22,5178,8085,19,63008,0,0,0,0,0,I,29,Alveolar type 2 cell,50,22,2,2,2_1,Capillary
I-5609,all,61,25,4930,7552,23,50137,0,0,0,0,0,I,7,Alveolar type 1 cell,53,25,6,6,6,AT1
I-5610,all,14,9,3913,7610,15,49245,0,0,0,0,0,I,8,Alveolar fibroblast 1,27,9,1,1,1_2_3,Tcell (CD4)
I-5613,all,61,19,4505,8288,8,43123,0,0,0,0,0,I,8,Alveolar type 1 cell,53,19,6,6,6,AT1
I-5614,all,65,18,5340,9417,21,80948,0,0,0,0,0,I,48,Alveolar type 2 cell,51,18,1,1,1_3,AT2
I-5617,all,13,8,5268,9025,32,23577,0,0,0,0,0,I,4,Sox9+/Id2+ epithelial cell,33,8,8,8,8_3,InterstitialMac
I-5621,all,42,15,3919,9451,11,66060,0,0,0,0,0,I,9,Alveolar type 1 cell,45,15,6,6,6,AT1
I-5623,all,36,18,4426,9032,20,83631,0,0,0,0,0,I,10,Alveolar macrophage,43,18,1,1,1_3,AT2
I-5625,all,187,19,4333,7996,20,96097,0,0,0,0,0,I,155,Alveolar type 2 cell,50,9,1,1,1_1,AT2
I-5627,all,83,13,4623,9121,33,62701,0,0,0,0,0,I,63,Sox9+/Id2+ epithelial cell,52,13,1,1,1_1,AT2
I-5628,all,41,23,5210,8081,20,68204,0,0,0,0,0,I,24,B cell,44,23,9,9,9,Bcell
I-5631,all,34,11,5550,9153,29,68157,0,0,0,0,0,I,25,Alveolar type 2 cell,45,11,1,1,1_3,AT2
I-5632,all,29,17,4806,9183,16,85034,0,0,0,0,0,I,3,Endothelial progenitor cell,40,17,2,2,2_3,Vein
I-5633,all,9,6,4565,8992,25,35320,0,0,0,0,0,I,3,Innate lymphoid cell,35,7,1,1,1_5_1,LymphaticEndo
I-5634,all,16,14,5157,7987,21,42152,0,0,0,0,0,I,2,Sox9+/Id2+ epithelial cell,32,14,2,2,2_3,Vein
I-5636,all,42,16,3990,7670,24,76222,0,0,0,0,0,I,7,Alveolar type 1 cell,44,16,2,2,2_3,Vein
I-5637,all,48,19,5420,7570,25,58634,0,0,0,0,0,I,23,Alveolar type 2 cell,49,20,2,2,2_4,Artery
I-5638,all,22,14,5299,9449,7,37062,0,0,0,0,0,I,7,Sox9+/Id2+ epithelial cell,43,14,1,1,1_3,AT2
I-5641,all,23,15,4425,8843,18,60595,0,0,0,0,0,I,3,Alveolar fibroblast 1,41,15,2,2,2_3,Vein
I-5644,all,64,22,5226,8223,34,64312,0,0,0,0,0,I,41,Alveolar type 2 cell,53,22,1,1,1_3,AT2
I-5645,all,11,10,4449,8882,32,49682,0,0,0,0,0,I,2,B cell,32,10,9,9,9,Bcell
I-5646,all,62,31,5050,8472,27,110235,0,0,0,0,0,I,4,Natural killer cell,55,31,2,2,2_6,pDC
I-5648,all,139,47,4594,8692,21,127813,50,0,50,0,1,I,30,Alveolar type 1 cell,45,22,6,6,6,AT1
I-5649,all,67,28,5348,9343,26,41568,0,0,0,0,0,I,9,Alveolar type 1 cell,55,28,6,6,6,AT1
I-5650,all,33,14,3984,9385,15,33433,0,0,0,0,0,I,16,AT1/AT2,44,14,1,1,1_3,AT2
I-5652,all,49,27,5256,9364,14,63196,0,0,0,0,0,I,2,Venous endothelial cell,49,27,2,2,2_3,Vein
I-5660,all,10,8,5047,8257,14,33931,0,0,0,0,0,I,2,Venous endothelial cell,30,8,2,2,2_3,Vein
I-5661,all,58,31,4232,8649,23,111802,0,0,0,0,0,I,34,Venous endothelial cell,55,31,5,5,5_1,Pericyte
I-5663,all,181,39,3928,8103,17,130668,0,0,0,0,0,I,114,Alveolar type 2 cell,49,22,1,1,1_1,AT2
I-5664,all,67,31,5294,9302,25,112463,0,0,0,0,0,I,14,Interstitial macrophage,55,31,8,8,8_3,InterstitialMac
I-5665,all,83,24,3877,8022,29,81241,0,0,0,0,0,I,60,Alveolar type 2 cell,55,24,1,1,1_3,AT2
I-5666,all,16,10,4569,9185,17,19167,0,0,0,0,0,I,3,Interstitial macrophage,30,10,8,8,8_3,InterstitialMac
I-5669,all,31,15,4806,8187,12,45925,0,0,0,0,0,I,16,Pericyte,41,15,5,5,5_1,Pericyte
I-5670,all,29,22,3777,8035,18,60155,0,0,0,0,0,I,3,Capillary 1 cell,37,22,2,2,2_3,Vein
I-5674,all,36,22,4564,8896,33,67897,0,0,0,0,0,I,15,Alveolar fibroblast 1,43,23,3,3,3_1,SMC
I-5675,all,19,10,5531,9272,15,90153,0,0,0,0,0,I,2,Alveolar fibroblast 1,42,11,1,1,1_4_1,AlveolarFib
I-5678,all,23,16,5396,8247,26,44459,0,0,0,0,0,I,2,Alveolar fibroblast 1,42,16,1,1,1_5_2,AlveolarFib
I-5679,all,46,18,4474,8315,10,45399,0,0,0,0,0,I,8,Alveolar type 1 cell,47,18,6,6,6,AT1
I-5685,all,17,14,5174,7928,19,56310,0,0,0,0,0,I,5,Pericyte,35,14,5,5,5_1,Pericyte
I-5686,all,6,4,4497,8997,13,25365,0,0,0,0,0,I,4,B cell,28,6,1,1,1_1,AT2
I-5689,all,15,6,3930,9378,15,19393,0,0,0,0,0,I,11,Alveolar type 2 cell,38,6,1,1,1_3,AT2
I-5692,all,36,21,4991,7884,27,94210,0,0,0,0,0,I,4,B cell,41,21,9,9,9,Bcell
I-5693,all,51,25,4885,7616,25,51782,0,0,0,0,0,I,4,Alveolar macrophage,50,25,6,6,6,AT1
I-5694,all,9,8,4107,7574,27,26526,0,0,0,0,0,I,2,Capillary 1 cell,35,9,2,2,2_1,Capillary
I-5695,all,26,19,4096,8324,18,45183,0,0,0,0,0,I,3,Pericyte,47,19,5,5,5_3,Pericyte
I-5703,all,20,16,5123,8614,24,60031,0,0,0,0,0,I,3,Alveolar macrophage,40,17,3,3,3_1,SMC
I-5706,all,192,28,4725,8224,19,116157,0,0,0,0,0,I,149,Alveolar type 2 cell,49,10,1,1,1_3,AT2
I-5707,all,10,8,5556,8402,16,56813,0,0,0,0,0,I,5,Pericyte,29,8,5,5,5_1,Pericyte
I-5710,all,102,25,4455,9092,21,106254,0,0,0,0,0,I,73,Alveolar type 2 cell,56,22,1,1,1_3,AT2
I-5715,all,84,21,5462,8204,30,92077,0,0,0,0,0,I,19,Alveolar type 1 cell,55,21,6,6,6,AT1
I-5716,all,26,15,4949,7632,29,60460,0,0,0,0,0,I,5,Sox9+/Id2+ epithelial cell,42,16,2,2,2_5,DC
I-5722,all,22,13,3861,9348,22,59235,0,0,0,0,0,I,3,Sox9+/Id2+ epithelial cell,41,13,2,2,2_6,pDC
I-5724,all,28,11,5440,7601,25,59342,0,0,0,0,0,I,18,Alveolar type 2 cell,42,11,1,1,1_1,AT2
I-5725,all,29,9,4258,8895,21,50419,0,0,0,0,0,I,19,Sox9+/Id2+ epithelial cell,42,9,2,2,2_6,pDC
I-5726,all,101,29,4456,8478,26,75039,0,0,0,0,0,I,9,Alveolar type 1 cell,54,22,6,6,6,AT1
I-5727,all,37,20,5313,9110,25,94723,0,0,0,0,0,I,4,Sox9+/Id2+ epithelial cell,44,21,1,1,1_6_2,Neutrophil
I-5729,all,71,19,4863,7813,19,74618,0,0,0,0,0,I,19,Alveolar type 1 cell,52,19,6,6,6,AT1
I-5730,all,33,22,3868,8875,30,53587,0,0,0,0,0,I,8,Arterial endothelial cell,40,22,2,2,2_4,Artery
I-5732,all,27,20,5268,7581,13,82746,0,0,0,0,0,I,6,Alveolar fibroblast 1,37,21,3,3,3_1,SMC
I-5734,all,27,14,4277,7763,15,68754,0,0,0,0,0,I,7,B cell,39,14,9,9,9,Bcell
I-5736,all,17,13,5089,7573,25,52993,0,0,0,0,0,I,2,Endothelial progenitor cell,36,13,2,2,2_6,pDC
I-5737,all,65,9,4010,9343,16,42871,0,0,0,0,0,I,57,Alveolar type 2 cell,50,9,1,1,1_1,AT2
I-5741,all,32,9,4652,9153,32,27173,0,0,0,0,0,I,24,Alveolar type 2 cell,43,9,1,1,1_3,AT2
I-5743,all,70,38,4327,7755,23,142282,0,0,0,0,0,I,12,Pericyte,52,38,5,5,5_1,Pericyte
I-5748,all,38,18,4236,9008,12,78336,0,0,0,0,0,I,4,Alveolar fibroblast 1,43,18,2,2,2_3,Vein
I-5751,all,109,30,5216,8358,24,94116,0,0,0,0,0,I,61,Alveolar type 2 cell,56,26,1,1,1_3,AT2
I-5752,all,21,10,5249,8969,12,31622,0,0,0,0,0,I,12,Interstitial macrophage,35,10,8,8,8_1,AlveolarMac
I-5753,all,15,8,4203,8667,28,41401,0,0,0,0,0,I,4,Pericyte,37,8,5,5,5_1,Pericyte
I-5754,all,63,37,4490,7899,24,94141,0,0,0,0,0,I,13,Alveolar fibroblast 1,55,37,1,1,1_5_1,LymphaticEndo
I-5755,all,32,8,4817,8218,10,36234,0,0,0,0,0,I,28,Pericyte,45,8,5,5,5_1,Pericyte
I-5758,all,64,42,4468,9041,16,131228,0,0,0,0,0,I,16,Pericyte,57,42,5,5,5_1,Pericyte
I-5759,all,6,3,5263,7535,8,9848,0,0,0,0,0,I,5,Alveolar type 2 cell,31,5,1,1,1_1,AT2
I-5760,all,7,7,4371,9244,6,10881,0,0,0,0,0,I,2,Alveolar fibroblast 1,26,9,1,1,1_4_1,AlveolarFib
I-5761,all,70,17,4017,9460,24,91228,0,0,0,0,0,I,17,Sox9+/Id2+ epithelial cell,52,17,6,6,6,AT1
I-5764,all,24,14,5388,8954,20,84947,0,0,0,0,0,I,6,B cell,42,14,9,9,9,Bcell
I-5765,all,10,3,4538,7830,5,13656,0,0,0,0,0,I,6,Sox9+/Id2+ epithelial cell,38,3,1,1,1_1,AT2
I-5767,all,54,28,5230,8146,26,101864,0,0,0,0,0,I,12,Inflammatory monocyte,55,30,2,2,2_5,DC
I-5770,all,24,10,4112,7609,31,64049,0,0,0,0,0,I,4,Mesothelial cell,44,11,3,3,3_1,SMC
I-5771,all,107,34,5330,9375,21,89541,0,0,0,0,0,I,20,Vascular smooth muscle cell,52,24,6,6,6,AT1
I-5773,all,15,9,4597,8899,26,42676,0,0,0,0,0,I,5,Pericyte,35,9,2,2,2_3,Vein
I-5774,all,14,13,4277,8262,17,24463,0,0,0,0,0,I,2,Venous endothelial cell,31,13,2,2,2_3,Vein
I-5776,all,6,3,3759,8453,20,26111,0,0,0,0,0,I,4,Sox9+/Id2+ epithelial cell,33,5,1,1,1_1,AT2
I-5781,all,6,4,4493,8532,32,16818,0,0,0,0,0,I,2,Natural killer cell,30,7,2,2,2_2,InflamMac
I-5782,all,15,10,4286,7696,26,22590,0,0,0,0,0,I,3,CD8+ T cell,38,11,2,2,2_2,InflamMac
I-5787,all,22,12,5504,9419,19,74330,0,0,0,0,0,I,2,CD8+ T cell,42,13,2,2,2_2,InflamMac
I-5796,all,21,13,4047,8827,24,18058,0,0,0,0,0,I,4,Alveolar macrophage,40,13,8,8,8_1,AlveolarMac
I-5801,all,16,7,3954,9344,7,20795,0,0,0,0,0,I,11,Alveolar type 2 cell,37,7,1,1,1_3,AT2
I-5805,all,26,17,4796,7805,17,38770,0,0,0,0,0,I,5,Alveolar fibroblast 1,45,17,1,1,1_5_1,LymphaticEndo
I-5813,all,23,18,5173,8784,21,57983,0,0,0,0,0,I,3,Venous endothelial cell,45,18,2,2,2_3,Vein
I-5814,all,8,6,5335,8360,19,27961,0,0,0,0,0,I,2,Proliferative mesenchymal progenitor cell,28,6,2,2,2_6,pDC
I-5815,all,20,10,5497,8377,29,51735,0,0,0,0,0,I,11,Sox9+/Id2+ epithelial cell,42,10,2,2,2_3,Vein
I-5822,all,26,9,4871,9087,11,37402,0,0,0,0,0,I,20,Alveolar type 2 cell,44,9,1,1,1_3,AT2
I-5826,all,64,31,7075,335,31,45198,0,0,0,0,0,I,2,Chondrocyte,56,31,2,2,2_3,Vein
I-5827,all,235,43,6611,1693,33,80937,36554,37347,0,1,0,I,105,Sox9+/Id2+ epithelial cell,49,12,1,1,1_3,AT2
I-5828,all,155,67,7181,1106,20,82764,0,0,0,0,0,I,10,Inflammatory monocyte,46,32,2,2,2_2,InflamMac
I-5829,all,106,53,6749,1939,22,82674,936,222,714,0.2371795,0.7628205,I,3,Capillary 1 cell,60,42,2,2,2_6,pDC
I-5830,all,40,27,5673,1640,32,46915,0,0,0,0,0,I,4,Inflammatory monocyte,42,28,2,2,2_2,InflamMac
I-5831,all,44,18,6014,1768,18,54085,0,0,0,0,0,I,7,Pericyte,45,18,5,5,5_3,Pericyte
I-5832,all,28,19,6656,210,36,48407,0,0,0,0,0,I,2,Capillary 2 cell,40,19,8,8,8_2,InterstitialMac
I-5834,all,41,21,7251,1728,36,35644,0,0,0,0,0,I,2,Natural killer cell,45,22,2,2,2_2,InflamMac
I-5835,all,77,43,6713,1533,8,52461,0,0,0,0,0,I,5,Natural killer cell,57,43,7,7,7_2,PatrolMac
I-5836,all,116,50,7225,1886,28,82043,0,0,0,0,0,I,5,Natural killer cell,43,27,2,2,2_2,InflamMac
I-5837,all,229,37,7071,1480,20,89033,625756,507931,121733,0.8066699,0.1933301,I,112,Alveolar type 2 cell,52,11,1,1,1_1,AT2
I-5838,all,139,62,7183,1850,25,85627,62487,1799,62437,0.0280061,0.9719939,I,30,Secondary crest myofibroblast,40,19,1,1,1_3,AT2
I-5839,all,173,62,5838,1544,11,79598,1212,734,478,0.6056106,0.3943894,I,37,Alveolar macrophage,51,31,8,8,8_1,AlveolarMac
I-5841,all,70,34,5662,1029,14,44301,0,0,0,0,0,I,10,Inflammatory monocyte,55,36,2,2,2_5,DC
I-5842,all,77,33,7161,966,13,36664,0,0,0,0,0,I,6,Innate lymphoid cell,56,33,3,3,3_3,AdventitialFib
I-5843,all,122,53,5627,113,25,86390,0,0,0,0,0,I,17,Secondary crest myofibroblast,42,26,3,3,3_4,AdventitialFib
I-5844,all,28,17,7294,1706,40,27091,0,0,0,0,0,I,4,B cell,40,17,6,6,6,AT1
I-5845,all,88,33,7122,1603,20,66160,4965,1534,4965,0.2360363,0.7639637,I,5,Alveolar fibroblast 1,60,32,3,3,3_4,AdventitialFib
I-5848,all,64,24,6276,1650,20,96893,0,0,0,0,0,I,30,Capillary 1 cell,54,24,9,9,9,Bcell
I-5850,all,107,38,7103,1433,18,39202,0,0,0,0,0,I,51,Alveolar type 2 cell,51,25,1,1,1_1,AT2
I-5851,all,79,32,7223,1684,32,64425,0,0,0,0,0,I,4,Pericyte,58,32,5,5,5_3,Pericyte
I-5852,all,103,33,6769,1912,17,58131,81064,27030,54034,0.3334402,0.6665598,I,11,Inflammatory monocyte,55,26,2,2,2_6,pDC
I-5854,all,38,17,5727,1641,18,65750,0,0,0,0,0,I,20,Sox9+/Id2+ epithelial cell,43,17,1,1,1_1,AT2
I-5856,all,21,15,6170,1739,7,22913,0,0,0,0,0,I,7,Inflammatory monocyte,40,16,2,2,2_5,DC
I-5859,all,114,51,6680,400,27,79382,0,0,0,0,0,I,14,Alveolar fibroblast 1,50,30,3,3,3_3,AdventitialFib
I-5860,all,125,47,6783,382,15,73894,0,0,0,0,0,I,13,Alveolar fibroblast 2,46,21,3,3,3_3,AdventitialFib
I-5864,all,225,72,6678,311,21,105279,0,0,0,0,0,I,12,Natural killer cell,48,27,3,3,3_3,AdventitialFib
I-5865,all,111,29,7153,1310,25,47213,4918,4808,212,0.9577689,0.04223108,I,44,Alveolar type 2 cell,47,15,1,1,1_1,AT2
I-5868,all,111,54,7172,1899,30,72999,0,0,0,0,0,I,13,Capillary 1 cell,50,35,2,2,2_3,Vein
I-5869,all,48,24,6048,1544,9,60234,0,0,0,0,0,I,9,CD8+ T cell,48,24,2,2,2_6,pDC
I-5872,all,115,50,6936,1823,19,68299,8229,5670,55,0.990393,0.009606987,I,10,Capillary 1 cell,48,27,2,2,2_3,Vein
I-5873,all,79,24,6981,608,32,37411,0,0,0,0,0,I,4,Mature DC subset,56,24,1,1,1_2_1,Tcell (CD4)
I-5874,all,26,15,7041,1050,13,19809,0,0,0,0,0,I,5,Mesothelial cell,45,15,3,3,3_4,AdventitialFib
I-5876,all,62,34,6670,354,21,58384,0,0,0,0,0,I,5,Capillary 2 cell,56,34,2,2,2_6,pDC
I-5877,all,191,29,6794,1849,10,53359,650635,334641,315994,0.5143298,0.4856702,I,18,Alveolar type 2 cell,56,14,3,3,3_2,SMC
I-5878,all,188,64,7015,1468,14,83149,458,0,458,0,1,I,19,Natural killer cell,51,32,1,1,1_6_2,Neutrophil
I-5879,all,69,37,6300,1562,23,91395,0,0,0,0,0,I,7,Capillary 2 cell,60,37,5,5,5_3,Pericyte
I-5884,all,72,32,6955,772,26,75439,0,0,0,0,0,I,3,Neutrophil,54,32,1,1,1_2_1,Tcell (CD4)
I-5885,all,75,29,6784,233,15,53595,0,0,0,0,0,I,6,Alveolar fibroblast 2,57,29,3,3,3_3,AdventitialFib
I-5886,all,183,76,6798,1552,32,85337,0,0,0,0,0,I,16,Natural killer cell,51,35,7,7,7_3,Tcell (CD8)
I-5887,all,273,62,6583,1601,23,135345,29362,32376,2361,0.9320321,0.06796787,I,78,Alveolar type 2 cell,50,20,1,1,1_1,AT2
I-5888,all,41,18,6343,301,9,24243,0,0,0,0,0,I,2,Mesothelial cell,44,18,3,3,3_3,AdventitialFib
I-5889,all,40,23,6655,1621,31,30493,0,0,0,0,0,I,5,B cell,41,23,5,5,5_3,Pericyte
I-5890,all,143,43,6823,660,22,75125,0,0,0,0,0,I,5,Mesothelial cell,54,30,3,3,3_3,AdventitialFib
I-5891,all,56,27,6302,1272,9,68982,0,0,0,0,0,I,3,B cell,54,27,9,9,9,Bcell
I-5893,all,169,53,7174,1059,26,87001,0,0,0,0,0,I,15,B cell,52,37,6,6,6,AT1
I-5894,all,56,32,5616,1578,26,82459,0,0,0,0,0,I,5,Capillary 1 cell,54,32,2,2,2_3,Vein
I-5896,all,84,40,6151,97,18,61848,0,0,0,0,0,I,15,Alveolar fibroblast 2,59,40,3,3,3_3,AdventitialFib
I-5898,all,86,38,5916,1577,15,84148,0,0,0,0,0,I,6,Capillary 1 cell,61,38,9,9,9,Bcell
I-5899,all,43,27,5674,1066,15,45059,0,0,0,0,0,I,3,Neutrophil,44,27,1,1,1_6_2,Neutrophil
I-5900,all,44,20,5891,183,21,77165,0,0,0,0,0,I,5,Alveolar fibroblast 2,44,20,3,3,3_3,AdventitialFib
I-5903,all,215,64,6779,1185,8,104960,0,0,0,0,0,I,38,Interstitial macrophage,60,38,8,8,8_3,InterstitialMac
I-5904,all,87,41,7169,1206,27,55126,0,0,0,0,0,I,4,B cell,61,41,2,2,2_2,InflamMac
I-5906,all,6,6,6016,1724,34,31722,0,0,0,0,0,I,3,Endothelial progenitor cell,23,10,3,3,3_5,SMC
I-5909,all,123,29,6721,1632,22,71643,112175,58918,54017,0.5216983,0.4783017,I,38,Alveolar type 2 cell,49,13,1,1,1_3,AT2
I-5910,all,52,32,5963,211,33,56051,0,0,0,0,0,I,3,Alveolar fibroblast 1,52,32,8,8,8_2,InterstitialMac
I-5912,all,52,33,7074,1780,29,39452,0,0,0,0,0,I,2,Capillary 1 cell,52,33,2,2,2_3,Vein
I-5913,all,151,59,6322,1469,20,142541,0,0,0,0,0,I,14,Inflammatory monocyte,54,36,7,7,7_2,PatrolMac
I-5916,all,164,50,6873,515,22,75149,0,0,0,0,0,I,16,Mature DC subset,53,24,3,3,3_5,SMC
I-5918,all,73,37,6295,1606,32,59664,0,0,0,0,0,I,8,Alveolar fibroblast 1,54,37,1,1,1_5_2,AlveolarFib
I-5920,all,33,18,6257,1700,16,77792,0,0,0,0,0,I,7,Arterial endothelial cell,42,18,2,2,2_4,Artery
I-5921,all,114,22,7079,1643,37,33693,647692,532436,270647,0.66299,0.33701,I,42,Alveolar type 2 cell,49,9,1,1,1_3,AT2
I-5923,all,114,42,6821,108,22,81812,0,0,0,0,0,I,2,Lymphatic endothelial cell,51,26,2,2,2_6,pDC
I-5925,all,15,10,7101,1804,5,16275,0,0,0,0,0,I,3,Alveolar fibroblast 1,33,11,1,1,1_4_1,AlveolarFib
I-5927,all,93,20,6740,1707,22,39747,42117,41504,1106,0.9740437,0.02595635,I,45,Alveolar type 2 cell,56,20,1,1,1_1,AT2
I-5929,all,15,9,6795,282,10,8017,0,0,0,0,0,I,3,Capillary 1 cell,29,9,3,3,3_3,AdventitialFib
I-5930,all,97,25,5878,1639,37,57446,0,0,0,0,0,I,73,Sox9+/Id2+ epithelial cell,58,24,1,1,1_3,AT2
I-5931,all,48,27,7095,853,37,48668,0,0,0,0,0,I,6,Arterial endothelial cell,48,27,7,7,7_3,Tcell (CD8)
I-5932,all,48,20,5984,991,11,64744,0,0,0,0,0,I,2,Alveolar type 1 cell,50,21,1,1,1_6_2,Neutrophil
I-5937,all,256,61,6541,464,21,103117,0,0,0,0,0,I,57,Interstitial macrophage,56,23,8,8,8_3,InterstitialMac
I-5938,all,20,8,6072,1880,14,66112,0,0,0,0,0,I,5,Alveolar type 1 cell,40,8,9,9,9,Bcell
I-5940,all,12,8,6435,1663,27,61030,0,0,0,0,0,I,6,CD8+ T cell,34,9,2,2,2_2,InflamMac
I-5941,all,20,13,6504,1623,33,36329,0,0,0,0,0,I,6,Sox9+/Id2+ epithelial cell,41,14,2,2,2_2,InflamMac
I-5942,all,37,13,6218,1828,14,35721,0,0,0,0,0,I,16,Sox9+/Id2+ epithelial cell,43,13,1,1,1_1,AT2
I-5943,all,224,48,6772,1019,14,106473,0,0,0,0,0,I,2,Neutrophil,58,30,1,1,1_6_2,Neutrophil
I-5945,all,15,10,5699,1527,4,13732,0,0,0,0,0,I,3,Capillary 2 cell,34,10,2,2,2_3,Vein
I-5946,all,29,15,6930,1481,9,17283,0,0,0,0,0,I,4,Natural killer cell,38,16,2,2,2_2,InflamMac
I-5947,all,33,21,6999,474,37,27544,0,0,0,0,0,I,2,Mesothelial cell,40,21,3,3,3_3,AdventitialFib
I-5948,all,37,20,7028,381,29,27815,0,0,0,0,0,I,3,Venous endothelial cell,43,20,2,2,2_3,Vein
I-5950,all,19,16,6716,1749,39,19811,0,0,0,0,0,I,2,Natural killer cell,40,17,2,2,2_2,InflamMac
I-5952,all,63,29,6815,302,9,27285,0,0,0,0,0,I,4,Capillary 1 cell,56,29,1,1,1_2_1,Tcell (CD4)
I-5953,all,90,31,6764,192,13,58882,0,0,0,0,0,I,3,Proliferative mesenchymal progenitor cell,60,30,3,3,3_3,AdventitialFib
I-5954,all,21,17,6205,1757,12,26351,0,0,0,0,0,I,2,B cell,39,17,9,9,9,Bcell
I-5956,all,106,45,6625,1628,28,66174,3613,0,488,0,1,I,16,B cell,63,39,1,1,1_5_2,AlveolarFib
I-5958,all,100,48,5854,43,33,85045,0,0,0,0,0,I,5,Venous endothelial cell,61,44,2,2,2_2,InflamMac
I-5959,all,67,20,6213,1441,9,40893,0,0,0,0,0,I,38,Alveolar type 2 cell,54,20,1,1,1_1,AT2
I-5960,all,50,26,6640,624,22,60753,0,0,0,0,0,I,9,CD8+ T cell,50,26,7,7,7_2,PatrolMac
I-5962,all,59,28,7008,626,32,41816,0,0,0,0,0,I,6,Arterial endothelial cell,56,29,2,2,2_4,Artery
I-5963,all,21,13,6415,1491,13,66815,0,0,0,0,0,I,6,Natural killer cell,37,14,2,2,2_2,InflamMac
I-5965,all,121,42,6976,1964,17,89499,260,0,260,0,1,I,7,Inflammatory monocyte,47,21,6,6,6,AT1
I-5966,all,22,14,6799,572,32,29655,0,0,0,0,0,I,2,Mesothelial cell,41,14,3,3,3_3,AdventitialFib
I-5970,all,60,32,7045,1799,33,49214,8674,54,8674,0.006186984,0.993813,I,9,CD8+ T cell,55,33,2,2,2_2,InflamMac
I-5972,all,13,9,6537,1627,27,10587,0,0,0,0,0,I,5,B cell,31,9,9,9,9,Bcell
I-5973,all,28,15,5712,1353,9,26679,95,0,95,0,1,I,7,Arterial endothelial cell,41,15,7,7,7_3,Tcell (CD8)
I-5977,all,14,11,7000,710,40,7987,0,0,0,0,0,I,2,B cell,30,11,9,9,9,Bcell
I-5978,all,34,22,6757,1560,12,18966,0,0,0,0,0,I,3,B cell,40,22,6,6,6,AT1
I-5979,all,75,36,7139,1865,13,60003,560,0,560,0,1,I,5,Sox9+/Id2+ epithelial cell,57,36,3,3,3_4,AdventitialFib
I-5980,all,12,9,5677,1405,11,14711,0,0,0,0,0,I,5,Alveolar macrophage,31,9,7,7,7_3,Tcell (CD8)
I-5981,all,79,23,6175,1476,13,50860,0,0,0,0,0,I,40,Alveolar type 2 cell,52,23,1,1,1_1,AT2
I-5982,all,57,27,6668,1582,20,34296,0,0,0,0,0,I,6,Alveolar fibroblast 1,54,27,3,3,3_4,AdventitialFib
I-5983,all,74,37,6160,1952,30,71355,0,0,0,0,0,I,3,Inflammatory monocyte,58,39,2,2,2_5,DC
I-5986,all,47,24,6910,1851,26,38785,525,1434,226,0.8638554,0.1361446,I,2,Natural killer cell,48,25,2,2,2_2,InflamMac
I-5990,all,107,33,6715,1671,20,65009,16951,9364,7094,0.5689634,0.4310366,I,56,Alveolar type 2 cell,54,24,1,1,1_3,AT2
I-5991,all,132,39,7028,815,19,61585,0,0,0,0,0,I,12,Interstitial macrophage,52,23,8,8,8_3,InterstitialMac
I-5992,all,266,88,6817,434,25,125250,0,0,0,0,0,I,41,Inflammatory monocyte,48,31,3,3,3_3,AdventitialFib
I-5993,all,81,40,6722,326,22,95463,0,0,0,0,0,I,6,Innate lymphoid cell,58,40,7,7,7_3,Tcell (CD8)
I-5995,all,95,36,7150,1271,20,44190,0,0,0,0,0,I,46,Alveolar type 2 cell,60,34,1,1,1_3,AT2
I-5996,all,45,26,6881,478,10,18077,0,0,0,0,0,I,3,Mesothelial cell,46,26,3,3,3_3,AdventitialFib
I-5997,all,59,27,6939,718,9,35130,0,0,0,0,0,I,2,Mesothelial cell,56,27,3,3,3_3,AdventitialFib
I-5998,all,135,55,5714,83,22,82847,0,0,0,0,0,I,10,Alveolar fibroblast 1,44,22,2,2,2_2,InflamMac
I-5999,all,87,44,7024,865,18,42562,0,0,0,0,0,I,7,Interstitial macrophage,61,43,8,8,8_2,InterstitialMac
I-6000,all,49,27,7224,1822,38,25317,40077,13158,39631,0.2492565,0.7507435,I,9,Capillary 1 cell,49,27,2,2,2_3,Vein
I-6001,all,16,10,5717,1502,4,9269,0,0,0,0,0,I,2,Natural killer cell,36,11,2,2,2_2,InflamMac
I-6004,all,55,35,7187,1237,37,30496,0,0,0,0,0,I,2,Alveolar macrophage,54,35,8,8,8_2,InterstitialMac
I-6005,all,14,11,6362,1757,28,65510,55,0,55,0,1,I,3,B cell,30,11,9,9,9,Bcell
I-6009,all,45,25,7030,347,20,34097,0,0,0,0,0,I,3,Capillary 1 cell,45,25,2,2,2_3,Vein
I-6010,all,86,34,6364,1799,33,64432,0,0,0,0,0,I,6,Alveolar type 1 cell,58,34,6,6,6,AT1
I-6012,all,49,24,6363,1853,37,34890,0,0,0,0,0,I,3,B cell,52,25,2,2,2_2,InflamMac
I-6013,all,58,33,5916,1752,17,82470,0,0,0,0,0,I,3,Capillary 1 cell,57,33,2,2,2_3,Vein
I-6014,all,137,54,7058,1706,24,62105,0,0,0,0,0,I,8,Alveolar type 1 cell,47,22,6,6,6,AT1
I-6017,all,45,26,6324,1811,28,34624,113,0,113,0,1,I,2,Neutrophil,47,27,2,2,2_2,InflamMac
I-6022,all,44,21,7008,1777,37,51981,4565,54,4457,0.01197074,0.9880293,I,4,Natural killer cell,45,22,2,2,2_2,InflamMac
I-6026,all,13,7,6432,1610,41,21036,0,0,0,0,0,I,7,Sox9+/Id2+ epithelial cell,35,7,1,1,1_1,AT2
I-6029,all,71,36,6998,1426,24,79624,0,0,0,0,0,I,13,Natural killer cell,56,36,7,7,7_2,PatrolMac
I-6030,all,68,32,7022,1360,14,59825,110,110,0,1,0,I,5,Alveolar type 2 cell,56,33,1,1,1_6_2,Neutrophil
I-6031,all,79,43,7181,1153,23,39962,0,0,0,0,0,I,8,B cell,58,44,2,2,2_2,InflamMac
I-6035,all,18,11,6516,1658,36,35907,0,0,0,0,0,I,4,Alveolar fibroblast 1,40,11,1,1,1_5_4,pDC
I-6036,all,52,32,6687,1604,25,33605,0,0,0,0,0,I,5,Mesothelial cell,52,32,3,3,3_3,AdventitialFib
I-6038,all,32,18,6869,725,37,44883,0,0,0,0,0,I,2,Inflammatory monocyte,42,18,7,7,7_2,PatrolMac
I-6042,all,21,15,6348,1714,37,48170,0,0,0,0,0,I,8,Sox9+/Id2+ epithelial cell,41,15,9,9,9,Bcell
I-6043,all,74,27,6628,421,10,39429,0,0,0,0,0,I,3,Mesothelial cell,54,27,3,3,3_3,AdventitialFib
I-6044,all,9,6,5666,1372,10,29224,0,0,0,0,0,I,4,Sox9+/Id2+ epithelial cell,21,7,7,7,7_3,Tcell (CD8)
I-6045,all,158,59,7003,323,20,112917,0,0,0,0,0,I,9,Sox9+/Id2+ epithelial cell,47,29,2,2,2_6,pDC
I-6047,all,84,26,6127,1541,13,55546,0,0,0,0,0,I,37,Alveolar fibroblast 1,59,26,1,1,1_1,AT2
I-6048,all,227,35,7165,1347,25,75700,144853,100389,44362,0.6935289,0.3064711,I,97,Alveolar type 2 cell,53,14,1,1,1_3,AT2
I-6049,all,128,50,6899,1811,15,53424,22926,1458,21233,0.06425455,0.9357454,I,7,Alveolar type 2 cell,45,25,2,2,2_3,Vein
I-6058,all,56,34,7050,1092,13,34028,0,0,0,0,0,I,7,Alveolar fibroblast 2,55,34,3,3,3_3,AdventitialFib
I-6063,all,116,44,6965,1513,12,104494,0,0,0,0,0,I,14,Pericyte,48,25,5,5,5_1,Pericyte
I-6065,all,229,44,7187,1803,31,72181,854476,294809,545206,0.3509568,0.6490432,I,77,Alveolar type 2 cell,50,15,1,1,1_3,AT2
I-6067,all,111,47,5619,1947,18,106513,0,0,0,0,0,I,5,Alveolar type 1 cell,44,22,2,2,2_6,pDC
I-6068,all,201,57,6874,1494,11,98174,103,0,103,0,1,I,18,B cell,55,29,1,1,1_6_2,Neutrophil
I-6069,all,47,24,6667,265,11,30534,0,0,0,0,0,I,4,Mesothelial cell,47,24,3,3,3_3,AdventitialFib
I-6070,all,53,29,6746,1581,15,38681,0,0,0,0,0,I,3,Capillary 1 cell,52,29,2,2,2_1,Capillary
I-6075,all,149,52,6569,1651,31,83316,8951,0,5908,0,1,I,44,Alveolar type 2 cell,45,23,1,1,1_1,AT2
I-6076,all,34,23,7040,1021,10,18648,0,0,0,0,0,I,6,Secondary crest myofibroblast,42,23,3,3,3_3,AdventitialFib
I-6078,all,52,24,6604,578,24,34446,0,0,0,0,0,I,3,B cell,53,25,3,3,3_5,SMC
I-6079,all,52,23,6914,1579,38,24146,0,0,0,0,0,I,4,Sox9+/Id2+ epithelial cell,51,24,1,1,1_6_2,Neutrophil
I-6081,all,35,21,7171,1704,21,31836,0,0,0,0,0,I,2,B cell,40,22,2,2,2_2,InflamMac
I-6082,all,85,36,6373,1587,20,111352,1296,155,1141,0.1195988,0.8804012,I,5,Alveolar type 1 cell,62,37,3,3,3_5,SMC
I-6083,all,33,17,5777,1614,21,24681,0,0,0,0,0,I,2,Alveolar fibroblast 1,43,17,1,1,1_5_2,AlveolarFib
I-6088,all,47,26,7148,1236,20,24951,0,0,0,0,0,I,10,B cell,47,26,1,1,1_1,AT2
I-6090,all,16,11,6917,521,41,14079,0,0,0,0,0,I,2,Capillary 1 cell,35,11,2,2,2_1,Capillary
I-6093,all,133,38,6158,1512,16,62847,0,0,0,0,0,I,75,Alveolar type 2 cell,44,16,7,7,7_2,PatrolMac
I-6095,all,34,12,6272,1822,12,26618,0,0,0,0,0,I,22,Alveolar type 2 cell,44,12,1,1,1_1,AT2
I-6097,all,125,51,6909,398,15,97718,55,55,0,1,0,I,7,Mesothelial cell,44,28,3,3,3_3,AdventitialFib
I-6099,all,135,46,7118,1513,20,93276,0,0,0,0,0,I,5,Inflammatory monocyte,51,31,2,2,2_2,InflamMac
I-6100,all,36,26,6412,1703,16,89364,0,0,0,0,0,I,3,Neutrophil,41,27,2,2,2_2,InflamMac
I-6101,all,124,44,7178,1572,30,97452,0,0,0,0,0,I,7,Alveolar fibroblast 1,45,19,1,1,1_4_1,AlveolarFib
I-6103,all,60,30,7022,1702,31,36670,1248,0,1248,0,1,I,5,Alveolar fibroblast 1,54,31,3,3,3_1,SMC
I-6105,all,186,75,6913,590,24,117828,0,0,0,0,0,I,14,Interstitial macrophage,49,33,8,8,8_1,AlveolarMac
I-6107,all,37,21,7024,1081,12,20943,0,0,0,0,0,I,2,Mesothelial cell,41,21,3,3,3_3,AdventitialFib
I-6108,all,76,34,7027,1737,33,26128,69444,0,69444,0,1,I,11,Mesothelial cell,56,34,3,3,3_3,AdventitialFib
I-6109,all,122,42,7113,1407,18,41168,0,0,0,0,0,I,70,Alveolar type 2 cell,47,24,7,7,7_2,PatrolMac
I-6112,all,43,24,7223,1754,39,26820,6459,0,6459,0,1,I,4,B cell,44,24,2,2,2_6,pDC
I-6114,all,78,39,5602,1753,29,102231,0,0,0,0,0,I,5,B cell,56,39,2,2,2_6,pDC
I-6116,all,102,21,5771,1677,16,57392,0,0,0,0,0,I,82,Alveolar type 2 cell,50,12,1,1,1_3,AT2
I-6119,all,164,38,6757,1620,19,68753,183640,32510,150370,0.1777668,0.8222332,I,40,Alveolar type 2 cell,52,17,1,1,1_3,AT2
I-6121,all,16,10,6838,484,16,9740,0,0,0,0,0,I,7,Venous endothelial cell,31,10,3,3,3_3,AdventitialFib
I-6123,all,82,36,6849,452,15,43480,0,0,0,0,0,I,7,Alveolar fibroblast 2,61,38,2,2,2_5,DC
I-6124,all,23,14,5902,143,18,28959,0,0,0,0,0,I,2,Mesothelial cell,42,14,3,3,3_3,AdventitialFib
I-6127,all,53,15,5793,1659,18,47039,0,0,0,0,0,I,37,Sox9+/Id2+ epithelial cell,50,15,1,1,1_1,AT2
I-6129,all,15,13,6407,1575,33,24505,0,0,0,0,0,I,2,Capillary 2 cell,32,13,2,2,2_6,pDC
I-6133,all,79,36,7051,1673,31,50928,69707,0,47034,0,1,I,7,Alveolar fibroblast 2,59,36,3,3,3_3,AdventitialFib
I-6134,all,50,34,5884,1717,28,64370,0,0,0,0,0,I,9,Alveolar fibroblast 1,51,35,1,1,1_5_1,LymphaticEndo
I-6135,all,26,15,6875,1895,36,26482,0,0,0,0,0,I,2,B cell,47,15,2,2,2_2,InflamMac
I-6142,all,47,27,7155,1502,16,43276,0,0,0,0,0,I,2,Alveolar fibroblast 1,48,28,1,1,1_4_1,AlveolarFib
I-6143,all,14,9,6082,48,23,25893,0,0,0,0,0,I,5,Arterial endothelial cell,32,10,2,2,2_4,Artery
I-6144,all,108,47,6611,1536,22,71288,0,0,0,0,0,I,5,B cell,50,29,1,1,1_6_2,Neutrophil
I-6146,all,33,25,6709,1575,14,23721,0,0,0,0,0,I,3,Alveolar fibroblast 1,39,25,3,3,3_3,AdventitialFib
I-6147,all,55,33,6843,241,16,45778,0,0,0,0,0,I,9,Alveolar fibroblast 1,54,33,2,2,2_3,Vein
I-6148,all,191,49,7197,825,19,110943,0,0,0,0,0,I,10,Alveolar fibroblast 1,53,28,3,3,3_3,AdventitialFib
I-6150,all,49,20,6250,1832,14,29209,0,0,0,0,0,I,29,Alveolar type 2 cell,49,20,1,1,1_3,AT2
I-6153,all,7,7,5581,1812,28,16090,0,0,0,0,0,I,2,Alveolar type 2 cell,30,9,1,1,1_1,AT2
I-6154,all,13,9,5691,1393,8,8961,0,0,0,0,0,I,2,Natural killer cell,26,9,7,7,7_3,Tcell (CD8)
I-6155,all,20,12,6969,1865,6,13243,1477,61,1352,0.04317056,0.9568294,I,3,Interstitial macrophage,35,12,8,8,8_1,AlveolarMac
I-6161,all,46,23,6885,1868,35,24783,4439,2188,817,0.7281198,0.2718802,I,2,Inflammatory monocyte,47,24,3,3,3_1,SMC
I-6164,all,221,18,6935,2207,11,47019,1182521,383747,841836,0.3131138,0.6868862,I,64,Alveolar type 2 cell,60,9,1,1,1_3,AT2
I-6165,all,124,41,6800,3713,16,73525,6476,624,5967,0.09467456,0.9053254,I,5,Neutrophil,49,22,8,8,8_2,InterstitialMac
I-6166,all,74,33,6035,3460,31,69325,5372,0,5372,0,1,I,2,Alveolar fibroblast 1,55,33,1,1,1_4_1,AlveolarFib
I-6171,all,84,28,6515,3799,30,51499,0,0,0,0,0,I,12,Inflammatory monocyte,58,30,2,2,2_5,DC
I-6172,all,115,50,6147,3405,13,56285,13142,4052,9090,0.3083245,0.6916755,I,18,Alveolar type 2 cell,40,20,9,9,9,Bcell
I-6174,all,91,39,6615,3495,21,55667,430,2054,430,0.8268921,0.1731079,I,4,Neutrophil,61,39,3,3,3_3,AdventitialFib
I-6175,all,124,55,6032,3730,15,76496,20385,0,20385,0,1,I,17,Secondary crest myofibroblast,41,22,2,2,2_2,InflamMac
I-6176,all,101,42,6161,3562,28,81774,1430,212,1218,0.1482517,0.8517483,I,3,Mesothelial cell,60,36,3,3,3_3,AdventitialFib
I-6177,all,80,37,5875,3619,24,45898,54,0,54,0,1,I,8,Alveolar fibroblast 2,57,37,3,3,3_3,AdventitialFib
I-6178,all,51,31,6686,3289,28,65461,3917,0,3917,0,1,I,12,Alveolar fibroblast 1,51,31,2,2,2_6,pDC
I-6179,all,39,20,5626,2001,14,43444,0,0,0,0,0,I,4,B cell,43,20,9,9,9,Bcell
I-6180,all,100,49,6327,2813,13,57668,5020,1336,4556,0.2267481,0.7732519,I,20,Pericyte,64,48,5,5,5_3,Pericyte
I-6181,all,92,51,7201,2294,16,45438,0,0,0,0,0,I,8,Natural killer cell,66,50,2,2,2_2,InflamMac
I-6182,all,124,53,7210,2528,19,55238,103,0,103,0,1,I,9,B cell,45,28,2,2,2_2,InflamMac
I-6184,all,177,35,7123,3031,32,67968,64631,43050,22123,0.6605496,0.3394504,I,7,Alveolar type 1 cell,55,15,1,1,1_5_2,AlveolarFib
I-6185,all,106,29,6820,3033,16,44392,18788,1310,17478,0.06972536,0.9302746,I,7,Alveolar macrophage,58,22,2,2,2_2,InflamMac
I-6186,all,37,22,6937,3317,23,62201,13511,159,13352,0.01176819,0.9882318,I,5,B cell,42,22,7,7,7_2,PatrolMac
I-6187,all,152,51,6690,3091,22,86897,14817,50,14767,0.003374502,0.9966255,I,7,Alveolar fibroblast 1,48,18,1,1,1_5_2,AlveolarFib
I-6188,all,100,40,7042,3455,29,81326,7089,7512,1117,0.8705528,0.1294472,I,4,Neutrophil,61,38,1,1,1_2_1,Tcell (CD4)
I-6189,all,51,21,6876,2841,18,44618,3881,1707,3818,0.3089593,0.6910407,I,10,Alveolar fibroblast 1,53,22,2,2,2_4,Artery
I-6191,all,119,50,6324,2742,19,74603,25281,7521,17760,0.2974961,0.7025039,I,18,Alveolar fibroblast 1,41,18,1,1,1_5_2,AlveolarFib
I-6192,all,98,35,6815,3134,21,74167,53140,102910,52810,0.6608657,0.3391343,I,5,Alveolar type 2 cell,63,33,1,1,1_6_2,Neutrophil
I-6193,all,56,31,6676,2395,34,29739,525,0,525,0,1,I,9,Proliferative mesenchymal progenitor cell,55,31,3,3,3_3,AdventitialFib
I-6194,all,106,38,7134,2433,27,53764,80310,6474,74592,0.07986085,0.9201391,I,15,Neutrophil,60,31,1,1,1_3,AT2
I-6195,all,83,43,7006,2742,17,54774,7216,4069,6244,0.3945506,0.6054494,I,7,B cell,62,43,5,5,5_3,Pericyte
I-6196,all,92,32,7145,3105,26,39479,6006,106,5900,0.01764902,0.982351,I,2,Proliferative mesenchymal progenitor cell,60,31,2,2,2_6,pDC
I-6197,all,51,30,6672,3803,7,22842,160,0,160,0,1,I,10,Inflammatory monocyte,54,32,2,2,2_5,DC
I-6198,all,91,44,6991,3104,23,55766,296221,76334,220962,0.2567609,0.7432391,I,10,Inflammatory monocyte,65,44,2,2,2_5,DC
I-6199,all,69,39,6677,2446,33,42878,1569,108,1461,0.06883365,0.9311663,I,11,Natural killer cell,61,39,2,2,2_6,pDC
I-6200,all,161,49,7132,2968,27,69405,8017,5953,4894,0.5488153,0.4511847,I,3,Natural killer cell,52,24,1,1,1_6_2,Neutrophil
I-6203,all,27,13,6773,2872,39,22195,0,0,0,0,0,I,2,Alveolar fibroblast 1,38,14,1,1,1_4_1,AlveolarFib
I-6205,all,63,28,6771,3206,18,42666,102617,114,102503,0.001110927,0.9988891,I,9,Arterial endothelial cell,57,29,2,2,2_4,Artery
I-6206,all,73,31,7224,3650,27,75332,1514,0,1514,0,1,I,21,Inflammatory monocyte,52,31,7,7,7_4,PatrolMac
I-6207,all,79,31,6981,2213,19,36407,63679,7636,57332,0.1175348,0.8824652,I,14,Capillary 1 cell,58,31,2,2,2_2,InflamMac
I-6209,all,96,44,5947,3495,16,63692,1508,0,1508,0,1,I,33,Interstitial macrophage,63,41,8,8,8_3,InterstitialMac
I-6211,all,55,27,7002,2172,22,31280,19497,24777,7177,0.7753959,0.2246041,I,5,Ciliated cell,53,28,1,1,1_6_2,Neutrophil
I-6212,all,107,43,6956,2642,18,45098,2816,0,2816,0,1,I,16,Natural killer cell,59,31,7,7,7_3,Tcell (CD8)
I-6213,all,13,11,5693,2174,33,29282,0,0,0,0,0,I,2,B cell,29,11,9,9,9,Bcell
I-6214,all,64,33,5831,2138,29,57645,0,0,0,0,0,I,18,Mesothelial cell,56,33,9,9,9,Bcell
I-6215,all,164,53,7056,3356,20,80191,31512,20798,10714,0.6600025,0.3399975,I,11,Inflammatory monocyte,52,27,1,1,1_6_2,Neutrophil
I-6216,all,58,38,6295,2145,33,64429,0,0,0,0,0,I,20,Inflammatory monocyte,57,39,2,2,2_5,DC
I-6217,all,40,19,6936,1984,22,33121,0,0,0,0,0,I,3,Proliferative mesenchymal progenitor cell,42,19,2,2,2_6,pDC
I-6218,all,252,75,6640,3637,22,129317,0,0,0,0,0,I,18,Endothelial progenitor cell,52,31,7,7,7_3,Tcell (CD8)
I-6219,all,76,37,6508,3494,21,50295,0,0,0,0,0,I,7,B cell,58,37,5,5,5_3,Pericyte
I-6220,all,137,37,6649,3517,16,44103,437504,362153,75351,0.8277707,0.1722293,I,64,Alveolar type 2 cell,50,18,1,1,1_3,AT2
I-6222,all,177,64,7026,2239,23,91837,5465,2454,4143,0.3719873,0.6280127,I,19,Pericyte,53,33,5,5,5_3,Pericyte
I-6223,all,79,39,6636,2071,24,86401,0,0,0,0,0,I,6,Endothelial progenitor cell,60,40,1,1,1_6_2,Neutrophil
I-6225,all,135,60,6815,2437,23,79262,60,0,60,0,1,I,6,Proliferative mesenchymal progenitor cell,47,31,1,1,1_5_2,AlveolarFib
I-6228,all,155,66,6709,2032,35,109375,0,0,0,0,0,I,23,Alveolar fibroblast 2,47,31,7,7,7_3,Tcell (CD8)
I-6230,all,99,37,6573,3208,16,48355,22749,4549,21952,0.1716539,0.8283461,I,3,Natural killer cell,60,33,2,2,2_2,InflamMac
I-6232,all,85,38,6588,2948,13,63306,1747,1636,111,0.9364625,0.06353749,I,5,Capillary 2 cell,59,38,7,7,7_3,Tcell (CD8)
I-6233,all,16,12,6580,3123,30,22054,0,0,0,0,0,I,2,Proliferative mesenchymal progenitor cell,33,13,3,3,3_2,SMC
I-6234,all,167,61,6319,3234,28,65132,3574,449,3125,0.1256295,0.8743705,I,4,Capillary 1 cell,47,31,2,2,2_2,InflamMac
I-6235,all,93,28,7238,3282,37,59161,0,0,0,0,0,I,8,Chondrocyte,60,26,2,2,2_5,DC
I-6236,all,17,13,7280,3812,30,76969,0,0,0,0,0,I,2,B cell,34,13,9,9,9,Bcell
I-6237,all,222,28,6453,2179,35,76424,83279,24990,58340,0.299892,0.700108,I,71,Alveolar type 2 cell,55,9,1,1,1_3,AT2
I-6238,all,77,29,6848,2410,29,53428,108,108,0,1,0,I,2,Neutrophil,54,29,1,1,1_6_2,Neutrophil
I-6239,all,159,67,7251,2118,26,82072,0,0,0,0,0,I,23,B cell,47,30,7,7,7_3,Tcell (CD8)
I-6240,all,28,10,7172,3230,19,17050,0,0,0,0,0,I,2,Proliferative mesenchymal progenitor cell,36,10,1,1,1_5_2,AlveolarFib
I-6242,all,116,25,7088,2064,19,33388,339702,163302,212392,0.4346676,0.5653324,I,2,Sox9+/Id2+ epithelial cell,54,12,1,1,1_6_2,Neutrophil
I-6243,all,154,73,7237,2317,24,74317,0,0,0,0,0,I,26,Innate lymphoid cell,51,40,7,7,7_3,Tcell (CD8)
I-6244,all,148,46,6284,3283,15,81665,17449,4125,13324,0.2364032,0.7635968,I,13,Inflammatory monocyte,50,18,2,2,2_6,pDC
I-6247,all,105,46,6339,3272,30,55004,0,0,0,0,0,I,8,Capillary 1 cell,54,29,3,3,3_2,SMC
I-6248,all,132,36,6941,2573,28,53189,0,0,0,0,0,I,8,Innate lymphoid cell,52,15,7,7,7_3,Tcell (CD8)
I-6252,all,111,49,6776,2368,26,64233,1010,0,1010,0,1,I,13,Inflammatory monocyte,54,35,2,2,2_2,InflamMac
I-6254,all,17,9,5831,3594,32,18513,0,0,0,0,0,I,2,B cell,36,10,2,2,2_2,InflamMac
I-6255,all,66,38,6564,3157,27,67198,0,0,0,0,0,I,11,CD8+ T cell,58,40,2,2,2_5,DC
I-6258,all,132,52,6564,3385,17,57820,7681,2852,7424,0.2775399,0.7224601,I,8,Inflammatory monocyte,51,30,2,2,2_5,DC
I-6259,all,136,54,6556,3453,15,83715,0,0,0,0,0,I,14,Inflammatory monocyte,48,26,5,5,5_3,Pericyte
I-6260,all,61,36,6801,2334,16,49769,0,0,0,0,0,I,7,Pulmonary neuroendocrine cell,56,36,5,5,5_3,Pericyte
I-6261,all,28,10,6484,2911,38,24653,0,0,0,0,0,I,2,Natural killer cell,38,10,7,7,7_3,Tcell (CD8)
I-6262,all,113,52,6914,2676,23,83603,0,0,0,0,0,I,6,Alveolar type 1 cell,47,27,3,3,3_2,SMC
I-6263,all,92,23,7005,2848,24,32758,90370,26351,65737,0.2861502,0.7138498,I,2,Alveolar fibroblast 1,60,23,1,1,1_5_2,AlveolarFib
I-6264,all,65,24,7103,3092,34,53360,26750,2191,25871,0.07807711,0.9219229,I,8,Alveolar type 2 cell,55,25,2,2,2_2,InflamMac
I-6265,all,118,44,7079,3536,28,68865,0,0,0,0,0,I,6,B cell,51,28,2,2,2_6,pDC
I-6266,all,40,19,6831,3065,16,22620,0,0,0,0,0,I,4,Alveolar fibroblast 1,43,19,3,3,3_4,AdventitialFib
I-6267,all,47,26,6398,2831,10,33018,0,0,0,0,0,I,8,Innate lymphoid cell,47,26,7,7,7_2,PatrolMac
I-6269,all,115,45,6859,2228,17,50132,0,0,0,0,0,I,8,Capillary 2 cell,49,25,2,2,2_3,Vein
I-6270,all,56,37,5720,3731,12,58670,0,0,0,0,0,I,7,Inflammatory monocyte,56,38,2,2,2_5,DC
I-6271,all,54,16,6660,2508,33,20066,368858,136440,241024,0.3614649,0.6385351,I,3,Capillary 1 cell,51,16,2,2,2_3,Vein
I-6274,all,39,20,6761,2984,36,36617,0,0,0,0,0,I,4,B cell,43,20,7,7,7_3,Tcell (CD8)
I-6276,all,38,20,6160,2857,17,25466,0,0,0,0,0,I,3,B cell,41,20,2,2,2_1,Capillary
I-6280,all,206,46,6163,3459,15,71955,141676,94484,47192,0.6669019,0.3330981,I,9,Pericyte,55,16,2,2,2_3,Vein
I-6282,all,69,35,5948,3818,32,52180,0,0,0,0,0,I,8,B cell,59,36,3,3,3_2,SMC
I-6283,all,39,25,7197,3321,35,47581,2560,0,2560,0,1,I,8,CD8+ T cell,41,25,3,3,3_3,AdventitialFib
I-6284,all,128,46,6602,3088,22,84118,3054,2938,168,0.9459111,0.05408886,I,6,Inflammatory monocyte,49,23,7,7,7_2,PatrolMac
I-6286,all,90,56,7061,2781,31,41864,1726,107,1676,0.06001122,0.9399888,I,27,Arterial endothelial cell,67,57,3,3,3_2,SMC
I-6287,all,14,6,6509,3668,21,23213,0,0,0,0,0,I,3,T regulatory cell,28,6,7,7,7_4,PatrolMac
I-6288,all,91,41,6753,2919,33,40631,0,0,0,0,0,I,7,Alveolar fibroblast 2,66,41,2,2,2_1,Capillary
I-6289,all,25,17,5762,2169,13,47373,0,0,0,0,0,I,4,Alveolar fibroblast 1,44,17,1,1,1_5_2,AlveolarFib
I-6290,all,150,61,7144,2374,20,82465,0,0,0,0,0,I,19,B cell,49,33,8,8,8_1,AlveolarMac
I-6291,all,52,25,6384,2094,31,31995,157,0,157,0,1,I,20,Natural killer cell,52,26,2,2,2_2,InflamMac
I-6292,all,172,45,6879,3714,22,82488,3402,2630,3286,0.4445571,0.5554429,I,7,Vascular smooth muscle cell,57,24,3,3,3_4,AdventitialFib
I-6293,all,85,30,6400,2165,24,60312,205,0,154,0,1,I,25,Pericyte,59,30,8,8,8_2,InterstitialMac
I-6295,all,148,54,7007,3413,27,71133,3143,993,933,0.5155763,0.4844237,I,16,B cell,49,29,2,2,2_6,pDC
I-6298,all,33,15,6949,3041,15,20487,59,0,59,0,1,I,2,Neutrophil,42,16,2,2,2_2,InflamMac
I-6301,all,217,62,6899,3748,16,94872,0,0,0,0,0,I,16,Inflammatory monocyte,57,25,7,7,7_3,Tcell (CD8)
I-6302,all,91,43,6922,2624,18,60372,0,0,0,0,0,I,8,Inflammatory monocyte,60,42,2,2,2_2,InflamMac
I-6303,all,92,39,6242,2973,13,67585,0,0,0,0,0,I,7,Natural killer cell,59,38,2,2,2_1,Capillary
I-6304,all,90,45,7078,2846,33,38131,13926,1695,12231,0.1217148,0.8782852,I,12,Natural killer cell,63,46,2,2,2_2,InflamMac
I-6306,all,66,38,7180,2399,29,47740,0,0,0,0,0,I,2,Inflammatory monocyte,58,38,5,5,5_3,Pericyte
I-6307,all,158,58,5605,3664,12,94326,0,0,0,0,0,I,12,Pericyte,48,31,5,5,5_3,Pericyte
I-6310,all,92,43,6592,2698,16,48256,564,0,564,0,1,I,6,B cell,66,43,3,3,3_3,AdventitialFib
I-6311,all,307,65,7221,3504,22,123286,299657,229130,71835,0.7613178,0.2386822,I,17,Ciliated cell,53,16,1,1,1_6_2,Neutrophil
I-6312,all,21,11,6239,3389,38,20002,1345,0,1345,0,1,I,3,Inflammatory monocyte,39,12,2,2,2_2,InflamMac
I-6313,all,85,36,6455,3200,19,55972,1238,103,1135,0.08319871,0.9168013,I,5,Alveolar type 1 cell,59,36,3,3,3_3,AdventitialFib
I-6314,all,68,29,6239,3141,15,39159,0,0,0,0,0,I,4,Capillary 1 cell,55,29,8,8,8_2,InterstitialMac
I-6315,all,92,42,6657,1992,22,51500,0,0,0,0,0,I,6,Natural killer cell,61,42,7,7,7_3,Tcell (CD8)
I-6316,all,215,56,6967,2831,19,120941,21349,1194,19505,0.05768395,0.9423161,I,6,B cell,53,22,1,1,1_6_2,Neutrophil
I-6317,all,83,31,7182,3266,27,61660,0,0,0,0,0,I,8,Capillary 2 cell,60,32,2,2,2_2,InflamMac
I-6318,all,33,18,7040,3684,33,27733,0,0,0,0,0,I,4,Alveolar macrophage,39,18,8,8,8_2,InterstitialMac
I-6319,all,244,86,7291,2429,22,102521,0,0,0,0,0,I,28,B cell,49,32,7,7,7_3,Tcell (CD8)
I-6320,all,30,21,5695,3681,8,28767,0,0,0,0,0,I,3,B cell,35,21,1,1,1_3,AT2
I-6322,all,293,33,6544,2178,30,84488,30105,22026,8079,0.7316393,0.2683607,I,105,Alveolar type 2 cell,55,8,1,1,1_3,AT2
I-6324,all,34,20,6665,2194,8,40378,1430,0,1430,0,1,I,3,Pericyte,41,20,5,5,5_3,Pericyte
I-6326,all,159,52,7092,2985,23,65441,88861,41781,70230,0.373008,0.626992,I,10,Capillary 2 cell,50,22,2,2,2_6,pDC
I-6328,all,89,29,6335,2936,28,46590,0,0,0,0,0,I,7,Inflammatory monocyte,58,30,2,2,2_2,InflamMac
I-6329,all,176,60,6519,3558,33,88687,17664,1578,16086,0.08933424,0.9106658,I,15,B cell,52,28,8,8,8_2,InterstitialMac
I-6330,all,94,47,5882,3652,27,52853,0,0,0,0,0,I,5,B cell,66,44,9,9,9,Bcell
I-6333,all,197,54,7066,3279,23,100257,0,0,0,0,0,I,13,CD4+ T cell,56,23,2,2,2_6,pDC
I-6334,all,75,35,6923,2479,20,30136,0,0,0,0,0,I,4,Proliferative mesenchymal progenitor cell,56,35,8,8,8_2,InterstitialMac
I-6335,all,313,48,6270,2773,23,81634,206582,97408,148691,0.3958082,0.6041918,I,69,Alveolar type 2 cell,53,8,1,1,1_3,AT2
I-6336,all,180,63,7028,3103,23,114658,50153,10702,38376,0.218061,0.781939,I,25,Inflammatory monocyte,53,32,2,2,2_5,DC
I-6337,all,63,35,7272,2463,13,45324,0,0,0,0,0,I,5,Pericyte,57,35,5,5,5_3,Pericyte
I-6338,all,45,22,6443,2080,23,41580,0,0,0,0,0,I,17,Venous endothelial cell,46,22,2,2,2_3,Vein
I-6339,all,89,41,6884,2711,18,57065,108,0,108,0,1,I,10,Pericyte,62,41,5,5,5_3,Pericyte
I-6341,all,262,43,7046,3640,23,141248,248142,211189,51940,0.8026063,0.1973937,I,12,Alveolar fibroblast 2,55,12,7,7,7_3,Tcell (CD8)
I-6343,all,184,50,6850,3684,18,109525,9052,578,6115,0.08635888,0.9136411,I,14,B cell,57,30,9,9,9,Bcell
I-6347,all,36,20,6939,2997,26,28285,546,734,51,0.9350318,0.06496815,I,4,Inflammatory monocyte,40,20,8,8,8_2,InterstitialMac
I-6349,all,118,39,6322,3200,25,57338,1097,237,860,0.2160438,0.7839562,I,5,Inflammatory monocyte,49,21,3,3,3_4,AdventitialFib
I-6350,all,89,43,7199,2189,25,50589,0,0,0,0,0,I,10,Mesothelial cell,62,42,3,3,3_3,AdventitialFib
I-6352,all,112,40,6405,2394,20,58709,0,0,0,0,0,I,9,B cell,50,24,3,3,3_3,AdventitialFib
I-6353,all,48,30,5923,3554,15,25389,0,0,0,0,0,I,8,Interstitial macrophage,48,30,8,8,8_3,InterstitialMac
I-6354,all,66,20,6824,2751,28,49935,0,0,0,0,0,I,8,CD4+ T cell,53,20,7,7,7_3,Tcell (CD8)
I-6355,all,223,53,6742,3059,22,84271,483709,161705,250535,0.3922594,0.6077406,I,13,Airway smooth muscle cell,56,23,3,3,3_4,AdventitialFib
I-6356,all,85,35,6884,2151,25,51271,8026,5030,7164,0.4124979,0.5875021,I,3,Alveolar fibroblast 1,61,36,1,1,1_4_1,AlveolarFib
I-6359,all,114,39,7196,3597,29,77124,2644,1022,1855,0.3552311,0.6447689,I,15,Inflammatory monocyte,53,24,5,5,5_3,Pericyte
I-6360,all,32,22,7220,3771,32,27621,0,0,0,0,0,I,4,B cell,39,22,2,2,2_2,InflamMac
I-6362,all,101,48,5886,3564,17,51978,0,0,0,0,0,I,9,Alveolar fibroblast 1,62,40,1,1,1_5_2,AlveolarFib
I-6363,all,26,17,5703,2137,34,42890,0,0,0,0,0,I,2,CD8+ T cell,36,18,1,1,1_6_2,Neutrophil
I-6364,all,167,50,7139,3216,23,80036,0,0,0,0,0,I,19,Natural killer cell,56,26,7,7,7_2,PatrolMac
I-6365,all,49,20,7163,3424,20,39748,2499,0,2499,0,1,I,3,Alveolar fibroblast 2,49,20,3,3,3_3,AdventitialFib
I-6366,all,68,35,7212,3232,33,54302,0,0,0,0,0,I,7,Proliferative mesenchymal progenitor cell,57,35,7,7,7_3,Tcell (CD8)
I-6368,all,271,75,7005,2474,18,100248,194504,6403,194334,0.03189746,0.9681025,I,36,Interstitial macrophage,50,21,2,2,2_5,DC
I-6369,all,6,5,5890,2179,13,14156,0,0,0,0,0,I,3,Sox9+/Id2+ epithelial cell,29,7,3,3,3_5,SMC
I-6370,all,72,35,6568,3034,34,44423,51,0,51,0,1,I,9,B cell,56,35,7,7,7_2,PatrolMac
I-6371,all,190,47,6373,2190,18,65246,22142,4653,17819,0.2070577,0.7929423,I,85,Alveolar type 2 cell,48,15,1,1,1_3,AT2
I-6372,all,50,35,7270,2083,18,29942,0,0,0,0,0,I,6,Airway smooth muscle cell,51,36,3,3,3_2,SMC
I-6373,all,148,49,6423,3378,30,109136,0,0,0,0,0,I,17,Pericyte,49,27,2,2,2_1,Capillary
I-6374,all,64,30,5651,3386,12,54029,0,0,0,0,0,I,8,Natural killer cell,55,31,2,2,2_2,InflamMac
I-6375,all,111,48,6544,2797,33,47193,73719,2251,71619,0.03047245,0.9695275,I,32,Inflammatory monocyte,50,28,1,1,1_3,AT2
I-6378,all,41,22,6012,3760,11,34074,3250,3250,0,1,0,I,3,Neutrophil,43,22,3,3,3_3,AdventitialFib
I-6379,all,151,58,7072,2216,23,85128,52980,3102,49823,0.05861124,0.9413888,I,28,Pericyte,46,23,2,2,2_3,Vein
I-6380,all,38,16,6786,2814,36,33360,0,0,0,0,0,I,3,Alveolar fibroblast 2,43,16,3,3,3_3,AdventitialFib
I-6381,all,37,24,7168,2507,16,33802,0,0,0,0,0,I,5,B cell,41,24,9,9,9,Bcell
I-6382,all,132,45,6430,3224,26,95430,1694,701,993,0.4138135,0.5861865,I,6,B cell,50,26,3,3,3_4,AdventitialFib
I-6383,all,58,33,6841,3006,16,33405,165,0,165,0,1,I,7,Secondary crest myofibroblast,55,34,3,3,3_2,SMC
I-6384,all,95,46,6872,2658,28,60792,0,0,0,0,0,I,6,Neutrophil,64,45,9,9,9,Bcell
I-6385,all,64,30,6923,2956,14,56397,29722,44940,7654,0.8544701,0.1455299,I,4,CD4+ T cell,56,30,1,1,1_2_1,Tcell (CD4)
I-6386,all,110,47,6431,2728,33,53428,0,0,0,0,0,I,22,Alveolar fibroblast 1,58,34,3,3,3_3,AdventitialFib
I-6387,all,166,46,6607,3023,22,73251,103771,109919,32482,0.7718977,0.2281023,I,6,Ciliated cell,52,21,2,2,2_5,DC
I-6389,all,21,18,5712,3773,11,21308,0,0,0,0,0,I,3,Inflammatory monocyte,39,18,1,1,1_3,AT2
I-6390,all,50,29,6956,2722,16,32007,0,0,0,0,0,I,5,Alveolar fibroblast 1,50,29,7,7,7_3,Tcell (CD8)
I-6393,all,61,30,6937,3213,27,62073,228,228,0,1,0,I,6,Alveolar type 1 cell,54,32,2,2,2_5,DC
I-6394,all,113,27,6931,2251,18,42331,464791,50422,390832,0.1142698,0.8857302,I,24,Neutrophil,52,14,1,1,1_3,AT2
I-6395,all,156,63,7124,2867,28,65994,0,0,0,0,0,I,27,B cell,43,21,5,5,5_3,Pericyte
I-6396,all,118,52,5917,3604,18,54971,51,0,51,0,1,I,13,Interstitial macrophage,45,28,8,8,8_2,InterstitialMac
I-6397,all,35,21,6989,3790,14,28040,0,1336,0,1,0,I,2,Alveolar fibroblast 1,42,21,8,8,8_2,InterstitialMac
I-6398,all,46,23,6014,2098,15,31402,0,0,0,0,0,I,10,Inflammatory monocyte,48,24,2,2,2_2,InflamMac
I-6399,all,113,41,6764,3023,22,71718,114423,29259,58083,0.3349935,0.6650065,I,11,Neutrophil,53,26,2,2,2_6,pDC
I-6402,all,25,19,6366,2917,34,17675,619,0,619,0,1,I,3,Sox9+/Id2+ epithelial cell,44,19,2,2,2_6,pDC
I-6403,all,179,53,7287,3675,31,81608,134155,50157,83998,0.3738735,0.6261265,I,33,Alveolar type 2 cell,51,25,7,7,7_3,Tcell (CD8)
I-6406,all,67,41,6602,2899,35,48245,0,0,0,0,0,I,4,Alveolar fibroblast 2,60,41,3,3,3_3,AdventitialFib
I-6407,all,20,14,6588,2079,31,34019,0,0,0,0,0,I,2,Proliferative mesenchymal progenitor cell,40,14,2,2,2_6,pDC
I-6410,all,152,50,6223,3260,13,69504,0,0,0,0,0,I,10,Mesothelial cell,48,27,3,3,3_3,AdventitialFib
I-6411,all,114,32,5905,3257,16,47132,6981,12266,0,1,0,I,55,Alveolar type 2 cell,52,21,1,1,1_3,AT2
I-6412,all,31,22,7285,3772,36,43215,3536,0,3536,0,1,I,7,Innate lymphoid cell,38,22,7,7,7_2,PatrolMac
I-6415,all,141,36,6751,3095,24,54892,542336,100860,441967,0.1858051,0.8141949,I,10,B cell,50,15,9,9,9,Bcell
I-6417,all,104,59,7075,2809,31,42719,128,0,128,0,1,I,13,Mature DC subset,60,49,2,2,2_2,InflamMac
I-6419,all,126,38,6835,2897,20,62106,70527,15741,55391,0.2212928,0.7787072,I,3,Mesothelial cell,47,16,7,7,7_3,Tcell (CD8)
I-6420,all,20,13,5668,2122,20,42144,0,0,0,0,0,I,2,Inflammatory monocyte,36,14,1,1,1_6_2,Neutrophil
I-6422,all,290,77,6283,2817,21,139003,394946,57229,301034,0.1597402,0.8402598,I,16,Neutrophil,50,21,1,1,1_6_2,Neutrophil
I-6425,all,102,32,5837,3245,26,54384,0,0,0,0,0,I,7,Capillary 1 cell,62,29,2,2,2_1,Capillary
I-6426,all,61,40,6391,2300,24,27566,0,0,0,0,0,I,9,Inflammatory monocyte,58,40,3,3,3_3,AdventitialFib
I-6428,all,182,58,7015,2202,17,64069,93172,63193,26580,0.7039199,0.2960801,I,23,Natural killer cell,51,27,1,1,1_5_2,AlveolarFib
I-6430,all,70,34,6774,3602,8,37661,0,0,0,0,0,I,2,Proliferative mesenchymal progenitor cell,57,35,1,1,1_6_2,Neutrophil
I-6431,all,158,57,7220,2470,23,93709,52,0,52,0,1,I,5,Mesothelial cell,51,30,8,8,8_1,AlveolarMac
I-6433,all,65,40,5804,2191,11,39403,0,0,0,0,0,I,8,Natural killer cell,58,41,2,2,2_2,InflamMac
I-6435,all,28,15,7040,2024,33,34902,887,0,887,0,1,I,2,Inflammatory monocyte,40,17,2,2,2_5,DC
I-6436,all,181,58,6737,3123,22,84560,553704,16555,527712,0.03041706,0.9695829,I,11,Inflammatory monocyte,53,25,2,2,2_2,InflamMac
I-6437,all,78,39,6747,3259,26,36057,5799,283,5516,0.04880152,0.9511985,I,10,Alveolar type 2 cell,59,39,1,1,1_3,AT2
I-6440,all,121,49,7051,2736,28,47107,5147,5147,1294,0.7990995,0.2009005,I,9,B cell,46,23,1,1,1_5_2,AlveolarFib
I-6441,all,27,16,6866,2447,12,20543,4298,0,4298,0,1,I,4,Mesothelial cell,39,16,3,3,3_3,AdventitialFib
I-6442,all,82,36,5895,3388,23,58402,0,0,0,0,0,I,16,Pericyte,58,36,2,2,2_3,Vein
I-6443,all,153,65,7090,2469,28,61091,183868,9832,180571,0.05163784,0.9483622,I,28,Endothelial progenitor cell,46,30,3,3,3_3,AdventitialFib
I-6444,all,34,22,6408,2220,32,30394,0,0,0,0,0,I,3,B cell,42,22,8,8,8_2,InterstitialMac
I-6445,all,13,12,7099,2339,40,21518,0,0,0,0,0,I,2,T regulatory cell,27,13,1,1,1_6_2,Neutrophil
I-6447,all,63,22,6736,2830,30,40656,4343,0,4343,0,1,I,6,B cell,53,23,2,2,2_2,InflamMac
I-6449,all,79,39,6724,2914,29,32267,0,0,0,0,0,I,9,Mesothelial cell,58,40,2,2,2_2,InflamMac
I-6450,all,91,48,6867,2757,23,92927,171,54,117,0.3157895,0.6842105,I,10,Secondary crest myofibroblast,64,46,1,1,1_2_1,Tcell (CD4)
I-6451,all,205,43,7070,2145,30,60828,666562,217230,462027,0.3198053,0.6801947,I,71,Alveolar type 2 cell,50,10,1,1,1_3,AT2
I-6453,all,81,29,6828,3203,24,49636,300228,190203,224216,0.458963,0.541037,I,3,Sox9+/Id2+ epithelial cell,59,29,1,1,1_3,AT2
I-6454,all,32,24,6524,2450,12,30727,0,0,0,0,0,I,2,Endothelial progenitor cell,40,25,1,1,1_6_2,Neutrophil
I-6455,all,104,57,7314,2472,20,82008,22204,21149,11137,0.6550517,0.3449483,I,6,Inflammatory monocyte,61,47,2,2,2_6,pDC
I-6456,all,88,38,7028,3056,21,69697,19543,111,19432,0.005679783,0.9943202,I,9,Arterial endothelial cell,58,38,7,7,7_2,PatrolMac
I-6458,all,110,53,7206,3368,25,81879,2226,0,2226,0,1,I,16,Inflammatory monocyte,50,32,2,2,2_2,InflamMac
I-6459,all,122,38,7062,3143,26,84009,0,0,0,0,0,I,3,Neutrophil,54,28,2,2,2_2,InflamMac
I-6461,all,224,50,6812,2941,10,64737,194678,33947,160500,0.1745823,0.8254177,I,8,B cell,53,16,1,1,1_5_2,AlveolarFib
I-6463,all,159,53,6459,3275,36,84947,1010,115,895,0.1138614,0.8861386,I,12,Alveolar fibroblast 2,53,31,3,3,3_3,AdventitialFib
I-6464,all,188,69,6336,2170,25,127432,406,0,406,0,1,I,55,Interstitial macrophage,50,33,7,7,7_3,Tcell (CD8)
I-6465,all,94,41,6800,3261,29,63893,0,0,0,0,0,I,6,Alveolar fibroblast 1,63,40,2,2,2_6,pDC
I-6466,all,85,33,6699,3195,32,38286,26763,369,26394,0.01378769,0.9862123,I,3,Secondary crest myofibroblast,61,33,2,2,2_3,Vein
I-6468,all,128,29,6367,2951,30,34499,344136,226351,160320,0.585384,0.414616,I,59,Alveolar type 2 cell,49,10,1,1,1_3,AT2
I-6470,all,123,50,6218,3117,13,61026,0,0,0,0,0,I,11,Arterial endothelial cell,45,27,7,7,7_2,PatrolMac
I-6472,all,204,72,6616,2029,20,104448,0,0,0,0,0,I,15,Arterial endothelial cell,55,38,3,3,3_3,AdventitialFib
I-6474,all,188,53,6913,2829,22,122694,10407,5362,4567,0.5400342,0.4599658,I,7,B cell,54,25,1,1,1_6_2,Neutrophil
I-6475,all,28,12,6751,2437,38,16512,17920,3694,14226,0.2061384,0.7938616,I,4,Alveolar fibroblast 1,42,12,1,1,1_5_1,LymphaticEndo
I-6476,all,144,56,5609,2124,21,136247,0,0,0,0,0,I,22,Alveolar type 1 cell,49,28,6,6,6,AT1
I-6477,all,24,14,6476,3015,39,23345,0,0,0,0,0,I,11,Pericyte,43,15,3,3,3_5,SMC
I-6479,all,40,21,6977,3666,33,44299,0,0,0,0,0,I,3,Innate lymphoid cell,43,21,6,6,6,AT1
I-6480,all,174,55,6211,2766,10,91779,77654,66203,34089,0.6601025,0.3398975,I,23,Alveolar fibroblast 1,51,23,1,1,1_5_2,AlveolarFib
I-6481,all,100,52,6891,2988,15,54322,2550,31076,2550,0.9241658,0.07583418,I,12,Secondary crest myofibroblast,66,49,3,3,3_2,SMC
I-6482,all,155,43,6880,2880,17,77521,60934,1999,57291,0.03371564,0.9662844,I,8,Secondary crest myofibroblast,51,22,1,1,1_6_2,Neutrophil
I-6483,all,34,20,7040,3721,13,39245,167,0,167,0,1,I,5,Arterial endothelial cell,42,20,7,7,7_2,PatrolMac
I-6484,all,86,48,6197,2935,30,66566,5506,1674,3937,0.2983425,0.7016575,I,20,B cell,61,47,8,8,8_1,AlveolarMac
I-6490,all,46,23,7030,3201,18,60295,10285,0,10285,0,1,I,2,Neutrophil,46,23,1,1,1_6_2,Neutrophil
I-6491,all,57,35,6642,2908,25,56144,0,0,0,0,0,I,3,Alveolar fibroblast 1,55,35,1,1,1_5_2,AlveolarFib
I-6492,all,44,25,6782,2417,11,20760,0,0,0,0,0,I,4,Natural killer cell,45,25,3,3,3_3,AdventitialFib
I-6493,all,41,13,7003,2016,37,16169,139915,34971,109761,0.2416259,0.7583741,I,22,Sox9+/Id2+ epithelial cell,45,13,1,1,1_3,AT2
I-6496,all,31,21,5911,3424,31,39462,0,0,0,0,0,I,6,Pericyte,38,21,5,5,5_1,Pericyte
I-6498,all,29,17,6433,2236,22,30853,7345,0,7345,0,1,I,4,Sox9+/Id2+ epithelial cell,40,17,2,2,2_3,Vein
I-6501,all,19,13,7010,3285,24,16165,0,0,0,0,0,I,3,Mesothelial cell,39,13,3,3,3_3,AdventitialFib
I-6502,all,37,23,6551,2084,30,56038,0,0,0,0,0,I,12,B cell,41,23,7,7,7_3,Tcell (CD8)
I-6503,all,89,37,6462,2231,23,50649,0,0,0,0,0,I,15,Alveolar type 2 cell,61,36,7,7,7_2,PatrolMac
I-6505,all,159,63,6536,3219,21,84344,157904,13511,130033,0.09412445,0.9058756,I,21,B cell,49,32,1,1,1_5_2,AlveolarFib
I-6507,all,129,47,6915,3355,26,85964,28631,4266,24365,0.1489993,0.8510007,I,6,B cell,47,22,3,3,3_3,AdventitialFib
I-6508,all,34,8,5591,2242,30,52560,0,0,0,0,0,I,29,Alveolar macrophage,45,8,1,1,1_1,AT2
I-6510,all,91,48,7177,2313,18,39999,0,0,0,0,0,I,14,Inflammatory monocyte,63,48,2,2,2_2,InflamMac
I-6511,all,72,29,6531,2489,17,64598,428,428,0,1,0,I,10,Natural killer cell,56,29,7,7,7_4,PatrolMac
I-6512,all,82,14,7164,3517,12,29664,208590,5083,197880,0.02504397,0.974956,I,17,Sox9+/Id2+ epithelial cell,57,14,1,1,1_3,AT2
I-6514,all,98,24,6654,3222,35,35369,99048,84047,23228,0.7834724,0.2165276,I,3,Capillary 2 cell,57,19,2,2,2_2,InflamMac
I-6517,all,27,16,7342,2420,5,10042,0,0,0,0,0,I,2,Capillary 1 cell,42,16,2,2,2_6,pDC
I-6518,all,54,32,6401,2324,23,22286,0,0,0,0,0,I,3,T regulatory cell,55,33,1,1,1_6_2,Neutrophil
I-6519,all,118,53,6380,2271,18,56239,50,0,50,0,1,I,12,Pericyte,44,26,7,7,7_3,Tcell (CD8)
I-6520,all,41,32,7348,2446,9,14194,0,0,0,0,0,I,9,B cell,42,32,9,9,9,Bcell
I-6521,all,19,14,7015,3764,17,31654,0,0,0,0,0,I,4,B cell,38,14,7,7,7_2,PatrolMac
I-6525,all,69,33,6958,2501,29,43214,0,0,0,0,0,I,4,B cell,55,34,3,3,3_2,SMC
I-6526,all,58,35,6701,3162,21,33765,4677,0,4677,0,1,I,4,Natural killer cell,56,36,1,1,1_6_2,Neutrophil
I-6527,all,103,40,6477,2855,31,45180,27534,12793,14741,0.4646256,0.5353744,I,28,Inflammatory monocyte,57,33,1,1,1_3,AT2
I-6528,all,90,31,6115,2108,11,53946,0,0,0,0,0,I,9,Alveolar fibroblast 1,57,31,2,2,2_3,Vein
I-6531,all,94,45,6508,3387,16,47613,0,0,0,0,0,I,7,B cell,61,44,2,2,2_2,InflamMac
I-6532,all,100,40,6935,3816,29,71788,0,0,0,0,0,I,10,Natural killer cell,61,35,2,2,2_2,InflamMac
I-6533,all,111,41,6624,2992,24,61515,148021,54520,54871,0.4983957,0.5016043,I,8,Inflammatory monocyte,56,28,7,7,7_2,PatrolMac
I-6534,all,57,32,7232,3793,27,43638,0,0,0,0,0,I,4,Secondary crest myofibroblast,55,32,5,5,5_3,Pericyte
I-6535,all,187,43,6477,2812,30,59778,202868,196395,33497,0.8542925,0.1457075,I,49,AT1/AT2,50,13,1,1,1_3,AT2
I-6538,all,130,51,7208,3435,22,92429,88531,4731,82952,0.05395573,0.9460443,I,12,Arterial endothelial cell,47,25,8,8,8_2,InterstitialMac
I-6539,all,43,17,6402,3425,40,13576,21335,50,21285,0.002343567,0.9976564,I,5,Ciliated cell,47,18,2,2,2_1,Capillary
I-6542,all,36,24,6652,2819,30,47150,9207,0,9207,0,1,I,5,Proliferative mesenchymal progenitor cell,40,24,3,3,3_3,AdventitialFib
I-6543,all,147,69,7116,2896,22,68196,0,0,0,0,0,I,18,B cell,45,30,3,3,3_3,AdventitialFib
I-6544,all,240,69,6495,2771,30,103720,232826,7516,224361,0.03241374,0.9675863,I,60,AT1/AT2,51,28,1,1,1_3,AT2
I-6545,all,113,54,5899,3525,33,56566,0,0,0,0,0,I,8,Natural killer cell,46,30,2,2,2_1,Capillary
I-6547,all,351,48,6909,3126,18,102014,713712,385900,331983,0.5375528,0.4624472,I,13,Neutrophil,58,9,1,1,1_2_1,Tcell (CD4)
I-6548,all,149,20,6171,3350,24,35857,94142,65386,48337,0.5749585,0.4250415,I,46,Alveolar type 2 cell,53,10,1,1,1_3,AT2
I-6550,all,53,30,6710,3811,7,21327,0,0,0,0,0,I,3,B cell,53,31,2,2,2_2,InflamMac
I-6551,all,141,41,6206,2812,21,60312,170172,67438,76390,0.4688795,0.5311205,I,10,T regulatory cell,48,16,7,7,7_3,Tcell (CD8)
I-6552,all,59,34,6372,2506,34,33373,0,0,0,0,0,I,8,B cell,55,34,8,8,8_2,InterstitialMac
I-6553,all,14,7,7245,3605,41,15501,0,0,0,0,0,I,4,Innate lymphoid cell,30,8,1,1,1_6_2,Neutrophil
I-6555,all,58,36,6834,2792,35,37161,0,0,0,0,0,I,6,Capillary 1 cell,56,36,2,2,2_3,Vein
I-6558,all,113,53,6540,3508,19,57974,0,0,0,0,0,I,5,B cell,45,29,3,3,3_3,AdventitialFib
I-6559,all,45,26,5618,3351,15,47000,0,0,0,0,0,I,5,Capillary 1 cell,45,26,2,2,2_3,Vein
I-6560,all,198,45,6872,2928,13,70168,395114,191608,205570,0.4824235,0.5175765,I,4,Capillary 1 cell,55,18,1,1,1_6_2,Neutrophil
I-6561,all,107,53,7382,2494,23,75857,9179,5162,4017,0.5623706,0.4376294,I,7,CD8+ T cell,54,37,2,2,2_5,DC
I-6563,all,90,41,6905,2582,29,64960,872,0,872,0,1,I,9,B cell,63,41,2,2,2_2,InflamMac
I-6564,all,161,47,7006,3369,21,72423,40486,22602,21387,0.5138103,0.4861897,I,3,Capillary 1 cell,54,26,1,1,1_6_2,Neutrophil
I-6568,all,17,10,6583,3535,9,21858,14302,0,14302,0,1,I,6,Alveolar type 2 cell,37,10,1,1,1_1,AT2
I-6569,all,69,40,6856,2725,21,50487,0,0,0,0,0,I,5,Mature DC subset,57,40,1,1,1_2_1,Tcell (CD4)
I-6572,all,24,20,5686,3714,14,16744,0,0,0,0,0,I,2,Inflammatory monocyte,36,22,2,2,2_5,DC
I-6574,all,84,46,6961,2773,36,62347,0,0,0,0,0,I,6,Inflammatory monocyte,66,46,7,7,7_3,Tcell (CD8)
I-6575,all,50,29,7190,3695,20,105560,0,0,0,0,0,I,7,B cell,50,29,9,9,9,Bcell
I-6577,all,50,24,7012,2686,34,26620,8602,432,8170,0.05022088,0.9497791,I,2,Pericyte,50,24,5,5,5_3,Pericyte
I-6579,all,166,54,6734,3166,23,97771,49249,372,48877,0.007553453,0.9924465,I,10,Pericyte,52,27,2,2,2_5,DC
I-6580,all,141,59,5879,3343,20,82122,0,0,0,0,0,I,30,Arterial endothelial cell,44,24,2,2,2_6,pDC
I-6581,all,91,49,7166,2444,17,42997,25832,3813,25076,0.131988,0.868012,I,18,Mature DC subset,65,50,2,2,2_1,Capillary
I-6585,all,102,38,6475,3739,21,67176,52,0,52,0,1,I,5,Alveolar type 1 cell,57,31,6,6,6,AT1
I-6587,all,107,50,6582,2785,34,46230,0,0,0,0,0,I,10,B cell,67,47,7,7,7_3,Tcell (CD8)
I-6588,all,53,28,7382,2611,28,25245,44277,2243,43030,0.04954388,0.9504561,I,15,Alveolar type 2 cell,51,28,1,1,1_3,AT2
I-6591,all,88,43,6735,2965,32,44404,109,109,0,1,0,I,18,Inflammatory monocyte,61,42,2,2,2_2,InflamMac
I-6593,all,166,60,6198,3046,10,101799,0,0,0,0,0,I,21,B cell,50,32,5,5,5_3,Pericyte
I-6594,all,59,32,7326,2548,33,43033,0,0,0,0,0,I,7,Neutrophil,57,33,1,1,1_4_1,AlveolarFib
I-6598,all,9,6,5662,2185,36,41086,0,0,0,0,0,I,4,Sox9+/Id2+ epithelial cell,23,7,1,1,1_3,AT2
I-6599,all,82,33,6620,3567,8,29528,77107,0,77107,0,1,I,14,Sox9+/Id2+ epithelial cell,60,34,3,3,3_1,SMC
I-6602,all,172,72,5762,3663,21,130320,0,0,0,0,0,I,29,Pericyte,50,34,5,5,5_3,Pericyte
I-6603,all,57,27,5876,3305,30,30003,0,0,0,0,0,I,17,Vascular smooth muscle cell,53,27,2,2,2_3,Vein
I-6605,all,9,7,5739,2142,17,44159,0,0,0,0,0,I,3,Alveolar type 1 cell,27,8,6,6,6,AT1
I-6606,all,175,50,7052,3601,22,98075,76787,15073,38494,0.2813859,0.7186141,I,6,Alveolar type 2 cell,53,19,1,1,1_3,AT2
I-6607,all,78,34,6430,2310,18,27196,1035,0,1035,0,1,I,11,Capillary 1 cell,56,34,2,2,2_3,Vein
I-6608,all,348,39,6829,3169,24,102362,1734697,454766,1069718,0.2983081,0.7016919,I,12,Neutrophil,57,8,1,1,1_6_2,Neutrophil
I-6611,all,110,43,6081,3460,21,51155,64730,1483,64140,0.02259878,0.9774012,I,7,CD4+ T cell,52,30,3,3,3_3,AdventitialFib
I-6612,all,133,52,6351,3054,21,65359,0,0,0,0,0,I,11,Endothelial progenitor cell,49,29,1,1,1_6_2,Neutrophil
I-6613,all,149,34,7036,2087,29,54832,201416,111801,104089,0.5178609,0.4821391,I,10,Pericyte,51,10,3,3,3_3,AdventitialFib
I-6614,all,150,36,6990,2639,12,46262,0,0,0,0,0,I,17,Inflammatory monocyte,55,16,7,7,7_3,Tcell (CD8)
I-6615,all,83,24,6390,2977,18,40381,230241,40656,126896,0.2426471,0.7573529,I,24,Interstitial macrophage,60,24,8,8,8_2,InterstitialMac
I-6618,all,165,34,6342,2973,31,35680,519302,208753,249002,0.4560365,0.5439635,I,66,Alveolar fibroblast 1,49,8,1,1,1_3,AT2
I-6619,all,35,18,6337,2108,31,27667,0,0,0,0,0,I,4,Natural killer cell,41,19,2,2,2_2,InflamMac
I-6620,all,71,35,6616,2804,32,76323,0,0,0,0,0,I,4,Neutrophil,55,36,2,2,2_2,InflamMac
I-6621,all,106,52,6736,3218,30,46724,108,0,108,0,1,I,8,Alveolar fibroblast 1,56,38,3,3,3_3,AdventitialFib
I-6624,all,18,16,7061,2869,35,19202,550,0,550,0,1,I,2,Neutrophil,41,17,1,1,1_5_2,AlveolarFib
I-6627,all,58,24,6126,3331,27,66804,1023,0,1023,0,1,I,3,CD4+ T cell,53,24,1,1,1_2_1,Tcell (CD4)
I-6629,all,14,9,6830,2081,18,23865,0,0,0,0,0,I,2,Alveolar fibroblast 1,31,9,2,2,2_3,Vein
I-6630,all,82,40,6705,2884,29,54109,30699,1033,29666,0.0336493,0.9663507,I,2,Alveolar fibroblast 1,58,40,1,1,1_5_2,AlveolarFib
I-6631,all,29,21,7244,2386,21,27341,0,0,0,0,0,I,2,Basophil,38,23,2,2,2_5,DC
I-6632,all,77,28,6178,2036,33,50516,0,0,0,0,0,I,32,Alveolar type 2 cell,54,28,1,1,1_1,AT2
I-6633,all,42,15,7343,2522,31,22484,9663,56,9475,0.005875564,0.9941244,I,2,Venous endothelial cell,45,16,1,1,1_5_2,AlveolarFib
I-6634,all,87,20,6999,2048,37,31135,182388,98217,84171,0.5385058,0.4614942,I,31,Alveolar type 2 cell,57,20,1,1,1_3,AT2
I-6637,all,178,68,7207,2345,21,85018,0,0,0,0,0,I,18,Inflammatory monocyte,52,32,7,7,7_3,Tcell (CD8)
I-6639,all,80,42,6884,2786,17,43220,0,0,0,0,0,I,6,Alveolar type 1 cell,57,42,3,3,3_3,AdventitialFib
I-6644,all,138,45,7033,3565,24,91284,4382,0,4382,0,1,I,5,Alveolar type 2 cell,49,18,3,3,3_3,AdventitialFib
I-6646,all,28,19,7133,3586,32,42044,0,0,0,0,0,I,3,Secondary crest myofibroblast,36,20,3,3,3_2,SMC
I-6647,all,192,65,6536,3415,17,88335,51777,4309,44873,0.08761335,0.9123866,I,23,Natural killer cell,52,33,2,2,2_6,pDC
I-6648,all,31,17,6835,2479,9,45134,40246,5257,34989,0.1306217,0.8693783,I,3,Alveolar fibroblast 1,40,17,8,8,8_2,InterstitialMac
I-6649,all,109,34,7136,3810,28,68139,63486,934,62552,0.0147119,0.9852881,I,31,Ciliated cell,60,29,7,7,7_3,Tcell (CD8)
I-6650,all,139,40,6452,2278,13,44646,41626,18138,23488,0.4357373,0.5642627,I,29,B cell,46,12,1,1,1_3,AT2
I-6651,all,35,19,6968,2588,37,18064,0,0,0,0,0,I,5,Pericyte,41,19,3,3,3_4,AdventitialFib
I-6652,all,17,12,6561,3606,18,16296,0,0,0,0,0,I,4,Mesothelial cell,33,12,3,3,3_3,AdventitialFib
I-6653,all,64,35,5670,3277,18,53304,0,0,0,0,0,I,13,Pulmonary neuroendocrine cell,57,35,2,2,2_6,pDC
I-6655,all,131,51,7031,3324,21,85279,7843,1406,6437,0.1792681,0.8207319,I,8,B cell,50,26,2,2,2_2,InflamMac
I-6656,all,68,25,6948,3131,17,27177,59749,15839,34637,0.3137927,0.6862073,I,3,T regulatory cell,56,26,1,1,1_6_2,Neutrophil
I-6658,all,103,42,6991,3216,21,119890,10431,4744,5687,0.4547982,0.5452018,I,5,Alveolar type 2 cell,58,34,7,7,7_3,Tcell (CD8)
I-6659,all,44,22,6757,2401,16,27087,0,0,0,0,0,I,2,Alveolar fibroblast 1,46,22,1,1,1_5_2,AlveolarFib
I-6660,all,34,18,6572,3089,34,33902,829,227,550,0.2921493,0.7078507,I,2,Alveolar fibroblast 1,41,18,7,7,7_3,Tcell (CD8)
I-6661,all,84,34,6547,2725,15,35935,0,0,0,0,0,I,4,Arterial endothelial cell,60,35,2,2,2_2,InflamMac
I-6662,all,53,25,6211,3329,11,27195,4413,54,4359,0.01223657,0.9877634,I,8,Alveolar type 2 cell,52,26,2,2,2_4,Artery
I-6668,all,125,50,6879,3043,29,75937,2532,0,2532,0,1,I,7,Secondary crest myofibroblast,45,22,5,5,5_3,Pericyte
I-6669,all,100,46,7398,2149,25,84187,0,0,0,0,0,I,8,Natural killer cell,57,41,2,2,2_2,InflamMac
I-6671,all,119,53,6078,3775,33,79137,8436,0,8436,0,1,I,9,B cell,44,25,3,3,3_2,SMC
I-6672,all,20,7,5972,3543,6,10643,4542,0,4542,0,1,I,8,Ciliated cell,37,7,1,1,1_3,AT2
I-6673,all,69,40,7074,3212,28,66958,275,0,275,0,1,I,6,Alveolar type 1 cell,54,41,2,2,2_2,InflamMac
I-6674,all,39,25,6442,3069,21,33739,18592,0,18592,0,1,I,7,B cell,43,25,1,1,1_5_1,LymphaticEndo
I-6675,all,79,32,5824,2231,12,44247,0,0,0,0,0,I,43,Alveolar type 2 cell,54,32,1,1,1_3,AT2
I-6677,all,58,26,6968,3116,22,32295,78583,3161,75422,0.04022499,0.959775,I,6,B cell,54,26,1,1,1_2_1,Tcell (CD4)
I-6680,all,42,35,6388,2349,23,25811,0,0,0,0,0,I,2,B cell,42,35,1,1,1_2_1,Tcell (CD4)
I-6681,all,25,13,6476,3490,19,19920,0,0,0,0,0,I,6,Alveolar type 2 cell,40,13,8,8,8_2,InterstitialMac
I-6683,all,24,16,6735,2399,14,12006,0,0,0,0,0,I,5,B cell,42,16,7,7,7_2,PatrolMac
I-6685,all,305,45,7043,2169,23,95407,818717,409468,389770,0.512323,0.487677,I,70,Alveolar type 2 cell,53,9,1,1,1_3,AT2
I-6686,all,84,44,6932,2545,28,42756,0,0,0,0,0,I,5,Alveolar fibroblast 1,63,44,8,8,8_2,InterstitialMac
I-6688,all,136,57,7210,2374,24,57830,0,0,0,0,0,I,10,Inflammatory monocyte,51,32,7,7,7_3,Tcell (CD8)
I-6689,all,106,47,6438,2441,28,66518,0,0,0,0,0,I,6,B cell,57,33,2,2,2_1,Capillary
I-6690,all,262,86,7222,2417,23,108341,0,0,0,0,0,I,18,Natural killer cell,43,26,2,2,2_2,InflamMac
I-6692,all,239,45,6016,3549,18,58932,528011,470801,114863,0.8038756,0.1961244,I,81,Alveolar type 2 cell,51,13,1,1,1_3,AT2
I-6694,all,178,57,6240,2910,14,113823,1025,1025,0,1,0,I,23,Pericyte,55,33,3,3,3_5,SMC
I-6696,all,41,26,7240,2073,16,16779,0,0,0,0,0,I,4,Proliferative mesenchymal progenitor cell,43,26,3,3,3_3,AdventitialFib
I-6698,all,40,25,6450,2880,34,23841,0,0,0,0,0,I,4,Alveolar fibroblast 1,43,25,7,7,7_3,Tcell (CD8)
I-6699,all,59,30,6967,3754,19,51681,2246,0,2246,0,1,I,2,Sox9+/Id2+ epithelial cell,55,31,3,3,3_2,SMC
I-6700,all,106,33,6344,2225,11,38972,1425,456,639,0.4164384,0.5835616,I,52,Pericyte,57,27,1,1,1_3,AT2
I-6701,all,187,76,7219,2022,13,111051,401,0,401,0,1,I,16,Sox9+/Id2+ epithelial cell,52,37,6,6,6,AT1
I-6702,all,52,25,6451,2912,37,26262,0,0,0,0,0,I,6,Proliferative mesenchymal progenitor cell,51,25,3,3,3_6,SCMF
I-6703,all,222,47,6374,2552,30,84430,9789,9621,168,0.9828379,0.01716212,I,121,Capillary 2 cell,48,13,1,1,1_1,AT2
I-6704,all,91,37,6659,2259,22,71009,0,0,0,0,0,I,6,Alveolar fibroblast 1,61,36,3,3,3_3,AdventitialFib
I-6707,all,45,23,6495,2495,26,32610,0,0,0,0,0,I,7,Natural killer cell,46,23,7,7,7_2,PatrolMac
I-6709,all,15,9,6949,3262,14,16637,0,0,0,0,0,I,3,Natural killer cell,32,10,2,2,2_2,InflamMac
I-6710,all,52,33,6630,3277,18,52843,1296,6002,50,0.9917383,0.008261732,I,8,Neutrophil,52,33,5,5,5_3,Pericyte
I-6711,all,42,26,7089,3411,17,95654,0,0,0,0,0,I,4,Vascular smooth muscle cell,43,26,3,3,3_6,SCMF
I-6712,all,132,39,7091,3490,23,127507,1322,0,1322,0,1,I,8,Sox9+/Id2+ epithelial cell,50,23,2,2,2_2,InflamMac
I-6713,all,164,55,6420,3099,21,125152,0,0,0,0,0,I,10,Natural killer cell,53,36,9,9,9,Bcell
I-6714,all,47,22,6535,2994,38,17662,4757,211,4546,0.04435569,0.9556443,I,5,Alveolar fibroblast 1,48,23,3,3,3_1,SMC
I-6715,all,63,32,7166,3460,13,42561,10940,0,10940,0,1,I,2,Arterial endothelial cell,57,33,2,2,2_4,Artery
I-6716,all,36,17,7214,3540,16,25324,31335,0,31335,0,1,I,4,B cell,43,17,3,3,3_3,AdventitialFib
I-6718,all,104,31,6918,3061,22,55757,472,0,472,0,1,I,6,B cell,58,25,8,8,8_2,InterstitialMac
I-6719,all,50,27,6734,2357,30,54367,0,0,0,0,0,I,14,Inflammatory monocyte,50,27,7,7,7_2,PatrolMac
I-6722,all,133,51,6505,2833,28,53780,94336,300,67810,0.00440464,0.9955954,I,29,Inflammatory monocyte,48,25,3,3,3_3,AdventitialFib
I-6723,all,334,64,6005,3510,25,101096,350094,153409,134957,0.5319941,0.4680059,I,83,Alveolar type 2 cell,53,17,1,1,1_3,AT2
I-6724,all,246,75,7100,3325,22,136007,22586,956,21630,0.04232711,0.9576729,I,20,Inflammatory monocyte,49,29,2,2,2_2,InflamMac
I-6725,all,75,17,6215,3360,19,29624,40461,21332,30120,0.4146,0.5854,I,26,Alveolar type 2 cell,53,17,1,1,1_3,AT2
I-6726,all,207,70,6896,3202,23,119625,289465,44910,245202,0.1548023,0.8451977,I,16,Inflammatory monocyte,53,30,7,7,7_2,PatrolMac
I-6727,all,131,57,6578,3500,22,92120,2722,668,0,1,0,I,13,Alveolar fibroblast 1,44,26,2,2,2_2,InflamMac
I-6728,all,61,39,6584,3655,13,71585,0,0,0,0,0,I,8,CD4+ T cell,57,39,7,7,7_2,PatrolMac
I-6729,all,80,44,7389,2470,23,39173,0,0,0,0,0,I,5,Pericyte,58,44,5,5,5_3,Pericyte
I-6731,all,126,51,6612,3139,30,68183,14543,6117,8426,0.4206147,0.5793853,I,5,B cell,49,28,3,3,3_4,AdventitialFib
I-6732,all,109,31,6945,3163,12,37085,32915,0,31804,0,1,I,5,Inflammatory monocyte,59,24,3,3,3_3,AdventitialFib
I-6733,all,129,55,6379,3015,22,62742,134366,50171,57429,0.4662732,0.5337268,I,25,Sox9+/Id2+ epithelial cell,43,22,1,1,1_3,AT2
I-6734,all,121,57,6903,3267,11,54238,0,0,0,0,0,I,8,B cell,45,33,2,2,2_2,InflamMac
I-6735,all,141,55,6491,3216,23,62995,0,0,0,0,0,I,3,Vascular smooth muscle cell,46,24,3,3,3_2,SMC
I-6736,all,142,31,6190,3396,19,42211,66171,15128,51149,0.2282541,0.7717459,I,48,Alveolar type 2 cell,49,11,1,1,1_3,AT2
I-6737,all,115,53,6589,3583,12,62801,0,0,0,0,0,I,10,Inflammatory monocyte,49,32,5,5,5_3,Pericyte
I-6739,all,156,54,6260,3155,15,75202,233,0,233,0,1,I,22,Alveolar fibroblast 1,47,27,2,2,2_6,pDC
I-6740,all,152,40,7124,2498,20,68285,241552,6388,235467,0.02641252,0.9735875,I,36,B cell,55,22,3,3,3_2,SMC
I-6741,all,188,71,6628,2462,28,98481,69658,9687,59971,0.1390651,0.8609349,I,20,Alveolar type 1 cell,51,34,3,3,3_3,AdventitialFib
I-6745,all,103,31,7068,2037,23,41976,190164,61100,122369,0.3330263,0.6669737,I,5,Inflammatory monocyte,59,27,2,2,2_5,DC
I-6746,all,75,29,7102,3188,20,47970,0,0,0,0,0,I,9,Natural killer cell,56,29,7,7,7_3,Tcell (CD8)
I-6747,all,36,22,6699,2369,31,35080,0,0,0,0,0,I,8,Arterial endothelial cell,39,22,7,7,7_2,PatrolMac
I-6748,all,72,28,6705,2424,32,57487,0,0,0,0,0,I,6,Alveolar fibroblast 1,55,28,1,1,1_5_2,AlveolarFib
I-6750,all,91,40,6069,3485,19,37994,96979,954,95132,0.009928606,0.9900714,I,5,B cell,61,41,2,2,2_2,InflamMac
I-6751,all,75,39,6188,2850,28,45225,56778,2030,54748,0.03575328,0.9642467,I,10,Alveolar type 2 cell,62,41,2,2,2_5,DC
I-6753,all,21,14,5864,2166,37,19328,0,0,0,0,0,I,5,Sox9+/Id2+ epithelial cell,42,14,2,2,2_3,Vein
I-6755,all,46,29,6925,2516,21,34859,0,0,0,0,0,I,7,Mesothelial cell,46,29,3,3,3_3,AdventitialFib
I-6759,all,40,26,6920,2736,10,26305,0,0,0,0,0,I,3,CD8+ T cell,44,26,5,5,5_3,Pericyte
I-6760,all,15,14,6347,3087,38,17431,0,0,0,0,0,I,2,B cell,32,14,9,9,9,Bcell
I-6762,all,134,59,6694,2990,23,118185,2754,1201,1076,0.5274484,0.4725516,I,10,Inflammatory monocyte,46,27,2,2,2_2,InflamMac
I-6764,all,102,43,7392,2567,22,53414,9308,8695,2375,0.7854562,0.2145438,I,10,Alveolar type 2 cell,59,35,1,1,1_3,AT2
I-6766,all,75,31,6980,3280,25,61312,0,0,0,0,0,I,5,B cell,57,32,3,3,3_2,SMC
I-6768,all,40,24,7251,3497,32,28283,460,0,0,0,0,I,4,B cell,41,24,8,8,8_2,InterstitialMac
I-6769,all,23,18,5811,3314,26,21923,0,0,0,0,0,I,4,Inflammatory monocyte,42,18,2,2,2_6,pDC
I-6770,all,230,70,6593,3261,17,88428,412431,133417,207740,0.3910721,0.6089279,I,44,AT1/AT2,49,25,1,1,1_3,AT2
I-6771,all,36,11,5868,2228,13,15118,0,0,0,0,0,I,29,Sox9+/Id2+ epithelial cell,44,11,1,1,1_1,AT2
I-6772,all,71,37,6909,2052,8,50858,1257,0,1257,0,1,I,6,B cell,58,38,1,1,1_6_2,Neutrophil
I-6773,all,72,46,6782,1978,33,93668,0,0,0,0,0,I,15,B cell,56,46,9,9,9,Bcell
I-6774,all,43,29,7100,2196,33,24345,376,0,376,0,1,I,5,B cell,44,30,2,2,2_4,Artery
I-6776,all,210,73,7134,3252,23,116619,0,0,0,0,0,I,22,Alveolar fibroblast 1,55,37,3,3,3_3,AdventitialFib
I-6780,all,16,9,5650,2145,9,18966,0,0,0,0,0,I,3,Neutrophil,38,10,2,2,2_2,InflamMac
I-6782,all,100,44,7361,2565,22,51715,1862,0,100,0,1,I,7,B cell,65,42,7,7,7_3,Tcell (CD8)
I-6783,all,6,4,7117,3536,40,8841,0,0,0,0,0,I,3,Capillary 1 cell,25,8,2,2,2_2,InflamMac
I-6784,all,47,29,6734,2862,33,34669,7744,213,7531,0.02750517,0.9724948,I,3,Alveolar fibroblast 1,47,29,1,1,1_5_2,AlveolarFib
I-6785,all,95,36,7177,3372,22,52513,12902,775,12127,0.06006821,0.9399318,I,4,B cell,63,35,5,5,5_3,Pericyte
I-6786,all,339,102,7250,2507,22,149653,0,0,0,0,0,I,33,Alveolar fibroblast 2,47,36,2,2,2_2,InflamMac
I-6788,all,217,65,6667,2865,30,94489,280999,28912,252087,0.10289,0.89711,I,17,Endothelial progenitor cell,52,26,1,1,1_2_1,Tcell (CD4)
I-6790,all,78,32,5898,3294,27,43642,53,0,53,0,1,I,19,Neutrophil,56,32,1,1,1_5_2,AlveolarFib
I-6792,all,109,32,7380,2534,20,48490,32968,24340,8628,0.7382917,0.2617083,I,2,Basophil,56,23,2,2,2_5,DC
I-6793,all,33,25,6917,3235,17,21909,7976,0,7976,0,1,I,6,B cell,38,25,2,2,2_6,pDC
I-6794,all,62,29,7060,3008,15,34160,150299,61091,114778,0.3473665,0.6526335,I,9,Inflammatory monocyte,58,30,2,2,2_2,InflamMac
I-6795,all,48,22,6525,3637,20,58002,0,0,0,0,0,I,2,Natural killer cell,48,22,7,7,7_3,Tcell (CD8)
I-6797,all,34,26,7399,2439,22,28311,0,0,0,0,0,I,5,Alveolar fibroblast 1,40,26,1,1,1_5_2,AlveolarFib
I-6798,all,486,71,7053,2447,21,127860,1730734,439365,1279125,0.2556692,0.7443308,I,133,Alveolar type 2 cell,50,7,1,1,1_3,AT2
I-6799,all,19,14,7033,3262,24,26713,274,0,274,0,1,I,3,Neutrophil,35,15,2,2,2_2,InflamMac
I-6802,all,52,24,6596,3418,11,34519,0,0,0,0,0,I,2,Natural killer cell,53,25,2,2,2_2,InflamMac
I-6803,all,120,48,6890,3171,25,66851,203346,15062,187637,0.07430722,0.9256928,I,9,Neutrophil,45,19,5,5,5_3,Pericyte
I-6805,all,23,11,6967,3027,15,17368,2096,0,2096,0,1,I,2,B cell,42,11,2,2,2_6,pDC
I-6806,all,45,15,7188,3213,33,25445,0,0,0,0,0,I,4,CD4+ T cell,46,15,7,7,7_3,Tcell (CD8)
I-6808,all,305,93,7268,2560,24,147994,0,0,0,0,0,I,27,Natural killer cell,51,36,2,2,2_2,InflamMac
I-6810,all,168,32,7055,2063,23,52285,287835,53882,197602,0.2142562,0.7857438,I,4,Sox9+/Id2+ epithelial cell,56,14,1,1,1_6_2,Neutrophil
I-6811,all,81,34,7036,2994,19,62478,193384,56408,92285,0.3793588,0.6206412,I,3,Inflammatory monocyte,60,35,2,2,2_2,InflamMac
I-6814,all,97,35,7176,3620,28,62136,1421,0,1135,0,1,I,4,Inflammatory monocyte,58,33,2,2,2_2,InflamMac
I-6815,all,71,33,6629,3240,23,50325,27390,5548,11285,0.3295907,0.6704093,I,9,Ciliated cell,58,33,9,9,9,Bcell
I-6816,all,59,34,6648,2978,27,60506,106,106,0,1,0,I,8,Inflammatory monocyte,55,34,7,7,7_2,PatrolMac
I-6817,all,34,22,7238,3358,38,13548,0,0,0,0,0,I,2,CD4+ T cell,41,22,1,1,1_2_1,Tcell (CD4)
I-6822,all,181,40,6135,2054,22,130586,0,0,0,0,0,I,117,Alveolar type 2 cell,48,13,1,1,1_1,AT2
I-6824,all,60,33,7011,3012,22,52455,0,0,0,0,0,I,13,Alveolar fibroblast 2,56,33,3,3,3_3,AdventitialFib
I-6827,all,141,60,6526,3348,17,64453,0,0,0,0,0,I,20,Alveolar fibroblast 1,49,32,7,7,7_3,Tcell (CD8)
I-6828,all,106,41,6836,3721,24,76586,9176,3913,4993,0.4393667,0.5606333,I,12,B cell,60,34,9,9,9,Bcell
I-6831,all,26,16,7003,3812,9,16901,1677,0,1677,0,1,I,5,Natural killer cell,41,17,2,2,2_2,InflamMac
I-6834,all,37,14,6991,3758,13,24233,4514,845,2333,0.2658905,0.7341095,I,3,Capillary 1 cell,43,15,1,1,1_6_2,Neutrophil
I-6835,all,63,32,6832,2206,8,27237,6876,0,6876,0,1,I,8,Capillary 2 cell,55,32,2,2,2_6,pDC
I-6836,all,133,52,6987,2152,31,60277,70927,5702,60585,0.08601988,0.9139801,I,16,B cell,50,25,2,2,2_2,InflamMac
I-6839,all,49,15,6193,2893,39,11091,40908,50,40753,0.0012254,0.9987746,I,14,Sox9+/Id2+ epithelial cell,50,16,3,3,3_5,SMC
I-6840,all,60,26,5847,3310,24,29417,0,0,0,0,0,I,6,B cell,55,26,1,1,1_5_2,AlveolarFib
I-6841,all,171,64,6418,2488,28,142969,0,0,0,0,0,I,20,B cell,51,33,9,9,9,Bcell
I-6844,all,110,46,6789,3230,26,84844,25750,1557,23206,0.06287607,0.9371239,I,4,Alveolar fibroblast 1,54,31,2,2,2_6,pDC
I-6845,all,127,53,6580,2737,24,65991,0,0,0,0,0,I,12,Arterial endothelial cell,42,22,7,7,7_3,Tcell (CD8)
I-6846,all,142,63,7032,2759,22,56396,12069,2571,5050,0.3373573,0.6626427,I,16,Alveolar fibroblast 1,42,24,2,2,2_6,pDC
I-6847,all,50,22,6991,3028,21,42743,111,0,111,0,1,I,12,Inflammatory monocyte,49,22,5,5,5_3,Pericyte
I-6848,all,63,23,7157,3383,29,43497,1129,0,1129,0,1,I,6,B cell,56,24,2,2,2_2,InflamMac
I-6849,all,79,40,6649,3139,31,63359,0,0,0,0,0,I,5,Inflammatory monocyte,58,40,7,7,7_2,PatrolMac
I-6851,all,27,20,6513,3004,38,22336,5259,4425,615,0.8779762,0.1220238,I,3,Alveolar fibroblast 1,37,21,3,3,3_2,SMC
I-6852,all,192,48,6956,2893,22,92746,84367,40055,29879,0.5727543,0.4272457,I,8,Arterial endothelial cell,56,25,8,8,8_2,InterstitialMac
I-6855,all,58,23,7055,2946,21,50541,184490,20849,147840,0.1235943,0.8764057,I,6,Natural killer cell,55,23,7,7,7_2,PatrolMac
I-6857,all,33,19,5860,3265,18,18533,0,0,0,0,0,I,8,Sox9+/Id2+ epithelial cell,42,19,2,2,2_3,Vein
I-6858,all,80,37,7374,2444,22,36732,0,0,0,0,0,I,14,Endothelial progenitor cell,62,38,2,2,2_2,InflamMac
I-6859,all,44,18,7084,3060,35,43556,4130,160,2555,0.05893186,0.9410681,I,8,Inflammatory monocyte,47,19,2,2,2_2,InflamMac
I-6862,all,23,15,6690,2239,19,25291,0,0,0,0,0,I,4,Neutrophil,41,16,3,3,3_1,SMC
I-6863,all,112,30,6968,3347,16,66977,86502,692,81984,0.008370023,0.99163,I,4,Megakaryocyte/Platelet,53,24,1,1,1_6_2,Neutrophil
I-6865,all,95,45,5820,2165,21,56081,0,0,0,0,0,I,17,Interstitial macrophage,62,45,8,8,8_1,AlveolarMac
I-6866,all,103,48,6369,3039,19,42818,16414,0,16414,0,1,I,13,B cell,61,42,2,2,2_6,pDC
I-6867,all,165,17,7085,3796,15,49534,467649,95762,371334,0.2050157,0.7949843,I,29,Alveolar type 2 cell,56,7,1,1,1_3,AT2
I-6868,all,115,42,7121,3172,24,57908,0,0,0,0,0,I,14,Inflammatory monocyte,53,24,7,7,7_3,Tcell (CD8)
I-6870,all,52,29,6637,2939,30,49702,0,0,0,0,0,I,5,T regulatory cell,53,30,1,1,1_6_2,Neutrophil
I-6871,all,25,4,5466,2222,16,9690,0,0,0,0,0,I,23,Sox9+/Id2+ epithelial cell,45,4,1,1,1_3,AT2
I-6874,all,86,39,6944,3288,20,59745,0,0,0,0,0,I,9,B cell,60,39,7,7,7_3,Tcell (CD8)
I-6876,all,72,25,7077,2093,30,33627,151936,4187,140329,0.02897257,0.9710274,I,9,Inflammatory monocyte,57,27,2,2,2_5,DC
I-6877,all,113,51,7228,2204,30,62950,0,0,0,0,0,I,13,B cell,54,37,3,3,3_4,AdventitialFib
I-6878,all,149,61,6681,2919,24,84154,0,0,0,0,0,I,7,Capillary 2 cell,50,28,7,7,7_3,Tcell (CD8)
I-6881,all,81,32,5820,4940,29,62317,0,0,0,0,0,I,46,Alveolar type 2 cell,55,32,1,1,1_3,AT2
I-6883,all,39,23,6158,4894,32,35961,0,0,0,0,0,I,4,Sox9+/Id2+ epithelial cell,41,23,2,2,2_3,Vein
I-6884,all,47,22,7233,4624,23,66613,0,0,0,0,0,I,5,Pericyte,47,22,5,5,5_1,Pericyte
I-6885,all,47,25,5705,4215,19,80228,0,0,0,0,0,I,3,B cell,47,25,9,9,9,Bcell
I-6886,all,48,27,7239,5465,19,55151,0,0,0,0,0,I,6,Alveolar fibroblast 1,49,28,1,1,1_4_1,AlveolarFib
I-6887,all,102,46,7304,4628,27,84730,0,0,0,0,0,I,7,Inflammatory monocyte,63,42,3,3,3_4,AdventitialFib
I-6889,all,47,28,5968,5436,33,43790,0,0,0,0,0,I,3,Alveolar fibroblast 1,48,29,1,1,1_5_2,AlveolarFib
I-6891,all,67,30,6765,5137,11,56477,0,0,0,0,0,I,5,Alveolar fibroblast 1,56,31,1,1,1_5_2,AlveolarFib
I-6892,all,55,37,5844,4225,31,49771,0,0,0,0,0,I,5,Alveolar fibroblast 1,55,37,2,2,2_3,Vein
I-6894,all,41,20,5927,5427,9,33338,0,0,0,0,0,I,7,Alveolar type 1 cell,43,20,6,6,6,AT1
I-6895,all,27,19,5849,4347,15,54373,0,0,0,0,0,I,3,CD4+ T cell,40,19,7,7,7_2,PatrolMac
I-6897,all,29,21,6179,4724,31,33071,0,0,0,0,0,I,10,Alveolar type 2 cell,40,22,2,2,2_2,InflamMac
I-6900,all,70,35,6176,4937,31,66260,0,0,0,0,0,I,8,Natural killer cell,52,35,3,3,3_4,AdventitialFib
I-6901,all,49,26,7180,4893,18,45978,0,0,0,0,0,I,3,T regulatory cell,51,27,1,1,1_6_2,Neutrophil
I-6902,all,56,33,7212,4725,25,68863,0,0,0,0,0,I,10,Sox9+/Id2+ epithelial cell,54,34,1,1,1_4_1,AlveolarFib
I-6905,all,65,26,6621,5301,19,49457,0,0,0,0,0,I,7,Alveolar type 1 cell,55,26,6,6,6,AT1
I-6908,all,66,24,6403,4277,16,53282,0,0,0,0,0,I,21,Alveolar type 2 cell,55,24,1,1,1_1,AT2
I-6909,all,35,23,6430,5103,14,36913,0,0,0,0,0,I,2,Alveolar fibroblast 1,39,24,1,1,1_4_1,AlveolarFib
I-6910,all,18,12,6526,4467,8,18488,0,0,0,0,0,I,7,Sox9+/Id2+ epithelial cell,37,12,1,1,1_3,AT2
I-6912,all,48,26,7057,5492,16,63764,0,0,0,0,0,I,2,Endothelial progenitor cell,48,26,8,8,8_2,InterstitialMac
I-6916,all,77,33,7253,5393,16,78805,0,0,0,0,0,I,10,Alveolar macrophage,53,33,2,2,2_3,Vein
I-6918,all,56,23,7194,5249,20,35323,0,0,0,0,0,I,12,B cell,52,23,1,1,1_5_2,AlveolarFib
I-6921,all,155,60,6743,5189,14,91412,0,0,0,0,0,I,15,Sox9+/Id2+ epithelial cell,45,29,3,3,3_1,SMC
I-6922,all,35,16,5625,4074,21,46163,0,0,0,0,0,I,3,Alveolar type 1 cell,42,16,6,6,6,AT1
I-6923,all,50,32,6966,3936,36,36696,0,0,0,0,0,I,10,Pericyte,50,32,5,5,5_3,Pericyte
I-6926,all,42,28,7165,3832,17,52279,0,0,0,0,0,I,9,Inflammatory monocyte,45,30,2,2,2_5,DC
I-6927,all,35,23,6446,4645,33,39967,0,0,0,0,0,I,2,Capillary 1 cell,41,23,2,2,2_3,Vein
I-6931,all,49,26,7366,4488,27,40318,0,0,0,0,0,I,4,Neutrophil,49,26,3,3,3_3,AdventitialFib
I-6932,all,115,25,6818,5031,17,92578,0,0,0,0,0,I,91,Alveolar type 2 cell,46,10,1,1,1_3,AT2
I-6933,all,51,24,5917,4209,15,38365,0,0,0,0,0,I,2,Alveolar fibroblast 1,51,24,2,2,2_6,pDC
I-6934,all,96,39,6422,4105,19,91753,0,0,0,0,0,I,7,Capillary 2 cell,60,34,2,2,2_5,DC
I-6935,all,91,36,6157,3919,28,74987,154,52,102,0.3376623,0.6623377,I,3,Neutrophil,61,35,1,1,1_6_2,Neutrophil
I-6937,all,36,25,5911,5373,11,30601,0,0,0,0,0,I,3,Capillary 2 cell,40,25,2,2,2_6,pDC
I-6938,all,134,57,6629,5245,17,126051,0,0,0,0,0,I,20,Pericyte,46,27,5,5,5_1,Pericyte
I-6939,all,13,11,7310,5067,14,28468,0,0,0,0,0,I,2,Innate lymphoid cell,27,12,1,1,1_6_2,Neutrophil
I-6943,all,127,31,6958,4163,20,60640,222698,200544,22205,0.9003138,0.09968619,I,62,Alveolar type 2 cell,45,12,1,1,1_1,AT2
I-6944,all,21,15,5760,4218,17,67248,0,0,0,0,0,I,2,Alveolar type 1 cell,43,15,6,6,6,AT1
I-6945,all,30,21,7018,4819,10,24984,0,0,0,0,0,I,3,T regulatory cell,39,22,1,1,1_6_2,Neutrophil
I-6946,all,51,22,7117,4891,18,48131,0,0,0,0,0,I,15,Capillary 1 cell,50,22,2,2,2_3,Vein
I-6947,all,46,26,5969,5366,30,74550,0,0,0,0,0,I,6,Capillary 1 cell,46,26,2,2,2_3,Vein
I-6948,all,86,34,7287,3944,30,67877,47963,12483,45046,0.2169862,0.7830138,I,4,Sox9+/Id2+ epithelial cell,59,34,2,2,2_6,pDC
I-6949,all,85,40,6702,5203,14,97736,0,0,0,0,0,I,3,Neutrophil,60,41,2,2,2_2,InflamMac
I-6950,all,20,16,5938,4186,18,20523,0,0,0,0,0,I,3,Proliferative mesenchymal progenitor cell,37,17,1,1,1_6_2,Neutrophil
I-6951,all,75,41,6173,5014,8,75855,51,0,51,0,1,I,6,Sox9+/Id2+ epithelial cell,57,41,2,2,2_3,Vein
I-6952,all,119,56,5996,5137,22,105481,0,0,0,0,0,I,11,Alveolar fibroblast 1,41,26,5,5,5_3,Pericyte
I-6953,all,130,52,7291,4300,19,78105,215,0,215,0,1,I,9,B cell,48,26,9,9,9,Bcell
I-6954,all,29,21,5958,3875,6,19289,0,0,0,0,0,I,2,Capillary 1 cell,38,21,2,2,2_6,pDC
I-6955,all,15,11,6367,5132,14,27046,0,0,0,0,0,I,2,Alveolar type 2 cell,32,12,2,2,2_2,InflamMac
I-6957,all,45,25,6573,5664,28,54467,0,0,0,0,0,I,9,Alveolar fibroblast 1,46,26,3,3,3_1,SMC
I-6959,all,96,42,7318,4231,26,64142,0,0,0,0,0,I,5,Interstitial macrophage,62,41,7,7,7_3,Tcell (CD8)
I-6960,all,33,17,6504,4662,17,42422,0,0,0,0,0,I,4,Alveolar type 1 cell,44,18,3,3,3_5,SMC
I-6961,all,73,27,6783,5587,13,47249,0,0,0,0,0,I,24,Alveolar fibroblast 1,53,27,8,8,8_2,InterstitialMac
I-6962,all,44,26,6684,5080,6,39842,0,0,0,0,0,I,4,Inflammatory monocyte,46,27,2,2,2_2,InflamMac
I-6963,all,69,39,7280,4912,22,118589,0,0,0,0,0,I,6,Inflammatory monocyte,56,39,2,2,2_6,pDC
I-6964,all,132,35,6650,3949,28,56023,149686,21306,128380,0.142338,0.857662,I,12,Neutrophil,50,12,7,7,7_3,Tcell (CD8)
I-6966,all,23,17,5594,5456,24,51009,0,0,0,0,0,I,2,CD4+ T cell,40,17,7,7,7_2,PatrolMac
I-6967,all,76,16,7270,3896,37,29039,300252,168594,122092,0.5799867,0.4200133,I,10,Alveolar type 2 cell,56,16,1,1,1_3,AT2
I-6968,all,18,16,6370,4967,11,21164,0,0,0,0,0,I,2,Alveolar fibroblast 1,37,17,1,1,1_4_1,AlveolarFib
I-6969,all,10,7,5995,4178,21,17700,0,0,0,0,0,I,6,Sox9+/Id2+ epithelial cell,31,7,1,1,1_5_2,AlveolarFib
I-6970,all,165,58,7346,4568,18,124945,0,0,0,0,0,I,8,B cell,50,29,9,9,9,Bcell
I-6971,all,29,21,7177,4792,23,47336,0,0,0,0,0,I,2,Capillary 1 cell,40,23,2,2,2_5,DC
I-6972,all,99,37,7175,4120,25,100957,0,0,0,0,0,I,5,Alveolar type 1 cell,58,34,2,2,2_5,DC
I-6975,all,30,22,7206,5461,16,45703,0,0,0,0,0,I,3,Alveolar fibroblast 1,36,22,5,5,5_3,Pericyte
I-6977,all,143,48,7265,4670,21,104400,0,0,0,0,0,I,6,B cell,48,21,2,2,2_6,pDC
I-6979,all,63,36,5862,4880,16,76636,0,0,0,0,0,I,19,Pericyte,55,36,5,5,5_3,Pericyte
I-6980,all,47,25,7276,5082,18,71894,0,0,0,0,0,I,12,Innate lymphoid cell,48,26,2,2,2_5,DC
I-6981,all,60,27,7326,4493,29,52363,0,0,0,0,0,I,5,B cell,56,27,9,9,9,Bcell
I-6983,all,71,33,7271,4598,16,70717,0,0,0,0,0,I,3,Pericyte,53,33,2,2,2_6,pDC
I-6987,all,35,21,6367,4261,28,45856,0,0,0,0,0,I,2,Inflammatory monocyte,41,22,2,2,2_2,InflamMac
I-6988,all,96,37,7206,3960,22,59381,3195,671,2524,0.2100156,0.7899844,I,7,Natural killer cell,63,36,7,7,7_2,PatrolMac
I-6989,all,33,18,5581,5486,19,84891,0,0,0,0,0,I,18,Pericyte,41,18,5,5,5_3,Pericyte
I-6991,all,58,36,6544,5419,20,85383,0,0,0,0,0,I,12,Alveolar type 1 cell,55,36,2,2,2_1,Capillary
I-6993,all,42,12,7238,4466,41,17684,20477,20477,0,1,0,I,26,Sox9+/Id2+ epithelial cell,46,12,1,1,1_1,AT2
I-6994,all,52,28,6308,4379,14,50987,0,0,0,0,0,I,15,Pericyte,52,29,3,3,3_2,SMC
I-6995,all,86,43,7219,4150,24,73342,0,0,0,0,0,I,4,Inflammatory monocyte,61,43,2,2,2_6,pDC
I-6996,all,108,52,6018,5352,23,93148,0,0,0,0,0,I,16,Capillary 1 cell,57,40,2,2,2_3,Vein
I-6997,all,51,27,5692,4259,19,102028,0,0,0,0,0,I,8,Secondary crest myofibroblast,52,28,3,3,3_1,SMC
I-6998,all,68,40,6262,5299,15,83187,0,0,0,0,0,I,18,Pericyte,59,40,5,5,5_3,Pericyte
I-6999,all,34,24,7327,4332,27,40164,0,0,0,0,0,I,2,B cell,40,24,7,7,7_2,PatrolMac
I-7002,all,34,23,6902,4107,25,32470,0,0,0,0,0,I,3,B cell,39,23,9,9,9,Bcell
I-7004,all,59,30,6335,4216,24,48329,0,0,0,0,0,I,3,Alveolar type 1 cell,54,30,6,6,6,AT1
I-7005,all,27,14,7293,4415,13,26178,0,0,0,0,0,I,3,Sox9+/Id2+ epithelial cell,40,15,2,2,2_2,InflamMac
I-7008,all,21,17,6686,3846,8,12316,107,0,107,0,1,I,5,Mesothelial cell,40,17,3,3,3_3,AdventitialFib
I-7009,all,82,44,7195,4198,25,83862,0,0,0,0,0,I,10,Inflammatory monocyte,63,44,2,2,2_6,pDC
I-7011,all,8,3,6253,5166,30,24135,0,0,0,0,0,I,2,Mast cell,19,5,7,7,7_4,PatrolMac
I-7014,all,90,43,7343,4205,30,62714,52,0,52,0,1,I,10,Alveolar macrophage,63,43,8,8,8_2,InterstitialMac
I-7017,all,48,28,7042,4893,28,63457,0,0,0,0,0,I,3,B cell,48,28,8,8,8_1,AlveolarMac
I-7018,all,54,24,6775,4994,7,29086,54,54,0,1,0,I,3,Alveolar type 1 cell,52,24,8,8,8_2,InterstitialMac
I-7019,all,165,67,5677,4329,14,87935,35475,26151,9324,0.737167,0.262833,I,17,Alveolar macrophage,50,33,8,8,8_1,AlveolarMac
I-7020,all,118,46,7009,4112,21,109250,1717,1666,51,0.970297,0.02970297,I,2,Pericyte,43,20,1,1,1_6_2,Neutrophil
I-7021,all,25,17,6244,4800,29,28301,0,0,0,0,0,I,7,Sox9+/Id2+ epithelial cell,46,17,2,2,2_3,Vein
I-7023,all,33,19,7309,3919,29,39468,5225,0,5225,0,1,I,5,Capillary 1 cell,40,19,2,2,2_6,pDC
I-7024,all,48,25,6288,5546,18,85245,0,0,0,0,0,I,21,Sox9+/Id2+ epithelial cell,48,25,2,2,2_3,Vein
I-7027,all,16,12,5957,5497,22,39550,0,0,0,0,0,I,3,Alveolar type 1 cell,34,12,6,6,6,AT1
I-7029,all,17,10,5893,5519,10,24957,0,0,0,0,0,I,2,Venous endothelial cell,34,10,2,2,2_3,Vein
I-7030,all,38,27,7082,4788,18,37765,0,0,0,0,0,I,2,Alveolar fibroblast 1,43,28,1,1,1_4_1,AlveolarFib
I-7031,all,78,39,6105,4188,36,88012,0,0,0,0,0,I,9,Capillary 2 cell,56,39,2,2,2_1,Capillary
I-7032,all,148,58,7287,4549,23,112473,0,0,0,0,0,I,6,Alveolar macrophage,49,30,2,2,2_6,pDC
I-7038,all,75,37,6517,4072,12,38699,0,0,0,0,0,I,4,Capillary 1 cell,58,37,3,3,3_4,AdventitialFib
I-7040,all,6,3,7273,5577,21,11463,0,0,0,0,0,I,4,Sox9+/Id2+ epithelial cell,32,5,1,1,1_1,AT2
I-7041,all,95,45,7287,4342,22,73810,0,0,0,0,0,I,2,Capillary 1 cell,64,44,2,2,2_6,pDC
I-7043,all,62,32,7037,5535,20,56009,0,0,0,0,0,I,24,Sox9+/Id2+ epithelial cell,55,32,8,8,8_2,InterstitialMac
I-7044,all,47,24,7266,5528,29,53575,0,0,0,0,0,I,4,Endothelial progenitor cell,47,24,2,2,2_6,pDC
I-7045,all,17,11,6016,5269,22,21992,0,0,0,0,0,I,5,Pericyte,35,11,5,5,5_1,Pericyte
I-7049,all,26,18,7326,5611,17,61396,0,0,0,0,0,I,5,Sox9+/Id2+ epithelial cell,45,18,2,2,2_3,Vein
I-7051,all,119,43,6571,5588,15,88622,0,0,0,0,0,I,13,Alveolar type 1 cell,46,24,6,6,6,AT1
I-7052,all,101,45,6213,5105,23,86338,0,0,0,0,0,I,9,Pericyte,58,39,5,5,5_3,Pericyte
I-7055,all,54,30,5594,5271,28,67727,0,0,0,0,0,I,23,Natural killer cell,53,30,3,3,3_3,AdventitialFib
I-7056,all,78,22,7211,4662,27,69129,0,0,0,0,0,I,49,Alveolar type 2 cell,54,22,1,1,1_1,AT2
I-7058,all,57,16,5957,4214,13,30198,83762,123310,1260,0.9898852,0.01011479,I,27,Sox9+/Id2+ epithelial cell,52,16,1,1,1_1,AT2
I-7059,all,129,35,6594,5053,32,69445,0,0,0,0,0,I,95,Ciliated cell,45,12,1,1,1_1,AT2
I-7060,all,19,15,6468,4671,27,37292,0,0,0,0,0,I,3,Megakaryocyte/Platelet,40,16,1,1,1_6_2,Neutrophil
I-7061,all,83,27,5819,4294,19,75868,0,0,0,0,0,I,44,Capillary 1 cell,56,27,1,1,1_1,AT2
I-7062,all,67,40,6353,4296,31,62278,0,0,0,0,0,I,5,AT1/AT2,60,40,1,1,1_3,AT2
I-7063,all,51,33,6100,5063,34,63055,0,0,0,0,0,I,3,Capillary 1 cell,51,33,5,5,5_3,Pericyte
I-7070,all,44,20,5843,3892,34,39889,0,0,0,0,0,I,8,Alveolar fibroblast 2,45,20,3,3,3_3,AdventitialFib
I-7072,all,13,10,5803,5009,41,18642,0,0,0,0,0,I,4,Alveolar fibroblast 1,31,10,5,5,5_3,Pericyte
I-7073,all,162,25,6409,4680,13,72596,0,0,0,0,0,I,134,Alveolar type 2 cell,47,7,1,1,1_3,AT2
I-7074,all,62,38,6499,5260,36,50029,0,0,0,0,0,I,4,Alveolar type 1 cell,56,38,6,6,6,AT1
I-7075,all,51,31,6451,4845,26,53409,0,0,0,0,0,I,4,Venous endothelial cell,50,31,3,3,3_3,AdventitialFib
I-7078,all,69,34,7335,3941,27,66909,0,0,0,0,0,I,4,Alveolar type 1 cell,56,34,9,9,9,Bcell
I-7079,all,76,27,5680,5602,15,81999,0,0,0,0,0,I,18,Alveolar type 1 cell,55,27,6,6,6,AT1
I-7081,all,122,18,6230,5567,32,98084,0,0,0,0,0,I,102,Alveolar type 2 cell,47,8,1,1,1_1,AT2
I-7082,all,161,38,6222,5068,18,76037,0,0,0,0,0,I,120,Alveolar type 2 cell,47,14,1,1,1_3,AT2
I-7085,all,130,40,6354,4685,27,108401,0,0,0,0,0,I,54,Alveolar type 2 cell,49,23,9,9,9,Bcell
I-7086,all,246,48,6087,3989,26,118355,153381,119537,51756,0.6978511,0.3021489,I,21,B cell,50,14,2,2,2_2,InflamMac
I-7087,all,16,12,5999,5498,29,24866,0,0,0,0,0,I,3,Capillary 1 cell,35,12,2,2,2_3,Vein
I-7088,all,59,27,6601,5330,22,40170,0,0,0,0,0,I,6,B cell,53,27,6,6,6,AT1
I-7091,all,151,11,6564,3976,30,36174,337803,54762,291493,0.1581551,0.8418449,I,13,Proliferative mesenchymal progenitor cell,58,6,1,1,1_6_2,Neutrophil
I-7093,all,84,31,6397,4235,20,68212,0,0,0,0,0,I,21,Endothelial progenitor cell,58,31,2,2,2_6,pDC
I-7096,all,44,28,6008,4797,29,65513,0,0,0,0,0,I,3,CD8+ T cell,46,29,2,2,2_2,InflamMac
I-7097,all,38,22,6438,4907,34,26815,0,0,0,0,0,I,4,Alveolar fibroblast 1,41,23,1,1,1_5_2,AlveolarFib
I-7100,all,33,19,5651,5099,11,38961,0,0,0,0,0,I,6,Alveolar fibroblast 1,41,19,2,2,2_6,pDC
I-7102,all,75,28,6412,4750,18,49603,0,0,0,0,0,I,9,Alveolar fibroblast 1,53,28,6,6,6,AT1
I-7104,all,11,8,6228,4917,10,14894,0,0,0,0,0,I,5,Capillary 1 cell,31,8,2,2,2_3,Vein
I-7105,all,74,33,7207,5562,21,77098,0,0,0,0,0,I,22,Pericyte,54,33,5,5,5_1,Pericyte
I-7108,all,79,29,6730,5612,19,70025,0,0,0,0,0,I,10,Alveolar type 1 cell,58,29,6,6,6,AT1
I-7109,all,225,26,6735,3929,15,75567,284962,146801,151589,0.4919769,0.5080231,I,55,Alveolar macrophage,58,12,7,7,7_2,PatrolMac
I-7111,all,182,54,7173,3927,22,111640,77415,335,77080,0.004327327,0.9956727,I,16,Sox9+/Id2+ epithelial cell,57,26,7,7,7_3,Tcell (CD8)
I-7113,all,57,34,5742,4268,26,63921,0,0,0,0,0,I,3,Alveolar fibroblast 1,55,34,5,5,5_3,Pericyte
I-7119,all,37,24,7181,4451,23,86622,0,0,0,0,0,I,4,Alveolar type 1 cell,40,24,1,1,1_5_4,pDC
I-7120,all,55,23,6621,3993,15,46855,0,0,0,0,0,I,9,Endothelial progenitor cell,53,23,2,2,2_6,pDC
I-7121,all,30,17,5608,5431,9,44158,0,0,0,0,0,I,2,Venous endothelial cell,40,18,3,3,3_5,SMC
I-7122,all,13,7,6242,4170,25,29046,0,0,0,0,0,I,6,Sox9+/Id2+ epithelial cell,37,7,1,1,1_1,AT2
I-7123,all,129,38,5620,5067,13,62516,0,0,0,0,0,I,83,Alveolar type 2 cell,43,16,1,1,1_1,AT2
I-7129,all,87,25,6428,4409,29,84319,0,0,0,0,0,I,63,Sox9+/Id2+ epithelial cell,57,24,1,1,1_1,AT2
I-7130,all,21,14,5899,4237,15,19619,0,0,0,0,0,I,3,B cell,38,14,1,1,1_2_1,Tcell (CD4)
I-7132,all,31,27,6189,4594,29,78684,0,0,0,0,0,I,7,Pericyte,34,27,5,5,5_3,Pericyte
I-7133,all,66,31,5947,5461,22,48985,0,0,0,0,0,I,8,Alveolar fibroblast 1,54,31,6,6,6,AT1
I-7134,all,43,21,5929,5325,5,29810,0,0,0,0,0,I,4,Endothelial progenitor cell,44,21,2,2,2_3,Vein
I-7135,all,125,61,6043,5167,19,109983,0,0,0,0,0,I,10,Capillary 1 cell,40,27,2,2,2_3,Vein
I-7136,all,41,26,5813,4329,13,66771,0,0,0,0,0,I,8,Sox9+/Id2+ epithelial cell,44,27,1,1,1_4_1,AlveolarFib
I-7140,all,59,35,7348,4527,25,74797,0,0,0,0,0,I,5,T regulatory cell,55,35,7,7,7_3,Tcell (CD8)
I-7141,all,40,23,6355,5008,12,47463,0,0,0,0,0,I,2,Venous endothelial cell,42,23,2,2,2_3,Vein
I-7142,all,150,43,7175,4687,24,149016,0,0,0,0,0,I,61,Alveolar type 2 cell,50,24,1,1,1_1,AT2
I-7144,all,83,41,7340,4911,22,97051,0,0,0,0,0,I,4,Sox9+/Id2+ epithelial cell,58,41,1,1,1_6_2,Neutrophil
I-7147,all,36,17,6913,4164,19,28170,0,0,0,0,0,I,2,Sox9+/Id2+ epithelial cell,41,18,1,1,1_6_2,Neutrophil
I-7150,all,59,31,6806,4664,11,41342,0,0,0,0,0,I,12,Alveolar type 2 cell,55,31,2,2,2_6,pDC
I-7151,all,46,30,5937,4956,26,60449,0,0,0,0,0,I,4,Inflammatory monocyte,50,32,2,2,2_5,DC
I-7152,all,62,30,6425,4309,13,91315,0,0,0,0,0,I,2,Inflammatory monocyte,58,32,2,2,2_5,DC
I-7153,all,30,22,6838,3864,13,35835,0,0,0,0,0,I,7,Inflammatory monocyte,39,22,7,7,7_3,Tcell (CD8)
I-7154,all,34,20,7123,5664,13,33611,0,0,0,0,0,I,3,Inflammatory monocyte,41,21,2,2,2_2,InflamMac
I-7158,all,54,19,7301,5556,22,87361,0,0,0,0,0,I,37,Alveolar type 2 cell,51,19,1,1,1_3,AT2
I-7161,all,37,21,5984,4739,11,43695,0,0,0,0,0,I,11,Sox9+/Id2+ epithelial cell,42,21,2,2,2_3,Vein
I-7162,all,41,26,7115,5524,16,42094,0,0,0,0,0,I,3,Capillary 2 cell,42,26,2,2,2_6,pDC
I-7163,all,33,19,6880,5000,35,41966,0,0,0,0,0,I,10,Alveolar type 2 cell,43,19,5,5,5_1,Pericyte
I-7165,all,61,16,7045,5585,7,61570,0,0,0,0,0,I,37,Sox9+/Id2+ epithelial cell,51,16,1,1,1_1,AT2
I-7166,all,85,32,7229,5352,23,129955,0,0,0,0,0,I,46,Alveolar type 2 cell,58,32,1,1,1_1,AT2
I-7171,all,64,38,7020,3899,34,65658,0,0,0,0,0,I,3,Capillary 1 cell,60,39,2,2,2_2,InflamMac
I-7173,all,47,26,5682,5519,35,69220,0,0,0,0,0,I,2,Alveolar fibroblast 1,48,27,2,2,2_4,Artery
I-7175,all,56,15,5991,4205,14,24210,41109,28661,1762,0.9420833,0.05791671,I,32,Alveolar type 2 cell,51,15,1,1,1_1,AT2
I-7177,all,96,43,5812,4871,17,91996,0,0,0,0,0,I,12,Alveolar fibroblast 1,65,41,2,2,2_6,pDC
I-7179,all,20,15,7361,5266,18,54667,0,0,0,0,0,I,4,B cell,39,15,1,1,1_2_1,Tcell (CD4)
I-7180,all,46,28,5670,4163,22,46904,0,0,0,0,0,I,7,Pericyte,46,28,1,1,1_5_4,pDC
I-7181,all,94,46,7004,5528,18,88575,0,0,0,0,0,I,33,Interstitial macrophage,65,45,8,8,8_3,InterstitialMac
I-7182,all,113,41,6273,5343,29,78966,0,0,0,0,0,I,68,Pericyte,48,22,5,5,5_1,Pericyte
I-7183,all,42,26,6990,4689,17,38375,0,0,0,0,0,I,5,Interstitial macrophage,43,26,8,8,8_3,InterstitialMac
I-7184,all,69,18,6588,5632,24,59157,0,0,0,0,0,I,48,Capillary 1 cell,53,18,1,1,1_1,AT2
I-7185,all,121,35,6891,3995,23,98365,1259,843,523,0.6171303,0.3828697,I,2,T regulatory cell,53,23,1,1,1_6_2,Neutrophil
I-7186,all,14,13,5984,3898,6,11489,0,0,0,0,0,I,2,Natural killer cell,30,13,7,7,7_3,Tcell (CD8)
I-7188,all,45,28,6418,4939,23,59758,0,0,0,0,0,I,5,Pericyte,45,28,3,3,3_5,SMC
I-7189,all,98,42,6796,4065,33,90755,0,0,0,0,0,I,8,Alveolar fibroblast 2,65,40,3,3,3_3,AdventitialFib
I-7190,all,58,31,5909,5464,24,70355,0,0,0,0,0,I,9,Natural killer cell,54,32,1,1,1_4_1,AlveolarFib
I-7195,all,24,13,6260,4310,18,25975,0,0,0,0,0,I,2,Pulmonary neuroendocrine cell,44,14,2,2,2_2,InflamMac
I-7199,all,48,16,6406,4718,10,26391,0,0,0,0,0,I,36,Sox9+/Id2+ epithelial cell,48,16,1,1,1_1,AT2
I-7200,all,45,31,7301,3862,30,82471,0,0,0,0,0,I,5,B cell,45,31,9,9,9,Bcell
I-7201,all,20,15,6001,5229,25,33269,0,0,0,0,0,I,4,Pericyte,40,15,5,5,5_1,Pericyte
I-7202,all,228,43,6113,3951,21,113195,370926,124214,229425,0.3512452,0.6487548,I,36,Alveolar type 2 cell,57,19,1,1,1_3,AT2
I-7203,all,110,20,6622,5628,28,55387,0,0,0,0,0,I,80,Alveolar type 2 cell,47,9,1,1,1_1,AT2
I-7205,all,18,15,7083,5448,12,29998,0,0,0,0,0,I,4,Pericyte,37,15,5,5,5_1,Pericyte
I-7206,all,15,10,7156,4503,7,9541,0,0,0,0,0,I,2,Capillary 1 cell,31,10,2,2,2_3,Vein
I-7208,all,50,33,6310,4283,26,47818,0,0,0,0,0,I,4,Inflammatory monocyte,50,33,2,2,2_6,pDC
I-7210,all,68,31,6648,5043,10,57703,0,0,0,0,0,I,7,Capillary 1 cell,53,31,2,2,2_3,Vein
I-7211,all,106,51,6133,4655,22,108452,0,0,0,0,0,I,6,Capillary 1 cell,59,37,2,2,2_3,Vein
I-7212,all,42,26,5920,5534,13,53430,0,0,0,0,0,I,3,Capillary 1 cell,44,26,2,2,2_3,Vein
I-7214,all,101,25,6744,3974,29,58724,168401,47025,109038,0.3013206,0.6986794,I,16,Innate lymphoid cell,60,23,2,2,2_5,DC
I-7217,all,24,19,7031,5357,23,36607,0,0,0,0,0,I,4,CD8+ T cell,43,20,2,2,2_2,InflamMac
I-7220,all,13,13,7269,4196,15,12502,0,0,0,0,0,I,2,Endothelial progenitor cell,28,13,5,5,5_3,Pericyte
I-7224,all,44,29,7168,5343,35,47149,0,0,0,0,0,I,4,Sox9+/Id2+ epithelial cell,44,29,2,2,2_3,Vein
I-7225,all,91,39,6082,3880,30,56414,36767,0,36767,0,1,I,10,Vascular smooth muscle cell,63,38,5,5,5_3,Pericyte
I-7228,all,101,34,6069,5445,24,93821,0,0,0,0,0,I,40,Alveolar type 2 cell,56,27,1,1,1_1,AT2
I-7231,all,68,37,6892,4966,24,68360,0,0,0,0,0,I,8,Alveolar type 1 cell,59,37,2,2,2_6,pDC
I-7233,all,39,26,7264,4420,26,38011,0,0,0,0,0,I,3,B cell,41,26,9,9,9,Bcell
I-7234,all,57,27,7320,4413,21,55667,0,0,0,0,0,I,2,Sox9+/Id2+ epithelial cell,54,27,2,2,2_3,Vein
I-7235,all,52,27,7309,5300,15,50449,0,0,0,0,0,I,5,Alveolar fibroblast 2,52,27,3,3,3_3,AdventitialFib
I-7237,all,61,14,5871,3859,28,20584,20888,20751,6598,0.758748,0.241252,I,7,Alveolar type 2 cell,52,14,1,1,1_3,AT2
I-7240,all,17,11,6032,5491,41,12208,0,0,0,0,0,I,7,Alveolar type 1 cell,35,11,6,6,6,AT1
I-7242,all,78,41,6828,4123,30,63318,0,0,0,0,0,I,5,Capillary 1 cell,57,41,9,9,9,Bcell
I-7243,all,116,52,6733,4019,29,134215,1351,1031,320,0.7631384,0.2368616,I,6,Natural killer cell,45,24,7,7,7_2,PatrolMac
I-7244,all,67,45,7222,4232,25,70990,0,0,0,0,0,I,6,Alveolar fibroblast 1,59,47,2,2,2_5,DC
I-7251,all,82,34,6932,3909,34,70289,38946,14512,16472,0.4683708,0.5316292,I,7,Ciliated cell,61,35,1,1,1_6_2,Neutrophil
I-7254,all,40,24,6570,5445,13,60450,0,0,0,0,0,I,4,Alveolar type 1 cell,43,24,6,6,6,AT1
I-7256,all,79,35,6145,4143,31,53508,0,0,0,0,0,I,31,Alveolar type 2 cell,56,35,2,2,2_6,pDC
I-7257,all,15,10,7315,4360,28,36040,0,0,0,0,0,I,6,Innate lymphoid cell,35,12,2,2,2_5,DC
I-7258,all,46,25,7259,4357,22,43028,0,0,0,0,0,I,4,Natural killer cell,50,26,2,2,2_2,InflamMac
I-7259,all,83,39,6868,5543,18,111471,0,0,0,0,0,I,12,Sox9+/Id2+ epithelial cell,60,39,2,2,2_3,Vein
I-7261,all,88,37,7243,4402,23,75308,0,0,0,0,0,I,5,Sox9+/Id2+ epithelial cell,60,37,2,2,2_6,pDC
I-7262,all,66,36,7182,4240,9,38628,0,0,0,0,0,I,4,Alveolar type 1 cell,60,36,6,6,6,AT1
I-7264,all,96,43,6148,4712,31,68616,0,0,0,0,0,I,8,Capillary 2 cell,59,38,2,2,2_2,InflamMac
I-7265,all,54,15,5926,4246,13,34631,0,0,0,0,0,I,25,Sox9+/Id2+ epithelial cell,49,15,1,1,1_1,AT2
I-7268,all,57,29,7201,3875,21,56229,28933,16901,22466,0.429319,0.570681,I,4,Mesothelial cell,54,29,3,3,3_3,AdventitialFib
I-7269,all,39,25,6237,5136,31,59460,0,0,0,0,0,I,9,Proliferative mesenchymal progenitor cell,42,25,7,7,7_3,Tcell (CD8)
I-7270,all,39,30,5734,4914,18,106415,0,0,0,0,0,I,6,Sox9+/Id2+ epithelial cell,41,30,2,2,2_3,Vein
I-7271,all,28,20,5975,5161,18,25331,0,0,0,0,0,I,5,Alveolar type 1 cell,37,21,2,2,2_2,InflamMac
I-7274,all,150,38,5920,4904,19,96672,124,0,124,0,1,I,76,Alveolar type 2 cell,48,18,1,1,1_1,AT2
I-7275,all,34,20,6400,5122,11,43274,0,0,0,0,0,I,2,B cell,41,21,1,1,1_5_2,AlveolarFib
I-7277,all,69,35,7224,3910,33,67843,50798,946,49852,0.01862278,0.9813772,I,7,B cell,58,35,9,9,9,Bcell
I-7282,all,83,42,7178,3872,20,82392,11760,1326,0,1,0,I,2,Natural killer cell,59,43,2,2,2_2,InflamMac
I-7283,all,39,17,7359,5612,16,46186,0,0,0,0,0,I,24,Alveolar type 2 cell,44,17,1,1,1_1,AT2
I-7285,all,41,26,6958,4118,26,61821,0,0,0,0,0,I,3,Natural killer cell,43,27,2,2,2_2,InflamMac
I-7291,all,49,13,5622,5524,9,29419,0,0,0,0,0,I,38,Alveolar type 2 cell,48,13,1,1,1_3,AT2
I-7295,all,48,30,6918,4933,10,43083,0,0,0,0,0,I,2,Innate lymphoid cell,52,31,1,1,1_6_2,Neutrophil
I-7297,all,62,18,5642,3978,20,65099,0,0,0,0,0,I,39,Alveolar type 2 cell,53,18,1,1,1_1,AT2
I-7298,all,87,33,6857,4001,21,65187,1453,528,818,0.3922734,0.6077266,I,3,T regulatory cell,60,33,1,1,1_6_2,Neutrophil
I-7300,all,225,47,6759,5553,12,106410,0,0,0,0,0,I,141,Alveolar type 2 cell,46,18,1,1,1_1,AT2
I-7302,all,42,22,7061,5405,20,53681,0,0,0,0,0,I,10,Alveolar fibroblast 1,44,22,1,1,1_5_2,AlveolarFib
I-7305,all,27,17,6273,3868,7,18240,0,0,0,0,0,I,4,Alveolar macrophage,42,17,8,8,8_1,AlveolarMac
I-7306,all,49,31,6476,4598,18,109699,51,51,0,1,0,I,14,Innate lymphoid cell,49,31,7,7,7_4,PatrolMac
I-7308,all,8,4,7392,4442,4,9040,0,0,0,0,0,I,4,Sox9+/Id2+ epithelial cell,33,6,1,1,1_1,AT2
I-7311,all,87,52,5624,5026,19,79468,0,0,0,0,0,I,18,Sox9+/Id2+ epithelial cell,62,51,6,6,6,AT1
I-7312,all,12,11,6352,4736,38,16349,0,0,0,0,0,I,3,Alveolar type 1 cell,29,12,1,1,1_4_1,AlveolarFib
I-7313,all,40,23,7313,5649,20,57818,0,0,0,0,0,I,12,Alveolar type 2 cell,43,23,7,7,7_2,PatrolMac
I-7315,all,109,30,6154,4774,36,55728,0,0,0,0,0,I,63,Sox9+/Id2+ epithelial cell,54,22,1,1,1_1,AT2
I-7316,all,67,26,6663,3908,11,37798,181,0,181,0,1,I,7,Secondary crest myofibroblast,57,27,3,3,3_1,SMC
I-7317,all,76,36,7054,4166,10,46216,0,0,0,0,0,I,6,Sox9+/Id2+ epithelial cell,59,36,2,2,2_3,Vein
I-7318,all,63,35,6755,3881,11,36221,0,0,0,0,0,I,6,Pericyte,55,35,8,8,8_1,AlveolarMac
I-7322,all,66,30,6718,5665,23,92920,0,0,0,0,0,I,10,AT1/AT2,55,30,6,6,6,AT1
I-7323,all,59,34,7287,4255,13,52535,0,0,0,0,0,I,6,B cell,55,34,3,3,3_6,SCMF
I-7329,all,110,33,7320,4871,29,103334,0,0,0,0,0,I,46,Alveolar type 2 cell,51,26,1,1,1_1,AT2
I-7330,all,40,25,7103,4127,36,43873,0,0,0,0,0,I,2,Venous endothelial cell,44,25,2,2,2_3,Vein
I-7332,all,206,65,7078,3923,21,125156,3176,749,2427,0.2358312,0.7641688,I,17,Alveolar macrophage,54,30,8,8,8_1,AlveolarMac
I-7333,all,115,40,6518,3949,25,84976,1461,863,598,0.5906913,0.4093087,I,15,Endothelial progenitor cell,49,22,2,2,2_6,pDC
I-7334,all,26,19,7261,5663,24,27679,0,0,0,0,0,I,8,Sox9+/Id2+ epithelial cell,49,19,2,2,2_3,Vein
I-7335,all,64,41,7260,4229,21,76328,0,0,0,0,0,I,2,Innate lymphoid cell,58,42,1,1,1_6_2,Neutrophil
I-7336,all,47,23,7128,4814,23,63710,0,0,0,0,0,I,10,Sox9+/Id2+ epithelial cell,47,23,6,6,6,AT1
I-7338,all,111,48,6959,3837,20,91140,41251,0,38967,0,1,I,18,Natural killer cell,51,29,7,7,7_2,PatrolMac
I-7341,all,25,18,6279,3900,7,12114,0,0,0,0,0,I,2,Natural killer cell,42,18,8,8,8_2,InterstitialMac
I-7342,all,25,19,7387,5654,31,45328,0,0,0,0,0,I,4,Endothelial progenitor cell,44,19,2,2,2_3,Vein
I-7343,all,38,19,7344,4257,30,36627,0,0,0,0,0,I,2,B cell,43,20,2,2,2_2,InflamMac
I-7345,all,99,39,6420,4786,18,50374,0,0,0,0,0,I,3,Alveolar type 1 cell,57,36,6,6,6,AT1
I-7346,all,111,37,6779,4694,10,55089,0,0,0,0,0,I,44,Alveolar type 2 cell,46,23,1,1,1_1,AT2
I-7347,all,26,15,6222,4826,30,27776,0,0,0,0,0,I,7,Sox9+/Id2+ epithelial cell,44,15,2,2,2_1,Capillary
I-7348,all,34,5,7133,3992,41,21450,40097,27932,12165,0.6966107,0.3033893,I,15,Sox9+/Id2+ epithelial cell,44,5,1,1,1_3,AT2
I-7350,all,59,36,6446,4877,29,46024,0,0,0,0,0,I,4,Alveolar fibroblast 1,58,37,1,1,1_5_2,AlveolarFib
I-7355,all,34,25,6229,3902,14,22537,51,51,0,1,0,I,6,Innate lymphoid cell,40,27,2,2,2_5,DC
I-7357,all,246,32,5907,3843,22,78722,131772,76259,49052,0.6085579,0.3914421,I,24,Alveolar fibroblast 1,56,8,1,1,1_6_2,Neutrophil
I-7360,all,53,30,6738,4991,7,31761,0,0,0,0,0,I,2,Natural killer cell,52,30,7,7,7_2,PatrolMac
I-7362,all,32,21,7331,4383,28,38946,0,0,0,0,0,I,7,Sox9+/Id2+ epithelial cell,39,21,2,2,2_3,Vein
I-7363,all,107,46,7204,5297,23,118843,0,0,0,0,0,I,30,B cell,54,33,2,2,2_6,pDC
I-7364,all,74,24,5783,4275,30,57523,0,0,0,0,0,I,37,Sox9+/Id2+ epithelial cell,54,24,1,1,1_1,AT2
I-7369,all,73,38,7010,5382,21,49527,0,0,0,0,0,I,5,Alveolar fibroblast 1,56,38,2,2,2_6,pDC
I-7370,all,111,53,7238,4184,22,97690,0,0,0,0,0,I,7,B cell,50,29,7,7,7_3,Tcell (CD8)
I-7371,all,157,54,6783,3959,19,132974,8421,0,7609,0,1,I,19,Neutrophil,49,25,1,1,1_5_2,AlveolarFib
I-7372,all,131,42,6549,4023,20,68837,18942,4536,8297,0.3534637,0.6465363,I,9,Alveolar type 2 cell,51,23,1,1,1_6_2,Neutrophil
I-7373,all,68,35,6229,4486,33,63800,0,0,0,0,0,I,6,Capillary 1 cell,56,35,2,2,2_3,Vein
I-7374,all,209,43,7171,4848,15,124329,0,0,0,0,0,I,136,Alveolar type 2 cell,45,14,1,1,1_3,AT2
I-7375,all,109,47,6033,5101,13,71873,54,0,54,0,1,I,6,Capillary 1 cell,53,32,2,2,2_3,Vein
I-7378,all,65,31,6959,4719,17,54822,0,0,0,0,0,I,22,Sox9+/Id2+ epithelial cell,57,31,6,6,6,AT1
I-7381,all,91,47,7031,4751,16,75524,0,0,0,0,0,I,30,Pericyte,62,45,5,5,5_3,Pericyte
I-7382,all,22,15,5915,5493,30,23107,0,0,0,0,0,I,2,Alveolar type 2 cell,42,16,2,2,2_2,InflamMac
I-7385,all,30,20,5602,4028,13,72165,0,0,0,0,0,I,5,Pericyte,38,20,5,5,5_1,Pericyte
I-7386,all,165,35,7069,3838,24,128511,790942,210809,589004,0.2635729,0.7364271,I,27,B cell,52,12,1,1,1_3,AT2
I-7390,all,108,41,7243,5270,19,82282,0,0,0,0,0,I,43,Sox9+/Id2+ epithelial cell,49,24,1,1,1_1,AT2
I-7391,all,85,33,6929,4132,24,72359,51,0,0,0,0,I,9,Pericyte,58,33,5,5,5_3,Pericyte
I-7392,all,60,40,6224,5674,26,76746,0,0,0,0,0,I,17,Interstitial macrophage,59,40,7,7,7_4,PatrolMac
I-7393,all,14,5,6194,5603,23,13969,0,0,0,0,0,I,11,Sox9+/Id2+ epithelial cell,40,5,3,3,3_4,AdventitialFib
I-7397,all,114,40,6114,3900,26,71499,37818,1183,36010,0.03180706,0.9681929,I,13,Inflammatory monocyte,48,20,1,1,1_6_2,Neutrophil
I-7398,all,19,16,7159,3956,35,21606,0,0,0,0,0,I,3,T regulatory cell,39,17,1,1,1_6_2,Neutrophil
I-7399,all,30,22,5750,4306,20,67682,0,0,0,0,0,I,2,Natural killer cell,40,23,2,2,2_2,InflamMac
I-7400,all,139,41,6487,3979,24,82912,652,0,652,0,1,I,8,Inflammatory monocyte,51,16,2,2,2_6,pDC
I-7404,all,25,9,6025,5439,35,17289,0,0,0,0,0,I,17,Alveolar type 2 cell,45,9,1,1,1_1,AT2
I-7408,all,46,24,6295,4255,25,35937,0,0,0,0,0,I,3,Alveolar type 1 cell,46,24,6,6,6,AT1
I-7409,all,50,29,6274,4234,26,40694,0,0,0,0,0,I,3,Pericyte,50,29,5,5,5_1,Pericyte
I-7411,all,83,27,6990,4753,11,45791,0,0,0,0,0,I,51,Sox9+/Id2+ epithelial cell,55,27,1,1,1_1,AT2
I-7413,all,9,7,5868,5479,20,22603,0,0,0,0,0,I,2,Natural killer cell,30,8,2,2,2_2,InflamMac
I-7414,all,28,23,6493,4371,15,29294,0,0,0,0,0,I,4,Capillary 1 cell,45,23,2,2,2_3,Vein
I-7419,all,17,10,6515,4706,9,21953,0,0,0,0,0,I,2,Capillary 1 cell,36,10,2,2,2_3,Vein
I-7421,all,116,30,6195,4807,31,58661,0,0,0,0,0,I,83,Alveolar type 2 cell,45,13,1,1,1_1,AT2
I-7422,all,16,9,7355,5335,10,19163,0,0,0,0,0,I,2,Mesothelial cell,33,9,3,3,3_3,AdventitialFib
I-7423,all,88,16,5983,4232,11,31594,91154,48872,12160,0.8007603,0.1992397,I,53,Alveolar type 2 cell,56,16,1,1,1_1,AT2
I-7428,all,151,43,6173,4129,23,104197,1643,50,1593,0.03043214,0.9695679,I,58,Alveolar type 2 cell,50,25,2,2,2_2,InflamMac
I-7431,all,37,24,7007,4721,10,25481,0,0,0,0,0,I,6,Inflammatory monocyte,40,24,8,8,8_2,InterstitialMac
I-7432,all,20,9,6224,4756,19,37489,0,0,0,0,0,I,12,B cell,41,9,1,1,1_1,AT2
I-7435,all,93,37,7143,4427,13,68667,0,0,0,0,0,I,5,Inflammatory monocyte,58,32,2,2,2_5,DC
I-7440,all,8,7,6670,4993,8,9794,0,0,0,0,0,I,2,B cell,28,9,2,2,2_6,pDC
I-7441,all,57,25,7326,4977,21,44508,0,0,0,0,0,I,19,Alveolar type 2 cell,53,25,1,1,1_3,AT2
I-7447,all,62,37,7234,3853,28,69419,67328,0,67277,0,1,I,2,Alveolar type 2 cell,59,38,1,1,1_6_2,Neutrophil
I-7449,all,35,21,5809,4222,27,36802,0,0,0,0,0,I,4,B cell,43,21,2,2,2_6,pDC
I-7452,all,15,10,5732,5066,40,26440,0,0,0,0,0,I,2,Capillary 1 cell,35,10,2,2,2_3,Vein
I-7455,all,25,9,7179,5265,13,18310,0,0,0,0,0,I,14,Alveolar type 2 cell,44,9,1,1,1_1,AT2
I-7457,all,63,34,5704,3908,12,96197,0,0,0,0,0,I,6,Endothelial progenitor cell,56,34,2,2,2_3,Vein
I-7459,all,44,19,6221,4783,26,35677,0,0,0,0,0,I,26,Alveolar type 2 cell,46,19,2,2,2_6,pDC
I-7464,all,33,23,6160,5566,32,36972,0,0,0,0,0,I,9,Pericyte,40,23,5,5,5_3,Pericyte
I-7466,all,17,15,7358,4950,20,29793,0,0,0,0,0,I,2,Sox9+/Id2+ epithelial cell,36,15,2,2,2_3,Vein
I-7469,all,54,26,7040,7114,12,40800,0,0,0,0,0,I,3,Natural killer cell,52,26,7,7,7_2,PatrolMac
I-7470,all,181,60,5808,6528,17,110121,151,151,0,1,0,I,25,Endothelial progenitor cell,51,25,8,8,8_1,AlveolarMac
I-7472,all,302,39,7282,6306,20,94383,44774,42523,2251,0.9497253,0.05027471,I,163,Alveolar type 2 cell,52,12,1,1,1_3,AT2
I-7473,all,86,39,7221,7347,20,56735,1125,0,1125,0,1,I,9,Pericyte,60,39,5,5,5_3,Pericyte
I-7474,all,48,29,6684,6514,26,44459,0,0,0,0,0,I,8,Mesothelial cell,48,29,3,3,3_4,AdventitialFib
I-7475,all,50,24,6900,5754,16,42808,0,0,0,0,0,I,5,Sox9+/Id2+ epithelial cell,53,25,1,1,1_4_1,AlveolarFib
I-7476,all,66,21,7270,7224,37,27572,19380,5416,13964,0.2794634,0.7205366,I,3,Neutrophil,55,21,1,1,1_6_2,Neutrophil
I-7477,all,95,45,6478,7159,21,60124,424,52,372,0.1226415,0.8773585,I,20,Inflammatory monocyte,63,45,7,7,7_2,PatrolMac
I-7478,all,89,36,7360,7501,25,53214,590,529,590,0.4727435,0.5272565,I,4,Innate lymphoid cell,62,35,1,1,1_6_2,Neutrophil
I-7479,all,90,34,6479,6789,23,47686,26702,0,26702,0,1,I,7,Alveolar fibroblast 1,59,34,1,1,1_3,AT2
I-7480,all,19,15,6515,7435,9,24930,1706,0,1706,0,1,I,8,Alveolar fibroblast 1,41,16,3,3,3_1,SMC
I-7483,all,43,27,7367,6219,32,47940,0,0,0,0,0,I,2,Venous endothelial cell,43,27,2,2,2_3,Vein
I-7485,all,48,22,7064,6522,7,28982,311,207,104,0.6655949,0.3344051,I,5,Alveolar macrophage,48,22,8,8,8_1,AlveolarMac
I-7486,all,110,52,6535,6794,21,88784,692,0,692,0,1,I,24,Alveolar fibroblast 1,57,40,2,2,2_1,Capillary
I-7487,all,68,33,6158,6445,19,72656,0,0,0,0,0,I,17,Capillary 1 cell,57,33,2,2,2_1,Capillary
I-7490,all,47,29,6009,6728,32,68081,0,0,0,0,0,I,21,Arterial endothelial cell,44,29,2,2,2_1,Capillary
I-7491,all,12,6,5670,5849,19,42697,0,0,0,0,0,I,6,Natural killer cell,29,7,2,2,2_2,InflamMac
I-7492,all,86,30,7374,7529,15,42621,24116,4559,19028,0.1932844,0.8067156,I,11,Endothelial progenitor cell,60,30,3,3,3_3,AdventitialFib
I-7494,all,43,20,7048,6655,12,24666,0,0,0,0,0,I,4,CD4+ T cell,45,20,1,1,1_2_1,Tcell (CD4)
I-7499,all,70,16,7024,6826,13,37026,11165,2895,8320,0.2581364,0.7418636,I,2,Sox9+/Id2+ epithelial cell,54,17,1,1,1_6_2,Neutrophil
I-7500,all,33,17,7115,6305,22,48028,0,0,0,0,0,I,3,Endothelial progenitor cell,43,17,2,2,2_3,Vein
I-7501,all,73,41,6916,5705,17,56530,0,0,0,0,0,I,13,Pericyte,54,41,5,5,5_3,Pericyte
I-7503,all,74,43,6576,7117,27,72088,1960,0,1960,0,1,I,14,Pericyte,61,43,5,5,5_3,Pericyte
I-7504,all,60,33,7387,6338,32,76928,6458,2042,4416,0.316197,0.683803,I,9,Inflammatory monocyte,56,33,2,2,2_6,pDC
I-7505,all,58,11,5617,6721,34,32279,0,0,0,0,0,I,40,Alveolar type 2 cell,51,11,1,1,1_1,AT2
I-7507,all,43,28,6550,5804,35,45670,0,0,0,0,0,I,6,B cell,45,29,1,1,1_4_1,AlveolarFib
I-7509,all,79,40,6145,6752,28,89261,0,0,0,0,0,I,16,Arterial endothelial cell,59,40,2,2,2_4,Artery
I-7511,all,40,25,6433,6990,35,28882,0,0,0,0,0,I,12,CD8+ T cell,43,25,7,7,7_2,PatrolMac
I-7512,all,18,10,6257,6062,9,40660,0,0,0,0,0,I,8,Endothelial progenitor cell,39,11,2,2,2_2,InflamMac
I-7513,all,62,22,6029,6359,14,41595,0,0,0,0,0,I,37,Alveolar type 2 cell,54,22,1,1,1_1,AT2
I-7514,all,183,46,6774,7106,22,46900,512735,435698,152158,0.7411645,0.2588355,I,52,Alveolar type 2 cell,50,15,1,1,1_3,AT2
I-7515,all,45,27,5592,6669,28,81053,0,0,0,0,0,I,15,Capillary 1 cell,43,27,2,2,2_1,Capillary
I-7517,all,343,36,6540,6651,23,94281,350705,279853,70852,0.7979727,0.2020273,I,144,Alveolar type 2 cell,53,7,1,1,1_1,AT2
I-7518,all,100,36,7394,6658,22,69317,183792,265,183577,0.001441455,0.9985585,I,19,Sox9+/Id2+ epithelial cell,58,27,2,2,2_2,InflamMac
I-7519,all,196,42,7056,6923,33,60744,59791,24635,38979,0.3872575,0.6127425,I,55,Alveolar type 2 cell,54,17,1,1,1_3,AT2
I-7520,all,18,13,6366,6890,13,34001,0,0,0,0,0,I,6,Arterial endothelial cell,36,13,2,2,2_1,Capillary
I-7521,all,142,34,6508,7277,25,100923,386,211,175,0.5466321,0.4533679,I,4,Neutrophil,52,15,2,2,2_3,Vein
I-7522,all,56,33,7399,6571,15,37153,0,0,0,0,0,I,6,CD8+ T cell,55,34,3,3,3_5,SMC
I-7523,all,49,25,6314,5911,22,80284,0,0,0,0,0,I,8,Natural killer cell,48,24,2,2,2_1,Capillary
I-7524,all,112,56,5862,6627,34,82280,0,0,0,0,0,I,17,Interstitial macrophage,48,26,8,8,8_2,InterstitialMac
I-7525,all,156,26,7116,6121,19,51767,129497,144690,6635,0.956154,0.04384603,I,69,Alveolar type 2 cell,51,12,1,1,1_3,AT2
I-7526,all,109,44,7396,7454,25,73742,0,0,0,0,0,I,7,Neutrophil,64,40,3,3,3_3,AdventitialFib
I-7527,all,58,32,6112,6891,23,38578,1197,0,1197,0,1,I,11,Alveolar fibroblast 1,55,33,3,3,3_5,SMC
I-7528,all,35,21,6257,6145,13,54501,0,0,0,0,0,I,8,Capillary 1 cell,40,21,1,1,1_5_4,pDC
I-7529,all,112,35,7326,6681,23,61486,137580,15617,124587,0.1113877,0.8886123,I,5,Alveolar fibroblast 1,52,22,1,1,1_4_1,AlveolarFib
I-7531,all,21,19,6755,5852,22,38815,0,0,0,0,0,I,4,Capillary 1 cell,41,19,2,2,2_1,Capillary
I-7532,all,27,16,5712,5858,15,39031,0,0,0,0,0,I,8,B cell,40,17,3,3,3_5,SMC
I-7533,all,45,23,7255,5953,37,48981,0,0,0,0,0,I,4,Proliferative mesenchymal progenitor cell,46,24,3,3,3_1,SMC
I-7536,all,136,42,6288,6606,23,66606,0,0,0,0,0,I,20,Alveolar type 1 cell,43,16,6,6,6,AT1
I-7537,all,136,46,6657,6112,21,93394,0,0,0,0,0,I,18,Secondary crest myofibroblast,48,25,5,5,5_3,Pericyte
I-7538,all,53,25,6244,5721,29,59235,0,0,0,0,0,I,17,Capillary 1 cell,52,25,2,2,2_3,Vein
I-7539,all,24,20,6498,6385,11,24561,694,0,694,0,1,I,4,Innate lymphoid cell,45,20,7,7,7_2,PatrolMac
I-7540,all,13,6,6708,5797,13,26187,0,0,0,0,0,I,8,B cell,29,6,9,9,9,Bcell
I-7541,all,121,42,7246,7454,21,79272,113855,32524,81331,0.2856616,0.7143384,I,37,Alveolar type 2 cell,45,21,3,3,3_4,AdventitialFib
I-7545,all,74,41,6553,5692,32,70649,0,0,0,0,0,I,19,Pericyte,56,41,5,5,5_1,Pericyte
I-7546,all,19,9,6683,5855,16,32509,0,0,0,0,0,I,8,Alveolar type 2 cell,40,9,1,1,1_1,AT2
I-7547,all,18,15,6946,6761,16,12014,0,0,0,0,0,I,2,Inflammatory monocyte,36,15,3,3,3_4,AdventitialFib
I-7548,all,54,20,7330,7044,20,30117,40061,8902,35630,0.1999012,0.8000988,I,14,Sox9+/Id2+ epithelial cell,52,21,3,3,3_2,SMC
I-7549,all,61,22,7298,7033,15,24104,16109,0,16109,0,1,I,5,B cell,55,22,5,5,5_3,Pericyte
I-7550,all,57,24,7313,6420,14,38853,0,0,0,0,0,I,4,Pericyte,53,24,5,5,5_3,Pericyte
I-7551,all,81,38,6171,6707,26,102230,0,0,0,0,0,I,15,Arterial endothelial cell,57,38,2,2,2_4,Artery
I-7552,all,74,42,6381,6429,10,42690,0,0,0,0,0,I,11,Venous endothelial cell,58,42,2,2,2_1,Capillary
I-7559,all,44,29,6427,6424,10,37945,53,53,0,1,0,I,7,Pericyte,44,29,5,5,5_1,Pericyte
I-7560,all,171,45,7210,6873,25,83798,15010,1473,12880,0.1026266,0.8973734,I,5,B cell,54,25,1,1,1_6_2,Neutrophil
I-7562,all,36,16,6218,6189,20,42624,0,0,0,0,0,I,4,Capillary 1 cell,42,15,2,2,2_1,Capillary
I-7563,all,150,67,6191,6827,31,99008,0,0,0,0,0,I,35,Arterial endothelial cell,47,34,2,2,2_4,Artery
I-7567,all,139,52,6600,7160,11,66324,9710,0,9710,0,1,I,18,Interstitial macrophage,50,26,8,8,8_2,InterstitialMac
I-7569,all,56,33,6298,6783,25,71805,0,0,0,0,0,I,17,B cell,55,33,9,9,9,Bcell
I-7570,all,87,34,7358,7062,27,57642,112406,5327,103178,0.04909451,0.9509055,I,16,Sox9+/Id2+ epithelial cell,63,35,3,3,3_5,SMC
I-7571,all,67,35,7229,5863,32,39502,0,0,0,0,0,I,9,Alveolar fibroblast 1,57,35,1,1,1_5_2,AlveolarFib
I-7574,all,80,42,6377,6786,30,67723,53,0,53,0,1,I,24,Pericyte,57,42,5,5,5_1,Pericyte
I-7575,all,42,23,7286,6183,14,52134,0,0,0,0,0,I,9,B cell,43,23,9,9,9,Bcell
I-7577,all,32,21,6185,6194,33,50227,0,0,0,0,0,I,5,B cell,40,21,5,5,5_3,Pericyte
I-7578,all,100,39,7064,6625,13,57612,0,0,0,0,0,I,7,Capillary 2 cell,61,37,2,2,2_3,Vein
I-7579,all,71,42,6234,5772,33,42269,0,0,0,0,0,I,7,Alveolar type 1 cell,58,42,6,6,6,AT1
I-7581,all,81,40,7339,7127,19,69738,1738,0,1738,0,1,I,18,Innate lymphoid cell,58,40,2,2,2_1,Capillary
I-7582,all,29,18,7237,5717,24,27218,0,0,0,0,0,I,7,Alveolar type 2 cell,40,19,2,2,2_2,InflamMac
I-7583,all,97,41,6547,6532,17,85292,52,0,52,0,1,I,10,Natural killer cell,65,40,2,2,2_6,pDC
I-7584,all,30,12,6656,7389,4,25244,0,0,0,0,0,I,10,Capillary 2 cell,41,12,2,2,2_1,Capillary
I-7585,all,75,36,6607,6083,13,58074,0,0,0,0,0,I,13,Alveolar fibroblast 1,55,37,2,2,2_2,InflamMac
I-7586,all,113,47,6968,7171,21,67973,2757,54,2703,0.01958651,0.9804135,I,11,Natural killer cell,43,26,7,7,7_3,Tcell (CD8)
I-7591,all,97,31,7039,6680,17,36464,496,0,496,0,1,I,8,B cell,57,26,3,3,3_2,SMC
I-7592,all,122,48,7074,7129,21,77663,0,0,0,0,0,I,11,Inflammatory monocyte,43,23,6,6,6,AT1
I-7593,all,33,19,6224,6794,19,21038,0,0,0,0,0,I,9,Pericyte,42,20,3,3,3_5,SMC
I-7594,all,103,30,7219,7311,28,53159,0,0,0,0,0,I,6,Innate lymphoid cell,61,27,1,1,1_5_2,AlveolarFib
I-7595,all,184,69,6228,6344,24,103981,260,260,0,1,0,I,36,Alveolar macrophage,52,33,8,8,8_1,AlveolarMac
I-7596,all,86,38,6125,6400,30,66564,0,0,0,0,0,I,34,Arterial endothelial cell,59,38,2,2,2_4,Artery
I-7597,all,143,46,6685,5907,21,96052,0,0,0,0,0,I,83,Alveolar type 2 cell,46,18,2,2,2_6,pDC
I-7599,all,61,32,7328,5787,20,53803,0,0,0,0,0,I,8,Mesothelial cell,57,32,3,3,3_3,AdventitialFib
I-7602,all,28,10,6158,6258,36,30208,0,0,0,0,0,I,13,Alveolar type 2 cell,44,10,1,1,1_1,AT2
I-7603,all,89,48,7301,6145,20,105846,0,0,0,0,0,I,19,Capillary 1 cell,61,47,9,9,9,Bcell
I-7604,all,30,16,7055,6210,36,61413,0,0,0,0,0,I,2,Neutrophil,40,16,1,1,1_6_2,Neutrophil
I-7605,all,114,24,6143,6545,23,75081,0,0,0,0,0,I,92,Alveolar type 2 cell,49,10,1,1,1_3,AT2
I-7606,all,25,14,6201,6393,7,22496,0,0,0,0,0,I,8,Capillary 1 cell,44,14,2,2,2_1,Capillary
I-7608,all,62,31,6089,6397,29,73794,0,0,0,0,0,I,17,Endothelial progenitor cell,56,31,2,2,2_1,Capillary
I-7609,all,31,19,6505,6961,7,23265,0,0,0,0,0,I,14,Pericyte,40,19,3,3,3_2,SMC
I-7611,all,41,25,7070,6308,36,61656,0,0,0,0,0,I,4,Endothelial progenitor cell,43,25,2,2,2_6,pDC
I-7612,all,10,4,6296,6908,35,10670,9158,2654,6504,0.2898013,0.7101987,I,3,Sox9+/Id2+ epithelial cell,32,5,3,3,3_2,SMC
I-7613,all,40,27,5940,6622,34,57904,0,0,0,0,0,I,12,Vascular smooth muscle cell,43,27,3,3,3_6,SCMF
I-7614,all,255,68,7091,6775,13,76823,7214,2570,5729,0.3096759,0.6903241,I,29,Alveolar type 2 cell,50,20,1,1,1_3,AT2
I-7616,all,56,25,7347,6287,22,59228,264,0,264,0,1,I,10,Alveolar fibroblast 2,53,25,5,5,5_3,Pericyte
I-7619,all,7,7,7275,7513,35,32309,104,0,104,0,1,I,2,B cell,22,10,9,9,9,Bcell
I-7620,all,58,32,7202,5806,25,59694,0,0,0,0,0,I,5,B cell,55,32,2,2,2_6,pDC
I-7621,all,125,48,7128,5712,19,72117,0,0,0,0,0,I,9,Mesothelial cell,47,24,3,3,3_1,SMC
I-7625,all,32,17,7291,7407,22,34873,1171,0,1171,0,1,I,4,Sox9+/Id2+ epithelial cell,41,17,1,1,1_5_2,AlveolarFib
I-7627,all,62,31,6805,5690,10,92989,0,0,0,0,0,I,3,Alveolar fibroblast 1,53,32,1,1,1_4_1,AlveolarFib
I-7629,all,69,30,6935,6941,28,64416,443,0,443,0,1,I,8,Sox9+/Id2+ epithelial cell,54,31,2,2,2_2,InflamMac
I-7630,all,36,22,7246,5900,33,42664,0,0,0,0,0,I,5,Alveolar type 2 cell,42,23,2,2,2_2,InflamMac
I-7632,all,36,13,6156,5746,35,18555,0,0,0,0,0,I,29,Alveolar type 2 cell,44,13,1,1,1_1,AT2
I-7633,all,48,22,7350,7358,20,43078,49899,30180,32266,0.4832976,0.5167024,I,4,Neutrophil,48,22,1,1,1_5_2,AlveolarFib
I-7635,all,56,33,6654,6544,32,72992,0,0,0,0,0,I,16,Arterial endothelial cell,53,33,7,7,7_2,PatrolMac
I-7636,all,52,24,6975,6030,14,49768,0,0,0,0,0,I,4,Capillary 1 cell,53,25,2,2,2_1,Capillary
I-7638,all,26,19,5730,6787,28,33385,0,0,0,0,0,I,3,Alveolar fibroblast 1,41,20,3,3,3_1,SMC
I-7641,all,161,49,6886,7042,31,76964,171319,17784,153535,0.1038063,0.8961937,I,18,T regulatory cell,48,19,7,7,7_2,PatrolMac
I-7643,all,103,49,7361,5718,20,104042,0,0,0,0,0,I,6,Interstitial macrophage,60,39,1,1,1_5_1,LymphaticEndo
I-7645,all,88,42,6928,5743,20,64684,0,0,0,0,0,I,11,Innate lymphoid cell,60,42,7,7,7_2,PatrolMac
I-7646,all,24,10,6154,6291,37,17413,0,0,0,0,0,I,15,Capillary 1 cell,42,11,2,2,2_3,Vein
I-7647,all,152,59,7325,5838,25,112207,0,0,0,0,0,I,13,Inflammatory monocyte,46,29,3,3,3_3,AdventitialFib
I-7648,all,100,8,6829,7077,21,25844,524109,211294,297244,0.415493,0.584507,I,11,Sox9+/Id2+ epithelial cell,56,7,1,1,1_6_2,Neutrophil
I-7651,all,122,32,7225,6089,32,46769,263568,237370,28519,0.892741,0.107259,I,45,Sox9+/Id2+ epithelial cell,47,14,2,2,2_6,pDC
I-7652,all,108,35,6514,6339,23,47791,0,0,0,0,0,I,63,Innate lymphoid cell,58,31,2,2,2_2,InflamMac
I-7654,all,266,42,7321,6773,17,72669,728832,323739,444100,0.4216235,0.5783765,I,86,AT1/AT2,55,15,1,1,1_3,AT2
I-7655,all,46,27,6601,6197,13,53457,0,0,0,0,0,I,7,Sox9+/Id2+ epithelial cell,47,28,2,2,2_2,InflamMac
I-7658,all,23,13,7327,5689,29,19358,0,0,0,0,0,I,4,Capillary 1 cell,38,13,9,9,9,Bcell
I-7659,all,91,35,5657,6761,28,82702,0,0,0,0,0,I,50,Alveolar fibroblast 1,59,35,2,2,2_6,pDC
I-7661,all,84,26,7160,5880,9,43378,0,0,0,0,0,I,52,Alveolar type 2 cell,58,26,1,1,1_1,AT2
I-7662,all,43,20,7391,6443,11,20207,0,0,0,0,0,I,3,Interstitial macrophage,45,20,8,8,8_3,InterstitialMac
I-7663,all,90,51,7244,7286,22,67278,8788,734,8788,0.07708465,0.9229154,I,16,Endothelial progenitor cell,66,51,2,2,2_5,DC
I-7665,all,42,26,6162,6621,37,41783,0,0,0,0,0,I,12,Sox9+/Id2+ epithelial cell,44,27,2,2,2_1,Capillary
I-7667,all,56,29,6994,6172,14,78930,0,0,0,0,0,I,5,Capillary 1 cell,55,29,2,2,2_3,Vein
I-7669,all,68,36,5870,6595,28,39008,0,0,0,0,0,I,31,Interstitial macrophage,56,36,8,8,8_3,InterstitialMac
I-7670,all,41,21,7144,6552,15,20211,0,0,0,0,0,I,5,Endothelial progenitor cell,43,21,8,8,8_2,InterstitialMac
I-7671,all,88,47,6582,6057,22,90664,0,0,0,0,0,I,13,Inflammatory monocyte,64,48,2,2,2_5,DC
I-7672,all,30,17,5802,6619,29,42659,0,0,0,0,0,I,8,Neutrophil,38,17,2,2,2_6,pDC
I-7675,all,31,17,7359,5775,9,33967,0,0,0,0,0,I,4,Alveolar fibroblast 2,41,17,3,3,3_3,AdventitialFib
I-7677,all,91,42,6071,6818,29,43218,7139,5975,1164,0.836952,0.163048,I,13,Alveolar macrophage,63,41,8,8,8_1,AlveolarMac
I-7679,all,100,47,7306,7135,24,75590,52,0,52,0,1,I,9,CD4+ T cell,60,39,2,2,2_2,InflamMac
I-7682,all,63,33,7273,7393,26,46995,10648,1424,9224,0.133734,0.866266,I,10,B cell,55,34,2,2,2_2,InflamMac
I-7684,all,27,20,6936,7128,39,18780,20494,0,20494,0,1,I,9,Capillary 1 cell,44,20,2,2,2_1,Capillary
I-7687,all,100,37,6831,7285,9,41278,0,0,0,0,0,I,32,Chondrocyte,58,34,2,2,2_3,Vein
I-7688,all,44,24,6599,5997,16,59432,0,0,0,0,0,I,6,Alveolar fibroblast 1,49,26,2,2,2_5,DC
I-7689,all,60,27,6286,5935,21,73222,0,0,0,0,0,I,28,Capillary 1 cell,54,28,2,2,2_1,Capillary
I-7690,all,268,48,6679,7085,23,87078,1643300,764024,991129,0.4353034,0.5646966,I,11,B cell,54,12,9,9,9,Bcell
I-7691,all,12,8,5776,6644,30,27114,0,0,0,0,0,I,3,Pericyte,33,8,2,2,2_6,pDC
I-7692,all,18,9,6545,7427,8,9423,3477,0,3477,0,1,I,6,Sox9+/Id2+ epithelial cell,39,9,1,1,1_3,AT2
I-7694,all,101,35,7295,7343,23,77895,15442,9332,7120,0.5672259,0.4327741,I,3,Mesothelial cell,56,30,3,3,3_3,AdventitialFib
I-7695,all,22,14,7225,6317,10,29054,0,0,0,0,0,I,9,B cell,40,14,5,5,5_1,Pericyte
I-7696,all,47,23,6016,6597,13,77817,0,0,0,0,0,I,22,Capillary 1 cell,48,24,2,2,2_1,Capillary
I-7699,all,127,49,6079,6753,29,82334,0,0,0,0,0,I,20,Alveolar fibroblast 1,45,26,6,6,6,AT1
I-7700,all,275,47,6794,6438,20,89821,63553,61683,1870,0.9705757,0.02942426,I,117,Alveolar type 2 cell,53,13,1,1,1_3,AT2
I-7704,all,8,4,6535,7452,7,10331,0,0,0,0,0,I,5,Alveolar macrophage,21,6,8,8,8_1,AlveolarMac
I-7705,all,157,37,6162,6371,23,78732,0,0,0,0,0,I,107,Alveolar type 2 cell,48,16,1,1,1_1,AT2
I-7706,all,60,16,6377,5827,31,32123,0,0,0,0,0,I,49,Alveolar type 2 cell,51,16,1,1,1_3,AT2
I-7708,all,43,23,7276,6410,18,44250,0,0,0,0,0,I,5,Endothelial progenitor cell,44,23,9,9,9,Bcell
I-7710,all,21,14,6415,6955,38,20126,0,0,0,0,0,I,9,Capillary 1 cell,39,15,2,2,2_1,Capillary
I-7711,all,71,34,7264,6552,16,96448,0,0,0,0,0,I,9,Capillary 1 cell,54,34,2,2,2_1,Capillary
I-7712,all,67,29,7132,6252,24,58738,0,0,0,0,0,I,5,Inflammatory monocyte,57,29,7,7,7_2,PatrolMac
I-7713,all,47,28,7300,5755,38,32394,0,0,0,0,0,I,9,Alveolar type 1 cell,47,28,6,6,6,AT1
I-7714,all,156,62,7321,6320,24,119042,0,0,0,0,0,I,30,Alveolar type 2 cell,46,29,2,2,2_2,InflamMac
I-7715,all,35,20,6320,5869,20,28324,0,0,0,0,0,I,6,T regulatory cell,40,21,1,1,1_6_2,Neutrophil
I-7717,all,36,20,7111,7153,24,14455,0,0,0,0,0,I,3,Capillary 1 cell,40,20,3,3,3_3,AdventitialFib
I-7718,all,221,75,7022,6891,24,117183,44270,8720,32276,0.2127037,0.7872963,I,43,Alveolar type 2 cell,49,27,2,2,2_1,Capillary
I-7719,all,262,44,6913,7169,21,74610,408830,173353,246979,0.4124192,0.5875808,I,66,Alveolar type 2 cell,52,10,1,1,1_3,AT2
I-7720,all,105,52,6582,5765,29,74288,0,0,0,0,0,I,13,Alveolar type 1 cell,56,39,6,6,6,AT1
I-7722,all,39,28,6861,6456,20,32513,0,0,0,0,0,I,5,Pulmonary neuroendocrine cell,41,28,2,2,2_6,pDC
I-7723,all,79,29,7126,7004,30,88406,405,0,405,0,1,I,5,Capillary 2 cell,54,29,2,2,2_6,pDC
I-7725,all,37,18,6244,5978,36,37715,0,0,0,0,0,I,17,Pericyte,43,18,5,5,5_3,Pericyte
I-7727,all,55,29,6404,6458,12,50342,453,0,453,0,1,I,8,Pericyte,54,29,5,5,5_1,Pericyte
I-7728,all,79,23,6810,7063,18,30016,72354,17976,49521,0.2663229,0.7336771,I,13,Sox9+/Id2+ epithelial cell,55,23,1,1,1_3,AT2
I-7729,all,41,23,7250,6068,39,23468,524,0,109,0,1,I,10,Sox9+/Id2+ epithelial cell,44,23,1,1,1_3,AT2
I-7730,all,222,40,7356,6624,23,72836,511195,145005,411615,0.2605099,0.7394901,I,14,B cell,59,17,8,8,8_1,AlveolarMac
I-7732,all,61,22,6829,7036,15,30089,41873,2505,39266,0.05996984,0.9400302,I,15,Alveolar type 1 cell,53,22,6,6,6,AT1
I-7734,all,89,31,7076,6163,23,58685,101,2340,101,0.9586235,0.04137649,I,3,T regulatory cell,59,32,1,1,1_6_2,Neutrophil
I-7736,all,85,41,7249,6168,29,100806,0,0,0,0,0,I,9,Alveolar fibroblast 1,60,41,1,1,1_5_2,AlveolarFib
I-7738,all,71,23,6885,7110,37,36599,61225,40742,22138,0.6479326,0.3520674,I,2,Natural killer cell,54,24,2,2,2_2,InflamMac
I-7739,all,86,22,6349,5848,21,44529,0,0,0,0,0,I,63,Alveolar type 2 cell,56,22,1,1,1_1,AT2
I-7740,all,269,33,6958,6376,19,98939,323344,324971,15842,0.953517,0.04648297,I,133,Alveolar type 2 cell,52,7,1,1,1_3,AT2
I-7742,all,26,15,7391,7146,26,21464,0,0,0,0,0,I,4,CD8+ T cell,43,16,2,2,2_2,InflamMac
I-7743,all,88,32,6988,7185,29,39533,11241,386,10855,0.03433858,0.9656614,I,4,Alveolar type 1 cell,63,33,2,2,2_2,InflamMac
I-7744,all,27,18,7330,7468,27,39375,813,0,813,0,1,I,6,Alveolar type 1 cell,42,18,6,6,6,AT1
I-7745,all,43,15,5735,6718,15,41434,0,0,0,0,0,I,12,Alveolar type 1 cell,46,15,6,6,6,AT1
I-7748,all,104,44,6219,6529,18,95674,0,0,0,0,0,I,18,AT1/AT2,58,37,3,3,3_2,SMC
I-7749,all,56,32,7166,5695,14,57395,0,0,0,0,0,I,13,AT1/AT2,55,33,2,2,2_2,InflamMac
I-7750,all,133,52,7116,6586,14,71715,0,0,0,0,0,I,12,Venous endothelial cell,49,28,8,8,8_2,InterstitialMac
I-7752,all,26,15,6326,5951,11,38811,0,0,0,0,0,I,3,Sox9+/Id2+ epithelial cell,45,15,2,2,2_1,Capillary
I-7753,all,21,9,6996,5733,28,21721,0,0,0,0,0,I,4,Sox9+/Id2+ epithelial cell,42,10,1,1,1_5_2,AlveolarFib
I-7754,all,41,14,7290,7477,34,25017,21340,1584,19756,0.0742268,0.9257732,I,13,B cell,44,14,9,9,9,Bcell
I-7755,all,22,10,5686,6702,18,31963,0,0,0,0,0,I,15,Capillary 1 cell,42,10,2,2,2_6,pDC
I-7756,all,120,26,7362,6088,12,49425,165,0,165,0,1,I,56,Alveolar type 2 cell,50,15,1,1,1_1,AT2
I-7757,all,342,57,7221,7241,21,118354,313304,129908,182662,0.4156125,0.5843875,I,157,Alveolar type 2 cell,51,14,1,1,1_3,AT2
I-7758,all,17,13,6849,7077,39,15391,862,0,862,0,1,I,3,Endothelial progenitor cell,33,14,1,1,1_6_2,Neutrophil
I-7759,all,205,64,7177,7280,21,133102,0,0,0,0,0,I,13,B cell,56,35,9,9,9,Bcell
I-7761,all,21,15,5822,6820,15,50914,0,0,0,0,0,I,10,Sox9+/Id2+ epithelial cell,38,15,2,2,2_1,Capillary
I-7762,all,81,41,7161,6086,24,89227,164,0,164,0,1,I,35,B cell,59,41,3,3,3_4,AdventitialFib
I-7763,all,107,43,7324,6739,23,86302,97572,15349,43216,0.2620849,0.7379151,I,14,Venous endothelial cell,55,31,1,1,1_3,AT2
I-7766,all,177,55,6720,6832,27,107453,61136,6093,55043,0.09966305,0.900337,I,33,Capillary 1 cell,49,22,2,2,2_1,Capillary
I-7768,all,59,27,7342,7190,29,42422,0,0,0,0,0,I,4,Capillary 1 cell,54,27,2,2,2_3,Vein
I-7769,all,125,42,7084,6956,28,85782,13641,0,13092,0,1,I,24,Inflammatory monocyte,45,18,7,7,7_2,PatrolMac
I-7772,all,104,41,7260,7339,21,75641,25359,52,24297,0.002135611,0.9978644,I,6,Capillary 1 cell,57,32,2,2,2_2,InflamMac
I-7773,all,135,39,7355,7395,24,58378,246102,111773,133942,0.4548888,0.5451112,I,4,Inflammatory monocyte,48,16,2,2,2_2,InflamMac
I-7774,all,101,38,6633,6221,16,89476,0,0,0,0,0,I,36,Alveolar type 2 cell,52,29,1,1,1_3,AT2
I-7775,all,56,28,6492,6718,38,37676,0,0,0,0,0,I,14,Capillary 2 cell,54,28,1,1,1_3,AT2
I-7778,all,171,22,7151,6458,13,67198,271106,233000,74478,0.7577778,0.2422222,I,61,Alveolar type 2 cell,53,8,1,1,1_1,AT2
I-7779,all,269,37,6545,7164,24,69620,319967,175067,159976,0.522521,0.477479,I,110,Alveolar type 2 cell,54,9,1,1,1_3,AT2
I-7781,all,15,3,6072,6326,17,15507,0,0,0,0,0,I,15,Sox9+/Id2+ epithelial cell,39,3,1,1,1_1,AT2
I-7784,all,41,20,6269,6856,13,38513,0,0,0,0,0,I,10,Capillary 1 cell,43,20,2,2,2_3,Vein
I-7785,all,68,19,7273,7024,7,21471,16907,65,16842,0.003844561,0.9961554,I,3,Secondary crest myofibroblast,55,19,5,5,5_3,Pericyte
I-7786,all,27,15,5781,6762,18,45576,0,0,0,0,0,I,4,Alveolar type 1 cell,42,16,3,3,3_1,SMC
I-7789,all,152,42,7030,7180,28,96667,52200,17726,34474,0.3395785,0.6604215,I,3,Sox9+/Id2+ epithelial cell,50,16,1,1,1_6_2,Neutrophil
I-7790,all,81,39,7363,7160,30,68650,0,0,0,0,0,I,5,Natural killer cell,63,40,2,2,2_2,InflamMac
I-7794,all,60,24,6816,7132,26,30163,13449,244,9267,0.02565451,0.9743455,I,7,Sox9+/Id2+ epithelial cell,56,25,1,1,1_6_2,Neutrophil
I-7795,all,109,30,6984,6747,13,49080,13618,0,13618,0,1,I,18,B cell,57,24,9,9,9,Bcell
I-7796,all,63,35,6246,6824,19,40310,0,0,0,0,0,I,18,Arterial endothelial cell,54,35,2,2,2_4,Artery
I-7797,all,12,9,5749,6759,28,33834,0,0,0,0,0,I,3,Capillary 1 cell,30,10,2,2,2_1,Capillary
I-7800,all,30,13,6251,6089,22,39974,0,0,0,0,0,I,5,Capillary 1 cell,41,13,2,2,2_2,InflamMac
I-7801,all,244,56,6695,7114,20,94858,813195,309222,392120,0.4409004,0.5590996,I,6,Chondrocyte,54,17,8,8,8_1,AlveolarMac
I-7802,all,138,43,7279,5874,18,101861,0,0,0,0,0,I,79,Alveolar type 2 cell,47,20,1,1,1_1,AT2
I-7803,all,182,46,7201,6125,30,86965,347620,301451,44263,0.8719664,0.1280336,I,81,Alveolar type 2 cell,53,18,1,1,1_1,AT2
I-7804,all,55,27,6617,5824,13,89207,0,0,0,0,0,I,18,Capillary 1 cell,53,27,2,2,2_3,Vein
I-7805,all,364,38,6627,6918,9,97245,2309955,1491390,818565,0.645636,0.354364,I,125,Alveolar type 2 cell,55,8,1,1,1_3,AT2
I-7807,all,37,20,7035,6708,24,15118,2978,0,2978,0,1,I,8,Sox9+/Id2+ epithelial cell,43,20,1,1,1_3,AT2
I-7808,all,16,7,7204,6198,19,41702,0,0,0,0,0,I,7,Alveolar type 2 cell,36,7,1,1,1_3,AT2
I-7809,all,91,32,7374,6551,17,64885,0,0,0,0,0,I,29,Alveolar macrophage,60,32,2,2,2_1,Capillary
I-7811,all,41,28,7002,6723,21,32283,0,0,0,0,0,I,4,Alveolar type 1 cell,43,29,1,1,1_4_1,AlveolarFib
I-7812,all,150,27,7388,6612,15,46728,278903,153110,97931,0.6099004,0.3900996,I,2,Capillary 1 cell,52,8,1,1,1_6_2,Neutrophil
I-7813,all,273,61,7222,7414,19,113888,659961,174301,452489,0.2780852,0.7219148,I,20,B cell,52,21,1,1,1_6_2,Neutrophil
I-7814,all,39,23,6405,6862,29,30688,613,52,613,0.07819549,0.9218045,I,10,Capillary 1 cell,43,23,2,2,2_1,Capillary
I-7815,all,54,26,6516,6410,23,36290,0,0,0,0,0,I,13,Capillary 1 cell,52,26,2,2,2_3,Vein
I-7816,all,20,11,7297,7435,38,17483,5492,0,5492,0,1,I,3,Capillary 1 cell,38,11,2,2,2_3,Vein
I-7817,all,153,59,6032,6449,30,114092,0,0,0,0,0,I,83,Pericyte,47,30,5,5,5_3,Pericyte
I-7818,all,109,35,7053,7048,27,54139,59254,43411,21693,0.6667947,0.3332053,I,4,Arterial endothelial cell,54,25,2,2,2_4,Artery
I-7819,all,253,57,6664,7035,28,90480,777821,159986,486430,0.247497,0.752503,I,53,AT1/AT2,50,16,2,2,2_1,Capillary
I-7822,all,57,33,7395,6945,10,40521,0,0,0,0,0,I,4,Capillary 1 cell,55,34,2,2,2_1,Capillary
I-7823,all,45,20,6499,7360,27,34207,32343,1670,30673,0.05163405,0.948366,I,10,Alveolar type 2 cell,46,20,1,1,1_3,AT2
I-7824,all,86,43,6137,6488,29,88793,0,0,0,0,0,I,28,Pericyte,57,43,5,5,5_1,Pericyte
I-7828,all,15,10,6208,6678,25,24742,0,0,0,0,0,I,4,Pericyte,32,10,5,5,5_1,Pericyte
I-7830,all,82,20,6168,6405,21,55580,0,0,0,0,0,I,56,Alveolar type 2 cell,53,20,1,1,1_1,AT2
I-7831,all,47,29,6835,6508,34,44332,0,0,0,0,0,I,7,CD8+ T cell,51,30,2,2,2_2,InflamMac
I-7835,all,22,16,6939,6974,32,15769,285,0,285,0,1,I,8,Alveolar type 2 cell,39,16,3,3,3_6,SCMF
I-7837,all,54,28,6567,6489,28,64853,36350,34259,2091,0.9424759,0.05752407,I,2,Alveolar fibroblast 1,52,28,3,3,3_4,AdventitialFib
I-7839,all,133,51,7146,6503,21,67761,49436,7199,12897,0.3582305,0.6417695,I,23,Alveolar type 2 cell,45,26,2,2,2_1,Capillary
I-7840,all,100,32,6014,6398,23,69107,0,0,0,0,0,I,51,Sox9+/Id2+ epithelial cell,58,30,1,1,1_1,AT2
I-7841,all,36,25,5701,6783,31,53202,0,0,0,0,0,I,11,Alveolar fibroblast 1,41,26,3,3,3_1,SMC
I-7842,all,131,38,5652,6705,23,108123,0,0,0,0,0,I,88,AT1/AT2,43,13,1,1,1_1,AT2
I-7843,all,63,32,6538,6431,24,40654,0,0,0,0,0,I,8,CD8+ T cell,56,32,2,2,2_6,pDC
I-7844,all,277,50,7366,7017,17,90627,686824,315685,347370,0.4761068,0.5238932,I,66,Alveolar type 2 cell,52,14,2,2,2_2,InflamMac
I-7845,all,59,13,6304,5989,23,46377,0,0,0,0,0,I,53,Alveolar type 2 cell,51,14,2,2,2_1,Capillary
I-7847,all,63,22,6984,6316,27,58877,0,0,0,0,0,I,26,Sox9+/Id2+ epithelial cell,54,22,1,1,1_1,AT2
I-7848,all,118,54,6395,6826,25,95075,8563,0,8563,0,1,I,26,Pericyte,42,24,5,5,5_3,Pericyte
I-7849,all,68,32,7295,7180,25,42340,341,0,341,0,1,I,10,Inflammatory monocyte,54,33,2,2,2_2,InflamMac
I-7850,all,34,22,6221,6092,25,52339,0,0,0,0,0,I,11,Alveolar macrophage,41,22,8,8,8_1,AlveolarMac
I-7852,all,36,21,6238,6690,20,62899,0,0,0,0,0,I,15,Pericyte,42,21,5,5,5_1,Pericyte
I-7854,all,62,27,5699,5828,18,58763,0,0,0,0,0,I,12,Sox9+/Id2+ epithelial cell,53,26,2,2,2_1,Capillary
I-7855,all,51,28,7146,5990,12,52907,0,0,0,0,0,I,8,Alveolar fibroblast 1,51,28,3,3,3_3,AdventitialFib
I-7856,all,29,17,6240,6865,20,26550,0,0,0,0,0,I,10,Alveolar fibroblast 1,41,18,2,2,2_2,InflamMac
I-7858,all,44,24,7402,6734,22,45147,2076,0,2076,0,1,I,6,Pericyte,44,24,5,5,5_1,Pericyte
I-7860,all,71,31,6593,6389,23,47096,0,0,0,0,0,I,15,Capillary 1 cell,52,31,2,2,2_3,Vein
I-7863,all,49,27,7325,5874,27,28603,0,0,0,0,0,I,5,Sox9+/Id2+ epithelial cell,49,27,3,3,3_4,AdventitialFib
I-7865,all,38,17,7314,6457,10,26128,0,0,0,0,0,I,2,Alveolar fibroblast 1,43,18,3,3,3_1,SMC
I-7866,all,257,48,7163,7078,28,68979,263040,59904,203136,0.2277372,0.7722628,I,67,Sox9+/Id2+ epithelial cell,49,11,1,1,1_3,AT2
I-7867,all,40,24,6124,6841,28,36080,0,0,0,0,0,I,7,Arterial endothelial cell,42,24,2,2,2_4,Artery
I-7869,all,22,17,6531,6746,41,6684,0,0,0,0,0,I,5,Endothelial progenitor cell,39,17,1,1,1_4_1,AlveolarFib
I-7870,all,23,15,6947,6305,8,10797,0,0,0,0,0,I,5,Mesothelial cell,40,15,3,3,3_3,AdventitialFib
I-7871,all,136,52,7101,6491,14,62261,58251,8394,42825,0.1638845,0.8361155,I,27,Alveolar type 2 cell,47,24,1,1,1_3,AT2
I-7872,all,49,26,7249,5823,18,34911,0,0,0,0,0,I,5,Alveolar fibroblast 2,49,26,3,3,3_3,AdventitialFib
I-7874,all,145,51,6510,7175,23,72347,39337,2645,28447,0.08507011,0.9149299,I,20,Alveolar fibroblast 1,49,23,1,1,1_3,AT2
I-7875,all,11,8,7206,6347,8,30839,0,0,0,0,0,I,2,Capillary 2 cell,30,9,2,2,2_1,Capillary
I-7877,all,53,32,7311,7504,33,50678,0,0,0,0,0,I,5,Capillary 1 cell,52,32,9,9,9,Bcell
I-7883,all,25,19,7025,6060,15,17390,0,0,0,0,0,I,5,B cell,44,19,2,2,2_1,Capillary
I-7885,all,106,27,6455,6867,12,38413,948461,946498,201631,0.824383,0.175617,I,47,Alveolar type 2 cell,56,18,1,1,1_3,AT2
I-7889,all,16,12,7353,7332,16,22879,0,0,0,0,0,I,3,Alveolar type 1 cell,31,12,6,6,6,AT1
I-7891,all,55,32,5868,6430,23,49662,0,0,0,0,0,I,6,Inflammatory monocyte,55,32,1,1,1_5_4,pDC
I-7893,all,276,36,7185,6419,18,96814,216930,163967,52963,0.7558521,0.2441479,I,123,Alveolar type 2 cell,53,8,1,1,1_3,AT2
I-7895,all,110,49,7124,6215,28,89693,0,0,0,0,0,I,20,CD4+ T cell,52,32,7,7,7_3,Tcell (CD8)
I-7897,all,42,23,7361,6520,23,44669,0,0,0,0,0,I,7,Capillary 1 cell,43,23,2,2,2_3,Vein
I-7899,all,95,14,6433,6839,20,33658,438170,225066,112721,0.6662956,0.3337044,I,37,Alveolar type 2 cell,54,13,1,1,1_3,AT2
I-7904,all,42,30,6923,6481,35,36144,0,0,0,0,0,I,5,Alveolar type 2 cell,47,31,2,2,2_2,InflamMac
I-7906,all,75,32,7138,5847,12,48056,0,0,0,0,0,I,25,Capillary 1 cell,54,32,2,2,2_3,Vein
I-7909,all,32,17,6825,6365,9,31670,0,0,0,0,0,I,10,Natural killer cell,41,17,7,7,7_3,Tcell (CD8)
I-7911,all,59,30,6967,5757,31,60001,0,0,0,0,0,I,9,Alveolar fibroblast 1,55,31,1,1,1_5_1,LymphaticEndo
I-7913,all,61,34,6373,6002,31,38988,0,0,0,0,0,I,3,B cell,58,34,2,2,2_6,pDC
I-7915,all,78,38,7220,5744,20,54003,0,0,0,0,0,I,9,Capillary 1 cell,56,38,2,2,2_6,pDC
I-7916,all,19,15,6592,6520,39,27855,0,0,0,0,0,I,5,Sox9+/Id2+ epithelial cell,37,15,1,1,1_3,AT2
I-7920,all,206,66,6427,7097,20,147880,174574,129952,44622,0.7443949,0.2556051,I,71,Arterial endothelial cell,50,26,2,2,2_1,Capillary
I-7921,all,120,34,6544,6355,18,53358,0,0,0,0,0,I,70,Alveolar type 2 cell,44,15,1,1,1_1,AT2
I-7924,all,198,56,7322,6981,14,93194,6108,0,6108,0,1,I,15,Alveolar type 2 cell,52,22,1,1,1_6_2,Neutrophil
I-7925,all,74,39,7259,5744,25,90216,0,0,0,0,0,I,7,B cell,56,39,9,9,9,Bcell
I-7927,all,141,41,6826,6809,29,44456,41909,205,26969,0.007543976,0.992456,I,15,Inflammatory monocyte,51,23,3,3,3_3,AdventitialFib
I-7929,all,39,19,5997,6479,16,45585,0,0,0,0,0,I,12,Capillary 1 cell,41,18,2,2,2_1,Capillary
I-7930,all,120,45,7302,7060,18,62114,16041,220,16041,0.0135293,0.9864707,I,9,Pericyte,45,23,7,7,7_3,Tcell (CD8)
I-7931,all,77,27,6293,6564,14,79455,0,0,0,0,0,I,32,Capillary 1 cell,52,27,2,2,2_1,Capillary
I-7932,all,34,15,7315,5896,21,24260,0,0,0,0,0,I,24,Mesothelial cell,41,15,2,2,2_1,Capillary
I-7933,all,163,48,6869,7155,15,94533,140598,8498,114971,0.06882699,0.931173,I,26,Venous endothelial cell,49,18,2,2,2_2,InflamMac
I-7934,all,75,45,7309,7094,18,54526,1925,0,1758,0,1,I,14,Inflammatory monocyte,59,45,7,7,7_2,PatrolMac
I-7938,all,156,53,7016,6386,19,145245,15469,3923,1994,0.6630049,0.3369951,I,65,Pericyte,48,26,5,5,5_3,Pericyte
I-7941,all,67,33,6998,6068,16,33686,0,0,0,0,0,I,7,Alveolar macrophage,55,34,1,1,1_4_1,AlveolarFib
I-7942,all,28,10,7375,6681,21,33290,56154,0,56154,0,1,I,2,Alveolar macrophage,43,10,8,8,8_1,AlveolarMac
I-7946,all,18,5,6600,6141,39,14788,0,0,0,0,0,I,15,Sox9+/Id2+ epithelial cell,41,5,1,1,1_1,AT2
I-7948,all,66,27,6535,7344,15,99276,1132,0,1132,0,1,I,7,Capillary 1 cell,56,27,2,2,2_3,Vein
I-7950,all,11,9,5684,5792,39,20687,0,0,0,0,0,I,2,Neutrophil,30,9,1,1,1_5_2,AlveolarFib
I-7951,all,52,26,7365,5902,5,40490,0,0,0,0,0,I,12,Alveolar type 1 cell,51,26,5,5,5_3,Pericyte
I-7952,all,111,43,6769,6345,7,83901,182,0,182,0,1,I,13,Arterial endothelial cell,50,28,3,3,3_6,SCMF
I-7953,all,54,27,6851,6544,37,49948,0,0,0,0,0,I,10,Pericyte,53,27,5,5,5_3,Pericyte
I-7954,all,78,41,7239,7091,34,65251,7889,0,7889,0,1,I,4,Capillary 1 cell,57,41,1,1,1_5_2,AlveolarFib
I-7955,all,245,59,6780,7148,19,93515,64886,5493,46351,0.1059525,0.8940475,I,28,Alveolar fibroblast 1,53,22,1,1,1_6_2,Neutrophil
I-7962,all,218,75,7198,7039,19,125439,71830,15265,57288,0.2103979,0.7896021,I,26,Inflammatory monocyte,48,31,1,1,1_6_2,Neutrophil
I-7964,all,69,27,6999,7087,25,87911,656,0,656,0,1,I,7,Endothelial progenitor cell,57,26,2,2,2_1,Capillary
I-7965,all,103,45,7394,7313,18,63149,0,0,0,0,0,I,5,Proliferative mesenchymal progenitor cell,61,38,1,1,1_6_2,Neutrophil
I-7966,all,146,55,7387,7367,24,95953,0,0,0,0,0,I,9,Natural killer cell,51,31,2,2,2_5,DC
I-7968,all,56,27,7144,6048,11,68838,0,0,0,0,0,I,8,CD4+ T cell,53,27,3,3,3_4,AdventitialFib
I-7970,all,117,52,7265,6372,23,91446,0,0,0,0,0,I,20,Alveolar type 2 cell,44,27,2,2,2_1,Capillary
I-7971,all,80,40,5958,6505,30,86662,0,0,0,0,0,I,36,Capillary 1 cell,57,40,1,1,1_5_1,LymphaticEndo
I-7974,all,40,24,7273,7076,24,32559,161,0,108,0,1,I,3,Alveolar type 1 cell,42,24,2,2,2_3,Vein
I-7975,all,53,28,6728,5875,24,55513,0,0,0,0,0,I,15,Capillary 1 cell,53,28,2,2,2_6,pDC
I-7977,all,102,41,7072,5685,12,83568,0,0,0,0,0,I,6,Alveolar fibroblast 1,57,33,1,1,1_4_1,AlveolarFib
I-7978,all,110,49,7374,6731,21,87306,16903,52,16851,0.003076377,0.9969236,I,12,B cell,50,27,5,5,5_3,Pericyte
I-7979,all,193,37,6007,6528,27,105211,0,0,0,0,0,I,145,Alveolar type 2 cell,49,14,1,1,1_3,AT2
I-7981,all,128,40,7334,6128,19,68989,905,905,0,1,0,I,55,Alveolar type 2 cell,43,17,1,1,1_3,AT2
I-7982,all,13,12,7113,5888,9,13817,0,0,0,0,0,I,3,Alveolar fibroblast 1,32,12,2,2,2_3,Vein
I-7985,all,146,40,6495,5736,19,146188,0,0,0,0,0,I,84,Alveolar type 2 cell,46,20,1,1,1_1,AT2
I-7992,all,52,25,7106,6019,13,60656,108,0,108,0,1,I,7,CD8+ T cell,51,25,7,7,7_2,PatrolMac
I-7999,all,60,38,6501,7104,19,35067,2032,0,2032,0,1,I,10,Arterial endothelial cell,57,39,2,2,2_4,Artery
I-8006,all,67,18,7306,7290,24,43147,23888,12031,15880,0.4310487,0.5689513,I,3,Inflammatory monocyte,54,18,8,8,8_1,AlveolarMac
I-8008,all,20,16,6663,6998,30,19357,0,0,0,0,0,I,3,Inflammatory monocyte,40,17,2,2,2_2,InflamMac
I-8010,all,40,18,7353,6660,28,44503,101587,2071,85389,0.0236794,0.9763206,I,6,B cell,43,18,9,9,9,Bcell
I-8011,all,118,54,6498,7066,22,91310,19884,0,19884,0,1,I,11,Arterial endothelial cell,44,24,2,2,2_3,Vein
I-8014,all,36,8,5712,6734,17,39805,0,0,0,0,0,I,17,Alveolar type 1 cell,44,8,6,6,6,AT1
I-8015,all,123,34,6405,7058,21,52105,237801,68712,146361,0.3194822,0.6805178,I,36,Alveolar type 2 cell,46,15,2,2,2_6,pDC
I-8016,all,35,24,7352,6707,27,55923,27926,0,25424,0,1,I,2,B cell,40,25,1,1,1_6_2,Neutrophil
I-8020,all,42,19,7142,6795,12,24479,550,0,550,0,1,I,11,Alveolar macrophage,44,19,8,8,8_1,AlveolarMac
I-8021,all,16,10,7306,5692,31,18336,0,0,0,0,0,I,2,Natural killer cell,33,10,2,2,2_6,pDC
I-8024,all,77,27,6795,7031,13,37880,730,0,730,0,1,I,3,Alveolar type 1 cell,59,29,2,2,2_5,DC
I-8031,all,11,9,6326,6792,27,10233,0,0,0,0,0,I,2,B cell,31,9,9,9,9,Bcell
I-8033,all,40,20,7348,5692,29,41511,0,0,0,0,0,I,3,T regulatory cell,44,21,1,1,1_6_2,Neutrophil
I-8035,all,37,22,7385,6413,9,16107,0,0,0,0,0,I,5,Alveolar macrophage,40,22,8,8,8_1,AlveolarMac
I-8036,all,36,12,6990,6354,29,29837,8159,0,242,0,1,I,16,Sox9+/Id2+ epithelial cell,45,13,2,2,2_2,InflamMac
I-8039,all,13,6,6676,5821,12,39956,0,0,0,0,0,I,3,B cell,30,6,9,9,9,Bcell
I-8040,all,68,22,7217,6999,9,22167,4744,658,3363,0.1636409,0.8363591,I,2,Neutrophil,55,22,1,1,1_6_2,Neutrophil
I-8043,all,19,13,7156,8808,33,43633,0,0,0,0,0,I,3,Alveolar fibroblast 1,39,14,1,1,1_4_1,AlveolarFib
I-8045,all,20,13,5678,9404,18,75384,0,0,0,0,0,I,2,Venous endothelial cell,41,13,2,2,2_3,Vein
I-8046,all,54,31,7309,8337,20,75061,0,0,0,0,0,I,6,Natural killer cell,53,31,7,7,7_3,Tcell (CD8)
I-8048,all,131,51,7401,7827,16,85762,0,0,0,0,0,I,6,B cell,44,24,3,3,3_4,AdventitialFib
I-8050,all,49,25,7183,8169,27,72348,0,0,0,0,0,I,18,Alveolar type 2 cell,50,26,2,2,2_2,InflamMac
I-8052,all,20,13,6873,9404,18,57581,0,0,0,0,0,I,11,Alveolar type 2 cell,40,13,1,1,1_3,AT2
I-8053,all,18,13,6200,8438,8,26038,0,0,0,0,0,I,7,Interstitial macrophage,31,13,8,8,8_3,InterstitialMac
I-8054,all,29,17,6935,9311,30,63675,0,0,0,0,0,I,11,Venous endothelial cell,39,17,2,2,2_1,Capillary
I-8057,all,28,16,7162,9228,36,48575,0,0,0,0,0,I,2,B cell,41,16,2,2,2_6,pDC
I-8058,all,45,22,7018,8680,13,50766,0,0,0,0,0,I,7,Alveolar type 1 cell,45,22,6,6,6,AT1
I-8061,all,20,8,5840,8958,31,65351,0,0,0,0,0,I,12,Pericyte,40,8,5,5,5_1,Pericyte
I-8062,all,12,10,6456,8502,36,25491,0,0,0,0,0,I,3,Alveolar fibroblast 1,30,11,1,1,1_4_1,AlveolarFib
I-8063,all,37,21,5901,8502,25,47304,0,0,0,0,0,I,3,Sox9+/Id2+ epithelial cell,41,21,2,2,2_3,Vein
I-8064,all,45,25,7127,7707,18,59978,0,0,0,0,0,I,2,Capillary 1 cell,46,25,2,2,2_1,Capillary
I-8065,all,24,13,5939,9230,18,64129,0,0,0,0,0,I,6,CD4+ T cell,41,13,7,7,7_2,PatrolMac
I-8068,all,45,27,7160,8648,29,70035,0,0,0,0,0,I,9,Interstitial macrophage,45,27,8,8,8_2,InterstitialMac
I-8070,all,59,15,5790,9400,27,69727,0,0,0,0,0,I,45,Alveolar type 2 cell,52,15,1,1,1_1,AT2
I-8072,all,87,29,7078,8715,15,72066,642,0,642,0,1,I,50,Alveolar type 2 cell,58,29,1,1,1_1,AT2
I-8073,all,22,14,7029,8402,16,52788,0,0,0,0,0,I,4,Capillary 1 cell,39,14,9,9,9,Bcell
I-8074,all,13,11,7206,8069,21,25466,0,0,0,0,0,I,4,Pericyte,34,11,5,5,5_1,Pericyte
I-8075,all,15,6,5881,8246,40,24043,0,0,0,0,0,I,2,Sox9+/Id2+ epithelial cell,37,6,1,1,1_3,AT2
I-8076,all,23,12,6561,8723,23,51555,0,0,0,0,0,I,8,Alveolar fibroblast 1,40,13,2,2,2_4,Artery
I-8079,all,33,25,7296,8640,29,61861,0,0,0,0,0,I,2,Alveolar fibroblast 1,38,25,2,2,2_6,pDC
I-8085,all,20,14,6723,8967,28,49598,0,0,0,0,0,I,2,Inflammatory monocyte,41,16,2,2,2_5,DC
I-8087,all,36,22,5718,8156,11,53341,0,0,0,0,0,I,2,Natural killer cell,41,23,2,2,2_2,InflamMac
I-8090,all,14,11,6553,9464,23,85716,0,0,0,0,0,I,2,Arterial endothelial cell,33,12,2,2,2_4,Artery
I-8096,all,24,14,5946,9321,21,28689,0,0,0,0,0,I,10,Pericyte,41,14,5,5,5_1,Pericyte
I-8097,all,44,23,6527,8711,23,63819,1947,0,1947,0,1,I,4,Alveolar fibroblast 1,45,23,1,1,1_5_1,LymphaticEndo
I-8098,all,76,32,6951,7617,15,60829,232,1962,118,0.9432692,0.05673077,I,21,Capillary 2 cell,56,33,2,2,2_2,InflamMac
I-8099,all,9,7,7364,8668,28,18991,0,0,0,0,0,I,2,Sox9+/Id2+ epithelial cell,26,8,8,8,8_3,InterstitialMac
I-8100,all,20,16,6998,8781,15,58343,0,0,0,0,0,I,3,Natural killer cell,40,17,1,1,1_4_1,AlveolarFib
I-8103,all,87,32,7228,9001,22,90747,0,0,0,0,0,I,6,Alveolar macrophage,58,33,1,1,1_4_1,AlveolarFib
I-8104,all,35,22,7051,9431,21,76519,0,0,0,0,0,I,2,Alveolar type 1 cell,41,22,6,6,6,AT1
I-8105,all,16,10,6053,8505,16,33413,0,0,0,0,0,I,4,Pericyte,35,10,6,6,6,AT1
I-8108,all,20,15,7117,8940,16,84741,0,0,0,0,0,I,2,Sox9+/Id2+ epithelial cell,40,15,2,2,2_3,Vein
I-8109,all,52,21,6367,8112,26,63506,0,0,0,0,0,I,26,Alveolar type 2 cell,51,22,2,2,2_1,Capillary
I-8110,all,85,34,6516,7659,16,113888,0,0,0,0,0,I,8,Alveolar fibroblast 1,57,35,3,3,3_1,SMC
I-8112,all,18,11,7391,7955,10,17031,0,0,0,0,0,I,2,Alveolar fibroblast 2,36,11,3,3,3_3,AdventitialFib
I-8113,all,32,9,5674,8874,11,23666,0,0,0,0,0,I,23,Alveolar fibroblast 1,43,9,1,1,1_1,AT2
I-8116,all,17,14,7066,8974,35,50623,0,0,0,0,0,I,2,Natural killer cell,39,15,2,2,2_2,InflamMac
I-8119,all,89,25,6934,8534,17,75404,0,0,0,0,0,I,65,Alveolar type 2 cell,56,24,1,1,1_3,AT2
I-8121,all,8,6,7349,8695,10,21093,0,0,0,0,0,I,2,B cell,24,8,9,9,9,Bcell
I-8122,all,13,10,6620,8723,30,70345,0,0,0,0,0,I,2,Proliferative mesenchymal progenitor cell,27,11,1,1,1_6_2,Neutrophil
I-8124,all,100,15,6807,8430,28,81439,0,0,0,0,0,I,84,Alveolar type 2 cell,53,14,1,1,1_1,AT2
I-8127,all,60,32,7218,8264,11,70342,0,0,0,0,0,I,11,Alveolar type 2 cell,57,32,7,7,7_2,PatrolMac
I-8128,all,47,30,6350,8272,17,85414,0,0,0,0,0,I,15,Pericyte,47,30,5,5,5_1,Pericyte
I-8130,all,32,14,7276,9405,7,34146,0,0,0,0,0,I,20,Alveolar type 2 cell,44,14,1,1,1_3,AT2
I-8133,all,38,12,6025,8487,22,49929,0,0,0,0,0,I,19,Sox9+/Id2+ epithelial cell,45,12,6,6,6,AT1
I-8134,all,32,21,5707,7815,24,73887,0,0,0,0,0,I,5,Natural killer cell,39,21,7,7,7_4,PatrolMac
I-8136,all,15,11,6962,8767,15,36860,0,0,0,0,0,I,3,Venous endothelial cell,32,11,2,2,2_3,Vein
I-8138,all,21,13,5853,8527,17,93332,0,0,0,0,0,I,2,CD4+ T cell,38,13,7,7,7_2,PatrolMac
I-8141,all,14,5,6748,9434,10,14336,0,0,0,0,0,I,13,Alveolar type 2 cell,38,5,1,1,1_3,AT2
I-8143,all,116,30,6879,8492,22,74388,0,0,0,0,0,I,87,Alveolar type 2 cell,47,15,1,1,1_3,AT2
I-8148,all,42,12,5854,8343,13,34536,0,0,0,0,0,I,31,Alveolar type 2 cell,45,12,1,1,1_1,AT2
I-8149,all,7,6,5629,8430,31,64935,0,0,0,0,0,I,2,Venous endothelial cell,28,9,2,2,2_3,Vein
I-8153,all,64,27,7314,7877,37,57779,0,0,0,0,0,I,6,Alveolar fibroblast 2,54,27,3,3,3_3,AdventitialFib
I-8154,all,114,19,5907,9190,27,111569,0,0,0,0,0,I,85,Alveolar type 2 cell,49,11,1,1,1_1,AT2
I-8155,all,52,14,5776,7952,29,39535,0,0,0,0,0,I,42,Alveolar type 2 cell,50,14,1,1,1_1,AT2
I-8156,all,34,13,6737,8905,27,37844,0,0,0,0,0,I,26,Alveolar type 2 cell,44,13,1,1,1_3,AT2
I-8157,all,15,5,6732,9449,13,20057,0,0,0,0,0,I,13,Alveolar type 2 cell,39,5,1,1,1_1,AT2
I-8159,all,7,4,6841,9350,31,30809,0,0,0,0,0,I,5,Sox9+/Id2+ epithelial cell,29,6,3,3,3_4,AdventitialFib
I-8160,all,24,12,7162,8029,13,13927,0,0,0,0,0,I,4,Sox9+/Id2+ epithelial cell,41,12,6,6,6,AT1
I-8161,all,11,4,5981,8539,41,11484,0,0,0,0,0,I,9,Sox9+/Id2+ epithelial cell,37,4,1,1,1_1,AT2
I-8164,all,30,19,6909,9393,13,58614,0,0,0,0,0,I,4,Proliferative mesenchymal progenitor cell,40,20,3,3,3_1,SMC
I-8166,all,28,14,5877,9256,24,71999,2783,0,2783,0,1,I,10,Alveolar macrophage,45,14,6,6,6,AT1
I-8173,all,39,26,6506,7583,13,77152,0,0,0,0,0,I,11,Alveolar macrophage,41,26,3,3,3_1,SMC
I-8174,all,39,27,7337,7597,10,66189,0,0,0,0,0,I,3,Capillary 1 cell,41,26,2,2,2_1,Capillary
I-8177,all,64,13,6781,8900,29,55703,0,0,0,0,0,I,52,Alveolar type 2 cell,51,13,1,1,1_3,AT2
I-8178,all,19,11,6965,8830,11,56359,0,0,0,0,0,I,7,B cell,37,11,9,9,9,Bcell
I-8180,all,32,21,5922,8137,21,75869,0,0,0,0,0,I,8,Capillary 1 cell,40,21,2,2,2_3,Vein
I-8182,all,40,15,6658,8577,24,69831,0,0,0,0,0,I,28,Neutrophil,44,15,2,2,2_6,pDC
I-8185,all,31,16,5768,8915,19,76374,0,0,0,0,0,I,4,Endothelial progenitor cell,43,17,2,2,2_1,Capillary
I-8188,all,7,5,6702,9398,6,12730,0,0,0,0,0,I,2,Capillary 1 cell,32,5,2,2,2_6,pDC
I-8189,all,23,16,5954,8497,27,81914,0,0,0,0,0,I,4,Alveolar type 1 cell,44,17,3,3,3_1,SMC
I-8190,all,63,15,5746,7938,25,50717,0,0,0,0,0,I,54,Alveolar type 2 cell,53,15,1,1,1_3,AT2
I-8193,all,38,12,6895,9066,28,35049,0,0,0,0,0,I,26,Sox9+/Id2+ epithelial cell,44,12,1,1,1_1,AT2
I-8194,all,8,4,6124,9218,15,38983,0,0,0,0,0,I,5,Venous endothelial cell,26,5,2,2,2_3,Vein
I-8196,all,84,28,7036,7680,33,32959,6344,0,6344,0,1,I,20,Secondary crest myofibroblast,60,28,1,1,1_3,AT2
I-8201,all,33,8,6921,9037,20,23012,0,0,0,0,0,I,27,Sox9+/Id2+ epithelial cell,45,8,1,1,1_3,AT2
I-8202,all,51,26,7288,8043,20,40718,0,0,0,0,0,I,8,Sox9+/Id2+ epithelial cell,54,27,1,1,1_4_1,AlveolarFib
I-8203,all,238,37,6996,7630,25,78641,300021,237663,20304,0.9212923,0.07870774,I,55,Alveolar type 2 cell,54,10,1,1,1_3,AT2
I-8205,all,41,9,5755,9426,31,54125,0,0,0,0,0,I,33,Sox9+/Id2+ epithelial cell,46,9,1,1,1_3,AT2
I-8206,all,37,7,6050,8431,29,40977,0,0,0,0,0,I,33,Alveolar type 2 cell,47,7,1,1,1_3,AT2
I-8208,all,16,11,7099,9451,34,30580,0,0,0,0,0,I,2,Endothelial progenitor cell,35,11,2,2,2_1,Capillary
I-8209,all,68,27,7321,8262,12,49772,0,0,0,0,0,I,4,Alveolar type 1 cell,54,27,6,6,6,AT1
I-8210,all,20,8,6881,9039,31,31158,0,0,0,0,0,I,12,Sox9+/Id2+ epithelial cell,43,8,1,1,1_1,AT2
I-8211,all,85,28,7369,7679,9,53323,526,0,526,0,1,I,17,Sox9+/Id2+ epithelial cell,59,28,2,2,2_6,pDC
I-8212,all,10,9,6812,9452,29,37610,0,0,0,0,0,I,2,Sox9+/Id2+ epithelial cell,34,9,2,2,2_3,Vein
I-8214,all,13,9,5891,8111,30,52189,0,0,0,0,0,I,2,Neutrophil,32,9,7,7,7_2,PatrolMac
I-8219,all,45,29,6997,7724,15,52148,0,0,0,0,0,I,4,Alveolar type 2 cell,45,29,2,2,2_3,Vein
I-8225,all,93,26,6952,8720,19,78588,0,0,0,0,0,I,10,Alveolar type 1 cell,57,25,6,6,6,AT1
I-8228,all,76,16,5868,8895,26,100444,0,0,0,0,0,I,53,Alveolar type 2 cell,53,17,3,3,3_1,SMC
I-8229,all,8,3,6024,9115,17,17432,0,0,0,0,0,I,5,Alveolar type 1 cell,30,4,6,6,6,AT1
I-8234,all,21,16,7036,7725,9,24211,0,0,0,0,0,I,2,Alveolar fibroblast 1,41,16,2,2,2_3,Vein
I-8237,all,12,10,5628,8124,16,22222,0,0,0,0,0,I,4,Capillary 1 cell,31,10,2,2,2_1,Capillary
I-8240,all,21,9,5739,7981,28,44183,0,0,0,0,0,I,7,B cell,43,9,9,9,9,Bcell
I-8241,all,18,16,6274,8386,12,61984,0,0,0,0,0,I,5,Neutrophil,35,16,8,8,8_2,InterstitialMac
I-8244,all,51,28,6410,8483,35,83636,0,0,0,0,0,I,10,Alveolar fibroblast 1,50,27,1,1,1_5_1,LymphaticEndo
I-8245,all,14,10,5787,8550,34,38514,0,0,0,0,0,I,2,B cell,33,10,9,9,9,Bcell
I-8247,all,71,42,7107,8186,17,79444,0,0,0,0,0,I,18,Inflammatory monocyte,56,42,2,2,2_3,Vein
I-8248,all,24,13,5654,8201,21,64198,0,0,0,0,0,I,5,Alveolar type 1 cell,43,13,6,6,6,AT1
I-8250,all,19,7,6342,8204,36,22753,0,0,0,0,0,I,16,Alveolar type 2 cell,42,8,3,3,3_1,SMC
I-8253,all,13,10,6357,8525,24,51017,0,0,0,0,0,I,5,Endothelial progenitor cell,27,10,2,2,2_6,pDC
I-8258,all,24,19,6891,8803,14,88612,0,0,0,0,0,I,6,Pericyte,44,19,5,5,5_3,Pericyte
I-8262,all,43,25,6944,7657,25,53793,50,0,50,0,1,I,19,Capillary 1 cell,45,25,2,2,2_3,Vein
I-8266,all,11,8,5757,7743,10,46293,60713,0,60713,0,1,I,4,Pericyte,31,8,5,5,5_1,Pericyte
I-8268,all,79,18,6639,9289,22,92698,0,0,0,0,0,I,61,Alveolar type 2 cell,54,18,1,1,1_3,AT2
I-8269,all,30,22,5708,7990,21,75831,0,0,0,0,0,I,8,B cell,36,22,9,9,9,Bcell
I-8270,all,8,3,6007,8526,40,9403,0,0,0,0,0,I,7,Sox9+/Id2+ epithelial cell,36,5,1,1,1_1,AT2
I-8271,all,9,6,5639,8028,14,23966,0,0,0,0,0,I,4,Pericyte,26,6,5,5,5_1,Pericyte
I-8273,all,53,20,7221,8916,27,57970,0,0,0,0,0,I,30,Alveolar type 2 cell,51,20,1,1,1_1,AT2
I-8276,all,16,11,6205,9197,16,72525,0,0,0,0,0,I,4,Capillary 1 cell,36,11,2,2,2_1,Capillary
I-8277,all,25,16,5898,8861,21,81336,0,0,0,0,0,I,8,Endothelial progenitor cell,43,15,2,2,2_1,Capillary
I-8279,all,50,31,6923,8970,23,93611,0,0,0,0,0,I,10,Sox9+/Id2+ epithelial cell,52,32,1,1,1_4_1,AlveolarFib
I-8280,all,11,8,6098,9434,19,34147,0,0,0,0,0,I,4,Alveolar fibroblast 1,35,9,3,3,3_1,SMC
I-8283,all,16,8,6374,8173,10,31967,58,0,58,0,1,I,2,Deuterosomal cell,35,9,1,1,1_6_2,Neutrophil
I-8286,all,6,4,6025,9083,12,20712,0,0,0,0,0,I,2,Alveolar type 1 cell,27,6,6,6,6,AT1
I-8287,all,58,30,5812,8120,34,88234,0,0,0,0,0,I,4,CD8+ T cell,53,31,2,2,2_2,InflamMac
I-8288,all,26,14,7374,7915,15,31168,0,0,0,0,0,I,5,Mesothelial cell,43,14,3,3,3_3,AdventitialFib
I-8290,all,40,25,5732,7877,18,76013,0,0,0,0,0,I,18,Pericyte,42,25,5,5,5_1,Pericyte
I-8297,all,28,14,5983,9369,26,39306,0,0,0,0,0,I,7,Sox9+/Id2+ epithelial cell,42,14,6,6,6,AT1
I-8299,all,18,7,6709,9468,25,31797,0,0,0,0,0,I,10,Sox9+/Id2+ epithelial cell,41,7,1,1,1_1,AT2
I-8301,all,26,17,6612,8997,35,57674,0,0,0,0,0,I,5,Proliferative mesenchymal progenitor cell,44,17,2,2,2_1,Capillary
I-8304,all,43,11,5997,8843,20,89146,0,0,0,0,0,I,32,Alveolar type 2 cell,46,11,1,1,1_1,AT2
I-8308,all,57,23,6333,8127,24,90951,0,0,0,0,0,I,33,Venous endothelial cell,52,23,2,2,2_6,pDC
I-8311,all,123,38,7265,8013,22,111282,0,0,0,0,0,I,59,Alveolar type 2 cell,44,20,1,1,1_3,AT2
I-8312,all,7,6,5628,8843,22,34590,0,0,0,0,0,I,2,Inflammatory monocyte,24,8,2,2,2_5,DC
I-8314,all,15,12,6074,8551,15,41699,0,0,0,0,0,I,3,Alveolar type 1 cell,38,14,2,2,2_5,DC
I-8316,all,25,12,6776,9405,13,46252,0,0,0,0,0,I,10,Sox9+/Id2+ epithelial cell,41,12,2,2,2_1,Capillary
I-8317,all,26,18,7154,8138,24,21917,0,0,0,0,0,I,3,T regulatory cell,38,19,1,1,1_6_2,Neutrophil
I-8319,all,17,6,6114,9107,12,25543,0,0,0,0,0,I,11,Sox9+/Id2+ epithelial cell,40,6,1,1,1_1,AT2
I-8322,all,37,9,7177,8209,12,30409,0,0,0,0,0,I,24,Alveolar type 2 cell,44,9,1,1,1_3,AT2
I-8327,all,14,8,6881,9001,36,28804,0,0,0,0,0,I,9,Alveolar type 2 cell,37,9,2,2,2_2,InflamMac
I-8328,all,23,10,6398,8141,6,20018,0,0,0,0,0,I,13,Arterial endothelial cell,44,12,2,2,2_4,Artery
I-8330,all,107,13,7396,7599,12,36517,161665,62130,99535,0.3843132,0.6156868,I,40,Sox9+/Id2+ epithelial cell,55,11,1,1,1_3,AT2
I-8335,all,10,5,5879,8368,10,14856,0,0,0,0,0,I,7,Alveolar type 2 cell,36,5,1,1,1_1,AT2
I-8337,all,24,11,5815,9470,16,58950,0,0,0,0,0,I,3,Ciliated cell,42,11,6,6,6,AT1
I-8338,all,42,18,7364,8170,14,38481,0,0,0,0,0,I,3,Alveolar type 1 cell,45,18,6,6,6,AT1
I-8341,all,51,14,7148,8191,16,38950,0,0,0,0,0,I,43,Alveolar type 2 cell,49,14,1,1,1_3,AT2
I-8342,all,16,5,6855,9378,29,22600,0,0,0,0,0,I,12,Sox9+/Id2+ epithelial cell,40,5,1,1,1_1,AT2
I-8350,all,25,17,7022,8818,13,42267,0,0,0,0,0,I,10,Alveolar fibroblast 1,46,18,1,1,1_5_1,LymphaticEndo
I-8351,all,57,27,7400,7984,8,35443,0,0,0,0,0,I,3,Chondrocyte,56,27,7,7,7_3,Tcell (CD8)
I-8353,all,29,19,7128,8118,14,26306,0,0,0,0,0,I,4,Interstitial macrophage,41,19,8,8,8_3,InterstitialMac
I-8354,all,27,7,6407,9463,16,58090,0,0,0,0,0,I,18,Natural killer cell,45,7,7,7,7_2,PatrolMac
I-8355,all,13,9,6463,8578,30,48730,0,0,0,0,0,I,2,Pericyte,28,9,5,5,5_1,Pericyte
I-8358,all,54,23,7191,8868,28,77761,0,0,0,0,0,I,12,Alveolar type 1 cell,52,23,6,6,6,AT1
I-8359,all,15,12,7150,9191,15,38538,212,0,212,0,1,I,2,B cell,28,12,9,9,9,Bcell
I-8360,all,13,9,5664,8130,8,20634,0,0,0,0,0,I,3,Alveolar type 1 cell,34,9,6,6,6,AT1
I-8361,all,148,36,7203,8616,18,89100,0,0,0,0,0,I,102,Alveolar type 2 cell,44,12,1,1,1_1,AT2
I-8364,all,23,11,5911,9058,11,71506,0,0,0,0,0,I,2,Capillary 1 cell,44,12,2,2,2_1,Capillary
I-8366,all,7,5,6141,9194,12,38932,0,0,0,0,0,I,2,Capillary 1 cell,29,7,2,2,2_1,Capillary
I-8368,all,61,18,6401,8811,22,113259,0,0,0,0,0,I,35,Alveolar type 2 cell,53,18,1,1,1_1,AT2
I-8371,all,46,23,7260,7949,33,56541,0,0,0,0,0,I,13,Alveolar type 2 cell,46,23,2,2,2_6,pDC
I-8376,all,20,10,7277,8594,20,43720,0,0,0,0,0,I,3,Mesothelial cell,40,10,3,3,3_3,AdventitialFib
I-8377,all,15,9,5628,8160,23,26613,0,0,0,0,0,I,3,Alveolar type 1 cell,31,9,6,6,6,AT1
I-8380,all,18,13,5616,8499,31,65396,0,0,0,0,0,I,2,Sox9+/Id2+ epithelial cell,40,14,1,1,1_4_1,AlveolarFib
I-8382,all,43,15,7192,8967,34,90922,0,0,0,0,0,I,20,Alveolar type 2 cell,46,15,1,1,1_1,AT2
I-8383,all,15,11,7324,8296,13,16639,0,0,0,0,0,I,5,Alveolar type 1 cell,34,11,6,6,6,AT1
I-8386,all,10,7,5930,8831,19,45486,0,0,0,0,0,I,2,Alveolar fibroblast 1,31,8,1,1,1_4_3,AlveolarFib
I-8387,all,62,19,7023,9437,31,44045,0,0,0,0,0,I,8,Alveolar type 1 cell,54,19,6,6,6,AT1
I-8389,all,14,9,6748,8997,34,27347,0,0,0,0,0,I,4,Inflammatory monocyte,31,11,2,2,2_5,DC
I-8390,all,6,5,6272,8292,34,30076,0,0,0,0,0,I,2,Venous endothelial cell,21,8,3,3,3_4,AdventitialFib
I-8393,all,12,9,6449,9469,13,32190,0,0,0,0,0,I,6,Capillary 1 cell,32,9,2,2,2_1,Capillary
I-8399,all,12,9,5600,8457,31,37721,0,0,0,0,0,I,2,Alveolar fibroblast 1,32,9,1,1,1_5_1,LymphaticEndo
I-8400,all,17,3,5940,9387,28,14619,0,0,0,0,0,I,13,Sox9+/Id2+ epithelial cell,43,3,1,1,1_1,AT2
I-8401,all,18,9,5921,8341,38,28487,0,0,0,0,0,I,2,Alveolar type 1 cell,38,9,6,6,6,AT1
I-8402,all,48,26,6916,8492,19,68121,0,0,0,0,0,I,23,Sox9+/Id2+ epithelial cell,48,26,2,2,2_1,Capillary
I-8403,all,37,25,7005,9275,8,56430,0,0,0,0,0,I,2,Endothelial progenitor cell,40,25,2,2,2_1,Capillary
I-8405,all,48,26,7286,8204,35,63905,0,0,0,0,0,I,2,Alveolar fibroblast 1,49,27,1,1,1_4_1,AlveolarFib
I-8406,all,31,15,7384,8700,10,33634,0,0,0,0,0,I,3,Alveolar fibroblast 1,41,15,3,3,3_4,AdventitialFib
I-8407,all,20,9,5926,9276,13,46290,0,0,0,0,0,I,4,Alveolar type 1 cell,42,9,6,6,6,AT1
I-8409,all,47,8,6694,9444,14,40703,0,0,0,0,0,I,41,Alveolar type 2 cell,48,8,1,1,1_3,AT2
I-8410,all,30,14,6627,9251,14,75044,0,0,0,0,0,I,15,Sox9+/Id2+ epithelial cell,43,15,3,3,3_5,SMC
I-8411,all,16,8,6444,8796,33,37473,0,0,0,0,0,I,9,Alveolar type 2 cell,35,8,1,1,1_3,AT2
I-8412,all,26,13,7386,8141,10,24285,0,0,0,0,0,I,2,Alveolar type 1 cell,46,13,6,6,6,AT1
I-8413,all,13,10,7272,8869,6,29467,0,0,0,0,0,I,2,Alveolar type 1 cell,34,10,6,6,6,AT1
I-8416,all,8,7,6392,9423,7,10832,0,0,0,0,0,I,2,Endothelial progenitor cell,30,8,2,2,2_1,Capillary
I-8417,all,20,8,6807,9400,23,46898,0,0,0,0,0,I,16,Alveolar type 2 cell,42,8,1,1,1_3,AT2
I-8419,all,42,7,5631,8633,28,47156,0,0,0,0,0,I,38,Alveolar type 2 cell,46,7,1,1,1_3,AT2
I-8420,all,6,3,6203,9448,40,8023,0,0,0,0,0,I,2,Capillary 1 cell,25,6,2,2,2_3,Vein
I-8422,all,19,18,7112,8138,9,17333,0,0,0,0,0,I,2,Alveolar type 1 cell,43,18,2,2,2_1,Capillary
I-8423,all,28,5,6783,9337,35,22653,0,0,0,0,0,I,24,Sox9+/Id2+ epithelial cell,45,5,1,1,1_1,AT2
I-8425,all,30,11,5815,9405,24,33155,0,0,0,0,0,I,13,Capillary 1 cell,44,11,2,2,2_1,Capillary
I-8427,all,27,10,7157,8855,23,36460,0,0,0,0,0,I,5,Alveolar type 1 cell,43,10,6,6,6,AT1
I-8431,all,12,7,5800,8433,26,26770,0,0,0,0,0,I,3,Proliferative mesenchymal progenitor cell,29,7,2,2,2_3,Vein
I-8432,all,41,17,5622,9315,36,88183,0,0,0,0,0,I,4,Alveolar type 1 cell,45,17,6,6,6,AT1
I-8433,all,7,4,6154,9471,21,56837,0,0,0,0,0,I,2,Arterial endothelial cell,31,6,2,2,2_4,Artery
I-8435,all,33,11,7181,8025,13,23990,0,0,0,0,0,I,25,Alveolar type 2 cell,42,11,1,1,1_1,AT2
I-8436,all,24,8,6018,8453,26,34979,0,0,0,0,0,I,14,Alveolar type 2 cell,44,8,1,1,1_1,AT2
I-8443,all,28,10,5890,8302,34,37531,0,0,0,0,0,I,2,Alveolar type 1 cell,43,10,6,6,6,AT1
I-8444,all,12,5,6220,9237,18,33981,0,0,0,0,0,I,7,Sox9+/Id2+ epithelial cell,39,5,1,1,1_1,AT2
I-8445,all,38,26,7144,8038,11,23926,0,0,0,0,0,I,10,Alveolar type 1 cell,43,26,1,1,1_1,AT2
I-8447,all,26,7,6194,9268,19,39600,0,0,0,0,0,I,20,Alveolar type 2 cell,46,7,1,1,1_3,AT2
I-8449,all,17,9,5946,9083,7,18390,0,0,0,0,0,I,2,B cell,37,9,2,2,2_6,pDC
I-8450,all,23,16,6976,9104,36,51809,0,0,0,0,0,I,3,Endothelial progenitor cell,41,16,3,3,3_4,AdventitialFib
I-8451,all,67,22,6330,8170,21,52504,161,0,161,0,1,I,46,Alveolar type 2 cell,55,22,1,1,1_3,AT2
I-8452,all,19,5,6843,9427,29,26293,0,0,0,0,0,I,16,Pericyte,41,6,3,3,3_5,SMC
I-8453,all,9,3,5466,7593,22,14565,0,0,0,0,0,I,7,Sox9+/Id2+ epithelial cell,35,4,1,1,1_1,AT2
I-8457,all,17,13,6081,8508,11,27983,0,0,0,0,0,I,6,Pericyte,36,13,5,5,5_1,Pericyte
I-8460,all,8,6,5655,8057,6,9965,0,0,0,0,0,I,2,Alveolar type 1 cell,28,7,6,6,6,AT1
I-8462,all,108,23,6630,8604,23,102119,0,0,0,0,0,I,75,Alveolar type 2 cell,52,16,1,1,1_1,AT2
I-8463,all,16,9,5916,8802,17,57495,0,0,0,0,0,I,6,Alveolar fibroblast 1,36,10,3,3,3_5,SMC
I-8466,all,11,6,7046,9470,35,30994,0,0,0,0,0,I,2,Sox9+/Id2+ epithelial cell,30,7,1,1,1_6_2,Neutrophil
I-8467,all,7,3,5994,9100,17,23258,0,0,0,0,0,I,2,Alveolar type 1 cell,25,6,6,6,6,AT1
I-8470,all,24,16,6048,8464,23,50717,0,0,0,0,0,I,12,AT1/AT2,46,16,6,6,6,AT1
I-8471,all,42,13,5654,8097,9,33230,0,0,0,0,0,I,3,Alveolar type 1 cell,45,13,6,6,6,AT1
I-8472,all,23,15,5758,8976,26,102359,0,0,0,0,0,I,4,Alveolar fibroblast 1,40,15,6,6,6,AT1
I-8475,all,25,15,6627,9439,32,61129,0,0,0,0,0,I,4,Arterial endothelial cell,45,15,9,9,9,Bcell
I-8478,all,15,7,5886,8537,27,20004,0,0,0,0,0,I,3,Alveolar type 1 cell,37,7,6,6,6,AT1
I-8482,all,32,12,5628,8078,15,24625,0,0,0,0,0,I,7,Alveolar type 1 cell,42,12,6,6,6,AT1
I-8489,all,15,9,6168,9221,14,28717,0,0,0,0,0,I,4,Alveolar fibroblast 1,32,9,2,2,2_6,pDC
I-8492,all,21,8,6004,9075,10,10084,0,0,0,0,0,I,6,Arterial endothelial cell,40,8,2,2,2_3,Vein
I-8502,all,44,22,7396,8178,9,24425,0,0,0,0,0,I,8,Alveolar type 1 cell,45,22,6,6,6,AT1
I-8503,all,20,9,5995,8802,18,58999,0,0,0,0,0,I,13,Alveolar type 2 cell,41,9,1,1,1_1,AT2
I-8504,all,19,13,7311,8369,33,31927,0,0,0,0,0,I,2,B cell,38,13,9,9,9,Bcell
I-8506,all,14,7,6834,9399,32,26251,0,0,0,0,0,I,8,Sox9+/Id2+ epithelial cell,37,7,1,1,1_1,AT2
I-8507,all,9,6,6047,9075,12,18305,0,0,0,0,0,I,2,Sox9+/Id2+ epithelial cell,30,6,6,6,6,AT1
I-8514,all,95,35,7970,1808,18,71045,0,0,0,0,0,I,2,T regulatory cell,59,35,1,1,1_6_2,Neutrophil
I-8515,all,79,39,7548,294,19,73562,0,0,0,0,0,I,8,CD4+ T cell,59,40,3,3,3_2,SMC
I-8517,all,94,38,7655,696,23,68458,0,0,0,0,0,I,9,Secondary crest myofibroblast,63,38,3,3,3_2,SMC
I-8518,all,39,14,7661,606,13,36757,0,0,0,0,0,I,3,Airway smooth muscle cell,44,15,3,3,3_1,SMC
I-8519,all,242,55,8198,1945,24,109244,165,0,165,0,1,I,11,Endothelial progenitor cell,53,30,1,1,1_2_1,Tcell (CD4)
I-8520,all,99,47,7731,1266,23,34234,0,0,0,0,0,I,5,CD4+ T cell,63,45,1,1,1_2_1,Tcell (CD4)
I-8522,all,89,36,7485,1877,30,44174,0,0,0,0,0,I,2,T regulatory cell,61,37,1,1,1_6_2,Neutrophil
I-8523,all,398,97,8079,1879,22,107223,0,0,0,0,0,I,166,Arterial endothelial cell,47,36,4,4,4_1_2,CiliatedEpi
I-8526,all,228,78,7659,239,15,65364,0,0,0,0,0,I,80,Ciliated cell,43,30,4,4,4_1_2,CiliatedEpi
I-8529,all,170,68,7613,119,24,67777,0,0,0,0,0,I,92,Venous endothelial cell,48,24,4,4,4_2,ClubEpi
I-8531,all,81,39,7775,1116,33,52465,0,0,0,0,0,I,7,CD4+ T cell,59,39,1,1,1_2_3,Tcell (CD4)
I-8532,all,311,75,7598,1684,30,87955,0,0,0,0,0,I,11,Inflammatory monocyte,57,42,1,1,1_2_1,Tcell (CD4)
I-8533,all,287,53,7885,1315,18,82555,0,0,0,0,0,I,199,Alveolar type 1 cell,52,12,4,4,4_2,ClubEpi
I-8534,all,487,88,7881,1242,21,133754,0,0,0,0,0,I,296,Endothelial progenitor cell,48,38,4,4,4_2,CiliatedEpi
I-8536,all,217,62,7932,1499,17,63998,0,0,0,0,0,I,88,Alveolar type 1 cell,46,28,4,4,4_1_2,CiliatedEpi
I-8537,all,226,87,7581,81,24,110750,0,0,0,0,0,I,80,Arterial endothelial cell,48,37,4,4,4_1_2,CiliatedEpi
I-8539,all,117,46,7710,1209,25,47490,0,0,0,0,0,I,3,Alveolar fibroblast 1,45,23,3,3,3_4,AdventitialFib
I-8540,all,474,96,8002,1583,29,101265,0,0,0,0,0,I,261,Ciliated cell,50,19,4,4,4_2,ClubEpi
I-8542,all,177,67,8005,1791,16,95014,0,0,0,0,0,I,52,Inflammatory monocyte,47,31,4,4,4_1_2,CiliatedEpi
I-8543,all,213,77,7992,1446,35,68640,0,0,0,0,0,I,116,Endothelial progenitor cell,49,21,4,4,4_2,ClubEpi
I-8546,all,159,63,8040,1963,17,82171,0,0,0,0,0,I,9,Innate lymphoid cell,55,40,3,3,3_2,SMC
I-8547,all,159,60,8029,1490,38,39209,0,0,0,0,0,I,65,Endothelial progenitor cell,58,44,4,4,4_1_2,CiliatedEpi
I-8548,all,68,27,7499,1123,14,66608,0,0,0,0,0,I,9,B cell,54,27,9,9,9,Bcell
I-8549,all,157,53,7676,323,15,36911,0,0,0,0,0,I,74,Venous endothelial cell,62,45,4,4,4_2,CiliatedEpi
I-8550,all,75,34,7698,774,16,97993,0,0,0,0,0,I,6,CD4+ T cell,54,34,1,1,1_2_1,Tcell (CD4)
I-8552,all,37,22,7792,1299,15,16587,0,0,0,0,0,I,3,CD4+ T cell,42,22,1,1,1_2_1,Tcell (CD4)
I-8557,all,145,46,7699,1399,14,96734,0,0,0,0,0,I,15,CD4+ T cell,53,29,7,7,7_3,Tcell (CD8)
I-8559,all,464,106,7769,632,27,132400,0,0,0,0,0,I,216,Endothelial progenitor cell,46,19,4,4,4_2,ClubEpi
I-8560,all,105,50,7694,712,22,94220,0,0,0,0,0,I,8,CD4+ T cell,58,42,3,3,3_2,SMC
I-8561,all,95,41,7515,174,25,66623,0,0,0,0,0,I,12,Secondary crest myofibroblast,64,38,3,3,3_2,SMC
I-8562,all,64,30,7584,518,13,47498,0,0,0,0,0,I,12,Airway smooth muscle cell,55,31,3,3,3_2,SMC
I-8563,all,221,59,7738,1943,32,83939,0,0,0,0,0,I,4,Inflammatory monocyte,53,31,1,1,1_2_1,Tcell (CD4)
I-8565,all,455,103,7786,762,22,137929,0,0,0,0,0,I,254,Arterial endothelial cell,47,15,4,4,4_2,ClubEpi
I-8570,all,71,36,7661,645,29,64336,0,0,0,0,0,I,3,CD4+ T cell,54,37,3,3,3_2,SMC
I-8571,all,124,45,7696,1179,22,45076,0,0,0,0,0,I,4,Mesothelial cell,45,22,3,3,3_3,AdventitialFib
I-8572,all,308,90,7629,71,22,86423,0,0,0,0,0,I,122,Ciliated cell,48,25,4,4,4_1_2,ClubEpi
I-8573,all,463,96,8047,1778,21,147631,0,0,0,0,0,I,223,Ciliated cell,48,36,4,4,4_2,CiliatedEpi
I-8574,all,232,74,7565,29,25,99944,0,0,0,0,0,I,96,Capillary 1 cell,49,37,4,4,4_2,CiliatedEpi
I-8575,all,90,31,7666,1149,23,33834,0,0,0,0,0,I,4,CD4+ T cell,59,31,1,1,1_2_1,Tcell (CD4)
I-8576,all,136,38,7914,1523,13,39826,0,0,0,0,0,I,79,Secretory cell,49,12,4,4,4_2,ClubEpi
I-8577,all,126,40,7649,129,14,26373,0,0,0,0,0,I,65,Endothelial progenitor cell,57,39,4,4,4_2,CiliatedEpi
I-8578,all,164,56,7579,721,29,74900,0,0,0,0,0,I,3,T regulatory cell,51,28,1,1,1_6_2,Neutrophil
I-8579,all,346,100,7843,988,23,115740,0,0,0,0,0,I,150,Endothelial progenitor cell,47,23,4,4,4_2,ClubEpi
I-8580,all,82,37,7881,1541,21,51105,0,0,0,0,0,I,7,Proliferative mesenchymal progenitor cell,60,38,3,3,3_2,SMC
I-8585,all,245,56,7587,1031,31,85656,0,0,0,0,0,I,5,CD4+ T cell,52,29,1,1,1_6_2,Neutrophil
I-8586,all,156,55,7569,364,30,72965,0,0,0,0,0,I,6,Alveolar fibroblast 1,50,28,3,3,3_4,AdventitialFib
I-8588,all,63,27,7753,1284,19,20372,0,0,0,0,0,I,2,T regulatory cell,55,28,1,1,1_6_2,Neutrophil
I-8590,all,87,44,7612,425,18,61463,0,0,0,0,0,I,19,Inflammatory monocyte,59,45,3,3,3_1,SMC
I-8591,all,90,43,7785,901,31,62710,0,0,0,0,0,I,14,Inflammatory monocyte,62,43,3,3,3_3,AdventitialFib
I-8593,all,146,51,7641,1761,32,95118,0,0,0,0,0,I,3,Mesothelial cell,50,30,3,3,3_3,AdventitialFib
I-8595,all,389,98,7644,338,23,125075,0,0,0,0,0,I,177,Ciliated cell,50,40,4,4,4_2,CiliatedEpi
I-8596,all,127,49,7647,1100,28,73907,0,0,0,0,0,I,13,T regulatory cell,47,29,1,1,1_2_1,Tcell (CD4)
I-8600,all,108,53,7835,804,35,29546,0,0,0,0,0,I,35,Alveolar type 2 cell,59,36,4,4,4_1_2,ClubEpi
I-8601,all,269,80,7804,822,23,91947,0,0,0,0,0,I,138,Ciliated cell,49,24,4,4,4_2,ClubEpi
I-8602,all,140,51,7681,1319,33,70799,0,0,0,0,0,I,7,Inflammatory monocyte,50,30,9,9,9,Bcell
I-8603,all,134,47,7501,324,13,73558,0,0,0,0,0,I,11,CD4+ T cell,50,29,1,1,1_2_1,Tcell (CD4)
I-8604,all,210,76,7764,581,29,62641,0,0,0,0,0,I,60,Arterial endothelial cell,46,32,4,4,4_1_2,CiliatedEpi
I-8605,all,129,53,7556,125,23,70766,0,0,0,0,0,I,5,T regulatory cell,46,25,1,1,1_6_2,Neutrophil
I-8606,all,247,62,7945,1453,22,54122,0,0,0,0,0,I,150,Arterial endothelial cell,53,21,4,4,4_2,ClubEpi
I-8607,all,453,106,8106,1975,22,111422,0,0,0,0,0,I,190,Secretory cell,42,15,4,4,4_2,ClubEpi
I-8610,all,164,49,8052,1837,20,35859,0,0,0,0,0,I,77,Ciliated cell,64,44,4,4,4_2,CiliatedEpi
I-8612,all,405,115,8088,1820,29,119886,0,0,0,0,0,I,154,Ciliated cell,41,30,4,4,4_1_2,CiliatedEpi
I-8614,all,99,41,7473,1737,18,50743,0,0,0,0,0,I,7,CD4+ T cell,62,37,1,1,1_2_1,Tcell (CD4)
I-8615,all,420,104,7831,878,25,107045,0,0,0,0,0,I,206,Venous endothelial cell,48,23,4,4,4_2,ClubEpi
I-8617,all,127,53,7634,1148,23,49600,0,0,0,0,0,I,5,Proliferative mesenchymal progenitor cell,44,24,7,7,7_3,Tcell (CD8)
I-8618,all,146,56,7703,842,30,96208,0,0,0,0,0,I,6,Secondary crest myofibroblast,52,36,3,3,3_6,SCMF
I-8619,all,93,44,7506,1754,26,36924,0,0,0,0,0,I,4,Natural killer cell,59,44,2,2,2_5,DC
I-8621,all,83,43,7706,1902,36,33575,0,0,0,0,0,I,8,Inflammatory monocyte,60,43,1,1,1_2_3,Tcell (CD4)
I-8622,all,54,26,7616,1854,39,26594,0,0,0,0,0,I,4,Alveolar type 1 cell,53,26,7,7,7_3,Tcell (CD8)
I-8623,all,140,44,7672,166,7,25914,0,0,0,0,0,I,74,Endothelial progenitor cell,60,43,4,4,4_2,CiliatedEpi
I-8625,all,159,52,7484,1841,21,79845,0,0,0,0,0,I,3,T regulatory cell,55,37,1,1,1_6_2,Neutrophil
I-8626,all,143,52,7583,1511,24,75494,0,0,0,0,0,I,2,Proliferative mesenchymal progenitor cell,47,26,3,3,3_3,AdventitialFib
I-8627,all,118,58,7603,172,28,50673,0,0,0,0,0,I,36,Alveolar type 2 cell,68,56,4,4,4_1_2,CiliatedEpi
I-8630,all,320,99,7633,160,21,69046,0,0,0,0,0,I,157,Endothelial progenitor cell,44,19,4,4,4_2,ClubEpi
I-8631,all,91,39,7481,29,19,72257,0,0,0,0,0,I,9,Secondary crest myofibroblast,64,39,3,3,3_2,SMC
I-8633,all,193,55,7573,852,22,87630,0,0,0,0,0,I,12,Proliferative mesenchymal progenitor cell,54,31,3,3,3_4,AdventitialFib
I-8635,all,196,54,7945,1590,16,71176,0,0,0,0,0,I,64,Capillary 1 cell,44,24,4,4,4_1_2,CiliatedEpi
I-8637,all,89,28,8038,1279,6,17039,0,0,0,0,0,I,39,Ciliated cell,54,28,4,4,4_2,CiliatedEpi
I-8641,all,277,74,7655,426,21,84770,0,0,0,0,0,I,125,Capillary 1 cell,45,36,4,4,4_2,CiliatedEpi
I-8643,all,160,62,8019,1700,29,62081,0,0,0,0,0,I,62,Capillary 1 cell,48,26,4,4,4_1_2,ClubEpi
I-8644,all,487,115,8022,1647,27,116917,0,0,0,0,0,I,276,Ciliated cell,44,15,4,4,4_2,ClubEpi
I-8645,all,446,109,7923,1300,29,131551,0,0,0,0,0,I,211,Arterial endothelial cell,49,23,4,4,4_2,ClubEpi
I-8649,all,137,56,8061,1643,35,49156,0,0,0,0,0,I,34,Arterial endothelial cell,45,31,4,4,4_1_1,CiliatedEpi
I-8656,all,21,12,7863,1432,14,16109,0,0,0,0,0,I,2,Proliferative mesenchymal progenitor cell,37,13,3,3,3_1,SMC
I-8658,all,232,75,7909,1219,30,70198,0,0,0,0,0,I,64,Alveolar type 1 cell,52,29,4,4,4_1_2,ClubEpi
I-8660,all,357,88,7650,1000,19,129723,105,0,105,0,1,I,28,Inflammatory monocyte,52,37,7,7,7_3,Tcell (CD8)
I-8662,all,96,47,7678,1879,35,42789,0,0,0,0,0,I,5,Inflammatory monocyte,64,46,7,7,7_3,Tcell (CD8)
I-8666,all,300,100,8075,1927,20,97205,0,0,0,0,0,I,104,Ciliated cell,53,41,4,4,4_1_2,CiliatedEpi
I-8672,all,207,81,7744,542,32,70221,0,0,0,0,0,I,65,Ciliated cell,41,29,4,4,4_1_2,CiliatedEpi
I-8673,all,102,46,7654,961,32,38703,0,0,0,0,0,I,3,CD4+ T cell,64,45,1,1,1_6_2,Neutrophil
I-8675,all,57,24,7592,1564,40,21656,0,0,0,0,0,I,5,Mesothelial cell,54,24,3,3,3_3,AdventitialFib
I-8676,all,43,29,7818,1739,33,14847,0,0,0,0,0,I,4,Mesothelial cell,43,29,3,3,3_3,AdventitialFib
I-8678,all,124,51,7606,884,28,41989,0,0,0,0,0,I,7,Inflammatory monocyte,44,27,2,2,2_5,DC
I-8679,all,166,44,7805,859,17,46755,0,0,0,0,0,I,92,Endothelial progenitor cell,59,43,4,4,4_2,CiliatedEpi
I-8682,all,56,34,7624,461,33,28415,0,0,0,0,0,I,4,Alveolar fibroblast 1,56,35,3,3,3_1,SMC
I-8683,all,229,93,7688,399,31,63438,0,0,0,0,0,I,75,Arterial endothelial cell,50,35,4,4,4_1_2,ClubEpi
I-8684,all,427,120,7630,264,23,144303,0,0,0,0,0,I,173,Alveolar fibroblast 1,41,22,4,4,4_1_2,ClubEpi
I-8685,all,150,56,7797,1765,22,62092,0,0,0,0,0,I,6,Alveolar macrophage,46,21,3,3,3_3,AdventitialFib
I-8686,all,59,34,7574,893,29,33728,0,0,0,0,0,I,3,Mesothelial cell,57,34,3,3,3_3,AdventitialFib
I-8687,all,83,33,7592,760,32,23182,0,0,0,0,0,I,5,Mesothelial cell,59,33,3,3,3_3,AdventitialFib
I-8693,all,114,50,7944,2790,20,59778,0,0,0,0,0,I,5,Inflammatory monocyte,48,28,3,3,3_4,AdventitialFib
I-8694,all,135,33,8335,2987,18,64561,0,0,0,0,0,I,96,Ciliated cell,46,33,4,4,4_2,CiliatedEpi
I-8695,all,244,43,7751,3146,21,70629,708113,467848,281041,0.6247228,0.3752772,I,3,B cell,53,13,1,1,1_6_2,Neutrophil
I-8696,all,41,20,8136,3411,20,70222,0,0,0,0,0,I,4,CD4+ T cell,44,21,1,1,1_4_1,AlveolarFib
I-8697,all,43,26,8131,2845,19,50634,0,0,0,0,0,I,13,Inflammatory monocyte,42,26,2,2,2_6,pDC
I-8698,all,186,71,7596,2727,26,89789,0,0,0,0,0,I,18,Inflammatory monocyte,54,36,3,3,3_3,AdventitialFib
I-8701,all,68,27,7696,3203,26,58615,0,0,0,0,0,I,2,CD4+ T cell,57,27,1,1,1_2_1,Tcell (CD4)
I-8704,all,68,23,7792,3573,33,62699,32455,57,32398,0.001756278,0.9982437,I,7,CD8+ T cell,55,24,2,2,2_2,InflamMac
I-8706,all,188,40,8546,3353,30,69997,0,0,0,0,0,I,140,Alveolar type 1 cell,55,15,4,4,4_2,ClubEpi
I-8707,all,78,41,7976,3076,13,29710,0,0,0,0,0,I,5,CD8+ T cell,57,41,1,1,1_2_1,Tcell (CD4)
I-8709,all,113,25,8517,3228,39,31396,0,0,0,0,0,I,75,Capillary 1 cell,45,25,4,4,4_2,CiliatedEpi
I-8710,all,68,34,7643,2723,23,34075,0,0,0,0,0,I,2,CD4+ T cell,57,34,1,1,1_2_1,Tcell (CD4)
I-8713,all,29,17,8120,3176,13,32393,0,0,0,0,0,I,3,B cell,38,17,9,9,9,Bcell
I-8714,all,97,26,8562,3739,22,81866,0,0,0,0,0,I,67,Capillary 1 cell,61,24,4,4,4_2,ClubEpi
I-8715,all,127,46,7656,3020,24,62420,63958,19174,55846,0.2555852,0.7444148,I,6,CD8+ T cell,46,20,7,7,7_2,PatrolMac
I-8716,all,57,31,8079,2387,33,40969,0,0,0,0,0,I,2,Vascular smooth muscle cell,56,32,3,3,3_2,SMC
I-8720,all,93,52,8093,2859,18,61578,0,0,0,0,0,I,8,B cell,66,52,2,2,2_2,InflamMac
I-8721,all,77,31,7650,3287,30,60597,0,0,0,0,0,I,3,Innate lymphoid cell,60,33,2,2,2_5,DC
I-8723,all,118,53,7778,2988,23,64556,0,0,0,0,0,I,10,Inflammatory monocyte,44,28,7,7,7_3,Tcell (CD8)
I-8726,all,149,43,8503,3317,30,83854,0,0,0,0,0,I,71,Ciliated cell,63,42,4,4,4_2,CiliatedEpi
I-8727,all,109,20,8562,3682,23,87014,0,0,0,0,0,I,91,Ciliated cell,44,20,4,4,4_2,CiliatedEpi
I-8728,all,172,43,8385,2896,32,78644,0,0,0,0,0,I,111,Alveolar type 2 cell,60,43,4,4,4_2,CiliatedEpi
I-8729,all,245,56,7787,3102,22,93397,79808,9721,70087,0.1218048,0.8781952,I,2,CD4+ T cell,56,22,1,1,1_6_2,Neutrophil
I-8732,all,47,31,7920,2217,40,27045,0,0,0,0,0,I,3,B cell,47,31,8,8,8_1,AlveolarMac
I-8733,all,182,37,8680,3808,35,49944,0,0,0,0,0,I,126,Secretory cell,55,15,4,4,4_2,ClubEpi
I-8734,all,52,14,8286,2835,14,44602,0,0,0,0,0,I,35,Ciliated cell,41,14,4,4,4_2,CiliatedEpi
I-8737,all,132,30,8323,2635,35,37871,0,0,0,0,0,I,100,Ciliated cell,52,13,4,4,4_2,ClubEpi
I-8739,all,84,31,8412,3156,27,58997,0,0,0,0,0,I,49,B cell,45,30,4,4,4_2,CiliatedEpi
I-8740,all,64,36,8148,2475,23,51189,0,0,0,0,0,I,7,Alveolar fibroblast 1,59,37,3,3,3_2,SMC
I-8742,all,193,68,8149,2974,20,69755,0,0,0,0,0,I,11,Interstitial macrophage,54,35,3,3,3_4,AdventitialFib
I-8745,all,141,36,8540,3396,30,76512,0,0,0,0,0,I,66,Neutrophil,59,36,4,4,4_2,CiliatedEpi
I-8748,all,130,30,7438,2215,8,51589,0,0,0,0,0,I,5,Innate lymphoid cell,53,16,7,7,7_3,Tcell (CD8)
I-8750,all,67,31,8060,2137,18,72246,0,0,0,0,0,I,12,Secondary crest myofibroblast,58,31,3,3,3_2,SMC
I-8752,all,66,29,7630,3191,32,35321,0,0,0,0,0,I,5,Endothelial progenitor cell,55,30,1,1,1_5_2,AlveolarFib
I-8755,all,134,19,8546,3283,38,36943,0,0,0,0,0,I,110,Capillary 1 cell,38,19,4,4,4_2,CiliatedEpi
I-8757,all,31,19,7719,3485,21,24250,0,0,0,0,0,I,4,Alveolar fibroblast 1,39,19,1,1,1_5_2,AlveolarFib
I-8758,all,133,51,7924,2764,18,57455,0,0,0,0,0,I,7,Arterial endothelial cell,49,25,3,3,3_3,AdventitialFib
I-8759,all,152,58,7840,3027,23,62552,0,0,0,0,0,I,12,CD4+ T cell,51,30,1,1,1_2_1,Tcell (CD4)
I-8760,all,87,42,8002,2272,17,46783,0,0,0,0,0,I,7,Interstitial macrophage,62,41,8,8,8_3,InterstitialMac
I-8764,all,106,47,7989,2315,18,47573,0,0,0,0,0,I,10,Alveolar macrophage,59,40,8,8,8_1,AlveolarMac
I-8766,all,32,17,8098,2243,29,32696,0,0,0,0,0,I,3,Secondary crest myofibroblast,43,18,3,3,3_2,SMC
I-8767,all,111,29,8302,2544,34,54809,0,0,0,0,0,I,80,Alveolar fibroblast 1,51,13,4,4,4_2,ClubEpi
I-8769,all,222,58,7530,2313,28,93479,0,0,0,0,0,I,18,Inflammatory monocyte,56,25,7,7,7_3,Tcell (CD8)
I-8772,all,92,43,7829,3512,26,108593,0,0,0,0,0,I,9,Neutrophil,64,43,5,5,5_3,Pericyte
I-8773,all,35,20,7661,2599,15,20027,0,0,0,0,0,I,2,B cell,41,20,9,9,9,Bcell
I-8774,all,273,30,8422,3202,23,110100,0,0,0,0,0,I,224,Capillary 1 cell,57,7,4,4,4_2,ClubEpi
I-8775,all,125,60,7616,2619,22,62316,34239,381,34132,0.01103932,0.9889607,I,9,Inflammatory monocyte,43,29,7,7,7_2,PatrolMac
I-8776,all,25,12,8006,3573,12,62951,0,0,0,0,0,I,6,Secondary crest myofibroblast,41,13,3,3,3_2,SMC
I-8777,all,135,63,7877,2747,16,54308,0,0,0,0,0,I,20,Mature DC subset,44,27,1,1,1_2_1,Tcell (CD4)
I-8779,all,44,21,7781,3165,24,35256,11691,57,2797,0.01997197,0.980028,I,3,Sox9+/Id2+ epithelial cell,45,21,7,7,7_3,Tcell (CD8)
I-8780,all,45,29,7704,2945,22,33287,0,0,0,0,0,I,4,CD4+ T cell,45,29,7,7,7_3,Tcell (CD8)
I-8782,all,200,73,8027,2415,15,67350,0,0,0,0,0,I,22,Alveolar fibroblast 1,53,30,1,1,1_3,AT2
I-8783,all,91,30,8244,2878,24,73836,0,0,0,0,0,I,4,Secondary crest myofibroblast,59,31,3,3,3_2,SMC
I-8784,all,91,45,7691,2783,27,42186,854,303,854,0.2618842,0.7381158,I,13,Innate lymphoid cell,63,45,1,1,1_6_2,Neutrophil
I-8785,all,249,77,8086,2449,17,113478,0,0,0,0,0,I,20,Alveolar fibroblast 1,49,27,3,3,3_3,AdventitialFib
I-8787,all,185,67,7889,2865,29,78846,0,0,0,0,0,I,19,B cell,52,32,1,1,1_2_1,Tcell (CD4)
I-8788,all,18,10,8273,3154,20,48630,0,0,0,0,0,I,2,T regulatory cell,38,11,1,1,1_6_2,Neutrophil
I-8792,all,58,28,8021,2624,24,25913,0,0,0,0,0,I,4,Inflammatory monocyte,55,28,3,3,3_3,AdventitialFib
I-8793,all,28,17,8185,3536,16,101959,0,0,0,0,0,I,5,Alveolar type 1 cell,41,18,3,3,3_2,SMC
I-8795,all,160,67,8033,2667,28,70957,0,0,0,0,0,I,24,Alveolar fibroblast 2,50,30,7,7,7_3,Tcell (CD8)
I-8797,all,90,46,7812,2338,15,27247,0,0,0,0,0,I,2,T regulatory cell,66,47,1,1,1_6_2,Neutrophil
I-8798,all,35,23,7642,2092,31,26313,0,0,0,0,0,I,3,B cell,40,23,9,9,9,Bcell
I-8799,all,54,35,7770,3294,20,48606,0,0,0,0,0,I,5,Alveolar macrophage,53,35,2,2,2_6,pDC
I-8800,all,128,47,7815,2306,11,45455,0,0,0,0,0,I,10,Mesothelial cell,51,33,2,2,2_2,InflamMac
I-8801,all,148,58,7439,2527,28,67207,12583,684,12065,0.05365127,0.9463487,I,15,Inflammatory monocyte,48,23,7,7,7_3,Tcell (CD8)
I-8803,all,77,35,7691,3728,12,51949,0,0,0,0,0,I,4,Chondrocyte,59,37,2,2,2_5,DC
I-8805,all,226,75,7596,2850,23,88090,0,0,0,0,0,I,13,B cell,53,33,9,9,9,Bcell
I-8806,all,33,16,7952,2665,8,20848,0,0,0,0,0,I,3,Innate lymphoid cell,41,16,7,7,7_4,PatrolMac
I-8809,all,44,23,7733,2603,18,22612,0,0,0,0,0,I,7,Mesothelial cell,44,23,3,3,3_3,AdventitialFib
I-8810,all,80,18,8531,3616,21,88502,0,0,0,0,0,I,62,Secretory cell,57,18,4,4,4_2,ClubEpi
I-8811,all,48,18,8371,3183,24,67683,0,0,0,0,0,I,30,Ciliated cell,40,16,4,4,4_2,CiliatedEpi
I-8814,all,47,18,7745,3491,12,29635,96441,33341,82874,0.2868907,0.7131093,I,8,CD8+ T cell,47,18,7,7,7_2,PatrolMac
I-8816,all,112,47,8076,2653,21,89568,0,0,0,0,0,I,9,T regulatory cell,50,28,7,7,7_3,Tcell (CD8)
I-8817,all,345,85,7665,3069,22,117038,130158,41039,87249,0.3198974,0.6801026,I,23,Alveolar macrophage,53,27,8,8,8_1,AlveolarMac
I-8820,all,207,35,8168,2129,24,58111,0,0,0,0,0,I,155,Ciliated cell,55,35,4,4,4_2,CiliatedEpi
I-8821,all,113,52,7780,2955,22,54003,0,0,0,0,0,I,16,Inflammatory monocyte,44,30,2,2,2_5,DC
I-8825,all,67,26,7728,3364,23,32487,0,0,0,0,0,I,2,B cell,58,26,9,9,9,Bcell
I-8826,all,103,46,7828,2995,23,67942,0,369,0,1,0,I,12,Alveolar type 2 cell,56,33,1,1,1_2_1,Tcell (CD4)
I-8827,all,102,29,8283,2580,34,59174,0,0,0,0,0,I,56,Ciliated cell,53,29,4,4,4_2,CiliatedEpi
I-8828,all,48,24,7747,3221,21,28975,0,0,0,0,0,I,2,B cell,48,24,9,9,9,Bcell
I-8829,all,166,66,7583,2928,26,53998,0,0,0,0,0,I,12,CD8+ T cell,51,35,2,2,2_2,InflamMac
I-8830,all,129,40,7497,2550,17,65167,2835,1309,2835,0.3158784,0.6841216,I,9,Proliferative mesenchymal progenitor cell,50,22,3,3,3_3,AdventitialFib
I-8831,all,24,10,8513,3452,20,27835,0,0,0,0,0,I,14,Ciliated cell,29,9,4,4,4_1_2,CiliatedEpi
I-8834,all,60,23,8026,3671,9,71836,0,0,0,0,0,I,8,Sox9+/Id2+ epithelial cell,55,23,4,4,4_1_3,ClubEpi
I-8836,all,194,62,7708,3166,21,59890,143159,51850,95662,0.3514968,0.6485032,I,9,Alveolar macrophage,53,29,8,8,8_2,InterstitialMac
I-8837,all,123,27,8367,2721,37,43387,0,0,0,0,0,I,87,Alveolar type 1 cell,43,27,4,4,4_2,CiliatedEpi
I-8838,all,291,70,7440,2585,22,101923,489822,37814,458373,0.07620917,0.9237908,I,29,Inflammatory monocyte,51,29,2,2,2_2,InflamMac
I-8840,all,37,23,7869,2475,32,17579,0,0,0,0,0,I,2,CD8+ T cell,41,23,1,1,1_2_1,Tcell (CD4)
I-8842,all,124,52,8070,2747,24,81216,0,0,0,0,0,I,12,Innate lymphoid cell,43,25,7,7,7_3,Tcell (CD8)
I-8844,all,136,55,7682,2531,15,77291,0,0,0,0,0,I,12,CD4+ T cell,47,24,7,7,7_3,Tcell (CD8)
I-8849,all,55,29,7420,2060,19,33563,0,0,0,0,0,I,6,Inflammatory monocyte,54,31,2,2,2_5,DC
I-8850,all,62,39,7786,2590,20,34697,0,0,0,0,0,I,2,Proliferative mesenchymal progenitor cell,58,40,1,1,1_6_2,Neutrophil
I-8851,all,20,13,7744,3831,31,23882,57,0,57,0,1,I,3,Alveolar type 1 cell,39,13,6,6,6,AT1
I-8854,all,119,51,7908,3097,30,79447,0,0,0,0,0,I,9,Natural killer cell,49,31,7,7,7_2,PatrolMac
I-8855,all,96,40,8228,2844,23,112924,0,0,0,0,0,I,9,B cell,61,38,3,3,3_2,SMC
I-8860,all,160,29,8555,3432,29,65316,0,0,0,0,0,I,121,Ciliated cell,47,29,4,4,4_2,CiliatedEpi
I-8862,all,60,34,7577,2829,18,27517,991,342,649,0.345106,0.654894,I,4,CD4+ T cell,55,35,3,3,3_2,SMC
I-8864,all,183,37,8635,3734,29,92194,0,0,0,0,0,I,135,Ciliated cell,56,36,4,4,4_2,CiliatedEpi
I-8867,all,110,51,7838,2553,27,41602,0,0,0,0,0,I,18,Interstitial macrophage,53,33,8,8,8_3,InterstitialMac
I-8868,all,48,31,7488,2653,20,23986,2840,22922,533,0.9772756,0.02272437,I,2,Inflammatory monocyte,51,32,2,2,2_2,InflamMac
I-8872,all,219,71,7735,2844,23,94105,25127,0,25127,0,1,I,8,Secondary crest myofibroblast,55,33,3,3,3_3,AdventitialFib
I-8873,all,91,46,7778,2559,24,49621,0,0,0,0,0,I,5,Innate lymphoid cell,62,47,2,2,2_5,DC
I-8875,all,57,20,7593,2978,23,19998,11848,14535,4917,0.7472239,0.2527761,I,4,Alveolar macrophage,52,20,9,9,9,Bcell
I-8876,all,127,52,7858,2580,31,47981,0,0,0,0,0,I,11,Interstitial macrophage,49,30,8,8,8_3,InterstitialMac
I-8879,all,20,12,7722,2640,8,7997,0,0,0,0,0,I,5,Natural killer cell,38,12,7,7,7_3,Tcell (CD8)
I-8880,all,67,38,7716,3082,23,38464,169551,219433,23506,0.9032432,0.0967568,I,4,B cell,60,38,8,8,8_2,InterstitialMac
I-8883,all,283,68,8109,2763,18,106888,0,0,0,0,0,I,27,Inflammatory monocyte,55,22,7,7,7_3,Tcell (CD8)
I-8884,all,115,45,7759,2143,17,86295,0,0,0,0,0,I,20,CD8+ T cell,47,30,2,2,2_2,InflamMac
I-8887,all,197,61,7736,3105,22,88265,525544,185740,268428,0.4089676,0.5910324,I,17,Inflammatory monocyte,56,31,2,2,2_6,pDC
I-8888,all,215,65,7511,2765,27,96570,2033,359,1674,0.1765863,0.8234137,I,11,Natural killer cell,53,30,7,7,7_3,Tcell (CD8)
I-8891,all,305,54,8378,2971,29,134625,0,0,0,0,0,I,212,Ciliated cell,52,11,4,4,4_2,ClubEpi
I-8892,all,237,80,8123,2935,23,130391,0,0,0,0,0,I,11,B cell,44,27,2,2,2_2,InflamMac
I-8893,all,178,69,7603,2181,32,86106,0,0,0,0,0,I,15,B cell,49,35,2,2,2_2,InflamMac
I-8894,all,281,84,7833,3107,25,127726,513,513,0,1,0,I,26,B cell,51,35,1,1,1_2_1,Tcell (CD4)
I-8896,all,110,45,7598,2558,28,39719,0,0,0,0,0,I,10,B cell,55,29,9,9,9,Bcell
I-8897,all,33,25,7750,3323,14,17595,410,0,410,0,1,I,2,Inflammatory monocyte,39,26,2,2,2_2,InflamMac
I-8898,all,91,46,8179,2881,25,47502,0,0,0,0,0,I,6,CD4+ T cell,64,45,7,7,7_2,PatrolMac
I-8899,all,55,27,8175,2825,26,63955,0,0,0,0,0,I,5,Alveolar fibroblast 1,53,28,3,3,3_2,SMC
I-8901,all,270,68,7674,2981,22,117743,0,0,0,0,0,I,11,Alveolar macrophage,55,22,7,7,7_3,Tcell (CD8)
I-8902,all,131,27,8429,3012,37,45308,0,0,0,0,0,I,102,Alveolar type 2 cell,41,27,4,4,4_2,CiliatedEpi
I-8904,all,223,83,7644,2842,22,108642,22932,18071,7570,0.7047697,0.2952303,I,27,CD4+ T cell,52,38,2,2,2_6,pDC
I-8906,all,78,28,7683,3249,28,49698,0,0,0,0,0,I,5,Natural killer cell,58,28,7,7,7_3,Tcell (CD8)
I-8908,all,36,15,8091,3712,30,87943,0,0,0,0,0,I,9,B cell,42,15,9,9,9,Bcell
I-8916,all,86,47,7723,2542,21,38537,0,0,0,0,0,I,6,Mature DC subset,63,47,3,3,3_3,AdventitialFib
I-8920,all,57,16,7792,3504,22,43746,140248,129678,79755,0.6191861,0.3808139,I,8,CD4+ T cell,52,17,3,3,3_2,SMC
I-8922,all,108,50,8063,2817,33,52556,0,0,0,0,0,I,12,Inflammatory monocyte,61,39,1,1,1_2_1,Tcell (CD4)
I-8923,all,48,25,7573,2986,22,26175,0,0,0,0,0,I,4,Sox9+/Id2+ epithelial cell,49,26,1,1,1_6_2,Neutrophil
I-8925,all,82,34,7707,2468,27,40748,0,0,0,0,0,I,3,T regulatory cell,59,35,1,1,1_6_2,Neutrophil
I-8926,all,27,15,7966,3267,33,47407,0,0,0,0,0,I,2,Natural killer cell,41,16,2,2,2_2,InflamMac
I-8928,all,100,43,7810,2632,22,43996,0,0,0,0,0,I,7,Alveolar fibroblast 1,62,39,7,7,7_3,Tcell (CD8)
I-8932,all,66,35,8008,3207,21,52482,0,0,0,0,0,I,14,Alveolar fibroblast 1,60,36,1,1,1_5_2,AlveolarFib
I-8937,all,77,43,7444,2080,24,44989,0,0,0,0,0,I,13,CD4+ T cell,56,43,8,8,8_2,InterstitialMac
I-8939,all,85,30,7550,2818,19,34831,43958,29622,15128,0.6619441,0.3380559,I,2,B cell,58,30,9,9,9,Bcell
I-8941,all,94,39,8043,2590,31,34317,0,0,0,0,0,I,10,Inflammatory monocyte,63,40,2,2,2_2,InflamMac
I-8942,all,32,9,8276,2805,12,14719,0,0,0,0,0,I,25,Inflammatory monocyte,34,9,4,4,4_2,CiliatedEpi
I-8943,all,156,59,7522,2419,27,88230,0,0,0,0,0,I,12,B cell,50,31,1,1,1_2_1,Tcell (CD4)
I-8945,all,48,31,7782,2933,22,26874,0,0,0,0,0,I,4,Mesothelial cell,48,31,3,3,3_3,AdventitialFib
I-8946,all,28,16,7687,2582,24,22118,0,0,0,0,0,I,4,Capillary 1 cell,40,17,1,1,1_4_1,AlveolarFib
I-8947,all,324,106,7646,2889,22,148701,859,0,859,0,1,I,21,Inflammatory monocyte,47,30,7,7,7_2,PatrolMac
I-8948,all,76,41,7721,3055,13,44391,103328,63405,5750,0.9168534,0.08314655,I,9,Proliferative mesenchymal progenitor cell,58,41,1,1,1_5_2,AlveolarFib
I-8949,all,218,66,8127,2418,25,129172,0,0,0,0,0,I,22,CD8+ T cell,56,29,7,7,7_3,Tcell (CD8)
I-8953,all,107,27,8402,3029,32,39924,0,0,0,0,0,I,70,Neutrophil,42,26,4,4,4_2,CiliatedEpi
I-8954,all,33,13,8205,2569,12,17960,0,0,0,0,0,I,19,Secretory cell,42,13,4,4,4_2,ClubEpi
I-8957,all,83,46,7491,2457,23,46643,0,0,0,0,0,I,6,Alveolar fibroblast 2,61,46,3,3,3_3,AdventitialFib
I-8959,all,68,38,8207,3095,29,66261,0,0,0,0,0,I,2,Proliferative mesenchymal progenitor cell,56,39,1,1,1_6_2,Neutrophil
I-8961,all,132,66,8018,2720,25,69474,0,0,0,0,0,I,7,Inflammatory monocyte,45,33,2,2,2_2,InflamMac
I-8962,all,286,73,7550,2902,31,114885,11869,311,11558,0.02620271,0.9737973,I,12,Inflammatory monocyte,51,25,7,7,7_3,Tcell (CD8)
I-8965,all,140,34,8302,2757,27,81838,0,0,0,0,0,I,80,CD4+ T cell,51,16,4,4,4_2,ClubEpi
I-8969,all,45,23,7714,2619,7,16539,0,0,0,0,0,I,8,Proliferative mesenchymal progenitor cell,45,23,7,7,7_3,Tcell (CD8)
I-8970,all,73,37,7678,2725,19,35306,0,0,0,0,0,I,5,Capillary 1 cell,59,37,1,1,1_2_1,Tcell (CD4)
I-8973,all,32,19,7975,2686,11,18492,0,0,0,0,0,I,3,Innate lymphoid cell,41,21,2,2,2_5,DC
I-8974,all,194,57,7474,2583,26,63170,49233,13375,38028,0.2601988,0.7398012,I,6,Mature DC subset,57,25,3,3,3_3,AdventitialFib
I-8975,all,163,37,8462,3199,33,76910,0,0,0,0,0,I,89,Alveolar fibroblast 1,55,36,4,4,4_2,CiliatedEpi
I-8976,all,201,79,7733,3013,24,117552,118,0,118,0,1,I,11,Basophil,50,39,1,1,1_6_2,Neutrophil
I-8978,all,275,80,7680,3138,21,116830,85418,7933,73132,0.09785974,0.9021403,I,18,Mature DC subset,53,37,2,2,2_2,InflamMac
I-8979,all,265,44,8173,2160,28,74169,0,0,0,0,0,I,194,Capillary 1 cell,53,8,4,4,4_2,ClubEpi
I-8980,all,32,15,7821,3468,26,30908,1686,778,1686,0.3157468,0.6842532,I,2,CD4+ T cell,40,15,1,1,1_2_1,Tcell (CD4)
I-8981,all,128,50,7557,3028,32,83258,1570,1151,419,0.733121,0.266879,I,14,CD8+ T cell,49,31,2,2,2_2,InflamMac
I-8982,all,103,30,8315,2936,21,69742,0,0,0,0,0,I,68,Alveolar fibroblast 1,45,30,4,4,4_2,CiliatedEpi
I-8984,all,72,43,8100,2822,21,49741,0,0,0,0,0,I,15,Inflammatory monocyte,56,44,3,3,3_2,SMC
I-8986,all,71,39,7411,2548,20,39229,106,0,106,0,1,I,7,T regulatory cell,55,39,7,7,7_3,Tcell (CD8)
I-8988,all,256,82,7980,2732,18,133239,0,0,0,0,0,I,35,CD8+ T cell,45,30,2,2,2_6,pDC
I-8989,all,70,37,7804,3183,21,41409,1568,0,1568,0,1,I,6,Mature DC subset,53,38,1,1,1_4_1,AlveolarFib
I-8990,all,92,55,8143,2886,32,56203,0,0,0,0,0,I,6,Mature DC subset,67,55,9,9,9,Bcell
I-8992,all,68,26,7708,2686,24,27918,771,0,771,0,1,I,6,CD4+ T cell,59,26,1,1,1_2_1,Tcell (CD4)
I-8993,all,135,55,7575,2455,21,64813,0,0,0,0,0,I,13,T regulatory cell,45,28,7,7,7_3,Tcell (CD8)
I-8994,all,204,71,7607,2442,15,79242,0,0,0,0,0,I,38,T regulatory cell,56,37,7,7,7_3,Tcell (CD8)
I-8995,all,71,39,7902,2460,34,27260,0,0,0,0,0,I,3,Mesothelial cell,54,39,8,8,8_1,AlveolarMac
I-8996,all,130,50,8286,2635,31,53836,0,0,0,0,0,I,48,Ciliated cell,63,49,4,4,4_1_2,CiliatedEpi
I-8997,all,64,34,7693,2491,20,31389,0,0,0,0,0,I,3,Mature DC subset,56,34,1,1,1_2_1,Tcell (CD4)
I-9000,all,22,14,8328,3238,23,103760,0,0,0,0,0,I,7,Airway smooth muscle cell,42,15,3,3,3_2,SMC
I-9001,all,47,21,8002,2665,15,15439,0,0,0,0,0,I,3,Proliferative mesenchymal progenitor cell,48,22,3,3,3_2,SMC
I-9003,all,63,31,7799,3786,15,80236,0,0,0,0,0,I,7,Alveolar type 1 cell,55,31,9,9,9,Bcell
I-9006,all,154,37,8499,3366,25,89944,0,0,0,0,0,I,73,Capillary 1 cell,62,36,4,4,4_2,CiliatedEpi
I-9007,all,89,33,7650,3723,14,56262,0,0,0,0,0,I,4,Alveolar macrophage,60,33,1,1,1_5_2,AlveolarFib
I-9009,all,108,40,7719,3324,25,63201,503,0,503,0,1,I,3,Endothelial progenitor cell,52,24,3,3,3_2,SMC
I-9011,all,55,33,8168,3210,17,71502,0,0,0,0,0,I,5,Venous endothelial cell,55,33,2,2,2_6,pDC
I-9013,all,39,23,8155,2794,21,44856,0,0,0,0,0,I,7,Proliferative mesenchymal progenitor cell,42,23,3,3,3_1,SMC
I-9015,all,143,54,7625,3109,32,77345,4377,55,3383,0.01599767,0.9840023,I,11,Inflammatory monocyte,48,27,2,2,2_2,InflamMac
I-9016,all,81,40,7735,3247,22,40108,0,0,0,0,0,I,6,Proliferative mesenchymal progenitor cell,59,40,3,3,3_3,AdventitialFib
I-9017,all,54,39,7762,2518,39,35725,0,0,0,0,0,I,4,B cell,54,39,2,2,2_6,pDC
I-9019,all,88,46,8038,2355,24,62478,0,0,0,0,0,I,9,CD8+ T cell,61,46,7,7,7_3,Tcell (CD8)
I-9020,all,133,32,8590,3619,30,91359,0,0,0,0,0,I,83,Ciliated cell,54,32,4,4,4_2,CiliatedEpi
I-9024,all,120,52,8076,2294,18,70135,0,0,0,0,0,I,8,Natural killer cell,42,20,2,2,2_5,DC
I-9025,all,162,51,7514,2586,19,62660,20502,2673,16520,0.1392695,0.8607305,I,6,Proliferative mesenchymal progenitor cell,56,29,1,1,1_2_1,Tcell (CD4)
I-9028,all,200,70,7693,2910,22,94966,343,0,343,0,1,I,20,CD4+ T cell,54,37,1,1,1_2_1,Tcell (CD4)
I-9029,all,44,32,7483,2710,33,30806,0,673,0,1,0,I,2,Alveolar fibroblast 1,44,32,7,7,7_3,Tcell (CD8)
I-9030,all,49,24,7720,2504,30,27044,0,0,0,0,0,I,4,Proliferative mesenchymal progenitor cell,49,24,3,3,3_3,AdventitialFib
I-9032,all,340,42,8252,2611,21,98662,0,0,0,0,0,I,256,Ciliated cell,59,39,4,4,4_2,CiliatedEpi
I-9034,all,159,50,7407,2592,23,63098,170974,20870,141149,0.1288121,0.8711879,I,21,Alveolar type 2 cell,49,19,1,1,1_2_1,Tcell (CD4)
I-9036,all,72,40,7710,2576,22,39459,0,0,0,0,0,I,3,Proliferative mesenchymal progenitor cell,54,40,3,3,3_3,AdventitialFib
I-9038,all,76,39,7484,2086,32,43563,0,0,0,0,0,I,5,B cell,56,39,9,9,9,Bcell
I-9042,all,78,37,7976,3043,14,39664,0,0,0,0,0,I,5,CD4+ T cell,60,37,2,2,2_6,pDC
I-9043,all,58,16,8240,2484,32,19509,0,0,0,0,0,I,42,Megakaryocyte/Platelet,53,16,4,4,4_2,ClubEpi
I-9044,all,86,41,8009,2685,20,28843,0,0,0,0,0,I,7,Mesothelial cell,63,41,3,3,3_3,AdventitialFib
I-9045,all,58,32,7779,3327,25,47755,2216,0,2216,0,1,I,7,Interstitial macrophage,54,32,8,8,8_3,InterstitialMac
I-9046,all,86,45,7436,2670,19,38317,1179,0,1179,0,1,I,4,Inflammatory monocyte,61,45,2,2,2_2,InflamMac
I-9047,all,184,77,7616,2073,26,76175,0,0,0,0,0,I,20,Inflammatory monocyte,53,36,3,3,3_3,AdventitialFib
I-9049,all,73,29,7473,2165,10,22977,0,0,0,0,0,I,5,Inflammatory monocyte,55,29,7,7,7_3,Tcell (CD8)
I-9050,all,240,36,8233,2654,14,87072,0,0,0,0,0,I,188,Ciliated cell,55,36,4,4,4_2,CiliatedEpi
I-9052,all,144,39,7630,3055,25,60185,39455,2818,28721,0.08934969,0.9106503,I,10,CD4+ T cell,52,17,7,7,7_2,PatrolMac
I-9054,all,24,14,7843,2420,5,9279,0,0,0,0,0,I,2,Inflammatory monocyte,43,15,1,1,1_6_2,Neutrophil
I-9055,all,136,65,7599,2110,15,43295,0,0,0,0,0,I,10,Inflammatory monocyte,45,31,3,3,3_3,AdventitialFib
I-9056,all,64,37,7776,2388,38,23479,0,0,0,0,0,I,3,Sox9+/Id2+ epithelial cell,59,38,2,2,2_2,InflamMac
I-9060,all,91,35,7627,2136,7,27631,0,0,0,0,0,I,11,Interstitial macrophage,60,35,8,8,8_3,InterstitialMac
I-9062,all,27,17,7587,2615,14,17321,0,0,0,0,0,I,2,CD4+ T cell,42,17,1,1,1_2_1,Tcell (CD4)
I-9063,all,37,27,8231,2750,18,33541,0,0,0,0,0,I,2,Neutrophil,41,27,1,1,1_5_2,AlveolarFib
I-9064,all,30,17,8339,3164,25,63806,0,0,0,0,0,I,4,Proliferative mesenchymal progenitor cell,39,18,3,3,3_2,SMC
I-9065,all,121,46,7657,2463,7,45572,0,0,0,0,0,I,10,T regulatory cell,46,25,1,1,1_2_1,Tcell (CD4)
I-9066,all,197,74,7808,2150,23,79814,0,0,0,0,0,I,11,Inflammatory monocyte,53,35,7,7,7_3,Tcell (CD8)
I-9068,all,65,27,7727,2926,22,32634,0,0,0,0,0,I,12,Proliferative mesenchymal progenitor cell,56,27,3,3,3_3,AdventitialFib
I-9069,all,352,98,7671,2686,24,132133,11640,0,11640,0,1,I,31,B cell,49,35,2,2,2_6,pDC
I-9072,all,52,28,7777,3236,30,32925,0,0,0,0,0,I,2,B cell,52,28,9,9,9,Bcell
I-9073,all,141,53,7865,2955,27,62044,0,0,0,0,0,I,7,B cell,47,29,7,7,7_3,Tcell (CD8)
I-9075,all,48,28,7880,2809,36,21453,0,0,0,0,0,I,9,T regulatory cell,48,28,1,1,1_2_1,Tcell (CD4)
I-9076,all,97,47,7668,2105,31,62541,0,0,0,0,0,I,3,CD8+ T cell,59,40,1,1,1_6_2,Neutrophil
I-9077,all,38,20,7645,2616,9,16405,0,0,0,0,0,I,2,Proliferative mesenchymal progenitor cell,43,20,1,1,1_5_2,AlveolarFib
I-9078,all,161,30,8567,3580,30,88419,0,0,0,0,0,I,126,Pericyte,43,29,4,4,4_2,CiliatedEpi
I-9079,all,159,62,7810,2920,27,71196,0,0,0,0,0,I,20,Alveolar macrophage,54,35,8,8,8_1,AlveolarMac
I-9081,all,155,51,7863,2657,27,79438,0,0,0,0,0,I,6,CD4+ T cell,50,28,1,1,1_2_1,Tcell (CD4)
I-9082,all,84,34,8017,2783,30,46520,0,0,0,0,0,I,5,Alveolar macrophage,59,34,3,3,3_4,AdventitialFib
I-9084,all,152,59,7831,3062,30,66893,0,0,0,0,0,I,18,CD4+ T cell,48,25,1,1,1_2_1,Tcell (CD4)
I-9085,all,94,34,8090,2207,22,84415,0,0,0,0,0,I,20,Secondary crest myofibroblast,63,34,3,3,3_2,SMC
I-9087,all,12,9,8206,3303,24,51443,0,0,0,0,0,I,3,Secretory cell,33,9,1,1,1_2_3,Tcell (CD4)
I-9088,all,174,53,7592,2667,34,78954,0,0,0,0,0,I,10,Innate lymphoid cell,55,25,7,7,7_3,Tcell (CD8)
I-9089,all,126,54,7627,2810,22,54098,10803,2658,5599,0.3219087,0.6780913,I,6,CD8+ T cell,44,28,1,1,1_2_1,Tcell (CD4)
I-9090,all,271,78,7545,2730,21,103245,15870,2074,14246,0.1270833,0.8729167,I,23,Inflammatory monocyte,47,23,7,7,7_3,Tcell (CD8)
I-9093,all,80,42,7866,2998,25,42680,0,0,0,0,0,I,2,Sox9+/Id2+ epithelial cell,61,43,1,1,1_6_2,Neutrophil
I-9095,all,256,77,7402,2635,25,85768,181438,6601,173636,0.036624,0.963376,I,26,Inflammatory monocyte,46,24,1,1,1_2_1,Tcell (CD4)
I-9096,all,242,75,7738,2885,24,127366,4929,0,4929,0,1,I,13,Alveolar fibroblast 2,48,33,3,3,3_3,AdventitialFib
I-9097,all,74,24,8543,3469,27,56403,0,0,0,0,0,I,46,Ciliated cell,38,24,4,4,4_2,CiliatedEpi
I-9099,all,102,45,7660,3188,30,51274,0,0,0,0,0,I,2,CD4+ T cell,62,40,1,1,1_2_1,Tcell (CD4)
I-9101,all,110,30,8232,2260,36,52846,0,0,0,0,0,I,72,Interstitial macrophage,51,17,4,4,4_2,ClubEpi
I-9105,all,168,69,8040,2386,21,74954,0,0,0,0,0,I,9,Inflammatory monocyte,48,31,7,7,7_3,Tcell (CD8)
I-9107,all,330,101,7719,2747,22,144509,926,0,926,0,1,I,22,Innate lymphoid cell,44,30,1,1,1_2_1,Tcell (CD4)
I-9108,all,150,39,7762,3443,19,91670,373964,147324,264250,0.3579526,0.6420474,I,15,Ciliated cell,50,17,8,8,8_2,InterstitialMac
I-9112,all,152,49,7515,2517,26,77398,0,0,0,0,0,I,13,B cell,51,28,1,1,1_2_1,Tcell (CD4)
I-9113,all,31,23,8216,3207,28,79830,0,0,0,0,0,I,4,Sox9+/Id2+ epithelial cell,41,24,3,3,3_2,SMC
I-9114,all,13,9,7738,3661,28,19645,0,0,0,0,0,I,2,Proliferative mesenchymal progenitor cell,31,10,3,3,3_1,SMC
I-9119,all,27,16,8025,3252,30,35914,0,0,0,0,0,I,3,CD4+ T cell,43,16,1,1,1_2_1,Tcell (CD4)
I-9120,all,26,15,7811,3356,33,49119,119,0,119,0,1,I,3,Pulmonary neuroendocrine cell,40,16,2,2,2_2,InflamMac
I-9121,all,48,20,7827,2792,20,26142,0,0,0,0,0,I,4,Proliferative mesenchymal progenitor cell,48,20,3,3,3_3,AdventitialFib
I-9124,all,123,58,7894,2540,19,79091,0,0,0,0,0,I,11,Alveolar macrophage,41,27,8,8,8_1,AlveolarMac
I-9125,all,83,41,7804,3236,32,40021,0,0,0,0,0,I,2,Alveolar fibroblast 1,58,41,1,1,1_5_2,AlveolarFib
I-9126,all,58,30,7843,2817,21,38961,0,0,0,0,0,I,7,CD4+ T cell,54,30,2,2,2_6,pDC
I-9129,all,72,33,7700,2436,32,32000,0,0,0,0,0,I,6,Capillary 1 cell,56,33,3,3,3_3,AdventitialFib
I-9133,all,215,72,7804,2672,31,88054,0,0,0,0,0,I,20,Inflammatory monocyte,53,29,7,7,7_3,Tcell (CD8)
I-9136,all,18,12,7855,2395,33,16269,0,0,0,0,0,I,2,T regulatory cell,37,13,1,1,1_6_2,Neutrophil
I-9137,all,56,33,7806,3152,10,24793,0,0,0,0,0,I,3,Sox9+/Id2+ epithelial cell,56,35,2,2,2_5,DC
I-9138,all,182,46,7985,2611,21,77322,0,0,0,0,0,I,24,Inflammatory monocyte,56,21,7,7,7_3,Tcell (CD8)
I-9139,all,66,30,7918,3206,25,74607,0,0,0,0,0,I,2,Neutrophil,55,30,3,3,3_3,AdventitialFib
I-9141,all,226,78,7462,2442,23,110969,0,0,0,0,0,I,21,Inflammatory monocyte,54,36,7,7,7_2,PatrolMac
I-9143,all,179,64,8269,3037,27,114355,0,0,0,0,0,I,8,B cell,51,34,3,3,3_1,SMC
I-9144,all,151,55,7627,2781,26,53087,15765,52,15663,0.003308941,0.9966911,I,8,CD4+ T cell,49,28,1,1,1_2_1,Tcell (CD4)
I-9146,all,44,16,8574,3475,35,37982,0,0,0,0,0,I,24,Ciliated cell,44,16,4,4,4_2,CiliatedEpi
I-9147,all,262,34,8291,2702,23,58395,0,0,0,0,0,I,210,Alveolar type 1 cell,58,34,4,4,4_2,CiliatedEpi
I-9148,all,62,29,8011,3077,21,41345,0,0,0,0,0,I,2,CD4+ T cell,53,29,1,1,1_2_1,Tcell (CD4)
I-9149,all,204,40,8356,3042,19,100520,0,0,0,0,0,I,130,Capillary 1 cell,60,40,4,4,4_2,CiliatedEpi
I-9150,all,88,38,7987,2021,15,68949,0,0,0,0,0,I,10,Secondary crest myofibroblast,63,39,3,3,3_2,SMC
I-9151,all,120,25,8614,3556,34,44501,0,0,0,0,0,I,83,Secretory cell,53,14,4,4,4_2,ClubEpi
I-9152,all,75,40,7656,2749,18,26975,0,0,0,0,0,I,5,Inflammatory monocyte,56,40,7,7,7_2,PatrolMac
I-9156,all,52,34,7954,3138,33,36604,0,0,0,0,0,I,4,Alveolar type 1 cell,52,34,8,8,8_2,InterstitialMac
I-9157,all,124,45,7843,3280,26,103559,0,0,0,0,0,I,20,Inflammatory monocyte,45,21,1,1,1_2_1,Tcell (CD4)
I-9161,all,296,77,7455,2640,22,84684,122464,1363,121101,0.0111298,0.9888702,I,15,Inflammatory monocyte,54,27,1,1,1_6_2,Neutrophil
I-9163,all,190,80,7417,2472,24,83035,111,0,111,0,1,I,11,Inflammatory monocyte,52,43,2,2,2_6,pDC
I-9164,all,66,33,8041,2620,33,27382,0,0,0,0,0,I,10,B cell,59,33,8,8,8_2,InterstitialMac
I-9167,all,46,20,8071,3568,20,94731,51,51,0,1,0,I,12,Alveolar fibroblast 1,43,20,1,1,1_5_1,LymphaticEndo
I-9169,all,330,60,8134,2118,21,123795,0,0,0,0,0,I,241,Ciliated cell,37,22,4,4,4_2,CiliatedEpi
I-9171,all,214,81,7496,2368,29,102672,24626,16808,7818,0.6825307,0.3174693,I,18,B cell,51,36,1,1,1_2_1,Tcell (CD4)
I-9174,all,78,41,8226,2781,17,77250,0,0,0,0,0,I,12,Capillary 2 cell,58,42,3,3,3_2,SMC
I-9175,all,36,19,7881,2697,13,15611,0,0,0,0,0,I,11,Mesothelial cell,41,19,3,3,3_3,AdventitialFib
I-9176,all,9,7,8369,3672,9,17570,0,0,0,0,0,I,2,CD4+ T cell,25,8,3,3,3_2,SMC
I-9177,all,50,26,7856,3427,19,76410,55176,2108,53068,0.03820502,0.961795,I,8,Inflammatory monocyte,51,27,1,1,1_4_1,AlveolarFib
I-9179,all,263,42,8427,3114,30,97834,0,0,0,0,0,I,195,Secretory cell,53,9,4,4,4_2,ClubEpi
I-9180,all,11,7,7631,3262,4,7301,0,0,0,0,0,I,3,Innate lymphoid cell,23,8,1,1,1_6_2,Neutrophil
I-9182,all,73,24,8465,3118,38,24638,0,0,0,0,0,I,42,Secretory cell,39,23,4,4,4_2,CiliatedEpi
I-9185,all,92,47,7983,2795,31,56574,0,0,0,0,0,I,5,Capillary 2 cell,61,47,1,1,1_2_1,Tcell (CD4)
I-9186,all,151,60,7710,3250,21,73689,0,0,0,0,0,I,14,CD8+ T cell,50,27,7,7,7_3,Tcell (CD8)
I-9187,all,94,35,7594,3067,28,39682,4505,991,3293,0.2313259,0.7686741,I,3,Capillary 2 cell,59,30,3,3,3_2,SMC
I-9189,all,333,47,8347,2918,24,117524,0,0,0,0,0,I,253,Ciliated cell,62,47,4,4,4_2,CiliatedEpi
I-9191,all,6,5,7859,2512,12,10335,0,0,0,0,0,I,2,Interstitial macrophage,18,8,8,8,8_3,InterstitialMac
I-9192,all,153,61,7724,2675,16,64020,21166,2737,15485,0.1502031,0.8497969,I,13,B cell,47,24,7,7,7_3,Tcell (CD8)
I-9193,all,41,27,7765,3799,24,63902,0,0,0,0,0,I,3,Alveolar type 1 cell,43,28,1,1,1_4_1,AlveolarFib
I-9194,all,104,37,8227,2552,32,34173,0,0,0,0,0,I,53,Alveolar macrophage,55,37,4,4,4_2,CiliatedEpi
I-9197,all,22,14,8143,3384,14,50169,0,0,0,0,0,I,3,Secondary crest myofibroblast,40,15,3,3,3_2,SMC
I-9198,all,48,20,8151,2532,28,41529,0,0,0,0,0,I,5,B cell,48,20,7,7,7_2,PatrolMac
I-9200,all,46,26,7507,2114,37,36910,0,0,0,0,0,I,2,CD8+ T cell,51,27,1,1,1_6_2,Neutrophil
I-9203,all,262,68,7604,3022,23,97225,25853,13134,10602,0.5533367,0.4466633,I,4,Natural killer cell,51,26,7,7,7_3,Tcell (CD8)
I-9205,all,39,29,7537,2559,24,28164,0,0,0,0,0,I,2,Alveolar macrophage,41,29,8,8,8_1,AlveolarMac
I-9206,all,75,40,7555,2490,22,24379,0,0,0,0,0,I,3,Inflammatory monocyte,56,40,9,9,9,Bcell
I-9209,all,137,62,7834,2618,30,47644,0,0,0,0,0,I,9,Inflammatory monocyte,45,30,1,1,1_2_1,Tcell (CD4)
I-9216,all,168,55,7510,2622,16,63064,123194,49480,50388,0.495454,0.504546,I,8,Venous endothelial cell,48,23,8,8,8_1,AlveolarMac
I-9217,all,205,68,7588,2496,22,81506,0,0,0,0,0,I,15,Mature DC subset,55,37,2,2,2_3,Vein
I-9218,all,62,32,7764,2911,12,31100,0,0,0,0,0,I,3,Sox9+/Id2+ epithelial cell,56,33,1,1,1_6_2,Neutrophil
I-9220,all,244,23,8109,2060,16,64443,0,0,0,0,0,I,212,Alveolar type 1 cell,56,4,4,4,4_2,ClubEpi
I-9222,all,60,32,7697,3105,24,43542,8313,280,8033,0.03368218,0.9663178,I,3,CD4+ T cell,56,32,1,1,1_2_1,Tcell (CD4)
I-9225,all,33,20,8287,2886,31,24409,0,0,0,0,0,I,7,Proliferative mesenchymal progenitor cell,40,20,3,3,3_3,AdventitialFib
I-9226,all,106,20,7773,3489,23,44729,354333,103962,160120,0.3936732,0.6063268,I,13,Sox9+/Id2+ epithelial cell,58,15,1,1,1_3,AT2
I-9230,all,158,63,7608,2936,24,63659,0,0,0,0,0,I,14,Natural killer cell,48,29,2,2,2_2,InflamMac
I-9231,all,113,47,7863,2844,23,53583,0,0,0,0,0,I,5,CD4+ T cell,45,26,1,1,1_2_1,Tcell (CD4)
I-9239,all,54,17,8439,3069,37,31104,0,0,0,0,0,I,28,Ciliated cell,42,15,4,4,4_2,CiliatedEpi
I-9241,all,81,14,7792,3464,24,29070,183198,63854,90992,0.412371,0.587629,I,3,Innate lymphoid cell,59,16,2,2,2_5,DC
I-9244,all,201,66,7669,2806,25,87350,36424,4325,31633,0.1202792,0.8797208,I,21,Inflammatory monocyte,49,25,1,1,1_2_1,Tcell (CD4)
I-9245,all,72,39,7809,2973,24,48952,2817,0,2448,0,1,I,6,Inflammatory monocyte,57,40,2,2,2_2,InflamMac
I-9251,all,98,37,7646,2957,23,44607,0,0,0,0,0,I,6,Inflammatory monocyte,67,36,3,3,3_2,SMC
I-9252,all,59,32,7621,2960,22,27261,0,809,0,1,0,I,3,Proliferative mesenchymal progenitor cell,57,33,3,3,3_2,SMC
I-9253,all,66,34,8013,2012,18,60211,0,0,0,0,0,I,11,Airway smooth muscle cell,58,35,3,3,3_2,SMC
I-9254,all,172,46,8326,2722,30,66627,0,0,0,0,0,I,106,Ciliated cell,55,20,4,4,4_2,ClubEpi
I-9255,all,111,49,7756,3265,25,71718,0,0,0,0,0,I,5,Alveolar fibroblast 1,49,28,2,2,2_2,InflamMac
I-9256,all,136,37,8191,2312,25,68951,0,0,0,0,0,I,97,Arterial endothelial cell,53,37,4,4,4_2,CiliatedEpi
I-9257,all,73,37,7840,2154,19,35206,0,0,0,0,0,I,3,Sox9+/Id2+ epithelial cell,55,37,1,1,1_3,AT2
I-9261,all,165,57,7622,2989,23,62928,45974,6112,33450,0.1544917,0.8455083,I,9,Alveolar type 2 cell,49,32,2,2,2_2,InflamMac
I-9266,all,114,44,7770,3887,19,86199,0,0,0,0,0,I,9,Inflammatory monocyte,47,25,7,7,7_3,Tcell (CD8)
I-9267,all,11,8,8204,4045,28,35253,0,0,0,0,0,I,3,Ciliated cell,26,8,4,4,4_1_3,CiliatedEpi
I-9269,all,44,17,7907,4971,12,81506,0,0,0,0,0,I,7,Inflammatory monocyte,46,17,1,1,1_2_3,Tcell (CD4)
I-9271,all,314,51,8897,4488,25,70545,0,0,0,0,0,I,216,B cell,56,16,4,4,4_2,ClubEpi
I-9272,all,137,63,7784,4221,24,114377,0,0,0,0,0,I,21,Inflammatory monocyte,49,37,1,1,1_2_1,Tcell (CD4)
I-9274,all,45,19,8790,5467,31,68266,361626,400224,92811,0.8117558,0.1882442,I,4,Inflammatory monocyte,45,19,1,1,1_2_3,Tcell (CD4)
I-9277,all,8,7,8582,4023,35,35752,0,0,0,0,0,I,2,Alveolar type 1 cell,26,9,1,1,1_2_3,Tcell (CD4)
I-9278,all,16,8,8993,5126,19,29637,0,0,0,0,0,I,2,CD4+ T cell,37,8,1,1,1_2_1,Tcell (CD4)
I-9280,all,45,20,8526,5146,19,108791,0,0,0,0,0,I,4,Alveolar fibroblast 1,45,20,3,3,3_4,AdventitialFib
I-9281,all,20,16,8659,5621,31,53573,0,0,0,0,0,I,4,Ciliated cell,37,15,4,4,4_1_3,CiliatedEpi
I-9285,all,26,14,8248,4831,33,70771,0,0,0,0,0,I,6,Inflammatory monocyte,43,14,1,1,1_2_3,Tcell (CD4)
I-9286,all,333,63,8848,4290,36,63740,0,0,0,0,0,I,221,Ciliated cell,46,30,4,4,4_2,CiliatedEpi
I-9287,all,117,27,9009,4719,29,49831,0,0,0,0,0,I,86,Secretory cell,51,13,4,4,4_2,ClubEpi
I-9288,all,64,27,9090,5181,18,54049,0,0,0,0,0,I,22,Ciliated cell,51,27,4,4,4_1_2,CiliatedEpi
I-9289,all,18,10,7875,4032,34,75882,0,0,0,0,0,I,5,Innate lymphoid cell,37,11,1,1,1_4_1,AlveolarFib
I-9290,all,63,30,7593,4434,20,47255,0,0,0,0,0,I,8,Sox9+/Id2+ epithelial cell,54,30,8,8,8_2,InterstitialMac
I-9291,all,33,17,8651,5570,14,78727,0,0,0,0,0,I,7,CD4+ T cell,42,17,1,1,1_2_3,Tcell (CD4)
I-9293,all,173,60,7487,4484,15,74520,0,0,0,0,0,I,16,CD4+ T cell,53,34,1,1,1_4_1,AlveolarFib
I-9298,all,108,49,7710,4320,28,86269,0,0,0,0,0,I,7,Alveolar macrophage,63,42,8,8,8_1,AlveolarMac
I-9300,all,199,60,8857,4359,34,69582,0,0,0,0,0,I,94,Venous endothelial cell,44,25,4,4,4_2,CiliatedEpi
I-9303,all,132,37,8872,4516,26,76784,0,0,0,0,0,I,63,CD4+ T cell,50,18,4,4,4_2,ClubEpi
I-9305,all,55,26,8898,4669,27,62861,0,0,0,0,0,I,13,Ciliated cell,47,25,4,4,4_1_2,CiliatedEpi
I-9306,all,29,10,8147,4878,23,77874,0,0,0,0,0,I,14,CD4+ T cell,40,10,1,1,1_2_3,Tcell (CD4)
I-9308,all,156,44,9076,5061,22,52255,0,0,0,0,0,I,99,Ciliated cell,59,43,4,4,4_2,CiliatedEpi
I-9309,all,184,34,8975,4656,25,72649,0,0,0,0,0,I,143,Endothelial progenitor cell,54,34,4,4,4_2,CiliatedEpi
I-9310,all,74,33,8960,5080,23,75660,0,0,0,0,0,I,4,Secondary crest myofibroblast,56,34,3,3,3_2,SMC
I-9311,all,157,55,7479,4810,21,114154,0,0,0,0,0,I,14,Alveolar macrophage,50,29,2,2,2_5,DC
I-9315,all,34,17,7698,3971,13,43459,0,0,0,0,0,I,2,T regulatory cell,42,18,1,1,1_6_2,Neutrophil
I-9318,all,34,20,8457,4228,16,59815,0,0,0,0,0,I,20,Inflammatory monocyte,42,20,9,9,9,Bcell
I-9319,all,30,13,8262,5609,10,31468,0,0,0,0,0,I,4,Innate lymphoid cell,42,15,2,2,2_5,DC
I-9320,all,355,77,9074,5012,25,91414,0,0,0,0,0,I,206,Ciliated cell,52,18,4,4,4_2,ClubEpi
I-9321,all,211,35,8651,3847,28,69662,0,0,0,0,0,I,157,Mesothelial cell,54,11,4,4,4_2,ClubEpi
I-9322,all,149,58,8821,4240,36,53121,0,0,0,0,0,I,60,Arterial endothelial cell,45,22,4,4,4_1_2,ClubEpi
I-9323,all,82,43,7526,4518,17,70822,0,0,0,0,0,I,18,T regulatory cell,61,43,7,7,7_4,PatrolMac
I-9324,all,82,33,7620,4533,30,53005,0,0,0,0,0,I,10,CD4+ T cell,54,33,1,1,1_2_1,Tcell (CD4)
I-9327,all,173,42,9171,5532,20,112148,0,0,0,0,0,I,106,Venous endothelial cell,54,20,4,4,4_2,ClubEpi
I-9328,all,146,41,8788,4292,30,54134,0,0,0,0,0,I,79,Arterial endothelial cell,56,41,4,4,4_2,CiliatedEpi
I-9329,all,37,16,7571,4393,17,28895,0,0,0,0,0,I,3,Inflammatory monocyte,43,16,9,9,9,Bcell
I-9331,all,11,7,8596,5228,12,54578,0,0,0,0,0,I,3,Alveolar type 1 cell,30,7,1,1,1_2_3,Tcell (CD4)
I-9333,all,105,43,7714,4052,18,82356,0,0,0,0,0,I,10,Capillary 2 cell,63,35,9,9,9,Bcell
I-9334,all,59,22,8115,5293,32,50179,0,0,0,0,0,I,4,CD4+ T cell,52,22,1,1,1_2_3,Tcell (CD4)
I-9335,all,26,15,7635,4627,32,56102,0,0,0,0,0,I,3,Alveolar type 1 cell,40,16,3,3,3_2,SMC
I-9336,all,185,49,9024,4674,35,66141,0,0,0,0,0,I,126,Secretory cell,54,19,4,4,4_2,ClubEpi
I-9338,all,8,7,8529,3910,34,37945,0,0,0,0,0,I,3,Proliferative mesenchymal progenitor cell,25,9,1,1,1_2_3,Tcell (CD4)
I-9339,all,39,15,8205,4865,23,86498,29374,79695,20176,0.7979794,0.2020206,I,10,Inflammatory monocyte,45,15,1,1,1_2_3,Tcell (CD4)
I-9341,all,28,18,7726,4730,32,71781,0,0,0,0,0,I,7,CD4+ T cell,38,19,1,1,1_4_1,AlveolarFib
I-9342,all,140,42,9173,5589,20,92960,0,0,0,0,0,I,67,Ciliated cell,60,41,4,4,4_1_2,CiliatedEpi
I-9343,all,51,19,9173,5412,12,12190,0,0,0,0,0,I,36,Capillary 1 cell,50,19,4,4,4_2,ClubEpi
I-9347,all,16,12,8568,5245,11,49856,0,0,0,0,0,I,4,Proliferative mesenchymal progenitor cell,31,12,1,1,1_2_1,Tcell (CD4)
I-9349,all,11,10,8960,5212,15,49640,0,0,0,0,0,I,5,CD4+ T cell,31,11,3,3,3_2,SMC
I-9358,all,145,31,8974,4852,15,47309,0,0,0,0,0,I,98,Ciliated cell,52,14,4,4,4_2,ClubEpi
I-9360,all,28,18,9093,5450,23,47800,0,0,0,0,0,I,2,B cell,41,18,9,9,9,Bcell
I-9362,all,20,12,8372,5120,26,55869,0,0,0,0,0,I,4,CD8+ T cell,38,12,1,1,1_2_1,Tcell (CD4)
I-9363,all,37,16,9118,5357,12,30591,0,0,0,0,0,I,16,Ciliated cell,40,16,4,4,4_1_2,CiliatedEpi
I-9365,all,128,33,8891,4624,22,75390,0,0,0,0,0,I,80,Mesothelial cell,56,33,4,4,4_2,CiliatedEpi
I-9367,all,242,42,8698,3970,27,65831,0,0,0,0,0,I,190,Endothelial progenitor cell,52,9,4,4,4_2,ClubEpi
I-9371,all,37,21,8241,4060,34,60063,0,0,0,0,0,I,6,Inflammatory monocyte,41,21,3,3,3_4,AdventitialFib
I-9376,all,258,65,9105,5039,35,56284,0,0,0,0,0,I,161,Endothelial progenitor cell,44,30,4,4,4_2,CiliatedEpi
I-9378,all,82,42,7451,4861,23,106839,0,0,0,0,0,I,12,Alveolar fibroblast 1,63,42,8,8,8_2,InterstitialMac
I-9380,all,221,48,9161,5360,20,67898,0,0,0,0,0,I,158,Ciliated cell,63,45,4,4,4_2,CiliatedEpi
I-9381,all,28,16,9087,5530,20,68100,0,0,0,0,0,I,5,Alveolar macrophage,41,16,1,1,1_2_3,Tcell (CD4)
I-9382,all,170,38,8926,4690,27,68957,0,0,0,0,0,I,117,CD4+ T cell,56,37,4,4,4_2,CiliatedEpi
I-9383,all,57,32,8167,4826,22,120849,845113,563454,283708,0.6651077,0.3348923,I,18,Alveolar fibroblast 1,57,33,3,3,3_2,SMC
I-9385,all,66,31,7516,4842,33,83349,0,0,0,0,0,I,7,CD4+ T cell,59,31,1,1,1_2_1,Tcell (CD4)
I-9388,all,25,12,9099,5329,21,30782,0,0,0,0,0,I,3,CD4+ T cell,44,12,1,1,1_2_1,Tcell (CD4)
I-9391,all,36,19,8148,4165,24,92189,0,0,0,0,0,I,4,Inflammatory monocyte,40,19,1,1,1_2_3,Tcell (CD4)
I-9392,all,27,12,7745,3835,35,19743,0,0,0,0,0,I,4,Sox9+/Id2+ epithelial cell,40,12,1,1,1_3,AT2
I-9393,all,280,40,8732,3995,34,85968,0,0,0,0,0,I,227,Mesothelial cell,54,9,4,4,4_2,ClubEpi
I-9394,all,142,39,9162,5630,15,69474,0,0,0,0,0,I,93,Arterial endothelial cell,48,12,4,4,4_2,ClubEpi
I-9395,all,16,9,8732,4349,24,73429,0,0,0,0,0,I,3,Sox9+/Id2+ epithelial cell,36,10,3,3,3_2,SMC
I-9397,all,161,40,8726,3889,36,40471,0,0,0,0,0,I,99,Ciliated cell,55,40,4,4,4_2,CiliatedEpi
I-9399,all,52,20,8425,5246,27,76206,0,0,0,0,0,I,14,Inflammatory monocyte,52,20,1,1,1_2_3,Tcell (CD4)
I-9400,all,29,15,8164,4928,27,146093,0,0,0,0,0,I,9,Inflammatory monocyte,40,15,1,1,1_2_3,Tcell (CD4)
I-9404,all,178,39,8869,4567,20,71960,0,0,0,0,0,I,122,Ciliated cell,53,39,4,4,4_2,CiliatedEpi
I-9407,all,89,33,8711,4153,26,120229,0,0,0,0,0,I,37,Inflammatory monocyte,56,33,4,4,4_1_2,CiliatedEpi
I-9408,all,52,26,8568,5115,29,95178,0,0,0,0,0,I,8,Inflammatory monocyte,51,26,1,1,1_2_1,Tcell (CD4)
I-9410,all,57,23,8744,5457,23,137598,243262,62690,49163,0.5604678,0.4395322,I,9,Inflammatory monocyte,53,23,1,1,1_2_3,Tcell (CD4)
I-9411,all,151,31,9195,5358,28,34971,0,0,0,0,0,I,116,Capillary 1 cell,48,31,4,4,4_2,CiliatedEpi
I-9412,all,18,11,8629,5626,34,38225,0,0,0,0,0,I,3,Interstitial macrophage,35,11,8,8,8_2,InterstitialMac
I-9413,all,110,33,9164,5454,21,67767,0,0,0,0,0,I,68,Ciliated cell,57,24,4,4,4_2,ClubEpi
I-9417,all,26,13,8325,4780,20,130354,0,0,0,0,0,I,7,Alveolar fibroblast 1,43,13,1,1,1_2_3,Tcell (CD4)
I-9418,all,34,16,8924,4953,31,53713,0,0,0,0,0,I,5,Sox9+/Id2+ epithelial cell,46,17,3,3,3_2,SMC
I-9420,all,150,54,7596,3993,32,97316,0,0,0,0,0,I,3,CD4+ T cell,50,28,1,1,1_2_1,Tcell (CD4)
I-9421,all,17,15,8583,3948,25,97133,0,0,0,0,0,I,3,Proliferative mesenchymal progenitor cell,38,16,3,3,3_2,SMC
I-9423,all,34,18,8327,5106,29,68806,0,0,0,0,0,I,9,Alveolar type 1 cell,41,18,1,1,1_2_3,Tcell (CD4)
I-9424,all,13,9,8426,5311,17,19569,7868,5268,5176,0.5044044,0.4955956,I,2,Inflammatory monocyte,29,9,1,1,1_2_3,Tcell (CD4)
I-9425,all,28,12,8497,4804,35,77790,0,0,0,0,0,I,4,Alveolar type 1 cell,40,12,1,1,1_2_3,Tcell (CD4)
I-9427,all,103,38,8789,4383,21,87229,0,0,0,0,0,I,46,Ciliated cell,56,37,4,4,4_1_2,CiliatedEpi
I-9428,all,97,28,9286,5528,38,32328,0,0,0,0,0,I,66,Capillary 1 cell,63,27,4,4,4_2,ClubEpi
I-9430,all,147,35,8678,3932,30,78552,0,0,0,0,0,I,92,Ciliated cell,58,34,4,4,4_2,CiliatedEpi
I-9432,all,190,49,7777,4027,14,88009,0,0,0,0,0,I,18,Inflammatory monocyte,61,34,7,7,7_3,Tcell (CD8)
I-9434,all,9,6,8400,4789,9,24669,0,0,0,0,0,I,4,CD4+ T cell,28,7,3,3,3_2,SMC
I-9436,all,111,45,7638,4568,27,83919,0,0,0,0,0,I,12,Inflammatory monocyte,52,33,2,2,2_5,DC
I-9437,all,11,7,7567,4193,15,13825,0,0,0,0,0,I,5,Sox9+/Id2+ epithelial cell,34,7,1,1,1_1,AT2
I-9443,all,119,45,7706,4012,14,75872,0,0,0,0,0,I,10,B cell,48,27,9,9,9,Bcell
I-9446,all,283,42,9118,5255,15,64655,0,0,0,0,0,I,200,Capillary 1 cell,62,40,4,4,4_2,CiliatedEpi
I-9447,all,28,14,7774,4734,37,58786,0,0,0,0,0,I,4,Alveolar type 1 cell,41,14,2,2,2_6,pDC
I-9448,all,20,15,8163,4243,27,43570,0,0,0,0,0,I,6,Alveolar macrophage,39,15,1,1,1_2_3,Tcell (CD4)
I-9450,all,61,26,7607,3855,13,42504,0,0,0,0,0,I,4,T regulatory cell,55,26,1,1,1_2_1,Tcell (CD4)
I-9453,all,14,11,9034,5554,15,60513,0,0,0,0,0,I,2,Alveolar type 1 cell,30,11,1,1,1_2_3,Tcell (CD4)
I-9454,all,15,8,8839,4725,39,45061,0,0,0,0,0,I,6,CD4+ T cell,32,8,1,1,1_2_1,Tcell (CD4)
I-9458,all,32,13,7707,4868,22,66157,0,0,0,0,0,I,13,Inflammatory monocyte,42,14,1,1,1_4_3,AlveolarFib
I-9465,all,70,30,8339,4351,24,97931,0,0,0,0,0,I,10,CD4+ T cell,54,30,1,1,1_2_3,Tcell (CD4)
I-9467,all,21,8,8615,5427,11,21124,0,0,0,0,0,I,5,Inflammatory monocyte,39,9,2,2,2_2,InflamMac
I-9469,all,7,6,8065,4020,37,12551,0,0,0,0,0,I,3,Inflammatory monocyte,22,9,1,1,1_2_3,Tcell (CD4)
I-9470,all,7,5,8482,4070,12,49537,0,0,0,0,0,I,3,CD4+ T cell,25,7,1,1,1_4_1,AlveolarFib
I-9471,all,169,45,9176,5294,32,39127,0,0,0,0,0,I,102,Ciliated cell,54,20,4,4,4_2,ClubEpi
I-9472,all,66,27,7971,4036,13,65507,0,0,0,0,0,I,5,CD4+ T cell,57,27,1,1,1_2_1,Tcell (CD4)
I-9473,all,230,64,9156,5165,31,45003,0,0,0,0,0,I,127,Ciliated cell,50,20,4,4,4_2,ClubEpi
I-9478,all,49,5,8421,4850,36,52145,0,0,0,0,0,I,47,Proliferative mesenchymal progenitor cell,48,5,1,1,1_2_3,Tcell (CD4)
I-9480,all,24,14,8674,5270,20,60785,0,0,0,0,0,I,3,Alveolar type 1 cell,42,14,1,1,1_2_3,Tcell (CD4)
I-9481,all,54,25,8045,3949,36,69878,0,0,0,0,0,I,6,CD4+ T cell,54,25,1,1,1_2_3,Tcell (CD4)
I-9482,all,6,3,8491,4961,21,25014,0,0,0,0,0,I,4,Alveolar type 1 cell,23,6,1,1,1_2_3,Tcell (CD4)
I-9483,all,41,18,8878,4957,25,105415,0,0,0,0,0,I,10,B cell,45,18,3,3,3_2,SMC
I-9485,all,51,22,7790,4895,14,82190,660535,386502,274033,0.5851348,0.4148652,I,8,CD4+ T cell,51,22,1,1,1_2_1,Tcell (CD4)
I-9489,all,146,46,7646,4469,15,73856,0,0,0,0,0,I,12,Inflammatory monocyte,55,31,2,2,2_5,DC
I-9490,all,101,39,8723,4195,21,73155,0,0,0,0,0,I,39,Alveolar fibroblast 1,58,38,4,4,4_1_2,CiliatedEpi
I-9494,all,76,27,8443,4451,15,58074,290725,64635,230888,0.2187139,0.7812861,I,7,CD4+ T cell,56,27,1,1,1_2_1,Tcell (CD4)
I-9495,all,58,17,8456,4957,22,79031,0,0,0,0,0,I,44,Proliferative mesenchymal progenitor cell,53,17,1,1,1_2_3,Tcell (CD4)
I-9496,all,111,19,8826,4469,23,49133,0,0,0,0,0,I,89,Alveolar type 1 cell,41,18,4,4,4_2,CiliatedEpi
I-9497,all,58,4,8460,4840,27,88324,0,0,0,0,0,I,57,Proliferative mesenchymal progenitor cell,51,4,1,1,1_2_3,Tcell (CD4)
I-9499,all,23,10,8265,5034,17,75922,0,0,0,0,0,I,3,CD4+ T cell,39,10,1,1,1_2_1,Tcell (CD4)
I-9501,all,16,11,8497,5237,16,42802,0,0,0,0,0,I,7,Proliferative mesenchymal progenitor cell,32,11,1,1,1_2_3,Tcell (CD4)
I-9502,all,15,10,9008,5208,23,73135,0,0,0,0,0,I,5,Inflammatory monocyte,34,11,3,3,3_2,SMC
I-9504,all,26,11,8431,5334,12,21755,147768,86231,60268,0.5886115,0.4113885,I,6,Alveolar macrophage,42,11,1,1,1_2_3,Tcell (CD4)
I-9505,all,91,30,8015,5250,10,108994,0,0,0,0,0,I,16,Inflammatory monocyte,58,30,1,1,1_2_3,Tcell (CD4)
I-9507,all,392,58,9207,5468,22,104427,0,0,0,0,0,I,291,Mesothelial cell,47,27,4,4,4_2,CiliatedEpi
I-9508,all,281,65,9253,5674,29,80804,0,0,0,0,0,I,189,Mesothelial cell,61,47,4,4,4_2,CiliatedEpi
I-9512,all,340,74,8785,4157,31,106234,0,0,0,0,0,I,227,Mesothelial cell,42,29,4,4,4_2,CiliatedEpi
I-9513,all,331,52,9224,5616,31,80743,0,0,0,0,0,I,219,Ciliated cell,54,14,4,4,4_2,ClubEpi
I-9514,all,16,14,7678,4562,39,25354,0,0,0,0,0,I,3,Alveolar macrophage,32,14,1,1,1_2_3,Tcell (CD4)
I-9515,all,43,25,8914,5009,20,95468,0,0,0,0,0,I,12,Neutrophil,44,25,3,3,3_6,SCMF
I-9519,all,22,14,7689,4828,14,49445,0,0,0,0,0,I,6,Proliferative mesenchymal progenitor cell,39,14,7,7,7_3,Tcell (CD8)
I-9522,all,130,47,7660,4423,30,76978,0,0,0,0,0,I,6,CD4+ T cell,49,26,8,8,8_2,InterstitialMac
I-9525,all,15,9,8501,5050,21,35590,0,0,0,0,0,I,4,Chondrocyte,29,9,1,1,1_2_1,Tcell (CD4)
I-9526,all,26,14,8063,4770,30,74524,0,0,0,0,0,I,6,Sox9+/Id2+ epithelial cell,43,14,1,1,1_2_1,Tcell (CD4)
I-9527,all,20,15,8417,4425,16,24942,31088,2135,28953,0.06867602,0.931324,I,3,Alveolar macrophage,38,15,1,1,1_2_3,Tcell (CD4)
I-9531,all,276,54,9235,5501,31,78611,0,0,0,0,0,I,186,Arterial endothelial cell,54,14,4,4,4_2,ClubEpi
I-9534,all,174,40,9028,5000,16,73041,0,0,0,0,0,I,114,Ciliated cell,52,14,4,4,4_2,ClubEpi
I-9535,all,14,9,8462,5331,8,19419,15146,8872,5421,0.6207234,0.3792766,I,3,Alveolar type 1 cell,30,9,1,1,1_2_3,Tcell (CD4)
I-9536,all,89,33,8725,3934,35,47832,0,0,0,0,0,I,65,Mesothelial cell,65,33,4,4,4_2,ClubEpi
I-9537,all,18,9,9093,5573,23,68876,0,0,0,0,0,I,4,Alveolar macrophage,38,10,3,3,3_2,SMC
I-9538,all,89,31,9029,4776,34,50566,0,0,0,0,0,I,31,Arterial endothelial cell,53,29,4,4,4_1_2,CiliatedEpi
I-9542,all,42,22,8914,4739,15,47204,0,0,0,0,0,I,19,Ciliated cell,40,22,4,4,4_1_2,CiliatedEpi
I-9544,all,19,7,8394,5236,18,36751,0,0,0,0,0,I,4,Sox9+/Id2+ epithelial cell,38,8,3,3,3_2,SMC
I-9545,all,56,27,8942,4776,20,43105,0,0,0,0,0,I,15,Capillary 1 cell,50,27,4,4,4_1_2,CiliatedEpi
I-9546,all,41,17,8769,5522,17,128567,0,0,0,0,0,I,14,Inflammatory monocyte,43,18,1,1,1_4_1,AlveolarFib
I-9547,all,48,18,8671,5519,12,95294,0,0,0,0,0,I,6,Alveolar macrophage,48,18,1,1,1_2_3,Tcell (CD4)
I-9552,all,6,5,8642,4163,15,29123,0,0,0,0,0,I,2,Secondary crest myofibroblast,25,8,3,3,3_2,SMC
I-9553,all,15,10,8386,4685,19,64652,0,0,0,0,0,I,4,Inflammatory monocyte,31,10,1,1,1_2_3,Tcell (CD4)
I-9555,all,23,12,8607,4559,6,28135,0,0,0,0,0,I,3,Inflammatory monocyte,41,12,1,1,1_2_3,Tcell (CD4)
I-9556,all,75,26,8263,5160,17,146604,0,0,0,0,0,I,13,Alveolar type 1 cell,55,26,1,1,1_2_3,Tcell (CD4)
I-9561,all,17,11,8366,4721,22,69805,0,0,0,0,0,I,7,Inflammatory monocyte,34,11,1,1,1_2_3,Tcell (CD4)
I-9562,all,14,9,7933,3941,38,43660,0,0,0,0,0,I,4,Sox9+/Id2+ epithelial cell,33,9,1,1,1_2_3,Tcell (CD4)
I-9566,all,429,73,9016,4878,25,117447,0,0,0,0,0,I,297,Secretory cell,49,31,4,4,4_2,CiliatedEpi
I-9568,all,27,18,9044,5312,16,71234,0,0,0,0,0,I,5,Secondary crest myofibroblast,41,18,3,3,3_6,SCMF
I-9569,all,93,41,7582,4262,28,57892,0,0,0,0,0,I,7,B cell,60,40,1,1,1_2_1,Tcell (CD4)
I-9571,all,300,53,9080,4960,34,52851,0,0,0,0,0,I,208,Secretory cell,55,18,4,4,4_2,ClubEpi
I-9572,all,318,47,8722,4066,26,119540,0,0,0,0,0,I,241,Ciliated cell,65,46,4,4,4_2,CiliatedEpi
I-9573,all,17,12,8657,5443,12,28102,0,0,0,0,0,I,5,Alveolar macrophage,34,12,1,1,1_2_3,Tcell (CD4)
I-9574,all,9,6,8217,4013,33,45650,0,0,0,0,0,I,2,Sox9+/Id2+ epithelial cell,32,7,3,3,3_2,SMC
I-9576,all,149,33,8946,4633,31,56290,0,0,0,0,0,I,83,Ciliated cell,56,33,4,4,4_2,CiliatedEpi
I-9577,all,30,17,8425,5183,24,92265,0,0,0,0,0,I,5,Capillary 2 cell,42,19,2,2,2_5,DC
I-9578,all,54,24,7934,4762,23,123483,0,0,0,0,0,I,13,Inflammatory monocyte,53,24,1,1,1_2_3,Tcell (CD4)
I-9579,all,35,22,8462,5235,28,76646,0,0,0,0,0,I,5,CD8+ T cell,41,22,1,1,1_2_3,Tcell (CD4)
I-9580,all,93,35,7596,4607,17,96581,0,0,0,0,0,I,8,CD4+ T cell,60,35,1,1,1_2_1,Tcell (CD4)
I-9581,all,27,13,8295,5017,21,45729,0,0,0,0,0,I,7,Alveolar macrophage,40,13,1,1,1_2_3,Tcell (CD4)
I-9582,all,178,58,7672,4369,25,104826,0,0,0,0,0,I,12,Inflammatory monocyte,56,35,2,2,2_2,InflamMac
I-9584,all,55,8,8435,4785,31,79691,0,0,0,0,0,I,50,Proliferative mesenchymal progenitor cell,51,8,1,1,1_2_3,Tcell (CD4)
I-9585,all,301,53,9102,5101,24,62083,0,0,0,0,0,I,225,Ciliated cell,52,9,4,4,4_2,ClubEpi
I-9587,all,6,4,8496,5342,8,19603,2555,0,2555,0,1,I,3,Alveolar type 1 cell,25,7,1,1,1_2_3,Tcell (CD4)
I-9588,all,139,49,7626,4194,7,51601,0,0,0,0,0,I,19,CD4+ T cell,50,29,1,1,1_2_1,Tcell (CD4)
I-9590,all,21,9,9063,5652,36,28084,0,0,0,0,0,I,6,Sox9+/Id2+ epithelial cell,40,10,3,3,3_2,SMC
I-9592,all,47,7,8428,4932,34,58444,0,0,0,0,0,I,37,Proliferative mesenchymal progenitor cell,48,7,1,1,1_2_3,Tcell (CD4)
I-9596,all,23,19,8237,5047,26,46416,0,0,0,0,0,I,5,Inflammatory monocyte,42,19,1,1,1_2_3,Tcell (CD4)
I-9597,all,33,16,8489,3946,28,84924,0,0,0,0,0,I,13,Capillary 2 cell,41,16,2,2,2_2,InflamMac
I-9599,all,27,16,7537,4173,23,24718,0,0,0,0,0,I,7,CD4+ T cell,41,16,7,7,7_3,Tcell (CD8)
I-9600,all,42,22,8480,5286,16,99191,0,0,0,0,0,I,6,CD4+ T cell,43,22,1,1,1_2_1,Tcell (CD4)
I-9601,all,185,54,8757,4049,34,56439,0,0,0,0,0,I,98,Endothelial progenitor cell,63,45,4,4,4_2,CiliatedEpi
I-9606,all,77,32,7627,4427,23,31958,0,0,0,0,0,I,4,T regulatory cell,56,32,7,7,7_2,PatrolMac
I-9608,all,79,32,7875,4128,31,93614,0,0,0,0,0,I,7,CD8+ T cell,57,33,2,2,2_2,InflamMac
I-9610,all,36,18,7853,4768,33,106843,0,0,0,0,0,I,10,Proliferative mesenchymal progenitor cell,42,19,1,1,1_4_1,AlveolarFib
I-9615,all,26,16,8814,4638,34,49011,0,0,0,0,0,I,5,Natural killer cell,38,17,2,2,2_2,InflamMac
I-9617,all,31,12,8261,4628,26,92485,0,0,0,0,0,I,2,Alveolar fibroblast 1,43,13,1,1,1_4_1,AlveolarFib
I-9618,all,408,78,9041,4825,30,92465,0,0,0,0,0,I,257,Alveolar fibroblast 1,50,12,4,4,4_2,ClubEpi
I-9619,all,12,7,7688,4760,30,26668,53,0,53,0,1,I,6,Secretory cell,27,7,4,4,4_1_2,ClubEpi
I-9622,all,42,17,8327,5064,27,49213,0,0,0,0,0,I,3,B cell,44,17,9,9,9,Bcell
I-9623,all,50,23,7565,4448,21,42554,0,0,0,0,0,I,3,T regulatory cell,50,23,1,1,1_2_1,Tcell (CD4)
I-9629,all,57,15,9117,5308,17,33262,0,0,0,0,0,I,39,Ciliated cell,40,15,4,4,4_2,CiliatedEpi
I-9632,all,235,52,8939,4517,36,59586,0,0,0,0,0,I,171,Secretory cell,64,51,4,4,4_2,CiliatedEpi
I-9633,all,353,62,9224,5414,30,102091,0,0,0,0,0,I,230,Alveolar fibroblast 1,48,30,4,4,4_2,CiliatedEpi
I-9634,all,167,63,7541,4476,17,121738,0,0,0,0,0,I,28,Neutrophil,48,35,1,1,1_6_2,Neutrophil
I-9635,all,15,12,8078,4904,31,78210,0,0,0,0,0,I,2,Alveolar macrophage,30,12,1,1,1_2_3,Tcell (CD4)
I-9636,all,17,11,8401,5133,32,43068,0,0,0,0,0,I,3,Alveolar type 1 cell,35,11,1,1,1_2_3,Tcell (CD4)
I-9639,all,8,5,8482,4984,24,25137,0,0,0,0,0,I,4,Sox9+/Id2+ epithelial cell,25,7,1,1,1_2_3,Tcell (CD4)
I-9640,all,53,18,9304,5669,35,62770,0,0,0,0,0,I,44,Arterial endothelial cell,50,18,4,4,4_2,ClubEpi
I-9644,all,43,18,7721,4204,36,25032,0,0,0,0,0,I,3,CD4+ T cell,44,18,1,1,1_2_1,Tcell (CD4)
I-9646,all,30,13,8088,4034,37,36536,0,0,0,0,0,I,5,Proliferative mesenchymal progenitor cell,41,15,2,2,2_5,DC
I-9647,all,215,54,9156,5199,30,44157,0,0,0,0,0,I,113,Ciliated cell,52,20,4,4,4_2,ClubEpi
I-9651,all,140,33,8968,4820,19,69223,0,0,0,0,0,I,96,Interstitial macrophage,52,33,4,4,4_2,CiliatedEpi
I-9652,all,16,11,8472,5630,39,47091,0,0,0,0,0,I,2,Alveolar fibroblast 1,34,12,1,1,1_4_1,AlveolarFib
I-9653,all,54,19,8706,3849,39,20832,0,0,0,0,0,I,37,Capillary 1 cell,51,19,4,4,4_2,ClubEpi
I-9656,all,39,22,9002,5053,34,44126,0,0,0,0,0,I,8,Airway smooth muscle cell,43,23,3,3,3_1,SMC
I-9657,all,263,53,8755,4108,28,82872,0,0,0,0,0,I,163,Endothelial progenitor cell,46,33,4,4,4_2,CiliatedEpi
I-9658,all,17,8,8208,5023,26,31086,0,0,0,0,0,I,2,CD4+ T cell,34,8,1,1,1_2_1,Tcell (CD4)
I-9660,all,10,6,8094,4153,40,22266,0,0,0,0,0,I,2,Alveolar fibroblast 1,30,7,1,1,1_4_1,AlveolarFib
I-9661,all,333,59,8790,4201,28,82651,0,0,0,0,0,I,231,Ciliated cell,42,25,4,4,4_2,CiliatedEpi
I-9664,all,22,16,8527,5322,14,74894,0,0,0,0,0,I,7,Innate lymphoid cell,40,16,1,1,1_2_3,Tcell (CD4)
I-9665,all,6,3,8633,4199,18,34791,0,0,0,0,0,I,3,Alveolar type 1 cell,24,6,1,1,1_2_3,Tcell (CD4)
I-9668,all,103,38,9274,5350,41,19652,0,0,0,0,0,I,52,Arterial endothelial cell,58,37,4,4,4_2,CiliatedEpi
I-9671,all,43,18,8104,5336,37,42156,0,0,0,0,0,I,2,B cell,44,18,9,9,9,Bcell
I-9672,all,183,63,7592,4503,24,110962,0,0,0,0,0,I,21,Inflammatory monocyte,51,33,1,1,1_2_3,Tcell (CD4)
I-9677,all,269,65,9130,5121,31,54273,0,0,0,0,0,I,151,B cell,50,19,4,4,4_2,ClubEpi
I-9678,all,18,6,8426,4204,19,21934,0,0,0,0,0,I,3,Alveolar macrophage,40,6,1,1,1_2_3,Tcell (CD4)
I-9679,all,11,7,8390,5190,26,48309,0,0,0,0,0,I,2,CD4+ T cell,22,7,1,1,1_2_1,Tcell (CD4)
I-9680,all,21,15,8954,5033,23,79468,0,0,0,0,0,I,6,Alveolar macrophage,41,15,3,3,3_2,SMC
I-9684,all,38,11,8470,5013,22,72114,0,0,0,0,0,I,26,Alveolar fibroblast 1,44,11,1,1,1_2_3,Tcell (CD4)
I-9685,all,20,7,8475,5050,15,39756,0,0,0,0,0,I,14,Classical DC subset 2,36,7,1,1,1_2_3,Tcell (CD4)
I-9687,all,267,52,8959,4708,26,116109,0,0,0,0,0,I,209,Alveolar type 1 cell,65,51,4,4,4_2,CiliatedEpi
I-9690,all,28,15,8701,5467,20,78223,0,0,0,0,0,I,9,Inflammatory monocyte,40,15,1,1,1_2_3,Tcell (CD4)
I-9691,all,26,13,8716,5291,28,62231,0,0,0,0,0,I,3,Ciliated cell,42,13,7,7,7_3,Tcell (CD8)
I-9693,all,442,80,9032,4940,23,122240,0,0,0,0,0,I,260,Alveolar fibroblast 2,45,30,4,4,4_2,CiliatedEpi
I-9694,all,298,56,9191,5325,31,59906,0,0,0,0,0,I,168,Ciliated cell,51,32,4,4,4_2,CiliatedEpi
I-9697,all,27,14,8137,4836,25,63698,119722,15003,32173,0.3180219,0.6819781,I,8,Pericyte,40,14,5,5,5_1,Pericyte
I-9701,all,39,12,8302,4687,22,107960,0,0,0,0,0,I,5,CD4+ T cell,44,12,1,1,1_2_1,Tcell (CD4)
I-9703,all,15,9,8442,5294,15,27689,0,0,0,0,0,I,2,Alveolar type 1 cell,32,9,1,1,1_2_3,Tcell (CD4)
I-9704,all,175,44,8969,4789,27,56162,0,0,0,0,0,I,110,Alveolar type 1 cell,63,38,4,4,4_2,CiliatedEpi
I-9705,all,158,38,9068,5095,15,60791,0,0,0,0,0,I,97,Arterial endothelial cell,56,36,4,4,4_2,CiliatedEpi
I-9706,all,78,20,9042,4730,37,33395,0,0,0,0,0,I,58,Capillary 1 cell,44,18,4,4,4_2,CiliatedEpi
I-9709,all,21,15,9034,5628,20,86687,0,0,0,0,0,I,6,Secondary crest myofibroblast,42,16,3,3,3_2,SMC
I-9712,all,43,24,8015,4343,37,70185,0,0,0,0,0,I,8,Inflammatory monocyte,44,24,2,2,2_2,InflamMac
I-9722,all,74,19,9191,5667,21,27643,0,0,0,0,0,I,44,Ciliated cell,41,18,4,4,4_2,CiliatedEpi
I-9726,all,81,24,9135,5332,18,35399,0,0,0,0,0,I,59,Capillary 1 cell,35,24,4,4,4_2,CiliatedEpi
I-9732,all,66,29,7411,4880,29,48198,0,0,0,0,0,I,8,Inflammatory monocyte,56,29,1,1,1_2_3,Tcell (CD4)
I-9734,all,58,32,7602,4242,25,40900,0,0,0,0,0,I,5,Inflammatory monocyte,54,32,1,1,1_2_3,Tcell (CD4)
I-9736,all,29,17,7905,4784,23,44780,0,0,0,0,0,I,5,CD4+ T cell,38,17,1,1,1_2_1,Tcell (CD4)
I-9737,all,7,4,9039,5223,39,20077,0,0,0,0,0,I,4,CD4+ T cell,26,6,3,3,3_2,SMC
I-9743,all,109,42,8796,4107,37,30316,0,0,0,0,0,I,63,Endothelial progenitor cell,57,26,4,4,4_2,ClubEpi
I-9745,all,11,6,8600,5408,8,18475,0,0,0,0,0,I,2,Alveolar type 1 cell,29,6,1,1,1_2_3,Tcell (CD4)
I-9746,all,8,4,8981,5183,13,39381,0,0,0,0,0,I,5,Proliferative mesenchymal progenitor cell,25,6,3,3,3_1,SMC
I-9750,all,11,8,8921,4883,41,12897,0,0,0,0,0,I,3,Sox9+/Id2+ epithelial cell,30,9,3,3,3_2,SMC
I-9751,all,132,37,9138,5293,20,39901,0,0,0,0,0,I,85,Arterial endothelial cell,55,35,4,4,4_2,CiliatedEpi
I-9755,all,15,10,8412,5284,18,39596,0,0,0,0,0,I,4,CD4+ T cell,32,11,3,3,3_2,SMC
I-9756,all,31,14,7481,4877,23,47518,0,0,0,0,0,I,5,Inflammatory monocyte,41,14,1,1,1_2_3,Tcell (CD4)
I-9761,all,21,13,8337,5152,25,38128,0,0,0,0,0,I,4,Sox9+/Id2+ epithelial cell,40,14,3,3,3_2,SMC
I-9762,all,45,18,8927,4619,30,23675,0,0,0,0,0,I,29,Secretory cell,46,18,4,4,4_2,ClubEpi
I-9765,all,7,4,8372,5163,29,41995,0,0,0,0,0,I,2,Alveolar type 1 cell,29,7,1,1,1_2_3,Tcell (CD4)
I-9770,all,28,13,8260,5120,15,28184,0,0,0,0,0,I,5,Inflammatory monocyte,41,13,1,1,1_2_3,Tcell (CD4)
I-9772,all,179,34,8936,4592,27,45255,0,0,0,0,0,I,137,Secretory cell,56,15,4,4,4_2,ClubEpi
I-9773,all,6,4,8419,5363,10,11473,6887,0,6433,0,1,I,2,Alveolar macrophage,21,7,1,1,1_2_3,Tcell (CD4)
I-9778,all,181,34,9098,5144,25,61983,0,0,0,0,0,I,114,Secretory cell,57,18,4,4,4_2,ClubEpi
I-9783,all,211,66,9045,5935,30,111377,0,0,0,0,0,I,11,Alveolar fibroblast 2,52,30,3,3,3_4,AdventitialFib
I-9787,all,61,35,8366,6396,22,121749,0,0,0,0,0,I,9,Alveolar fibroblast 1,59,36,1,1,1_4_1,AlveolarFib
I-9788,all,16,8,8007,6334,10,21827,0,0,0,0,0,I,2,Proliferative mesenchymal progenitor cell,31,9,1,1,1_6_2,Neutrophil
I-9791,all,43,24,7515,6305,18,77313,0,0,0,0,0,I,3,Neutrophil,44,24,5,5,5_3,Pericyte
I-9792,all,79,38,8693,6197,33,87526,0,0,0,0,0,I,4,Secretory cell,57,38,7,7,7_2,PatrolMac
I-9793,all,43,29,7716,5815,14,30863,241,0,241,0,1,I,4,Interstitial macrophage,43,29,8,8,8_3,InterstitialMac
I-9796,all,74,36,8621,7396,21,62713,0,0,0,0,0,I,11,B cell,56,36,3,3,3_4,AdventitialFib
I-9799,all,22,17,8401,7361,35,88516,0,0,0,0,0,I,3,Deuterosomal cell,42,18,1,1,1_4_1,AlveolarFib
I-9801,all,35,20,7782,7333,35,37562,0,0,0,0,0,I,2,Endothelial progenitor cell,43,21,1,1,1_6_2,Neutrophil
I-9803,all,70,39,9212,6189,18,103234,0,0,0,0,0,I,21,Secondary crest myofibroblast,56,39,3,3,3_2,SMC
I-9805,all,16,13,8303,6382,13,30712,0,0,0,0,0,I,4,Inflammatory monocyte,36,14,2,2,2_5,DC
I-9806,all,14,11,9288,6596,10,31707,0,0,0,0,0,I,4,Airway smooth muscle cell,31,12,3,3,3_2,SMC
I-9807,all,40,26,8147,6454,30,82641,0,0,0,0,0,I,5,Inflammatory monocyte,43,27,3,3,3_2,SMC
I-9812,all,50,27,8631,6647,22,49727,0,0,0,0,0,I,2,Alveolar fibroblast 1,50,27,8,8,8_2,InterstitialMac
I-9813,all,62,27,8686,7123,21,78945,0,0,0,0,0,I,3,Mesothelial cell,53,27,3,3,3_3,AdventitialFib
I-9814,all,86,35,9071,6695,22,92571,0,0,0,0,0,I,3,Neutrophil,59,35,1,1,1_6_2,Neutrophil
I-9815,all,13,10,8196,7449,24,39450,0,0,0,0,0,I,2,Alveolar type 1 cell,32,10,1,1,1_5_2,AlveolarFib
I-9816,all,16,10,9108,5882,18,45748,0,0,0,0,0,I,9,Secondary crest myofibroblast,32,10,3,3,3_2,SMC
I-9817,all,23,9,8125,6661,29,54342,884863,741959,262042,0.7390023,0.2609977,I,5,Neutrophil,40,10,2,2,2_2,InflamMac
I-9821,all,117,45,7875,7315,25,94795,0,0,0,0,0,I,5,Mature DC subset,49,27,8,8,8_1,AlveolarMac
I-9824,all,35,22,7841,6247,29,61187,0,0,0,0,0,I,3,Alveolar type 1 cell,40,22,3,3,3_4,AdventitialFib
I-9825,all,57,23,8997,6473,32,73064,0,0,0,0,0,I,30,Capillary 2 cell,50,23,2,2,2_6,pDC
I-9826,all,34,18,7416,6468,39,34466,0,0,0,0,0,I,4,CD8+ T cell,42,19,2,2,2_2,InflamMac
I-9827,all,7,5,7587,7057,36,21507,0,0,0,0,0,I,2,Proliferative mesenchymal progenitor cell,19,8,1,1,1_6_2,Neutrophil
I-9828,all,40,20,8488,6095,28,29040,0,0,0,0,0,I,7,Alveolar fibroblast 2,44,20,3,3,3_3,AdventitialFib
I-9833,all,81,35,7446,7371,22,50322,0,0,0,0,0,I,9,Alveolar fibroblast 1,61,35,7,7,7_3,Tcell (CD8)
I-9834,all,31,22,8602,7012,31,74941,0,0,0,0,0,I,2,Megakaryocyte/Platelet,39,23,2,2,2_2,InflamMac
I-9835,all,116,35,7441,7411,18,54781,0,0,0,0,0,I,3,Vascular smooth muscle cell,55,26,8,8,8_2,InterstitialMac
I-9836,all,73,27,9196,6047,33,50972,0,0,0,0,0,I,32,Vascular smooth muscle cell,50,27,3,3,3_2,SMC
I-9842,all,80,33,8478,7094,27,90966,0,0,0,0,0,I,2,Sox9+/Id2+ epithelial cell,60,34,1,1,1_6_2,Neutrophil
I-9844,all,23,18,8290,6421,21,45440,0,0,0,0,0,I,5,Alveolar fibroblast 2,42,18,5,5,5_3,Pericyte
I-9847,all,11,9,9223,6611,9,18916,0,0,0,0,0,I,2,Natural killer cell,27,10,1,1,1_6_2,Neutrophil
I-9849,all,66,35,8618,6611,25,49917,0,0,0,0,0,I,9,Interstitial macrophage,58,35,8,8,8_3,InterstitialMac
I-9851,all,52,25,8484,6583,32,95579,0,0,0,0,0,I,2,Sox9+/Id2+ epithelial cell,53,26,3,3,3_2,SMC
I-9852,all,57,22,8528,6104,28,47506,0,0,0,0,0,I,2,Mesothelial cell,52,22,3,3,3_3,AdventitialFib
I-9853,all,117,43,7510,6953,16,74338,307,0,307,0,1,I,16,Alveolar fibroblast 1,47,25,1,1,1_5_2,AlveolarFib
I-9854,all,58,27,7945,5998,34,72549,0,0,0,0,0,I,7,Secretory cell,55,28,3,3,3_1,SMC
I-9855,all,184,42,7496,6835,21,121428,26438,23912,4103,0.8535427,0.1464573,I,13,Inflammatory monocyte,55,23,7,7,7_3,Tcell (CD8)
I-9856,all,77,36,8491,5894,20,126757,50,0,50,0,1,I,12,Ciliated cell,57,36,3,3,3_4,AdventitialFib
I-9858,all,33,17,8398,6791,11,87486,0,0,0,0,0,I,4,Pericyte,42,17,5,5,5_3,Pericyte
I-9859,all,82,45,7476,6877,22,115305,263,0,212,0,1,I,9,Inflammatory monocyte,62,45,7,7,7_2,PatrolMac
I-9861,all,10,6,7990,6198,33,28726,0,0,0,0,0,I,2,CD4+ T cell,31,6,1,1,1_2_1,Tcell (CD4)
I-9863,all,97,41,7431,7215,23,72859,1001,0,1001,0,1,I,2,Alveolar fibroblast 1,61,36,1,1,1_5_2,AlveolarFib
I-9864,all,151,39,7455,7084,33,54589,195624,68603,127021,0.3506881,0.6493119,I,19,Alveolar type 2 cell,49,13,2,2,2_3,Vein
I-9868,all,27,17,8363,6501,9,51308,0,0,0,0,0,I,5,Alveolar fibroblast 2,40,17,3,3,3_4,AdventitialFib
I-9869,all,75,34,7438,6180,36,42952,0,0,0,0,0,I,3,Innate lymphoid cell,58,36,2,2,2_5,DC
I-9870,all,14,10,9261,6577,8,15781,0,0,0,0,0,I,4,Airway smooth muscle cell,31,10,3,3,3_2,SMC
I-9871,all,64,40,7408,7286,16,44755,0,0,0,0,0,I,5,Capillary 2 cell,59,40,1,1,1_5_1,LymphaticEndo
I-9873,all,157,59,8646,6550,18,78352,0,0,0,0,0,I,18,Alveolar fibroblast 2,51,30,3,3,3_3,AdventitialFib
I-9874,all,113,45,9241,6138,26,135943,0,0,0,0,0,I,47,Vascular smooth muscle cell,52,29,3,3,3_2,SMC
I-9878,all,10,8,8855,7094,5,12618,0,0,0,0,0,I,2,Alveolar type 1 cell,27,8,2,2,2_6,pDC
I-9880,all,156,46,7465,6486,28,83202,102,102,0,1,0,I,6,Mesothelial cell,51,21,2,2,2_2,InflamMac
I-9882,all,34,18,8001,6001,35,25753,0,0,0,0,0,I,4,Ciliated cell,42,18,1,1,1_5_2,AlveolarFib
I-9887,all,39,23,7841,6301,29,43247,0,0,0,0,0,I,5,Proliferative mesenchymal progenitor cell,41,23,3,3,3_3,AdventitialFib
I-9888,all,31,21,8027,7139,7,88129,0,0,0,0,0,I,5,Proliferative mesenchymal progenitor cell,41,21,3,3,3_6,SCMF
I-9890,all,50,26,7963,5892,30,92701,0,0,0,0,0,I,11,Megakaryocyte/Platelet,51,27,1,1,1_4_3,AlveolarFib
I-9892,all,26,20,9185,5911,23,48360,0,0,0,0,0,I,3,Alveolar fibroblast 1,45,20,3,3,3_4,AdventitialFib
I-9894,all,62,27,7473,5822,13,34815,0,0,0,0,0,I,2,Interstitial macrophage,54,27,8,8,8_2,InterstitialMac
I-9896,all,161,20,7479,6972,17,87468,16007,12915,3092,0.8068345,0.1931655,I,4,Sox9+/Id2+ epithelial cell,57,9,1,1,1_6_2,Neutrophil
I-9897,all,58,25,9234,6507,13,59346,0,0,0,0,0,I,15,Vascular smooth muscle cell,54,25,3,3,3_2,SMC
I-9898,all,18,9,9294,6260,25,96809,0,0,0,0,0,I,6,Sox9+/Id2+ epithelial cell,37,10,3,3,3_2,SMC
I-9899,all,16,8,9034,5767,20,35952,0,0,0,0,0,I,5,Sox9+/Id2+ epithelial cell,34,9,3,3,3_2,SMC
I-9901,all,27,17,9054,5690,25,99927,0,0,0,0,0,I,9,Alveolar fibroblast 1,38,18,3,3,3_2,SMC
I-9903,all,56,32,8530,6140,21,73306,0,0,0,0,0,I,2,Neutrophil,55,32,3,3,3_3,AdventitialFib
I-9907,all,60,28,7460,7275,39,47416,0,0,0,0,0,I,5,Sox9+/Id2+ epithelial cell,56,28,7,7,7_3,Tcell (CD8)
I-9909,all,84,30,8580,6817,13,79164,0,0,0,0,0,I,5,Innate lymphoid cell,59,30,2,2,2_6,pDC
I-9910,all,215,56,7528,6806,22,145863,10875,4984,5860,0.459609,0.540391,I,11,Alveolar fibroblast 1,60,32,2,2,2_3,Vein
I-9912,all,66,33,8329,6136,28,98346,0,0,0,0,0,I,5,Proliferative mesenchymal progenitor cell,56,33,2,2,2_3,Vein
I-9916,all,28,18,8196,6212,24,62881,0,0,0,0,0,I,6,Alveolar type 2 cell,39,18,1,1,1_3,AT2
I-9919,all,77,33,7458,6214,35,45248,0,0,0,0,0,I,5,Natural killer cell,56,33,1,1,1_5_2,AlveolarFib
I-9923,all,67,18,8002,6434,9,71858,0,0,0,0,0,I,48,Sox9+/Id2+ epithelial cell,53,19,3,3,3_1,SMC
I-9924,all,21,15,8411,7200,23,38033,0,0,0,0,0,I,2,Sox9+/Id2+ epithelial cell,40,15,6,6,6,AT1
I-9925,all,24,14,7999,6167,32,38112,0,0,0,0,0,I,3,Sox9+/Id2+ epithelial cell,42,15,1,1,1_6_2,Neutrophil
I-9926,all,111,15,9250,5870,15,35230,0,0,0,0,0,I,98,Capillary 1 cell,57,9,4,4,4_2,ClubEpi
I-9928,all,73,29,8517,6706,28,113256,0,0,0,0,0,I,3,CD8+ T cell,57,30,2,2,2_2,InflamMac
I-9930,all,30,16,8046,6331,7,51024,0,0,0,0,0,I,8,Secretory cell,38,16,4,4,4_1_2,ClubEpi
I-9931,all,22,13,8395,6866,10,56592,0,0,0,0,0,I,2,T regulatory cell,42,14,1,1,1_6_2,Neutrophil
I-9932,all,49,27,8658,5732,24,101108,0,0,0,0,0,I,11,Secretory cell,49,27,4,4,4_1_2,ClubEpi
I-9935,all,92,44,7450,5779,20,64856,0,0,0,0,0,I,16,Interstitial macrophage,66,44,8,8,8_3,InterstitialMac
I-9936,all,150,59,7443,7178,26,75910,0,0,0,0,0,I,10,Sox9+/Id2+ epithelial cell,46,24,2,2,2_2,InflamMac
I-9942,all,7,5,8157,6715,34,41036,0,0,0,0,0,I,4,Proliferative mesenchymal progenitor cell,22,8,3,3,3_4,AdventitialFib
I-9943,all,27,17,9129,7209,18,18770,0,0,0,0,0,I,3,Interstitial macrophage,41,17,8,8,8_3,InterstitialMac
I-9945,all,12,7,9126,5835,26,53283,0,0,0,0,0,I,4,Secondary crest myofibroblast,30,7,3,3,3_2,SMC
I-9950,all,70,33,8572,7109,19,100330,0,0,0,0,0,I,6,Alveolar fibroblast 1,55,33,2,2,2_3,Vein
I-9951,all,170,48,9224,6974,15,84676,0,0,0,0,0,I,18,Alveolar fibroblast 2,50,25,3,3,3_3,AdventitialFib
I-9954,all,84,36,8681,7391,16,73410,0,0,0,0,0,I,11,Inflammatory monocyte,59,36,9,9,9,Bcell
I-9955,all,67,32,8410,7040,14,76784,0,0,0,0,0,I,10,CD4+ T cell,59,32,1,1,1_2_1,Tcell (CD4)
I-9956,all,46,31,8683,7179,16,84393,0,0,0,0,0,I,6,Alveolar fibroblast 1,46,31,3,3,3_4,AdventitialFib
I-9958,all,28,17,7728,5838,12,22468,0,0,0,0,0,I,5,Interstitial macrophage,39,17,8,8,8_3,InterstitialMac
I-9960,all,63,29,8694,7280,21,37688,0,0,0,0,0,I,5,Interstitial macrophage,56,29,8,8,8_1,AlveolarMac
I-9962,all,9,5,9269,6488,14,15059,0,0,0,0,0,I,6,Airway smooth muscle cell,26,6,3,3,3_2,SMC
I-9964,all,37,24,8319,6294,12,82694,0,0,0,0,0,I,7,Secondary crest myofibroblast,41,25,3,3,3_2,SMC
I-9965,all,120,43,8512,6383,12,132152,0,0,0,0,0,I,12,Alveolar fibroblast 2,47,21,3,3,3_3,AdventitialFib
I-9970,all,100,41,9126,7170,22,60958,0,0,0,0,0,I,19,Interstitial macrophage,59,40,8,8,8_3,InterstitialMac
I-9973,all,52,11,7417,6678,9,16726,247739,72587,204153,0.2622931,0.7377069,I,5,Sox9+/Id2+ epithelial cell,50,11,1,1,1_3,AT2
I-9974,all,27,18,8302,6580,32,75773,0,0,0,0,0,I,5,Capillary 1 cell,38,19,2,2,2_2,InflamMac
I-9976,all,9,6,9244,6461,9,24404,0,0,0,0,0,I,2,Alveolar fibroblast 1,29,7,1,1,1_4_3,AlveolarFib
I-9977,all,16,7,8051,6258,17,31575,0,0,0,0,0,I,3,Pericyte,34,8,3,3,3_2,SMC
I-9978,all,51,26,9256,6307,23,33817,0,0,0,0,0,I,24,Vascular smooth muscle cell,51,26,3,3,3_2,SMC
I-9981,all,111,35,7485,6775,19,59443,15452,7986,5971,0.572186,0.427814,I,5,Capillary 1 cell,53,21,7,7,7_3,Tcell (CD8)
I-9983,all,23,16,8499,6505,24,54255,0,0,0,0,0,I,10,Pericyte,39,16,5,5,5_3,Pericyte
I-9984,all,158,55,7493,6671,22,108534,23172,18717,5071,0.7868253,0.2131747,I,10,Neutrophil,49,23,2,2,2_6,pDC
I-9986,all,21,11,7973,6133,33,41954,0,0,0,0,0,I,2,B cell,38,11,9,9,9,Bcell
I-9989,all,26,17,8644,7495,14,60485,0,0,0,0,0,I,2,Natural killer cell,39,18,1,1,1_6_2,Neutrophil
I-9991,all,17,7,8690,7435,17,38644,0,0,0,0,0,I,2,Interstitial macrophage,33,7,8,8,8_3,InterstitialMac
I-9993,all,46,27,9051,5864,18,88606,0,0,0,0,0,I,15,Airway smooth muscle cell,46,27,3,3,3_2,SMC
I-10004,all,70,31,8458,7227,18,97930,0,0,0,0,0,I,4,Secondary crest myofibroblast,54,31,3,3,3_4,AdventitialFib
I-10009,all,18,11,7489,7123,11,22926,15771,0,15771,0,1,I,3,Pericyte,37,11,5,5,5_3,Pericyte
I-10012,all,78,22,7290,6717,23,32724,313,0,313,0,1,I,2,Neutrophil,54,22,1,1,1_6_2,Neutrophil
I-10014,all,64,25,7414,6749,17,37745,783,0,783,0,1,I,4,Inflammatory monocyte,58,26,2,2,2_2,InflamMac
I-10015,all,35,22,8402,7168,24,57403,0,0,0,0,0,I,3,Natural killer cell,42,23,1,1,1_6_2,Neutrophil
I-10017,all,28,11,9285,6357,13,24593,0,0,0,0,0,I,16,Airway smooth muscle cell,41,12,3,3,3_2,SMC
I-10020,all,109,45,8794,7247,13,101306,0,0,0,0,0,I,5,Alveolar type 1 cell,56,34,1,1,1_6_2,Neutrophil
I-10022,all,38,20,8439,6229,10,47600,0,0,0,0,0,I,5,Capillary 1 cell,41,20,5,5,5_3,Pericyte
I-10023,all,66,38,8808,6818,20,77638,0,0,0,0,0,I,9,CD4+ T cell,59,39,1,1,1_6_2,Neutrophil
I-10025,all,57,33,8110,7175,12,79169,0,0,0,0,0,I,10,Alveolar type 1 cell,54,34,3,3,3_2,SMC
I-10027,all,30,22,8590,6946,22,52813,0,0,0,0,0,I,6,Secondary crest myofibroblast,38,23,3,3,3_2,SMC
I-10028,all,19,13,8115,6697,31,59383,254688,86398,49152,0.6373884,0.3626116,I,5,Alveolar fibroblast 1,36,13,1,1,1_3,AT2
I-10030,all,95,21,9281,5979,15,67429,0,0,0,0,0,I,72,Ciliated cell,37,21,4,4,4_2,CiliatedEpi
I-10031,all,39,21,7443,6512,39,20347,0,0,0,0,0,I,10,Natural killer cell,42,22,2,2,2_2,InflamMac
I-10033,all,48,27,8353,7072,16,87381,0,0,0,0,0,I,6,Alveolar fibroblast 1,47,27,3,3,3_4,AdventitialFib
I-10034,all,27,14,8690,7522,31,32678,0,0,0,0,0,I,6,B cell,40,14,8,8,8_1,AlveolarMac
I-10035,all,18,11,8437,5898,17,48640,0,0,0,0,0,I,2,Capillary 1 cell,35,11,2,2,2_3,Vein
I-10038,all,82,14,9245,5725,28,59240,0,0,0,0,0,I,65,Capillary 2 cell,56,14,4,4,4_2,ClubEpi
I-10043,all,32,17,8340,5708,27,103603,0,0,0,0,0,I,3,Mesothelial cell,40,17,3,3,3_3,AdventitialFib
I-10044,all,31,15,8204,7471,31,35054,0,0,0,0,0,I,4,Alveolar type 1 cell,42,15,7,7,7_2,PatrolMac
I-10045,all,63,30,9270,6431,33,42742,0,0,0,0,0,I,10,Mesothelial cell,55,30,3,3,3_3,AdventitialFib
I-10048,all,129,49,7538,6616,30,64435,4354,102,347,0.2271715,0.7728285,I,13,B cell,45,23,9,9,9,Bcell
I-10049,all,91,47,7483,6265,23,61917,0,0,0,0,0,I,5,Natural killer cell,65,48,2,2,2_5,DC
I-10052,all,92,32,7472,7341,36,56403,0,0,0,0,0,I,3,Alveolar fibroblast 2,62,31,3,3,3_4,AdventitialFib
I-10053,all,120,47,7927,7248,33,129319,0,0,0,0,0,I,12,Sox9+/Id2+ epithelial cell,48,28,5,5,5_3,Pericyte
I-10055,all,155,14,7751,6632,11,41146,377744,187903,110410,0.6298854,0.3701146,I,15,Alveolar type 2 cell,57,5,7,7,7_2,PatrolMac
I-10062,all,30,17,7535,6933,5,17357,438,0,438,0,1,I,2,Proliferative mesenchymal progenitor cell,42,18,1,1,1_6_2,Neutrophil
I-10063,all,33,13,7427,7340,36,20067,0,0,0,0,0,I,6,Alveolar fibroblast 1,42,13,3,3,3_3,AdventitialFib
I-10064,all,33,24,8440,7186,24,58593,0,0,0,0,0,I,3,Proliferative mesenchymal progenitor cell,38,24,1,1,1_2_1,Tcell (CD4)
I-10065,all,14,12,8376,7150,26,38273,0,0,0,0,0,I,3,Megakaryocyte/Platelet,34,13,3,3,3_2,SMC
I-10066,all,44,25,8203,6264,20,88707,0,0,0,0,0,I,9,CD4+ T cell,44,25,7,7,7_3,Tcell (CD8)
I-10070,all,25,14,9003,5822,19,36529,0,0,0,0,0,I,9,B cell,41,14,3,3,3_2,SMC
I-10072,all,27,16,8616,6459,39,43401,0,0,0,0,0,I,3,Ciliated cell,41,16,2,2,2_6,pDC
I-10074,all,77,32,8206,6046,24,108660,0,0,0,0,0,I,5,Natural killer cell,56,31,2,2,2_6,pDC
I-10076,all,156,43,7770,7397,12,98855,0,0,0,0,0,I,17,Interstitial macrophage,57,27,8,8,8_3,InterstitialMac
I-10078,all,11,10,8408,6652,17,25557,0,0,0,0,0,I,5,Inflammatory monocyte,27,11,2,2,2_5,DC
I-10081,all,38,27,8676,7489,20,59933,0,0,0,0,0,I,10,Alveolar type 1 cell,42,27,6,6,6,AT1
I-10083,all,22,15,8710,6702,37,27489,0,0,0,0,0,I,6,Innate lymphoid cell,40,16,1,1,1_6_2,Neutrophil
I-10084,all,179,41,7426,6607,26,77772,247953,114582,133371,0.4621118,0.5378882,I,51,Alveolar type 2 cell,56,22,1,1,1_3,AT2
I-10092,all,54,30,9143,5908,25,73068,0,0,0,0,0,I,13,Airway smooth muscle cell,52,30,3,3,3_2,SMC
I-10095,all,10,8,9217,6473,9,22258,0,0,0,0,0,I,5,CD4+ T cell,29,9,3,3,3_2,SMC
I-10100,all,110,16,9301,5933,22,114710,0,0,0,0,0,I,96,Capillary 1 cell,54,8,4,4,4_2,ClubEpi
I-10102,all,7,7,8404,6611,13,45376,0,0,0,0,0,I,2,Alveolar type 1 cell,27,10,1,1,1_2_1,Tcell (CD4)
I-10103,all,53,23,8714,6965,7,75219,0,0,0,0,0,I,4,Capillary 1 cell,51,23,2,2,2_3,Vein
I-10104,all,26,19,8003,6791,33,75541,0,0,0,0,0,I,5,Proliferative mesenchymal progenitor cell,43,19,2,2,2_6,pDC
I-10105,all,14,8,8385,6652,16,47928,0,0,0,0,0,I,2,Sox9+/Id2+ epithelial cell,32,9,3,3,3_2,SMC
I-10107,all,65,29,7501,6601,28,33208,0,0,0,0,0,I,3,B cell,56,29,9,9,9,Bcell
I-10108,all,47,25,7426,6939,15,55972,0,0,0,0,0,I,7,Sox9+/Id2+ epithelial cell,47,25,2,2,2_1,Capillary
I-10111,all,96,39,8651,6514,16,61638,0,0,0,0,0,I,7,Natural killer cell,62,39,2,2,2_6,pDC
I-10113,all,89,23,7421,6708,13,34138,135170,25057,81971,0.2341163,0.7658837,I,26,Alveolar type 2 cell,60,23,1,1,1_3,AT2
I-10117,all,48,29,8547,7431,25,92921,0,0,0,0,0,I,13,Alveolar fibroblast 1,51,30,2,2,2_4,Artery
I-10118,all,16,12,9117,6003,11,74239,0,0,0,0,0,I,8,Secondary crest myofibroblast,32,12,3,3,3_2,SMC
I-10121,all,60,27,8529,7117,30,70884,0,0,0,0,0,I,5,Alveolar fibroblast 1,56,27,2,2,2_6,pDC
I-10122,all,63,32,9186,6076,31,64524,0,0,0,0,0,I,16,Airway smooth muscle cell,56,32,3,3,3_2,SMC
I-10123,all,101,36,7511,6702,13,49562,0,0,0,0,0,I,9,Sox9+/Id2+ epithelial cell,57,30,3,3,3_4,AdventitialFib
I-10124,all,47,21,8227,6155,27,76437,0,0,0,0,0,I,6,Capillary 1 cell,47,21,2,2,2_6,pDC
I-10125,all,46,18,7457,7021,25,58778,0,0,0,0,0,I,2,Proliferative mesenchymal progenitor cell,47,18,2,2,2_6,pDC
I-10127,all,35,18,7470,6603,29,27968,3348,0,3348,0,1,I,2,Innate lymphoid cell,42,20,2,2,2_5,DC
I-10128,all,14,8,8347,7501,35,72048,0,0,0,0,0,I,4,Proliferative mesenchymal progenitor cell,32,9,3,3,3_1,SMC
I-10130,all,42,9,7452,6580,15,14563,120422,16391,104031,0.136113,0.863887,I,16,Alveolar type 2 cell,46,9,1,1,1_3,AT2
I-10132,all,90,40,8645,6853,14,71129,0,0,0,0,0,I,8,Secondary crest myofibroblast,63,40,5,5,5_3,Pericyte
I-10133,all,186,23,9248,5758,23,71352,0,0,0,0,0,I,161,Ciliated cell,38,22,4,4,4_2,CiliatedEpi
I-10134,all,131,39,7464,6738,21,99485,53174,3078,50096,0.05788543,0.9421146,I,23,CD8+ T cell,47,15,2,2,2_2,InflamMac
I-10138,all,12,6,8425,6861,7,24090,0,0,0,0,0,I,8,Pericyte,32,6,5,5,5_3,Pericyte
I-10144,all,74,36,7978,5974,35,40480,0,0,0,0,0,I,7,Arterial endothelial cell,58,37,3,3,3_5,SMC
I-10146,all,12,6,9250,6066,39,15055,0,0,0,0,0,I,8,Secondary crest myofibroblast,29,7,3,3,3_2,SMC
I-10152,all,49,22,7468,6634,21,38597,1595,0,1595,0,1,I,4,Alveolar fibroblast 1,52,23,1,1,1_4_1,AlveolarFib
I-10155,all,16,9,7611,7049,35,20626,0,0,0,0,0,I,5,Mesothelial cell,33,9,3,3,3_3,AdventitialFib
I-10156,all,90,30,7610,5828,31,63311,0,0,0,0,0,I,5,Mesothelial cell,57,30,3,3,3_3,AdventitialFib
I-10157,all,49,28,8324,6344,13,72617,0,0,0,0,0,I,3,Alveolar fibroblast 1,52,29,3,3,3_2,SMC
I-10159,all,25,15,9258,6266,27,27149,0,0,0,0,0,I,8,Secondary crest myofibroblast,43,16,3,3,3_1,SMC
I-10166,all,37,19,9236,6106,32,40742,0,0,0,0,0,I,10,Secondary crest myofibroblast,43,20,3,3,3_2,SMC
I-10172,all,25,15,9257,6527,17,40471,0,0,0,0,0,I,4,Secondary crest myofibroblast,43,16,3,3,3_2,SMC
I-10177,all,63,23,7585,7166,35,39537,0,0,0,0,0,I,3,Endothelial progenitor cell,54,23,8,8,8_2,InterstitialMac
I-10179,all,47,26,7404,6417,16,20396,0,0,0,0,0,I,4,Alveolar macrophage,47,26,8,8,8_2,InterstitialMac
I-10180,all,14,8,8368,7124,22,33162,0,0,0,0,0,I,4,Endothelial progenitor cell,30,8,2,2,2_6,pDC
I-10183,all,52,21,9206,5706,17,26929,0,0,0,0,0,I,31,Secretory cell,51,21,4,4,4_2,ClubEpi
I-10184,all,13,11,8370,6692,19,33118,0,0,0,0,0,I,3,Alveolar fibroblast 1,31,11,3,3,3_4,AdventitialFib
I-10185,all,53,30,7959,5691,36,81119,0,0,0,0,0,I,3,Alveolar fibroblast 1,57,32,2,2,2_5,DC
I-10186,all,19,13,9152,6028,18,31775,0,0,0,0,0,I,10,Airway smooth muscle cell,37,13,3,3,3_6,SCMF
I-10187,all,147,49,7631,7111,16,91210,3773,0,3773,0,1,I,5,Mature DC subset,53,28,1,1,1_2_1,Tcell (CD4)
I-10191,all,143,18,9221,5687,22,58663,0,0,0,0,0,I,128,Capillary 1 cell,41,18,4,4,4_2,CiliatedEpi
I-10199,all,17,11,9075,6025,8,19093,0,0,0,0,0,I,10,Secondary crest myofibroblast,35,12,3,3,3_2,SMC
I-10203,all,45,24,8674,7228,27,34826,0,0,0,0,0,I,13,Interstitial macrophage,45,24,8,8,8_3,InterstitialMac
I-10204,all,21,12,9277,6093,35,30914,0,0,0,0,0,I,6,Secondary crest myofibroblast,39,13,3,3,3_2,SMC
I-10215,all,16,7,9295,6543,19,37261,0,0,0,0,0,I,11,Airway smooth muscle cell,33,8,3,3,3_1,SMC
I-10219,all,39,22,9245,6551,13,46343,0,0,0,0,0,I,9,Alveolar fibroblast 1,42,22,3,3,3_2,SMC
I-10222,all,23,11,7525,6999,11,17049,0,0,0,0,0,I,4,Pericyte,39,12,3,3,3_2,SMC
I-10223,all,20,8,8184,6727,29,28325,0,0,0,0,0,I,3,Alveolar fibroblast 1,39,9,1,1,1_4_1,AlveolarFib
I-10225,all,52,24,9278,6290,29,44239,0,0,0,0,0,I,22,Secondary crest myofibroblast,51,25,3,3,3_2,SMC
I-10228,all,24,16,7690,5802,17,39346,0,0,0,0,0,I,3,Interstitial macrophage,39,16,8,8,8_3,InterstitialMac
I-10230,all,114,53,7415,7433,14,43518,0,0,0,0,0,I,6,Capillary 1 cell,46,28,2,2,2_3,Vein
I-10232,all,7,6,8883,6311,9,22991,0,0,0,0,0,I,3,CD8+ T cell,28,7,2,2,2_2,InflamMac
I-10239,all,96,34,7508,6571,31,42285,0,0,0,0,0,I,7,Venous endothelial cell,60,32,2,2,2_2,InflamMac
I-10240,all,18,11,8010,6296,8,15786,0,0,0,0,0,I,2,Innate lymphoid cell,35,11,7,7,7_2,PatrolMac
I-10243,all,16,9,8428,6054,27,12621,0,0,0,0,0,I,3,Proliferative mesenchymal progenitor cell,34,10,3,3,3_1,SMC
I-10247,all,34,19,8790,8616,21,96253,0,0,0,0,0,I,5,T regulatory cell,42,20,1,1,1_6_2,Neutrophil
I-10248,all,27,14,8669,8461,11,32825,0,0,0,0,0,I,4,B cell,44,14,9,9,9,Bcell
I-10250,all,39,23,8612,9019,35,73909,0,0,0,0,0,I,3,Alveolar fibroblast 1,41,23,3,3,3_3,AdventitialFib
I-10251,all,21,15,8893,8581,27,39229,0,0,0,0,0,I,3,Alveolar fibroblast 1,40,15,5,5,5_3,Pericyte
I-10252,all,87,44,8810,7957,11,74558,0,0,0,0,0,I,10,Interstitial macrophage,63,43,8,8,8_3,InterstitialMac
I-10254,all,33,25,7497,8215,9,35875,0,0,0,0,0,I,4,Sox9+/Id2+ epithelial cell,39,25,2,2,2_6,pDC
I-10256,all,8,8,8449,7622,33,29852,0,0,0,0,0,I,2,Capillary 1 cell,24,10,3,3,3_3,AdventitialFib
I-10257,all,92,39,8738,8605,25,110492,0,0,0,0,0,I,4,Pericyte,63,38,5,5,5_3,Pericyte
I-10258,all,22,12,7463,8828,28,34301,0,0,0,0,0,I,5,Inflammatory monocyte,40,12,7,7,7_4,PatrolMac
I-10259,all,60,30,8796,8195,20,93688,0,0,0,0,0,I,9,Interstitial macrophage,59,30,8,8,8_3,InterstitialMac
I-10262,all,19,12,8512,7694,30,44705,0,0,0,0,0,I,2,Capillary 1 cell,38,12,2,2,2_3,Vein
I-10263,all,114,37,8668,7856,22,109590,0,0,0,0,0,I,6,Venous endothelial cell,50,22,3,3,3_4,AdventitialFib
I-10264,all,25,7,7427,7596,6,10343,59865,25812,34053,0.4311701,0.5688299,I,14,Alveolar type 2 cell,43,7,1,1,1_3,AT2
I-10266,all,55,23,8788,8869,12,86259,0,0,0,0,0,I,3,Inflammatory monocyte,56,25,2,2,2_5,DC
I-10267,all,55,25,8229,8140,26,50492,0,0,0,0,0,I,3,Mesothelial cell,53,25,3,3,3_3,AdventitialFib
I-10269,all,49,31,8762,8119,30,70378,0,0,0,0,0,I,5,Alveolar fibroblast 2,49,31,3,3,3_3,AdventitialFib
I-10272,all,18,10,8552,8123,15,25241,0,0,0,0,0,I,2,Mesothelial cell,36,10,3,3,3_3,AdventitialFib
I-10275,all,64,34,8734,7825,23,59404,0,0,0,0,0,I,6,Alveolar macrophage,58,34,8,8,8_1,AlveolarMac
I-10276,all,66,40,9260,8975,22,90558,0,0,0,0,0,I,8,Secondary crest myofibroblast,58,40,3,3,3_3,AdventitialFib
I-10279,all,56,34,8549,8335,17,74980,0,0,0,0,0,I,10,Mesothelial cell,54,34,3,3,3_3,AdventitialFib
I-10280,all,40,25,7595,8046,7,20182,0,0,0,0,0,I,4,Interstitial macrophage,41,25,8,8,8_3,InterstitialMac
I-10281,all,12,10,7421,8623,7,19528,0,0,0,0,0,I,2,Mesothelial cell,31,10,3,3,3_3,AdventitialFib
I-10282,all,56,26,8911,8174,29,43680,0,0,0,0,0,I,9,Alveolar fibroblast 2,53,26,3,3,3_3,AdventitialFib
I-10286,all,72,39,7410,8139,9,58076,0,0,0,0,0,I,18,Sox9+/Id2+ epithelial cell,58,41,2,2,2_5,DC
I-10287,all,24,14,7873,7790,36,21295,0,0,0,0,0,I,4,Alveolar fibroblast 2,43,14,3,3,3_3,AdventitialFib
I-10288,all,46,19,8785,7920,24,37797,0,0,0,0,0,I,5,Alveolar macrophage,47,20,1,1,1_5_2,AlveolarFib
I-10289,all,72,36,9109,8210,11,58055,0,0,0,0,0,I,4,Proliferative mesenchymal progenitor cell,56,36,3,3,3_3,AdventitialFib
I-10290,all,28,22,9062,8238,7,37713,0,0,0,0,0,I,5,Natural killer cell,37,24,2,2,2_5,DC
I-10294,all,86,23,7470,8475,17,85397,0,0,0,0,0,I,62,Alveolar type 2 cell,55,23,1,1,1_3,AT2
I-10296,all,41,22,8585,7949,35,42887,0,0,0,0,0,I,7,B cell,45,23,3,3,3_2,SMC
I-10298,all,84,40,7816,8124,17,72090,0,0,0,0,0,I,8,Capillary 2 cell,61,40,1,1,1_5_4,pDC
I-10304,all,12,7,7719,8555,13,13364,0,0,0,0,0,I,8,Alveolar fibroblast 2,28,7,3,3,3_3,AdventitialFib
I-10305,all,21,15,8988,8757,16,40539,0,0,0,0,0,I,4,Interstitial macrophage,39,15,8,8,8_3,InterstitialMac
I-10307,all,15,13,8761,8549,39,24592,0,0,0,0,0,I,3,Alveolar fibroblast 2,32,13,3,3,3_3,AdventitialFib
I-10308,all,42,25,7471,8196,9,32006,0,0,0,0,0,I,18,Pericyte,43,25,5,5,5_1,Pericyte
I-10310,all,16,12,9001,8051,7,22975,0,0,0,0,0,I,4,Interstitial macrophage,30,12,8,8,8_3,InterstitialMac
I-10312,all,22,15,7488,8060,6,22042,0,0,0,0,0,I,5,Endothelial progenitor cell,42,15,3,3,3_4,AdventitialFib
I-10314,all,28,11,8787,8714,7,24682,0,0,0,0,0,I,2,Mesothelial cell,39,11,3,3,3_3,AdventitialFib
I-10322,all,96,31,8587,8373,17,73592,0,0,0,0,0,I,15,CD8+ T cell,61,31,3,3,3_3,AdventitialFib
I-10323,all,97,40,7409,8957,26,82558,0,0,0,0,0,I,23,Interstitial macrophage,61,38,8,8,8_3,InterstitialMac
I-10324,all,57,26,8591,8158,27,55557,0,0,0,0,0,I,4,Endothelial progenitor cell,55,26,2,2,2_6,pDC
I-10329,all,55,23,8755,8002,35,66086,0,0,0,0,0,I,2,Alveolar fibroblast 1,54,23,3,3,3_4,AdventitialFib
I-10330,all,32,19,8993,8164,9,33803,0,0,0,0,0,I,2,Mesothelial cell,39,19,3,3,3_3,AdventitialFib
I-10336,all,39,27,7517,8079,10,27984,0,0,0,0,0,I,6,Interstitial macrophage,42,27,8,8,8_3,InterstitialMac
I-10338,all,55,25,8573,7636,33,81138,0,0,0,0,0,I,2,Capillary 1 cell,52,25,2,2,2_3,Vein
I-10342,all,21,14,8681,8517,11,23720,0,0,0,0,0,I,2,Mesothelial cell,37,14,3,3,3_3,AdventitialFib
I-10343,all,84,37,8776,8272,13,85791,0,0,0,0,0,I,9,Alveolar macrophage,60,37,8,8,8_1,AlveolarMac
I-10345,all,32,17,8851,8607,32,40454,0,0,0,0,0,I,3,Mesothelial cell,40,17,3,3,3_3,AdventitialFib
I-10349,all,51,26,7557,8072,13,26476,0,0,0,0,0,I,11,Interstitial macrophage,51,26,8,8,8_3,InterstitialMac
I-10350,all,53,28,8263,8173,28,51012,0,0,0,0,0,I,11,Venous endothelial cell,53,28,3,3,3_3,AdventitialFib
I-10351,all,74,38,8737,8295,21,99168,0,0,0,0,0,I,7,Mesothelial cell,54,38,3,3,3_4,AdventitialFib
I-10352,all,16,7,8634,9266,27,57807,0,0,0,0,0,I,3,Mesothelial cell,33,7,3,3,3_3,AdventitialFib
I-10360,all,153,58,7469,8003,26,104893,0,0,0,0,0,I,26,Interstitial macrophage,50,30,8,8,8_3,InterstitialMac
I-10361,all,38,28,8644,7552,20,81867,0,0,0,0,0,I,6,CD4+ T cell,40,28,8,8,8_1,AlveolarMac
I-10364,all,67,30,8539,8153,16,62814,0,0,0,0,0,I,12,Mesothelial cell,55,30,3,3,3_3,AdventitialFib
I-10366,all,34,23,8483,7757,31,71195,0,0,0,0,0,I,9,Inflammatory monocyte,40,25,2,2,2_5,DC
I-10368,all,33,5,7543,8431,38,23535,0,0,0,0,0,I,30,Sox9+/Id2+ epithelial cell,45,5,1,1,1_1,AT2
I-10371,all,85,32,8047,7831,13,66779,0,0,0,0,0,I,4,Inflammatory monocyte,55,32,3,3,3_3,AdventitialFib
I-10374,all,32,19,9091,8330,12,38682,0,0,0,0,0,I,3,Mesothelial cell,38,19,3,3,3_3,AdventitialFib
I-10375,all,59,27,8975,8612,19,80445,0,0,0,0,0,I,3,Innate lymphoid cell,55,27,7,7,7_2,PatrolMac
I-10377,all,11,9,8816,7683,7,38219,0,0,0,0,0,I,2,Sox9+/Id2+ epithelial cell,27,9,3,3,3_3,AdventitialFib
I-10378,all,23,18,8870,7568,38,36871,0,0,0,0,0,I,3,Inflammatory monocyte,42,19,2,2,2_2,InflamMac
I-10379,all,61,35,8770,7865,17,68061,0,0,0,0,0,I,3,Mesothelial cell,54,35,7,7,7_3,Tcell (CD8)
I-10380,all,30,14,7423,8579,10,44924,0,0,0,0,0,I,2,Mesothelial cell,42,14,3,3,3_3,AdventitialFib
I-10385,all,9,8,7821,7808,39,11232,0,0,0,0,0,I,3,Alveolar fibroblast 1,23,9,3,3,3_6,SCMF
I-10388,all,42,25,7551,8047,8,26384,0,0,0,0,0,I,7,Interstitial macrophage,42,25,8,8,8_1,AlveolarMac
I-10397,all,24,14,7870,7762,37,21102,0,0,0,0,0,I,2,Alveolar fibroblast 1,41,14,3,3,3_4,AdventitialFib
I-10400,all,50,33,8669,7577,28,78493,0,0,0,0,0,I,4,Proliferative mesenchymal progenitor cell,50,33,8,8,8_1,AlveolarMac
I-10401,all,21,10,8917,8142,28,21769,0,0,0,0,0,I,2,Mesothelial cell,39,10,3,3,3_3,AdventitialFib
I-10403,all,30,14,7289,8205,35,42548,0,0,0,0,0,I,3,Mesothelial cell,41,14,3,3,3_3,AdventitialFib
I-10409,all,35,23,7601,8256,17,53869,0,0,0,0,0,I,2,Capillary 1 cell,40,23,2,2,2_6,pDC
I-10411,all,10,7,8617,8915,5,9691,0,0,0,0,0,I,2,Alveolar fibroblast 2,26,7,3,3,3_3,AdventitialFib
I-10414,all,11,9,8496,9286,13,16558,0,0,0,0,0,I,4,Interstitial macrophage,25,9,8,8,8_3,InterstitialMac
I-10416,all,81,29,8735,8169,36,66633,0,0,0,0,0,I,2,Alveolar type 1 cell,61,30,1,1,1_6_2,Neutrophil
I-10419,all,53,29,8500,7981,29,115348,0,0,0,0,0,I,8,Endothelial progenitor cell,53,30,2,2,2_2,InflamMac
I-10421,all,54,39,8798,8418,21,59473,0,0,0,0,0,I,13,Alveolar fibroblast 2,53,39,8,8,8_1,AlveolarMac
I-10428,all,47,26,7874,7823,35,45177,0,0,0,0,0,I,6,Mesothelial cell,47,26,3,3,3_3,AdventitialFib
I-10430,all,48,34,8656,7634,34,77525,0,0,0,0,0,I,4,Inflammatory monocyte,52,35,3,3,3_1,SMC
I-10433,all,47,21,8835,8640,31,50891,0,0,0,0,0,I,3,Mesothelial cell,47,21,7,7,7_3,Tcell (CD8)
I-10435,all,12,8,7561,8273,19,23574,0,0,0,0,0,I,2,Mesothelial cell,30,8,3,3,3_3,AdventitialFib
I-10437,all,28,21,8490,9318,15,44592,0,0,0,0,0,I,8,Interstitial macrophage,40,21,8,8,8_3,InterstitialMac
I-10439,all,34,13,9139,8245,6,26770,0,0,0,0,0,I,5,Alveolar fibroblast 2,44,13,3,3,3_3,AdventitialFib
I-10441,all,34,18,8718,8435,20,52276,0,0,0,0,0,I,2,Endothelial progenitor cell,42,18,2,2,2_6,pDC
I-10442,all,60,36,8738,7651,11,76774,0,0,0,0,0,I,6,Alveolar fibroblast 2,58,36,2,2,2_6,pDC
I-10444,all,49,25,9232,9347,26,78228,0,0,0,0,0,I,7,Alveolar fibroblast 2,49,25,3,3,3_3,AdventitialFib
I-10446,all,56,20,7739,8160,14,30341,0,0,0,0,0,I,37,Alveolar type 2 cell,52,20,1,1,1_1,AT2
I-10457,all,43,25,8835,8227,8,36239,0,0,0,0,0,I,7,Interstitial macrophage,43,25,8,8,8_3,InterstitialMac
I-10460,all,111,44,8566,8000,28,85486,0,0,0,0,0,I,8,Alveolar fibroblast 1,47,24,3,3,3_5,SMC
I-10462,all,34,15,8850,8270,9,23832,0,0,0,0,0,I,2,Alveolar macrophage,44,15,8,8,8_1,AlveolarMac
I-10466,all,38,10,7688,8184,17,31372,0,0,0,0,0,I,28,Sox9+/Id2+ epithelial cell,46,10,1,1,1_3,AT2
I-10467,all,27,17,8749,8078,23,33647,0,0,0,0,0,I,6,Alveolar fibroblast 2,42,17,3,3,3_4,AdventitialFib
I-10468,all,24,19,8356,7653,32,102907,0,0,0,0,0,I,4,Arterial endothelial cell,45,20,2,2,2_4,Artery
I-10469,all,76,30,9172,8543,20,121168,0,0,0,0,0,I,3,B cell,53,30,3,3,3_3,AdventitialFib
I-10471,all,39,18,7646,8146,11,49813,0,0,0,0,0,I,9,Sox9+/Id2+ epithelial cell,43,18,2,2,2_3,Vein
I-10472,all,7,6,8669,8222,39,14536,0,0,0,0,0,I,2,Proliferative mesenchymal progenitor cell,24,9,2,2,2_6,pDC
I-10478,all,37,19,8755,7905,27,33676,0,0,0,0,0,I,3,Inflammatory monocyte,43,21,2,2,2_5,DC
I-10479,all,62,37,8825,8398,19,62187,0,0,0,0,0,I,11,Alveolar fibroblast 2,56,37,8,8,8_1,AlveolarMac
I-10482,all,64,26,9231,8900,13,103471,0,0,0,0,0,I,5,Alveolar fibroblast 2,53,26,3,3,3_3,AdventitialFib
I-10489,all,47,26,8736,7861,26,39612,0,0,0,0,0,I,3,Alveolar macrophage,47,26,8,8,8_1,AlveolarMac
I-10495,all,23,12,7841,7796,38,11608,0,0,0,0,0,I,3,Mesothelial cell,40,12,3,3,3_3,AdventitialFib
I-10496,all,12,9,8817,7730,7,23328,0,0,0,0,0,I,3,Mesothelial cell,33,9,3,3,3_3,AdventitialFib
I-10501,all,10,5,8497,9248,10,13251,0,0,0,0,0,I,4,Interstitial macrophage,21,5,8,8,8_3,InterstitialMac
I-10504,all,166,32,7475,8144,10,73318,0,0,0,0,0,I,131,Alveolar type 2 cell,46,10,1,1,1_3,AT2
I-10508,all,9,6,7719,8519,18,15943,0,0,0,0,0,I,2,Mesothelial cell,27,6,3,3,3_3,AdventitialFib
I-10510,all,82,27,7713,8169,14,39507,0,0,0,0,0,I,50,Alveolar type 2 cell,58,27,1,1,1_1,AT2
I-10511,all,26,12,8552,8091,19,27035,0,0,0,0,0,I,7,Alveolar fibroblast 2,44,12,3,3,3_3,AdventitialFib
I-10515,all,40,23,7858,7737,36,20702,0,0,0,0,0,I,5,Alveolar fibroblast 2,42,23,3,3,3_3,AdventitialFib
I-10516,all,31,19,8707,7966,9,40670,0,0,0,0,0,I,5,Venous endothelial cell,39,19,2,2,2_3,Vein
I-10517,all,11,7,8924,8578,26,28909,0,0,0,0,0,I,5,Inflammatory monocyte,25,7,7,7,7_2,PatrolMac
I-10518,all,22,13,8476,9267,8,21896,0,0,0,0,0,I,8,Interstitial macrophage,38,13,8,8,8_3,InterstitialMac
