orig.ident,nCount_RNA,nFeature_RNA,x,y,z,volume,np,np_nuc,np_cyto,pctnuc,pctcyto,region,marker_reads,predicted.id,nCount_SCT,nFeature_SCT,SCT_snn_res.0.1,seurat_clusters,lung,cell_type
H-2,all,53,29,585,382,19,82978,0,0,0,0,0,H,14,Alveolar type 2 cell,53,29,1,1,1_3,AT2
H-3,all,38,21,408,131,32,85252,0,0,0,0,0,H,15,Alveolar type 2 cell,42,21,1,1,1_3,AT2
H-4,all,15,13,936,542,34,43653,0,0,0,0,0,H,3,Natural killer cell,34,13,2,2,2_2,InflamMac
H-5,all,97,43,155,544,18,69602,0,0,0,0,0,H,23,Alveolar macrophage,65,42,8,8,8_1,AlveolarMac
H-6,all,54,36,294,1444,21,73135,0,0,0,0,0,H,7,Inflammatory monocyte,55,37,2,2,2_1,Capillary
H-8,all,62,21,1436,770,11,43653,0,0,0,0,0,H,44,Capillary 1 cell,52,21,1,1,1_1,AT2
H-9,all,26,22,1042,731,24,38652,0,0,0,0,0,H,3,Capillary 1 cell,39,24,2,2,2_5,DC
H-10,all,43,23,1121,1476,14,55377,0,0,0,0,0,H,6,Pericyte,44,23,2,2,2_6,pDC
H-11,all,15,13,122,1554,6,17093,0,0,0,0,0,H,4,Arterial endothelial cell,30,13,2,2,2_4,Artery
H-12,all,78,28,394,1142,10,41320,0,0,0,0,0,H,52,Alveolar type 2 cell,56,28,1,1,1_1,AT2
H-14,all,64,29,155,979,18,91926,0,0,0,0,0,H,24,Capillary 1 cell,54,29,1,1,1_3,AT2
H-15,all,79,26,921,594,34,55486,0,0,0,0,0,H,49,Alveolar type 2 cell,56,26,1,1,1_3,AT2
H-19,all,17,12,1249,192,13,39815,0,0,0,0,0,H,2,Alveolar fibroblast 1,34,12,2,2,2_3,Vein
H-20,all,52,32,1049,906,16,78828,191,0,191,0,1,H,23,Vascular smooth muscle cell,52,32,5,5,5_1,Pericyte
H-21,all,58,33,1066,411,23,97560,0,0,0,0,0,H,11,Arterial endothelial cell,55,33,5,5,5_1,Pericyte
H-22,all,17,14,1157,89,32,40678,0,0,0,0,0,H,8,Capillary 1 cell,34,14,5,5,5_3,Pericyte
H-24,all,84,22,44,1918,32,72030,0,0,0,0,0,H,65,Alveolar type 2 cell,54,22,1,1,1_3,AT2
H-25,all,88,45,1149,1219,16,104998,0,0,0,0,0,H,14,Innate lymphoid cell,61,46,3,3,3_5,SMC
H-26,all,38,15,1272,1500,11,50194,0,0,0,0,0,H,20,Airway smooth muscle cell,44,16,3,3,3_1,SMC
H-27,all,43,26,35,965,30,76474,63,0,63,0,1,H,7,Alveolar type 1 cell,43,26,6,6,6,AT1
H-28,all,19,16,181,1584,7,21244,0,0,0,0,0,H,8,Alveolar fibroblast 1,37,16,3,3,3_4,AdventitialFib
H-30,all,99,29,1249,1456,16,58187,0,0,0,0,0,H,69,Alveolar type 2 cell,53,24,3,3,3_5,SMC
H-31,all,42,18,1454,802,8,26399,0,0,0,0,0,H,25,Alveolar type 2 cell,45,18,1,1,1_1,AT2
H-32,all,8,6,1012,390,39,18132,0,0,0,0,0,H,2,Alveolar fibroblast 1,22,8,2,2,2_4,Artery
H-33,all,35,18,96,1852,32,43117,0,0,0,0,0,H,4,Alveolar fibroblast 1,43,17,1,1,1_5_1,LymphaticEndo
H-34,all,26,18,1026,266,13,50415,0,0,0,0,0,H,5,Capillary 1 cell,42,18,2,2,2_1,Capillary
H-35,all,26,19,1256,989,5,19735,0,0,0,0,0,H,6,Alveolar fibroblast 1,45,19,6,6,6,AT1
H-36,all,25,20,1814,707,15,44291,0,0,0,0,0,H,9,Interstitial macrophage,45,20,8,8,8_3,InterstitialMac
H-37,all,83,33,284,1634,23,140237,0,0,0,0,0,H,27,Secondary crest myofibroblast,59,33,3,3,3_1,SMC
H-38,all,54,31,1108,787,16,71154,0,0,0,0,0,H,15,Alveolar fibroblast 1,51,31,1,1,1_5_1,LymphaticEndo
H-39,all,31,22,1445,880,13,33627,0,0,0,0,0,H,4,Inflammatory monocyte,39,22,1,1,1_3,AT2
H-40,all,51,28,189,125,24,69027,0,0,0,0,0,H,8,Capillary 1 cell,49,27,2,2,2_1,Capillary
H-41,all,20,17,406,26,38,63758,0,0,0,0,0,H,3,Capillary 2 cell,42,17,2,2,2_6,pDC
H-43,all,86,41,1172,1148,16,94031,0,0,0,0,0,H,11,Endothelial progenitor cell,57,40,2,2,2_1,Capillary
H-44,all,103,36,1064,1470,21,93288,169,169,0,1,0,H,6,Alveolar type 1 cell,60,30,6,6,6,AT1
H-45,all,64,40,1005,1453,24,76304,0,0,0,0,0,H,10,Proliferative mesenchymal progenitor cell,59,41,2,2,2_5,DC
H-47,all,63,37,1260,547,11,64048,0,0,0,0,0,H,15,Inflammatory monocyte,56,37,2,2,2_6,pDC
H-48,all,88,36,653,511,30,72844,0,0,0,0,0,H,25,Alveolar macrophage,62,35,8,8,8_1,AlveolarMac
H-49,all,40,18,337,134,30,75229,0,0,0,0,0,H,7,Alveolar type 1 cell,44,19,3,3,3_1,SMC
H-50,all,59,35,434,1302,34,62839,0,0,0,0,0,H,14,Capillary 1 cell,56,36,3,3,3_1,SMC
H-52,all,21,16,1826,751,9,24521,0,0,0,0,0,H,6,Endothelial progenitor cell,38,16,3,3,3_4,AdventitialFib
H-53,all,65,34,937,933,17,94039,0,0,0,0,0,H,11,CD4+ T cell,58,34,7,7,7_2,PatrolMac
H-54,all,79,45,901,641,25,97904,0,0,0,0,0,H,30,B cell,60,45,9,9,9,Bcell
H-57,all,29,17,392,1626,16,41352,0,0,0,0,0,H,13,Capillary 1 cell,40,17,2,2,2_1,Capillary
H-58,all,30,20,293,132,19,60731,0,0,0,0,0,H,6,Arterial endothelial cell,40,21,2,2,2_4,Artery
H-59,all,61,35,1883,440,13,100592,0,0,0,0,0,H,9,CD4+ T cell,56,35,3,3,3_6,SCMF
H-60,all,163,53,137,919,22,139886,0,0,0,0,0,H,101,Sox9+/Id2+ epithelial cell,50,25,2,2,2_5,DC
H-61,all,28,21,1939,1847,20,107317,0,0,0,0,0,H,2,Endothelial progenitor cell,43,21,3,3,3_4,AdventitialFib
H-63,all,51,28,1293,159,11,78321,0,0,0,0,0,H,13,Alveolar fibroblast 1,51,28,8,8,8_1,AlveolarMac
H-64,all,18,14,556,243,35,43193,0,0,0,0,0,H,4,Inflammatory monocyte,34,14,7,7,7_4,PatrolMac
H-65,all,35,19,1220,1573,16,34104,0,0,0,0,0,H,11,Interstitial macrophage,39,19,8,8,8_3,InterstitialMac
H-66,all,52,23,1008,46,26,98462,0,0,0,0,0,H,19,Alveolar fibroblast 1,52,24,3,3,3_5,SMC
H-67,all,28,19,491,1455,7,30301,104,0,104,0,1,H,8,Pericyte,40,21,2,2,2_5,DC
H-68,all,28,23,422,1591,18,49331,0,0,0,0,0,H,10,Ciliated cell,41,23,3,3,3_4,AdventitialFib
H-69,all,53,27,1919,1227,8,56774,0,0,0,0,0,H,11,Sox9+/Id2+ epithelial cell,52,27,1,1,1_3,AT2
H-70,all,66,35,1096,1437,11,67793,0,0,0,0,0,H,21,Secondary crest myofibroblast,57,35,1,1,1_5_1,LymphaticEndo
H-71,all,6,6,485,138,29,34711,0,0,0,0,0,H,2,Inflammatory monocyte,26,9,3,3,3_1,SMC
H-74,all,53,31,1164,338,25,72508,0,0,0,0,0,H,10,Inflammatory monocyte,52,31,7,7,7_2,PatrolMac
H-75,all,39,21,645,544,25,56104,0,0,0,0,0,H,3,Alveolar macrophage,43,21,8,8,8_1,AlveolarMac
H-76,all,134,47,976,723,20,103485,101,0,101,0,1,H,36,Alveolar macrophage,50,21,8,8,8_1,AlveolarMac
H-77,all,62,18,1886,1739,11,38984,0,0,0,0,0,H,8,Alveolar type 1 cell,53,18,6,6,6,AT1
H-78,all,19,17,993,97,37,57750,0,0,0,0,0,H,2,Capillary 2 cell,39,17,2,2,2_6,pDC
H-79,all,112,50,454,522,23,135063,50,0,50,0,1,H,19,Secretory cell,50,33,7,7,7_2,PatrolMac
H-81,all,19,7,1388,97,26,32659,0,0,0,0,0,H,10,Sox9+/Id2+ epithelial cell,43,7,1,1,1_1,AT2
H-82,all,164,59,855,885,11,92821,0,0,0,0,0,H,40,Alveolar type 1 cell,47,25,6,6,6,AT1
H-83,all,28,13,562,191,18,34883,0,0,0,0,0,H,2,Capillary 1 cell,47,12,2,2,2_1,Capillary
H-84,all,16,12,885,776,31,17869,0,0,0,0,0,H,4,Capillary 2 cell,35,12,2,2,2_1,Capillary
H-85,all,15,10,185,1080,39,29853,0,0,0,0,0,H,2,Alveolar type 1 cell,33,10,6,6,6,AT1
H-86,all,51,29,807,945,9,54842,0,0,0,0,0,H,8,Natural killer cell,52,30,2,2,2_2,InflamMac
H-88,all,22,11,1218,959,7,27842,0,0,0,0,0,H,2,Natural killer cell,38,12,2,2,2_2,InflamMac
H-89,all,33,20,63,1782,20,58572,0,0,0,0,0,H,3,B cell,42,21,2,2,2_4,Artery
H-90,all,57,31,154,1856,21,95437,0,0,0,0,0,H,5,Basophil,54,31,7,7,7_2,PatrolMac
H-91,all,196,39,353,1634,13,91712,0,0,0,0,0,H,137,Alveolar type 2 cell,48,15,1,1,1_1,AT2
H-92,all,20,10,15,1373,15,24558,0,0,0,0,0,H,13,Capillary 1 cell,41,12,2,2,2_3,Vein
H-94,all,39,21,1264,221,18,47957,0,0,0,0,0,H,10,Venous endothelial cell,43,21,2,2,2_3,Vein
H-95,all,73,26,443,1551,20,85554,0,0,0,0,0,H,38,Alveolar type 2 cell,53,26,2,2,2_1,Capillary
H-96,all,17,16,369,1199,8,22579,0,0,0,0,0,H,2,Sox9+/Id2+ epithelial cell,34,16,2,2,2_3,Vein
H-98,all,18,13,691,711,7,22750,0,0,0,0,0,H,5,Capillary 1 cell,35,13,2,2,2_3,Vein
H-99,all,33,21,1894,1031,9,46486,0,0,0,0,0,H,9,Arterial endothelial cell,42,21,7,7,7_2,PatrolMac
H-101,all,46,34,472,1630,24,90931,55,0,55,0,1,H,11,Inflammatory monocyte,46,34,9,9,9,Bcell
H-106,all,22,15,1744,1760,22,29894,0,0,0,0,0,H,6,Alveolar macrophage,41,15,3,3,3_6,SCMF
H-107,all,81,38,1138,1340,21,92115,0,0,0,0,0,H,18,Pericyte,57,38,5,5,5_1,Pericyte
H-109,all,73,39,1104,705,26,90746,0,0,0,0,0,H,10,Inflammatory monocyte,55,39,2,2,2_6,pDC
H-112,all,104,18,62,1620,22,86346,471,0,471,0,1,H,89,Sox9+/Id2+ epithelial cell,50,11,1,1,1_3,AT2
H-113,all,32,18,465,15,16,60877,0,0,0,0,0,H,5,Secondary crest myofibroblast,42,19,3,3,3_5,SMC
H-115,all,22,16,1031,702,31,30238,0,0,0,0,0,H,3,Alveolar type 1 cell,39,16,1,1,1_4_1,AlveolarFib
H-119,all,33,19,1009,234,14,42316,0,0,0,0,0,H,4,Endothelial progenitor cell,43,19,3,3,3_4,AdventitialFib
H-120,all,38,25,1199,1622,9,57824,0,0,0,0,0,H,14,Alveolar fibroblast 1,40,24,1,1,1_5_1,LymphaticEndo
H-121,all,19,13,1226,264,32,56187,0,0,0,0,0,H,7,Pericyte,38,13,5,5,5_1,Pericyte
H-122,all,42,23,1218,1005,16,43639,0,0,0,0,0,H,3,Sox9+/Id2+ epithelial cell,46,25,2,2,2_3,Vein
H-123,all,73,38,1254,1535,12,74197,0,0,0,0,0,H,26,Interstitial macrophage,57,39,3,3,3_1,SMC
H-124,all,34,25,1217,446,21,78099,104,0,104,0,1,H,9,Neutrophil,40,25,7,7,7_2,PatrolMac
H-128,all,12,10,1695,1781,5,26259,0,0,0,0,0,H,4,Capillary 1 cell,27,10,5,5,5_3,Pericyte
H-129,all,44,29,979,189,36,63993,0,0,0,0,0,H,5,Inflammatory monocyte,46,30,2,2,2_5,DC
H-131,all,92,31,233,1242,16,86356,0,0,0,0,0,H,14,Alveolar type 1 cell,58,31,6,6,6,AT1
H-134,all,56,37,224,1171,24,106921,0,0,0,0,0,H,19,Pericyte,55,37,5,5,5_3,Pericyte
H-135,all,38,23,1712,1709,13,66622,0,0,0,0,0,H,11,Pericyte,42,23,5,5,5_1,Pericyte
H-136,all,56,38,540,129,17,83413,50,0,50,0,1,H,13,Alveolar type 2 cell,55,37,2,2,2_1,Capillary
H-137,all,18,10,1031,1646,6,11073,108,0,108,0,1,H,3,Venous endothelial cell,37,10,3,3,3_4,AdventitialFib
H-142,all,9,8,1508,104,4,8337,0,0,0,0,0,H,4,Alveolar macrophage,25,9,3,3,3_1,SMC
H-143,all,17,10,1692,1927,14,39918,0,0,0,0,0,H,3,Endothelial progenitor cell,38,11,2,2,2_1,Capillary
H-144,all,21,14,1933,345,25,38058,0,0,0,0,0,H,5,Inflammatory monocyte,38,14,3,3,3_6,SCMF
H-148,all,15,10,76,1716,38,42605,0,0,0,0,0,H,2,Endothelial progenitor cell,33,10,3,3,3_4,AdventitialFib
H-149,all,27,17,1794,732,9,32057,0,0,0,0,0,H,5,Interstitial macrophage,39,17,8,8,8_3,InterstitialMac
H-150,all,63,22,1170,1107,26,50022,0,0,0,0,0,H,8,Alveolar type 1 cell,54,22,6,6,6,AT1
H-151,all,20,17,1258,78,17,37492,0,0,0,0,0,H,4,Alveolar fibroblast 1,39,17,3,3,3_4,AdventitialFib
H-152,all,28,23,459,111,19,67786,0,0,0,0,0,H,10,Alveolar fibroblast 1,36,23,2,2,2_1,Capillary
H-155,all,13,8,468,161,27,48976,596,0,596,0,1,H,7,Alveolar fibroblast 1,30,9,3,3,3_1,SMC
H-156,all,136,27,1186,364,25,98500,105,0,105,0,1,H,104,Alveolar type 2 cell,46,11,1,1,1_3,AT2
H-157,all,15,11,1192,103,37,26318,0,0,0,0,0,H,4,Capillary 1 cell,33,11,5,5,5_1,Pericyte
H-158,all,33,21,1818,636,18,65378,0,0,0,0,0,H,8,Alveolar macrophage,41,21,2,2,2_1,Capillary
H-159,all,153,32,1257,1088,11,86758,0,0,0,0,0,H,117,Sox9+/Id2+ epithelial cell,45,10,1,1,1_1,AT2
H-162,all,54,29,668,25,15,70950,0,0,0,0,0,H,14,Arterial endothelial cell,53,29,2,2,2_4,Artery
H-163,all,24,16,1742,1892,8,60629,0,0,0,0,0,H,4,Alveolar macrophage,40,16,1,1,1_3,AT2
H-164,all,15,12,264,168,26,31239,0,0,0,0,0,H,5,Capillary 1 cell,30,12,3,3,3_6,SCMF
H-165,all,50,19,209,96,17,55821,0,0,0,0,0,H,34,Alveolar fibroblast 1,50,20,3,3,3_1,SMC
H-168,all,49,29,880,816,7,42880,53,53,0,1,0,H,10,Capillary 1 cell,49,29,9,9,9,Bcell
H-169,all,36,28,251,1165,24,75211,0,0,0,0,0,H,5,Alveolar fibroblast 1,39,28,5,5,5_3,Pericyte
H-172,all,30,23,333,1744,18,42236,0,0,0,0,0,H,6,Inflammatory monocyte,39,25,2,2,2_5,DC
H-174,all,37,21,1133,119,19,58054,0,0,0,0,0,H,6,Capillary 1 cell,43,21,2,2,2_1,Capillary
H-175,all,32,12,1193,488,22,33821,374,374,0,1,0,H,15,Alveolar macrophage,42,12,8,8,8_1,AlveolarMac
H-176,all,21,10,272,1291,37,21538,0,0,0,0,0,H,11,Sox9+/Id2+ epithelial cell,43,11,2,2,2_1,Capillary
H-177,all,48,32,945,639,12,68298,56,0,56,0,1,H,14,Sox9+/Id2+ epithelial cell,45,31,2,2,2_1,Capillary
H-178,all,109,28,1199,512,14,62807,280,0,280,0,1,H,84,Alveolar type 2 cell,54,21,1,1,1_1,AT2
H-179,all,17,13,215,1900,26,57095,0,0,0,0,0,H,3,CD8+ T cell,33,13,7,7,7_2,PatrolMac
H-180,all,11,10,308,53,35,37838,0,0,0,0,0,H,2,Sox9+/Id2+ epithelial cell,29,10,3,3,3_6,SCMF
H-181,all,110,28,1344,86,14,80465,0,0,0,0,0,H,78,Alveolar type 2 cell,47,14,1,1,1_3,AT2
H-183,all,42,31,1099,1370,23,68285,0,0,0,0,0,H,12,Inflammatory monocyte,43,31,8,8,8_2,InterstitialMac
H-184,all,15,10,1055,1641,7,12872,0,0,0,0,0,H,4,Alveolar fibroblast 1,36,11,3,3,3_1,SMC
H-186,all,21,17,1022,1566,29,42981,0,0,0,0,0,H,11,Alveolar macrophage,41,17,5,5,5_3,Pericyte
H-188,all,37,29,1345,1532,8,62474,0,0,0,0,0,H,13,Inflammatory monocyte,38,29,2,2,2_1,Capillary
H-189,all,37,25,693,446,10,50543,0,0,0,0,0,H,8,Neutrophil,41,25,3,3,3_1,SMC
H-190,all,61,30,1211,392,15,72769,52,0,52,0,1,H,29,Sox9+/Id2+ epithelial cell,55,30,1,1,1_3,AT2
H-192,all,74,16,367,90,28,65831,0,0,0,0,0,H,48,Alveolar type 2 cell,53,16,1,1,1_3,AT2
H-193,all,10,4,1407,136,37,33101,0,0,0,0,0,H,6,Sox9+/Id2+ epithelial cell,34,4,1,1,1_1,AT2
H-194,all,41,16,468,1536,24,49259,0,0,0,0,0,H,30,Alveolar type 2 cell,44,16,1,1,1_1,AT2
H-196,all,22,4,561,293,39,23432,0,0,0,0,0,H,19,Alveolar type 2 cell,42,4,1,1,1_1,AT2
H-197,all,80,26,1100,1531,11,48070,0,0,0,0,0,H,14,Alveolar type 1 cell,56,26,6,6,6,AT1
H-198,all,96,43,1226,583,19,109547,0,0,0,0,0,H,18,Alveolar fibroblast 1,62,43,2,2,2_3,Vein
H-200,all,31,16,63,1865,37,48296,0,0,0,0,0,H,2,Sox9+/Id2+ epithelial cell,41,16,3,3,3_6,SCMF
H-201,all,57,36,334,1464,24,101897,0,0,0,0,0,H,13,Alveolar fibroblast 1,55,36,7,7,7_3,Tcell (CD8)
H-203,all,22,15,1339,15,18,49265,0,0,0,0,0,H,4,Natural killer cell,42,16,2,2,2_2,InflamMac
H-204,all,53,15,1740,703,30,66890,0,0,0,0,0,H,43,Innate lymphoid cell,50,15,8,8,8_2,InterstitialMac
H-205,all,152,60,362,1051,11,78576,113,0,113,0,1,H,39,Alveolar macrophage,50,26,8,8,8_1,AlveolarMac
H-207,all,21,13,1792,97,36,59122,0,0,0,0,0,H,8,Alveolar type 1 cell,40,13,6,6,6,AT1
H-209,all,56,14,958,46,8,51989,0,0,0,0,0,H,45,Alveolar type 2 cell,50,14,1,1,1_3,AT2
H-212,all,159,33,638,100,13,73472,0,0,0,0,0,H,30,Alveolar type 1 cell,47,11,6,6,6,AT1
H-213,all,19,11,1761,94,29,29513,0,0,0,0,0,H,3,B cell,37,11,9,9,9,Bcell
H-216,all,11,8,461,1511,19,32690,0,0,0,0,0,H,5,Pericyte,35,8,5,5,5_3,Pericyte
H-218,all,10,9,590,3,13,28749,0,0,0,0,0,H,5,Alveolar type 2 cell,29,9,1,1,1_5_4,pDC
H-219,all,65,30,617,64,21,94951,0,0,0,0,0,H,19,Alveolar type 2 cell,54,30,2,2,2_1,Capillary
H-221,all,25,15,293,1101,31,55456,0,0,0,0,0,H,10,B cell,43,15,9,9,9,Bcell
H-222,all,82,25,9,1407,22,62449,0,0,0,0,0,H,60,Alveolar type 2 cell,56,25,1,1,1_3,AT2
H-223,all,14,9,1191,254,7,20358,0,0,0,0,0,H,5,Alveolar fibroblast 1,30,10,1,1,1_5_1,LymphaticEndo
H-224,all,25,20,8,1309,24,38910,0,0,0,0,0,H,6,Secondary crest myofibroblast,45,20,5,5,5_3,Pericyte
H-225,all,35,23,1226,94,26,46265,0,0,0,0,0,H,4,Pericyte,41,23,5,5,5_1,Pericyte
H-226,all,17,11,547,409,15,32246,0,0,0,0,0,H,5,Alveolar fibroblast 1,35,11,1,1,1_5_2,AlveolarFib
H-232,all,66,39,447,424,33,88544,0,0,0,0,0,H,9,Secondary crest myofibroblast,58,39,6,6,6,AT1
H-233,all,60,37,760,918,32,96337,0,0,0,0,0,H,5,Inflammatory monocyte,57,37,7,7,7_2,PatrolMac
H-237,all,66,37,1181,468,29,62517,329,329,0,1,0,H,24,Alveolar type 2 cell,59,37,8,8,8_1,AlveolarMac
H-238,all,23,13,3,1344,23,39542,0,0,0,0,0,H,9,Pericyte,42,13,2,2,2_3,Vein
H-239,all,34,17,595,174,11,41931,0,0,0,0,0,H,7,B cell,38,16,2,2,2_1,Capillary
H-242,all,89,22,299,1284,35,60024,0,0,0,0,0,H,74,Alveolar type 2 cell,56,21,1,1,1_3,AT2
H-245,all,40,14,1297,7,19,45600,0,0,0,0,0,H,6,Alveolar type 1 cell,44,14,6,6,6,AT1
H-246,all,43,23,72,1821,22,58288,0,0,0,0,0,H,7,Interstitial macrophage,44,23,3,3,3_6,SCMF
H-247,all,62,26,400,1181,7,35398,0,0,0,0,0,H,33,Capillary 1 cell,56,27,3,3,3_5,SMC
H-248,all,17,13,304,1133,36,39317,0,0,0,0,0,H,2,Sox9+/Id2+ epithelial cell,33,13,7,7,7_3,Tcell (CD8)
H-250,all,89,38,62,1576,27,86045,50,50,0,1,0,H,23,Arterial endothelial cell,62,38,2,2,2_3,Vein
H-252,all,34,24,169,1533,7,43189,0,0,0,0,0,H,12,Capillary 1 cell,42,24,2,2,2_6,pDC
H-255,all,52,23,1930,1772,16,61421,0,0,0,0,0,H,3,Alveolar fibroblast 1,51,23,3,3,3_6,SCMF
H-258,all,68,37,155,1923,12,104369,0,0,0,0,0,H,7,Inflammatory monocyte,58,37,2,2,2_6,pDC
H-259,all,36,22,332,1538,15,38567,0,0,0,0,0,H,2,Secondary crest myofibroblast,43,23,3,3,3_5,SMC
H-265,all,23,17,1204,57,35,40541,0,0,0,0,0,H,4,Alveolar fibroblast 1,41,17,3,3,3_4,AdventitialFib
H-266,all,64,33,353,1395,24,111712,0,0,0,0,0,H,10,Capillary 1 cell,56,32,2,2,2_1,Capillary
H-267,all,7,6,369,1453,38,25404,0,0,0,0,0,H,2,Alveolar fibroblast 1,25,7,1,1,1_5_1,LymphaticEndo
H-272,all,21,5,1091,0,21,17484,0,0,0,0,0,H,14,Sox9+/Id2+ epithelial cell,42,5,1,1,1_1,AT2
H-278,all,32,19,481,1499,20,43734,0,0,0,0,0,H,10,Pericyte,40,19,5,5,5_1,Pericyte
H-280,all,18,15,258,1119,32,37725,0,0,0,0,0,H,5,Inflammatory monocyte,37,15,7,7,7_2,PatrolMac
H-286,all,6,4,0,1636,36,10208,0,0,0,0,0,H,2,Sox9+/Id2+ epithelial cell,25,6,1,1,1_3,AT2
H-292,all,114,48,586,3116,18,91936,0,0,0,0,0,H,37,Alveolar macrophage,50,27,8,8,8_1,AlveolarMac
H-294,all,32,23,98,2287,24,61349,0,0,0,0,0,H,8,CD4+ T cell,38,23,7,7,7_2,PatrolMac
H-297,all,13,5,539,2887,38,30728,0,0,0,0,0,H,3,Natural killer cell,28,5,7,7,7_3,Tcell (CD8)
H-301,all,41,22,881,2570,17,61095,0,0,0,0,0,H,20,Alveolar fibroblast 1,43,22,3,3,3_6,SCMF
H-302,all,20,14,520,3428,38,37998,0,0,0,0,0,H,3,Capillary 2 cell,40,14,1,1,1_3,AT2
H-303,all,14,12,1056,2952,21,58432,0,0,0,0,0,H,6,Pericyte,28,12,5,5,5_3,Pericyte
H-305,all,26,14,1111,2570,8,76944,0,0,0,0,0,H,3,Alveolar type 1 cell,40,15,2,2,2_2,InflamMac
H-309,all,18,14,1919,2162,35,59732,0,0,0,0,0,H,2,Alveolar fibroblast 1,38,14,1,1,1_5_2,AlveolarFib
H-312,all,37,23,587,2955,30,65613,0,0,0,0,0,H,6,Arterial endothelial cell,41,24,2,2,2_4,Artery
H-314,all,16,12,1160,3652,8,37918,0,0,0,0,0,H,2,Alveolar fibroblast 1,32,12,2,2,2_6,pDC
H-315,all,45,30,621,2540,12,100938,0,0,0,0,0,H,12,Alveolar fibroblast 1,47,31,3,3,3_5,SMC
H-316,all,31,23,1942,2888,34,65628,0,0,0,0,0,H,6,Ciliated cell,38,24,3,3,3_1,SMC
H-317,all,31,16,1566,3617,19,71307,0,0,0,0,0,H,14,Alveolar type 1 cell,40,17,3,3,3_1,SMC
H-319,all,22,14,233,3133,36,33744,0,0,0,0,0,H,4,Alveolar type 1 cell,40,14,6,6,6,AT1
H-321,all,62,44,1576,3561,23,128278,0,0,0,0,0,H,12,Natural killer cell,58,46,2,2,2_5,DC
H-322,all,36,18,556,2517,18,81907,0,0,0,0,0,H,4,Pericyte,42,18,5,5,5_3,Pericyte
H-324,all,86,17,158,2897,34,80637,0,0,0,0,0,H,71,Alveolar type 2 cell,55,17,1,1,1_1,AT2
H-325,all,25,13,60,3355,10,38608,0,52,0,1,0,H,8,Pericyte,43,13,5,5,5_1,Pericyte
H-326,all,33,17,241,3098,30,44131,0,0,0,0,0,H,3,Ciliated cell,41,17,6,6,6,AT1
H-327,all,20,15,319,2026,24,64928,0,0,0,0,0,H,8,Innate lymphoid cell,36,15,7,7,7_2,PatrolMac
H-328,all,46,34,451,2452,18,85633,0,0,0,0,0,H,10,Alveolar fibroblast 1,46,34,1,1,1_5_2,AlveolarFib
H-329,all,33,27,1757,2492,20,62168,0,0,0,0,0,H,7,Pericyte,37,27,5,5,5_1,Pericyte
H-330,all,48,31,933,2954,14,91116,0,0,0,0,0,H,4,B cell,48,31,2,2,2_6,pDC
H-331,all,40,27,631,2718,37,50816,0,0,0,0,0,H,2,Alveolar fibroblast 1,42,28,2,2,2_3,Vein
H-332,all,6,5,1605,3481,35,27304,0,0,0,0,0,H,4,Capillary 1 cell,23,8,1,1,1_3,AT2
H-333,all,72,18,293,3249,19,76603,0,0,0,0,0,H,55,Sox9+/Id2+ epithelial cell,53,18,1,1,1_1,AT2
H-334,all,24,14,400,3028,16,36557,0,0,0,0,0,H,2,Alveolar type 1 cell,42,14,6,6,6,AT1
H-335,all,36,18,1504,3305,37,66304,0,0,0,0,0,H,8,Alveolar macrophage,42,18,8,8,8_1,AlveolarMac
H-336,all,11,11,893,3435,26,35134,0,0,0,0,0,H,2,CD8+ T cell,28,11,7,7,7_2,PatrolMac
H-337,all,39,23,362,3038,24,71199,0,0,0,0,0,H,3,Alveolar fibroblast 1,42,24,3,3,3_1,SMC
H-338,all,112,27,137,2390,15,93466,0,0,0,0,0,H,83,AT1/AT2,48,14,1,1,1_3,AT2
H-339,all,27,11,1059,2861,30,36112,0,0,0,0,0,H,15,Alveolar type 2 cell,46,11,1,1,1_1,AT2
H-340,all,26,19,22,1987,18,76318,0,0,0,0,0,H,6,Capillary 1 cell,47,19,9,9,9,Bcell
H-342,all,38,18,402,3256,23,48344,0,0,0,0,0,H,6,CD8+ T cell,42,18,7,7,7_2,PatrolMac
H-343,all,33,16,617,2836,18,68364,0,0,0,0,0,H,14,Alveolar type 2 cell,43,17,2,2,2_2,InflamMac
H-346,all,41,32,705,2665,13,84974,0,0,0,0,0,H,7,Arterial endothelial cell,42,32,3,3,3_6,SCMF
H-347,all,9,7,1753,2099,24,41664,0,0,0,0,0,H,4,Sox9+/Id2+ epithelial cell,33,9,2,2,2_1,Capillary
H-348,all,20,13,231,3239,27,50590,0,0,0,0,0,H,4,Alveolar fibroblast 1,41,14,1,1,1_4_1,AlveolarFib
H-349,all,26,18,1252,2680,29,83476,0,0,0,0,0,H,9,Alveolar fibroblast 1,46,18,1,1,1_5_1,LymphaticEndo
H-350,all,46,24,92,3021,31,86650,0,0,0,0,0,H,12,Alveolar macrophage,46,24,8,8,8_1,AlveolarMac
H-351,all,42,25,1149,2549,10,54512,0,0,0,0,0,H,14,Alveolar fibroblast 1,45,25,1,1,1_5_1,LymphaticEndo
H-352,all,32,15,1101,3771,16,23185,0,0,0,0,0,H,19,Sox9+/Id2+ epithelial cell,42,15,1,1,1_3,AT2
H-354,all,107,24,341,2616,18,105786,0,0,0,0,0,H,81,Alveolar type 2 cell,51,15,1,1,1_3,AT2
H-356,all,19,14,440,2572,9,30141,0,0,0,0,0,H,4,Inflammatory monocyte,41,16,2,2,2_5,DC
H-357,all,42,26,112,3241,18,77450,0,0,0,0,0,H,6,Alveolar fibroblast 1,43,26,3,3,3_6,SCMF
H-362,all,31,24,317,3748,17,56097,0,0,0,0,0,H,4,Inflammatory monocyte,38,24,7,7,7_4,PatrolMac
H-365,all,27,5,1179,2602,36,20073,0,0,0,0,0,H,23,Alveolar type 2 cell,46,5,1,1,1_1,AT2
H-366,all,22,19,775,2550,19,47992,0,0,0,0,0,H,2,Alveolar fibroblast 1,43,19,1,1,1_5_2,AlveolarFib
H-367,all,36,21,1779,3237,10,70498,0,0,0,0,0,H,7,Alveolar fibroblast 1,40,22,1,1,1_5_1,LymphaticEndo
H-368,all,12,11,1898,3066,30,57771,0,0,0,0,0,H,3,CD8+ T cell,32,12,2,2,2_2,InflamMac
H-369,all,19,12,894,3506,16,70519,0,0,0,0,0,H,7,B cell,36,12,3,3,3_6,SCMF
H-370,all,20,13,495,2397,20,26636,0,0,0,0,0,H,5,Endothelial progenitor cell,38,13,5,5,5_3,Pericyte
H-372,all,17,11,1387,3378,15,27172,0,0,0,0,0,H,2,Endothelial progenitor cell,37,11,2,2,2_1,Capillary
H-373,all,12,10,162,3432,28,55947,0,0,0,0,0,H,6,B cell,29,10,9,9,9,Bcell
H-374,all,16,15,1828,2109,33,37068,0,0,0,0,0,H,3,Pericyte,36,16,3,3,3_5,SMC
H-375,all,48,33,447,2843,31,88668,0,0,0,0,0,H,12,Inflammatory monocyte,48,33,3,3,3_4,AdventitialFib
H-377,all,19,12,569,3492,23,62745,0,0,0,0,0,H,5,Capillary 1 cell,37,12,2,2,2_1,Capillary
H-378,all,15,8,335,3117,27,22681,0,0,0,0,0,H,8,Alveolar type 2 cell,37,8,1,1,1_1,AT2
H-380,all,12,11,868,3623,13,68392,0,0,0,0,0,H,2,Alveolar type 2 cell,30,11,1,1,1_3,AT2
H-382,all,12,10,354,3084,16,34867,0,0,0,0,0,H,3,Alveolar type 2 cell,31,10,1,1,1_3,AT2
H-383,all,26,15,360,2156,7,35198,0,0,0,0,0,H,3,Inflammatory monocyte,46,15,9,9,9,Bcell
H-384,all,39,25,662,3750,32,66589,0,0,0,0,0,H,6,Alveolar fibroblast 1,43,25,3,3,3_4,AdventitialFib
H-386,all,30,5,827,2497,19,52864,0,0,0,0,0,H,24,Alveolar type 2 cell,44,5,1,1,1_1,AT2
H-387,all,23,18,1281,3221,25,71156,0,0,0,0,0,H,5,Alveolar fibroblast 1,39,18,1,1,1_5_1,LymphaticEndo
H-388,all,33,13,957,2581,26,50864,0,0,0,0,0,H,23,Pericyte,43,13,5,5,5_1,Pericyte
H-392,all,22,16,321,2078,33,54211,0,0,0,0,0,H,4,Alveolar type 1 cell,43,16,6,6,6,AT1
H-395,all,37,17,1096,2855,35,44157,0,0,0,0,0,H,24,Alveolar type 2 cell,43,17,7,7,7_2,PatrolMac
H-396,all,35,20,1818,2524,23,79399,51,0,51,0,1,H,5,Secondary crest myofibroblast,43,21,3,3,3_1,SMC
H-402,all,29,22,1002,2965,21,98050,0,0,0,0,0,H,8,Alveolar fibroblast 1,38,23,3,3,3_1,SMC
H-403,all,11,5,298,2260,11,22147,0,0,0,0,0,H,7,Sox9+/Id2+ epithelial cell,36,5,1,1,1_1,AT2
H-405,all,57,20,1780,3190,10,42244,0,0,0,0,0,H,9,Alveolar type 1 cell,51,20,6,6,6,AT1
H-409,all,47,27,198,3424,20,93459,0,0,0,0,0,H,11,CD8+ T cell,47,27,7,7,7_2,PatrolMac
H-416,all,15,9,569,2600,10,24108,0,0,0,0,0,H,5,Inflammatory monocyte,32,9,5,5,5_3,Pericyte
H-418,all,19,13,200,2358,10,31761,0,0,0,0,0,H,2,Natural killer cell,40,14,2,2,2_2,InflamMac
H-421,all,36,22,416,3713,23,85096,0,0,0,0,0,H,6,Alveolar type 1 cell,41,22,9,9,9,Bcell
H-422,all,53,25,1727,2140,24,86818,0,0,0,0,0,H,27,Alveolar type 2 cell,53,26,3,3,3_1,SMC
H-423,all,21,11,65,2918,33,30920,0,0,0,0,0,H,2,Endothelial progenitor cell,41,12,2,2,2_1,Capillary
H-424,all,75,27,560,2041,19,79090,0,0,0,0,0,H,10,Natural killer cell,55,27,7,7,7_3,Tcell (CD8)
H-426,all,69,24,1269,3118,21,96171,0,0,0,0,0,H,42,Alveolar type 2 cell,56,24,1,1,1_3,AT2
H-427,all,22,18,813,3361,8,43425,0,0,0,0,0,H,4,Neutrophil,44,19,2,2,2_1,Capillary
H-428,all,64,26,254,3066,30,66814,0,0,0,0,0,H,13,Alveolar type 1 cell,56,26,6,6,6,AT1
H-430,all,49,25,233,3361,20,69484,0,0,0,0,0,H,6,Proliferative mesenchymal progenitor cell,49,25,7,7,7_2,PatrolMac
H-433,all,17,9,508,3336,37,42750,0,0,0,0,0,H,9,Sox9+/Id2+ epithelial cell,39,9,1,1,1_1,AT2
H-434,all,63,20,1941,3093,18,90913,0,0,0,0,0,H,47,Alveolar type 2 cell,53,20,1,1,1_3,AT2
H-435,all,37,20,491,2175,17,64411,0,0,0,0,0,H,5,Alveolar fibroblast 1,43,21,3,3,3_1,SMC
H-437,all,29,17,930,2316,17,36433,0,0,0,0,0,H,3,Capillary 2 cell,38,17,2,2,2_6,pDC
H-440,all,39,31,42,2315,30,64403,0,0,0,0,0,H,4,B cell,41,31,1,1,1_3,AT2
H-442,all,15,11,1609,3396,13,50255,0,0,0,0,0,H,5,Sox9+/Id2+ epithelial cell,31,11,5,5,5_3,Pericyte
H-445,all,19,14,767,3370,21,48163,0,0,0,0,0,H,2,Interstitial macrophage,40,14,8,8,8_2,InterstitialMac
H-446,all,21,12,276,3765,17,44197,0,0,0,0,0,H,11,Secondary crest myofibroblast,39,13,3,3,3_1,SMC
H-448,all,16,12,270,1954,13,65749,0,0,0,0,0,H,4,Inflammatory monocyte,37,14,2,2,2_5,DC
H-449,all,67,30,608,3422,24,131009,0,0,0,0,0,H,8,CD8+ T cell,57,30,6,6,6,AT1
H-451,all,15,11,475,3222,21,35597,0,0,0,0,0,H,2,Capillary 1 cell,35,11,2,2,2_1,Capillary
H-452,all,14,12,230,3792,22,62950,0,0,0,0,0,H,6,Capillary 1 cell,31,12,1,1,1_3,AT2
H-453,all,77,36,193,3500,17,116759,0,0,0,0,0,H,9,Alveolar fibroblast 1,61,36,1,1,1_5_2,AlveolarFib
H-456,all,23,16,1379,3655,28,54233,0,0,0,0,0,H,2,Endothelial progenitor cell,44,16,7,7,7_3,Tcell (CD8)
H-457,all,23,17,487,2360,27,34258,0,0,0,0,0,H,7,Proliferative mesenchymal progenitor cell,44,17,9,9,9,Bcell
H-458,all,31,8,507,2082,24,27684,0,0,0,0,0,H,24,Alveolar type 2 cell,44,8,1,1,1_3,AT2
H-459,all,10,9,369,3188,30,24836,0,0,0,0,0,H,2,Inflammatory monocyte,31,9,2,2,2_2,InflamMac
H-460,all,46,32,55,2418,23,78174,0,0,0,0,0,H,7,Classical DC subset 2,46,32,1,1,1_3,AT2
H-461,all,69,22,1184,2865,30,85207,0,0,0,0,0,H,10,Alveolar type 1 cell,53,22,6,6,6,AT1
H-462,all,33,19,411,3204,17,78969,0,0,0,0,0,H,9,Ciliated cell,42,19,1,1,1_3,AT2
H-463,all,30,16,364,3765,34,74669,0,0,0,0,0,H,5,Alveolar type 1 cell,40,16,6,6,6,AT1
H-464,all,26,20,1066,3756,21,70155,0,0,0,0,0,H,3,Capillary 1 cell,45,20,2,2,2_1,Capillary
H-467,all,8,7,1352,3356,27,23287,0,0,0,0,0,H,3,Alveolar type 1 cell,25,9,3,3,3_1,SMC
H-468,all,26,18,1927,3381,35,62310,0,0,0,0,0,H,8,Alveolar fibroblast 1,39,19,1,1,1_4_3,AlveolarFib
H-470,all,25,16,1452,3549,10,46814,0,0,0,0,0,H,3,Basophil,44,18,2,2,2_5,DC
H-472,all,66,15,397,3152,20,58923,0,0,0,0,0,H,47,Alveolar type 2 cell,53,15,1,1,1_3,AT2
H-473,all,10,9,1507,3529,14,57046,0,0,0,0,0,H,2,Pericyte,27,10,3,3,3_5,SMC
H-474,all,17,13,891,3122,25,39773,236,0,236,0,1,H,3,Capillary 1 cell,39,14,2,2,2_3,Vein
H-475,all,38,23,241,3009,38,69707,0,0,0,0,0,H,3,Arterial endothelial cell,42,24,2,2,2_4,Artery
H-476,all,10,8,818,2876,38,28264,0,0,0,0,0,H,3,Interstitial macrophage,28,8,3,3,3_4,AdventitialFib
H-477,all,61,40,1533,2633,16,73956,0,0,0,0,0,H,13,CD8+ T cell,56,40,3,3,3_4,AdventitialFib
H-478,all,30,19,1706,2458,33,73047,0,0,0,0,0,H,18,Pericyte,37,19,5,5,5_1,Pericyte
H-479,all,39,27,1803,2459,22,94308,0,0,0,0,0,H,6,Alveolar fibroblast 1,42,27,5,5,5_3,Pericyte
H-480,all,41,25,873,2352,14,51356,105,51,54,0.4857143,0.5142857,H,10,Chondrocyte,42,24,2,2,2_1,Capillary
H-481,all,13,9,400,3085,9,16373,0,0,0,0,0,H,4,Alveolar type 1 cell,32,9,6,6,6,AT1
H-482,all,75,14,194,3179,15,60833,0,0,0,0,0,H,63,AT1/AT2,53,14,1,1,1_3,AT2
H-485,all,13,5,1299,3662,40,23924,0,0,0,0,0,H,2,Alveolar type 1 cell,37,5,6,6,6,AT1
H-486,all,133,26,665,2805,17,88960,0,0,0,0,0,H,101,Alveolar type 2 cell,47,12,1,1,1_1,AT2
H-487,all,20,17,1219,2359,7,17628,0,0,0,0,0,H,7,CD4+ T cell,41,18,3,3,3_1,SMC
H-488,all,27,19,610,2991,23,55679,0,0,0,0,0,H,2,Alveolar type 2 cell,43,19,1,1,1_3,AT2
H-490,all,55,42,1182,2526,18,85044,0,0,0,0,0,H,12,Alveolar fibroblast 1,52,42,2,2,2_1,Capillary
H-492,all,18,7,0,2189,30,39279,0,0,0,0,0,H,8,Sox9+/Id2+ epithelial cell,39,7,1,1,1_1,AT2
H-493,all,7,4,1812,3056,4,7896,0,0,0,0,0,H,3,Alveolar type 1 cell,31,6,6,6,6,AT1
H-496,all,36,19,1380,3453,13,46681,0,0,0,0,0,H,6,Alveolar type 1 cell,41,19,6,6,6,AT1
H-501,all,8,7,1198,2587,34,17022,0,0,0,0,0,H,3,Alveolar fibroblast 1,31,8,1,1,1_4_3,AlveolarFib
H-502,all,79,22,539,2086,20,70717,0,0,0,0,0,H,55,CD4+ T cell,55,22,7,7,7_2,PatrolMac
H-503,all,30,11,278,2284,6,14339,0,0,0,0,0,H,17,Alveolar type 2 cell,43,11,1,1,1_1,AT2
H-505,all,43,20,898,2623,15,79113,0,0,0,0,0,H,15,Sox9+/Id2+ epithelial cell,45,20,8,8,8_2,InterstitialMac
H-507,all,10,9,882,2376,21,35823,0,0,0,0,0,H,2,Endothelial progenitor cell,30,9,3,3,3_4,AdventitialFib
H-511,all,57,28,971,2843,12,82398,0,0,0,0,0,H,14,Alveolar macrophage,55,28,8,8,8_1,AlveolarMac
H-513,all,17,13,885,3666,12,37429,0,0,0,0,0,H,2,B cell,35,13,9,9,9,Bcell
H-514,all,35,8,1199,2637,37,37445,0,0,0,0,0,H,31,Alveolar type 2 cell,45,8,1,1,1_3,AT2
H-520,all,28,19,289,2037,14,59764,0,0,0,0,0,H,7,Alveolar type 1 cell,42,19,6,6,6,AT1
H-521,all,15,14,128,3775,23,57088,0,0,0,0,0,H,5,B cell,32,14,3,3,3_4,AdventitialFib
H-523,all,22,13,1197,2560,28,38103,0,0,0,0,0,H,3,Alveolar type 1 cell,41,13,6,6,6,AT1
H-524,all,17,10,1604,3337,11,18419,0,0,0,0,0,H,7,Alveolar type 2 cell,35,10,1,1,1_1,AT2
H-526,all,46,19,1255,2735,36,47721,0,0,0,0,0,H,5,Sox9+/Id2+ epithelial cell,47,19,6,6,6,AT1
H-527,all,46,31,1422,2950,19,81804,0,0,0,0,0,H,11,Alveolar fibroblast 1,42,30,2,2,2_1,Capillary
H-528,all,7,6,1535,3641,19,38711,0,0,0,0,0,H,3,Proliferative mesenchymal progenitor cell,29,7,3,3,3_1,SMC
H-529,all,15,5,1825,2020,16,18822,0,0,0,0,0,H,4,Alveolar type 1 cell,38,5,6,6,6,AT1
H-530,all,36,20,874,3188,29,47070,0,0,0,0,0,H,11,CD4+ T cell,40,20,2,2,2_6,pDC
H-531,all,21,16,31,2932,30,36768,0,0,0,0,0,H,4,Venous endothelial cell,43,16,2,2,2_1,Capillary
H-532,all,40,25,1350,3545,15,75374,0,0,0,0,0,H,8,Arterial endothelial cell,41,25,2,2,2_4,Artery
H-533,all,13,12,373,3106,15,30277,0,0,0,0,0,H,2,Alveolar type 1 cell,32,12,6,6,6,AT1
H-534,all,29,23,875,3467,13,60537,0,0,0,0,0,H,3,Innate lymphoid cell,37,24,1,1,1_6_2,Neutrophil
H-535,all,51,33,1188,2331,12,59550,50,50,0,1,0,H,14,Interstitial macrophage,50,33,8,8,8_2,InterstitialMac
H-537,all,24,16,860,2540,19,61182,0,0,0,0,0,H,5,Alveolar fibroblast 1,43,16,7,7,7_4,PatrolMac
H-538,all,25,21,242,2700,32,91268,0,0,0,0,0,H,2,Inflammatory monocyte,47,21,5,5,5_3,Pericyte
H-540,all,50,25,432,2073,24,76556,0,0,0,0,0,H,11,AT1/AT2,49,25,6,6,6,AT1
H-541,all,21,16,1840,1964,14,49291,0,0,0,0,0,H,7,Alveolar fibroblast 1,40,16,8,8,8_2,InterstitialMac
H-542,all,38,22,66,3249,19,76002,0,0,0,0,0,H,8,B cell,40,22,3,3,3_4,AdventitialFib
H-546,all,17,13,939,3369,23,49524,0,0,0,0,0,H,5,Pericyte,34,13,5,5,5_1,Pericyte
H-547,all,23,14,1722,2367,38,36908,0,0,0,0,0,H,5,Alveolar fibroblast 1,41,14,2,2,2_4,Artery
H-548,all,36,27,1459,2947,6,46836,59,0,59,0,1,H,4,Alveolar type 1 cell,39,27,6,6,6,AT1
H-549,all,27,16,439,3212,17,35819,0,0,0,0,0,H,3,Pericyte,46,16,5,5,5_3,Pericyte
H-551,all,31,17,1796,2054,18,81743,0,0,0,0,0,H,4,CD4+ T cell,43,17,6,6,6,AT1
H-553,all,12,9,278,3130,22,18935,0,0,0,0,0,H,2,Neutrophil,33,10,2,2,2_2,InflamMac
H-554,all,18,13,17,3029,32,48453,0,0,0,0,0,H,7,B cell,39,13,9,9,9,Bcell
H-557,all,11,10,232,1963,12,19089,0,0,0,0,0,H,2,B cell,30,10,9,9,9,Bcell
H-560,all,17,7,1597,3360,10,16097,0,0,0,0,0,H,11,Sox9+/Id2+ epithelial cell,40,7,1,1,1_1,AT2
H-561,all,41,26,502,3672,14,93017,0,0,0,0,0,H,5,Secondary crest myofibroblast,42,26,2,2,2_1,Capillary
H-563,all,73,20,1735,2030,21,87546,0,0,0,0,0,H,55,Alveolar type 2 cell,53,20,1,1,1_3,AT2
H-564,all,17,11,328,3155,27,28417,0,0,0,0,0,H,9,Alveolar type 2 cell,36,11,8,8,8_3,InterstitialMac
H-565,all,17,14,26,3417,16,54885,0,0,0,0,0,H,2,B cell,35,14,9,9,9,Bcell
H-566,all,43,15,1797,3159,9,25610,0,0,0,0,0,H,7,Alveolar type 1 cell,45,15,6,6,6,AT1
H-567,all,32,12,1925,3337,26,68837,0,0,0,0,0,H,19,Alveolar type 2 cell,44,12,1,1,1_1,AT2
H-568,all,10,7,1387,2949,38,20684,0,0,0,0,0,H,8,Alveolar type 2 cell,32,7,1,1,1_3,AT2
H-569,all,24,9,1750,2418,37,58322,0,0,0,0,0,H,18,Alveolar type 2 cell,45,9,1,1,1_1,AT2
H-570,all,14,8,170,2776,36,18647,0,0,0,0,0,H,2,Neutrophil,31,8,2,2,2_6,pDC
H-573,all,11,10,159,3781,31,38259,0,0,0,0,0,H,2,Alveolar fibroblast 1,36,11,1,1,1_4_1,AlveolarFib
H-575,all,85,24,916,3055,30,80277,0,0,0,0,0,H,64,Venous endothelial cell,58,25,3,3,3_1,SMC
H-577,all,33,24,208,3256,32,63477,0,0,0,0,0,H,3,Arterial endothelial cell,40,25,2,2,2_4,Artery
H-579,all,15,8,1837,2965,35,34225,0,0,0,0,0,H,10,Neutrophil,36,8,6,6,6,AT1
H-580,all,19,9,1372,3416,10,23323,0,0,0,0,0,H,12,Alveolar type 2 cell,38,9,1,1,1_3,AT2
H-582,all,53,26,1554,3682,13,70812,0,0,0,0,0,H,15,Alveolar fibroblast 1,53,26,7,7,7_3,Tcell (CD8)
H-583,all,34,18,25,2970,25,60613,0,0,0,0,0,H,19,Sox9+/Id2+ epithelial cell,40,18,1,1,1_3,AT2
H-584,all,41,26,488,2871,34,66054,0,0,0,0,0,H,13,Alveolar type 1 cell,41,25,2,2,2_1,Capillary
H-585,all,27,21,456,2362,34,61210,0,0,0,0,0,H,10,Neutrophil,35,22,3,3,3_1,SMC
H-586,all,9,8,1735,3403,10,42568,0,0,0,0,0,H,2,CD4+ T cell,26,9,6,6,6,AT1
H-588,all,15,12,495,2821,31,41854,0,0,0,0,0,H,3,Alveolar fibroblast 1,35,13,2,2,2_4,Artery
H-593,all,33,10,369,2070,25,57861,0,0,0,0,0,H,2,Natural killer cell,43,10,7,7,7_3,Tcell (CD8)
H-594,all,57,30,1,3453,16,72040,0,0,0,0,0,H,14,Alveolar type 1 cell,57,31,3,3,3_1,SMC
H-595,all,45,15,1352,3475,24,68900,0,0,0,0,0,H,11,Alveolar type 1 cell,46,15,6,6,6,AT1
H-596,all,37,14,1647,2344,23,54175,0,0,0,0,0,H,9,Alveolar type 1 cell,43,14,6,6,6,AT1
H-598,all,43,24,120,2200,9,42172,0,0,0,0,0,H,9,Alveolar type 1 cell,44,24,6,6,6,AT1
H-600,all,16,11,1523,3673,17,47409,0,0,0,0,0,H,6,Alveolar fibroblast 1,38,12,2,2,2_4,Artery
H-601,all,10,8,14,3273,30,46514,0,0,0,0,0,H,3,Alveolar type 1 cell,33,9,2,2,2_3,Vein
H-602,all,7,5,140,3743,12,31362,0,0,0,0,0,H,3,B cell,16,8,8,8,8_1,AlveolarMac
H-607,all,30,18,357,3143,27,52664,0,0,0,0,0,H,10,Alveolar type 2 cell,40,19,2,2,2_2,InflamMac
H-612,all,29,21,1127,3805,15,59681,0,0,0,0,0,H,6,Alveolar fibroblast 1,39,22,3,3,3_1,SMC
H-613,all,22,11,1054,3655,5,27253,0,0,0,0,0,H,3,Alveolar fibroblast 1,41,11,2,2,2_3,Vein
H-614,all,34,18,1204,2807,34,81589,0,0,0,0,0,H,11,Pericyte,43,18,5,5,5_1,Pericyte
H-615,all,19,5,1695,2226,12,42349,0,0,0,0,0,H,17,Alveolar fibroblast 1,38,6,3,3,3_1,SMC
H-618,all,34,22,10,3329,13,91839,0,0,0,0,0,H,6,Capillary 1 cell,41,22,9,9,9,Bcell
H-619,all,12,3,1497,3688,20,57650,0,0,0,0,0,H,11,Sox9+/Id2+ epithelial cell,37,3,1,1,1_1,AT2
H-620,all,46,31,1681,2394,33,74230,0,0,0,0,0,H,9,Secretory cell,46,32,2,2,2_1,Capillary
H-624,all,15,9,1218,2409,17,25487,0,0,0,0,0,H,8,Secretory cell,30,9,5,5,5_1,Pericyte
H-625,all,30,18,1299,2797,38,78966,0,0,0,0,0,H,5,Alveolar type 1 cell,39,18,6,6,6,AT1
H-629,all,18,12,924,3681,15,68003,0,0,0,0,0,H,3,Alveolar fibroblast 1,36,12,1,1,1_5_2,AlveolarFib
H-631,all,19,14,1232,2386,12,29846,0,0,0,0,0,H,6,Sox9+/Id2+ epithelial cell,38,14,5,5,5_1,Pericyte
H-632,all,13,10,62,2327,31,31916,0,0,0,0,0,H,2,Pericyte,35,10,5,5,5_3,Pericyte
H-635,all,25,16,876,2850,38,38024,0,0,0,0,0,H,8,Interstitial macrophage,42,16,8,8,8_3,InterstitialMac
H-638,all,34,18,1865,2017,8,53695,0,0,0,0,0,H,8,Arterial endothelial cell,42,18,2,2,2_4,Artery
H-640,all,29,18,1690,2172,16,75265,0,0,0,0,0,H,14,Alveolar fibroblast 1,40,19,3,3,3_1,SMC
H-641,all,53,25,1658,3315,23,86665,0,0,0,0,0,H,10,Alveolar macrophage,52,25,8,8,8_1,AlveolarMac
H-644,all,7,4,109,3758,21,29066,0,0,0,0,0,H,2,Alveolar macrophage,26,7,2,2,2_5,DC
H-645,all,25,12,1283,3149,29,46271,0,0,0,0,0,H,10,Arterial endothelial cell,44,14,2,2,2_4,Artery
H-647,all,24,17,631,2980,11,36045,0,0,0,0,0,H,4,Endothelial progenitor cell,43,17,5,5,5_3,Pericyte
H-654,all,19,17,1479,3609,36,52576,0,0,0,0,0,H,2,Alveolar fibroblast 1,38,17,1,1,1_5_2,AlveolarFib
H-656,all,8,8,1832,2427,7,23775,0,0,0,0,0,H,2,Capillary 2 cell,23,9,1,1,1_2_1,Tcell (CD4)
H-657,all,11,10,1854,2921,34,37982,0,0,0,0,0,H,2,Inflammatory monocyte,35,11,2,2,2_2,InflamMac
H-662,all,18,14,892,2900,30,30086,0,0,0,0,0,H,7,Pericyte,36,14,5,5,5_1,Pericyte
H-668,all,12,10,950,3657,8,37955,0,0,0,0,0,H,3,Arterial endothelial cell,31,11,2,2,2_4,Artery
H-669,all,20,11,1407,3386,6,17331,0,0,0,0,0,H,9,Sox9+/Id2+ epithelial cell,42,11,7,7,7_3,Tcell (CD8)
H-672,all,29,7,1120,2436,24,34437,0,0,0,0,0,H,22,Sox9+/Id2+ epithelial cell,43,7,1,1,1_3,AT2
H-673,all,25,17,395,2122,16,42973,0,0,0,0,0,H,8,Vascular smooth muscle cell,44,17,3,3,3_6,SCMF
H-674,all,64,17,1804,1994,14,68457,0,0,0,0,0,H,9,Capillary 2 cell,52,17,6,6,6,AT1
H-675,all,10,8,45,2956,24,29087,0,0,0,0,0,H,2,Proliferative mesenchymal progenitor cell,33,9,3,3,3_1,SMC
H-676,all,11,9,1721,1962,24,38877,0,0,0,0,0,H,3,Alveolar type 1 cell,29,9,2,2,2_6,pDC
H-678,all,32,15,5,2987,27,58671,0,0,0,0,0,H,22,Alveolar type 2 cell,42,15,1,1,1_3,AT2
H-681,all,17,11,1698,2297,34,32846,0,0,0,0,0,H,2,Endothelial progenitor cell,36,11,3,3,3_4,AdventitialFib
H-683,all,12,8,39,2287,28,38425,0,0,0,0,0,H,2,Proliferative mesenchymal progenitor cell,30,8,1,1,1_2_1,Tcell (CD4)
H-684,all,21,17,262,1998,17,61785,0,0,0,0,0,H,4,Alveolar fibroblast 1,40,17,2,2,2_3,Vein
H-685,all,43,23,381,2579,17,44675,0,0,0,0,0,H,19,Alveolar type 2 cell,45,23,1,1,1_3,AT2
H-692,all,22,11,1402,3628,21,54307,0,0,0,0,0,H,2,Endothelial progenitor cell,41,11,2,2,2_1,Capillary
H-693,all,11,8,1354,3317,30,35549,0,0,0,0,0,H,4,Pericyte,29,8,5,5,5_1,Pericyte
H-694,all,13,10,1665,3393,34,27819,0,0,0,0,0,H,2,Proliferative mesenchymal progenitor cell,35,10,3,3,3_4,AdventitialFib
H-695,all,26,7,263,2307,6,9212,0,0,0,0,0,H,14,Sox9+/Id2+ epithelial cell,44,7,1,1,1_1,AT2
H-699,all,144,60,1811,5174,20,78585,0,0,0,0,0,H,32,Alveolar fibroblast 1,45,29,1,1,1_5_1,LymphaticEndo
H-700,all,34,19,767,3863,19,44296,0,0,0,0,0,H,17,Inflammatory monocyte,40,20,3,3,3_1,SMC
H-701,all,69,23,1761,4824,10,41478,0,0,0,0,0,H,6,Alveolar type 1 cell,52,23,6,6,6,AT1
H-703,all,36,18,908,4324,11,35699,0,0,0,0,0,H,6,Natural killer cell,44,19,2,2,2_2,InflamMac
H-704,all,45,22,947,5364,8,27618,0,0,0,0,0,H,5,Proliferative mesenchymal progenitor cell,47,23,3,3,3_1,SMC
H-706,all,36,15,1081,4444,8,54497,0,0,0,0,0,H,5,Alveolar type 1 cell,41,15,6,6,6,AT1
H-707,all,63,31,1649,4998,23,54011,0,0,0,0,0,H,22,Pericyte,58,32,1,1,1_4_3,AlveolarFib
H-708,all,67,31,971,5013,24,89446,0,0,0,0,0,H,21,Inflammatory monocyte,55,31,3,3,3_4,AdventitialFib
H-709,all,28,18,217,5314,25,43061,0,0,0,0,0,H,13,Innate lymphoid cell,38,19,3,3,3_2,SMC
H-710,all,27,17,506,5564,31,65341,0,0,0,0,0,H,12,Airway smooth muscle cell,42,17,3,3,3_2,SMC
H-713,all,42,22,1937,4808,17,62946,0,0,0,0,0,H,13,Inflammatory monocyte,45,23,3,3,3_2,SMC
H-714,all,11,7,748,4929,37,32873,0,0,0,0,0,H,2,T regulatory cell,29,7,7,7,7_2,PatrolMac
H-715,all,103,50,1356,4543,20,112526,0,0,0,0,0,H,17,Inflammatory monocyte,57,41,2,2,2_5,DC
H-716,all,144,61,352,5323,26,83157,0,0,0,0,0,H,32,Alveolar fibroblast 2,48,30,3,3,3_3,AdventitialFib
H-718,all,108,35,606,5097,21,56556,0,0,0,0,0,H,19,Alveolar type 1 cell,50,21,6,6,6,AT1
H-719,all,29,18,637,5659,26,54545,0,0,0,0,0,H,6,Airway smooth muscle cell,40,19,3,3,3_2,SMC
H-720,all,54,35,870,4806,25,102148,69046,0,69046,0,1,H,11,Capillary 1 cell,55,36,3,3,3_2,SMC
H-721,all,94,51,305,3948,30,87181,0,0,0,0,0,H,12,Secretory cell,64,51,7,7,7_2,PatrolMac
H-722,all,77,34,1862,4852,30,54169,0,0,0,0,0,H,12,Sox9+/Id2+ epithelial cell,56,33,2,2,2_1,Capillary
H-723,all,88,34,643,4895,19,72682,0,0,0,0,0,H,17,Arterial endothelial cell,58,34,6,6,6,AT1
H-724,all,68,32,1283,3994,16,86064,0,0,0,0,0,H,19,Alveolar fibroblast 1,54,32,1,1,1_5_2,AlveolarFib
H-725,all,11,9,910,4458,39,25125,0,0,0,0,0,H,4,CD8+ T cell,33,10,2,2,2_2,InflamMac
H-726,all,84,49,1206,5285,11,67510,0,0,0,0,0,H,13,Alveolar fibroblast 1,60,50,1,1,1_5_1,LymphaticEndo
H-728,all,76,39,1204,4360,16,74869,0,0,0,0,0,H,9,Inflammatory monocyte,56,40,3,3,3_1,SMC
H-729,all,29,8,885,4538,6,34856,0,0,0,0,0,H,15,Innate lymphoid cell,44,9,1,1,1_4_3,AlveolarFib
H-730,all,123,43,60,4648,13,89657,0,0,0,0,0,H,44,Alveolar type 2 cell,44,19,1,1,1_1,AT2
H-736,all,29,11,1161,4461,5,15866,0,0,0,0,0,H,3,Capillary 1 cell,43,11,2,2,2_1,Capillary
H-737,all,142,66,1567,5127,20,95190,0,0,0,0,0,H,23,Pericyte,49,34,1,1,1_4_1,AlveolarFib
H-738,all,117,33,300,5638,38,36127,0,0,0,0,0,H,79,Capillary 1 cell,51,32,4,4,4_2,CiliatedEpi
H-739,all,83,38,399,5391,36,59215,0,0,0,0,0,H,16,Alveolar fibroblast 2,61,38,3,3,3_3,AdventitialFib
H-740,all,62,25,1886,5158,32,65447,0,0,0,0,0,H,16,Capillary 1 cell,53,25,1,1,1_2_1,Tcell (CD4)
H-741,all,59,28,1489,3816,11,60990,0,0,0,0,0,H,18,Alveolar fibroblast 1,53,29,3,3,3_1,SMC
H-742,all,62,23,97,3863,17,72161,0,0,0,0,0,H,30,Inflammatory monocyte,52,23,3,3,3_4,AdventitialFib
H-744,all,177,24,14,5236,17,41562,0,0,0,0,0,H,146,Capillary 1 cell,40,23,4,4,4_2,CiliatedEpi
H-748,all,64,33,153,4646,19,86335,0,0,0,0,0,H,26,B cell,56,33,9,9,9,Bcell
H-749,all,57,23,1296,5273,10,68385,0,0,0,0,0,H,16,Alveolar type 1 cell,54,23,6,6,6,AT1
H-751,all,33,17,638,4824,17,42765,0,0,0,0,0,H,13,Natural killer cell,45,18,3,3,3_5,SMC
H-753,all,69,38,1830,4832,16,69447,0,0,0,0,0,H,11,Alveolar macrophage,53,39,3,3,3_2,SMC
H-754,all,24,15,829,4986,12,32441,0,0,0,0,0,H,5,Neutrophil,45,16,2,2,2_2,InflamMac
H-755,all,58,35,697,5203,20,43267,0,0,0,0,0,H,8,Inflammatory monocyte,57,35,9,9,9,Bcell
H-756,all,16,12,445,5483,24,24222,0,0,0,0,0,H,9,Airway smooth muscle cell,35,13,3,3,3_2,SMC
H-759,all,50,23,208,4811,22,62113,0,0,0,0,0,H,8,Alveolar fibroblast 1,52,23,1,1,1_5_1,LymphaticEndo
H-761,all,38,25,1116,5079,32,38922,0,0,0,0,0,H,7,Alveolar fibroblast 1,43,26,1,1,1_4_1,AlveolarFib
H-762,all,89,51,845,5301,10,69156,172,0,172,0,1,H,12,CD4+ T cell,65,51,5,5,5_3,Pericyte
H-764,all,94,27,253,5572,36,44388,0,0,0,0,0,H,36,Secretory cell,60,26,4,4,4_1_2,ClubEpi
H-765,all,70,31,1318,4158,33,55788,0,0,0,0,0,H,23,Alveolar fibroblast 1,54,31,1,1,1_5_1,LymphaticEndo
H-766,all,45,30,1140,5105,35,37161,0,0,0,0,0,H,5,Innate lymphoid cell,45,30,1,1,1_5_2,AlveolarFib
H-767,all,329,52,400,5645,23,78193,0,0,0,0,0,H,262,Alveolar fibroblast 1,64,50,4,4,4_2,CiliatedEpi
H-769,all,407,46,264,5527,27,81610,0,0,0,0,0,H,341,Ciliated cell,61,44,4,4,4_2,CiliatedEpi
H-770,all,16,10,1413,4412,15,25290,0,0,0,0,0,H,2,B cell,34,10,9,9,9,Bcell
H-771,all,181,70,837,5475,13,85418,0,0,0,0,0,H,23,Alveolar macrophage,57,42,8,8,8_1,AlveolarMac
H-772,all,9,4,193,5263,18,39961,0,0,0,0,0,H,6,Secondary crest myofibroblast,30,5,3,3,3_2,SMC
H-774,all,11,7,1099,5620,5,8415,0,0,0,0,0,H,8,Inflammatory monocyte,29,7,5,5,5_3,Pericyte
H-775,all,100,22,325,5492,19,54565,0,0,0,0,0,H,71,Capillary 1 cell,40,20,4,4,4_2,CiliatedEpi
H-776,all,70,40,240,4937,36,73172,0,0,0,0,0,H,3,Capillary 2 cell,54,40,1,1,1_2_1,Tcell (CD4)
H-777,all,64,16,911,4576,12,39644,1283,1283,0,1,0,H,43,Sox9+/Id2+ epithelial cell,52,16,1,1,1_1,AT2
H-778,all,81,30,1213,4784,22,84497,0,0,0,0,0,H,15,Alveolar fibroblast 2,55,30,6,6,6,AT1
H-781,all,36,16,1209,5091,6,28897,0,0,0,0,0,H,3,Neutrophil,42,17,3,3,3_2,SMC
H-785,all,105,44,1426,4197,11,71070,0,0,0,0,0,H,15,B cell,60,37,9,9,9,Bcell
H-786,all,65,26,648,5079,35,40932,0,0,0,0,0,H,5,Alveolar type 1 cell,54,26,6,6,6,AT1
H-788,all,60,34,1929,5063,12,46085,0,0,0,0,0,H,17,B cell,56,34,9,9,9,Bcell
H-789,all,288,55,181,5387,17,102434,0,0,0,0,0,H,199,Ciliated cell,63,43,4,4,4_2,CiliatedEpi
H-791,all,16,3,878,4593,3,7511,0,0,0,0,0,H,2,Alveolar fibroblast 1,34,4,1,1,1_4_1,AlveolarFib
H-794,all,37,27,321,5062,37,39172,0,0,0,0,0,H,3,Alveolar fibroblast 1,39,27,3,3,3_3,AdventitialFib
H-796,all,19,9,243,5343,39,24847,0,0,0,0,0,H,11,Secondary crest myofibroblast,38,9,3,3,3_2,SMC
H-800,all,110,37,1613,4755,19,57169,0,0,0,0,0,H,10,Alveolar type 1 cell,56,24,6,6,6,AT1
H-801,all,71,39,1449,4840,33,67376,0,0,0,0,0,H,7,Inflammatory monocyte,54,39,7,7,7_2,PatrolMac
H-802,all,22,11,1484,5239,5,20087,0,0,0,0,0,H,4,B cell,38,11,7,7,7_2,PatrolMac
H-805,all,52,23,852,4890,17,64735,0,0,0,0,0,H,5,Alveolar fibroblast 1,52,23,3,3,3_4,AdventitialFib
H-806,all,62,29,1095,5325,26,49433,0,0,0,0,0,H,12,CD4+ T cell,54,30,1,1,1_4_1,AlveolarFib
H-807,all,310,49,1235,4715,16,134232,0,0,0,0,0,H,202,Alveolar type 2 cell,48,14,1,1,1_1,AT2
H-808,all,20,11,1282,4340,10,27530,0,0,0,0,0,H,10,Alveolar macrophage,39,12,1,1,1_4_3,AlveolarFib
H-809,all,17,11,924,4654,9,31433,0,0,0,0,0,H,2,Alveolar macrophage,33,11,8,8,8_1,AlveolarMac
H-810,all,18,12,645,5120,39,20783,0,0,0,0,0,H,2,Alveolar type 1 cell,37,12,6,6,6,AT1
H-811,all,12,11,195,4672,31,41857,0,0,0,0,0,H,2,CD4+ T cell,31,11,1,1,1_2_1,Tcell (CD4)
H-812,all,23,15,191,4596,27,16940,0,0,0,0,0,H,10,Alveolar fibroblast 1,42,15,1,1,1_5_1,LymphaticEndo
H-813,all,83,33,870,4326,12,61715,0,0,0,0,0,H,31,Innate lymphoid cell,57,33,1,1,1_4_1,AlveolarFib
H-814,all,127,29,861,4390,19,78455,0,0,0,0,0,H,97,CD4+ T cell,44,10,7,7,7_2,PatrolMac
H-817,all,41,17,1393,4928,13,19891,0,0,0,0,0,H,8,CD4+ T cell,45,17,1,1,1_2_1,Tcell (CD4)
H-818,all,15,8,331,5367,16,18294,0,0,0,0,0,H,8,Secondary crest myofibroblast,32,8,3,3,3_2,SMC
H-820,all,23,16,177,5306,30,55721,0,0,0,0,0,H,5,Secondary crest myofibroblast,38,17,3,3,3_2,SMC
H-821,all,71,40,1259,4647,27,90069,0,0,0,0,0,H,17,Arterial endothelial cell,55,40,2,2,2_1,Capillary
H-822,all,79,35,1219,4445,10,64042,0,0,0,0,0,H,24,Alveolar fibroblast 1,57,35,5,5,5_3,Pericyte
H-823,all,45,25,1334,4466,12,43329,0,0,0,0,0,H,5,Inflammatory monocyte,51,27,2,2,2_5,DC
H-824,all,45,17,967,4982,14,57882,0,0,0,0,0,H,27,Mesothelial cell,46,17,3,3,3_3,AdventitialFib
H-825,all,74,37,1937,5003,33,58221,0,0,0,0,0,H,10,B cell,56,37,9,9,9,Bcell
H-826,all,111,38,1308,4255,29,80801,0,0,0,0,0,H,12,Alveolar macrophage,52,28,1,1,1_3,AT2
H-829,all,63,31,583,5056,14,61689,0,0,0,0,0,H,12,Neutrophil,56,31,6,6,6,AT1
H-831,all,95,42,191,4567,23,83739,0,0,0,0,0,H,36,Pericyte,63,43,1,1,1_4_3,AlveolarFib
H-832,all,32,14,799,5129,7,20967,0,0,0,0,0,H,2,Natural killer cell,41,15,2,2,2_2,InflamMac
H-833,all,32,18,1388,4420,10,29329,0,0,0,0,0,H,4,B cell,43,18,9,9,9,Bcell
H-834,all,256,65,454,5018,19,137776,0,0,0,0,0,H,132,Pericyte,45,22,3,3,3_5,SMC
H-838,all,69,25,607,4976,10,49429,0,0,0,0,0,H,39,CD4+ T cell,54,26,1,1,1_4_3,AlveolarFib
H-839,all,122,23,1036,4992,16,70076,0,0,0,0,0,H,101,Alveolar type 2 cell,46,8,1,1,1_1,AT2
H-841,all,99,46,597,5184,30,66707,0,0,0,0,0,H,7,Inflammatory monocyte,62,42,3,3,3_5,SMC
H-843,all,74,41,198,4627,28,63910,0,0,0,0,0,H,30,Alveolar fibroblast 1,56,42,1,1,1_4_1,AlveolarFib
H-848,all,182,24,373,5553,20,35118,0,0,0,0,0,H,161,Endothelial progenitor cell,56,9,4,4,4_2,ClubEpi
H-849,all,135,44,865,5386,11,78064,0,0,0,0,0,H,18,Proliferative mesenchymal progenitor cell,46,23,1,1,1_2_1,Tcell (CD4)
H-852,all,77,43,1694,4823,25,83134,0,0,0,0,0,H,20,Secondary crest myofibroblast,57,43,3,3,3_6,SCMF
H-853,all,80,36,1790,5202,12,44450,0,0,0,0,0,H,20,Sox9+/Id2+ epithelial cell,58,37,2,2,2_2,InflamMac
H-855,all,106,49,57,5177,15,82924,0,0,0,0,0,H,27,Secondary crest myofibroblast,59,41,3,3,3_3,AdventitialFib
H-858,all,69,38,949,5409,9,46753,0,0,0,0,0,H,4,Proliferative mesenchymal progenitor cell,56,39,3,3,3_1,SMC
H-859,all,26,13,76,5075,17,80108,0,0,0,0,0,H,20,Airway smooth muscle cell,39,14,3,3,3_2,SMC
H-860,all,48,23,1375,4832,15,61768,0,0,0,0,0,H,7,B cell,49,24,3,3,3_5,SMC
H-861,all,110,27,1056,5612,8,43098,0,0,0,0,0,H,75,Alveolar type 2 cell,51,17,1,1,1_1,AT2
H-864,all,110,49,1922,5146,28,79822,0,0,0,0,0,H,32,Alveolar fibroblast 1,53,31,1,1,1_5_1,LymphaticEndo
H-866,all,93,40,1091,5359,34,72351,0,0,0,0,0,H,8,CD8+ T cell,59,41,2,2,2_2,InflamMac
H-867,all,119,49,1577,4563,23,79639,0,0,0,0,0,H,9,Interstitial macrophage,51,29,8,8,8_3,InterstitialMac
H-869,all,80,33,1553,4457,13,76557,0,0,0,0,0,H,19,Inflammatory monocyte,56,33,5,5,5_3,Pericyte
H-870,all,44,20,1185,5120,8,31999,0,0,0,0,0,H,4,B cell,45,20,9,9,9,Bcell
H-871,all,19,11,32,5075,20,65770,0,0,0,0,0,H,4,Sox9+/Id2+ epithelial cell,38,12,3,3,3_2,SMC
H-872,all,36,20,806,3911,15,30834,0,0,0,0,0,H,9,Alveolar fibroblast 1,43,21,3,3,3_1,SMC
H-877,all,7,4,405,5521,27,15970,0,0,0,0,0,H,5,Secondary crest myofibroblast,21,7,3,3,3_2,SMC
H-878,all,415,59,356,5587,26,98914,0,0,0,0,0,H,332,Ciliated cell,61,43,4,4,4_2,CiliatedEpi
H-879,all,54,29,1731,4760,20,33120,0,0,0,0,0,H,7,Vascular smooth muscle cell,53,29,2,2,2_1,Capillary
H-881,all,115,45,370,4952,17,71554,0,0,0,0,0,H,22,B cell,44,22,9,9,9,Bcell
H-882,all,59,28,1837,4606,12,51018,0,0,0,0,0,H,6,Arterial endothelial cell,54,28,7,7,7_2,PatrolMac
H-884,all,432,40,295,5513,21,92786,0,0,0,0,0,H,375,Ciliated cell,55,39,4,4,4_2,CiliatedEpi
H-886,all,110,45,1336,4243,13,81673,0,0,0,0,0,H,22,Alveolar type 1 cell,54,32,6,6,6,AT1
H-888,all,57,31,1373,4954,21,32784,0,0,0,0,0,H,10,Inflammatory monocyte,54,31,6,6,6,AT1
H-889,all,138,63,403,5100,24,89167,0,0,0,0,0,H,14,Arterial endothelial cell,45,30,8,8,8_2,InterstitialMac
H-890,all,50,20,802,3879,16,59282,0,0,0,0,0,H,17,Secondary crest myofibroblast,52,21,3,3,3_1,SMC
H-891,all,64,23,1282,4487,13,57904,0,0,0,0,0,H,33,Sox9+/Id2+ epithelial cell,53,23,1,1,1_3,AT2
H-893,all,48,19,997,4594,35,38575,0,0,0,0,0,H,13,Alveolar type 2 cell,48,19,1,1,1_1,AT2
H-894,all,56,30,1381,4244,16,36213,0,0,0,0,0,H,15,Arterial endothelial cell,53,30,6,6,6,AT1
H-896,all,71,31,1247,4374,10,52980,0,0,0,0,0,H,18,Alveolar fibroblast 1,51,31,1,1,1_4_3,AlveolarFib
H-897,all,209,72,1146,5056,21,98044,0,0,0,0,0,H,35,Arterial endothelial cell,49,31,6,6,6,AT1
H-898,all,259,44,89,5344,31,81184,0,0,0,0,0,H,182,Ciliated cell,55,16,4,4,4_2,ClubEpi
H-901,all,103,18,1716,4945,27,44615,0,0,0,0,0,H,86,Alveolar type 2 cell,50,13,1,1,1_1,AT2
H-903,all,103,45,1488,3888,14,95712,0,0,0,0,0,H,33,AT1/AT2,60,41,3,3,3_1,SMC
H-904,all,70,25,1244,4035,8,40431,0,0,0,0,0,H,33,Sox9+/Id2+ epithelial cell,53,24,2,2,2_1,Capillary
H-905,all,105,48,1797,5028,21,125796,0,0,0,0,0,H,16,Classical DC subset 2,58,42,2,2,2_1,Capillary
H-906,all,44,22,1209,4867,22,53029,0,0,0,0,0,H,7,Venous endothelial cell,44,22,3,3,3_4,AdventitialFib
H-908,all,72,39,223,4769,34,103750,0,0,0,0,0,H,4,Alveolar fibroblast 2,53,39,5,5,5_3,Pericyte
H-910,all,176,41,289,4460,13,66150,0,0,0,0,0,H,108,CD4+ T cell,48,17,1,1,1_1,AT2
H-911,all,70,42,184,4512,33,80473,0,0,0,0,0,H,11,Innate lymphoid cell,57,43,2,2,2_2,InflamMac
H-912,all,43,20,926,4287,14,43603,0,0,0,0,0,H,4,Natural killer cell,44,20,7,7,7_2,PatrolMac
H-913,all,232,75,494,5183,13,95935,0,0,0,0,0,H,25,Interstitial macrophage,56,38,8,8,8_3,InterstitialMac
H-915,all,41,24,886,3887,7,46255,0,0,0,0,0,H,8,Inflammatory monocyte,43,24,3,3,3_4,AdventitialFib
H-916,all,175,67,656,5217,19,100880,0,0,0,0,0,H,31,Alveolar fibroblast 2,53,35,3,3,3_3,AdventitialFib
H-917,all,11,8,1362,4445,5,14514,0,0,0,0,0,H,4,Alveolar fibroblast 1,27,9,2,2,2_4,Artery
H-918,all,152,59,1746,4787,18,73446,0,0,0,0,0,H,18,Alveolar type 1 cell,48,29,3,3,3_2,SMC
H-919,all,96,44,1602,4632,20,71008,0,0,0,0,0,H,28,Vascular smooth muscle cell,65,43,3,3,3_2,SMC
H-920,all,29,16,1721,4731,8,26645,0,0,0,0,0,H,6,Arterial endothelial cell,44,17,3,3,3_5,SMC
H-921,all,52,31,895,4685,15,90798,0,0,0,0,0,H,6,Alveolar macrophage,52,31,8,8,8_1,AlveolarMac
H-924,all,48,27,1439,4336,31,41929,0,0,0,0,0,H,5,Capillary 1 cell,51,28,2,2,2_1,Capillary
H-925,all,21,19,722,4240,11,28693,0,0,0,0,0,H,3,B cell,41,19,9,9,9,Bcell
H-926,all,73,22,140,5419,36,18640,0,0,0,0,0,H,47,Ciliated cell,35,20,4,4,4_2,CiliatedEpi
H-927,all,146,63,387,5062,28,80486,0,0,0,0,0,H,10,Alveolar type 1 cell,47,33,3,3,3_4,AdventitialFib
H-930,all,87,42,1626,4535,28,73237,0,0,0,0,0,H,32,Alveolar fibroblast 1,61,42,8,8,8_2,InterstitialMac
H-936,all,22,14,1940,4396,32,17456,0,0,0,0,0,H,2,Sox9+/Id2+ epithelial cell,41,14,2,2,2_1,Capillary
H-939,all,31,12,125,5471,41,9838,0,0,0,0,0,H,14,Ciliated cell,38,12,4,4,4_1_2,CiliatedEpi
H-941,all,69,40,794,4961,20,95654,0,0,0,0,0,H,13,Arterial endothelial cell,57,41,3,3,3_5,SMC
H-942,all,41,18,1460,4309,26,35933,0,0,0,0,0,H,4,Sox9+/Id2+ epithelial cell,44,18,2,2,2_3,Vein
H-946,all,72,37,91,5229,18,53555,0,0,0,0,0,H,20,Alveolar fibroblast 2,55,37,3,3,3_3,AdventitialFib
H-947,all,86,43,1343,4776,23,131315,0,0,0,0,0,H,30,Inflammatory monocyte,60,43,5,5,5_3,Pericyte
H-948,all,45,24,367,5369,23,34237,0,0,0,0,0,H,11,Sox9+/Id2+ epithelial cell,45,24,3,3,3_2,SMC
H-950,all,108,41,1865,4898,26,68269,0,0,0,0,0,H,4,Alveolar type 1 cell,49,27,1,1,1_4_1,AlveolarFib
H-952,all,71,30,1144,4559,16,96326,0,0,0,0,0,H,5,CD8+ T cell,53,31,2,2,2_2,InflamMac
H-953,all,180,34,109,5314,19,60463,0,0,0,0,0,H,126,Endothelial progenitor cell,58,34,4,4,4_2,CiliatedEpi
H-954,all,85,40,1070,5406,15,77425,0,0,0,0,0,H,22,Capillary 1 cell,59,40,7,7,7_3,Tcell (CD8)
H-956,all,55,25,815,5194,11,46326,0,0,0,0,0,H,5,Natural killer cell,53,26,2,2,2_2,InflamMac
H-957,all,21,9,1348,4868,6,26124,0,0,0,0,0,H,9,Sox9+/Id2+ epithelial cell,36,10,1,1,1_4_3,AlveolarFib
H-958,all,86,45,1292,4405,24,75257,0,0,0,0,0,H,16,Innate lymphoid cell,60,46,1,1,1_4_3,AlveolarFib
H-959,all,34,18,1668,4729,14,23530,0,0,0,0,0,H,13,Interstitial macrophage,42,18,8,8,8_3,InterstitialMac
H-960,all,8,8,562,5626,41,14845,0,0,0,0,0,H,2,Mesothelial cell,24,10,3,3,3_3,AdventitialFib
H-962,all,253,49,303,5591,30,101180,0,0,0,0,0,H,167,Secretory cell,53,13,4,4,4_2,ClubEpi
H-964,all,47,25,1896,4685,32,53085,0,0,0,0,0,H,16,Pericyte,48,26,3,3,3_2,SMC
H-965,all,91,39,657,5259,14,48142,0,0,0,0,0,H,21,Mesothelial cell,61,39,3,3,3_3,AdventitialFib
H-966,all,60,31,1778,4540,12,54255,0,0,0,0,0,H,18,Alveolar fibroblast 1,55,32,1,1,1_4_3,AlveolarFib
H-968,all,15,8,600,5647,37,39052,0,0,0,0,0,H,9,Alveolar fibroblast 1,33,9,3,3,3_2,SMC
H-970,all,146,54,302,3875,34,75921,0,0,0,0,0,H,11,Alveolar type 1 cell,46,25,6,6,6,AT1
H-971,all,53,30,444,5063,27,48076,0,0,0,0,0,H,11,CD8+ T cell,52,31,2,2,2_1,Capillary
H-974,all,65,26,1942,4763,16,50945,0,0,0,0,0,H,4,Alveolar type 1 cell,54,27,1,1,1_4_1,AlveolarFib
H-975,all,29,19,1894,4639,27,32376,0,0,0,0,0,H,19,Pericyte,35,20,3,3,3_2,SMC
H-976,all,111,50,1816,4794,18,81498,0,0,0,0,0,H,13,Alveolar fibroblast 1,50,28,2,2,2_4,Artery
H-977,all,49,23,153,5460,38,15016,0,0,0,0,0,H,19,Inflammatory monocyte,41,22,4,4,4_1_2,CiliatedEpi
H-978,all,86,44,216,5534,39,43632,0,0,0,0,0,H,27,Ciliated cell,53,43,4,4,4_1_2,CiliatedEpi
H-979,all,62,32,1564,4510,14,81485,0,0,0,0,0,H,10,Interstitial macrophage,55,32,8,8,8_3,InterstitialMac
H-980,all,173,29,72,5300,20,71568,0,0,0,0,0,H,128,Endothelial progenitor cell,53,28,4,4,4_2,CiliatedEpi
H-981,all,19,10,1847,5067,15,80989,0,0,0,0,0,H,13,Neutrophil,38,10,2,2,2_6,pDC
H-982,all,43,9,1150,5248,35,18707,0,0,0,0,0,H,34,Alveolar type 2 cell,46,9,1,1,1_1,AT2
H-983,all,81,31,1458,3843,11,61895,0,0,0,0,0,H,43,Alveolar fibroblast 1,59,32,3,3,3_1,SMC
H-984,all,177,63,996,5348,24,77743,0,0,0,0,0,H,15,Inflammatory monocyte,52,36,3,3,3_4,AdventitialFib
H-986,all,30,15,1121,3860,19,52371,0,0,0,0,0,H,15,Secondary crest myofibroblast,42,16,3,3,3_1,SMC
H-989,all,18,9,845,4856,12,33354,0,0,0,0,0,H,3,Venous endothelial cell,37,9,3,3,3_4,AdventitialFib
H-991,all,65,30,1161,3922,26,75629,0,0,0,0,0,H,24,Venous endothelial cell,53,31,2,2,2_2,InflamMac
H-996,all,35,22,1475,4363,34,29060,0,0,0,0,0,H,3,Inflammatory monocyte,41,22,2,2,2_1,Capillary
H-998,all,35,16,5,5053,22,56557,0,0,0,0,0,H,18,Airway smooth muscle cell,42,16,3,3,3_2,SMC
H-1002,all,144,49,1900,4792,31,66088,0,0,0,0,0,H,11,Alveolar macrophage,47,26,1,1,1_4_1,AlveolarFib
H-1003,all,280,48,252,5450,18,79829,0,0,0,0,0,H,223,Ciliated cell,57,48,4,4,4_2,CiliatedEpi
H-1004,all,40,26,985,4373,28,82917,0,0,0,0,0,H,7,Capillary 1 cell,46,28,2,2,2_5,DC
H-1005,all,77,32,1422,4256,19,66168,0,0,0,0,0,H,4,Alveolar type 1 cell,55,32,1,1,1_2_1,Tcell (CD4)
H-1006,all,79,32,928,4939,14,87370,0,0,0,0,0,H,28,CD4+ T cell,57,32,8,8,8_2,InterstitialMac
H-1007,all,47,25,956,4586,25,50758,0,0,0,0,0,H,18,Arterial endothelial cell,47,25,1,1,1_4_3,AlveolarFib
H-1009,all,11,6,1293,4763,6,7512,0,0,0,0,0,H,2,Endothelial progenitor cell,36,6,3,3,3_4,AdventitialFib
H-1010,all,19,14,339,5391,26,26619,0,0,0,0,0,H,5,Secondary crest myofibroblast,37,14,3,3,3_2,SMC
H-1011,all,35,16,870,4417,18,23493,0,0,0,0,0,H,17,Pericyte,42,16,5,5,5_3,Pericyte
H-1017,all,9,3,430,5516,26,18156,0,0,0,0,0,H,9,CD8+ T cell,26,4,3,3,3_2,SMC
H-1018,all,193,50,1679,4768,21,133656,0,0,0,0,0,H,116,Vascular smooth muscle cell,47,20,1,1,1_1,AT2
H-1023,all,79,36,1128,3811,15,75070,0,0,0,0,0,H,25,Alveolar type 2 cell,57,37,1,1,1_5_1,LymphaticEndo
H-1027,all,99,23,1091,3823,15,58944,0,0,0,0,0,H,80,Alveolar type 2 cell,56,19,3,3,3_1,SMC
H-1029,all,30,13,1820,4510,38,18765,0,0,0,0,0,H,12,Alveolar fibroblast 1,44,14,1,1,1_4_3,AlveolarFib
H-1031,all,27,18,1898,4735,41,23150,0,0,0,0,0,H,2,Proliferative mesenchymal progenitor cell,39,19,1,1,1_6_2,Neutrophil
H-1033,all,84,45,1910,5210,26,66843,0,0,0,0,0,H,13,Capillary 2 cell,62,46,1,1,1_3,AT2
H-1034,all,53,30,1306,4458,15,42920,0,0,0,0,0,H,8,Arterial endothelial cell,52,30,2,2,2_4,Artery
H-1038,all,9,3,1079,4912,5,8191,0,0,0,0,0,H,2,Sox9+/Id2+ epithelial cell,26,4,1,1,1_3,AT2
H-1043,all,26,12,1875,4612,11,18601,0,0,0,0,0,H,11,Alveolar fibroblast 1,41,13,1,1,1_4_3,AlveolarFib
H-1046,all,53,22,951,4308,13,38776,0,0,0,0,0,H,6,Alveolar fibroblast 1,52,23,1,1,1_4_3,AlveolarFib
H-1047,all,26,11,1075,5583,5,14251,0,0,0,0,0,H,18,Alveolar fibroblast 1,44,11,1,1,1_1,AT2
H-1048,all,18,11,1253,5193,4,8663,55,0,55,0,1,H,2,CD8+ T cell,39,12,2,2,2_2,InflamMac
H-1049,all,17,7,965,3864,4,8856,0,0,0,0,0,H,6,Sox9+/Id2+ epithelial cell,33,7,3,3,3_6,SCMF
H-1051,all,38,26,1,4812,11,23143,0,0,0,0,0,H,7,Interstitial macrophage,40,26,8,8,8_3,InterstitialMac
H-1053,all,29,14,627,4862,16,35977,0,0,0,0,0,H,4,Proliferative mesenchymal progenitor cell,40,15,3,3,3_1,SMC
H-1054,all,12,9,595,5140,35,13839,0,0,0,0,0,H,2,Pericyte,30,9,5,5,5_3,Pericyte
H-1056,all,30,12,100,5261,15,16263,0,0,0,0,0,H,21,Proliferative mesenchymal progenitor cell,39,13,3,3,3_1,SMC
H-1058,all,11,9,1237,4880,9,31020,0,0,0,0,0,H,2,Venous endothelial cell,32,9,3,3,3_4,AdventitialFib
H-1061,all,11,6,1326,4059,29,17607,0,0,0,0,0,H,8,Alveolar type 1 cell,31,6,6,6,6,AT1
H-1062,all,17,13,1117,3906,25,16419,0,0,0,0,0,H,3,Alveolar macrophage,35,13,1,1,1_2_3,Tcell (CD4)
H-1063,all,223,53,177,5447,31,61594,0,0,0,0,0,H,146,Ciliated cell,69,50,4,4,4_2,CiliatedEpi
H-1066,all,25,17,1864,4809,20,29501,0,0,0,0,0,H,7,Sox9+/Id2+ epithelial cell,44,17,1,1,1_4_1,AlveolarFib
H-1068,all,14,6,1440,5281,5,9054,0,0,0,0,0,H,2,Alveolar fibroblast 1,31,7,1,1,1_4_1,AlveolarFib
H-1075,all,190,46,562,6108,26,71180,0,0,0,0,0,H,125,Mesothelial cell,61,46,4,4,4_2,CiliatedEpi
H-1076,all,165,67,849,5803,32,77385,0,0,0,0,0,H,17,Inflammatory monocyte,49,35,1,1,1_4_1,AlveolarFib
H-1077,all,63,30,525,5907,24,36465,0,0,0,0,0,H,36,CD4+ T cell,58,31,3,3,3_2,SMC
H-1078,all,154,53,1716,5690,17,90322,0,0,0,0,0,H,26,Inflammatory monocyte,53,33,1,1,1_2_1,Tcell (CD4)
H-1079,all,93,41,775,6046,10,40882,0,0,0,0,0,H,9,Inflammatory monocyte,64,43,2,2,2_5,DC
H-1081,all,283,78,554,6165,25,78974,0,0,0,0,0,H,160,Ciliated cell,45,29,4,4,4_1_2,CiliatedEpi
H-1082,all,137,47,743,5740,26,76415,0,0,0,0,0,H,4,Inflammatory monocyte,49,26,1,1,1_2_1,Tcell (CD4)
H-1083,all,61,31,1372,6079,17,45443,0,0,0,0,0,H,11,CD8+ T cell,56,32,2,2,2_2,InflamMac
H-1084,all,345,102,1474,7249,24,105461,0,0,0,0,0,H,141,Ciliated cell,52,32,4,4,4_1_1,ClubEpi
H-1086,all,44,22,1474,5862,36,29223,0,0,0,0,0,H,17,Pericyte,44,22,1,1,1_2_3,Tcell (CD4)
H-1087,all,80,41,1737,6605,35,78059,0,0,0,0,0,H,12,Inflammatory monocyte,55,41,1,1,1_2_3,Tcell (CD4)
H-1088,all,391,115,1245,6998,25,102185,0,0,0,0,0,H,152,Arterial endothelial cell,47,28,4,4,4_1_1,ClubEpi
H-1089,all,149,64,1288,7125,34,45798,0,0,0,0,0,H,36,Inflammatory monocyte,42,27,4,4,4_1_1,CiliatedEpi
H-1090,all,402,108,1129,6825,18,119412,0,0,0,0,0,H,151,Secretory cell,47,25,4,4,4_1_2,ClubEpi
H-1091,all,15,10,1666,6255,35,26399,0,0,0,0,0,H,2,CD4+ T cell,33,10,1,1,1_2_1,Tcell (CD4)
H-1097,all,132,46,787,6126,27,100756,0,0,0,0,0,H,44,Secondary crest myofibroblast,48,24,3,3,3_2,SMC
H-1098,all,213,74,821,6467,25,87020,0,0,0,0,0,H,97,Ciliated cell,43,33,4,4,4_1_2,CiliatedEpi
H-1099,all,51,26,1497,5901,18,51448,0,0,0,0,0,H,4,T regulatory cell,50,26,1,1,1_2_1,Tcell (CD4)
H-1100,all,115,39,724,6193,17,80010,0,0,0,0,0,H,58,Ciliated cell,51,23,4,4,4_1_2,ClubEpi
H-1101,all,97,48,1463,6593,15,52142,0,0,0,0,0,H,13,Inflammatory monocyte,60,46,3,3,3_3,AdventitialFib
H-1102,all,105,46,1719,7465,24,45143,0,0,0,0,0,H,51,Capillary 1 cell,57,46,4,4,4_1_2,CiliatedEpi
H-1103,all,299,111,132,5693,34,70270,0,0,0,0,0,H,106,Arterial endothelial cell,43,27,4,4,4_1_1,ClubEpi
H-1104,all,470,124,1189,6959,31,105365,0,0,0,0,0,H,161,Ciliated cell,39,25,4,4,4_1_1,CiliatedEpi
H-1105,all,163,57,904,5667,36,83757,0,0,0,0,0,H,10,CD4+ T cell,53,37,1,1,1_2_1,Tcell (CD4)
H-1106,all,389,131,1020,6765,31,77687,0,0,0,0,0,H,119,Venous endothelial cell,46,35,4,4,4_1_1,ClubEpi
H-1108,all,30,22,991,6377,40,17960,0,0,0,0,0,H,5,Proliferative mesenchymal progenitor cell,36,22,3,3,3_3,AdventitialFib
H-1109,all,341,118,1403,7240,33,86844,0,0,0,0,0,H,105,Venous endothelial cell,47,34,4,4,4_1_1,ClubEpi
H-1110,all,267,73,225,5680,24,69479,0,0,0,0,0,H,157,Capillary 1 cell,46,14,4,4,4_2,ClubEpi
H-1111,all,103,43,1562,6071,18,77860,0,0,0,0,0,H,7,Alveolar type 1 cell,57,37,6,6,6,AT1
H-1112,all,184,71,799,6557,37,36414,0,0,0,0,0,H,55,Ciliated cell,42,25,4,4,4_1_1,CiliatedEpi
H-1113,all,283,97,1617,7388,19,82375,0,0,0,0,0,H,132,Ciliated cell,46,39,4,4,4_1_2,CiliatedEpi
H-1114,all,175,66,380,6002,32,51497,0,0,0,0,0,H,62,Alveolar fibroblast 1,54,30,4,4,4_1_1,ClubEpi
H-1116,all,163,66,1415,5970,23,80917,0,0,0,0,0,H,18,Classical DC subset 2,49,37,1,1,1_4_1,AlveolarFib
H-1117,all,100,43,417,5824,22,64777,0,0,0,0,0,H,41,Inflammatory monocyte,60,43,4,4,4_1_2,CiliatedEpi
H-1118,all,75,29,371,5725,26,24854,0,0,0,0,0,H,47,Venous endothelial cell,40,28,4,4,4_2,CiliatedEpi
H-1119,all,306,67,838,6398,21,101272,0,0,0,0,0,H,198,B cell,52,17,4,4,4_2,ClubEpi
H-1120,all,236,87,1280,7060,28,74278,0,0,0,0,0,H,65,Inflammatory monocyte,46,28,4,4,4_1_1,ClubEpi
H-1124,all,212,84,976,6766,39,41326,0,0,0,0,0,H,40,Venous endothelial cell,54,43,4,4,4_1_1,CiliatedEpi
H-1125,all,398,91,1379,7076,13,99915,0,0,0,0,0,H,211,Arterial endothelial cell,45,16,4,4,4_1_1,ClubEpi
H-1126,all,144,41,832,6343,17,29266,0,0,0,0,0,H,99,Ciliated cell,53,19,4,4,4_2,ClubEpi
H-1127,all,385,110,1315,7005,19,120756,0,0,0,0,0,H,181,Venous endothelial cell,46,32,4,4,4_1_1,CiliatedEpi
H-1129,all,38,24,1518,6339,10,23372,0,0,0,0,0,H,6,Mesothelial cell,40,24,3,3,3_3,AdventitialFib
H-1130,all,175,60,689,6338,27,62577,0,0,0,0,0,H,101,Ciliated cell,64,48,4,4,4_2,CiliatedEpi
H-1131,all,49,25,1707,6433,16,28922,0,0,0,0,0,H,8,Inflammatory monocyte,51,26,2,2,2_5,DC
H-1132,all,135,57,1671,6422,23,70953,0,0,0,0,0,H,10,Inflammatory monocyte,46,30,1,1,1_4_1,AlveolarFib
H-1133,all,173,66,852,6533,31,73262,0,0,0,0,0,H,55,Arterial endothelial cell,42,28,4,4,4_1_1,CiliatedEpi
H-1134,all,365,108,1211,7030,37,73549,0,0,0,0,0,H,105,Arterial endothelial cell,46,32,4,4,4_1_1,CiliatedEpi
H-1136,all,126,53,1082,6708,19,61766,0,0,0,0,0,H,65,Secretory cell,61,51,4,4,4_1_2,CiliatedEpi
H-1137,all,120,49,608,5826,11,75369,0,0,0,0,0,H,19,Mesothelial cell,43,22,3,3,3_3,AdventitialFib
H-1138,all,138,56,1468,7130,12,65685,0,0,0,0,0,H,47,Ciliated cell,57,38,4,4,4_1_2,CiliatedEpi
H-1139,all,371,105,1060,6797,23,87602,0,0,0,0,0,H,135,Secretory cell,42,30,4,4,4_1_1,CiliatedEpi
H-1140,all,284,66,963,6652,21,82413,0,0,0,0,0,H,138,Capillary 1 cell,51,18,4,4,4_2,ClubEpi
H-1141,all,8,7,921,6396,40,10314,0,0,0,0,0,H,3,T regulatory cell,23,9,1,1,1_2_1,Tcell (CD4)
H-1142,all,67,36,1558,5909,9,44323,0,0,0,0,0,H,9,Inflammatory monocyte,54,37,2,2,2_5,DC
H-1143,all,231,79,1251,7094,35,53295,0,0,0,0,0,H,71,Alveolar fibroblast 1,51,35,4,4,4_1_1,ClubEpi
H-1144,all,97,47,1728,6951,36,47045,0,0,0,0,0,H,27,Proliferative mesenchymal progenitor cell,61,45,1,1,1_2_1,Tcell (CD4)
H-1145,all,98,43,1438,7083,13,57055,0,0,0,0,0,H,45,Ciliated cell,60,43,4,4,4_1_2,CiliatedEpi
H-1146,all,13,8,1441,6839,5,12954,0,0,0,0,0,H,3,Sox9+/Id2+ epithelial cell,26,8,3,3,3_6,SCMF
H-1147,all,63,35,998,5872,8,29158,0,0,0,0,0,H,7,Inflammatory monocyte,57,35,1,1,1_2_1,Tcell (CD4)
H-1150,all,82,46,1512,5936,21,58834,0,0,0,0,0,H,19,Inflammatory monocyte,61,46,1,1,1_2_3,Tcell (CD4)
H-1151,all,137,55,1147,6541,20,104857,0,0,0,0,0,H,17,Proliferative mesenchymal progenitor cell,52,35,3,3,3_4,AdventitialFib
H-1153,all,35,19,723,6027,20,31893,0,0,0,0,0,H,7,Proliferative mesenchymal progenitor cell,42,20,3,3,3_2,SMC
H-1154,all,133,58,1318,6294,9,72701,0,0,0,0,0,H,22,Secondary crest myofibroblast,46,27,3,3,3_3,AdventitialFib
H-1157,all,200,76,1510,6300,31,85282,0,0,0,0,0,H,15,Alveolar macrophage,56,49,3,3,3_5,SMC
H-1161,all,184,61,1447,6680,8,78956,0,0,0,0,0,H,34,Mesothelial cell,57,40,3,3,3_3,AdventitialFib
H-1162,all,184,55,1712,6757,20,97089,0,0,0,0,0,H,7,Proliferative mesenchymal progenitor cell,58,41,3,3,3_4,AdventitialFib
H-1165,all,350,112,919,6647,28,83395,0,0,0,0,0,H,126,Ciliated cell,47,33,4,4,4_1_1,ClubEpi
H-1166,all,29,19,908,6185,6,17932,0,0,0,0,0,H,11,Inflammatory monocyte,37,19,3,3,3_3,AdventitialFib
H-1167,all,203,69,1569,6873,27,112273,0,0,0,0,0,H,11,Inflammatory monocyte,59,44,2,2,2_5,DC
H-1170,all,26,19,1538,5956,11,24752,0,0,0,0,0,H,5,Inflammatory monocyte,48,19,1,1,1_2_3,Tcell (CD4)
H-1171,all,101,43,1135,6284,37,45712,0,0,0,0,0,H,10,Proliferative mesenchymal progenitor cell,61,41,3,3,3_3,AdventitialFib
H-1172,all,214,78,1043,6713,23,118026,0,0,0,0,0,H,77,Capillary 1 cell,45,21,4,4,4_1_2,ClubEpi
H-1174,all,84,41,664,6391,36,35560,0,0,0,0,0,H,13,CD4+ T cell,63,41,4,4,4_1_3,ClubEpi
H-1175,all,330,98,191,5699,27,94178,0,0,0,0,0,H,143,Venous endothelial cell,47,29,4,4,4_1_1,CiliatedEpi
H-1178,all,281,78,649,6309,27,95544,0,0,0,0,0,H,150,Alveolar fibroblast 1,49,33,4,4,4_2,CiliatedEpi
H-1179,all,81,34,948,6493,23,54395,0,0,0,0,0,H,42,Ciliated cell,57,34,4,4,4_1_2,CiliatedEpi
H-1182,all,191,76,329,5967,36,55808,0,0,0,0,0,H,79,Venous endothelial cell,54,34,4,4,4_1_1,ClubEpi
H-1183,all,24,18,1204,6834,18,25994,0,0,0,0,0,H,3,Capillary 1 cell,43,18,2,2,2_3,Vein
H-1184,all,135,41,937,6530,20,74782,0,0,0,0,0,H,71,Capillary 1 cell,49,17,4,4,4_2,ClubEpi
H-1188,all,381,93,341,5880,26,97695,0,0,0,0,0,H,206,Endothelial progenitor cell,49,21,4,4,4_1_1,ClubEpi
H-1190,all,38,21,1354,6868,23,81309,0,0,0,0,0,H,9,CD4+ T cell,42,22,3,3,3_2,SMC
H-1192,all,131,25,828,6251,10,36587,0,0,0,0,0,H,110,Arterial endothelial cell,40,25,4,4,4_2,CiliatedEpi
H-1197,all,326,104,1351,7191,35,72787,0,0,0,0,0,H,91,B cell,48,39,4,4,4_1_1,CiliatedEpi
H-1199,all,24,15,1102,6683,31,47455,0,0,0,0,0,H,11,Alveolar macrophage,41,16,3,3,3_5,SMC
H-1200,all,85,34,872,6285,26,74955,0,0,0,0,0,H,11,Inflammatory monocyte,58,35,3,3,3_5,SMC
H-1201,all,125,45,1556,5792,32,60993,0,0,0,0,0,H,14,Classical DC subset 2,48,27,1,1,1_2_1,Tcell (CD4)
H-1203,all,80,40,1390,5937,34,42883,108,0,108,0,1,H,14,Inflammatory monocyte,58,41,1,1,1_4_1,AlveolarFib
H-1204,all,110,34,835,6164,32,72914,0,0,0,0,0,H,35,Vascular smooth muscle cell,54,26,3,3,3_2,SMC
H-1205,all,60,30,1258,6140,8,26437,0,0,0,0,0,H,16,Alveolar macrophage,56,30,1,1,1_2_3,Tcell (CD4)
H-1210,all,290,77,445,5999,27,75452,0,0,0,0,0,H,150,Capillary 1 cell,47,34,4,4,4_2,CiliatedEpi
H-1211,all,90,39,444,5900,19,56880,0,0,0,0,0,H,30,Inflammatory monocyte,59,39,4,4,4_1_1,ClubEpi
H-1212,all,90,25,1517,7164,22,42858,0,0,0,0,0,H,61,Arterial endothelial cell,43,25,4,4,4_2,CiliatedEpi
H-1213,all,8,5,460,5755,32,20066,0,0,0,0,0,H,3,Sox9+/Id2+ epithelial cell,21,7,3,3,3_2,SMC
H-1214,all,69,28,1222,6138,9,38590,0,0,0,0,0,H,9,Alveolar macrophage,51,28,1,1,1_4_1,AlveolarFib
H-1215,all,243,78,854,6587,32,69091,0,0,0,0,0,H,119,Ciliated cell,46,33,4,4,4_1_2,CiliatedEpi
H-1216,all,247,69,1281,6953,21,135023,0,0,0,0,0,H,123,Alveolar fibroblast 1,53,25,4,4,4_1_2,ClubEpi
H-1217,all,13,9,1675,6904,36,11642,0,0,0,0,0,H,4,CD4+ T cell,32,9,1,1,1_2_1,Tcell (CD4)
H-1218,all,171,61,690,6286,29,87623,0,0,0,0,0,H,67,B cell,44,28,4,4,4_1_2,CiliatedEpi
H-1220,all,200,60,1357,6989,14,71810,0,0,0,0,0,H,62,Capillary 1 cell,45,23,4,4,4_1_2,CiliatedEpi
H-1221,all,233,56,399,5855,21,60452,0,0,0,0,0,H,158,Capillary 1 cell,55,19,4,4,4_2,ClubEpi
H-1222,all,83,45,253,5863,37,28203,0,0,0,0,0,H,23,Ciliated cell,59,43,4,4,4_1_1,CiliatedEpi
H-1223,all,38,19,705,5978,13,61413,0,0,0,0,0,H,18,Alveolar macrophage,42,19,3,3,3_2,SMC
H-1224,all,17,10,618,5969,34,32780,0,0,0,0,0,H,3,CD4+ T cell,34,10,1,1,1_2_1,Tcell (CD4)
H-1227,all,229,72,822,5730,29,108010,0,0,0,0,0,H,16,Alveolar fibroblast 1,51,33,1,1,1_2_1,Tcell (CD4)
H-1228,all,173,56,1339,6182,21,103102,0,0,0,0,0,H,17,Alveolar macrophage,55,33,1,1,1_2_3,Tcell (CD4)
H-1231,all,364,95,1410,7149,19,100394,0,0,0,0,0,H,149,Secretory cell,49,28,4,4,4_1_1,ClubEpi
H-1233,all,94,46,372,5926,30,29906,0,0,0,0,0,H,25,Ciliated cell,62,45,4,4,4_1_1,CiliatedEpi
H-1234,all,163,64,1572,7370,28,54426,0,0,0,0,0,H,59,Ciliated cell,44,28,4,4,4_1_1,CiliatedEpi
H-1236,all,245,85,763,6471,33,82177,0,0,0,0,0,H,83,Venous endothelial cell,45,32,4,4,4_1_2,CiliatedEpi
H-1238,all,93,45,1656,5831,16,76031,0,0,0,0,0,H,27,Inflammatory monocyte,64,45,9,9,9,Bcell
H-1240,all,243,60,370,5791,23,72950,0,0,0,0,0,H,153,Ciliated cell,42,25,4,4,4_2,CiliatedEpi
H-1241,all,27,14,658,6124,16,20435,0,0,0,0,0,H,9,Inflammatory monocyte,42,14,1,1,1_2_3,Tcell (CD4)
H-1242,all,27,13,750,5991,10,26842,0,0,0,0,0,H,5,CD4+ T cell,38,14,3,3,3_2,SMC
H-1244,all,19,8,1146,6728,29,47118,0,0,0,0,0,H,11,CD4+ T cell,36,8,3,3,3_2,SMC
H-1245,all,134,46,1642,5790,24,82668,0,0,0,0,0,H,25,Inflammatory monocyte,49,26,1,1,1_2_3,Tcell (CD4)
H-1250,all,312,66,609,6111,22,120574,0,0,0,0,0,H,203,B cell,52,34,4,4,4_2,CiliatedEpi
H-1251,all,84,35,1489,6348,14,40718,0,0,0,0,0,H,7,Alveolar macrophage,57,35,1,1,1_2_3,Tcell (CD4)
H-1252,all,125,50,909,6310,34,54429,0,0,0,0,0,H,4,Inflammatory monocyte,43,23,1,1,1_5_2,AlveolarFib
H-1255,all,76,23,674,6101,15,32358,0,0,0,0,0,H,43,Ciliated cell,45,23,4,4,4_2,CiliatedEpi
H-1257,all,97,23,489,5880,23,17944,0,0,0,0,0,H,76,Arterial endothelial cell,36,23,4,4,4_2,CiliatedEpi
H-1259,all,130,51,436,6075,33,45204,0,0,0,0,0,H,54,Venous endothelial cell,65,46,4,4,4_1_1,CiliatedEpi
H-1260,all,85,44,607,6319,38,34720,0,0,0,0,0,H,32,Arterial endothelial cell,59,43,4,4,4_1_2,CiliatedEpi
H-1263,all,363,78,266,5798,28,89838,0,0,0,0,0,H,195,Capillary 1 cell,52,34,4,4,4_2,CiliatedEpi
H-1264,all,30,16,443,5693,41,21547,0,0,0,0,0,H,3,Mesothelial cell,39,16,3,3,3_3,AdventitialFib
H-1266,all,207,69,938,6587,20,69651,0,0,0,0,0,H,100,Secretory cell,41,27,4,4,4_2,CiliatedEpi
H-1268,all,147,53,1638,6438,32,77282,0,0,0,0,0,H,15,Inflammatory monocyte,48,27,1,1,1_2_1,Tcell (CD4)
H-1269,all,84,39,911,5860,30,37182,0,0,0,0,0,H,8,Inflammatory monocyte,59,39,1,1,1_2_3,Tcell (CD4)
H-1270,all,67,42,1709,6693,27,50760,0,0,0,0,0,H,8,Inflammatory monocyte,57,44,2,2,2_5,DC
H-1271,all,296,81,729,6343,30,116362,0,0,0,0,0,H,117,Inflammatory monocyte,48,33,4,4,4_1_2,CiliatedEpi
H-1273,all,130,60,1506,7315,31,31193,0,0,0,0,0,H,51,Ciliated cell,65,50,4,4,4_1_2,CiliatedEpi
H-1274,all,113,32,469,5854,23,39676,0,0,0,0,0,H,70,Capillary 1 cell,50,16,4,4,4_2,ClubEpi
H-1275,all,329,98,279,5940,39,53802,0,0,0,0,0,H,151,Ciliated cell,48,27,4,4,4_1_1,ClubEpi
H-1277,all,324,99,1688,7524,31,77794,0,0,0,0,0,H,112,Secretory cell,48,34,4,4,4_1_2,CiliatedEpi
H-1278,all,47,27,926,5934,40,17145,0,0,0,0,0,H,4,B cell,47,27,1,1,1_2_1,Tcell (CD4)
H-1279,all,238,89,1123,6916,33,73114,0,0,0,0,0,H,62,Venous endothelial cell,51,40,4,4,4_1_1,CiliatedEpi
H-1282,all,213,70,368,6043,36,54374,0,0,0,0,0,H,92,Inflammatory monocyte,50,29,4,4,4_1_1,CiliatedEpi
H-1283,all,73,35,1734,7321,35,37575,0,0,0,0,0,H,7,Inflammatory monocyte,49,35,1,1,1_2_3,Tcell (CD4)
H-1287,all,36,19,386,5666,29,40831,0,0,0,0,0,H,5,CD4+ T cell,41,19,1,1,1_2_3,Tcell (CD4)
H-1288,all,118,60,1439,7280,39,27474,0,0,0,0,0,H,37,Arterial endothelial cell,64,48,4,4,4_1_1,CiliatedEpi
H-1290,all,103,44,694,5723,36,51653,0,0,0,0,0,H,8,T regulatory cell,61,38,1,1,1_2_1,Tcell (CD4)
H-1292,all,214,67,417,5926,25,67455,0,0,0,0,0,H,120,Alveolar fibroblast 2,42,32,4,4,4_2,CiliatedEpi
H-1296,all,50,32,461,6167,37,32416,0,0,0,0,0,H,12,Inflammatory monocyte,52,33,2,2,2_5,DC
H-1298,all,161,47,1528,6089,26,65103,0,0,0,0,0,H,9,Alveolar type 1 cell,54,31,2,2,2_5,DC
H-1300,all,214,59,477,6086,31,72522,0,0,0,0,0,H,108,Secretory cell,53,23,4,4,4_2,ClubEpi
H-1301,all,249,61,477,5945,19,60640,0,0,0,0,0,H,155,Alveolar fibroblast 1,42,30,4,4,4_2,CiliatedEpi
H-1302,all,333,110,1321,7084,27,71174,0,0,0,0,0,H,100,Ciliated cell,44,34,4,4,4_1_1,CiliatedEpi
H-1303,all,204,52,987,6549,16,92670,0,0,0,0,0,H,132,Alveolar fibroblast 1,58,23,4,4,4_2,ClubEpi
H-1304,all,239,72,701,6411,32,83313,0,0,0,0,0,H,122,Endothelial progenitor cell,45,30,4,4,4_1_1,CiliatedEpi
H-1306,all,21,12,1207,6734,35,53841,0,0,0,0,0,H,8,Proliferative mesenchymal progenitor cell,40,13,3,3,3_2,SMC
H-1309,all,58,31,1751,7199,36,46630,0,0,0,0,0,H,5,Inflammatory monocyte,56,31,1,1,1_2_3,Tcell (CD4)
H-1312,all,208,67,1413,7037,16,59878,0,0,0,0,0,H,100,Venous endothelial cell,44,26,4,4,4_1_2,CiliatedEpi
H-1314,all,158,68,289,5875,37,43680,0,0,0,0,0,H,56,Ciliated cell,36,25,4,4,4_1_2,CiliatedEpi
H-1315,all,284,88,534,6237,35,87808,0,0,0,0,0,H,108,Ciliated cell,46,26,4,4,4_1_1,ClubEpi
H-1316,all,398,123,1338,7134,31,118978,0,0,0,0,0,H,110,Secretory cell,41,31,4,4,4_1_1,ClubEpi
H-1317,all,234,74,515,6059,31,89650,0,0,0,0,0,H,116,Arterial endothelial cell,44,28,4,4,4_1_2,CiliatedEpi
H-1318,all,361,79,289,5720,21,139257,0,0,0,0,0,H,180,Arterial endothelial cell,51,19,4,4,4_2,ClubEpi
H-1319,all,13,9,1258,6859,35,22693,0,0,0,0,0,H,4,CD4+ T cell,32,10,3,3,3_2,SMC
H-1320,all,158,58,1040,6266,34,97544,0,0,0,0,0,H,21,Inflammatory monocyte,51,32,3,3,3_3,AdventitialFib
H-1322,all,94,41,1700,7437,24,65943,0,0,0,0,0,H,33,CD4+ T cell,62,41,4,4,4_1_3,CiliatedEpi
H-1323,all,95,43,367,5962,35,32122,0,0,0,0,0,H,42,Capillary 1 cell,63,40,4,4,4_1_1,ClubEpi
H-1324,all,28,19,1519,7111,28,29280,0,0,0,0,0,H,5,CD4+ T cell,39,20,3,3,3_1,SMC
H-1325,all,104,49,1087,6605,12,76245,0,0,0,0,0,H,31,Proliferative mesenchymal progenitor cell,57,40,3,3,3_3,AdventitialFib
H-1326,all,60,35,1662,5720,20,51728,0,0,0,0,0,H,11,CD4+ T cell,56,35,1,1,1_2_1,Tcell (CD4)
H-1327,all,181,63,240,5737,30,58376,0,0,0,0,0,H,87,Capillary 1 cell,53,29,4,4,4_1_1,ClubEpi
H-1328,all,66,20,471,5898,15,14095,0,0,0,0,0,H,50,Capillary 1 cell,44,20,4,4,4_2,CiliatedEpi
H-1329,all,28,17,1539,6688,6,16881,0,0,0,0,0,H,2,Mesothelial cell,39,17,3,3,3_3,AdventitialFib
H-1332,all,236,72,509,6175,32,75299,0,0,0,0,0,H,105,Venous endothelial cell,51,27,4,4,4_1_1,ClubEpi
H-1333,all,51,19,1189,6696,20,80728,0,0,0,0,0,H,20,Vascular smooth muscle cell,52,20,3,3,3_2,SMC
H-1335,all,37,18,671,6019,35,42320,0,0,0,0,0,H,9,CD4+ T cell,43,19,3,3,3_2,SMC
H-1336,all,181,49,441,5958,25,45085,0,0,0,0,0,H,108,Ciliated cell,51,34,4,4,4_2,CiliatedEpi
H-1338,all,142,69,959,6700,31,37019,0,0,0,0,0,H,37,Alveolar fibroblast 1,44,32,4,4,4_1_1,ClubEpi
H-1339,all,164,59,1445,7192,25,72299,0,0,0,0,0,H,42,Venous endothelial cell,51,34,4,4,4_1_3,ClubEpi
H-1341,all,25,17,951,6419,37,34380,0,0,0,0,0,H,11,Mesothelial cell,44,17,3,3,3_3,AdventitialFib
H-1342,all,70,30,1696,6935,37,31700,0,0,0,0,0,H,6,CD4+ T cell,54,30,1,1,1_2_1,Tcell (CD4)
H-1343,all,81,31,1241,6939,17,53416,0,0,0,0,0,H,21,Secretory cell,60,32,2,2,2_2,InflamMac
H-1345,all,133,45,870,6387,26,53612,0,0,0,0,0,H,74,Ciliated cell,63,46,4,4,4_2,CiliatedEpi
H-1347,all,144,51,1176,6834,15,73168,0,0,0,0,0,H,61,Capillary 1 cell,55,36,4,4,4_1_2,CiliatedEpi
H-1349,all,307,97,1659,7395,23,125818,0,0,0,0,0,H,101,Arterial endothelial cell,48,37,4,4,4_1_1,CiliatedEpi
H-1351,all,202,60,399,5893,24,51463,0,0,0,0,0,H,112,Capillary 1 cell,37,21,4,4,4_2,CiliatedEpi
H-1354,all,198,84,1567,7413,37,45925,0,0,0,0,0,H,42,Ciliated cell,48,41,4,4,4_1_1,CiliatedEpi
H-1355,all,130,49,663,6194,24,76307,0,0,0,0,0,H,76,B cell,47,22,4,4,4_1_2,ClubEpi
H-1358,all,162,57,1120,6240,30,82187,0,0,0,0,0,H,34,CD4+ T cell,54,36,3,3,3_4,AdventitialFib
H-1362,all,56,29,703,6051,22,68797,0,0,0,0,0,H,13,Inflammatory monocyte,56,30,3,3,3_2,SMC
H-1363,all,56,29,1726,7343,27,34856,0,0,0,0,0,H,5,Inflammatory monocyte,53,29,1,1,1_2_1,Tcell (CD4)
H-1364,all,380,72,1585,7280,14,92212,0,0,0,0,0,H,210,B cell,57,36,4,4,4_2,CiliatedEpi
H-1366,all,89,33,926,6467,16,41986,0,0,0,0,0,H,52,B cell,48,33,4,4,4_2,CiliatedEpi
H-1372,all,228,62,895,6488,15,70329,0,0,0,0,0,H,133,Venous endothelial cell,51,18,4,4,4_2,ClubEpi
H-1373,all,84,48,1687,7355,22,48306,0,0,0,0,0,H,29,Inflammatory monocyte,62,48,4,4,4_1_2,CiliatedEpi
H-1374,all,214,100,1530,7356,37,44615,0,0,0,0,0,H,57,Venous endothelial cell,48,36,4,4,4_1_1,ClubEpi
H-1380,all,53,12,844,6315,13,21157,0,0,0,0,0,H,41,Capillary 1 cell,50,12,4,4,4_2,ClubEpi
H-1383,all,151,56,1385,6337,21,87101,0,0,0,0,0,H,18,Alveolar fibroblast 2,52,32,3,3,3_3,AdventitialFib
H-1384,all,246,81,1062,6878,36,65454,0,0,0,0,0,H,63,Ciliated cell,48,27,4,4,4_1_2,ClubEpi
H-1385,all,86,44,1457,6340,22,36221,0,0,0,0,0,H,5,CD4+ T cell,59,44,8,8,8_2,InterstitialMac
H-1386,all,68,23,1315,6941,11,22197,0,0,0,0,0,H,45,Arterial endothelial cell,35,23,4,4,4_2,CiliatedEpi
H-1387,all,182,68,433,6131,36,50401,0,0,0,0,0,H,80,Arterial endothelial cell,44,27,4,4,4_1_1,CiliatedEpi
H-1394,all,44,26,1255,6730,18,81169,0,0,0,0,0,H,14,Inflammatory monocyte,46,27,3,3,3_2,SMC
H-1395,all,59,33,1725,6242,36,29412,0,0,0,0,0,H,6,Inflammatory monocyte,56,33,3,3,3_6,SCMF
H-1399,all,289,63,861,6459,17,87747,0,0,0,0,0,H,177,Venous endothelial cell,51,15,4,4,4_2,ClubEpi
H-1401,all,95,34,1442,7019,18,84155,0,0,0,0,0,H,8,Alveolar macrophage,61,34,1,1,1_2_3,Tcell (CD4)
H-1402,all,73,34,1565,6713,5,30431,0,0,0,0,0,H,9,Proliferative mesenchymal progenitor cell,55,34,3,3,3_3,AdventitialFib
H-1403,all,57,36,723,6466,36,20613,0,0,0,0,0,H,18,Capillary 1 cell,48,36,4,4,4_1_1,CiliatedEpi
H-1406,all,280,89,990,6703,23,84616,0,0,0,0,0,H,117,B cell,51,38,4,4,4_1_2,CiliatedEpi
H-1410,all,25,16,730,5981,13,38596,0,0,0,0,0,H,9,Vascular smooth muscle cell,47,17,3,3,3_2,SMC
H-1411,all,181,61,1245,6549,16,107349,0,0,0,0,0,H,23,Inflammatory monocyte,58,42,3,3,3_3,AdventitialFib
H-1412,all,288,85,806,6512,32,84751,0,0,0,0,0,H,124,Ciliated cell,48,35,4,4,4_1_2,CiliatedEpi
H-1413,all,193,89,1477,7306,37,48215,0,0,0,0,0,H,52,Arterial endothelial cell,42,34,4,4,4_1_1,CiliatedEpi
H-1415,all,87,30,885,6417,15,30699,0,0,0,0,0,H,53,B cell,60,29,4,4,4_2,ClubEpi
H-1417,all,30,21,1352,6093,16,23594,0,0,0,0,0,H,3,CD8+ T cell,38,22,2,2,2_2,InflamMac
H-1422,all,87,25,528,5985,21,33128,0,0,0,0,0,H,67,Secretory cell,59,24,4,4,4_2,ClubEpi
H-1423,all,144,43,688,6248,28,61075,0,0,0,0,0,H,91,B cell,65,44,4,4,4_2,CiliatedEpi
H-1426,all,180,72,639,6362,37,63089,0,0,0,0,0,H,80,Arterial endothelial cell,47,27,4,4,4_1_1,ClubEpi
H-1427,all,77,27,646,6159,26,55616,0,0,0,0,0,H,39,Ciliated cell,49,26,4,4,4_1_2,CiliatedEpi
H-1430,all,16,8,1292,6059,11,8359,0,0,0,0,0,H,3,CD4+ T cell,34,8,1,1,1_2_1,Tcell (CD4)
H-1431,all,65,40,1563,7120,33,56318,0,0,0,0,0,H,4,Alveolar type 1 cell,61,41,1,1,1_4_1,AlveolarFib
H-1432,all,68,34,1635,5749,26,61689,0,0,0,0,0,H,15,Inflammatory monocyte,56,34,1,1,1_2_1,Tcell (CD4)
H-1437,all,13,9,628,5936,27,36888,0,0,0,0,0,H,5,CD4+ T cell,30,10,3,3,3_2,SMC
H-1438,all,151,59,419,6020,32,47953,0,0,0,0,0,H,73,Ciliated cell,61,47,4,4,4_1_2,CiliatedEpi
H-1439,all,14,11,508,5921,29,17460,0,0,0,0,0,H,8,Alveolar macrophage,27,11,4,4,4_1_2,ClubEpi
H-1442,all,24,13,866,6140,11,24252,0,0,0,0,0,H,9,Alveolar macrophage,41,14,3,3,3_2,SMC
H-1446,all,122,53,1729,7523,25,32820,0,0,0,0,0,H,50,Ciliated cell,69,53,4,4,4_1_2,CiliatedEpi
H-1450,all,29,15,1673,5691,17,25557,0,0,0,0,0,H,10,Proliferative mesenchymal progenitor cell,41,15,3,3,3_3,AdventitialFib
H-1451,all,205,77,1056,6833,30,49365,0,0,0,0,0,H,58,Secretory cell,48,35,4,4,4_1_1,CiliatedEpi
H-1454,all,38,22,1722,7368,20,34104,0,0,0,0,0,H,6,CD4+ T cell,42,22,1,1,1_2_3,Tcell (CD4)
H-1460,all,117,45,915,6265,17,76151,0,0,0,0,0,H,11,Secondary crest myofibroblast,47,29,3,3,3_4,AdventitialFib
H-1464,all,58,37,2682,406,24,83552,0,0,0,0,0,H,13,Alveolar fibroblast 1,58,38,3,3,3_1,SMC
H-1465,all,19,18,2007,1629,10,58384,0,0,0,0,0,H,4,CD4+ T cell,37,18,7,7,7_2,PatrolMac
H-1467,all,43,28,2019,1076,31,69781,0,0,0,0,0,H,5,Arterial endothelial cell,44,28,2,2,2_4,Artery
H-1468,all,44,30,3178,1680,30,80223,0,0,0,0,0,H,8,Capillary 1 cell,46,31,3,3,3_5,SMC
H-1469,all,136,38,1991,1154,15,92302,0,0,0,0,0,H,33,Alveolar fibroblast 1,49,18,1,1,1_5_2,AlveolarFib
H-1471,all,166,50,1977,1226,17,92112,0,0,0,0,0,H,34,Venous endothelial cell,48,17,1,1,1_5_2,AlveolarFib
H-1472,all,24,22,2686,666,37,48112,0,0,0,0,0,H,5,Capillary 1 cell,45,21,2,2,2_1,Capillary
H-1473,all,52,32,2707,716,29,69749,0,0,0,0,0,H,13,Alveolar fibroblast 1,53,33,3,3,3_1,SMC
H-1474,all,29,18,2940,1814,36,63955,0,0,0,0,0,H,3,B cell,39,18,9,9,9,Bcell
H-1476,all,34,17,2474,1335,34,72128,0,0,0,0,0,H,10,Natural killer cell,43,17,7,7,7_3,Tcell (CD8)
H-1478,all,110,37,2623,283,15,80388,0,0,0,0,0,H,25,Alveolar type 1 cell,48,19,6,6,6,AT1
H-1480,all,28,16,3397,89,12,38871,0,0,0,0,0,H,16,Alveolar type 1 cell,39,17,3,3,3_1,SMC
H-1481,all,40,24,2564,780,20,50550,0,0,0,0,0,H,4,Capillary 1 cell,44,26,2,2,2_5,DC
H-1482,all,29,18,2812,1654,27,85103,0,0,0,0,0,H,5,Capillary 1 cell,40,18,2,2,2_3,Vein
H-1483,all,37,23,2228,1643,29,88114,0,0,0,0,0,H,6,Capillary 1 cell,42,23,2,2,2_1,Capillary
H-1484,all,62,34,3064,333,15,73891,0,0,0,0,0,H,6,CD4+ T cell,60,36,2,2,2_5,DC
H-1485,all,10,8,2027,37,37,32450,0,0,0,0,0,H,5,Interstitial macrophage,22,8,8,8,8_3,InterstitialMac
H-1486,all,53,30,2234,1173,19,90689,0,0,0,0,0,H,15,Alveolar fibroblast 1,52,30,2,2,2_3,Vein
H-1487,all,52,27,3221,1453,33,87060,0,0,0,0,0,H,7,Alveolar fibroblast 1,51,27,2,2,2_3,Vein
H-1488,all,108,42,2780,123,25,90123,0,0,0,0,0,H,19,Sox9+/Id2+ epithelial cell,54,26,6,6,6,AT1
H-1489,all,122,25,2497,667,34,70304,0,0,0,0,0,H,83,Sox9+/Id2+ epithelial cell,44,9,1,1,1_1,AT2
H-1490,all,17,12,2688,148,8,23675,0,0,0,0,0,H,2,Endothelial progenitor cell,37,13,2,2,2_1,Capillary
H-1491,all,29,18,3456,748,27,86246,0,0,0,0,0,H,3,Alveolar fibroblast 1,41,19,3,3,3_1,SMC
H-1492,all,12,11,2646,1958,8,30528,0,0,0,0,0,H,3,B cell,34,11,9,9,9,Bcell
H-1494,all,174,43,2309,618,30,95276,0,0,0,0,0,H,26,Alveolar type 1 cell,50,18,6,6,6,AT1
H-1496,all,96,58,2312,315,21,98001,0,0,0,0,0,H,14,T regulatory cell,69,57,3,3,3_4,AdventitialFib
H-1497,all,46,25,2591,1618,20,54335,52,0,52,0,1,H,12,Pericyte,46,25,2,2,2_3,Vein
H-1498,all,34,24,2072,22,21,77638,0,0,0,0,0,H,5,Alveolar fibroblast 1,42,24,2,2,2_3,Vein
H-1500,all,65,19,3560,967,10,29663,0,0,0,0,0,H,4,Alveolar type 1 cell,53,19,3,3,3_4,AdventitialFib
H-1501,all,52,32,2270,1122,16,73258,0,0,0,0,0,H,5,Capillary 2 cell,52,32,2,2,2_3,Vein
H-1502,all,62,27,3355,104,25,77918,0,0,0,0,0,H,21,Inflammatory monocyte,54,27,7,7,7_3,Tcell (CD8)
H-1504,all,14,13,3513,1555,36,43501,0,0,0,0,0,H,3,Alveolar macrophage,31,13,7,7,7_3,Tcell (CD8)
H-1506,all,40,22,2743,798,20,66997,0,0,0,0,0,H,23,Pericyte,42,22,5,5,5_1,Pericyte
H-1507,all,36,25,3529,146,36,100446,0,0,0,0,0,H,6,Capillary 1 cell,41,25,1,1,1_3,AT2
H-1508,all,146,17,2929,732,11,88599,0,0,0,0,0,H,129,Alveolar type 2 cell,49,9,1,1,1_1,AT2
H-1511,all,122,47,2416,384,12,83731,60,0,60,0,1,H,42,Alveolar type 1 cell,43,22,6,6,6,AT1
H-1512,all,40,23,2574,831,35,48931,0,0,0,0,0,H,12,Alveolar fibroblast 2,43,24,3,3,3_5,SMC
H-1515,all,22,18,2674,28,32,48078,0,0,0,0,0,H,4,Alveolar macrophage,41,18,7,7,7_2,PatrolMac
H-1516,all,35,21,3329,1936,10,58490,0,0,0,0,0,H,10,Alveolar type 1 cell,41,21,3,3,3_4,AdventitialFib
H-1517,all,68,26,2700,194,12,41239,0,0,0,0,0,H,16,Alveolar type 1 cell,58,26,6,6,6,AT1
H-1518,all,23,17,2922,1626,25,52786,0,0,0,0,0,H,3,B cell,42,17,2,2,2_6,pDC
H-1519,all,29,19,3454,1465,14,68000,0,0,0,0,0,H,5,Alveolar fibroblast 1,41,20,3,3,3_1,SMC
H-1520,all,40,28,2866,1371,16,55676,0,0,0,0,0,H,14,Innate lymphoid cell,41,28,7,7,7_2,PatrolMac
H-1522,all,91,23,2680,1875,21,75043,0,0,0,0,0,H,72,Sox9+/Id2+ epithelial cell,56,22,1,1,1_1,AT2
H-1523,all,13,8,2440,1037,17,46696,0,0,0,0,0,H,5,Pericyte,31,8,5,5,5_1,Pericyte
H-1524,all,56,33,3208,1279,17,86454,0,0,0,0,0,H,4,B cell,55,33,9,9,9,Bcell
H-1526,all,16,8,3001,1206,36,42386,0,0,0,0,0,H,7,Sox9+/Id2+ epithelial cell,40,8,1,1,1_1,AT2
H-1528,all,53,31,2748,178,19,77302,0,0,0,0,0,H,15,Pericyte,53,31,5,5,5_3,Pericyte
H-1529,all,27,14,3440,566,32,57288,0,0,0,0,0,H,3,Sox9+/Id2+ epithelial cell,42,14,2,2,2_1,Capillary
H-1532,all,147,51,2173,368,18,118042,0,0,0,0,0,H,29,Alveolar type 1 cell,43,16,6,6,6,AT1
H-1534,all,43,18,2651,562,36,55905,0,0,0,0,0,H,26,Inflammatory monocyte,44,18,5,5,5_1,Pericyte
H-1535,all,72,43,2616,202,16,72851,0,0,0,0,0,H,15,Alveolar fibroblast 1,56,44,3,3,3_1,SMC
H-1537,all,63,38,2738,744,18,85715,0,0,0,0,0,H,19,Capillary 1 cell,58,38,2,2,2_3,Vein
H-1540,all,13,10,3208,1825,11,42352,0,0,0,0,0,H,4,Alveolar type 2 cell,27,10,1,1,1_3,AT2
H-1542,all,21,15,2550,747,17,50925,0,0,0,0,0,H,2,Alveolar type 2 cell,41,16,2,2,2_2,InflamMac
H-1544,all,102,34,3549,811,20,104582,0,0,0,0,0,H,61,Alveolar type 2 cell,55,29,3,3,3_4,AdventitialFib
H-1545,all,126,30,2612,1590,19,111170,0,0,0,0,0,H,75,AT1/AT2,45,15,1,1,1_3,AT2
H-1546,all,26,19,1981,242,26,41467,0,0,0,0,0,H,4,Alveolar type 2 cell,44,19,1,1,1_3,AT2
H-1550,all,52,31,2420,1383,31,85834,0,0,0,0,0,H,2,Sox9+/Id2+ epithelial cell,52,31,2,2,2_3,Vein
H-1551,all,15,12,2394,1737,6,29095,0,0,0,0,0,H,5,B cell,33,13,3,3,3_1,SMC
H-1555,all,149,19,2540,907,28,92266,0,0,0,0,0,H,129,Alveolar type 2 cell,47,7,1,1,1_3,AT2
H-1557,all,48,30,2546,1144,14,88871,0,0,0,0,0,H,14,Venous endothelial cell,49,31,2,2,2_5,DC
H-1558,all,53,32,2853,1429,21,117937,0,0,0,0,0,H,4,B cell,52,32,9,9,9,Bcell
H-1561,all,24,15,2399,1079,23,60414,0,0,0,0,0,H,2,Proliferative mesenchymal progenitor cell,47,16,1,1,1_5_1,LymphaticEndo
H-1562,all,26,17,3060,511,11,40290,0,0,0,0,0,H,8,Pericyte,44,17,5,5,5_1,Pericyte
H-1566,all,29,14,3561,935,11,25157,0,0,0,0,0,H,6,Alveolar type 1 cell,39,14,6,6,6,AT1
H-1567,all,44,28,2999,1148,24,65756,0,0,0,0,0,H,12,Sox9+/Id2+ epithelial cell,45,28,2,2,2_3,Vein
H-1570,all,45,11,3118,269,33,59431,0,0,0,0,0,H,11,Alveolar type 1 cell,46,11,6,6,6,AT1
H-1571,all,51,29,2541,1438,31,98905,500,0,500,0,1,H,3,CD4+ T cell,53,30,1,1,1_6_2,Neutrophil
H-1573,all,18,13,3234,1639,15,27516,0,0,0,0,0,H,3,Capillary 1 cell,35,12,2,2,2_1,Capillary
H-1574,all,33,22,1961,422,7,39499,0,0,0,0,0,H,3,Sox9+/Id2+ epithelial cell,40,22,2,2,2_3,Vein
H-1575,all,26,19,2359,261,20,33575,0,0,0,0,0,H,7,Capillary 1 cell,45,19,5,5,5_1,Pericyte
H-1576,all,63,24,2808,805,20,100662,0,0,0,0,0,H,39,Inflammatory monocyte,54,24,1,1,1_1,AT2
H-1577,all,31,23,2706,1694,14,63252,0,0,0,0,0,H,9,Pericyte,38,23,5,5,5_1,Pericyte
H-1580,all,27,12,3338,49,35,54923,0,0,0,0,0,H,3,Alveolar type 1 cell,44,12,6,6,6,AT1
H-1581,all,70,27,2213,1087,29,92236,0,0,0,0,0,H,41,Alveolar type 2 cell,54,27,1,1,1_3,AT2
H-1585,all,74,39,2032,1544,20,140780,0,0,0,0,0,H,14,Capillary 1 cell,56,39,2,2,2_6,pDC
H-1586,all,23,15,3040,541,19,35304,0,0,0,0,0,H,6,Pericyte,40,15,5,5,5_1,Pericyte
H-1587,all,19,14,2295,694,37,33072,0,0,0,0,0,H,4,Pericyte,37,14,5,5,5_3,Pericyte
H-1589,all,55,15,3346,177,17,59810,0,0,0,0,0,H,39,Alveolar type 2 cell,51,15,1,1,1_3,AT2
H-1591,all,51,18,2218,484,21,42282,0,0,0,0,0,H,37,Alveolar type 2 cell,49,18,1,1,1_3,AT2
H-1592,all,39,17,1950,1036,29,49963,0,0,0,0,0,H,6,Inflammatory monocyte,44,17,6,6,6,AT1
H-1593,all,30,17,3593,206,25,61190,0,0,0,0,0,H,14,Sox9+/Id2+ epithelial cell,39,17,2,2,2_3,Vein
H-1594,all,35,21,3436,1264,14,56316,0,0,0,0,0,H,6,CD8+ T cell,41,21,8,8,8_1,AlveolarMac
H-1596,all,48,28,3295,537,26,93373,0,0,0,0,0,H,7,CD4+ T cell,48,28,3,3,3_4,AdventitialFib
H-1597,all,12,5,2065,1955,32,25443,0,0,0,0,0,H,10,Alveolar type 2 cell,38,5,1,1,1_1,AT2
H-1598,all,28,20,3342,1333,25,57080,0,0,0,0,0,H,12,Alveolar type 1 cell,45,19,2,2,2_1,Capillary
H-1602,all,76,30,2425,949,20,86430,0,0,0,0,0,H,40,Alveolar type 2 cell,53,30,1,1,1_1,AT2
H-1604,all,20,12,3172,1564,33,24790,0,0,0,0,0,H,2,Capillary 1 cell,41,12,2,2,2_1,Capillary
H-1605,all,32,19,3623,913,12,50834,0,0,0,0,0,H,14,Pericyte,41,19,5,5,5_1,Pericyte
H-1606,all,24,17,3291,190,7,59161,0,0,0,0,0,H,11,Pericyte,40,17,5,5,5_3,Pericyte
H-1607,all,87,28,2471,1775,15,69896,0,0,0,0,0,H,18,Alveolar type 1 cell,57,27,6,6,6,AT1
H-1609,all,63,25,2758,1917,21,64520,0,0,0,0,0,H,37,Sox9+/Id2+ epithelial cell,55,25,1,1,1_1,AT2
H-1610,all,35,18,3434,669,37,53263,0,0,0,0,0,H,5,Capillary 1 cell,41,18,8,8,8_1,AlveolarMac
H-1611,all,36,24,2864,1485,9,38258,0,0,0,0,0,H,3,Endothelial progenitor cell,41,25,1,1,1_6_2,Neutrophil
H-1612,all,32,18,3496,1815,17,88001,0,0,0,0,0,H,8,Ciliated cell,41,18,9,9,9,Bcell
H-1613,all,18,14,2563,1277,13,40595,0,0,0,0,0,H,3,Capillary 1 cell,40,15,2,2,2_1,Capillary
H-1617,all,50,25,3492,1506,30,78000,0,0,0,0,0,H,8,Capillary 1 cell,50,25,2,2,2_3,Vein
H-1618,all,36,24,2301,1430,8,59157,0,0,0,0,0,H,10,B cell,40,24,7,7,7_2,PatrolMac
H-1620,all,21,14,2632,1152,33,37358,0,0,0,0,0,H,2,Capillary 2 cell,40,14,1,1,1_3,AT2
H-1621,all,81,34,2651,242,26,52590,0,0,0,0,0,H,16,Sox9+/Id2+ epithelial cell,56,34,9,9,9,Bcell
H-1622,all,21,16,3382,546,27,82143,0,0,0,0,0,H,4,Mesothelial cell,41,16,3,3,3_3,AdventitialFib
H-1623,all,31,17,2303,1152,8,34652,0,0,0,0,0,H,4,B cell,41,18,3,3,3_1,SMC
H-1626,all,21,17,3419,1633,9,32569,0,0,0,0,0,H,3,AT1/AT2,39,17,8,8,8_2,InterstitialMac
H-1627,all,83,44,2247,456,27,88118,0,0,0,0,0,H,26,Innate lymphoid cell,62,45,2,2,2_5,DC
H-1628,all,15,11,3080,1492,32,53691,0,0,0,0,0,H,5,Alveolar fibroblast 1,33,11,1,1,1_5_1,LymphaticEndo
H-1629,all,60,16,2618,1914,16,56415,0,0,0,0,0,H,43,Alveolar type 2 cell,52,16,1,1,1_1,AT2
H-1630,all,44,27,2666,1916,12,60508,0,0,0,0,0,H,21,B cell,45,27,9,9,9,Bcell
H-1631,all,50,32,3268,1846,14,82597,0,0,0,0,0,H,13,Sox9+/Id2+ epithelial cell,52,33,3,3,3_1,SMC
H-1632,all,20,12,3433,1590,5,30393,0,0,0,0,0,H,2,Capillary 2 cell,41,12,2,2,2_6,pDC
H-1634,all,17,12,2227,1717,21,46274,0,0,0,0,0,H,6,Inflammatory monocyte,37,14,2,2,2_5,DC
H-1635,all,21,14,2152,1155,28,37645,0,0,0,0,0,H,4,Endothelial progenitor cell,39,14,3,3,3_4,AdventitialFib
H-1637,all,61,35,3363,691,24,129936,0,0,0,0,0,H,18,Alveolar macrophage,58,36,3,3,3_1,SMC
H-1638,all,68,29,2492,1038,17,89589,0,0,0,0,0,H,26,Alveolar fibroblast 1,57,29,1,1,1_5_1,LymphaticEndo
H-1639,all,27,19,2000,1581,14,72694,0,0,0,0,0,H,10,Pericyte,42,19,5,5,5_1,Pericyte
H-1641,all,53,28,3278,1542,31,75741,0,0,0,0,0,H,9,Innate lymphoid cell,54,28,1,1,1_5_1,LymphaticEndo
H-1642,all,24,16,3386,1265,34,46044,0,0,0,0,0,H,8,Alveolar fibroblast 1,42,16,1,1,1_5_1,LymphaticEndo
H-1643,all,104,28,2670,211,19,79756,0,0,0,0,0,H,17,Arterial endothelial cell,56,23,6,6,6,AT1
H-1644,all,81,38,3064,1936,34,97814,0,0,0,0,0,H,6,Inflammatory monocyte,60,38,3,3,3_6,SCMF
H-1645,all,60,43,2568,479,17,94463,56,56,0,1,0,H,10,Capillary 1 cell,60,43,2,2,2_3,Vein
H-1647,all,35,19,3529,975,20,61704,0,0,0,0,0,H,9,Alveolar fibroblast 1,40,21,1,1,1_5_1,LymphaticEndo
H-1648,all,34,18,2464,1854,12,66385,52,0,52,0,1,H,6,Capillary 2 cell,45,18,1,1,1_5_4,pDC
H-1649,all,29,22,2321,982,30,51440,0,0,0,0,0,H,7,Alveolar fibroblast 1,37,23,2,2,2_4,Artery
H-1652,all,106,45,2464,1094,27,130140,0,0,0,0,0,H,48,Arterial endothelial cell,59,38,7,7,7_3,Tcell (CD8)
H-1653,all,30,22,3360,1841,10,36511,0,0,0,0,0,H,7,Alveolar fibroblast 1,39,23,2,2,2_1,Capillary
H-1654,all,38,28,2323,862,28,90129,0,0,0,0,0,H,9,Arterial endothelial cell,40,27,2,2,2_1,Capillary
H-1657,all,28,24,2318,1031,34,47329,0,0,0,0,0,H,6,Alveolar fibroblast 1,38,24,9,9,9,Bcell
H-1661,all,31,20,3439,1431,13,51764,0,0,0,0,0,H,5,Alveolar fibroblast 1,42,22,2,2,2_5,DC
H-1662,all,31,22,2730,144,9,46227,0,0,0,0,0,H,8,Inflammatory monocyte,38,23,3,3,3_1,SMC
H-1663,all,16,12,1988,1308,8,22390,0,0,0,0,0,H,4,Pericyte,33,12,5,5,5_1,Pericyte
H-1666,all,17,11,2780,870,30,52650,0,0,0,0,0,H,6,Alveolar fibroblast 1,35,10,2,2,2_1,Capillary
H-1667,all,11,8,3655,1077,36,50442,0,0,0,0,0,H,5,Secondary crest myofibroblast,31,9,3,3,3_1,SMC
H-1669,all,33,22,2507,10,23,87737,0,0,0,0,0,H,14,Interstitial macrophage,39,22,8,8,8_3,InterstitialMac
H-1670,all,40,30,2255,1730,27,76734,0,0,0,0,0,H,10,Pericyte,43,31,3,3,3_5,SMC
H-1671,all,48,21,3115,1202,14,75151,0,0,0,0,0,H,26,Secondary crest myofibroblast,49,22,3,3,3_1,SMC
H-1672,all,9,9,2325,39,39,14691,0,0,0,0,0,H,3,Venous endothelial cell,22,10,3,3,3_3,AdventitialFib
H-1673,all,48,24,2889,250,11,39463,0,0,0,0,0,H,14,Sox9+/Id2+ epithelial cell,48,24,1,1,1_3,AT2
H-1674,all,35,24,3282,341,32,83269,0,0,0,0,0,H,5,Inflammatory monocyte,39,24,7,7,7_4,PatrolMac
H-1675,all,13,9,3641,167,11,51465,0,0,0,0,0,H,7,Arterial endothelial cell,32,11,2,2,2_4,Artery
H-1677,all,52,33,2317,464,12,59981,55,0,55,0,1,H,7,Pericyte,52,33,5,5,5_1,Pericyte
H-1678,all,21,13,3416,1378,36,35519,0,0,0,0,0,H,10,Alveolar type 2 cell,42,14,3,3,3_1,SMC
H-1679,all,36,25,2070,1636,16,76222,0,0,0,0,0,H,5,B cell,39,25,9,9,9,Bcell
H-1681,all,80,18,2226,1124,16,58603,0,0,0,0,0,H,65,Alveolar type 2 cell,52,18,1,1,1_3,AT2
H-1691,all,33,13,3762,1048,32,39631,0,0,0,0,0,H,2,Secretory cell,43,13,6,6,6,AT1
H-1696,all,60,37,3677,248,16,81709,0,0,0,0,0,H,9,Secondary crest myofibroblast,55,37,3,3,3_6,SCMF
H-1697,all,13,11,2658,1130,33,38579,0,0,0,0,0,H,3,Endothelial progenitor cell,33,11,2,2,2_1,Capillary
H-1698,all,76,29,2911,897,16,65771,0,0,0,0,0,H,14,AT1/AT2,53,29,6,6,6,AT1
H-1700,all,75,19,2507,1157,20,62965,0,0,0,0,0,H,54,Alveolar type 2 cell,55,19,7,7,7_2,PatrolMac
H-1703,all,35,22,2874,9,14,46459,0,0,0,0,0,H,14,Interstitial macrophage,39,22,8,8,8_3,InterstitialMac
H-1704,all,64,37,2782,185,21,84505,0,0,0,0,0,H,23,B cell,59,37,9,9,9,Bcell
H-1709,all,39,13,2409,1017,16,58349,0,0,0,0,0,H,8,Natural killer cell,42,13,7,7,7_3,Tcell (CD8)
H-1710,all,39,21,3332,315,9,46209,0,0,0,0,0,H,14,Arterial endothelial cell,45,22,3,3,3_1,SMC
H-1711,all,17,13,2365,1026,16,36690,0,0,0,0,0,H,7,Alveolar fibroblast 1,34,14,1,1,1_5_1,LymphaticEndo
H-1713,all,78,43,2514,1274,27,123931,0,0,0,0,0,H,27,Alveolar type 2 cell,59,44,3,3,3_1,SMC
H-1715,all,34,19,2245,21,26,94886,0,0,0,0,0,H,11,Vascular smooth muscle cell,41,19,3,3,3_6,SCMF
H-1718,all,24,11,2748,1160,38,31843,0,0,0,0,0,H,10,Alveolar fibroblast 1,43,11,1,1,1_3,AT2
H-1719,all,62,29,2182,470,33,79401,0,0,0,0,0,H,23,Innate lymphoid cell,53,29,6,6,6,AT1
H-1720,all,56,12,3388,146,12,46401,0,0,0,0,0,H,43,Alveolar type 2 cell,50,12,1,1,1_1,AT2
H-1721,all,33,19,2966,910,14,31019,53,0,53,0,1,H,5,B cell,42,19,9,9,9,Bcell
H-1722,all,13,12,2964,851,10,24369,0,0,0,0,0,H,2,Ciliated cell,25,13,1,1,1_6_2,Neutrophil
H-1724,all,55,30,2581,1869,14,88323,0,0,0,0,0,H,10,Alveolar fibroblast 1,55,30,1,1,1_5_1,LymphaticEndo
H-1725,all,107,36,3490,1634,18,124115,0,0,0,0,0,H,17,Alveolar type 1 cell,60,29,6,6,6,AT1
H-1726,all,16,11,2799,949,17,50580,0,0,0,0,0,H,3,Natural killer cell,34,12,1,1,1_6_2,Neutrophil
H-1728,all,26,17,1983,1549,19,40301,0,0,0,0,0,H,5,Inflammatory monocyte,45,17,4,4,4_1_1,ClubEpi
H-1729,all,66,19,3158,1469,26,74410,0,0,0,0,0,H,10,Alveolar fibroblast 1,54,19,6,6,6,AT1
H-1730,all,108,40,2095,216,16,120804,0,0,0,0,0,H,58,Capillary 1 cell,53,26,3,3,3_1,SMC
H-1731,all,8,4,2584,1941,22,16579,0,0,0,0,0,H,5,Sox9+/Id2+ epithelial cell,32,6,1,1,1_1,AT2
H-1732,all,11,8,2932,1736,38,10762,0,0,0,0,0,H,2,Inflammatory monocyte,26,8,6,6,6,AT1
H-1733,all,33,14,2892,286,11,38352,0,0,0,0,0,H,9,Alveolar type 1 cell,45,14,6,6,6,AT1
H-1734,all,131,32,2235,509,27,91178,0,0,0,0,0,H,96,Alveolar type 2 cell,46,12,1,1,1_1,AT2
H-1735,all,47,33,2000,281,26,63781,0,0,0,0,0,H,9,Venous endothelial cell,47,33,1,1,1_3,AT2
H-1736,all,9,7,3369,1905,34,22185,0,0,0,0,0,H,4,Pericyte,26,8,5,5,5_1,Pericyte
H-1739,all,6,5,2173,1130,31,23127,0,0,0,0,0,H,3,Capillary 1 cell,23,7,2,2,2_3,Vein
H-1743,all,17,11,2146,9,17,49469,0,0,0,0,0,H,4,Alveolar fibroblast 1,33,11,3,3,3_4,AdventitialFib
H-1745,all,119,21,3473,656,32,79243,0,0,0,0,0,H,12,Alveolar type 1 cell,48,9,6,6,6,AT1
H-1746,all,45,31,1966,1722,14,87026,0,0,0,0,0,H,9,Alveolar macrophage,45,31,6,6,6,AT1
H-1747,all,49,29,2778,828,22,84545,0,0,0,0,0,H,21,Alveolar type 2 cell,49,29,5,5,5_3,Pericyte
H-1749,all,61,34,2056,1170,22,89254,0,0,0,0,0,H,10,Capillary 1 cell,57,34,2,2,2_6,pDC
H-1751,all,71,14,2108,254,21,31710,0,0,0,0,0,H,60,Alveolar type 2 cell,53,14,1,1,1_1,AT2
H-1752,all,17,6,2607,1945,22,18407,0,0,0,0,0,H,12,Sox9+/Id2+ epithelial cell,41,6,1,1,1_1,AT2
H-1754,all,45,15,2741,1948,23,55935,0,0,0,0,0,H,31,Sox9+/Id2+ epithelial cell,47,15,1,1,1_3,AT2
H-1755,all,16,4,2073,1752,34,11744,0,0,0,0,0,H,11,Sox9+/Id2+ epithelial cell,42,4,1,1,1_1,AT2
H-1756,all,79,38,2694,1128,29,89294,0,0,0,0,0,H,25,Alveolar fibroblast 1,57,37,1,1,1_5_1,LymphaticEndo
H-1757,all,11,10,2489,478,14,12073,0,0,0,0,0,H,5,Alveolar fibroblast 1,24,11,3,3,3_1,SMC
H-1758,all,19,10,3377,269,4,15065,0,0,0,0,0,H,5,Alveolar macrophage,36,10,1,1,1_2_3,Tcell (CD4)
H-1759,all,12,8,2768,963,30,17088,0,0,0,0,0,H,2,Proliferative mesenchymal progenitor cell,33,8,2,2,2_6,pDC
H-1760,all,46,20,3495,829,24,67236,0,0,0,0,0,H,26,Alveolar type 2 cell,47,20,1,1,1_3,AT2
H-1761,all,14,10,3582,871,22,43219,0,0,0,0,0,H,2,CD4+ T cell,31,11,1,1,1_6_2,Neutrophil
H-1762,all,103,34,3437,1686,27,94159,0,0,0,0,0,H,19,Alveolar type 1 cell,56,26,6,6,6,AT1
H-1763,all,38,24,2085,1541,9,45921,0,0,0,0,0,H,4,CD4+ T cell,43,24,7,7,7_2,PatrolMac
H-1767,all,43,18,2843,990,25,76575,0,0,0,0,0,H,2,CD8+ T cell,46,19,2,2,2_2,InflamMac
H-1768,all,9,8,1835,635,21,31586,0,0,0,0,0,H,3,Capillary 1 cell,26,9,3,3,3_5,SMC
H-1771,all,24,15,2552,1674,21,62961,0,0,0,0,0,H,11,Alveolar fibroblast 1,36,15,1,1,1_3,AT2
H-1772,all,49,26,2591,1210,15,92494,0,0,0,0,0,H,9,B cell,49,26,9,9,9,Bcell
H-1773,all,110,49,2736,1846,18,126581,0,0,0,0,0,H,34,Venous endothelial cell,53,33,2,2,2_3,Vein
H-1776,all,57,31,2802,1801,35,89790,0,0,0,0,0,H,3,Capillary 2 cell,54,31,2,2,2_6,pDC
H-1778,all,40,25,2942,328,26,58688,0,0,0,0,0,H,4,Neutrophil,41,25,6,6,6,AT1
H-1779,all,26,15,3454,1775,11,55083,0,0,0,0,0,H,9,Capillary 1 cell,42,15,6,6,6,AT1
H-1787,all,43,24,3533,1021,24,86094,0,0,0,0,0,H,4,Alveolar type 1 cell,44,24,8,8,8_2,InterstitialMac
H-1788,all,38,25,2139,1751,21,86802,0,0,0,0,0,H,9,Capillary 1 cell,41,25,1,1,1_3,AT2
H-1791,all,20,15,3328,1875,28,33040,0,0,0,0,0,H,4,Sox9+/Id2+ epithelial cell,39,17,2,2,2_5,DC
H-1795,all,64,26,2943,877,16,61998,0,0,0,0,0,H,4,Alveolar type 1 cell,54,26,6,6,6,AT1
H-1800,all,16,10,3683,206,11,47743,0,0,0,0,0,H,6,Sox9+/Id2+ epithelial cell,38,11,2,2,2_2,InflamMac
H-1804,all,28,16,2628,312,23,38428,0,0,0,0,0,H,3,Natural killer cell,43,16,7,7,7_3,Tcell (CD8)
H-1805,all,13,10,2390,952,34,27103,0,0,0,0,0,H,5,Ciliated cell,31,10,2,2,2_6,pDC
H-1807,all,40,19,2446,976,28,37251,0,0,0,0,0,H,8,Sox9+/Id2+ epithelial cell,45,19,2,2,2_1,Capillary
H-1811,all,53,27,3442,1169,33,99657,0,0,0,0,0,H,4,Capillary 1 cell,51,27,2,2,2_1,Capillary
H-1813,all,24,17,2052,87,37,46125,0,0,0,0,0,H,5,Innate lymphoid cell,41,19,2,2,2_5,DC
H-1816,all,101,22,3026,1163,26,79518,0,0,0,0,0,H,83,Alveolar type 2 cell,52,16,1,1,1_1,AT2
H-1817,all,23,13,3547,1049,22,49423,0,0,0,0,0,H,2,Pericyte,42,14,3,3,3_5,SMC
H-1819,all,28,18,2494,1743,24,58138,0,0,0,0,0,H,4,Alveolar type 1 cell,40,18,6,6,6,AT1
H-1820,all,15,8,2536,1315,17,42813,0,0,0,0,0,H,2,B cell,33,8,9,9,9,Bcell
H-1825,all,55,27,2642,1596,29,45313,0,0,0,0,0,H,23,Alveolar type 2 cell,53,28,2,2,2_2,InflamMac
H-1829,all,41,25,2558,1639,18,54779,0,0,0,0,0,H,10,Venous endothelial cell,42,25,2,2,2_3,Vein
H-1839,all,75,37,2297,2313,17,101867,0,0,0,0,0,H,27,B cell,55,37,9,9,9,Bcell
H-1841,all,82,50,3363,2923,20,101675,0,0,0,0,0,H,20,Inflammatory monocyte,61,50,3,3,3_4,AdventitialFib
H-1842,all,90,42,3042,2491,26,83968,0,0,0,0,0,H,16,Secondary crest myofibroblast,59,41,3,3,3_6,SCMF
H-1843,all,73,31,1981,2169,35,67754,0,0,0,0,0,H,22,Inflammatory monocyte,53,31,8,8,8_1,AlveolarMac
H-1844,all,31,21,2677,2503,29,95088,0,0,0,0,0,H,3,CD4+ T cell,41,21,1,1,1_2_1,Tcell (CD4)
H-1845,all,48,31,2019,3087,36,56134,0,0,0,0,0,H,13,Alveolar type 1 cell,48,31,6,6,6,AT1
H-1846,all,44,26,3056,2087,24,89090,0,0,0,0,0,H,6,Pericyte,45,26,5,5,5_3,Pericyte
H-1847,all,109,50,3612,3787,27,74384,0,0,0,0,0,H,17,Endothelial progenitor cell,63,42,2,2,2_1,Capillary
H-1848,all,53,38,2471,2494,28,82822,0,0,0,0,0,H,14,T regulatory cell,53,38,7,7,7_2,PatrolMac
H-1850,all,49,27,2953,2071,30,82285,0,0,0,0,0,H,12,CD4+ T cell,49,27,3,3,3_4,AdventitialFib
H-1854,all,68,29,3431,2979,27,49332,0,0,0,0,0,H,14,Pericyte,56,29,5,5,5_3,Pericyte
H-1857,all,178,56,3654,2684,22,84957,0,0,0,0,0,H,35,Alveolar type 1 cell,52,29,6,6,6,AT1
H-1860,all,138,57,3421,3020,20,101045,138535,3094,136436,0.02217444,0.9778256,H,26,Pericyte,41,21,5,5,5_1,Pericyte
H-1861,all,76,20,2286,2056,12,63679,0,0,0,0,0,H,45,Neutrophil,55,20,1,1,1_1,AT2
H-1862,all,90,40,2515,3423,15,87965,0,0,0,0,0,H,17,Alveolar macrophage,62,40,8,8,8_1,AlveolarMac
H-1865,all,182,33,3455,3466,23,71462,408063,255596,190071,0.5735134,0.4264866,H,12,Alveolar macrophage,56,14,8,8,8_2,InterstitialMac
H-1866,all,27,17,2432,2324,20,43570,0,0,0,0,0,H,5,Alveolar type 1 cell,44,17,6,6,6,AT1
H-1867,all,67,26,3494,3554,29,35943,320,0,320,0,1,H,3,Secondary crest myofibroblast,58,26,3,3,3_2,SMC
H-1868,all,121,35,3459,3557,21,83752,10201,1482,8719,0.1452799,0.8547201,H,14,Inflammatory monocyte,49,20,3,3,3_2,SMC
H-1869,all,73,28,3531,3680,14,39110,0,0,0,0,0,H,9,Innate lymphoid cell,59,29,3,3,3_2,SMC
H-1871,all,16,14,2653,3532,24,30056,0,0,0,0,0,H,5,Vascular smooth muscle cell,33,14,3,3,3_2,SMC
H-1872,all,55,29,2698,2460,33,51980,0,0,0,0,0,H,12,Natural killer cell,54,29,7,7,7_2,PatrolMac
H-1874,all,51,29,3220,1991,25,83204,0,0,0,0,0,H,7,Capillary 1 cell,51,29,8,8,8_2,InterstitialMac
H-1876,all,144,49,3466,2831,29,78384,110,0,110,0,1,H,30,Alveolar type 1 cell,46,21,6,6,6,AT1
H-1877,all,38,25,2599,2343,34,75227,0,0,0,0,0,H,3,Proliferative mesenchymal progenitor cell,42,25,3,3,3_4,AdventitialFib
H-1878,all,78,37,3386,3056,11,41287,580,293,287,0.5051724,0.4948276,H,3,Alveolar fibroblast 1,58,38,1,1,1_6_2,Neutrophil
H-1879,all,19,12,3709,2302,9,17751,0,0,0,0,0,H,2,Venous endothelial cell,39,14,2,2,2_3,Vein
H-1880,all,149,52,3572,2280,33,94672,0,0,0,0,0,H,26,Alveolar type 1 cell,47,24,6,6,6,AT1
H-1881,all,18,12,2863,3249,21,34082,0,0,0,0,0,H,14,Secondary crest myofibroblast,38,13,3,3,3_1,SMC
H-1883,all,24,14,2181,2385,12,39031,0,0,0,0,0,H,2,Neutrophil,43,14,6,6,6,AT1
H-1884,all,58,28,2496,2541,16,77926,0,0,0,0,0,H,15,Alveolar fibroblast 1,54,28,1,1,1_5_4,pDC
H-1885,all,71,39,3326,2002,12,90259,0,0,0,0,0,H,21,Alveolar type 1 cell,58,38,1,1,1_5_1,LymphaticEndo
H-1887,all,75,32,2831,3260,12,54216,0,0,0,0,0,H,33,Inflammatory monocyte,55,32,2,2,2_6,pDC
H-1890,all,44,30,1995,2873,38,52539,0,0,0,0,0,H,10,Inflammatory monocyte,44,30,3,3,3_4,AdventitialFib
H-1891,all,53,35,2413,3149,17,82727,0,0,0,0,0,H,10,CD4+ T cell,53,35,7,7,7_2,PatrolMac
H-1892,all,117,38,3500,3626,24,80235,4459,0,4459,0,1,H,14,Airway smooth muscle cell,48,16,3,3,3_2,SMC
H-1893,all,58,36,2234,3559,19,66640,0,0,0,0,0,H,13,Alveolar type 1 cell,57,37,2,2,2_2,InflamMac
H-1894,all,62,40,2978,2774,23,87361,311,0,311,0,1,H,25,Inflammatory monocyte,56,40,7,7,7_2,PatrolMac
H-1895,all,39,19,2244,3445,25,55145,0,0,0,0,0,H,15,Pericyte,43,19,5,5,5_1,Pericyte
H-1896,all,32,21,2475,2367,27,58123,0,0,0,0,0,H,2,Innate lymphoid cell,40,23,2,2,2_5,DC
H-1899,all,40,25,2718,2552,15,78772,0,0,0,0,0,H,5,Alveolar fibroblast 1,42,25,1,1,1_3,AT2
H-1900,all,90,35,3433,3112,27,47237,140809,52,140757,0.000369295,0.9996307,H,9,Sox9+/Id2+ epithelial cell,59,34,6,6,6,AT1
H-1902,all,17,13,2880,3199,26,31312,0,0,0,0,0,H,5,Capillary 1 cell,35,13,2,2,2_3,Vein
H-1903,all,44,21,2748,3524,8,42551,0,0,0,0,0,H,9,Sox9+/Id2+ epithelial cell,44,20,2,2,2_1,Capillary
H-1904,all,72,34,3170,2071,11,65862,0,0,0,0,0,H,21,Inflammatory monocyte,51,34,1,1,1_5_2,AlveolarFib
H-1905,all,98,49,3434,3277,32,68670,0,0,0,0,0,H,11,Natural killer cell,63,46,2,2,2_6,pDC
H-1907,all,101,43,3631,2738,30,69008,0,0,0,0,0,H,7,Neutrophil,60,38,1,1,1_5_4,pDC
H-1908,all,130,45,3308,2662,15,91718,1017,0,1017,0,1,H,29,Alveolar macrophage,47,21,8,8,8_1,AlveolarMac
H-1909,all,56,24,2831,3016,21,87047,0,0,0,0,0,H,12,Alveolar type 1 cell,52,24,6,6,6,AT1
H-1910,all,34,24,2329,2426,30,61334,0,0,0,0,0,H,5,Pericyte,41,24,5,5,5_3,Pericyte
H-1916,all,25,16,3187,3554,37,40417,0,0,0,0,0,H,3,Capillary 2 cell,44,15,2,2,2_1,Capillary
H-1918,all,19,10,2650,1963,10,34285,0,0,0,0,0,H,7,B cell,42,10,9,9,9,Bcell
H-1920,all,28,19,2535,2478,33,48426,0,0,0,0,0,H,4,Natural killer cell,41,19,1,1,1_5_2,AlveolarFib
H-1921,all,98,42,2062,2428,24,94802,0,0,0,0,0,H,26,Alveolar macrophage,64,40,8,8,8_1,AlveolarMac
H-1923,all,58,34,3054,2564,22,76224,0,0,0,0,0,H,20,Alveolar fibroblast 1,55,34,2,2,2_4,Artery
H-1924,all,54,36,2452,1965,33,98817,0,0,0,0,0,H,13,Vascular smooth muscle cell,53,36,3,3,3_6,SCMF
H-1925,all,51,25,2929,2951,21,29652,0,0,0,0,0,H,9,Capillary 1 cell,53,26,1,1,1_4_1,AlveolarFib
H-1926,all,40,27,2456,3434,37,56190,0,0,0,0,0,H,11,Pericyte,41,27,3,3,3_4,AdventitialFib
H-1927,all,16,15,2349,2302,27,33497,0,0,0,0,0,H,4,CD8+ T cell,34,15,7,7,7_2,PatrolMac
H-1928,all,23,12,2639,3498,15,35374,0,0,0,0,0,H,8,Alveolar fibroblast 1,41,12,5,5,5_3,Pericyte
H-1930,all,82,40,3166,2475,14,88621,0,0,0,0,0,H,20,Secondary crest myofibroblast,62,40,3,3,3_6,SCMF
H-1932,all,103,56,3748,2534,16,67057,0,0,0,0,0,H,14,Sox9+/Id2+ epithelial cell,66,49,3,3,3_1,SMC
H-1934,all,87,39,2276,2252,19,90137,50,0,50,0,1,H,23,Capillary 1 cell,64,39,8,8,8_1,AlveolarMac
H-1935,all,38,27,2378,3037,7,41931,0,0,0,0,0,H,8,Capillary 1 cell,41,29,2,2,2_5,DC
H-1936,all,50,27,3463,2193,18,51022,0,0,0,0,0,H,17,Sox9+/Id2+ epithelial cell,50,27,1,1,1_3,AT2
H-1938,all,92,47,2268,3045,32,46886,0,0,0,0,0,H,22,Inflammatory monocyte,64,46,5,5,5_3,Pericyte
H-1940,all,25,18,2501,2392,38,39115,0,0,0,0,0,H,5,Sox9+/Id2+ epithelial cell,40,19,2,2,2_1,Capillary
H-1941,all,50,27,2114,2171,27,104699,0,0,0,0,0,H,10,AT1/AT2,51,28,2,2,2_2,InflamMac
H-1942,all,17,11,2294,2766,37,20015,0,0,0,0,0,H,6,Inflammatory monocyte,37,11,3,3,3_4,AdventitialFib
H-1943,all,35,23,3546,2304,38,29579,0,0,0,0,0,H,7,Neutrophil,41,23,1,1,1_5_1,LymphaticEndo
H-1944,all,166,54,3483,2952,36,73197,9149,0,9149,0,1,H,17,Inflammatory monocyte,49,20,8,8,8_1,AlveolarMac
H-1948,all,161,26,3344,3497,38,67611,458647,80138,378509,0.174727,0.825273,H,5,B cell,54,11,1,1,1_6_2,Neutrophil
H-1949,all,73,36,3381,3745,23,79989,702,0,702,0,1,H,10,B cell,56,36,9,9,9,Bcell
H-1951,all,31,22,2931,3672,24,50090,0,0,0,0,0,H,16,Venous endothelial cell,40,22,9,9,9,Bcell
H-1953,all,76,25,3633,3540,38,33273,0,0,0,0,0,H,13,Alveolar type 1 cell,53,25,6,6,6,AT1
H-1955,all,52,34,2572,3333,35,55395,0,0,0,0,0,H,3,Endothelial progenitor cell,52,34,2,2,2_3,Vein
H-1956,all,20,12,2627,3169,32,30624,0,0,0,0,0,H,9,Sox9+/Id2+ epithelial cell,33,12,3,3,3_4,AdventitialFib
H-1957,all,56,29,2233,2270,21,99220,0,0,0,0,0,H,10,Alveolar fibroblast 1,54,29,1,1,1_5_1,LymphaticEndo
H-1958,all,56,34,2177,2977,15,90867,0,0,0,0,0,H,13,Alveolar fibroblast 1,54,35,1,1,1_5_1,LymphaticEndo
H-1959,all,12,10,3344,2229,38,15498,0,0,0,0,0,H,4,Alveolar type 1 cell,33,11,3,3,3_1,SMC
H-1960,all,117,49,3413,2827,28,86054,0,0,0,0,0,H,15,Capillary 1 cell,46,30,3,3,3_6,SCMF
H-1961,all,113,51,2235,3027,24,114500,114,0,114,0,1,H,62,Pericyte,42,22,5,5,5_3,Pericyte
H-1963,all,34,17,3060,3790,20,38253,0,0,0,0,0,H,3,Alveolar fibroblast 1,40,18,1,1,1_4_1,AlveolarFib
H-1967,all,76,37,3078,1962,34,78857,0,0,0,0,0,H,9,Inflammatory monocyte,57,39,2,2,2_5,DC
H-1968,all,50,31,2322,3149,35,51967,0,0,0,0,0,H,6,Alveolar fibroblast 1,50,31,2,2,2_3,Vein
H-1969,all,62,29,2265,2944,14,73522,0,0,0,0,0,H,11,CD4+ T cell,55,29,7,7,7_2,PatrolMac
H-1971,all,28,23,2318,3216,26,46714,0,0,0,0,0,H,7,Sox9+/Id2+ epithelial cell,36,23,3,3,3_6,SCMF
H-1972,all,53,33,2448,3109,11,64715,0,0,0,0,0,H,7,Capillary 1 cell,52,33,9,9,9,Bcell
H-1973,all,18,17,2019,3343,37,25064,0,0,0,0,0,H,5,Alveolar fibroblast 1,37,18,3,3,3_1,SMC
H-1975,all,13,10,3613,3488,40,20300,0,0,0,0,0,H,5,B cell,26,10,9,9,9,Bcell
H-1976,all,41,26,3062,3634,34,62219,0,0,0,0,0,H,8,CD4+ T cell,43,27,1,1,1_4_1,AlveolarFib
H-1977,all,50,28,3389,3092,20,23351,0,0,0,0,0,H,11,Alveolar type 1 cell,50,28,8,8,8_1,AlveolarMac
H-1978,all,57,30,3180,2233,25,85226,0,0,0,0,0,H,13,Vascular smooth muscle cell,55,30,2,2,2_3,Vein
H-1979,all,136,36,2364,2393,28,85915,0,0,0,0,0,H,103,Alveolar type 2 cell,42,9,1,1,1_1,AT2
H-1980,all,17,12,3739,2874,28,27636,0,0,0,0,0,H,4,Alveolar type 1 cell,34,12,6,6,6,AT1
H-1981,all,31,19,2122,3354,19,66240,0,0,0,0,0,H,11,Inflammatory monocyte,41,21,2,2,2_5,DC
H-1982,all,33,15,3551,3474,39,26660,0,0,0,0,0,H,6,Pericyte,42,16,3,3,3_2,SMC
H-1984,all,93,28,2863,2015,25,100548,0,0,0,0,0,H,65,Pericyte,59,27,5,5,5_3,Pericyte
H-1986,all,37,23,2312,2574,38,25564,0,0,0,0,0,H,8,Alveolar fibroblast 1,42,23,3,3,3_4,AdventitialFib
H-1987,all,60,35,2972,3699,19,110748,0,0,0,0,0,H,16,B cell,57,35,8,8,8_1,AlveolarMac
H-1988,all,22,13,3700,2481,13,27146,0,0,0,0,0,H,5,Pericyte,39,13,5,5,5_3,Pericyte
H-1989,all,74,38,3168,2600,31,84128,0,0,0,0,0,H,9,Capillary 1 cell,57,38,2,2,2_3,Vein
H-1990,all,64,37,3196,3475,13,50220,0,0,0,0,0,H,7,Alveolar macrophage,58,37,7,7,7_2,PatrolMac
H-1991,all,58,29,3196,2804,24,94827,0,0,0,0,0,H,7,Alveolar fibroblast 1,54,29,2,2,2_1,Capillary
H-1993,all,86,41,2070,2349,24,105517,0,0,0,0,0,H,23,Pericyte,59,42,3,3,3_1,SMC
H-1995,all,77,45,2403,2635,15,101291,0,0,0,0,0,H,24,Venous endothelial cell,58,45,8,8,8_1,AlveolarMac
H-1996,all,176,53,2892,2084,28,112161,0,0,0,0,0,H,50,Sox9+/Id2+ epithelial cell,46,20,9,9,9,Bcell
H-1997,all,134,45,3411,3145,22,63513,0,0,0,0,0,H,11,Alveolar type 1 cell,40,14,1,1,1_4_1,AlveolarFib
H-1998,all,203,57,3189,2295,23,97072,0,0,0,0,0,H,136,Sox9+/Id2+ epithelial cell,49,20,1,1,1_1,AT2
H-2000,all,49,30,2585,2293,22,80238,0,0,0,0,0,H,13,Natural killer cell,49,30,7,7,7_2,PatrolMac
H-2001,all,97,53,2992,2537,21,110066,0,0,0,0,0,H,16,Alveolar fibroblast 1,68,54,3,3,3_1,SMC
H-2002,all,89,27,2938,3110,16,83761,0,0,0,0,0,H,10,Natural killer cell,60,27,7,7,7_2,PatrolMac
H-2003,all,76,44,2388,3449,31,94053,0,0,0,0,0,H,20,CD8+ T cell,57,44,5,5,5_3,Pericyte
H-2007,all,15,8,2262,2488,38,21895,0,0,0,0,0,H,2,Venous endothelial cell,31,8,2,2,2_3,Vein
H-2009,all,27,17,2198,3326,30,48087,0,0,0,0,0,H,5,Alveolar fibroblast 1,42,17,8,8,8_1,AlveolarMac
H-2010,all,32,22,2861,3109,19,36572,0,0,0,0,0,H,12,Inflammatory monocyte,40,22,6,6,6,AT1
H-2012,all,74,45,3422,2221,21,110810,0,0,0,0,0,H,20,Capillary 1 cell,57,45,5,5,5_3,Pericyte
H-2013,all,37,26,3695,3785,32,49742,0,0,0,0,0,H,8,Arterial endothelial cell,41,26,2,2,2_1,Capillary
H-2015,all,147,13,3109,3771,15,52677,111961,80633,54056,0.5986606,0.4013394,H,50,Alveolar type 2 cell,54,5,1,1,1_1,AT2
H-2016,all,77,38,2581,3156,19,82981,792,0,792,0,1,H,28,Pericyte,55,38,5,5,5_1,Pericyte
H-2018,all,23,20,2929,2216,40,33447,0,0,0,0,0,H,4,Capillary 1 cell,47,21,3,3,3_1,SMC
H-2019,all,216,57,3256,2756,22,115763,271310,131225,142575,0.4792732,0.5207268,H,83,Pericyte,52,20,5,5,5_1,Pericyte
H-2022,all,103,44,2978,3532,17,100594,0,0,0,0,0,H,8,Alveolar fibroblast 1,57,36,1,1,1_5_2,AlveolarFib
H-2023,all,34,27,2847,2967,31,38754,0,0,0,0,0,H,5,Ciliated cell,39,27,6,6,6,AT1
H-2024,all,13,12,2216,2214,33,70683,0,0,0,0,0,H,6,Sox9+/Id2+ epithelial cell,28,11,2,2,2_1,Capillary
H-2025,all,24,18,2451,2598,17,42461,0,0,0,0,0,H,5,Inflammatory monocyte,40,19,2,2,2_5,DC
H-2026,all,38,24,2827,3592,25,90331,0,0,0,0,0,H,6,Alveolar fibroblast 2,42,24,3,3,3_3,AdventitialFib
H-2027,all,91,35,2394,2353,27,99360,0,0,0,0,0,H,24,Sox9+/Id2+ epithelial cell,61,35,6,6,6,AT1
H-2029,all,81,33,3620,3433,12,48159,6141,459,5682,0.07474353,0.9252565,H,12,Alveolar macrophage,61,33,8,8,8_1,AlveolarMac
H-2030,all,44,29,2744,3096,22,86186,0,0,0,0,0,H,12,Endothelial progenitor cell,44,29,2,2,2_3,Vein
H-2031,all,38,17,2089,2978,5,23042,0,0,0,0,0,H,18,Alveolar macrophage,43,17,8,8,8_1,AlveolarMac
H-2032,all,141,43,2329,3391,28,106517,0,0,0,0,0,H,96,Alveolar type 2 cell,43,16,1,1,1_1,AT2
H-2034,all,226,73,2938,2894,11,103189,0,0,0,0,0,H,31,Alveolar type 1 cell,52,29,6,6,6,AT1
H-2035,all,29,18,3668,2522,15,38196,0,0,0,0,0,H,2,Sox9+/Id2+ epithelial cell,37,19,3,3,3_5,SMC
H-2036,all,77,25,3418,3391,23,57262,490876,215619,360963,0.3739607,0.6260393,H,5,B cell,58,25,3,3,3_4,AdventitialFib
H-2037,all,31,27,3026,2094,32,48334,0,0,0,0,0,H,7,Pericyte,37,27,5,5,5_3,Pericyte
H-2038,all,55,31,2360,3196,27,82469,0,0,0,0,0,H,21,Pericyte,55,31,5,5,5_1,Pericyte
H-2040,all,47,30,2282,2828,19,57271,0,0,0,0,0,H,10,Venous endothelial cell,47,30,5,5,5_3,Pericyte
H-2042,all,42,29,2753,2936,13,56250,0,0,0,0,0,H,13,Capillary 2 cell,42,29,2,2,2_3,Vein
H-2043,all,147,50,2314,3270,19,87729,0,0,0,0,0,H,31,Sox9+/Id2+ epithelial cell,49,25,6,6,6,AT1
H-2044,all,30,17,3690,2840,14,40588,0,0,0,0,0,H,12,Sox9+/Id2+ epithelial cell,39,17,1,1,1_2_1,Tcell (CD4)
H-2045,all,74,32,2977,3617,20,67460,0,0,0,0,0,H,19,Pericyte,55,32,5,5,5_3,Pericyte
H-2046,all,49,28,2215,3512,17,81413,0,0,0,0,0,H,18,B cell,50,29,2,2,2_2,InflamMac
H-2047,all,110,27,2673,2654,19,72328,0,0,0,0,0,H,78,Alveolar type 2 cell,53,20,1,1,1_3,AT2
H-2048,all,32,20,2840,3463,38,27409,0,0,0,0,0,H,7,Alveolar fibroblast 1,39,20,9,9,9,Bcell
H-2049,all,77,32,3561,3691,13,30841,0,0,0,0,0,H,12,Arterial endothelial cell,58,32,3,3,3_2,SMC
H-2051,all,171,28,3732,3362,38,58057,546,51,495,0.09340659,0.9065934,H,56,Ciliated cell,55,13,2,2,2_6,pDC
H-2053,all,127,32,2239,2982,27,84333,0,0,0,0,0,H,90,Alveolar type 2 cell,45,12,1,1,1_1,AT2
H-2054,all,46,22,1982,3334,36,43337,0,0,0,0,0,H,12,Venous endothelial cell,46,22,2,2,2_6,pDC
H-2055,all,33,22,3236,2092,33,42188,0,0,0,0,0,H,4,Inflammatory monocyte,41,24,2,2,2_5,DC
H-2058,all,62,31,3098,2865,35,65856,0,0,0,0,0,H,9,Endothelial progenitor cell,54,31,2,2,2_3,Vein
H-2059,all,26,17,2182,2069,28,78316,0,0,0,0,0,H,7,CD4+ T cell,43,17,1,1,1_3,AT2
H-2060,all,92,21,2153,3420,8,48266,0,0,0,0,0,H,81,Alveolar type 2 cell,54,19,1,1,1_1,AT2
H-2061,all,21,9,2597,2236,36,13493,0,0,0,0,0,H,14,Sox9+/Id2+ epithelial cell,45,9,2,2,2_1,Capillary
H-2065,all,30,12,3674,2883,6,27758,0,0,0,0,0,H,7,Alveolar type 1 cell,42,12,6,6,6,AT1
H-2067,all,58,33,3661,2494,25,55202,0,0,0,0,0,H,16,Pericyte,55,33,5,5,5_1,Pericyte
H-2070,all,46,30,3638,2450,24,59407,0,0,0,0,0,H,16,Ciliated cell,46,30,6,6,6,AT1
H-2071,all,32,23,3373,2212,34,48725,0,0,0,0,0,H,14,Venous endothelial cell,38,23,2,2,2_6,pDC
H-2072,all,62,33,2654,3140,24,71631,0,0,0,0,0,H,13,Natural killer cell,56,34,3,3,3_1,SMC
H-2073,all,33,22,2318,2826,8,27733,0,0,0,0,0,H,6,Alveolar fibroblast 2,40,23,3,3,3_5,SMC
H-2076,all,49,28,2685,2589,29,89594,0,0,0,0,0,H,15,CD4+ T cell,49,28,7,7,7_2,PatrolMac
H-2077,all,30,24,2159,3338,24,73419,0,0,0,0,0,H,8,Inflammatory monocyte,36,24,2,2,2_3,Vein
H-2078,all,27,21,3554,3540,25,39169,0,0,0,0,0,H,8,Secretory cell,37,21,3,3,3_4,AdventitialFib
H-2079,all,45,25,3748,3023,20,60733,0,0,0,0,0,H,2,Venous endothelial cell,45,25,2,2,2_3,Vein
H-2080,all,40,28,3354,3550,35,44251,52,0,52,0,1,H,6,B cell,40,28,9,9,9,Bcell
H-2081,all,39,26,3626,2363,25,83039,0,0,0,0,0,H,6,CD4+ T cell,47,27,1,1,1_4_1,AlveolarFib
H-2082,all,333,67,3462,3054,34,94999,1114406,420463,692948,0.377635,0.622365,H,43,Arterial endothelial cell,54,18,1,1,1_3,AT2
H-2083,all,52,30,2201,3087,18,69097,0,0,0,0,0,H,8,Inflammatory monocyte,52,30,2,2,2_6,pDC
H-2084,all,64,31,2995,2080,28,76739,0,0,0,0,0,H,20,Proliferative mesenchymal progenitor cell,56,31,2,2,2_6,pDC
H-2085,all,44,26,2393,2306,31,64721,0,0,0,0,0,H,5,Alveolar fibroblast 1,45,27,3,3,3_5,SMC
H-2086,all,91,48,3491,3489,26,71555,9031,175,8856,0.0193777,0.9806223,H,12,Alveolar fibroblast 1,64,46,3,3,3_4,AdventitialFib
H-2087,all,22,17,2171,3060,16,37464,0,0,0,0,0,H,4,Capillary 1 cell,41,17,2,2,2_3,Vein
H-2089,all,43,21,2576,1993,28,78477,0,0,0,0,0,H,20,Sox9+/Id2+ epithelial cell,45,21,2,2,2_3,Vein
H-2091,all,62,30,3114,2936,26,77440,0,0,0,0,0,H,6,Neutrophil,55,30,2,2,2_6,pDC
H-2092,all,44,18,3291,3804,20,50611,0,0,0,0,0,H,6,Capillary 1 cell,45,18,2,2,2_3,Vein
H-2094,all,38,26,2513,2308,34,40050,0,0,0,0,0,H,10,CD4+ T cell,41,26,7,7,7_2,PatrolMac
H-2095,all,88,25,3502,2164,36,54909,0,0,0,0,0,H,55,Alveolar type 2 cell,57,24,1,1,1_1,AT2
H-2096,all,53,15,2034,2230,36,39878,0,0,0,0,0,H,43,Alveolar type 2 cell,50,15,1,1,1_1,AT2
H-2097,all,39,22,3416,3080,39,20993,73922,0,73922,0,1,H,12,Ciliated cell,41,21,2,2,2_1,Capillary
H-2099,all,169,28,2323,2537,27,81953,0,0,0,0,0,H,134,Alveolar type 2 cell,48,10,1,1,1_3,AT2
H-2100,all,36,14,1945,3059,14,45131,0,0,0,0,0,H,17,Sox9+/Id2+ epithelial cell,42,14,1,1,1_1,AT2
H-2102,all,23,11,3615,3684,18,25794,0,0,0,0,0,H,3,Pericyte,41,11,5,5,5_3,Pericyte
H-2105,all,58,36,2998,3755,24,70210,0,0,0,0,0,H,6,Alveolar type 1 cell,56,36,6,6,6,AT1
H-2106,all,28,19,3601,3576,28,32040,0,0,0,0,0,H,8,Innate lymphoid cell,40,19,7,7,7_2,PatrolMac
H-2108,all,114,35,3011,1975,34,97263,0,0,0,0,0,H,27,Alveolar type 1 cell,50,20,6,6,6,AT1
H-2109,all,8,8,2570,2235,40,16541,0,0,0,0,0,H,2,Neutrophil,27,10,2,2,2_2,InflamMac
H-2111,all,74,16,2644,2236,30,45904,0,0,0,0,0,H,58,Alveolar type 2 cell,52,16,1,1,1_1,AT2
H-2112,all,30,21,2550,2625,29,66540,0,0,0,0,0,H,4,CD8+ T cell,37,21,7,7,7_2,PatrolMac
H-2114,all,123,32,2590,3093,10,53564,78417,71648,9282,0.8853083,0.1146917,H,59,Alveolar type 2 cell,44,8,1,1,1_1,AT2
H-2115,all,46,23,3118,3583,38,52776,0,0,0,0,0,H,9,Sox9+/Id2+ epithelial cell,47,24,3,3,3_1,SMC
H-2116,all,190,41,3230,2716,31,68779,666413,459760,207487,0.6890402,0.3109598,H,58,Alveolar type 2 cell,55,18,1,1,1_3,AT2
H-2117,all,259,45,3681,2961,19,126342,70620,38667,32005,0.5471332,0.4528668,H,79,Inflammatory monocyte,52,13,1,1,1_3,AT2
H-2118,all,47,19,2904,3035,14,27595,10863,0,10863,0,1,H,8,Proliferative mesenchymal progenitor cell,47,19,3,3,3_6,SCMF
H-2119,all,46,29,2890,3114,24,51066,0,0,0,0,0,H,10,Inflammatory monocyte,48,30,1,1,1_4_1,AlveolarFib
H-2120,all,48,24,3594,3645,14,53834,0,0,0,0,0,H,3,Endothelial progenitor cell,48,24,2,2,2_6,pDC
H-2121,all,23,21,2583,2665,24,50175,0,0,0,0,0,H,5,Capillary 1 cell,41,21,2,2,2_3,Vein
H-2124,all,130,56,3178,2684,36,88894,45277,0,41953,0,1,H,29,Interstitial macrophage,44,26,8,8,8_3,InterstitialMac
H-2126,all,69,16,3094,2519,29,52046,0,0,0,0,0,H,50,Alveolar type 2 cell,54,16,1,1,1_1,AT2
H-2129,all,53,25,3154,2167,28,50437,0,0,0,0,0,H,8,Alveolar type 1 cell,52,25,6,6,6,AT1
H-2130,all,16,11,2350,2480,33,27048,0,0,0,0,0,H,9,Pericyte,32,11,5,5,5_3,Pericyte
H-2133,all,74,35,2904,2391,26,83787,0,0,0,0,0,H,15,Capillary 1 cell,51,34,2,2,2_1,Capillary
H-2134,all,20,12,2640,3090,10,27988,0,0,0,0,0,H,3,Alveolar type 1 cell,38,12,6,6,6,AT1
H-2136,all,7,3,2140,2025,4,12472,0,0,0,0,0,H,5,Alveolar fibroblast 1,23,5,1,1,1_4_3,AlveolarFib
H-2137,all,74,42,2368,3342,18,103057,0,0,0,0,0,H,10,Venous endothelial cell,57,42,3,3,3_4,AdventitialFib
H-2138,all,21,15,2114,1987,38,40963,0,0,0,0,0,H,10,Alveolar fibroblast 1,40,16,3,3,3_1,SMC
H-2139,all,36,20,2544,2292,26,74182,0,0,0,0,0,H,7,Capillary 1 cell,41,20,2,2,2_6,pDC
H-2140,all,43,23,3660,3742,35,31664,0,0,0,0,0,H,4,Alveolar type 1 cell,47,24,3,3,3_1,SMC
H-2142,all,114,50,2784,3056,20,106896,0,0,0,0,0,H,10,Alveolar macrophage,45,27,1,1,1_5_1,LymphaticEndo
H-2145,all,21,10,3054,3707,11,46364,0,0,0,0,0,H,7,Interstitial macrophage,39,10,3,3,3_4,AdventitialFib
H-2147,all,28,13,2621,3553,19,58412,0,0,0,0,0,H,14,Proliferative mesenchymal progenitor cell,37,14,3,3,3_1,SMC
H-2150,all,13,9,2194,2423,19,39923,0,0,0,0,0,H,3,Alveolar fibroblast 1,33,10,1,1,1_4_1,AlveolarFib
H-2153,all,30,22,2902,3089,23,43847,0,0,0,0,0,H,5,Alveolar type 1 cell,38,22,6,6,6,AT1
H-2154,all,28,16,2123,2531,31,50999,0,0,0,0,0,H,9,Alveolar type 1 cell,36,17,1,1,1_4_3,AlveolarFib
H-2155,all,45,26,2707,2826,36,31275,0,0,0,0,0,H,9,Inflammatory monocyte,49,27,3,3,3_2,SMC
H-2156,all,15,9,2200,3561,22,26427,0,0,0,0,0,H,8,Alveolar fibroblast 1,25,9,1,1,1_5_1,LymphaticEndo
H-2157,all,21,21,3614,2775,37,19863,0,0,0,0,0,H,4,Alveolar fibroblast 1,46,22,3,3,3_1,SMC
H-2159,all,71,21,3093,2549,27,44214,0,0,0,0,0,H,52,Alveolar type 2 cell,51,21,1,1,1_1,AT2
H-2161,all,58,37,2694,2861,28,59279,0,0,0,0,0,H,13,Arterial endothelial cell,55,38,2,2,2_4,Artery
H-2162,all,113,49,2611,2709,19,75175,0,0,0,0,0,H,26,Sox9+/Id2+ epithelial cell,47,30,1,1,1_3,AT2
H-2166,all,23,8,3769,3317,28,41340,0,0,0,0,0,H,2,Mast cell,40,8,7,7,7_2,PatrolMac
H-2169,all,48,29,3526,3494,31,37275,1368,0,1368,0,1,H,9,Interstitial macrophage,48,29,8,8,8_3,InterstitialMac
H-2170,all,29,19,2239,3483,25,50889,0,0,0,0,0,H,11,Alveolar fibroblast 1,37,19,1,1,1_4_3,AlveolarFib
H-2171,all,221,52,3396,3435,21,128558,1262935,305018,864142,0.2608864,0.7391136,H,20,Venous endothelial cell,57,22,2,2,2_3,Vein
H-2174,all,78,50,2566,2701,22,77276,0,0,0,0,0,H,14,Inflammatory monocyte,61,50,2,2,2_3,Vein
H-2176,all,53,33,2622,2002,25,98171,0,0,0,0,0,H,16,Alveolar fibroblast 1,52,33,1,1,1_5_2,AlveolarFib
H-2177,all,45,28,2879,3055,27,66015,0,0,0,0,0,H,11,B cell,45,28,6,6,6,AT1
H-2178,all,190,32,2933,3589,14,118550,883,775,108,0.8776897,0.1223103,H,88,Alveolar macrophage,51,9,1,1,1_1,AT2
H-2182,all,75,34,3037,3756,25,69334,1151,0,1151,0,1,H,14,CD4+ T cell,60,34,7,7,7_2,PatrolMac
H-2183,all,29,11,3068,3759,22,28933,0,0,0,0,0,H,15,Alveolar type 2 cell,41,11,1,1,1_3,AT2
H-2184,all,163,66,2883,2995,19,137272,0,0,0,0,0,H,34,B cell,46,30,9,9,9,Bcell
H-2186,all,170,44,3412,3561,25,115755,67558,1392,52492,0.02583327,0.9741667,H,17,Alveolar macrophage,55,22,5,5,5_3,Pericyte
H-2188,all,58,13,2614,2212,30,39201,0,0,0,0,0,H,47,Alveolar type 2 cell,51,13,1,1,1_1,AT2
H-2193,all,28,20,2885,3233,28,39708,0,0,0,0,0,H,8,Secondary crest myofibroblast,37,21,3,3,3_1,SMC
H-2195,all,69,30,3129,2141,31,44917,0,0,0,0,0,H,10,Alveolar type 1 cell,53,30,6,6,6,AT1
H-2205,all,36,19,2478,2582,15,54548,0,0,0,0,0,H,11,Neutrophil,42,19,1,1,1_5_4,pDC
H-2207,all,76,42,3557,3602,35,64322,0,0,0,0,0,H,18,Sox9+/Id2+ epithelial cell,61,43,3,3,3_2,SMC
H-2211,all,13,10,2301,2801,35,15766,0,0,0,0,0,H,2,Natural killer cell,35,10,7,7,7_2,PatrolMac
H-2212,all,22,13,3774,3015,31,32115,0,0,0,0,0,H,3,Alveolar macrophage,40,13,7,7,7_3,Tcell (CD8)
H-2213,all,81,14,3085,3746,19,45349,45351,21078,1545,0.9317067,0.06829333,H,32,Sox9+/Id2+ epithelial cell,56,14,2,2,2_6,pDC
H-2214,all,15,11,3753,2908,20,33747,0,0,0,0,0,H,2,Sox9+/Id2+ epithelial cell,35,12,2,2,2_1,Capillary
H-2218,all,67,29,3726,2983,17,58534,52,0,0,0,0,H,10,Alveolar fibroblast 1,55,29,5,5,5_3,Pericyte
H-2219,all,23,13,2600,3497,33,26951,0,0,0,0,0,H,4,Secondary crest myofibroblast,41,13,3,3,3_6,SCMF
H-2220,all,89,45,3727,2931,20,95136,0,0,0,0,0,H,8,Capillary 1 cell,63,43,2,2,2_1,Capillary
H-2221,all,46,26,2281,3243,26,55479,0,0,0,0,0,H,12,Alveolar fibroblast 1,45,26,2,2,2_3,Vein
H-2223,all,41,23,2272,2085,26,46535,0,0,0,0,0,H,19,Sox9+/Id2+ epithelial cell,44,23,2,2,2_1,Capillary
H-2225,all,28,16,2355,2546,39,14537,0,0,0,0,0,H,10,Sox9+/Id2+ epithelial cell,43,16,1,1,1_1,AT2
H-2226,all,80,17,2556,3113,11,30793,61161,47311,11337,0.8066942,0.1933058,H,44,Alveolar type 2 cell,55,17,1,1,1_1,AT2
H-2228,all,53,31,2674,3105,16,58577,0,0,0,0,0,H,9,Alveolar type 1 cell,55,32,3,3,3_1,SMC
H-2229,all,49,29,2138,2562,32,52093,0,0,0,0,0,H,14,Arterial endothelial cell,49,29,7,7,7_3,Tcell (CD8)
H-2230,all,80,34,3503,3657,13,44155,0,0,0,0,0,H,13,Vascular smooth muscle cell,61,35,2,2,2_4,Artery
H-2231,all,13,8,2483,1983,31,13032,0,0,0,0,0,H,2,Pericyte,29,8,5,5,5_1,Pericyte
H-2233,all,143,55,3413,3723,24,125529,3108,0,3108,0,1,H,18,Arterial endothelial cell,48,26,1,1,1_3,AT2
H-2234,all,58,20,3443,3496,33,28220,31374,8266,22986,0.2644951,0.7355049,H,2,CD4+ T cell,52,20,1,1,1_2_1,Tcell (CD4)
H-2236,all,45,26,2625,3451,17,59179,0,0,0,0,0,H,20,Alveolar fibroblast 1,45,26,5,5,5_3,Pericyte
H-2238,all,50,26,3465,3525,36,27165,2091,0,2091,0,1,H,2,Capillary 2 cell,50,26,2,2,2_6,pDC
H-2241,all,19,14,2163,2582,41,29730,0,0,0,0,0,H,3,Endothelial progenitor cell,38,13,2,2,2_1,Capillary
H-2242,all,16,10,2729,3552,13,45788,0,0,0,0,0,H,2,Innate lymphoid cell,32,11,1,1,1_6_2,Neutrophil
H-2246,all,46,24,2019,1993,27,78617,0,0,0,0,0,H,12,Pericyte,46,24,5,5,5_3,Pericyte
H-2247,all,17,15,2011,2798,38,14653,0,0,0,0,0,H,6,Alveolar fibroblast 1,32,14,2,2,2_1,Capillary
H-2248,all,40,21,2354,2447,29,34560,0,0,0,0,0,H,22,Pericyte,43,21,5,5,5_1,Pericyte
H-2253,all,53,18,2697,2634,18,50771,0,0,0,0,0,H,24,Inflammatory monocyte,52,19,2,2,2_2,InflamMac
H-2257,all,9,6,2941,2843,5,8037,0,0,0,0,0,H,2,Alveolar fibroblast 1,26,7,1,1,1_5_2,AlveolarFib
H-2266,all,9,9,3136,2579,41,7452,0,0,0,0,0,H,2,Capillary 1 cell,32,10,2,2,2_6,pDC
H-2267,all,27,17,3192,2090,23,50449,0,0,0,0,0,H,9,Alveolar fibroblast 1,41,18,3,3,3_5,SMC
H-2268,all,22,15,3594,3543,27,36924,0,0,0,0,0,H,8,Alveolar macrophage,40,15,7,7,7_2,PatrolMac
H-2271,all,75,42,2215,4700,29,69727,0,0,0,0,0,H,16,Alveolar fibroblast 1,54,41,1,1,1_5_1,LymphaticEndo
H-2272,all,276,50,3466,4499,26,83637,189652,180502,9150,0.9517537,0.04824626,H,21,Inflammatory monocyte,57,20,8,8,8_1,AlveolarMac
H-2273,all,58,31,2775,4947,36,58173,0,0,0,0,0,H,15,Endothelial progenitor cell,55,31,1,1,1_2_1,Tcell (CD4)
H-2275,all,8,7,2797,4739,29,41249,0,0,0,0,0,H,3,Proliferative mesenchymal progenitor cell,28,8,3,3,3_1,SMC
H-2276,all,75,30,2021,5308,29,72676,0,0,0,0,0,H,30,Pericyte,54,30,5,5,5_1,Pericyte
H-2277,all,135,52,3468,4347,10,68815,57,0,57,0,1,H,26,Pericyte,50,29,5,5,5_3,Pericyte
H-2278,all,74,24,3450,5055,14,57655,45986,8590,37396,0.186796,0.813204,H,17,T regulatory cell,55,25,1,1,1_3,AT2
H-2280,all,9,6,2767,4774,26,45483,0,0,0,0,0,H,5,Arterial endothelial cell,27,6,2,2,2_4,Artery
H-2281,all,160,59,3752,4807,27,100958,10699,280,10419,0.02617067,0.9738293,H,23,Natural killer cell,49,25,5,5,5_3,Pericyte
H-2282,all,43,23,3544,4019,33,57172,0,0,0,0,0,H,5,Vascular smooth muscle cell,45,24,3,3,3_2,SMC
H-2284,all,66,21,3072,5050,8,28118,0,0,0,0,0,H,41,Alveolar type 2 cell,55,21,1,1,1_1,AT2
H-2285,all,107,45,3207,4527,24,106323,0,0,0,0,0,H,26,Endothelial progenitor cell,59,38,2,2,2_1,Capillary
H-2286,all,75,38,3294,5010,19,70437,0,0,0,0,0,H,14,Alveolar type 1 cell,53,38,2,2,2_3,Vein
H-2288,all,60,34,3529,4129,37,47040,0,0,0,0,0,H,21,Arterial endothelial cell,57,35,2,2,2_1,Capillary
H-2289,all,108,56,1957,5197,24,74723,0,0,0,0,0,H,18,Sox9+/Id2+ epithelial cell,51,37,1,1,1_6_2,Neutrophil
H-2290,all,34,20,3095,3872,22,29867,0,0,0,0,0,H,5,Alveolar type 1 cell,43,20,2,2,2_1,Capillary
H-2292,all,58,35,3249,4791,39,37332,104,0,104,0,1,H,8,Capillary 1 cell,57,36,2,2,2_1,Capillary
H-2296,all,85,45,3235,5438,24,74147,0,0,0,0,0,H,15,Innate lymphoid cell,60,44,1,1,1_5_1,LymphaticEndo
H-2297,all,44,21,2304,5311,14,52562,0,0,0,0,0,H,18,Capillary 1 cell,43,20,2,2,2_1,Capillary
H-2298,all,70,41,3263,3922,31,56084,0,364,0,1,0,H,9,B cell,59,43,2,2,2_5,DC
H-2299,all,29,21,2310,4669,11,49778,0,0,0,0,0,H,5,Secondary crest myofibroblast,37,21,3,3,3_6,SCMF
H-2300,all,48,19,3028,5225,34,41129,0,0,0,0,0,H,18,CD4+ T cell,48,19,7,7,7_2,PatrolMac
H-2301,all,156,62,3372,3987,24,75273,633,105,633,0.1422764,0.8577236,H,26,Vascular smooth muscle cell,47,27,2,2,2_4,Artery
H-2303,all,59,30,2305,4725,28,62425,0,0,0,0,0,H,25,Alveolar fibroblast 1,55,31,1,1,1_5_1,LymphaticEndo
H-2304,all,76,37,2928,5004,26,68397,0,0,0,0,0,H,27,Pericyte,54,37,5,5,5_1,Pericyte
H-2306,all,16,14,1978,4440,35,27795,0,0,0,0,0,H,2,Alveolar fibroblast 1,31,14,1,1,1_5_2,AlveolarFib
H-2307,all,17,12,2740,4743,17,44543,0,0,0,0,0,H,2,Capillary 1 cell,40,13,2,2,2_1,Capillary
H-2308,all,64,36,2381,4987,9,42106,0,0,0,0,0,H,21,CD4+ T cell,54,36,5,5,5_1,Pericyte
H-2309,all,12,10,2927,5296,12,16230,0,0,0,0,0,H,2,Endothelial progenitor cell,29,10,2,2,2_1,Capillary
H-2310,all,23,15,3731,3838,24,32561,0,0,0,0,0,H,13,Pericyte,39,15,5,5,5_1,Pericyte
H-2312,all,162,55,3324,4950,33,75521,0,0,0,0,0,H,23,Alveolar macrophage,54,28,8,8,8_1,AlveolarMac
H-2313,all,24,16,2097,5599,15,31250,0,0,0,0,0,H,6,Sox9+/Id2+ epithelial cell,43,16,1,1,1_3,AT2
H-2314,all,170,59,3552,4739,32,82100,5310,0,5310,0,1,H,24,Alveolar macrophage,52,26,8,8,8_1,AlveolarMac
H-2316,all,166,56,3382,4767,32,76239,299301,177166,124472,0.5873464,0.4126536,H,61,Inflammatory monocyte,48,23,2,2,2_1,Capillary
H-2318,all,28,6,2017,4756,41,21416,0,0,0,0,0,H,23,Sox9+/Id2+ epithelial cell,46,6,2,2,2_1,Capillary
H-2319,all,85,45,3362,5400,22,65266,0,0,0,0,0,H,18,CD4+ T cell,60,46,1,1,1_4_1,AlveolarFib
H-2320,all,49,29,2200,4635,35,67200,0,0,0,0,0,H,5,Interstitial macrophage,49,29,5,5,5_3,Pericyte
H-2321,all,104,41,3606,4211,12,44511,2272,2854,2272,0.5567694,0.4432306,H,7,Alveolar fibroblast 1,61,36,2,2,2_5,DC
H-2323,all,97,46,3301,4523,22,99997,0,0,0,0,0,H,21,Arterial endothelial cell,64,45,7,7,7_2,PatrolMac
H-2325,all,67,39,1990,4973,17,83095,0,0,0,0,0,H,21,Alveolar fibroblast 1,59,39,1,1,1_5_1,LymphaticEndo
H-2326,all,61,36,2014,4697,29,68424,0,0,0,0,0,H,11,Capillary 1 cell,55,36,5,5,5_3,Pericyte
H-2327,all,52,31,3207,5474,33,76188,0,0,0,0,0,H,20,B cell,52,31,9,9,9,Bcell
H-2328,all,99,51,3505,4517,21,88198,535,0,535,0,1,H,25,Endothelial progenitor cell,64,50,2,2,2_1,Capillary
H-2330,all,166,51,3279,4948,18,108390,0,0,0,0,0,H,31,Sox9+/Id2+ epithelial cell,50,27,6,6,6,AT1
H-2331,all,152,76,2469,5389,34,108348,0,0,0,0,0,H,40,Inflammatory monocyte,46,34,2,2,2_5,DC
H-2332,all,123,50,3090,4516,30,73309,14299,2796,12151,0.1870609,0.8129391,H,28,Arterial endothelial cell,44,24,2,2,2_1,Capillary
H-2333,all,26,17,3150,3901,13,50528,51,0,51,0,1,H,7,Sox9+/Id2+ epithelial cell,45,17,2,2,2_6,pDC
H-2334,all,35,21,2475,4924,10,28564,0,0,0,0,0,H,7,Inflammatory monocyte,42,23,2,2,2_5,DC
H-2337,all,8,6,2289,5290,7,20096,0,0,0,0,0,H,2,Natural killer cell,25,8,2,2,2_2,InflamMac
H-2339,all,30,17,3621,4740,6,20789,0,0,0,0,0,H,4,Inflammatory monocyte,41,19,2,2,2_5,DC
H-2342,all,24,17,3596,3852,15,27954,0,0,0,0,0,H,3,Inflammatory monocyte,43,18,3,3,3_2,SMC
H-2343,all,158,31,3362,4035,20,73527,82851,80482,3086,0.963072,0.03692801,H,3,CD4+ T cell,53,10,1,1,1_6_2,Neutrophil
H-2346,all,55,29,2561,4893,19,45253,0,0,0,0,0,H,14,B cell,54,30,2,2,2_2,InflamMac
H-2348,all,37,21,2081,5368,37,42040,0,0,0,0,0,H,13,Sox9+/Id2+ epithelial cell,43,21,3,3,3_4,AdventitialFib
H-2349,all,89,36,3698,5452,22,82683,0,0,0,0,0,H,28,B cell,60,36,1,1,1_5_2,AlveolarFib
H-2350,all,56,33,2978,4907,28,90113,0,0,0,0,0,H,21,B cell,54,33,9,9,9,Bcell
H-2351,all,38,23,3148,5570,23,45297,0,0,0,0,0,H,6,Capillary 2 cell,42,25,2,2,2_5,DC
H-2354,all,64,35,2060,5659,31,63251,0,0,0,0,0,H,11,Capillary 1 cell,57,35,3,3,3_4,AdventitialFib
H-2356,all,110,60,2946,5363,30,78046,0,0,0,0,0,H,25,Alveolar fibroblast 1,50,37,2,2,2_4,Artery
H-2359,all,92,28,2229,5355,24,38656,0,0,0,0,0,H,61,Alveolar type 2 cell,59,27,1,1,1_1,AT2
H-2361,all,25,18,2354,5045,7,25142,0,0,0,0,0,H,13,Pericyte,43,18,5,5,5_3,Pericyte
H-2362,all,471,69,3589,4257,18,116162,2828236,1150499,1636531,0.4128047,0.5871953,H,114,B cell,53,12,2,2,2_6,pDC
H-2364,all,75,18,2816,5300,19,45931,0,0,0,0,0,H,57,Alveolar type 2 cell,51,19,2,2,2_2,InflamMac
H-2365,all,49,25,3187,3833,11,75965,651,0,651,0,1,H,19,Pericyte,49,25,5,5,5_1,Pericyte
H-2368,all,83,37,3411,4986,32,92738,105,0,105,0,1,H,14,Venous endothelial cell,57,36,2,2,2_1,Capillary
H-2370,all,93,42,3037,5099,28,86359,0,0,0,0,0,H,37,Innate lymphoid cell,62,42,9,9,9,Bcell
H-2371,all,24,14,2901,5114,35,26350,0,0,0,0,0,H,2,Natural killer cell,43,15,2,2,2_2,InflamMac
H-2372,all,17,13,2293,5257,7,16588,0,0,0,0,0,H,2,Endothelial progenitor cell,35,14,2,2,2_1,Capillary
H-2373,all,83,39,3465,4705,36,44978,0,0,0,0,0,H,17,Venous endothelial cell,61,39,3,3,3_4,AdventitialFib
H-2374,all,81,27,3352,3816,13,42827,0,0,0,0,0,H,5,Alveolar fibroblast 1,57,28,1,1,1_5_1,LymphaticEndo
H-2375,all,16,12,2818,5243,16,23989,0,0,0,0,0,H,7,B cell,36,12,9,9,9,Bcell
H-2376,all,21,14,3081,5605,33,26126,0,0,0,0,0,H,5,Alveolar type 1 cell,40,14,6,6,6,AT1
H-2377,all,439,70,3234,4693,22,139823,264132,105362,161906,0.3942185,0.6057815,H,162,Alveolar type 2 cell,53,15,1,1,1_3,AT2
H-2379,all,105,43,3334,4071,28,70489,1233,0,516,0,1,H,31,Arterial endothelial cell,60,38,2,2,2_3,Vein
H-2380,all,26,13,3646,5349,7,42642,0,0,0,0,0,H,8,Alveolar fibroblast 1,43,14,1,1,1_4_3,AlveolarFib
H-2383,all,12,10,1953,4424,36,16890,0,0,0,0,0,H,2,Innate lymphoid cell,28,11,1,1,1_4_1,AlveolarFib
H-2385,all,75,37,2912,5328,19,59793,0,0,0,0,0,H,22,Alveolar fibroblast 1,59,37,9,9,9,Bcell
H-2387,all,26,16,3269,4419,7,22687,0,0,0,0,0,H,7,Alveolar type 1 cell,44,16,6,6,6,AT1
H-2390,all,94,49,3377,4077,31,61615,6503,0,6503,0,1,H,25,Capillary 2 cell,67,48,2,2,2_1,Capillary
H-2391,all,28,19,2260,5253,7,32618,0,0,0,0,0,H,4,CD8+ T cell,38,20,2,2,2_2,InflamMac
H-2392,all,14,10,2878,4812,37,29917,0,0,0,0,0,H,2,Neutrophil,35,11,2,2,2_2,InflamMac
H-2394,all,97,50,3638,5426,24,101875,0,0,0,0,0,H,22,Venous endothelial cell,65,49,3,3,3_4,AdventitialFib
H-2398,all,36,24,3123,5492,37,63847,0,0,0,0,0,H,10,B cell,42,24,9,9,9,Bcell
H-2399,all,89,38,3550,4056,30,67743,112,112,0,1,0,H,9,Vascular smooth muscle cell,59,36,3,3,3_2,SMC
H-2400,all,50,28,3436,4696,37,28781,0,0,0,0,0,H,14,Pericyte,50,28,5,5,5_3,Pericyte
H-2401,all,46,27,3547,5053,37,41741,0,0,0,0,0,H,9,Inflammatory monocyte,49,27,2,2,2_1,Capillary
H-2404,all,40,26,2976,4782,38,26381,0,0,0,0,0,H,9,Alveolar fibroblast 1,41,26,3,3,3_4,AdventitialFib
H-2406,all,169,76,2136,5570,23,128896,0,0,0,0,0,H,42,Capillary 1 cell,49,37,2,2,2_3,Vein
H-2407,all,53,14,2302,5606,16,34765,0,0,0,0,0,H,42,Alveolar type 2 cell,50,14,1,1,1_3,AT2
H-2408,all,54,28,2260,4683,14,70185,0,0,0,0,0,H,12,Arterial endothelial cell,52,28,2,2,2_4,Artery
H-2409,all,48,32,3127,4361,36,48084,0,0,0,0,0,H,12,Capillary 1 cell,45,32,2,2,2_1,Capillary
H-2412,all,47,27,2314,5656,9,44001,106,52,54,0.490566,0.509434,H,10,Pericyte,47,27,5,5,5_3,Pericyte
H-2413,all,57,33,2992,5351,33,40777,0,0,0,0,0,H,9,Alveolar type 1 cell,55,33,8,8,8_1,AlveolarMac
H-2414,all,35,12,3665,3903,22,30803,68480,1625,68051,0.02332223,0.9766778,H,6,Endothelial progenitor cell,43,12,2,2,2_6,pDC
H-2415,all,51,35,2754,5303,34,59505,0,0,0,0,0,H,10,Inflammatory monocyte,55,37,2,2,2_5,DC
H-2417,all,43,23,2840,5268,20,58380,0,0,0,0,0,H,19,B cell,44,23,9,9,9,Bcell
H-2418,all,62,33,2796,5277,21,44339,0,0,0,0,0,H,36,Sox9+/Id2+ epithelial cell,56,33,3,3,3_4,AdventitialFib
H-2419,all,100,54,3032,5343,35,69001,0,0,0,0,0,H,27,Inflammatory monocyte,66,50,8,8,8_1,AlveolarMac
H-2421,all,21,16,2771,4716,17,41035,0,0,0,0,0,H,3,Venous endothelial cell,39,16,2,2,2_3,Vein
H-2422,all,186,63,3140,4564,31,90360,0,0,0,0,0,H,33,Sox9+/Id2+ epithelial cell,54,33,6,6,6,AT1
H-2423,all,75,40,2148,5331,32,64369,0,0,0,0,0,H,19,Alveolar type 1 cell,55,40,6,6,6,AT1
H-2425,all,77,47,2903,5278,27,52291,0,0,0,0,0,H,26,B cell,59,47,7,7,7_4,PatrolMac
H-2429,all,31,15,2268,4617,33,38655,0,0,0,0,0,H,11,Capillary 1 cell,41,15,5,5,5_1,Pericyte
H-2431,all,72,29,3600,3894,15,38692,0,0,0,0,0,H,9,Inflammatory monocyte,56,29,2,2,2_6,pDC
H-2432,all,55,30,3545,5294,21,84372,0,0,0,0,0,H,13,Pericyte,54,30,5,5,5_1,Pericyte
H-2433,all,65,20,3320,5392,32,34230,0,0,0,0,0,H,44,Alveolar type 2 cell,55,20,1,1,1_1,AT2
H-2434,all,66,44,3577,5143,30,76794,0,0,0,0,0,H,15,Alveolar fibroblast 2,62,44,3,3,3_4,AdventitialFib
H-2435,all,82,42,2389,5127,9,73436,0,0,0,0,0,H,16,Capillary 1 cell,61,42,1,1,1_3,AT2
H-2436,all,16,12,3173,5343,16,34240,0,0,0,0,0,H,3,Interstitial macrophage,35,12,8,8,8_2,InterstitialMac
H-2438,all,69,40,2669,5446,27,100946,0,0,0,0,0,H,19,Venous endothelial cell,61,40,2,2,2_3,Vein
H-2439,all,36,25,2577,5388,26,54994,0,0,0,0,0,H,13,Venous endothelial cell,42,25,5,5,5_3,Pericyte
H-2440,all,116,54,1968,4914,27,101894,0,0,0,0,0,H,25,Arterial endothelial cell,47,32,2,2,2_2,InflamMac
H-2441,all,247,49,3590,4635,13,56696,274573,170991,118154,0.5913677,0.4086323,H,95,Alveolar type 2 cell,49,12,1,1,1_3,AT2
H-2442,all,42,29,2435,4914,29,41227,0,0,0,0,0,H,12,Pericyte,44,30,3,3,3_5,SMC
H-2444,all,58,24,3243,3973,18,51640,14056,486,14056,0.03342044,0.9665796,H,11,Secondary crest myofibroblast,53,24,3,3,3_6,SCMF
H-2446,all,180,71,2326,4568,23,107712,0,0,0,0,0,H,21,Sox9+/Id2+ epithelial cell,50,35,6,6,6,AT1
H-2447,all,69,36,2453,4987,29,56579,0,0,0,0,0,H,25,Secondary crest myofibroblast,57,36,5,5,5_3,Pericyte
H-2448,all,273,44,3425,4757,35,69488,855816,458252,396224,0.5362959,0.4637041,H,67,AT1/AT2,56,12,1,1,1_3,AT2
H-2449,all,16,12,3334,3891,18,31851,164,0,164,0,1,H,6,Capillary 1 cell,31,12,2,2,2_6,pDC
H-2453,all,251,46,3116,3976,24,78817,47991,29856,18135,0.6221166,0.3778834,H,83,Alveolar type 2 cell,50,7,2,2,2_1,Capillary
H-2455,all,230,54,3528,4307,18,91666,151395,11790,139605,0.07787576,0.9221242,H,20,Pericyte,53,16,1,1,1_6_2,Neutrophil
H-2456,all,49,25,3514,5238,34,58220,0,0,0,0,0,H,23,Arterial endothelial cell,49,25,2,2,2_4,Artery
H-2460,all,10,6,1996,4797,41,20923,0,0,0,0,0,H,5,Natural killer cell,25,6,7,7,7_4,PatrolMac
H-2461,all,79,40,3530,5389,19,78060,0,0,0,0,0,H,17,Capillary 1 cell,61,41,6,6,6,AT1
H-2463,all,51,27,2949,4780,32,29956,0,0,0,0,0,H,19,Alveolar fibroblast 1,49,27,1,1,1_5_1,LymphaticEndo
H-2464,all,105,48,3123,5609,22,111400,0,0,0,0,0,H,30,Inflammatory monocyte,60,41,5,5,5_3,Pericyte
H-2467,all,26,19,2588,4861,22,33491,0,0,0,0,0,H,5,Alveolar fibroblast 1,41,20,3,3,3_5,SMC
H-2468,all,38,27,3178,5526,35,54963,0,0,0,0,0,H,9,Pericyte,40,27,5,5,5_1,Pericyte
H-2472,all,186,71,2684,5382,22,116269,0,0,0,0,0,H,42,Alveolar fibroblast 1,49,30,6,6,6,AT1
H-2473,all,78,43,3033,5011,13,70033,0,0,0,0,0,H,17,Alveolar type 1 cell,57,43,6,6,6,AT1
H-2475,all,54,30,3063,4095,16,54345,105,0,105,0,1,H,6,Alveolar fibroblast 1,52,30,1,1,1_5_2,AlveolarFib
H-2476,all,54,23,3700,5517,30,44297,0,0,0,0,0,H,32,CD4+ T cell,52,23,7,7,7_2,PatrolMac
H-2477,all,48,24,3134,4647,23,40633,0,0,0,0,0,H,10,Proliferative mesenchymal progenitor cell,48,24,5,5,5_3,Pericyte
H-2478,all,135,48,3380,4705,33,84782,32034,50,30987,0.00161098,0.998389,H,23,Pericyte,48,24,7,7,7_2,PatrolMac
H-2479,all,83,41,2412,5350,34,82219,0,0,0,0,0,H,34,CD8+ T cell,57,41,7,7,7_2,PatrolMac
H-2482,all,162,69,3732,4679,18,88381,0,0,0,0,0,H,21,Mature DC subset,46,29,2,2,2_1,Capillary
H-2483,all,249,55,3281,3965,24,97200,356428,134751,220827,0.3789633,0.6210367,H,73,Alveolar type 2 cell,52,16,1,1,1_3,AT2
H-2485,all,148,56,2381,5272,22,107809,0,0,0,0,0,H,77,AT1/AT2,43,22,2,2,2_1,Capillary
H-2487,all,159,46,3586,4593,9,57999,39583,808,24203,0.03230579,0.9676942,H,67,Pericyte,49,16,5,5,5_3,Pericyte
H-2488,all,98,44,2161,5372,24,83294,0,0,0,0,0,H,47,B cell,59,41,9,9,9,Bcell
H-2490,all,172,56,3488,4225,17,96967,512,0,512,0,1,H,23,Arterial endothelial cell,53,32,2,2,2_4,Artery
H-2491,all,64,35,2973,4721,34,42599,0,0,0,0,0,H,12,Alveolar type 1 cell,57,35,6,6,6,AT1
H-2493,all,43,16,3707,3964,15,30486,9838,10020,4831,0.674702,0.325298,H,7,Neutrophil,45,16,5,5,5_3,Pericyte
H-2496,all,56,33,3112,4661,29,54172,0,0,0,0,0,H,11,Capillary 1 cell,55,33,2,2,2_3,Vein
H-2497,all,19,8,3754,5340,41,8511,16483,5230,11253,0.3172966,0.6827034,H,8,Alveolar type 2 cell,38,8,1,1,1_3,AT2
H-2498,all,52,33,3119,5373,29,66467,0,0,0,0,0,H,10,Ciliated cell,54,34,2,2,2_2,InflamMac
H-2499,all,86,48,3441,4159,22,70210,0,0,0,0,0,H,17,Natural killer cell,63,48,7,7,7_2,PatrolMac
H-2500,all,54,35,3657,5560,16,69098,0,0,0,0,0,H,17,Interstitial macrophage,55,36,2,2,2_2,InflamMac
H-2502,all,66,38,3141,3869,16,63296,0,0,0,0,0,H,10,Capillary 2 cell,61,38,3,3,3_6,SCMF
H-2504,all,20,13,2833,4742,35,35228,0,0,0,0,0,H,10,Alveolar fibroblast 1,37,14,3,3,3_1,SMC
H-2505,all,19,12,2717,4768,23,34909,0,0,0,0,0,H,5,Pericyte,38,12,3,3,3_4,AdventitialFib
H-2507,all,74,41,2597,5353,24,66496,0,0,0,0,0,H,20,Arterial endothelial cell,54,41,7,7,7_2,PatrolMac
H-2508,all,30,11,3163,3972,9,21473,4517,0,4517,0,1,H,9,Capillary 2 cell,42,12,2,2,2_1,Capillary
H-2509,all,126,59,3516,4430,25,75455,0,0,0,0,0,H,22,Capillary 2 cell,46,30,2,2,2_3,Vein
H-2510,all,76,37,3535,4684,28,53095,0,0,0,0,0,H,14,Inflammatory monocyte,58,37,1,1,1_5_2,AlveolarFib
H-2512,all,20,12,3635,4163,6,9136,0,0,0,0,0,H,3,Innate lymphoid cell,42,14,2,2,2_5,DC
H-2514,all,114,48,2091,5333,22,108933,0,0,0,0,0,H,19,Alveolar type 1 cell,51,35,2,2,2_1,Capillary
H-2516,all,9,3,2032,4331,5,5379,0,0,0,0,0,H,8,Alveolar type 2 cell,36,4,1,1,1_1,AT2
H-2519,all,269,42,3388,4480,7,66849,2604343,1385986,1218357,0.5321826,0.4678174,H,6,B cell,55,11,8,8,8_1,AlveolarMac
H-2520,all,75,43,2168,5410,13,73187,0,0,0,0,0,H,24,Capillary 1 cell,55,43,5,5,5_3,Pericyte
H-2522,all,104,41,3125,4411,34,75368,0,0,0,0,0,H,5,Alveolar fibroblast 1,59,34,2,2,2_4,Artery
H-2524,all,12,11,2135,4748,29,21640,0,0,0,0,0,H,4,Capillary 1 cell,29,10,2,2,2_1,Capillary
H-2529,all,149,62,3493,4977,20,129817,3631,171,1462,0.1047152,0.8952848,H,44,Alveolar type 2 cell,44,24,8,8,8_2,InterstitialMac
H-2530,all,99,51,3236,4450,24,103077,169,0,169,0,1,H,25,Pericyte,63,46,5,5,5_1,Pericyte
H-2532,all,7,7,1991,4474,40,8097,0,0,0,0,0,H,2,Arterial endothelial cell,28,9,2,2,2_4,Artery
H-2533,all,105,49,2209,5300,27,129662,0,0,0,0,0,H,44,Alveolar fibroblast 2,63,45,5,5,5_3,Pericyte
H-2534,all,18,13,2939,5200,36,28319,0,0,0,0,0,H,9,CD8+ T cell,34,13,7,7,7_4,PatrolMac
H-2538,all,156,40,3675,3936,20,71349,361642,147471,218661,0.402781,0.597219,H,24,Alveolar type 1 cell,52,17,1,1,1_5_2,AlveolarFib
H-2539,all,44,24,3080,4624,23,49209,0,0,0,0,0,H,14,Mesothelial cell,44,24,3,3,3_3,AdventitialFib
H-2541,all,106,43,3614,3957,11,74065,1358,0,1358,0,1,H,31,Arterial endothelial cell,61,38,3,3,3_2,SMC
H-2543,all,10,8,2740,4712,8,17856,0,0,0,0,0,H,3,Capillary 1 cell,26,8,2,2,2_1,Capillary
H-2544,all,39,21,2444,4946,24,31686,0,0,0,0,0,H,10,Proliferative mesenchymal progenitor cell,42,21,1,1,1_5_4,pDC
H-2545,all,95,61,3149,5365,18,87859,0,0,0,0,0,H,22,Innate lymphoid cell,68,60,3,3,3_4,AdventitialFib
H-2547,all,121,37,3732,4295,21,44032,18784,5818,12966,0.3097317,0.6902683,H,6,Alveolar type 1 cell,49,19,2,2,2_5,DC
H-2549,all,91,38,3738,5390,21,118865,2794,0,2794,0,1,H,34,Pericyte,58,36,5,5,5_3,Pericyte
H-2556,all,48,33,3692,3826,28,39348,0,0,0,0,0,H,16,Pericyte,48,33,5,5,5_3,Pericyte
H-2559,all,129,59,2923,4851,35,96997,0,0,0,0,0,H,22,AT1/AT2,42,24,6,6,6,AT1
H-2561,all,122,55,3396,3849,25,104231,0,0,0,0,0,H,19,Secondary crest myofibroblast,41,24,2,2,2_1,Capillary
H-2562,all,123,60,3051,4299,30,85490,433,0,433,0,1,H,31,Arterial endothelial cell,37,26,3,3,3_1,SMC
H-2565,all,168,63,3419,4019,21,125439,0,0,0,0,0,H,28,Arterial endothelial cell,49,32,7,7,7_2,PatrolMac
H-2568,all,90,40,3608,3827,24,46687,0,0,0,0,0,H,10,Inflammatory monocyte,60,38,3,3,3_6,SCMF
H-2569,all,132,56,2967,5320,29,60925,0,0,0,0,0,H,17,Alveolar type 1 cell,43,23,6,6,6,AT1
H-2570,all,221,55,3347,3943,22,127447,104190,100699,3386,0.9674689,0.0325311,H,15,Arterial endothelial cell,52,21,3,3,3_2,SMC
H-2571,all,41,25,3299,3886,27,62507,0,0,0,0,0,H,5,Alveolar fibroblast 1,42,25,3,3,3_4,AdventitialFib
H-2573,all,112,40,3691,4682,24,57431,0,0,0,0,0,H,11,Venous endothelial cell,50,22,1,1,1_6_2,Neutrophil
H-2574,all,46,26,2540,5371,27,62957,0,0,0,0,0,H,9,B cell,48,27,3,3,3_2,SMC
H-2576,all,96,41,3056,4241,23,73536,774,0,774,0,1,H,15,Pericyte,65,39,8,8,8_2,InterstitialMac
H-2577,all,18,12,3114,5016,36,11363,0,0,0,0,0,H,4,Alveolar fibroblast 1,40,13,2,2,2_5,DC
H-2579,all,97,47,2942,4730,22,74134,0,0,0,0,0,H,13,Sox9+/Id2+ epithelial cell,62,45,3,3,3_4,AdventitialFib
H-2582,all,73,31,3667,3975,14,50231,65741,4155,50887,0.07548781,0.9245122,H,24,Pericyte,55,31,7,7,7_2,PatrolMac
H-2583,all,7,4,3445,5385,9,17482,0,0,0,0,0,H,4,Inflammatory monocyte,16,7,7,7,7_4,PatrolMac
H-2584,all,75,30,3674,5493,14,51499,0,0,0,0,0,H,49,Capillary 1 cell,56,30,1,1,1_1,AT2
H-2588,all,51,23,3692,5550,29,31712,0,0,0,0,0,H,28,Alveolar type 2 cell,50,23,8,8,8_2,InterstitialMac
H-2589,all,31,23,2135,4780,33,64871,0,0,0,0,0,H,10,Capillary 1 cell,37,23,2,2,2_1,Capillary
H-2594,all,32,20,2173,5587,33,22777,0,0,0,0,0,H,5,B cell,38,20,9,9,9,Bcell
H-2595,all,39,15,3505,4050,32,29064,0,0,0,0,0,H,10,Proliferative mesenchymal progenitor cell,44,16,3,3,3_2,SMC
H-2603,all,24,16,3082,4116,28,38465,0,0,0,0,0,H,2,Secondary crest myofibroblast,44,17,3,3,3_2,SMC
H-2604,all,17,10,3664,3847,40,17549,0,0,0,0,0,H,5,Innate lymphoid cell,32,10,7,7,7_4,PatrolMac
H-2605,all,68,39,3228,5059,24,78065,0,0,0,0,0,H,10,Capillary 1 cell,58,39,9,9,9,Bcell
H-2607,all,47,28,2559,5332,16,47500,0,0,0,0,0,H,22,Inflammatory monocyte,47,28,1,1,1_3,AT2
H-2614,all,75,34,2304,4601,22,75539,0,0,0,0,0,H,10,Alveolar type 1 cell,57,34,6,6,6,AT1
H-2619,all,26,17,3471,4055,29,23710,0,0,0,0,0,H,9,Pericyte,44,17,5,5,5_1,Pericyte
H-2621,all,16,13,3129,5640,25,10634,0,0,0,0,0,H,6,B cell,34,14,3,3,3_1,SMC
H-2622,all,27,16,3634,4615,8,11303,2877,1418,1459,0.4928745,0.5071255,H,7,Inflammatory monocyte,41,16,5,5,5_3,Pericyte
H-2626,all,89,21,2007,4309,10,47022,0,0,0,0,0,H,73,Alveolar type 2 cell,57,21,1,1,1_1,AT2
H-2631,all,48,6,1839,5142,28,25942,0,0,0,0,0,H,41,Sox9+/Id2+ epithelial cell,48,6,1,1,1_1,AT2
H-2636,all,63,39,2006,6795,22,51746,0,0,0,0,0,H,8,Natural killer cell,57,39,7,7,7_2,PatrolMac
H-2638,all,110,46,2760,6847,28,79677,0,0,0,0,0,H,15,Alveolar macrophage,61,39,8,8,8_1,AlveolarMac
H-2639,all,56,34,2575,7080,11,62964,0,0,0,0,0,H,17,Alveolar macrophage,56,34,8,8,8_1,AlveolarMac
H-2640,all,73,41,1983,6598,35,76662,0,0,0,0,0,H,20,Pericyte,54,41,5,5,5_1,Pericyte
H-2642,all,125,33,2829,7351,23,81533,0,0,0,0,0,H,84,Alveolar type 2 cell,44,13,1,1,1_1,AT2
H-2645,all,77,22,2479,5951,22,57046,0,0,0,0,0,H,53,Alveolar fibroblast 1,53,22,1,1,1_1,AT2
H-2646,all,15,9,2953,7401,5,19642,0,0,0,0,0,H,3,B cell,29,9,9,9,9,Bcell
H-2647,all,65,38,3405,7264,15,75588,0,0,0,0,0,H,10,Inflammatory monocyte,56,38,7,7,7_2,PatrolMac
H-2649,all,50,19,2378,7000,12,58869,0,0,0,0,0,H,5,Natural killer cell,49,19,7,7,7_4,PatrolMac
H-2650,all,70,35,2895,7295,15,55539,0,0,0,0,0,H,22,Innate lymphoid cell,54,35,2,2,2_3,Vein
H-2651,all,103,29,2234,6520,24,85700,0,0,0,0,0,H,71,Alveolar type 2 cell,52,20,1,1,1_1,AT2
H-2652,all,70,39,2106,6089,32,69878,0,0,0,0,0,H,16,Alveolar fibroblast 1,52,40,2,2,2_4,Artery
H-2653,all,65,34,3002,7546,20,63892,0,0,0,0,0,H,5,Inflammatory monocyte,56,34,9,9,9,Bcell
H-2654,all,66,33,2229,5967,21,70710,0,0,0,0,0,H,10,CD8+ T cell,57,34,3,3,3_5,SMC
H-2655,all,39,20,3304,5829,30,50816,0,0,0,0,0,H,11,Inflammatory monocyte,43,22,2,2,2_5,DC
H-2658,all,67,35,3331,6107,20,71833,0,0,0,0,0,H,17,Interstitial macrophage,58,35,8,8,8_3,InterstitialMac
H-2660,all,38,24,2533,6944,11,54520,0,0,0,0,0,H,14,Pericyte,43,24,5,5,5_1,Pericyte
H-2662,all,25,15,3122,5966,16,53669,0,0,0,0,0,H,11,Capillary 1 cell,41,15,9,9,9,Bcell
H-2663,all,96,29,2578,7456,8,54338,0,0,0,0,0,H,69,Alveolar type 2 cell,56,27,1,1,1_3,AT2
H-2665,all,74,51,3392,7306,27,99650,0,0,0,0,0,H,19,Secondary crest myofibroblast,58,51,5,5,5_3,Pericyte
H-2666,all,41,28,2183,7075,30,33556,0,0,0,0,0,H,8,Sox9+/Id2+ epithelial cell,41,29,2,2,2_1,Capillary
H-2668,all,31,19,3343,5816,24,54807,0,0,0,0,0,H,2,Capillary 1 cell,41,19,2,2,2_3,Vein
H-2670,all,113,55,2140,6022,16,94601,0,0,0,0,0,H,23,Alveolar fibroblast 1,46,33,3,3,3_1,SMC
H-2673,all,52,18,3628,6116,14,47987,0,0,0,0,0,H,35,Sox9+/Id2+ epithelial cell,50,18,1,1,1_1,AT2
H-2674,all,43,30,2454,6017,30,68816,0,0,0,0,0,H,14,Alveolar fibroblast 1,43,30,5,5,5_1,Pericyte
H-2676,all,70,39,2591,7576,10,61391,0,0,0,0,0,H,6,Capillary 1 cell,53,40,2,2,2_2,InflamMac
H-2678,all,110,37,3021,7480,15,83785,0,0,0,0,0,H,22,Alveolar macrophage,57,27,8,8,8_1,AlveolarMac
H-2679,all,65,13,2877,6583,8,35069,308,0,308,0,1,H,53,Sox9+/Id2+ epithelial cell,52,13,3,3,3_4,AdventitialFib
H-2681,all,42,23,3204,7519,13,46747,0,0,0,0,0,H,13,Capillary 1 cell,44,23,2,2,2_1,Capillary
H-2682,all,70,47,2263,5700,27,97088,0,0,0,0,0,H,8,Alveolar fibroblast 1,60,48,3,3,3_1,SMC
H-2684,all,72,31,2535,7589,34,45682,0,0,0,0,0,H,4,Alveolar type 1 cell,56,31,6,6,6,AT1
H-2685,all,55,38,2361,7047,18,73388,0,0,0,0,0,H,7,Alveolar macrophage,55,39,2,2,2_2,InflamMac
H-2686,all,16,11,2495,6822,9,21682,0,0,0,0,0,H,2,Proliferative mesenchymal progenitor cell,33,11,5,5,5_1,Pericyte
H-2688,all,21,17,3392,7351,24,49384,0,0,0,0,0,H,5,Secondary crest myofibroblast,42,18,3,3,3_1,SMC
H-2692,all,17,14,3722,6913,39,20228,0,0,0,0,0,H,4,Alveolar fibroblast 1,37,15,2,2,2_2,InflamMac
H-2693,all,8,7,3075,5947,18,25686,0,0,0,0,0,H,2,Proliferative mesenchymal progenitor cell,26,9,3,3,3_1,SMC
H-2694,all,27,14,2056,7389,17,62974,0,0,0,0,0,H,17,Airway smooth muscle cell,39,15,3,3,3_2,SMC
H-2695,all,110,48,2075,6017,36,60585,0,0,0,0,0,H,13,Alveolar type 1 cell,49,28,6,6,6,AT1
H-2697,all,44,24,3266,6039,24,79623,0,0,0,0,0,H,11,Alveolar fibroblast 1,44,24,2,2,2_6,pDC
H-2700,all,87,45,1970,5683,17,95450,0,0,0,0,0,H,29,Alveolar type 2 cell,61,44,2,2,2_3,Vein
H-2701,all,32,20,2583,7001,26,45513,0,0,0,0,0,H,2,Arterial endothelial cell,40,20,7,7,7_2,PatrolMac
H-2702,all,68,34,2199,6135,19,84570,0,0,0,0,0,H,4,Natural killer cell,60,34,7,7,7_2,PatrolMac
H-2703,all,10,10,3582,6274,21,36145,0,0,0,0,0,H,4,Alveolar fibroblast 1,26,10,3,3,3_4,AdventitialFib
H-2704,all,7,4,3754,5958,12,26025,0,0,0,0,0,H,4,Pericyte,25,6,5,5,5_1,Pericyte
H-2705,all,106,62,2745,7412,25,92424,0,0,0,0,0,H,16,Inflammatory monocyte,68,52,2,2,2_2,InflamMac
H-2706,all,55,38,2242,6592,17,74854,0,0,0,0,0,H,9,B cell,54,38,2,2,2_2,InflamMac
H-2707,all,173,61,2086,6195,34,94603,0,0,0,0,0,H,24,Alveolar type 1 cell,47,25,6,6,6,AT1
H-2708,all,53,31,2242,5900,30,65328,0,0,0,0,0,H,21,Pericyte,52,31,5,5,5_1,Pericyte
H-2709,all,33,23,3349,7091,12,37585,0,0,0,0,0,H,4,Capillary 1 cell,43,24,2,2,2_1,Capillary
H-2712,all,45,21,3740,7533,11,39346,0,0,0,0,0,H,11,Alveolar macrophage,46,21,6,6,6,AT1
H-2713,all,51,29,2423,6958,10,58219,0,0,0,0,0,H,17,Inflammatory monocyte,50,29,3,3,3_5,SMC
H-2715,all,36,23,2918,7438,5,42543,0,0,0,0,0,H,7,B cell,38,23,9,9,9,Bcell
H-2716,all,37,27,2533,5947,13,50434,0,0,0,0,0,H,14,Alveolar fibroblast 1,40,27,1,1,1_3,AT2
H-2717,all,56,36,3686,7233,8,53695,0,0,0,0,0,H,14,Alveolar type 1 cell,56,36,8,8,8_3,InterstitialMac
H-2718,all,48,27,2878,7556,13,79590,0,0,0,0,0,H,19,B cell,48,27,9,9,9,Bcell
H-2722,all,25,15,2499,7367,11,27774,0,0,0,0,0,H,5,B cell,41,15,9,9,9,Bcell
H-2724,all,76,43,2494,7452,23,90493,0,0,0,0,0,H,19,Pericyte,57,43,5,5,5_1,Pericyte
H-2725,all,41,22,2290,6213,24,33322,0,0,0,0,0,H,6,Inflammatory monocyte,43,22,5,5,5_3,Pericyte
H-2726,all,87,20,3747,7142,6,37340,112,112,0,1,0,H,57,Alveolar type 2 cell,55,19,1,1,1_1,AT2
H-2727,all,13,7,2140,6224,36,25917,0,0,0,0,0,H,2,Alveolar fibroblast 1,37,8,1,1,1_4_1,AlveolarFib
H-2728,all,45,25,2393,5813,28,68493,0,0,0,0,0,H,10,Inflammatory monocyte,48,26,2,2,2_2,InflamMac
H-2731,all,29,16,2478,7541,32,30420,0,0,0,0,0,H,2,Alveolar fibroblast 1,41,17,3,3,3_5,SMC
H-2732,all,10,6,2839,6667,3,7830,0,0,0,0,0,H,4,Mesothelial cell,32,6,3,3,3_3,AdventitialFib
H-2733,all,49,26,3433,7068,33,56939,0,0,0,0,0,H,11,Alveolar fibroblast 1,52,27,2,2,2_4,Artery
H-2737,all,39,24,2777,7569,11,43252,0,0,0,0,0,H,16,Alveolar fibroblast 1,40,23,1,1,1_5_1,LymphaticEndo
H-2740,all,94,12,1980,7454,23,63273,0,0,0,0,0,H,85,B cell,59,12,4,4,4_2,ClubEpi
H-2741,all,37,22,2022,6516,40,37550,0,0,0,0,0,H,4,Alveolar fibroblast 1,42,23,3,3,3_5,SMC
H-2742,all,59,20,2776,6778,22,35991,0,0,0,0,0,H,37,Alveolar type 2 cell,51,20,1,1,1_3,AT2
H-2744,all,12,11,3625,5719,19,25242,0,0,0,0,0,H,4,B cell,30,11,9,9,9,Bcell
H-2745,all,128,26,2477,6921,16,84203,0,0,0,0,0,H,99,Alveolar type 2 cell,45,9,1,1,1_1,AT2
H-2746,all,142,56,1958,6751,21,97900,0,0,0,0,0,H,25,Alveolar fibroblast 2,47,22,3,3,3_3,AdventitialFib
H-2747,all,24,17,2123,5848,38,31489,0,0,0,0,0,H,7,Alveolar fibroblast 1,45,17,1,1,1_5_1,LymphaticEndo
H-2748,all,155,31,2240,7054,29,88114,0,0,0,0,0,H,114,Alveolar type 2 cell,45,11,1,1,1_1,AT2
H-2749,all,14,10,3598,6205,20,39491,0,0,0,0,0,H,2,Alveolar type 1 cell,37,11,2,2,2_1,Capillary
H-2750,all,31,21,3745,6961,35,52486,0,0,0,0,0,H,11,Alveolar fibroblast 1,41,22,2,2,2_4,Artery
H-2754,all,70,40,2148,7100,33,54016,0,0,0,0,0,H,18,Alveolar fibroblast 1,55,40,7,7,7_3,Tcell (CD8)
H-2755,all,86,36,3581,6126,15,82345,0,0,0,0,0,H,33,Alveolar fibroblast 1,62,36,8,8,8_2,InterstitialMac
H-2757,all,63,39,2846,7504,9,83944,0,0,0,0,0,H,20,B cell,57,39,9,9,9,Bcell
H-2758,all,33,18,3399,7078,30,46358,0,0,0,0,0,H,10,Alveolar fibroblast 1,43,19,3,3,3_5,SMC
H-2759,all,16,8,2025,7416,18,35875,0,0,0,0,0,H,8,Secondary crest myofibroblast,37,9,3,3,3_2,SMC
H-2761,all,51,35,3757,6646,28,81208,0,0,0,0,0,H,6,B cell,51,35,9,9,9,Bcell
H-2762,all,27,19,3592,5838,22,64313,0,0,0,0,0,H,15,Pericyte,45,19,5,5,5_1,Pericyte
H-2763,all,84,43,2072,6517,23,102735,0,0,0,0,0,H,22,Alveolar type 1 cell,60,44,1,1,1_5_1,LymphaticEndo
H-2764,all,40,25,1950,6425,16,36935,0,0,0,0,0,H,7,Inflammatory monocyte,42,25,1,1,1_3,AT2
H-2766,all,32,27,2261,6187,20,57656,0,0,0,0,0,H,8,CD8+ T cell,37,27,9,9,9,Bcell
H-2767,all,37,24,3597,5699,14,63119,0,0,0,0,0,H,2,Alveolar fibroblast 1,41,25,1,1,1_4_1,AlveolarFib
H-2768,all,69,42,2504,6004,24,92914,0,0,0,0,0,H,20,Arterial endothelial cell,57,43,2,2,2_4,Artery
H-2769,all,30,18,3717,7004,36,51278,0,0,0,0,0,H,6,Alveolar fibroblast 1,41,18,3,3,3_4,AdventitialFib
H-2771,all,49,26,2745,7507,23,51419,0,0,0,0,0,H,7,Alveolar fibroblast 1,49,26,7,7,7_3,Tcell (CD8)
H-2772,all,49,31,2112,5883,29,58647,0,0,0,0,0,H,12,Inflammatory monocyte,49,31,2,2,2_3,Vein
H-2773,all,77,25,2809,7450,15,57094,0,0,0,0,0,H,56,Alveolar type 2 cell,56,25,1,1,1_3,AT2
H-2775,all,34,25,2775,6632,26,60008,0,0,0,0,0,H,3,Inflammatory monocyte,41,25,3,3,3_4,AdventitialFib
H-2776,all,57,29,2419,7589,18,51943,0,0,0,0,0,H,18,Alveolar fibroblast 2,52,29,3,3,3_4,AdventitialFib
H-2784,all,47,17,2791,7494,18,23788,0,0,0,0,0,H,24,Sox9+/Id2+ epithelial cell,47,17,1,1,1_1,AT2
H-2785,all,18,14,3471,7104,21,24018,0,0,0,0,0,H,4,CD8+ T cell,35,14,1,1,1_5_1,LymphaticEndo
H-2788,all,83,38,2424,6897,30,100537,0,0,0,0,0,H,38,Alveolar fibroblast 1,57,37,1,1,1_5_1,LymphaticEndo
H-2789,all,61,21,3728,5977,20,64815,0,0,0,0,0,H,41,Alveolar type 2 cell,52,21,1,1,1_3,AT2
H-2790,all,17,10,3404,6049,7,26732,0,0,0,0,0,H,6,B cell,33,10,9,9,9,Bcell
H-2793,all,39,19,3398,6079,12,48132,0,0,0,0,0,H,3,Alveolar macrophage,44,19,7,7,7_3,Tcell (CD8)
H-2795,all,12,7,3208,5822,39,13992,0,0,0,0,0,H,2,Alveolar type 1 cell,35,7,8,8,8_2,InterstitialMac
H-2797,all,64,37,3579,6218,20,72469,0,0,0,0,0,H,15,Inflammatory monocyte,59,38,3,3,3_1,SMC
H-2798,all,14,5,3335,7439,40,28644,0,0,0,0,0,H,2,Natural killer cell,39,6,2,2,2_2,InflamMac
H-2799,all,23,15,2205,5721,39,19275,0,0,0,0,0,H,2,B cell,43,16,1,1,1_4_1,AlveolarFib
H-2805,all,47,21,2087,7439,17,93561,0,0,0,0,0,H,32,Airway smooth muscle cell,47,21,3,3,3_2,SMC
H-2807,all,29,16,3650,5820,36,40401,0,0,0,0,0,H,17,Inflammatory monocyte,43,18,2,2,2_5,DC
H-2809,all,29,19,2979,7459,6,32901,0,0,0,0,0,H,8,Inflammatory monocyte,41,20,3,3,3_1,SMC
H-2811,all,34,22,3585,6317,14,56032,0,0,0,0,0,H,14,Capillary 1 cell,40,22,2,2,2_1,Capillary
H-2813,all,100,34,1990,7570,34,74305,0,0,0,0,0,H,52,Ciliated cell,53,34,4,4,4_2,CiliatedEpi
H-2814,all,17,12,2101,7265,18,26970,0,0,0,0,0,H,9,Neutrophil,33,12,3,3,3_3,AdventitialFib
H-2816,all,76,14,2064,7562,18,48999,0,0,0,0,0,H,63,Ciliated cell,36,14,4,4,4_2,CiliatedEpi
H-2818,all,68,37,2767,6804,21,70442,0,0,0,0,0,H,16,Ciliated cell,59,37,2,2,2_3,Vein
H-2820,all,117,52,2284,5967,16,116229,0,0,0,0,0,H,17,Alveolar type 1 cell,45,30,6,6,6,AT1
H-2821,all,63,42,2941,7579,18,89480,0,0,0,0,0,H,19,Arterial endothelial cell,61,43,1,1,1_5_1,LymphaticEndo
H-2822,all,27,24,3103,5934,12,36557,0,0,0,0,0,H,6,Capillary 1 cell,44,24,9,9,9,Bcell
H-2824,all,61,36,1956,6688,27,58323,0,0,0,0,0,H,10,Alveolar fibroblast 2,57,36,3,3,3_3,AdventitialFib
H-2825,all,40,22,3685,6851,27,91879,0,0,0,0,0,H,6,Alveolar fibroblast 1,43,22,6,6,6,AT1
H-2826,all,62,40,2807,7578,10,45453,0,0,0,0,0,H,10,Capillary 1 cell,59,40,2,2,2_1,Capillary
H-2827,all,10,8,3671,6306,39,23618,0,0,0,0,0,H,3,Alveolar type 1 cell,24,9,3,3,3_5,SMC
H-2829,all,62,31,3742,7568,19,73123,0,0,0,0,0,H,19,Pericyte,56,31,5,5,5_1,Pericyte
H-2830,all,15,9,2172,6244,35,31268,0,0,0,0,0,H,3,Alveolar type 1 cell,33,9,9,9,9,Bcell
H-2831,all,108,38,2222,5863,24,74226,0,0,0,0,0,H,55,Alveolar type 2 cell,52,23,1,1,1_1,AT2
H-2832,all,38,21,3672,5862,36,57638,0,0,0,0,0,H,8,Endothelial progenitor cell,43,21,2,2,2_6,pDC
H-2833,all,107,32,2172,5868,30,65052,0,0,0,0,0,H,76,Alveolar type 2 cell,51,20,1,1,1_1,AT2
H-2835,all,44,22,3602,6361,13,23233,0,0,0,0,0,H,21,Alveolar type 1 cell,45,22,1,1,1_1,AT2
H-2838,all,50,31,2663,7591,31,53509,0,0,0,0,0,H,4,B cell,50,31,9,9,9,Bcell
H-2839,all,100,52,2056,7217,34,90022,0,0,0,0,0,H,19,Interstitial macrophage,63,47,3,3,3_3,AdventitialFib
H-2841,all,60,47,2456,7465,34,61191,0,0,0,0,0,H,9,Alveolar fibroblast 2,58,47,3,3,3_3,AdventitialFib
H-2842,all,33,17,3651,5919,31,42826,0,0,0,0,0,H,6,Alveolar fibroblast 1,47,18,1,1,1_4_1,AlveolarFib
H-2843,all,62,35,3168,5997,23,99730,171,0,171,0,1,H,14,Inflammatory monocyte,54,35,3,3,3_6,SCMF
H-2844,all,19,12,2123,6122,14,26233,0,0,0,0,0,H,9,Alveolar fibroblast 1,39,13,1,1,1_4_3,AlveolarFib
H-2845,all,48,34,2513,7557,36,50479,0,0,0,0,0,H,9,Alveolar type 1 cell,48,34,6,6,6,AT1
H-2849,all,140,19,3240,7536,22,89931,0,0,0,0,0,H,117,Alveolar type 2 cell,46,7,1,1,1_3,AT2
H-2850,all,31,19,2377,6932,39,35971,0,0,0,0,0,H,3,Capillary 1 cell,40,19,2,2,2_1,Capillary
H-2853,all,25,18,3713,6052,22,43859,0,0,0,0,0,H,3,Alveolar fibroblast 1,41,19,1,1,1_4_1,AlveolarFib
H-2855,all,21,16,2244,7006,33,37682,0,0,0,0,0,H,6,B cell,40,16,9,9,9,Bcell
H-2857,all,41,30,3609,7293,34,70084,0,0,0,0,0,H,7,Secondary crest myofibroblast,44,32,2,2,2_5,DC
H-2858,all,58,25,2213,6482,29,81647,0,0,0,0,0,H,26,Capillary 1 cell,54,25,4,4,4_1_1,ClubEpi
H-2861,all,22,16,3196,5762,26,53591,0,0,0,0,0,H,4,Megakaryocyte/Platelet,41,17,3,3,3_1,SMC
H-2864,all,53,28,2299,6186,23,56572,0,0,0,0,0,H,15,Alveolar fibroblast 1,52,29,2,2,2_4,Artery
H-2867,all,28,18,3762,5712,28,64737,0,0,0,0,0,H,5,Alveolar fibroblast 1,38,19,1,1,1_5_1,LymphaticEndo
H-2869,all,27,19,3566,7592,34,39829,0,0,0,0,0,H,13,Alveolar fibroblast 1,38,19,1,1,1_5_1,LymphaticEndo
H-2870,all,50,33,2004,7195,35,50076,0,0,0,0,0,H,15,Venous endothelial cell,50,33,3,3,3_3,AdventitialFib
H-2871,all,25,17,2557,7020,25,50270,0,0,0,0,0,H,11,Alveolar macrophage,45,17,8,8,8_1,AlveolarMac
H-2872,all,36,22,3256,5842,35,32659,0,0,0,0,0,H,7,Pericyte,41,22,5,5,5_1,Pericyte
H-2876,all,165,52,2923,6601,16,118258,257,0,257,0,1,H,82,CD4+ T cell,46,22,3,3,3_1,SMC
H-2877,all,43,7,2142,7588,7,21220,0,0,0,0,0,H,41,Ciliated cell,25,10,4,4,4_2,CiliatedEpi
H-2878,all,43,27,1984,7315,36,35921,0,0,0,0,0,H,11,Interstitial macrophage,43,27,8,8,8_3,InterstitialMac
H-2879,all,17,16,2012,6883,17,24235,0,0,0,0,0,H,5,Alveolar fibroblast 1,36,17,3,3,3_1,SMC
H-2880,all,47,16,3576,5748,21,36477,0,0,0,0,0,H,8,Alveolar type 1 cell,47,16,6,6,6,AT1
H-2882,all,30,18,2325,7113,36,31024,0,0,0,0,0,H,5,Neutrophil,40,19,1,1,1_4_1,AlveolarFib
H-2883,all,51,22,2757,7473,17,48901,0,0,0,0,0,H,10,Alveolar fibroblast 1,50,22,7,7,7_3,Tcell (CD8)
H-2886,all,21,11,2717,6958,6,12585,0,0,0,0,0,H,6,Capillary 1 cell,43,12,2,2,2_1,Capillary
H-2887,all,94,52,3313,6143,29,78070,0,0,0,0,0,H,17,Interstitial macrophage,64,50,8,8,8_3,InterstitialMac
H-2889,all,42,29,2318,7063,33,47439,0,0,0,0,0,H,6,Arterial endothelial cell,44,30,2,2,2_4,Artery
H-2890,all,40,26,2042,7177,24,30895,0,0,0,0,0,H,16,Alveolar fibroblast 2,41,26,3,3,3_4,AdventitialFib
H-2891,all,24,14,3694,6086,22,63377,0,0,0,0,0,H,3,Capillary 1 cell,43,14,9,9,9,Bcell
H-2893,all,60,30,3268,6075,20,58727,0,0,0,0,0,H,6,Alveolar fibroblast 1,54,31,2,2,2_4,Artery
H-2896,all,39,25,1972,6235,36,29192,0,0,0,0,0,H,3,Vascular smooth muscle cell,43,25,3,3,3_6,SCMF
H-2897,all,80,40,1990,6841,25,73381,0,0,0,0,0,H,11,Alveolar type 1 cell,57,40,6,6,6,AT1
H-2904,all,29,19,2324,5968,11,29393,0,0,0,0,0,H,6,Arterial endothelial cell,40,19,7,7,7_4,PatrolMac
H-2905,all,22,10,2329,6169,7,19162,0,0,0,0,0,H,2,Alveolar fibroblast 1,42,11,2,2,2_2,InflamMac
H-2907,all,35,26,3629,7253,35,32471,0,0,0,0,0,H,5,Venous endothelial cell,39,26,3,3,3_4,AdventitialFib
H-2912,all,42,22,3668,5725,16,71472,0,0,0,0,0,H,4,CD8+ T cell,44,22,6,6,6,AT1
H-2913,all,29,18,3596,5885,22,27727,0,0,0,0,0,H,9,Alveolar type 1 cell,38,18,6,6,6,AT1
H-2914,all,106,40,3471,5748,26,94159,0,0,0,0,0,H,70,Alveolar type 2 cell,55,30,1,1,1_1,AT2
H-2915,all,121,56,2866,7382,16,138682,0,0,0,0,0,H,38,Alveolar type 1 cell,42,26,9,9,9,Bcell
H-2917,all,66,32,3616,5919,25,60675,0,0,0,0,0,H,6,Alveolar type 1 cell,59,32,6,6,6,AT1
H-2918,all,69,37,3588,5793,22,110689,0,0,0,0,0,H,8,Proliferative mesenchymal progenitor cell,58,37,5,5,5_3,Pericyte
H-2919,all,41,24,1982,6715,24,32961,0,0,0,0,0,H,7,Alveolar fibroblast 1,43,26,2,2,2_4,Artery
H-2920,all,85,46,2142,5943,13,97207,0,0,0,0,0,H,11,Capillary 1 cell,62,46,2,2,2_3,Vein
H-2922,all,24,16,2577,6956,7,27092,0,0,0,0,0,H,5,Alveolar fibroblast 1,42,18,2,2,2_5,DC
H-2925,all,8,6,2106,6493,38,25117,0,0,0,0,0,H,3,Alveolar type 1 cell,28,8,6,6,6,AT1
H-2926,all,8,4,3089,6056,7,12328,0,0,0,0,0,H,2,Sox9+/Id2+ epithelial cell,25,6,1,1,1_3,AT2
H-2928,all,14,11,3219,5782,28,28653,0,0,0,0,0,H,7,Endothelial progenitor cell,29,11,1,1,1_5_1,LymphaticEndo
H-2929,all,57,10,3699,5941,18,48459,0,0,0,0,0,H,43,Alveolar type 2 cell,51,10,1,1,1_1,AT2
H-2930,all,16,15,2271,7133,7,18237,0,0,0,0,0,H,5,Alveolar fibroblast 1,32,16,3,3,3_5,SMC
H-2938,all,39,30,3694,7585,22,67274,0,0,0,0,0,H,12,B cell,41,31,3,3,3_2,SMC
H-2941,all,39,25,1975,7343,24,59242,0,0,0,0,0,H,2,Mesothelial cell,42,25,3,3,3_3,AdventitialFib
H-2943,all,76,41,2042,6851,11,65806,118,0,118,0,1,H,10,Venous endothelial cell,54,41,3,3,3_4,AdventitialFib
H-2946,all,22,15,3359,7127,5,18509,0,0,0,0,0,H,9,B cell,41,15,3,3,3_6,SCMF
H-2947,all,55,27,3628,5887,21,59344,0,0,0,0,0,H,7,Alveolar type 1 cell,53,27,6,6,6,AT1
H-2955,all,33,22,2268,5865,23,45461,0,0,0,0,0,H,5,Alveolar fibroblast 1,40,22,3,3,3_4,AdventitialFib
H-2960,all,9,3,2183,6565,3,6191,0,0,0,0,0,H,2,Proliferative mesenchymal progenitor cell,24,4,2,2,2_6,pDC
H-2963,all,26,18,3235,5809,33,30721,0,0,0,0,0,H,6,Alveolar type 1 cell,45,18,7,7,7_3,Tcell (CD8)
H-2965,all,100,10,1985,7517,24,33225,0,0,0,0,0,H,92,Ciliated cell,31,10,4,4,4_2,CiliatedEpi
H-2971,all,15,11,3276,6163,33,15423,0,0,0,0,0,H,9,Alveolar macrophage,30,11,3,3,3_4,AdventitialFib
H-2981,all,60,25,4012,120,9,43898,0,0,0,0,0,H,23,Arterial endothelial cell,53,25,6,6,6,AT1
H-2983,all,40,22,4981,57,22,50152,0,0,0,0,0,H,11,Alveolar type 1 cell,43,22,6,6,6,AT1
H-2984,all,45,18,5181,1620,35,56560,0,0,0,0,0,H,7,Innate lymphoid cell,46,18,7,7,7_3,Tcell (CD8)
H-2985,all,44,24,5335,1388,14,78729,0,0,0,0,0,H,14,Pericyte,44,24,5,5,5_3,Pericyte
H-2986,all,29,15,5228,1451,26,78804,0,0,0,0,0,H,8,B cell,38,15,9,9,9,Bcell
H-2987,all,33,19,4688,236,10,66610,0,0,0,0,0,H,8,B cell,42,19,9,9,9,Bcell
H-2989,all,23,14,4129,908,7,31499,0,0,0,0,0,H,9,Alveolar fibroblast 1,41,14,1,1,1_5_1,LymphaticEndo
H-2990,all,19,16,4180,1778,38,31733,0,0,0,0,0,H,4,Alveolar type 1 cell,39,16,6,6,6,AT1
H-2991,all,47,29,5043,1945,33,93005,0,0,0,0,0,H,3,Alveolar fibroblast 1,47,29,3,3,3_4,AdventitialFib
H-2992,all,54,26,3971,1273,31,79333,0,0,0,0,0,H,15,B cell,52,26,9,9,9,Bcell
H-2994,all,67,34,3780,565,17,79412,0,0,0,0,0,H,11,Alveolar fibroblast 1,57,34,2,2,2_6,pDC
H-2995,all,26,13,3897,1164,26,44322,0,0,0,0,0,H,2,Mast cell,43,13,7,7,7_4,PatrolMac
H-2997,all,49,17,3956,1686,35,38055,0,0,0,0,0,H,14,Alveolar type 1 cell,49,17,6,6,6,AT1
H-3000,all,38,14,3826,534,30,58465,0,0,0,0,0,H,2,Alveolar macrophage,43,14,7,7,7_2,PatrolMac
H-3001,all,38,22,4095,186,7,31206,0,0,0,0,0,H,11,Pulmonary neuroendocrine cell,41,23,2,2,2_5,DC
H-3002,all,95,21,5452,1451,14,87203,0,0,0,0,0,H,69,Alveolar type 2 cell,54,20,1,1,1_1,AT2
H-3003,all,65,24,5148,1446,7,46526,0,0,0,0,0,H,19,Alveolar type 1 cell,55,24,6,6,6,AT1
H-3004,all,43,26,4073,234,10,50913,0,0,0,0,0,H,13,Inflammatory monocyte,44,26,1,1,1_3,AT2
H-3005,all,30,20,5345,770,21,65161,0,0,0,0,0,H,4,Capillary 2 cell,38,19,2,2,2_1,Capillary
H-3007,all,39,20,3970,1358,28,41324,0,0,0,0,0,H,13,Mesothelial cell,44,21,3,3,3_1,SMC
H-3008,all,55,31,4293,901,21,88210,0,0,0,0,0,H,12,Capillary 1 cell,54,31,9,9,9,Bcell
H-3009,all,21,14,3998,849,36,37281,0,0,0,0,0,H,3,Proliferative mesenchymal progenitor cell,37,14,2,2,2_6,pDC
H-3012,all,127,43,3914,818,32,89341,0,0,0,0,0,H,33,Alveolar macrophage,48,22,8,8,8_1,AlveolarMac
H-3014,all,27,18,3792,263,23,83427,115,0,115,0,1,H,6,Sox9+/Id2+ epithelial cell,46,18,1,1,1_3,AT2
H-3016,all,22,12,4300,1139,37,37184,0,0,0,0,0,H,2,Endothelial progenitor cell,39,13,1,1,1_6_2,Neutrophil
H-3017,all,30,19,5121,1573,22,72869,0,0,0,0,0,H,4,Inflammatory monocyte,38,19,5,5,5_3,Pericyte
H-3020,all,19,9,3828,1112,27,28545,0,0,0,0,0,H,10,Proliferative mesenchymal progenitor cell,41,10,3,3,3_1,SMC
H-3021,all,22,11,5545,1304,23,39043,0,0,0,0,0,H,7,Secondary crest myofibroblast,40,12,3,3,3_1,SMC
H-3022,all,41,32,5442,815,26,106459,0,0,0,0,0,H,9,T regulatory cell,41,32,7,7,7_2,PatrolMac
H-3023,all,56,31,3918,1130,25,65768,0,0,0,0,0,H,6,Innate lymphoid cell,54,31,7,7,7_3,Tcell (CD8)
H-3025,all,91,46,4818,391,17,83821,56,56,0,1,0,H,26,Interstitial macrophage,66,46,2,2,2_5,DC
H-3026,all,10,7,4033,876,9,20604,0,0,0,0,0,H,4,Alveolar type 2 cell,34,8,2,2,2_2,InflamMac
H-3027,all,80,22,3789,1620,22,87330,0,0,0,0,0,H,59,AT1/AT2,57,22,1,1,1_1,AT2
H-3029,all,11,9,4684,47,6,18447,0,0,0,0,0,H,2,Endothelial progenitor cell,30,9,2,2,2_1,Capillary
H-3030,all,24,13,3898,168,30,79516,0,0,0,0,0,H,2,Proliferative mesenchymal progenitor cell,42,13,3,3,3_3,AdventitialFib
H-3031,all,21,15,3881,520,35,47677,0,0,0,0,0,H,7,Alveolar fibroblast 1,38,15,1,1,1_5_1,LymphaticEndo
H-3032,all,20,14,5458,1227,37,33292,0,0,0,0,0,H,8,Natural killer cell,37,14,3,3,3_4,AdventitialFib
H-3033,all,16,12,5126,1864,10,26325,0,0,0,0,0,H,3,Alveolar type 1 cell,35,12,6,6,6,AT1
H-3035,all,46,29,5236,1810,35,46320,0,0,0,0,0,H,8,Pulmonary neuroendocrine cell,51,31,2,2,2_5,DC
H-3036,all,37,16,4167,1860,19,34217,0,0,0,0,0,H,8,Venous endothelial cell,41,16,7,7,7_3,Tcell (CD8)
H-3038,all,17,15,3822,853,35,49793,0,0,0,0,0,H,6,Pericyte,37,15,5,5,5_3,Pericyte
H-3039,all,23,15,5329,1149,18,38195,0,0,0,0,0,H,8,Alveolar type 1 cell,41,15,1,1,1_5_2,AlveolarFib
H-3040,all,9,7,4523,1164,21,13855,0,0,0,0,0,H,2,Natural killer cell,27,8,2,2,2_2,InflamMac
H-3041,all,21,14,4652,284,15,47019,0,0,0,0,0,H,5,Alveolar fibroblast 1,38,14,2,2,2_3,Vein
H-3042,all,33,22,3927,1750,17,85193,0,0,0,0,0,H,10,Capillary 1 cell,38,21,2,2,2_1,Capillary
H-3044,all,98,26,4470,1142,12,64961,0,0,0,0,0,H,68,Alveolar type 2 cell,60,25,1,1,1_3,AT2
H-3045,all,97,35,4951,216,19,103628,0,0,0,0,0,H,58,AT1/AT2,59,33,1,1,1_3,AT2
H-3046,all,83,29,4204,800,32,75650,0,0,0,0,0,H,8,Alveolar type 1 cell,58,29,6,6,6,AT1
H-3047,all,27,18,4498,68,16,73723,0,0,0,0,0,H,8,CD4+ T cell,42,18,9,9,9,Bcell
H-3048,all,57,34,4178,1703,31,95498,0,0,0,0,0,H,13,Alveolar fibroblast 1,54,34,2,2,2_1,Capillary
H-3049,all,46,28,5018,1725,31,108710,0,0,0,0,0,H,12,Arterial endothelial cell,48,30,2,2,2_4,Artery
H-3050,all,55,30,3859,1123,26,85836,0,0,0,0,0,H,22,Alveolar type 2 cell,52,30,7,7,7_2,PatrolMac
H-3052,all,28,23,4686,309,21,47965,59,0,59,0,1,H,2,Sox9+/Id2+ epithelial cell,39,23,1,1,1_3,AT2
H-3053,all,36,24,4992,1898,27,90017,0,0,0,0,0,H,11,Arterial endothelial cell,42,25,3,3,3_1,SMC
H-3055,all,12,11,3977,821,38,33475,0,0,0,0,0,H,2,Proliferative mesenchymal progenitor cell,31,11,2,2,2_6,pDC
H-3058,all,28,18,5166,1892,17,63427,0,0,0,0,0,H,4,Venous endothelial cell,41,20,2,2,2_5,DC
H-3060,all,89,45,4963,261,29,79057,0,0,0,0,0,H,19,Inflammatory monocyte,60,44,8,8,8_2,InterstitialMac
H-3061,all,46,20,4243,1001,21,63019,0,0,0,0,0,H,9,Alveolar fibroblast 1,46,20,6,6,6,AT1
H-3062,all,96,29,5133,1912,29,86631,0,0,0,0,0,H,13,Alveolar type 1 cell,57,27,6,6,6,AT1
H-3064,all,43,22,4284,1035,13,78139,51,51,0,1,0,H,15,B cell,43,22,9,9,9,Bcell
H-3066,all,33,16,5534,1438,10,45426,0,0,0,0,0,H,9,Arterial endothelial cell,42,16,2,2,2_4,Artery
H-3067,all,61,26,4002,576,18,89186,0,0,0,0,0,H,34,Pericyte,54,26,5,5,5_1,Pericyte
H-3068,all,11,8,4885,260,32,35621,0,0,0,0,0,H,4,Capillary 1 cell,32,8,1,1,1_3,AT2
H-3071,all,49,34,5200,1273,15,64806,0,0,0,0,0,H,9,Classical DC subset 2,50,34,2,2,2_1,Capillary
H-3072,all,49,28,4021,1221,22,81550,0,0,0,0,0,H,9,Inflammatory monocyte,49,28,3,3,3_4,AdventitialFib
H-3073,all,39,25,5104,1660,22,85411,0,0,0,0,0,H,12,Inflammatory monocyte,41,25,9,9,9,Bcell
H-3074,all,23,15,4756,382,24,44396,0,0,0,0,0,H,14,Alveolar type 2 cell,40,17,2,2,2_5,DC
H-3075,all,12,4,5026,85,30,12957,0,0,0,0,0,H,2,Alveolar type 1 cell,37,4,6,6,6,AT1
H-3077,all,67,33,3919,1635,27,84816,0,0,0,0,0,H,13,Sox9+/Id2+ epithelial cell,56,33,3,3,3_6,SCMF
H-3078,all,13,9,3955,318,21,31551,0,0,0,0,0,H,8,Alveolar macrophage,28,9,4,4,4_1_2,ClubEpi
H-3079,all,26,17,4294,1379,37,46407,0,0,0,0,0,H,3,Endothelial progenitor cell,44,17,2,2,2_1,Capillary
H-3080,all,15,3,5484,1287,39,21754,0,0,0,0,0,H,13,Sox9+/Id2+ epithelial cell,40,3,1,1,1_1,AT2
H-3081,all,54,31,4345,1230,21,101212,0,0,0,0,0,H,14,Alveolar type 1 cell,54,31,8,8,8_3,InterstitialMac
H-3082,all,44,20,5318,805,32,63754,0,0,0,0,0,H,6,Alveolar fibroblast 1,46,21,2,2,2_4,Artery
H-3085,all,39,21,4883,1900,18,40010,0,0,0,0,0,H,5,Natural killer cell,42,21,7,7,7_3,Tcell (CD8)
H-3086,all,8,7,3896,1533,20,6647,0,0,0,0,0,H,3,Capillary 1 cell,26,8,2,2,2_1,Capillary
H-3087,all,25,10,5506,1321,26,58272,0,0,0,0,0,H,19,Pericyte,44,10,5,5,5_1,Pericyte
H-3088,all,58,31,5169,1181,13,93355,0,0,0,0,0,H,15,Inflammatory monocyte,54,31,3,3,3_6,SCMF
H-3089,all,29,18,3833,893,36,61174,0,0,0,0,0,H,6,Alveolar fibroblast 1,41,19,3,3,3_1,SMC
H-3090,all,37,22,3965,253,20,78906,0,0,0,0,0,H,19,Pericyte,40,22,5,5,5_1,Pericyte
H-3091,all,28,17,5433,1172,36,73009,0,0,0,0,0,H,3,Alveolar type 1 cell,39,17,6,6,6,AT1
H-3093,all,141,30,4210,1112,30,129411,0,0,0,0,0,H,108,Alveolar type 2 cell,45,10,1,1,1_1,AT2
H-3095,all,31,19,4034,1168,35,62383,0,0,0,0,0,H,18,Pericyte,39,19,5,5,5_1,Pericyte
H-3096,all,37,21,3926,1557,19,40343,0,0,0,0,0,H,5,Capillary 1 cell,42,21,8,8,8_2,InterstitialMac
H-3097,all,62,10,4044,285,18,43965,0,0,0,0,0,H,56,Alveolar type 2 cell,51,10,1,1,1_3,AT2
H-3098,all,38,7,5260,1200,27,41631,0,0,0,0,0,H,34,Sox9+/Id2+ epithelial cell,46,7,1,1,1_1,AT2
H-3099,all,58,28,3842,284,20,96975,0,0,0,0,0,H,14,Alveolar type 1 cell,54,28,6,6,6,AT1
H-3100,all,11,7,4170,701,37,39987,0,0,0,0,0,H,3,Sox9+/Id2+ epithelial cell,35,7,2,2,2_3,Vein
H-3101,all,21,16,5144,1551,19,45952,0,0,0,0,0,H,3,Capillary 2 cell,40,16,2,2,2_1,Capillary
H-3102,all,35,24,4109,1869,33,52802,0,0,0,0,0,H,8,Capillary 1 cell,43,24,6,6,6,AT1
H-3105,all,35,21,4287,1507,29,59214,0,0,0,0,0,H,4,Alveolar type 1 cell,43,21,6,6,6,AT1
H-3106,all,48,35,4715,417,32,62909,0,0,0,0,0,H,8,Airway smooth muscle cell,48,35,3,3,3_6,SCMF
H-3107,all,62,39,4112,1169,32,100268,0,0,0,0,0,H,6,Mesothelial cell,56,40,6,6,6,AT1
H-3109,all,12,9,3888,1701,37,22713,0,0,0,0,0,H,4,Alveolar fibroblast 1,32,10,2,2,2_4,Artery
H-3111,all,25,15,4096,670,38,33230,0,0,0,0,0,H,7,Interstitial macrophage,44,15,8,8,8_3,InterstitialMac
H-3113,all,96,44,5246,1361,29,87750,0,0,0,0,0,H,17,Alveolar type 1 cell,64,43,3,3,3_1,SMC
H-3115,all,7,6,3878,582,36,14596,0,0,0,0,0,H,2,Alveolar fibroblast 1,22,9,2,2,2_3,Vein
H-3119,all,70,31,5107,1479,14,67160,0,0,0,0,0,H,10,Capillary 1 cell,56,31,6,6,6,AT1
H-3122,all,37,25,4050,392,18,61438,0,0,0,0,0,H,14,CD4+ T cell,40,25,1,1,1_5_2,AlveolarFib
H-3123,all,15,14,5298,1571,28,49468,0,0,0,0,0,H,3,Secondary crest myofibroblast,29,14,5,5,5_1,Pericyte
H-3124,all,23,12,4938,19,33,23792,0,0,0,0,0,H,2,Alveolar type 1 cell,44,12,8,8,8_1,AlveolarMac
H-3126,all,29,15,5312,1071,13,48967,0,0,0,0,0,H,12,Arterial endothelial cell,39,15,2,2,2_4,Artery
H-3129,all,28,20,3977,1840,18,70378,0,0,0,0,0,H,9,B cell,43,20,9,9,9,Bcell
H-3130,all,17,14,4064,692,36,26656,0,0,0,0,0,H,6,Alveolar macrophage,33,14,8,8,8_2,InterstitialMac
H-3132,all,47,28,4007,736,15,77298,0,0,0,0,0,H,9,Alveolar type 2 cell,45,27,2,2,2_1,Capillary
H-3133,all,53,30,3785,84,33,82058,0,0,0,0,0,H,9,B cell,53,30,7,7,7_2,PatrolMac
H-3134,all,115,24,4053,770,24,79840,0,0,0,0,0,H,95,Alveolar fibroblast 1,48,13,2,2,2_4,Artery
H-3135,all,53,35,4589,167,23,71037,0,0,0,0,0,H,13,Pericyte,53,35,5,5,5_3,Pericyte
H-3137,all,22,13,4092,834,34,28990,0,0,0,0,0,H,3,Secondary crest myofibroblast,40,13,3,3,3_4,AdventitialFib
H-3139,all,45,25,5134,1512,21,43767,0,0,0,0,0,H,5,Arterial endothelial cell,46,26,2,2,2_4,Artery
H-3143,all,50,31,4625,251,22,96173,0,0,0,0,0,H,15,Alveolar fibroblast 1,55,31,2,2,2_1,Capillary
H-3145,all,110,41,5305,1459,13,115124,0,0,0,0,0,H,16,Arterial endothelial cell,54,32,6,6,6,AT1
H-3146,all,44,25,3925,461,11,93348,50,0,50,0,1,H,11,Chondrocyte,42,24,2,2,2_1,Capillary
H-3147,all,38,25,3796,1015,36,67602,0,0,0,0,0,H,4,Sox9+/Id2+ epithelial cell,42,25,6,6,6,AT1
H-3151,all,24,18,4765,247,12,40604,0,0,0,0,0,H,3,B cell,42,18,1,1,1_3,AT2
H-3153,all,76,19,5246,1404,18,57705,0,0,0,0,0,H,16,Alveolar type 1 cell,54,19,6,6,6,AT1
H-3154,all,17,12,4192,1848,37,36884,0,0,0,0,0,H,4,Endothelial progenitor cell,34,12,3,3,3_6,SCMF
H-3156,all,54,33,4061,1535,27,95520,0,0,0,0,0,H,15,Inflammatory monocyte,54,34,3,3,3_1,SMC
H-3158,all,42,21,4301,748,21,46975,0,0,0,0,0,H,4,Capillary 1 cell,44,21,2,2,2_3,Vein
H-3159,all,29,18,4615,206,30,53835,0,0,0,0,0,H,2,Capillary 1 cell,42,17,2,2,2_1,Capillary
H-3161,all,11,8,4097,549,7,24060,0,0,0,0,0,H,2,Endothelial progenitor cell,34,8,2,2,2_1,Capillary
H-3162,all,83,12,4029,310,16,52180,0,0,0,0,0,H,68,Alveolar type 2 cell,54,12,1,1,1_1,AT2
H-3163,all,19,14,4116,851,32,24349,0,0,0,0,0,H,2,Pericyte,39,14,3,3,3_4,AdventitialFib
H-3165,all,135,26,4220,689,34,84208,0,0,0,0,0,H,118,Alveolar type 2 cell,46,8,1,1,1_1,AT2
H-3169,all,52,24,5004,104,16,76230,0,0,0,0,0,H,24,Alveolar type 1 cell,51,24,6,6,6,AT1
H-3172,all,42,23,5372,818,16,69076,0,0,0,0,0,H,7,CD4+ T cell,43,23,7,7,7_4,PatrolMac
H-3173,all,21,10,4459,22,26,58109,0,0,0,0,0,H,15,Alveolar type 2 cell,43,10,1,1,1_1,AT2
H-3174,all,33,19,5308,1115,16,65820,0,0,0,0,0,H,12,AT1/AT2,41,20,1,1,1_4_1,AlveolarFib
H-3176,all,59,22,4147,1895,12,52881,0,0,0,0,0,H,6,Alveolar type 1 cell,53,22,6,6,6,AT1
H-3178,all,143,45,3994,961,18,133996,0,0,0,0,0,H,40,Alveolar type 1 cell,49,23,6,6,6,AT1
H-3179,all,10,9,5173,1858,6,25207,0,0,0,0,0,H,2,Basophil,27,11,2,2,2_5,DC
H-3180,all,19,18,4118,809,32,32387,0,0,0,0,0,H,2,Inflammatory monocyte,45,19,3,3,3_2,SMC
H-3182,all,39,18,5065,1640,20,64716,0,0,0,0,0,H,7,Alveolar macrophage,41,18,8,8,8_1,AlveolarMac
H-3183,all,51,33,4082,611,24,93020,0,0,0,0,0,H,19,Alveolar fibroblast 1,51,33,3,3,3_4,AdventitialFib
H-3185,all,80,31,3857,555,30,72353,0,0,0,0,0,H,9,CD4+ T cell,57,31,7,7,7_2,PatrolMac
H-3188,all,57,29,4264,1271,30,88590,0,0,0,0,0,H,8,Inflammatory monocyte,54,30,3,3,3_1,SMC
H-3189,all,43,22,4207,918,38,73529,0,0,0,0,0,H,3,CD8+ T cell,45,22,2,2,2_1,Capillary
H-3190,all,22,17,3907,1492,13,20053,0,0,0,0,0,H,6,Alveolar macrophage,40,17,8,8,8_1,AlveolarMac
H-3192,all,48,13,5287,1168,24,62812,0,0,0,0,0,H,35,AT1/AT2,48,13,1,1,1_1,AT2
H-3193,all,23,15,4216,1023,27,49576,0,0,0,0,0,H,3,CD8+ T cell,42,15,9,9,9,Bcell
H-3194,all,78,36,5091,1083,21,115842,0,0,0,0,0,H,23,Secondary crest myofibroblast,56,37,3,3,3_1,SMC
H-3195,all,53,17,5046,49,33,61950,0,0,0,0,0,H,8,Alveolar type 1 cell,51,17,6,6,6,AT1
H-3196,all,25,10,4246,1040,29,35552,0,0,0,0,0,H,12,Sox9+/Id2+ epithelial cell,46,10,1,1,1_1,AT2
H-3199,all,44,16,4352,1164,38,52724,0,0,0,0,0,H,2,Inflammatory monocyte,47,18,2,2,2_5,DC
H-3200,all,131,33,3974,1200,19,132771,0,0,0,0,0,H,96,Inflammatory monocyte,47,13,2,2,2_5,DC
H-3202,all,85,39,3998,160,13,67343,0,0,0,0,0,H,22,Alveolar fibroblast 1,63,39,6,6,6,AT1
H-3203,all,43,27,4236,1577,13,57091,0,0,0,0,0,H,13,Capillary 1 cell,44,27,2,2,2_6,pDC
H-3204,all,67,38,4431,1243,15,79256,0,0,0,0,0,H,11,Inflammatory monocyte,58,40,2,2,2_5,DC
H-3206,all,26,16,4923,1878,15,34450,0,0,0,0,0,H,5,Classical DC subset 2,41,16,7,7,7_3,Tcell (CD8)
H-3207,all,43,22,5337,1618,29,88380,0,0,0,0,0,H,10,Venous endothelial cell,45,22,3,3,3_4,AdventitialFib
H-3208,all,25,16,4729,374,31,35776,0,0,0,0,0,H,6,B cell,43,16,9,9,9,Bcell
H-3209,all,31,19,3929,1511,13,34126,0,0,0,0,0,H,17,Interstitial macrophage,40,19,8,8,8_1,AlveolarMac
H-3213,all,86,39,5496,1412,23,107283,0,0,0,0,0,H,20,Arterial endothelial cell,59,39,2,2,2_4,Artery
H-3215,all,41,27,3962,1091,26,76315,0,0,0,0,0,H,8,Alveolar fibroblast 1,42,27,1,1,1_5_1,LymphaticEndo
H-3217,all,13,5,5257,690,40,6591,0,0,0,0,0,H,11,Sox9+/Id2+ epithelial cell,35,5,6,6,6,AT1
H-3219,all,47,28,4715,326,21,72244,0,0,0,0,0,H,9,Pericyte,47,28,5,5,5_1,Pericyte
H-3221,all,63,16,4761,461,35,59448,0,0,0,0,0,H,42,Alveolar type 2 cell,51,16,1,1,1_1,AT2
H-3222,all,21,15,4829,292,24,38782,0,0,0,0,0,H,2,Endothelial progenitor cell,43,15,2,2,2_6,pDC
H-3223,all,10,8,4266,1596,7,10882,0,0,0,0,0,H,3,Sox9+/Id2+ epithelial cell,31,8,2,2,2_1,Capillary
H-3224,all,32,19,3920,1683,35,41803,0,0,0,0,0,H,6,Alveolar fibroblast 1,41,19,1,1,1_5_4,pDC
H-3226,all,18,13,3885,1514,15,22498,0,0,0,0,0,H,4,Alveolar macrophage,37,13,1,1,1_3,AT2
H-3228,all,28,19,5265,1555,20,62531,0,0,0,0,0,H,3,CD8+ T cell,41,19,7,7,7_2,PatrolMac
H-3230,all,66,37,4167,850,25,81237,0,0,0,0,0,H,13,Pericyte,60,37,5,5,5_1,Pericyte
H-3232,all,99,56,4009,1887,25,119820,0,0,0,0,0,H,21,B cell,63,51,9,9,9,Bcell
H-3234,all,55,27,4802,425,22,69547,50,0,50,0,1,H,32,Interstitial macrophage,54,28,3,3,3_1,SMC
H-3235,all,34,17,4021,622,14,57795,0,0,0,0,0,H,14,Sox9+/Id2+ epithelial cell,42,16,2,2,2_1,Capillary
H-3237,all,21,14,4820,260,14,45232,0,0,0,0,0,H,2,Natural killer cell,39,15,2,2,2_2,InflamMac
H-3240,all,25,12,5106,1049,39,31257,0,0,0,0,0,H,11,Secondary crest myofibroblast,42,13,3,3,3_1,SMC
H-3242,all,39,17,5083,1619,28,48214,0,0,0,0,0,H,4,Alveolar macrophage,44,17,8,8,8_1,AlveolarMac
H-3251,all,37,21,5534,1400,31,50228,0,0,0,0,0,H,4,Capillary 1 cell,42,21,2,2,2_1,Capillary
H-3255,all,27,20,4288,720,24,48294,0,0,0,0,0,H,5,Secondary crest myofibroblast,40,20,2,2,2_3,Vein
H-3257,all,16,6,4055,583,16,27256,0,0,0,0,0,H,12,Sox9+/Id2+ epithelial cell,39,6,1,1,1_1,AT2
H-3258,all,13,9,4419,34,34,27338,0,0,0,0,0,H,4,Sox9+/Id2+ epithelial cell,34,9,2,2,2_3,Vein
H-3259,all,30,17,3948,1064,31,50068,0,0,0,0,0,H,4,Sox9+/Id2+ epithelial cell,43,18,2,2,2_1,Capillary
H-3261,all,31,10,4960,37,31,28033,0,0,0,0,0,H,8,Endothelial progenitor cell,43,10,2,2,2_1,Capillary
H-3264,all,28,13,5095,1926,36,43325,0,0,0,0,0,H,10,Alveolar type 1 cell,38,14,3,3,3_1,SMC
H-3267,all,57,34,4351,3573,31,45562,0,0,0,0,0,H,7,Alveolar fibroblast 1,55,35,3,3,3_1,SMC
H-3268,all,61,28,4759,2142,16,83198,0,0,0,0,0,H,18,Alveolar macrophage,54,28,8,8,8_1,AlveolarMac
H-3270,all,36,22,5230,3135,8,58727,0,0,0,0,0,H,15,Pericyte,41,22,5,5,5_1,Pericyte
H-3271,all,48,24,4867,2945,10,65306,0,0,0,0,0,H,13,Sox9+/Id2+ epithelial cell,52,26,2,2,2_5,DC
H-3272,all,24,19,5510,3146,30,56401,0,0,0,0,0,H,4,Pericyte,43,19,5,5,5_1,Pericyte
H-3273,all,20,12,5333,3777,16,41295,0,0,0,0,0,H,5,Capillary 1 cell,39,12,2,2,2_6,pDC
H-3274,all,57,31,4769,3541,10,49566,0,0,0,0,0,H,17,Proliferative mesenchymal progenitor cell,54,32,3,3,3_1,SMC
H-3277,all,26,13,4920,2006,26,50899,0,0,0,0,0,H,17,Sox9+/Id2+ epithelial cell,46,13,5,5,5_1,Pericyte
H-3278,all,36,20,5607,2449,24,85319,0,0,0,0,0,H,18,B cell,42,20,9,9,9,Bcell
H-3279,all,125,56,4407,3666,16,131197,0,0,0,0,0,H,11,Alveolar fibroblast 1,47,32,1,1,1_5_2,AlveolarFib
H-3280,all,39,27,5606,3776,29,71325,0,0,0,0,0,H,5,Alveolar fibroblast 1,43,27,3,3,3_4,AdventitialFib
H-3281,all,61,33,5539,3626,16,138594,0,0,0,0,0,H,7,Venous endothelial cell,55,33,4,4,4_1_1,ClubEpi
H-3283,all,17,11,5176,2272,40,34233,0,0,0,0,0,H,5,CD4+ T cell,36,11,7,7,7_2,PatrolMac
H-3284,all,26,15,4371,3615,28,37460,0,0,0,0,0,H,3,B cell,40,15,2,2,2_6,pDC
H-3286,all,21,15,3830,3755,24,39337,0,0,0,0,0,H,5,Arterial endothelial cell,40,15,2,2,2_1,Capillary
H-3287,all,130,23,5237,2668,17,74252,0,0,0,0,0,H,105,Alveolar type 2 cell,51,13,1,1,1_1,AT2
H-3288,all,75,36,5576,3368,17,94729,0,0,0,0,0,H,21,Proliferative mesenchymal progenitor cell,56,36,2,2,2_3,Vein
H-3290,all,42,23,4956,3665,20,57933,0,0,0,0,0,H,11,B cell,43,23,7,7,7_2,PatrolMac
H-3291,all,51,37,4988,3639,13,49225,0,0,0,0,0,H,7,Interstitial macrophage,51,37,5,5,5_3,Pericyte
H-3293,all,61,9,3916,3472,41,11919,9646,1220,8426,0.1264773,0.8735227,H,30,Alveolar type 2 cell,51,9,1,1,1_3,AT2
H-3295,all,14,9,4524,2114,31,41943,0,0,0,0,0,H,8,Pericyte,29,9,5,5,5_1,Pericyte
H-3296,all,25,8,5399,3684,7,14457,0,0,0,0,0,H,20,Megakaryocyte/Platelet,43,9,3,3,3_1,SMC
H-3297,all,29,22,4719,3154,28,73337,0,0,0,0,0,H,9,B cell,39,22,9,9,9,Bcell
H-3298,all,13,10,4546,3719,7,22312,0,0,0,0,0,H,4,CD4+ T cell,32,11,1,1,1_4_1,AlveolarFib
H-3301,all,130,33,5296,2771,35,54865,0,0,0,0,0,H,82,Alveolar type 2 cell,45,15,1,1,1_3,AT2
H-3302,all,45,27,5237,2182,38,51086,0,0,0,0,0,H,11,Capillary 1 cell,46,27,1,1,1_3,AT2
H-3303,all,26,17,4771,3280,17,71081,0,0,0,0,0,H,8,CD4+ T cell,44,17,2,2,2_6,pDC
H-3304,all,148,37,4913,2906,7,73148,0,0,0,0,0,H,18,Alveolar type 1 cell,48,17,6,6,6,AT1
H-3305,all,72,28,4757,2476,19,97642,0,0,0,0,0,H,16,Alveolar type 1 cell,52,28,6,6,6,AT1
H-3306,all,44,30,4984,2865,12,59872,0,0,0,0,0,H,11,Alveolar fibroblast 1,45,31,2,2,2_4,Artery
H-3307,all,16,13,4824,3740,32,27378,0,0,0,0,0,H,8,Pericyte,34,13,5,5,5_1,Pericyte
H-3308,all,23,13,5029,3525,37,30722,0,0,0,0,0,H,6,Alveolar fibroblast 1,43,14,1,1,1_5_1,LymphaticEndo
H-3309,all,17,12,5048,2964,32,40352,0,0,0,0,0,H,7,Capillary 2 cell,34,12,7,7,7_3,Tcell (CD8)
H-3310,all,20,14,4916,2270,22,69408,0,0,0,0,0,H,7,Capillary 2 cell,38,14,5,5,5_3,Pericyte
H-3313,all,30,23,5128,3630,35,33154,0,0,0,0,0,H,8,Inflammatory monocyte,42,25,2,2,2_5,DC
H-3315,all,15,12,4861,2207,7,22333,0,0,0,0,0,H,7,Airway smooth muscle cell,30,12,3,3,3_6,SCMF
H-3316,all,61,38,5130,2650,19,116466,0,0,0,0,0,H,16,Proliferative mesenchymal progenitor cell,57,38,7,7,7_3,Tcell (CD8)
H-3317,all,39,30,3784,3715,20,89591,0,0,0,0,0,H,10,B cell,41,30,9,9,9,Bcell
H-3318,all,15,11,4591,3152,6,20142,0,0,0,0,0,H,4,B cell,30,11,9,9,9,Bcell
H-3319,all,60,40,5118,2754,23,106983,0,0,0,0,0,H,18,Alveolar fibroblast 1,57,40,9,9,9,Bcell
H-3320,all,135,44,3962,3792,26,94951,637,0,637,0,1,H,15,Alveolar type 1 cell,45,19,6,6,6,AT1
H-3321,all,132,17,4287,3635,31,34124,65570,23201,52277,0.3073876,0.6926124,H,32,Alveolar type 2 cell,53,8,1,1,1_3,AT2
H-3324,all,26,19,4992,2140,36,51185,0,0,0,0,0,H,8,Alveolar fibroblast 1,44,20,1,1,1_5_1,LymphaticEndo
H-3326,all,31,21,4527,3603,21,50923,0,0,0,0,0,H,11,Pericyte,40,21,5,5,5_1,Pericyte
H-3328,all,47,33,4959,3600,14,84102,0,0,0,0,0,H,12,Pericyte,47,33,5,5,5_1,Pericyte
H-3330,all,17,14,4478,3621,20,37633,0,0,0,0,0,H,5,Capillary 1 cell,34,14,9,9,9,Bcell
H-3331,all,12,7,4495,2235,31,29106,0,0,0,0,0,H,4,Capillary 1 cell,38,9,2,2,2_3,Vein
H-3332,all,99,50,5322,2484,18,90937,0,0,0,0,0,H,31,Alveolar fibroblast 1,62,47,1,1,1_5_1,LymphaticEndo
H-3335,all,77,35,4552,3656,21,52738,0,0,0,0,0,H,20,Alveolar type 1 cell,57,35,6,6,6,AT1
H-3338,all,63,24,4600,3106,13,58182,0,0,0,0,0,H,43,B cell,54,24,9,9,9,Bcell
H-3341,all,24,13,5439,2393,37,36394,0,0,0,0,0,H,3,Mast cell,41,13,7,7,7_4,PatrolMac
H-3342,all,171,29,3871,3650,27,71845,6815,1990,4825,0.2920029,0.7079971,H,13,Alveolar macrophage,55,13,8,8,8_1,AlveolarMac
H-3345,all,146,39,3800,3666,27,73120,265992,33248,232744,0.1249962,0.8750038,H,10,Alveolar fibroblast 1,50,13,1,1,1_5_2,AlveolarFib
H-3346,all,91,45,4001,3728,12,61347,0,0,0,0,0,H,16,Arterial endothelial cell,64,45,3,3,3_1,SMC
H-3347,all,56,27,4851,3359,11,69514,0,0,0,0,0,H,4,Endothelial progenitor cell,54,27,2,2,2_3,Vein
H-3352,all,12,8,4916,2516,14,30381,0,0,0,0,0,H,4,Alveolar fibroblast 1,30,8,1,1,1_5_4,pDC
H-3353,all,24,15,4759,3586,13,32241,0,0,0,0,0,H,4,Capillary 1 cell,40,15,8,8,8_2,InterstitialMac
H-3355,all,55,36,3903,3790,21,99309,0,0,0,0,0,H,12,Capillary 1 cell,53,36,2,2,2_3,Vein
H-3356,all,111,44,4827,3499,19,101737,0,0,0,0,0,H,19,Alveolar fibroblast 1,61,37,1,1,1_5_1,LymphaticEndo
H-3360,all,11,9,4797,2535,27,37310,0,0,0,0,0,H,7,B cell,25,9,5,5,5_3,Pericyte
H-3361,all,104,57,4603,3670,22,91618,0,0,0,0,0,H,25,Pericyte,63,50,5,5,5_3,Pericyte
H-3367,all,11,6,4223,2026,7,11845,0,0,0,0,0,H,7,Alveolar type 1 cell,31,6,6,6,6,AT1
H-3369,all,21,17,4720,2292,10,59910,0,0,0,0,0,H,8,Vascular smooth muscle cell,39,17,2,2,2_1,Capillary
H-3371,all,44,28,5566,2495,33,51044,0,0,0,0,0,H,11,Arterial endothelial cell,45,29,2,2,2_4,Artery
H-3372,all,87,31,4877,2023,32,69257,0,0,0,0,0,H,64,Alveolar type 2 cell,60,30,1,1,1_1,AT2
H-3373,all,37,25,4724,3269,28,71331,0,0,0,0,0,H,3,Capillary 1 cell,41,25,2,2,2_3,Vein
H-3374,all,19,12,4612,3176,4,17688,0,0,0,0,0,H,3,Pericyte,38,12,5,5,5_3,Pericyte
H-3377,all,55,28,4529,3235,18,87632,117,0,117,0,1,H,9,Sox9+/Id2+ epithelial cell,54,28,1,1,1_3,AT2
H-3378,all,28,18,4792,3688,29,37638,0,0,0,0,0,H,8,Sox9+/Id2+ epithelial cell,40,18,2,2,2_3,Vein
H-3380,all,75,42,4846,3435,21,74832,0,0,0,0,0,H,23,Alveolar fibroblast 1,56,42,8,8,8_1,AlveolarMac
H-3382,all,41,25,5360,3223,28,81258,0,0,0,0,0,H,5,Venous endothelial cell,43,26,2,2,2_5,DC
H-3383,all,67,12,4655,3311,21,30614,0,0,0,0,0,H,47,AT1/AT2,50,12,1,1,1_1,AT2
H-3384,all,36,28,4266,2033,36,46043,0,0,0,0,0,H,11,Secretory cell,37,28,6,6,6,AT1
H-3388,all,27,13,5426,3676,8,17931,0,0,0,0,0,H,16,Alveolar type 2 cell,43,13,1,1,1_1,AT2
H-3389,all,73,44,5443,3318,24,101795,0,0,0,0,0,H,15,Venous endothelial cell,58,45,3,3,3_1,SMC
H-3395,all,57,27,4455,3509,19,38421,0,0,0,0,0,H,13,Alveolar type 1 cell,54,27,6,6,6,AT1
H-3396,all,74,32,5504,3675,27,95225,0,0,0,0,0,H,19,Alveolar macrophage,52,32,8,8,8_1,AlveolarMac
H-3397,all,21,15,5164,3071,29,69395,0,0,0,0,0,H,3,Neutrophil,39,15,2,2,2_3,Vein
H-3399,all,26,20,3835,3111,22,58172,0,0,0,0,0,H,7,Alveolar type 1 cell,45,20,6,6,6,AT1
H-3400,all,76,25,5043,3074,26,61514,0,0,0,0,0,H,47,Alveolar type 2 cell,56,25,1,1,1_1,AT2
H-3403,all,144,49,5568,2687,28,126255,0,0,0,0,0,H,20,Alveolar macrophage,55,32,8,8,8_1,AlveolarMac
H-3404,all,64,19,5033,2605,32,44507,0,0,0,0,0,H,7,Arterial endothelial cell,54,19,6,6,6,AT1
H-3406,all,45,27,3842,3574,30,66130,0,0,0,0,0,H,5,Capillary 1 cell,45,26,2,2,2_1,Capillary
H-3407,all,76,39,4640,3031,25,86662,0,0,0,0,0,H,45,Endothelial progenitor cell,54,39,2,2,2_6,pDC
H-3408,all,27,18,4725,2974,10,37951,0,0,0,0,0,H,2,Alveolar type 1 cell,39,19,1,1,1_4_1,AlveolarFib
H-3409,all,29,17,5011,2893,29,57926,0,0,0,0,0,H,5,Alveolar fibroblast 1,39,18,2,2,2_4,Artery
H-3411,all,52,31,5335,2937,36,61259,0,0,0,0,0,H,21,B cell,52,31,3,3,3_4,AdventitialFib
H-3414,all,16,11,3889,3192,19,27275,0,0,0,0,0,H,2,Proliferative mesenchymal progenitor cell,33,11,5,5,5_1,Pericyte
H-3416,all,119,49,5406,3381,21,111522,0,0,0,0,0,H,28,Alveolar macrophage,47,27,8,8,8_1,AlveolarMac
H-3417,all,174,48,4594,3794,29,106703,76798,85589,5151,0.9432334,0.05676659,H,62,Alveolar type 2 cell,48,16,1,1,1_3,AT2
H-3418,all,13,11,5357,2207,10,29037,0,0,0,0,0,H,5,Alveolar fibroblast 1,27,12,3,3,3_1,SMC
H-3419,all,149,38,4682,3346,13,71263,198,133,65,0.6717172,0.3282828,H,100,Alveolar type 2 cell,47,16,1,1,1_1,AT2
H-3422,all,34,25,5346,2347,29,42646,0,0,0,0,0,H,9,Inflammatory monocyte,41,27,2,2,2_5,DC
H-3423,all,18,14,4446,3598,25,36507,0,0,0,0,0,H,2,Alveolar fibroblast 1,42,15,1,1,1_5_1,LymphaticEndo
H-3424,all,63,24,3852,3186,21,73441,5887,4866,1364,0.7810594,0.2189406,H,22,Capillary 1 cell,53,24,9,9,9,Bcell
H-3425,all,170,38,5302,3480,24,90100,0,0,0,0,0,H,125,Alveolar type 2 cell,45,13,1,1,1_3,AT2
H-3426,all,86,25,4610,3043,26,57423,0,0,0,0,0,H,64,Alveolar type 2 cell,56,24,1,1,1_1,AT2
H-3427,all,48,29,4706,3754,23,87220,0,0,0,0,0,H,7,Inflammatory monocyte,48,29,6,6,6,AT1
H-3429,all,99,26,4582,3058,23,64891,0,0,0,0,0,H,75,Alveolar type 2 cell,55,22,3,3,3_5,SMC
H-3431,all,109,50,4793,3761,32,95425,0,0,0,0,0,H,21,Alveolar fibroblast 1,62,38,1,1,1_5_1,LymphaticEndo
H-3432,all,21,17,4747,3237,36,32677,0,0,0,0,0,H,4,Alveolar fibroblast 1,40,17,2,2,2_3,Vein
H-3433,all,6,5,5115,3567,10,23531,0,0,0,0,0,H,2,Proliferative mesenchymal progenitor cell,24,8,3,3,3_1,SMC
H-3434,all,11,8,4502,2137,33,30567,0,0,0,0,0,H,8,Pericyte,24,9,3,3,3_5,SMC
H-3435,all,63,33,4785,2445,15,78521,0,0,0,0,0,H,8,Capillary 1 cell,55,32,2,2,2_1,Capillary
H-3436,all,197,40,3963,3241,23,95845,31013,32193,1630,0.9518079,0.04819206,H,14,Sox9+/Id2+ epithelial cell,59,20,1,1,1_3,AT2
H-3437,all,10,8,4235,2002,5,8372,0,0,0,0,0,H,2,Endothelial progenitor cell,29,9,2,2,2_1,Capillary
H-3438,all,139,26,5547,2237,25,98909,0,0,0,0,0,H,110,Alveolar type 2 cell,49,12,1,1,1_3,AT2
H-3440,all,19,14,4035,3724,6,13023,0,0,0,0,0,H,2,Natural killer cell,37,15,1,1,1_6_2,Neutrophil
H-3442,all,16,10,5126,1976,40,28399,0,0,0,0,0,H,3,Endothelial progenitor cell,35,10,2,2,2_6,pDC
H-3443,all,51,32,4225,3772,25,106334,0,0,0,0,0,H,8,Sox9+/Id2+ epithelial cell,51,32,5,5,5_3,Pericyte
H-3444,all,30,22,5161,2046,19,65216,0,0,0,0,0,H,5,Pericyte,37,22,5,5,5_1,Pericyte
H-3445,all,88,41,5072,2583,25,110434,0,0,0,0,0,H,24,Arterial endothelial cell,61,41,5,5,5_1,Pericyte
H-3448,all,15,10,4843,3042,37,43595,0,0,0,0,0,H,4,Capillary 1 cell,33,11,2,2,2_1,Capillary
H-3451,all,18,13,5040,2913,37,28530,0,0,0,0,0,H,5,Alveolar type 1 cell,38,14,1,1,1_4_3,AlveolarFib
H-3452,all,34,25,4479,3571,20,74695,0,0,0,0,0,H,6,Capillary 1 cell,39,24,2,2,2_1,Capillary
H-3456,all,34,16,3975,3613,8,35976,0,0,0,0,0,H,9,B cell,42,16,9,9,9,Bcell
H-3457,all,19,14,5442,3377,36,18878,0,0,0,0,0,H,4,Capillary 1 cell,38,14,2,2,2_6,pDC
H-3458,all,34,20,5034,2862,28,42538,0,0,0,0,0,H,8,Alveolar fibroblast 1,43,20,7,7,7_3,Tcell (CD8)
H-3461,all,33,17,5267,2632,27,69973,0,0,0,0,0,H,11,Capillary 1 cell,43,17,2,2,2_3,Vein
H-3462,all,25,19,4838,3277,16,80312,0,0,0,0,0,H,9,Pericyte,44,19,5,5,5_1,Pericyte
H-3463,all,17,16,4886,2475,20,51422,0,0,0,0,0,H,4,Capillary 1 cell,36,17,2,2,2_3,Vein
H-3464,all,16,13,4491,3435,37,24665,0,0,0,0,0,H,2,Sox9+/Id2+ epithelial cell,31,13,2,2,2_3,Vein
H-3465,all,60,32,5325,3510,31,64581,0,0,0,0,0,H,25,Alveolar type 2 cell,55,32,2,2,2_3,Vein
H-3468,all,12,11,4802,2026,19,41449,0,0,0,0,0,H,3,Pericyte,30,11,7,7,7_3,Tcell (CD8)
H-3469,all,38,26,4768,2587,16,48901,0,0,0,0,0,H,10,Arterial endothelial cell,46,27,3,3,3_1,SMC
H-3470,all,15,11,5578,2829,6,20488,0,0,0,0,0,H,4,Endothelial progenitor cell,30,11,2,2,2_3,Vein
H-3473,all,23,19,5326,3213,23,48191,0,0,0,0,0,H,3,Alveolar fibroblast 1,44,19,1,1,1_5_2,AlveolarFib
H-3474,all,52,30,4996,2368,18,102373,0,0,0,0,0,H,11,Inflammatory monocyte,52,30,2,2,2_3,Vein
H-3475,all,14,9,3846,3806,36,32850,0,0,0,0,0,H,4,CD4+ T cell,29,9,7,7,7_2,PatrolMac
H-3476,all,16,10,4100,3792,4,11163,0,0,0,0,0,H,3,Alveolar type 1 cell,31,10,6,6,6,AT1
H-3478,all,100,28,5392,2331,34,56486,0,0,0,0,0,H,20,Alveolar type 1 cell,56,26,6,6,6,AT1
H-3479,all,22,16,4765,2062,12,36178,0,0,0,0,0,H,3,Arterial endothelial cell,41,16,7,7,7_2,PatrolMac
H-3480,all,22,15,4897,2299,30,51581,0,0,0,0,0,H,6,Secondary crest myofibroblast,38,15,3,3,3_4,AdventitialFib
H-3481,all,24,16,4943,2137,18,84817,0,0,0,0,0,H,7,Capillary 1 cell,42,16,2,2,2_1,Capillary
H-3482,all,22,15,4752,2192,33,46344,0,0,0,0,0,H,9,CD8+ T cell,41,15,2,2,2_1,Capillary
H-3483,all,117,66,4715,3531,11,110755,0,0,0,0,0,H,16,Natural killer cell,47,35,7,7,7_2,PatrolMac
H-3485,all,86,37,4247,3520,33,111256,53,0,53,0,1,H,8,Inflammatory monocyte,62,37,2,2,2_5,DC
H-3486,all,71,43,5484,3114,14,86252,0,0,0,0,0,H,15,Capillary 1 cell,58,43,2,2,2_3,Vein
H-3487,all,67,39,4815,3708,26,64726,0,0,0,0,0,H,18,Arterial endothelial cell,60,39,2,2,2_3,Vein
H-3488,all,55,30,3906,3425,28,76204,0,0,0,0,0,H,4,Capillary 1 cell,56,31,2,2,2_1,Capillary
H-3490,all,22,15,4512,2176,29,52512,0,0,0,0,0,H,8,Alveolar fibroblast 1,41,15,2,2,2_6,pDC
H-3492,all,39,30,5062,2121,32,78961,0,0,0,0,0,H,12,Venous endothelial cell,39,30,2,2,2_3,Vein
H-3493,all,28,8,4425,2152,30,19197,0,0,0,0,0,H,25,Alveolar type 2 cell,43,8,1,1,1_3,AT2
H-3494,all,42,27,5068,3584,13,67981,0,0,0,0,0,H,5,Natural killer cell,44,28,2,2,2_5,DC
H-3495,all,16,14,4540,2215,39,41328,0,0,0,0,0,H,3,CD8+ T cell,35,14,7,7,7_2,PatrolMac
H-3496,all,28,15,4476,3482,14,32023,0,0,0,0,0,H,5,Alveolar type 1 cell,40,15,6,6,6,AT1
H-3497,all,34,24,4931,2069,26,61761,0,0,0,0,0,H,9,T regulatory cell,41,24,7,7,7_2,PatrolMac
H-3499,all,14,9,3865,3747,14,27178,0,0,0,0,0,H,3,Inflammatory monocyte,30,9,1,1,1_3,AT2
H-3501,all,30,20,5307,2856,33,48106,0,0,0,0,0,H,12,Pericyte,38,20,5,5,5_3,Pericyte
H-3502,all,38,15,3865,3087,23,71209,0,0,0,0,0,H,10,Alveolar fibroblast 1,43,16,3,3,3_1,SMC
H-3503,all,45,23,3852,3046,30,62029,0,0,0,0,0,H,9,Sox9+/Id2+ epithelial cell,45,23,2,2,2_3,Vein
H-3505,all,104,38,5312,2438,16,78836,0,0,0,0,0,H,57,Alveolar type 2 cell,56,30,1,1,1_1,AT2
H-3506,all,61,28,4502,3349,28,61012,362,51,261,0.1634615,0.8365385,H,21,Capillary 1 cell,55,28,2,2,2_3,Vein
H-3507,all,37,30,5396,3212,26,56205,0,0,0,0,0,H,8,Inflammatory monocyte,41,31,2,2,2_5,DC
H-3509,all,20,14,4280,2180,15,27889,0,0,0,0,0,H,5,Alveolar fibroblast 1,40,15,2,2,2_4,Artery
H-3510,all,18,11,5176,2708,7,15935,0,0,0,0,0,H,7,Venous endothelial cell,36,11,2,2,2_1,Capillary
H-3513,all,11,10,5550,3204,9,14876,0,0,0,0,0,H,3,B cell,31,11,3,3,3_5,SMC
H-3515,all,13,7,4789,2198,25,30626,0,0,0,0,0,H,6,Endothelial progenitor cell,35,7,2,2,2_6,pDC
H-3516,all,28,20,4500,1987,27,75634,0,0,0,0,0,H,8,Ciliated cell,44,19,2,2,2_1,Capillary
H-3519,all,51,25,4272,2147,8,33634,0,0,0,0,0,H,26,Alveolar type 2 cell,50,25,1,1,1_3,AT2
H-3522,all,7,7,4817,2206,10,30753,0,0,0,0,0,H,3,Sox9+/Id2+ epithelial cell,22,10,3,3,3_6,SCMF
H-3523,all,36,23,5594,2779,31,62712,0,0,0,0,0,H,5,Capillary 1 cell,39,23,8,8,8_2,InterstitialMac
H-3526,all,31,21,5005,3237,30,47433,0,0,0,0,0,H,4,Capillary 1 cell,42,23,2,2,2_5,DC
H-3527,all,84,40,4334,3775,21,119937,0,0,0,0,0,H,18,Arterial endothelial cell,61,40,2,2,2_4,Artery
H-3528,all,31,20,5289,2509,39,27147,0,0,0,0,0,H,6,CD8+ T cell,42,21,2,2,2_2,InflamMac
H-3530,all,65,37,5369,2265,31,81874,0,0,0,0,0,H,16,Vascular smooth muscle cell,57,37,5,5,5_3,Pericyte
H-3533,all,30,22,5005,3181,24,73685,0,0,0,0,0,H,10,Sox9+/Id2+ epithelial cell,37,22,2,2,2_3,Vein
H-3534,all,50,25,4308,1997,37,69930,0,0,0,0,0,H,8,Alveolar type 1 cell,50,25,6,6,6,AT1
H-3535,all,15,13,5166,2016,19,38274,0,0,0,0,0,H,2,Sox9+/Id2+ epithelial cell,31,13,1,1,1_3,AT2
H-3536,all,59,33,3926,3369,20,103712,0,0,0,0,0,H,6,Capillary 1 cell,57,33,8,8,8_2,InterstitialMac
H-3541,all,17,16,4473,3413,36,26202,0,0,0,0,0,H,4,Capillary 2 cell,38,17,2,2,2_1,Capillary
H-3542,all,31,22,4549,3045,25,70540,0,0,0,0,0,H,15,Alveolar fibroblast 2,38,22,3,3,3_3,AdventitialFib
H-3545,all,43,24,4912,2992,29,75162,0,0,0,0,0,H,21,Pericyte,44,24,5,5,5_1,Pericyte
H-3546,all,66,39,3817,3542,24,93350,0,0,0,0,0,H,12,Pericyte,58,39,5,5,5_1,Pericyte
H-3549,all,19,7,4864,2057,23,21858,0,0,0,0,0,H,11,Sox9+/Id2+ epithelial cell,42,7,6,6,6,AT1
H-3551,all,35,14,4835,2066,29,50553,0,0,0,0,0,H,10,Alveolar type 1 cell,42,14,6,6,6,AT1
H-3553,all,17,14,4713,3034,10,28143,0,0,0,0,0,H,2,Alveolar type 1 cell,36,15,3,3,3_1,SMC
H-3556,all,65,28,5549,2459,37,31326,0,0,0,0,0,H,36,Sox9+/Id2+ epithelial cell,55,28,2,2,2_3,Vein
H-3558,all,23,11,4550,3759,42,5867,0,0,0,0,0,H,2,Alveolar macrophage,40,11,8,8,8_1,AlveolarMac
H-3560,all,105,39,3895,3562,30,91099,0,0,0,0,0,H,9,Pericyte,57,31,6,6,6,AT1
H-3564,all,18,15,5026,2393,13,44417,0,0,0,0,0,H,5,Capillary 1 cell,37,16,3,3,3_5,SMC
H-3565,all,22,14,4476,2187,23,50917,0,0,0,0,0,H,12,Sox9+/Id2+ epithelial cell,41,14,2,2,2_6,pDC
H-3567,all,204,20,3914,3269,12,59563,43968,21753,22215,0.4947462,0.5052538,H,52,Alveolar type 2 cell,57,8,1,1,1_3,AT2
H-3568,all,66,32,4458,3203,13,91198,0,0,0,0,0,H,18,Pericyte,56,32,5,5,5_3,Pericyte
H-3569,all,65,23,4653,2222,32,86824,0,0,0,0,0,H,38,Pericyte,54,23,5,5,5_1,Pericyte
H-3571,all,26,18,4900,2073,25,39602,0,0,0,0,0,H,10,Sox9+/Id2+ epithelial cell,45,19,2,2,2_1,Capillary
H-3572,all,12,10,3955,3183,36,23638,0,0,0,0,0,H,5,Airway smooth muscle cell,31,11,3,3,3_1,SMC
H-3575,all,70,22,4710,2220,38,42511,0,0,0,0,0,H,45,Alveolar type 2 cell,54,22,1,1,1_1,AT2
H-3577,all,51,31,3826,3145,20,60442,0,0,0,0,0,H,10,Sox9+/Id2+ epithelial cell,51,31,2,2,2_3,Vein
H-3578,all,40,29,4720,3317,8,63285,0,0,0,0,0,H,4,Alveolar type 1 cell,41,29,6,6,6,AT1
H-3580,all,32,23,4943,2248,33,47082,0,0,0,0,0,H,12,Alveolar macrophage,38,23,2,2,2_6,pDC
H-3583,all,102,47,4952,3279,34,82426,0,0,0,0,0,H,14,Endothelial progenitor cell,60,40,2,2,2_2,InflamMac
H-3584,all,55,24,4440,3461,24,57236,0,0,0,0,0,H,10,Alveolar type 1 cell,51,24,6,6,6,AT1
H-3585,all,121,37,3846,3277,11,71780,9728,0,9728,0,1,H,28,Sox9+/Id2+ epithelial cell,47,16,2,2,2_2,InflamMac
H-3587,all,7,6,4847,3002,41,15705,0,0,0,0,0,H,2,Alveolar fibroblast 1,24,8,3,3,3_1,SMC
H-3588,all,9,5,4366,2185,36,15655,0,0,0,0,0,H,2,Sox9+/Id2+ epithelial cell,21,6,3,3,3_6,SCMF
H-3590,all,6,6,4890,2503,11,24797,0,0,0,0,0,H,3,Secretory cell,24,9,2,2,2_6,pDC
H-3593,all,32,22,5292,2816,36,29696,0,0,0,0,0,H,15,Pericyte,38,22,5,5,5_3,Pericyte
H-3595,all,66,34,4910,2632,27,103020,0,0,0,0,0,H,8,Natural killer cell,57,35,3,3,3_1,SMC
H-3596,all,43,26,4678,3036,12,48899,0,0,0,0,0,H,4,CD8+ T cell,45,27,2,2,2_5,DC
H-3599,all,9,7,5268,2847,41,13673,0,0,0,0,0,H,6,Capillary 1 cell,24,8,5,5,5_1,Pericyte
H-3601,all,19,6,4003,3775,5,6777,220,0,220,0,1,H,9,Alveolar type 2 cell,39,6,1,1,1_1,AT2
H-3604,all,11,9,5336,2183,11,27838,0,0,0,0,0,H,8,Alveolar fibroblast 1,30,10,3,3,3_1,SMC
H-3607,all,84,29,5211,2332,33,105522,0,0,0,0,0,H,15,Alveolar type 1 cell,53,29,6,6,6,AT1
H-3608,all,67,40,5358,2407,28,81738,0,0,0,0,0,H,14,Alveolar type 2 cell,59,40,1,1,1_3,AT2
H-3611,all,152,39,4744,3725,31,90356,0,0,0,0,0,H,37,Sox9+/Id2+ epithelial cell,50,19,6,6,6,AT1
H-3612,all,221,56,4282,3675,24,136950,96868,36354,50606,0.4180543,0.5819457,H,44,Alveolar type 2 cell,53,22,1,1,1_3,AT2
H-3615,all,19,8,4653,2489,36,19262,0,0,0,0,0,H,17,Pericyte,41,8,3,3,3_4,AdventitialFib
H-3624,all,43,22,4312,2159,24,61208,0,0,0,0,0,H,6,Airway smooth muscle cell,44,23,3,3,3_1,SMC
H-3625,all,15,7,5349,2129,4,8120,0,0,0,0,0,H,6,Sox9+/Id2+ epithelial cell,36,7,1,1,1_1,AT2
H-3626,all,80,27,3819,3206,25,50826,18866,6195,11947,0.3414728,0.6585272,H,16,B cell,57,27,9,9,9,Bcell
H-3627,all,13,10,4833,2517,29,34569,0,0,0,0,0,H,5,Pericyte,34,10,5,5,5_1,Pericyte
H-3629,all,56,30,4538,3680,15,46617,0,0,0,0,0,H,19,Alveolar type 1 cell,53,30,6,6,6,AT1
H-3630,all,24,13,3921,3228,20,12463,1161,1003,158,0.8639104,0.1360896,H,8,Alveolar type 2 cell,40,13,1,1,1_3,AT2
H-3631,all,19,11,4777,2030,8,25693,0,0,0,0,0,H,4,CD8+ T cell,36,11,6,6,6,AT1
H-3634,all,7,5,4809,3648,17,14489,0,0,0,0,0,H,3,Alveolar type 1 cell,23,7,6,6,6,AT1
H-3636,all,45,31,5349,2312,29,40782,0,0,0,0,0,H,8,Alveolar fibroblast 1,51,33,2,2,2_5,DC
H-3644,all,12,8,4436,2195,24,21559,0,0,0,0,0,H,6,Alveolar fibroblast 1,33,8,1,1,1_5_1,LymphaticEndo
H-3651,all,25,18,4827,2028,28,42765,0,0,0,0,0,H,5,B cell,47,18,9,9,9,Bcell
H-3654,all,106,49,4411,3898,26,98931,0,0,0,0,0,H,21,Inflammatory monocyte,56,40,2,2,2_6,pDC
H-3655,all,11,8,5530,5263,15,40819,0,0,0,0,0,H,2,CD4+ T cell,32,8,1,1,1_2_1,Tcell (CD4)
H-3656,all,17,13,5036,5649,30,27105,0,0,0,0,0,H,4,B cell,34,13,2,2,2_6,pDC
H-3657,all,24,17,5115,4412,13,32832,0,0,0,0,0,H,4,Alveolar fibroblast 1,40,18,1,1,1_4_1,AlveolarFib
H-3659,all,24,17,5228,5617,27,73636,0,0,0,0,0,H,2,Alveolar type 1 cell,44,17,6,6,6,AT1
H-3660,all,81,42,5246,4640,31,77627,0,0,0,0,0,H,12,Endothelial progenitor cell,59,42,2,2,2_3,Vein
H-3661,all,26,20,5411,5184,6,34349,0,0,0,0,0,H,6,Alveolar fibroblast 1,38,21,2,2,2_4,Artery
H-3663,all,247,42,4252,3939,14,91800,237881,184713,53168,0.7764933,0.2235067,H,15,Alveolar fibroblast 1,56,13,8,8,8_1,AlveolarMac
H-3664,all,68,40,5082,4786,30,61290,0,0,0,0,0,H,15,Venous endothelial cell,59,40,2,2,2_3,Vein
H-3666,all,61,32,5162,5437,23,108356,0,0,0,0,0,H,9,Inflammatory monocyte,56,32,2,2,2_2,InflamMac
H-3667,all,75,42,5315,4316,25,70833,0,0,0,0,0,H,14,Arterial endothelial cell,56,43,2,2,2_4,Artery
H-3668,all,58,27,3862,4813,10,32164,68381,11651,56730,0.1703836,0.8296164,H,13,Alveolar fibroblast 1,55,28,3,3,3_1,SMC
H-3670,all,63,38,4983,5319,24,95573,0,0,0,0,0,H,14,Megakaryocyte/Platelet,57,38,2,2,2_6,pDC
H-3672,all,45,25,5454,4597,27,42447,0,0,0,0,0,H,12,Arterial endothelial cell,46,25,6,6,6,AT1
H-3673,all,67,36,5279,4524,20,72101,0,0,0,0,0,H,22,Alveolar fibroblast 1,59,37,3,3,3_5,SMC
H-3675,all,49,26,4588,3873,33,56841,2728,11106,2462,0.8185436,0.1814564,H,21,B cell,49,26,9,9,9,Bcell
H-3676,all,39,22,5284,5651,20,79101,0,0,0,0,0,H,13,B cell,43,22,9,9,9,Bcell
H-3678,all,29,21,5359,5017,16,52704,0,0,0,0,0,H,8,Alveolar type 1 cell,38,21,3,3,3_4,AdventitialFib
H-3679,all,99,47,4288,4302,30,80043,0,0,0,0,0,H,14,Inflammatory monocyte,61,44,2,2,2_2,InflamMac
H-3680,all,62,36,4601,5556,35,58236,0,0,0,0,0,H,25,Arterial endothelial cell,55,36,2,2,2_1,Capillary
H-3682,all,19,10,4432,4126,19,20989,0,0,0,0,0,H,7,Capillary 2 cell,37,10,2,2,2_1,Capillary
H-3683,all,31,17,5520,5337,25,56312,0,0,0,0,0,H,15,Inflammatory monocyte,40,17,9,9,9,Bcell
H-3684,all,150,42,5250,3956,21,85466,0,0,0,0,0,H,95,Alveolar type 2 cell,48,20,7,7,7_2,PatrolMac
H-3685,all,24,19,5271,4281,26,23819,0,0,0,0,0,H,7,Venous endothelial cell,45,19,2,2,2_3,Vein
H-3687,all,35,19,5316,5174,15,71937,0,0,0,0,0,H,19,Alveolar fibroblast 1,40,19,5,5,5_1,Pericyte
H-3688,all,45,30,4816,4014,12,31102,0,0,0,0,0,H,5,B cell,45,30,9,9,9,Bcell
H-3689,all,138,57,5037,5124,32,91548,0,0,0,0,0,H,22,Arterial endothelial cell,47,31,3,3,3_1,SMC
H-3691,all,23,20,5375,4545,31,40237,0,0,0,0,0,H,2,Secondary crest myofibroblast,47,21,3,3,3_2,SMC
H-3692,all,47,29,5423,4994,13,65046,0,0,0,0,0,H,23,Pericyte,47,29,5,5,5_3,Pericyte
H-3693,all,150,39,4986,4869,31,71789,55,55,0,1,0,H,109,Alveolar type 2 cell,44,10,1,1,1_1,AT2
H-3694,all,46,27,4914,5433,13,61188,0,0,0,0,0,H,11,Inflammatory monocyte,46,27,3,3,3_6,SCMF
H-3695,all,106,48,4616,3840,19,104695,63196,86437,5482,0.9403605,0.05963947,H,29,B cell,58,36,2,2,2_3,Vein
H-3696,all,109,47,4642,4133,22,67583,0,0,0,0,0,H,22,Venous endothelial cell,61,37,1,1,1_5_1,LymphaticEndo
H-3697,all,96,53,4594,4934,24,95240,0,0,0,0,0,H,22,Venous endothelial cell,67,51,2,2,2_3,Vein
H-3700,all,99,37,5424,4832,9,77083,0,0,0,0,0,H,28,Lymphatic endothelial cell,62,36,8,8,8_1,AlveolarMac
H-3701,all,34,20,5550,4349,8,34713,0,0,0,0,0,H,8,Alveolar fibroblast 1,40,21,2,2,2_4,Artery
H-3703,all,33,22,5193,4047,15,46891,0,0,0,0,0,H,13,Secondary crest myofibroblast,39,22,5,5,5_1,Pericyte
H-3704,all,65,35,4931,4298,35,44088,0,0,0,0,0,H,13,Inflammatory monocyte,55,35,1,1,1_5_1,LymphaticEndo
H-3705,all,29,14,4608,4650,13,25317,0,0,0,0,0,H,5,AT1/AT2,40,14,1,1,1_1,AT2
H-3706,all,69,39,5075,4737,35,60972,0,0,0,0,0,H,17,Alveolar fibroblast 1,59,39,5,5,5_3,Pericyte
H-3708,all,47,15,5494,5010,35,28234,0,0,0,0,0,H,31,Sox9+/Id2+ epithelial cell,48,15,1,1,1_1,AT2
H-3710,all,33,12,5078,5457,37,24951,0,0,0,0,0,H,25,Alveolar type 2 cell,42,13,3,3,3_1,SMC
H-3711,all,34,24,5083,5351,34,51136,0,0,0,0,0,H,10,Alveolar fibroblast 1,42,24,1,1,1_3,AT2
H-3713,all,77,24,5133,5487,15,80693,0,0,0,0,0,H,46,Alveolar type 2 cell,51,24,1,1,1_1,AT2
H-3714,all,155,58,3822,4744,18,85711,0,0,0,0,0,H,11,Venous endothelial cell,45,25,3,3,3_4,AdventitialFib
H-3716,all,40,10,5462,5193,6,19209,0,0,0,0,0,H,33,Alveolar type 2 cell,45,10,1,1,1_1,AT2
H-3720,all,72,30,4549,4754,29,90489,0,0,0,0,0,H,21,Interstitial macrophage,54,30,8,8,8_3,InterstitialMac
H-3721,all,145,27,3797,4203,29,55087,56184,27374,31469,0.465204,0.534796,H,41,Alveolar type 2 cell,51,10,1,1,1_3,AT2
H-3722,all,64,27,5351,5592,26,88516,0,0,0,0,0,H,10,Alveolar macrophage,55,27,6,6,6,AT1
H-3723,all,93,57,4239,3851,31,59007,1723,0,1723,0,1,H,23,Venous endothelial cell,69,56,7,7,7_3,Tcell (CD8)
H-3724,all,44,23,5157,4965,28,45194,0,0,0,0,0,H,15,Venous endothelial cell,45,23,6,6,6,AT1
H-3728,all,62,28,3831,4219,19,36071,14873,368,11999,0.02975661,0.9702434,H,10,Capillary 1 cell,55,27,2,2,2_1,Capillary
H-3729,all,42,24,5124,5184,24,65538,0,0,0,0,0,H,13,Inflammatory monocyte,44,24,7,7,7_2,PatrolMac
H-3731,all,159,43,5454,4455,17,110775,0,0,0,0,0,H,90,Alveolar type 2 cell,49,24,1,1,1_1,AT2
H-3732,all,121,47,4143,3872,28,69486,5449,720,4885,0.1284567,0.8715433,H,22,AT1/AT2,43,19,6,6,6,AT1
H-3733,all,106,59,5218,3996,25,102824,0,0,0,0,0,H,18,Alveolar fibroblast 1,60,48,3,3,3_1,SMC
H-3734,all,48,32,5145,4369,23,85626,0,0,0,0,0,H,9,Alveolar type 1 cell,48,32,2,2,2_3,Vein
H-3735,all,30,19,5556,5095,28,57224,0,0,0,0,0,H,3,Pericyte,38,19,5,5,5_3,Pericyte
H-3737,all,119,24,5137,4255,26,86635,0,0,0,0,0,H,102,Alveolar type 2 cell,49,13,1,1,1_1,AT2
H-3738,all,41,21,4482,4422,14,54997,0,0,0,0,0,H,10,Endothelial progenitor cell,43,21,2,2,2_3,Vein
H-3739,all,30,16,4671,4961,24,40408,0,0,0,0,0,H,13,Pericyte,39,16,2,2,2_6,pDC
H-3740,all,92,32,4608,4583,27,70734,632,0,632,0,1,H,26,Pericyte,61,31,5,5,5_3,Pericyte
H-3741,all,19,16,5347,5269,33,49635,0,0,0,0,0,H,2,Capillary 1 cell,40,16,2,2,2_3,Vein
H-3743,all,61,18,4587,5275,22,34705,5558,5508,50,0.991004,0.008996042,H,32,Alveolar type 2 cell,52,18,1,1,1_1,AT2
H-3744,all,62,34,4202,4254,14,64660,0,0,0,0,0,H,13,Capillary 1 cell,56,34,6,6,6,AT1
H-3745,all,58,31,5392,4720,27,77132,0,0,0,0,0,H,17,Pericyte,53,31,5,5,5_1,Pericyte
H-3746,all,47,28,4896,4798,12,65490,0,0,0,0,0,H,11,B cell,47,28,9,9,9,Bcell
H-3747,all,32,20,5167,4074,19,44241,0,0,0,0,0,H,14,Pericyte,38,20,5,5,5_1,Pericyte
H-3748,all,12,6,4627,5116,40,28162,0,0,0,0,0,H,10,Inflammatory monocyte,31,6,2,2,2_6,pDC
H-3749,all,57,26,5027,5416,33,74581,0,0,0,0,0,H,19,Alveolar fibroblast 1,54,26,8,8,8_1,AlveolarMac
H-3750,all,60,26,5154,5620,17,88246,0,0,0,0,0,H,22,Alveolar fibroblast 1,53,28,1,1,1_5_1,LymphaticEndo
H-3751,all,53,33,4916,4969,32,58001,0,0,0,0,0,H,13,Alveolar type 1 cell,53,33,6,6,6,AT1
H-3752,all,51,26,4530,4583,16,101921,0,0,0,0,0,H,6,Capillary 1 cell,50,25,2,2,2_1,Capillary
H-3753,all,13,10,5578,3870,38,53840,0,0,0,0,0,H,5,Venous endothelial cell,32,10,2,2,2_3,Vein
H-3755,all,78,30,4725,4186,24,65204,24965,7658,17307,0.3067494,0.6932506,H,38,Alveolar type 2 cell,56,31,2,2,2_1,Capillary
H-3758,all,73,35,4880,4134,21,65207,0,0,0,0,0,H,14,Alveolar fibroblast 1,54,36,1,1,1_5_1,LymphaticEndo
H-3759,all,78,32,3850,4049,15,63011,582,0,582,0,1,H,4,Capillary 1 cell,54,32,2,2,2_1,Capillary
H-3760,all,43,31,4684,5036,23,91676,0,0,0,0,0,H,13,Innate lymphoid cell,43,31,2,2,2_3,Vein
H-3763,all,212,67,3825,4811,22,83844,93157,1096,92061,0.01176508,0.9882349,H,14,B cell,51,23,1,1,1_5_2,AlveolarFib
H-3765,all,36,21,4960,5622,35,32447,0,0,0,0,0,H,9,Pericyte,40,21,5,5,5_3,Pericyte
H-3766,all,116,49,5095,4946,32,74036,0,0,0,0,0,H,13,Sox9+/Id2+ epithelial cell,45,24,6,6,6,AT1
H-3767,all,67,32,5478,4162,9,41157,0,0,0,0,0,H,15,Alveolar fibroblast 1,57,32,5,5,5_3,Pericyte
H-3768,all,42,24,5561,4438,6,62028,0,0,0,0,0,H,6,Endothelial progenitor cell,43,24,6,6,6,AT1
H-3769,all,39,24,5322,3831,20,56519,0,0,0,0,0,H,10,Capillary 1 cell,41,24,2,2,2_3,Vein
H-3770,all,124,18,4415,4238,22,47458,47105,25131,36083,0.4105433,0.5894567,H,36,Alveolar type 2 cell,52,8,1,1,1_3,AT2
H-3772,all,189,46,4332,4246,16,75449,60786,58635,2151,0.9646136,0.03538644,H,30,Pericyte,52,19,2,2,2_5,DC
H-3775,all,88,29,3897,4336,33,54799,95446,6852,88594,0.07178928,0.9282107,H,26,Alveolar type 2 cell,60,29,1,1,1_3,AT2
H-3776,all,24,5,5051,5485,36,19392,0,0,0,0,0,H,16,Sox9+/Id2+ epithelial cell,42,5,1,1,1_1,AT2
H-3777,all,23,18,5552,5136,27,41933,0,0,0,0,0,H,2,Natural killer cell,43,18,7,7,7_3,Tcell (CD8)
H-3780,all,46,21,5378,3849,6,28113,0,0,0,0,0,H,12,Alveolar type 1 cell,46,21,6,6,6,AT1
H-3781,all,56,29,4973,5497,16,84652,0,0,0,0,0,H,16,Capillary 1 cell,53,29,8,8,8_1,AlveolarMac
H-3782,all,67,37,5237,5285,25,103297,0,0,0,0,0,H,34,Ciliated cell,59,37,9,9,9,Bcell
H-3786,all,18,12,5187,5462,31,25536,0,0,0,0,0,H,6,Endothelial progenitor cell,37,12,2,2,2_6,pDC
H-3787,all,8,7,4730,5109,36,26649,0,0,0,0,0,H,2,Alveolar fibroblast 1,28,9,2,2,2_6,pDC
H-3788,all,50,33,4912,4880,10,66083,0,0,0,0,0,H,13,Capillary 1 cell,50,33,2,2,2_3,Vein
H-3789,all,50,29,4657,3966,22,65397,0,0,0,0,0,H,6,Endothelial progenitor cell,51,30,3,3,3_5,SMC
H-3792,all,66,38,5030,5001,36,81626,0,0,0,0,0,H,16,Venous endothelial cell,58,38,7,7,7_2,PatrolMac
H-3797,all,38,21,3921,4031,38,48269,0,0,0,0,0,H,3,Interstitial macrophage,42,21,8,8,8_2,InterstitialMac
H-3798,all,102,55,4716,4300,18,75255,0,0,0,0,0,H,14,Proliferative mesenchymal progenitor cell,60,48,9,9,9,Bcell
H-3802,all,66,38,4836,4281,28,90942,0,0,0,0,0,H,14,Alveolar fibroblast 1,60,39,3,3,3_1,SMC
H-3807,all,252,25,4560,4663,16,76658,103978,54824,58935,0.4819311,0.5180689,H,69,Alveolar type 2 cell,55,7,1,1,1_3,AT2
H-3808,all,14,10,5117,5375,38,16906,0,0,0,0,0,H,4,Alveolar fibroblast 1,31,11,2,2,2_4,Artery
H-3809,all,50,33,5415,5547,22,79355,0,0,0,0,0,H,15,Sox9+/Id2+ epithelial cell,51,34,6,6,6,AT1
H-3810,all,44,25,5453,4948,31,58057,0,0,0,0,0,H,13,Sox9+/Id2+ epithelial cell,44,25,2,2,2_6,pDC
H-3811,all,11,9,3806,4871,40,11182,0,0,0,0,0,H,2,Natural killer cell,30,10,3,3,3_2,SMC
H-3812,all,95,44,4985,4299,21,113021,0,0,0,0,0,H,23,Arterial endothelial cell,64,42,1,1,1_5_1,LymphaticEndo
H-3817,all,27,17,4138,4051,9,26512,0,0,0,0,0,H,11,Neutrophil,38,18,3,3,3_2,SMC
H-3819,all,32,22,4610,5497,24,39791,0,0,0,0,0,H,10,Capillary 1 cell,40,22,2,2,2_3,Vein
H-3821,all,86,47,3874,4021,22,71356,0,0,0,0,0,H,7,Arterial endothelial cell,61,47,7,7,7_2,PatrolMac
H-3823,all,301,55,4085,3874,24,108453,422540,269287,153479,0.6369647,0.3630353,H,94,Alveolar type 2 cell,49,9,1,1,1_3,AT2
H-3824,all,81,26,5133,5037,15,56488,0,0,0,0,0,H,51,Alveolar type 2 cell,56,27,2,2,2_2,InflamMac
H-3825,all,69,40,4464,4466,16,104411,0,0,0,0,0,H,20,Pericyte,58,40,5,5,5_3,Pericyte
H-3827,all,83,32,4687,3991,20,61879,202,1779,0,1,0,H,35,Alveolar fibroblast 1,59,33,2,2,2_1,Capillary
H-3829,all,43,24,5174,4172,14,69931,0,0,0,0,0,H,4,Endothelial progenitor cell,45,24,2,2,2_3,Vein
H-3830,all,158,31,4569,3828,24,45881,218485,137023,27320,0.8337623,0.1662377,H,58,Alveolar type 2 cell,50,9,1,1,1_3,AT2
H-3831,all,33,20,4823,4231,25,62861,0,0,0,0,0,H,10,Capillary 1 cell,40,21,3,3,3_1,SMC
H-3832,all,38,17,5078,5511,29,76439,0,0,0,0,0,H,23,Alveolar fibroblast 1,44,17,5,5,5_3,Pericyte
H-3833,all,95,46,5287,4702,13,80638,0,0,0,0,0,H,20,Inflammatory monocyte,65,45,2,2,2_2,InflamMac
H-3835,all,29,18,5121,5076,7,29331,0,0,0,0,0,H,11,Sox9+/Id2+ epithelial cell,38,18,2,2,2_3,Vein
H-3836,all,89,43,4636,4558,16,73784,0,0,0,0,0,H,22,CD8+ T cell,64,43,2,2,2_6,pDC
H-3839,all,64,30,4662,5080,12,64939,0,0,0,0,0,H,30,Alveolar type 2 cell,56,30,1,1,1_1,AT2
H-3841,all,100,51,5541,4234,27,84571,0,0,0,0,0,H,28,Inflammatory monocyte,62,46,3,3,3_4,AdventitialFib
H-3843,all,49,16,4485,4618,18,32688,0,0,0,0,0,H,3,Alveolar fibroblast 1,49,16,2,2,2_6,pDC
H-3844,all,64,35,5504,4073,6,53815,0,0,0,0,0,H,13,Alveolar type 2 cell,58,35,1,1,1_3,AT2
H-3845,all,60,30,5179,4358,12,62555,0,0,0,0,0,H,13,Inflammatory monocyte,54,31,2,2,2_5,DC
H-3848,all,10,7,4587,5035,36,17308,0,0,0,0,0,H,5,Secondary crest myofibroblast,21,8,3,3,3_2,SMC
H-3849,all,46,34,5351,4582,32,61357,0,0,0,0,0,H,9,Proliferative mesenchymal progenitor cell,46,34,7,7,7_2,PatrolMac
H-3850,all,74,23,4584,5489,30,72654,0,0,0,0,0,H,57,Alveolar type 2 cell,53,24,3,3,3_1,SMC
H-3852,all,17,15,5529,3868,32,30715,0,0,0,0,0,H,7,Alveolar fibroblast 1,35,15,5,5,5_3,Pericyte
H-3854,all,8,5,5149,4297,41,15094,0,0,0,0,0,H,5,Alveolar type 2 cell,33,7,1,1,1_1,AT2
H-3855,all,82,48,5009,4391,30,94232,0,0,0,0,0,H,18,Sox9+/Id2+ epithelial cell,60,48,3,3,3_4,AdventitialFib
H-3856,all,14,10,5388,5263,5,19846,0,0,0,0,0,H,4,Capillary 2 cell,26,10,3,3,3_6,SCMF
H-3858,all,42,23,4754,5080,33,52256,0,0,0,0,0,H,13,Arterial endothelial cell,44,23,5,5,5_3,Pericyte
H-3860,all,31,18,5389,5034,17,27603,0,0,0,0,0,H,22,Inflammatory monocyte,39,18,7,7,7_4,PatrolMac
H-3861,all,299,84,5171,4518,12,146610,0,0,0,0,0,H,52,Venous endothelial cell,47,26,6,6,6,AT1
H-3862,all,119,55,4775,4009,17,121293,0,0,0,0,0,H,37,Capillary 1 cell,49,29,1,1,1_5_4,pDC
H-3866,all,78,37,4111,3846,29,54679,13583,0,13201,0,1,H,19,Alveolar type 1 cell,59,37,6,6,6,AT1
H-3867,all,23,15,4830,5628,34,32779,0,0,0,0,0,H,6,Arterial endothelial cell,44,16,2,2,2_4,Artery
H-3869,all,31,19,4748,4894,29,29777,0,260,0,1,0,H,7,Alveolar macrophage,40,19,8,8,8_1,AlveolarMac
H-3870,all,30,21,4381,4276,11,42112,0,0,0,0,0,H,7,Capillary 2 cell,39,21,2,2,2_6,pDC
H-3872,all,111,52,5312,4483,28,112076,0,0,0,0,0,H,23,Interstitial macrophage,57,36,8,8,8_3,InterstitialMac
H-3873,all,103,37,5080,5035,35,64185,0,0,0,0,0,H,25,Sox9+/Id2+ epithelial cell,58,32,3,3,3_1,SMC
H-3874,all,59,23,4478,4280,36,38982,0,0,0,0,0,H,4,Sox9+/Id2+ epithelial cell,54,24,2,2,2_1,Capillary
H-3876,all,56,28,4444,4519,9,68826,0,0,0,0,0,H,4,Secondary crest myofibroblast,54,28,2,2,2_1,Capillary
H-3878,all,63,28,4445,4386,28,51988,0,0,0,0,0,H,7,Innate lymphoid cell,56,28,2,2,2_6,pDC
H-3879,all,76,38,4955,4819,23,109223,0,0,0,0,0,H,7,Venous endothelial cell,56,39,3,3,3_2,SMC
H-3882,all,33,19,5468,4080,4,11780,0,0,0,0,0,H,5,Inflammatory monocyte,42,20,2,2,2_2,InflamMac
H-3883,all,17,7,3997,4324,9,10075,0,0,0,0,0,H,5,Proliferative mesenchymal progenitor cell,33,7,1,1,1_2_3,Tcell (CD4)
H-3886,all,37,17,4441,4343,27,36555,2087,0,2087,0,1,H,6,Ciliated cell,43,18,3,3,3_2,SMC
H-3887,all,39,20,3856,4231,13,28923,21571,0,21571,0,1,H,2,Endothelial progenitor cell,44,20,2,2,2_1,Capillary
H-3888,all,40,27,4682,3941,33,73903,0,0,0,0,0,H,10,Pericyte,43,27,2,2,2_3,Vein
H-3890,all,18,12,4860,4219,22,39275,0,0,0,0,0,H,2,Alveolar type 1 cell,39,12,6,6,6,AT1
H-3892,all,77,31,5435,4559,28,60325,0,0,0,0,0,H,12,Alveolar type 1 cell,55,31,6,6,6,AT1
H-3896,all,73,43,4760,4930,24,111105,260,0,0,0,0,H,18,Alveolar type 1 cell,55,43,8,8,8_1,AlveolarMac
H-3897,all,46,24,5536,4659,16,99689,0,0,0,0,0,H,15,Alveolar fibroblast 1,47,25,3,3,3_2,SMC
H-3898,all,121,50,5446,4504,33,96241,0,0,0,0,0,H,25,Alveolar type 1 cell,44,26,1,1,1_4_1,AlveolarFib
H-3900,all,37,13,4703,5120,18,33426,0,0,0,0,0,H,25,Alveolar type 2 cell,44,13,1,1,1_1,AT2
H-3901,all,16,12,5562,5393,8,31909,0,0,0,0,0,H,3,Alveolar fibroblast 1,32,13,3,3,3_1,SMC
H-3910,all,52,26,4552,4831,34,38823,0,0,0,0,0,H,15,Proliferative mesenchymal progenitor cell,53,27,3,3,3_1,SMC
H-3911,all,16,12,5561,5336,37,48266,0,0,0,0,0,H,3,Alveolar fibroblast 1,34,12,1,1,1_5_4,pDC
H-3912,all,36,27,5327,5116,11,70982,0,0,0,0,0,H,11,Neutrophil,39,27,7,7,7_2,PatrolMac
H-3913,all,8,7,5520,5665,12,9668,0,0,0,0,0,H,3,Capillary 1 cell,27,8,2,2,2_1,Capillary
H-3918,all,14,12,4933,4789,12,28792,0,0,0,0,0,H,5,Capillary 1 cell,26,12,2,2,2_3,Vein
H-3920,all,84,39,4613,4096,26,68490,0,0,0,0,0,H,17,Arterial endothelial cell,60,39,2,2,2_4,Artery
H-3921,all,150,28,4738,3979,31,77348,2119,328,214,0.6051661,0.3948339,H,88,Alveolar type 2 cell,50,13,2,2,2_1,Capillary
H-3923,all,13,8,5049,4827,17,23815,0,0,0,0,0,H,2,Alveolar fibroblast 1,37,9,1,1,1_4_1,AlveolarFib
H-3924,all,82,33,5458,5023,35,62727,0,0,0,0,0,H,43,Pericyte,55,33,1,1,1_1,AT2
H-3927,all,72,46,4236,4197,35,80162,0,0,0,0,0,H,19,Inflammatory monocyte,57,46,5,5,5_3,Pericyte
H-3928,all,117,57,5060,4863,21,113055,0,0,0,0,0,H,23,Venous endothelial cell,48,35,3,3,3_4,AdventitialFib
H-3929,all,71,37,5421,5620,13,69467,0,0,0,0,0,H,20,Inflammatory monocyte,55,37,2,2,2_2,InflamMac
H-3931,all,33,21,5513,5300,15,56681,0,0,0,0,0,H,9,B cell,41,21,9,9,9,Bcell
H-3932,all,26,19,5141,5240,16,58809,0,0,0,0,0,H,6,Capillary 1 cell,45,19,2,2,2_3,Vein
H-3938,all,9,5,4539,5277,13,16297,0,0,0,0,0,H,5,Alveolar type 1 cell,26,6,3,3,3_6,SCMF
H-3939,all,18,10,5542,5668,29,24125,0,0,0,0,0,H,5,Endothelial progenitor cell,36,10,5,5,5_3,Pericyte
H-3941,all,39,14,4554,4904,35,16293,4779,2436,2343,0.5097301,0.4902699,H,18,Alveolar type 2 cell,43,14,1,1,1_3,AT2
H-3942,all,129,31,3809,4250,27,56636,76120,10576,66069,0.1379868,0.8620132,H,18,Pericyte,52,16,1,1,1_5_2,AlveolarFib
H-3943,all,84,49,4091,3991,30,74087,0,0,0,0,0,H,22,Pericyte,65,49,5,5,5_3,Pericyte
H-3944,all,61,37,4017,3912,23,61093,0,0,0,0,0,H,11,Capillary 2 cell,58,37,2,2,2_6,pDC
H-3945,all,187,29,4688,4153,13,64395,46862,22003,24859,0.4695275,0.5304725,H,88,Alveolar type 2 cell,53,12,1,1,1_1,AT2
H-3946,all,111,47,4769,4207,18,124490,0,0,0,0,0,H,26,Alveolar type 2 cell,45,22,3,3,3_1,SMC
H-3947,all,10,9,5567,3923,38,24743,0,0,0,0,0,H,3,Alveolar type 2 cell,30,10,2,2,2_4,Artery
H-3950,all,105,32,5533,4976,36,87788,0,0,0,0,0,H,28,Alveolar type 1 cell,61,30,6,6,6,AT1
H-3953,all,41,20,5177,5519,35,43876,0,0,0,0,0,H,24,Capillary 2 cell,44,20,5,5,5_3,Pericyte
H-3957,all,129,51,4383,4349,19,86469,0,0,0,0,0,H,13,Arterial endothelial cell,46,29,2,2,2_2,InflamMac
H-3961,all,193,62,4702,4904,29,141731,0,0,0,0,0,H,35,Sox9+/Id2+ epithelial cell,54,37,8,8,8_1,AlveolarMac
H-3965,all,68,22,5525,3963,33,51418,0,0,0,0,0,H,10,Capillary 2 cell,54,22,6,6,6,AT1
H-3966,all,90,39,4582,5079,23,141436,0,0,0,0,0,H,20,Airway smooth muscle cell,63,40,3,3,3_1,SMC
H-3969,all,61,32,4862,5649,32,49328,0,0,0,0,0,H,8,CD8+ T cell,57,32,6,6,6,AT1
H-3970,all,40,23,3866,3842,14,69930,0,0,0,0,0,H,7,Alveolar fibroblast 2,42,23,2,2,2_1,Capillary
H-3972,all,37,22,5068,5418,37,51845,0,0,0,0,0,H,18,Alveolar fibroblast 1,41,22,1,1,1_5_1,LymphaticEndo
H-3973,all,122,57,5141,4441,27,82330,0,0,0,0,0,H,20,Alveolar macrophage,45,32,8,8,8_1,AlveolarMac
H-3974,all,205,52,5586,4311,13,91971,0,0,0,0,0,H,31,Alveolar type 1 cell,51,23,6,6,6,AT1
H-3975,all,55,22,5474,4973,32,44240,0,0,0,0,0,H,38,Alveolar type 1 cell,52,22,5,5,5_3,Pericyte
H-3978,all,67,40,5101,4851,20,83580,0,0,0,0,0,H,12,Venous endothelial cell,57,40,6,6,6,AT1
H-3981,all,29,15,3665,4814,14,22245,0,0,0,0,0,H,4,B cell,39,15,9,9,9,Bcell
H-3983,all,12,5,4627,4635,6,8252,0,0,0,0,0,H,6,Alveolar type 1 cell,33,5,6,6,6,AT1
H-3984,all,41,27,3856,4263,18,36933,103,0,103,0,1,H,17,Pericyte,42,27,5,5,5_1,Pericyte
H-3985,all,18,13,5195,4331,9,22575,0,0,0,0,0,H,4,Inflammatory monocyte,39,15,2,2,2_5,DC
H-3986,all,37,21,5078,5651,35,59869,0,0,0,0,0,H,4,B cell,41,21,9,9,9,Bcell
H-3989,all,29,15,5552,3948,33,28249,0,0,0,0,0,H,5,Alveolar type 1 cell,41,15,6,6,6,AT1
H-3990,all,115,30,4446,4293,28,53445,72119,29747,26337,0.5304008,0.4695992,H,39,Alveolar type 2 cell,49,15,3,3,3_1,SMC
H-3991,all,34,24,5369,4488,33,44611,0,0,0,0,0,H,7,Chondrocyte,42,25,2,2,2_3,Vein
H-3994,all,59,19,5146,5000,29,42206,0,0,0,0,0,H,41,Alveolar type 2 cell,53,19,1,1,1_1,AT2
H-3995,all,58,31,5084,5255,17,94752,0,0,0,0,0,H,20,Pericyte,55,31,5,5,5_1,Pericyte
H-3997,all,8,6,5198,5538,12,8975,0,0,0,0,0,H,2,Sox9+/Id2+ epithelial cell,30,7,1,1,1_5_2,AlveolarFib
H-3998,all,8,6,5070,4695,4,6142,0,0,0,0,0,H,3,Inflammatory monocyte,27,8,2,2,2_5,DC
H-4000,all,80,23,3779,4249,22,41121,17333,2680,13975,0.1609126,0.8390874,H,3,Alveolar type 1 cell,56,23,6,6,6,AT1
H-4001,all,64,32,3665,4707,14,29495,0,0,0,0,0,H,10,Venous endothelial cell,57,32,1,1,1_5_2,AlveolarFib
H-4004,all,20,12,5487,3967,41,9761,0,0,0,0,0,H,5,Alveolar fibroblast 1,41,12,6,6,6,AT1
H-4010,all,47,21,4417,4350,27,43573,0,0,0,0,0,H,2,Alveolar fibroblast 1,47,21,2,2,2_6,pDC
H-4013,all,17,3,5448,5310,5,14486,0,0,0,0,0,H,17,Natural killer cell,40,3,7,7,7_2,PatrolMac
H-4014,all,7,3,4564,5232,21,13095,0,0,0,0,0,H,5,Sox9+/Id2+ epithelial cell,34,5,1,1,1_1,AT2
H-4017,all,64,40,4469,4145,21,88853,0,0,0,0,0,H,6,Alveolar fibroblast 1,60,40,3,3,3_4,AdventitialFib
H-4020,all,12,8,5402,4459,41,7993,0,0,0,0,0,H,2,Proliferative mesenchymal progenitor cell,34,8,5,5,5_1,Pericyte
H-4024,all,74,39,5212,7489,15,72097,0,0,0,0,0,H,5,Alveolar type 2 cell,56,40,2,2,2_4,Artery
H-4028,all,38,15,4117,6400,24,45094,0,0,0,0,0,H,15,Alveolar type 2 cell,42,15,7,7,7_2,PatrolMac
H-4029,all,162,39,4219,7103,23,118035,0,0,0,0,0,H,114,Alveolar type 2 cell,48,17,1,1,1_3,AT2
H-4030,all,30,22,5125,5676,30,69766,0,0,0,0,0,H,6,B cell,36,22,9,9,9,Bcell
H-4031,all,138,36,5084,7534,27,77535,0,0,0,0,0,H,17,Alveolar type 1 cell,46,16,6,6,6,AT1
H-4033,all,19,11,4468,5730,38,23898,0,0,0,0,0,H,2,Capillary 1 cell,39,10,2,2,2_1,Capillary
H-4034,all,31,21,4893,6887,35,42504,0,0,0,0,0,H,14,Alveolar macrophage,40,21,1,1,1_5_4,pDC
H-4035,all,59,39,4949,7015,26,60525,0,0,0,0,0,H,10,Natural killer cell,57,39,7,7,7_4,PatrolMac
H-4037,all,78,24,5464,6050,31,52762,0,0,0,0,0,H,50,Alveolar type 2 cell,55,24,1,1,1_3,AT2
H-4039,all,14,10,3838,5955,30,35450,0,0,0,0,0,H,7,Alveolar type 1 cell,31,10,6,6,6,AT1
H-4040,all,50,32,4096,6552,24,61354,0,0,0,0,0,H,14,Pericyte,50,32,5,5,5_1,Pericyte
H-4041,all,34,9,3878,7496,14,38212,0,0,0,0,0,H,25,Alveolar type 2 cell,45,9,1,1,1_1,AT2
H-4043,all,25,19,4296,6839,33,56702,0,0,0,0,0,H,9,Pericyte,46,19,5,5,5_1,Pericyte
H-4044,all,36,25,4261,6445,36,50099,0,0,0,0,0,H,4,Capillary 1 cell,40,26,2,2,2_1,Capillary
H-4045,all,64,22,3992,5868,21,87314,0,0,0,0,0,H,40,Alveolar type 2 cell,52,22,1,1,1_1,AT2
H-4049,all,21,17,4818,6387,8,32625,0,0,0,0,0,H,2,B cell,41,17,9,9,9,Bcell
H-4050,all,51,33,4122,5982,20,79351,0,0,0,0,0,H,5,Inflammatory monocyte,53,35,2,2,2_5,DC
H-4051,all,40,26,5317,6096,24,76624,0,0,0,0,0,H,6,Pericyte,41,26,5,5,5_3,Pericyte
H-4052,all,69,27,5512,7373,28,90894,0,0,0,0,0,H,18,Alveolar macrophage,56,27,8,8,8_1,AlveolarMac
H-4053,all,156,20,5128,6473,16,85198,0,0,0,0,0,H,132,Alveolar type 2 cell,50,12,1,1,1_3,AT2
H-4054,all,18,13,4847,5905,8,14006,0,0,0,0,0,H,2,Alveolar type 1 cell,36,13,6,6,6,AT1
H-4055,all,21,15,3850,6337,7,40193,0,0,0,0,0,H,9,Neutrophil,37,15,2,2,2_3,Vein
H-4056,all,36,23,5026,7238,31,47513,0,0,0,0,0,H,8,CD8+ T cell,40,23,3,3,3_3,AdventitialFib
H-4058,all,85,23,4317,6224,37,50355,0,0,0,0,0,H,56,Alveolar type 2 cell,55,23,1,1,1_3,AT2
H-4059,all,83,43,4670,6193,12,84289,0,0,0,0,0,H,11,Arterial endothelial cell,60,43,2,2,2_4,Artery
H-4060,all,17,10,5593,6674,17,72691,0,0,0,0,0,H,2,Alveolar type 1 cell,35,10,6,6,6,AT1
H-4061,all,79,42,4139,6637,29,109620,0,0,0,0,0,H,18,CD8+ T cell,59,43,2,2,2_5,DC
H-4062,all,155,27,4742,6667,32,88192,0,0,0,0,0,H,125,Alveolar type 2 cell,47,10,1,1,1_3,AT2
H-4063,all,38,22,4601,5947,37,53644,0,0,0,0,0,H,10,Endothelial progenitor cell,41,21,2,2,2_1,Capillary
H-4064,all,72,42,4378,6212,35,85889,0,0,0,0,0,H,22,Innate lymphoid cell,55,43,2,2,2_1,Capillary
H-4065,all,113,29,4103,6598,24,86760,0,0,0,0,0,H,76,Alveolar type 2 cell,50,17,1,1,1_3,AT2
H-4068,all,41,27,4754,6182,36,55273,0,0,0,0,0,H,12,CD8+ T cell,43,27,7,7,7_2,PatrolMac
H-4069,all,27,20,5063,6589,12,53258,0,0,0,0,0,H,11,B cell,40,20,9,9,9,Bcell
H-4070,all,46,24,4971,5842,7,60543,0,0,0,0,0,H,11,Alveolar fibroblast 1,47,24,2,2,2_3,Vein
H-4071,all,58,22,4061,7512,26,73874,0,0,0,0,0,H,33,Alveolar type 2 cell,53,22,8,8,8_1,AlveolarMac
H-4072,all,55,22,4154,6394,24,50633,0,0,0,0,0,H,31,Alveolar type 2 cell,52,22,7,7,7_3,Tcell (CD8)
H-4073,all,101,48,5068,7113,22,80357,0,0,0,0,0,H,12,Airway smooth muscle cell,62,45,2,2,2_1,Capillary
H-4074,all,72,29,5164,6020,15,70480,0,0,0,0,0,H,14,B cell,55,30,3,3,3_1,SMC
H-4075,all,43,22,5011,6917,12,37141,0,0,0,0,0,H,9,Arterial endothelial cell,44,22,2,2,2_4,Artery
H-4080,all,59,32,3803,7000,20,95476,0,0,0,0,0,H,12,Arterial endothelial cell,55,32,2,2,2_4,Artery
H-4083,all,118,18,5077,7476,17,88475,0,0,0,0,0,H,98,Alveolar type 2 cell,48,10,1,1,1_1,AT2
H-4084,all,87,34,5443,7348,15,126398,0,0,0,0,0,H,22,Inflammatory monocyte,60,34,8,8,8_1,AlveolarMac
H-4087,all,59,37,4775,5771,34,99742,0,0,0,0,0,H,18,Pericyte,58,37,5,5,5_3,Pericyte
H-4090,all,40,15,4981,6843,16,32209,0,0,0,0,0,H,29,Alveolar type 2 cell,44,15,1,1,1_3,AT2
H-4092,all,92,47,4484,5984,23,148810,0,0,0,0,0,H,13,Alveolar fibroblast 1,62,46,3,3,3_6,SCMF
H-4094,all,66,15,5287,6832,8,35647,0,0,0,0,0,H,45,Alveolar type 2 cell,53,15,1,1,1_1,AT2
H-4095,all,70,32,4426,7586,29,92360,0,0,0,0,0,H,13,Vascular smooth muscle cell,57,32,3,3,3_4,AdventitialFib
H-4101,all,61,14,4204,5740,8,25162,102,102,0,1,0,H,27,Alveolar type 2 cell,52,14,1,1,1_1,AT2
H-4102,all,18,14,4198,7033,17,48425,0,0,0,0,0,H,4,Classical DC subset 2,40,16,2,2,2_5,DC
H-4103,all,39,12,4260,7284,15,27050,0,0,0,0,0,H,28,Alveolar type 2 cell,45,13,3,3,3_1,SMC
H-4104,all,44,30,3822,6139,28,74077,0,0,0,0,0,H,12,Proliferative mesenchymal progenitor cell,45,31,3,3,3_1,SMC
H-4105,all,80,49,4967,7348,16,64917,0,0,0,0,0,H,11,Pericyte,59,49,2,2,2_1,Capillary
H-4106,all,46,25,4898,5787,13,55537,0,0,0,0,0,H,9,Arterial endothelial cell,45,25,2,2,2_1,Capillary
H-4108,all,23,14,5049,6749,9,26692,0,0,0,0,0,H,2,Capillary 1 cell,43,15,2,2,2_1,Capillary
H-4109,all,27,18,5392,6118,14,47924,0,0,0,0,0,H,6,Arterial endothelial cell,39,20,2,2,2_4,Artery
H-4111,all,33,10,3856,6172,26,54147,0,0,0,0,0,H,28,Alveolar type 2 cell,43,10,5,5,5_1,Pericyte
H-4113,all,15,10,5383,7352,5,13357,0,0,0,0,0,H,3,Alveolar fibroblast 1,35,11,2,2,2_3,Vein
H-4115,all,52,21,4256,7359,29,81750,0,0,0,0,0,H,32,Sox9+/Id2+ epithelial cell,51,23,2,2,2_5,DC
H-4116,all,20,9,4152,7296,7,22875,0,0,0,0,0,H,13,Sox9+/Id2+ epithelial cell,40,9,2,2,2_6,pDC
H-4117,all,62,35,4035,7544,25,84933,0,0,0,0,0,H,19,AT1/AT2,57,36,3,3,3_1,SMC
H-4118,all,20,11,4221,7182,6,20790,0,0,0,0,0,H,6,Capillary 1 cell,40,11,2,2,2_1,Capillary
H-4120,all,45,32,5318,6987,10,77027,0,0,0,0,0,H,7,Inflammatory monocyte,46,33,3,3,3_1,SMC
H-4121,all,48,24,4080,6907,21,76494,0,0,0,0,0,H,22,Proliferative mesenchymal progenitor cell,50,25,3,3,3_1,SMC
H-4124,all,52,32,4096,6793,35,68398,0,0,0,0,0,H,20,Pericyte,52,32,5,5,5_1,Pericyte
H-4125,all,70,44,5431,6986,25,73208,0,0,0,0,0,H,6,Neutrophil,54,45,3,3,3_1,SMC
H-4128,all,20,13,4172,7008,13,31122,0,0,0,0,0,H,4,Capillary 1 cell,42,13,2,2,2_1,Capillary
H-4130,all,76,41,4791,6055,24,110147,0,0,0,0,0,H,16,Arterial endothelial cell,61,42,3,3,3_1,SMC
H-4131,all,69,45,5064,5770,19,105769,0,0,0,0,0,H,6,Capillary 1 cell,59,46,3,3,3_1,SMC
H-4132,all,61,38,4455,6428,22,87131,0,0,0,0,0,H,10,Alveolar macrophage,55,38,2,2,2_1,Capillary
H-4133,all,34,18,3905,6332,11,38157,0,0,0,0,0,H,8,CD8+ T cell,43,19,3,3,3_1,SMC
H-4135,all,31,20,4340,6683,25,57391,0,0,0,0,0,H,8,Capillary 1 cell,40,20,7,7,7_2,PatrolMac
H-4136,all,118,41,4869,6373,25,81877,0,0,0,0,0,H,30,Alveolar type 1 cell,44,21,6,6,6,AT1
H-4137,all,19,15,3969,6343,10,33999,0,0,0,0,0,H,7,B cell,37,15,9,9,9,Bcell
H-4139,all,133,55,5190,6064,28,97768,0,0,0,0,0,H,13,Alveolar fibroblast 1,47,27,2,2,2_4,Artery
H-4142,all,69,33,4187,7226,24,89992,0,0,0,0,0,H,9,Capillary 1 cell,54,33,3,3,3_4,AdventitialFib
H-4143,all,64,31,3837,6242,29,100500,0,0,0,0,0,H,18,Ciliated cell,56,31,8,8,8_2,InterstitialMac
H-4145,all,29,17,4142,6798,12,44376,0,0,0,0,0,H,11,Arterial endothelial cell,39,17,2,2,2_3,Vein
H-4146,all,49,26,4029,5922,20,75003,0,0,0,0,0,H,12,Vascular smooth muscle cell,49,26,5,5,5_1,Pericyte
H-4149,all,112,52,4986,6885,18,93507,0,0,0,0,0,H,33,B cell,46,29,9,9,9,Bcell
H-4150,all,35,26,3829,5990,24,79670,0,0,0,0,0,H,4,CD4+ T cell,38,27,2,2,2_5,DC
H-4151,all,23,12,4287,6734,32,25184,0,0,0,0,0,H,10,Pericyte,38,12,5,5,5_1,Pericyte
H-4153,all,158,56,4736,6609,26,92499,0,0,0,0,0,H,30,Alveolar type 2 cell,47,28,1,1,1_3,AT2
H-4154,all,43,24,4849,6791,35,46974,0,0,0,0,0,H,7,Capillary 1 cell,44,24,1,1,1_3,AT2
H-4156,all,25,18,5229,7225,24,43241,0,0,0,0,0,H,3,Secondary crest myofibroblast,45,19,3,3,3_1,SMC
H-4157,all,67,29,4065,6628,13,56847,0,0,0,0,0,H,28,Capillary 1 cell,54,30,2,2,2_1,Capillary
H-4158,all,34,26,4103,6020,37,58103,0,0,0,0,0,H,6,Arterial endothelial cell,41,27,2,2,2_4,Artery
H-4161,all,98,49,4815,6332,27,104395,0,0,0,0,0,H,13,Arterial endothelial cell,63,46,2,2,2_4,Artery
H-4163,all,54,29,5007,7120,25,60128,0,0,0,0,0,H,13,Arterial endothelial cell,53,29,2,2,2_4,Artery
H-4164,all,28,20,3893,6003,31,39020,0,0,0,0,0,H,5,Alveolar type 1 cell,40,20,6,6,6,AT1
H-4165,all,33,24,4946,5766,27,89695,0,0,0,0,0,H,6,Alveolar macrophage,41,25,3,3,3_1,SMC
H-4167,all,33,9,4636,5912,23,28172,0,0,0,0,0,H,26,Alveolar type 2 cell,44,9,1,1,1_1,AT2
H-4168,all,43,22,5049,6414,8,41267,0,0,0,0,0,H,8,Inflammatory monocyte,43,22,1,1,1_5_4,pDC
H-4170,all,21,12,5119,6675,36,27551,0,0,0,0,0,H,8,Alveolar fibroblast 1,43,13,2,2,2_4,Artery
H-4171,all,34,25,4155,6931,33,62446,0,0,0,0,0,H,12,Secondary crest myofibroblast,41,26,3,3,3_1,SMC
H-4172,all,64,13,4236,7316,17,51102,0,0,0,0,0,H,50,Alveolar type 2 cell,51,13,1,1,1_1,AT2
H-4173,all,6,6,4418,6701,11,26368,0,0,0,0,0,H,2,Alveolar type 2 cell,22,9,3,3,3_6,SCMF
H-4175,all,31,18,4979,6970,11,35997,0,0,0,0,0,H,6,Innate lymphoid cell,43,20,2,2,2_5,DC
H-4177,all,102,32,4653,5877,17,106167,0,0,0,0,0,H,56,Alveolar type 2 cell,54,27,9,9,9,Bcell
H-4178,all,51,29,3793,6581,14,76977,0,0,0,0,0,H,6,Sox9+/Id2+ epithelial cell,52,30,3,3,3_1,SMC
H-4179,all,22,13,4154,6585,7,21015,0,0,0,0,0,H,7,Sox9+/Id2+ epithelial cell,41,13,7,7,7_3,Tcell (CD8)
H-4180,all,36,22,4068,6862,36,56874,0,0,0,0,0,H,15,Sox9+/Id2+ epithelial cell,42,22,1,1,1_3,AT2
H-4182,all,39,23,5016,7180,34,53441,0,0,0,0,0,H,13,Inflammatory monocyte,41,24,2,2,2_1,Capillary
H-4184,all,71,18,4631,6115,34,57201,0,0,0,0,0,H,52,Alveolar type 2 cell,51,18,1,1,1_3,AT2
H-4185,all,27,16,4584,5793,10,48741,0,0,0,0,0,H,7,Capillary 1 cell,43,16,2,2,2_1,Capillary
H-4186,all,47,26,4286,7264,13,54575,0,0,0,0,0,H,14,Endothelial progenitor cell,47,26,5,5,5_3,Pericyte
H-4187,all,13,7,5167,6569,28,16343,0,0,0,0,0,H,2,Endothelial progenitor cell,31,7,3,3,3_4,AdventitialFib
H-4188,all,18,14,5155,6451,5,17884,0,0,0,0,0,H,6,Pericyte,37,14,5,5,5_1,Pericyte
H-4189,all,50,30,4455,6674,12,55263,0,0,0,0,0,H,21,Interstitial macrophage,54,31,3,3,3_1,SMC
H-4190,all,39,21,4152,7398,16,63019,0,0,0,0,0,H,8,Proliferative mesenchymal progenitor cell,41,21,7,7,7_3,Tcell (CD8)
H-4191,all,60,27,4769,5969,20,32045,0,0,0,0,0,H,10,Alveolar type 1 cell,53,27,1,1,1_5_4,pDC
H-4193,all,13,9,4220,7227,10,24113,0,0,0,0,0,H,3,Sox9+/Id2+ epithelial cell,33,9,6,6,6,AT1
H-4197,all,49,23,4507,6601,33,59074,0,0,0,0,0,H,23,Arterial endothelial cell,49,23,5,5,5_1,Pericyte
H-4198,all,64,35,4041,7476,24,131400,0,0,0,0,0,H,20,Alveolar type 2 cell,59,35,8,8,8_2,InterstitialMac
H-4200,all,11,9,4075,6569,37,16442,0,0,0,0,0,H,5,Alveolar type 2 cell,32,9,1,1,1_1,AT2
H-4201,all,8,8,5289,6209,36,42944,0,0,0,0,0,H,2,Capillary 2 cell,23,10,2,2,2_6,pDC
H-4202,all,16,11,4987,7007,15,20356,0,0,0,0,0,H,5,AT1/AT2,35,13,2,2,2_5,DC
H-4203,all,21,10,5579,5761,31,50726,0,0,0,0,0,H,2,CD8+ T cell,44,12,2,2,2_5,DC
H-4204,all,29,20,5161,6114,37,31478,0,0,0,0,0,H,10,Sox9+/Id2+ epithelial cell,39,22,2,2,2_5,DC
H-4205,all,106,32,4394,6129,20,75838,0,0,0,0,0,H,16,Alveolar type 1 cell,57,27,6,6,6,AT1
H-4206,all,47,21,4288,7600,27,48919,0,0,0,0,0,H,3,Natural killer cell,47,21,7,7,7_4,PatrolMac
H-4207,all,53,32,4985,7395,14,81459,0,0,0,0,0,H,10,Mesothelial cell,53,32,3,3,3_4,AdventitialFib
H-4211,all,43,23,5435,6019,28,58506,0,0,0,0,0,H,24,Alveolar type 2 cell,48,25,2,2,2_5,DC
H-4216,all,45,21,4230,6040,11,66621,0,0,0,0,0,H,11,Alveolar fibroblast 1,45,21,7,7,7_3,Tcell (CD8)
H-4217,all,66,20,4173,7353,16,63142,0,0,0,0,0,H,46,Alveolar type 2 cell,54,20,1,1,1_1,AT2
H-4218,all,36,23,5334,7303,22,64486,0,0,0,0,0,H,7,Inflammatory monocyte,39,23,7,7,7_2,PatrolMac
H-4220,all,62,31,3895,7530,17,91355,0,0,0,0,0,H,23,Venous endothelial cell,54,31,1,1,1_1,AT2
H-4223,all,59,29,4481,6362,20,83232,0,0,0,0,0,H,12,Pericyte,55,29,5,5,5_1,Pericyte
H-4224,all,47,29,4450,6647,13,37097,0,0,0,0,0,H,4,Alveolar macrophage,47,29,7,7,7_4,PatrolMac
H-4225,all,94,25,4815,5926,19,57617,0,0,0,0,0,H,16,Alveolar type 1 cell,56,24,6,6,6,AT1
H-4226,all,21,11,4160,6368,31,34181,0,0,0,0,0,H,11,CD8+ T cell,41,11,7,7,7_3,Tcell (CD8)
H-4228,all,39,25,4380,7314,30,45913,0,0,0,0,0,H,7,Classical DC subset 2,41,25,6,6,6,AT1
H-4229,all,33,17,4284,6654,31,57316,0,0,0,0,0,H,14,Sox9+/Id2+ epithelial cell,41,17,5,5,5_1,Pericyte
H-4231,all,93,25,5430,7419,14,85579,0,0,0,0,0,H,22,Alveolar type 1 cell,56,25,6,6,6,AT1
H-4232,all,33,21,4076,6734,9,31377,0,0,0,0,0,H,8,Interstitial macrophage,39,21,8,8,8_3,InterstitialMac
H-4234,all,70,11,3983,7401,38,33288,8623,3473,5150,0.4027601,0.5972399,H,18,Alveolar type 2 cell,53,11,1,1,1_3,AT2
H-4235,all,16,14,5193,6559,34,42390,0,0,0,0,0,H,5,Inflammatory monocyte,33,15,3,3,3_1,SMC
H-4236,all,51,28,5470,6442,13,53595,0,0,0,0,0,H,25,Pericyte,52,29,3,3,3_1,SMC
H-4237,all,17,12,5248,7197,20,35282,0,0,0,0,0,H,4,B cell,35,12,9,9,9,Bcell
H-4239,all,27,17,4882,5853,10,53509,0,0,0,0,0,H,12,Pericyte,39,17,5,5,5_1,Pericyte
H-4240,all,97,20,5096,6622,19,72038,0,0,0,0,0,H,78,Alveolar type 2 cell,55,18,1,1,1_1,AT2
H-4241,all,81,49,5313,6461,21,103186,0,0,0,0,0,H,17,Ciliated cell,63,49,1,1,1_3,AT2
H-4243,all,11,9,4369,6657,21,42161,0,0,0,0,0,H,2,Sox9+/Id2+ epithelial cell,31,9,8,8,8_2,InterstitialMac
H-4244,all,14,8,4246,6898,37,29623,0,0,0,0,0,H,3,Arterial endothelial cell,36,10,2,2,2_5,DC
H-4246,all,50,32,4309,7549,22,96941,0,0,0,0,0,H,15,Capillary 1 cell,48,31,2,2,2_1,Capillary
H-4248,all,46,26,5487,5998,33,80239,0,0,0,0,0,H,6,Capillary 1 cell,46,26,7,7,7_3,Tcell (CD8)
H-4249,all,6,3,4987,7529,35,11968,0,0,0,0,0,H,2,Alveolar type 1 cell,20,6,6,6,6,AT1
H-4251,all,37,27,5534,6534,32,65867,0,0,0,0,0,H,4,Arterial endothelial cell,39,28,2,2,2_4,Artery
H-4254,all,162,31,5220,6124,24,134600,0,0,0,0,0,H,121,Alveolar type 2 cell,48,12,1,1,1_3,AT2
H-4255,all,118,36,4196,6829,31,97279,0,0,0,0,0,H,15,Arterial endothelial cell,42,13,6,6,6,AT1
H-4257,all,50,26,4845,6304,31,49289,0,0,0,0,0,H,11,Interstitial macrophage,50,26,8,8,8_3,InterstitialMac
H-4258,all,27,17,3950,5986,33,42374,0,0,0,0,0,H,5,Capillary 1 cell,42,17,1,1,1_3,AT2
H-4259,all,43,12,5383,7041,10,23617,0,0,0,0,0,H,34,Alveolar type 2 cell,46,12,1,1,1_1,AT2
H-4260,all,7,6,4556,5748,6,11620,0,0,0,0,0,H,3,Alveolar type 1 cell,23,9,1,1,1_5_1,LymphaticEndo
H-4261,all,56,30,4270,6136,29,101135,0,0,0,0,0,H,11,Capillary 1 cell,53,31,2,2,2_1,Capillary
H-4268,all,50,25,4042,6714,14,45474,0,0,0,0,0,H,9,Alveolar type 1 cell,49,25,6,6,6,AT1
H-4273,all,18,16,4139,7333,10,29520,0,0,0,0,0,H,8,Inflammatory monocyte,37,16,5,5,5_1,Pericyte
H-4276,all,27,19,4393,6675,18,51757,0,0,0,0,0,H,6,Interstitial macrophage,43,19,8,8,8_3,InterstitialMac
H-4278,all,63,21,4768,6588,35,42125,0,0,0,0,0,H,10,Arterial endothelial cell,53,21,6,6,6,AT1
H-4282,all,216,54,5086,7580,24,134186,0,0,0,0,0,H,124,Alveolar type 2 cell,49,23,1,1,1_3,AT2
H-4285,all,14,12,4079,6690,5,14689,0,0,0,0,0,H,5,Endothelial progenitor cell,29,12,6,6,6,AT1
H-4286,all,105,31,4783,5939,21,70835,0,0,0,0,0,H,13,Arterial endothelial cell,56,25,6,6,6,AT1
H-4288,all,9,7,4281,6888,36,30505,0,0,0,0,0,H,4,Inflammatory monocyte,30,9,2,2,2_5,DC
H-4289,all,114,41,4860,5684,20,69559,0,0,0,0,0,H,19,Alveolar type 1 cell,53,25,6,6,6,AT1
H-4291,all,71,37,4727,5920,14,78854,0,0,0,0,0,H,14,Inflammatory monocyte,55,37,6,6,6,AT1
H-4292,all,97,45,4796,6785,32,92503,0,0,0,0,0,H,15,Inflammatory monocyte,65,44,2,2,2_1,Capillary
H-4294,all,49,22,3816,5924,23,70427,0,0,0,0,0,H,9,Alveolar type 1 cell,49,22,6,6,6,AT1
H-4295,all,11,9,5267,6487,11,14909,0,0,0,0,0,H,2,B cell,29,9,9,9,9,Bcell
H-4297,all,40,19,3944,5841,33,72403,0,0,0,0,0,H,13,Alveolar fibroblast 1,44,20,3,3,3_1,SMC
H-4298,all,11,8,3894,5949,33,24261,0,0,0,0,0,H,2,Alveolar type 1 cell,34,8,6,6,6,AT1
H-4299,all,66,38,4874,6333,17,71901,0,0,0,0,0,H,19,Interstitial macrophage,59,38,8,8,8_3,InterstitialMac
H-4301,all,44,27,4520,5737,23,52829,0,0,0,0,0,H,10,Pericyte,46,29,2,2,2_5,DC
H-4305,all,79,28,4338,7320,18,95033,0,0,0,0,0,H,23,Alveolar type 1 cell,56,28,6,6,6,AT1
H-4307,all,42,23,3986,6728,28,28814,0,0,0,0,0,H,10,Alveolar type 1 cell,44,24,3,3,3_1,SMC
H-4308,all,39,24,4757,5877,14,63714,0,0,0,0,0,H,10,B cell,41,24,9,9,9,Bcell
H-4311,all,34,21,4621,5837,12,42560,0,0,0,0,0,H,11,CD4+ T cell,41,21,3,3,3_6,SCMF
H-4312,all,19,9,5035,5688,35,32477,0,0,0,0,0,H,5,B cell,37,9,9,9,9,Bcell
H-4315,all,51,27,4999,7088,14,47368,0,0,0,0,0,H,10,Arterial endothelial cell,52,28,2,2,2_4,Artery
H-4316,all,53,35,4109,7377,20,63880,0,0,0,0,0,H,12,Inflammatory monocyte,53,36,3,3,3_1,SMC
H-4321,all,33,15,3825,6198,30,63428,0,0,0,0,0,H,23,Sox9+/Id2+ epithelial cell,41,15,2,2,2_6,pDC
H-4322,all,100,40,5292,6150,33,78735,0,0,0,0,0,H,17,Alveolar macrophage,62,36,8,8,8_1,AlveolarMac
H-4323,all,23,13,4944,7136,7,19634,0,0,0,0,0,H,2,Capillary 1 cell,44,14,2,2,2_1,Capillary
H-4324,all,37,27,4099,7409,26,69472,0,0,0,0,0,H,9,Inflammatory monocyte,41,28,2,2,2_5,DC
H-4325,all,37,29,4029,7434,9,68681,0,0,0,0,0,H,9,B cell,38,29,9,9,9,Bcell
H-4326,all,26,21,4258,6706,26,72981,0,0,0,0,0,H,13,Secondary crest myofibroblast,40,22,3,3,3_2,SMC
H-4327,all,57,15,4247,6661,17,65511,0,0,0,0,0,H,40,Alveolar type 1 cell,52,15,1,1,1_1,AT2
H-4331,all,24,15,5571,7476,29,39140,0,0,0,0,0,H,2,B cell,42,15,9,9,9,Bcell
H-4336,all,43,26,4350,6738,29,69899,0,0,0,0,0,H,9,Interstitial macrophage,43,26,8,8,8_3,InterstitialMac
H-4342,all,116,32,4130,6885,32,96911,0,0,0,0,0,H,78,Alveolar type 2 cell,48,15,1,1,1_3,AT2
H-4343,all,66,37,4085,7441,16,60818,0,0,0,0,0,H,8,Inflammatory monocyte,57,37,1,1,1_3,AT2
H-4344,all,21,15,3817,6686,12,20102,0,0,0,0,0,H,2,Inflammatory monocyte,43,17,2,2,2_5,DC
H-4345,all,16,12,4197,6958,18,49491,112,0,112,0,1,H,4,Alveolar fibroblast 1,32,13,1,1,1_5_1,LymphaticEndo
H-4346,all,35,20,3793,5707,24,76186,0,0,0,0,0,H,4,Pericyte,42,20,6,6,6,AT1
H-4347,all,11,8,3991,6955,10,13923,0,0,0,0,0,H,3,CD8+ T cell,29,9,2,2,2_2,InflamMac
H-4348,all,30,8,5110,6590,13,35866,0,0,0,0,0,H,23,Alveolar type 2 cell,43,8,1,1,1_3,AT2
H-4351,all,22,12,3813,5682,16,52689,0,0,0,0,0,H,6,Capillary 1 cell,44,12,2,2,2_1,Capillary
H-4354,all,38,13,3988,5834,23,53998,0,0,0,0,0,H,23,Sox9+/Id2+ epithelial cell,44,13,3,3,3_1,SMC
H-4355,all,37,20,4784,5904,13,41280,0,0,0,0,0,H,5,Alveolar fibroblast 1,41,21,2,2,2_1,Capillary
H-4360,all,24,5,3952,7400,38,16243,1298,312,108,0.7428571,0.2571429,H,11,Sox9+/Id2+ epithelial cell,43,5,1,1,1_1,AT2
H-4363,all,24,19,5188,6144,31,26541,0,0,0,0,0,H,5,Neutrophil,44,19,3,3,3_2,SMC
H-4364,all,10,6,3926,6018,38,9261,0,0,0,0,0,H,4,CD8+ T cell,35,7,2,2,2_2,InflamMac
H-4366,all,12,9,4200,6991,16,37932,0,0,0,0,0,H,3,Alveolar type 1 cell,32,9,6,6,6,AT1
H-4378,all,36,24,6361,611,33,62723,0,0,0,0,0,H,10,B cell,39,24,9,9,9,Bcell
H-4380,all,52,35,6661,695,29,100716,0,0,0,0,0,H,21,Pericyte,51,35,5,5,5_1,Pericyte
H-4381,all,59,23,7024,516,39,35668,0,0,0,0,0,H,7,Alveolar type 1 cell,53,23,6,6,6,AT1
H-4382,all,28,19,7422,178,30,76736,0,0,0,0,0,H,5,Pericyte,40,19,5,5,5_1,Pericyte
H-4384,all,13,10,6792,1244,12,53419,0,0,0,0,0,H,4,Alveolar fibroblast 1,26,10,5,5,5_3,Pericyte
H-4385,all,35,20,6227,1283,28,64741,0,0,0,0,0,H,6,Arterial endothelial cell,41,20,2,2,2_4,Artery
H-4386,all,84,31,5783,1397,32,61627,0,0,0,0,0,H,17,Alveolar type 1 cell,59,31,6,6,6,AT1
H-4388,all,24,20,7235,1036,22,92366,0,0,0,0,0,H,4,Capillary 1 cell,44,20,2,2,2_3,Vein
H-4390,all,93,22,6650,1756,21,90280,0,0,0,0,0,H,22,Alveolar type 1 cell,56,22,6,6,6,AT1
H-4391,all,12,11,6356,34,14,61825,0,0,0,0,0,H,4,Pericyte,29,11,5,5,5_3,Pericyte
H-4392,all,119,45,6293,1548,15,97217,0,0,0,0,0,H,26,Alveolar macrophage,46,25,8,8,8_1,AlveolarMac
H-4394,all,41,21,6860,1954,27,77121,0,0,0,0,0,H,18,B cell,43,21,9,9,9,Bcell
H-4396,all,80,37,5627,1280,17,89675,0,0,0,0,0,H,21,Arterial endothelial cell,59,38,2,2,2_1,Capillary
H-4397,all,27,16,6559,256,34,46065,0,0,0,0,0,H,3,Capillary 1 cell,43,16,2,2,2_3,Vein
H-4400,all,40,32,6736,662,34,51573,0,0,0,0,0,H,11,Capillary 1 cell,40,31,2,2,2_1,Capillary
H-4401,all,34,20,6441,546,30,81244,0,0,0,0,0,H,7,CD4+ T cell,42,20,7,7,7_4,PatrolMac
H-4402,all,24,20,6402,118,29,71815,0,0,0,0,0,H,4,B cell,44,20,7,7,7_2,PatrolMac
H-4403,all,59,26,5756,498,27,61001,0,0,0,0,0,H,15,CD8+ T cell,55,26,7,7,7_2,PatrolMac
H-4405,all,37,22,6384,1248,11,40394,0,0,0,0,0,H,9,Alveolar fibroblast 1,40,23,1,1,1_5_1,LymphaticEndo
H-4406,all,21,18,5905,1406,23,57764,0,0,0,0,0,H,4,Capillary 1 cell,39,17,2,2,2_1,Capillary
H-4409,all,58,24,6770,316,16,86597,0,0,0,0,0,H,17,Capillary 1 cell,53,24,2,2,2_3,Vein
H-4410,all,9,7,6766,623,28,56298,0,0,0,0,0,H,6,Pericyte,25,7,7,7,7_3,Tcell (CD8)
H-4411,all,57,31,6845,86,24,75123,0,0,0,0,0,H,12,Alveolar macrophage,55,31,8,8,8_1,AlveolarMac
H-4412,all,28,16,5776,1443,33,44287,0,0,0,0,0,H,6,Alveolar type 1 cell,39,16,6,6,6,AT1
H-4413,all,14,10,5622,1029,9,43609,0,0,0,0,0,H,3,Alveolar type 1 cell,33,11,3,3,3_1,SMC
H-4414,all,27,14,5728,1444,37,37052,0,0,0,0,0,H,5,Capillary 1 cell,43,14,2,2,2_3,Vein
H-4416,all,19,9,6184,142,15,46001,0,0,0,0,0,H,6,Pericyte,37,9,3,3,3_4,AdventitialFib
H-4417,all,19,15,5810,761,33,40711,0,0,0,0,0,H,6,Capillary 1 cell,39,15,2,2,2_1,Capillary
H-4419,all,20,15,6579,1066,11,74031,0,0,0,0,0,H,7,Pericyte,41,15,5,5,5_1,Pericyte
H-4420,all,76,12,6636,1368,20,94022,0,0,0,0,0,H,62,Sox9+/Id2+ epithelial cell,52,12,1,1,1_1,AT2
H-4422,all,149,31,6259,1387,35,87709,0,0,0,0,0,H,125,Alveolar type 2 cell,45,9,1,1,1_3,AT2
H-4424,all,79,36,6541,1347,21,108117,0,0,0,0,0,H,17,Endothelial progenitor cell,58,36,2,2,2_1,Capillary
H-4425,all,37,24,6651,61,32,84722,0,0,0,0,0,H,8,Endothelial progenitor cell,42,24,2,2,2_1,Capillary
H-4426,all,23,16,6615,532,12,55040,0,0,0,0,0,H,7,Secondary crest myofibroblast,43,16,5,5,5_3,Pericyte
H-4427,all,83,21,6750,1390,28,143436,0,0,0,0,0,H,30,Innate lymphoid cell,55,21,6,6,6,AT1
H-4428,all,43,15,7152,1354,18,63315,0,0,0,0,0,H,13,Alveolar type 1 cell,46,15,6,6,6,AT1
H-4429,all,13,8,7093,920,15,47659,0,0,0,0,0,H,7,Alveolar type 1 cell,35,9,3,3,3_1,SMC
H-4430,all,85,21,6534,626,34,58414,0,0,0,0,0,H,67,Alveolar type 2 cell,55,21,1,1,1_3,AT2
H-4431,all,56,12,6720,1324,37,57805,0,0,0,0,0,H,47,B cell,50,12,1,1,1_3,AT2
H-4432,all,19,13,7482,45,33,72208,0,0,0,0,0,H,3,Alveolar fibroblast 1,37,13,3,3,3_4,AdventitialFib
H-4433,all,8,6,6439,308,16,34153,0,0,0,0,0,H,4,Alveolar fibroblast 1,24,8,3,3,3_1,SMC
H-4434,all,23,17,6717,1263,36,62413,0,0,0,0,0,H,6,B cell,40,17,9,9,9,Bcell
H-4435,all,48,27,6098,1426,13,75782,0,0,0,0,0,H,17,Arterial endothelial cell,48,27,2,2,2_4,Artery
H-4436,all,34,7,6154,175,23,46378,0,0,0,0,0,H,30,Alveolar type 2 cell,45,7,1,1,1_3,AT2
H-4437,all,97,20,5617,961,35,65793,0,0,0,0,0,H,71,Alveolar type 2 cell,55,19,1,1,1_3,AT2
H-4439,all,9,8,5751,655,9,24649,0,0,0,0,0,H,2,Classical DC subset 2,23,9,3,3,3_6,SCMF
H-4440,all,34,23,6830,583,20,77068,0,0,0,0,0,H,8,Alveolar fibroblast 1,39,25,2,2,2_5,DC
H-4441,all,27,23,5694,392,38,39027,0,0,0,0,0,H,6,B cell,42,23,3,3,3_6,SCMF
H-4442,all,24,17,6076,1100,13,27174,50,0,50,0,1,H,2,Capillary 1 cell,46,18,2,2,2_1,Capillary
H-4443,all,19,11,6351,1374,24,34914,0,0,0,0,0,H,2,Arterial endothelial cell,39,11,5,5,5_3,Pericyte
H-4445,all,33,22,6121,1107,16,74140,0,0,0,0,0,H,11,Alveolar fibroblast 1,41,22,6,6,6,AT1
H-4446,all,100,50,6312,1017,32,91841,0,0,0,0,0,H,20,Alveolar macrophage,68,46,8,8,8_1,AlveolarMac
H-4447,all,50,28,6228,980,30,64984,0,0,0,0,0,H,8,Pericyte,50,28,5,5,5_1,Pericyte
H-4448,all,23,16,7261,220,37,39703,0,0,0,0,0,H,2,Proliferative mesenchymal progenitor cell,40,16,7,7,7_2,PatrolMac
H-4450,all,62,11,6524,60,35,53756,0,0,0,0,0,H,55,Alveolar type 2 cell,50,11,1,1,1_3,AT2
H-4453,all,34,25,7245,1189,34,70719,0,0,0,0,0,H,4,B cell,41,25,3,3,3_6,SCMF
H-4454,all,27,15,6790,1716,37,33093,0,0,0,0,0,H,10,T regulatory cell,41,15,7,7,7_2,PatrolMac
H-4455,all,48,28,6570,612,27,73625,0,0,0,0,0,H,15,Capillary 2 cell,47,27,2,2,2_1,Capillary
H-4458,all,42,17,6662,325,17,67455,0,0,0,0,0,H,18,Alveolar type 1 cell,44,17,1,1,1_3,AT2
H-4459,all,37,20,6171,1428,31,51540,0,0,0,0,0,H,15,Arterial endothelial cell,41,20,1,1,1_4_3,AlveolarFib
H-4461,all,65,31,6319,471,33,81794,0,0,0,0,0,H,23,Pericyte,56,31,5,5,5_1,Pericyte
H-4462,all,52,32,6044,1118,16,50924,0,0,0,0,0,H,6,Alveolar fibroblast 1,53,33,3,3,3_5,SMC
H-4463,all,24,19,6813,31,29,66579,0,0,0,0,0,H,4,Inflammatory monocyte,39,21,2,2,2_5,DC
H-4465,all,20,11,5502,1322,26,42172,0,0,0,0,0,H,16,Pericyte,42,11,5,5,5_1,Pericyte
H-4467,all,82,25,6069,397,24,95392,0,0,0,0,0,H,21,Alveolar type 1 cell,57,25,6,6,6,AT1
H-4468,all,41,25,5630,1238,14,75559,0,0,0,0,0,H,13,Alveolar fibroblast 1,42,26,1,1,1_5_1,LymphaticEndo
H-4469,all,80,24,6322,623,28,77642,0,0,0,0,0,H,12,Alveolar fibroblast 1,53,24,6,6,6,AT1
H-4470,all,52,35,6262,1016,20,99660,0,0,0,0,0,H,17,Capillary 1 cell,54,36,3,3,3_1,SMC
H-4471,all,47,29,6353,1331,20,69167,0,0,0,0,0,H,15,Capillary 1 cell,48,30,3,3,3_1,SMC
H-4473,all,21,14,6617,1141,32,46002,0,0,0,0,0,H,3,Sox9+/Id2+ epithelial cell,39,14,2,2,2_1,Capillary
H-4474,all,17,11,5953,759,21,20563,0,0,0,0,0,H,2,Capillary 1 cell,36,12,2,2,2_3,Vein
H-4475,all,52,33,6634,445,20,64335,0,0,0,0,0,H,14,Arterial endothelial cell,50,32,2,2,2_1,Capillary
H-4477,all,52,17,6170,359,36,52099,0,0,0,0,0,H,9,Alveolar type 1 cell,50,17,6,6,6,AT1
H-4478,all,25,18,5803,44,22,76465,0,0,0,0,0,H,4,Alveolar fibroblast 1,40,19,2,2,2_4,Artery
H-4479,all,52,26,6830,1482,13,61687,0,0,0,0,0,H,20,Venous endothelial cell,51,26,6,6,6,AT1
H-4480,all,37,26,5941,1396,18,58568,0,0,0,0,0,H,9,Capillary 1 cell,42,28,2,2,2_5,DC
H-4481,all,14,9,6870,522,32,29114,0,0,0,0,0,H,8,Inflammatory monocyte,28,9,1,1,1_2_3,Tcell (CD4)
H-4482,all,11,8,7120,1244,26,58278,0,0,0,0,0,H,2,Basophil,30,10,2,2,2_5,DC
H-4483,all,40,24,6767,77,24,70886,0,0,0,0,0,H,21,Pericyte,42,24,5,5,5_1,Pericyte
H-4484,all,9,5,6933,1882,32,17450,0,0,0,0,0,H,4,Sox9+/Id2+ epithelial cell,35,5,1,1,1_1,AT2
H-4485,all,50,23,5842,1174,19,85224,0,0,0,0,0,H,11,Endothelial progenitor cell,50,23,2,2,2_3,Vein
H-4486,all,18,11,7012,823,32,39938,0,0,0,0,0,H,3,Alveolar fibroblast 1,37,11,7,7,7_3,Tcell (CD8)
H-4487,all,19,15,5802,260,33,22661,0,0,0,0,0,H,2,Inflammatory monocyte,39,17,2,2,2_5,DC
H-4488,all,67,35,6270,932,15,140174,0,0,0,0,0,H,14,Capillary 1 cell,59,36,3,3,3_1,SMC
H-4490,all,84,23,6604,313,34,56473,0,0,0,0,0,H,19,Alveolar type 1 cell,58,23,6,6,6,AT1
H-4491,all,40,28,6391,1063,32,62874,52,0,52,0,1,H,12,Inflammatory monocyte,44,29,3,3,3_1,SMC
H-4492,all,7,7,7198,1284,27,54310,0,0,0,0,0,H,3,Alveolar fibroblast 1,26,8,3,3,3_1,SMC
H-4493,all,64,40,6684,1418,23,145772,0,0,0,0,0,H,30,Pericyte,59,41,3,3,3_5,SMC
H-4494,all,45,23,6904,1851,17,110413,0,0,0,0,0,H,9,Alveolar macrophage,45,23,8,8,8_1,AlveolarMac
H-4495,all,10,8,6891,1935,12,37551,0,0,0,0,0,H,3,Natural killer cell,27,9,1,1,1_6_2,Neutrophil
H-4496,all,125,33,5652,1178,14,79242,0,0,0,0,0,H,34,Arterial endothelial cell,43,13,6,6,6,AT1
H-4497,all,129,26,6018,1152,28,83513,0,0,0,0,0,H,104,Alveolar type 2 cell,43,7,1,1,1_3,AT2
H-4501,all,37,24,5786,1286,24,78472,0,0,0,0,0,H,24,Vascular smooth muscle cell,41,24,5,5,5_1,Pericyte
H-4503,all,43,26,5720,1400,35,62071,0,0,0,0,0,H,16,Alveolar fibroblast 1,44,25,1,1,1_5_1,LymphaticEndo
H-4505,all,8,7,5714,889,21,39982,0,0,0,0,0,H,2,Alveolar type 1 cell,27,8,2,2,2_6,pDC
H-4506,all,9,8,5872,425,10,40279,0,0,0,0,0,H,3,Capillary 1 cell,34,10,2,2,2_1,Capillary
H-4509,all,8,7,5989,1292,35,20469,0,0,0,0,0,H,2,Endothelial progenitor cell,32,7,2,2,2_1,Capillary
H-4510,all,23,15,7006,1435,11,60661,0,0,0,0,0,H,7,Innate lymphoid cell,44,17,2,2,2_5,DC
H-4512,all,31,21,6881,1356,33,68059,0,0,0,0,0,H,8,B cell,39,21,9,9,9,Bcell
H-4515,all,9,8,7058,833,21,50438,0,0,0,0,0,H,2,Proliferative mesenchymal progenitor cell,25,9,2,2,2_6,pDC
H-4516,all,27,17,7230,891,16,53745,0,0,0,0,0,H,7,Capillary 1 cell,40,17,8,8,8_3,InterstitialMac
H-4517,all,14,10,7223,826,16,41637,0,0,0,0,0,H,2,Sox9+/Id2+ epithelial cell,32,10,8,8,8_2,InterstitialMac
H-4518,all,22,16,7194,169,21,73875,0,0,0,0,0,H,3,Pericyte,40,16,5,5,5_3,Pericyte
H-4519,all,41,27,6689,1858,16,77515,0,0,0,0,0,H,14,Sox9+/Id2+ epithelial cell,45,28,2,2,2_1,Capillary
H-4521,all,126,13,7200,283,28,95764,0,0,0,0,0,H,112,Alveolar type 2 cell,48,6,1,1,1_1,AT2
H-4524,all,32,19,7085,1120,31,81373,298870,68259,218569,0.2379789,0.7620211,H,5,Classical DC subset 2,41,19,3,3,3_6,SCMF
H-4526,all,25,13,6113,428,36,42543,0,0,0,0,0,H,2,Inflammatory monocyte,44,13,9,9,9,Bcell
H-4528,all,31,16,6250,268,11,52493,0,0,0,0,0,H,3,Proliferative mesenchymal progenitor cell,41,16,6,6,6,AT1
H-4529,all,47,27,5912,1224,21,94189,0,0,0,0,0,H,14,Alveolar fibroblast 1,48,28,2,2,2_4,Artery
H-4530,all,55,15,6959,1857,31,46176,0,0,0,0,0,H,30,AT1/AT2,51,15,6,6,6,AT1
H-4532,all,43,32,6006,1446,17,75563,0,0,0,0,0,H,10,Inflammatory monocyte,43,32,7,7,7_2,PatrolMac
H-4533,all,20,12,5995,373,13,43838,0,0,0,0,0,H,6,Pericyte,40,13,1,1,1_4_3,AlveolarFib
H-4534,all,58,30,6424,1318,14,80341,0,0,0,0,0,H,20,Venous endothelial cell,55,31,3,3,3_1,SMC
H-4535,all,28,18,6344,1238,12,75560,0,0,0,0,0,H,8,Alveolar type 2 cell,41,18,1,1,1_3,AT2
H-4537,all,19,15,5931,733,26,36704,0,0,0,0,0,H,5,Inflammatory monocyte,38,16,2,2,2_5,DC
H-4538,all,35,21,7257,1372,17,79456,0,0,0,0,0,H,11,Inflammatory monocyte,40,22,3,3,3_1,SMC
H-4539,all,38,11,5691,1263,7,18901,0,0,0,0,0,H,29,Alveolar type 2 cell,44,11,1,1,1_3,AT2
H-4542,all,10,8,5759,330,12,29764,0,0,0,0,0,H,3,Secondary crest myofibroblast,27,8,5,5,5_1,Pericyte
H-4544,all,80,22,6578,1391,38,44765,0,0,0,0,0,H,21,Alveolar type 1 cell,54,22,6,6,6,AT1
H-4546,all,11,8,6531,236,34,35427,0,0,0,0,0,H,2,Capillary 2 cell,33,9,2,2,2_1,Capillary
H-4547,all,174,36,5679,1225,22,111459,0,0,0,0,0,H,127,Alveolar type 2 cell,45,10,1,1,1_3,AT2
H-4549,all,47,13,6972,1382,23,57007,0,0,0,0,0,H,38,Alveolar type 2 cell,48,13,1,1,1_3,AT2
H-4550,all,15,8,6106,1475,40,15406,0,0,0,0,0,H,6,Pericyte,33,8,5,5,5_1,Pericyte
H-4551,all,36,21,5775,244,31,39373,0,0,0,0,0,H,9,Arterial endothelial cell,42,23,2,2,2_5,DC
H-4552,all,16,11,7439,31,22,50080,0,0,0,0,0,H,2,B cell,37,11,2,2,2_6,pDC
H-4553,all,31,21,5720,326,17,101951,0,0,0,0,0,H,3,Alveolar type 1 cell,41,22,3,3,3_1,SMC
H-4554,all,27,20,5659,1379,26,45945,0,0,0,0,0,H,6,Capillary 1 cell,40,20,2,2,2_1,Capillary
H-4555,all,21,17,7039,1291,35,54689,0,0,0,0,0,H,2,Alveolar fibroblast 1,40,18,3,3,3_1,SMC
H-4556,all,40,25,6607,376,27,58218,0,0,0,0,0,H,8,Capillary 2 cell,42,25,7,7,7_3,Tcell (CD8)
H-4557,all,40,22,6814,1855,30,96412,0,0,0,0,0,H,5,Alveolar fibroblast 1,42,22,2,2,2_4,Artery
H-4558,all,60,35,6480,1133,14,83809,169,0,169,0,1,H,7,Venous endothelial cell,56,35,3,3,3_6,SCMF
H-4559,all,20,11,6262,1277,21,25743,0,0,0,0,0,H,3,Arterial endothelial cell,39,12,2,2,2_4,Artery
H-4560,all,102,40,6342,228,30,146371,0,0,0,0,0,H,9,Proliferative mesenchymal progenitor cell,59,31,3,3,3_1,SMC
H-4561,all,52,30,6372,555,25,92513,0,0,0,0,0,H,10,Alveolar fibroblast 1,52,30,7,7,7_3,Tcell (CD8)
H-4563,all,11,6,6155,80,34,32183,0,0,0,0,0,H,5,Alveolar type 2 cell,31,6,1,1,1_1,AT2
H-4564,all,31,19,6828,125,34,65972,0,0,0,0,0,H,8,Alveolar macrophage,39,19,8,8,8_1,AlveolarMac
H-4565,all,37,23,7077,1033,20,108315,34377,23468,4349,0.8436568,0.1563432,H,9,Capillary 2 cell,40,23,8,8,8_1,AlveolarMac
H-4566,all,54,11,6280,657,20,66883,0,0,0,0,0,H,41,Alveolar type 2 cell,51,12,3,3,3_1,SMC
H-4567,all,9,7,6919,63,32,34831,0,0,0,0,0,H,4,Endothelial progenitor cell,28,7,6,6,6,AT1
H-4568,all,118,54,6301,706,23,105575,0,0,0,0,0,H,49,Alveolar type 2 cell,40,23,5,5,5_3,Pericyte
H-4571,all,18,12,6744,1711,37,36337,0,0,0,0,0,H,12,Pericyte,36,12,5,5,5_1,Pericyte
H-4573,all,10,5,6995,1144,11,82637,0,0,0,0,0,H,3,Alveolar macrophage,24,5,8,8,8_1,AlveolarMac
H-4574,all,54,31,6396,510,32,69108,0,0,0,0,0,H,16,Alveolar fibroblast 1,54,32,1,1,1_5_1,LymphaticEndo
H-4576,all,31,19,6491,106,35,46272,0,0,0,0,0,H,7,Alveolar type 2 cell,42,20,2,2,2_2,InflamMac
H-4579,all,54,25,6828,183,36,82952,0,0,0,0,0,H,12,B cell,52,25,9,9,9,Bcell
H-4580,all,84,43,6699,207,29,113715,0,0,0,0,0,H,18,Sox9+/Id2+ epithelial cell,61,43,6,6,6,AT1
H-4581,all,17,11,5916,766,26,42511,0,0,0,0,0,H,5,Pericyte,36,11,5,5,5_3,Pericyte
H-4582,all,34,23,5916,199,37,83274,0,0,0,0,0,H,10,Alveolar fibroblast 1,40,24,3,3,3_1,SMC
H-4584,all,30,24,5733,465,24,48502,0,0,0,0,0,H,2,Capillary 1 cell,37,23,2,2,2_1,Capillary
H-4585,all,155,27,6742,243,34,99299,0,0,0,0,0,H,126,Alveolar type 2 cell,48,11,1,1,1_3,AT2
H-4587,all,122,37,6685,284,33,107637,0,0,0,0,0,H,15,Alveolar type 1 cell,46,15,6,6,6,AT1
H-4588,all,31,18,6852,810,34,87321,0,0,0,0,0,H,6,Sox9+/Id2+ epithelial cell,40,18,8,8,8_2,InterstitialMac
H-4589,all,34,16,6590,986,10,34961,0,0,0,0,0,H,13,Alveolar fibroblast 1,42,17,3,3,3_1,SMC
H-4590,all,27,16,6524,1306,23,60428,0,0,0,0,0,H,4,B cell,44,16,7,7,7_2,PatrolMac
H-4591,all,19,13,6840,618,37,47338,0,0,0,0,0,H,3,Endothelial progenitor cell,39,13,3,3,3_4,AdventitialFib
H-4592,all,26,21,5810,700,36,62095,0,0,0,0,0,H,8,Alveolar type 1 cell,45,21,3,3,3_6,SCMF
H-4593,all,33,17,6017,292,25,48402,0,0,0,0,0,H,16,Sox9+/Id2+ epithelial cell,40,17,2,2,2_1,Capillary
H-4595,all,44,27,7350,267,17,103641,0,0,0,0,0,H,16,Alveolar type 1 cell,46,28,3,3,3_1,SMC
H-4597,all,59,34,5902,1535,21,83739,0,0,0,0,0,H,7,Secondary crest myofibroblast,56,34,3,3,3_4,AdventitialFib
H-4598,all,18,11,5681,928,18,58403,0,0,0,0,0,H,2,Sox9+/Id2+ epithelial cell,37,11,8,8,8_1,AlveolarMac
H-4599,all,80,18,6771,1655,29,75475,0,0,0,0,0,H,63,Alveolar type 2 cell,52,18,1,1,1_1,AT2
H-4602,all,34,20,5679,1464,31,37576,0,0,0,0,0,H,19,Capillary 1 cell,41,20,2,2,2_1,Capillary
H-4603,all,17,13,7392,1032,38,36962,0,0,0,0,0,H,5,CD8+ T cell,37,13,7,7,7_2,PatrolMac
H-4604,all,11,9,6817,510,28,28392,0,0,0,0,0,H,3,Capillary 1 cell,35,9,2,2,2_1,Capillary
H-4605,all,64,41,6747,1439,21,127106,0,0,0,0,0,H,21,Alveolar type 1 cell,59,42,3,3,3_5,SMC
H-4606,all,33,19,6785,481,18,83732,0,0,0,0,0,H,6,Alveolar fibroblast 1,41,19,3,3,3_4,AdventitialFib
H-4607,all,19,17,6638,409,24,26644,0,0,0,0,0,H,3,Secondary crest myofibroblast,39,18,3,3,3_1,SMC
H-4608,all,27,20,6922,1545,11,51047,0,0,0,0,0,H,7,Alveolar fibroblast 1,38,21,3,3,3_1,SMC
H-4609,all,45,10,5761,796,34,38892,0,0,0,0,0,H,36,Alveolar type 2 cell,47,10,1,1,1_3,AT2
H-4612,all,24,17,5997,1315,34,26636,0,0,0,0,0,H,8,Alveolar type 1 cell,43,17,6,6,6,AT1
H-4614,all,8,8,6848,1422,7,37602,0,0,0,0,0,H,2,Endothelial progenitor cell,24,10,2,2,2_6,pDC
H-4615,all,40,19,6007,1340,28,31412,0,0,0,0,0,H,20,Inflammatory monocyte,45,19,1,1,1_3,AT2
H-4616,all,30,19,6455,183,20,56500,0,0,0,0,0,H,13,Arterial endothelial cell,42,20,2,2,2_4,Artery
H-4617,all,131,19,5845,1285,21,103732,0,0,0,0,0,H,102,Alveolar type 2 cell,50,12,1,1,1_3,AT2
H-4619,all,10,8,7270,1066,10,50499,0,0,0,0,0,H,3,Alveolar type 1 cell,25,8,6,6,6,AT1
H-4620,all,29,9,5769,816,24,27863,0,0,0,0,0,H,21,Sox9+/Id2+ epithelial cell,43,9,1,1,1_3,AT2
H-4621,all,62,30,6146,302,23,108497,0,0,0,0,0,H,3,Alveolar fibroblast 1,53,30,3,3,3_4,AdventitialFib
H-4623,all,28,17,6797,602,25,52484,0,0,0,0,0,H,7,Pericyte,38,17,5,5,5_1,Pericyte
H-4628,all,88,37,6628,271,16,131778,0,0,0,0,0,H,18,Alveolar type 1 cell,60,37,6,6,6,AT1
H-4629,all,18,7,7240,1335,26,61676,0,0,0,0,0,H,14,Proliferative mesenchymal progenitor cell,36,8,3,3,3_1,SMC
H-4630,all,106,27,6028,1395,27,59486,0,0,0,0,0,H,13,Alveolar type 1 cell,56,21,6,6,6,AT1
H-4631,all,23,18,5659,1449,22,55824,0,0,0,0,0,H,8,Pericyte,41,18,5,5,5_3,Pericyte
H-4632,all,18,8,5981,774,35,30566,0,0,0,0,0,H,7,Alveolar type 1 cell,37,8,6,6,6,AT1
H-4634,all,21,13,6928,107,32,47242,0,0,0,0,0,H,7,Interstitial macrophage,39,13,8,8,8_3,InterstitialMac
H-4635,all,99,14,6223,1063,23,104438,0,0,0,0,0,H,88,Alveolar type 2 cell,52,11,1,1,1_1,AT2
H-4636,all,17,8,6229,190,21,37716,0,0,0,0,0,H,7,Endothelial progenitor cell,33,9,1,1,1_6_2,Neutrophil
H-4639,all,21,15,6721,1470,38,36388,0,0,0,0,0,H,8,B cell,38,15,9,9,9,Bcell
H-4640,all,10,6,7306,1032,14,40535,0,0,0,0,0,H,2,Alveolar fibroblast 1,29,6,3,3,3_4,AdventitialFib
H-4641,all,16,15,6693,1899,34,60174,0,0,0,0,0,H,2,Venous endothelial cell,33,15,2,2,2_3,Vein
H-4643,all,16,8,5770,50,23,53394,0,0,0,0,0,H,5,Arterial endothelial cell,37,10,2,2,2_4,Artery
H-4644,all,25,17,7144,792,16,90230,0,0,0,0,0,H,6,Alveolar type 1 cell,44,17,6,6,6,AT1
H-4645,all,27,17,6974,902,33,68662,0,0,0,0,0,H,11,Alveolar type 1 cell,44,17,6,6,6,AT1
H-4646,all,74,41,6301,1468,17,92350,0,0,0,0,0,H,24,Arterial endothelial cell,56,41,2,2,2_4,Artery
H-4649,all,17,3,6160,114,17,23046,0,0,0,0,0,H,14,Sox9+/Id2+ epithelial cell,42,3,1,1,1_1,AT2
H-4651,all,7,5,6422,253,33,15692,0,0,0,0,0,H,3,Neutrophil,18,8,1,1,1_6_2,Neutrophil
H-4652,all,54,21,6952,1818,37,41238,0,0,0,0,0,H,9,Alveolar type 1 cell,50,21,6,6,6,AT1
H-4654,all,15,14,6919,1934,19,37482,0,0,0,0,0,H,4,T regulatory cell,32,14,7,7,7_2,PatrolMac
H-4655,all,11,9,6447,241,24,37614,0,0,0,0,0,H,4,Proliferative mesenchymal progenitor cell,31,10,3,3,3_1,SMC
H-4656,all,52,19,6018,255,22,83894,0,0,0,0,0,H,32,Sox9+/Id2+ epithelial cell,50,19,1,1,1_3,AT2
H-4657,all,54,38,6638,1854,27,115259,0,0,0,0,0,H,14,Alveolar fibroblast 1,54,39,3,3,3_1,SMC
H-4658,all,20,14,7137,684,37,69571,0,0,0,0,0,H,3,Capillary 1 cell,40,14,2,2,2_3,Vein
H-4659,all,66,36,5502,1412,23,79843,0,0,0,0,0,H,15,Arterial endothelial cell,57,36,2,2,2_4,Artery
H-4660,all,38,22,5818,1445,16,88920,0,0,0,0,0,H,6,Capillary 1 cell,41,22,2,2,2_6,pDC
H-4661,all,41,18,6742,572,6,76601,0,0,0,0,0,H,12,Proliferative mesenchymal progenitor cell,44,19,3,3,3_1,SMC
H-4662,all,36,11,6864,57,12,38645,0,0,0,0,0,H,11,Venous endothelial cell,43,12,6,6,6,AT1
H-4664,all,11,10,5837,47,34,49314,0,0,0,0,0,H,4,Sox9+/Id2+ epithelial cell,31,10,1,1,1_3,AT2
H-4665,all,68,20,6723,47,34,74864,0,0,0,0,0,H,53,Alveolar type 2 cell,53,20,1,1,1_1,AT2
H-4666,all,90,20,6270,133,20,82923,0,0,0,0,0,H,6,Alveolar type 1 cell,55,19,6,6,6,AT1
H-4667,all,47,18,6969,1340,29,67169,0,0,0,0,0,H,30,Pericyte,47,18,1,1,1_1,AT2
H-4668,all,31,21,6113,92,25,70458,0,0,0,0,0,H,7,Inflammatory monocyte,39,21,1,1,1_3,AT2
H-4670,all,69,37,6122,377,31,90941,0,0,0,0,0,H,13,AT1/AT2,57,37,6,6,6,AT1
H-4671,all,33,23,5977,1560,21,61842,0,0,0,0,0,H,13,Capillary 1 cell,40,23,5,5,5_1,Pericyte
H-4675,all,65,26,6267,621,17,80227,0,0,0,0,0,H,28,Alveolar type 2 cell,52,26,2,2,2_3,Vein
H-4678,all,20,16,6863,1798,31,75700,0,0,0,0,0,H,8,Alveolar fibroblast 1,40,18,2,2,2_4,Artery
H-4683,all,42,15,5786,836,11,39776,0,0,0,0,0,H,13,Alveolar fibroblast 1,44,15,6,6,6,AT1
H-4684,all,29,15,6051,280,29,33325,0,0,0,0,0,H,15,B cell,40,15,9,9,9,Bcell
H-4687,all,54,24,6270,687,26,65978,0,0,0,0,0,H,36,AT1/AT2,52,24,1,1,1_1,AT2
H-4688,all,7,4,7336,1059,8,28063,0,0,0,0,0,H,4,Pericyte,20,7,2,2,2_6,pDC
H-4690,all,40,15,6995,1864,27,46088,0,0,0,0,0,H,25,Alveolar type 2 cell,44,15,6,6,6,AT1
H-4693,all,28,17,7154,202,15,57732,0,0,0,0,0,H,4,Inflammatory monocyte,40,17,5,5,5_3,Pericyte
H-4697,all,56,29,5977,1230,27,98412,0,0,0,0,0,H,9,CD8+ T cell,54,29,7,7,7_2,PatrolMac
H-4703,all,30,23,7045,1503,15,47485,0,0,0,0,0,H,10,Alveolar fibroblast 1,38,24,3,3,3_5,SMC
H-4704,all,6,3,7177,1332,13,28404,0,0,0,0,0,H,4,Alveolar type 1 cell,23,6,6,6,6,AT1
H-4706,all,27,20,6217,1015,37,26893,0,0,0,0,0,H,9,Capillary 1 cell,45,20,2,2,2_1,Capillary
H-4708,all,40,20,6013,1368,28,43564,0,0,0,0,0,H,18,Sox9+/Id2+ epithelial cell,43,20,1,1,1_3,AT2
H-4709,all,21,8,6996,1363,35,25776,0,0,0,0,0,H,14,Alveolar type 2 cell,42,8,1,1,1_3,AT2
H-4713,all,7,5,6875,1391,5,18390,0,0,0,0,0,H,2,Capillary 1 cell,23,7,2,2,2_3,Vein
H-4714,all,44,26,6491,1321,19,89304,0,0,0,0,0,H,15,Pericyte,44,26,5,5,5_1,Pericyte
H-4715,all,20,7,5713,1229,31,16858,0,0,0,0,0,H,10,Sox9+/Id2+ epithelial cell,40,7,1,1,1_1,AT2
H-4719,all,54,19,6738,172,22,54386,0,0,0,0,0,H,14,Alveolar type 1 cell,51,19,6,6,6,AT1
H-4723,all,59,34,5774,2814,13,59124,0,0,0,0,0,H,13,Alveolar fibroblast 1,55,34,1,1,1_5_1,LymphaticEndo
H-4725,all,25,18,7113,2739,5,27145,0,0,0,0,0,H,13,Arterial endothelial cell,43,19,3,3,3_1,SMC
H-4726,all,32,15,6322,2772,24,81374,0,0,0,0,0,H,3,Natural killer cell,41,15,7,7,7_4,PatrolMac
H-4727,all,15,12,5977,3795,18,44502,0,0,0,0,0,H,3,Venous endothelial cell,33,12,2,2,2_3,Vein
H-4729,all,117,31,6136,2538,34,65600,0,0,0,0,0,H,18,Alveolar type 1 cell,48,14,6,6,6,AT1
H-4730,all,62,30,6330,2370,14,83146,0,0,0,0,0,H,18,Alveolar fibroblast 1,56,31,1,1,1_5_1,LymphaticEndo
H-4733,all,54,36,6959,3533,21,129906,0,0,0,0,0,H,12,Pericyte,54,36,5,5,5_1,Pericyte
H-4734,all,20,16,7333,2147,22,55268,0,0,0,0,0,H,3,Arterial endothelial cell,40,17,2,2,2_4,Artery
H-4735,all,20,13,7239,3310,22,87719,0,0,0,0,0,H,7,Alveolar type 1 cell,39,13,6,6,6,AT1
H-4736,all,82,37,6989,3658,23,88168,0,0,0,0,0,H,19,Alveolar type 1 cell,61,37,6,6,6,AT1
H-4737,all,29,21,6749,3790,13,43955,0,0,0,0,0,H,8,AT1/AT2,37,21,8,8,8_2,InterstitialMac
H-4738,all,16,14,6219,2405,19,39135,0,0,0,0,0,H,5,Alveolar fibroblast 1,37,15,2,2,2_4,Artery
H-4739,all,37,26,7016,3348,21,94792,0,0,0,0,0,H,4,Capillary 1 cell,40,26,9,9,9,Bcell
H-4740,all,33,22,6887,3651,15,74406,0,0,0,0,0,H,4,CD8+ T cell,43,23,2,2,2_2,InflamMac
H-4741,all,98,15,6075,3716,31,64852,0,0,0,0,0,H,80,Alveolar type 2 cell,53,13,1,1,1_3,AT2
H-4742,all,80,34,6612,2214,18,93462,0,0,0,0,0,H,23,Alveolar macrophage,57,34,8,8,8_1,AlveolarMac
H-4744,all,63,36,6250,2214,23,74638,0,0,0,0,0,H,9,Neutrophil,57,36,2,2,2_2,InflamMac
H-4746,all,47,26,5844,2375,20,79234,0,0,0,0,0,H,2,Mast cell,47,26,7,7,7_2,PatrolMac
H-4748,all,55,32,6473,3573,21,71575,0,0,0,0,0,H,4,Alveolar type 1 cell,54,33,6,6,6,AT1
H-4750,all,27,19,6042,2728,33,45779,0,0,0,0,0,H,2,Venous endothelial cell,43,19,2,2,2_3,Vein
H-4751,all,45,25,6315,3666,16,95609,0,0,0,0,0,H,5,Capillary 1 cell,49,26,2,2,2_1,Capillary
H-4752,all,28,14,5628,2573,19,50861,0,0,0,0,0,H,2,Venous endothelial cell,40,14,2,2,2_3,Vein
H-4754,all,96,18,5701,2500,12,70744,0,0,0,0,0,H,84,Alveolar type 2 cell,56,17,1,1,1_1,AT2
H-4757,all,98,25,5855,3732,20,103290,0,0,0,0,0,H,71,Alveolar type 2 cell,56,22,1,1,1_3,AT2
H-4758,all,52,25,7386,2627,24,71434,0,0,0,0,0,H,13,Alveolar type 1 cell,50,25,6,6,6,AT1
H-4759,all,59,33,7024,2833,20,79953,0,0,0,0,0,H,22,Venous endothelial cell,56,33,3,3,3_4,AdventitialFib
H-4760,all,44,29,6793,3696,14,65841,0,0,0,0,0,H,12,Inflammatory monocyte,45,30,3,3,3_1,SMC
H-4764,all,31,20,5736,3201,17,83604,0,0,0,0,0,H,13,Pericyte,40,20,5,5,5_1,Pericyte
H-4765,all,42,24,6622,3794,8,59425,0,0,0,0,0,H,8,B cell,44,24,3,3,3_4,AdventitialFib
H-4768,all,39,11,5760,3279,19,31983,0,0,0,0,0,H,31,Alveolar type 2 cell,45,11,1,1,1_1,AT2
H-4769,all,15,12,7004,3416,6,28551,0,0,0,0,0,H,2,Alveolar type 2 cell,38,13,2,2,2_2,InflamMac
H-4770,all,41,18,7019,2234,9,42267,0,0,0,0,0,H,6,Natural killer cell,43,18,2,2,2_6,pDC
H-4771,all,7,7,7164,2747,14,26427,0,0,0,0,0,H,3,Capillary 1 cell,27,10,9,9,9,Bcell
H-4772,all,36,25,5669,3206,33,66260,0,0,0,0,0,H,3,Venous endothelial cell,41,25,2,2,2_3,Vein
H-4773,all,71,33,5665,2808,11,110799,0,0,0,0,0,H,10,Alveolar type 2 cell,55,33,2,2,2_6,pDC
H-4774,all,125,16,6557,2226,27,100347,0,0,0,0,0,H,111,AT1/AT2,49,8,1,1,1_3,AT2
H-4775,all,15,11,5894,2960,8,36713,0,0,0,0,0,H,4,Alveolar type 1 cell,30,11,6,6,6,AT1
H-4776,all,24,16,7447,3282,8,81203,0,0,0,0,0,H,2,Alveolar fibroblast 1,40,16,2,2,2_1,Capillary
H-4779,all,33,15,5818,3436,31,35551,0,0,0,0,0,H,3,Alveolar type 1 cell,41,15,8,8,8_2,InterstitialMac
H-4781,all,53,34,6288,3533,32,83421,0,0,0,0,0,H,12,Interstitial macrophage,53,34,8,8,8_3,InterstitialMac
H-4783,all,21,13,6585,3819,11,48160,0,0,0,0,0,H,10,B cell,37,13,9,9,9,Bcell
H-4784,all,20,12,6506,3723,18,43924,0,0,0,0,0,H,5,B cell,38,12,6,6,6,AT1
H-4786,all,27,23,5610,2615,27,48074,0,0,0,0,0,H,3,Capillary 1 cell,49,22,2,2,2_1,Capillary
H-4787,all,15,13,6184,2464,5,14135,0,0,0,0,0,H,6,Alveolar type 1 cell,33,14,3,3,3_1,SMC
H-4788,all,15,10,7426,3364,9,33276,0,0,0,0,0,H,2,Alveolar fibroblast 1,33,11,1,1,1_5_1,LymphaticEndo
H-4789,all,50,23,5889,3082,8,36923,0,0,0,0,0,H,6,Alveolar type 1 cell,50,23,6,6,6,AT1
H-4790,all,41,27,5773,3693,32,70450,0,0,0,0,0,H,6,Innate lymphoid cell,41,27,6,6,6,AT1
H-4791,all,45,27,5747,2443,19,82664,0,0,0,0,0,H,6,Inflammatory monocyte,45,27,3,3,3_3,AdventitialFib
H-4792,all,40,25,6230,2734,17,97273,0,0,0,0,0,H,5,Alveolar type 1 cell,42,25,2,2,2_1,Capillary
H-4793,all,38,20,5608,3780,29,69502,0,0,0,0,0,H,5,Alveolar fibroblast 1,43,20,3,3,3_4,AdventitialFib
H-4799,all,50,28,6683,3499,20,83641,0,0,0,0,0,H,2,Capillary 2 cell,49,27,2,2,2_1,Capillary
H-4801,all,11,8,6825,2000,26,24053,0,0,0,0,0,H,2,Endothelial progenitor cell,38,10,2,2,2_3,Vein
H-4802,all,93,27,5851,3576,21,73775,0,0,0,0,0,H,67,Venous endothelial cell,56,24,1,1,1_1,AT2
H-4803,all,43,27,6788,3653,24,72710,0,0,0,0,0,H,14,Inflammatory monocyte,43,27,9,9,9,Bcell
H-4804,all,76,27,6043,3700,25,52887,0,0,0,0,0,H,46,Alveolar fibroblast 1,53,28,2,2,2_4,Artery
H-4806,all,39,24,6064,2426,17,62617,0,0,0,0,0,H,13,Sox9+/Id2+ epithelial cell,40,24,2,2,2_3,Vein
H-4807,all,29,8,7087,2128,6,19976,0,0,0,0,0,H,2,Alveolar fibroblast 1,39,8,7,7,7_3,Tcell (CD8)
H-4808,all,51,27,5860,2536,15,101567,0,0,0,0,0,H,6,Capillary 1 cell,48,27,2,2,2_1,Capillary
H-4809,all,39,25,5614,2255,19,68916,0,0,0,0,0,H,12,B cell,42,25,9,9,9,Bcell
H-4812,all,41,30,5737,3648,34,74193,0,0,0,0,0,H,7,Venous endothelial cell,41,30,3,3,3_6,SCMF
H-4815,all,38,25,6118,3685,17,74068,0,0,0,0,0,H,14,Pericyte,42,25,5,5,5_1,Pericyte
H-4816,all,41,28,6005,2770,31,83937,0,0,0,0,0,H,8,Endothelial progenitor cell,45,30,2,2,2_5,DC
H-4818,all,62,22,6232,2448,9,49908,0,0,0,0,0,H,10,Alveolar type 1 cell,53,22,6,6,6,AT1
H-4819,all,45,26,7068,2537,20,90664,0,0,0,0,0,H,4,Capillary 1 cell,45,26,2,2,2_3,Vein
H-4821,all,28,20,5735,3816,33,46464,0,0,0,0,0,H,6,Neutrophil,37,20,6,6,6,AT1
H-4822,all,96,50,6539,2770,23,110789,0,0,0,0,0,H,12,Alveolar fibroblast 2,63,49,3,3,3_4,AdventitialFib
H-4823,all,84,46,7181,2292,23,145544,0,0,0,0,0,H,19,Alveolar fibroblast 1,59,46,1,1,1_5_1,LymphaticEndo
H-4826,all,34,19,6481,2354,17,61176,0,0,0,0,0,H,13,Vascular smooth muscle cell,41,20,3,3,3_2,SMC
H-4830,all,99,43,5879,3559,23,140307,0,0,0,0,0,H,51,Alveolar fibroblast 1,61,41,5,5,5_1,Pericyte
H-4831,all,9,7,5788,2559,12,34486,0,0,0,0,0,H,6,Pericyte,21,8,5,5,5_1,Pericyte
H-4832,all,35,22,7306,2625,28,76096,0,0,0,0,0,H,5,Capillary 1 cell,40,22,2,2,2_1,Capillary
H-4834,all,58,9,7280,2196,15,36419,0,0,0,0,0,H,50,Alveolar type 2 cell,51,9,1,1,1_3,AT2
H-4835,all,18,15,7245,2633,19,77134,0,0,0,0,0,H,5,CD4+ T cell,33,14,1,1,1_5_1,LymphaticEndo
H-4837,all,26,18,5927,3020,27,49759,0,0,0,0,0,H,4,B cell,44,18,7,7,7_2,PatrolMac
H-4838,all,45,26,7166,2691,12,83439,0,0,0,0,0,H,5,Capillary 1 cell,45,26,2,2,2_3,Vein
H-4839,all,24,16,6483,2251,37,39116,0,0,0,0,0,H,3,Sox9+/Id2+ epithelial cell,44,16,3,3,3_3,AdventitialFib
H-4842,all,20,15,7497,3411,15,71569,0,0,0,0,0,H,3,Pericyte,40,15,5,5,5_1,Pericyte
H-4843,all,10,8,7135,3318,21,25704,0,0,0,0,0,H,4,Capillary 1 cell,28,9,3,3,3_1,SMC
H-4844,all,61,33,7386,2122,23,92587,0,0,0,0,0,H,14,Innate lymphoid cell,58,33,7,7,7_3,Tcell (CD8)
H-4845,all,108,36,6459,2874,24,138970,0,0,0,0,0,H,75,Alveolar fibroblast 1,55,26,3,3,3_1,SMC
H-4846,all,45,23,6733,3581,23,78160,0,0,0,0,0,H,5,CD4+ T cell,48,25,2,2,2_5,DC
H-4847,all,17,10,7089,3413,14,89047,0,0,0,0,0,H,2,Natural killer cell,37,11,1,1,1_6_2,Neutrophil
H-4849,all,39,4,6170,2725,39,20841,0,0,0,0,0,H,37,Sox9+/Id2+ epithelial cell,47,4,1,1,1_1,AT2
H-4850,all,15,10,7292,2136,17,37376,0,0,0,0,0,H,2,Venous endothelial cell,35,12,2,2,2_3,Vein
H-4851,all,12,10,6435,3694,12,30559,0,0,0,0,0,H,4,Alveolar fibroblast 1,31,11,1,1,1_4_3,AlveolarFib
H-4852,all,27,18,5655,3261,10,30549,0,0,0,0,0,H,11,Alveolar fibroblast 1,39,18,1,1,1_5_1,LymphaticEndo
H-4853,all,30,22,7037,3190,12,48723,0,0,0,0,0,H,7,Venous endothelial cell,36,23,1,1,1_5_1,LymphaticEndo
H-4855,all,33,18,5630,2297,18,90957,0,0,0,0,0,H,6,Capillary 1 cell,40,18,2,2,2_1,Capillary
H-4857,all,33,23,5902,2347,15,52299,0,0,0,0,0,H,14,Pericyte,41,23,5,5,5_1,Pericyte
H-4859,all,107,44,6151,2880,9,73382,0,0,0,0,0,H,40,Alveolar macrophage,61,34,8,8,8_1,AlveolarMac
H-4860,all,32,21,5783,3045,9,52928,0,0,0,0,0,H,10,B cell,37,21,9,9,9,Bcell
H-4861,all,19,17,5861,2951,14,51083,0,0,0,0,0,H,3,Ciliated cell,33,15,4,4,4_1_3,CiliatedEpi
H-4866,all,67,14,6486,2709,21,54852,0,0,0,0,0,H,55,Alveolar type 2 cell,52,14,1,1,1_1,AT2
H-4868,all,32,25,6148,2121,10,60013,0,0,0,0,0,H,8,Capillary 1 cell,42,28,2,2,2_1,Capillary
H-4869,all,15,9,6423,3616,14,23582,0,0,0,0,0,H,4,Alveolar type 1 cell,32,9,6,6,6,AT1
H-4870,all,36,19,5784,3349,21,78192,0,0,0,0,0,H,13,B cell,40,19,9,9,9,Bcell
H-4871,all,28,17,7480,3494,18,77344,0,0,0,0,0,H,2,Innate lymphoid cell,41,19,2,2,2_5,DC
H-4873,all,47,23,5938,2310,24,72911,0,0,0,0,0,H,8,Alveolar type 1 cell,47,23,8,8,8_1,AlveolarMac
H-4874,all,26,18,7197,2557,11,36428,0,0,0,0,0,H,6,Arterial endothelial cell,43,19,2,2,2_4,Artery
H-4876,all,79,35,6903,2028,23,139693,0,0,0,0,0,H,19,Alveolar fibroblast 1,55,35,2,2,2_4,Artery
H-4877,all,21,15,6500,3598,13,45307,0,0,0,0,0,H,10,Pericyte,38,15,5,5,5_1,Pericyte
H-4878,all,44,26,6076,3656,32,51776,0,0,0,0,0,H,7,B cell,49,27,3,3,3_1,SMC
H-4880,all,96,39,6786,3604,23,99213,0,0,0,0,0,H,22,Alveolar macrophage,63,37,8,8,8_1,AlveolarMac
H-4881,all,9,6,7461,3371,10,42329,0,0,0,0,0,H,2,Alveolar type 1 cell,22,7,6,6,6,AT1
H-4882,all,62,38,6636,2285,18,88856,109,0,109,0,1,H,8,Alveolar fibroblast 1,57,39,3,3,3_5,SMC
H-4884,all,35,19,6145,3810,20,95381,0,0,0,0,0,H,11,Pericyte,39,19,5,5,5_1,Pericyte
H-4886,all,13,11,6841,2057,35,39030,0,0,0,0,0,H,2,Mesothelial cell,30,12,3,3,3_1,SMC
H-4888,all,10,9,6980,3332,10,25243,0,0,0,0,0,H,2,Alveolar fibroblast 1,27,11,2,2,2_5,DC
H-4889,all,55,33,5820,3551,33,87938,0,0,0,0,0,H,9,Sox9+/Id2+ epithelial cell,53,33,2,2,2_3,Vein
H-4890,all,18,11,6202,3518,7,24764,0,0,0,0,0,H,11,B cell,34,11,9,9,9,Bcell
H-4895,all,41,27,7280,2978,32,69804,0,0,0,0,0,H,13,Arterial endothelial cell,41,27,2,2,2_1,Capillary
H-4896,all,31,21,5808,3790,15,62992,0,0,0,0,0,H,6,Inflammatory monocyte,42,23,2,2,2_5,DC
H-4898,all,54,26,5753,2510,14,52685,0,0,0,0,0,H,17,Alveolar fibroblast 1,52,27,1,1,1_5_1,LymphaticEndo
H-4899,all,20,14,6381,2824,24,68388,0,0,0,0,0,H,6,Pericyte,36,14,5,5,5_1,Pericyte
H-4900,all,114,20,6063,2316,13,87552,0,0,0,0,0,H,96,Alveolar type 2 cell,46,9,1,1,1_3,AT2
H-4901,all,30,21,6170,3545,10,51029,0,0,0,0,0,H,8,Inflammatory monocyte,38,21,9,9,9,Bcell
H-4902,all,59,35,6469,3700,21,130429,0,0,0,0,0,H,7,Arterial endothelial cell,55,36,2,2,2_4,Artery
H-4903,all,88,21,5745,3772,29,92690,0,0,0,0,0,H,7,Alveolar type 1 cell,55,21,6,6,6,AT1
H-4904,all,39,28,5998,2417,9,49201,0,0,0,0,0,H,4,Proliferative mesenchymal progenitor cell,43,29,3,3,3_1,SMC
H-4908,all,42,16,6130,3621,19,76366,0,0,0,0,0,H,9,Natural killer cell,45,16,7,7,7_3,Tcell (CD8)
H-4909,all,52,33,5860,2315,17,101998,0,0,0,0,0,H,8,Capillary 2 cell,53,34,3,3,3_1,SMC
H-4910,all,78,33,6100,3772,28,79680,0,0,0,0,0,H,10,Alveolar type 1 cell,56,33,6,6,6,AT1
H-4912,all,16,11,6229,2190,29,17817,0,0,0,0,0,H,5,Sox9+/Id2+ epithelial cell,36,12,2,2,2_2,InflamMac
H-4913,all,32,20,7158,2536,15,64202,0,0,0,0,0,H,6,Proliferative mesenchymal progenitor cell,41,21,3,3,3_1,SMC
H-4914,all,100,51,5859,3447,19,112347,0,0,0,0,0,H,18,Arterial endothelial cell,60,41,6,6,6,AT1
H-4915,all,36,15,5791,2611,17,35506,0,0,0,0,0,H,28,Alveolar type 2 cell,42,15,1,1,1_3,AT2
H-4917,all,27,9,6776,2149,40,25969,0,0,0,0,0,H,23,Alveolar type 2 cell,45,9,1,1,1_3,AT2
H-4919,all,18,8,7510,3349,28,85037,0,0,0,0,0,H,4,Alveolar type 1 cell,38,8,6,6,6,AT1
H-4920,all,40,24,6694,3807,16,78594,0,0,0,0,0,H,13,Arterial endothelial cell,42,25,2,2,2_4,Artery
H-4921,all,25,15,7212,2252,13,72111,0,0,0,0,0,H,9,Alveolar type 1 cell,43,15,6,6,6,AT1
H-4922,all,34,19,5853,2126,8,26753,0,0,0,0,0,H,9,Capillary 1 cell,43,19,2,2,2_3,Vein
H-4923,all,47,25,5694,3371,38,37641,0,0,0,0,0,H,5,Alveolar fibroblast 1,47,25,6,6,6,AT1
H-4924,all,27,15,6000,3708,27,73363,0,0,0,0,0,H,12,Alveolar fibroblast 1,42,15,3,3,3_6,SCMF
H-4925,all,46,29,6262,2388,16,70700,0,0,0,0,0,H,6,Sox9+/Id2+ epithelial cell,46,29,6,6,6,AT1
H-4926,all,30,20,5886,3020,32,46737,0,0,0,0,0,H,5,Endothelial progenitor cell,38,20,3,3,3_4,AdventitialFib
H-4927,all,71,28,6509,2733,22,115874,0,0,0,0,0,H,45,Alveolar fibroblast 1,53,28,3,3,3_4,AdventitialFib
H-4928,all,63,34,6548,2464,8,69499,0,0,0,0,0,H,22,Capillary 1 cell,58,34,2,2,2_3,Vein
H-4929,all,28,17,5872,2417,27,48045,0,0,0,0,0,H,4,Alveolar type 1 cell,40,17,6,6,6,AT1
H-4930,all,81,37,6978,2301,13,99706,0,0,0,0,0,H,15,Alveolar fibroblast 1,57,38,2,2,2_4,Artery
H-4931,all,25,14,7273,2766,17,90668,0,0,0,0,0,H,4,Endothelial progenitor cell,43,14,3,3,3_4,AdventitialFib
H-4937,all,39,23,7196,2358,17,61568,0,0,0,0,0,H,10,Natural killer cell,43,23,3,3,3_6,SCMF
H-4938,all,9,9,7062,2581,40,14953,0,0,0,0,0,H,2,Pericyte,23,10,5,5,5_3,Pericyte
H-4939,all,13,10,7182,3261,23,53283,0,0,0,0,0,H,4,Alveolar macrophage,30,10,6,6,6,AT1
H-4940,all,16,15,7011,3175,18,32133,0,0,0,0,0,H,5,Alveolar fibroblast 1,40,16,3,3,3_1,SMC
H-4941,all,58,19,6045,2370,12,49056,0,0,0,0,0,H,16,Alveolar type 1 cell,51,19,6,6,6,AT1
H-4942,all,24,21,7193,2152,21,62663,0,0,0,0,0,H,8,Arterial endothelial cell,45,21,7,7,7_3,Tcell (CD8)
H-4944,all,7,3,7366,3397,33,19313,0,0,0,0,0,H,5,Sox9+/Id2+ epithelial cell,33,5,1,1,1_1,AT2
H-4946,all,51,26,6460,2678,18,103139,0,0,0,0,0,H,22,Secondary crest myofibroblast,50,26,3,3,3_4,AdventitialFib
H-4948,all,38,16,5967,2334,10,32739,0,0,0,0,0,H,5,Alveolar type 1 cell,44,16,6,6,6,AT1
H-4949,all,15,4,7105,3277,11,22811,0,0,0,0,0,H,10,Sox9+/Id2+ epithelial cell,39,4,1,1,1_1,AT2
H-4950,all,84,40,6083,2712,22,102946,106,106,0,1,0,H,12,Inflammatory monocyte,59,40,1,1,1_3,AT2
H-4952,all,11,9,6876,2001,31,39156,0,0,0,0,0,H,2,Basophil,33,11,2,2,2_5,DC
H-4953,all,68,32,6396,2887,20,126271,0,0,0,0,0,H,20,Alveolar fibroblast 1,55,33,3,3,3_1,SMC
H-4954,all,17,15,6770,3563,36,27030,0,0,0,0,0,H,4,Inflammatory monocyte,37,15,1,1,1_3,AT2
H-4955,all,65,33,6414,3440,16,106662,0,0,0,0,0,H,17,Capillary 1 cell,55,33,5,5,5_3,Pericyte
H-4956,all,48,30,7138,2305,29,90401,0,0,0,0,0,H,14,Pericyte,48,30,5,5,5_3,Pericyte
H-4957,all,23,5,7047,3597,9,13852,0,0,0,0,0,H,18,Capillary 1 cell,44,5,1,1,1_1,AT2
H-4960,all,14,9,7349,2805,9,39443,0,0,0,0,0,H,5,B cell,30,9,9,9,9,Bcell
H-4964,all,78,12,7255,2222,19,67127,0,0,0,0,0,H,69,Alveolar type 2 cell,52,12,1,1,1_3,AT2
H-4965,all,29,20,6143,3762,16,62820,0,0,0,0,0,H,5,Proliferative mesenchymal progenitor cell,37,20,6,6,6,AT1
H-4967,all,19,14,6513,3784,32,32332,0,0,0,0,0,H,10,B cell,40,14,9,9,9,Bcell
H-4968,all,33,16,5757,3321,16,45970,0,0,0,0,0,H,9,Capillary 1 cell,43,16,2,2,2_3,Vein
H-4970,all,51,29,5920,3607,26,114775,0,0,0,0,0,H,10,Capillary 1 cell,51,29,8,8,8_2,InterstitialMac
H-4971,all,39,14,7078,3605,12,41184,0,0,0,0,0,H,27,Neutrophil,45,14,1,1,1_3,AT2
H-4972,all,55,30,5840,3678,27,94340,0,0,0,0,0,H,11,Proliferative mesenchymal progenitor cell,55,30,7,7,7_2,PatrolMac
H-4973,all,50,29,5896,3765,21,111534,0,0,0,0,0,H,16,Vascular smooth muscle cell,50,29,5,5,5_1,Pericyte
H-4975,all,45,16,7463,2625,8,36235,0,0,0,0,0,H,12,AT1/AT2,46,16,6,6,6,AT1
H-4976,all,9,6,6806,2182,38,14429,0,0,0,0,0,H,4,Endothelial progenitor cell,28,6,2,2,2_3,Vein
H-4979,all,15,10,7339,3180,12,76812,0,0,0,0,0,H,4,Capillary 1 cell,36,12,2,2,2_5,DC
H-4980,all,111,21,6044,2794,11,68002,0,0,0,0,0,H,90,Alveolar type 2 cell,47,10,1,1,1_1,AT2
H-4981,all,119,26,5808,2639,10,68266,0,0,0,0,0,H,92,Alveolar type 2 cell,46,11,1,1,1_3,AT2
H-4988,all,20,12,6731,2250,38,41896,0,0,0,0,0,H,10,Pericyte,39,12,5,5,5_1,Pericyte
H-4989,all,24,18,5731,3291,21,45581,0,0,0,0,0,H,2,Capillary 1 cell,44,18,9,9,9,Bcell
H-4995,all,55,29,5833,3120,14,114256,0,0,0,0,0,H,12,Sox9+/Id2+ epithelial cell,53,29,6,6,6,AT1
H-5003,all,37,25,5817,2547,16,53512,0,0,0,0,0,H,3,Inflammatory monocyte,39,25,2,2,2_6,pDC
H-5008,all,51,31,6970,2642,14,77254,0,0,0,0,0,H,7,Pericyte,52,32,3,3,3_2,SMC
H-5009,all,23,12,7107,2156,9,45157,0,0,0,0,0,H,4,Natural killer cell,41,12,7,7,7_3,Tcell (CD8)
H-5012,all,7,6,6207,3580,38,29700,0,0,0,0,0,H,2,Basophil,26,8,2,2,2_5,DC
H-5013,all,27,15,6131,2739,36,44261,0,0,0,0,0,H,6,Sox9+/Id2+ epithelial cell,42,16,2,2,2_1,Capillary
H-5014,all,63,15,6449,3603,11,32873,0,0,0,0,0,H,7,Alveolar type 1 cell,53,15,6,6,6,AT1
H-5017,all,25,16,5733,2612,26,49231,0,0,0,0,0,H,7,Arterial endothelial cell,41,17,2,2,2_4,Artery
H-5018,all,53,33,5817,2314,33,77931,0,0,0,0,0,H,14,Alveolar fibroblast 1,53,33,2,2,2_4,Artery
H-5022,all,23,14,5761,3430,36,41154,0,0,0,0,0,H,7,Capillary 1 cell,39,14,8,8,8_1,AlveolarMac
H-5023,all,25,13,5747,2569,27,28730,0,0,0,0,0,H,2,Arterial endothelial cell,44,14,2,2,2_4,Artery
H-5026,all,8,7,7140,2370,38,28109,0,0,0,0,0,H,3,Alveolar type 2 cell,30,8,2,2,2_2,InflamMac
H-5029,all,89,43,7228,2124,18,98707,0,0,0,0,0,H,17,Alveolar type 1 cell,60,43,6,6,6,AT1
H-5032,all,22,16,5892,2119,9,29099,0,0,0,0,0,H,4,Alveolar type 1 cell,40,17,3,3,3_1,SMC
H-5033,all,42,24,6937,1980,19,86282,0,0,0,0,0,H,7,Endothelial progenitor cell,44,24,6,6,6,AT1
H-5034,all,62,35,6189,2224,17,105332,0,0,0,0,0,H,9,Secondary crest myofibroblast,59,36,3,3,3_5,SMC
H-5035,all,10,8,5886,3651,38,16935,0,0,0,0,0,H,3,Alveolar fibroblast 1,33,10,2,2,2_3,Vein
H-5036,all,13,9,6812,2039,35,30071,0,0,0,0,0,H,3,Sox9+/Id2+ epithelial cell,32,10,2,2,2_3,Vein
H-5037,all,17,12,5803,3462,38,36521,0,0,0,0,0,H,3,Alveolar type 1 cell,36,12,6,6,6,AT1
H-5041,all,10,8,7165,2387,11,17932,0,0,0,0,0,H,2,Natural killer cell,26,8,7,7,7_2,PatrolMac
H-5045,all,20,14,7349,2530,6,50877,0,0,0,0,0,H,7,Capillary 1 cell,39,14,2,2,2_1,Capillary
H-5046,all,78,24,6034,2397,13,61218,0,0,0,0,0,H,9,Alveolar type 1 cell,55,24,6,6,6,AT1
H-5047,all,22,13,6460,3548,34,32260,0,0,0,0,0,H,3,Capillary 1 cell,40,13,6,6,6,AT1
H-5048,all,26,14,5843,3642,24,61237,0,0,0,0,0,H,7,Proliferative mesenchymal progenitor cell,42,15,3,3,3_1,SMC
H-5049,all,33,20,6035,3759,28,61512,0,0,0,0,0,H,10,Alveolar macrophage,40,20,8,8,8_1,AlveolarMac
H-5053,all,37,27,6307,2301,25,98089,0,0,0,0,0,H,5,Neutrophil,40,28,2,2,2_3,Vein
H-5059,all,8,7,5862,3496,23,28489,0,0,0,0,0,H,2,B cell,21,9,9,9,9,Bcell
H-5061,all,10,10,7373,2780,8,34886,0,0,0,0,0,H,3,Innate lymphoid cell,25,10,9,9,9,Bcell
H-5062,all,18,12,5872,3800,31,43156,0,0,0,0,0,H,7,Vascular smooth muscle cell,36,12,3,3,3_4,AdventitialFib
H-5072,all,9,8,5998,3746,29,30101,0,0,0,0,0,H,4,Proliferative mesenchymal progenitor cell,22,9,3,3,3_1,SMC
H-5079,all,21,9,7125,3261,12,23530,0,0,0,0,0,H,13,Capillary 1 cell,45,11,2,2,2_3,Vein
H-5084,all,56,16,6239,5155,35,47765,0,0,0,0,0,H,6,Natural killer cell,52,16,7,7,7_3,Tcell (CD8)
H-5086,all,106,25,5675,4758,12,80727,0,0,0,0,0,H,80,Alveolar type 2 cell,53,19,1,1,1_1,AT2
H-5089,all,33,22,6201,4364,11,44777,0,0,0,0,0,H,12,Pericyte,41,22,5,5,5_1,Pericyte
H-5090,all,92,34,6166,5325,24,81033,0,0,0,0,0,H,12,Alveolar macrophage,58,33,6,6,6,AT1
H-5091,all,15,10,6871,4057,20,85943,0,0,0,0,0,H,4,B cell,29,10,9,9,9,Bcell
H-5092,all,98,33,6235,4105,34,58141,0,0,0,0,0,H,14,Alveolar type 1 cell,60,31,6,6,6,AT1
H-5093,all,69,22,5809,5028,32,82002,0,0,0,0,0,H,50,Alveolar type 2 cell,54,22,1,1,1_1,AT2
H-5096,all,28,13,6963,4683,35,34302,0,0,0,0,0,H,14,Airway smooth muscle cell,40,14,3,3,3_1,SMC
H-5097,all,45,26,6368,3842,15,69156,0,0,0,0,0,H,7,Capillary 1 cell,45,26,8,8,8_3,InterstitialMac
H-5100,all,65,43,6619,4572,12,75242,0,0,0,0,0,H,18,B cell,60,43,9,9,9,Bcell
H-5102,all,21,13,6868,4754,26,61799,0,0,0,0,0,H,2,B cell,39,13,9,9,9,Bcell
H-5103,all,30,14,6832,4169,38,22329,0,0,0,0,0,H,6,Alveolar type 1 cell,41,14,6,6,6,AT1
H-5105,all,59,40,6342,4413,15,67111,0,0,0,0,0,H,10,CD4+ T cell,59,40,7,7,7_2,PatrolMac
H-5106,all,37,25,5880,4580,25,77459,0,0,0,0,0,H,3,Venous endothelial cell,40,25,2,2,2_3,Vein
H-5108,all,78,39,7361,4000,26,91099,0,0,0,0,0,H,8,Inflammatory monocyte,58,39,1,1,1_3,AT2
H-5109,all,34,21,5804,5343,17,91789,0,0,0,0,0,H,4,Capillary 1 cell,43,21,9,9,9,Bcell
H-5110,all,40,23,6995,4342,23,43547,0,0,0,0,0,H,13,B cell,43,23,9,9,9,Bcell
H-5111,all,21,12,5749,4900,19,33318,0,0,0,0,0,H,7,Alveolar type 1 cell,42,12,5,5,5_1,Pericyte
H-5112,all,52,29,6942,4012,27,101618,0,0,0,0,0,H,21,Pericyte,52,29,5,5,5_1,Pericyte
H-5114,all,35,26,5704,4457,20,90040,0,0,0,0,0,H,10,Arterial endothelial cell,39,26,2,2,2_4,Artery
H-5115,all,58,35,6963,4890,29,86652,0,0,0,0,0,H,8,Sox9+/Id2+ epithelial cell,57,35,2,2,2_3,Vein
H-5117,all,44,25,5748,4125,22,79189,0,0,0,0,0,H,7,Capillary 1 cell,44,25,1,1,1_3,AT2
H-5118,all,31,15,6723,4903,14,30901,0,0,0,0,0,H,3,Proliferative mesenchymal progenitor cell,41,15,3,3,3_4,AdventitialFib
H-5119,all,53,19,6110,5621,28,62979,0,0,0,0,0,H,29,Arterial endothelial cell,51,20,2,2,2_4,Artery
H-5120,all,26,18,7127,5292,7,50145,0,0,0,0,0,H,7,Arterial endothelial cell,46,18,6,6,6,AT1
H-5121,all,70,39,6593,4944,19,93212,0,0,0,0,0,H,14,Capillary 1 cell,56,41,2,2,2_5,DC
H-5122,all,39,27,7181,4177,21,70011,0,0,0,0,0,H,7,Inflammatory monocyte,41,27,7,7,7_2,PatrolMac
H-5125,all,214,29,5752,4203,28,106575,0,0,0,0,0,H,171,Alveolar type 2 cell,48,12,1,1,1_1,AT2
H-5126,all,34,21,6775,4251,20,82141,0,0,0,0,0,H,11,Pericyte,42,21,5,5,5_1,Pericyte
H-5127,all,47,29,7169,3983,18,82370,0,0,0,0,0,H,7,Endothelial progenitor cell,48,30,2,2,2_5,DC
H-5128,all,22,15,5887,5053,7,31853,0,0,0,0,0,H,4,Alveolar macrophage,40,15,8,8,8_1,AlveolarMac
H-5129,all,56,38,5674,4376,9,90441,0,0,0,0,0,H,14,Capillary 1 cell,55,38,2,2,2_3,Vein
H-5131,all,113,21,6937,5104,9,58436,0,0,0,0,0,H,97,Alveolar type 2 cell,47,9,1,1,1_3,AT2
H-5132,all,61,18,5757,5462,23,70700,0,0,0,0,0,H,39,Alveolar type 2 cell,52,18,1,1,1_1,AT2
H-5133,all,22,15,7485,3962,16,69579,0,0,0,0,0,H,7,Alveolar fibroblast 1,40,16,3,3,3_1,SMC
H-5134,all,33,29,6601,4418,35,35634,0,0,0,0,0,H,10,B cell,36,29,2,2,2_3,Vein
H-5135,all,31,19,6528,5527,17,64253,0,0,0,0,0,H,8,Alveolar fibroblast 1,40,19,2,2,2_4,Artery
H-5136,all,125,54,6212,4066,21,128336,0,0,0,0,0,H,19,Alveolar type 1 cell,44,27,6,6,6,AT1
H-5137,all,6,4,6873,4713,11,37885,0,0,0,0,0,H,2,B cell,24,6,9,9,9,Bcell
H-5138,all,37,27,7291,4004,23,79109,0,0,0,0,0,H,12,Pericyte,38,27,5,5,5_1,Pericyte
H-5139,all,55,33,5706,4262,21,55234,0,0,0,0,0,H,16,Endothelial progenitor cell,54,33,3,3,3_6,SCMF
H-5143,all,89,20,6462,3950,15,40459,0,0,0,0,0,H,65,Alveolar type 2 cell,54,20,1,1,1_1,AT2
H-5145,all,19,14,6466,5651,13,46765,0,0,0,0,0,H,7,B cell,40,14,3,3,3_4,AdventitialFib
H-5146,all,15,10,6922,4877,33,25801,0,0,0,0,0,H,9,Pericyte,29,10,5,5,5_1,Pericyte
H-5147,all,21,9,6412,3894,15,51251,0,0,0,0,0,H,14,Pericyte,39,9,5,5,5_1,Pericyte
H-5149,all,41,26,5842,4040,25,57279,0,0,0,0,0,H,9,B cell,42,26,8,8,8_1,AlveolarMac
H-5150,all,37,21,6874,5097,16,48923,0,0,0,0,0,H,13,Alveolar fibroblast 1,41,22,1,1,1_5_1,LymphaticEndo
H-5151,all,39,22,5759,5521,18,47061,0,0,0,0,0,H,15,Arterial endothelial cell,43,22,6,6,6,AT1
H-5152,all,52,27,6419,5332,9,53201,0,0,0,0,0,H,16,Alveolar fibroblast 1,52,28,2,2,2_4,Artery
H-5153,all,65,39,7292,4060,14,87183,0,0,0,0,0,H,12,Alveolar fibroblast 1,57,39,1,1,1_5_1,LymphaticEndo
H-5154,all,34,23,6801,4971,9,34910,0,0,0,0,0,H,4,Capillary 1 cell,43,24,2,2,2_1,Capillary
H-5156,all,9,8,6712,4496,37,17165,0,0,0,0,0,H,5,Endothelial progenitor cell,22,9,3,3,3_4,AdventitialFib
H-5159,all,41,25,5650,4292,8,45640,0,0,0,0,0,H,4,Inflammatory monocyte,43,25,5,5,5_3,Pericyte
H-5160,all,68,36,6774,5218,22,72989,0,0,0,0,0,H,8,Capillary 1 cell,56,35,2,2,2_1,Capillary
H-5161,all,84,32,6269,4343,18,98183,0,0,0,0,0,H,24,Alveolar fibroblast 1,58,33,2,2,2_4,Artery
H-5163,all,85,22,5672,3854,31,92318,0,0,0,0,0,H,7,Alveolar type 1 cell,55,22,6,6,6,AT1
H-5164,all,49,27,7018,5367,20,63368,0,0,0,0,0,H,7,Sox9+/Id2+ epithelial cell,49,27,6,6,6,AT1
H-5165,all,60,16,6030,5032,34,36931,0,0,0,0,0,H,47,Alveolar type 2 cell,52,16,1,1,1_1,AT2
H-5171,all,36,23,6080,4008,19,88194,0,0,0,0,0,H,4,Capillary 1 cell,40,23,1,1,1_3,AT2
H-5172,all,29,22,5723,3910,34,31505,0,0,0,0,0,H,2,Inflammatory monocyte,39,24,2,2,2_5,DC
H-5173,all,35,22,5675,4185,9,44832,0,0,0,0,0,H,4,Inflammatory monocyte,41,24,2,2,2_5,DC
H-5176,all,74,39,6934,4660,32,80377,0,0,0,0,0,H,31,Alveolar fibroblast 1,54,38,1,1,1_5_1,LymphaticEndo
H-5178,all,18,11,6139,5291,13,35095,0,0,0,0,0,H,4,Alveolar fibroblast 1,37,11,3,3,3_4,AdventitialFib
H-5179,all,12,8,6819,4932,5,20900,0,0,0,0,0,H,3,Natural killer cell,30,9,2,2,2_2,InflamMac
H-5180,all,23,18,6344,3880,36,41872,0,0,0,0,0,H,5,Alveolar fibroblast 1,46,19,3,3,3_1,SMC
H-5181,all,11,6,6778,4192,12,23768,0,0,0,0,0,H,8,Pericyte,29,6,5,5,5_1,Pericyte
H-5182,all,89,45,6974,4967,28,107721,0,0,0,0,0,H,10,Capillary 1 cell,61,45,2,2,2_1,Capillary
H-5183,all,100,24,5870,4822,28,97349,0,0,0,0,0,H,70,Alveolar type 2 cell,57,20,1,1,1_3,AT2
H-5185,all,154,53,6830,4578,29,107882,0,0,0,0,0,H,31,AT1/AT2,44,22,6,6,6,AT1
H-5186,all,30,21,6848,3947,21,49795,0,0,0,0,0,H,3,Sox9+/Id2+ epithelial cell,38,21,2,2,2_3,Vein
H-5188,all,99,25,5831,3913,22,107507,0,0,0,0,0,H,5,Alveolar type 1 cell,54,22,6,6,6,AT1
H-5189,all,63,41,7218,4106,24,108046,0,0,0,0,0,H,4,Alveolar type 2 cell,57,42,3,3,3_1,SMC
H-5190,all,31,16,6811,4272,36,36723,0,0,0,0,0,H,14,B cell,39,16,9,9,9,Bcell
H-5193,all,57,29,5832,4849,26,103384,0,0,0,0,0,H,17,Pericyte,53,29,5,5,5_1,Pericyte
H-5194,all,70,38,6917,5458,14,75376,0,0,0,0,0,H,11,Inflammatory monocyte,54,38,2,2,2_1,Capillary
H-5196,all,108,28,6218,5324,26,90937,0,0,0,0,0,H,77,Sox9+/Id2+ epithelial cell,52,18,1,1,1_3,AT2
H-5199,all,41,23,6238,4183,34,39119,0,0,0,0,0,H,2,Capillary 1 cell,42,23,2,2,2_3,Vein
H-5202,all,46,36,6470,4326,32,76524,0,0,0,0,0,H,5,Alveolar type 1 cell,49,37,3,3,3_5,SMC
H-5204,all,49,30,6784,4299,33,44148,0,0,0,0,0,H,11,B cell,49,30,9,9,9,Bcell
H-5205,all,35,20,5737,5493,24,40749,0,0,0,0,0,H,12,Inflammatory monocyte,41,21,2,2,2_2,InflamMac
H-5206,all,55,30,6820,5117,14,58834,0,0,0,0,0,H,18,Pericyte,54,30,5,5,5_3,Pericyte
H-5208,all,13,10,6885,3991,31,23104,0,0,0,0,0,H,4,CD8+ T cell,30,10,7,7,7_2,PatrolMac
H-5209,all,232,41,6779,5157,17,117748,0,0,0,0,0,H,181,Alveolar type 2 cell,47,11,1,1,1_3,AT2
H-5211,all,17,10,5779,4467,6,15365,0,0,0,0,0,H,5,Alveolar type 1 cell,35,10,7,7,7_3,Tcell (CD8)
H-5214,all,67,40,5627,3931,34,63333,0,0,0,0,0,H,9,Venous endothelial cell,58,41,4,4,4_1_1,CiliatedEpi
H-5215,all,56,30,5952,5305,28,85239,0,0,0,0,0,H,11,Alveolar type 2 cell,56,31,3,3,3_1,SMC
H-5216,all,54,32,6101,3848,26,117825,0,0,0,0,0,H,19,Interstitial macrophage,53,32,8,8,8_3,InterstitialMac
H-5218,all,23,20,6933,5328,15,59569,0,0,0,0,0,H,4,Interstitial macrophage,44,20,3,3,3_4,AdventitialFib
H-5221,all,54,33,6873,4998,30,70038,0,0,0,0,0,H,7,Proliferative mesenchymal progenitor cell,53,33,7,7,7_2,PatrolMac
H-5223,all,46,27,6046,5278,19,88349,0,0,0,0,0,H,7,Alveolar fibroblast 1,47,28,2,2,2_5,DC
H-5224,all,26,14,5837,4538,14,41248,0,0,0,0,0,H,2,Alveolar fibroblast 1,44,14,1,1,1_5_2,AlveolarFib
H-5225,all,38,23,6771,4861,7,24709,0,0,0,0,0,H,4,Inflammatory monocyte,41,24,2,2,2_2,InflamMac
H-5226,all,144,35,7037,5426,12,105264,0,0,0,0,0,H,105,Alveolar type 2 cell,45,12,1,1,1_3,AT2
H-5227,all,10,9,6753,4144,7,14730,0,0,0,0,0,H,2,Alveolar fibroblast 1,28,9,2,2,2_3,Vein
H-5228,all,68,34,6870,4809,17,96925,0,0,0,0,0,H,14,Capillary 1 cell,59,34,2,2,2_3,Vein
H-5230,all,46,26,5982,3843,32,84701,0,0,0,0,0,H,5,Innate lymphoid cell,50,28,2,2,2_5,DC
H-5231,all,82,40,7222,4360,14,113940,0,0,0,0,0,H,31,Capillary 1 cell,58,40,3,3,3_4,AdventitialFib
H-5233,all,22,7,6465,5363,6,21476,0,0,0,0,0,H,17,Alveolar type 2 cell,44,7,1,1,1_1,AT2
H-5236,all,19,8,5948,5067,6,25994,0,0,0,0,0,H,12,Alveolar type 2 cell,37,8,1,1,1_1,AT2
H-5237,all,34,24,5688,5474,12,60981,0,0,0,0,0,H,8,Venous endothelial cell,40,25,2,2,2_2,InflamMac
H-5238,all,47,23,5786,5544,21,42971,0,0,0,0,0,H,11,Alveolar type 1 cell,47,23,6,6,6,AT1
H-5239,all,31,16,6042,4616,31,72108,0,0,0,0,0,H,5,Alveolar fibroblast 1,39,16,1,1,1_5_1,LymphaticEndo
H-5242,all,90,45,5872,4040,19,65332,0,0,0,0,0,H,17,Alveolar macrophage,62,44,8,8,8_1,AlveolarMac
H-5243,all,28,15,6127,5649,35,39762,0,0,0,0,0,H,13,Arterial endothelial cell,41,16,3,3,3_1,SMC
H-5245,all,36,28,6273,4180,37,41983,0,0,0,0,0,H,6,Capillary 1 cell,40,28,5,5,5_3,Pericyte
H-5246,all,30,19,5714,4978,32,63090,0,0,0,0,0,H,5,Inflammatory monocyte,39,19,6,6,6,AT1
H-5248,all,157,49,6984,5021,31,77576,0,0,0,0,0,H,32,Sox9+/Id2+ epithelial cell,44,19,6,6,6,AT1
H-5249,all,37,26,5917,3976,32,80255,0,0,0,0,0,H,8,Pericyte,39,26,5,5,5_1,Pericyte
H-5250,all,37,28,6949,5280,5,47976,0,0,0,0,0,H,5,Capillary 1 cell,40,29,2,2,2_1,Capillary
H-5252,all,62,21,5795,5574,27,50756,0,0,0,0,0,H,12,Alveolar type 1 cell,53,21,6,6,6,AT1
H-5253,all,9,7,6316,5169,6,14352,0,0,0,0,0,H,3,Pericyte,22,8,5,5,5_1,Pericyte
H-5255,all,25,17,6043,4936,6,15631,0,0,0,0,0,H,2,Alveolar fibroblast 1,44,17,3,3,3_4,AdventitialFib
H-5256,all,41,25,6921,4172,22,73488,0,0,0,0,0,H,11,Venous endothelial cell,41,25,5,5,5_3,Pericyte
H-5258,all,80,35,5922,5247,18,95373,0,0,0,0,0,H,22,Alveolar type 1 cell,59,35,6,6,6,AT1
H-5259,all,51,23,6679,4561,10,62325,0,0,0,0,0,H,25,Alveolar fibroblast 1,51,23,5,5,5_1,Pericyte
H-5260,all,47,34,6918,3979,26,89925,0,0,0,0,0,H,10,Pericyte,47,34,7,7,7_2,PatrolMac
H-5263,all,133,29,6497,5311,16,81611,0,0,0,0,0,H,105,Alveolar type 2 cell,47,13,1,1,1_3,AT2
H-5264,all,53,24,6988,4210,26,98304,107,0,107,0,1,H,12,Alveolar type 2 cell,50,24,2,2,2_6,pDC
H-5266,all,24,13,6869,5481,6,25320,0,0,0,0,0,H,7,B cell,39,13,1,1,1_2_1,Tcell (CD4)
H-5268,all,70,49,6879,4217,18,144935,0,0,0,0,0,H,19,B cell,58,49,9,9,9,Bcell
H-5269,all,65,11,7093,5041,13,45654,0,0,0,0,0,H,57,Alveolar type 2 cell,51,11,1,1,1_3,AT2
H-5271,all,129,30,6096,5059,35,78922,0,0,0,0,0,H,44,AT1/AT2,46,15,6,6,6,AT1
H-5272,all,59,28,6750,4036,30,90361,0,0,0,0,0,H,8,Arterial endothelial cell,54,29,2,2,2_4,Artery
H-5273,all,29,21,5720,4869,15,76893,0,0,0,0,0,H,8,Capillary 1 cell,38,21,5,5,5_3,Pericyte
H-5274,all,55,21,5770,4974,25,49350,0,0,0,0,0,H,14,Ciliated cell,52,21,6,6,6,AT1
H-5275,all,25,16,6262,5108,13,40701,0,0,0,0,0,H,2,Endothelial progenitor cell,45,16,2,2,2_1,Capillary
H-5276,all,75,26,6246,4395,15,70751,0,0,0,0,0,H,11,Alveolar type 1 cell,55,26,6,6,6,AT1
H-5277,all,96,39,6869,5394,17,117759,0,0,0,0,0,H,18,Alveolar type 1 cell,62,37,6,6,6,AT1
H-5279,all,65,18,7006,5290,13,53266,0,0,0,0,0,H,23,Alveolar type 1 cell,53,18,6,6,6,AT1
H-5280,all,11,7,5897,5119,7,21728,0,0,0,0,0,H,3,B cell,30,7,6,6,6,AT1
H-5282,all,119,51,6517,5379,22,107378,0,0,0,0,0,H,51,Pericyte,38,19,5,5,5_1,Pericyte
H-5285,all,78,27,5800,4963,23,56157,0,0,0,0,0,H,20,Alveolar type 1 cell,56,27,6,6,6,AT1
H-5287,all,57,31,6109,5325,23,106745,0,0,0,0,0,H,9,Alveolar type 1 cell,57,32,3,3,3_2,SMC
H-5288,all,19,16,6319,3957,37,31117,0,0,0,0,0,H,3,Sox9+/Id2+ epithelial cell,39,16,2,2,2_1,Capillary
H-5289,all,66,43,6442,4368,30,102612,0,0,0,0,0,H,14,Inflammatory monocyte,60,43,8,8,8_2,InterstitialMac
H-5290,all,32,21,5720,4923,23,52191,0,0,0,0,0,H,11,B cell,41,21,9,9,9,Bcell
H-5291,all,117,41,5960,4955,23,123952,0,0,0,0,0,H,28,Alveolar type 1 cell,43,17,6,6,6,AT1
H-5292,all,23,18,5636,5020,13,49681,0,0,0,0,0,H,5,Proliferative mesenchymal progenitor cell,41,18,8,8,8_2,InterstitialMac
H-5294,all,8,5,6128,5366,4,9002,0,0,0,0,0,H,2,Alveolar type 1 cell,28,6,6,6,6,AT1
H-5297,all,120,22,6496,5663,22,98993,0,0,0,0,0,H,100,Alveolar type 2 cell,48,11,1,1,1_3,AT2
H-5299,all,52,33,6271,4538,29,103395,0,0,0,0,0,H,7,Arterial endothelial cell,54,34,3,3,3_5,SMC
H-5302,all,21,10,5798,5527,24,24122,0,0,0,0,0,H,5,AT1/AT2,42,10,6,6,6,AT1
H-5304,all,59,33,7079,5222,7,77019,0,0,0,0,0,H,6,Inflammatory monocyte,56,35,2,2,2_5,DC
H-5305,all,38,20,6747,4634,24,71113,0,0,0,0,0,H,5,Alveolar fibroblast 1,44,20,2,2,2_3,Vein
H-5306,all,38,30,6722,4404,26,86021,0,0,0,0,0,H,11,CD8+ T cell,40,30,9,9,9,Bcell
H-5307,all,12,10,6372,5453,16,36544,0,0,0,0,0,H,2,CD4+ T cell,30,10,1,1,1_2_1,Tcell (CD4)
H-5308,all,22,14,5697,4512,29,37799,0,0,0,0,0,H,3,Alveolar fibroblast 1,44,15,2,2,2_4,Artery
H-5311,all,23,15,5724,4107,20,50415,0,0,0,0,0,H,4,Vascular smooth muscle cell,41,16,3,3,3_2,SMC
H-5312,all,7,4,5878,3893,40,14623,0,0,0,0,0,H,4,Alveolar type 1 cell,29,6,6,6,6,AT1
H-5313,all,94,34,5666,5548,21,95085,0,0,0,0,0,H,15,Alveolar macrophage,62,34,8,8,8_1,AlveolarMac
H-5314,all,36,27,7027,4361,22,45034,0,0,0,0,0,H,6,Alveolar fibroblast 1,40,27,1,1,1_5_1,LymphaticEndo
H-5315,all,12,7,6331,4022,38,19925,0,0,0,0,0,H,2,Capillary 1 cell,28,9,2,2,2_3,Vein
H-5316,all,88,52,6223,5080,25,140870,0,0,0,0,0,H,16,Endothelial progenitor cell,64,53,2,2,2_5,DC
H-5317,all,17,15,5690,5431,8,49289,0,0,0,0,0,H,2,Alveolar type 1 cell,34,15,6,6,6,AT1
H-5318,all,22,15,6009,4927,6,25502,0,0,0,0,0,H,3,Proliferative mesenchymal progenitor cell,40,15,2,2,2_6,pDC
H-5319,all,19,15,5965,4731,7,27134,0,0,0,0,0,H,3,Capillary 1 cell,40,16,2,2,2_1,Capillary
H-5320,all,22,15,5622,5349,35,67356,0,0,0,0,0,H,7,CD8+ T cell,38,15,7,7,7_2,PatrolMac
H-5322,all,70,36,6507,5261,28,92671,0,0,0,0,0,H,30,Inflammatory monocyte,56,36,8,8,8_2,InterstitialMac
H-5325,all,55,17,5787,5488,33,57550,0,0,0,0,0,H,42,Sox9+/Id2+ epithelial cell,51,17,5,5,5_1,Pericyte
H-5326,all,25,12,6215,5181,35,37507,0,0,0,0,0,H,5,T regulatory cell,41,12,7,7,7_4,PatrolMac
H-5327,all,70,39,6026,4981,24,127262,0,0,0,0,0,H,18,Pericyte,56,39,5,5,5_3,Pericyte
H-5328,all,79,21,6133,4038,31,65469,0,0,0,0,0,H,6,Alveolar type 1 cell,51,21,6,6,6,AT1
H-5330,all,14,12,6728,4569,8,33206,0,0,0,0,0,H,4,Inflammatory monocyte,28,12,5,5,5_3,Pericyte
H-5334,all,25,15,6375,3943,27,45644,0,0,0,0,0,H,8,Capillary 1 cell,45,15,2,2,2_3,Vein
H-5335,all,7,6,5824,5561,6,13227,0,0,0,0,0,H,3,Alveolar fibroblast 1,24,9,1,1,1_5_1,LymphaticEndo
H-5336,all,42,24,6593,5569,13,49259,0,0,0,0,0,H,11,Alveolar type 1 cell,44,24,6,6,6,AT1
H-5337,all,143,41,5976,4646,25,120486,0,0,0,0,0,H,105,Alveolar type 2 cell,43,12,1,1,1_3,AT2
H-5338,all,7,5,6727,4288,37,16899,0,0,0,0,0,H,2,Endothelial progenitor cell,29,7,3,3,3_4,AdventitialFib
H-5340,all,29,19,6821,4054,38,41373,0,0,0,0,0,H,10,Pericyte,38,19,5,5,5_1,Pericyte
H-5341,all,78,49,5775,3900,36,88083,0,0,0,0,0,H,8,Venous endothelial cell,59,49,2,2,2_3,Vein
H-5343,all,27,12,5726,4256,18,23376,0,0,0,0,0,H,16,Secondary crest myofibroblast,42,12,2,2,2_3,Vein
H-5344,all,15,11,6429,3929,25,21326,0,0,0,0,0,H,10,Secondary crest myofibroblast,33,11,5,5,5_3,Pericyte
H-5345,all,31,22,6972,5365,15,87028,0,0,0,0,0,H,16,Pericyte,38,22,5,5,5_1,Pericyte
H-5348,all,7,6,6840,4133,39,19482,0,0,0,0,0,H,2,Sox9+/Id2+ epithelial cell,28,8,2,2,2_1,Capillary
H-5351,all,55,15,7133,5028,15,36940,0,0,0,0,0,H,40,Sox9+/Id2+ epithelial cell,50,15,1,1,1_3,AT2
H-5352,all,37,23,6779,4925,9,31467,0,0,0,0,0,H,8,Pericyte,40,23,5,5,5_1,Pericyte
H-5353,all,52,23,7161,5028,18,47251,0,0,0,0,0,H,29,Alveolar type 2 cell,52,24,3,3,3_1,SMC
H-5356,all,52,22,6054,5006,26,53921,0,0,0,0,0,H,33,Sox9+/Id2+ epithelial cell,50,22,8,8,8_2,InterstitialMac
H-5357,all,49,11,7142,5125,24,38958,0,0,0,0,0,H,38,Sox9+/Id2+ epithelial cell,48,11,1,1,1_1,AT2
H-5358,all,27,18,6164,3824,32,31374,0,0,0,0,0,H,5,Capillary 1 cell,42,18,2,2,2_3,Vein
H-5360,all,46,29,5695,5328,23,99168,0,0,0,0,0,H,11,Pericyte,46,29,5,5,5_3,Pericyte
H-5361,all,12,10,7027,4154,24,13895,0,0,0,0,0,H,3,Venous endothelial cell,29,10,2,2,2_3,Vein
H-5364,all,24,17,5804,4858,11,40009,0,0,0,0,0,H,6,Capillary 1 cell,42,17,2,2,2_1,Capillary
H-5367,all,86,21,6464,3915,14,53665,0,0,0,0,0,H,66,Sox9+/Id2+ epithelial cell,55,20,1,1,1_1,AT2
H-5369,all,41,9,6957,4245,36,29664,0,0,0,0,0,H,32,Alveolar type 2 cell,45,9,1,1,1_1,AT2
H-5372,all,39,24,5609,5418,25,83997,0,0,0,0,0,H,7,Capillary 1 cell,42,24,8,8,8_1,AlveolarMac
H-5373,all,66,23,6165,4051,31,36720,0,0,0,0,0,H,10,Alveolar type 1 cell,56,24,3,3,3_1,SMC
H-5374,all,39,26,6550,5562,14,69549,0,0,0,0,0,H,10,Alveolar fibroblast 1,42,27,2,2,2_4,Artery
H-5376,all,7,3,7236,3959,35,14826,0,0,0,0,0,H,4,Proliferative mesenchymal progenitor cell,27,4,3,3,3_1,SMC
H-5381,all,27,17,6400,3923,26,40609,0,0,0,0,0,H,11,Pericyte,42,17,2,2,2_3,Vein
H-5382,all,60,34,7019,3978,32,89405,0,0,0,0,0,H,6,B cell,55,33,3,3,3_4,AdventitialFib
H-5383,all,87,40,6791,4593,22,81792,0,0,0,0,0,H,21,Arterial endothelial cell,60,39,6,6,6,AT1
H-5386,all,54,33,7085,5130,16,50708,0,0,0,0,0,H,11,Endothelial progenitor cell,53,33,2,2,2_1,Capillary
H-5387,all,16,14,6333,5476,28,61735,0,0,0,0,0,H,3,Alveolar fibroblast 1,32,14,1,1,1_5_2,AlveolarFib
H-5388,all,46,30,5964,3920,34,84306,0,0,0,0,0,H,7,Alveolar fibroblast 1,48,31,3,3,3_1,SMC
H-5389,all,35,22,5931,5195,31,79175,0,0,0,0,0,H,12,Pericyte,40,22,5,5,5_3,Pericyte
H-5391,all,146,50,6994,4132,23,125769,0,0,0,0,0,H,31,Venous endothelial cell,44,20,6,6,6,AT1
H-5398,all,34,24,6529,5481,11,70709,0,0,0,0,0,H,11,Alveolar fibroblast 1,40,24,2,2,2_6,pDC
H-5399,all,45,10,6428,3862,38,29760,0,0,0,0,0,H,37,Sox9+/Id2+ epithelial cell,47,11,3,3,3_1,SMC
H-5400,all,137,46,6855,5059,30,79789,0,0,0,0,0,H,32,Alveolar type 1 cell,45,20,6,6,6,AT1
H-5407,all,12,10,6146,3868,34,32190,0,0,0,0,0,H,3,Alveolar type 1 cell,28,10,6,6,6,AT1
H-5410,all,32,16,5666,4529,29,65979,0,0,0,0,0,H,4,Alveolar fibroblast 1,43,17,1,1,1_4_1,AlveolarFib
H-5416,all,41,25,5680,4263,12,40170,0,0,0,0,0,H,5,Alveolar fibroblast 1,44,26,3,3,3_1,SMC
H-5421,all,68,26,7120,5107,21,70504,0,0,0,0,0,H,44,Alveolar type 2 cell,55,26,2,2,2_6,pDC
H-5424,all,38,21,6699,4625,11,61855,0,0,0,0,0,H,11,Alveolar fibroblast 1,42,21,2,2,2_6,pDC
H-5430,all,60,15,6440,3833,31,48459,0,0,0,0,0,H,47,Alveolar type 2 cell,52,15,1,1,1_3,AT2
H-5436,all,39,14,7011,5322,20,37635,0,0,0,0,0,H,8,Alveolar type 1 cell,44,14,6,6,6,AT1
H-5439,all,67,38,7157,6545,22,77254,0,0,0,0,0,H,7,Neutrophil,60,38,3,3,3_2,SMC
H-5442,all,16,10,6247,5881,8,32115,0,0,0,0,0,H,4,Alveolar type 1 cell,36,10,6,6,6,AT1
H-5443,all,43,13,5956,6576,36,38563,0,0,0,0,0,H,8,Mesothelial cell,47,13,3,3,3_3,AdventitialFib
H-5444,all,25,14,5926,6613,18,62631,0,0,0,0,0,H,14,Pericyte,46,14,5,5,5_3,Pericyte
H-5446,all,26,19,7421,6833,21,49758,0,0,0,0,0,H,5,Arterial endothelial cell,43,19,2,2,2_4,Artery
H-5449,all,90,18,6405,6884,25,84965,0,0,0,0,0,H,74,Alveolar type 2 cell,54,17,1,1,1_3,AT2
H-5451,all,11,8,6262,6029,31,30334,0,0,0,0,0,H,4,Pericyte,32,8,5,5,5_1,Pericyte
H-5453,all,66,33,5725,6529,16,93914,0,0,0,0,0,H,20,Alveolar macrophage,56,33,8,8,8_1,AlveolarMac
H-5456,all,45,27,5672,7407,25,69061,0,0,0,0,0,H,4,Alveolar type 1 cell,46,27,6,6,6,AT1
H-5457,all,127,52,6403,7185,13,79224,0,0,0,0,0,H,13,Sox9+/Id2+ epithelial cell,44,27,1,1,1_5_1,LymphaticEndo
H-5459,all,6,3,7226,7266,34,33148,0,0,0,0,0,H,4,Sox9+/Id2+ epithelial cell,34,4,1,1,1_1,AT2
H-5460,all,100,26,6903,5766,23,133248,0,0,0,0,0,H,76,Alveolar type 2 cell,56,21,3,3,3_1,SMC
H-5461,all,42,20,7431,6325,34,63181,0,0,0,0,0,H,4,Arterial endothelial cell,47,22,2,2,2_5,DC
H-5462,all,73,39,6856,6768,16,77233,0,0,0,0,0,H,7,Capillary 1 cell,55,38,2,2,2_1,Capillary
H-5464,all,37,27,6290,5876,17,64405,0,0,0,0,0,H,10,AT1/AT2,41,27,6,6,6,AT1
H-5465,all,64,30,6803,6348,15,85642,0,0,0,0,0,H,14,CD4+ T cell,56,30,7,7,7_2,PatrolMac
H-5467,all,84,38,5895,6241,23,88197,0,0,0,0,0,H,21,Alveolar macrophage,60,38,8,8,8_1,AlveolarMac
H-5468,all,19,16,7260,7202,16,33181,0,0,0,0,0,H,5,Capillary 1 cell,39,16,2,2,2_1,Capillary
H-5471,all,32,18,7133,6575,14,56408,0,0,0,0,0,H,4,Arterial endothelial cell,42,19,2,2,2_4,Artery
H-5472,all,70,22,7177,7270,28,61645,0,0,0,0,0,H,3,Alveolar type 1 cell,53,23,1,1,1_4_1,AlveolarFib
H-5473,all,73,50,6675,6096,23,141256,52,0,52,0,1,H,11,Alveolar fibroblast 1,57,50,6,6,6,AT1
H-5474,all,119,26,6900,6701,29,87480,0,0,0,0,0,H,88,Sox9+/Id2+ epithelial cell,45,12,1,1,1_1,AT2
H-5476,all,27,16,6008,6201,36,43592,0,0,0,0,0,H,4,Capillary 1 cell,42,17,2,2,2_5,DC
H-5477,all,23,19,7071,6654,34,37897,50,50,0,1,0,H,3,Arterial endothelial cell,44,19,7,7,7_2,PatrolMac
H-5478,all,61,40,7023,6754,21,83368,51,51,0,1,0,H,21,Arterial endothelial cell,58,40,2,2,2_4,Artery
H-5479,all,36,24,6590,6127,28,71259,0,0,0,0,0,H,5,Inflammatory monocyte,42,26,2,2,2_5,DC
H-5480,all,68,33,6612,6909,30,63549,0,0,0,0,0,H,3,Alveolar type 1 cell,52,33,2,2,2_6,pDC
H-5481,all,23,15,6358,5914,5,11236,0,0,0,0,0,H,10,Alveolar type 1 cell,41,15,6,6,6,AT1
H-5482,all,66,27,7277,7028,19,65192,0,0,0,0,0,H,15,Alveolar fibroblast 2,55,27,3,3,3_3,AdventitialFib
H-5483,all,27,21,5999,5696,25,69347,0,0,0,0,0,H,7,Alveolar fibroblast 1,36,23,2,2,2_5,DC
H-5484,all,73,41,6006,6253,13,92128,0,0,0,0,0,H,7,Arterial endothelial cell,54,41,1,1,1_3,AT2
H-5487,all,75,27,6237,6105,33,57409,0,0,0,0,0,H,12,Alveolar type 1 cell,55,27,6,6,6,AT1
H-5488,all,78,45,6377,7143,26,91395,0,0,0,0,0,H,12,Alveolar macrophage,61,45,7,7,7_3,Tcell (CD8)
H-5489,all,20,14,7459,6475,31,27242,0,0,0,0,0,H,5,Pericyte,40,14,5,5,5_1,Pericyte
H-5490,all,46,27,6358,6016,22,63320,0,0,0,0,0,H,17,Arterial endothelial cell,46,27,2,2,2_4,Artery
H-5491,all,25,7,6115,6326,8,19212,0,0,0,0,0,H,21,Alveolar type 2 cell,45,8,2,2,2_2,InflamMac
H-5492,all,24,17,5745,5993,29,48314,0,0,0,0,0,H,9,Alveolar type 2 cell,45,17,7,7,7_3,Tcell (CD8)
H-5493,all,58,28,5989,6616,18,84964,0,0,0,0,0,H,9,Alveolar fibroblast 1,54,29,3,3,3_1,SMC
H-5495,all,30,13,6846,5772,13,54158,0,0,0,0,0,H,22,Pericyte,41,13,5,5,5_1,Pericyte
H-5496,all,77,16,7227,7150,12,63512,0,0,0,0,0,H,61,Alveolar type 2 cell,51,16,1,1,1_3,AT2
H-5497,all,38,28,7268,6499,30,38321,0,0,0,0,0,H,5,Pericyte,40,29,2,2,2_5,DC
H-5498,all,33,22,5664,7450,32,34314,0,0,0,0,0,H,5,Alveolar fibroblast 1,41,23,2,2,2_4,Artery
H-5499,all,15,12,6174,6046,38,29295,0,0,0,0,0,H,4,Innate lymphoid cell,39,14,2,2,2_5,DC
H-5502,all,53,31,6788,6747,21,95342,55,0,55,0,1,H,7,Innate lymphoid cell,54,33,2,2,2_5,DC
H-5503,all,71,14,5844,6615,33,49028,0,0,0,0,0,H,58,Alveolar type 2 cell,51,14,1,1,1_1,AT2
H-5504,all,78,42,5806,6179,23,118160,0,0,0,0,0,H,13,Alveolar fibroblast 1,58,43,1,1,1_4_3,AlveolarFib
H-5505,all,26,18,7305,6384,9,38662,0,0,0,0,0,H,7,Alveolar fibroblast 1,36,20,2,2,2_5,DC
H-5506,all,11,8,6408,6003,31,36919,0,0,0,0,0,H,5,Inflammatory monocyte,29,8,2,2,2_3,Vein
H-5508,all,95,33,6137,6288,22,85973,0,0,0,0,0,H,62,Innate lymphoid cell,60,31,2,2,2_5,DC
H-5509,all,27,13,5724,5970,27,45874,0,0,0,0,0,H,16,Natural killer cell,42,14,2,2,2_2,InflamMac
H-5510,all,99,26,6336,6080,27,86867,0,0,0,0,0,H,81,Alveolar type 2 cell,56,22,1,1,1_3,AT2
H-5511,all,16,9,5612,5759,28,46661,0,0,0,0,0,H,4,Alveolar macrophage,31,9,5,5,5_3,Pericyte
H-5512,all,19,10,6870,6472,38,35046,0,0,0,0,0,H,2,Capillary 1 cell,40,10,2,2,2_1,Capillary
H-5514,all,63,28,6888,6745,34,40210,0,0,0,0,0,H,18,Secretory cell,53,29,3,3,3_1,SMC
H-5516,all,46,27,6787,6252,27,69190,0,0,0,0,0,H,16,Ciliated cell,46,28,2,2,2_1,Capillary
H-5519,all,36,23,5769,6243,23,57542,0,0,0,0,0,H,7,Capillary 1 cell,40,25,2,2,2_5,DC
H-5520,all,51,35,5681,7314,25,80499,0,0,0,0,0,H,5,Capillary 2 cell,51,35,2,2,2_6,pDC
H-5521,all,41,23,6149,5844,20,84122,0,0,0,0,0,H,8,Inflammatory monocyte,43,23,5,5,5_3,Pericyte
H-5522,all,49,26,7183,6952,34,62990,0,0,0,0,0,H,13,Vascular smooth muscle cell,49,26,3,3,3_6,SCMF
H-5523,all,111,26,6256,5834,16,84060,0,0,0,0,0,H,87,Alveolar type 2 cell,47,12,8,8,8_2,InterstitialMac
H-5524,all,73,34,6257,7190,30,85296,0,0,0,0,0,H,6,Capillary 1 cell,55,34,2,2,2_3,Vein
H-5525,all,53,19,7361,6941,19,87846,0,0,0,0,0,H,32,Sox9+/Id2+ epithelial cell,51,19,1,1,1_1,AT2
H-5526,all,20,15,6523,6871,33,36353,0,0,0,0,0,H,5,Alveolar fibroblast 1,39,15,7,7,7_3,Tcell (CD8)
H-5527,all,15,12,6286,6056,37,33146,0,0,0,0,0,H,7,Pericyte,31,12,3,3,3_4,AdventitialFib
H-5528,all,22,18,7242,6327,9,45815,0,0,0,0,0,H,6,Capillary 1 cell,43,18,2,2,2_1,Capillary
H-5530,all,53,34,7135,7437,29,79713,0,0,0,0,0,H,4,Arterial endothelial cell,52,34,2,2,2_4,Artery
H-5531,all,24,17,6735,5729,16,75222,0,0,0,0,0,H,2,CD8+ T cell,43,17,7,7,7_2,PatrolMac
H-5532,all,57,24,6345,7179,35,45227,0,0,0,0,0,H,39,Alveolar fibroblast 1,52,24,1,1,1_1,AT2
H-5533,all,95,35,6750,6307,25,71403,0,0,0,0,0,H,50,Alveolar type 2 cell,59,34,2,2,2_6,pDC
H-5534,all,18,13,7309,6922,21,63526,0,0,0,0,0,H,6,Pericyte,36,14,3,3,3_2,SMC
H-5535,all,31,21,6404,6052,30,55044,0,0,0,0,0,H,10,Alveolar type 2 cell,38,22,2,2,2_2,InflamMac
H-5536,all,9,8,6671,6149,13,24213,0,0,0,0,0,H,3,Alveolar type 1 cell,31,9,2,2,2_1,Capillary
H-5538,all,43,27,6260,6961,13,51829,0,0,0,0,0,H,4,Ciliated cell,43,27,6,6,6,AT1
H-5540,all,80,19,6647,6971,13,34661,0,0,0,0,0,H,55,Alveolar type 2 cell,55,19,1,1,1_1,AT2
H-5541,all,15,8,6038,6560,4,14081,0,0,0,0,0,H,4,Vascular smooth muscle cell,34,8,5,5,5_1,Pericyte
H-5542,all,37,29,6468,5758,19,101680,0,0,0,0,0,H,6,CD4+ T cell,38,29,7,7,7_2,PatrolMac
H-5543,all,54,39,7231,6436,23,73114,0,0,0,0,0,H,8,Arterial endothelial cell,53,39,2,2,2_4,Artery
H-5544,all,17,11,7314,7008,30,36712,0,0,0,0,0,H,2,Mesothelial cell,32,11,3,3,3_3,AdventitialFib
H-5545,all,79,37,6128,6754,21,89739,0,0,0,0,0,H,34,Alveolar macrophage,59,38,3,3,3_1,SMC
H-5547,all,124,59,7130,6919,24,123391,0,0,0,0,0,H,19,Secondary crest myofibroblast,38,23,3,3,3_2,SMC
H-5549,all,45,27,6033,5803,17,71774,0,0,0,0,0,H,11,Arterial endothelial cell,45,27,2,2,2_4,Artery
H-5551,all,56,39,7152,6490,23,67399,103,0,103,0,1,H,14,Interstitial macrophage,55,39,8,8,8_3,InterstitialMac
H-5552,all,82,39,7067,6823,20,74685,0,0,0,0,0,H,7,Vascular smooth muscle cell,57,39,3,3,3_6,SCMF
H-5557,all,36,26,6972,6730,33,62123,0,0,0,0,0,H,10,Sox9+/Id2+ epithelial cell,40,26,5,5,5_1,Pericyte
H-5558,all,35,20,5963,5682,32,39485,0,0,0,0,0,H,6,Capillary 1 cell,43,20,2,2,2_3,Vein
H-5559,all,50,31,7188,6521,22,89731,0,0,0,0,0,H,11,Alveolar macrophage,50,31,8,8,8_3,InterstitialMac
H-5560,all,21,16,6802,5742,7,42274,0,0,0,0,0,H,6,Inflammatory monocyte,39,16,2,2,2_1,Capillary
H-5561,all,107,44,5686,7364,24,124974,0,0,0,0,0,H,57,Alveolar type 2 cell,48,24,1,1,1_1,AT2
H-5562,all,6,6,7047,6611,40,12561,0,0,0,0,0,H,2,Alveolar fibroblast 2,21,9,3,3,3_3,AdventitialFib
H-5563,all,29,13,6236,5923,8,40289,0,0,0,0,0,H,7,Arterial endothelial cell,39,13,7,7,7_2,PatrolMac
H-5564,all,38,25,6107,6718,18,68539,0,0,0,0,0,H,8,Pericyte,42,25,5,5,5_1,Pericyte
H-5566,all,53,35,6199,6134,37,60895,0,0,0,0,0,H,11,CD8+ T cell,51,35,7,7,7_2,PatrolMac
H-5567,all,9,9,6244,6217,4,13525,0,0,0,0,0,H,4,Capillary 1 cell,25,10,2,2,2_1,Capillary
H-5568,all,17,12,6141,5981,39,22543,0,0,0,0,0,H,2,Alveolar type 1 cell,35,12,6,6,6,AT1
H-5571,all,16,15,7207,6480,15,40984,0,0,0,0,0,H,4,Arterial endothelial cell,38,16,2,2,2_4,Artery
H-5575,all,23,16,5660,5959,15,57170,0,0,0,0,0,H,3,Alveolar fibroblast 1,43,16,1,1,1_5_2,AlveolarFib
H-5578,all,44,29,5778,6352,31,90853,0,0,0,0,0,H,6,Capillary 1 cell,43,28,2,2,2_1,Capillary
H-5579,all,63,36,6470,6060,21,109293,0,0,0,0,0,H,11,Inflammatory monocyte,57,36,8,8,8_1,AlveolarMac
H-5582,all,23,12,6536,6123,22,61805,0,0,0,0,0,H,11,Pericyte,40,12,5,5,5_3,Pericyte
H-5583,all,26,21,6955,6793,35,46264,0,0,0,0,0,H,4,Vascular smooth muscle cell,39,22,3,3,3_2,SMC
H-5585,all,9,5,7021,6701,13,25853,0,0,0,0,0,H,2,Proliferative mesenchymal progenitor cell,27,6,5,5,5_1,Pericyte
H-5586,all,25,17,7223,6356,8,24461,0,0,0,0,0,H,8,Alveolar fibroblast 1,39,19,2,2,2_5,DC
H-5590,all,19,14,7253,6529,25,29589,0,0,0,0,0,H,2,Capillary 1 cell,41,14,2,2,2_1,Capillary
H-5591,all,10,9,7059,6578,23,40557,0,0,0,0,0,H,3,Alveolar fibroblast 1,33,10,3,3,3_1,SMC
H-5593,all,68,37,7147,6425,24,99491,0,0,0,0,0,H,17,Vascular smooth muscle cell,56,38,3,3,3_1,SMC
H-5594,all,54,20,6168,6788,37,48765,0,0,0,0,0,H,28,Alveolar type 2 cell,51,20,1,1,1_3,AT2
H-5595,all,78,31,5836,6568,16,81427,0,0,0,0,0,H,17,Alveolar type 1 cell,54,31,6,6,6,AT1
H-5596,all,43,26,6317,7195,36,38182,0,0,0,0,0,H,13,Sox9+/Id2+ epithelial cell,45,26,2,2,2_1,Capillary
H-5598,all,18,13,7293,6948,33,39822,0,0,0,0,0,H,3,Proliferative mesenchymal progenitor cell,36,13,5,5,5_1,Pericyte
H-5599,all,25,14,6200,5849,27,57388,0,0,0,0,0,H,9,Alveolar type 2 cell,46,14,7,7,7_2,PatrolMac
H-5600,all,18,10,7403,6929,25,40721,0,0,0,0,0,H,12,Venous endothelial cell,41,10,3,3,3_4,AdventitialFib
H-5601,all,16,8,6666,6244,15,25109,0,0,0,0,0,H,7,Sox9+/Id2+ epithelial cell,35,8,2,2,2_6,pDC
H-5603,all,73,36,6182,7280,15,62241,0,0,0,0,0,H,23,Capillary 2 cell,54,36,8,8,8_1,AlveolarMac
H-5604,all,59,22,7203,7238,29,52420,0,0,0,0,0,H,10,Alveolar type 1 cell,52,22,6,6,6,AT1
H-5605,all,11,10,6215,6017,27,24476,0,0,0,0,0,H,2,Capillary 2 cell,32,10,1,1,1_3,AT2
H-5607,all,17,8,6212,5820,8,25204,0,0,0,0,0,H,13,Arterial endothelial cell,38,9,2,2,2_4,Artery
H-5608,all,16,11,7039,6661,20,52340,0,0,0,0,0,H,4,Pericyte,35,11,5,5,5_3,Pericyte
H-5609,all,11,7,7488,6507,25,39427,0,0,0,0,0,H,2,B cell,30,8,3,3,3_2,SMC
H-5610,all,49,34,5928,6167,15,72336,0,0,0,0,0,H,10,B cell,49,34,9,9,9,Bcell
H-5612,all,17,12,7015,6673,18,33261,0,0,0,0,0,H,3,Alveolar fibroblast 1,38,13,3,3,3_5,SMC
H-5613,all,52,32,7005,6792,24,69452,0,0,0,0,0,H,14,Vascular smooth muscle cell,55,33,3,3,3_2,SMC
H-5614,all,42,16,6719,6236,10,47186,0,0,0,0,0,H,31,Sox9+/Id2+ epithelial cell,45,16,1,1,1_1,AT2
H-5615,all,10,6,7245,7233,23,34061,0,0,0,0,0,H,6,Sox9+/Id2+ epithelial cell,36,6,2,2,2_6,pDC
H-5617,all,41,26,7006,6514,14,58965,0,0,0,0,0,H,16,CD8+ T cell,41,26,2,2,2_1,Capillary
H-5620,all,23,15,7437,6765,13,33890,0,0,0,0,0,H,5,Alveolar fibroblast 1,45,16,2,2,2_4,Artery
H-5622,all,30,18,6040,5707,23,90164,0,0,0,0,0,H,11,Arterial endothelial cell,42,18,2,2,2_4,Artery
H-5623,all,51,36,7423,6796,26,67363,0,0,0,0,0,H,11,Arterial endothelial cell,51,36,2,2,2_4,Artery
H-5625,all,19,12,7112,7399,37,33189,0,0,0,0,0,H,5,Alveolar fibroblast 1,37,12,7,7,7_3,Tcell (CD8)
H-5626,all,7,7,6946,6518,26,36668,0,0,0,0,0,H,2,CD4+ T cell,21,10,7,7,7_2,PatrolMac
H-5627,all,87,16,6609,6997,14,38938,0,0,0,0,0,H,75,AT1/AT2,56,16,1,1,1_3,AT2
H-5628,all,12,8,5918,6572,26,19130,0,0,0,0,0,H,6,Innate lymphoid cell,33,8,3,3,3_4,AdventitialFib
H-5630,all,83,20,6221,6057,35,70832,0,0,0,0,0,H,66,Alveolar type 2 cell,54,20,1,1,1_3,AT2
H-5633,all,21,20,5710,6584,39,43412,0,0,0,0,0,H,6,Capillary 1 cell,40,20,1,1,1_3,AT2
H-5634,all,169,48,6204,7227,23,126469,0,0,0,0,0,H,102,Alveolar type 2 cell,47,20,1,1,1_3,AT2
H-5635,all,17,15,6970,6863,35,24441,0,0,0,0,0,H,2,Secondary crest myofibroblast,32,15,3,3,3_6,SCMF
H-5636,all,53,21,5880,6587,19,80229,0,0,0,0,0,H,25,Alveolar type 2 cell,51,21,6,6,6,AT1
H-5640,all,19,14,6313,5905,18,31618,0,0,0,0,0,H,4,Ciliated cell,42,15,2,2,2_1,Capillary
H-5641,all,74,36,6729,6280,24,68426,0,0,0,0,0,H,23,Alveolar type 2 cell,57,36,2,2,2_3,Vein
H-5642,all,11,3,6823,5705,4,12631,0,0,0,0,0,H,4,Proliferative mesenchymal progenitor cell,28,4,1,1,1_6_2,Neutrophil
H-5644,all,11,9,6222,5987,10,17930,0,0,0,0,0,H,2,Arterial endothelial cell,31,10,2,2,2_4,Artery
H-5645,all,16,12,6171,6246,32,35054,0,0,0,0,0,H,5,Capillary 1 cell,32,12,2,2,2_1,Capillary
H-5648,all,30,11,6083,5685,36,38603,0,0,0,0,0,H,21,Alveolar type 2 cell,42,11,1,1,1_1,AT2
H-5651,all,54,29,6034,6738,22,90246,64,0,64,0,1,H,18,Alveolar type 2 cell,51,29,8,8,8_2,InterstitialMac
H-5652,all,6,4,7509,6759,20,28523,0,0,0,0,0,H,4,Alveolar macrophage,30,5,8,8,8_1,AlveolarMac
H-5653,all,47,25,6690,6271,18,46560,0,0,0,0,0,H,17,Alveolar type 2 cell,50,27,2,2,2_5,DC
H-5659,all,47,32,6497,6083,28,55990,0,0,0,0,0,H,14,Interstitial macrophage,48,33,3,3,3_1,SMC
H-5660,all,30,17,6813,6400,7,27541,0,0,0,0,0,H,7,Alveolar type 1 cell,39,17,6,6,6,AT1
H-5661,all,100,32,6481,5951,27,106629,0,0,0,0,0,H,24,Alveolar fibroblast 1,58,28,6,6,6,AT1
H-5662,all,26,19,7247,6929,21,39746,0,0,0,0,0,H,8,Secondary crest myofibroblast,45,19,3,3,3_6,SCMF
H-5669,all,60,35,7471,6426,22,123580,0,0,0,0,0,H,9,Arterial endothelial cell,58,35,2,2,2_4,Artery
H-5670,all,33,20,6953,6825,34,39245,0,0,0,0,0,H,6,Secondary crest myofibroblast,40,20,3,3,3_2,SMC
H-5672,all,44,28,6215,6253,10,60430,0,0,0,0,0,H,3,B cell,45,28,7,7,7_2,PatrolMac
H-5674,all,30,18,6208,6925,10,41960,0,0,0,0,0,H,4,Alveolar type 1 cell,37,18,6,6,6,AT1
H-5675,all,38,21,7206,7309,33,53783,0,0,0,0,0,H,5,Secondary crest myofibroblast,42,22,3,3,3_1,SMC
H-5676,all,41,22,7398,6391,8,61302,50,50,0,1,0,H,5,Arterial endothelial cell,43,22,2,2,2_4,Artery
H-5677,all,52,18,5663,5833,34,91914,0,0,0,0,0,H,9,Alveolar type 1 cell,51,18,6,6,6,AT1
H-5678,all,49,28,7039,6562,21,49870,0,0,0,0,0,H,5,Alveolar fibroblast 1,51,29,3,3,3_5,SMC
H-5679,all,11,8,7130,6537,10,19865,0,0,0,0,0,H,2,Pericyte,29,8,5,5,5_3,Pericyte
H-5685,all,57,36,6552,6895,28,48866,0,0,0,0,0,H,8,Arterial endothelial cell,56,36,2,2,2_4,Artery
H-5686,all,10,6,5708,5947,25,30786,0,0,0,0,0,H,2,Endothelial progenitor cell,33,7,2,2,2_1,Capillary
H-5692,all,12,10,6368,5983,20,26862,0,0,0,0,0,H,2,Endothelial progenitor cell,33,10,2,2,2_1,Capillary
H-5694,all,25,17,7212,7186,32,31905,0,0,0,0,0,H,5,Sox9+/Id2+ epithelial cell,45,17,1,1,1_3,AT2
H-5698,all,14,9,6563,7043,10,7936,0,0,0,0,0,H,4,Alveolar fibroblast 1,35,10,1,1,1_4_3,AlveolarFib
H-5700,all,15,13,6960,6754,34,27540,0,0,0,0,0,H,6,Arterial endothelial cell,37,14,3,3,3_5,SMC
H-5702,all,26,17,7225,6501,24,58785,59,59,0,1,0,H,4,Arterial endothelial cell,41,19,2,2,2_5,DC
H-5705,all,8,3,6262,5801,9,7843,0,0,0,0,0,H,6,Sox9+/Id2+ epithelial cell,34,5,1,1,1_1,AT2
H-5707,all,7,3,6250,7105,11,8008,0,0,0,0,0,H,3,Endothelial progenitor cell,28,7,2,2,2_1,Capillary
H-5709,all,60,16,6622,6979,16,28477,0,0,0,0,0,H,48,Alveolar type 2 cell,52,16,7,7,7_2,PatrolMac
