orig.ident,nCount_RNA,nFeature_RNA,x,y,z,volume,np,np_nuc,np_cyto,pctnuc,pctcyto,region,marker_reads,predicted.id,nCount_SCT,nFeature_SCT,SCT_snn_res.0.1,seurat_clusters,lung,cell_type
C-2,all,46,19,698,1046,26,89098,0,0,0,0,0,C,23,B cell,46,19,9,9,9,Bcell
C-4,all,36,21,1713,1334,17,83804,0,0,0,0,0,C,13,B cell,39,21,9,9,9,Bcell
C-7,all,14,10,454,1340,30,55067,0,0,0,0,0,C,8,Pericyte,31,10,5,5,5_3,Pericyte
C-8,all,41,28,1189,899,31,88904,0,0,0,0,0,C,6,B cell,41,28,7,7,7_2,PatrolMac
C-9,all,35,23,935,121,20,74403,0,0,0,0,0,C,8,CD8+ T cell,40,22,2,2,2_1,Capillary
C-10,all,19,12,965,1471,37,31036,0,0,0,0,0,C,8,B cell,36,12,9,9,9,Bcell
C-11,all,19,12,211,1054,22,71502,0,0,0,0,0,C,8,Pericyte,38,12,5,5,5_1,Pericyte
C-12,all,46,24,585,1673,10,53032,0,0,0,0,0,C,10,CD4+ T cell,53,26,2,2,2_5,DC
C-13,all,37,25,499,963,35,64324,0,0,0,0,0,C,4,T regulatory cell,40,25,7,7,7_4,PatrolMac
C-14,all,40,12,1523,1771,16,50370,0,0,0,0,0,C,27,Alveolar type 2 cell,45,12,1,1,1_3,AT2
C-17,all,32,20,506,270,18,60484,0,0,0,0,0,C,13,Pericyte,42,20,5,5,5_1,Pericyte
C-18,all,31,19,1256,729,35,48425,0,0,0,0,0,C,4,B cell,40,19,7,7,7_2,PatrolMac
C-20,all,13,6,1559,1179,25,30912,0,0,0,0,0,C,3,Pericyte,30,6,5,5,5_1,Pericyte
C-21,all,30,19,486,312,8,40393,0,0,0,0,0,C,4,Sox9+/Id2+ epithelial cell,40,20,1,1,1_4_1,AlveolarFib
C-22,all,24,16,1111,665,17,38805,0,0,0,0,0,C,10,Alveolar type 2 cell,43,16,2,2,2_3,Vein
C-23,all,26,14,1714,1769,33,72124,0,0,0,0,0,C,4,Proliferative mesenchymal progenitor cell,45,14,3,3,3_4,AdventitialFib
C-24,all,48,10,646,1447,13,51079,0,0,0,0,0,C,39,Alveolar type 2 cell,48,10,1,1,1_1,AT2
C-27,all,27,18,155,1018,13,76717,0,0,0,0,0,C,6,Inflammatory monocyte,39,20,2,2,2_5,DC
C-28,all,40,26,1456,959,13,68303,0,0,0,0,0,C,12,Alveolar fibroblast 1,43,27,3,3,3_1,SMC
C-30,all,39,21,1090,436,30,75607,0,0,0,0,0,C,26,Pericyte,42,21,5,5,5_1,Pericyte
C-31,all,9,7,1425,814,10,25805,0,0,0,0,0,C,3,B cell,24,8,9,9,9,Bcell
C-32,all,42,25,804,294,23,108073,0,0,0,0,0,C,11,Alveolar fibroblast 1,43,25,5,5,5_3,Pericyte
C-33,all,35,15,525,1031,37,31829,0,0,0,0,0,C,19,Sox9+/Id2+ epithelial cell,44,15,5,5,5_1,Pericyte
C-35,all,58,9,1266,170,36,41822,0,0,0,0,0,C,51,Alveolar type 2 cell,50,9,1,1,1_1,AT2
C-36,all,19,15,1046,1917,33,67375,0,0,0,0,0,C,2,Pericyte,38,15,5,5,5_3,Pericyte
C-37,all,48,12,1676,1166,25,48358,0,0,0,0,0,C,35,Alveolar type 2 cell,48,12,1,1,1_1,AT2
C-38,all,29,23,1562,1047,37,69960,0,0,0,0,0,C,4,Capillary 1 cell,41,22,2,2,2_1,Capillary
C-39,all,23,10,1908,461,18,45605,0,0,0,0,0,C,3,Alveolar type 1 cell,42,10,9,9,9,Bcell
C-41,all,48,30,421,1101,36,64782,0,0,0,0,0,C,13,Inflammatory monocyte,53,32,2,2,2_5,DC
C-44,all,28,19,169,1162,14,51318,0,0,0,0,0,C,7,Arterial endothelial cell,40,19,6,6,6,AT1
C-46,all,29,18,929,86,21,110869,0,0,0,0,0,C,4,Endothelial progenitor cell,41,20,2,2,2_5,DC
C-48,all,53,22,1063,641,17,100024,0,0,0,0,0,C,13,Alveolar fibroblast 1,52,22,2,2,2_1,Capillary
C-49,all,28,20,1556,678,15,72502,0,0,0,0,0,C,5,B cell,42,20,2,2,2_1,Capillary
C-51,all,41,18,745,1558,17,60670,0,0,0,0,0,C,2,Natural killer cell,44,18,7,7,7_3,Tcell (CD8)
C-52,all,56,14,1711,1171,26,49482,0,0,0,0,0,C,47,Alveolar type 2 cell,51,14,1,1,1_3,AT2
C-54,all,99,27,872,1029,21,107669,0,0,0,0,0,C,61,Alveolar type 2 cell,59,26,1,1,1_3,AT2
C-57,all,38,22,175,897,18,60890,0,0,0,0,0,C,5,Natural killer cell,42,22,7,7,7_2,PatrolMac
C-58,all,21,9,1756,259,14,63098,0,0,0,0,0,C,14,Sox9+/Id2+ epithelial cell,43,9,2,2,2_1,Capillary
C-59,all,48,28,1765,1519,20,94962,0,0,0,0,0,C,19,Alveolar type 2 cell,48,28,2,2,2_3,Vein
C-60,all,25,15,139,450,12,26928,0,0,0,0,0,C,10,AT1/AT2,44,16,1,1,1_4_3,AlveolarFib
C-61,all,9,3,541,373,12,16891,0,0,0,0,0,C,6,Sox9+/Id2+ epithelial cell,37,4,1,1,1_1,AT2
C-62,all,20,16,1291,869,37,39644,0,0,0,0,0,C,5,Alveolar fibroblast 1,42,17,2,2,2_4,Artery
C-63,all,31,22,506,95,11,35405,0,0,0,0,0,C,2,Natural killer cell,40,23,2,2,2_2,InflamMac
C-65,all,28,17,1341,403,20,57834,0,0,0,0,0,C,3,Endothelial progenitor cell,39,18,2,2,2_1,Capillary
C-67,all,46,20,692,1575,13,65890,0,0,0,0,0,C,12,Alveolar type 1 cell,47,20,6,6,6,AT1
C-68,all,68,41,1100,498,29,101239,0,0,0,0,0,C,5,Capillary 1 cell,60,40,2,2,2_1,Capillary
C-69,all,52,21,596,1074,23,91743,0,0,0,0,0,C,17,Sox9+/Id2+ epithelial cell,52,22,2,2,2_2,InflamMac
C-70,all,14,7,1742,1810,37,35672,0,0,0,0,0,C,6,B cell,29,7,9,9,9,Bcell
C-72,all,77,38,466,1005,25,105681,0,0,0,0,0,C,14,Alveolar fibroblast 1,55,39,2,2,2_4,Artery
C-77,all,15,13,1669,670,12,38658,0,0,0,0,0,C,2,Alveolar type 1 cell,32,13,6,6,6,AT1
C-80,all,44,27,1749,665,23,87018,0,0,0,0,0,C,6,Arterial endothelial cell,47,29,2,2,2_5,DC
C-81,all,90,35,947,660,33,104714,0,0,0,0,0,C,37,Sox9+/Id2+ epithelial cell,60,35,2,2,2_3,Vein
C-82,all,22,15,1230,1624,31,40138,0,0,0,0,0,C,2,Alveolar type 2 cell,43,16,2,2,2_2,InflamMac
C-83,all,55,33,597,90,25,92078,101,101,0,1,0,C,8,Alveolar macrophage,54,33,8,8,8_1,AlveolarMac
C-85,all,57,24,1874,70,21,119574,0,0,0,0,0,C,13,Alveolar type 2 cell,54,24,1,1,1_3,AT2
C-92,all,77,15,1333,946,17,45966,0,0,0,0,0,C,62,Alveolar type 2 cell,51,15,1,1,1_3,AT2
C-95,all,113,27,934,895,17,93167,0,0,0,0,0,C,28,Alveolar type 1 cell,51,15,6,6,6,AT1
C-97,all,18,11,13,1216,15,41627,0,0,0,0,0,C,5,Alveolar fibroblast 1,39,13,2,2,2_5,DC
C-98,all,66,25,1909,528,24,48755,0,0,0,0,0,C,3,Alveolar fibroblast 1,56,26,3,3,3_1,SMC
C-99,all,14,11,109,1529,18,34712,0,0,0,0,0,C,3,Sox9+/Id2+ epithelial cell,28,12,1,1,1_6_2,Neutrophil
C-100,all,41,25,1530,1516,34,98175,0,0,0,0,0,C,9,Alveolar type 2 cell,42,25,7,7,7_3,Tcell (CD8)
C-101,all,20,12,1369,294,36,51470,0,0,0,0,0,C,5,Alveolar fibroblast 1,40,12,9,9,9,Bcell
C-102,all,23,12,1521,674,7,21312,0,0,0,0,0,C,4,Capillary 1 cell,42,12,2,2,2_3,Vein
C-105,all,16,7,369,181,13,25451,0,0,0,0,0,C,8,Alveolar fibroblast 1,37,8,3,3,3_1,SMC
C-106,all,30,9,875,1440,12,47915,0,0,0,0,0,C,24,Alveolar fibroblast 1,43,9,5,5,5_1,Pericyte
C-108,all,19,13,1411,1385,34,52409,0,0,0,0,0,C,5,B cell,37,13,9,9,9,Bcell
C-110,all,41,26,756,1191,27,87159,0,0,0,0,0,C,15,Alveolar fibroblast 1,43,26,1,1,1_5_1,LymphaticEndo
C-111,all,18,15,1471,813,16,77901,0,0,0,0,0,C,2,Endothelial progenitor cell,40,16,2,2,2_1,Capillary
C-112,all,25,10,1834,43,34,46449,0,0,0,0,0,C,17,Alveolar type 2 cell,45,10,1,1,1_1,AT2
C-114,all,42,20,1759,1661,26,92450,0,0,0,0,0,C,7,Alveolar fibroblast 1,45,21,3,3,3_1,SMC
C-115,all,18,11,1875,721,36,32111,0,0,0,0,0,C,4,Capillary 1 cell,39,11,9,9,9,Bcell
C-117,all,65,15,265,946,23,54374,0,0,0,0,0,C,56,Alveolar type 2 cell,52,15,1,1,1_3,AT2
C-118,all,20,16,1581,511,36,28858,0,0,0,0,0,C,2,Sox9+/Id2+ epithelial cell,39,16,2,2,2_6,pDC
C-123,all,48,17,1300,1711,20,56376,0,0,0,0,0,C,4,Sox9+/Id2+ epithelial cell,49,18,1,1,1_6_2,Neutrophil
C-124,all,26,19,598,417,31,38865,0,0,0,0,0,C,2,CD8+ T cell,40,20,2,2,2_2,InflamMac
C-125,all,17,13,533,229,35,34647,0,0,0,0,0,C,5,Arterial endothelial cell,37,14,2,2,2_4,Artery
C-127,all,26,6,1810,1744,32,51289,0,0,0,0,0,C,19,Sox9+/Id2+ epithelial cell,45,6,1,1,1_3,AT2
C-128,all,28,13,1001,1423,33,34322,0,0,0,0,0,C,20,Pericyte,40,15,2,2,2_5,DC
C-130,all,43,25,732,1407,19,87436,0,0,0,0,0,C,8,Alveolar fibroblast 1,43,25,1,1,1_4_1,AlveolarFib
C-131,all,21,14,701,925,16,47892,0,0,0,0,0,C,2,Proliferative mesenchymal progenitor cell,42,15,3,3,3_1,SMC
C-132,all,48,13,1729,1510,24,74996,0,0,0,0,0,C,34,AT1/AT2,48,13,1,1,1_1,AT2
C-133,all,67,19,844,1480,11,68021,0,0,0,0,0,C,43,Pericyte,56,19,5,5,5_3,Pericyte
C-135,all,30,24,1622,1460,21,56893,0,0,0,0,0,C,3,Inflammatory monocyte,38,25,3,3,3_5,SMC
C-136,all,43,25,846,289,34,58043,0,0,0,0,0,C,11,Alveolar fibroblast 1,44,25,2,2,2_1,Capillary
C-138,all,65,34,1037,725,22,96987,0,0,0,0,0,C,5,Alveolar type 1 cell,58,34,6,6,6,AT1
C-140,all,76,24,811,1034,18,89707,0,0,0,0,0,C,28,Alveolar type 1 cell,52,24,6,6,6,AT1
C-142,all,24,10,1715,470,24,68310,0,0,0,0,0,C,17,Alveolar type 2 cell,43,10,1,1,1_3,AT2
C-145,all,27,17,40,900,29,41738,0,0,0,0,0,C,6,Arterial endothelial cell,41,18,2,2,2_4,Artery
C-146,all,63,31,313,993,31,72130,0,0,0,0,0,C,13,Inflammatory monocyte,55,33,2,2,2_5,DC
C-147,all,6,4,680,1213,38,20485,0,0,0,0,0,C,2,Mast cell,21,7,7,7,7_4,PatrolMac
C-148,all,69,25,813,130,31,90105,0,0,0,0,0,C,5,Alveolar type 1 cell,54,25,2,2,2_1,Capillary
C-149,all,11,9,1922,1828,12,51716,0,0,0,0,0,C,2,Inflammatory monocyte,36,10,2,2,2_2,InflamMac
C-150,all,58,22,88,875,20,76725,0,0,0,0,0,C,15,Alveolar type 1 cell,52,22,6,6,6,AT1
C-152,all,33,21,261,905,32,67968,0,0,0,0,0,C,6,Pericyte,39,21,5,5,5_1,Pericyte
C-153,all,91,33,1276,1672,21,138634,0,0,0,0,0,C,53,Alveolar type 2 cell,60,31,1,1,1_1,AT2
C-154,all,33,17,812,488,34,48252,0,0,0,0,0,C,13,Pericyte,42,17,5,5,5_1,Pericyte
C-155,all,47,28,1786,580,13,57238,0,0,0,0,0,C,14,Alveolar type 2 cell,47,28,3,3,3_6,SCMF
C-158,all,12,9,1878,579,26,42366,0,0,0,0,0,C,4,Alveolar type 1 cell,33,9,6,6,6,AT1
C-160,all,12,11,182,869,37,19615,0,0,0,0,0,C,2,Inflammatory monocyte,26,12,2,2,2_2,InflamMac
C-163,all,23,13,181,1262,29,28208,0,0,0,0,0,C,3,Alveolar type 1 cell,39,13,6,6,6,AT1
C-165,all,56,12,1306,957,16,27339,0,0,0,0,0,C,46,Alveolar type 2 cell,51,12,7,7,7_2,PatrolMac
C-166,all,20,10,1251,204,37,25305,0,0,0,0,0,C,5,Alveolar type 2 cell,40,10,1,1,1_3,AT2
C-167,all,86,36,951,757,24,100657,0,0,0,0,0,C,25,Sox9+/Id2+ epithelial cell,61,36,6,6,6,AT1
C-168,all,7,5,1406,837,6,15451,0,0,0,0,0,C,4,B cell,23,7,9,9,9,Bcell
C-169,all,16,8,1930,125,37,25711,0,0,0,0,0,C,5,Alveolar type 1 cell,35,8,6,6,6,AT1
C-170,all,27,14,1247,905,30,61955,0,0,0,0,0,C,3,Neutrophil,40,14,1,1,1_6_2,Neutrophil
C-175,all,10,10,772,1787,31,50265,0,0,0,0,0,C,2,Natural killer cell,31,10,7,7,7_2,PatrolMac
C-177,all,44,18,1354,913,18,49960,0,0,0,0,0,C,28,Inflammatory monocyte,46,18,1,1,1_1,AT2
C-178,all,22,11,1117,1304,37,38570,0,0,0,0,0,C,15,Pericyte,42,11,5,5,5_3,Pericyte
C-179,all,55,27,526,1450,13,93246,0,0,0,0,0,C,17,Alveolar macrophage,53,27,8,8,8_1,AlveolarMac
C-180,all,45,27,1317,185,34,78312,0,0,0,0,0,C,6,Alveolar type 1 cell,47,28,3,3,3_1,SMC
C-181,all,20,14,1243,489,38,45580,0,0,0,0,0,C,6,Capillary 1 cell,35,14,2,2,2_1,Capillary
C-183,all,22,7,62,1503,11,26727,0,0,0,0,0,C,15,Sox9+/Id2+ epithelial cell,43,8,3,3,3_1,SMC
C-184,all,40,23,926,1586,13,91365,56,0,56,0,1,C,7,Alveolar fibroblast 1,48,24,2,2,2_4,Artery
C-186,all,48,13,589,438,10,30009,0,0,0,0,0,C,34,Sox9+/Id2+ epithelial cell,48,13,1,1,1_1,AT2
C-188,all,42,9,1108,1273,34,23453,0,0,0,0,0,C,36,Alveolar type 2 cell,46,9,1,1,1_1,AT2
C-193,all,40,25,993,1115,32,65991,0,0,0,0,0,C,2,B cell,43,25,2,2,2_6,pDC
C-194,all,11,10,1727,1942,40,22758,0,0,0,0,0,C,2,Inflammatory monocyte,29,11,2,2,2_2,InflamMac
C-195,all,19,15,1745,374,33,53525,0,0,0,0,0,C,3,Alveolar fibroblast 1,40,16,2,2,2_2,InflamMac
C-196,all,9,8,1673,1396,11,23904,0,0,0,0,0,C,2,Capillary 1 cell,27,9,2,2,2_3,Vein
C-197,all,31,9,1565,1876,17,44063,0,0,0,0,0,C,6,Alveolar type 1 cell,43,9,6,6,6,AT1
C-198,all,36,17,1847,102,18,97408,0,0,0,0,0,C,8,Alveolar type 1 cell,44,17,1,1,1_5_1,LymphaticEndo
C-200,all,30,22,641,432,23,56481,0,0,0,0,0,C,5,Capillary 2 cell,38,22,1,1,1_3,AT2
C-202,all,35,22,1595,1210,17,76704,0,0,0,0,0,C,15,Pericyte,40,22,5,5,5_1,Pericyte
C-203,all,10,4,203,1947,37,14520,0,0,0,0,0,C,7,Sox9+/Id2+ epithelial cell,36,4,1,1,1_1,AT2
C-204,all,7,6,814,1785,24,43458,0,0,0,0,0,C,2,Alveolar fibroblast 1,29,8,2,2,2_3,Vein
C-205,all,44,27,984,757,18,66567,0,0,0,0,0,C,9,Inflammatory monocyte,45,27,5,5,5_1,Pericyte
C-206,all,41,26,1078,1273,31,49241,0,0,0,0,0,C,9,Venous endothelial cell,43,28,2,2,2_5,DC
C-209,all,19,11,1827,1706,22,59626,0,0,0,0,0,C,3,Sox9+/Id2+ epithelial cell,40,11,6,6,6,AT1
C-212,all,67,22,617,1118,31,78779,0,0,0,0,0,C,7,Alveolar type 1 cell,54,22,6,6,6,AT1
C-213,all,14,11,1731,494,11,47147,0,0,0,0,0,C,5,Pericyte,33,11,5,5,5_3,Pericyte
C-214,all,35,16,50,828,16,62260,0,0,0,0,0,C,15,Sox9+/Id2+ epithelial cell,44,16,1,1,1_3,AT2
C-215,all,47,16,1591,1899,17,64067,0,0,0,0,0,C,8,Alveolar type 1 cell,47,16,6,6,6,AT1
C-216,all,58,27,1027,381,35,57104,0,0,0,0,0,C,9,Arterial endothelial cell,52,28,2,2,2_1,Capillary
C-223,all,30,21,1556,1837,15,52489,0,0,0,0,0,C,4,Alveolar fibroblast 1,40,21,1,1,1_5_1,LymphaticEndo
C-224,all,36,15,545,513,12,69668,0,0,0,0,0,C,11,Pericyte,43,15,5,5,5_1,Pericyte
C-225,all,46,32,1248,954,17,110930,0,0,0,0,0,C,18,CD8+ T cell,47,33,3,3,3_1,SMC
C-226,all,26,17,799,1835,30,70553,0,0,0,0,0,C,4,Inflammatory monocyte,45,17,2,2,2_3,Vein
C-228,all,21,14,681,1172,34,27080,0,0,0,0,0,C,7,Pericyte,38,14,5,5,5_1,Pericyte
C-230,all,33,22,1848,800,28,61858,0,0,0,0,0,C,2,Natural killer cell,42,23,2,2,2_2,InflamMac
C-231,all,88,35,494,1192,19,110480,0,0,0,0,0,C,14,Neutrophil,61,35,6,6,6,AT1
C-232,all,23,8,11,1748,38,20712,0,0,0,0,0,C,17,Alveolar type 2 cell,42,8,1,1,1_1,AT2
C-233,all,48,13,732,1254,37,32413,0,0,0,0,0,C,34,Alveolar type 2 cell,48,13,1,1,1_3,AT2
C-234,all,24,15,1785,1831,35,56276,0,0,0,0,0,C,5,Pericyte,43,15,5,5,5_1,Pericyte
C-235,all,33,19,1784,844,13,54739,0,0,0,0,0,C,12,Pericyte,41,19,5,5,5_1,Pericyte
C-238,all,41,25,1400,1343,31,67923,0,0,0,0,0,C,6,B cell,42,25,9,9,9,Bcell
C-240,all,22,8,1023,41,41,20756,0,0,0,0,0,C,5,Alveolar type 1 cell,42,8,6,6,6,AT1
C-242,all,67,29,1884,494,26,95014,0,0,0,0,0,C,9,Alveolar fibroblast 1,57,29,1,1,1_5_1,LymphaticEndo
C-243,all,49,26,408,344,22,100490,50,0,50,0,1,C,8,Sox9+/Id2+ epithelial cell,49,26,8,8,8_2,InterstitialMac
C-244,all,17,11,1561,40,13,64734,0,0,0,0,0,C,9,B cell,32,11,5,5,5_1,Pericyte
C-246,all,8,5,70,505,40,8991,0,0,0,0,0,C,6,Airway smooth muscle cell,30,6,3,3,3_1,SMC
C-249,all,41,21,547,1111,35,40828,0,0,0,0,0,C,11,Sox9+/Id2+ epithelial cell,46,22,3,3,3_2,SMC
C-250,all,45,30,1873,543,22,60958,0,0,0,0,0,C,8,CD8+ T cell,45,30,7,7,7_3,Tcell (CD8)
C-251,all,29,24,14,1607,23,78557,0,0,0,0,0,C,2,Pericyte,34,24,5,5,5_3,Pericyte
C-252,all,26,14,1799,1714,19,52185,0,0,0,0,0,C,12,Alveolar type 2 cell,47,14,1,1,1_1,AT2
C-254,all,12,11,987,372,39,21352,0,0,0,0,0,C,2,Inflammatory monocyte,33,13,2,2,2_5,DC
C-255,all,63,31,1589,1446,20,118044,0,0,0,0,0,C,14,B cell,55,31,9,9,9,Bcell
C-257,all,10,9,1100,1927,37,32163,0,0,0,0,0,C,2,Capillary 1 cell,32,9,2,2,2_1,Capillary
C-260,all,47,20,478,1621,32,47180,0,0,0,0,0,C,25,Alveolar type 2 cell,48,21,3,3,3_5,SMC
C-262,all,35,19,1881,1729,30,120625,0,0,0,0,0,C,12,Alveolar fibroblast 1,44,19,6,6,6,AT1
C-265,all,9,4,1795,77,28,23190,0,0,0,0,0,C,4,Arterial endothelial cell,34,5,2,2,2_4,Artery
C-266,all,17,9,1353,1881,40,21960,0,0,0,0,0,C,3,Alveolar fibroblast 1,42,10,3,3,3_1,SMC
C-267,all,13,5,84,452,36,20931,0,0,0,0,0,C,8,Alveolar fibroblast 1,30,6,3,3,3_1,SMC
C-268,all,58,36,689,888,19,108913,0,0,0,0,0,C,15,Pericyte,55,36,5,5,5_1,Pericyte
C-271,all,46,14,1777,512,13,51306,0,0,0,0,0,C,19,AT1/AT2,47,14,6,6,6,AT1
C-272,all,13,9,715,1198,37,38281,0,0,0,0,0,C,8,Pericyte,31,9,5,5,5_1,Pericyte
C-273,all,15,6,1828,697,39,15556,0,0,0,0,0,C,10,Sox9+/Id2+ epithelial cell,38,6,1,1,1_1,AT2
C-274,all,15,7,1926,1691,41,14242,0,0,0,0,0,C,4,Alveolar type 1 cell,35,7,6,6,6,AT1
C-275,all,16,12,890,1702,21,59612,0,0,0,0,0,C,2,Natural killer cell,40,13,2,2,2_2,InflamMac
C-276,all,7,3,904,1083,7,16466,0,0,0,0,0,C,7,Neutrophil,26,5,1,1,1_1,AT2
C-280,all,18,12,1579,1499,36,36075,0,0,0,0,0,C,4,Alveolar type 2 cell,40,13,2,2,2_2,InflamMac
C-281,all,16,12,777,485,38,35703,0,0,0,0,0,C,3,Mesothelial cell,41,13,3,3,3_1,SMC
C-282,all,10,8,1186,5,18,30372,0,0,0,0,0,C,2,Arterial endothelial cell,32,9,2,2,2_4,Artery
C-283,all,10,10,423,229,33,26952,0,0,0,0,0,C,4,Inflammatory monocyte,30,12,2,2,2_5,DC
C-285,all,8,4,1894,658,33,21402,0,0,0,0,0,C,7,Secondary crest myofibroblast,31,6,3,3,3_1,SMC
C-287,all,19,15,1831,307,19,51168,0,0,0,0,0,C,3,Alveolar fibroblast 1,37,15,3,3,3_4,AdventitialFib
C-288,all,47,15,1742,1613,38,59215,0,0,0,0,0,C,7,Alveolar type 1 cell,48,15,6,6,6,AT1
C-291,all,23,17,1194,1608,34,26078,0,0,0,0,0,C,4,Alveolar fibroblast 1,43,18,2,2,2_3,Vein
C-293,all,35,17,102,1499,22,70929,0,0,0,0,0,C,22,Sox9+/Id2+ epithelial cell,42,17,3,3,3_4,AdventitialFib
C-294,all,32,18,387,981,36,81494,0,0,0,0,0,C,4,Alveolar type 1 cell,42,18,1,1,1_5_2,AlveolarFib
C-296,all,9,6,827,4,30,18792,0,0,0,0,0,C,3,Natural killer cell,28,7,7,7,7_2,PatrolMac
C-298,all,24,19,53,1949,36,56810,0,0,0,0,0,C,2,Natural killer cell,41,21,2,2,2_5,DC
C-299,all,80,14,10,790,19,56120,0,0,0,0,0,C,74,Alveolar type 2 cell,53,14,1,1,1_3,AT2
C-301,all,92,18,1799,548,24,76540,0,0,0,0,0,C,20,Alveolar type 1 cell,53,17,6,6,6,AT1
C-303,all,15,10,651,1412,31,46565,0,0,0,0,0,C,6,Alveolar type 2 cell,37,11,2,2,2_2,InflamMac
C-304,all,52,27,1527,1730,25,83264,0,0,0,0,0,C,4,Capillary 1 cell,52,27,2,2,2_3,Vein
C-305,all,31,22,856,1550,11,68943,0,0,0,0,0,C,4,Sox9+/Id2+ epithelial cell,41,23,2,2,2_2,InflamMac
C-307,all,35,13,1781,43,23,74731,0,0,0,0,0,C,10,Alveolar fibroblast 1,45,14,2,2,2_4,Artery
C-309,all,25,16,1920,337,20,96909,0,0,0,0,0,C,4,Alveolar type 1 cell,46,16,7,7,7_3,Tcell (CD8)
C-310,all,48,14,343,938,38,52858,0,0,0,0,0,C,11,Alveolar type 1 cell,48,14,6,6,6,AT1
C-311,all,20,15,1372,936,21,27239,0,0,0,0,0,C,9,Arterial endothelial cell,40,15,7,7,7_2,PatrolMac
C-312,all,39,26,1519,1825,17,102969,0,0,0,0,0,C,13,Arterial endothelial cell,41,26,6,6,6,AT1
C-314,all,52,23,848,1067,25,91138,0,0,0,0,0,C,26,Pericyte,50,23,5,5,5_1,Pericyte
C-316,all,8,3,119,489,37,14616,0,0,0,0,0,C,7,Alveolar type 2 cell,33,5,1,1,1_1,AT2
C-317,all,22,15,794,1759,26,54560,0,0,0,0,0,C,3,Alveolar fibroblast 1,41,15,2,2,2_3,Vein
C-319,all,33,19,1022,681,34,52304,0,0,0,0,0,C,9,Alveolar fibroblast 1,41,19,6,6,6,AT1
C-320,all,6,6,1436,876,9,29508,0,0,0,0,0,C,4,Pericyte,16,9,5,5,5_3,Pericyte
C-321,all,35,23,1668,1429,36,39286,0,0,0,0,0,C,2,Alveolar type 1 cell,43,23,6,6,6,AT1
C-325,all,69,39,395,58,22,121597,0,0,0,0,0,C,12,Alveolar macrophage,58,39,8,8,8_1,AlveolarMac
C-329,all,22,15,66,1300,28,58671,0,0,0,0,0,C,5,Proliferative mesenchymal progenitor cell,39,15,3,3,3_4,AdventitialFib
C-331,all,27,10,939,789,38,16286,0,0,0,0,0,C,4,Alveolar type 1 cell,42,10,6,6,6,AT1
C-332,all,25,8,1091,710,41,12996,0,0,0,0,0,C,14,Alveolar type 2 cell,43,8,1,1,1_1,AT2
C-334,all,7,5,1330,1,11,22766,0,0,0,0,0,C,3,Alveolar fibroblast 1,26,6,1,1,1_4_3,AlveolarFib
C-336,all,65,22,501,1117,29,83827,0,0,0,0,0,C,38,Alveolar type 2 cell,54,22,1,1,1_3,AT2
C-339,all,19,6,1850,683,38,15319,0,0,0,0,0,C,9,Sox9+/Id2+ epithelial cell,42,6,1,1,1_1,AT2
C-341,all,8,5,990,55,41,11474,0,0,0,0,0,C,2,Alveolar type 1 cell,32,6,6,6,6,AT1
C-344,all,38,25,391,258,32,59232,0,0,0,0,0,C,6,Alveolar fibroblast 1,41,25,3,3,3_1,SMC
C-345,all,32,22,1022,1529,38,46958,0,0,0,0,0,C,2,Sox9+/Id2+ epithelial cell,41,22,2,2,2_3,Vein
C-347,all,37,25,401,1426,21,83591,0,0,0,0,0,C,11,CD4+ T cell,40,25,3,3,3_6,SCMF
C-348,all,90,28,258,992,19,121506,0,0,0,0,0,C,53,Alveolar type 2 cell,58,28,1,1,1_3,AT2
C-349,all,32,10,1323,49,38,40784,0,0,0,0,0,C,25,Alveolar type 2 cell,43,10,1,1,1_3,AT2
C-350,all,21,16,1427,1321,29,38954,0,0,0,0,0,C,3,AT1/AT2,42,16,1,1,1_3,AT2
C-351,all,35,24,1659,1539,18,115411,0,0,0,0,0,C,6,Venous endothelial cell,40,24,4,4,4_1_1,ClubEpi
C-358,all,24,11,289,1040,38,40461,0,0,0,0,0,C,5,Alveolar type 1 cell,43,11,6,6,6,AT1
C-360,all,14,10,1805,1379,34,34195,0,0,0,0,0,C,6,Pericyte,31,10,5,5,5_1,Pericyte
C-361,all,25,18,691,1391,32,72943,0,0,0,0,0,C,3,Alveolar fibroblast 1,47,18,1,1,1_5_2,AlveolarFib
C-363,all,77,15,29,1825,22,110337,0,0,0,0,0,C,64,Alveolar type 2 cell,54,15,1,1,1_1,AT2
C-365,all,10,7,245,2,26,25290,0,0,0,0,0,C,2,Interstitial macrophage,29,7,8,8,8_2,InterstitialMac
C-367,all,106,17,526,1070,32,75081,0,0,0,0,0,C,96,Alveolar type 2 cell,48,9,1,1,1_3,AT2
C-369,all,56,24,577,788,19,107241,0,0,0,0,0,C,16,Alveolar macrophage,52,24,6,6,6,AT1
C-370,all,41,22,61,1254,21,96720,0,0,0,0,0,C,11,Alveolar fibroblast 1,43,23,3,3,3_1,SMC
C-372,all,11,10,1118,1,27,19691,0,0,0,0,0,C,2,Sox9+/Id2+ epithelial cell,34,10,1,1,1_3,AT2
C-373,all,35,18,108,513,36,23017,0,0,0,0,0,C,22,Alveolar type 2 cell,41,18,1,1,1_1,AT2
C-374,all,22,7,740,1706,18,32723,0,0,0,0,0,C,19,Alveolar type 2 cell,43,7,1,1,1_1,AT2
C-375,all,96,31,159,1203,25,99371,0,0,0,0,0,C,20,Alveolar macrophage,57,31,6,6,6,AT1
C-380,all,48,25,1369,430,20,71995,0,0,0,0,0,C,2,Interstitial macrophage,48,25,8,8,8_2,InterstitialMac
C-381,all,13,8,111,587,37,20401,0,0,0,0,0,C,3,Capillary 2 cell,32,8,6,6,6,AT1
C-386,all,36,15,647,1167,33,43187,0,0,0,0,0,C,6,Alveolar type 1 cell,43,15,6,6,6,AT1
C-388,all,40,22,761,1730,19,68257,0,0,0,0,0,C,17,Neutrophil,48,23,3,3,3_1,SMC
C-390,all,31,12,917,1847,38,41197,0,0,0,0,0,C,9,Alveolar type 1 cell,43,12,6,6,6,AT1
C-395,all,10,9,67,899,22,28233,0,0,0,0,0,C,2,Alveolar type 1 cell,28,9,6,6,6,AT1
C-396,all,6,5,1744,1216,32,30535,0,0,0,0,0,C,4,Capillary 1 cell,24,6,2,2,2_1,Capillary
C-397,all,47,12,681,1441,16,40607,0,0,0,0,0,C,35,Alveolar type 2 cell,48,12,1,1,1_1,AT2
C-402,all,12,9,1386,0,21,14233,0,0,0,0,0,C,4,Alveolar type 1 cell,33,9,6,6,6,AT1
C-403,all,8,3,547,387,5,5190,0,0,0,0,0,C,5,Sox9+/Id2+ epithelial cell,37,4,1,1,1_1,AT2
C-406,all,89,37,1204,3316,19,91062,0,0,0,0,0,C,28,Inflammatory monocyte,61,38,2,2,2_5,DC
C-407,all,63,33,1525,2918,26,72304,0,0,0,0,0,C,22,Inflammatory monocyte,58,34,2,2,2_5,DC
C-408,all,41,24,1287,3128,20,66653,0,0,0,0,0,C,4,B cell,42,25,3,3,3_5,SMC
C-410,all,39,24,1357,2025,34,68525,0,0,0,0,0,C,8,Pericyte,42,24,5,5,5_1,Pericyte
C-411,all,30,20,1148,2028,15,69877,0,0,0,0,0,C,5,Proliferative mesenchymal progenitor cell,36,20,2,2,2_3,Vein
C-412,all,34,15,108,3582,6,33447,0,0,0,0,0,C,5,Alveolar fibroblast 1,43,15,3,3,3_4,AdventitialFib
C-413,all,40,24,1367,3593,31,50468,0,0,0,0,0,C,3,Alveolar fibroblast 1,44,25,2,2,2_1,Capillary
C-414,all,31,19,1631,3037,31,69556,0,0,0,0,0,C,11,B cell,38,19,9,9,9,Bcell
C-415,all,37,26,1207,3417,22,69103,0,0,0,0,0,C,11,Pericyte,42,26,5,5,5_1,Pericyte
C-416,all,76,37,1321,3085,34,74157,0,0,0,0,0,C,9,Capillary 1 cell,60,39,2,2,2_5,DC
C-417,all,31,21,1878,3230,13,75065,0,0,0,0,0,C,6,B cell,39,21,9,9,9,Bcell
C-418,all,35,24,192,2344,11,59701,0,0,0,0,0,C,8,Alveolar type 1 cell,41,24,2,2,2_6,pDC
C-419,all,58,29,1681,3067,27,88594,0,0,0,0,0,C,24,B cell,54,29,9,9,9,Bcell
C-420,all,113,35,928,3739,15,81862,0,0,0,0,0,C,76,Alveolar type 2 cell,45,16,1,1,1_3,AT2
C-421,all,49,32,1179,3468,13,76491,0,0,0,0,0,C,10,Innate lymphoid cell,51,33,2,2,2_5,DC
C-422,all,35,27,301,2836,34,65630,0,0,0,0,0,C,4,Natural killer cell,42,29,2,2,2_5,DC
C-423,all,25,18,18,2931,10,38008,718,0,718,0,1,C,4,Pericyte,45,18,7,7,7_3,Tcell (CD8)
C-424,all,24,16,86,2613,31,59443,0,0,0,0,0,C,5,Venous endothelial cell,46,17,1,1,1_4_1,AlveolarFib
C-425,all,15,11,799,2235,17,42765,0,0,0,0,0,C,4,Alveolar fibroblast 1,30,11,2,2,2_6,pDC
C-426,all,42,29,428,3792,30,70653,0,0,0,0,0,C,8,Pericyte,42,29,5,5,5_3,Pericyte
C-429,all,34,25,1925,2098,15,88091,0,0,0,0,0,C,12,B cell,39,25,9,9,9,Bcell
C-430,all,110,21,1496,2868,19,86638,0,0,0,0,0,C,78,Alveolar type 2 cell,48,10,1,1,1_1,AT2
C-431,all,53,32,1695,3512,13,65268,0,0,0,0,0,C,7,Alveolar type 2 cell,52,32,1,1,1_3,AT2
C-432,all,61,38,306,2956,20,46969,0,0,0,0,0,C,9,Interstitial macrophage,58,38,8,8,8_3,InterstitialMac
C-433,all,30,14,1747,3020,38,28180,0,0,0,0,0,C,8,Alveolar type 1 cell,40,14,6,6,6,AT1
C-434,all,34,9,1662,3588,10,33913,0,0,0,0,0,C,25,Alveolar type 2 cell,45,9,1,1,1_1,AT2
C-438,all,26,16,1590,2989,13,29103,0,0,0,0,0,C,4,Ciliated cell,45,15,2,2,2_1,Capillary
C-439,all,20,15,503,1983,22,77586,0,0,0,0,0,C,7,Arterial endothelial cell,42,17,2,2,2_4,Artery
C-441,all,25,19,96,3470,36,33192,0,0,0,0,0,C,7,B cell,46,19,7,7,7_3,Tcell (CD8)
C-442,all,104,43,1189,2605,18,53395,0,0,0,0,0,C,11,Interstitial macrophage,57,34,8,8,8_3,InterstitialMac
C-443,all,55,35,764,3792,28,79131,0,0,0,0,0,C,2,Alveolar fibroblast 1,56,36,3,3,3_1,SMC
C-444,all,19,12,1803,3527,27,65421,0,0,0,0,0,C,7,Mesothelial cell,38,13,3,3,3_1,SMC
C-447,all,40,27,1378,3553,21,71960,0,0,0,0,0,C,6,Capillary 1 cell,42,27,2,2,2_3,Vein
C-448,all,26,15,1090,3742,9,46853,0,0,0,0,0,C,6,Neutrophil,43,15,1,1,1_2_1,Tcell (CD4)
C-450,all,34,23,1318,2952,11,41450,0,0,0,0,0,C,7,Capillary 1 cell,42,23,2,2,2_3,Vein
C-452,all,38,23,1140,2347,19,39614,0,0,0,0,0,C,6,Natural killer cell,40,23,7,7,7_3,Tcell (CD8)
C-454,all,10,6,370,2357,39,17008,0,0,0,0,0,C,2,Venous endothelial cell,29,6,2,2,2_3,Vein
C-455,all,36,21,576,3051,19,78914,0,0,0,0,0,C,5,Pericyte,42,21,5,5,5_1,Pericyte
C-456,all,91,42,1469,2423,24,136220,0,0,0,0,0,C,15,Pericyte,61,42,5,5,5_1,Pericyte
C-457,all,37,17,1601,3266,34,58152,0,0,0,0,0,C,6,Capillary 1 cell,43,17,2,2,2_1,Capillary
C-458,all,52,21,1858,2367,15,95147,0,0,0,0,0,C,13,Venous endothelial cell,51,21,6,6,6,AT1
C-459,all,43,29,550,2384,24,57856,0,0,0,0,0,C,14,Venous endothelial cell,43,29,3,3,3_6,SCMF
C-461,all,36,23,340,1994,34,70324,0,0,0,0,0,C,7,Pericyte,40,23,5,5,5_3,Pericyte
C-462,all,16,14,1846,2069,37,41824,0,0,0,0,0,C,4,Classical DC subset 2,33,14,3,3,3_6,SCMF
C-463,all,33,13,1027,3628,25,31812,0,0,0,0,0,C,20,Alveolar type 2 cell,45,13,1,1,1_1,AT2
C-464,all,36,9,1428,2952,10,20775,0,0,0,0,0,C,32,Alveolar type 2 cell,44,9,1,1,1_1,AT2
C-466,all,29,15,1331,3296,33,65380,0,0,0,0,0,C,3,Natural killer cell,37,15,7,7,7_3,Tcell (CD8)
C-467,all,25,17,1274,2047,30,48272,0,0,0,0,0,C,3,B cell,46,17,9,9,9,Bcell
C-469,all,44,24,1533,2659,24,83834,0,0,0,0,0,C,5,Alveolar fibroblast 1,46,25,3,3,3_5,SMC
C-470,all,53,15,1321,3740,29,51317,0,0,0,0,0,C,38,Alveolar type 2 cell,50,15,1,1,1_3,AT2
C-471,all,24,16,1588,3499,33,84950,0,0,0,0,0,C,3,Arterial endothelial cell,47,17,2,2,2_4,Artery
C-472,all,38,19,1392,3485,18,63822,0,0,0,0,0,C,21,Ciliated cell,43,19,5,5,5_1,Pericyte
C-474,all,95,21,1462,2660,33,82925,0,0,0,0,0,C,68,Alveolar type 2 cell,56,21,1,1,1_3,AT2
C-475,all,32,24,1255,3305,11,46703,0,0,0,0,0,C,6,Sox9+/Id2+ epithelial cell,38,23,2,2,2_1,Capillary
C-477,all,51,8,344,2071,34,56979,0,0,0,0,0,C,45,Alveolar type 2 cell,49,8,1,1,1_1,AT2
C-478,all,56,33,697,3237,12,26915,0,0,0,0,0,C,11,Interstitial macrophage,55,33,8,8,8_3,InterstitialMac
C-479,all,32,20,1044,2788,25,37024,0,0,0,0,0,C,2,Proliferative mesenchymal progenitor cell,40,21,3,3,3_1,SMC
C-480,all,22,17,419,1991,34,49022,0,0,0,0,0,C,3,Natural killer cell,46,18,3,3,3_5,SMC
C-481,all,31,21,965,2300,20,64315,310,0,310,0,1,C,4,Secondary crest myofibroblast,40,21,3,3,3_2,SMC
C-483,all,41,29,675,3215,12,29150,0,0,0,0,0,C,7,Interstitial macrophage,42,29,8,8,8_3,InterstitialMac
C-484,all,53,11,1660,3542,15,58234,0,0,0,0,0,C,37,Alveolar type 2 cell,50,11,1,1,1_1,AT2
C-485,all,93,44,765,2163,13,68581,0,0,0,0,0,C,25,Inflammatory monocyte,61,43,1,1,1_5_1,LymphaticEndo
C-489,all,64,29,963,3683,30,54367,0,0,0,0,0,C,11,Alveolar type 1 cell,56,30,1,1,1_4_1,AlveolarFib
C-495,all,41,30,1131,2511,13,35991,0,0,0,0,0,C,4,Interstitial macrophage,42,30,9,9,9,Bcell
C-496,all,91,40,1188,3366,17,78577,0,0,0,0,0,C,36,Endothelial progenitor cell,61,41,2,2,2_5,DC
C-497,all,106,31,1016,3752,24,92003,0,0,0,0,0,C,13,Alveolar type 1 cell,54,24,6,6,6,AT1
C-498,all,14,10,1666,2096,36,36945,0,0,0,0,0,C,3,Natural killer cell,31,10,7,7,7_3,Tcell (CD8)
C-499,all,71,32,1430,2468,23,91630,0,0,0,0,0,C,29,Alveolar type 2 cell,50,32,6,6,6,AT1
C-500,all,117,45,1196,2300,20,118201,0,0,0,0,0,C,19,Alveolar type 1 cell,44,24,6,6,6,AT1
C-501,all,12,10,141,2817,32,23352,0,0,0,0,0,C,5,Alveolar fibroblast 1,33,10,6,6,6,AT1
C-504,all,28,19,1696,3613,8,28018,0,0,0,0,0,C,8,Alveolar type 2 cell,41,19,3,3,3_6,SCMF
C-505,all,23,11,179,3659,22,17758,0,0,0,0,0,C,5,Alveolar type 1 cell,43,11,6,6,6,AT1
C-507,all,30,24,1157,2563,20,34696,0,0,0,0,0,C,3,Mesothelial cell,36,24,3,3,3_3,AdventitialFib
C-509,all,57,21,517,2057,9,59983,0,0,0,0,0,C,10,Alveolar type 1 cell,52,21,6,6,6,AT1
C-510,all,38,16,1889,2446,15,36937,0,0,0,0,0,C,2,Alveolar fibroblast 1,44,17,1,1,1_4_1,AlveolarFib
C-512,all,21,15,1103,2648,32,31651,0,0,0,0,0,C,2,Alveolar macrophage,40,15,8,8,8_1,AlveolarMac
C-514,all,9,8,106,2564,36,16878,0,0,0,0,0,C,2,Alveolar fibroblast 1,29,9,2,2,2_4,Artery
C-515,all,17,10,1694,2107,31,39348,0,0,0,0,0,C,6,Airway smooth muscle cell,35,11,3,3,3_1,SMC
C-516,all,26,21,1401,3765,32,53403,0,0,0,0,0,C,6,B cell,39,22,3,3,3_1,SMC
C-518,all,19,14,279,2752,32,74353,0,0,0,0,0,C,4,Pericyte,36,14,5,5,5_1,Pericyte
C-519,all,23,19,39,3177,33,57462,0,0,0,0,0,C,5,Inflammatory monocyte,45,21,2,2,2_5,DC
C-520,all,35,26,1337,2201,34,64134,0,0,0,0,0,C,3,B cell,41,26,2,2,2_6,pDC
C-523,all,11,9,102,2304,12,29516,0,0,0,0,0,C,2,Natural killer cell,33,10,2,2,2_2,InflamMac
C-524,all,40,24,914,2809,25,64136,0,0,0,0,0,C,5,Endothelial progenitor cell,41,24,3,3,3_4,AdventitialFib
C-525,all,22,19,130,3704,18,36380,0,0,0,0,0,C,7,Pericyte,41,19,5,5,5_1,Pericyte
C-527,all,53,28,1678,2239,20,88605,0,0,0,0,0,C,15,Alveolar type 2 cell,52,28,3,3,3_6,SCMF
C-529,all,30,20,1350,3441,33,77317,0,0,0,0,0,C,8,Alveolar fibroblast 1,41,21,1,1,1_5_2,AlveolarFib
C-530,all,29,21,423,2946,17,44253,0,0,0,0,0,C,5,Venous endothelial cell,37,21,3,3,3_4,AdventitialFib
C-531,all,40,25,967,2922,15,43392,0,0,0,0,0,C,5,Alveolar macrophage,43,25,3,3,3_4,AdventitialFib
C-532,all,40,26,1132,2646,32,47441,0,0,0,0,0,C,4,Alveolar fibroblast 1,47,27,1,1,1_4_1,AlveolarFib
C-534,all,14,8,1121,2161,8,24498,0,0,0,0,0,C,9,Pericyte,34,8,5,5,5_3,Pericyte
C-537,all,36,24,1035,2341,11,43348,0,0,0,0,0,C,6,Capillary 1 cell,40,24,2,2,2_3,Vein
C-538,all,34,19,998,2056,31,94029,0,0,0,0,0,C,4,Alveolar type 2 cell,43,20,2,2,2_2,InflamMac
C-539,all,50,20,1088,2209,21,73424,0,0,0,0,0,C,30,Alveolar type 2 cell,49,20,1,1,1_3,AT2
C-543,all,17,15,1070,2461,15,34946,0,0,0,0,0,C,3,Innate lymphoid cell,33,15,6,6,6,AT1
C-545,all,50,28,97,3533,17,58154,0,0,0,0,0,C,7,B cell,50,28,3,3,3_4,AdventitialFib
C-546,all,76,26,146,3636,25,51766,0,0,0,0,0,C,12,Innate lymphoid cell,55,26,6,6,6,AT1
C-548,all,18,14,1333,3224,8,30266,0,0,0,0,0,C,5,Arterial endothelial cell,38,15,2,2,2_4,Artery
C-549,all,48,32,280,2988,12,39024,0,0,0,0,0,C,8,Interstitial macrophage,48,32,8,8,8_3,InterstitialMac
C-551,all,41,21,558,2305,12,35783,0,0,0,0,0,C,4,Alveolar macrophage,43,21,1,1,1_2_3,Tcell (CD4)
C-552,all,37,27,397,2415,15,69519,0,0,0,0,0,C,6,Inflammatory monocyte,39,27,7,7,7_2,PatrolMac
C-553,all,123,30,101,2664,20,108137,0,0,0,0,0,C,92,Alveolar type 2 cell,44,10,1,1,1_3,AT2
C-554,all,18,12,575,3082,11,50905,0,0,0,0,0,C,5,Ciliated cell,39,13,1,1,1_4_3,AlveolarFib
C-556,all,41,27,1678,2486,15,82047,0,0,0,0,0,C,4,Sox9+/Id2+ epithelial cell,42,26,2,2,2_1,Capillary
C-558,all,19,12,1399,2216,37,24993,0,0,0,0,0,C,4,Inflammatory monocyte,37,12,6,6,6,AT1
C-561,all,43,25,1015,2797,15,36643,0,0,0,0,0,C,2,Mesothelial cell,43,25,3,3,3_3,AdventitialFib
C-567,all,31,22,1464,3590,29,61887,0,0,0,0,0,C,9,Pericyte,40,22,5,5,5_3,Pericyte
C-568,all,16,11,1340,3798,39,25043,0,0,0,0,0,C,5,Inflammatory monocyte,41,13,2,2,2_5,DC
C-569,all,88,26,39,3303,29,74852,0,0,0,0,0,C,15,Alveolar type 1 cell,57,26,6,6,6,AT1
C-570,all,13,11,115,2513,12,34494,0,0,0,0,0,C,3,Neutrophil,33,11,1,1,1_5_2,AlveolarFib
C-571,all,27,21,98,2258,29,65839,0,0,0,0,0,C,6,Alveolar fibroblast 1,37,23,2,2,2_5,DC
C-575,all,39,22,946,2954,7,28717,0,0,0,0,0,C,6,Alveolar fibroblast 1,44,23,3,3,3_1,SMC
C-576,all,41,27,1110,2711,34,68061,0,0,0,0,0,C,5,Ciliated cell,43,27,3,3,3_3,AdventitialFib
C-577,all,10,8,1623,2635,29,37286,0,0,0,0,0,C,2,Capillary 1 cell,31,8,2,2,2_1,Capillary
C-579,all,25,18,1832,3406,32,56030,0,0,0,0,0,C,5,Inflammatory monocyte,41,19,3,3,3_1,SMC
C-580,all,8,6,1079,2172,10,23164,0,0,0,0,0,C,3,Endothelial progenitor cell,28,8,2,2,2_6,pDC
C-582,all,92,44,1285,3071,23,80445,0,0,0,0,0,C,4,Alveolar fibroblast 1,60,43,3,3,3_4,AdventitialFib
C-586,all,36,22,909,2962,18,41566,0,0,0,0,0,C,8,Alveolar macrophage,41,22,8,8,8_1,AlveolarMac
C-587,all,56,34,120,3662,17,74612,0,0,0,0,0,C,12,Sox9+/Id2+ epithelial cell,55,35,3,3,3_1,SMC
C-588,all,91,37,372,2105,23,89898,0,0,0,0,0,C,51,Alveolar type 2 cell,61,36,1,1,1_3,AT2
C-590,all,52,25,918,3633,33,57821,0,0,0,0,0,C,5,Arterial endothelial cell,52,25,3,3,3_6,SCMF
C-591,all,69,20,1401,3447,22,48725,0,0,0,0,0,C,53,Alveolar type 2 cell,53,20,1,1,1_3,AT2
C-592,all,74,38,268,3570,32,68356,0,0,0,0,0,C,5,Arterial endothelial cell,57,39,2,2,2_4,Artery
C-593,all,19,13,981,2678,12,63395,0,0,0,0,0,C,2,Inflammatory monocyte,41,15,2,2,2_5,DC
C-596,all,44,27,796,2200,23,56269,0,0,0,0,0,C,8,Classical DC subset 1,45,28,1,1,1_6_2,Neutrophil
C-597,all,38,27,1823,3010,20,91001,0,0,0,0,0,C,4,Alveolar fibroblast 1,41,27,7,7,7_2,PatrolMac
C-598,all,13,9,113,2588,37,14317,0,0,0,0,0,C,5,B cell,31,9,5,5,5_3,Pericyte
C-600,all,27,20,302,2938,15,25429,0,0,0,0,0,C,4,Interstitial macrophage,39,20,8,8,8_3,InterstitialMac
C-604,all,42,31,792,2940,11,79968,0,0,0,0,0,C,8,Endothelial progenitor cell,42,31,3,3,3_4,AdventitialFib
C-607,all,28,18,1319,2084,35,43621,0,0,0,0,0,C,9,Alveolar type 2 cell,41,18,1,1,1_1,AT2
C-608,all,57,17,236,1956,35,68098,0,0,0,0,0,C,40,Alveolar type 2 cell,51,17,1,1,1_3,AT2
C-609,all,36,25,72,3696,18,46357,0,0,0,0,0,C,7,Alveolar fibroblast 1,40,26,3,3,3_1,SMC
C-611,all,13,11,326,2911,16,20909,0,0,0,0,0,C,2,Capillary 1 cell,27,11,8,8,8_2,InterstitialMac
C-613,all,55,35,43,3465,19,68614,0,0,0,0,0,C,8,Capillary 1 cell,57,36,2,2,2_2,InflamMac
C-614,all,15,9,1155,2531,7,18038,0,0,0,0,0,C,3,Proliferative mesenchymal progenitor cell,29,9,3,3,3_3,AdventitialFib
C-615,all,89,42,939,2688,12,69016,0,0,0,0,0,C,11,Inflammatory monocyte,63,42,3,3,3_4,AdventitialFib
C-616,all,26,24,201,2525,17,56985,0,0,0,0,0,C,4,Venous endothelial cell,49,24,1,1,1_5_2,AlveolarFib
C-618,all,58,31,911,2997,8,35655,0,0,0,0,0,C,2,Alveolar fibroblast 1,57,32,3,3,3_1,SMC
C-621,all,81,28,1002,3617,25,54547,0,0,0,0,0,C,54,Alveolar type 2 cell,55,28,1,1,1_3,AT2
C-622,all,29,18,1835,3138,24,86588,0,0,0,0,0,C,3,Alveolar type 1 cell,38,18,6,6,6,AT1
C-625,all,79,38,1524,2737,29,107445,0,0,0,0,0,C,11,Alveolar fibroblast 1,56,38,1,1,1_5_2,AlveolarFib
C-627,all,33,11,1498,3403,30,57349,0,0,0,0,0,C,4,Arterial endothelial cell,43,11,6,6,6,AT1
C-629,all,47,28,1485,3633,26,77920,0,0,0,0,0,C,8,Pericyte,47,28,3,3,3_6,SCMF
C-630,all,14,9,1463,3698,35,40847,0,0,0,0,0,C,2,Endothelial progenitor cell,35,9,8,8,8_1,AlveolarMac
C-633,all,66,33,1048,3586,27,62410,0,0,0,0,0,C,27,Pericyte,56,33,5,5,5_3,Pericyte
C-635,all,48,28,1280,3574,27,102300,0,0,0,0,0,C,8,Inflammatory monocyte,48,28,8,8,8_2,InterstitialMac
C-637,all,79,37,871,3000,16,64918,0,0,0,0,0,C,5,Sox9+/Id2+ epithelial cell,55,37,2,2,2_6,pDC
C-639,all,38,30,581,2260,22,41884,0,0,0,0,0,C,8,Interstitial macrophage,41,30,8,8,8_3,InterstitialMac
C-640,all,14,5,1509,3340,23,22023,0,0,0,0,0,C,9,Sox9+/Id2+ epithelial cell,37,5,1,1,1_1,AT2
C-641,all,48,15,1226,3343,27,58760,0,0,0,0,0,C,34,Alveolar type 2 cell,48,15,1,1,1_1,AT2
C-642,all,15,9,608,3099,11,27672,0,0,0,0,0,C,5,Alveolar fibroblast 1,33,9,3,3,3_4,AdventitialFib
C-644,all,126,61,1197,2385,28,81097,0,0,0,0,0,C,22,Interstitial macrophage,41,23,8,8,8_3,InterstitialMac
C-645,all,16,12,942,2279,21,23737,0,0,0,0,0,C,2,Sox9+/Id2+ epithelial cell,31,12,8,8,8_3,InterstitialMac
C-646,all,48,26,135,2340,23,83829,0,0,0,0,0,C,11,Alveolar type 2 cell,48,26,1,1,1_3,AT2
C-652,all,51,33,1526,3274,25,62585,0,0,0,0,0,C,14,Inflammatory monocyte,51,33,2,2,2_3,Vein
C-653,all,42,26,938,2228,15,63557,0,0,0,0,0,C,17,Alveolar fibroblast 1,43,26,5,5,5_1,Pericyte
C-654,all,28,16,913,2272,28,54781,0,0,0,0,0,C,4,CD4+ T cell,39,16,3,3,3_6,SCMF
C-655,all,43,30,395,2956,22,41713,0,0,0,0,0,C,6,Venous endothelial cell,43,30,3,3,3_3,AdventitialFib
C-657,all,24,11,8,2544,10,30663,0,0,0,0,0,C,3,Pericyte,41,11,5,5,5_1,Pericyte
C-658,all,69,30,1535,3319,22,57633,0,0,0,0,0,C,30,Alveolar type 2 cell,54,30,2,2,2_6,pDC
C-660,all,43,16,1691,3021,10,54998,0,0,0,0,0,C,30,Alveolar type 2 cell,45,16,1,1,1_1,AT2
C-661,all,24,19,858,2865,12,41260,0,0,0,0,0,C,9,Mesothelial cell,42,19,1,1,1_3,AT2
C-663,all,87,27,1380,2467,33,85019,0,0,0,0,0,C,56,Alveolar type 2 cell,57,26,1,1,1_3,AT2
C-664,all,15,6,912,2349,26,17728,0,0,0,0,0,C,4,Pericyte,31,6,5,5,5_3,Pericyte
C-665,all,52,30,1040,2112,22,92131,0,0,0,0,0,C,4,Venous endothelial cell,53,32,2,2,2_5,DC
C-666,all,83,38,1285,3762,27,97766,0,0,0,0,0,C,35,Pericyte,59,38,5,5,5_1,Pericyte
C-668,all,63,19,1442,3630,22,81103,0,0,0,0,0,C,48,Alveolar type 2 cell,53,19,1,1,1_3,AT2
C-669,all,27,17,1399,3657,34,65819,0,0,0,0,0,C,5,Sox9+/Id2+ epithelial cell,45,17,3,3,3_4,AdventitialFib
C-672,all,117,12,39,2594,28,88913,0,0,0,0,0,C,106,Alveolar type 2 cell,49,8,1,1,1_1,AT2
C-674,all,13,7,1375,3629,35,21351,0,0,0,0,0,C,2,Venous endothelial cell,34,7,1,1,1_5_2,AlveolarFib
C-676,all,75,27,1745,2246,17,94461,0,0,0,0,0,C,44,Alveolar type 2 cell,54,27,1,1,1_3,AT2
C-677,all,51,27,1586,3594,14,82635,0,0,0,0,0,C,8,Alveolar type 1 cell,51,27,2,2,2_6,pDC
C-678,all,54,36,1661,2634,19,81027,0,0,0,0,0,C,6,Arterial endothelial cell,55,37,2,2,2_4,Artery
C-679,all,103,61,1362,2573,19,118917,0,0,0,0,0,C,15,Basophil,59,49,7,7,7_2,PatrolMac
C-680,all,43,16,1853,2446,18,35087,0,0,0,0,0,C,3,Alveolar type 1 cell,45,16,6,6,6,AT1
C-681,all,77,26,1358,2882,27,60139,0,0,0,0,0,C,42,Alveolar type 2 cell,53,26,7,7,7_2,PatrolMac
C-682,all,19,14,1047,2758,35,21901,0,0,0,0,0,C,2,B cell,38,14,9,9,9,Bcell
C-684,all,44,26,1829,3466,26,88851,0,0,0,0,0,C,4,Proliferative mesenchymal progenitor cell,46,27,3,3,3_1,SMC
C-685,all,6,4,569,3698,5,6519,0,0,0,0,0,C,2,Alveolar fibroblast 1,22,7,3,3,3_4,AdventitialFib
C-686,all,58,30,349,2137,14,62937,0,0,0,0,0,C,23,Alveolar type 2 cell,56,31,3,3,3_5,SMC
C-687,all,46,32,1270,3241,24,26165,0,0,0,0,0,C,4,Alveolar fibroblast 1,47,33,3,3,3_1,SMC
C-690,all,12,10,1712,2071,26,32161,0,0,0,0,0,C,5,Inflammatory monocyte,28,10,5,5,5_1,Pericyte
C-692,all,21,17,1544,3550,24,75960,0,0,0,0,0,C,2,Sox9+/Id2+ epithelial cell,42,17,2,2,2_3,Vein
C-693,all,40,25,67,3510,21,54821,0,0,0,0,0,C,3,Alveolar fibroblast 1,42,26,2,2,2_1,Capillary
C-695,all,34,21,1869,3476,9,63692,0,0,0,0,0,C,14,Pericyte,42,21,5,5,5_3,Pericyte
C-698,all,39,28,124,2420,16,79114,0,0,0,0,0,C,6,Pericyte,41,28,5,5,5_1,Pericyte
C-700,all,11,8,1776,2275,31,21549,0,0,0,0,0,C,5,Alveolar type 2 cell,37,8,1,1,1_1,AT2
C-701,all,25,21,561,2352,34,44808,0,0,0,0,0,C,2,Alveolar fibroblast 1,45,21,3,3,3_4,AdventitialFib
C-706,all,21,9,1395,2320,28,29142,0,0,0,0,0,C,4,Alveolar type 1 cell,42,10,3,3,3_1,SMC
C-712,all,43,25,1399,3729,33,44599,0,0,0,0,0,C,6,Alveolar macrophage,44,25,8,8,8_2,InterstitialMac
C-713,all,20,9,1852,2409,16,24479,0,0,0,0,0,C,2,Alveolar fibroblast 1,45,10,1,1,1_4_1,AlveolarFib
C-714,all,18,3,1765,1982,38,12999,0,0,0,0,0,C,18,Alveolar type 2 cell,41,3,1,1,1_3,AT2
C-719,all,80,21,1717,2566,34,85862,0,0,0,0,0,C,59,Alveolar type 2 cell,55,21,1,1,1_3,AT2
C-721,all,22,16,106,2227,27,27697,0,0,0,0,0,C,7,Alveolar type 1 cell,39,16,6,6,6,AT1
C-722,all,56,27,1393,2401,24,80283,0,0,0,0,0,C,6,Sox9+/Id2+ epithelial cell,52,27,2,2,2_3,Vein
C-724,all,18,15,148,2480,12,32549,0,0,0,0,0,C,3,Alveolar fibroblast 1,39,16,2,2,2_4,Artery
C-725,all,70,24,1432,3441,22,94801,0,0,0,0,0,C,32,Alveolar type 2 cell,52,25,2,2,2_2,InflamMac
C-726,all,54,19,75,2350,37,55753,0,0,0,0,0,C,7,Alveolar type 1 cell,51,19,6,6,6,AT1
C-727,all,66,20,1548,2498,16,87503,0,0,0,0,0,C,18,Alveolar type 1 cell,55,20,6,6,6,AT1
C-728,all,15,10,561,3006,31,81186,0,0,0,0,0,C,2,Alveolar fibroblast 1,34,10,3,3,3_4,AdventitialFib
C-730,all,22,16,914,2863,32,36099,0,0,0,0,0,C,2,Mesothelial cell,42,16,3,3,3_3,AdventitialFib
C-731,all,13,9,860,2296,21,17732,0,0,0,0,0,C,2,Sox9+/Id2+ epithelial cell,29,9,8,8,8_3,InterstitialMac
C-733,all,29,11,34,3655,40,20057,0,0,0,0,0,C,22,Sox9+/Id2+ epithelial cell,41,11,1,1,1_3,AT2
C-737,all,8,5,494,2113,4,9189,0,0,0,0,0,C,2,Alveolar type 1 cell,29,6,6,6,6,AT1
C-738,all,31,25,3,3284,13,29562,0,0,0,0,0,C,5,Inflammatory monocyte,40,25,5,5,5_3,Pericyte
C-739,all,27,19,997,1967,23,87841,0,0,0,0,0,C,2,Endothelial progenitor cell,41,21,2,2,2_5,DC
C-740,all,42,13,1333,3617,34,49218,0,0,0,0,0,C,5,Alveolar type 1 cell,45,13,6,6,6,AT1
C-744,all,39,12,2,3192,22,38687,0,0,0,0,0,C,27,Pericyte,44,12,7,7,7_3,Tcell (CD8)
C-751,all,32,19,1162,2599,29,32971,0,0,0,0,0,C,2,Alveolar fibroblast 1,40,19,8,8,8_1,AlveolarMac
C-753,all,15,11,391,2151,13,35845,0,0,0,0,0,C,2,Alveolar fibroblast 1,34,11,2,2,2_3,Vein
C-754,all,10,7,1600,3018,13,27863,0,0,0,0,0,C,3,Proliferative mesenchymal progenitor cell,33,7,2,2,2_1,Capillary
C-755,all,19,16,989,2253,17,40527,0,0,0,0,0,C,2,Alveolar fibroblast 1,43,17,2,2,2_2,InflamMac
C-756,all,34,18,1877,2416,13,30166,0,0,0,0,0,C,5,Alveolar type 1 cell,42,18,6,6,6,AT1
C-759,all,31,21,963,2267,17,51373,0,0,0,0,0,C,13,Interstitial macrophage,39,21,8,8,8_3,InterstitialMac
C-765,all,26,18,1365,2223,37,25706,0,0,0,0,0,C,4,CD4+ T cell,41,19,3,3,3_1,SMC
C-767,all,22,12,1436,3699,33,29735,0,0,0,0,0,C,2,Sox9+/Id2+ epithelial cell,42,12,8,8,8_3,InterstitialMac
C-768,all,27,10,154,3612,36,25762,0,0,0,0,0,C,4,Mesothelial cell,43,10,6,6,6,AT1
C-772,all,28,20,1680,4968,34,57081,0,0,0,0,0,C,4,Alveolar macrophage,39,21,2,2,2_2,InflamMac
C-773,all,57,34,1239,5130,14,59832,0,0,0,0,0,C,12,Pericyte,55,34,5,5,5_1,Pericyte
C-774,all,54,35,941,5440,20,83615,0,0,0,0,0,C,5,Innate lymphoid cell,52,35,1,1,1_5_1,LymphaticEndo
C-775,all,53,18,1521,4518,15,77604,0,0,0,0,0,C,7,CD8+ T cell,51,18,7,7,7_4,PatrolMac
C-777,all,99,30,1796,4801,18,85189,0,0,0,0,0,C,16,Alveolar type 1 cell,55,23,6,6,6,AT1
C-779,all,15,12,736,5044,11,48309,0,0,0,0,0,C,3,Capillary 2 cell,34,12,2,2,2_6,pDC
C-780,all,60,33,943,4917,22,73946,0,0,0,0,0,C,5,Alveolar fibroblast 1,57,33,1,1,1_5_1,LymphaticEndo
C-781,all,23,5,1554,4150,35,27486,0,0,0,0,0,C,17,Alveolar type 2 cell,45,5,1,1,1_1,AT2
C-782,all,33,23,285,3869,12,49900,0,0,0,0,0,C,3,Alveolar fibroblast 1,41,23,3,3,3_4,AdventitialFib
C-784,all,46,17,1916,4279,22,61238,0,0,0,0,0,C,7,Natural killer cell,46,17,7,7,7_3,Tcell (CD8)
C-785,all,32,20,1179,4450,32,53608,0,0,0,0,0,C,4,B cell,40,20,9,9,9,Bcell
C-786,all,20,15,149,4723,23,37978,0,0,0,0,0,C,4,Inflammatory monocyte,39,15,7,7,7_4,PatrolMac
C-790,all,14,11,1756,4766,38,21042,0,0,0,0,0,C,2,Endothelial progenitor cell,34,12,2,2,2_1,Capillary
C-791,all,104,35,300,5045,27,97154,0,0,0,0,0,C,29,Alveolar macrophage,61,31,8,8,8_1,AlveolarMac
C-792,all,29,15,1825,4696,37,54939,0,0,0,0,0,C,2,B cell,40,15,9,9,9,Bcell
C-795,all,48,28,1059,4936,22,77687,0,0,0,0,0,C,14,Capillary 1 cell,48,28,5,5,5_1,Pericyte
C-796,all,71,31,360,5411,16,71416,0,0,0,0,0,C,41,Alveolar type 2 cell,54,31,1,1,1_3,AT2
C-797,all,64,36,859,4115,25,78944,0,0,0,0,0,C,6,Alveolar fibroblast 1,56,36,6,6,6,AT1
C-798,all,15,9,250,4704,15,44529,0,0,0,0,0,C,3,Alveolar type 1 cell,34,9,6,6,6,AT1
C-801,all,43,26,743,5323,33,57408,0,0,0,0,0,C,7,Alveolar fibroblast 1,43,26,1,1,1_5_4,pDC
C-803,all,28,20,1855,4290,31,77292,0,0,0,0,0,C,8,CD4+ T cell,44,20,3,3,3_4,AdventitialFib
C-806,all,24,16,220,4730,22,71159,0,0,0,0,0,C,5,B cell,41,16,8,8,8_2,InterstitialMac
C-809,all,17,9,1783,5448,17,92600,0,0,0,0,0,C,10,Alveolar type 2 cell,39,9,1,1,1_3,AT2
C-810,all,17,14,1810,4293,21,28952,0,0,0,0,0,C,3,Natural killer cell,37,15,3,3,3_5,SMC
C-811,all,59,32,700,3807,29,67161,0,0,0,0,0,C,8,Capillary 1 cell,56,32,3,3,3_3,AdventitialFib
C-812,all,66,35,1915,4407,23,93818,0,0,0,0,0,C,12,Alveolar fibroblast 1,58,36,2,2,2_4,Artery
C-813,all,33,16,1081,4180,9,87071,0,0,0,0,0,C,3,Natural killer cell,44,17,2,2,2_2,InflamMac
C-814,all,40,21,1029,5589,35,51623,0,0,0,0,0,C,5,Secondary crest myofibroblast,43,21,5,5,5_1,Pericyte
C-815,all,110,42,1298,5427,21,140058,0,0,0,0,0,C,10,Alveolar type 1 cell,46,24,6,6,6,AT1
C-817,all,9,7,1787,4256,11,35421,0,0,0,0,0,C,3,Alveolar type 1 cell,31,9,2,2,2_1,Capillary
C-818,all,42,19,1832,4784,37,47483,0,0,0,0,0,C,5,Ciliated cell,45,19,6,6,6,AT1
C-821,all,30,23,468,4664,19,88900,0,0,0,0,0,C,4,CD4+ T cell,39,24,1,1,1_4_1,AlveolarFib
C-822,all,18,12,667,4829,22,23967,0,0,0,0,0,C,6,Pericyte,39,12,5,5,5_1,Pericyte
C-825,all,94,17,1774,4191,21,95640,0,0,0,0,0,C,73,Alveolar type 2 cell,56,17,1,1,1_3,AT2
C-826,all,25,15,1438,4590,18,57376,0,0,0,0,0,C,3,Arterial endothelial cell,44,15,5,5,5_3,Pericyte
C-828,all,90,43,216,4899,17,65827,0,0,0,0,0,C,13,Sox9+/Id2+ epithelial cell,60,41,2,2,2_3,Vein
C-830,all,37,22,1177,5428,24,80641,0,0,0,0,0,C,13,Pericyte,42,22,5,5,5_1,Pericyte
C-832,all,15,13,1418,5516,35,44595,0,0,0,0,0,C,4,CD4+ T cell,33,15,2,2,2_5,DC
C-833,all,41,30,497,4723,36,63799,0,0,0,0,0,C,9,B cell,43,31,3,3,3_5,SMC
C-834,all,29,20,179,4771,7,36417,0,0,0,0,0,C,3,Capillary 1 cell,36,20,2,2,2_3,Vein
C-835,all,66,18,711,5371,35,65074,0,0,0,0,0,C,48,Sox9+/Id2+ epithelial cell,52,18,1,1,1_3,AT2
C-836,all,17,11,1488,5613,18,56719,0,0,0,0,0,C,5,Innate lymphoid cell,35,11,6,6,6,AT1
C-837,all,55,29,1580,4512,14,50594,0,0,0,0,0,C,18,Secondary crest myofibroblast,53,29,3,3,3_4,AdventitialFib
C-839,all,64,15,300,4644,35,46223,0,0,0,0,0,C,44,Alveolar type 2 cell,51,15,1,1,1_3,AT2
C-843,all,9,7,1622,4194,39,22108,0,0,0,0,0,C,2,Alveolar fibroblast 1,33,8,1,1,1_5_2,AlveolarFib
C-845,all,51,35,229,4544,31,75170,0,0,0,0,0,C,10,Pericyte,53,36,3,3,3_5,SMC
C-847,all,71,33,526,5461,9,71562,0,0,0,0,0,C,2,Endothelial progenitor cell,56,34,1,1,1_6_2,Neutrophil
C-850,all,19,13,869,4274,26,83802,0,0,0,0,0,C,7,CD4+ T cell,39,13,7,7,7_2,PatrolMac
C-851,all,22,15,1136,4193,14,76294,0,0,0,0,0,C,5,B cell,38,15,9,9,9,Bcell
C-852,all,22,17,1696,4867,18,61379,0,0,0,0,0,C,7,CD8+ T cell,39,17,7,7,7_2,PatrolMac
C-854,all,15,13,1860,5566,35,55726,0,0,0,0,0,C,4,Alveolar macrophage,31,13,8,8,8_1,AlveolarMac
C-855,all,39,27,1195,5344,21,75220,0,0,0,0,0,C,3,Alveolar type 1 cell,43,27,6,6,6,AT1
C-856,all,51,12,1448,4945,25,75834,0,0,0,0,0,C,39,Alveolar type 2 cell,49,12,1,1,1_3,AT2
C-862,all,18,14,912,4807,39,49692,0,0,0,0,0,C,5,Alveolar type 1 cell,38,14,6,6,6,AT1
C-865,all,34,17,789,5446,39,46276,0,0,0,0,0,C,14,Pericyte,42,17,5,5,5_3,Pericyte
C-866,all,54,11,1606,4454,10,38068,0,0,0,0,0,C,45,Sox9+/Id2+ epithelial cell,50,11,1,1,1_1,AT2
C-867,all,9,8,1346,4634,10,17882,0,0,0,0,0,C,4,Sox9+/Id2+ epithelial cell,29,9,2,2,2_1,Capillary
C-869,all,33,18,75,4276,33,62892,0,0,0,0,0,C,9,Classical DC subset 2,44,20,2,2,2_5,DC
C-870,all,35,21,580,5633,26,70837,0,0,0,0,0,C,5,Alveolar type 1 cell,41,22,3,3,3_1,SMC
C-871,all,71,41,772,4730,19,89597,0,0,0,0,0,C,18,Alveolar fibroblast 1,57,42,3,3,3_1,SMC
C-872,all,21,16,1705,4814,12,48191,0,0,0,0,0,C,5,Sox9+/Id2+ epithelial cell,39,16,2,2,2_6,pDC
C-873,all,66,27,89,4217,18,111631,0,0,0,0,0,C,28,Alveolar type 2 cell,55,27,1,1,1_1,AT2
C-875,all,81,23,1688,4122,18,71908,0,0,0,0,0,C,10,Alveolar type 1 cell,56,24,6,6,6,AT1
C-876,all,32,8,354,3983,13,26358,0,0,0,0,0,C,22,Sox9+/Id2+ epithelial cell,45,8,1,1,1_1,AT2
C-877,all,29,17,1876,4351,32,35139,0,0,0,0,0,C,6,Sox9+/Id2+ epithelial cell,42,18,3,3,3_5,SMC
C-878,all,6,6,1564,5546,33,69209,0,0,0,0,0,C,2,Sox9+/Id2+ epithelial cell,22,8,3,3,3_6,SCMF
C-879,all,15,12,895,5507,34,32107,0,0,0,0,0,C,2,Sox9+/Id2+ epithelial cell,35,13,2,2,2_2,InflamMac
C-880,all,49,26,1593,4385,33,46551,0,0,0,0,0,C,15,Arterial endothelial cell,49,26,2,2,2_4,Artery
C-883,all,17,13,278,5352,22,23468,0,0,0,0,0,C,2,B cell,34,13,9,9,9,Bcell
C-885,all,31,16,1850,4925,19,57337,0,0,0,0,0,C,13,Alveolar type 2 cell,43,16,1,1,1_3,AT2
C-889,all,13,9,990,4918,36,34873,0,0,0,0,0,C,2,Natural killer cell,33,11,2,2,2_5,DC
C-890,all,25,12,270,4722,18,32876,0,0,0,0,0,C,3,Alveolar type 1 cell,45,12,6,6,6,AT1
C-894,all,55,9,1554,5499,28,82043,0,0,0,0,0,C,49,Inflammatory monocyte,50,9,1,1,1_1,AT2
C-895,all,79,36,756,4773,25,102765,0,0,0,0,0,C,11,CD8+ T cell,56,37,3,3,3_1,SMC
C-896,all,59,29,652,5343,27,93592,0,0,0,0,0,C,5,Inflammatory monocyte,54,30,2,2,2_2,InflamMac
C-897,all,23,6,314,3927,8,13701,0,0,0,0,0,C,19,Sox9+/Id2+ epithelial cell,45,6,1,1,1_1,AT2
C-899,all,36,23,1144,4399,18,80953,0,0,0,0,0,C,8,Pericyte,40,23,5,5,5_3,Pericyte
C-901,all,51,25,129,4612,35,88033,0,0,0,0,0,C,2,Capillary 1 cell,51,25,2,2,2_1,Capillary
C-902,all,59,27,1916,4154,13,55410,0,0,0,0,0,C,13,Arterial endothelial cell,53,28,2,2,2_4,Artery
C-903,all,15,9,1444,4619,6,18368,0,0,0,0,0,C,8,Arterial endothelial cell,33,9,2,2,2_4,Artery
C-905,all,39,24,1291,5220,14,76007,0,0,0,0,0,C,5,Neutrophil,42,24,2,2,2_3,Vein
C-907,all,36,26,1266,5102,27,48930,0,0,0,0,0,C,7,Sox9+/Id2+ epithelial cell,40,26,3,3,3_6,SCMF
C-908,all,67,32,325,4691,19,82842,0,0,0,0,0,C,23,Alveolar type 2 cell,58,32,1,1,1_1,AT2
C-909,all,19,12,240,4759,22,45393,0,0,0,0,0,C,3,B cell,36,12,9,9,9,Bcell
C-910,all,31,20,1182,5386,18,88608,0,0,0,0,0,C,15,Sox9+/Id2+ epithelial cell,42,21,2,2,2_1,Capillary
C-911,all,17,14,1428,4806,17,60145,0,0,0,0,0,C,8,Capillary 1 cell,33,14,2,2,2_1,Capillary
C-914,all,8,8,1105,4824,36,32085,0,0,0,0,0,C,2,Alveolar macrophage,22,10,7,7,7_3,Tcell (CD8)
C-916,all,46,23,1686,4201,14,67166,0,0,0,0,0,C,12,Pericyte,46,23,5,5,5_1,Pericyte
C-917,all,15,3,1200,4196,8,13813,0,0,0,0,0,C,13,Sox9+/Id2+ epithelial cell,40,3,1,1,1_1,AT2
C-919,all,69,41,663,5062,33,105866,0,0,0,0,0,C,9,B cell,56,41,6,6,6,AT1
C-920,all,45,25,367,3925,19,33772,0,0,0,0,0,C,14,Alveolar fibroblast 1,47,26,2,2,2_2,InflamMac
C-922,all,74,31,870,3914,11,70142,0,0,0,0,0,C,15,Alveolar type 1 cell,53,31,6,6,6,AT1
C-923,all,34,20,1069,4415,11,66927,0,0,0,0,0,C,4,Alveolar type 1 cell,42,20,5,5,5_3,Pericyte
C-924,all,15,11,388,3874,5,13690,0,0,0,0,0,C,2,Alveolar type 1 cell,31,11,6,6,6,AT1
C-928,all,31,18,1139,4348,17,45341,0,0,0,0,0,C,3,Sox9+/Id2+ epithelial cell,42,19,2,2,2_2,InflamMac
C-929,all,107,14,925,4283,25,88857,0,0,0,0,0,C,91,Alveolar type 2 cell,49,8,1,1,1_3,AT2
C-930,all,50,27,890,5038,11,86290,0,0,0,0,0,C,26,Inflammatory monocyte,50,27,5,5,5_1,Pericyte
C-932,all,38,26,861,5319,12,64468,0,0,0,0,0,C,4,Endothelial progenitor cell,42,26,2,2,2_6,pDC
C-933,all,50,26,1494,4854,16,96469,0,0,0,0,0,C,7,Endothelial progenitor cell,50,26,8,8,8_1,AlveolarMac
C-935,all,25,12,594,5226,14,42409,0,0,0,0,0,C,3,Venous endothelial cell,42,12,2,2,2_3,Vein
C-936,all,62,13,1192,4140,8,36909,0,0,0,0,0,C,48,Alveolar type 2 cell,50,13,1,1,1_1,AT2
C-937,all,8,6,1190,4235,5,14431,0,0,0,0,0,C,3,Capillary 1 cell,25,8,2,2,2_3,Vein
C-938,all,33,25,240,3942,34,72211,0,0,0,0,0,C,4,B cell,41,26,2,2,2_1,Capillary
C-939,all,118,15,1626,4307,16,109940,0,0,0,0,0,C,101,Alveolar type 2 cell,49,10,1,1,1_3,AT2
C-943,all,12,6,326,3983,8,15363,0,0,0,0,0,C,7,Sox9+/Id2+ epithelial cell,38,6,1,1,1_1,AT2
C-947,all,9,8,373,5628,32,31106,0,0,0,0,0,C,3,Sox9+/Id2+ epithelial cell,26,9,5,5,5_1,Pericyte
C-949,all,34,22,990,4241,27,75799,0,0,0,0,0,C,2,Alveolar fibroblast 1,42,22,7,7,7_3,Tcell (CD8)
C-951,all,50,28,906,5475,34,50268,0,0,0,0,0,C,2,Natural killer cell,51,29,2,2,2_2,InflamMac
C-953,all,9,6,1733,5538,33,71530,0,0,0,0,0,C,4,CD8+ T cell,29,6,6,6,6,AT1
C-959,all,36,21,1503,4974,30,81385,0,0,0,0,0,C,8,Pericyte,42,21,5,5,5_3,Pericyte
C-968,all,20,15,1562,5045,12,39148,0,0,0,0,0,C,3,B cell,40,15,9,9,9,Bcell
C-970,all,33,24,752,5257,13,72275,0,0,0,0,0,C,6,Pericyte,39,24,5,5,5_3,Pericyte
C-971,all,47,12,1376,5474,28,68166,0,0,0,0,0,C,34,Alveolar type 2 cell,48,12,1,1,1_3,AT2
C-972,all,62,27,816,4085,23,82035,0,0,0,0,0,C,13,Arterial endothelial cell,55,28,2,2,2_1,Capillary
C-974,all,103,29,1668,4176,34,60171,0,0,0,0,0,C,9,Arterial endothelial cell,57,25,6,6,6,AT1
C-977,all,83,47,1042,5411,20,122545,0,0,0,0,0,C,3,Lymphatic endothelial cell,60,47,2,2,2_6,pDC
C-981,all,52,18,1250,4919,24,96291,0,0,0,0,0,C,7,Alveolar type 1 cell,50,18,6,6,6,AT1
C-985,all,22,6,339,3953,8,23470,0,0,0,0,0,C,17,Sox9+/Id2+ epithelial cell,43,6,1,1,1_3,AT2
C-986,all,15,10,1679,5366,24,106368,0,0,0,0,0,C,2,Neutrophil,31,10,8,8,8_2,InterstitialMac
C-987,all,35,21,1082,4363,12,63435,0,0,0,0,0,C,7,Capillary 2 cell,40,21,2,2,2_6,pDC
C-989,all,34,13,317,5623,22,86214,0,0,0,0,0,C,18,Alveolar type 2 cell,44,13,1,1,1_1,AT2
C-993,all,22,16,1670,5025,20,78895,0,0,0,0,0,C,4,Alveolar macrophage,41,16,8,8,8_3,InterstitialMac
C-999,all,61,31,830,5133,11,105106,0,0,0,0,0,C,8,Capillary 2 cell,54,31,2,2,2_1,Capillary
C-1000,all,11,10,941,4078,7,19105,0,0,0,0,0,C,3,Inflammatory monocyte,30,11,2,2,2_5,DC
C-1002,all,41,27,998,5404,25,40837,0,0,0,0,0,C,4,Capillary 1 cell,42,27,2,2,2_1,Capillary
C-1003,all,23,17,909,4956,8,31658,0,0,0,0,0,C,2,Inflammatory monocyte,43,18,2,2,2_2,InflamMac
C-1006,all,43,24,6,5262,21,38591,0,0,0,0,0,C,8,Alveolar fibroblast 1,48,25,3,3,3_1,SMC
C-1008,all,18,13,1271,5019,9,46299,0,0,0,0,0,C,3,Capillary 1 cell,42,14,2,2,2_1,Capillary
C-1009,all,27,10,1895,4304,35,24205,0,0,0,0,0,C,18,Alveolar type 2 cell,46,10,1,1,1_1,AT2
C-1010,all,51,24,146,5534,18,96289,0,0,0,0,0,C,2,Capillary 1 cell,51,25,1,1,1_6_2,Neutrophil
C-1011,all,15,12,8,4184,20,76847,0,0,0,0,0,C,2,Alveolar fibroblast 1,30,12,1,1,1_5_2,AlveolarFib
C-1015,all,42,12,1220,5396,32,47598,0,0,0,0,0,C,30,Sox9+/Id2+ epithelial cell,46,12,1,1,1_3,AT2
C-1019,all,64,21,1029,4905,25,84861,0,0,0,0,0,C,43,Alveolar type 2 cell,53,21,1,1,1_1,AT2
C-1020,all,74,39,426,4610,18,63749,0,0,0,0,0,C,4,Capillary 1 cell,57,39,2,2,2_3,Vein
C-1022,all,36,26,117,3957,22,79493,0,0,0,0,0,C,4,Capillary 2 cell,40,26,2,2,2_6,pDC
C-1023,all,20,15,318,3900,10,31334,0,0,0,0,0,C,9,CD8+ T cell,42,16,2,2,2_2,InflamMac
C-1026,all,37,21,1251,5446,28,66813,0,0,0,0,0,C,8,Alveolar macrophage,43,21,6,6,6,AT1
C-1029,all,35,21,1343,4945,22,61079,0,0,0,0,0,C,5,Pericyte,42,21,5,5,5_1,Pericyte
C-1030,all,97,44,579,4734,23,112562,0,0,0,0,0,C,13,Inflammatory monocyte,61,40,7,7,7_3,Tcell (CD8)
C-1033,all,78,32,322,5383,24,93437,0,0,0,0,0,C,40,Alveolar type 2 cell,56,33,3,3,3_1,SMC
C-1038,all,35,8,956,5603,27,31953,0,0,0,0,0,C,28,Sox9+/Id2+ epithelial cell,44,9,3,3,3_5,SMC
C-1042,all,30,21,1452,5496,33,53373,0,0,0,0,0,C,5,Alveolar fibroblast 1,41,22,1,1,1_4_1,AlveolarFib
C-1047,all,66,25,590,5527,33,70159,0,0,0,0,0,C,22,Alveolar type 2 cell,54,26,2,2,2_2,InflamMac
C-1049,all,10,4,1222,4192,4,6729,0,0,0,0,0,C,8,Sox9+/Id2+ epithelial cell,32,4,3,3,3_4,AdventitialFib
C-1050,all,34,16,301,4729,19,47547,0,0,0,0,0,C,3,Alveolar type 1 cell,44,16,6,6,6,AT1
C-1056,all,55,32,385,5517,21,94529,0,0,0,0,0,C,5,Capillary 2 cell,53,32,5,5,5_3,Pericyte
C-1057,all,51,29,355,3890,21,40815,0,0,0,0,0,C,10,Sox9+/Id2+ epithelial cell,51,29,1,1,1_5_2,AlveolarFib
C-1058,all,7,5,724,5116,39,26913,0,0,0,0,0,C,2,B cell,22,8,9,9,9,Bcell
C-1059,all,160,44,674,5628,22,110067,0,0,0,0,0,C,21,Alveolar type 1 cell,51,23,6,6,6,AT1
C-1062,all,37,26,547,5542,24,73790,0,0,0,0,0,C,7,Capillary 1 cell,41,26,1,1,1_3,AT2
C-1063,all,11,9,1136,4803,35,46013,0,0,0,0,0,C,3,Arterial endothelial cell,30,9,7,7,7_2,PatrolMac
C-1073,all,65,30,452,4048,17,75638,0,0,0,0,0,C,11,Sox9+/Id2+ epithelial cell,56,30,2,2,2_3,Vein
C-1074,all,9,4,789,4063,39,13559,0,0,0,0,0,C,6,Sox9+/Id2+ epithelial cell,34,5,1,1,1_1,AT2
C-1077,all,17,14,1260,4752,28,70462,0,0,0,0,0,C,4,AT1/AT2,32,14,8,8,8_2,InterstitialMac
C-1078,all,20,15,1262,4862,38,35138,0,0,0,0,0,C,4,Interstitial macrophage,40,15,8,8,8_3,InterstitialMac
C-1079,all,21,15,851,5532,35,74453,0,0,0,0,0,C,3,B cell,42,15,9,9,9,Bcell
C-1081,all,43,26,1173,4906,29,91202,0,0,0,0,0,C,3,Neutrophil,47,27,2,2,2_2,InflamMac
C-1084,all,127,25,930,5003,12,99420,0,0,0,0,0,C,99,Alveolar type 2 cell,45,10,1,1,1_3,AT2
C-1085,all,19,17,827,5598,29,56125,0,0,0,0,0,C,4,Inflammatory monocyte,44,19,2,2,2_5,DC
C-1088,all,58,32,944,4236,22,81006,0,0,0,0,0,C,8,Inflammatory monocyte,55,34,2,2,2_5,DC
C-1091,all,70,16,1569,4479,19,71181,0,0,0,0,0,C,46,Alveolar type 2 cell,51,16,1,1,1_1,AT2
C-1093,all,42,14,1630,5183,25,57777,0,0,0,0,0,C,28,Alveolar type 2 cell,45,14,1,1,1_3,AT2
C-1095,all,15,10,955,4161,15,31387,0,0,0,0,0,C,3,Pericyte,31,10,5,5,5_1,Pericyte
C-1097,all,18,14,1371,4658,18,38865,0,0,0,0,0,C,6,Sox9+/Id2+ epithelial cell,38,14,1,1,1_3,AT2
C-1099,all,49,32,1388,4579,35,89646,0,0,0,0,0,C,6,Pericyte,49,32,5,5,5_1,Pericyte
C-1100,all,72,39,579,4781,34,80013,0,0,0,0,0,C,7,Natural killer cell,58,41,2,2,2_5,DC
C-1102,all,29,16,1774,4303,18,39922,0,0,0,0,0,C,6,Capillary 1 cell,40,16,2,2,2_1,Capillary
C-1105,all,89,36,1539,4185,23,91645,0,0,0,0,0,C,28,Capillary 1 cell,61,35,2,2,2_1,Capillary
C-1106,all,30,14,1657,5160,25,40454,0,0,0,0,0,C,17,AT1/AT2,40,16,2,2,2_5,DC
C-1107,all,54,24,400,5404,16,84462,0,0,0,0,0,C,14,Sox9+/Id2+ epithelial cell,53,25,2,2,2_2,InflamMac
C-1109,all,41,30,198,4578,28,46163,0,0,0,0,0,C,4,Secondary crest myofibroblast,44,31,3,3,3_5,SMC
C-1113,all,37,12,1364,4710,25,48137,0,0,0,0,0,C,27,Alveolar type 2 cell,43,12,1,1,1_3,AT2
C-1119,all,49,31,37,4427,36,54781,0,0,0,0,0,C,5,Alveolar fibroblast 1,50,32,3,3,3_1,SMC
C-1120,all,6,4,1703,5486,37,52771,0,0,0,0,0,C,3,Inflammatory monocyte,23,7,2,2,2_5,DC
C-1124,all,35,16,792,4118,36,32268,0,0,0,0,0,C,14,AT1/AT2,44,16,6,6,6,AT1
C-1126,all,41,23,284,4677,30,47210,51,0,51,0,1,C,22,Alveolar type 2 cell,43,23,1,1,1_3,AT2
C-1131,all,35,18,996,5611,35,34284,0,0,0,0,0,C,14,Pericyte,41,18,5,5,5_1,Pericyte
C-1135,all,10,9,1005,5544,31,16801,0,0,0,0,0,C,5,Inflammatory monocyte,31,10,2,2,2_2,InflamMac
C-1139,all,23,11,1831,4896,23,39691,0,0,0,0,0,C,12,Alveolar type 2 cell,44,11,1,1,1_3,AT2
C-1140,all,55,11,1047,4873,20,43474,0,0,0,0,0,C,42,Alveolar type 2 cell,51,11,1,1,1_1,AT2
C-1145,all,19,9,816,4052,15,16306,0,0,0,0,0,C,3,Alveolar fibroblast 1,40,9,1,1,1_5_2,AlveolarFib
C-1146,all,28,16,1135,4310,17,53130,0,0,0,0,0,C,6,Alveolar type 1 cell,44,16,6,6,6,AT1
C-1147,all,46,23,1369,5505,33,75304,0,0,0,0,0,C,23,Alveolar type 2 cell,47,23,1,1,1_3,AT2
C-1151,all,13,10,4,4415,27,27533,0,0,0,0,0,C,4,Alveolar type 2 cell,31,10,1,1,1_3,AT2
C-1152,all,14,10,1803,4320,15,20445,0,0,0,0,0,C,2,Secondary crest myofibroblast,33,11,3,3,3_5,SMC
C-1157,all,57,26,1205,7196,16,72951,0,0,0,0,0,C,6,Alveolar fibroblast 1,53,26,1,1,1_5_2,AlveolarFib
C-1158,all,67,19,358,5727,18,60500,0,0,0,0,0,C,47,Alveolar type 2 cell,54,19,1,1,1_3,AT2
C-1159,all,20,14,1462,5834,26,68380,0,0,0,0,0,C,5,B cell,40,14,9,9,9,Bcell
C-1162,all,103,55,220,5922,12,56468,0,0,0,0,0,C,19,Alveolar type 2 cell,60,42,2,2,2_2,InflamMac
C-1164,all,18,14,904,6628,21,30709,0,0,0,0,0,C,6,Alveolar macrophage,36,14,1,1,1_2_3,Tcell (CD4)
C-1165,all,23,14,1532,6231,8,29187,0,0,0,0,0,C,5,Capillary 2 cell,43,14,5,5,5_3,Pericyte
C-1166,all,9,7,1339,6866,35,31447,0,0,0,0,0,C,3,Alveolar fibroblast 1,27,8,5,5,5_1,Pericyte
C-1167,all,34,21,1467,7253,13,55557,0,0,0,0,0,C,5,B cell,41,21,9,9,9,Bcell
C-1168,all,98,25,1899,6287,33,89723,0,0,0,0,0,C,68,Alveolar type 2 cell,57,23,1,1,1_1,AT2
C-1169,all,106,37,1241,7339,33,66587,0,0,0,0,0,C,5,Alveolar type 1 cell,58,30,6,6,6,AT1
C-1171,all,49,29,1498,5940,18,62965,0,0,0,0,0,C,11,Alveolar fibroblast 1,49,29,1,1,1_5_2,AlveolarFib
C-1172,all,79,25,1258,6176,12,52937,0,0,0,0,0,C,57,Alveolar type 2 cell,56,25,1,1,1_1,AT2
C-1173,all,24,15,746,6006,19,71951,0,0,0,0,0,C,4,B cell,42,15,9,9,9,Bcell
C-1174,all,33,21,852,6128,21,83285,0,0,0,0,0,C,3,B cell,41,21,1,1,1_2_1,Tcell (CD4)
C-1175,all,137,59,216,5751,16,129197,50,0,50,0,1,C,15,Venous endothelial cell,49,33,2,2,2_3,Vein
C-1176,all,80,16,716,5691,20,47674,0,0,0,0,0,C,71,Capillary 1 cell,54,16,1,1,1_1,AT2
C-1181,all,104,7,680,5700,21,61400,0,0,0,0,0,C,99,Alveolar type 2 cell,50,6,1,1,1_3,AT2
C-1183,all,41,25,885,6719,12,39026,0,0,0,0,0,C,7,Alveolar fibroblast 1,42,25,1,1,1_5_4,pDC
C-1184,all,19,14,992,7186,19,23211,0,0,0,0,0,C,4,Interstitial macrophage,35,14,8,8,8_2,InterstitialMac
C-1186,all,32,22,1901,6932,20,55498,0,0,0,0,0,C,2,Endothelial progenitor cell,39,22,1,1,1_3,AT2
C-1188,all,40,12,1084,6403,31,58861,0,0,0,0,0,C,5,Natural killer cell,44,12,7,7,7_4,PatrolMac
C-1189,all,37,22,1395,6906,18,64468,0,0,0,0,0,C,7,Neutrophil,43,22,5,5,5_1,Pericyte
C-1190,all,111,49,312,6083,20,101630,0,0,0,0,0,C,11,Inflammatory monocyte,47,27,8,8,8_2,InterstitialMac
C-1192,all,79,46,930,5935,21,82886,0,0,0,0,0,C,2,Arterial endothelial cell,60,47,2,2,2_4,Artery
C-1198,all,111,31,647,6024,20,90258,0,0,0,0,0,C,76,Alveolar type 2 cell,46,14,1,1,1_1,AT2
C-1200,all,23,17,1851,6362,32,56944,0,0,0,0,0,C,5,Pericyte,43,17,5,5,5_3,Pericyte
C-1201,all,76,22,1439,6185,27,83829,0,0,0,0,0,C,13,Alveolar type 1 cell,55,22,6,6,6,AT1
C-1203,all,84,17,1060,6863,18,56712,0,0,0,0,0,C,71,Alveolar type 2 cell,54,17,1,1,1_3,AT2
C-1204,all,25,19,711,6028,11,51915,0,0,0,0,0,C,5,Inflammatory monocyte,47,19,2,2,2_6,pDC
C-1205,all,63,39,914,6592,29,90403,0,0,0,0,0,C,7,Natural killer cell,58,39,3,3,3_4,AdventitialFib
C-1207,all,58,16,1582,6204,12,44440,0,0,0,0,0,C,37,Alveolar type 2 cell,52,16,1,1,1_3,AT2
C-1208,all,14,8,1927,7395,30,36027,0,0,0,0,0,C,3,Sox9+/Id2+ epithelial cell,33,8,5,5,5_1,Pericyte
C-1211,all,59,31,370,6187,21,50068,0,0,0,0,0,C,3,Alveolar fibroblast 1,57,32,1,1,1_4_1,AlveolarFib
C-1215,all,98,36,738,6464,15,78592,0,0,0,0,0,C,5,Alveolar type 1 cell,59,32,6,6,6,AT1
C-1218,all,44,22,976,6846,29,50016,0,0,0,0,0,C,7,Alveolar fibroblast 1,46,23,2,2,2_4,Artery
C-1219,all,45,32,1505,6195,15,79679,0,0,0,0,0,C,13,Pericyte,45,32,5,5,5_1,Pericyte
C-1220,all,45,27,1430,5870,34,57544,0,0,0,0,0,C,6,Alveolar fibroblast 1,46,27,1,1,1_5_1,LymphaticEndo
C-1222,all,26,18,1448,7350,16,30213,0,0,0,0,0,C,3,Pericyte,43,18,5,5,5_1,Pericyte
C-1223,all,54,29,724,6600,31,48964,0,0,0,0,0,C,4,CD8+ T cell,54,30,2,2,2_2,InflamMac
C-1225,all,46,27,1126,5841,20,85023,0,0,0,0,0,C,15,Alveolar type 2 cell,46,27,5,5,5_3,Pericyte
C-1227,all,10,8,1937,6988,14,35609,0,0,0,0,0,C,2,Neutrophil,27,9,1,1,1_4_1,AlveolarFib
C-1228,all,56,34,295,5737,29,66896,0,0,0,0,0,C,6,CD8+ T cell,55,34,8,8,8_1,AlveolarMac
C-1229,all,29,15,477,5958,16,29777,0,0,0,0,0,C,13,Sox9+/Id2+ epithelial cell,44,15,1,1,1_3,AT2
C-1230,all,39,24,1005,6406,26,90721,0,0,0,0,0,C,7,Alveolar macrophage,42,24,3,3,3_3,AdventitialFib
C-1232,all,18,6,1691,5726,11,14763,0,0,0,0,0,C,15,Sox9+/Id2+ epithelial cell,42,6,1,1,1_3,AT2
C-1234,all,22,14,1146,6946,10,29090,0,0,0,0,0,C,8,Alveolar type 2 cell,44,14,1,1,1_1,AT2
C-1237,all,27,17,702,6567,36,30599,0,0,0,0,0,C,11,CD8+ T cell,41,18,3,3,3_2,SMC
C-1238,all,61,31,1145,6081,14,71287,0,0,0,0,0,C,12,Capillary 1 cell,54,31,2,2,2_3,Vein
C-1239,all,36,29,1468,7207,28,57566,0,0,0,0,0,C,5,B cell,39,29,7,7,7_2,PatrolMac
C-1240,all,78,34,1142,6130,12,56314,60,0,60,0,1,C,22,Sox9+/Id2+ epithelial cell,54,34,6,6,6,AT1
C-1241,all,80,31,1396,6126,25,105088,0,0,0,0,0,C,39,Alveolar type 2 cell,59,33,2,2,2_5,DC
C-1242,all,32,16,1349,5930,13,27036,0,0,0,0,0,C,8,Alveolar type 1 cell,40,16,6,6,6,AT1
C-1243,all,46,29,1044,7157,17,44711,0,0,0,0,0,C,5,Inflammatory monocyte,46,29,8,8,8_3,InterstitialMac
C-1244,all,14,12,1186,7003,19,56350,0,0,0,0,0,C,3,CD8+ T cell,28,12,7,7,7_4,PatrolMac
C-1246,all,60,27,804,6508,25,52922,0,0,0,0,0,C,13,Alveolar macrophage,55,27,7,7,7_2,PatrolMac
C-1248,all,43,23,1165,7049,15,56845,0,0,0,0,0,C,7,Alveolar type 2 cell,46,24,2,2,2_2,InflamMac
C-1249,all,81,28,813,6477,28,81194,0,0,0,0,0,C,34,AT1/AT2,55,28,6,6,6,AT1
C-1253,all,32,24,543,5737,18,42029,0,0,0,0,0,C,4,Alveolar fibroblast 1,37,24,1,1,1_3,AT2
C-1255,all,19,12,1308,6600,31,35486,0,0,0,0,0,C,12,Alveolar type 2 cell,42,13,3,3,3_1,SMC
C-1256,all,73,29,608,6034,29,70700,0,0,0,0,0,C,26,Sox9+/Id2+ epithelial cell,51,30,2,2,2_2,InflamMac
C-1257,all,41,27,211,6250,13,33131,0,0,0,0,0,C,8,Alveolar macrophage,43,27,3,3,3_6,SCMF
C-1261,all,39,10,836,6056,18,54918,0,0,0,0,0,C,19,Natural killer cell,46,10,7,7,7_2,PatrolMac
C-1262,all,21,3,1703,5756,8,19209,0,0,0,0,0,C,20,Sox9+/Id2+ epithelial cell,44,3,1,1,1_1,AT2
C-1264,all,109,45,505,6068,20,84984,0,0,0,0,0,C,16,Alveolar fibroblast 1,56,33,1,1,1_4_1,AlveolarFib
C-1266,all,21,12,1135,7041,31,48738,0,0,0,0,0,C,7,Alveolar type 2 cell,40,12,7,7,7_2,PatrolMac
C-1267,all,38,23,1001,6831,23,43080,0,0,0,0,0,C,4,Alveolar fibroblast 1,44,23,1,1,1_5_2,AlveolarFib
C-1268,all,25,15,1126,6849,23,64905,0,0,0,0,0,C,12,CD4+ T cell,45,15,9,9,9,Bcell
C-1269,all,38,21,904,6095,18,143725,0,0,0,0,0,C,5,Alveolar macrophage,42,21,8,8,8_1,AlveolarMac
C-1270,all,45,17,1225,6208,13,40546,0,0,0,0,0,C,13,Alveolar type 1 cell,46,17,6,6,6,AT1
C-1271,all,18,11,1670,6112,21,21341,0,0,0,0,0,C,2,Natural killer cell,36,11,2,2,2_2,InflamMac
C-1272,all,24,16,1237,6705,33,50308,0,0,0,0,0,C,4,Alveolar fibroblast 1,45,17,3,3,3_1,SMC
C-1274,all,75,37,1295,6285,29,67961,0,0,0,0,0,C,16,AT1/AT2,57,37,6,6,6,AT1
C-1275,all,75,35,129,5896,25,63347,0,0,0,0,0,C,5,B cell,58,35,9,9,9,Bcell
C-1277,all,77,31,454,5880,26,37291,0,0,0,0,0,C,10,Alveolar type 1 cell,57,31,6,6,6,AT1
C-1278,all,13,10,459,6180,9,20624,0,0,0,0,0,C,3,Alveolar fibroblast 1,31,10,3,3,3_3,AdventitialFib
C-1279,all,125,32,200,5891,26,75848,0,0,0,0,0,C,78,Sox9+/Id2+ epithelial cell,48,18,1,1,1_1,AT2
C-1280,all,12,8,489,5664,31,25312,0,0,0,0,0,C,2,Capillary 1 cell,32,8,2,2,2_3,Vein
C-1283,all,55,30,897,6351,33,60180,0,0,0,0,0,C,18,Capillary 1 cell,54,30,2,2,2_1,Capillary
C-1285,all,43,26,906,6693,23,49408,0,0,0,0,0,C,5,Secondary crest myofibroblast,43,26,5,5,5_3,Pericyte
C-1286,all,23,15,1139,6810,12,84520,0,0,0,0,0,C,2,CD8+ T cell,43,16,2,2,2_2,InflamMac
C-1288,all,134,44,824,6624,18,92173,0,0,0,0,0,C,8,Alveolar type 1 cell,44,19,6,6,6,AT1
C-1289,all,88,20,997,5736,28,59819,0,0,0,0,0,C,58,Alveolar type 2 cell,53,18,1,1,1_1,AT2
C-1290,all,54,31,76,5776,10,81082,0,0,0,0,0,C,4,Capillary 1 cell,53,31,2,2,2_3,Vein
C-1292,all,24,14,1832,7487,20,38550,0,0,0,0,0,C,4,Proliferative mesenchymal progenitor cell,44,15,3,3,3_1,SMC
C-1293,all,42,26,1224,6142,11,36032,0,0,0,0,0,C,9,Interstitial macrophage,42,26,8,8,8_3,InterstitialMac
C-1294,all,11,8,1932,7212,4,17622,0,0,0,0,0,C,6,Endothelial progenitor cell,25,8,3,3,3_6,SCMF
C-1297,all,52,27,1722,6490,19,46887,0,0,0,0,0,C,5,Neutrophil,53,28,1,1,1_4_1,AlveolarFib
C-1298,all,48,25,688,6512,19,51844,0,0,0,0,0,C,8,B cell,51,27,2,2,2_5,DC
C-1302,all,35,22,391,5677,35,58300,0,0,0,0,0,C,5,Capillary 1 cell,43,22,2,2,2_3,Vein
C-1303,all,101,27,976,6136,24,86316,0,0,0,0,0,C,18,Alveolar type 1 cell,56,24,6,6,6,AT1
C-1304,all,65,31,1021,6790,11,59530,0,0,0,0,0,C,9,Alveolar type 1 cell,54,31,6,6,6,AT1
C-1305,all,104,50,862,7124,20,109643,0,0,0,0,0,C,14,Innate lymphoid cell,56,37,3,3,3_3,AdventitialFib
C-1307,all,29,16,1821,6354,26,39557,0,0,0,0,0,C,4,Alveolar fibroblast 1,39,16,1,1,1_3,AT2
C-1308,all,56,33,1037,6060,14,87441,0,0,0,0,0,C,5,Capillary 1 cell,54,33,2,2,2_3,Vein
C-1309,all,77,23,1624,6182,15,60845,0,0,0,0,0,C,45,AT1/AT2,54,23,6,6,6,AT1
C-1310,all,30,22,812,5881,16,44776,0,0,0,0,0,C,6,Sox9+/Id2+ epithelial cell,41,22,2,2,2_1,Capillary
C-1312,all,12,12,672,6546,38,43492,0,0,0,0,0,C,3,Innate lymphoid cell,32,14,2,2,2_5,DC
C-1313,all,46,16,1585,6022,8,30512,0,0,0,0,0,C,8,Neutrophil,47,16,6,6,6,AT1
C-1316,all,49,32,291,5689,18,62425,0,0,0,0,0,C,7,Venous endothelial cell,49,32,2,2,2_3,Vein
C-1317,all,21,12,1755,5907,32,43115,0,0,0,0,0,C,2,Ciliated cell,42,13,2,2,2_2,InflamMac
C-1319,all,26,16,1868,7035,14,35473,0,0,0,0,0,C,2,Inflammatory monocyte,44,16,7,7,7_2,PatrolMac
C-1320,all,93,49,1413,5948,20,96473,0,0,0,0,0,C,12,Capillary 1 cell,68,49,8,8,8_2,InterstitialMac
C-1322,all,117,47,204,6028,13,80337,0,0,0,0,0,C,3,Alveolar type 1 cell,48,26,6,6,6,AT1
C-1324,all,77,26,1152,7104,18,79343,0,0,0,0,0,C,5,Alveolar type 1 cell,54,26,6,6,6,AT1
C-1325,all,81,40,923,5893,18,98560,0,0,0,0,0,C,7,Capillary 2 cell,60,41,2,2,2_2,InflamMac
C-1326,all,78,38,997,6649,21,73055,0,0,0,0,0,C,6,Alveolar fibroblast 1,56,38,5,5,5_3,Pericyte
C-1327,all,74,32,492,6135,25,68711,0,0,0,0,0,C,24,Alveolar type 2 cell,53,32,1,1,1_3,AT2
C-1328,all,84,26,1301,6255,14,52479,0,0,0,0,0,C,13,Alveolar type 1 cell,56,26,6,6,6,AT1
C-1329,all,68,21,1553,7173,11,85237,0,0,0,0,0,C,41,Alveolar type 2 cell,55,21,1,1,1_3,AT2
C-1330,all,12,9,1752,5991,22,26342,0,0,0,0,0,C,3,Capillary 1 cell,35,9,2,2,2_1,Capillary
C-1331,all,33,25,1127,6268,13,51080,0,0,0,0,0,C,2,Neutrophil,40,26,2,2,2_2,InflamMac
C-1332,all,22,13,512,5752,11,24067,0,0,0,0,0,C,4,B cell,38,13,2,2,2_6,pDC
C-1333,all,9,5,744,6942,37,32258,0,0,0,0,0,C,2,Alveolar fibroblast 1,27,6,8,8,8_2,InterstitialMac
C-1334,all,113,50,796,5791,22,128323,0,0,0,0,0,C,13,Alveolar fibroblast 1,47,34,1,1,1_5_1,LymphaticEndo
C-1336,all,40,26,666,5762,14,63519,0,0,0,0,0,C,10,Capillary 1 cell,41,26,2,2,2_3,Vein
C-1338,all,137,59,865,6233,14,105848,0,0,0,0,0,C,18,Alveolar type 1 cell,47,34,6,6,6,AT1
C-1340,all,37,24,766,5867,24,92719,0,0,0,0,0,C,4,Sox9+/Id2+ epithelial cell,39,24,8,8,8_1,AlveolarMac
C-1341,all,13,10,1315,5806,36,38731,0,0,0,0,0,C,3,Alveolar fibroblast 1,36,10,2,2,2_6,pDC
C-1342,all,28,18,1039,6163,14,79154,0,0,0,0,0,C,3,Neutrophil,40,18,6,6,6,AT1
C-1343,all,93,44,847,5674,12,79812,0,0,0,0,0,C,5,Capillary 1 cell,63,44,1,1,1_6_2,Neutrophil
C-1344,all,60,31,1196,5925,26,100331,0,0,0,0,0,C,7,Pericyte,57,31,5,5,5_1,Pericyte
C-1345,all,21,12,1224,6504,10,27397,0,0,0,0,0,C,7,Alveolar type 1 cell,44,12,6,6,6,AT1
C-1346,all,73,45,810,6076,26,101661,0,0,0,0,0,C,11,Natural killer cell,55,45,7,7,7_2,PatrolMac
C-1347,all,68,32,1173,6200,21,81477,0,0,0,0,0,C,19,B cell,54,32,9,9,9,Bcell
C-1348,all,55,30,695,6443,18,49203,0,0,0,0,0,C,4,Alveolar type 1 cell,54,30,2,2,2_6,pDC
C-1349,all,9,3,1733,5771,15,45271,0,0,0,0,0,C,6,Sox9+/Id2+ epithelial cell,37,3,1,1,1_1,AT2
C-1350,all,86,37,179,5856,15,75128,0,0,0,0,0,C,12,Sox9+/Id2+ epithelial cell,54,36,2,2,2_1,Capillary
C-1351,all,18,7,720,6067,5,23308,0,0,0,0,0,C,10,Sox9+/Id2+ epithelial cell,41,7,1,1,1_1,AT2
C-1352,all,41,26,1192,5797,25,74245,0,0,0,0,0,C,8,Endothelial progenitor cell,42,26,2,2,2_3,Vein
C-1355,all,50,28,1022,6854,17,54602,0,0,0,0,0,C,17,Innate lymphoid cell,52,29,3,3,3_1,SMC
C-1357,all,41,26,1031,6897,34,61298,0,0,0,0,0,C,7,Sox9+/Id2+ epithelial cell,44,27,3,3,3_5,SMC
C-1358,all,103,40,893,5810,25,85561,0,0,0,0,0,C,14,Alveolar type 1 cell,57,30,6,6,6,AT1
C-1359,all,31,20,1172,6620,25,79247,0,0,0,0,0,C,4,B cell,41,20,9,9,9,Bcell
C-1361,all,69,29,135,6249,13,47039,0,0,0,0,0,C,5,Alveolar fibroblast 2,55,29,3,3,3_3,AdventitialFib
C-1362,all,16,8,1062,6827,14,23401,0,0,0,0,0,C,10,B cell,39,9,3,3,3_5,SMC
C-1363,all,49,31,361,5766,34,72178,0,0,0,0,0,C,12,Pericyte,49,31,5,5,5_1,Pericyte
C-1365,all,43,31,1626,6007,25,90214,0,0,0,0,0,C,2,Proliferative mesenchymal progenitor cell,44,32,3,3,3_1,SMC
C-1366,all,33,22,1198,7295,34,60088,0,0,0,0,0,C,2,Alveolar type 1 cell,41,22,6,6,6,AT1
C-1368,all,127,43,934,6734,20,128005,0,0,0,0,0,C,63,Alveolar type 2 cell,47,26,1,1,1_3,AT2
C-1369,all,46,24,1887,6978,22,122293,0,0,0,0,0,C,11,Alveolar fibroblast 1,46,24,8,8,8_3,InterstitialMac
C-1371,all,25,18,1742,5969,27,35338,0,0,0,0,0,C,4,Sox9+/Id2+ epithelial cell,46,18,1,1,1_3,AT2
C-1377,all,88,29,468,5989,16,87005,0,0,0,0,0,C,41,AT1/AT2,56,28,1,1,1_3,AT2
C-1379,all,59,29,1123,6373,30,66319,0,0,0,0,0,C,19,Alveolar type 2 cell,55,29,1,1,1_3,AT2
C-1380,all,67,41,1682,6160,16,85153,0,0,0,0,0,C,6,CD8+ T cell,56,42,2,2,2_2,InflamMac
C-1381,all,43,24,1574,7462,29,83566,0,0,0,0,0,C,2,Mesothelial cell,44,24,3,3,3_3,AdventitialFib
C-1383,all,18,10,1139,6987,19,30448,0,0,0,0,0,C,8,Alveolar type 2 cell,39,10,1,1,1_1,AT2
C-1384,all,34,8,958,6311,12,38950,0,0,0,0,0,C,28,Alveolar type 2 cell,44,8,1,1,1_3,AT2
C-1385,all,21,13,767,6889,35,31914,0,0,0,0,0,C,2,B cell,37,13,9,9,9,Bcell
C-1386,all,73,32,858,6278,30,38984,0,0,0,0,0,C,9,Alveolar type 1 cell,55,32,6,6,6,AT1
C-1387,all,35,26,1482,7353,16,23850,0,0,0,0,0,C,6,Sox9+/Id2+ epithelial cell,42,26,8,8,8_2,InterstitialMac
C-1388,all,39,23,622,5929,23,32600,0,0,0,0,0,C,3,Venous endothelial cell,44,23,2,2,2_3,Vein
C-1389,all,140,50,684,6400,25,90321,0,0,0,0,0,C,21,Arterial endothelial cell,48,27,2,2,2_2,InflamMac
C-1390,all,99,44,526,5887,15,77210,54,0,54,0,1,C,9,Inflammatory monocyte,59,39,3,3,3_5,SMC
C-1392,all,22,17,1716,6033,13,63789,0,0,0,0,0,C,8,Alveolar type 2 cell,37,18,3,3,3_1,SMC
C-1393,all,50,18,1294,6579,18,39496,0,0,0,0,0,C,32,Sox9+/Id2+ epithelial cell,49,18,1,1,1_1,AT2
C-1394,all,103,44,894,6293,26,89596,0,0,0,0,0,C,14,Pericyte,57,34,6,6,6,AT1
C-1395,all,34,24,513,6374,24,23522,0,0,0,0,0,C,3,Sox9+/Id2+ epithelial cell,40,25,1,1,1_4_1,AlveolarFib
C-1398,all,47,29,1835,6193,27,71170,0,0,0,0,0,C,5,Interstitial macrophage,47,29,8,8,8_2,InterstitialMac
C-1404,all,12,9,1929,6952,13,36788,0,0,0,0,0,C,5,Alveolar fibroblast 1,27,10,3,3,3_1,SMC
C-1405,all,23,15,884,6552,25,35673,0,0,0,0,0,C,5,Inflammatory monocyte,42,17,2,2,2_5,DC
C-1406,all,119,37,770,6553,15,66652,0,0,0,0,0,C,66,Alveolar type 2 cell,47,23,1,1,1_1,AT2
C-1408,all,33,14,1904,7032,25,84703,0,0,0,0,0,C,20,Alveolar type 1 cell,43,15,2,2,2_2,InflamMac
C-1409,all,43,23,1308,6937,28,74782,0,0,0,0,0,C,9,Alveolar type 1 cell,44,23,6,6,6,AT1
C-1410,all,97,41,1222,5862,21,84278,0,0,0,0,0,C,33,Alveolar type 2 cell,58,37,2,2,2_2,InflamMac
C-1413,all,118,22,1171,6517,31,88360,0,0,0,0,0,C,94,Alveolar type 2 cell,46,9,1,1,1_3,AT2
C-1414,all,44,29,1182,6156,13,53664,0,0,0,0,0,C,10,Alveolar fibroblast 1,44,29,1,1,1_5_1,LymphaticEndo
C-1418,all,64,26,1101,6893,13,64434,0,0,0,0,0,C,25,Alveolar type 2 cell,55,26,2,2,2_6,pDC
C-1419,all,41,24,1041,6714,33,66264,0,0,0,0,0,C,7,Alveolar type 1 cell,44,25,3,3,3_5,SMC
C-1422,all,37,23,1061,6275,33,57597,0,0,0,0,0,C,6,Alveolar type 2 cell,42,24,2,2,2_2,InflamMac
C-1423,all,26,14,1073,6982,37,41570,0,0,0,0,0,C,10,Alveolar type 2 cell,45,14,1,1,1_3,AT2
C-1424,all,53,32,564,6372,25,49151,0,0,0,0,0,C,7,Alveolar fibroblast 1,54,33,3,3,3_1,SMC
C-1426,all,18,7,1339,5900,19,21181,0,0,0,0,0,C,2,Alveolar type 1 cell,41,7,6,6,6,AT1
C-1428,all,60,34,1104,5720,11,70675,0,0,0,0,0,C,10,Capillary 1 cell,58,36,2,2,2_5,DC
C-1429,all,23,14,594,6728,4,10104,0,0,0,0,0,C,3,Sox9+/Id2+ epithelial cell,39,14,3,3,3_6,SCMF
C-1431,all,66,23,428,5861,27,46130,0,0,0,0,0,C,6,Alveolar type 1 cell,55,23,6,6,6,AT1
C-1432,all,7,5,1176,6238,29,9733,0,0,0,0,0,C,3,Mesothelial cell,28,7,6,6,6,AT1
C-1433,all,54,25,1655,6211,15,44029,0,0,0,0,0,C,14,Alveolar type 1 cell,52,25,6,6,6,AT1
C-1435,all,73,34,399,5908,14,79502,0,0,0,0,0,C,11,Sox9+/Id2+ epithelial cell,53,34,6,6,6,AT1
C-1436,all,40,18,1139,6303,27,43493,0,0,0,0,0,C,22,Sox9+/Id2+ epithelial cell,43,18,5,5,5_1,Pericyte
C-1438,all,92,38,1165,6714,30,96605,0,0,0,0,0,C,9,Arterial endothelial cell,61,38,2,2,2_4,Artery
C-1439,all,62,35,1176,6007,33,90650,0,0,0,0,0,C,9,Alveolar type 1 cell,54,35,6,6,6,AT1
C-1443,all,63,29,1115,6994,26,65169,0,0,0,0,0,C,17,Alveolar type 2 cell,56,30,3,3,3_5,SMC
C-1445,all,44,17,1317,5917,15,27524,0,0,0,0,0,C,6,Alveolar type 1 cell,46,17,6,6,6,AT1
C-1447,all,21,7,426,6183,17,18328,56,0,56,0,1,C,11,Alveolar type 2 cell,41,7,1,1,1_1,AT2
C-1448,all,49,18,1493,6852,17,92154,0,0,0,0,0,C,36,Sox9+/Id2+ epithelial cell,48,18,1,1,1_3,AT2
C-1449,all,22,18,1807,6325,33,42814,0,0,0,0,0,C,3,Interstitial macrophage,41,18,8,8,8_2,InterstitialMac
C-1450,all,133,61,1368,6251,22,144893,0,0,0,0,0,C,12,AT1/AT2,41,25,6,6,6,AT1
C-1451,all,57,25,1298,5892,15,27867,0,0,0,0,0,C,13,Alveolar type 1 cell,52,25,6,6,6,AT1
C-1453,all,126,52,1243,7244,16,138378,0,0,0,0,0,C,4,Capillary 1 cell,45,27,2,2,2_3,Vein
C-1455,all,55,30,785,6521,19,50245,0,0,0,0,0,C,11,Inflammatory monocyte,52,30,7,7,7_2,PatrolMac
C-1457,all,57,25,1389,5729,26,80422,0,0,0,0,0,C,15,Alveolar type 1 cell,53,25,6,6,6,AT1
C-1458,all,15,8,1156,6984,12,22589,0,0,0,0,0,C,10,Alveolar fibroblast 1,35,8,1,1,1_1,AT2
C-1461,all,59,34,1469,5980,13,74333,0,0,0,0,0,C,7,Capillary 1 cell,54,34,2,2,2_3,Vein
C-1462,all,15,10,1891,6254,31,19825,0,0,0,0,0,C,12,Vascular smooth muscle cell,34,10,5,5,5_1,Pericyte
C-1464,all,33,25,585,6330,25,31295,0,0,0,0,0,C,5,Capillary 1 cell,40,25,8,8,8_2,InterstitialMac
C-1465,all,9,3,1509,7468,41,14465,0,0,0,0,0,C,7,Sox9+/Id2+ epithelial cell,35,4,1,1,1_1,AT2
C-1466,all,19,8,963,6712,29,47645,0,0,0,0,0,C,12,Alveolar type 2 cell,41,8,1,1,1_3,AT2
C-1468,all,33,18,1109,6221,11,58341,0,0,0,0,0,C,2,Alveolar type 1 cell,43,18,6,6,6,AT1
C-1469,all,42,27,1505,5993,12,36627,0,0,0,0,0,C,6,B cell,43,27,1,1,1_5_2,AlveolarFib
C-1475,all,12,5,0,5780,8,13038,0,0,0,0,0,C,3,Mesothelial cell,31,7,2,2,2_5,DC
C-1477,all,101,33,1130,6336,27,65602,0,0,0,0,0,C,75,Alveolar type 2 cell,54,23,1,1,1_1,AT2
C-1479,all,152,64,1868,6220,21,146498,0,0,0,0,0,C,38,Pericyte,45,29,6,6,6,AT1
C-1481,all,44,14,1678,6053,12,58850,0,0,0,0,0,C,32,Alveolar type 2 cell,46,14,1,1,1_3,AT2
C-1485,all,11,9,637,6419,31,21111,0,0,0,0,0,C,2,B cell,34,9,2,2,2_6,pDC
C-1486,all,68,25,1368,5789,19,78756,0,0,0,0,0,C,16,Alveolar type 1 cell,54,25,6,6,6,AT1
C-1490,all,18,12,731,5848,11,44750,0,0,0,0,0,C,4,Alveolar fibroblast 1,39,13,3,3,3_1,SMC
C-1492,all,68,29,1146,6166,14,32202,0,0,0,0,0,C,11,Alveolar type 1 cell,56,29,6,6,6,AT1
C-1493,all,6,3,1334,6590,25,13448,0,0,0,0,0,C,5,Sox9+/Id2+ epithelial cell,32,5,6,6,6,AT1
C-1494,all,44,28,1397,5839,33,55324,0,0,0,0,0,C,3,Alveolar fibroblast 1,45,29,3,3,3_1,SMC
C-1500,all,24,15,609,6424,30,36344,0,0,0,0,0,C,6,CD4+ T cell,42,15,7,7,7_2,PatrolMac
C-1501,all,43,17,1661,6142,17,19243,0,0,0,0,0,C,9,Alveolar type 1 cell,46,17,6,6,6,AT1
C-1507,all,7,4,574,6240,9,7754,50,0,50,0,1,C,2,Alveolar macrophage,29,6,1,1,1_2_3,Tcell (CD4)
C-1509,all,45,28,1211,5823,26,54440,0,0,0,0,0,C,6,Capillary 1 cell,45,28,2,2,2_3,Vein
C-1513,all,52,32,1018,7177,17,30878,0,0,0,0,0,C,10,Interstitial macrophage,52,32,8,8,8_3,InterstitialMac
C-1515,all,33,17,1624,6038,13,43653,0,0,0,0,0,C,6,Alveolar type 2 cell,44,18,2,2,2_2,InflamMac
C-1520,all,18,14,2117,1689,32,48589,0,0,0,0,0,C,3,Endothelial progenitor cell,38,14,2,2,2_6,pDC
C-1523,all,24,16,3725,762,20,37392,0,0,0,0,0,C,5,Capillary 1 cell,42,16,2,2,2_1,Capillary
C-1524,all,49,32,2738,799,26,80050,0,0,0,0,0,C,7,Alveolar type 1 cell,49,32,3,3,3_6,SCMF
C-1525,all,33,19,2565,1919,17,84073,0,0,0,0,0,C,6,Secondary crest myofibroblast,42,20,3,3,3_1,SMC
C-1526,all,23,16,3734,967,17,44063,0,0,0,0,0,C,2,Venous endothelial cell,40,16,6,6,6,AT1
C-1527,all,17,15,2365,1567,37,28315,0,0,0,0,0,C,5,Alveolar macrophage,32,15,8,8,8_1,AlveolarMac
C-1530,all,47,24,3505,1045,36,65266,0,0,0,0,0,C,4,CD4+ T cell,47,24,3,3,3_4,AdventitialFib
C-1531,all,24,15,2565,562,14,43742,0,0,0,0,0,C,4,Alveolar type 1 cell,44,15,6,6,6,AT1
C-1532,all,38,21,3184,541,31,66224,0,0,0,0,0,C,10,Alveolar type 2 cell,44,22,3,3,3_1,SMC
C-1535,all,39,23,2611,1374,16,90473,0,0,0,0,0,C,10,B cell,42,23,9,9,9,Bcell
C-1536,all,23,17,3257,1721,33,34544,0,0,0,0,0,C,4,Alveolar type 1 cell,38,16,2,2,2_1,Capillary
C-1541,all,33,10,3474,1603,38,42624,0,0,0,0,0,C,9,Alveolar type 1 cell,43,10,6,6,6,AT1
C-1542,all,16,10,2535,1488,35,66507,0,0,0,0,0,C,8,B cell,31,10,9,9,9,Bcell
C-1545,all,11,10,3718,1645,24,32739,0,0,0,0,0,C,2,Proliferative mesenchymal progenitor cell,29,10,5,5,5_1,Pericyte
C-1547,all,33,19,1960,154,34,63298,0,0,0,0,0,C,3,Alveolar type 1 cell,41,19,6,6,6,AT1
C-1548,all,33,18,3756,1528,14,68772,0,0,0,0,0,C,6,Pericyte,40,18,5,5,5_1,Pericyte
C-1550,all,98,37,3167,1186,21,126417,0,0,0,0,0,C,49,Alveolar type 2 cell,58,33,1,1,1_3,AT2
C-1554,all,29,18,2014,751,24,36425,0,0,0,0,0,C,3,Neutrophil,41,19,2,2,2_2,InflamMac
C-1555,all,28,15,3500,1233,26,80876,0,0,0,0,0,C,4,Endothelial progenitor cell,46,14,2,2,2_1,Capillary
C-1556,all,45,25,2410,1343,29,84725,0,0,0,0,0,C,10,Alveolar type 1 cell,46,25,6,6,6,AT1
C-1557,all,41,23,3066,772,30,84390,0,0,0,0,0,C,4,Capillary 1 cell,43,23,1,1,1_3,AT2
C-1560,all,59,34,2151,1709,19,101050,0,0,0,0,0,C,12,Alveolar fibroblast 1,54,34,1,1,1_5_1,LymphaticEndo
C-1561,all,24,19,3748,547,17,91861,433,0,433,0,1,C,3,Venous endothelial cell,45,19,3,3,3_4,AdventitialFib
C-1562,all,21,12,3198,1001,32,35212,0,0,0,0,0,C,5,Inflammatory monocyte,42,14,2,2,2_5,DC
C-1563,all,36,21,2873,1616,33,43160,0,0,0,0,0,C,12,Pericyte,40,21,5,5,5_1,Pericyte
C-1566,all,33,19,3234,1920,8,73892,54,0,54,0,1,C,2,CD4+ T cell,43,19,1,1,1_2_1,Tcell (CD4)
C-1569,all,30,18,2495,554,14,80750,168,0,168,0,1,C,7,CD8+ T cell,40,18,2,2,2_1,Capillary
C-1570,all,18,11,2808,1040,22,35612,0,0,0,0,0,C,5,Alveolar type 2 cell,39,11,1,1,1_1,AT2
C-1571,all,14,12,3657,1332,13,31677,0,0,0,0,0,C,3,Sox9+/Id2+ epithelial cell,35,12,2,2,2_1,Capillary
C-1572,all,15,13,2930,1235,14,57444,0,0,0,0,0,C,2,Venous endothelial cell,35,14,2,2,2_3,Vein
C-1573,all,7,6,2336,1586,7,16523,0,0,0,0,0,C,2,Alveolar fibroblast 1,25,8,1,1,1_5_1,LymphaticEndo
C-1575,all,49,30,2496,459,24,130213,0,0,0,0,0,C,19,Alveolar fibroblast 1,48,30,1,1,1_5_1,LymphaticEndo
C-1576,all,34,20,2785,1068,14,58926,0,0,0,0,0,C,3,Basophil,46,22,2,2,2_5,DC
C-1579,all,59,25,3671,1297,29,101203,0,0,0,0,0,C,34,Pericyte,54,25,5,5,5_1,Pericyte
C-1580,all,40,15,3695,567,33,50256,0,0,0,0,0,C,5,Alveolar fibroblast 1,46,17,2,2,2_4,Artery
C-1581,all,8,4,2229,259,34,22458,0,0,0,0,0,C,3,B cell,31,5,9,9,9,Bcell
C-1582,all,26,15,3477,1339,21,82979,0,0,0,0,0,C,3,Neutrophil,41,15,1,1,1_6_2,Neutrophil
C-1583,all,60,20,3569,1707,17,67708,0,0,0,0,0,C,12,Inflammatory monocyte,53,20,6,6,6,AT1
C-1584,all,9,5,1989,1245,38,14974,0,0,0,0,0,C,7,Alveolar macrophage,36,6,1,1,1_3,AT2
C-1585,all,8,8,3084,1222,29,48954,0,0,0,0,0,C,3,Alveolar fibroblast 1,23,9,2,2,2_2,InflamMac
C-1590,all,25,16,2231,1923,28,42500,0,0,0,0,0,C,9,Alveolar fibroblast 1,40,16,2,2,2_1,Capillary
C-1591,all,9,7,2522,1944,36,27248,0,0,0,0,0,C,4,Inflammatory monocyte,29,9,2,2,2_5,DC
C-1593,all,37,19,2086,1564,33,80608,0,0,0,0,0,C,4,Alveolar fibroblast 1,43,20,2,2,2_4,Artery
C-1594,all,26,16,2120,1055,29,65714,0,0,0,0,0,C,10,CD8+ T cell,45,17,2,2,2_1,Capillary
C-1598,all,23,18,2370,385,29,60501,0,0,0,0,0,C,5,Natural killer cell,44,19,2,2,2_2,InflamMac
C-1599,all,36,19,3696,1552,19,79963,0,0,0,0,0,C,4,Sox9+/Id2+ epithelial cell,40,19,2,2,2_1,Capillary
C-1602,all,45,22,2377,1410,24,73984,0,0,0,0,0,C,7,Alveolar type 1 cell,45,22,6,6,6,AT1
C-1604,all,14,7,2212,235,35,36912,0,0,0,0,0,C,3,Proliferative mesenchymal progenitor cell,36,8,3,3,3_1,SMC
C-1607,all,20,3,3471,1857,29,39685,0,0,0,0,0,C,19,Sox9+/Id2+ epithelial cell,43,3,1,1,1_1,AT2
C-1608,all,8,8,2183,836,18,44865,0,0,0,0,0,C,2,Endothelial progenitor cell,29,10,2,2,2_1,Capillary
C-1609,all,68,38,3463,1428,20,143424,108,0,108,0,1,C,4,CD8+ T cell,58,37,2,2,2_1,Capillary
C-1610,all,12,8,2085,1716,29,46288,0,0,0,0,0,C,7,Pericyte,29,8,5,5,5_1,Pericyte
C-1611,all,7,5,2963,1354,16,34054,0,0,0,0,0,C,5,Pericyte,23,7,5,5,5_1,Pericyte
C-1612,all,32,24,3289,1565,18,81443,0,0,0,0,0,C,2,Inflammatory monocyte,38,24,7,7,7_2,PatrolMac
C-1613,all,86,33,2446,1347,29,66842,0,0,0,0,0,C,14,AT1/AT2,60,33,6,6,6,AT1
C-1616,all,10,9,3739,693,24,61797,0,0,0,0,0,C,2,Sox9+/Id2+ epithelial cell,25,10,1,1,1_6_2,Neutrophil
C-1617,all,9,8,2270,864,38,29275,0,0,0,0,0,C,3,Sox9+/Id2+ epithelial cell,34,8,2,2,2_1,Capillary
C-1619,all,57,28,3045,876,33,91650,0,0,0,0,0,C,7,Endothelial progenitor cell,54,28,5,5,5_3,Pericyte
C-1621,all,20,13,3534,1947,30,61805,0,0,0,0,0,C,2,Alveolar fibroblast 1,40,14,1,1,1_4_1,AlveolarFib
C-1622,all,39,19,2326,159,36,52974,0,0,0,0,0,C,6,Alveolar type 1 cell,43,19,6,6,6,AT1
C-1623,all,47,28,3366,834,28,62086,0,0,0,0,0,C,6,Secondary crest myofibroblast,48,29,3,3,3_1,SMC
C-1627,all,58,28,3112,1857,16,108083,53,53,0,1,0,C,11,Alveolar macrophage,53,28,8,8,8_1,AlveolarMac
C-1628,all,27,18,2954,957,38,50921,0,0,0,0,0,C,6,CD8+ T cell,43,18,7,7,7_2,PatrolMac
C-1629,all,38,26,3262,1688,23,69056,0,0,0,0,0,C,8,Alveolar fibroblast 1,38,26,1,1,1_5_1,LymphaticEndo
C-1634,all,31,23,1968,1731,37,49347,0,0,0,0,0,C,8,Capillary 1 cell,40,25,2,2,2_5,DC
C-1635,all,39,25,2244,1219,32,90512,0,0,0,0,0,C,5,Alveolar fibroblast 1,43,26,3,3,3_1,SMC
C-1636,all,49,29,3215,1740,30,84634,0,0,0,0,0,C,7,Alveolar fibroblast 1,49,29,7,7,7_2,PatrolMac
C-1638,all,20,16,3477,1163,16,81224,0,0,0,0,0,C,2,Venous endothelial cell,40,16,2,2,2_3,Vein
C-1639,all,93,23,2835,981,30,84623,0,0,0,0,0,C,77,Alveolar type 2 cell,58,23,1,1,1_3,AT2
C-1640,all,17,14,2317,1189,11,47135,53,0,53,0,1,C,4,Pericyte,35,14,5,5,5_1,Pericyte
C-1642,all,28,8,3314,807,6,26272,0,0,0,0,0,C,22,Alveolar type 2 cell,44,8,1,1,1_3,AT2
C-1645,all,27,13,2321,50,28,80205,0,0,0,0,0,C,10,Alveolar fibroblast 1,41,15,2,2,2_4,Artery
C-1646,all,54,26,2325,1035,28,116992,0,0,0,0,0,C,2,Venous endothelial cell,51,26,2,2,2_3,Vein
C-1648,all,16,9,3714,1480,26,43591,0,0,0,0,0,C,2,Endothelial progenitor cell,35,9,2,2,2_1,Capillary
C-1651,all,18,12,2845,1242,8,27239,52,0,52,0,1,C,3,Capillary 1 cell,36,12,9,9,9,Bcell
C-1653,all,50,30,2913,1705,29,91146,0,0,0,0,0,C,7,CD8+ T cell,52,31,2,2,2_2,InflamMac
C-1656,all,31,12,2232,894,33,45071,0,0,0,0,0,C,17,Sox9+/Id2+ epithelial cell,44,12,1,1,1_1,AT2
C-1660,all,12,6,2943,1388,11,29655,52,0,52,0,1,C,6,Vascular smooth muscle cell,30,6,5,5,5_1,Pericyte
C-1662,all,115,36,2859,902,24,146030,0,0,0,0,0,C,20,Alveolar type 1 cell,45,18,6,6,6,AT1
C-1664,all,84,19,3436,1514,24,91859,0,0,0,0,0,C,66,Alveolar type 2 cell,53,19,1,1,1_3,AT2
C-1667,all,49,14,2423,1455,33,64320,0,0,0,0,0,C,15,Alveolar type 1 cell,49,14,6,6,6,AT1
C-1668,all,13,9,2088,905,5,13078,0,0,0,0,0,C,6,Sox9+/Id2+ epithelial cell,36,9,1,1,1_3,AT2
C-1674,all,26,15,3161,1410,35,49737,0,0,0,0,0,C,3,Alveolar fibroblast 1,44,16,1,1,1_4_1,AlveolarFib
C-1677,all,19,15,2922,1283,20,63680,0,0,0,0,0,C,5,Capillary 1 cell,40,16,3,3,3_1,SMC
C-1679,all,56,15,2038,1718,17,46758,0,0,0,0,0,C,43,Alveolar type 2 cell,51,15,1,1,1_1,AT2
C-1680,all,14,8,3530,440,30,34521,0,0,0,0,0,C,5,Sox9+/Id2+ epithelial cell,36,7,2,2,2_1,Capillary
C-1682,all,44,20,3240,715,33,80267,0,0,0,0,0,C,3,Endothelial progenitor cell,46,20,3,3,3_4,AdventitialFib
C-1686,all,16,14,3592,1747,16,47911,0,0,0,0,0,C,4,B cell,34,14,9,9,9,Bcell
C-1687,all,27,7,3733,1056,11,32126,0,0,0,0,0,C,22,Alveolar type 2 cell,44,7,1,1,1_3,AT2
C-1688,all,13,10,2654,1928,38,32226,0,0,0,0,0,C,5,Arterial endothelial cell,29,10,3,3,3_6,SCMF
C-1689,all,53,24,2140,805,16,93942,0,0,0,0,0,C,4,Natural killer cell,52,24,7,7,7_3,Tcell (CD8)
C-1690,all,10,8,2973,1403,38,34095,0,0,0,0,0,C,2,Endothelial progenitor cell,22,8,3,3,3_4,AdventitialFib
C-1695,all,24,16,2598,1638,33,55940,0,0,0,0,0,C,7,Arterial endothelial cell,39,18,2,2,2_4,Artery
C-1696,all,53,18,2205,869,22,95420,0,0,0,0,0,C,37,Sox9+/Id2+ epithelial cell,51,18,1,1,1_1,AT2
C-1697,all,32,15,3753,1414,7,32849,0,0,0,0,0,C,15,Alveolar type 1 cell,40,15,6,6,6,AT1
C-1698,all,29,22,2027,1587,37,59647,0,0,0,0,0,C,2,Venous endothelial cell,36,22,2,2,2_3,Vein
C-1699,all,8,7,2210,824,27,21335,0,0,0,0,0,C,2,Neutrophil,25,9,2,2,2_2,InflamMac
C-1700,all,21,11,3749,1638,19,37993,0,0,0,0,0,C,4,Vascular smooth muscle cell,42,12,2,2,2_4,Artery
C-1701,all,34,23,1990,1684,19,84796,0,0,0,0,0,C,12,Arterial endothelial cell,42,24,2,2,2_4,Artery
C-1702,all,28,14,2852,1023,28,61530,0,0,0,0,0,C,18,Alveolar type 2 cell,42,14,5,5,5_1,Pericyte
C-1704,all,18,16,2328,1549,29,29891,0,0,0,0,0,C,2,B cell,37,16,6,6,6,AT1
C-1706,all,46,25,2249,788,26,92710,0,0,0,0,0,C,9,Alveolar fibroblast 1,46,25,1,1,1_5_1,LymphaticEndo
C-1707,all,27,14,3750,1162,22,55184,0,0,0,0,0,C,3,B cell,40,14,9,9,9,Bcell
C-1710,all,17,9,2359,330,23,57850,0,0,0,0,0,C,11,Alveolar type 2 cell,41,10,2,2,2_2,InflamMac
C-1712,all,127,25,3155,814,34,82347,0,0,0,0,0,C,89,Alveolar type 2 cell,46,11,1,1,1_3,AT2
C-1715,all,81,17,2462,505,21,113029,0,0,0,0,0,C,57,Sox9+/Id2+ epithelial cell,52,17,1,1,1_1,AT2
C-1721,all,47,28,2080,1428,19,94013,0,0,0,0,0,C,3,Natural killer cell,47,28,7,7,7_3,Tcell (CD8)
C-1722,all,10,5,2393,328,37,20741,0,0,0,0,0,C,9,Alveolar fibroblast 1,36,6,3,3,3_1,SMC
C-1723,all,49,11,2381,71,17,58694,0,0,0,0,0,C,39,Alveolar type 2 cell,48,11,1,1,1_1,AT2
C-1726,all,20,8,2575,479,20,47135,0,0,0,0,0,C,15,Alveolar type 2 cell,42,9,2,2,2_2,InflamMac
C-1727,all,19,11,2918,1951,17,45136,0,0,0,0,0,C,4,Alveolar type 1 cell,39,11,6,6,6,AT1
C-1728,all,16,4,3044,1482,41,16520,0,0,0,0,0,C,13,Sox9+/Id2+ epithelial cell,39,4,1,1,1_1,AT2
C-1731,all,8,5,2359,1469,41,8640,0,0,0,0,0,C,3,Capillary 1 cell,29,6,5,5,5_1,Pericyte
C-1734,all,19,12,2938,1793,34,51169,0,0,0,0,0,C,7,Pericyte,39,12,5,5,5_1,Pericyte
C-1735,all,35,24,2860,1085,24,85635,0,0,0,0,0,C,8,Sox9+/Id2+ epithelial cell,39,24,5,5,5_1,Pericyte
C-1736,all,32,23,2232,8,22,78175,50,0,50,0,1,C,6,Pericyte,39,25,2,2,2_5,DC
C-1739,all,46,24,2028,1636,23,80743,0,0,0,0,0,C,10,Capillary 1 cell,46,24,2,2,2_3,Vein
C-1740,all,94,26,2232,1573,14,103427,0,0,0,0,0,C,23,Alveolar type 1 cell,55,25,6,6,6,AT1
C-1743,all,78,22,2092,1077,24,113928,0,0,0,0,0,C,48,Alveolar type 2 cell,56,23,3,3,3_1,SMC
C-1745,all,30,17,2674,560,27,98769,52,0,52,0,1,C,8,Alveolar fibroblast 1,41,17,1,1,1_5_1,LymphaticEndo
C-1746,all,33,22,2924,1562,33,78994,0,0,0,0,0,C,2,Alveolar fibroblast 1,42,22,2,2,2_3,Vein
C-1749,all,9,8,2005,1290,21,40277,0,0,0,0,0,C,3,Inflammatory monocyte,30,9,2,2,2_5,DC
C-1752,all,37,13,2160,1820,37,35026,0,0,0,0,0,C,4,Alveolar type 1 cell,44,13,6,6,6,AT1
C-1760,all,36,16,2093,1300,12,50993,0,0,0,0,0,C,7,Alveolar type 1 cell,44,16,6,6,6,AT1
C-1766,all,34,11,3214,1172,34,44655,0,0,0,0,0,C,26,Alveolar type 2 cell,44,11,1,1,1_3,AT2
C-1767,all,30,16,2986,1929,35,108126,0,0,0,0,0,C,3,Secondary crest myofibroblast,39,16,3,3,3_6,SCMF
C-1768,all,25,17,2605,1521,20,62754,120,0,120,0,1,C,5,CD4+ T cell,44,17,3,3,3_4,AdventitialFib
C-1769,all,60,30,2621,1302,28,95429,0,0,0,0,0,C,12,Sox9+/Id2+ epithelial cell,54,31,3,3,3_1,SMC
C-1770,all,19,12,2596,528,30,49372,0,0,0,0,0,C,2,Alveolar macrophage,41,13,3,3,3_1,SMC
C-1774,all,24,20,3581,1292,24,73503,0,0,0,0,0,C,4,Pericyte,41,20,5,5,5_1,Pericyte
C-1775,all,41,32,2005,785,31,54253,0,0,0,0,0,C,4,Alveolar type 1 cell,42,32,3,3,3_6,SCMF
C-1777,all,27,20,3213,575,19,57094,0,0,0,0,0,C,5,B cell,41,20,2,2,2_1,Capillary
C-1779,all,10,7,2736,757,33,15152,0,0,0,0,0,C,2,Natural killer cell,32,8,2,2,2_2,InflamMac
C-1781,all,108,19,3690,623,24,90098,0,0,0,0,0,C,87,Alveolar type 2 cell,48,9,1,1,1_3,AT2
C-1782,all,21,12,3238,1034,36,46772,0,0,0,0,0,C,9,Alveolar fibroblast 1,41,12,3,3,3_4,AdventitialFib
C-1783,all,69,28,2613,563,26,122079,0,0,0,0,0,C,11,Alveolar type 1 cell,56,28,6,6,6,AT1
C-1786,all,6,4,3145,882,37,16546,0,0,0,0,0,C,2,Proliferative mesenchymal progenitor cell,28,5,3,3,3_1,SMC
C-1788,all,13,8,2182,924,32,30740,0,0,0,0,0,C,5,Pericyte,30,8,5,5,5_1,Pericyte
C-1789,all,54,30,3682,1012,23,92979,0,0,0,0,0,C,9,Alveolar fibroblast 1,54,30,1,1,1_5_2,AlveolarFib
C-1791,all,41,25,2811,1626,22,98065,0,0,0,0,0,C,10,Pericyte,43,25,5,5,5_1,Pericyte
C-1792,all,45,26,3715,1391,17,75774,0,0,0,0,0,C,9,Alveolar type 1 cell,46,26,2,2,2_1,Capillary
C-1796,all,44,25,3250,572,13,51349,0,0,0,0,0,C,12,B cell,44,25,8,8,8_2,InterstitialMac
C-1800,all,41,27,2133,1334,10,89678,0,0,0,0,0,C,7,Ciliated cell,43,27,3,3,3_4,AdventitialFib
C-1802,all,58,15,3450,1034,17,111249,0,0,0,0,0,C,43,Alveolar type 2 cell,50,15,1,1,1_1,AT2
C-1806,all,17,11,2029,1244,27,38942,0,0,0,0,0,C,10,Sox9+/Id2+ epithelial cell,38,11,1,1,1_3,AT2
C-1807,all,21,10,2751,1197,21,35307,108,0,108,0,1,C,3,Alveolar type 1 cell,39,10,6,6,6,AT1
C-1808,all,83,41,3254,1610,25,109612,0,0,0,0,0,C,24,Pericyte,62,43,2,2,2_5,DC
C-1812,all,42,27,2552,433,21,85156,0,0,0,0,0,C,15,Secondary crest myofibroblast,44,28,3,3,3_5,SMC
C-1814,all,31,23,2582,445,22,63466,161,0,161,0,1,C,8,Proliferative mesenchymal progenitor cell,41,25,2,2,2_3,Vein
C-1815,all,8,6,2157,935,35,23284,0,0,0,0,0,C,4,Pericyte,23,7,5,5,5_1,Pericyte
C-1816,all,13,10,2055,1295,11,28137,0,0,0,0,0,C,4,Alveolar type 1 cell,36,10,6,6,6,AT1
C-1820,all,25,11,3746,1470,23,54097,0,0,0,0,0,C,6,Arterial endothelial cell,42,11,2,2,2_4,Artery
C-1821,all,14,9,2380,362,24,46149,0,0,0,0,0,C,6,Alveolar type 2 cell,38,10,2,2,2_2,InflamMac
C-1823,all,25,11,2331,102,37,36863,0,0,0,0,0,C,2,Sox9+/Id2+ epithelial cell,44,11,2,2,2_1,Capillary
C-1827,all,23,6,3241,1809,31,27190,0,0,0,0,0,C,21,Alveolar type 2 cell,44,6,1,1,1_3,AT2
C-1829,all,19,12,3649,638,5,29301,0,0,0,0,0,C,5,Arterial endothelial cell,43,13,2,2,2_4,Artery
C-1830,all,51,14,2650,1607,35,60606,0,0,0,0,0,C,37,Alveolar type 2 cell,49,14,1,1,1_3,AT2
C-1837,all,14,7,3514,412,18,26025,0,0,0,0,0,C,9,Alveolar type 2 cell,35,7,1,1,1_1,AT2
C-1838,all,13,8,3732,1614,33,23255,0,0,0,0,0,C,2,Alveolar type 1 cell,32,8,6,6,6,AT1
C-1840,all,12,7,3707,1032,34,16399,0,0,0,0,0,C,4,Capillary 1 cell,32,9,2,2,2_5,DC
C-1841,all,18,10,3044,1420,25,63666,0,0,0,0,0,C,3,B cell,34,10,3,3,3_4,AdventitialFib
C-1842,all,17,12,2059,1625,30,23631,0,0,0,0,0,C,5,Proliferative mesenchymal progenitor cell,39,13,3,3,3_1,SMC
C-1844,all,20,16,3619,1319,16,38026,0,0,0,0,0,C,7,Pericyte,41,16,5,5,5_1,Pericyte
C-1848,all,43,13,2349,59,25,62792,0,0,0,0,0,C,32,Alveolar fibroblast 1,46,13,1,1,1_3,AT2
C-1850,all,10,9,2362,1538,30,26253,0,0,0,0,0,C,2,Proliferative mesenchymal progenitor cell,25,9,2,2,2_6,pDC
C-1853,all,8,6,1826,1791,41,9663,0,0,0,0,0,C,2,Capillary 1 cell,29,8,2,2,2_1,Capillary
C-1855,all,16,4,3199,1801,28,14841,0,0,0,0,0,C,15,Alveolar type 2 cell,39,4,1,1,1_1,AT2
C-1862,all,8,6,2751,3327,40,41144,0,0,0,0,0,C,2,Arterial endothelial cell,27,7,2,2,2_4,Artery
C-1863,all,75,38,2926,3521,31,80945,0,0,0,0,0,C,11,Endothelial progenitor cell,56,38,1,1,1_5_1,LymphaticEndo
C-1864,all,18,13,2451,3248,16,49733,0,0,0,0,0,C,2,Capillary 1 cell,37,14,2,2,2_2,InflamMac
C-1865,all,22,14,3017,2144,9,35343,0,0,0,0,0,C,10,Arterial endothelial cell,40,15,2,2,2_4,Artery
C-1867,all,20,10,2876,3445,32,58703,0,0,0,0,0,C,9,Pericyte,40,10,5,5,5_1,Pericyte
C-1872,all,56,29,2047,3232,31,96629,0,0,0,0,0,C,7,Alveolar macrophage,54,29,1,1,1_3,AT2
C-1873,all,26,13,2543,2840,12,44007,0,0,0,0,0,C,13,Alveolar type 2 cell,46,13,1,1,1_1,AT2
C-1875,all,38,21,2493,2597,24,75525,0,0,0,0,0,C,8,B cell,43,21,7,7,7_2,PatrolMac
C-1877,all,38,20,3333,2428,29,64097,0,0,0,0,0,C,3,Proliferative mesenchymal progenitor cell,43,20,7,7,7_2,PatrolMac
C-1878,all,24,12,2226,1981,11,50385,0,0,0,0,0,C,8,B cell,43,12,9,9,9,Bcell
C-1879,all,63,13,2877,2126,29,38176,0,0,0,0,0,C,53,Alveolar type 2 cell,51,13,1,1,1_3,AT2
C-1881,all,29,18,2686,2010,16,60321,51,0,51,0,1,C,6,Alveolar fibroblast 1,40,19,3,3,3_1,SMC
C-1882,all,95,40,2468,3713,27,84215,0,0,0,0,0,C,5,Innate lymphoid cell,64,39,2,2,2_2,InflamMac
C-1883,all,12,7,2103,1995,37,35264,0,0,0,0,0,C,2,Neutrophil,22,7,1,1,1_6_2,Neutrophil
C-1884,all,21,15,2228,2441,15,59104,0,0,0,0,0,C,10,Pericyte,39,15,5,5,5_1,Pericyte
C-1886,all,19,12,3221,2401,15,36234,0,0,0,0,0,C,6,Capillary 1 cell,39,13,2,2,2_1,Capillary
C-1889,all,19,15,2149,2001,36,46248,0,0,0,0,0,C,4,CD8+ T cell,35,15,7,7,7_4,PatrolMac
C-1890,all,47,24,2553,2176,16,81971,0,0,0,0,0,C,8,B cell,47,24,9,9,9,Bcell
C-1891,all,31,16,3375,2829,11,59490,0,0,0,0,0,C,5,B cell,39,16,9,9,9,Bcell
C-1894,all,24,12,2881,2036,32,38237,0,0,0,0,0,C,8,Sox9+/Id2+ epithelial cell,44,12,2,2,2_3,Vein
C-1895,all,158,25,2518,3625,16,90889,254664,229896,24768,0.902742437,0.097257563,C,80,Alveolar type 2 cell,52,11,1,1,1_1,AT2
C-1896,all,66,29,2640,3367,17,102241,55,0,55,0,1,C,13,Inflammatory monocyte,57,29,3,3,3_4,AdventitialFib
C-1897,all,38,21,2726,3077,29,102760,0,0,0,0,0,C,10,Endothelial progenitor cell,42,20,2,2,2_1,Capillary
C-1899,all,64,15,3153,2181,31,40297,0,0,0,0,0,C,49,Capillary 1 cell,52,15,2,2,2_1,Capillary
C-1902,all,47,28,3039,2815,27,91179,0,0,0,0,0,C,8,Capillary 1 cell,44,27,2,2,2_1,Capillary
C-1906,all,20,16,3321,2483,32,63924,0,0,0,0,0,C,6,Pericyte,39,16,5,5,5_1,Pericyte
C-1907,all,14,10,3063,2022,20,28943,0,0,0,0,0,C,2,Venous endothelial cell,32,10,2,2,2_3,Vein
C-1908,all,70,25,3515,3227,26,43415,0,0,0,0,0,C,33,Alveolar type 2 cell,53,25,1,1,1_1,AT2
C-1909,all,68,18,3217,3509,33,31437,67519,78586,5192,0.93802669,0.06197331,C,8,Alveolar type 2 cell,53,18,1,1,1_1,AT2
C-1910,all,45,33,3367,2874,13,68309,0,0,0,0,0,C,7,B cell,47,35,2,2,2_5,DC
C-1911,all,24,9,2515,1987,31,32131,0,0,0,0,0,C,9,Inflammatory monocyte,42,9,6,6,6,AT1
C-1912,all,24,19,2918,2065,35,68272,0,0,0,0,0,C,8,CD8+ T cell,45,19,2,2,2_6,pDC
C-1913,all,94,45,3232,3186,18,104693,0,0,0,0,0,C,26,B cell,62,44,2,2,2_1,Capillary
C-1914,all,19,13,2109,2486,9,80772,0,0,0,0,0,C,2,B cell,39,13,9,9,9,Bcell
C-1915,all,19,16,2493,2064,38,53844,0,0,0,0,0,C,8,Alveolar fibroblast 1,36,16,1,1,1_2_3,Tcell (CD4)
C-1916,all,50,25,2799,2253,24,93462,0,0,0,0,0,C,4,Sox9+/Id2+ epithelial cell,51,25,2,2,2_1,Capillary
C-1918,all,58,24,3491,3252,19,47759,0,0,0,0,0,C,31,Alveolar type 2 cell,53,24,1,1,1_1,AT2
C-1919,all,37,21,2788,2976,33,81047,0,0,0,0,0,C,10,Pericyte,41,21,5,5,5_1,Pericyte
C-1921,all,33,20,2012,2403,32,83021,0,0,0,0,0,C,6,Sox9+/Id2+ epithelial cell,42,19,2,2,2_1,Capillary
C-1922,all,23,14,2624,3059,18,60882,0,0,0,0,0,C,5,B cell,40,14,5,5,5_3,Pericyte
C-1923,all,34,14,2676,3191,21,41498,0,0,0,0,0,C,17,Alveolar type 2 cell,43,14,1,1,1_1,AT2
C-1925,all,23,18,3305,3490,29,49705,0,0,0,0,0,C,2,Sox9+/Id2+ epithelial cell,43,18,1,1,1_3,AT2
C-1926,all,290,33,3024,3398,21,117760,1274561,290104,984457,0.227610919,0.772389081,C,8,Pericyte,57,9,8,8,8_1,AlveolarMac
C-1929,all,16,12,2738,2499,36,20461,0,0,0,0,0,C,2,Alveolar type 1 cell,34,12,6,6,6,AT1
C-1932,all,49,22,3258,2794,13,55433,0,0,0,0,0,C,27,Pericyte,49,22,5,5,5_1,Pericyte
C-1933,all,67,34,2982,3370,34,69354,23052,0,23052,0,1,C,12,Pericyte,59,34,5,5,5_1,Pericyte
C-1934,all,38,22,3216,2802,19,56181,0,0,0,0,0,C,13,Pericyte,43,22,5,5,5_3,Pericyte
C-1935,all,20,14,3080,3057,12,35501,0,0,0,0,0,C,6,Secondary crest myofibroblast,37,15,3,3,3_1,SMC
C-1936,all,21,15,3576,3241,19,71629,0,0,0,0,0,C,3,Proliferative mesenchymal progenitor cell,44,16,3,3,3_1,SMC
C-1940,all,116,18,2800,2035,20,81329,862,862,0,1,0,C,96,Alveolar type 2 cell,47,9,1,1,1_1,AT2
C-1942,all,36,14,3762,2884,34,51923,0,0,0,0,0,C,24,Alveolar type 2 cell,43,14,1,1,1_1,AT2
C-1943,all,71,30,2632,3011,16,57101,0,0,0,0,0,C,10,Alveolar type 1 cell,55,30,6,6,6,AT1
C-1945,all,44,33,2314,2208,27,64074,0,0,0,0,0,C,10,Alveolar fibroblast 1,43,33,1,1,1_5_1,LymphaticEndo
C-1948,all,34,7,2595,2038,16,41330,0,0,0,0,0,C,28,Alveolar type 2 cell,46,7,1,1,1_3,AT2
C-1950,all,108,18,2686,2318,18,85438,0,0,0,0,0,C,92,Alveolar type 2 cell,54,15,1,1,1_1,AT2
C-1951,all,47,16,2556,2456,29,44829,0,0,0,0,0,C,35,Alveolar type 2 cell,48,16,1,1,1_3,AT2
C-1952,all,45,10,3737,3021,14,45585,0,0,0,0,0,C,31,Sox9+/Id2+ epithelial cell,47,10,2,2,2_6,pDC
C-1954,all,40,27,2971,2227,18,75944,0,0,0,0,0,C,6,Capillary 2 cell,42,27,2,2,2_1,Capillary
C-1956,all,20,15,3509,2868,26,50596,0,0,0,0,0,C,3,Capillary 1 cell,38,15,2,2,2_3,Vein
C-1957,all,12,10,3203,2440,16,36972,169,0,169,0,1,C,3,Venous endothelial cell,30,10,3,3,3_4,AdventitialFib
C-1958,all,28,22,2698,3395,22,82231,0,0,0,0,0,C,3,Capillary 1 cell,37,22,2,2,2_1,Capillary
C-1959,all,22,17,2957,2677,23,61794,110,110,0,1,0,C,8,Pericyte,38,17,5,5,5_3,Pericyte
C-1960,all,51,22,3271,3741,11,65689,0,0,0,0,0,C,13,Alveolar fibroblast 1,51,23,3,3,3_1,SMC
C-1961,all,16,10,2662,2433,27,38101,0,0,0,0,0,C,4,B cell,35,10,2,2,2_6,pDC
C-1962,all,67,31,2430,2892,19,74832,0,0,0,0,0,C,8,Capillary 2 cell,59,32,3,3,3_1,SMC
C-1966,all,54,24,2645,3176,21,75662,0,0,0,0,0,C,7,CD8+ T cell,53,24,7,7,7_2,PatrolMac
C-1967,all,12,6,2918,2902,12,20631,0,0,0,0,0,C,3,Sox9+/Id2+ epithelial cell,34,6,2,2,2_3,Vein
C-1969,all,69,36,3272,3468,28,93005,57,0,57,0,1,C,7,Alveolar type 2 cell,56,37,2,2,2_2,InflamMac
C-1970,all,46,20,2697,2821,21,83473,0,0,0,0,0,C,9,Inflammatory monocyte,46,20,2,2,2_1,Capillary
C-1971,all,42,25,2418,3363,14,73302,0,0,0,0,0,C,5,B cell,43,25,9,9,9,Bcell
C-1972,all,43,28,3193,3286,34,65383,0,0,0,0,0,C,11,Arterial endothelial cell,44,28,2,2,2_4,Artery
C-1974,all,63,31,3280,2341,14,78904,0,0,0,0,0,C,12,Alveolar fibroblast 1,54,30,2,2,2_1,Capillary
C-1977,all,65,25,3705,3134,13,66018,0,0,0,0,0,C,28,Alveolar type 2 cell,54,26,2,2,2_2,InflamMac
C-1979,all,54,26,2876,2784,18,54931,0,0,0,0,0,C,10,Alveolar fibroblast 1,53,26,6,6,6,AT1
C-1980,all,39,23,2561,3552,28,105460,0,0,0,0,0,C,6,Capillary 1 cell,43,23,2,2,2_1,Capillary
C-1981,all,77,34,3547,3014,19,97332,0,0,0,0,0,C,17,Alveolar macrophage,57,34,8,8,8_1,AlveolarMac
C-1982,all,32,22,3556,2770,13,63392,0,0,0,0,0,C,11,Alveolar macrophage,40,23,1,1,1_5_1,LymphaticEndo
C-1983,all,32,17,3163,3495,31,24714,1219,0,1219,0,1,C,6,Arterial endothelial cell,42,18,2,2,2_4,Artery
C-1987,all,75,39,1973,2150,27,128841,0,0,0,0,0,C,35,Pericyte,56,39,5,5,5_1,Pericyte
C-1988,all,25,19,2825,2822,25,25376,0,0,0,0,0,C,4,Pericyte,45,19,5,5,5_1,Pericyte
C-1989,all,25,12,3396,3640,7,17387,16010,0,11478,0,1,C,8,Innate lymphoid cell,44,13,2,2,2_2,InflamMac
C-1990,all,8,8,3006,2723,8,37968,0,0,0,0,0,C,2,Alveolar fibroblast 1,27,10,1,1,1_5_1,LymphaticEndo
C-1992,all,19,15,2691,2970,31,37889,0,0,0,0,0,C,2,Proliferative mesenchymal progenitor cell,37,16,3,3,3_1,SMC
C-1993,all,27,14,2313,3112,37,32369,0,0,0,0,0,C,14,Alveolar type 2 cell,44,14,2,2,2_6,pDC
C-1995,all,63,31,3127,2239,28,87182,0,0,0,0,0,C,26,Alveolar type 2 cell,55,31,2,2,2_4,Artery
C-1998,all,27,17,2205,2127,8,34476,0,0,0,0,0,C,11,Alveolar type 1 cell,42,17,6,6,6,AT1
C-2001,all,57,30,3179,3325,32,64014,0,0,0,0,0,C,10,Alveolar fibroblast 1,54,31,2,2,2_4,Artery
C-2002,all,8,6,2614,3329,6,16888,0,0,0,0,0,C,3,Proliferative mesenchymal progenitor cell,27,7,3,3,3_1,SMC
C-2006,all,22,14,3193,2734,11,32325,54,0,54,0,1,C,2,Inflammatory monocyte,38,14,7,7,7_2,PatrolMac
C-2007,all,19,5,3384,3247,8,21723,0,0,0,0,0,C,2,Alveolar type 1 cell,43,6,2,2,2_1,Capillary
C-2008,all,37,22,3139,3143,19,50521,0,0,0,0,0,C,4,Proliferative mesenchymal progenitor cell,42,22,7,7,7_2,PatrolMac
C-2012,all,45,25,3172,3656,31,60113,156,0,156,0,1,C,5,Alveolar fibroblast 1,45,25,2,2,2_4,Artery
C-2014,all,45,29,2904,3486,35,61560,0,0,0,0,0,C,8,Innate lymphoid cell,45,29,7,7,7_4,PatrolMac
C-2016,all,46,25,2848,2198,32,62919,0,0,0,0,0,C,11,Arterial endothelial cell,46,25,7,7,7_2,PatrolMac
C-2017,all,33,24,2313,3296,26,102549,0,0,0,0,0,C,7,B cell,41,24,9,9,9,Bcell
C-2019,all,15,10,3123,2488,6,24337,0,0,0,0,0,C,2,Capillary 2 cell,34,10,1,1,1_3,AT2
C-2021,all,34,24,3327,3170,7,65584,0,0,0,0,0,C,8,Arterial endothelial cell,41,24,2,2,2_4,Artery
C-2022,all,74,38,3177,3748,23,65673,629,54,629,0.079062958,0.920937042,C,10,Arterial endothelial cell,58,38,2,2,2_1,Capillary
C-2023,all,9,5,3098,2346,35,16457,0,0,0,0,0,C,2,Proliferative mesenchymal progenitor cell,33,6,3,3,3_1,SMC
C-2025,all,13,10,2227,2049,6,23737,0,0,0,0,0,C,3,B cell,28,10,9,9,9,Bcell
C-2026,all,102,47,2626,2508,25,132044,0,0,0,0,0,C,42,Arterial endothelial cell,60,43,9,9,9,Bcell
C-2027,all,47,23,3122,3192,23,67546,0,0,0,0,0,C,12,Sox9+/Id2+ epithelial cell,43,22,2,2,2_1,Capillary
C-2028,all,64,31,2640,3230,15,64028,113,0,113,0,1,C,23,B cell,56,32,2,2,2_1,Capillary
C-2029,all,97,29,2648,2867,18,95639,0,0,0,0,0,C,27,Alveolar fibroblast 1,62,29,1,1,1_5_2,AlveolarFib
C-2030,all,83,28,3117,2901,30,74731,0,0,0,0,0,C,24,Alveolar type 1 cell,59,28,6,6,6,AT1
C-2031,all,70,21,2363,2116,23,70622,0,0,0,0,0,C,49,Innate lymphoid cell,55,21,7,7,7_2,PatrolMac
C-2032,all,134,28,3234,3393,21,86922,0,0,0,0,0,C,97,Alveolar type 2 cell,47,13,1,1,1_1,AT2
C-2033,all,35,16,2575,3460,16,90143,0,0,0,0,0,C,4,Capillary 1 cell,40,15,2,2,2_1,Capillary
C-2034,all,146,23,2014,2167,27,90492,0,0,0,0,0,C,133,Alveolar type 2 cell,49,9,1,1,1_3,AT2
C-2037,all,40,23,2744,2936,16,78492,0,0,0,0,0,C,4,Capillary 2 cell,42,22,2,2,2_1,Capillary
C-2038,all,87,31,3423,3157,17,79912,0,0,0,0,0,C,26,Neutrophil,57,31,2,2,2_6,pDC
C-2039,all,24,18,2921,2997,9,25732,0,0,0,0,0,C,14,Alveolar type 2 cell,42,18,2,2,2_3,Vein
C-2041,all,39,23,3030,2052,12,71187,0,0,0,0,0,C,14,Alveolar fibroblast 1,43,23,2,2,2_3,Vein
C-2043,all,89,21,3488,2947,28,85263,0,0,0,0,0,C,61,Alveolar type 2 cell,53,21,1,1,1_1,AT2
C-2044,all,43,25,2184,3085,20,92205,105,0,105,0,1,C,12,Capillary 1 cell,46,26,3,3,3_1,SMC
C-2046,all,41,16,2450,1999,35,49649,0,0,0,0,0,C,9,Alveolar type 1 cell,44,17,3,3,3_1,SMC
C-2047,all,32,22,3533,2842,23,52924,0,0,0,0,0,C,2,Capillary 1 cell,39,22,2,2,2_1,Capillary
C-2048,all,50,34,2330,3554,21,118269,0,0,0,0,0,C,13,B cell,50,34,9,9,9,Bcell
C-2049,all,13,6,2997,3178,32,28809,0,0,0,0,0,C,11,Alveolar type 2 cell,36,6,2,2,2_6,pDC
C-2054,all,152,44,2804,3466,20,99302,154311,111959,4512,0.961260743,0.038739257,C,31,Capillary 1 cell,48,17,2,2,2_3,Vein
C-2057,all,11,8,2682,2348,37,15476,0,0,0,0,0,C,4,Endothelial progenitor cell,26,9,1,1,1_6_2,Neutrophil
C-2059,all,9,7,2432,2737,17,34155,0,0,0,0,0,C,3,Sox9+/Id2+ epithelial cell,30,8,2,2,2_1,Capillary
C-2060,all,51,24,2921,2690,34,35514,0,0,0,0,0,C,28,Sox9+/Id2+ epithelial cell,51,25,3,3,3_1,SMC
C-2061,all,25,13,2447,2846,15,72474,0,0,0,0,0,C,9,Sox9+/Id2+ epithelial cell,45,13,1,1,1_1,AT2
C-2062,all,21,16,2839,2998,36,36294,104,0,104,0,1,C,3,Capillary 1 cell,37,16,2,2,2_3,Vein
C-2063,all,20,13,2843,2798,29,35697,0,0,0,0,0,C,5,Pericyte,40,13,5,5,5_1,Pericyte
C-2064,all,62,19,2799,2508,30,46694,0,0,0,0,0,C,37,B cell,53,19,9,9,9,Bcell
C-2065,all,43,22,1959,2324,13,84065,0,0,0,0,0,C,6,B cell,45,22,5,5,5_3,Pericyte
C-2066,all,25,8,2425,2821,11,25998,0,0,0,0,0,C,16,Alveolar type 2 cell,46,8,1,1,1_1,AT2
C-2067,all,44,11,2388,2099,26,28841,0,0,0,0,0,C,33,Alveolar type 2 cell,47,11,1,1,1_3,AT2
C-2069,all,27,15,2699,2426,15,62264,0,0,0,0,0,C,5,Venous endothelial cell,42,15,1,1,1_3,AT2
C-2070,all,26,14,2582,2278,34,52177,0,0,0,0,0,C,13,Alveolar type 2 cell,47,14,1,1,1_1,AT2
C-2072,all,44,25,2857,2650,27,65395,0,0,0,0,0,C,9,Capillary 1 cell,43,24,2,2,2_1,Capillary
C-2073,all,52,32,2617,2277,20,73628,0,0,0,0,0,C,9,Innate lymphoid cell,52,32,5,5,5_3,Pericyte
C-2074,all,7,6,2385,2752,13,29507,0,0,0,0,0,C,5,Natural killer cell,28,7,3,3,3_1,SMC
C-2075,all,66,24,2837,2093,29,68549,0,0,0,0,0,C,32,Capillary 2 cell,55,25,2,2,2_3,Vein
C-2077,all,18,7,3016,3479,40,19095,7586,1716,5145,0.250109314,0.749890686,C,3,Alveolar fibroblast 1,39,8,1,1,1_4_3,AlveolarFib
C-2078,all,24,16,2253,3181,37,34607,0,0,0,0,0,C,2,Arterial endothelial cell,39,17,2,2,2_4,Artery
C-2080,all,63,16,3181,3692,28,35289,18206,0,18206,0,1,C,2,Alveolar fibroblast 1,55,17,1,1,1_4_1,AlveolarFib
C-2081,all,51,28,3430,2613,19,95890,0,0,0,0,0,C,16,Alveolar fibroblast 1,53,29,3,3,3_1,SMC
C-2082,all,33,14,2907,2807,16,33772,0,0,0,0,0,C,10,Alveolar type 1 cell,44,14,6,6,6,AT1
C-2085,all,43,27,2379,2005,25,88533,0,0,0,0,0,C,12,Pericyte,43,27,5,5,5_3,Pericyte
C-2086,all,38,18,3320,2554,31,72034,0,0,0,0,0,C,17,Alveolar fibroblast 1,43,19,3,3,3_1,SMC
C-2092,all,34,8,2119,2394,19,33571,0,0,0,0,0,C,28,Alveolar type 2 cell,45,8,1,1,1_1,AT2
C-2095,all,39,26,2391,2058,27,76628,0,0,0,0,0,C,7,Capillary 1 cell,40,25,2,2,2_1,Capillary
C-2096,all,80,27,2887,2914,28,59636,0,0,0,0,0,C,52,Alveolar type 2 cell,57,27,1,1,1_3,AT2
C-2098,all,16,11,2103,2047,32,44436,0,0,0,0,0,C,3,Sox9+/Id2+ epithelial cell,35,11,2,2,2_3,Vein
C-2099,all,57,10,2076,2413,24,62265,0,0,0,0,0,C,49,Alveolar type 2 cell,50,10,1,1,1_1,AT2
C-2100,all,8,5,2885,2159,30,15958,0,0,0,0,0,C,5,AT1/AT2,33,7,6,6,6,AT1
C-2101,all,20,16,3292,3630,8,27350,0,0,0,0,0,C,2,Proliferative mesenchymal progenitor cell,41,16,1,1,1_5_2,AlveolarFib
C-2102,all,22,14,2324,2178,8,28377,0,0,0,0,0,C,7,Alveolar fibroblast 1,37,14,1,1,1_5_1,LymphaticEndo
C-2104,all,11,8,2655,2990,10,11373,0,0,0,0,0,C,2,Endothelial progenitor cell,32,10,2,2,2_1,Capillary
C-2106,all,20,15,3249,2343,17,29887,0,0,0,0,0,C,5,Alveolar fibroblast 1,38,14,2,2,2_1,Capillary
C-2109,all,29,13,2315,3254,13,70531,0,0,0,0,0,C,7,Proliferative mesenchymal progenitor cell,42,13,5,5,5_3,Pericyte
C-2110,all,35,11,2254,1957,16,26184,0,0,0,0,0,C,23,Sox9+/Id2+ epithelial cell,44,11,3,3,3_4,AdventitialFib
C-2111,all,29,18,3133,3076,34,57796,0,0,0,0,0,C,4,Capillary 1 cell,41,19,2,2,2_3,Vein
C-2112,all,20,11,2323,2748,31,44876,0,0,0,0,0,C,2,Venous endothelial cell,41,11,1,1,1_5_2,AlveolarFib
C-2114,all,10,8,2608,2092,7,16674,0,0,0,0,0,C,2,Alveolar type 2 cell,32,9,2,2,2_2,InflamMac
C-2117,all,36,21,3680,3008,17,95603,0,0,0,0,0,C,13,Alveolar fibroblast 1,41,21,1,1,1_5_1,LymphaticEndo
C-2122,all,44,25,3215,2360,25,117421,0,0,0,0,0,C,21,Alveolar fibroblast 1,45,25,1,1,1_5_1,LymphaticEndo
C-2123,all,227,53,2428,3568,33,111789,255655,181662,73993,0.710574798,0.289425202,C,60,AT1/AT2,53,18,1,1,1_3,AT2
C-2124,all,10,8,2865,3066,34,24468,0,0,0,0,0,C,4,Megakaryocyte/Platelet,18,8,2,2,2_1,Capillary
C-2125,all,9,5,2823,3419,25,16784,0,0,0,0,0,C,6,Mesothelial cell,31,6,3,3,3_3,AdventitialFib
C-2126,all,16,10,2851,3036,35,42935,0,0,0,0,0,C,2,Venous endothelial cell,38,13,2,2,2_3,Vein
C-2127,all,50,29,3054,2546,28,82405,0,0,0,0,0,C,12,Capillary 1 cell,50,29,3,3,3_4,AdventitialFib
C-2128,all,33,14,2366,2664,11,35367,0,0,0,0,0,C,21,Sox9+/Id2+ epithelial cell,42,13,2,2,2_1,Capillary
C-2130,all,25,17,3552,2951,24,45606,0,0,0,0,0,C,12,Alveolar fibroblast 1,45,17,2,2,2_4,Artery
C-2131,all,15,9,3603,3152,16,56774,0,0,0,0,0,C,3,Innate lymphoid cell,34,10,1,1,1_4_1,AlveolarFib
C-2134,all,24,11,2141,2333,10,28213,0,0,0,0,0,C,4,Alveolar type 1 cell,44,11,8,8,8_3,InterstitialMac
C-2135,all,42,18,3470,3005,33,62130,0,0,0,0,0,C,10,Sox9+/Id2+ epithelial cell,43,17,2,2,2_1,Capillary
C-2137,all,56,30,3305,3418,30,90667,0,0,0,0,0,C,3,Capillary 1 cell,54,29,2,2,2_1,Capillary
C-2138,all,26,19,3722,2878,30,54416,0,0,0,0,0,C,9,Airway smooth muscle cell,42,20,3,3,3_1,SMC
C-2143,all,76,23,2851,2874,30,86095,0,0,0,0,0,C,16,B cell,54,23,9,9,9,Bcell
C-2144,all,27,18,3598,2788,8,42962,0,0,0,0,0,C,13,Vascular smooth muscle cell,36,19,3,3,3_1,SMC
C-2145,all,34,23,3685,2887,22,75029,0,0,0,0,0,C,12,Alveolar fibroblast 1,39,24,3,3,3_1,SMC
C-2147,all,63,38,3525,3174,31,76894,0,0,0,0,0,C,19,Pericyte,56,38,5,5,5_3,Pericyte
C-2149,all,49,32,2593,2213,21,35667,0,0,0,0,0,C,5,Inflammatory monocyte,54,34,2,2,2_5,DC
C-2150,all,23,15,3191,2829,25,32654,0,0,0,0,0,C,5,Alveolar fibroblast 1,42,16,1,1,1_5_1,LymphaticEndo
C-2153,all,18,14,3610,3060,25,38822,0,0,0,0,0,C,2,Alveolar type 1 cell,37,14,7,7,7_3,Tcell (CD8)
C-2154,all,154,28,3151,3706,21,63681,397479,524569,96053,0.845231075,0.154768925,C,10,Alveolar macrophage,55,11,8,8,8_1,AlveolarMac
C-2155,all,16,12,2449,2707,20,42709,0,0,0,0,0,C,3,Inflammatory monocyte,36,12,5,5,5_3,Pericyte
C-2156,all,11,6,3030,2646,10,24127,0,0,0,0,0,C,4,Proliferative mesenchymal progenitor cell,30,7,1,1,1_5_1,LymphaticEndo
C-2157,all,21,17,2517,3722,25,24218,0,0,0,0,0,C,7,Alveolar fibroblast 1,41,18,2,2,2_4,Artery
C-2158,all,24,15,2194,2194,15,24303,0,0,0,0,0,C,2,Alveolar type 1 cell,42,15,6,6,6,AT1
C-2159,all,64,27,2702,3137,24,51146,0,0,0,0,0,C,38,Sox9+/Id2+ epithelial cell,56,27,1,1,1_1,AT2
C-2161,all,10,4,2467,3221,29,21931,0,0,0,0,0,C,3,Venous endothelial cell,29,4,2,2,2_3,Vein
C-2162,all,34,24,3428,2938,26,67566,0,0,0,0,0,C,6,Alveolar fibroblast 1,42,24,3,3,3_4,AdventitialFib
C-2163,all,34,17,3052,2391,6,65500,0,0,0,0,0,C,3,Capillary 1 cell,41,16,2,2,2_1,Capillary
C-2165,all,23,10,3106,3224,20,42683,0,0,0,0,0,C,3,Capillary 1 cell,42,10,2,2,2_1,Capillary
C-2167,all,30,24,3162,2783,26,49674,0,0,0,0,0,C,3,Alveolar fibroblast 1,40,25,3,3,3_1,SMC
C-2168,all,43,19,3181,2402,17,63483,0,0,0,0,0,C,20,Sox9+/Id2+ epithelial cell,43,19,2,2,2_1,Capillary
C-2170,all,12,5,2224,2469,5,9892,0,0,0,0,0,C,9,Pericyte,33,5,5,5,5_1,Pericyte
C-2171,all,22,15,2459,3658,34,43887,0,0,0,0,0,C,3,Alveolar fibroblast 1,44,15,1,1,1_5_1,LymphaticEndo
C-2172,all,33,22,2073,2083,16,102368,0,0,0,0,0,C,5,Sox9+/Id2+ epithelial cell,43,23,2,2,2_2,InflamMac
C-2176,all,73,19,2448,2785,18,57082,0,0,0,0,0,C,49,Alveolar type 2 cell,53,19,1,1,1_3,AT2
C-2177,all,13,10,2403,2723,15,36772,0,0,0,0,0,C,2,Alveolar fibroblast 1,33,11,3,3,3_1,SMC
C-2180,all,14,11,3059,3173,37,18329,0,0,0,0,0,C,6,Alveolar type 2 cell,32,12,3,3,3_1,SMC
C-2181,all,39,22,3031,3182,23,62623,0,0,0,0,0,C,12,Pericyte,43,22,5,5,5_3,Pericyte
C-2182,all,39,26,2224,2396,22,83096,55,55,0,1,0,C,8,Natural killer cell,43,28,2,2,2_5,DC
C-2185,all,47,13,2414,2789,17,36436,0,0,0,0,0,C,35,Sox9+/Id2+ epithelial cell,48,13,1,1,1_1,AT2
C-2189,all,24,16,3325,3610,10,37059,5923,0,5923,0,1,C,8,Alveolar fibroblast 1,45,17,1,1,1_5_1,LymphaticEndo
C-2190,all,8,3,3338,2606,30,21275,0,0,0,0,0,C,5,Proliferative mesenchymal progenitor cell,23,5,3,3,3_1,SMC
C-2191,all,8,5,2714,2328,33,15530,0,0,0,0,0,C,5,Sox9+/Id2+ epithelial cell,31,7,8,8,8_2,InterstitialMac
C-2195,all,7,3,2918,3040,6,8786,0,0,0,0,0,C,6,Alveolar type 2 cell,32,5,1,1,1_1,AT2
C-2198,all,29,18,2364,3534,34,45161,0,0,0,0,0,C,3,Sox9+/Id2+ epithelial cell,36,18,3,3,3_4,AdventitialFib
C-2199,all,12,10,2282,2410,38,22882,0,0,0,0,0,C,2,Megakaryocyte/Platelet,30,11,1,1,1_6_2,Neutrophil
C-2200,all,6,6,2677,2377,13,17923,0,0,0,0,0,C,4,CD4+ T cell,21,9,3,3,3_4,AdventitialFib
C-2202,all,35,18,2691,3166,22,49886,0,0,0,0,0,C,15,Alveolar type 2 cell,43,20,2,2,2_5,DC
C-2203,all,23,13,3084,3460,9,27906,51,0,51,0,1,C,2,Capillary 1 cell,42,13,2,2,2_1,Capillary
C-2204,all,29,14,2347,2724,25,58785,0,0,0,0,0,C,7,Alveolar fibroblast 1,41,14,3,3,3_4,AdventitialFib
C-2209,all,14,9,2422,3635,33,28422,0,0,0,0,0,C,8,Pericyte,33,9,5,5,5_3,Pericyte
C-2211,all,16,7,3373,3609,7,16238,51,0,51,0,1,C,8,Alveolar type 2 cell,36,7,1,1,1_3,AT2
C-2213,all,14,10,2242,3133,30,38441,0,0,0,0,0,C,3,Natural killer cell,34,11,2,2,2_2,InflamMac
C-2214,all,42,15,2598,2008,11,30256,0,0,0,0,0,C,29,Alveolar type 2 cell,46,16,3,3,3_1,SMC
C-2218,all,144,23,3135,3731,14,59750,1092049,573441,295411,0.659998481,0.340001519,C,8,Alveolar macrophage,54,8,8,8,8_1,AlveolarMac
C-2220,all,53,22,3195,3487,31,36886,14155,1610,4708,0.254827477,0.745172523,C,16,Alveolar type 2 cell,51,22,2,2,2_4,Artery
C-2221,all,39,20,3716,3799,14,41500,0,0,0,0,0,C,13,Capillary 1 cell,43,20,8,8,8_2,InterstitialMac
C-2223,all,7,4,3092,2010,16,12424,0,0,0,0,0,C,3,Venous endothelial cell,28,5,2,2,2_3,Vein
C-2224,all,49,24,2184,2159,15,57508,0,0,0,0,0,C,12,Alveolar type 1 cell,49,24,6,6,6,AT1
C-2227,all,19,10,2371,2717,14,28320,0,0,0,0,0,C,5,Alveolar fibroblast 1,39,11,1,1,1_5_1,LymphaticEndo
C-2228,all,16,13,3564,3162,19,26671,0,0,0,0,0,C,5,Arterial endothelial cell,36,14,2,2,2_4,Artery
C-2229,all,33,14,3765,3002,17,36895,0,0,0,0,0,C,24,Alveolar type 2 cell,42,14,1,1,1_3,AT2
C-2235,all,27,15,3639,5164,32,71769,0,0,0,0,0,C,2,Capillary 1 cell,43,15,2,2,2_3,Vein
C-2236,all,67,21,2085,4664,38,35636,0,0,0,0,0,C,12,Arterial endothelial cell,55,21,6,6,6,AT1
C-2237,all,40,22,3246,4921,16,109205,0,0,0,0,0,C,2,Endothelial progenitor cell,43,22,2,2,2_1,Capillary
C-2238,all,11,10,3477,5016,37,16475,0,0,0,0,0,C,3,Sox9+/Id2+ epithelial cell,29,10,8,8,8_2,InterstitialMac
C-2239,all,41,21,2589,5065,29,53489,0,0,0,0,0,C,9,Capillary 1 cell,43,21,2,2,2_3,Vein
C-2243,all,38,19,2906,4476,20,58182,0,0,0,0,0,C,10,Secondary crest myofibroblast,43,19,2,2,2_1,Capillary
C-2244,all,38,25,2475,4920,11,62444,0,0,0,0,0,C,7,CD8+ T cell,41,25,9,9,9,Bcell
C-2245,all,16,13,2810,5018,30,40751,0,0,0,0,0,C,3,Capillary 1 cell,36,13,2,2,2_1,Capillary
C-2246,all,22,12,3666,5539,13,62299,0,0,0,0,0,C,2,Inflammatory monocyte,36,12,7,7,7_2,PatrolMac
C-2248,all,49,20,3653,3977,36,35319,0,0,0,0,0,C,29,Alveolar type 2 cell,49,20,9,9,9,Bcell
C-2249,all,23,14,3585,4940,22,57357,0,0,0,0,0,C,5,Endothelial progenitor cell,40,15,2,2,2_1,Capillary
C-2250,all,83,48,2234,4087,19,83040,0,0,0,0,0,C,27,Alveolar fibroblast 2,63,49,3,3,3_1,SMC
C-2251,all,85,22,2877,4452,21,52862,0,0,0,0,0,C,57,Alveolar type 2 cell,56,22,1,1,1_1,AT2
C-2252,all,22,15,2178,4023,27,48699,0,0,0,0,0,C,6,Capillary 1 cell,43,15,2,2,2_1,Capillary
C-2253,all,41,24,2809,4847,20,65646,0,0,0,0,0,C,9,Alveolar type 2 cell,43,23,2,2,2_1,Capillary
C-2255,all,13,11,2014,5558,37,44668,0,0,0,0,0,C,3,B cell,30,11,9,9,9,Bcell
C-2257,all,30,19,2362,5424,24,75708,0,0,0,0,0,C,6,Sox9+/Id2+ epithelial cell,39,19,8,8,8_1,AlveolarMac
C-2258,all,27,10,3525,4950,29,41162,0,0,0,0,0,C,2,Alveolar type 1 cell,45,10,6,6,6,AT1
C-2259,all,49,29,2182,4711,16,83646,0,0,0,0,0,C,7,Capillary 1 cell,47,28,2,2,2_1,Capillary
C-2260,all,45,27,2527,5639,27,87514,0,0,0,0,0,C,7,B cell,45,27,9,9,9,Bcell
C-2262,all,39,23,2217,4155,17,45737,0,0,0,0,0,C,6,Alveolar fibroblast 1,42,25,2,2,2_4,Artery
C-2263,all,27,9,2580,5464,6,11573,0,0,0,0,0,C,22,Alveolar type 2 cell,47,9,1,1,1_3,AT2
C-2265,all,34,22,3259,4351,19,65406,0,0,0,0,0,C,17,Pericyte,41,22,5,5,5_3,Pericyte
C-2267,all,35,18,3325,4312,12,43943,0,0,0,0,0,C,14,Venous endothelial cell,43,17,2,2,2_1,Capillary
C-2269,all,14,14,3450,5012,26,58901,0,0,0,0,0,C,2,Sox9+/Id2+ epithelial cell,28,14,8,8,8_2,InterstitialMac
C-2270,all,39,23,3326,4465,34,57863,0,0,0,0,0,C,10,Alveolar type 1 cell,41,23,2,2,2_1,Capillary
C-2271,all,54,25,2347,5385,13,95358,0,0,0,0,0,C,11,Capillary 2 cell,48,24,2,2,2_1,Capillary
C-2272,all,112,30,2000,4688,21,101565,0,0,0,0,0,C,82,Alveolar type 2 cell,45,12,1,1,1_3,AT2
C-2274,all,21,13,3630,4235,39,23679,0,0,0,0,0,C,2,Inflammatory monocyte,43,15,2,2,2_5,DC
C-2278,all,85,41,2824,4975,31,112983,0,0,0,0,0,C,18,Alveolar fibroblast 1,61,41,1,1,1_5_2,AlveolarFib
C-2279,all,45,11,2717,5123,41,31686,0,0,0,0,0,C,12,Alveolar type 1 cell,46,11,6,6,6,AT1
C-2281,all,22,13,2543,5389,15,49361,0,0,0,0,0,C,6,Capillary 1 cell,42,13,2,2,2_3,Vein
C-2283,all,64,25,2524,4918,12,43922,0,0,0,0,0,C,8,Alveolar type 1 cell,50,25,6,6,6,AT1
C-2284,all,22,16,3580,5062,32,61595,0,0,0,0,0,C,4,Pericyte,39,18,2,2,2_5,DC
C-2285,all,17,10,3406,4562,14,40401,0,0,0,0,0,C,2,Venous endothelial cell,35,10,2,2,2_3,Vein
C-2288,all,44,32,2360,5479,26,83914,0,0,0,0,0,C,5,Capillary 1 cell,48,32,2,2,2_1,Capillary
C-2289,all,48,28,2724,4999,16,76014,0,0,0,0,0,C,4,Capillary 1 cell,47,28,2,2,2_1,Capillary
C-2290,all,44,12,2435,5052,37,42934,0,0,0,0,0,C,33,AT1/AT2,46,12,1,1,1_1,AT2
C-2291,all,27,11,2932,5492,34,34367,0,0,0,0,0,C,20,Innate lymphoid cell,42,13,2,2,2_5,DC
C-2292,all,41,13,2144,5585,29,53477,0,0,0,0,0,C,8,Inflammatory monocyte,45,13,6,6,6,AT1
C-2294,all,24,15,3093,5404,10,57282,0,0,0,0,0,C,7,Alveolar type 2 cell,43,15,2,2,2_3,Vein
C-2297,all,79,24,3431,4478,14,60117,0,0,0,0,0,C,8,Alveolar type 1 cell,56,24,6,6,6,AT1
C-2299,all,43,19,2359,4896,14,32808,0,0,0,0,0,C,24,Sox9+/Id2+ epithelial cell,45,19,1,1,1_1,AT2
C-2300,all,52,15,3150,5322,20,68764,0,0,0,0,0,C,34,Alveolar type 2 cell,50,15,1,1,1_1,AT2
C-2302,all,20,18,2780,4836,25,33281,0,0,0,0,0,C,8,Pericyte,40,18,6,6,6,AT1
C-2303,all,11,5,3714,4671,14,14567,0,0,0,0,0,C,6,Sox9+/Id2+ epithelial cell,33,5,1,1,1_1,AT2
C-2304,all,131,30,3447,4202,20,94425,0,0,0,0,0,C,90,Alveolar type 2 cell,48,17,1,1,1_3,AT2
C-2307,all,93,15,3063,5584,27,77141,0,0,0,0,0,C,75,Alveolar type 2 cell,52,15,1,1,1_3,AT2
C-2308,all,17,8,2063,4083,32,15225,0,0,0,0,0,C,7,Sox9+/Id2+ epithelial cell,41,8,1,1,1_1,AT2
C-2309,all,59,18,2122,5557,31,59067,0,0,0,0,0,C,11,Alveolar type 1 cell,53,18,6,6,6,AT1
C-2311,all,43,27,2525,4962,17,64277,0,0,0,0,0,C,12,AT1/AT2,44,27,6,6,6,AT1
C-2312,all,29,9,3492,4972,34,45203,0,0,0,0,0,C,4,Alveolar type 1 cell,44,9,6,6,6,AT1
C-2314,all,34,23,3087,5074,32,81366,0,0,0,0,0,C,10,Pericyte,42,23,5,5,5_1,Pericyte
C-2315,all,97,31,1993,4488,24,64460,0,0,0,0,0,C,61,Alveolar type 2 cell,57,29,1,1,1_3,AT2
C-2316,all,30,19,3287,4609,30,93390,0,0,0,0,0,C,4,Inflammatory monocyte,39,19,7,7,7_2,PatrolMac
C-2317,all,23,8,3654,5425,20,66014,0,0,0,0,0,C,14,Sox9+/Id2+ epithelial cell,42,8,1,1,1_1,AT2
C-2318,all,63,20,3380,4512,17,71879,0,0,0,0,0,C,39,Alveolar type 2 cell,53,20,1,1,1_3,AT2
C-2319,all,33,22,3222,4487,21,51053,0,0,0,0,0,C,5,Arterial endothelial cell,40,23,2,2,2_4,Artery
C-2323,all,20,14,3323,5558,18,76813,0,0,0,0,0,C,5,Capillary 1 cell,39,14,2,2,2_3,Vein
C-2324,all,17,16,3019,5583,28,64627,0,0,0,0,0,C,5,Sox9+/Id2+ epithelial cell,35,16,3,3,3_4,AdventitialFib
C-2325,all,37,12,3599,4509,31,52650,0,0,0,0,0,C,25,AT1/AT2,44,12,1,1,1_1,AT2
C-2329,all,70,22,3758,4160,8,42649,0,0,0,0,0,C,52,Alveolar type 2 cell,53,22,1,1,1_3,AT2
C-2330,all,49,23,2981,5490,29,76106,0,0,0,0,0,C,20,Arterial endothelial cell,49,23,2,2,2_4,Artery
C-2333,all,42,26,3732,4503,22,116063,0,0,0,0,0,C,4,Capillary 1 cell,42,25,2,2,2_1,Capillary
C-2334,all,49,30,2867,5052,25,84868,0,0,0,0,0,C,8,Capillary 1 cell,47,29,2,2,2_1,Capillary
C-2335,all,27,21,2499,5068,32,58457,0,0,0,0,0,C,2,Endothelial progenitor cell,44,21,7,7,7_3,Tcell (CD8)
C-2336,all,41,21,3518,4195,38,60717,0,0,0,0,0,C,10,Capillary 1 cell,44,20,2,2,2_1,Capillary
C-2340,all,27,13,2558,5417,13,31175,0,0,0,0,0,C,7,Capillary 1 cell,43,13,2,2,2_1,Capillary
C-2341,all,25,10,3088,5540,16,48737,0,0,0,0,0,C,3,Sox9+/Id2+ epithelial cell,44,10,1,1,1_3,AT2
C-2342,all,37,26,2231,4184,15,50251,0,0,0,0,0,C,14,Alveolar fibroblast 1,41,26,2,2,2_4,Artery
C-2343,all,13,6,3105,5041,12,38365,0,0,0,0,0,C,3,Alveolar type 1 cell,36,6,6,6,6,AT1
C-2345,all,25,19,2173,5550,13,72483,0,0,0,0,0,C,9,Pericyte,43,19,5,5,5_3,Pericyte
C-2346,all,15,11,3072,5133,35,29420,0,0,0,0,0,C,2,Capillary 1 cell,36,11,2,2,2_3,Vein
C-2352,all,54,35,2165,4146,13,96116,0,0,0,0,0,C,13,Arterial endothelial cell,53,35,2,2,2_4,Artery
C-2354,all,138,32,2324,4875,13,72611,0,0,0,0,0,C,83,AT1/AT2,49,15,1,1,1_1,AT2
C-2356,all,7,6,3052,5364,6,29590,0,0,0,0,0,C,2,Sox9+/Id2+ epithelial cell,25,9,1,1,1_5_2,AlveolarFib
C-2357,all,32,22,2367,5546,18,57803,0,0,0,0,0,C,11,Venous endothelial cell,39,23,2,2,2_1,Capillary
C-2358,all,36,18,3272,4234,15,39830,0,0,0,0,0,C,5,Arterial endothelial cell,43,19,2,2,2_4,Artery
C-2361,all,39,26,2391,5621,31,62321,0,0,0,0,0,C,8,Pericyte,40,26,5,5,5_1,Pericyte
C-2363,all,21,13,2706,5275,28,53182,0,0,0,0,0,C,6,Neutrophil,38,13,5,5,5_3,Pericyte
C-2365,all,20,11,2883,5444,29,49349,0,0,0,0,0,C,8,Alveolar type 2 cell,43,12,2,2,2_4,Artery
C-2368,all,15,12,3216,5312,15,73474,0,0,0,0,0,C,6,Sox9+/Id2+ epithelial cell,37,12,2,2,2_1,Capillary
C-2369,all,29,12,3598,5131,33,62007,0,0,0,0,0,C,10,Alveolar fibroblast 1,42,12,6,6,6,AT1
C-2370,all,38,22,3589,4567,21,79881,0,0,0,0,0,C,11,Alveolar macrophage,42,22,3,3,3_4,AdventitialFib
C-2376,all,47,14,2040,4079,38,18593,0,0,0,0,0,C,34,Alveolar type 2 cell,48,14,1,1,1_3,AT2
C-2377,all,14,6,2312,5565,7,20256,0,0,0,0,0,C,5,Alveolar type 1 cell,31,6,6,6,6,AT1
C-2378,all,53,24,2027,4598,24,89341,0,0,0,0,0,C,12,Alveolar type 1 cell,50,23,2,2,2_1,Capillary
C-2379,all,115,33,3282,4311,26,104075,0,0,0,0,0,C,69,Alveolar type 2 cell,47,18,1,1,1_3,AT2
C-2381,all,26,13,3116,5312,35,41782,0,0,0,0,0,C,14,Alveolar type 2 cell,46,13,1,1,1_3,AT2
C-2384,all,29,21,3639,4584,36,33437,0,0,0,0,0,C,8,Interstitial macrophage,38,21,8,8,8_3,InterstitialMac
C-2388,all,46,16,2293,5402,23,68116,0,0,0,0,0,C,31,Alveolar type 2 cell,47,16,1,1,1_3,AT2
C-2392,all,69,19,3652,4285,35,54294,0,0,0,0,0,C,9,Alveolar fibroblast 1,52,19,6,6,6,AT1
C-2393,all,40,27,2113,4869,30,62856,0,0,0,0,0,C,5,B cell,42,27,6,6,6,AT1
C-2394,all,18,15,2367,4989,36,30783,0,0,0,0,0,C,4,Alveolar fibroblast 1,35,15,1,1,1_5_2,AlveolarFib
C-2396,all,25,11,3608,5401,26,86635,0,0,0,0,0,C,3,Innate lymphoid cell,43,11,3,3,3_6,SCMF
C-2397,all,22,14,3666,4810,12,44616,0,0,0,0,0,C,2,Capillary 1 cell,43,15,2,2,2_1,Capillary
C-2401,all,20,12,2218,5421,37,33264,0,0,0,0,0,C,4,Natural killer cell,43,13,2,2,2_2,InflamMac
C-2403,all,39,21,2863,4405,20,65238,574,0,574,0,1,C,9,Alveolar fibroblast 1,43,22,3,3,3_1,SMC
C-2404,all,77,40,2374,4670,25,84746,171,0,171,0,1,C,9,Alveolar fibroblast 1,56,40,2,2,2_3,Vein
C-2405,all,29,14,3687,3964,38,24167,0,0,0,0,0,C,14,Sox9+/Id2+ epithelial cell,39,14,1,1,1_1,AT2
C-2409,all,64,27,3277,4264,23,89319,0,0,0,0,0,C,18,Alveolar fibroblast 1,55,28,3,3,3_1,SMC
C-2410,all,21,18,2207,4110,11,41714,0,0,0,0,0,C,2,Alveolar fibroblast 1,42,19,3,3,3_1,SMC
C-2411,all,52,25,3752,5600,17,123064,0,0,0,0,0,C,8,Alveolar type 1 cell,51,25,6,6,6,AT1
C-2413,all,53,24,3720,4643,16,56569,0,0,0,0,0,C,35,Alveolar type 2 cell,51,24,1,1,1_3,AT2
C-2416,all,48,26,2741,5267,17,61116,0,0,0,0,0,C,6,Capillary 1 cell,51,28,2,2,2_5,DC
C-2418,all,14,8,3245,5381,35,72144,0,0,0,0,0,C,5,Neutrophil,28,8,7,7,7_3,Tcell (CD8)
C-2420,all,13,11,2252,5320,12,28264,0,0,0,0,0,C,4,Proliferative mesenchymal progenitor cell,31,11,3,3,3_4,AdventitialFib
C-2421,all,19,12,2488,5495,40,19347,0,0,0,0,0,C,7,Alveolar type 1 cell,39,12,6,6,6,AT1
C-2422,all,18,15,3179,4864,12,46177,0,0,0,0,0,C,6,Pericyte,35,15,5,5,5_1,Pericyte
C-2428,all,56,20,2413,5004,37,38473,0,0,0,0,0,C,41,Alveolar type 2 cell,52,20,1,1,1_1,AT2
C-2429,all,45,22,2375,4856,8,51433,0,0,0,0,0,C,16,Sox9+/Id2+ epithelial cell,46,22,2,2,2_6,pDC
C-2430,all,42,21,3726,3879,15,72883,0,0,0,0,0,C,12,Alveolar type 1 cell,44,21,1,1,1_5_4,pDC
C-2433,all,58,26,2986,4544,9,43377,0,0,0,0,0,C,31,Alveolar type 2 cell,52,25,2,2,2_1,Capillary
C-2434,all,110,37,2842,4826,27,91736,0,0,0,0,0,C,50,Alveolar type 2 cell,49,22,2,2,2_5,DC
C-2437,all,19,7,2261,5403,34,20219,0,0,0,0,0,C,12,Sox9+/Id2+ epithelial cell,42,7,1,1,1_1,AT2
C-2440,all,16,6,2104,5640,19,37067,0,0,0,0,0,C,13,Alveolar type 2 cell,38,6,1,1,1_3,AT2
C-2442,all,47,32,2059,4694,33,80554,0,0,0,0,0,C,7,Pericyte,47,32,5,5,5_3,Pericyte
C-2445,all,30,22,3044,5042,30,66197,0,0,0,0,0,C,8,Pericyte,37,22,5,5,5_1,Pericyte
C-2447,all,63,34,3390,4466,16,89430,0,0,0,0,0,C,8,Alveolar type 1 cell,56,33,2,2,2_1,Capillary
C-2450,all,41,24,3748,3813,23,73460,0,0,0,0,0,C,14,Pericyte,42,24,1,1,1_3,AT2
C-2451,all,8,7,2631,5618,9,26090,0,0,0,0,0,C,3,Inflammatory monocyte,26,9,2,2,2_2,InflamMac
C-2454,all,26,17,2200,4069,15,36968,0,0,0,0,0,C,4,Alveolar fibroblast 1,42,18,1,1,1_4_1,AlveolarFib
C-2456,all,8,5,3339,4953,30,30390,0,0,0,0,0,C,2,Alveolar type 1 cell,23,7,6,6,6,AT1
C-2457,all,29,19,3678,4593,35,32679,0,0,0,0,0,C,6,Interstitial macrophage,39,19,8,8,8_3,InterstitialMac
C-2459,all,49,20,2563,5109,16,61264,0,0,0,0,0,C,10,Capillary 1 cell,49,20,6,6,6,AT1
C-2462,all,52,29,3103,4746,24,94241,0,0,0,0,0,C,7,Capillary 1 cell,51,29,2,2,2_3,Vein
C-2465,all,21,10,3348,5416,25,113134,0,0,0,0,0,C,11,Alveolar type 2 cell,41,10,1,1,1_1,AT2
C-2466,all,9,8,3313,4839,6,21250,0,0,0,0,0,C,2,Capillary 1 cell,32,8,2,2,2_1,Capillary
C-2468,all,22,13,3041,5105,36,52504,0,0,0,0,0,C,3,Pericyte,41,13,5,5,5_1,Pericyte
C-2471,all,13,8,3620,4799,35,40151,0,0,0,0,0,C,2,Venous endothelial cell,36,8,2,2,2_3,Vein
C-2474,all,39,23,2101,4081,26,50976,0,0,0,0,0,C,11,Capillary 1 cell,42,23,2,2,2_3,Vein
C-2477,all,14,10,2995,4476,9,10544,0,0,0,0,0,C,3,Natural killer cell,31,11,2,2,2_5,DC
C-2478,all,24,8,3453,5056,34,19411,0,0,0,0,0,C,14,Sox9+/Id2+ epithelial cell,41,8,3,3,3_6,SCMF
C-2479,all,97,48,3254,4456,24,124065,0,0,0,0,0,C,13,Alveolar fibroblast 1,61,42,2,2,2_4,Artery
C-2480,all,41,20,2274,5343,24,65858,0,0,0,0,0,C,16,Alveolar fibroblast 1,43,21,3,3,3_5,SMC
C-2482,all,15,12,2030,4718,32,38303,0,0,0,0,0,C,3,Sox9+/Id2+ epithelial cell,34,12,6,6,6,AT1
C-2483,all,78,34,3629,4534,17,98403,0,0,0,0,0,C,34,Inflammatory monocyte,57,36,2,2,2_5,DC
C-2484,all,13,7,3168,5287,8,25839,0,0,0,0,0,C,7,Pericyte,33,7,5,5,5_1,Pericyte
C-2485,all,38,21,2597,5318,15,83816,0,0,0,0,0,C,4,Capillary 1 cell,43,22,3,3,3_5,SMC
C-2486,all,49,13,3323,5249,25,106382,0,0,0,0,0,C,4,Alveolar type 1 cell,48,13,6,6,6,AT1
C-2487,all,17,7,3505,5043,39,25080,0,0,0,0,0,C,10,Capillary 2 cell,39,8,2,2,2_1,Capillary
C-2490,all,18,13,3378,4584,13,35514,0,0,0,0,0,C,5,B cell,33,12,2,2,2_1,Capillary
C-2491,all,50,33,3531,4139,34,73143,0,0,0,0,0,C,20,Pericyte,50,33,5,5,5_1,Pericyte
C-2495,all,14,11,2335,4956,10,54066,0,0,0,0,0,C,4,Pericyte,28,11,5,5,5_1,Pericyte
C-2497,all,89,30,3473,5093,20,110174,0,0,0,0,0,C,38,Alveolar type 2 cell,59,30,1,1,1_3,AT2
C-2498,all,43,17,2107,5606,27,62803,0,0,0,0,0,C,15,Alveolar type 1 cell,46,17,6,6,6,AT1
C-2502,all,13,7,3709,4376,40,11769,0,0,0,0,0,C,8,Sox9+/Id2+ epithelial cell,36,7,1,1,1_3,AT2
C-2511,all,46,8,2893,5481,28,37645,0,0,0,0,0,C,39,Alveolar type 2 cell,47,8,1,1,1_1,AT2
C-2512,all,7,4,3643,4904,6,13493,0,0,0,0,0,C,2,Sox9+/Id2+ epithelial cell,23,7,1,1,1_3,AT2
C-2521,all,38,26,2186,4208,35,83760,0,0,0,0,0,C,6,Capillary 1 cell,40,26,2,2,2_1,Capillary
C-2522,all,53,32,2412,4655,30,63877,0,0,0,0,0,C,11,Alveolar fibroblast 1,53,32,2,2,2_4,Artery
C-2526,all,30,16,2967,5591,35,74535,0,0,0,0,0,C,3,Capillary 1 cell,42,16,2,2,2_1,Capillary
C-2527,all,6,3,2429,5606,29,11780,0,0,0,0,0,C,4,Alveolar type 2 cell,31,4,1,1,1_1,AT2
C-2529,all,47,18,2284,5540,9,42384,0,0,0,0,0,C,10,Alveolar type 1 cell,47,18,6,6,6,AT1
C-2531,all,16,11,3664,4777,13,45601,0,0,0,0,0,C,3,Basophil,40,13,2,2,2_5,DC
C-2532,all,66,21,2880,4424,14,42925,0,0,0,0,0,C,38,Alveolar type 2 cell,54,21,1,1,1_1,AT2
C-2534,all,38,25,3712,3810,16,46270,0,0,0,0,0,C,12,AT1/AT2,41,25,6,6,6,AT1
C-2535,all,29,17,3730,3844,15,46259,0,0,0,0,0,C,18,Alveolar macrophage,39,17,8,8,8_1,AlveolarMac
C-2536,all,48,19,3768,4376,30,43379,0,0,0,0,0,C,33,Alveolar type 2 cell,48,19,1,1,1_3,AT2
C-2541,all,45,16,2476,5464,18,79028,0,0,0,0,0,C,15,Arterial endothelial cell,47,16,5,5,5_1,Pericyte
C-2544,all,35,19,2442,5021,37,25958,0,0,0,0,0,C,17,Alveolar type 2 cell,41,19,2,2,2_6,pDC
C-2546,all,11,11,2544,5076,39,19239,0,0,0,0,0,C,2,B cell,35,11,2,2,2_6,pDC
C-2567,all,37,22,2684,6459,29,69066,0,0,0,0,0,C,11,Alveolar fibroblast 1,42,23,2,2,2_4,Artery
C-2570,all,53,29,2484,7185,28,56702,0,0,0,0,0,C,8,Alveolar type 1 cell,51,29,6,6,6,AT1
C-2571,all,38,23,2159,6512,26,82437,0,0,0,0,0,C,12,Pericyte,41,23,5,5,5_1,Pericyte
C-2572,all,99,29,3333,6031,15,87355,0,0,0,0,0,C,29,Alveolar type 1 cell,57,27,6,6,6,AT1
C-2573,all,20,14,2673,6838,29,29660,0,0,0,0,0,C,2,Arterial endothelial cell,44,15,2,2,2_4,Artery
C-2574,all,28,14,3513,6337,12,24143,0,0,0,0,0,C,9,Inflammatory monocyte,42,14,3,3,3_6,SCMF
C-2575,all,45,23,3170,7219,20,74567,0,0,0,0,0,C,2,Mast cell,46,23,7,7,7_4,PatrolMac
C-2577,all,25,17,2583,6949,26,44541,0,0,0,0,0,C,2,Alveolar type 1 cell,46,18,1,1,1_4_1,AlveolarFib
C-2579,all,9,3,3375,7241,20,23138,0,0,0,0,0,C,8,Arterial endothelial cell,37,4,2,2,2_4,Artery
C-2580,all,72,17,2215,6520,34,63864,0,0,0,0,0,C,54,Alveolar type 2 cell,52,18,2,2,2_4,Artery
C-2581,all,64,18,3075,7263,29,61502,0,0,0,0,0,C,44,Alveolar type 2 cell,51,18,1,1,1_1,AT2
C-2583,all,39,26,3285,6519,13,79786,0,0,0,0,0,C,7,Pericyte,41,26,5,5,5_3,Pericyte
C-2584,all,47,16,3247,7109,33,59234,0,0,0,0,0,C,27,Alveolar type 2 cell,46,16,1,1,1_1,AT2
C-2585,all,109,28,1953,6287,35,84146,0,0,0,0,0,C,81,Alveolar type 2 cell,48,14,1,1,1_3,AT2
C-2587,all,79,27,2286,6339,29,77801,0,0,0,0,0,C,15,Alveolar type 1 cell,55,27,6,6,6,AT1
C-2590,all,52,32,3292,6292,20,101448,0,0,0,0,0,C,10,Arterial endothelial cell,52,33,2,2,2_4,Artery
C-2592,all,8,6,2414,6136,6,20657,0,0,0,0,0,C,4,Proliferative mesenchymal progenitor cell,33,7,3,3,3_1,SMC
C-2593,all,53,21,3268,7305,21,96192,0,0,0,0,0,C,19,Alveolar macrophage,52,21,8,8,8_1,AlveolarMac
C-2594,all,40,18,3138,5901,19,109809,0,0,0,0,0,C,22,Capillary 1 cell,43,18,2,2,2_1,Capillary
C-2601,all,56,29,2472,7350,23,67219,0,0,0,0,0,C,6,Sox9+/Id2+ epithelial cell,53,29,6,6,6,AT1
C-2604,all,69,33,2528,6369,11,99095,0,0,0,0,0,C,9,Arterial endothelial cell,53,33,2,2,2_4,Artery
C-2605,all,16,13,3336,6156,28,39651,0,0,0,0,0,C,2,Alveolar fibroblast 1,33,13,3,3,3_4,AdventitialFib
C-2607,all,16,13,1956,6108,9,28353,0,0,0,0,0,C,2,Natural killer cell,33,13,7,7,7_3,Tcell (CD8)
C-2608,all,32,17,2946,6934,28,58626,0,0,0,0,0,C,10,Arterial endothelial cell,41,17,2,2,2_4,Artery
C-2609,all,49,27,2898,6538,10,46168,0,0,0,0,0,C,9,Secondary crest myofibroblast,50,28,3,3,3_1,SMC
C-2610,all,24,20,2197,5904,33,49652,0,0,0,0,0,C,2,Alveolar fibroblast 1,46,21,3,3,3_5,SMC
C-2611,all,22,16,2567,7482,8,19255,0,0,0,0,0,C,4,Alveolar fibroblast 1,39,16,1,1,1_5_2,AlveolarFib
C-2612,all,41,13,3719,6245,35,52110,0,0,0,0,0,C,7,Alveolar type 1 cell,45,13,6,6,6,AT1
C-2615,all,33,25,2528,7018,28,68047,0,0,0,0,0,C,11,Alveolar fibroblast 1,39,25,8,8,8_2,InterstitialMac
C-2616,all,35,21,3287,6140,19,79070,0,0,0,0,0,C,9,Pericyte,43,22,3,3,3_5,SMC
C-2617,all,14,11,1991,7209,5,15737,0,0,0,0,0,C,7,Sox9+/Id2+ epithelial cell,26,11,3,3,3_6,SCMF
C-2618,all,74,15,2035,6406,33,82972,0,0,0,0,0,C,61,Alveolar type 2 cell,52,15,1,1,1_3,AT2
C-2619,all,35,22,2093,5847,33,39903,0,0,0,0,0,C,9,Pericyte,42,22,5,5,5_1,Pericyte
C-2620,all,14,9,3546,6257,19,29793,0,0,0,0,0,C,9,Alveolar type 2 cell,33,9,1,1,1_3,AT2
C-2622,all,48,22,2727,7243,26,70961,0,0,0,0,0,C,4,Inflammatory monocyte,51,23,3,3,3_1,SMC
C-2623,all,27,6,3528,6531,15,14625,0,0,0,0,0,C,23,Alveolar type 2 cell,45,6,1,1,1_3,AT2
C-2625,all,35,22,3766,6387,25,93523,0,0,0,0,0,C,2,Capillary 1 cell,41,22,7,7,7_2,PatrolMac
C-2626,all,36,22,2063,6686,29,50705,0,0,0,0,0,C,6,Pericyte,39,22,3,3,3_4,AdventitialFib
C-2628,all,38,22,2377,6522,8,32998,0,0,0,0,0,C,3,Capillary 1 cell,41,22,2,2,2_1,Capillary
C-2629,all,18,17,2516,7200,16,49085,0,0,0,0,0,C,5,B cell,40,18,3,3,3_1,SMC
C-2630,all,17,9,2509,7061,6,24551,0,0,0,0,0,C,5,Arterial endothelial cell,37,9,2,2,2_4,Artery
C-2631,all,34,23,3113,6440,23,73887,0,0,0,0,0,C,5,Alveolar fibroblast 1,39,24,3,3,3_5,SMC
C-2632,all,13,9,3000,6102,38,30283,0,0,0,0,0,C,5,Alveolar macrophage,32,9,1,1,1_2_3,Tcell (CD4)
C-2633,all,32,22,2530,7333,24,53169,0,0,0,0,0,C,12,Alveolar type 2 cell,38,22,1,1,1_1,AT2
C-2634,all,19,17,2017,5967,33,49854,0,0,0,0,0,C,3,Chondrocyte,38,17,9,9,9,Bcell
C-2635,all,35,22,2107,5777,20,71194,0,0,0,0,0,C,7,Alveolar macrophage,41,22,8,8,8_1,AlveolarMac
C-2636,all,32,18,2790,7292,28,52571,0,0,0,0,0,C,4,Alveolar fibroblast 1,41,18,7,7,7_2,PatrolMac
C-2638,all,24,14,3043,6432,13,23038,0,0,0,0,0,C,11,Pericyte,44,15,3,3,3_1,SMC
C-2639,all,10,7,1978,7317,38,20669,0,0,0,0,0,C,3,Venous endothelial cell,31,7,2,2,2_3,Vein
C-2641,all,55,33,1955,6933,23,60059,0,0,0,0,0,C,5,Capillary 1 cell,55,33,2,2,2_1,Capillary
C-2645,all,29,16,3121,6299,31,68656,0,0,0,0,0,C,12,Arterial endothelial cell,40,17,2,2,2_4,Artery
C-2646,all,40,24,2331,7247,27,84289,0,0,0,0,0,C,6,Capillary 2 cell,44,25,2,2,2_1,Capillary
C-2649,all,40,26,2433,6470,27,57753,0,0,0,0,0,C,5,Arterial endothelial cell,42,26,7,7,7_2,PatrolMac
C-2650,all,77,31,2649,6747,32,63561,0,0,0,0,0,C,5,Alveolar type 1 cell,55,31,8,8,8_2,InterstitialMac
C-2652,all,34,13,3727,7317,14,63744,0,0,0,0,0,C,23,Alveolar type 2 cell,44,13,1,1,1_3,AT2
C-2658,all,15,7,3386,7215,16,35288,0,0,0,0,0,C,12,Alveolar type 2 cell,38,7,1,1,1_1,AT2
C-2659,all,28,6,2400,7094,16,22581,0,0,0,0,0,C,23,Sox9+/Id2+ epithelial cell,45,6,1,1,1_1,AT2
C-2660,all,54,27,3611,7386,16,113364,0,0,0,0,0,C,5,Arterial endothelial cell,54,28,2,2,2_4,Artery
C-2661,all,63,39,3456,6215,18,88551,0,0,0,0,0,C,18,Pericyte,58,40,3,3,3_2,SMC
C-2662,all,71,27,3146,6391,19,108889,0,0,0,0,0,C,21,Alveolar type 2 cell,52,27,6,6,6,AT1
C-2664,all,23,18,2823,6447,16,34436,0,0,0,0,0,C,4,Chondrocyte,43,18,2,2,2_3,Vein
C-2666,all,30,21,2103,6358,24,67345,0,0,0,0,0,C,3,Natural killer cell,40,22,2,2,2_2,InflamMac
C-2667,all,27,6,2642,6239,10,18814,0,0,0,0,0,C,20,Sox9+/Id2+ epithelial cell,43,6,1,1,1_3,AT2
C-2669,all,43,14,3390,5852,28,69296,0,0,0,0,0,C,3,Alveolar fibroblast 1,44,14,7,7,7_3,Tcell (CD8)
C-2670,all,31,8,3187,5887,20,68476,0,0,0,0,0,C,24,Sox9+/Id2+ epithelial cell,45,8,1,1,1_1,AT2
C-2671,all,42,23,3027,6875,19,66610,0,0,0,0,0,C,9,Inflammatory monocyte,45,25,2,2,2_5,DC
C-2673,all,68,20,2950,6108,18,75574,0,0,0,0,0,C,23,Alveolar type 1 cell,55,20,6,6,6,AT1
C-2676,all,88,47,3193,6348,22,145007,0,0,0,0,0,C,22,Vascular smooth muscle cell,60,46,5,5,5_1,Pericyte
C-2677,all,49,28,3338,7104,23,73610,0,0,0,0,0,C,5,Arterial endothelial cell,51,29,2,2,2_4,Artery
C-2679,all,19,11,3400,6939,12,46953,0,0,0,0,0,C,4,Inflammatory monocyte,37,13,2,2,2_5,DC
C-2682,all,40,24,2335,6338,34,70128,0,0,0,0,0,C,12,Pericyte,41,24,5,5,5_1,Pericyte
C-2684,all,14,14,3316,6483,36,36693,0,0,0,0,0,C,4,Sox9+/Id2+ epithelial cell,31,14,1,1,1_3,AT2
C-2685,all,34,25,2742,7192,29,54074,0,0,0,0,0,C,4,Alveolar macrophage,40,25,8,8,8_2,InterstitialMac
C-2687,all,24,17,2689,7352,11,38265,0,0,0,0,0,C,2,B cell,45,17,9,9,9,Bcell
C-2688,all,41,20,1958,7059,19,55922,0,0,0,0,0,C,13,Sox9+/Id2+ epithelial cell,43,20,2,2,2_1,Capillary
C-2689,all,44,24,2867,6877,26,37203,0,0,0,0,0,C,4,Alveolar fibroblast 1,45,24,1,1,1_5_1,LymphaticEndo
C-2690,all,29,17,3634,6209,35,43682,0,0,0,0,0,C,9,Arterial endothelial cell,41,17,1,1,1_3,AT2
C-2692,all,52,27,2183,7481,24,47615,0,0,0,0,0,C,2,Sox9+/Id2+ epithelial cell,52,27,3,3,3_6,SCMF
C-2694,all,49,31,3245,6373,20,80136,0,0,0,0,0,C,14,Interstitial macrophage,49,31,8,8,8_3,InterstitialMac
C-2695,all,7,4,3007,6202,10,19953,0,0,0,0,0,C,3,Arterial endothelial cell,26,5,2,2,2_4,Artery
C-2698,all,16,12,3657,6613,22,54928,0,0,0,0,0,C,2,Basophil,38,14,2,2,2_5,DC
C-2699,all,14,5,3590,6805,36,17106,0,0,0,0,0,C,9,Alveolar type 2 cell,35,5,1,1,1_3,AT2
C-2700,all,38,19,3057,7036,11,32973,0,0,0,0,0,C,5,Capillary 1 cell,42,19,2,2,2_3,Vein
C-2703,all,39,21,3755,6583,22,81443,0,0,0,0,0,C,4,Sox9+/Id2+ epithelial cell,43,21,2,2,2_1,Capillary
C-2704,all,16,11,3677,6809,34,43080,0,0,0,0,0,C,4,Alveolar type 1 cell,35,11,6,6,6,AT1
C-2705,all,60,15,2410,7063,28,64027,0,0,0,0,0,C,44,Alveolar type 2 cell,52,15,1,1,1_3,AT2
C-2707,all,85,16,3337,6960,19,89876,0,0,0,0,0,C,71,Alveolar type 2 cell,54,16,1,1,1_3,AT2
C-2708,all,26,8,3509,6526,8,14557,0,0,0,0,0,C,21,Alveolar type 2 cell,45,8,1,1,1_1,AT2
C-2709,all,46,12,2971,6902,21,58568,0,0,0,0,0,C,31,Alveolar type 2 cell,47,12,1,1,1_1,AT2
C-2710,all,38,19,2454,5916,30,50788,0,0,0,0,0,C,17,Capillary 1 cell,42,20,2,2,2_1,Capillary
C-2711,all,11,9,2437,6532,37,26473,0,0,0,0,0,C,3,Natural killer cell,26,11,2,2,2_5,DC
C-2713,all,23,15,1991,6987,17,39800,0,0,0,0,0,C,6,Alveolar fibroblast 1,41,16,1,1,1_5_1,LymphaticEndo
C-2714,all,24,3,2774,6774,6,17036,0,0,0,0,0,C,23,Sox9+/Id2+ epithelial cell,44,3,1,1,1_1,AT2
C-2715,all,6,4,3327,6429,41,17702,0,0,0,0,0,C,2,Alveolar fibroblast 1,32,5,1,1,1_4_3,AlveolarFib
C-2716,all,18,5,3421,5686,10,34940,0,0,0,0,0,C,7,Alveolar type 1 cell,38,5,6,6,6,AT1
C-2717,all,27,15,2680,7311,37,41261,0,0,0,0,0,C,15,Alveolar type 2 cell,43,15,1,1,1_3,AT2
C-2718,all,29,23,2283,6203,35,56841,0,0,0,0,0,C,3,Alveolar fibroblast 1,37,24,3,3,3_5,SMC
C-2720,all,50,35,2746,6234,11,52461,0,0,0,0,0,C,11,Inflammatory monocyte,52,36,3,3,3_1,SMC
C-2723,all,107,49,2885,6420,13,130468,0,0,0,0,0,C,14,Interstitial macrophage,60,43,8,8,8_2,InterstitialMac
C-2724,all,32,21,2419,7285,22,43637,0,0,0,0,0,C,7,Capillary 1 cell,40,21,2,2,2_1,Capillary
C-2725,all,6,4,3463,6306,32,22706,0,0,0,0,0,C,2,Alveolar fibroblast 1,25,7,3,3,3_5,SMC
C-2726,all,13,10,3093,5719,13,76747,0,0,0,0,0,C,4,Innate lymphoid cell,35,12,2,2,2_5,DC
C-2727,all,30,20,3061,6834,32,52130,0,0,0,0,0,C,2,Alveolar fibroblast 1,38,20,1,1,1_5_4,pDC
C-2731,all,23,8,3078,7164,29,40817,0,0,0,0,0,C,15,Sox9+/Id2+ epithelial cell,44,8,1,1,1_1,AT2
C-2732,all,12,10,3603,6760,24,73398,0,0,0,0,0,C,2,Endothelial progenitor cell,31,10,2,2,2_6,pDC
C-2733,all,54,18,2269,5681,25,69045,0,0,0,0,0,C,11,Natural killer cell,51,18,7,7,7_3,Tcell (CD8)
C-2735,all,41,22,3677,7165,16,77418,0,0,0,0,0,C,2,Inflammatory monocyte,44,22,2,2,2_2,InflamMac
C-2737,all,18,14,3727,5823,30,65960,0,0,0,0,0,C,5,Alveolar fibroblast 1,38,14,1,1,1_5_1,LymphaticEndo
C-2739,all,45,28,2407,6259,24,64831,0,0,0,0,0,C,10,Arterial endothelial cell,45,28,2,2,2_4,Artery
C-2740,all,32,22,2554,6740,31,40979,0,0,0,0,0,C,2,Inflammatory monocyte,40,23,2,2,2_5,DC
C-2741,all,52,20,2752,6282,25,58536,0,0,0,0,0,C,15,Alveolar type 1 cell,50,20,6,6,6,AT1
C-2742,all,14,9,2600,6780,5,20416,0,0,0,0,0,C,5,Sox9+/Id2+ epithelial cell,32,9,3,3,3_4,AdventitialFib
C-2744,all,23,15,3758,6786,26,77062,0,0,0,0,0,C,7,Alveolar macrophage,38,15,8,8,8_1,AlveolarMac
C-2745,all,46,24,2442,7148,14,76119,0,0,0,0,0,C,9,Alveolar macrophage,46,24,8,8,8_1,AlveolarMac
C-2750,all,32,7,2666,6248,12,26280,0,0,0,0,0,C,23,Sox9+/Id2+ epithelial cell,45,7,1,1,1_1,AT2
C-2751,all,16,12,2882,6055,33,25887,0,0,0,0,0,C,3,Pericyte,34,12,5,5,5_1,Pericyte
C-2753,all,24,17,3114,6156,18,58943,0,0,0,0,0,C,6,Sox9+/Id2+ epithelial cell,46,17,6,6,6,AT1
C-2754,all,21,11,3392,7456,13,24240,0,0,0,0,0,C,10,Alveolar macrophage,35,11,8,8,8_1,AlveolarMac
C-2755,all,26,20,2503,6491,36,72457,0,0,0,0,0,C,4,Capillary 1 cell,48,20,2,2,2_3,Vein
C-2757,all,15,7,3047,6222,16,47931,0,0,0,0,0,C,2,Alveolar fibroblast 1,39,8,2,2,2_1,Capillary
C-2759,all,14,11,3616,5804,13,50488,0,0,0,0,0,C,2,Capillary 1 cell,32,11,2,2,2_6,pDC
C-2760,all,80,23,3459,6177,21,84150,0,0,0,0,0,C,12,Alveolar fibroblast 1,54,23,6,6,6,AT1
C-2761,all,28,17,3186,6003,36,90795,0,0,0,0,0,C,6,CD4+ T cell,38,18,3,3,3_1,SMC
C-2762,all,22,17,3331,6529,31,41712,0,0,0,0,0,C,4,Alveolar fibroblast 1,47,18,2,2,2_1,Capillary
C-2763,all,28,12,2808,6780,11,37075,0,0,0,0,0,C,12,Sox9+/Id2+ epithelial cell,45,12,1,1,1_1,AT2
C-2767,all,15,14,2690,7233,10,63499,0,0,0,0,0,C,2,Inflammatory monocyte,32,14,7,7,7_2,PatrolMac
C-2770,all,78,31,3181,6836,15,82260,0,0,0,0,0,C,13,Sox9+/Id2+ epithelial cell,54,30,2,2,2_1,Capillary
C-2771,all,36,25,2007,6004,31,48311,0,0,0,0,0,C,9,Secondary crest myofibroblast,38,25,5,5,5_1,Pericyte
C-2772,all,33,21,3525,6229,29,50338,0,0,0,0,0,C,12,Inflammatory monocyte,40,21,5,5,5_1,Pericyte
C-2775,all,58,33,3496,6252,18,85209,0,0,0,0,0,C,17,Alveolar fibroblast 1,54,34,2,2,2_4,Artery
C-2776,all,41,25,2654,7495,17,30329,0,0,0,0,0,C,10,Interstitial macrophage,41,25,8,8,8_3,InterstitialMac
C-2777,all,42,26,2228,6405,20,103024,0,0,0,0,0,C,12,Arterial endothelial cell,42,26,2,2,2_4,Artery
C-2778,all,30,22,2783,6260,15,36311,0,0,0,0,0,C,9,Arterial endothelial cell,38,22,6,6,6,AT1
C-2780,all,90,18,2925,6073,25,87633,0,0,0,0,0,C,74,AT1/AT2,53,17,1,1,1_1,AT2
C-2781,all,20,15,3173,6308,33,43523,0,0,0,0,0,C,5,Pericyte,43,16,2,2,2_1,Capillary
C-2782,all,33,20,2159,6356,26,61887,0,0,0,0,0,C,2,Alveolar fibroblast 1,42,20,1,1,1_5_1,LymphaticEndo
C-2783,all,56,33,3143,6793,14,60801,0,0,0,0,0,C,8,Capillary 1 cell,54,33,2,2,2_1,Capillary
C-2784,all,20,9,3440,5787,37,38169,0,0,0,0,0,C,15,Alveolar type 2 cell,41,9,1,1,1_1,AT2
C-2786,all,31,13,3017,6823,25,51077,0,0,0,0,0,C,4,Alveolar type 1 cell,40,14,3,3,3_1,SMC
C-2787,all,29,19,2564,7350,15,36716,0,0,0,0,0,C,8,Arterial endothelial cell,38,19,7,7,7_2,PatrolMac
C-2789,all,11,8,2486,7035,37,28222,0,0,0,0,0,C,2,Sox9+/Id2+ epithelial cell,30,8,8,8,8_3,InterstitialMac
C-2793,all,50,8,3486,6470,16,39378,0,0,0,0,0,C,39,Alveolar type 2 cell,49,8,1,1,1_1,AT2
C-2794,all,15,15,2183,6071,21,33540,0,0,0,0,0,C,4,Capillary 1 cell,28,15,2,2,2_3,Vein
C-2796,all,21,18,3269,6057,18,87618,0,0,0,0,0,C,9,Pericyte,39,18,5,5,5_1,Pericyte
C-2798,all,50,24,2680,6805,22,64834,0,0,0,0,0,C,15,Arterial endothelial cell,49,24,2,2,2_4,Artery
C-2799,all,91,41,3611,6654,21,113837,0,0,0,0,0,C,13,Alveolar type 1 cell,61,41,6,6,6,AT1
C-2800,all,25,18,2127,6008,18,67641,0,0,0,0,0,C,4,Arterial endothelial cell,45,19,2,2,2_4,Artery
C-2801,all,26,15,2238,7428,25,31909,0,0,0,0,0,C,2,B cell,43,15,9,9,9,Bcell
C-2804,all,68,22,3208,6415,20,63482,0,0,0,0,0,C,46,Alveolar type 2 cell,55,22,1,1,1_3,AT2
C-2809,all,11,6,2101,6498,39,13930,0,0,0,0,0,C,3,Arterial endothelial cell,30,8,2,2,2_4,Artery
C-2810,all,38,15,3611,6240,34,32270,0,0,0,0,0,C,27,Alveolar type 2 cell,45,15,1,1,1_3,AT2
C-2812,all,19,14,2523,5715,35,40554,0,0,0,0,0,C,4,Capillary 1 cell,43,14,2,2,2_1,Capillary
C-2813,all,53,34,2425,5939,28,87803,0,0,0,0,0,C,9,Alveolar fibroblast 1,54,35,3,3,3_1,SMC
C-2820,all,21,11,3070,6450,12,42827,0,0,0,0,0,C,13,Alveolar fibroblast 1,39,12,3,3,3_1,SMC
C-2821,all,19,12,2424,5800,17,60445,0,0,0,0,0,C,7,Arterial endothelial cell,41,13,2,2,2_4,Artery
C-2822,all,10,6,3390,7421,20,24476,0,0,0,0,0,C,6,Interstitial macrophage,20,6,8,8,8_3,InterstitialMac
C-2824,all,14,9,3278,5696,25,24439,0,0,0,0,0,C,2,Capillary 1 cell,31,9,2,2,2_1,Capillary
C-2827,all,19,11,1986,6951,14,32855,0,0,0,0,0,C,3,Proliferative mesenchymal progenitor cell,36,12,3,3,3_1,SMC
C-2830,all,108,20,2620,6676,29,92252,0,0,0,0,0,C,87,Alveolar type 2 cell,51,13,1,1,1_3,AT2
C-2833,all,21,18,2907,6209,13,48742,0,0,0,0,0,C,4,Alveolar fibroblast 1,41,18,3,3,3_4,AdventitialFib
C-2834,all,36,11,2025,5807,26,39007,0,0,0,0,0,C,5,Alveolar type 1 cell,44,11,6,6,6,AT1
C-2835,all,86,28,2395,5879,32,66939,0,0,0,0,0,C,20,Alveolar type 1 cell,58,28,6,6,6,AT1
C-2836,all,61,31,2697,5706,23,99238,0,0,0,0,0,C,22,Alveolar fibroblast 1,54,31,2,2,2_4,Artery
C-2837,all,44,21,2374,7046,22,69589,0,0,0,0,0,C,18,Mesothelial cell,45,22,3,3,3_1,SMC
C-2839,all,72,38,2329,7324,31,96961,0,0,0,0,0,C,2,Capillary 1 cell,50,38,2,2,2_1,Capillary
C-2840,all,75,17,3644,6266,29,85245,0,0,0,0,0,C,54,Alveolar type 2 cell,52,17,1,1,1_3,AT2
C-2842,all,54,22,3536,5841,21,88858,0,0,0,0,0,C,24,AT1/AT2,52,22,6,6,6,AT1
C-2843,all,28,20,2625,7501,16,27265,0,0,0,0,0,C,3,Interstitial macrophage,40,20,8,8,8_3,InterstitialMac
C-2844,all,36,18,3013,6417,12,56318,0,0,0,0,0,C,17,Secondary crest myofibroblast,42,19,3,3,3_1,SMC
C-2847,all,25,6,2412,6221,9,44176,0,0,0,0,0,C,20,Alveolar fibroblast 1,43,7,3,3,3_1,SMC
C-2848,all,8,7,3443,5743,33,34990,0,0,0,0,0,C,2,Sox9+/Id2+ epithelial cell,28,9,3,3,3_4,AdventitialFib
C-2850,all,25,7,3482,6335,13,21984,0,0,0,0,0,C,8,Alveolar type 1 cell,44,7,6,6,6,AT1
C-2853,all,60,35,3375,6260,26,89782,0,0,0,0,0,C,13,Arterial endothelial cell,56,36,2,2,2_4,Artery
C-2854,all,24,8,3635,6797,25,34908,0,0,0,0,0,C,2,Alveolar type 1 cell,44,8,6,6,6,AT1
C-2855,all,58,30,2829,7277,13,71115,0,0,0,0,0,C,3,Sox9+/Id2+ epithelial cell,55,31,2,2,2_2,InflamMac
C-2856,all,44,14,3113,6834,9,43610,0,0,0,0,0,C,28,Alveolar type 2 cell,49,15,2,2,2_4,Artery
C-2857,all,9,8,2718,7168,33,24154,0,0,0,0,0,C,2,Sox9+/Id2+ epithelial cell,27,9,7,7,7_2,PatrolMac
C-2858,all,41,23,2451,7312,25,56950,0,0,0,0,0,C,7,Alveolar type 1 cell,46,24,2,2,2_2,InflamMac
C-2862,all,11,4,2769,6842,6,7502,0,0,0,0,0,C,7,Sox9+/Id2+ epithelial cell,39,4,1,1,1_1,AT2
C-2863,all,40,29,2633,6608,22,66620,0,0,0,0,0,C,4,Capillary 1 cell,43,31,2,2,2_5,DC
C-2864,all,18,12,3615,5692,36,50367,0,0,0,0,0,C,2,Capillary 1 cell,38,12,2,2,2_1,Capillary
C-2865,all,20,17,2432,6493,17,32317,0,0,0,0,0,C,4,Alveolar fibroblast 1,42,18,3,3,3_5,SMC
C-2866,all,34,22,3144,6341,32,55376,0,0,0,0,0,C,3,Alveolar macrophage,42,22,6,6,6,AT1
C-2868,all,103,30,2441,6183,20,69051,0,0,0,0,0,C,33,Alveolar type 1 cell,53,21,6,6,6,AT1
C-2869,all,21,13,2564,6685,36,46936,0,0,0,0,0,C,8,Alveolar type 2 cell,43,15,2,2,2_5,DC
C-2870,all,30,21,2839,6812,14,66234,0,0,0,0,0,C,2,Inflammatory monocyte,38,22,2,2,2_2,InflamMac
C-2873,all,32,26,2080,5802,21,69093,0,0,0,0,0,C,7,Alveolar type 1 cell,38,26,6,6,6,AT1
C-2875,all,61,36,1998,6088,27,99561,0,0,0,0,0,C,18,Alveolar macrophage,57,36,8,8,8_1,AlveolarMac
C-2881,all,98,35,2600,6913,19,91549,3850,0,3850,0,1,C,18,Alveolar type 1 cell,62,35,6,6,6,AT1
C-2882,all,78,32,2763,6427,19,91948,0,0,0,0,0,C,30,Alveolar type 2 cell,55,33,2,2,2_4,Artery
C-2884,all,21,15,2589,7471,15,20574,0,0,0,0,0,C,5,Sox9+/Id2+ epithelial cell,39,15,8,8,8_3,InterstitialMac
C-2887,all,44,28,3117,6492,11,51491,0,0,0,0,0,C,4,Alveolar macrophage,45,28,8,8,8_2,InterstitialMac
C-2888,all,89,18,2823,7113,13,84275,0,0,0,0,0,C,68,Alveolar type 2 cell,53,18,1,1,1_1,AT2
C-2891,all,70,36,1941,6977,23,136406,0,0,0,0,0,C,11,Alveolar fibroblast 1,57,36,8,8,8_3,InterstitialMac
C-2894,all,57,22,2055,5828,26,48536,0,0,0,0,0,C,12,Alveolar type 1 cell,52,22,6,6,6,AT1
C-2895,all,14,7,2532,7366,37,19449,0,0,0,0,0,C,10,B cell,36,7,9,9,9,Bcell
C-2897,all,78,29,2019,7460,30,78148,0,0,0,0,0,C,42,Alveolar type 2 cell,54,29,1,1,1_3,AT2
C-2898,all,13,6,2720,6856,9,18329,0,0,0,0,0,C,8,Alveolar type 2 cell,37,6,1,1,1_1,AT2
C-2900,all,33,25,2103,6318,17,72049,0,0,0,0,0,C,11,Pericyte,38,25,5,5,5_1,Pericyte
C-2901,all,11,5,2429,7103,17,45993,0,0,0,0,0,C,7,Sox9+/Id2+ epithelial cell,34,5,5,5,5_1,Pericyte
C-2903,all,56,23,2349,6484,30,54939,0,0,0,0,0,C,18,Alveolar type 1 cell,53,23,6,6,6,AT1
C-2906,all,13,7,3401,7246,16,23148,0,0,0,0,0,C,8,Alveolar type 2 cell,34,7,1,1,1_3,AT2
C-2908,all,18,14,3367,6167,29,51646,0,0,0,0,0,C,2,Arterial endothelial cell,39,15,2,2,2_4,Artery
C-2909,all,15,11,3309,5698,22,44134,0,0,0,0,0,C,2,Arterial endothelial cell,35,13,2,2,2_4,Artery
C-2911,all,16,10,2732,6264,12,24044,0,0,0,0,0,C,8,Arterial endothelial cell,35,11,2,2,2_4,Artery
C-2912,all,8,6,2445,5830,18,24906,0,0,0,0,0,C,6,B cell,25,7,2,2,2_1,Capillary
C-2914,all,8,6,2147,7397,28,14330,0,0,0,0,0,C,3,Proliferative mesenchymal progenitor cell,25,7,3,3,3_1,SMC
C-2915,all,42,11,2710,6415,37,54889,0,0,0,0,0,C,28,Sox9+/Id2+ epithelial cell,46,11,1,1,1_1,AT2
C-2916,all,12,9,3330,5955,7,26868,0,0,0,0,0,C,3,Alveolar type 1 cell,33,9,6,6,6,AT1
C-2918,all,126,27,2472,5776,29,93208,0,0,0,0,0,C,97,Alveolar type 2 cell,45,8,1,1,1_1,AT2
C-2920,all,80,35,2848,6339,20,96112,0,0,0,0,0,C,12,Arterial endothelial cell,56,35,2,2,2_4,Artery
C-2921,all,21,16,2704,6517,5,19661,0,0,0,0,0,C,7,Vascular smooth muscle cell,40,16,5,5,5_1,Pericyte
C-2922,all,13,12,2725,7346,8,15945,0,0,0,0,0,C,3,Alveolar type 1 cell,33,12,6,6,6,AT1
C-2923,all,24,15,3128,7225,17,44605,0,0,0,0,0,C,3,Capillary 1 cell,43,15,2,2,2_3,Vein
C-2925,all,38,24,2408,6310,21,90894,0,0,0,0,0,C,3,Capillary 2 cell,42,24,2,2,2_1,Capillary
C-2929,all,25,21,2782,6462,9,38115,0,0,0,0,0,C,2,Capillary 1 cell,45,22,2,2,2_1,Capillary
C-2931,all,45,25,2200,7421,26,64177,0,0,0,0,0,C,7,Alveolar fibroblast 1,46,26,3,3,3_1,SMC
C-2932,all,40,9,1960,7030,29,68190,0,0,0,0,0,C,31,Sox9+/Id2+ epithelial cell,45,9,1,1,1_1,AT2
C-2934,all,17,8,1942,6254,29,22260,0,0,0,0,0,C,15,Pericyte,41,9,2,2,2_4,Artery
C-2935,all,9,7,2373,7094,8,14530,0,0,0,0,0,C,3,Alveolar type 2 cell,31,7,1,1,1_1,AT2
C-2937,all,54,32,2958,7309,24,45540,0,0,0,0,0,C,11,Ciliated cell,52,32,8,8,8_3,InterstitialMac
C-2940,all,47,28,2650,6860,27,63681,0,0,0,0,0,C,7,Capillary 1 cell,49,28,2,2,2_1,Capillary
C-2943,all,18,14,3095,6266,29,62641,0,0,0,0,0,C,2,Endothelial progenitor cell,36,14,2,2,2_1,Capillary
C-2946,all,21,10,2030,5715,14,65918,0,0,0,0,0,C,9,Alveolar fibroblast 1,37,10,9,9,9,Bcell
C-2953,all,9,5,2446,7069,25,24975,0,0,0,0,0,C,4,Sox9+/Id2+ epithelial cell,30,6,1,1,1_1,AT2
C-2954,all,16,13,2982,6144,35,48424,0,0,0,0,0,C,6,Alveolar macrophage,30,13,8,8,8_1,AlveolarMac
C-2955,all,22,17,2322,5694,28,53749,0,0,0,0,0,C,5,AT1/AT2,42,17,1,1,1_3,AT2
C-2957,all,17,8,3023,6464,11,19881,0,0,0,0,0,C,11,Alveolar type 2 cell,40,8,2,2,2_6,pDC
C-2962,all,54,30,2800,6509,11,53412,0,0,0,0,0,C,3,Capillary 1 cell,54,30,2,2,2_1,Capillary
C-2964,all,39,17,3135,6175,33,56132,0,0,0,0,0,C,27,Capillary 1 cell,43,17,1,1,1_1,AT2
C-2966,all,38,19,3742,5967,22,111308,0,0,0,0,0,C,3,Inflammatory monocyte,42,19,3,3,3_4,AdventitialFib
C-2968,all,16,14,3083,6214,19,47292,0,0,0,0,0,C,4,Sox9+/Id2+ epithelial cell,42,14,2,2,2_1,Capillary
C-2969,all,71,35,2437,7368,23,77977,0,0,0,0,0,C,5,Alveolar type 1 cell,54,35,6,6,6,AT1
C-2972,all,11,4,3640,6740,25,17358,0,0,0,0,0,C,3,Alveolar type 1 cell,35,4,3,3,3_6,SCMF
C-2974,all,17,11,2999,6874,21,40186,0,0,0,0,0,C,6,Alveolar type 2 cell,35,11,1,1,1_3,AT2
C-2979,all,17,12,3427,6308,33,39671,0,0,0,0,0,C,2,Arterial endothelial cell,40,13,2,2,2_4,Artery
C-2984,all,38,21,3202,6455,14,68433,0,0,0,0,0,C,12,Alveolar type 2 cell,42,21,1,1,1_5_2,AlveolarFib
C-2986,all,53,24,3724,6867,25,109751,0,0,0,0,0,C,6,Alveolar fibroblast 1,51,24,7,7,7_2,PatrolMac
C-2990,all,16,12,3267,6403,30,29352,0,0,0,0,0,C,2,Sox9+/Id2+ epithelial cell,33,12,8,8,8_3,InterstitialMac
C-2991,all,38,14,3511,6495,14,30600,0,0,0,0,0,C,24,Sox9+/Id2+ epithelial cell,45,14,1,1,1_1,AT2
C-2992,all,52,31,2487,7308,17,77938,0,0,0,0,0,C,7,Sox9+/Id2+ epithelial cell,52,31,6,6,6,AT1
C-2993,all,33,17,3507,5859,19,61157,0,0,0,0,0,C,11,Alveolar type 1 cell,40,17,6,6,6,AT1
C-2994,all,75,25,2638,6557,24,83407,0,0,0,0,0,C,11,Inflammatory monocyte,51,25,6,6,6,AT1
C-2995,all,23,14,3004,6314,32,48913,0,0,0,0,0,C,5,Pericyte,40,14,5,5,5_1,Pericyte
C-2996,all,8,6,2080,6644,31,27262,0,0,0,0,0,C,2,Endothelial progenitor cell,34,7,2,2,2_1,Capillary
C-2999,all,52,20,2352,6456,32,40201,0,0,0,0,0,C,5,Alveolar type 1 cell,50,20,6,6,6,AT1
C-3000,all,84,32,2064,6020,35,75809,0,0,0,0,0,C,16,Alveolar type 1 cell,59,32,6,6,6,AT1
C-3001,all,13,12,3061,6276,29,37343,0,0,0,0,0,C,3,Arterial endothelial cell,34,12,2,2,2_4,Artery
C-3003,all,26,5,2660,6280,6,17681,0,0,0,0,0,C,21,Sox9+/Id2+ epithelial cell,46,5,1,1,1_1,AT2
C-3004,all,11,10,1828,6459,10,15108,0,0,0,0,0,C,2,Capillary 1 cell,34,10,2,2,2_1,Capillary
C-3006,all,18,11,3430,6335,22,28324,0,0,0,0,0,C,4,Alveolar type 1 cell,37,11,6,6,6,AT1
C-3008,all,50,35,2768,6312,29,83446,0,0,0,0,0,C,8,Alveolar type 1 cell,50,35,1,1,1_5_2,AlveolarFib
C-3013,all,8,7,3466,5759,33,33754,0,0,0,0,0,C,4,Capillary 1 cell,32,8,2,2,2_1,Capillary
C-3015,all,7,5,3351,7005,9,11363,0,0,0,0,0,C,2,Alveolar fibroblast 1,22,8,1,1,1_4_1,AlveolarFib
C-3017,all,21,13,3349,7463,12,37373,0,0,0,0,0,C,2,B cell,37,13,8,8,8_2,InterstitialMac
C-3019,all,35,21,3454,6361,11,48107,0,0,0,0,0,C,5,Capillary 1 cell,42,22,3,3,3_5,SMC
C-3020,all,20,17,2126,6481,38,24348,0,0,0,0,0,C,6,Arterial endothelial cell,39,17,2,2,2_4,Artery
C-3024,all,11,5,3045,6345,40,22710,0,0,0,0,0,C,6,Sox9+/Id2+ epithelial cell,37,5,1,1,1_1,AT2
C-3028,all,6,5,3511,6566,40,6790,0,0,0,0,0,C,2,Capillary 1 cell,31,6,2,2,2_1,Capillary
C-3032,all,18,15,2396,7124,24,21944,0,0,0,0,0,C,4,Pericyte,37,15,5,5,5_1,Pericyte
C-3034,all,24,19,2529,5673,34,41571,0,0,0,0,0,C,6,B cell,45,19,1,1,1_5_2,AlveolarFib
C-3038,all,20,8,2446,5731,40,16396,0,0,0,0,0,C,15,Proliferative mesenchymal progenitor cell,43,8,1,1,1_1,AT2
C-3039,all,18,16,3031,7352,32,23621,0,0,0,0,0,C,2,Alveolar fibroblast 1,40,17,3,3,3_1,SMC
C-3040,all,28,12,3046,6476,7,20440,0,0,0,0,0,C,16,Natural killer cell,44,12,1,1,1_1,AT2
C-3041,all,14,12,3248,6098,24,35110,0,0,0,0,0,C,2,Capillary 1 cell,31,12,2,2,2_3,Vein
C-3044,all,57,31,4346,1253,14,78813,0,0,0,0,0,C,16,B cell,55,31,9,9,9,Bcell
C-3045,all,20,18,4931,1382,35,41058,0,0,0,0,0,C,6,Alveolar type 2 cell,40,18,7,7,7_2,PatrolMac
C-3046,all,47,26,4950,1172,30,81784,0,0,0,0,0,C,12,B cell,47,26,9,9,9,Bcell
C-3047,all,64,15,5203,1125,32,56609,0,0,0,0,0,C,55,Alveolar type 2 cell,50,15,1,1,1_1,AT2
C-3052,all,35,21,5470,882,20,60345,0,0,0,0,0,C,8,B cell,44,21,9,9,9,Bcell
C-3054,all,100,18,4764,1342,13,89555,0,0,0,0,0,C,83,Alveolar type 2 cell,55,16,1,1,1_3,AT2
C-3055,all,70,13,4080,418,30,56066,0,0,0,0,0,C,57,Alveolar type 2 cell,51,13,1,1,1_1,AT2
C-3057,all,40,25,4817,1270,17,84113,0,0,0,0,0,C,9,Inflammatory monocyte,40,25,1,1,1_5_2,AlveolarFib
C-3059,all,21,8,4738,1839,19,40596,0,0,0,0,0,C,11,Sox9+/Id2+ epithelial cell,42,8,1,1,1_1,AT2
C-3060,all,62,31,5579,1333,27,84235,0,0,0,0,0,C,15,B cell,56,31,9,9,9,Bcell
C-3061,all,35,24,4667,1263,14,55769,413,0,413,0,1,C,5,Chondrocyte,41,24,2,2,2_3,Vein
C-3062,all,53,20,5101,1249,16,75324,0,0,0,0,0,C,20,AT1/AT2,51,20,6,6,6,AT1
C-3063,all,25,15,4206,17,26,63837,0,0,0,0,0,C,14,Capillary 1 cell,45,15,2,2,2_1,Capillary
C-3064,all,55,35,5217,1196,13,72447,0,0,0,0,0,C,14,Neutrophil,54,35,6,6,6,AT1
C-3066,all,66,37,4252,346,24,80274,0,0,0,0,0,C,16,Inflammatory monocyte,59,37,2,2,2_6,pDC
C-3069,all,124,27,4771,174,26,85174,141228,86158,105761,0.448928975,0.551071025,C,15,B cell,51,14,7,7,7_2,PatrolMac
C-3070,all,54,13,4316,945,34,42162,0,0,0,0,0,C,44,Alveolar type 2 cell,51,14,3,3,3_5,SMC
C-3071,all,54,19,5295,1490,17,61574,0,0,0,0,0,C,8,Alveolar fibroblast 1,52,19,6,6,6,AT1
C-3073,all,80,42,4719,1486,24,117813,0,0,0,0,0,C,4,Chondrocyte,57,42,2,2,2_3,Vein
C-3075,all,63,28,3906,1546,18,44567,0,0,0,0,0,C,31,Alveolar type 2 cell,54,28,2,2,2_1,Capillary
C-3076,all,62,34,5230,265,16,94222,0,0,0,0,0,C,6,Capillary 1 cell,56,34,2,2,2_1,Capillary
C-3077,all,16,11,4356,1451,6,28387,0,0,0,0,0,C,2,CD4+ T cell,33,11,8,8,8_2,InterstitialMac
C-3078,all,40,25,4943,163,20,43352,0,0,0,0,0,C,4,Sox9+/Id2+ epithelial cell,42,24,2,2,2_1,Capillary
C-3079,all,30,19,5497,1464,21,82458,0,0,0,0,0,C,5,Capillary 2 cell,47,18,2,2,2_1,Capillary
C-3080,all,26,22,5334,840,33,47527,0,0,0,0,0,C,2,Capillary 2 cell,44,21,2,2,2_1,Capillary
C-3081,all,66,12,4162,220,39,30119,19770,18086,1684,0.914820435,0.085179565,C,13,Sox9+/Id2+ epithelial cell,53,12,1,1,1_3,AT2
C-3082,all,61,34,4018,767,14,117768,0,0,0,0,0,C,15,Alveolar fibroblast 1,54,33,1,1,1_5_1,LymphaticEndo
C-3083,all,18,14,4956,529,6,18088,0,0,0,0,0,C,4,Capillary 2 cell,39,15,2,2,2_1,Capillary
C-3085,all,29,14,4227,1164,16,81467,0,0,0,0,0,C,15,Pericyte,39,14,5,5,5_1,Pericyte
C-3086,all,89,20,4723,976,34,52944,0,0,0,0,0,C,62,Alveolar type 2 cell,55,20,1,1,1_3,AT2
C-3087,all,54,33,5206,1250,20,94655,0,0,0,0,0,C,6,B cell,54,33,9,9,9,Bcell
C-3089,all,19,17,4746,1291,19,77111,0,0,0,0,0,C,5,Pericyte,38,17,5,5,5_3,Pericyte
C-3090,all,47,11,4603,1950,8,31520,0,0,0,0,0,C,40,Alveolar type 2 cell,48,11,1,1,1_1,AT2
C-3091,all,16,9,5286,1405,38,20879,0,0,0,0,0,C,5,Alveolar fibroblast 1,35,9,1,1,1_5_2,AlveolarFib
C-3092,all,52,10,4800,1798,22,69218,0,0,0,0,0,C,45,Alveolar type 2 cell,49,10,1,1,1_1,AT2
C-3093,all,35,26,4886,1111,28,83530,0,0,0,0,0,C,4,CD8+ T cell,39,26,7,7,7_4,PatrolMac
C-3095,all,19,14,4963,982,31,36424,0,0,0,0,0,C,7,Pericyte,38,14,5,5,5_1,Pericyte
C-3096,all,24,15,4653,1855,35,42010,0,0,0,0,0,C,4,Inflammatory monocyte,46,16,3,3,3_2,SMC
C-3097,all,26,19,3796,617,20,57486,0,0,0,0,0,C,6,Capillary 1 cell,41,20,3,3,3_5,SMC
C-3098,all,69,25,4623,1915,28,85113,0,0,0,0,0,C,35,Alveolar fibroblast 1,55,25,1,1,1_3,AT2
C-3100,all,105,26,5235,1080,23,81245,50,0,50,0,1,C,24,Alveolar type 1 cell,56,22,6,6,6,AT1
C-3102,all,28,21,3959,1816,25,80380,0,0,0,0,0,C,6,Arterial endothelial cell,39,22,2,2,2_4,Artery
C-3104,all,34,18,4460,1556,20,79582,0,0,0,0,0,C,4,Sox9+/Id2+ epithelial cell,44,18,6,6,6,AT1
C-3105,all,113,17,3811,858,17,59757,0,0,0,0,0,C,100,Alveolar type 2 cell,48,8,1,1,1_3,AT2
C-3106,all,49,14,5546,144,27,62707,0,0,0,0,0,C,34,Alveolar type 2 cell,48,14,1,1,1_3,AT2
C-3107,all,45,24,4687,1215,12,53936,0,0,0,0,0,C,10,Inflammatory monocyte,45,24,7,7,7_3,Tcell (CD8)
C-3108,all,21,12,4809,130,10,27030,0,0,0,0,0,C,5,Alveolar fibroblast 1,43,13,1,1,1_4_3,AlveolarFib
C-3109,all,28,23,4955,1406,30,60534,0,0,0,0,0,C,4,Pericyte,40,23,5,5,5_1,Pericyte
C-3110,all,33,10,4211,1740,32,40948,0,0,0,0,0,C,26,Alveolar type 2 cell,43,10,1,1,1_3,AT2
C-3111,all,16,11,4156,397,17,38952,51,0,51,0,1,C,5,Alveolar type 2 cell,37,13,2,2,2_5,DC
C-3113,all,57,32,5286,865,21,81653,0,0,0,0,0,C,6,Arterial endothelial cell,54,32,9,9,9,Bcell
C-3116,all,42,9,3849,884,19,34874,0,0,0,0,0,C,11,Basophil,47,11,2,2,2_5,DC
C-3117,all,9,6,4682,1698,10,28573,0,0,0,0,0,C,4,Endothelial progenitor cell,31,6,2,2,2_1,Capillary
C-3119,all,45,11,3871,220,36,51395,0,0,0,0,0,C,34,Alveolar type 2 cell,47,12,3,3,3_1,SMC
C-3120,all,19,15,3969,1421,19,77752,0,0,0,0,0,C,5,Pericyte,37,15,5,5,5_1,Pericyte
C-3121,all,39,24,5559,100,31,72409,0,0,0,0,0,C,8,Capillary 1 cell,43,23,2,2,2_1,Capillary
C-3122,all,24,13,4177,413,26,28767,0,0,0,0,0,C,14,Alveolar type 2 cell,45,13,1,1,1_1,AT2
C-3123,all,152,28,4566,982,19,99735,0,0,0,0,0,C,117,Alveolar type 2 cell,52,18,1,1,1_3,AT2
C-3125,all,22,13,5499,1110,13,36080,0,0,0,0,0,C,7,Pericyte,40,13,5,5,5_1,Pericyte
C-3126,all,9,6,4604,1117,6,18051,0,0,0,0,0,C,4,Sox9+/Id2+ epithelial cell,25,7,1,1,1_6_2,Neutrophil
C-3129,all,108,21,4663,82,6,77539,50,0,50,0,1,C,32,Alveolar type 1 cell,54,16,6,6,6,AT1
C-3131,all,47,24,4668,1016,17,91773,0,0,0,0,0,C,8,Capillary 1 cell,46,23,2,2,2_1,Capillary
C-3134,all,81,38,4967,487,15,81997,0,0,0,0,0,C,11,Sox9+/Id2+ epithelial cell,57,38,3,3,3_4,AdventitialFib
C-3135,all,52,31,5123,275,24,75200,0,0,0,0,0,C,10,Capillary 2 cell,50,31,2,2,2_1,Capillary
C-3138,all,40,28,5155,1203,16,70928,0,0,0,0,0,C,10,Pericyte,41,28,5,5,5_1,Pericyte
C-3139,all,16,7,5399,1091,37,37574,0,0,0,0,0,C,9,Alveolar type 1 cell,35,7,6,6,6,AT1
C-3140,all,38,30,4970,950,32,63703,0,0,0,0,0,C,8,Capillary 2 cell,40,30,2,2,2_6,pDC
C-3143,all,17,11,3893,1032,34,69141,0,0,0,0,0,C,5,B cell,33,11,9,9,9,Bcell
C-3145,all,38,24,4727,242,25,73472,1263,1190,73,0.942201108,0.057798892,C,13,Alveolar fibroblast 1,43,25,2,2,2_4,Artery
C-3146,all,95,48,4524,1615,21,142879,0,0,0,0,0,C,28,Vascular smooth muscle cell,62,48,2,2,2_4,Artery
C-3149,all,14,10,3940,330,21,50792,0,0,0,0,0,C,2,Capillary 1 cell,34,10,2,2,2_3,Vein
C-3150,all,47,21,4044,149,34,49517,2294,0,2294,0,1,C,22,Alveolar type 2 cell,47,21,1,1,1_3,AT2
C-3151,all,37,22,5124,1593,14,58704,0,0,0,0,0,C,5,Alveolar fibroblast 1,39,22,1,1,1_5_1,LymphaticEndo
C-3152,all,37,20,5091,1509,11,42219,0,0,0,0,0,C,4,Alveolar type 1 cell,41,20,6,6,6,AT1
C-3154,all,61,35,5214,343,28,73346,62,0,62,0,1,C,13,Inflammatory monocyte,57,35,1,1,1_3,AT2
C-3157,all,10,8,3814,681,26,51219,0,0,0,0,0,C,2,Capillary 1 cell,27,8,2,2,2_3,Vein
C-3158,all,42,24,5385,525,34,64445,0,0,0,0,0,C,3,Capillary 1 cell,46,25,2,2,2_1,Capillary
C-3159,all,16,12,4108,536,13,52256,0,0,0,0,0,C,6,CD4+ T cell,32,12,5,5,5_1,Pericyte
C-3160,all,37,25,5436,1128,15,58859,0,0,0,0,0,C,4,Alveolar type 1 cell,42,26,1,1,1_4_1,AlveolarFib
C-3161,all,39,23,4132,593,33,60784,0,0,0,0,0,C,9,Arterial endothelial cell,44,23,2,2,2_4,Artery
C-3162,all,18,13,3882,1626,19,25862,0,0,0,0,0,C,2,Endothelial progenitor cell,34,12,2,2,2_1,Capillary
C-3163,all,29,12,5586,337,9,24013,0,0,0,0,0,C,12,Alveolar type 2 cell,42,12,1,1,1_3,AT2
C-3164,all,34,25,4991,1044,20,67094,0,0,0,0,0,C,11,Alveolar type 2 cell,40,25,1,1,1_3,AT2
C-3166,all,12,4,5449,541,5,11550,0,0,0,0,0,C,2,Arterial endothelial cell,33,4,2,2,2_4,Artery
C-3167,all,38,13,4860,1300,37,43349,0,0,0,0,0,C,2,Alveolar type 1 cell,44,13,6,6,6,AT1
C-3168,all,70,40,5027,716,12,66431,791,340,451,0.429835651,0.570164349,C,6,Arterial endothelial cell,56,41,2,2,2_4,Artery
C-3173,all,77,21,5226,776,31,57140,0,0,0,0,0,C,59,Alveolar type 2 cell,53,21,1,1,1_3,AT2
C-3174,all,22,16,4113,24,31,44467,0,0,0,0,0,C,2,Natural killer cell,42,16,7,7,7_2,PatrolMac
C-3177,all,9,5,3954,197,32,38993,0,0,0,0,0,C,6,Alveolar fibroblast 1,30,6,3,3,3_1,SMC
C-3178,all,20,13,3890,460,38,40150,0,0,0,0,0,C,11,Alveolar fibroblast 1,39,14,1,1,1_5_1,LymphaticEndo
C-3179,all,34,23,5334,1024,31,76959,0,0,0,0,0,C,7,B cell,42,23,9,9,9,Bcell
C-3180,all,39,18,4082,176,24,78761,2337,0,2337,0,1,C,9,Sox9+/Id2+ epithelial cell,43,19,2,2,2_1,Capillary
C-3181,all,17,11,4166,784,28,89194,0,0,0,0,0,C,2,Capillary 2 cell,37,11,2,2,2_1,Capillary
C-3183,all,47,30,4587,238,23,75954,7153,9082,3360,0.729946954,0.270053046,C,7,CD8+ T cell,47,30,2,2,2_6,pDC
C-3184,all,6,5,4301,113,24,12209,0,0,0,0,0,C,3,Secondary crest myofibroblast,19,8,5,5,5_1,Pericyte
C-3185,all,18,14,4698,1846,36,32509,0,0,0,0,0,C,2,Inflammatory monocyte,39,15,2,2,2_2,InflamMac
C-3186,all,30,17,4227,1114,17,101096,0,0,0,0,0,C,4,Ciliated cell,39,17,3,3,3_6,SCMF
C-3189,all,32,21,5097,1028,32,71647,0,0,0,0,0,C,3,Alveolar type 2 cell,39,21,2,2,2_1,Capillary
C-3191,all,8,7,5438,404,13,19958,0,0,0,0,0,C,6,Pericyte,20,9,5,5,5_3,Pericyte
C-3193,all,39,24,4096,1441,8,63535,0,0,0,0,0,C,13,Alveolar fibroblast 1,42,24,9,9,9,Bcell
C-3196,all,69,16,3995,1318,27,63873,0,0,0,0,0,C,58,Alveolar type 2 cell,53,16,1,1,1_3,AT2
C-3197,all,16,11,5351,68,37,27746,0,0,0,0,0,C,2,Alveolar type 1 cell,36,11,6,6,6,AT1
C-3198,all,23,11,3821,415,36,38672,0,0,0,0,0,C,15,Alveolar type 2 cell,48,12,2,2,2_2,InflamMac
C-3202,all,54,32,4914,56,21,86124,0,0,0,0,0,C,18,Pericyte,53,32,5,5,5_1,Pericyte
C-3204,all,24,16,4861,1824,13,67801,0,0,0,0,0,C,5,Venous endothelial cell,42,16,3,3,3_4,AdventitialFib
C-3205,all,9,6,5312,199,6,13392,0,0,0,0,0,C,4,Sox9+/Id2+ epithelial cell,26,6,1,1,1_3,AT2
C-3208,all,62,25,3926,269,31,94821,0,0,0,0,0,C,43,Pericyte,54,25,5,5,5_1,Pericyte
C-3209,all,84,12,5519,846,15,59238,0,0,0,0,0,C,66,Alveolar type 2 cell,53,12,1,1,1_3,AT2
C-3214,all,17,10,4045,1236,35,28820,0,0,0,0,0,C,3,Alveolar fibroblast 1,38,11,2,2,2_1,Capillary
C-3216,all,35,10,4749,1870,16,55102,0,0,0,0,0,C,29,Alveolar type 2 cell,44,10,1,1,1_3,AT2
C-3217,all,17,6,5588,1616,36,35016,0,0,0,0,0,C,11,Alveolar type 2 cell,40,6,1,1,1_1,AT2
C-3218,all,188,24,4191,361,26,82365,531,531,0,1,0,C,78,Alveolar type 2 cell,55,11,1,1,1_1,AT2
C-3223,all,13,6,3774,1380,7,20884,0,0,0,0,0,C,3,Alveolar type 1 cell,36,6,6,6,6,AT1
C-3224,all,42,21,5059,1329,26,85270,0,0,0,0,0,C,15,Capillary 2 cell,45,21,5,5,5_3,Pericyte
C-3227,all,10,5,3809,1619,11,17076,0,0,0,0,0,C,7,Sox9+/Id2+ epithelial cell,29,5,1,1,1_1,AT2
C-3228,all,156,25,5415,599,19,100232,0,0,0,0,0,C,133,Alveolar type 2 cell,49,9,1,1,1_3,AT2
C-3230,all,69,22,5533,1332,34,54027,0,0,0,0,0,C,52,Alveolar type 2 cell,55,22,1,1,1_3,AT2
C-3231,all,25,17,4699,1248,16,36553,0,0,0,0,0,C,4,Alveolar fibroblast 1,45,17,7,7,7_4,PatrolMac
C-3232,all,14,12,4021,1461,16,58921,0,0,0,0,0,C,4,Capillary 1 cell,31,12,5,5,5_3,Pericyte
C-3235,all,63,28,4349,878,27,102301,0,0,0,0,0,C,11,Alveolar fibroblast 1,56,29,3,3,3_1,SMC
C-3236,all,78,38,4024,875,26,83677,0,0,0,0,0,C,14,Alveolar type 1 cell,59,38,6,6,6,AT1
C-3237,all,24,18,5325,166,34,52227,0,0,0,0,0,C,11,Pericyte,45,19,3,3,3_1,SMC
C-3238,all,27,15,4289,74,16,57133,0,0,0,0,0,C,4,Capillary 2 cell,41,15,5,5,5_3,Pericyte
C-3239,all,46,19,4233,1762,24,51106,0,0,0,0,0,C,23,Alveolar type 2 cell,49,20,3,3,3_1,SMC
C-3243,all,10,9,5070,1619,10,13563,0,0,0,0,0,C,2,Alveolar type 1 cell,30,9,6,6,6,AT1
C-3245,all,13,9,4234,1632,37,43909,0,0,0,0,0,C,6,Pericyte,32,9,5,5,5_1,Pericyte
C-3247,all,48,21,5567,231,25,84508,0,0,0,0,0,C,6,Pericyte,48,21,7,7,7_3,Tcell (CD8)
C-3250,all,20,16,4630,217,15,48055,0,0,0,0,0,C,10,Arterial endothelial cell,36,17,3,3,3_1,SMC
C-3254,all,18,9,3825,901,14,32629,0,0,0,0,0,C,5,Alveolar type 2 cell,37,9,1,1,1_1,AT2
C-3256,all,84,32,4821,90,13,76723,0,0,0,0,0,C,20,Arterial endothelial cell,57,32,6,6,6,AT1
C-3257,all,33,12,3803,930,15,46178,0,0,0,0,0,C,7,B cell,43,12,7,7,7_3,Tcell (CD8)
C-3258,all,41,16,3928,1283,17,44931,0,0,0,0,0,C,3,B cell,44,16,9,9,9,Bcell
C-3260,all,21,17,4728,1677,14,56183,0,0,0,0,0,C,5,Endothelial progenitor cell,39,17,7,7,7_2,PatrolMac
C-3261,all,37,23,5461,1091,18,79328,0,0,0,0,0,C,5,Alveolar fibroblast 1,42,23,1,1,1_5_1,LymphaticEndo
C-3263,all,20,7,4946,723,12,13373,0,0,0,0,0,C,10,Sox9+/Id2+ epithelial cell,41,7,1,1,1_1,AT2
C-3267,all,29,8,5006,164,14,25591,0,0,0,0,0,C,23,Alveolar type 2 cell,43,8,1,1,1_1,AT2
C-3268,all,8,7,4904,853,15,19576,0,0,0,0,0,C,2,B cell,27,8,2,2,2_6,pDC
C-3273,all,18,11,5570,1909,23,24059,0,0,0,0,0,C,3,Sox9+/Id2+ epithelial cell,35,11,8,8,8_1,AlveolarMac
C-3274,all,49,18,5250,1543,30,61675,0,0,0,0,0,C,27,Alveolar type 2 cell,49,18,1,1,1_3,AT2
C-3275,all,22,14,4316,1501,29,52355,0,0,0,0,0,C,7,B cell,41,14,6,6,6,AT1
C-3278,all,12,10,3874,269,33,20464,0,0,0,0,0,C,3,Pericyte,26,10,5,5,5_1,Pericyte
C-3279,all,13,10,5569,1943,21,23930,0,0,0,0,0,C,3,Alveolar type 1 cell,31,10,6,6,6,AT1
C-3283,all,44,25,5234,1333,31,75230,0,0,0,0,0,C,6,Venous endothelial cell,44,25,2,2,2_3,Vein
C-3284,all,11,7,4692,1478,12,43875,0,0,0,0,0,C,3,Alveolar type 1 cell,32,7,6,6,6,AT1
C-3285,all,19,14,4349,39,37,49579,0,0,0,0,0,C,2,Capillary 1 cell,40,15,2,2,2_1,Capillary
C-3287,all,18,13,4461,1454,32,34194,0,0,0,0,0,C,3,B cell,39,14,2,2,2_2,InflamMac
C-3288,all,68,29,3858,372,21,110094,0,0,0,0,0,C,24,Alveolar type 2 cell,58,29,1,1,1_3,AT2
C-3289,all,9,7,4549,1363,39,28718,0,0,0,0,0,C,2,B cell,24,8,5,5,5_3,Pericyte
C-3290,all,75,19,5580,297,22,112265,0,0,0,0,0,C,26,AT1/AT2,52,19,6,6,6,AT1
C-3291,all,11,9,3936,1173,30,41351,0,0,0,0,0,C,2,T regulatory cell,29,10,1,1,1_6_2,Neutrophil
C-3292,all,56,22,4974,715,12,32971,0,0,0,0,0,C,35,Alveolar type 2 cell,52,22,1,1,1_3,AT2
C-3293,all,49,15,4816,53,12,30091,0,0,0,0,0,C,23,Alveolar type 1 cell,49,15,6,6,6,AT1
C-3294,all,22,12,4037,426,8,17640,0,0,0,0,0,C,8,Alveolar type 1 cell,42,12,6,6,6,AT1
C-3298,all,31,23,5432,485,21,73729,0,0,0,0,0,C,11,Arterial endothelial cell,37,23,6,6,6,AT1
C-3302,all,34,13,4604,15,21,36055,5741,0,5741,0,1,C,2,Arterial endothelial cell,42,14,2,2,2_4,Artery
C-3303,all,51,32,4454,1025,35,80338,0,0,0,0,0,C,8,Chondrocyte,52,33,3,3,3_5,SMC
C-3304,all,61,34,4880,829,17,96193,130,130,0,1,0,C,9,Airway smooth muscle cell,57,34,3,3,3_6,SCMF
C-3306,all,61,14,4987,141,13,55324,0,0,0,0,0,C,47,Alveolar type 2 cell,52,14,1,1,1_3,AT2
C-3311,all,74,41,5373,929,30,85548,0,0,0,0,0,C,10,Alveolar fibroblast 1,58,41,2,2,2_3,Vein
C-3312,all,35,23,4784,1833,18,56812,0,0,0,0,0,C,5,Sox9+/Id2+ epithelial cell,42,24,3,3,3_5,SMC
C-3316,all,27,11,4300,152,37,39712,337,0,337,0,1,C,2,Sox9+/Id2+ epithelial cell,39,12,1,1,1_6_2,Neutrophil
C-3317,all,73,21,5171,318,33,65971,118,0,118,0,1,C,54,Alveolar type 2 cell,53,21,1,1,1_3,AT2
C-3319,all,31,14,3976,1940,16,47455,0,0,0,0,0,C,11,Alveolar fibroblast 1,44,15,2,2,2_4,Artery
C-3320,all,26,18,5402,262,17,49914,0,0,0,0,0,C,7,Alveolar type 1 cell,46,17,1,1,1_5_1,LymphaticEndo
C-3322,all,7,5,4774,1094,36,15413,0,0,0,0,0,C,3,Pericyte,23,7,5,5,5_1,Pericyte
C-3325,all,116,39,4781,219,20,86916,479782,327931,101160,0.764245813,0.235754187,C,29,Pericyte,50,21,5,5,5_1,Pericyte
C-3326,all,41,23,5261,1452,16,55939,0,0,0,0,0,C,12,Pericyte,43,23,6,6,6,AT1
C-3328,all,74,32,5435,1033,23,98741,0,0,0,0,0,C,4,Inflammatory monocyte,54,33,3,3,3_1,SMC
C-3331,all,93,38,5035,188,22,86658,0,0,0,0,0,C,45,Inflammatory monocyte,63,39,2,2,2_5,DC
C-3338,all,13,11,4154,1242,23,39440,0,0,0,0,0,C,2,Endothelial progenitor cell,27,12,2,2,2_1,Capillary
C-3340,all,64,30,3777,983,16,95430,0,0,0,0,0,C,18,Alveolar fibroblast 1,55,31,2,2,2_4,Artery
C-3343,all,25,9,5555,1408,37,29498,0,0,0,0,0,C,4,Ciliated cell,44,9,6,6,6,AT1
C-3345,all,26,9,4997,1509,12,38814,0,0,0,0,0,C,19,Alveolar type 2 cell,45,9,1,1,1_3,AT2
C-3346,all,25,20,4370,1587,33,81552,0,0,0,0,0,C,3,Natural killer cell,50,21,2,2,2_2,InflamMac
C-3349,all,46,23,4839,1146,18,92616,0,0,0,0,0,C,4,Capillary 2 cell,46,23,6,6,6,AT1
C-3351,all,60,29,3838,271,20,135407,0,0,0,0,0,C,14,Venous endothelial cell,54,29,2,2,2_3,Vein
C-3354,all,34,24,5146,1149,17,52139,0,0,0,0,0,C,12,Pericyte,41,24,5,5,5_1,Pericyte
C-3355,all,33,12,4931,774,10,25031,0,0,0,0,0,C,17,Alveolar type 2 cell,44,12,1,1,1_3,AT2
C-3358,all,52,18,4062,447,19,52201,0,0,0,0,0,C,32,Alveolar type 2 cell,50,18,1,1,1_1,AT2
C-3362,all,68,34,3956,1877,24,140583,0,0,0,0,0,C,8,Alveolar fibroblast 1,57,34,3,3,3_4,AdventitialFib
C-3363,all,9,7,4512,1243,41,18358,0,0,0,0,0,C,2,Alveolar type 1 cell,29,7,6,6,6,AT1
C-3366,all,61,25,3994,843,16,61012,0,0,0,0,0,C,11,Arterial endothelial cell,54,26,3,3,3_1,SMC
C-3369,all,36,22,4788,1298,19,61750,0,0,0,0,0,C,11,Alveolar fibroblast 1,42,23,2,2,2_4,Artery
C-3372,all,47,16,3796,1175,34,37944,0,0,0,0,0,C,2,Alveolar type 1 cell,48,16,6,6,6,AT1
C-3374,all,52,25,4702,1901,24,69246,0,0,0,0,0,C,35,Alveolar fibroblast 1,53,26,3,3,3_1,SMC
C-3377,all,40,17,4464,1242,38,42892,0,0,0,0,0,C,3,Alveolar type 1 cell,44,17,6,6,6,AT1
C-3384,all,43,20,4280,919,19,69360,0,0,0,0,0,C,25,CD8+ T cell,46,21,3,3,3_5,SMC
C-3386,all,42,23,5310,984,30,64852,0,0,0,0,0,C,7,B cell,45,24,3,3,3_5,SMC
C-3388,all,92,26,5007,1140,35,86720,0,0,0,0,0,C,65,Alveolar type 2 cell,58,26,1,1,1_3,AT2
C-3390,all,46,29,4753,1249,26,72194,0,0,0,0,0,C,5,Capillary 1 cell,46,29,2,2,2_3,Vein
C-3392,all,59,17,3828,1154,34,51979,0,0,0,0,0,C,8,Alveolar type 1 cell,51,17,6,6,6,AT1
C-3401,all,56,17,3959,859,18,48972,0,0,0,0,0,C,17,Alveolar type 1 cell,51,17,6,6,6,AT1
C-3402,all,84,14,5084,1314,30,64852,0,0,0,0,0,C,74,Alveolar type 2 cell,52,14,1,1,1_3,AT2
C-3403,all,32,23,4150,1126,37,73148,0,0,0,0,0,C,5,B cell,39,23,9,9,9,Bcell
C-3404,all,21,8,3867,405,40,19203,0,0,0,0,0,C,14,Alveolar type 2 cell,43,8,1,1,1_1,AT2
C-3405,all,40,15,4869,884,14,81738,549,278,271,0.506375228,0.493624772,C,19,Alveolar fibroblast 1,45,16,3,3,3_1,SMC
C-3410,all,63,27,3861,1246,25,83665,0,0,0,0,0,C,13,Alveolar type 1 cell,55,27,6,6,6,AT1
C-3416,all,76,35,5554,1850,15,133818,0,0,0,0,0,C,5,Alveolar fibroblast 1,55,35,6,6,6,AT1
C-3417,all,40,16,3928,1571,27,33124,0,0,0,0,0,C,25,Alveolar type 2 cell,45,16,1,1,1_1,AT2
C-3418,all,23,16,3961,350,19,38277,0,0,0,0,0,C,3,Capillary 1 cell,40,16,2,2,2_3,Vein
C-3420,all,38,23,4741,1917,9,38405,0,0,0,0,0,C,7,Alveolar fibroblast 1,42,24,3,3,3_1,SMC
C-3423,all,70,27,4409,1501,23,74261,0,0,0,0,0,C,17,Alveolar type 1 cell,53,27,6,6,6,AT1
C-3425,all,17,11,4298,1530,33,49015,0,0,0,0,0,C,2,Proliferative mesenchymal progenitor cell,35,11,7,7,7_2,PatrolMac
C-3426,all,23,11,4235,998,38,29884,0,0,0,0,0,C,16,Alveolar fibroblast 1,44,12,2,2,2_4,Artery
C-3429,all,16,11,4904,1363,37,45676,0,0,0,0,0,C,2,Capillary 1 cell,36,12,2,2,2_1,Capillary
C-3436,all,39,17,5229,1517,17,64642,0,0,0,0,0,C,25,Alveolar type 2 cell,43,17,8,8,8_1,AlveolarMac
C-3440,all,28,14,4211,1032,34,53567,0,0,0,0,0,C,16,Alveolar fibroblast 1,44,14,1,1,1_5_1,LymphaticEndo
C-3443,all,16,5,3660,603,10,19659,0,0,0,0,0,C,12,Alveolar type 2 cell,42,6,2,2,2_2,InflamMac
C-3447,all,17,14,5384,280,18,39277,0,0,0,0,0,C,4,Alveolar fibroblast 1,37,14,1,1,1_5_1,LymphaticEndo
C-3453,all,15,13,4762,256,7,20676,0,0,0,0,0,C,4,Pericyte,28,13,5,5,5_1,Pericyte
C-3454,all,37,26,5254,1484,18,40762,0,0,0,0,0,C,5,Pericyte,39,26,5,5,5_3,Pericyte
C-3460,all,39,25,5077,296,15,33028,104,104,0,1,0,C,8,Pericyte,42,25,5,5,5_3,Pericyte
C-3463,all,19,12,4654,207,25,40850,0,0,0,0,0,C,4,Inflammatory monocyte,37,14,2,2,2_5,DC
C-3473,all,64,29,4857,3106,31,50544,0,0,0,0,0,C,7,CD4+ T cell,56,30,1,1,1_4_1,AlveolarFib
C-3475,all,207,72,4751,2826,29,70528,776,0,776,0,1,C,15,B cell,55,39,1,1,1_3,AT2
C-3476,all,362,88,4777,3295,34,82491,102901,5591,97422,0.054274703,0.945725297,C,123,Inflammatory monocyte,56,32,4,4,4_1_1,ClubEpi
C-3477,all,86,38,5232,2250,25,50718,0,0,0,0,0,C,18,Alveolar fibroblast 1,60,39,1,1,1_4_1,AlveolarFib
C-3478,all,240,69,4935,2873,23,96378,0,0,0,0,0,C,30,CD8+ T cell,56,38,7,7,7_2,PatrolMac
C-3479,all,63,35,3871,3199,34,44600,0,0,0,0,0,C,10,B cell,55,35,7,7,7_2,PatrolMac
C-3481,all,159,51,4914,2554,11,42702,0,0,0,0,0,C,42,Alveolar macrophage,51,28,8,8,8_1,AlveolarMac
C-3482,all,226,65,4370,3202,31,49342,0,0,0,0,0,C,95,Secretory cell,56,26,4,4,4_1_1,ClubEpi
C-3484,all,195,36,4562,2791,24,90632,0,0,0,0,0,C,138,Secondary crest myofibroblast,55,19,3,3,3_1,SMC
C-3486,all,92,43,5333,2403,13,51051,0,0,0,0,0,C,14,Innate lymphoid cell,63,43,8,8,8_2,InterstitialMac
C-3488,all,54,26,3780,3766,16,33718,0,0,0,0,0,C,14,Secondary crest myofibroblast,51,27,3,3,3_5,SMC
C-3489,all,148,40,4641,3169,15,54225,24218,1632,23532,0.064854554,0.935145446,C,48,Ciliated cell,48,18,4,4,4_1_2,CiliatedEpi
C-3490,all,161,60,5358,2718,22,97120,0,0,0,0,0,C,19,Inflammatory monocyte,53,38,2,2,2_2,InflamMac
C-3491,all,104,53,5464,3092,17,40937,105,0,105,0,1,C,13,Capillary 1 cell,64,45,4,4,4_1_1,CiliatedEpi
C-3494,all,99,36,4677,2718,29,47802,0,0,0,0,0,C,3,Natural killer cell,59,35,1,1,1_6_2,Neutrophil
C-3495,all,56,26,4740,3111,8,25583,0,0,0,0,0,C,8,Sox9+/Id2+ epithelial cell,52,26,8,8,8_2,InterstitialMac
C-3496,all,348,95,5132,3310,23,94330,204868,181553,26194,0.873913943,0.126086057,C,152,Venous endothelial cell,51,30,4,4,4_1_1,ClubEpi
C-3497,all,450,69,4242,3182,31,80060,0,0,0,0,0,C,323,Secretory cell,56,16,4,4,4_2,ClubEpi
C-3499,all,52,31,5297,1966,32,44373,0,0,0,0,0,C,5,Proliferative mesenchymal progenitor cell,52,31,1,1,1_2_1,Tcell (CD4)
C-3501,all,93,35,4797,2785,17,47882,0,0,0,0,0,C,10,B cell,59,35,9,9,9,Bcell
C-3504,all,9,9,3878,2002,37,10739,0,0,0,0,0,C,2,CD4+ T cell,25,10,7,7,7_3,Tcell (CD8)
C-3505,all,242,75,5513,3151,19,86071,1178,0,1178,0,1,C,94,Capillary 1 cell,54,37,4,4,4_1_2,CiliatedEpi
C-3508,all,80,35,4567,3073,38,38267,0,0,0,0,0,C,16,Alveolar fibroblast 1,60,36,1,1,1_4_3,AlveolarFib
C-3509,all,99,40,5109,2867,38,39858,0,0,0,0,0,C,7,Sox9+/Id2+ epithelial cell,57,35,1,1,1_4_1,AlveolarFib
C-3510,all,136,55,4799,2822,27,51621,0,0,0,0,0,C,20,Alveolar type 1 cell,48,29,1,1,1_2_1,Tcell (CD4)
C-3511,all,84,31,5020,2794,9,41047,0,0,0,0,0,C,21,Alveolar fibroblast 1,59,32,3,3,3_1,SMC
C-3512,all,290,66,4261,3224,36,56937,0,0,0,0,0,C,202,Natural killer cell,46,27,4,4,4_2,CiliatedEpi
C-3513,all,50,27,4194,3131,31,36809,0,0,0,0,0,C,7,Capillary 1 cell,50,27,9,9,9,Bcell
C-3514,all,185,52,4641,3216,33,38704,22946,50,21950,0.002272727,0.997727273,C,65,Pericyte,48,20,4,4,4_1_1,CiliatedEpi
C-3516,all,156,57,4758,3182,27,70056,60970,1181,59789,0.019370182,0.980629818,C,36,Mesothelial cell,50,33,1,1,1_4_1,AlveolarFib
C-3519,all,203,70,4695,2837,21,99378,0,0,0,0,0,C,56,B cell,55,39,9,9,9,Bcell
C-3520,all,222,59,5014,2584,21,81436,0,0,0,0,0,C,41,Alveolar type 1 cell,55,33,6,6,6,AT1
C-3522,all,460,76,5005,3277,22,133051,4166,665,3501,0.15962554,0.84037446,C,38,Alveolar macrophage,54,20,1,1,1_4_1,AlveolarFib
C-3523,all,74,37,4843,3053,36,33746,0,0,0,0,0,C,4,Alveolar type 1 cell,52,37,6,6,6,AT1
C-3524,all,74,30,4945,2605,11,36422,50,0,50,0,1,C,6,Alveolar fibroblast 1,55,30,3,3,3_3,AdventitialFib
C-3526,all,86,53,4383,2766,31,54311,0,0,0,0,0,C,9,B cell,63,53,1,1,1_2_1,Tcell (CD4)
C-3528,all,157,66,5241,3156,25,81656,0,0,0,0,0,C,21,B cell,46,32,2,2,2_2,InflamMac
C-3529,all,29,13,3897,3761,12,47567,0,0,0,0,0,C,5,CD8+ T cell,43,14,2,2,2_2,InflamMac
C-3530,all,308,37,4309,3750,20,60906,0,0,0,0,0,C,256,Capillary 1 cell,57,36,4,4,4_2,CiliatedEpi
C-3531,all,68,32,4426,3156,31,35932,0,0,0,0,0,C,36,Secretory cell,57,32,4,4,4_2,ClubEpi
C-3532,all,110,38,4116,3589,28,79843,0,0,0,0,0,C,20,Inflammatory monocyte,47,21,2,2,2_2,InflamMac
C-3533,all,132,39,4311,2902,26,72967,0,0,0,0,0,C,8,CD4+ T cell,53,20,7,7,7_3,Tcell (CD8)
C-3534,all,212,59,4791,3204,28,61151,7376,0,7376,0,1,C,33,Inflammatory monocyte,54,28,1,1,1_5_2,AlveolarFib
C-3535,all,231,44,4354,3621,31,49455,0,0,0,0,0,C,141,Capillary 1 cell,54,29,4,4,4_1_1,CiliatedEpi
C-3536,all,148,63,4895,3129,30,83555,0,0,0,0,0,C,6,CD8+ T cell,51,38,2,2,2_1,Capillary
C-3538,all,156,49,4732,2738,18,101790,0,0,0,0,0,C,17,CD4+ T cell,51,29,3,3,3_4,AdventitialFib
C-3539,all,62,31,4338,3584,29,39010,0,0,0,0,0,C,29,Venous endothelial cell,51,31,4,4,4_1_1,CiliatedEpi
C-3540,all,303,74,5269,3264,21,76202,57947,14127,44214,0.242145318,0.757854682,C,156,Inflammatory monocyte,53,22,4,4,4_1_1,ClubEpi
C-3542,all,106,43,5182,2253,23,55495,0,0,0,0,0,C,34,Alveolar fibroblast 1,61,38,1,1,1_4_1,AlveolarFib
C-3543,all,124,46,3960,3791,26,71913,0,0,0,0,0,C,29,Alveolar type 2 cell,45,25,7,7,7_3,Tcell (CD8)
C-3544,all,159,51,4992,3229,26,64384,0,0,0,0,0,C,17,Inflammatory monocyte,49,29,1,1,1_2_3,Tcell (CD4)
C-3545,all,89,45,5283,3184,33,45935,0,0,0,0,0,C,25,Venous endothelial cell,61,44,3,3,3_4,AdventitialFib
C-3546,all,150,51,4977,2690,18,95601,0,0,0,0,0,C,22,CD8+ T cell,48,30,2,2,2_2,InflamMac
C-3547,all,27,17,5599,3071,38,21419,0,0,0,0,0,C,9,Capillary 1 cell,42,17,3,3,3_6,SCMF
C-3554,all,208,63,5046,3116,20,82025,0,0,0,0,0,C,33,Arterial endothelial cell,53,31,2,2,2_2,InflamMac
C-3555,all,72,31,5418,3082,39,23726,0,0,0,0,0,C,9,Proliferative mesenchymal progenitor cell,54,31,1,1,1_2_1,Tcell (CD4)
C-3556,all,77,35,5348,2073,34,37745,0,0,0,0,0,C,4,Alveolar type 1 cell,55,36,1,1,1_4_1,AlveolarFib
C-3557,all,182,47,4797,3066,26,74055,0,0,0,0,0,C,5,B cell,55,24,7,7,7_3,Tcell (CD8)
C-3558,all,137,57,5154,2516,34,65887,0,0,0,0,0,C,34,Alveolar macrophage,46,26,8,8,8_1,AlveolarMac
C-3561,all,17,10,3965,3395,36,18470,0,0,0,0,0,C,6,CD8+ T cell,36,11,2,2,2_2,InflamMac
C-3563,all,15,10,4593,3135,40,14042,0,0,0,0,0,C,3,Alveolar fibroblast 1,33,11,1,1,1_4_3,AlveolarFib
C-3564,all,186,63,4807,3800,36,45514,0,0,0,0,0,C,107,Venous endothelial cell,52,23,4,4,4_1_1,ClubEpi
C-3568,all,24,15,3986,3348,16,26433,0,0,0,0,0,C,10,Alveolar fibroblast 1,44,16,3,3,3_1,SMC
C-3569,all,29,17,3807,3148,32,32331,0,0,0,0,0,C,5,CD4+ T cell,40,17,6,6,6,AT1
C-3570,all,61,12,4485,3131,16,31235,0,0,0,0,0,C,57,CD4+ T cell,45,10,4,4,4_1_2,CiliatedEpi
C-3574,all,204,83,5517,3111,25,116419,0,0,0,0,0,C,63,B cell,51,42,3,3,3_1,SMC
C-3576,all,267,57,4397,3179,25,46495,0,0,0,0,0,C,176,Secretory cell,54,17,4,4,4_2,ClubEpi
C-3577,all,14,11,4668,2966,41,14856,0,0,0,0,0,C,2,Alveolar type 1 cell,28,11,6,6,6,AT1
C-3578,all,314,69,4832,3240,24,116098,785,0,785,0,1,C,31,Venous endothelial cell,54,24,3,3,3_2,SMC
C-3579,all,63,32,4671,3057,23,50062,0,0,0,0,0,C,13,Pericyte,54,32,5,5,5_3,Pericyte
C-3581,all,173,66,4289,3525,24,142031,0,0,0,0,0,C,43,Airway smooth muscle cell,50,35,3,3,3_1,SMC
C-3583,all,61,29,3791,3177,23,87913,0,0,0,0,0,C,21,Alveolar fibroblast 1,56,29,3,3,3_1,SMC
C-3590,all,36,25,4569,3755,40,8991,0,0,0,0,0,C,9,Secretory cell,39,25,4,4,4_1_1,ClubEpi
C-3592,all,281,79,4910,3325,22,74246,214277,223581,64752,0.77542633,0.22457367,C,70,Arterial endothelial cell,54,32,4,4,4_1_1,CiliatedEpi
C-3594,all,58,29,4167,3571,32,74235,0,0,0,0,0,C,14,CD4+ T cell,54,30,3,3,3_2,SMC
C-3600,all,73,31,4729,2983,28,33922,0,0,0,0,0,C,25,Alveolar fibroblast 1,54,31,1,1,1_5_1,LymphaticEndo
C-3604,all,26,18,4990,3149,10,24411,0,0,0,0,0,C,2,Alveolar type 1 cell,39,19,1,1,1_4_1,AlveolarFib
C-3606,all,82,38,5107,2539,14,46225,0,0,0,0,0,C,14,Interstitial macrophage,57,38,8,8,8_2,InterstitialMac
C-3607,all,37,23,4400,3110,28,35779,0,0,0,0,0,C,3,Capillary 1 cell,40,23,3,3,3_3,AdventitialFib
C-3608,all,151,54,4336,3177,31,67557,0,0,0,0,0,C,60,Ciliated cell,56,42,4,4,4_1_2,CiliatedEpi
C-3609,all,141,54,4889,3196,34,49464,0,0,0,0,0,C,18,B cell,46,26,9,9,9,Bcell
C-3610,all,73,33,3925,3792,25,55269,0,0,0,0,0,C,8,Interstitial macrophage,53,33,8,8,8_1,AlveolarMac
C-3611,all,75,31,4753,3068,11,33996,0,0,0,0,0,C,22,CD4+ T cell,57,31,8,8,8_1,AlveolarMac
C-3612,all,32,14,4031,3278,22,36368,0,0,0,0,0,C,15,Inflammatory monocyte,44,15,2,2,2_2,InflamMac
C-3613,all,83,32,4952,2565,15,42095,0,0,0,0,0,C,8,Inflammatory monocyte,57,33,3,3,3_2,SMC
C-3616,all,233,76,4964,2827,28,94337,0,0,0,0,0,C,61,Alveolar fibroblast 1,51,35,7,7,7_4,PatrolMac
C-3617,all,10,6,4217,3719,4,8535,0,0,0,0,0,C,5,Capillary 2 cell,31,6,1,1,1_1,AT2
C-3618,all,75,31,4322,3068,15,69890,0,0,0,0,0,C,17,CD4+ T cell,53,32,1,1,1_4_1,AlveolarFib
C-3621,all,63,30,3867,3127,13,48085,0,0,0,0,0,C,8,Alveolar type 1 cell,53,31,2,2,2_2,InflamMac
C-3623,all,100,34,5260,2498,18,52979,0,0,0,0,0,C,15,Alveolar fibroblast 1,57,31,1,1,1_5_1,LymphaticEndo
C-3625,all,89,40,4001,3483,31,85729,0,0,0,0,0,C,19,Mesothelial cell,61,40,3,3,3_5,SMC
C-3628,all,25,10,4491,2792,9,24472,0,0,0,0,0,C,13,Arterial endothelial cell,42,11,2,2,2_1,Capillary
C-3632,all,228,62,4481,3771,27,54287,0,0,0,0,0,C,127,Alveolar fibroblast 1,53,25,4,4,4_1_1,ClubEpi
C-3633,all,62,31,4012,3303,24,46588,0,0,0,0,0,C,20,B cell,56,31,1,1,1_5_2,AlveolarFib
C-3635,all,118,38,4125,3157,18,94894,0,0,0,0,0,C,25,Proliferative mesenchymal progenitor cell,46,22,5,5,5_3,Pericyte
C-3636,all,102,34,4283,3633,21,65341,0,0,0,0,0,C,45,Capillary 2 cell,53,34,4,4,4_1_2,CiliatedEpi
C-3637,all,49,28,4522,2785,18,41759,0,0,0,0,0,C,11,CD4+ T cell,49,28,2,2,2_1,Capillary
C-3641,all,347,86,5576,3132,18,59707,0,0,0,0,0,C,187,Arterial endothelial cell,53,26,4,4,4_1_1,ClubEpi
C-3642,all,354,85,4546,3784,26,79451,0,0,0,0,0,C,180,Inflammatory monocyte,52,24,4,4,4_1_1,ClubEpi
C-3644,all,45,24,3801,3003,22,53216,0,0,0,0,0,C,11,CD8+ T cell,45,24,2,2,2_2,InflamMac
C-3646,all,164,62,4006,3556,21,105874,0,0,0,0,0,C,33,Alveolar fibroblast 1,50,33,1,1,1_5_1,LymphaticEndo
C-3647,all,8,6,5140,2218,22,18180,0,0,0,0,0,C,4,Sox9+/Id2+ epithelial cell,27,7,3,3,3_2,SMC
C-3652,all,139,54,5416,2101,23,84599,0,0,0,0,0,C,29,CD4+ T cell,45,23,1,1,1_4_1,AlveolarFib
C-3653,all,45,22,5348,2040,37,29006,0,0,0,0,0,C,2,T regulatory cell,46,23,1,1,1_6_2,Neutrophil
C-3654,all,26,15,4678,2779,37,23387,0,0,0,0,0,C,3,Pericyte,43,15,5,5,5_3,Pericyte
C-3655,all,88,36,4984,2525,17,40652,0,0,0,0,0,C,17,Venous endothelial cell,57,35,1,1,1_4_3,AlveolarFib
C-3661,all,217,74,4590,2859,30,100612,0,0,0,0,0,C,52,Inflammatory monocyte,56,43,1,1,1_4_1,AlveolarFib
C-3667,all,33,15,5008,3100,9,18737,0,0,0,0,0,C,11,Inflammatory monocyte,42,16,3,3,3_1,SMC
C-3668,all,64,31,3661,2893,23,60220,0,0,0,0,0,C,21,Proliferative mesenchymal progenitor cell,58,32,3,3,3_1,SMC
C-3671,all,81,43,4988,2773,31,44511,0,0,0,0,0,C,10,Sox9+/Id2+ epithelial cell,60,44,1,1,1_4_1,AlveolarFib
C-3672,all,36,18,5073,2489,18,26717,0,0,0,0,0,C,13,Alveolar macrophage,42,19,3,3,3_1,SMC
C-3674,all,140,51,5171,2387,28,66160,0,0,0,0,0,C,31,Alveolar fibroblast 1,49,26,1,1,1_5_1,LymphaticEndo
C-3675,all,194,68,5128,3277,22,73208,0,0,0,0,0,C,67,Endothelial progenitor cell,53,33,4,4,4_1_1,CiliatedEpi
C-3676,all,148,61,3968,3306,23,110046,0,0,0,0,0,C,45,Alveolar fibroblast 1,48,30,3,3,3_1,SMC
C-3677,all,100,46,5004,2551,22,42659,0,0,0,0,0,C,20,AT1/AT2,61,43,6,6,6,AT1
C-3679,all,109,44,4262,3789,17,52635,0,0,0,0,0,C,26,CD8+ T cell,50,27,2,2,2_2,InflamMac
C-3681,all,83,37,4366,3028,36,45425,0,0,0,0,0,C,15,CD4+ T cell,62,37,7,7,7_2,PatrolMac
C-3684,all,94,40,5395,2032,36,65817,0,0,0,0,0,C,5,Sox9+/Id2+ epithelial cell,63,39,3,3,3_2,SMC
C-3686,all,188,64,5537,2029,18,96276,0,0,0,0,0,C,24,Inflammatory monocyte,51,33,7,7,7_2,PatrolMac
C-3687,all,50,26,4374,3076,31,32512,0,0,0,0,0,C,2,CD4+ T cell,50,26,1,1,1_2_1,Tcell (CD4)
C-3688,all,91,41,5474,3030,12,43162,0,0,0,0,0,C,21,Alveolar type 1 cell,63,42,1,1,1_4_3,AlveolarFib
C-3691,all,209,69,5061,3159,26,86689,0,0,0,0,0,C,23,Inflammatory monocyte,50,36,8,8,8_1,AlveolarMac
C-3693,all,99,42,5205,2275,25,31423,0,0,0,0,0,C,39,Alveolar fibroblast 1,64,38,3,3,3_1,SMC
C-3696,all,193,68,4673,3151,23,85713,1211,0,1211,0,1,C,29,CD4+ T cell,51,35,3,3,3_2,SMC
C-3697,all,116,51,4751,3002,25,59027,0,0,0,0,0,C,9,CD8+ T cell,45,28,1,1,1_2_1,Tcell (CD4)
C-3698,all,68,32,4704,3157,36,32838,0,0,0,0,0,C,11,CD8+ T cell,54,33,2,2,2_2,InflamMac
C-3699,all,46,25,4652,2740,30,26829,0,0,0,0,0,C,8,Capillary 1 cell,46,25,2,2,2_3,Vein
C-3700,all,406,91,5317,3251,24,105906,100100,17327,82437,0.173679885,0.826320115,C,154,Venous endothelial cell,50,23,4,4,4_1_1,CiliatedEpi
C-3703,all,150,54,4007,3203,20,94830,0,0,0,0,0,C,39,CD8+ T cell,47,27,2,2,2_6,pDC
C-3710,all,168,68,5380,3210,22,67832,5529,885,4644,0.160065111,0.839934889,C,56,Venous endothelial cell,50,32,4,4,4_1_1,ClubEpi
C-3713,all,44,22,3954,3703,7,25710,0,0,0,0,0,C,3,Innate lymphoid cell,44,22,7,7,7_2,PatrolMac
C-3714,all,12,6,4564,3126,41,18332,0,0,0,0,0,C,4,Alveolar fibroblast 1,32,7,1,1,1_4_3,AlveolarFib
C-3715,all,140,45,4555,2839,27,69580,0,0,0,0,0,C,85,CD4+ T cell,46,20,7,7,7_2,PatrolMac
C-3716,all,37,20,5100,2516,23,27112,0,0,0,0,0,C,7,Interstitial macrophage,42,20,8,8,8_3,InterstitialMac
C-3717,all,24,15,4508,2828,8,19894,0,0,0,0,0,C,2,Venous endothelial cell,41,15,2,2,2_3,Vein
C-3718,all,187,64,5414,3019,23,81678,0,0,0,0,0,C,32,Alveolar type 1 cell,52,30,6,6,6,AT1
C-3719,all,98,46,5376,3168,31,64017,6213,109,6104,0.01754386,0.98245614,C,47,Ciliated cell,59,45,4,4,4_1_2,CiliatedEpi
C-3720,all,13,9,4240,3742,17,23490,0,0,0,0,0,C,6,Alveolar type 2 cell,31,10,2,2,2_2,InflamMac
C-3721,all,284,89,4882,3245,21,117196,11015,860,10155,0.078075352,0.921924648,C,26,CD4+ T cell,48,30,8,8,8_2,InterstitialMac
C-3722,all,114,46,5097,2463,22,83654,0,0,0,0,0,C,21,Secondary crest myofibroblast,50,33,3,3,3_1,SMC
C-3728,all,46,26,3901,2022,34,38754,0,0,0,0,0,C,21,Secondary crest myofibroblast,47,27,3,3,3_2,SMC
C-3730,all,74,29,5066,2518,15,43519,0,0,0,0,0,C,15,Alveolar type 1 cell,55,29,6,6,6,AT1
C-3731,all,50,24,3807,3035,26,47032,0,0,0,0,0,C,20,Sox9+/Id2+ epithelial cell,52,25,1,1,1_4_3,AlveolarFib
C-3732,all,50,28,4484,3088,14,57202,0,0,0,0,0,C,5,Capillary 1 cell,49,28,2,2,2_1,Capillary
C-3733,all,43,13,4469,3160,29,37720,0,0,0,0,0,C,32,Secondary crest myofibroblast,46,14,3,3,3_1,SMC
C-3735,all,303,44,4331,3653,23,54756,0,0,0,0,0,C,246,Mesothelial cell,63,35,4,4,4_2,CiliatedEpi
C-3736,all,89,40,5281,2086,26,64629,0,0,0,0,0,C,12,CD4+ T cell,62,41,3,3,3_1,SMC
C-3738,all,173,66,5386,2850,14,90771,0,0,0,0,0,C,14,B cell,50,35,2,2,2_1,Capillary
C-3739,all,286,82,4303,2846,18,133981,0,0,0,0,0,C,57,CD8+ T cell,53,43,1,1,1_5_1,LymphaticEndo
C-3740,all,80,42,5273,2461,13,46863,0,0,0,0,0,C,16,Alveolar fibroblast 1,58,42,3,3,3_5,SMC
C-3742,all,67,30,5306,2424,19,33291,0,0,0,0,0,C,5,Alveolar fibroblast 1,56,30,2,2,2_3,Vein
C-3743,all,199,67,5583,3109,31,48690,0,0,0,0,0,C,82,Arterial endothelial cell,46,26,4,4,4_1_2,CiliatedEpi
C-3746,all,351,85,4948,3341,18,70571,554855,241385,156001,0.607432069,0.392567931,C,126,Endothelial progenitor cell,56,32,4,4,4_1_1,CiliatedEpi
C-3747,all,18,11,4203,2837,21,35748,0,0,0,0,0,C,6,Secondary crest myofibroblast,40,12,3,3,3_2,SMC
C-3748,all,104,40,5465,3128,39,22920,0,0,0,0,0,C,54,Secretory cell,60,33,4,4,4_1_1,ClubEpi
C-3750,all,96,34,5499,2970,15,43209,0,0,0,0,0,C,3,Capillary 1 cell,61,34,2,2,2_1,Capillary
C-3753,all,390,67,4373,3726,18,88849,0,0,0,0,0,C,278,Arterial endothelial cell,52,13,4,4,4_2,ClubEpi
C-3757,all,105,35,5052,2468,22,52192,0,0,0,0,0,C,28,Capillary 2 cell,59,31,2,2,2_2,InflamMac
C-3766,all,7,6,4461,1989,7,13469,0,0,0,0,0,C,2,CD4+ T cell,27,8,1,1,1_2_1,Tcell (CD4)
C-3768,all,36,22,3977,1990,13,48695,0,0,0,0,0,C,19,B cell,40,22,3,3,3_4,AdventitialFib
C-3771,all,122,47,5449,2075,29,69461,0,0,0,0,0,C,25,Pericyte,42,22,5,5,5_3,Pericyte
C-3772,all,18,9,4920,2622,7,9358,0,0,0,0,0,C,4,Alveolar fibroblast 1,38,10,1,1,1_4_3,AlveolarFib
C-3773,all,180,65,5020,3151,20,76061,0,0,0,0,0,C,29,CD8+ T cell,58,43,2,2,2_2,InflamMac
C-3774,all,113,45,4340,3100,21,51514,0,0,0,0,0,C,25,Alveolar macrophage,51,30,8,8,8_2,InterstitialMac
C-3776,all,57,28,4886,3084,28,38464,0,0,0,0,0,C,10,Capillary 1 cell,54,28,2,2,2_3,Vein
C-3778,all,85,34,5146,2473,36,42196,0,0,0,0,0,C,10,Proliferative mesenchymal progenitor cell,59,34,1,1,1_2_1,Tcell (CD4)
C-3780,all,416,88,5434,3186,25,105031,3208,1026,2079,0.330434783,0.669565217,C,201,Capillary 1 cell,49,21,4,4,4_1_1,CiliatedEpi
C-3781,all,48,26,4648,2766,36,29787,0,0,0,0,0,C,15,CD8+ T cell,51,27,2,2,2_2,InflamMac
C-3782,all,32,15,4361,2948,36,17522,0,0,0,0,0,C,11,Capillary 2 cell,43,15,1,1,1_3,AT2
C-3786,all,97,33,3994,3270,20,62141,0,0,0,0,0,C,61,Pericyte,59,30,5,5,5_3,Pericyte
C-3787,all,61,23,5027,2466,28,32215,0,0,0,0,0,C,27,B cell,52,24,3,3,3_5,SMC
C-3792,all,152,53,5237,3246,34,34693,2423,158,2265,0.065208419,0.934791581,C,60,Ciliated cell,57,35,4,4,4_1_2,CiliatedEpi
C-3793,all,167,71,4475,3724,39,34922,0,0,0,0,0,C,84,Venous endothelial cell,44,24,4,4,4_1_1,ClubEpi
C-3796,all,425,46,4304,3692,13,75142,0,0,0,0,0,C,372,Alveolar fibroblast 1,57,7,4,4,4_2,ClubEpi
C-3798,all,138,44,5202,2553,32,57095,0,0,0,0,0,C,22,Inflammatory monocyte,48,25,7,7,7_2,PatrolMac
C-3799,all,79,35,4178,3616,22,48721,0,0,0,0,0,C,16,Sox9+/Id2+ epithelial cell,58,35,2,2,2_3,Vein
C-3802,all,34,15,5553,3012,14,16683,0,0,0,0,0,C,6,B cell,42,15,1,1,1_2_1,Tcell (CD4)
C-3805,all,17,10,4321,3595,20,10839,0,0,0,0,0,C,5,Innate lymphoid cell,38,12,2,2,2_5,DC
C-3806,all,145,47,4765,3036,15,54544,0,0,0,0,0,C,21,CD4+ T cell,53,34,3,3,3_1,SMC
C-3813,all,64,26,5312,3194,40,15033,940,105,835,0.111702128,0.888297872,C,30,B cell,47,26,4,4,4_1_1,CiliatedEpi
C-3815,all,49,19,4025,3539,34,30679,0,0,0,0,0,C,23,Sox9+/Id2+ epithelial cell,49,19,1,1,1_4_3,AlveolarFib
C-3816,all,70,36,4993,2812,32,27581,0,0,0,0,0,C,4,CD8+ T cell,54,37,2,2,2_2,InflamMac
C-3819,all,12,8,4465,2751,26,14054,0,0,0,0,0,C,4,Alveolar fibroblast 1,34,9,1,1,1_4_1,AlveolarFib
C-3827,all,92,41,5538,2989,15,35111,0,0,0,0,0,C,11,Arterial endothelial cell,61,40,2,2,2_4,Artery
C-3828,all,34,20,5177,3222,38,12228,0,0,0,0,0,C,5,Alveolar macrophage,44,20,1,1,1_2_3,Tcell (CD4)
C-3830,all,81,28,4133,3198,29,51660,0,0,0,0,0,C,10,Alveolar type 1 cell,54,28,1,1,1_2_3,Tcell (CD4)
C-3831,all,54,29,5216,2517,37,30065,0,0,0,0,0,C,8,Sox9+/Id2+ epithelial cell,53,29,8,8,8_1,AlveolarMac
C-3836,all,76,30,4305,3618,16,38578,0,0,0,0,0,C,41,Secretory cell,55,30,4,4,4_2,ClubEpi
C-3842,all,12,10,3808,5342,34,34901,0,0,0,0,0,C,4,Inflammatory monocyte,30,10,1,1,1_2_3,Tcell (CD4)
C-3843,all,118,55,5316,4492,13,73842,0,0,0,0,0,C,9,Proliferative mesenchymal progenitor cell,46,27,3,3,3_3,AdventitialFib
C-3846,all,69,40,4056,5116,20,89003,0,0,0,0,0,C,21,B cell,58,40,9,9,9,Bcell
C-3847,all,169,56,5506,4874,25,69096,0,0,0,0,0,C,18,Arterial endothelial cell,53,38,2,2,2_4,Artery
C-3849,all,196,79,4665,4470,27,85628,0,0,0,0,0,C,23,Alveolar fibroblast 2,53,43,3,3,3_3,AdventitialFib
C-3850,all,89,39,5338,4912,39,34166,0,0,0,0,0,C,3,Alveolar fibroblast 1,60,39,1,1,1_4_1,AlveolarFib
C-3853,all,48,24,5577,5100,9,29480,0,0,0,0,0,C,5,CD4+ T cell,48,24,3,3,3_4,AdventitialFib
C-3854,all,42,19,4205,4310,30,34364,0,0,0,0,0,C,26,Vascular smooth muscle cell,43,19,3,3,3_2,SMC
C-3855,all,270,66,5160,4064,16,72691,3900,0,3900,0,1,C,144,Ciliated cell,51,20,4,4,4_2,ClubEpi
C-3856,all,42,24,5481,5168,36,29592,0,0,0,0,0,C,9,Sox9+/Id2+ epithelial cell,45,25,2,2,2_2,InflamMac
C-3858,all,67,33,4020,5411,37,52938,0,0,0,0,0,C,11,Mesothelial cell,60,33,3,3,3_3,AdventitialFib
C-3859,all,47,25,5442,5240,22,49529,0,0,0,0,0,C,11,Classical DC subset 2,49,26,2,2,2_2,InflamMac
C-3860,all,171,66,5372,4655,18,87370,0,0,0,0,0,C,6,CD4+ T cell,53,38,1,1,1_4_1,AlveolarFib
C-3861,all,100,37,4272,4924,31,80382,0,0,0,0,0,C,12,Sox9+/Id2+ epithelial cell,59,35,2,2,2_2,InflamMac
C-3863,all,38,16,4486,5309,11,37078,0,0,0,0,0,C,8,Interstitial macrophage,42,17,3,3,3_5,SMC
C-3867,all,54,30,3779,4342,23,56489,0,0,0,0,0,C,21,Pericyte,52,30,5,5,5_3,Pericyte
C-3868,all,244,74,5520,4253,23,71924,0,0,0,0,0,C,125,Ciliated cell,51,25,4,4,4_2,ClubEpi
C-3869,all,43,30,5123,5064,13,77866,0,0,0,0,0,C,8,Inflammatory monocyte,43,30,7,7,7_4,PatrolMac
C-3870,all,46,31,4087,4014,38,23142,0,0,0,0,0,C,12,Alveolar fibroblast 1,46,31,1,1,1_5_1,LymphaticEndo
C-3872,all,127,55,5268,5158,35,71372,0,0,0,0,0,C,8,Mesothelial cell,42,27,3,3,3_3,AdventitialFib
C-3873,all,71,33,5146,5021,13,55640,0,0,0,0,0,C,9,Inflammatory monocyte,54,33,7,7,7_3,Tcell (CD8)
C-3874,all,213,64,5211,4182,33,45117,0,0,0,0,0,C,113,Alveolar fibroblast 1,52,25,4,4,4_2,ClubEpi
C-3875,all,82,39,4217,4273,23,48432,0,0,0,0,0,C,11,Alveolar fibroblast 1,57,40,2,2,2_4,Artery
C-3876,all,174,75,4565,4157,21,86044,1429,0,1429,0,1,C,21,Arterial endothelial cell,50,40,2,2,2_4,Artery
C-3877,all,51,24,4056,5520,23,97518,0,0,0,0,0,C,10,Capillary 2 cell,51,24,2,2,2_6,pDC
C-3879,all,44,26,4209,4941,36,35355,0,0,0,0,0,C,2,Sox9+/Id2+ epithelial cell,46,27,2,2,2_2,InflamMac
C-3880,all,74,38,4516,4909,32,64350,0,0,0,0,0,C,30,Pericyte,57,39,3,3,3_2,SMC
C-3883,all,48,26,4021,4499,11,41196,0,0,0,0,0,C,2,Natural killer cell,53,27,2,2,2_2,InflamMac
C-3884,all,109,47,4063,5289,29,93855,0,0,0,0,0,C,9,Alveolar fibroblast 2,56,36,3,3,3_4,AdventitialFib
C-3885,all,113,45,4255,4474,35,67824,0,0,0,0,0,C,11,Innate lymphoid cell,49,30,2,2,2_5,DC
C-3887,all,267,63,4753,3817,31,80602,0,0,0,0,0,C,164,Alveolar fibroblast 1,50,13,4,4,4_2,ClubEpi
C-3888,all,108,41,5161,5256,25,85989,0,0,0,0,0,C,15,Capillary 2 cell,49,24,2,2,2_1,Capillary
C-3889,all,80,39,4051,4424,29,54711,0,0,0,0,0,C,15,Capillary 1 cell,59,40,2,2,2_2,InflamMac
C-3890,all,158,66,5446,4518,15,81828,0,0,0,0,0,C,16,Alveolar fibroblast 1,47,31,1,1,1_4_1,AlveolarFib
C-3891,all,84,48,4351,3836,33,47787,0,0,0,0,0,C,7,Alveolar macrophage,64,48,2,2,2_5,DC
C-3892,all,121,37,4995,5121,13,61441,0,0,0,0,0,C,18,Arterial endothelial cell,49,22,6,6,6,AT1
C-3894,all,208,68,5259,4571,27,123140,0,0,0,0,0,C,81,Inflammatory monocyte,52,34,8,8,8_1,AlveolarMac
C-3895,all,141,57,4322,5207,20,106377,0,0,0,0,0,C,47,Pericyte,43,24,5,5,5_3,Pericyte
C-3896,all,131,51,4301,4584,19,79464,0,0,0,0,0,C,9,Proliferative mesenchymal progenitor cell,44,24,2,2,2_2,InflamMac
C-3898,all,377,98,5555,4251,24,103293,0,0,0,0,0,C,133,Ciliated cell,45,28,4,4,4_1_2,CiliatedEpi
C-3901,all,63,35,4303,4332,20,45337,0,0,0,0,0,C,6,Vascular smooth muscle cell,58,36,3,3,3_2,SMC
C-3902,all,215,56,4531,4402,22,98433,0,0,0,0,0,C,19,Arterial endothelial cell,51,30,2,2,2_4,Artery
C-3903,all,115,44,5428,5340,36,72506,0,0,0,0,0,C,12,Natural killer cell,50,29,3,3,3_4,AdventitialFib
C-3904,all,36,19,5399,4207,15,9286,0,0,0,0,0,C,8,B cell,41,19,3,3,3_4,AdventitialFib
C-3905,all,121,47,5194,4701,14,70035,0,0,0,0,0,C,9,Capillary 1 cell,45,26,2,2,2_2,InflamMac
C-3906,all,160,31,4556,3828,11,35058,0,0,0,0,0,C,112,Capillary 1 cell,58,31,4,4,4_2,CiliatedEpi
C-3907,all,57,29,3976,4002,37,53479,0,0,0,0,0,C,4,CD8+ T cell,55,30,2,2,2_2,InflamMac
C-3908,all,24,13,3941,5501,25,39292,0,0,0,0,0,C,6,Alveolar type 1 cell,44,14,3,3,3_5,SMC
C-3909,all,43,15,3969,5527,17,36963,0,0,0,0,0,C,14,Sox9+/Id2+ epithelial cell,44,15,2,2,2_3,Vein
C-3912,all,169,63,4627,4358,22,94205,0,0,0,0,0,C,15,Arterial endothelial cell,53,38,3,3,3_5,SMC
C-3913,all,104,52,4078,4345,27,71936,0,0,0,0,0,C,22,Alveolar fibroblast 1,65,49,3,3,3_1,SMC
C-3914,all,66,36,4323,4827,27,104034,0,0,0,0,0,C,14,B cell,57,36,9,9,9,Bcell
C-3915,all,43,22,5587,4855,13,26343,0,0,0,0,0,C,7,Inflammatory monocyte,45,23,2,2,2_2,InflamMac
C-3916,all,132,20,4127,4907,17,54303,0,0,0,0,0,C,110,Alveolar type 2 cell,47,7,1,1,1_1,AT2
C-3920,all,84,39,5038,4057,36,43597,0,0,0,0,0,C,19,Sox9+/Id2+ epithelial cell,55,38,4,4,4_1_1,CiliatedEpi
C-3921,all,129,71,5331,4698,23,81431,0,0,0,0,0,C,17,Alveolar type 1 cell,40,27,6,6,6,AT1
C-3928,all,106,40,5556,5144,31,61447,0,0,0,0,0,C,62,Alveolar type 2 cell,54,31,1,1,1_1,AT2
C-3929,all,186,67,5374,4206,13,47819,0,0,0,0,0,C,79,Alveolar fibroblast 1,52,30,4,4,4_1_1,ClubEpi
C-3931,all,32,20,5286,4835,30,32333,0,0,0,0,0,C,4,Sox9+/Id2+ epithelial cell,42,20,2,2,2_1,Capillary
C-3933,all,164,50,4285,4777,21,108894,0,0,0,0,0,C,19,Proliferative mesenchymal progenitor cell,54,31,2,2,2_2,InflamMac
C-3937,all,113,46,4086,4204,30,81927,0,0,0,0,0,C,25,Arterial endothelial cell,43,22,3,3,3_2,SMC
C-3940,all,67,26,4032,4455,19,51465,0,0,0,0,0,C,6,Proliferative mesenchymal progenitor cell,52,25,2,2,2_1,Capillary
C-3941,all,19,9,3934,5378,15,26807,0,0,0,0,0,C,2,Sox9+/Id2+ epithelial cell,38,9,1,1,1_3,AT2
C-3942,all,26,11,5246,5088,34,34877,0,0,0,0,0,C,3,Neutrophil,41,11,2,2,2_3,Vein
C-3943,all,38,25,3774,3877,19,44032,0,0,0,0,0,C,6,Secondary crest myofibroblast,42,26,3,3,3_1,SMC
C-3946,all,101,44,4120,4292,19,76477,0,0,0,0,0,C,25,Vascular smooth muscle cell,62,40,3,3,3_2,SMC
C-3947,all,39,25,3835,5343,21,44061,0,0,0,0,0,C,9,Neutrophil,40,25,6,6,6,AT1
C-3949,all,258,96,5458,4212,16,69545,0,0,0,0,0,C,82,Venous endothelial cell,46,28,4,4,4_1_1,ClubEpi
C-3952,all,68,33,4776,4945,32,68280,0,0,0,0,0,C,24,Alveolar fibroblast 1,52,33,9,9,9,Bcell
C-3953,all,101,46,5493,4825,15,50628,0,0,0,0,0,C,14,Mesothelial cell,63,42,3,3,3_3,AdventitialFib
C-3955,all,99,44,5549,4852,13,43230,0,0,0,0,0,C,15,Airway smooth muscle cell,60,40,3,3,3_2,SMC
C-3957,all,139,62,5303,5241,32,71368,0,0,0,0,0,C,17,Capillary 2 cell,47,30,2,2,2_2,InflamMac
C-3958,all,13,4,4266,3971,4,13131,0,0,0,0,0,C,11,Alveolar type 2 cell,35,4,1,1,1_1,AT2
C-3959,all,86,41,5432,4641,38,36407,0,0,0,0,0,C,18,Alveolar fibroblast 2,61,41,3,3,3_3,AdventitialFib
C-3960,all,55,21,5014,5605,35,38011,0,0,0,0,0,C,11,Alveolar type 1 cell,52,21,6,6,6,AT1
C-3964,all,82,26,4904,4921,10,23076,0,0,0,0,0,C,9,Alveolar type 1 cell,57,26,6,6,6,AT1
C-3965,all,41,22,4068,4999,38,34092,0,0,0,0,0,C,12,Alveolar macrophage,44,22,6,6,6,AT1
C-3967,all,38,24,4380,4143,13,26745,0,0,0,0,0,C,5,Vascular smooth muscle cell,42,25,2,2,2_4,Artery
C-3969,all,75,44,5491,4905,21,54221,0,0,0,0,0,C,4,Sox9+/Id2+ epithelial cell,61,45,3,3,3_2,SMC
C-3972,all,48,16,4342,5241,34,39712,0,0,0,0,0,C,26,Secondary crest myofibroblast,50,17,3,3,3_2,SMC
C-3973,all,26,16,4442,4081,38,31244,0,0,0,0,0,C,3,Alveolar fibroblast 1,43,17,1,1,1_4_1,AlveolarFib
C-3974,all,158,48,4285,4039,11,86224,0,0,0,0,0,C,12,Neutrophil,53,28,1,1,1_2_1,Tcell (CD4)
C-3975,all,226,70,4957,4910,14,105390,0,0,0,0,0,C,39,Sox9+/Id2+ epithelial cell,48,30,2,2,2_2,InflamMac
C-3976,all,99,41,4293,5097,17,74032,0,0,0,0,0,C,11,Ciliated cell,61,37,3,3,3_2,SMC
C-3977,all,69,28,4155,4811,35,69122,0,0,0,0,0,C,23,CD4+ T cell,56,28,7,7,7_2,PatrolMac
C-3978,all,22,14,5146,4590,34,16783,0,0,0,0,0,C,2,Proliferative mesenchymal progenitor cell,41,15,3,3,3_1,SMC
C-3980,all,59,34,4005,3863,23,54916,0,0,0,0,0,C,10,Alveolar type 1 cell,54,35,1,1,1_4_1,AlveolarFib
C-3981,all,24,15,4585,4106,33,26723,0,0,0,0,0,C,7,Airway smooth muscle cell,43,16,3,3,3_2,SMC
C-3983,all,64,38,3841,5373,18,60501,0,0,0,0,0,C,6,Venous endothelial cell,58,38,1,1,1_3,AT2
C-3984,all,188,62,5201,5002,14,86509,0,0,0,0,0,C,14,Alveolar fibroblast 1,54,34,1,1,1_4_1,AlveolarFib
C-3985,all,38,24,4362,4387,34,35727,0,0,0,0,0,C,7,Alveolar fibroblast 1,42,25,3,3,3_2,SMC
C-3987,all,90,37,4116,5236,32,72648,0,0,0,0,0,C,14,AT1/AT2,58,37,6,6,6,AT1
C-3988,all,84,39,4169,4978,26,60478,0,0,0,0,0,C,11,Capillary 1 cell,59,39,9,9,9,Bcell
C-3989,all,32,16,3875,4190,17,22851,0,0,0,0,0,C,3,Proliferative mesenchymal progenitor cell,42,16,1,1,1_5_2,AlveolarFib
C-3990,all,134,56,5330,4218,26,50907,0,0,0,0,0,C,47,Secretory cell,45,22,4,4,4_1_2,ClubEpi
C-3991,all,66,20,3872,4160,14,40864,0,0,0,0,0,C,6,Alveolar fibroblast 1,53,20,6,6,6,AT1
C-3992,all,22,10,4492,4097,36,21241,0,0,0,0,0,C,9,Secondary crest myofibroblast,39,11,3,3,3_2,SMC
C-3994,all,111,50,3999,4165,31,72852,0,0,0,0,0,C,12,B cell,52,32,1,1,1_5_1,LymphaticEndo
C-3996,all,59,23,4168,3911,13,49753,0,0,0,0,0,C,17,Sox9+/Id2+ epithelial cell,54,23,6,6,6,AT1
C-3998,all,58,31,5490,4996,20,44752,0,0,0,0,0,C,16,Secondary crest myofibroblast,55,31,3,3,3_5,SMC
C-4001,all,73,33,3942,4488,33,56882,0,0,0,0,0,C,13,Alveolar type 1 cell,57,33,1,1,1_4_1,AlveolarFib
C-4003,all,289,93,5128,4098,33,76993,0,0,0,0,0,C,127,Ciliated cell,45,24,4,4,4_1_2,ClubEpi
C-4004,all,23,22,4371,4086,39,23701,0,0,0,0,0,C,5,Vascular smooth muscle cell,45,23,3,3,3_2,SMC
C-4008,all,81,45,4057,4165,28,55453,0,0,0,0,0,C,10,Alveolar fibroblast 1,59,46,3,3,3_2,SMC
C-4009,all,126,55,4173,4283,25,112068,0,0,0,0,0,C,26,Vascular smooth muscle cell,45,31,3,3,3_2,SMC
C-4013,all,197,61,5265,4192,31,58661,0,0,0,0,0,C,115,Secretory cell,51,22,4,4,4_2,ClubEpi
C-4015,all,61,35,4134,4692,38,51213,0,0,0,0,0,C,9,CD8+ T cell,56,35,7,7,7_2,PatrolMac
C-4017,all,46,23,5482,4359,40,10507,0,0,0,0,0,C,15,Secondary crest myofibroblast,41,22,4,4,4_1_2,CiliatedEpi
C-4021,all,60,23,5256,4243,40,17629,0,0,0,0,0,C,45,Ciliated cell,34,23,4,4,4_2,CiliatedEpi
C-4023,all,197,74,4272,4366,17,97403,101,0,101,0,1,C,30,Interstitial macrophage,52,38,3,3,3_3,AdventitialFib
C-4024,all,98,48,5001,5241,30,91013,0,0,0,0,0,C,10,Alveolar fibroblast 1,60,45,3,3,3_5,SMC
C-4026,all,54,34,4023,4195,35,40834,0,0,0,0,0,C,2,T regulatory cell,55,35,1,1,1_6_2,Neutrophil
C-4027,all,113,49,4992,4987,27,85499,0,0,0,0,0,C,14,Pericyte,50,30,5,5,5_3,Pericyte
C-4028,all,21,12,5256,5331,11,20434,0,0,0,0,0,C,2,Natural killer cell,41,13,2,2,2_2,InflamMac
C-4030,all,141,60,5241,4948,20,90675,0,0,0,0,0,C,21,Inflammatory monocyte,44,30,9,9,9,Bcell
C-4032,all,47,20,5070,4894,37,29807,0,0,0,0,0,C,3,Alveolar fibroblast 2,47,20,3,3,3_3,AdventitialFib
C-4033,all,113,49,4411,4158,16,52001,0,0,0,0,0,C,14,Inflammatory monocyte,45,25,3,3,3_2,SMC
C-4034,all,314,88,5417,4229,24,94063,0,0,0,0,0,C,129,Natural killer cell,52,39,4,4,4_1_2,CiliatedEpi
C-4035,all,53,32,5237,4990,15,23444,0,0,0,0,0,C,2,Natural killer cell,54,33,2,2,2_2,InflamMac
C-4036,all,109,44,5300,4393,14,74628,0,0,0,0,0,C,13,Innate lymphoid cell,58,35,7,7,7_3,Tcell (CD8)
C-4037,all,89,44,3998,4981,30,82426,0,0,0,0,0,C,9,Alveolar fibroblast 1,62,44,1,1,1_5_1,LymphaticEndo
C-4038,all,204,74,4991,4031,25,124511,0,0,0,0,0,C,62,Arterial endothelial cell,50,32,3,3,3_1,SMC
C-4039,all,253,36,4689,3843,12,63173,0,0,0,0,0,C,201,Capillary 1 cell,54,35,4,4,4_2,CiliatedEpi
C-4042,all,191,49,4212,4751,16,99713,0,0,0,0,0,C,30,Alveolar type 1 cell,56,30,6,6,6,AT1
C-4043,all,30,18,5582,5409,37,48391,0,0,0,0,0,C,7,Alveolar fibroblast 2,40,20,2,2,2_5,DC
C-4045,all,18,12,4009,4259,26,13446,0,0,0,0,0,C,4,Alveolar fibroblast 1,40,13,2,2,2_4,Artery
C-4048,all,69,27,3899,4862,18,67126,0,0,0,0,0,C,4,Alveolar type 1 cell,54,27,1,1,1_5_2,AlveolarFib
C-4051,all,87,40,4379,4734,17,72856,0,0,0,0,0,C,7,Sox9+/Id2+ epithelial cell,59,41,2,2,2_2,InflamMac
C-4053,all,129,49,4978,3917,25,44794,2382,50,2332,0.020990764,0.979009236,C,67,Secretory cell,44,17,4,4,4_1_2,ClubEpi
C-4054,all,324,82,5013,3942,27,99596,5291,2062,3229,0.38971839,0.61028161,C,160,Alveolar fibroblast 1,51,35,4,4,4_1_2,CiliatedEpi
C-4055,all,111,39,4767,3870,22,31740,0,0,0,0,0,C,53,Endothelial progenitor cell,57,38,4,4,4_1_1,CiliatedEpi
C-4056,all,52,29,4401,4111,32,37303,0,0,0,0,0,C,19,Vascular smooth muscle cell,51,29,3,3,3_2,SMC
C-4057,all,52,23,3931,5341,13,67920,0,0,0,0,0,C,9,Inflammatory monocyte,53,25,2,2,2_5,DC
C-4058,all,42,23,3911,4624,28,100211,0,0,0,0,0,C,11,B cell,44,23,9,9,9,Bcell
C-4060,all,64,33,4102,4746,39,56907,0,0,0,0,0,C,14,B cell,53,33,9,9,9,Bcell
C-4061,all,160,60,4327,4139,28,83963,0,0,0,0,0,C,30,Alveolar fibroblast 1,54,40,3,3,3_2,SMC
C-4062,all,82,38,5367,4285,22,45172,0,0,0,0,0,C,36,Ciliated cell,58,38,4,4,4_1_2,CiliatedEpi
C-4065,all,101,33,5123,4034,13,27415,843,0,843,0,1,C,53,Capillary 1 cell,54,32,4,4,4_2,CiliatedEpi
C-4067,all,177,65,5082,5065,27,93290,0,0,0,0,0,C,31,Vascular smooth muscle cell,49,29,1,1,1_4_1,AlveolarFib
C-4069,all,144,64,5488,4961,22,69534,0,0,0,0,0,C,17,Arterial endothelial cell,42,25,2,2,2_4,Artery
C-4070,all,115,50,4150,4493,22,71490,0,0,0,0,0,C,43,Pericyte,46,26,5,5,5_3,Pericyte
C-4073,all,48,32,4145,3878,32,57711,0,0,0,0,0,C,4,Alveolar type 1 cell,48,32,3,3,3_2,SMC
C-4074,all,45,27,4439,4134,26,40276,0,0,0,0,0,C,6,Vascular smooth muscle cell,45,27,5,5,5_3,Pericyte
C-4075,all,54,33,3938,4213,21,44261,0,0,0,0,0,C,3,B cell,53,33,1,1,1_2_1,Tcell (CD4)
C-4077,all,166,44,3905,4281,11,81049,0,0,0,0,0,C,98,Sox9+/Id2+ epithelial cell,49,19,1,1,1_1,AT2
C-4078,all,93,42,4165,4623,31,59929,0,0,0,0,0,C,15,CD8+ T cell,62,42,2,2,2_2,InflamMac
C-4079,all,146,56,4362,4630,26,90195,0,0,0,0,0,C,26,Alveolar type 1 cell,44,26,6,6,6,AT1
C-4080,all,100,50,4170,4571,20,76681,0,0,0,0,0,C,20,CD8+ T cell,63,44,5,5,5_3,Pericyte
C-4082,all,62,32,5526,5468,34,44405,0,0,0,0,0,C,16,Inflammatory monocyte,54,32,2,2,2_6,pDC
C-4084,all,51,31,4440,5313,33,43078,0,0,0,0,0,C,8,Alveolar fibroblast 1,55,32,3,3,3_5,SMC
C-4086,all,101,46,4173,5652,30,88488,0,0,0,0,0,C,15,Alveolar fibroblast 1,60,43,1,1,1_5_1,LymphaticEndo
C-4087,all,143,63,5276,4712,26,101171,0,0,0,0,0,C,48,Alveolar fibroblast 1,39,20,1,1,1_5_2,AlveolarFib
C-4088,all,40,18,4213,4100,26,31361,0,0,0,0,0,C,11,Secondary crest myofibroblast,43,18,3,3,3_2,SMC
C-4090,all,53,32,3848,5543,19,56840,0,0,0,0,0,C,7,Venous endothelial cell,53,32,3,3,3_4,AdventitialFib
C-4091,all,92,51,4793,3933,35,49941,0,0,0,0,0,C,19,Ciliated cell,66,52,4,4,4_1_3,CiliatedEpi
C-4096,all,213,63,4799,3839,34,69260,0,0,0,0,0,C,97,Alveolar fibroblast 1,44,20,4,4,4_1_2,CiliatedEpi
C-4098,all,251,51,4738,3860,16,49136,0,0,0,0,0,C,181,Capillary 1 cell,67,46,4,4,4_2,CiliatedEpi
C-4099,all,18,5,4268,5640,11,24243,0,0,0,0,0,C,11,Proliferative mesenchymal progenitor cell,35,5,1,1,1_1,AT2
C-4100,all,27,14,5407,4305,34,10027,0,0,0,0,0,C,15,Capillary 1 cell,36,13,4,4,4_1_2,CiliatedEpi
C-4101,all,114,49,4482,4429,30,77146,0,0,0,0,0,C,19,Pericyte,50,33,3,3,3_2,SMC
C-4102,all,46,32,5459,4362,40,7983,0,0,0,0,0,C,11,Ciliated cell,43,31,4,4,4_1_1,CiliatedEpi
C-4104,all,122,55,4902,4952,10,48007,0,0,0,0,0,C,21,Alveolar type 1 cell,42,23,6,6,6,AT1
C-4109,all,262,66,4926,3902,13,52531,0,0,0,0,0,C,155,Ciliated cell,43,30,4,4,4_2,CiliatedEpi
C-4110,all,138,54,4251,4114,22,83544,0,0,0,0,0,C,33,Vascular smooth muscle cell,50,31,3,3,3_2,SMC
C-4111,all,170,31,5092,4771,16,89022,0,0,0,0,0,C,131,Alveolar type 2 cell,47,11,1,1,1_1,AT2
C-4112,all,69,31,4485,4801,20,43109,0,0,0,0,0,C,24,Inflammatory monocyte,55,32,2,2,2_2,InflamMac
C-4113,all,55,31,4554,4126,28,41963,0,0,0,0,0,C,7,Alveolar type 1 cell,53,31,3,3,3_2,SMC
C-4114,all,44,27,3843,3964,25,46314,0,0,0,0,0,C,5,Alveolar type 1 cell,45,27,6,6,6,AT1
C-4115,all,82,34,5433,4292,21,41324,0,0,0,0,0,C,51,Arterial endothelial cell,53,34,4,4,4_2,CiliatedEpi
C-4116,all,111,39,3799,3950,24,74302,0,0,0,0,0,C,10,Alveolar type 1 cell,48,21,6,6,6,AT1
C-4119,all,106,40,5158,5307,25,85350,0,0,0,0,0,C,23,Alveolar type 1 cell,58,33,6,6,6,AT1
C-4120,all,137,56,3776,4657,18,96939,0,0,0,0,0,C,31,Alveolar fibroblast 1,47,30,1,1,1_5_2,AlveolarFib
C-4121,all,300,84,5173,4110,23,79405,361,0,361,0,1,C,133,Alveolar fibroblast 1,47,19,4,4,4_1_2,ClubEpi
C-4125,all,67,17,4864,3894,7,15287,111,0,111,0,1,C,35,Capillary 1 cell,55,17,4,4,4_2,ClubEpi
C-4126,all,67,33,5421,5264,20,52390,0,0,0,0,0,C,6,Pulmonary neuroendocrine cell,57,34,2,2,2_2,InflamMac
C-4128,all,50,19,3839,4478,33,43499,0,0,0,0,0,C,6,CD8+ T cell,50,19,7,7,7_2,PatrolMac
C-4129,all,95,15,4643,3832,10,21397,0,0,0,0,0,C,82,Capillary 1 cell,37,15,4,4,4_2,CiliatedEpi
C-4130,all,54,29,4246,4295,12,31867,0,0,0,0,0,C,16,Vascular smooth muscle cell,53,30,3,3,3_2,SMC
C-4131,all,152,64,5501,4308,30,86353,0,0,0,0,0,C,64,Ciliated cell,61,49,4,4,4_1_2,CiliatedEpi
C-4134,all,36,20,5538,5366,34,54812,0,0,0,0,0,C,3,Neutrophil,41,21,2,2,2_2,InflamMac
C-4135,all,24,8,4244,3850,6,18764,0,0,0,0,0,C,11,Proliferative mesenchymal progenitor cell,44,8,1,1,1_1,AT2
C-4136,all,98,37,5404,4278,24,52510,0,0,0,0,0,C,46,Capillary 1 cell,58,36,4,4,4_2,CiliatedEpi
C-4137,all,87,42,4201,4543,15,50033,0,0,0,0,0,C,20,Inflammatory monocyte,63,41,1,1,1_5_1,LymphaticEndo
C-4140,all,65,30,4190,5618,25,74579,0,0,0,0,0,C,11,Inflammatory monocyte,57,30,7,7,7_3,Tcell (CD8)
C-4141,all,160,51,3947,4540,26,121166,0,0,0,0,0,C,70,B cell,46,24,2,2,2_2,InflamMac
C-4145,all,62,35,4897,3983,37,29304,0,0,0,0,0,C,11,Alveolar fibroblast 1,58,36,3,3,3_1,SMC
C-4148,all,52,32,3851,4005,21,32186,0,0,0,0,0,C,8,Classical DC subset 2,52,32,7,7,7_3,Tcell (CD8)
C-4149,all,65,28,4512,4154,22,40233,0,0,0,0,0,C,12,Vascular smooth muscle cell,56,29,3,3,3_2,SMC
C-4150,all,72,41,5182,4572,35,36984,0,0,0,0,0,C,4,Alveolar macrophage,55,42,1,1,1_4_1,AlveolarFib
C-4152,all,19,12,4467,4112,30,18769,0,0,0,0,0,C,3,Sox9+/Id2+ epithelial cell,39,13,3,3,3_2,SMC
C-4154,all,50,27,4414,4363,17,41793,0,0,0,0,0,C,8,Mesothelial cell,51,28,3,3,3_5,SMC
C-4155,all,147,74,3981,4234,30,97138,0,0,0,0,0,C,23,Alveolar fibroblast 1,45,34,1,1,1_4_1,AlveolarFib
C-4156,all,103,37,5052,4512,19,45979,0,0,0,0,0,C,13,Interstitial macrophage,59,33,8,8,8_3,InterstitialMac
C-4157,all,123,51,3997,4415,13,80784,0,0,0,0,0,C,23,Inflammatory monocyte,43,25,1,1,1_2_3,Tcell (CD4)
C-4159,all,99,38,4999,5310,20,100453,0,0,0,0,0,C,17,Alveolar fibroblast 1,62,37,3,3,3_1,SMC
C-4160,all,51,31,4423,5345,31,63934,0,0,0,0,0,C,10,Alveolar fibroblast 1,54,32,3,3,3_5,SMC
C-4161,all,46,19,4368,4359,23,23112,0,0,0,0,0,C,12,Inflammatory monocyte,51,20,3,3,3_5,SMC
C-4162,all,60,25,4183,3871,12,36286,0,0,0,0,0,C,20,Alveolar type 1 cell,54,26,1,1,1_4_3,AlveolarFib
C-4163,all,41,24,5539,4974,36,15968,0,0,0,0,0,C,7,B cell,43,25,3,3,3_2,SMC
C-4164,all,29,19,3813,5564,22,70561,0,0,0,0,0,C,3,CD4+ T cell,37,19,1,1,1_2_1,Tcell (CD4)
C-4165,all,83,24,4175,5209,18,63897,0,0,0,0,0,C,10,Alveolar type 1 cell,55,24,6,6,6,AT1
C-4166,all,298,81,4895,3929,28,87437,0,0,0,0,0,C,167,Ciliated cell,47,34,4,4,4_2,CiliatedEpi
C-4167,all,23,12,4903,5011,12,26636,0,0,0,0,0,C,2,Alveolar macrophage,42,12,8,8,8_1,AlveolarMac
C-4169,all,49,29,4276,4319,25,30482,0,0,0,0,0,C,8,Arterial endothelial cell,49,29,3,3,3_5,SMC
C-4171,all,215,85,5197,4141,20,75860,0,0,0,0,0,C,41,Ciliated cell,51,35,4,4,4_1_3,ClubEpi
C-4174,all,115,46,4726,4870,25,42140,0,0,0,0,0,C,16,Alveolar fibroblast 1,44,26,1,1,1_4_1,AlveolarFib
C-4176,all,42,27,4621,4133,25,41292,0,0,0,0,0,C,13,Inflammatory monocyte,44,28,3,3,3_2,SMC
C-4177,all,9,8,4063,3859,39,16106,0,0,0,0,0,C,2,Sox9+/Id2+ epithelial cell,25,9,1,1,1_6_2,Neutrophil
C-4179,all,58,29,4152,4943,21,49236,0,0,0,0,0,C,14,Chondrocyte,53,29,9,9,9,Bcell
C-4180,all,48,15,5327,4559,10,21015,0,0,0,0,0,C,17,Classical DC subset 2,48,15,7,7,7_3,Tcell (CD8)
C-4181,all,98,52,4007,4288,34,53769,0,0,0,0,0,C,11,Endothelial progenitor cell,64,51,2,2,2_1,Capillary
C-4182,all,52,28,4115,4133,17,47205,0,0,0,0,0,C,12,Pericyte,53,29,3,3,3_2,SMC
C-4183,all,138,58,4852,3961,34,83791,0,0,0,0,0,C,30,Secretory cell,48,30,4,4,4_1_3,ClubEpi
C-4184,all,55,34,3786,5156,29,63014,0,0,0,0,0,C,18,Inflammatory monocyte,54,34,7,7,7_2,PatrolMac
C-4186,all,31,19,5006,5027,32,25231,0,0,0,0,0,C,2,CD4+ T cell,39,19,1,1,1_2_1,Tcell (CD4)
C-4187,all,137,59,4686,4312,22,89952,0,0,0,0,0,C,17,Secondary crest myofibroblast,45,29,3,3,3_2,SMC
C-4188,all,69,35,5047,5153,21,111838,0,0,0,0,0,C,4,Capillary 1 cell,55,35,2,2,2_1,Capillary
C-4189,all,101,35,5447,4330,36,34189,0,0,0,0,0,C,72,Ciliated cell,44,35,4,4,4_2,CiliatedEpi
C-4190,all,176,72,5383,4577,35,67914,0,0,0,0,0,C,15,Inflammatory monocyte,54,40,8,8,8_3,InterstitialMac
C-4191,all,100,26,5319,4251,35,28959,0,0,0,0,0,C,74,B cell,58,20,4,4,4_2,ClubEpi
C-4192,all,200,67,5220,4759,26,146161,0,0,0,0,0,C,29,CD8+ T cell,50,32,7,7,7_2,PatrolMac
C-4193,all,110,47,3913,4155,14,57324,0,0,0,0,0,C,14,Interstitial macrophage,53,25,8,8,8_3,InterstitialMac
C-4195,all,22,8,3661,3979,36,17519,0,0,0,0,0,C,11,B cell,40,8,9,9,9,Bcell
C-4197,all,46,18,5240,4314,40,9506,0,0,0,0,0,C,31,Ciliated cell,38,17,4,4,4_2,CiliatedEpi
C-4201,all,22,4,3797,4195,6,8787,0,0,0,0,0,C,17,Sox9+/Id2+ epithelial cell,44,4,1,1,1_1,AT2
C-4202,all,81,38,3936,4180,29,53176,0,0,0,0,0,C,6,Inflammatory monocyte,59,38,2,2,2_1,Capillary
C-4204,all,70,35,4535,4100,35,40759,0,0,0,0,0,C,22,Vascular smooth muscle cell,54,35,3,3,3_2,SMC
C-4206,all,59,29,4650,4148,35,28940,0,0,0,0,0,C,23,Pericyte,55,29,3,3,3_2,SMC
C-4208,all,73,18,3989,5493,14,54065,0,0,0,0,0,C,60,Alveolar type 2 cell,53,18,1,1,1_1,AT2
C-4209,all,256,72,5052,4003,22,95174,51,0,51,0,1,C,103,Secretory cell,52,27,4,4,4_1_2,ClubEpi
C-4210,all,137,59,4178,3988,32,60620,0,0,0,0,0,C,12,Mesothelial cell,49,30,3,3,3_3,AdventitialFib
C-4211,all,40,28,4513,4838,36,51764,0,0,0,0,0,C,9,Arterial endothelial cell,41,28,7,7,7_2,PatrolMac
C-4213,all,150,54,4208,3955,22,64010,0,0,0,0,0,C,21,Mesothelial cell,50,30,3,3,3_3,AdventitialFib
C-4214,all,45,17,3789,5628,25,50278,0,0,0,0,0,C,5,Alveolar type 1 cell,46,17,6,6,6,AT1
C-4215,all,168,55,5574,4936,27,68030,0,0,0,0,0,C,9,Inflammatory monocyte,49,27,3,3,3_2,SMC
C-4220,all,233,73,4858,4467,24,107114,0,0,0,0,0,C,57,Alveolar fibroblast 2,50,29,3,3,3_3,AdventitialFib
C-4221,all,12,8,4412,3867,38,15313,0,0,0,0,0,C,6,Alveolar fibroblast 1,32,9,1,1,1_4_3,AlveolarFib
C-4222,all,145,68,4935,3979,28,64784,0,0,0,0,0,C,29,Endothelial progenitor cell,40,30,4,4,4_1_1,CiliatedEpi
C-4225,all,207,71,4654,4328,21,116740,0,0,0,0,0,C,23,Alveolar fibroblast 1,51,36,3,3,3_2,SMC
C-4226,all,373,94,5246,4150,20,87032,8707,946,7761,0.108648214,0.891351786,C,155,Ciliated cell,49,25,4,4,4_1_2,ClubEpi
C-4227,all,132,50,5355,4245,27,56303,0,0,0,0,0,C,75,Arterial endothelial cell,59,49,4,4,4_2,CiliatedEpi
C-4229,all,45,25,4030,5545,27,49476,0,0,0,0,0,C,15,Alveolar type 2 cell,46,25,2,2,2_6,pDC
C-4230,all,21,17,4415,4429,38,17461,0,0,0,0,0,C,2,Sox9+/Id2+ epithelial cell,42,17,2,2,2_6,pDC
C-4231,all,199,50,5122,4005,11,46220,14477,762,13715,0.052635214,0.947364786,C,112,Secretory cell,63,43,4,4,4_2,CiliatedEpi
C-4234,all,112,53,5364,5051,33,54825,0,0,0,0,0,C,10,Arterial endothelial cell,50,31,2,2,2_5,DC
C-4235,all,109,38,5370,4370,18,54396,0,0,0,0,0,C,13,Capillary 1 cell,55,29,1,1,1_4_1,AlveolarFib
C-4236,all,132,44,5408,5444,18,90353,0,0,0,0,0,C,12,Alveolar type 1 cell,46,22,6,6,6,AT1
C-4237,all,92,20,3796,4164,9,29779,0,0,0,0,0,C,68,Alveolar type 2 cell,55,20,1,1,1_3,AT2
C-4241,all,154,56,5289,4157,18,43824,0,0,0,0,0,C,59,Ciliated cell,50,27,4,4,4_1_2,ClubEpi
C-4243,all,126,53,4048,4043,36,62909,0,0,0,0,0,C,13,Alveolar fibroblast 1,46,28,2,2,2_4,Artery
C-4244,all,207,74,5085,4047,28,37381,0,0,0,0,0,C,83,Ciliated cell,47,33,4,4,4_1_2,CiliatedEpi
C-4248,all,108,46,5561,4816,26,77267,0,0,0,0,0,C,17,Pericyte,61,36,3,3,3_2,SMC
C-4251,all,62,32,5350,4323,34,42616,0,0,0,0,0,C,29,Ciliated cell,45,31,4,4,4_1_2,CiliatedEpi
C-4252,all,226,71,5081,4111,34,88165,0,0,0,0,0,C,82,Ciliated cell,55,39,4,4,4_1_2,CiliatedEpi
C-4253,all,186,75,5172,4208,33,83965,0,0,0,0,0,C,57,Ciliated cell,39,29,4,4,4_1_2,CiliatedEpi
C-4254,all,51,31,5392,4333,41,10313,0,0,0,0,0,C,20,Alveolar fibroblast 1,51,31,4,4,4_1_1,ClubEpi
C-4255,all,375,97,5328,4171,26,105625,0,0,0,0,0,C,157,Ciliated cell,48,27,4,4,4_1_1,ClubEpi
C-4256,all,31,17,5010,3981,38,19282,0,0,0,0,0,C,11,Ciliated cell,42,16,4,4,4_1_2,CiliatedEpi
C-4257,all,17,11,3853,5580,31,25154,0,0,0,0,0,C,4,Arterial endothelial cell,36,12,2,2,2_4,Artery
C-4261,all,300,90,5130,4166,35,75450,0,0,0,0,0,C,144,Ciliated cell,51,39,4,4,4_2,CiliatedEpi
C-4262,all,108,38,5246,4288,39,22947,0,0,0,0,0,C,42,Ciliated cell,58,36,4,4,4_1_2,CiliatedEpi
C-4263,all,100,46,4438,4388,23,57276,0,0,0,0,0,C,14,Secondary crest myofibroblast,59,39,3,3,3_2,SMC
C-4266,all,84,44,3896,4452,29,70221,0,0,0,0,0,C,8,B cell,59,44,9,9,9,Bcell
C-4267,all,82,50,3852,4691,18,87352,0,0,0,0,0,C,12,Inflammatory monocyte,63,50,2,2,2_2,InflamMac
C-4269,all,56,34,5505,5186,39,27083,0,0,0,0,0,C,9,Alveolar macrophage,56,35,3,3,3_5,SMC
C-4272,all,224,79,5516,4361,22,85534,0,0,0,0,0,C,50,Ciliated cell,48,36,4,4,4_1_2,CiliatedEpi
C-4273,all,90,41,5210,4259,37,36541,0,0,0,0,0,C,27,Secretory cell,64,41,1,1,1_4_1,AlveolarFib
C-4276,all,58,30,5212,4965,27,29125,0,0,0,0,0,C,6,Inflammatory monocyte,54,30,3,3,3_3,AdventitialFib
C-4277,all,157,61,4726,4287,16,117600,0,0,0,0,0,C,39,Vascular smooth muscle cell,48,33,3,3,3_2,SMC
C-4278,all,133,45,4419,4755,25,70763,0,0,0,0,0,C,71,Vascular smooth muscle cell,46,24,5,5,5_1,Pericyte
C-4281,all,125,54,4207,4378,37,66826,0,0,0,0,0,C,11,Interstitial macrophage,42,27,8,8,8_2,InterstitialMac
C-4282,all,122,55,4637,4201,28,69630,0,0,0,0,0,C,6,CD8+ T cell,41,25,2,2,2_2,InflamMac
C-4287,all,26,20,3929,5455,27,41717,0,0,0,0,0,C,3,Natural killer cell,39,21,2,2,2_2,InflamMac
C-4292,all,124,54,5458,4939,30,67470,0,0,0,0,0,C,14,Arterial endothelial cell,39,24,2,2,2_4,Artery
C-4293,all,60,33,4401,4399,33,44893,0,0,0,0,0,C,16,Alveolar fibroblast 1,57,34,3,3,3_2,SMC
C-4295,all,74,38,4466,4402,16,45027,0,0,0,0,0,C,20,Vascular smooth muscle cell,55,38,3,3,3_2,SMC
C-4301,all,61,34,3997,5062,36,48748,0,0,0,0,0,C,3,Alveolar macrophage,56,35,3,3,3_2,SMC
C-4303,all,23,11,4594,4136,12,27821,0,0,0,0,0,C,10,Alveolar type 1 cell,42,12,3,3,3_2,SMC
C-4311,all,194,42,4455,4763,21,77321,0,0,0,0,0,C,145,Alveolar fibroblast 1,52,20,1,1,1_3,AT2
C-4313,all,46,21,3799,5116,37,34398,0,0,0,0,0,C,24,Alveolar fibroblast 1,49,22,3,3,3_1,SMC
C-4314,all,34,12,4420,4682,28,13624,0,0,0,0,0,C,5,Alveolar fibroblast 1,45,13,1,1,1_4_1,AlveolarFib
C-4315,all,78,34,4664,4245,36,36317,0,0,0,0,0,C,13,Inflammatory monocyte,56,34,2,2,2_4,Artery
C-4316,all,45,26,5007,5356,37,27558,0,0,0,0,0,C,16,Alveolar fibroblast 1,47,27,3,3,3_1,SMC
C-4317,all,30,11,5169,4254,33,6519,0,0,0,0,0,C,22,Ciliated cell,29,9,4,4,4_2,CiliatedEpi
C-4318,all,201,72,4958,3901,26,47495,0,0,0,0,0,C,79,Secretory cell,54,30,4,4,4_1_2,ClubEpi
C-4320,all,123,55,4677,4190,27,73964,0,0,0,0,0,C,28,Vascular smooth muscle cell,45,32,3,3,3_2,SMC
C-4321,all,15,3,5438,4856,4,6183,0,0,0,0,0,C,14,Inflammatory monocyte,39,5,2,2,2_5,DC
C-4323,all,88,28,3908,4904,25,67959,0,0,0,0,0,C,52,Capillary 1 cell,54,27,1,1,1_1,AT2
C-4325,all,59,32,4033,5073,28,55568,0,0,0,0,0,C,7,Mature DC subset,56,33,1,1,1_4_1,AlveolarFib
C-4326,all,114,46,4164,4526,23,67172,0,0,0,0,0,C,12,Alveolar fibroblast 1,45,25,1,1,1_4_1,AlveolarFib
C-4327,all,16,9,4232,4564,9,10429,0,0,0,0,0,C,2,Alveolar fibroblast 1,34,9,1,1,1_5_1,LymphaticEndo
C-4328,all,83,46,4973,3991,33,29636,0,0,0,0,0,C,25,Ciliated cell,57,45,4,4,4_1_2,CiliatedEpi
C-4329,all,55,28,4063,4383,22,56759,0,0,0,0,0,C,12,Alveolar fibroblast 1,52,29,3,3,3_1,SMC
C-4331,all,12,8,5473,4696,24,7876,0,0,0,0,0,C,2,Alveolar type 1 cell,29,8,9,9,9,Bcell
C-4333,all,17,14,4946,5313,8,17412,0,0,0,0,0,C,3,Interstitial macrophage,34,14,8,8,8_3,InterstitialMac
C-4335,all,21,7,3950,5559,11,15049,0,0,0,0,0,C,11,Capillary 2 cell,42,8,2,2,2_2,InflamMac
C-4339,all,24,10,4263,5081,14,37125,51,0,51,0,1,C,5,Neutrophil,42,11,2,2,2_2,InflamMac
C-4341,all,13,7,3948,4981,41,6445,0,0,0,0,0,C,2,Alveolar fibroblast 1,33,8,1,1,1_4_1,AlveolarFib
C-4342,all,11,4,4294,5610,20,8163,0,0,0,0,0,C,8,Sox9+/Id2+ epithelial cell,38,4,1,1,1_1,AT2
C-4346,all,13,8,4446,5387,27,19482,0,0,0,0,0,C,6,Alveolar type 2 cell,29,8,1,1,1_3,AT2
C-4348,all,36,21,5565,4966,37,13122,53,0,53,0,1,C,7,Secondary crest myofibroblast,41,22,3,3,3_2,SMC
C-4349,all,40,13,4090,4168,28,38247,0,0,0,0,0,C,17,Secondary crest myofibroblast,44,13,3,3,3_2,SMC
C-4355,all,42,18,3963,6779,13,54642,115,0,115,0,1,C,21,Sox9+/Id2+ epithelial cell,45,18,2,2,2_1,Capillary
C-4356,all,33,21,3951,6990,16,76179,0,0,0,0,0,C,3,Neutrophil,40,21,1,1,1_6_2,Neutrophil
C-4358,all,55,14,5177,6088,31,46086,0,0,0,0,0,C,2,Alveolar fibroblast 1,52,15,1,1,1_4_1,AlveolarFib
C-4359,all,24,16,4705,6165,35,38603,0,0,0,0,0,C,4,Alveolar fibroblast 1,41,15,1,1,1_5_1,LymphaticEndo
C-4361,all,13,12,5516,6590,27,33011,0,0,0,0,0,C,4,CD8+ T cell,28,13,3,3,3_1,SMC
C-4363,all,65,31,3958,7279,17,68317,59,0,59,0,1,C,5,Capillary 1 cell,58,31,2,2,2_3,Vein
C-4364,all,20,13,4457,6247,29,87352,0,0,0,0,0,C,7,Sox9+/Id2+ epithelial cell,42,13,2,2,2_6,pDC
C-4366,all,23,8,4792,6063,17,82283,0,0,0,0,0,C,15,Alveolar fibroblast 1,40,9,3,3,3_1,SMC
C-4367,all,18,12,4489,6854,19,51808,0,0,0,0,0,C,4,Capillary 1 cell,36,12,9,9,9,Bcell
C-4369,all,10,8,4612,6820,9,25241,0,0,0,0,0,C,2,Proliferative mesenchymal progenitor cell,29,9,3,3,3_1,SMC
C-4370,all,41,18,4727,7322,27,50882,0,0,0,0,0,C,19,Alveolar type 2 cell,43,18,1,1,1_3,AT2
C-4371,all,35,19,3971,6683,13,57910,0,0,0,0,0,C,15,Pericyte,43,19,5,5,5_1,Pericyte
C-4372,all,26,17,3814,7085,27,68431,0,0,0,0,0,C,7,Pericyte,45,17,5,5,5_1,Pericyte
C-4375,all,46,18,3912,7332,26,60099,0,0,0,0,0,C,32,Alveolar type 2 cell,47,18,1,1,1_3,AT2
C-4376,all,20,15,4664,6752,23,24861,0,0,0,0,0,C,3,Inflammatory monocyte,39,15,2,2,2_6,pDC
C-4377,all,48,28,5164,5809,23,76081,0,0,0,0,0,C,4,Alveolar fibroblast 1,49,28,1,1,1_5_1,LymphaticEndo
C-4378,all,21,16,4319,6243,25,50176,0,0,0,0,0,C,8,Sox9+/Id2+ epithelial cell,39,15,1,1,1_5_1,LymphaticEndo
C-4379,all,62,36,3962,6832,26,84234,0,0,0,0,0,C,2,Proliferative mesenchymal progenitor cell,61,37,3,3,3_1,SMC
C-4380,all,102,42,4289,6203,14,101177,0,0,0,0,0,C,18,Alveolar type 1 cell,59,34,6,6,6,AT1
C-4381,all,37,21,4360,6613,29,49992,0,0,0,0,0,C,16,Pericyte,42,21,5,5,5_1,Pericyte
C-4382,all,24,19,3888,6774,16,61273,0,0,0,0,0,C,3,B cell,43,19,9,9,9,Bcell
C-4384,all,58,32,3989,5900,31,71137,0,0,0,0,0,C,18,Arterial endothelial cell,53,32,6,6,6,AT1
C-4386,all,35,21,5076,5968,17,57653,0,0,0,0,0,C,5,Arterial endothelial cell,42,21,2,2,2_4,Artery
C-4387,all,14,10,5030,6062,31,38882,0,0,0,0,0,C,3,Capillary 1 cell,36,10,2,2,2_1,Capillary
C-4389,all,113,25,4678,7374,23,96725,0,0,0,0,0,C,81,Alveolar type 2 cell,47,13,1,1,1_3,AT2
C-4391,all,45,34,5130,5935,15,68645,0,0,0,0,0,C,9,Arterial endothelial cell,45,34,2,2,2_4,Artery
C-4393,all,43,23,4690,7326,32,56634,0,0,0,0,0,C,3,Capillary 1 cell,45,23,2,2,2_3,Vein
C-4394,all,50,30,4351,6201,26,67043,0,0,0,0,0,C,15,Alveolar type 1 cell,50,30,7,7,7_3,Tcell (CD8)
C-4395,all,75,22,5340,5824,23,81186,0,0,0,0,0,C,51,Alveolar type 2 cell,54,22,1,1,1_3,AT2
C-4396,all,36,21,5558,6004,36,44175,0,0,0,0,0,C,6,Sox9+/Id2+ epithelial cell,42,20,2,2,2_1,Capillary
C-4399,all,66,30,4453,7362,20,65222,0,0,0,0,0,C,20,Sox9+/Id2+ epithelial cell,57,31,2,2,2_1,Capillary
C-4400,all,52,22,4918,7290,26,78657,53,0,53,0,1,C,7,B cell,51,22,7,7,7_2,PatrolMac
C-4402,all,10,7,3965,6547,17,41360,0,0,0,0,0,C,2,B cell,29,7,9,9,9,Bcell
C-4403,all,19,13,5388,5787,36,40309,0,0,0,0,0,C,3,Alveolar fibroblast 1,41,14,1,1,1_4_1,AlveolarFib
C-4405,all,29,20,4926,5815,34,61641,0,0,0,0,0,C,8,Capillary 1 cell,37,20,3,3,3_6,SCMF
C-4406,all,52,30,5149,6232,21,85371,0,0,0,0,0,C,10,Arterial endothelial cell,51,29,2,2,2_1,Capillary
C-4407,all,70,14,3942,6740,27,73561,0,0,0,0,0,C,60,Alveolar type 2 cell,52,14,1,1,1_1,AT2
C-4409,all,37,21,4435,7197,16,48190,0,0,0,0,0,C,3,Endothelial progenitor cell,41,21,3,3,3_4,AdventitialFib
C-4411,all,63,30,5080,6438,13,85173,0,0,0,0,0,C,7,Capillary 1 cell,56,30,9,9,9,Bcell
C-4425,all,22,15,5069,5758,22,44072,0,0,0,0,0,C,2,Sox9+/Id2+ epithelial cell,39,15,3,3,3_6,SCMF
C-4427,all,32,15,4419,6934,10,49375,0,0,0,0,0,C,9,Alveolar type 1 cell,42,15,6,6,6,AT1
C-4428,all,57,30,4436,7254,15,65917,0,0,0,0,0,C,11,Pericyte,54,30,5,5,5_3,Pericyte
C-4430,all,18,8,5463,6513,11,27511,0,0,0,0,0,C,12,Alveolar type 2 cell,40,8,1,1,1_1,AT2
C-4431,all,52,30,5033,5682,28,105060,0,0,0,0,0,C,11,Alveolar fibroblast 1,52,30,3,3,3_4,AdventitialFib
C-4432,all,51,32,5277,5817,17,68382,0,0,0,0,0,C,13,Alveolar type 2 cell,51,32,1,1,1_3,AT2
C-4433,all,17,12,4477,7309,13,29570,0,0,0,0,0,C,2,Sox9+/Id2+ epithelial cell,35,12,1,1,1_3,AT2
C-4434,all,13,8,4731,7278,31,30271,0,0,0,0,0,C,5,Alveolar type 2 cell,37,8,1,1,1_1,AT2
C-4435,all,68,13,4443,6854,8,46632,0,0,0,0,0,C,60,Alveolar type 2 cell,52,13,1,1,1_3,AT2
C-4438,all,56,27,5419,5859,17,88548,0,0,0,0,0,C,8,Interstitial macrophage,54,27,3,3,3_4,AdventitialFib
C-4442,all,11,8,4877,6075,10,27161,0,0,0,0,0,C,3,Alveolar type 1 cell,33,8,6,6,6,AT1
C-4443,all,8,3,4744,7217,12,20961,0,0,0,0,0,C,7,Sox9+/Id2+ epithelial cell,36,4,1,1,1_1,AT2
C-4447,all,76,37,5523,5702,27,102654,0,0,0,0,0,C,7,Ciliated cell,54,37,6,6,6,AT1
C-4451,all,25,12,5387,6777,17,32681,0,0,0,0,0,C,15,AT1/AT2,45,12,6,6,6,AT1
C-4452,all,20,10,4462,6505,24,38481,0,0,0,0,0,C,3,Capillary 1 cell,42,10,8,8,8_2,InterstitialMac
C-4453,all,59,26,4398,7435,34,64699,0,0,0,0,0,C,32,Alveolar type 2 cell,54,27,3,3,3_5,SMC
C-4454,all,27,16,5545,7168,23,45533,0,0,0,0,0,C,9,Sox9+/Id2+ epithelial cell,46,16,2,2,2_3,Vein
C-4459,all,30,19,4439,6991,26,39232,0,0,0,0,0,C,3,Capillary 1 cell,40,18,2,2,2_1,Capillary
C-4460,all,21,16,5353,6497,26,47056,0,0,0,0,0,C,2,Endothelial progenitor cell,41,16,2,2,2_1,Capillary
C-4461,all,28,18,4278,6345,32,50092,0,0,0,0,0,C,6,Alveolar type 1 cell,41,18,6,6,6,AT1
C-4463,all,20,3,4452,6896,5,14317,0,0,0,0,0,C,18,Sox9+/Id2+ epithelial cell,43,3,1,1,1_1,AT2
C-4464,all,13,11,3884,7178,31,28462,0,0,0,0,0,C,2,Alveolar type 2 cell,31,12,2,2,2_2,InflamMac
C-4471,all,34,19,4986,7197,19,26812,0,0,0,0,0,C,11,Pericyte,44,19,5,5,5_1,Pericyte
C-4475,all,9,8,4439,6354,34,40006,0,0,0,0,0,C,4,Endothelial progenitor cell,26,9,2,2,2_1,Capillary
C-4477,all,38,19,4022,5796,32,78071,0,0,0,0,0,C,2,Alveolar type 1 cell,44,19,6,6,6,AT1
C-4480,all,25,18,4740,6241,29,46436,0,0,0,0,0,C,6,Venous endothelial cell,45,18,3,3,3_4,AdventitialFib
C-4484,all,23,17,4082,7338,18,26292,0,0,0,0,0,C,6,Alveolar fibroblast 1,43,17,1,1,1_5_1,LymphaticEndo
C-4485,all,141,63,4887,7512,13,80702,0,0,0,0,0,C,12,Alveolar macrophage,51,38,7,7,7_2,PatrolMac
C-4486,all,55,21,5438,7305,11,59922,0,0,0,0,0,C,34,Alveolar type 2 cell,52,21,1,1,1_3,AT2
C-4487,all,41,21,5272,5958,32,51274,0,0,0,0,0,C,8,Alveolar fibroblast 1,45,22,3,3,3_1,SMC
C-4489,all,17,9,4381,7049,35,36012,0,0,0,0,0,C,2,Sox9+/Id2+ epithelial cell,37,9,1,1,1_3,AT2
C-4490,all,42,15,4727,6109,19,92251,121,0,121,0,1,C,30,Alveolar type 2 cell,45,15,1,1,1_3,AT2
C-4492,all,42,21,3901,5868,33,70351,0,0,0,0,0,C,6,Inflammatory monocyte,45,23,2,2,2_5,DC
C-4493,all,14,9,4485,6111,17,32945,0,0,0,0,0,C,2,Endothelial progenitor cell,32,9,2,2,2_1,Capillary
C-4494,all,57,16,3851,7060,29,40335,0,0,0,0,0,C,45,Alveolar type 2 cell,51,16,1,1,1_1,AT2
C-4496,all,53,8,5242,5971,22,41620,0,0,0,0,0,C,46,Sox9+/Id2+ epithelial cell,49,8,1,1,1_3,AT2
C-4498,all,17,8,4342,6342,37,17051,0,0,0,0,0,C,6,Megakaryocyte/Platelet,36,9,3,3,3_1,SMC
C-4499,all,12,4,4195,6230,13,11242,0,0,0,0,0,C,10,Sox9+/Id2+ epithelial cell,38,4,1,1,1_3,AT2
C-4500,all,33,10,5515,5940,35,53396,0,0,0,0,0,C,25,Alveolar type 2 cell,44,10,1,1,1_1,AT2
C-4501,all,47,29,4113,7343,26,62625,0,0,0,0,0,C,2,Alveolar fibroblast 1,49,30,1,1,1_4_1,AlveolarFib
C-4502,all,9,7,3876,7022,38,7318,0,0,0,0,0,C,6,Alveolar fibroblast 1,33,8,3,3,3_1,SMC
C-4503,all,58,29,4683,6849,10,87615,0,0,0,0,0,C,10,Inflammatory monocyte,56,30,2,2,2_5,DC
C-4504,all,19,15,5496,6806,31,55840,0,0,0,0,0,C,3,Basophil,37,15,7,7,7_2,PatrolMac
C-4512,all,19,13,5311,6863,13,27979,0,0,0,0,0,C,5,Alveolar fibroblast 1,42,14,1,1,1_4_3,AlveolarFib
C-4514,all,14,6,3846,6188,29,32500,0,0,0,0,0,C,2,Alveolar type 1 cell,40,7,3,3,3_1,SMC
C-4515,all,72,26,5184,7405,22,142190,0,0,0,0,0,C,30,Alveolar type 2 cell,51,26,1,1,1_1,AT2
C-4516,all,35,16,4661,6153,10,40286,0,0,0,0,0,C,4,Endothelial progenitor cell,47,16,2,2,2_1,Capillary
C-4518,all,7,4,3880,6220,11,22107,0,0,0,0,0,C,5,Alveolar type 1 cell,28,7,6,6,6,AT1
C-4519,all,12,10,5083,5936,28,27710,0,0,0,0,0,C,5,Arterial endothelial cell,28,11,2,2,2_4,Artery
C-4520,all,42,19,4084,6510,10,63810,0,0,0,0,0,C,6,Alveolar type 1 cell,44,19,3,3,3_6,SCMF
C-4522,all,26,19,4869,6114,18,57553,0,0,0,0,0,C,7,Arterial endothelial cell,44,20,2,2,2_4,Artery
C-4523,all,70,20,4185,6749,20,82532,0,0,0,0,0,C,13,Alveolar type 1 cell,53,20,6,6,6,AT1
C-4524,all,50,16,3847,6507,7,37662,0,0,0,0,0,C,37,Alveolar type 2 cell,49,16,1,1,1_3,AT2
C-4525,all,47,27,4701,6263,28,59412,0,0,0,0,0,C,15,Arterial endothelial cell,47,27,2,2,2_4,Artery
C-4526,all,46,31,4949,7375,20,71069,0,0,0,0,0,C,3,Alveolar fibroblast 1,47,31,1,1,1_5_1,LymphaticEndo
C-4527,all,23,15,4961,5891,23,61133,0,0,0,0,0,C,12,Alveolar fibroblast 1,44,16,3,3,3_1,SMC
C-4528,all,83,14,5249,6010,15,53024,0,0,0,0,0,C,64,Alveolar type 2 cell,50,14,1,1,1_3,AT2
C-4529,all,30,15,4470,6076,14,38966,54,54,0,1,0,C,2,Endothelial progenitor cell,39,14,2,2,2_1,Capillary
C-4531,all,87,30,4152,7323,15,60809,0,0,0,0,0,C,9,Sox9+/Id2+ epithelial cell,60,30,6,6,6,AT1
C-4536,all,33,19,4164,7257,18,40199,0,0,0,0,0,C,2,Alveolar type 2 cell,39,19,1,1,1_3,AT2
C-4540,all,6,5,4550,6249,5,27518,0,0,0,0,0,C,3,Endothelial progenitor cell,26,7,2,2,2_1,Capillary
C-4541,all,45,13,4465,6475,13,27960,0,0,0,0,0,C,39,CD8+ T cell,49,14,2,2,2_1,Capillary
C-4544,all,32,18,4260,6313,19,68029,0,0,0,0,0,C,4,B cell,41,18,9,9,9,Bcell
C-4549,all,106,22,4988,5749,34,98229,0,0,0,0,0,C,83,Alveolar type 2 cell,50,15,1,1,1_3,AT2
C-4550,all,36,22,5594,7310,13,51864,0,0,0,0,0,C,12,Alveolar type 1 cell,40,22,6,6,6,AT1
C-4556,all,7,4,4989,5927,39,11172,0,0,0,0,0,C,4,Sox9+/Id2+ epithelial cell,32,6,1,1,1_1,AT2
C-4563,all,13,10,5156,7445,36,44670,0,0,0,0,0,C,6,Alveolar type 2 cell,32,11,2,2,2_2,InflamMac
C-4565,all,15,10,4857,7109,23,34347,0,0,0,0,0,C,2,Arterial endothelial cell,34,10,2,2,2_4,Artery
C-4567,all,95,50,4154,7382,18,79104,0,0,0,0,0,C,12,Mesothelial cell,67,50,3,3,3_3,AdventitialFib
C-4569,all,41,21,4958,5992,26,81147,0,0,0,0,0,C,10,Alveolar fibroblast 1,43,20,2,2,2_1,Capillary
C-4576,all,13,11,5369,5757,36,20788,0,0,0,0,0,C,2,Neutrophil,33,12,2,2,2_2,InflamMac
C-4580,all,28,13,4489,7076,29,33994,0,0,0,0,0,C,14,Sox9+/Id2+ epithelial cell,41,13,1,1,1_1,AT2
C-4582,all,10,5,4539,6424,10,14483,0,0,0,0,0,C,4,Alveolar fibroblast 1,32,6,1,1,1_4_3,AlveolarFib
C-4583,all,11,11,3873,6165,32,23640,0,0,0,0,0,C,5,Proliferative mesenchymal progenitor cell,33,11,6,6,6,AT1
C-4585,all,19,15,4193,6302,29,37873,0,0,0,0,0,C,3,Alveolar type 1 cell,39,15,2,2,2_6,pDC
C-4586,all,99,23,4965,7152,30,84316,0,0,0,0,0,C,68,Alveolar type 2 cell,57,21,1,1,1_1,AT2
C-4588,all,56,32,4061,5728,29,80537,0,0,0,0,0,C,18,Interstitial macrophage,55,32,8,8,8_3,InterstitialMac
C-4589,all,8,7,4210,6257,17,11305,0,0,0,0,0,C,4,Pericyte,24,9,5,5,5_1,Pericyte
C-4590,all,50,27,4076,6203,22,87467,0,0,0,0,0,C,4,Capillary 1 cell,50,27,9,9,9,Bcell
C-4592,all,72,31,4750,7377,18,77748,0,0,0,0,0,C,6,Neutrophil,55,32,1,1,1_4_1,AlveolarFib
C-4593,all,34,20,4457,6404,26,54581,0,0,0,0,0,C,14,Proliferative mesenchymal progenitor cell,44,20,7,7,7_2,PatrolMac
C-4594,all,29,20,5356,6626,26,92334,0,0,0,0,0,C,3,Capillary 1 cell,42,19,2,2,2_1,Capillary
C-4596,all,24,15,5338,5741,37,30075,0,0,0,0,0,C,2,Basophil,41,17,2,2,2_5,DC
C-4598,all,69,29,5089,5845,19,93569,1817,0,1817,0,1,C,4,Alveolar type 1 cell,53,29,6,6,6,AT1
C-4599,all,64,37,4788,7154,23,98348,0,0,0,0,0,C,6,Alveolar fibroblast 1,59,37,2,2,2_3,Vein
C-4600,all,21,9,4647,6216,22,34316,0,0,0,0,0,C,15,Alveolar type 2 cell,43,9,1,1,1_3,AT2
C-4602,all,26,14,3986,6653,10,37558,0,0,0,0,0,C,7,Alveolar type 1 cell,45,14,6,6,6,AT1
C-4603,all,33,19,3905,6554,11,54735,0,0,0,0,0,C,5,Vascular smooth muscle cell,44,19,3,3,3_6,SCMF
C-4604,all,23,14,3891,6188,26,32577,0,0,0,0,0,C,6,Alveolar fibroblast 1,39,14,6,6,6,AT1
C-4605,all,32,18,5514,6548,22,61433,0,0,0,0,0,C,5,Vascular smooth muscle cell,43,19,2,2,2_1,Capillary
C-4606,all,58,32,4414,7026,23,76861,0,0,0,0,0,C,9,Capillary 1 cell,55,33,2,2,2_1,Capillary
C-4607,all,110,38,4335,6980,16,89218,57,0,57,0,1,C,18,Alveolar type 1 cell,53,26,6,6,6,AT1
C-4609,all,27,16,4913,5947,21,70019,0,0,0,0,0,C,9,Alveolar fibroblast 1,41,17,3,3,3_1,SMC
C-4610,all,24,21,5348,6760,14,53490,0,0,0,0,0,C,5,Pericyte,45,21,5,5,5_3,Pericyte
C-4611,all,20,12,4339,6670,16,30164,0,0,0,0,0,C,8,Alveolar type 2 cell,41,12,1,1,1_1,AT2
C-4613,all,48,12,5437,6551,19,61618,0,0,0,0,0,C,38,Alveolar type 2 cell,48,12,1,1,1_1,AT2
C-4614,all,22,16,4421,6383,12,52105,0,0,0,0,0,C,5,Alveolar fibroblast 1,40,16,1,1,1_5_2,AlveolarFib
C-4615,all,13,11,5410,6820,11,17458,0,0,0,0,0,C,3,Alveolar macrophage,32,11,8,8,8_1,AlveolarMac
C-4616,all,9,4,4496,7149,9,15533,0,0,0,0,0,C,4,Alveolar type 1 cell,28,5,6,6,6,AT1
C-4617,all,31,22,4492,6825,27,59689,0,0,0,0,0,C,8,Inflammatory monocyte,40,22,3,3,3_4,AdventitialFib
C-4618,all,37,18,4933,5916,23,74388,0,0,0,0,0,C,6,Alveolar fibroblast 1,43,19,3,3,3_1,SMC
C-4619,all,50,13,3881,7049,33,36132,0,0,0,0,0,C,39,Alveolar type 2 cell,49,13,1,1,1_1,AT2
C-4620,all,102,45,4586,7404,9,93718,0,0,0,0,0,C,8,Sox9+/Id2+ epithelial cell,56,38,2,2,2_6,pDC
C-4621,all,36,24,4800,7363,29,44034,0,0,0,0,0,C,8,AT1/AT2,42,24,6,6,6,AT1
C-4622,all,19,10,4328,6586,12,36362,0,0,0,0,0,C,8,Sox9+/Id2+ epithelial cell,39,10,1,1,1_3,AT2
C-4625,all,14,13,3789,6813,26,42177,0,0,0,0,0,C,3,B cell,36,13,2,2,2_1,Capillary
C-4627,all,62,39,4138,7221,18,69383,0,0,0,0,0,C,7,Ciliated cell,59,40,2,2,2_2,InflamMac
C-4628,all,68,13,4285,6615,28,72338,0,0,0,0,0,C,58,Sox9+/Id2+ epithelial cell,52,13,1,1,1_1,AT2
C-4629,all,54,22,4936,6046,14,85806,50,0,50,0,1,C,21,Natural killer cell,52,22,7,7,7_3,Tcell (CD8)
C-4631,all,71,34,5037,5856,23,120346,5376,2388,2988,0.444196429,0.555803571,C,7,CD8+ T cell,53,34,8,8,8_1,AlveolarMac
C-4632,all,26,10,3845,5757,35,30406,0,0,0,0,0,C,7,Alveolar type 1 cell,45,10,6,6,6,AT1
C-4637,all,39,26,5179,6369,29,71614,0,0,0,0,0,C,6,B cell,41,26,9,9,9,Bcell
C-4639,all,16,12,3915,6204,23,20038,0,0,0,0,0,C,3,Sox9+/Id2+ epithelial cell,32,12,1,1,1_3,AT2
C-4644,all,40,24,4808,7398,31,58629,0,0,0,0,0,C,6,CD4+ T cell,43,24,6,6,6,AT1
C-4649,all,33,17,4059,5666,21,94169,0,0,0,0,0,C,6,Inflammatory monocyte,43,17,8,8,8_3,InterstitialMac
C-4656,all,20,16,5307,6901,12,30337,0,0,0,0,0,C,6,Arterial endothelial cell,43,17,2,2,2_4,Artery
C-4659,all,57,18,4689,6233,19,56634,0,0,0,0,0,C,41,Alveolar type 2 cell,52,18,1,1,1_3,AT2
C-4660,all,99,16,3947,5835,16,87506,0,0,0,0,0,C,88,AT1/AT2,54,15,1,1,1_3,AT2
C-4663,all,72,28,4034,5857,35,64814,0,0,0,0,0,C,12,Alveolar type 1 cell,57,28,6,6,6,AT1
C-4664,all,50,25,3802,6986,13,101754,0,0,0,0,0,C,9,Natural killer cell,50,25,7,7,7_3,Tcell (CD8)
C-4665,all,10,9,5360,6819,23,12595,0,0,0,0,0,C,2,B cell,30,9,9,9,9,Bcell
C-4669,all,19,13,3774,5711,36,52493,0,0,0,0,0,C,3,Sox9+/Id2+ epithelial cell,39,13,6,6,6,AT1
C-4675,all,20,14,3992,6592,25,52661,0,0,0,0,0,C,5,Alveolar fibroblast 1,43,16,2,2,2_4,Artery
C-4676,all,19,12,5460,6829,11,62376,0,0,0,0,0,C,3,Endothelial progenitor cell,38,12,3,3,3_4,AdventitialFib
C-4677,all,40,20,3917,7199,22,43840,0,0,0,0,0,C,5,Proliferative mesenchymal progenitor cell,44,21,3,3,3_1,SMC
C-4679,all,30,21,5322,5794,35,35954,0,0,0,0,0,C,6,Alveolar type 1 cell,40,22,1,1,1_4_3,AlveolarFib
C-4680,all,27,19,4064,7166,33,51078,0,0,0,0,0,C,3,Inflammatory monocyte,41,21,2,2,2_5,DC
C-4683,all,17,14,5445,6944,14,53518,0,0,0,0,0,C,4,Proliferative mesenchymal progenitor cell,35,14,6,6,6,AT1
C-4684,all,7,5,3844,6777,9,22334,0,0,0,0,0,C,2,Alveolar type 1 cell,28,7,1,1,1_4_1,AlveolarFib
C-4685,all,20,8,3898,6716,32,37650,0,0,0,0,0,C,9,Sox9+/Id2+ epithelial cell,43,8,1,1,1_1,AT2
C-4687,all,97,49,5151,6132,19,58213,0,0,0,0,0,C,14,Interstitial macrophage,63,45,8,8,8_3,InterstitialMac
C-4688,all,48,24,5375,6984,23,99859,0,0,0,0,0,C,24,Alveolar fibroblast 1,48,24,5,5,5_1,Pericyte
C-4691,all,38,27,4432,6535,22,57909,0,0,0,0,0,C,5,CD4+ T cell,40,27,7,7,7_2,PatrolMac
C-4692,all,14,8,3983,6621,20,27200,0,0,0,0,0,C,2,Alveolar type 1 cell,35,8,6,6,6,AT1
C-4695,all,14,12,4731,6176,29,34322,0,0,0,0,0,C,4,Mast cell,29,12,7,7,7_2,PatrolMac
C-4699,all,78,35,4118,7298,20,79514,0,0,0,0,0,C,3,Capillary 1 cell,55,35,2,2,2_3,Vein
C-4703,all,26,8,4492,6466,15,15590,0,0,0,0,0,C,18,Alveolar type 2 cell,45,8,1,1,1_1,AT2
C-4707,all,28,16,5470,6584,26,61356,0,0,0,0,0,C,17,Pericyte,42,16,5,5,5_1,Pericyte
C-4709,all,58,14,4477,6427,22,64663,0,0,0,0,0,C,47,Alveolar type 2 cell,50,14,1,1,1_1,AT2
C-4711,all,10,6,3840,5728,40,22826,0,0,0,0,0,C,3,Alveolar type 1 cell,30,6,6,6,6,AT1
C-4713,all,28,16,5309,5759,36,41293,0,0,0,0,0,C,7,Proliferative mesenchymal progenitor cell,43,17,3,3,3_1,SMC
C-4714,all,27,17,5181,5911,12,69593,0,0,0,0,0,C,9,Vascular smooth muscle cell,44,17,3,3,3_6,SCMF
C-4715,all,46,21,4764,7290,27,78674,0,0,0,0,0,C,15,Sox9+/Id2+ epithelial cell,46,21,1,1,1_1,AT2
C-4719,all,54,13,5286,7381,25,54813,0,0,0,0,0,C,5,Alveolar type 1 cell,50,13,6,6,6,AT1
C-4720,all,26,17,3886,7601,9,18135,0,0,0,0,0,C,6,CD4+ T cell,42,17,7,7,7_2,PatrolMac
C-4721,all,41,27,4768,7347,28,65405,0,0,0,0,0,C,7,B cell,42,27,9,9,9,Bcell
C-4722,all,30,9,5149,6102,25,22364,0,0,0,0,0,C,9,Alveolar type 1 cell,44,9,7,7,7_2,PatrolMac
C-4727,all,19,15,5329,6896,18,38008,0,0,0,0,0,C,4,Alveolar fibroblast 1,39,16,3,3,3_1,SMC
C-4730,all,14,10,4459,6538,24,37835,0,0,0,0,0,C,2,CD8+ T cell,30,10,7,7,7_2,PatrolMac
C-4732,all,39,7,5289,6794,13,29263,0,0,0,0,0,C,31,Alveolar type 2 cell,46,7,1,1,1_1,AT2
C-4737,all,22,18,5385,7060,25,47794,0,0,0,0,0,C,6,Alveolar fibroblast 1,45,19,2,2,2_4,Artery
C-4738,all,58,27,4432,7391,24,60862,0,0,0,0,0,C,11,Sox9+/Id2+ epithelial cell,56,28,1,1,1_4_1,AlveolarFib
C-4739,all,13,10,4221,6308,28,30782,0,0,0,0,0,C,2,Alveolar type 1 cell,34,10,6,6,6,AT1
C-4742,all,50,23,5109,6105,31,50321,0,0,0,0,0,C,7,Sox9+/Id2+ epithelial cell,49,23,8,8,8_3,InterstitialMac
C-4748,all,30,3,3662,6270,34,19190,0,0,0,0,0,C,26,Sox9+/Id2+ epithelial cell,45,3,1,1,1_1,AT2
C-4751,all,38,12,4499,6440,15,29373,0,0,0,0,0,C,27,Alveolar type 2 cell,46,12,1,1,1_1,AT2
C-4756,all,31,10,5326,6838,10,19495,0,0,0,0,0,C,23,Alveolar type 2 cell,43,10,1,1,1_1,AT2
C-4757,all,26,13,5383,6804,19,33059,0,0,0,0,0,C,7,Alveolar type 1 cell,45,13,6,6,6,AT1
C-4758,all,12,8,4013,6636,15,19989,0,0,0,0,0,C,2,Alveolar type 1 cell,32,8,6,6,6,AT1
C-4765,all,96,48,6865,544,17,56649,0,0,0,0,0,C,8,Arterial endothelial cell,62,47,2,2,2_4,Artery
C-4766,all,47,30,6117,442,15,71706,53,53,0,1,0,C,8,Inflammatory monocyte,49,31,2,2,2_2,InflamMac
C-4767,all,94,39,6074,1776,19,80975,0,0,0,0,0,C,11,CD4+ T cell,63,40,1,1,1_4_1,AlveolarFib
C-4769,all,298,87,6190,1706,32,73293,0,0,0,0,0,C,176,Ciliated cell,41,32,4,4,4_2,CiliatedEpi
C-4770,all,93,40,7205,507,32,66788,0,0,0,0,0,C,24,Vascular smooth muscle cell,63,40,3,3,3_2,SMC
C-4771,all,175,64,7282,1143,22,92982,0,0,0,0,0,C,16,T regulatory cell,55,37,1,1,1_4_1,AlveolarFib
C-4772,all,269,50,6272,1752,33,76416,0,0,0,0,0,C,5,Secretory cell,58,23,1,1,1_6_2,Neutrophil
C-4773,all,142,49,6450,1101,38,35973,0,0,0,0,0,C,69,Ciliated cell,64,49,4,4,4_2,CiliatedEpi
C-4775,all,139,47,6079,644,22,109777,0,0,0,0,0,C,19,B cell,50,25,9,9,9,Bcell
C-4776,all,99,50,6086,1619,34,45625,0,0,0,0,0,C,17,CD4+ T cell,60,43,1,1,1_2_1,Tcell (CD4)
C-4777,all,140,54,6937,1222,36,37658,0,0,0,0,0,C,63,Ciliated cell,48,23,4,4,4_1_2,ClubEpi
C-4780,all,82,46,6081,698,20,99055,1199,0,1199,0,1,C,8,Inflammatory monocyte,61,46,7,7,7_2,PatrolMac
C-4781,all,102,55,7264,853,20,66724,0,0,0,0,0,C,27,T regulatory cell,63,47,2,2,2_5,DC
C-4782,all,99,43,7255,294,16,78684,0,0,0,0,0,C,13,Alveolar fibroblast 1,59,41,1,1,1_4_1,AlveolarFib
C-4783,all,121,49,7128,1118,33,55860,0,0,0,0,0,C,12,Innate lymphoid cell,46,22,3,3,3_3,AdventitialFib
C-4786,all,95,56,6642,1259,18,41022,0,0,0,0,0,C,36,Arterial endothelial cell,63,55,4,4,4_1_1,CiliatedEpi
C-4787,all,31,15,6011,1873,7,24270,0,0,0,0,0,C,6,B cell,41,15,1,1,1_2_1,Tcell (CD4)
C-4788,all,133,59,7161,1086,35,62299,0,0,0,0,0,C,16,Pericyte,41,27,2,2,2_5,DC
C-4789,all,121,45,7389,962,16,56945,0,0,0,0,0,C,14,Alveolar macrophage,43,21,6,6,6,AT1
C-4790,all,475,136,6972,1389,17,109927,0,0,0,0,0,C,170,Ciliated cell,44,29,4,4,4_1_1,ClubEpi
C-4792,all,58,30,5607,876,38,36080,0,0,0,0,0,C,3,Alveolar type 2 cell,55,30,1,1,1_3,AT2
C-4793,all,238,92,7032,1392,17,53475,0,0,0,0,0,C,102,Arterial endothelial cell,49,32,4,4,4_1_2,ClubEpi
C-4794,all,117,54,7231,603,29,86906,0,0,0,0,0,C,23,Vascular smooth muscle cell,43,29,3,3,3_2,SMC
C-4798,all,110,45,6432,959,31,77084,0,0,0,0,0,C,17,Inflammatory monocyte,55,31,7,7,7_2,PatrolMac
C-4802,all,36,15,5951,1403,9,21615,0,0,0,0,0,C,18,CD8+ T cell,45,16,2,2,2_2,InflamMac
C-4803,all,154,68,7347,1015,36,30894,0,0,0,0,0,C,63,Endothelial progenitor cell,48,28,4,4,4_1_2,ClubEpi
C-4804,all,207,81,7168,1469,19,45495,0,0,0,0,0,C,51,Secretory cell,55,43,4,4,4_1_1,ClubEpi
C-4805,all,242,52,6157,1684,19,100128,51,51,0,1,0,C,160,Ciliated cell,54,17,4,4,4_2,ClubEpi
C-4806,all,359,67,6204,1390,19,78830,0,0,0,0,0,C,214,Ciliated cell,49,25,4,4,4_2,CiliatedEpi
C-4808,all,93,31,7273,158,16,79618,0,0,0,0,0,C,37,Alveolar type 2 cell,59,31,3,3,3_5,SMC
C-4809,all,63,27,5716,212,17,36609,0,0,0,0,0,C,11,Alveolar type 1 cell,54,27,6,6,6,AT1
C-4810,all,93,40,5642,1619,21,77384,0,0,0,0,0,C,24,Vascular smooth muscle cell,60,40,2,2,2_2,InflamMac
C-4811,all,134,51,6179,1218,22,102141,0,0,0,0,0,C,64,Ciliated cell,46,21,4,4,4_1_2,ClubEpi
C-4812,all,274,108,6665,1140,22,118973,0,0,0,0,0,C,62,B cell,47,36,3,3,3_2,SMC
C-4813,all,143,62,7394,1512,17,82870,0,0,0,0,0,C,14,Inflammatory monocyte,46,32,1,1,1_4_1,AlveolarFib
C-4814,all,63,35,7410,488,36,43583,0,0,0,0,0,C,3,Proliferative mesenchymal progenitor cell,57,35,7,7,7_3,Tcell (CD8)
C-4815,all,78,43,6123,598,15,70960,0,0,0,0,0,C,9,Inflammatory monocyte,59,43,9,9,9,Bcell
C-4816,all,69,36,6092,281,22,42211,0,0,0,0,0,C,9,Pericyte,56,36,5,5,5_3,Pericyte
C-4817,all,72,37,6892,497,20,52491,0,0,0,0,0,C,8,Arterial endothelial cell,55,37,1,1,1_2_3,Tcell (CD4)
C-4818,all,87,37,7040,1182,33,52481,0,0,0,0,0,C,4,B cell,55,36,5,5,5_3,Pericyte
C-4819,all,68,33,7144,612,27,41955,0,0,0,0,0,C,12,Airway smooth muscle cell,56,33,3,3,3_2,SMC
C-4820,all,68,36,5728,1595,13,81252,0,0,0,0,0,C,20,B cell,59,36,9,9,9,Bcell
C-4823,all,136,63,6607,1289,9,32784,0,0,0,0,0,C,45,Ciliated cell,46,28,4,4,4_1_1,ClubEpi
C-4824,all,313,93,6459,1212,25,86775,0,0,0,0,0,C,134,Ciliated cell,46,22,4,4,4_1_2,ClubEpi
C-4825,all,348,110,7303,1795,27,75684,0,0,0,0,0,C,145,Alveolar fibroblast 1,49,33,4,4,4_1_2,ClubEpi
C-4826,all,51,27,6614,47,12,57845,0,0,0,0,0,C,3,Proliferative mesenchymal progenitor cell,51,27,1,1,1_2_1,Tcell (CD4)
C-4827,all,143,59,6901,415,28,88410,0,0,0,0,0,C,9,Arterial endothelial cell,46,30,2,2,2_4,Artery
C-4829,all,188,42,6269,1271,20,44073,0,0,0,0,0,C,134,Capillary 1 cell,54,15,4,4,4_2,ClubEpi
C-4830,all,211,76,7336,1773,20,80481,0,0,0,0,0,C,70,Capillary 1 cell,43,26,4,4,4_1_2,CiliatedEpi
C-4831,all,268,47,6238,1298,18,60838,0,0,0,0,0,C,196,Ciliated cell,59,37,4,4,4_2,CiliatedEpi
C-4832,all,29,19,6776,516,26,36094,0,0,0,0,0,C,6,Airway smooth muscle cell,41,19,3,3,3_2,SMC
C-4835,all,95,43,5613,1290,26,75577,0,0,0,0,0,C,10,Inflammatory monocyte,63,43,7,7,7_2,PatrolMac
C-4836,all,168,62,5940,1312,23,105317,0,0,0,0,0,C,23,Alveolar fibroblast 1,50,34,1,1,1_5_2,AlveolarFib
C-4838,all,44,17,7364,564,37,20959,0,0,0,0,0,C,9,Alveolar macrophage,43,17,6,6,6,AT1
C-4841,all,86,23,5675,714,20,61692,0,0,0,0,0,C,53,Inflammatory monocyte,59,24,3,3,3_2,SMC
C-4842,all,44,24,5628,1238,30,26139,0,0,0,0,0,C,4,Pericyte,44,24,5,5,5_3,Pericyte
C-4843,all,95,50,5854,1544,35,61389,0,0,0,0,0,C,13,Alveolar fibroblast 1,67,49,3,3,3_5,SMC
C-4844,all,83,34,6847,393,23,76537,0,0,0,0,0,C,27,Vascular smooth muscle cell,59,34,3,3,3_2,SMC
C-4845,all,202,53,6843,1252,21,74509,0,0,0,0,0,C,22,Alveolar fibroblast 1,55,22,4,4,4_1_3,CiliatedEpi
C-4846,all,179,48,6231,1878,27,45581,0,0,0,0,0,C,122,Ciliated cell,65,47,4,4,4_2,CiliatedEpi
C-4847,all,452,129,7256,1489,17,93035,0,0,0,0,0,C,179,Ciliated cell,42,25,4,4,4_1_2,ClubEpi
C-4848,all,80,36,7189,1378,40,13846,0,0,0,0,0,C,41,Ciliated cell,50,34,4,4,4_1_2,CiliatedEpi
C-4849,all,51,34,6025,1793,39,36983,0,0,0,0,0,C,7,Mesothelial cell,51,34,3,3,3_3,AdventitialFib
C-4850,all,108,41,7263,731,16,67609,0,0,0,0,0,C,24,Innate lymphoid cell,60,38,2,2,2_5,DC
C-4851,all,60,36,7147,543,20,48819,0,0,0,0,0,C,17,Vascular smooth muscle cell,55,36,1,1,1_5_1,LymphaticEndo
C-4852,all,433,77,6194,1459,17,79455,0,0,0,0,0,C,288,Secretory cell,51,37,4,4,4_2,CiliatedEpi
C-4853,all,438,74,6170,1623,28,85092,0,0,0,0,0,C,307,Ciliated cell,49,10,4,4,4_2,ClubEpi
C-4855,all,22,15,7372,1135,18,17319,0,0,0,0,0,C,3,Arterial endothelial cell,45,16,2,2,2_4,Artery
C-4859,all,137,57,7310,659,28,75546,0,0,0,0,0,C,11,Alveolar fibroblast 1,45,27,3,3,3_5,SMC
C-4862,all,202,69,7135,1245,19,90471,0,0,0,0,0,C,29,CD4+ T cell,51,31,1,1,1_5_2,AlveolarFib
C-4864,all,123,51,7205,861,18,79626,0,0,0,0,0,C,11,Mesothelial cell,46,28,3,3,3_3,AdventitialFib
C-4865,all,106,45,6205,890,23,81402,346,0,346,0,1,C,25,Innate lymphoid cell,54,31,1,1,1_4_3,AlveolarFib
C-4866,all,45,22,5683,201,11,39051,0,0,0,0,0,C,8,Alveolar type 1 cell,46,22,6,6,6,AT1
C-4868,all,38,23,7355,1087,13,23844,0,0,0,0,0,C,5,Mesothelial cell,41,23,3,3,3_3,AdventitialFib
C-4869,all,218,49,6208,1931,19,50547,0,0,0,0,0,C,158,Secretory cell,65,47,4,4,4_2,CiliatedEpi
C-4871,all,35,22,7423,694,36,23191,0,0,0,0,0,C,4,CD4+ T cell,42,22,1,1,1_2_1,Tcell (CD4)
C-4872,all,130,65,6078,248,29,78146,0,0,0,0,0,C,19,Alveolar fibroblast 1,40,25,1,1,1_5_1,LymphaticEndo
C-4876,all,107,45,6274,1026,30,63914,0,0,0,0,0,C,10,Alveolar type 1 cell,55,33,1,1,1_4_1,AlveolarFib
C-4877,all,323,97,7293,1560,17,87342,0,0,0,0,0,C,133,Ciliated cell,47,28,4,4,4_1_2,ClubEpi
C-4878,all,13,12,5752,1724,8,9514,0,0,0,0,0,C,3,Alveolar type 1 cell,29,13,1,1,1_4_1,AlveolarFib
C-4879,all,128,52,6841,456,22,63063,0,0,0,0,0,C,13,Arterial endothelial cell,46,27,2,2,2_4,Artery
C-4880,all,105,56,7336,1901,25,53287,0,0,0,0,0,C,27,Ciliated cell,63,54,4,4,4_1_1,CiliatedEpi
C-4881,all,148,72,7111,1361,24,88739,0,0,0,0,0,C,20,Ciliated cell,43,35,3,3,3_2,SMC
C-4883,all,174,46,6195,1335,24,94187,0,0,0,0,0,C,110,B cell,52,19,4,4,4_2,ClubEpi
C-4884,all,63,31,7068,481,39,24207,0,0,0,0,0,C,2,Arterial endothelial cell,54,32,2,2,2_4,Artery
C-4885,all,187,57,6286,1105,37,34350,0,0,0,0,0,C,116,Capillary 1 cell,51,18,4,4,4_2,ClubEpi
C-4886,all,263,31,6041,1443,33,37977,0,0,0,0,0,C,221,Secretory cell,55,7,4,4,4_2,ClubEpi
C-4887,all,244,64,6758,1101,26,106336,0,0,0,0,0,C,28,Inflammatory monocyte,53,30,1,1,1_2_1,Tcell (CD4)
C-4888,all,141,39,7356,1386,37,48306,0,0,0,0,0,C,19,Alveolar macrophage,54,25,8,8,8_1,AlveolarMac
C-4889,all,134,54,7381,1191,26,58837,0,0,0,0,0,C,13,Inflammatory monocyte,47,32,2,2,2_2,InflamMac
C-4890,all,371,90,7298,1935,22,87417,0,0,0,0,0,C,190,Ciliated cell,50,38,4,4,4_2,CiliatedEpi
C-4891,all,32,21,7041,646,32,24232,0,0,0,0,0,C,6,Vascular smooth muscle cell,42,22,3,3,3_2,SMC
C-4898,all,52,30,7371,1448,34,29425,0,0,0,0,0,C,5,Alveolar type 1 cell,53,31,1,1,1_4_1,AlveolarFib
C-4899,all,74,34,7423,1091,24,41192,0,0,0,0,0,C,11,T regulatory cell,56,35,1,1,1_4_1,AlveolarFib
C-4900,all,179,74,7263,901,23,83818,0,0,0,0,0,C,5,Inflammatory monocyte,55,44,3,3,3_3,AdventitialFib
C-4902,all,399,82,6400,1216,21,99191,0,0,0,0,0,C,229,Ciliated cell,55,38,4,4,4_2,CiliatedEpi
C-4903,all,244,59,6283,1178,34,72425,0,0,0,0,0,C,178,Ciliated cell,61,46,4,4,4_2,CiliatedEpi
C-4904,all,116,52,5726,1546,35,72493,0,0,0,0,0,C,8,Alveolar type 1 cell,44,25,2,2,2_6,pDC
C-4905,all,62,28,6504,167,36,37755,0,0,0,0,0,C,10,Alveolar type 1 cell,52,28,3,3,3_4,AdventitialFib
C-4906,all,220,95,7077,1415,15,58495,0,0,0,0,0,C,94,Ciliated cell,43,32,4,4,4_1_2,CiliatedEpi
C-4908,all,145,56,5796,1657,28,81193,0,0,0,0,0,C,25,B cell,45,27,2,2,2_2,InflamMac
C-4910,all,63,25,7088,636,22,48578,0,0,0,0,0,C,22,Secondary crest myofibroblast,53,25,3,3,3_2,SMC
C-4912,all,209,86,6986,1249,32,115974,0,0,0,0,0,C,33,Arterial endothelial cell,51,36,4,4,4_1_3,ClubEpi
C-4913,all,28,19,5724,641,10,34336,0,0,0,0,0,C,6,CD4+ T cell,43,20,1,1,1_4_1,AlveolarFib
C-4915,all,85,33,6365,452,21,53222,0,0,0,0,0,C,20,Alveolar fibroblast 1,58,33,8,8,8_2,InterstitialMac
C-4916,all,106,48,6134,1175,23,64027,0,0,0,0,0,C,29,Alveolar type 1 cell,64,43,6,6,6,AT1
C-4918,all,105,39,6638,1179,30,40541,0,0,0,0,0,C,55,Secretory cell,63,34,4,4,4_2,ClubEpi
C-4919,all,189,82,7244,1439,32,77193,0,0,0,0,0,C,54,Ciliated cell,41,30,4,4,4_1_2,CiliatedEpi
C-4920,all,214,80,7323,1845,22,106339,0,0,0,0,0,C,67,Arterial endothelial cell,43,30,4,4,4_1_2,CiliatedEpi
C-4921,all,117,48,6087,121,12,82509,0,0,0,0,0,C,18,Alveolar fibroblast 1,45,29,2,2,2_5,DC
C-4922,all,47,25,6521,132,36,27731,0,0,0,0,0,C,2,CD4+ T cell,47,25,1,1,1_2_1,Tcell (CD4)
C-4924,all,78,38,6991,446,26,60158,0,0,0,0,0,C,22,Alveolar fibroblast 2,56,38,3,3,3_2,SMC
C-4926,all,65,25,7360,1153,19,38188,0,0,0,0,0,C,6,Vascular smooth muscle cell,55,26,3,3,3_2,SMC
C-4927,all,159,59,7090,1154,12,82283,0,0,0,0,0,C,21,Mesothelial cell,54,33,3,3,3_3,AdventitialFib
C-4928,all,79,42,6834,520,32,39108,0,0,0,0,0,C,10,Arterial endothelial cell,58,42,2,2,2_4,Artery
C-4931,all,131,61,7353,1621,28,68845,0,0,0,0,0,C,38,Ciliated cell,45,29,3,3,3_1,SMC
C-4932,all,151,48,6101,1557,21,88353,0,0,0,0,0,C,25,Inflammatory monocyte,46,25,6,6,6,AT1
C-4933,all,36,22,6895,314,39,27099,0,0,0,0,0,C,4,Proliferative mesenchymal progenitor cell,41,23,3,3,3_1,SMC
C-4938,all,163,47,6402,475,19,95000,0,0,0,0,0,C,85,Alveolar type 2 cell,48,25,2,2,2_2,InflamMac
C-4939,all,54,24,6698,32,16,73458,0,0,0,0,0,C,10,Alveolar fibroblast 2,53,24,5,5,5_3,Pericyte
C-4940,all,335,73,6145,1577,21,90507,0,0,0,0,0,C,217,Ciliated cell,43,27,4,4,4_2,CiliatedEpi
C-4941,all,114,53,7282,1427,38,25805,0,0,0,0,0,C,54,Capillary 1 cell,48,26,4,4,4_1_2,ClubEpi
C-4942,all,71,29,6565,814,14,43486,0,0,0,0,0,C,3,Interstitial macrophage,53,29,8,8,8_3,InterstitialMac
C-4944,all,85,46,6064,1662,36,43522,0,0,0,0,0,C,15,CD8+ T cell,60,46,2,2,2_2,InflamMac
C-4949,all,60,29,5604,1233,37,30439,0,0,0,0,0,C,7,Inflammatory monocyte,55,29,1,1,1_2_3,Tcell (CD4)
C-4950,all,351,55,6089,1400,24,107181,0,0,0,0,0,C,291,Arterial endothelial cell,53,6,4,4,4_2,ClubEpi
C-4951,all,277,105,7203,1464,21,67266,0,0,0,0,0,C,106,Ciliated cell,41,26,4,4,4_1_2,ClubEpi
C-4953,all,291,98,7317,1656,22,78266,0,0,0,0,0,C,98,Arterial endothelial cell,51,40,4,4,4_1_2,CiliatedEpi
C-4954,all,147,51,6382,982,33,76906,0,0,0,0,0,C,11,CD8+ T cell,49,31,2,2,2_2,InflamMac
C-4958,all,81,38,7014,1347,31,27973,0,0,0,0,0,C,28,B cell,59,38,4,4,4_1_2,ClubEpi
C-4959,all,33,20,6316,1035,25,17581,0,0,0,0,0,C,5,Alveolar fibroblast 1,43,21,3,3,3_5,SMC
C-4961,all,15,11,6473,277,14,26173,0,0,0,0,0,C,3,Alveolar macrophage,39,12,3,3,3_2,SMC
C-4964,all,189,65,5777,1182,23,115270,0,0,0,0,0,C,19,Alveolar type 1 cell,51,32,6,6,6,AT1
C-4966,all,173,79,6899,1358,17,38977,0,0,0,0,0,C,53,Venous endothelial cell,50,36,4,4,4_1_1,ClubEpi
C-4967,all,100,46,6096,1214,35,51449,0,0,0,0,0,C,12,Inflammatory monocyte,57,40,3,3,3_4,AdventitialFib
C-4970,all,87,32,6368,1110,37,20824,0,0,0,0,0,C,52,Capillary 1 cell,62,32,4,4,4_2,ClubEpi
C-4974,all,65,27,6916,515,13,45873,0,0,0,0,0,C,9,Arterial endothelial cell,55,27,2,2,2_4,Artery
C-4976,all,88,35,7180,624,29,59763,0,0,0,0,0,C,18,Vascular smooth muscle cell,62,36,3,3,3_2,SMC
C-4978,all,184,69,6814,1327,22,46159,0,0,0,0,0,C,59,Arterial endothelial cell,48,36,4,4,4_1_2,CiliatedEpi
C-4979,all,92,49,6702,1154,33,40252,0,0,0,0,0,C,30,Ciliated cell,66,48,4,4,4_1_2,ClubEpi
C-4981,all,87,43,7187,715,30,49563,0,0,0,0,0,C,9,Inflammatory monocyte,64,42,1,1,1_2_3,Tcell (CD4)
C-4983,all,138,59,5834,140,26,91528,0,0,0,0,0,C,36,Alveolar fibroblast 1,45,30,3,3,3_5,SMC
C-4984,all,104,51,6695,1224,26,44135,0,0,0,0,0,C,43,Ciliated cell,62,51,4,4,4_1_1,CiliatedEpi
C-4985,all,102,48,7313,1057,35,41280,0,0,0,0,0,C,52,CD4+ T cell,61,39,1,1,1_4_1,AlveolarFib
C-4987,all,109,43,6157,1151,20,88780,0,0,0,0,0,C,23,CD8+ T cell,53,30,2,2,2_2,InflamMac
C-4989,all,90,36,7046,263,27,50274,0,0,0,0,0,C,7,Inflammatory monocyte,57,36,1,1,1_2_3,Tcell (CD4)
C-4990,all,101,52,7386,1109,19,62270,0,0,0,0,0,C,8,Inflammatory monocyte,58,41,3,3,3_2,SMC
C-4991,all,82,34,7207,692,33,34622,0,0,0,0,0,C,13,Inflammatory monocyte,59,34,1,1,1_2_3,Tcell (CD4)
C-4992,all,99,52,7188,1271,30,52108,0,0,0,0,0,C,7,Alveolar fibroblast 1,63,47,1,1,1_4_1,AlveolarFib
C-4993,all,174,72,7295,1473,37,33582,0,0,0,0,0,C,59,Venous endothelial cell,45,32,4,4,4_1_2,CiliatedEpi
C-4995,all,62,27,5920,1032,12,44630,0,0,0,0,0,C,15,Alveolar fibroblast 1,54,27,7,7,7_2,PatrolMac
C-4996,all,244,87,6785,1319,30,57110,0,0,0,0,0,C,117,Ciliated cell,44,36,4,4,4_1_2,CiliatedEpi
C-4997,all,102,47,6638,1107,19,44934,0,0,0,0,0,C,17,Alveolar fibroblast 1,60,41,3,3,3_5,SMC
C-4998,all,145,54,7422,846,23,69105,0,0,0,0,0,C,13,Sox9+/Id2+ epithelial cell,48,29,2,2,2_2,InflamMac
C-5000,all,152,48,6959,378,19,98525,0,0,0,0,0,C,53,Mesothelial cell,54,28,3,3,3_3,AdventitialFib
C-5001,all,45,26,6407,369,38,24115,0,0,0,0,0,C,3,Mesothelial cell,45,26,3,3,3_3,AdventitialFib
C-5002,all,47,27,5887,977,20,44708,0,0,0,0,0,C,7,Inflammatory monocyte,47,27,5,5,5_3,Pericyte
C-5003,all,86,31,6447,309,22,74555,0,0,0,0,0,C,13,Alveolar type 1 cell,58,31,6,6,6,AT1
C-5004,all,28,20,6819,549,24,32584,0,0,0,0,0,C,7,Arterial endothelial cell,36,21,3,3,3_2,SMC
C-5005,all,98,49,5600,224,33,77436,0,0,0,0,0,C,12,Alveolar fibroblast 1,61,44,2,2,2_2,InflamMac
C-5006,all,92,37,5607,412,19,73353,0,0,0,0,0,C,13,B cell,58,36,2,2,2_1,Capillary
C-5008,all,43,23,7246,804,24,18775,0,0,0,0,0,C,11,Alveolar macrophage,44,23,3,3,3_3,AdventitialFib
C-5009,all,58,33,5898,1826,12,49675,0,0,0,0,0,C,3,Proliferative mesenchymal progenitor cell,57,34,3,3,3_1,SMC
C-5010,all,126,63,6743,1220,27,104375,0,0,0,0,0,C,46,Ciliated cell,41,26,4,4,4_1_1,ClubEpi
C-5012,all,86,32,6579,926,26,35118,0,0,0,0,0,C,12,Alveolar fibroblast 2,59,32,3,3,3_3,AdventitialFib
C-5013,all,291,85,7329,1720,18,87943,0,0,0,0,0,C,93,Ciliated cell,56,41,4,4,4_1_2,CiliatedEpi
C-5015,all,135,71,7421,806,30,75809,0,0,0,0,0,C,11,B cell,39,29,3,3,3_2,SMC
C-5016,all,331,56,6079,1453,32,67576,0,0,0,0,0,C,249,Secretory cell,54,10,4,4,4_2,ClubEpi
C-5020,all,12,7,6175,1848,9,11178,0,0,0,0,0,C,5,Ciliated cell,27,7,4,4,4_1_1,CiliatedEpi
C-5021,all,128,48,6441,374,19,99863,0,0,0,0,0,C,29,Alveolar fibroblast 1,49,28,1,1,1_5_1,LymphaticEndo
C-5024,all,114,45,7324,1945,22,46316,0,0,0,0,0,C,58,Capillary 1 cell,62,44,4,4,4_2,CiliatedEpi
C-5025,all,191,74,7413,1473,26,112791,0,0,0,0,0,C,22,Inflammatory monocyte,53,42,1,1,1_2_3,Tcell (CD4)
C-5026,all,69,37,6036,1344,39,27582,0,0,0,0,0,C,8,Alveolar fibroblast 1,50,37,1,1,1_5_1,LymphaticEndo
C-5027,all,115,49,6931,588,23,70735,0,0,0,0,0,C,18,Arterial endothelial cell,46,32,2,2,2_4,Artery
C-5028,all,41,12,6154,1936,7,18629,0,0,0,0,0,C,26,Ciliated cell,42,11,4,4,4_1_2,CiliatedEpi
C-5029,all,51,28,7418,52,14,70077,0,0,0,0,0,C,4,Sox9+/Id2+ epithelial cell,51,28,2,2,2_1,Capillary
C-5030,all,73,46,7073,1329,26,63752,0,0,0,0,0,C,19,Arterial endothelial cell,56,46,4,4,4_1_1,ClubEpi
C-5031,all,231,78,7275,1845,32,51649,0,0,0,0,0,C,96,Ciliated cell,44,32,4,4,4_1_2,CiliatedEpi
C-5033,all,89,47,6678,1063,22,59520,0,0,0,0,0,C,6,Inflammatory monocyte,59,46,9,9,9,Bcell
C-5036,all,89,38,6372,1163,38,16469,0,0,0,0,0,C,45,Endothelial progenitor cell,62,38,4,4,4_1_2,ClubEpi
C-5037,all,14,4,5632,343,8,17875,0,0,0,0,0,C,7,Sox9+/Id2+ epithelial cell,37,4,1,1,1_1,AT2
C-5038,all,29,16,7077,1292,31,23963,0,0,0,0,0,C,3,Natural killer cell,38,16,7,7,7_3,Tcell (CD8)
C-5040,all,183,86,7303,1521,30,66412,0,0,0,0,0,C,56,Arterial endothelial cell,44,29,4,4,4_1_1,ClubEpi
C-5041,all,42,19,6226,1816,31,13250,0,0,0,0,0,C,31,Ciliated cell,36,17,4,4,4_2,CiliatedEpi
C-5042,all,178,81,7194,1417,36,36997,0,0,0,0,0,C,74,Alveolar fibroblast 1,43,37,4,4,4_1_2,CiliatedEpi
C-5043,all,74,40,6404,1074,24,64927,0,0,0,0,0,C,3,CD4+ T cell,55,40,3,3,3_6,SCMF
C-5044,all,127,39,6493,959,20,89893,0,0,0,0,0,C,31,Alveolar type 1 cell,48,28,7,7,7_3,Tcell (CD8)
C-5045,all,133,45,6820,1276,20,59400,0,0,0,0,0,C,28,Ciliated cell,46,18,4,4,4_1_3,CiliatedEpi
C-5046,all,93,38,6350,1032,30,55147,0,0,0,0,0,C,6,Secondary crest myofibroblast,62,37,3,3,3_5,SMC
C-5047,all,108,49,7391,764,29,51604,0,0,0,0,0,C,20,Alveolar macrophage,60,40,3,3,3_3,AdventitialFib
C-5048,all,133,57,6341,1134,29,62417,0,0,0,0,0,C,67,Ciliated cell,46,25,4,4,4_1_2,ClubEpi
C-5049,all,93,41,7292,867,14,48164,0,0,0,0,0,C,6,Inflammatory monocyte,62,43,2,2,2_5,DC
C-5051,all,72,37,7415,1740,16,37659,0,0,0,0,0,C,5,Innate lymphoid cell,55,38,1,1,1_6_2,Neutrophil
C-5052,all,42,25,7095,488,36,20806,0,0,0,0,0,C,9,Secondary crest myofibroblast,42,25,3,3,3_2,SMC
C-5056,all,164,41,6182,1280,33,65143,0,0,0,0,0,C,120,Ciliated cell,52,16,4,4,4_2,ClubEpi
C-5057,all,179,76,7390,1576,26,84824,0,0,0,0,0,C,34,Alveolar fibroblast 1,46,31,1,1,1_5_2,AlveolarFib
C-5058,all,53,22,6306,1136,32,44236,0,0,0,0,0,C,35,Ciliated cell,47,22,4,4,4_2,CiliatedEpi
C-5060,all,54,32,5607,834,37,41589,0,0,0,0,0,C,6,Alveolar type 2 cell,54,32,1,1,1_3,AT2
C-5061,all,75,31,7256,768,7,23470,0,0,0,0,0,C,6,Mesothelial cell,56,31,3,3,3_3,AdventitialFib
C-5065,all,66,42,7161,1341,38,20923,0,0,0,0,0,C,10,Proliferative mesenchymal progenitor cell,60,42,3,3,3_6,SCMF
C-5066,all,294,98,7075,1381,26,69661,0,0,0,0,0,C,141,Ciliated cell,44,24,4,4,4_1_2,ClubEpi
C-5068,all,99,56,7374,1658,30,41383,0,0,0,0,0,C,32,Ciliated cell,67,55,4,4,4_1_2,CiliatedEpi
C-5069,all,115,51,7286,616,24,94617,0,0,0,0,0,C,22,Vascular smooth muscle cell,42,29,3,3,3_2,SMC
C-5071,all,178,80,7375,991,28,43526,0,0,0,0,0,C,43,Secretory cell,45,29,4,4,4_1_1,ClubEpi
C-5072,all,111,56,7042,1267,37,33564,0,0,0,0,0,C,27,Secondary crest myofibroblast,57,44,1,1,1_3,AT2
C-5073,all,122,62,7417,1057,24,68363,0,0,0,0,0,C,9,Proliferative mesenchymal progenitor cell,37,23,1,1,1_2_1,Tcell (CD4)
C-5074,all,65,31,6092,183,21,43193,0,0,0,0,0,C,13,Alveolar type 1 cell,57,31,6,6,6,AT1
C-5078,all,42,26,6122,272,35,32650,0,0,0,0,0,C,8,Alveolar macrophage,42,26,1,1,1_5_1,LymphaticEndo
C-5079,all,93,57,7422,1661,38,16463,0,0,0,0,0,C,24,B cell,65,56,4,4,4_1_1,CiliatedEpi
C-5080,all,78,40,6906,1430,5,15272,0,0,0,0,0,C,29,Capillary 1 cell,58,39,4,4,4_1_2,CiliatedEpi
C-5083,all,163,65,6637,1044,28,77648,0,0,0,0,0,C,20,B cell,52,39,9,9,9,Bcell
C-5086,all,96,36,6862,1313,19,47354,0,0,0,0,0,C,45,Ciliated cell,55,35,4,4,4_2,CiliatedEpi
C-5087,all,314,106,7122,1313,23,137565,0,0,0,0,0,C,72,B cell,45,36,4,4,4_1_3,CiliatedEpi
C-5088,all,143,69,6874,1341,17,46617,0,0,0,0,0,C,46,Ciliated cell,42,25,4,4,4_1_1,ClubEpi
C-5089,all,41,23,6785,544,27,30224,0,0,0,0,0,C,7,Vascular smooth muscle cell,43,23,3,3,3_2,SMC
C-5090,all,30,16,7070,784,5,12986,0,0,0,0,0,C,7,Mesothelial cell,40,16,3,3,3_3,AdventitialFib
C-5091,all,60,29,6069,207,23,38833,0,0,0,0,0,C,5,Alveolar macrophage,54,29,6,6,6,AT1
C-5092,all,119,52,6814,422,22,105013,0,0,0,0,0,C,21,Vascular smooth muscle cell,42,26,3,3,3_2,SMC
C-5093,all,35,18,7120,577,37,28842,0,0,0,0,0,C,9,Vascular smooth muscle cell,41,19,3,3,3_2,SMC
C-5094,all,58,24,5985,1941,5,34402,0,0,0,0,0,C,11,Alveolar macrophage,54,24,1,1,1_4_1,AlveolarFib
C-5096,all,65,27,6217,1095,24,40324,0,0,0,0,0,C,14,Alveolar fibroblast 1,56,28,1,1,1_4_1,AlveolarFib
C-5099,all,60,28,7281,234,8,42605,0,0,0,0,0,C,6,Inflammatory monocyte,56,28,8,8,8_1,AlveolarMac
C-5101,all,113,43,7291,1596,8,20737,0,0,0,0,0,C,62,Ciliated cell,62,43,4,4,4_2,CiliatedEpi
C-5103,all,115,43,6755,1322,14,25040,0,0,0,0,0,C,66,Ciliated cell,61,43,4,4,4_2,CiliatedEpi
C-5104,all,106,42,7349,1830,32,38715,0,0,0,0,0,C,7,CD4+ T cell,58,36,8,8,8_2,InterstitialMac
C-5106,all,93,16,6186,1538,6,12449,0,0,0,0,0,C,73,Capillary 1 cell,41,15,4,4,4_2,CiliatedEpi
C-5111,all,151,48,6495,891,22,85566,0,0,0,0,0,C,13,CD4+ T cell,49,22,3,3,3_5,SMC
C-5114,all,49,26,7380,75,21,59197,0,0,0,0,0,C,4,Alveolar fibroblast 1,49,26,1,1,1_2_1,Tcell (CD4)
C-5115,all,84,40,6435,501,38,40823,0,0,0,0,0,C,8,B cell,59,40,1,1,1_2_1,Tcell (CD4)
C-5116,all,31,19,5998,1374,41,13496,0,0,0,0,0,C,8,CD4+ T cell,40,20,1,1,1_4_1,AlveolarFib
C-5119,all,137,47,6131,1540,27,38006,0,0,0,0,0,C,84,Venous endothelial cell,55,47,4,4,4_2,CiliatedEpi
C-5121,all,84,48,6912,1282,34,43801,0,0,0,0,0,C,35,Ciliated cell,64,48,4,4,4_1_2,ClubEpi
C-5122,all,38,26,7117,1185,4,12908,0,0,0,0,0,C,9,Proliferative mesenchymal progenitor cell,41,26,3,3,3_3,AdventitialFib
C-5124,all,242,79,7133,764,12,93574,0,0,0,0,0,C,22,Proliferative mesenchymal progenitor cell,51,37,3,3,3_3,AdventitialFib
C-5126,all,245,93,6682,1253,23,84124,0,0,0,0,0,C,102,Secretory cell,51,41,4,4,4_1_1,CiliatedEpi
C-5127,all,77,33,5913,1428,23,43942,0,0,0,0,0,C,12,Innate lymphoid cell,56,34,2,2,2_2,InflamMac
C-5128,all,122,48,5749,1786,22,95471,0,0,0,0,0,C,28,Alveolar fibroblast 1,46,26,1,1,1_4_1,AlveolarFib
C-5129,all,122,62,7154,1411,33,34505,0,0,0,0,0,C,52,Ciliated cell,69,59,4,4,4_1_2,CiliatedEpi
C-5130,all,165,57,5715,1748,18,93375,0,0,0,0,0,C,26,B cell,46,25,6,6,6,AT1
C-5131,all,30,17,6350,65,37,26929,0,0,0,0,0,C,2,Alveolar type 1 cell,40,17,8,8,8_1,AlveolarMac
C-5132,all,76,31,6917,1318,22,58173,0,0,0,0,0,C,39,Ciliated cell,56,32,3,3,3_2,SMC
C-5133,all,100,41,5910,1360,34,53802,0,0,0,0,0,C,39,B cell,54,36,9,9,9,Bcell
C-5134,all,84,43,7357,1207,38,28517,0,0,0,0,0,C,7,Inflammatory monocyte,63,43,3,3,3_3,AdventitialFib
C-5138,all,136,47,7346,954,20,79571,0,0,0,0,0,C,10,B cell,50,29,9,9,9,Bcell
C-5139,all,94,32,6127,553,23,84210,0,0,0,0,0,C,3,Natural killer cell,60,32,2,2,2_2,InflamMac
C-5140,all,69,22,6126,1430,34,17308,0,0,0,0,0,C,40,Ciliated cell,39,21,4,4,4_2,CiliatedEpi
C-5141,all,18,8,5855,1423,6,16495,0,0,0,0,0,C,8,Proliferative mesenchymal progenitor cell,40,8,1,1,1_1,AT2
C-5143,all,27,13,6881,632,34,18010,0,0,0,0,0,C,4,Alveolar fibroblast 1,39,13,3,3,3_4,AdventitialFib
C-5144,all,411,111,7130,1436,20,94845,0,0,0,0,0,C,166,Ciliated cell,48,40,4,4,4_1_2,CiliatedEpi
C-5146,all,88,36,7344,592,22,51722,0,0,0,0,0,C,7,Alveolar type 1 cell,59,36,6,6,6,AT1
C-5147,all,102,40,6321,1203,32,22494,0,0,0,0,0,C,64,Arterial endothelial cell,59,34,4,4,4_2,ClubEpi
C-5148,all,43,22,6573,954,19,27359,0,0,0,0,0,C,2,Neutrophil,45,22,3,3,3_3,AdventitialFib
C-5149,all,126,54,7178,555,28,79619,0,0,0,0,0,C,10,Arterial endothelial cell,42,24,3,3,3_3,AdventitialFib
C-5150,all,254,39,6199,1843,17,37240,0,0,0,0,0,C,209,Capillary 1 cell,57,38,4,4,4_2,CiliatedEpi
C-5154,all,108,48,5905,1791,22,64437,0,0,0,0,0,C,5,Sox9+/Id2+ epithelial cell,59,40,1,1,1_4_1,AlveolarFib
C-5159,all,187,51,6233,1844,33,40985,0,0,0,0,0,C,111,Arterial endothelial cell,60,42,4,4,4_2,CiliatedEpi
C-5162,all,48,11,6185,1905,7,11118,0,0,0,0,0,C,40,Arterial endothelial cell,28,10,4,4,4_2,CiliatedEpi
C-5167,all,62,26,6183,1117,29,55089,0,0,0,0,0,C,9,Arterial endothelial cell,52,26,7,7,7_2,PatrolMac
C-5168,all,60,29,6500,855,36,29621,0,0,0,0,0,C,2,Alveolar fibroblast 1,56,29,3,3,3_4,AdventitialFib
C-5169,all,57,26,6047,1404,38,20348,0,0,0,0,0,C,22,Ciliated cell,43,25,4,4,4_1_2,CiliatedEpi
C-5170,all,135,74,6643,1230,29,44606,0,0,0,0,0,C,38,Alveolar fibroblast 1,34,19,4,4,4_1_1,ClubEpi
C-5172,all,107,42,6961,422,22,93277,0,0,0,0,0,C,16,Pericyte,59,34,3,3,3_5,SMC
C-5175,all,79,39,6860,589,28,62630,0,0,0,0,0,C,5,Alveolar fibroblast 2,58,39,3,3,3_3,AdventitialFib
C-5176,all,39,25,6765,26,37,38379,0,0,0,0,0,C,4,Inflammatory monocyte,41,26,2,2,2_2,InflamMac
C-5177,all,77,31,6598,1167,29,38653,0,0,0,0,0,C,48,CD8+ T cell,40,30,4,4,4_2,CiliatedEpi
C-5178,all,172,51,6129,1471,21,84641,0,0,0,0,0,C,86,Secretory cell,51,22,4,4,4_2,ClubEpi
C-5179,all,80,32,6183,946,15,102786,0,0,0,0,0,C,18,CD4+ T cell,57,32,3,3,3_1,SMC
C-5180,all,74,35,5800,587,39,59445,0,0,0,0,0,C,7,Alveolar fibroblast 2,56,35,9,9,9,Bcell
C-5181,all,115,61,7423,1705,23,61019,0,0,0,0,0,C,16,Alveolar fibroblast 1,45,34,1,1,1_4_1,AlveolarFib
C-5182,all,12,8,6798,455,35,17565,0,0,0,0,0,C,7,Pericyte,30,9,3,3,3_2,SMC
C-5183,all,114,44,6543,1231,24,38720,0,0,0,0,0,C,53,Venous endothelial cell,58,43,4,4,4_1_2,CiliatedEpi
C-5184,all,193,69,6409,1142,39,46179,0,0,0,0,0,C,121,Ciliated cell,38,27,4,4,4_2,CiliatedEpi
C-5186,all,56,35,6097,1838,22,38116,0,0,0,0,0,C,8,Alveolar type 1 cell,56,36,1,1,1_4_1,AlveolarFib
C-5188,all,99,52,7003,1315,32,43453,0,0,0,0,0,C,25,Inflammatory monocyte,69,50,3,3,3_5,SMC
C-5189,all,110,53,6129,1879,17,54436,0,0,0,0,0,C,11,Proliferative mesenchymal progenitor cell,52,36,3,3,3_3,AdventitialFib
C-5191,all,500,120,7275,1891,20,117270,0,0,0,0,0,C,207,Ciliated cell,43,27,4,4,4_1_2,CiliatedEpi
C-5193,all,306,65,6205,1759,25,72215,0,0,0,0,0,C,206,Ciliated cell,50,11,4,4,4_2,ClubEpi
C-5195,all,56,39,7339,1561,36,29574,0,0,0,0,0,C,10,Ciliated cell,53,38,4,4,4_1_1,CiliatedEpi
C-5197,all,103,52,6704,1285,13,39416,0,0,0,0,0,C,33,Mesothelial cell,64,52,4,4,4_1_1,CiliatedEpi
C-5198,all,77,40,7398,1634,39,19561,0,0,0,0,0,C,20,Capillary 1 cell,60,40,4,4,4_1_2,ClubEpi
C-5200,all,292,111,6591,1253,20,124357,0,0,0,0,0,C,132,Arterial endothelial cell,43,25,4,4,4_1_2,ClubEpi
C-5201,all,210,67,6085,1884,23,100846,0,0,0,0,0,C,9,Arterial endothelial cell,52,34,1,1,1_2_1,Tcell (CD4)
C-5202,all,171,84,7361,1693,34,38994,0,0,0,0,0,C,54,Alveolar fibroblast 1,39,30,4,4,4_1_1,CiliatedEpi
C-5203,all,73,32,5968,205,14,72501,0,0,0,0,0,C,9,Neutrophil,57,33,1,1,1_4_1,AlveolarFib
C-5204,all,115,50,7420,1226,29,68061,0,0,0,0,0,C,10,Vascular smooth muscle cell,44,24,9,9,9,Bcell
C-5205,all,138,49,5820,215,27,90479,0,0,0,0,0,C,23,CD8+ T cell,48,27,1,1,1_4_1,AlveolarFib
C-5208,all,192,55,6222,1251,31,67457,0,0,0,0,0,C,108,Alveolar fibroblast 1,54,24,4,4,4_1_2,ClubEpi
C-5209,all,126,59,7101,1279,23,41071,0,0,0,0,0,C,24,B cell,38,19,2,2,2_5,DC
C-5210,all,102,45,5959,1084,32,75127,0,0,0,0,0,C,7,CD4+ T cell,62,42,7,7,7_2,PatrolMac
C-5211,all,96,23,6154,1444,29,35169,0,0,0,0,0,C,65,Capillary 1 cell,41,23,4,4,4_2,CiliatedEpi
C-5212,all,136,64,6947,1346,21,81628,0,0,0,0,0,C,32,Inflammatory monocyte,43,29,3,3,3_5,SMC
C-5213,all,394,90,6156,1509,21,123220,0,0,0,0,0,C,209,Ciliated cell,51,37,4,4,4_2,CiliatedEpi
C-5214,all,65,34,6870,1511,6,13097,0,0,0,0,0,C,30,Venous endothelial cell,57,34,4,4,4_1_2,ClubEpi
C-5217,all,42,25,7411,998,40,10360,0,0,0,0,0,C,7,CD8+ T cell,44,25,4,4,4_1_2,ClubEpi
C-5218,all,121,35,6255,1219,32,50147,0,0,0,0,0,C,75,Venous endothelial cell,56,34,4,4,4_2,CiliatedEpi
C-5219,all,56,32,7078,1048,39,26560,0,0,0,0,0,C,3,Megakaryocyte/Platelet,54,33,1,1,1_6_2,Neutrophil
C-5222,all,94,41,6497,1166,25,69045,0,0,0,0,0,C,16,Mature DC subset,63,40,4,4,4_1_3,CiliatedEpi
C-5225,all,59,29,7409,734,30,39729,0,0,0,0,0,C,4,Alveolar type 1 cell,54,30,1,1,1_4_1,AlveolarFib
C-5226,all,25,17,7127,535,15,27360,0,0,0,0,0,C,9,Secondary crest myofibroblast,45,17,3,3,3_2,SMC
C-5227,all,51,21,7105,518,21,37270,0,0,0,0,0,C,13,Vascular smooth muscle cell,53,22,3,3,3_2,SMC
C-5228,all,49,22,6217,1166,38,32696,0,0,0,0,0,C,29,Venous endothelial cell,40,22,4,4,4_2,CiliatedEpi
C-5229,all,177,62,6574,1131,31,51557,0,0,0,0,0,C,97,Inflammatory monocyte,47,24,4,4,4_2,ClubEpi
C-5230,all,38,24,7361,904,26,22894,0,0,0,0,0,C,5,Alveolar fibroblast 1,43,25,1,1,1_4_3,AlveolarFib
C-5231,all,40,30,7344,1520,39,19143,0,0,0,0,0,C,5,B cell,41,30,9,9,9,Bcell
C-5232,all,10,4,5820,1927,24,14055,0,0,0,0,0,C,7,Alveolar fibroblast 1,27,5,1,1,1_4_3,AlveolarFib
C-5233,all,280,77,6346,1227,23,75753,0,0,0,0,0,C,167,Ciliated cell,49,20,4,4,4_2,ClubEpi
C-5237,all,19,10,7194,658,17,23470,0,0,0,0,0,C,11,Alveolar macrophage,38,10,6,6,6,AT1
C-5239,all,99,41,6756,1293,34,23294,0,0,0,0,0,C,38,Alveolar fibroblast 1,54,40,4,4,4_1_2,CiliatedEpi
C-5241,all,261,44,6183,1778,22,62210,0,0,0,0,0,C,192,Capillary 1 cell,61,42,4,4,4_2,CiliatedEpi
C-5242,all,86,39,6770,1186,39,17484,0,0,0,0,0,C,35,Ciliated cell,57,39,4,4,4_1_2,CiliatedEpi
C-5243,all,69,32,5716,720,31,52634,0,0,0,0,0,C,14,Inflammatory monocyte,54,33,3,3,3_1,SMC
C-5245,all,54,33,6026,876,37,27555,0,0,0,0,0,C,4,Inflammatory monocyte,53,33,1,1,1_2_3,Tcell (CD4)
C-5246,all,42,26,6107,1824,39,14690,0,0,0,0,0,C,4,CD4+ T cell,42,26,1,1,1_5_2,AlveolarFib
C-5247,all,113,45,6966,1322,25,67380,0,0,0,0,0,C,49,Capillary 1 cell,64,45,4,4,4_1_2,CiliatedEpi
C-5249,all,286,76,6236,1942,28,53655,0,0,0,0,0,C,166,Ciliated cell,53,21,4,4,4_2,ClubEpi
C-5250,all,19,7,6157,1343,40,9505,0,0,0,0,0,C,18,Ciliated cell,21,9,4,4,4_2,CiliatedEpi
C-5254,all,50,32,7353,1738,30,14329,0,0,0,0,0,C,21,Capillary 1 cell,43,31,4,4,4_1_1,CiliatedEpi
C-5256,all,26,10,6017,1243,40,11113,0,0,0,0,0,C,3,Sox9+/Id2+ epithelial cell,40,11,1,1,1_4_1,AlveolarFib
C-5260,all,35,23,7086,1258,40,7339,0,0,0,0,0,C,5,Sox9+/Id2+ epithelial cell,42,23,8,8,8_2,InterstitialMac
C-5264,all,49,23,7331,1483,40,13697,0,0,0,0,0,C,13,Alveolar fibroblast 1,51,24,1,1,1_4_1,AlveolarFib
C-5265,all,142,68,7039,1358,28,39149,0,0,0,0,0,C,55,Ciliated cell,46,37,4,4,4_1_1,CiliatedEpi
C-5266,all,54,31,6549,1194,27,25499,0,0,0,0,0,C,21,Ciliated cell,48,30,4,4,4_1_1,CiliatedEpi
C-5267,all,53,31,6531,1152,23,51068,0,0,0,0,0,C,7,Ciliated cell,53,31,7,7,7_3,Tcell (CD8)
C-5269,all,13,5,6217,1021,8,7346,0,0,0,0,0,C,4,Proliferative mesenchymal progenitor cell,35,6,3,3,3_1,SMC
C-5274,all,15,8,6802,1233,39,13152,0,0,0,0,0,C,4,Proliferative mesenchymal progenitor cell,33,9,3,3,3_1,SMC
C-5277,all,39,25,6817,1204,40,15495,0,0,0,0,0,C,20,Ciliated cell,42,26,2,2,2_4,Artery
C-5278,all,145,51,6897,1245,28,46639,0,0,0,0,0,C,80,Arterial endothelial cell,64,49,4,4,4_2,CiliatedEpi
C-5280,all,31,4,6624,201,6,7399,0,0,0,0,0,C,28,Alveolar type 2 cell,45,4,1,1,1_1,AT2
C-5281,all,28,18,7041,471,42,5891,0,0,0,0,0,C,4,CD4+ T cell,38,19,3,3,3_2,SMC
C-5283,all,91,59,7380,1067,18,30897,0,0,0,0,0,C,13,Alveolar fibroblast 2,69,58,3,3,3_3,AdventitialFib
C-5284,all,28,11,5938,1002,19,16543,0,0,0,0,0,C,2,Alveolar type 1 cell,38,12,1,1,1_4_1,AlveolarFib
C-5285,all,144,23,6204,1807,29,42306,0,0,0,0,0,C,106,Capillary 1 cell,46,22,4,4,4_2,CiliatedEpi
C-5286,all,25,15,6238,1134,38,27307,0,0,0,0,0,C,13,Venous endothelial cell,46,15,3,3,3_4,AdventitialFib
C-5290,all,234,69,7131,2823,22,96924,0,0,0,0,0,C,24,Inflammatory monocyte,56,40,1,1,1_2_3,Tcell (CD4)
C-5292,all,430,100,5929,3060,23,147051,106,0,106,0,1,C,256,Ciliated cell,46,13,4,4,4_2,ClubEpi
C-5294,all,77,36,7090,2673,34,53429,0,0,0,0,0,C,6,Proliferative mesenchymal progenitor cell,58,36,3,3,3_3,AdventitialFib
C-5295,all,178,55,6553,3635,23,69731,0,0,0,0,0,C,66,Ciliated cell,45,30,4,4,4_1_2,CiliatedEpi
C-5298,all,60,33,5866,2834,19,37225,0,0,0,0,0,C,9,Alveolar fibroblast 1,55,34,1,1,1_4_1,AlveolarFib
C-5299,all,178,74,7077,2720,27,72589,0,0,0,0,0,C,25,Classical DC subset 2,52,40,2,2,2_5,DC
C-5300,all,101,50,6548,2534,32,46105,0,0,0,0,0,C,10,Alveolar fibroblast 1,61,41,3,3,3_2,SMC
C-5301,all,13,8,6055,2257,40,13672,0,0,0,0,0,C,2,CD4+ T cell,30,8,1,1,1_5_2,AlveolarFib
C-5302,all,115,48,6979,3478,32,55321,0,0,0,0,0,C,21,CD4+ T cell,47,30,7,7,7_4,PatrolMac
C-5303,all,80,30,6883,3587,16,44061,0,0,0,0,0,C,9,Alveolar macrophage,54,30,5,5,5_3,Pericyte
C-5306,all,52,27,6680,3456,37,39151,0,0,0,0,0,C,5,Sox9+/Id2+ epithelial cell,53,28,1,1,1_5_2,AlveolarFib
C-5308,all,328,67,6599,3422,30,62401,0,0,0,0,0,C,227,Natural killer cell,40,23,4,4,4_2,CiliatedEpi
C-5309,all,175,60,6019,2633,27,88082,0,0,0,0,0,C,33,Inflammatory monocyte,51,31,3,3,3_2,SMC
C-5311,all,172,61,7085,2411,16,86704,0,0,0,0,0,C,32,B cell,55,35,9,9,9,Bcell
C-5313,all,77,40,6375,2801,26,40020,0,0,0,0,0,C,8,B cell,58,41,3,3,3_2,SMC
C-5315,all,445,90,6447,3151,21,89634,0,0,0,0,0,C,281,Venous endothelial cell,51,41,4,4,4_2,CiliatedEpi
C-5316,all,265,83,6382,3271,34,55787,0,0,0,0,0,C,128,Secretory cell,46,20,4,4,4_2,ClubEpi
C-5318,all,68,35,7054,2587,25,56671,0,0,0,0,0,C,5,Alveolar fibroblast 1,57,35,1,1,1_5_2,AlveolarFib
C-5319,all,46,20,6887,2750,8,30668,0,0,0,0,0,C,6,Sox9+/Id2+ epithelial cell,46,20,2,2,2_6,pDC
C-5321,all,208,61,6702,3149,16,94576,0,0,0,0,0,C,10,Inflammatory monocyte,49,27,2,2,2_2,InflamMac
C-5322,all,79,38,5893,2428,13,74823,0,0,0,0,0,C,6,Inflammatory monocyte,53,38,2,2,2_2,InflamMac
C-5323,all,119,52,6346,2645,32,62710,0,0,0,0,0,C,12,Endothelial progenitor cell,45,30,3,3,3_5,SMC
C-5324,all,84,34,7227,3075,12,45503,0,0,0,0,0,C,13,Inflammatory monocyte,57,35,1,1,1_5_2,AlveolarFib
C-5325,all,151,56,6555,2673,9,66744,0,0,0,0,0,C,19,Capillary 2 cell,48,30,2,2,2_2,InflamMac
C-5327,all,82,41,6570,2567,25,37444,0,0,0,0,0,C,16,Alveolar fibroblast 2,58,41,3,3,3_4,AdventitialFib
C-5328,all,65,39,6257,2199,29,51249,0,0,0,0,0,C,11,Alveolar type 1 cell,59,40,1,1,1_4_1,AlveolarFib
C-5329,all,81,39,6246,2170,31,59399,0,0,0,0,0,C,10,B cell,60,40,1,1,1_4_1,AlveolarFib
C-5330,all,162,57,6403,2552,29,65723,0,0,0,0,0,C,12,CD8+ T cell,51,32,3,3,3_4,AdventitialFib
C-5332,all,42,20,6244,2713,7,17445,0,0,0,0,0,C,2,Natural killer cell,45,21,2,2,2_2,InflamMac
C-5333,all,67,30,5988,2667,10,39933,0,0,0,0,0,C,7,Secondary crest myofibroblast,57,31,3,3,3_2,SMC
C-5334,all,105,44,6257,2342,28,69785,0,0,0,0,0,C,6,Alveolar fibroblast 1,58,37,1,1,1_5_2,AlveolarFib
C-5335,all,70,30,6979,3348,11,22407,0,0,0,0,0,C,5,Megakaryocyte/Platelet,53,30,2,2,2_2,InflamMac
C-5336,all,269,87,6313,3295,34,75519,0,0,0,0,0,C,132,Alveolar fibroblast 1,42,35,4,4,4_2,CiliatedEpi
C-5338,all,352,99,6254,3169,28,91056,0,0,0,0,0,C,144,Ciliated cell,42,29,4,4,4_1_2,CiliatedEpi
C-5339,all,207,72,6673,2975,15,91223,0,0,0,0,0,C,14,CD8+ T cell,51,38,2,2,2_5,DC
C-5340,all,124,57,6138,3155,36,42355,50,0,50,0,1,C,51,Ciliated cell,42,24,4,4,4_1_2,ClubEpi
C-5341,all,70,34,6970,2463,23,43933,0,0,0,0,0,C,6,Vascular smooth muscle cell,57,34,3,3,3_1,SMC
C-5342,all,171,57,6592,2352,30,40044,0,0,0,0,0,C,86,Secretory cell,67,53,4,4,4_2,CiliatedEpi
C-5344,all,81,37,5846,2618,27,44750,0,0,0,0,0,C,13,B cell,61,39,2,2,2_5,DC
C-5346,all,251,80,6599,2954,28,94826,0,0,0,0,0,C,27,Alveolar fibroblast 1,54,38,1,1,1_4_1,AlveolarFib
C-5347,all,108,39,5907,2369,15,75559,0,0,0,0,0,C,13,Alveolar type 2 cell,53,27,1,1,1_3,AT2
C-5348,all,146,48,7049,2695,24,56570,0,0,0,0,0,C,12,Alveolar type 1 cell,46,22,6,6,6,AT1
C-5349,all,207,80,7053,2281,35,49463,0,0,0,0,0,C,71,Alveolar fibroblast 1,51,33,4,4,4_1_2,ClubEpi
C-5350,all,256,69,6307,2885,29,109687,0,0,0,0,0,C,12,Alveolar type 1 cell,50,31,3,3,3_5,SMC
C-5351,all,149,63,7038,2770,8,77458,0,0,0,0,0,C,7,Arterial endothelial cell,46,33,1,1,1_4_1,AlveolarFib
C-5361,all,41,18,7096,2542,34,24476,0,0,0,0,0,C,3,Alveolar type 1 cell,45,19,1,1,1_4_1,AlveolarFib
C-5362,all,318,90,7205,2135,29,87587,0,0,0,0,0,C,153,Arterial endothelial cell,46,37,4,4,4_2,CiliatedEpi
C-5364,all,167,63,7096,2267,34,36994,0,0,0,0,0,C,78,Inflammatory monocyte,54,39,4,4,4_1_2,CiliatedEpi
C-5366,all,111,45,7180,3783,20,61953,0,0,0,0,0,C,9,Sox9+/Id2+ epithelial cell,48,26,2,2,2_2,InflamMac
C-5367,all,168,29,6928,2430,16,43933,0,0,0,0,0,C,119,Capillary 1 cell,53,28,4,4,4_2,CiliatedEpi
C-5370,all,127,34,6247,2024,30,29113,0,0,0,0,0,C,97,Endothelial progenitor cell,43,34,4,4,4_2,CiliatedEpi
C-5371,all,196,63,6428,2765,27,99468,0,0,0,0,0,C,19,Inflammatory monocyte,57,39,2,2,2_2,InflamMac
C-5372,all,83,27,6790,2379,31,19250,0,0,0,0,0,C,42,Alveolar fibroblast 1,58,27,4,4,4_2,ClubEpi
C-5373,all,203,65,6833,2667,12,96986,0,0,0,0,0,C,19,Arterial endothelial cell,55,36,2,2,2_2,InflamMac
C-5374,all,122,53,5940,2627,15,57046,0,0,0,0,0,C,27,Alveolar fibroblast 1,41,23,2,2,2_4,Artery
C-5375,all,54,27,6768,2606,39,22158,0,0,0,0,0,C,9,Alveolar type 1 cell,54,28,1,1,1_4_1,AlveolarFib
C-5377,all,52,27,7158,3802,11,21754,0,0,0,0,0,C,5,Sox9+/Id2+ epithelial cell,53,28,2,2,2_2,InflamMac
C-5378,all,149,57,7290,2162,24,65165,0,0,0,0,0,C,12,B cell,52,34,1,1,1_2_1,Tcell (CD4)
C-5380,all,102,46,6481,2509,32,42213,0,0,0,0,0,C,7,CD4+ T cell,61,38,1,1,1_2_1,Tcell (CD4)
C-5381,all,179,61,6519,2594,21,91688,0,0,0,0,0,C,23,Alveolar fibroblast 1,52,36,1,1,1_4_1,AlveolarFib
C-5384,all,134,51,5762,3097,33,34148,0,0,0,0,0,C,81,Alveolar fibroblast 1,42,12,4,4,4_2,ClubEpi
C-5386,all,125,43,6017,2393,22,70198,0,0,0,0,0,C,13,Alveolar fibroblast 1,48,22,1,1,1_4_1,AlveolarFib
C-5389,all,136,26,7033,2361,13,20048,0,0,0,0,0,C,109,Capillary 1 cell,40,25,4,4,4_2,CiliatedEpi
C-5392,all,42,23,6243,3020,8,25705,0,0,0,0,0,C,2,Mesothelial cell,43,23,3,3,3_3,AdventitialFib
C-5393,all,57,27,6745,2491,33,18787,0,0,0,0,0,C,9,CD4+ T cell,55,27,1,1,1_3,AT2
C-5394,all,119,47,6424,2959,18,44089,0,0,0,0,0,C,15,CD4+ T cell,44,28,1,1,1_2_1,Tcell (CD4)
C-5397,all,164,57,6493,3271,24,80307,0,0,0,0,0,C,56,Inflammatory monocyte,49,27,4,4,4_1_2,ClubEpi
C-5398,all,66,41,5904,2773,35,62910,0,0,0,0,0,C,7,Vascular smooth muscle cell,61,42,3,3,3_2,SMC
C-5399,all,181,62,6562,2853,19,79868,0,0,0,0,0,C,16,Inflammatory monocyte,53,34,2,2,2_2,InflamMac
C-5400,all,244,47,6484,3208,17,45343,0,0,0,0,0,C,187,Secretory cell,59,46,4,4,4_2,CiliatedEpi
C-5404,all,59,29,6128,2753,7,36648,0,0,0,0,0,C,7,CD8+ T cell,52,31,2,2,2_5,DC
C-5405,all,164,50,6440,2686,18,99068,0,0,0,0,0,C,6,Ciliated cell,48,26,2,2,2_1,Capillary
C-5406,all,175,62,7370,3247,17,82168,0,0,0,0,0,C,13,Proliferative mesenchymal progenitor cell,52,30,1,1,1_4_1,AlveolarFib
C-5408,all,92,22,6866,2424,19,27335,0,0,0,0,0,C,70,Capillary 1 cell,37,21,4,4,4_2,CiliatedEpi
C-5409,all,48,26,6881,3770,7,19726,0,0,0,0,0,C,4,CD4+ T cell,48,26,7,7,7_3,Tcell (CD8)
C-5410,all,58,29,7173,2360,22,25577,0,0,0,0,0,C,25,Ciliated cell,55,29,4,4,4_1_2,ClubEpi
C-5412,all,363,70,5980,3051,20,77275,0,0,0,0,0,C,246,Capillary 1 cell,53,15,4,4,4_2,ClubEpi
C-5413,all,162,56,6769,3776,12,74918,0,0,0,0,0,C,12,B cell,53,36,1,1,1_4_1,AlveolarFib
C-5414,all,59,33,6626,2863,11,39118,0,0,0,0,0,C,5,Alveolar macrophage,55,34,3,3,3_2,SMC
C-5415,all,98,31,6854,3795,9,38037,0,0,0,0,0,C,24,Proliferative mesenchymal progenitor cell,61,30,7,7,7_3,Tcell (CD8)
C-5417,all,38,19,6127,2713,12,35299,0,0,0,0,0,C,2,Alveolar type 1 cell,44,19,6,6,6,AT1
C-5419,all,192,53,6530,2646,10,67265,0,0,0,0,0,C,88,Alveolar type 2 cell,46,20,1,1,1_1,AT2
C-5421,all,132,53,7077,3432,34,56166,0,0,0,0,0,C,7,Alveolar macrophage,47,29,1,1,1_4_1,AlveolarFib
C-5423,all,177,50,6850,2870,17,93529,0,0,0,0,0,C,6,Alveolar fibroblast 1,55,28,1,1,1_4_1,AlveolarFib
C-5424,all,171,50,6254,2456,20,106091,0,0,0,0,0,C,6,Alveolar type 1 cell,52,29,1,1,1_4_1,AlveolarFib
C-5426,all,266,85,6580,3077,26,134448,0,0,0,0,0,C,67,Proliferative mesenchymal progenitor cell,47,33,3,3,3_3,AdventitialFib
C-5427,all,95,40,7312,3096,31,49822,0,0,0,0,0,C,12,CD8+ T cell,62,40,2,2,2_2,InflamMac
C-5428,all,191,65,6304,3143,25,82120,0,0,0,0,0,C,60,Capillary 1 cell,47,34,4,4,4_1_2,CiliatedEpi
C-5431,all,100,48,6584,3765,29,47059,0,0,0,0,0,C,7,B cell,63,43,3,3,3_2,SMC
C-5432,all,69,38,6719,2501,33,27843,0,0,0,0,0,C,5,B cell,56,39,3,3,3_5,SMC
C-5434,all,202,71,7059,3478,23,92264,0,0,0,0,0,C,12,Classical DC subset 2,51,36,1,1,1_2_1,Tcell (CD4)
C-5436,all,63,31,6654,2821,25,30813,0,0,0,0,0,C,9,B cell,55,31,2,2,2_6,pDC
C-5437,all,49,26,5827,3018,35,20398,0,0,0,0,0,C,5,Alveolar fibroblast 1,49,26,1,1,1_5_2,AlveolarFib
C-5438,all,216,63,6554,3306,19,66025,0,0,0,0,0,C,101,Ciliated cell,46,32,4,4,4_2,CiliatedEpi
C-5440,all,229,58,6698,2812,18,100358,0,0,0,0,0,C,111,Inflammatory monocyte,50,25,2,2,2_2,InflamMac
C-5443,all,76,37,6143,2505,36,41403,0,0,0,0,0,C,4,Alveolar fibroblast 2,57,37,3,3,3_3,AdventitialFib
C-5444,all,94,31,7190,2280,18,30998,0,0,0,0,0,C,52,Capillary 1 cell,51,31,4,4,4_2,CiliatedEpi
C-5445,all,96,30,6092,2482,34,68979,0,0,0,0,0,C,15,Alveolar type 1 cell,57,30,9,9,9,Bcell
C-5446,all,106,39,6097,2531,36,49276,0,0,0,0,0,C,10,Alveolar type 1 cell,58,35,2,2,2_2,InflamMac
C-5448,all,126,58,6510,2482,31,52777,0,0,0,0,0,C,11,Secondary crest myofibroblast,40,22,3,3,3_4,AdventitialFib
C-5449,all,153,56,6943,2339,30,57964,0,0,0,0,0,C,64,Secretory cell,45,17,4,4,4_2,ClubEpi
C-5451,all,138,56,7019,3285,23,62140,0,0,0,0,0,C,15,Inflammatory monocyte,45,26,9,9,9,Bcell
C-5452,all,207,68,7154,3013,23,92578,0,0,0,0,0,C,30,Venous endothelial cell,48,33,2,2,2_2,InflamMac
C-5453,all,141,41,6414,3089,23,49846,0,0,0,0,0,C,72,Ciliated cell,58,40,4,4,4_2,CiliatedEpi
C-5454,all,113,42,7010,3370,12,50548,0,0,0,0,0,C,12,B cell,45,23,1,1,1_4_1,AlveolarFib
C-5457,all,101,32,6199,2385,17,73061,0,0,0,0,0,C,25,Megakaryocyte/Platelet,57,30,2,2,2_2,InflamMac
C-5458,all,230,62,7026,2308,27,40687,0,0,0,0,0,C,137,Secretory cell,55,25,4,4,4_2,ClubEpi
C-5459,all,151,57,5658,2981,32,74520,0,0,0,0,0,C,21,Alveolar macrophage,51,34,1,1,1_2_3,Tcell (CD4)
C-5460,all,194,64,6248,2502,20,129607,52,52,0,1,0,C,18,Mesothelial cell,55,36,3,3,3_4,AdventitialFib
C-5461,all,45,21,6101,2308,29,32232,0,0,0,0,0,C,2,Alveolar type 1 cell,45,21,6,6,6,AT1
C-5463,all,363,85,6893,2338,30,80151,0,0,0,0,0,C,241,Ciliated cell,47,38,4,4,4_2,CiliatedEpi
C-5464,all,259,73,7128,3234,21,107473,0,0,0,0,0,C,31,CD4+ T cell,50,31,1,1,1_2_1,Tcell (CD4)
C-5468,all,136,32,6364,3069,17,56846,0,0,0,0,0,C,92,Ciliated cell,52,30,4,4,4_2,CiliatedEpi
C-5469,all,181,63,5891,2651,21,73036,0,0,0,0,0,C,27,Alveolar fibroblast 1,57,42,2,2,2_4,Artery
C-5470,all,50,18,7276,3256,29,20532,0,0,0,0,0,C,8,Neutrophil,50,19,2,2,2_2,InflamMac
C-5473,all,38,15,7411,3104,36,23701,0,0,0,0,0,C,7,Alveolar macrophage,45,15,1,1,1_2_3,Tcell (CD4)
C-5476,all,195,59,6709,3653,32,75554,0,0,0,0,0,C,9,Proliferative mesenchymal progenitor cell,52,29,1,1,1_2_1,Tcell (CD4)
C-5477,all,385,99,6982,2306,31,71037,0,0,0,0,0,C,210,Arterial endothelial cell,47,21,4,4,4_2,ClubEpi
C-5480,all,201,57,6583,3457,29,40202,0,0,0,0,0,C,137,Endothelial progenitor cell,51,17,4,4,4_2,ClubEpi
C-5482,all,212,82,6495,3376,30,88861,0,0,0,0,0,C,67,Sox9+/Id2+ epithelial cell,41,32,4,4,4_1_2,CiliatedEpi
C-5483,all,198,73,6760,3605,26,83912,0,0,0,0,0,C,18,Inflammatory monocyte,49,32,1,1,1_4_1,AlveolarFib
C-5488,all,68,12,5899,2590,10,39561,0,0,0,0,0,C,55,Alveolar type 2 cell,51,12,1,1,1_1,AT2
C-5489,all,200,76,6028,2803,31,83816,0,0,0,0,0,C,20,Pericyte,52,34,3,3,3_2,SMC
C-5493,all,91,41,6327,2369,25,61455,0,0,0,0,0,C,3,Proliferative mesenchymal progenitor cell,60,41,1,1,1_2_1,Tcell (CD4)
C-5494,all,126,42,7127,2440,26,60360,0,0,0,0,0,C,7,Arterial endothelial cell,47,22,2,2,2_1,Capillary
C-5495,all,137,45,6310,2534,23,79546,51,51,0,1,0,C,30,Alveolar type 1 cell,48,24,6,6,6,AT1
C-5496,all,73,41,6864,2787,9,41634,0,0,0,0,0,C,7,CD4+ T cell,56,42,3,3,3_1,SMC
C-5497,all,68,22,5739,2510,20,34643,0,0,0,0,0,C,12,Sox9+/Id2+ epithelial cell,56,23,2,2,2_2,InflamMac
C-5498,all,113,51,7229,2302,34,50994,0,0,0,0,0,C,10,B cell,44,27,9,9,9,Bcell
C-5499,all,370,100,7161,2243,27,83014,0,0,0,0,0,C,193,Secretory cell,49,38,4,4,4_2,CiliatedEpi
C-5500,all,68,35,6653,3758,19,36204,0,0,0,0,0,C,9,CD4+ T cell,58,35,1,1,1_2_1,Tcell (CD4)
C-5501,all,63,37,6644,2471,28,39000,0,0,0,0,0,C,15,CD8+ T cell,58,37,8,8,8_2,InterstitialMac
C-5506,all,303,77,7240,2095,27,78426,0,0,0,0,0,C,188,Venous endothelial cell,51,38,4,4,4_2,CiliatedEpi
C-5507,all,262,64,6499,3326,23,50960,0,0,0,0,0,C,185,Secretory cell,47,36,4,4,4_2,CiliatedEpi
C-5509,all,59,23,6072,2377,17,50245,0,0,0,0,0,C,11,CD8+ T cell,52,23,1,1,1_2_3,Tcell (CD4)
C-5511,all,82,36,7025,3319,15,41816,0,0,0,0,0,C,4,CD8+ T cell,59,37,2,2,2_2,InflamMac
C-5512,all,434,78,6956,2381,17,87962,0,0,0,0,0,C,299,Alveolar fibroblast 1,47,10,4,4,4_2,ClubEpi
C-5515,all,63,33,6170,2573,18,37943,0,0,0,0,0,C,15,Ciliated cell,56,34,3,3,3_5,SMC
C-5516,all,149,53,5640,3096,27,76725,0,0,0,0,0,C,80,Secretory cell,68,50,4,4,4_1_2,CiliatedEpi
C-5517,all,326,75,6554,2356,26,96148,0,0,0,0,0,C,199,Alveolar type 2 cell,49,37,4,4,4_2,CiliatedEpi
C-5518,all,113,49,7253,3806,21,43487,0,0,0,0,0,C,14,Alveolar macrophage,45,29,1,1,1_4_1,AlveolarFib
C-5521,all,16,12,5608,3073,38,23994,0,0,0,0,0,C,4,Alveolar fibroblast 1,27,11,4,4,4_1_3,CiliatedEpi
C-5522,all,176,68,7050,3668,13,79710,0,0,0,0,0,C,16,CD4+ T cell,52,39,1,1,1_2_1,Tcell (CD4)
C-5523,all,115,50,6517,3119,22,64161,0,0,0,0,0,C,8,Inflammatory monocyte,44,27,1,1,1_2_1,Tcell (CD4)
C-5524,all,176,61,7048,3574,21,71021,0,0,0,0,0,C,23,Capillary 1 cell,52,33,1,1,1_2_1,Tcell (CD4)
C-5525,all,361,68,6357,3141,16,67163,0,0,0,0,0,C,261,Alveolar fibroblast 1,53,15,4,4,4_2,ClubEpi
C-5530,all,178,79,7356,2475,27,81754,0,0,0,0,0,C,12,Alveolar fibroblast 2,50,37,2,2,2_2,InflamMac
C-5535,all,96,40,7092,3214,34,47540,0,0,0,0,0,C,12,B cell,60,38,9,9,9,Bcell
C-5539,all,74,38,6043,2601,24,41060,0,0,0,0,0,C,18,CD4+ T cell,56,38,1,1,1_2_3,Tcell (CD4)
C-5540,all,139,59,6347,2491,20,77845,0,0,0,0,0,C,9,CD8+ T cell,48,34,7,7,7_2,PatrolMac
C-5546,all,98,33,6446,2830,8,34696,0,0,0,0,0,C,14,Alveolar type 1 cell,58,31,6,6,6,AT1
C-5547,all,335,99,6099,3104,30,97070,0,0,0,0,0,C,184,Secretory cell,46,22,4,4,4_2,ClubEpi
C-5549,all,227,52,6225,1984,28,59224,0,0,0,0,0,C,149,Alveolar type 1 cell,58,35,4,4,4_2,CiliatedEpi
C-5550,all,242,86,6435,3332,34,57732,0,0,0,0,0,C,131,Arterial endothelial cell,49,24,4,4,4_2,ClubEpi
C-5551,all,222,54,7215,2259,20,51036,0,0,0,0,0,C,109,Alveolar fibroblast 1,52,19,4,4,4_2,ClubEpi
C-5552,all,166,61,6686,3799,12,64589,0,0,0,0,0,C,18,Inflammatory monocyte,49,33,1,1,1_2_1,Tcell (CD4)
C-5555,all,134,52,6092,2688,14,79651,0,0,0,0,0,C,15,Secondary crest myofibroblast,47,28,5,5,5_3,Pericyte
C-5557,all,141,49,7215,3777,21,50542,0,0,0,0,0,C,12,Alveolar macrophage,52,33,1,1,1_4_1,AlveolarFib
C-5558,all,92,42,6597,3235,12,45406,0,0,0,0,0,C,11,Inflammatory monocyte,65,42,7,7,7_2,PatrolMac
C-5560,all,56,35,6990,2434,25,45135,0,0,0,0,0,C,5,Pericyte,54,35,5,5,5_3,Pericyte
C-5561,all,192,57,6369,2167,31,64822,0,0,0,0,0,C,112,Ciliated cell,60,46,4,4,4_2,CiliatedEpi
C-5563,all,111,52,6608,3728,30,57661,0,0,0,0,0,C,16,Pulmonary neuroendocrine cell,47,31,2,2,2_2,InflamMac
C-5567,all,133,46,7226,3813,14,53170,0,0,0,0,0,C,12,Alveolar macrophage,48,26,1,1,1_4_1,AlveolarFib
C-5568,all,46,23,5694,3007,13,23262,0,0,0,0,0,C,4,CD8+ T cell,47,24,2,2,2_2,InflamMac
C-5570,all,163,55,7187,2180,34,40658,0,0,0,0,0,C,86,Arterial endothelial cell,68,54,4,4,4_2,CiliatedEpi
C-5572,all,91,51,6661,3673,37,45879,0,0,0,0,0,C,11,B cell,63,50,3,3,3_2,SMC
C-5578,all,105,45,6225,2250,24,66389,0,0,0,0,0,C,17,Proliferative mesenchymal progenitor cell,60,40,1,1,1_2_1,Tcell (CD4)
C-5580,all,258,63,6466,3110,24,47563,0,0,0,0,0,C,153,B cell,43,27,4,4,4_2,CiliatedEpi
C-5583,all,281,69,6515,2252,31,69616,0,0,0,0,0,C,164,Ciliated cell,46,32,4,4,4_2,CiliatedEpi
C-5586,all,10,9,6245,2961,4,8225,0,0,0,0,0,C,2,Alveolar macrophage,28,9,1,1,1_2_3,Tcell (CD4)
C-5587,all,117,45,6471,2989,36,46341,0,0,0,0,0,C,8,T regulatory cell,47,27,1,1,1_5_2,AlveolarFib
C-5590,all,123,48,7275,1997,37,25189,0,0,0,0,0,C,69,Secretory cell,60,48,4,4,4_2,CiliatedEpi
C-5592,all,72,26,6024,2357,17,43956,0,0,0,0,0,C,31,Arterial endothelial cell,53,27,2,2,2_4,Artery
C-5593,all,252,81,6912,2812,15,111490,0,0,0,0,0,C,33,Pericyte,44,28,3,3,3_5,SMC
C-5594,all,121,46,6005,2296,32,76648,0,0,0,0,0,C,11,B cell,44,25,1,1,1_4_1,AlveolarFib
C-5596,all,318,95,6319,3197,28,102991,0,0,0,0,0,C,149,Venous endothelial cell,52,45,4,4,4_1_2,CiliatedEpi
C-5597,all,113,42,7121,2246,38,22483,0,0,0,0,0,C,55,Alveolar type 2 cell,60,41,4,4,4_2,CiliatedEpi
C-5600,all,152,48,5778,2532,15,66115,0,0,0,0,0,C,15,B cell,50,27,1,1,1_5_1,LymphaticEndo
C-5603,all,220,50,6589,3369,17,43909,0,0,0,0,0,C,153,Alveolar fibroblast 1,50,14,4,4,4_2,ClubEpi
C-5605,all,147,50,6295,2054,37,35514,0,0,0,0,0,C,99,Endothelial progenitor cell,63,49,4,4,4_2,CiliatedEpi
C-5606,all,10,6,6183,3049,8,9647,0,0,0,0,0,C,6,Secondary crest myofibroblast,30,7,3,3,3_2,SMC
C-5607,all,127,51,6781,2546,29,70883,0,0,0,0,0,C,11,Alveolar fibroblast 1,47,29,1,1,1_4_1,AlveolarFib
C-5610,all,111,29,6492,3157,26,24668,0,0,0,0,0,C,81,Alveolar macrophage,40,29,4,4,4_2,CiliatedEpi
C-5615,all,311,39,6538,2400,16,45141,0,0,0,0,0,C,271,Capillary 1 cell,59,39,4,4,4_2,CiliatedEpi
C-5617,all,285,67,7273,2048,23,61824,0,0,0,0,0,C,191,Ciliated cell,42,27,4,4,4_2,CiliatedEpi
C-5619,all,175,71,7075,3247,27,64063,0,0,0,0,0,C,21,Alveolar type 1 cell,45,33,1,1,1_4_1,AlveolarFib
C-5620,all,171,24,6359,2231,14,28289,0,0,0,0,0,C,150,Endothelial progenitor cell,56,9,4,4,4_2,ClubEpi
C-5623,all,73,36,6240,2544,30,48261,0,0,0,0,0,C,5,Proliferative mesenchymal progenitor cell,54,37,3,3,3_2,SMC
C-5626,all,410,47,6347,2196,15,71981,0,0,0,0,0,C,359,Ciliated cell,60,46,4,4,4_2,CiliatedEpi
C-5627,all,86,39,7341,3077,35,40233,0,0,0,0,0,C,7,Inflammatory monocyte,61,38,7,7,7_2,PatrolMac
C-5628,all,85,44,6891,3554,12,38430,0,0,0,0,0,C,3,CD4+ T cell,62,45,1,1,1_4_1,AlveolarFib
C-5630,all,185,33,6244,2097,26,36025,0,0,0,0,0,C,154,Pericyte,54,8,4,4,4_2,ClubEpi
C-5632,all,85,25,7250,2217,15,15680,0,0,0,0,0,C,51,Secretory cell,61,25,4,4,4_2,ClubEpi
C-5633,all,149,57,5802,3112,34,41328,0,0,0,0,0,C,84,Endothelial progenitor cell,69,57,4,4,4_2,CiliatedEpi
C-5634,all,161,48,6869,3518,7,49396,0,0,0,0,0,C,8,Sox9+/Id2+ epithelial cell,52,28,1,1,1_4_1,AlveolarFib
C-5635,all,119,49,7076,2477,20,53412,0,0,0,0,0,C,7,CD4+ T cell,46,27,1,1,1_4_1,AlveolarFib
C-5636,all,122,39,6915,3742,19,52099,58,0,58,0,1,C,12,Inflammatory monocyte,46,23,2,2,2_2,InflamMac
C-5638,all,335,90,6072,2857,30,140326,0,0,0,0,0,C,38,Alveolar macrophage,50,35,1,1,1_2_1,Tcell (CD4)
C-5639,all,65,35,6243,3074,14,54641,0,0,0,0,0,C,12,Secondary crest myofibroblast,60,35,3,3,3_5,SMC
C-5640,all,379,109,6488,3576,33,81664,0,0,0,0,0,C,143,Ciliated cell,46,38,4,4,4_1_2,CiliatedEpi
C-5645,all,357,78,6408,2308,27,94731,0,0,0,0,0,C,215,Venous endothelial cell,48,39,4,4,4_2,CiliatedEpi
C-5646,all,239,57,6347,2110,35,55577,0,0,0,0,0,C,146,Venous endothelial cell,44,27,4,4,4_2,CiliatedEpi
C-5649,all,203,68,6554,3481,25,36466,0,0,0,0,0,C,110,Ciliated cell,38,24,4,4,4_2,CiliatedEpi
C-5650,all,50,26,5888,2818,27,27681,0,0,0,0,0,C,7,Alveolar type 1 cell,50,26,1,1,1_2_3,Tcell (CD4)
C-5652,all,45,25,6775,2705,4,16563,0,0,0,0,0,C,2,Mesothelial cell,46,25,3,3,3_3,AdventitialFib
C-5655,all,16,11,5855,3028,32,10479,0,0,0,0,0,C,3,Secondary crest myofibroblast,35,12,3,3,3_2,SMC
C-5656,all,455,118,6463,3719,32,109242,0,0,0,0,0,C,177,Arterial endothelial cell,49,37,4,4,4_1_2,CiliatedEpi
C-5658,all,353,99,6436,3788,33,89004,0,0,0,0,0,C,143,Ciliated cell,44,29,4,4,4_1_2,CiliatedEpi
C-5659,all,98,48,6428,2999,35,46325,0,0,0,0,0,C,9,Alveolar macrophage,62,46,1,1,1_2_3,Tcell (CD4)
C-5661,all,195,65,7280,3149,23,89926,0,0,0,0,0,C,55,Inflammatory monocyte,48,29,1,1,1_2_3,Tcell (CD4)
C-5663,all,288,52,6693,2391,20,65057,0,0,0,0,0,C,208,Venous endothelial cell,63,44,4,4,4_2,CiliatedEpi
C-5666,all,21,13,6368,3001,30,12556,0,0,0,0,0,C,12,CD4+ T cell,43,14,3,3,3_2,SMC
C-5667,all,480,115,6588,3513,29,137002,0,0,0,0,0,C,248,Alveolar fibroblast 2,41,14,4,4,4_2,ClubEpi
C-5668,all,56,31,6959,3506,36,24564,0,0,0,0,0,C,10,Inflammatory monocyte,53,31,1,1,1_2_3,Tcell (CD4)
C-5670,all,75,33,7071,2558,26,40271,0,0,0,0,0,C,3,Inflammatory monocyte,58,34,2,2,2_2,InflamMac
C-5672,all,83,29,7181,3651,28,47635,0,0,0,0,0,C,4,Proliferative mesenchymal progenitor cell,58,29,1,1,1_2_1,Tcell (CD4)
C-5676,all,121,57,6285,3022,17,60367,0,0,0,0,0,C,12,Mesothelial cell,41,35,3,3,3_3,AdventitialFib
C-5680,all,262,54,7006,2338,20,44789,0,0,0,0,0,C,169,Endothelial progenitor cell,45,30,4,4,4_2,CiliatedEpi
C-5693,all,468,114,6489,3428,28,113950,353,0,353,0,1,C,216,Alveolar fibroblast 1,48,25,4,4,4_2,ClubEpi
C-5696,all,56,28,6123,2285,38,33705,0,0,0,0,0,C,6,B cell,53,28,3,3,3_2,SMC
C-5699,all,46,19,7030,3457,14,25310,0,0,0,0,0,C,7,CD8+ T cell,47,20,2,2,2_2,InflamMac
C-5700,all,33,20,6915,3652,4,9173,0,0,0,0,0,C,2,Natural killer cell,44,21,2,2,2_2,InflamMac
C-5702,all,89,43,6669,2784,22,46276,0,0,0,0,0,C,23,Alveolar type 2 cell,57,43,2,2,2_2,InflamMac
C-5703,all,35,17,6634,2924,34,12671,0,0,0,0,0,C,19,Alveolar fibroblast 1,43,17,1,1,1_5_1,LymphaticEndo
C-5704,all,23,17,6305,3243,41,10396,0,0,0,0,0,C,6,Ciliated cell,38,16,4,4,4_1_2,CiliatedEpi
C-5705,all,460,75,6240,3122,15,86464,0,0,0,0,0,C,348,Secretory cell,48,32,4,4,4_2,CiliatedEpi
C-5708,all,223,67,5878,3083,22,54486,0,0,0,0,0,C,131,Endothelial progenitor cell,40,30,4,4,4_2,CiliatedEpi
C-5712,all,17,9,6724,2618,40,6931,0,0,0,0,0,C,2,Alveolar macrophage,37,9,1,1,1_2_3,Tcell (CD4)
C-5713,all,139,53,7053,2446,33,55152,0,0,0,0,0,C,8,Alveolar fibroblast 1,50,30,1,1,1_2_1,Tcell (CD4)
C-5716,all,51,23,6116,2612,31,28088,0,0,0,0,0,C,6,CD4+ T cell,51,24,1,1,1_4_1,AlveolarFib
C-5719,all,132,53,7341,2094,35,69325,0,0,0,0,0,C,9,Inflammatory monocyte,47,28,2,2,2_2,InflamMac
C-5721,all,95,32,7255,2152,13,32027,0,0,0,0,0,C,43,Ciliated cell,54,32,4,4,4_2,CiliatedEpi
C-5722,all,234,50,6788,2454,15,58971,68,68,0,1,0,C,183,Alveolar fibroblast 2,52,10,4,4,4_2,ClubEpi
C-5726,all,217,71,7350,2166,25,93530,0,0,0,0,0,C,17,Alveolar type 1 cell,55,37,3,3,3_4,AdventitialFib
C-5727,all,34,24,6269,2546,29,23677,0,0,0,0,0,C,6,Alveolar type 1 cell,40,25,3,3,3_5,SMC
C-5728,all,113,33,6362,2264,22,52257,0,0,0,0,0,C,49,Ciliated cell,55,33,4,4,4_2,CiliatedEpi
C-5730,all,24,18,6103,3009,35,16193,0,0,0,0,0,C,3,Inflammatory monocyte,46,19,3,3,3_2,SMC
C-5733,all,70,25,6820,2408,18,19238,0,0,0,0,0,C,46,Natural killer cell,58,25,4,4,4_2,ClubEpi
C-5734,all,70,31,6451,2262,29,28237,0,0,0,0,0,C,44,Venous endothelial cell,42,31,4,4,4_2,CiliatedEpi
C-5735,all,441,119,6517,3530,27,100604,0,0,0,0,0,C,227,Secretory cell,43,17,4,4,4_2,ClubEpi
C-5737,all,123,47,6100,3040,22,56291,0,0,0,0,0,C,27,Capillary 1 cell,60,41,4,4,4_1_2,CiliatedEpi
C-5738,all,242,85,6363,2841,23,102512,0,0,0,0,0,C,23,Alveolar macrophage,47,33,5,5,5_3,Pericyte
C-5740,all,28,17,6425,2356,36,16874,0,0,0,0,0,C,2,Proliferative mesenchymal progenitor cell,43,17,1,1,1_5_2,AlveolarFib
C-5744,all,194,42,7138,2326,15,32503,0,0,0,0,0,C,139,Inflammatory monocyte,56,42,4,4,4_2,CiliatedEpi
C-5747,all,201,57,7074,2353,20,52483,0,0,0,0,0,C,115,Venous endothelial cell,44,30,4,4,4_2,CiliatedEpi
C-5751,all,80,35,6008,2698,14,40385,0,0,0,0,0,C,5,Airway smooth muscle cell,60,36,3,3,3_2,SMC
C-5752,all,127,29,6138,3051,17,51429,0,0,0,0,0,C,75,CD8+ T cell,52,28,4,4,4_2,CiliatedEpi
C-5755,all,133,57,7033,2483,21,56181,0,0,0,0,0,C,10,Alveolar fibroblast 1,46,32,3,3,3_1,SMC
C-5756,all,69,34,6104,2348,21,56919,0,0,0,0,0,C,13,Arterial endothelial cell,55,35,1,1,1_4_3,AlveolarFib
C-5759,all,12,6,7051,2631,4,7271,0,0,0,0,0,C,2,Alveolar fibroblast 1,34,7,1,1,1_4_1,AlveolarFib
C-5760,all,12,7,5642,3052,40,18489,0,0,0,0,0,C,5,Alveolar fibroblast 1,30,7,3,3,3_4,AdventitialFib
C-5762,all,213,49,6843,2390,22,43354,0,0,0,0,0,C,145,Capillary 1 cell,50,12,4,4,4_2,ClubEpi
C-5764,all,104,43,6134,2572,25,70775,0,0,0,0,0,C,35,Sox9+/Id2+ epithelial cell,56,35,3,3,3_5,SMC
C-5765,all,97,48,6041,2534,35,67145,0,0,0,0,0,C,9,Pericyte,59,43,3,3,3_4,AdventitialFib
C-5766,all,164,67,7092,2316,28,60618,0,0,0,0,0,C,38,Ciliated cell,50,30,4,4,4_1_3,ClubEpi
C-5767,all,73,39,6608,2448,32,36236,0,0,0,0,0,C,11,Capillary 1 cell,54,40,3,3,3_2,SMC
C-5769,all,144,49,7057,3608,21,49566,0,0,0,0,0,C,45,Proliferative mesenchymal progenitor cell,49,26,3,3,3_3,AdventitialFib
C-5770,all,215,54,6431,2289,25,68239,0,0,0,0,0,C,130,CD8+ T cell,60,42,4,4,4_2,CiliatedEpi
C-5772,all,30,11,5708,3042,36,9186,0,0,0,0,0,C,23,Alveolar type 1 cell,39,11,4,4,4_2,ClubEpi
C-5773,all,111,26,6808,2424,12,20081,0,0,0,0,0,C,86,Endothelial progenitor cell,39,26,4,4,4_2,CiliatedEpi
C-5775,all,139,44,5831,3084,23,41041,56,0,56,0,1,C,68,Endothelial progenitor cell,61,43,4,4,4_2,CiliatedEpi
C-5777,all,31,10,6366,2304,7,11769,0,0,0,0,0,C,23,Ciliated cell,30,10,4,4,4_2,CiliatedEpi
C-5778,all,156,46,5740,3077,28,45462,0,0,0,0,0,C,102,Sox9+/Id2+ epithelial cell,52,20,4,4,4_2,ClubEpi
C-5783,all,282,44,6299,2135,23,57933,0,0,0,0,0,C,231,Capillary 1 cell,62,43,4,4,4_2,CiliatedEpi
C-5784,all,64,37,7147,2420,33,29151,0,0,0,0,0,C,4,Inflammatory monocyte,57,37,2,2,2_1,Capillary
C-5786,all,202,53,6396,3150,25,63312,0,0,0,0,0,C,127,Ciliated cell,65,53,4,4,4_2,CiliatedEpi
C-5788,all,86,46,6814,2581,33,38086,0,0,0,0,0,C,21,Proliferative mesenchymal progenitor cell,62,46,3,3,3_2,SMC
C-5790,all,27,18,5845,2850,11,19682,155,0,155,0,1,C,11,Alveolar fibroblast 2,40,18,7,7,7_3,Tcell (CD8)
C-5791,all,66,29,6823,3251,17,30073,0,0,0,0,0,C,2,Alveolar type 1 cell,54,29,6,6,6,AT1
C-5792,all,49,24,5725,3055,26,31170,0,0,0,0,0,C,27,Capillary 1 cell,37,24,4,4,4_2,CiliatedEpi
C-5794,all,134,34,6500,3178,22,21779,0,0,0,0,0,C,88,Capillary 1 cell,55,34,4,4,4_2,CiliatedEpi
C-5796,all,109,48,6456,2533,33,46342,0,0,0,0,0,C,8,CD4+ T cell,60,39,7,7,7_3,Tcell (CD8)
C-5797,all,294,59,6332,2145,23,64924,0,0,0,0,0,C,213,Secretory cell,52,39,4,4,4_2,CiliatedEpi
C-5801,all,40,19,5490,3036,13,26493,0,0,0,0,0,C,10,Alveolar fibroblast 1,44,20,1,1,1_4_3,AlveolarFib
C-5807,all,272,55,6518,3208,16,44091,0,0,0,0,0,C,157,Arterial endothelial cell,43,26,4,4,4_2,CiliatedEpi
C-5809,all,132,23,6272,2090,24,28094,0,0,0,0,0,C,111,Ciliated cell,34,23,4,4,4_2,CiliatedEpi
C-5810,all,351,66,6357,3102,20,62368,1053,0,1053,0,1,C,254,Alveolar fibroblast 1,40,32,4,4,4_2,CiliatedEpi
C-5812,all,71,9,7186,2376,13,9235,0,0,0,0,0,C,60,Capillary 1 cell,30,8,4,4,4_2,CiliatedEpi
C-5813,all,52,29,6659,2339,40,11021,0,0,0,0,0,C,18,Capillary 1 cell,46,28,4,4,4_1_1,CiliatedEpi
C-5815,all,200,22,6595,2413,18,34378,0,0,0,0,0,C,167,Ciliated cell,45,21,4,4,4_2,CiliatedEpi
C-5817,all,54,25,5883,3060,30,26069,0,0,0,0,0,C,27,B cell,40,24,4,4,4_2,CiliatedEpi
C-5825,all,78,27,6536,3902,37,32403,0,0,0,0,0,C,3,Capillary 1 cell,55,27,7,7,7_3,Tcell (CD8)
C-5826,all,49,26,6970,5109,25,40198,0,0,0,0,0,C,2,Alveolar fibroblast 1,51,27,1,1,1_4_1,AlveolarFib
C-5828,all,51,32,7201,3852,13,42577,0,0,0,0,0,C,9,B cell,51,32,9,9,9,Bcell
C-5829,all,186,48,6709,4218,18,95445,0,0,0,0,0,C,118,Alveolar type 2 cell,48,19,1,1,1_1,AT2
C-5830,all,240,31,6355,4031,20,43517,0,0,0,0,0,C,185,Secretory cell,56,30,4,4,4_2,CiliatedEpi
C-5832,all,38,18,6724,4358,35,33437,0,0,0,0,0,C,18,Sox9+/Id2+ epithelial cell,43,18,1,1,1_1,AT2
C-5833,all,125,57,6934,5161,31,62132,0,0,0,0,0,C,7,Innate lymphoid cell,42,27,1,1,1_6_2,Neutrophil
C-5836,all,309,71,6222,4131,29,80670,0,0,0,0,0,C,155,Ciliated cell,48,17,4,4,4_2,ClubEpi
C-5837,all,109,50,5966,4396,16,58903,0,0,0,0,0,C,7,B cell,56,34,9,9,9,Bcell
C-5838,all,92,44,5953,4828,9,55614,0,0,0,0,0,C,24,Proliferative mesenchymal progenitor cell,64,43,1,1,1_4_1,AlveolarFib
C-5840,all,86,37,5677,5438,21,75681,0,0,0,0,0,C,3,Sox9+/Id2+ epithelial cell,59,37,1,1,1_3,AT2
C-5841,all,97,43,5635,5525,21,82810,0,0,0,0,0,C,16,Inflammatory monocyte,61,39,1,1,1_4_3,AlveolarFib
C-5842,all,232,73,6364,5485,18,135488,0,0,0,0,0,C,20,Pericyte,51,31,1,1,1_5_2,AlveolarFib
C-5843,all,107,55,6254,4530,18,61559,0,0,0,0,0,C,7,Alveolar macrophage,60,45,8,8,8_2,InterstitialMac
C-5845,all,164,68,7429,3830,22,78707,0,0,0,0,0,C,14,AT1/AT2,50,36,1,1,1_4_1,AlveolarFib
C-5846,all,295,84,6061,4289,23,138957,0,0,0,0,0,C,47,Inflammatory monocyte,56,34,3,3,3_2,SMC
C-5847,all,63,37,6262,4991,34,68628,0,0,0,0,0,C,14,Inflammatory monocyte,56,37,9,9,9,Bcell
C-5848,all,36,16,6318,4847,32,35583,0,0,0,0,0,C,10,B cell,42,16,1,1,1_2_1,Tcell (CD4)
C-5854,all,72,36,7368,4501,22,85212,0,0,0,0,0,C,7,Neutrophil,53,37,1,1,1_4_1,AlveolarFib
C-5855,all,60,34,6073,4952,25,36065,0,0,0,0,0,C,8,Capillary 1 cell,57,34,9,9,9,Bcell
C-5856,all,64,34,7375,5116,35,45388,0,0,0,0,0,C,12,CD8+ T cell,57,35,3,3,3_5,SMC
C-5857,all,175,66,7116,4166,33,85396,0,0,0,0,0,C,18,CD8+ T cell,52,35,2,2,2_2,InflamMac
C-5859,all,132,52,6916,4047,25,83669,0,0,0,0,0,C,7,Neutrophil,49,30,2,2,2_1,Capillary
C-5860,all,68,30,5993,4777,30,33797,0,0,0,0,0,C,35,Pericyte,57,30,5,5,5_3,Pericyte
C-5861,all,279,68,6101,4207,21,65639,0,0,0,0,0,C,157,Alveolar fibroblast 1,45,29,4,4,4_2,CiliatedEpi
C-5862,all,83,41,5684,4858,18,58952,0,0,0,0,0,C,19,Vascular smooth muscle cell,62,42,3,3,3_2,SMC
C-5864,all,128,56,5962,5255,23,103575,0,0,0,0,0,C,55,B cell,40,23,9,9,9,Bcell
C-5865,all,111,30,5673,4213,20,41528,0,0,0,0,0,C,72,Capillary 1 cell,52,30,4,4,4_2,CiliatedEpi
C-5870,all,185,67,5897,4854,22,97479,0,0,0,0,0,C,15,Mesothelial cell,50,30,1,1,1_4_1,AlveolarFib
C-5872,all,432,89,5779,4209,23,111416,0,0,0,0,0,C,236,Arterial endothelial cell,50,36,4,4,4_2,CiliatedEpi
C-5873,all,148,63,5630,4905,29,81676,0,0,0,0,0,C,15,Arterial endothelial cell,43,29,2,2,2_2,InflamMac
C-5874,all,163,63,6186,4340,28,68347,0,0,0,0,0,C,20,Inflammatory monocyte,50,33,1,1,1_5_2,AlveolarFib
C-5875,all,182,60,6000,4208,30,53496,0,0,0,0,0,C,72,Capillary 1 cell,54,28,4,4,4_1_2,ClubEpi
C-5876,all,104,50,6381,4621,30,93911,0,0,0,0,0,C,29,B cell,62,42,9,9,9,Bcell
C-5879,all,455,87,5831,4215,23,122359,0,0,0,0,0,C,277,Ciliated cell,50,36,4,4,4_2,CiliatedEpi
C-5880,all,116,44,6162,4377,13,68081,0,0,0,0,0,C,12,Alveolar fibroblast 1,47,27,1,1,1_4_1,AlveolarFib
C-5881,all,129,53,6062,4688,21,87101,0,0,0,0,0,C,9,Inflammatory monocyte,49,32,2,2,2_2,InflamMac
C-5882,all,60,14,5844,5010,15,27545,0,0,0,0,0,C,51,Alveolar type 2 cell,52,15,3,3,3_5,SMC
C-5883,all,173,53,5735,4237,28,81220,0,0,0,0,0,C,61,Endothelial progenitor cell,43,24,4,4,4_1_2,CiliatedEpi
C-5884,all,74,32,7103,4034,35,48438,0,0,0,0,0,C,30,B cell,53,32,9,9,9,Bcell
C-5885,all,101,54,5848,4336,35,53255,0,0,0,0,0,C,31,Secondary crest myofibroblast,64,48,3,3,3_2,SMC
C-5886,all,53,27,6624,5274,32,36410,0,0,0,0,0,C,6,Pericyte,52,27,5,5,5_3,Pericyte
C-5889,all,87,46,5624,4840,30,48587,0,0,0,0,0,C,15,Arterial endothelial cell,59,45,2,2,2_1,Capillary
C-5892,all,93,46,7231,4887,28,52539,0,0,0,0,0,C,7,Alveolar macrophage,60,46,8,8,8_1,AlveolarMac
C-5896,all,102,41,5701,5392,21,82180,0,0,0,0,0,C,27,Alveolar type 1 cell,63,38,6,6,6,AT1
C-5897,all,47,27,7375,5005,24,29534,0,0,0,0,0,C,3,Sox9+/Id2+ epithelial cell,50,28,1,1,1_6_2,Neutrophil
C-5898,all,71,36,5766,4681,15,34450,52,0,52,0,1,C,4,CD4+ T cell,54,36,8,8,8_2,InterstitialMac
C-5899,all,81,40,7338,4754,31,36838,0,0,0,0,0,C,7,T regulatory cell,61,41,1,1,1_6_2,Neutrophil
C-5900,all,291,65,6053,4212,22,82242,0,0,0,0,0,C,165,Alveolar fibroblast 1,50,16,4,4,4_2,ClubEpi
C-5903,all,77,41,7165,4902,12,50180,0,0,0,0,0,C,4,Neutrophil,58,41,2,2,2_6,pDC
C-5904,all,73,32,6588,3968,18,32019,0,0,0,0,0,C,7,Inflammatory monocyte,54,33,2,2,2_2,InflamMac
C-5907,all,113,48,6329,4328,11,64343,0,0,0,0,0,C,10,Alveolar fibroblast 1,43,27,2,2,2_2,InflamMac
C-5910,all,136,58,6039,5378,24,99112,0,0,0,0,0,C,7,B cell,46,29,2,2,2_2,InflamMac
C-5912,all,452,94,5722,4191,18,110099,107,0,107,0,1,C,247,Ciliated cell,47,17,4,4,4_2,ClubEpi
C-5913,all,218,70,7360,4965,23,105387,0,0,0,0,0,C,63,Inflammatory monocyte,49,31,3,3,3_2,SMC
C-5914,all,142,59,5880,5061,17,96958,634,0,634,0,1,C,12,Arterial endothelial cell,50,31,2,2,2_3,Vein
C-5915,all,146,56,6198,4644,20,65929,0,0,0,0,0,C,17,Alveolar type 1 cell,46,27,6,6,6,AT1
C-5917,all,345,64,5602,4244,18,76775,0,0,0,0,0,C,231,Capillary 1 cell,45,27,4,4,4_2,CiliatedEpi
C-5918,all,71,32,6125,4796,16,33375,0,0,0,0,0,C,7,Proliferative mesenchymal progenitor cell,56,33,1,1,1_6_2,Neutrophil
C-5919,all,174,58,6575,5151,18,89806,0,0,0,0,0,C,5,Capillary 1 cell,50,30,2,2,2_2,InflamMac
C-5920,all,108,48,7147,4024,37,48321,0,0,0,0,0,C,24,Airway smooth muscle cell,52,35,3,3,3_3,AdventitialFib
C-5921,all,101,47,6431,5392,15,74458,0,0,0,0,0,C,9,Capillary 1 cell,57,38,2,2,2_2,InflamMac
C-5922,all,129,53,6870,4022,22,90765,0,0,0,0,0,C,8,CD8+ T cell,42,23,2,2,2_2,InflamMac
C-5923,all,152,36,6585,5432,19,59965,0,0,0,0,0,C,102,Alveolar fibroblast 1,45,12,1,1,1_1,AT2
C-5924,all,22,16,5833,5517,40,19182,0,0,0,0,0,C,4,CD8+ T cell,41,17,2,2,2_2,InflamMac
C-5927,all,221,84,6072,4498,23,91945,0,0,0,0,0,C,36,Capillary 1 cell,47,33,2,2,2_2,InflamMac
C-5928,all,88,37,6098,4730,17,65270,50,0,50,0,1,C,6,CD8+ T cell,57,36,2,2,2_2,InflamMac
C-5929,all,180,54,5648,5044,22,93032,55,0,55,0,1,C,14,Alveolar type 1 cell,51,27,6,6,6,AT1
C-5931,all,69,34,6306,4984,35,37969,0,0,0,0,0,C,16,B cell,55,35,1,1,1_4_3,AlveolarFib
C-5932,all,93,45,5636,5160,37,51084,0,0,0,0,0,C,10,Capillary 1 cell,61,44,2,2,2_1,Capillary
C-5935,all,53,28,7114,5476,39,37870,0,0,0,0,0,C,3,Natural killer cell,53,29,2,2,2_2,InflamMac
C-5937,all,140,55,7274,5115,29,71830,0,0,0,0,0,C,4,AT1/AT2,48,28,1,1,1_4_1,AlveolarFib
C-5941,all,118,43,7372,4714,27,59479,0,0,0,0,0,C,9,Inflammatory monocyte,45,24,2,2,2_5,DC
C-5942,all,48,23,6116,5564,11,44687,0,0,0,0,0,C,3,Mast cell,48,23,7,7,7_2,PatrolMac
C-5943,all,100,55,6611,4272,25,89854,0,0,0,0,0,C,20,Neutrophil,63,47,7,7,7_2,PatrolMac
C-5944,all,75,35,6051,4926,19,56375,0,0,0,0,0,C,7,Inflammatory monocyte,56,36,2,2,2_2,InflamMac
C-5947,all,378,105,5660,4180,27,117792,0,0,0,0,0,C,132,Capillary 1 cell,48,39,4,4,4_1_2,CiliatedEpi
C-5948,all,94,45,5602,5145,36,68119,0,0,0,0,0,C,19,Sox9+/Id2+ epithelial cell,59,44,5,5,5_3,Pericyte
C-5949,all,117,27,6566,4390,22,68487,0,0,0,0,0,C,71,Alveolar type 2 cell,49,20,1,1,1_3,AT2
C-5951,all,102,45,6493,4692,15,56842,0,0,0,0,0,C,19,Alveolar fibroblast 1,61,39,5,5,5_3,Pericyte
C-5952,all,342,64,6138,4206,24,81407,0,0,0,0,0,C,229,Secretory cell,51,12,4,4,4_2,ClubEpi
C-5953,all,306,84,6019,4804,26,126812,0,0,0,0,0,C,52,Alveolar type 1 cell,48,34,6,6,6,AT1
C-5955,all,102,46,6584,4092,28,70204,102,0,102,0,1,C,40,CD8+ T cell,58,41,2,2,2_2,InflamMac
C-5958,all,55,27,7232,4954,23,52710,0,0,0,0,0,C,7,Proliferative mesenchymal progenitor cell,52,27,5,5,5_1,Pericyte
C-5959,all,183,67,7429,4648,27,86920,0,0,0,0,0,C,12,Capillary 2 cell,56,41,2,2,2_2,InflamMac
C-5960,all,49,33,6334,4243,34,26131,0,0,0,0,0,C,8,Alveolar macrophage,49,33,3,3,3_4,AdventitialFib
C-5961,all,175,57,6221,4669,9,53952,0,0,0,0,0,C,9,Alveolar type 1 cell,51,27,6,6,6,AT1
C-5962,all,109,47,5908,4304,24,55689,0,0,0,0,0,C,43,Arterial endothelial cell,59,47,4,4,4_1_2,CiliatedEpi
C-5963,all,38,20,7299,4777,39,16004,0,0,0,0,0,C,11,Alveolar fibroblast 1,43,20,1,1,1_5_1,LymphaticEndo
C-5965,all,141,62,6401,4691,21,65542,0,0,0,0,0,C,13,Natural killer cell,49,31,1,1,1_4_1,AlveolarFib
C-5969,all,75,32,6977,5371,12,39310,0,0,0,0,0,C,4,Alveolar type 1 cell,54,33,3,3,3_2,SMC
C-5970,all,66,22,6911,3841,10,36913,0,0,0,0,0,C,37,Alveolar fibroblast 1,55,22,1,1,1_1,AT2
C-5973,all,134,58,7234,4494,23,95034,0,0,0,0,0,C,25,Alveolar type 2 cell,42,27,3,3,3_1,SMC
C-5980,all,56,34,7331,4783,36,20575,0,0,0,0,0,C,5,B cell,54,35,3,3,3_2,SMC
C-5981,all,45,24,6289,4922,9,26215,0,0,0,0,0,C,5,Mesothelial cell,45,24,9,9,9,Bcell
C-5982,all,30,16,7197,4816,7,37629,0,0,0,0,0,C,7,B cell,41,16,9,9,9,Bcell
C-5983,all,288,46,6507,3885,21,64451,0,0,0,0,0,C,218,Ciliated cell,58,46,4,4,4_2,CiliatedEpi
C-5985,all,196,69,6672,4095,18,88997,0,0,0,0,0,C,18,Inflammatory monocyte,54,35,1,1,1_4_1,AlveolarFib
C-5986,all,105,41,6504,5065,15,65429,0,0,0,0,0,C,14,Capillary 1 cell,52,30,7,7,7_3,Tcell (CD8)
C-5989,all,87,36,6294,5100,15,55453,0,0,0,0,0,C,5,CD8+ T cell,59,37,2,2,2_2,InflamMac
C-5990,all,121,56,6726,5173,18,57802,0,0,0,0,0,C,5,Inflammatory monocyte,41,25,2,2,2_2,InflamMac
C-5994,all,403,62,6452,3902,21,94612,387,107,280,0.276485788,0.723514212,C,299,Sox9+/Id2+ epithelial cell,52,8,4,4,4_2,ClubEpi
C-5995,all,136,63,6392,5541,25,75006,0,0,0,0,0,C,11,Inflammatory monocyte,47,34,1,1,1_4_1,AlveolarFib
C-5996,all,86,39,7157,5382,21,44989,0,0,0,0,0,C,5,Natural killer cell,60,40,2,2,2_2,InflamMac
C-5997,all,143,64,6567,4709,17,57365,51,0,51,0,1,C,11,Interstitial macrophage,51,34,8,8,8_2,InterstitialMac
C-5998,all,112,53,5673,4826,23,59859,0,0,0,0,0,C,26,Pericyte,48,31,3,3,3_2,SMC
C-6000,all,377,66,6322,4037,27,95339,0,0,0,0,0,C,245,Ciliated cell,46,34,4,4,4_2,CiliatedEpi
C-6003,all,66,22,6409,3965,29,35726,0,0,0,0,0,C,33,Ciliated cell,42,22,4,4,4_2,CiliatedEpi
C-6004,all,137,54,6656,4409,32,69563,0,0,0,0,0,C,42,CD4+ T cell,46,26,1,1,1_3,AT2
C-6005,all,76,36,7245,5063,23,30790,0,0,0,0,0,C,7,Inflammatory monocyte,58,36,2,2,2_2,InflamMac
C-6008,all,133,58,6495,4328,30,95989,0,0,0,0,0,C,14,Secondary crest myofibroblast,43,25,2,2,2_2,InflamMac
C-6009,all,145,61,7252,4536,20,75392,50,50,0,1,0,C,40,CD8+ T cell,45,26,3,3,3_3,AdventitialFib
C-6010,all,36,20,5781,5363,7,25939,0,0,0,0,0,C,2,Inflammatory monocyte,41,20,3,3,3_4,AdventitialFib
C-6011,all,100,40,5888,5360,36,38446,0,0,0,0,0,C,27,Alveolar type 1 cell,60,38,8,8,8_1,AlveolarMac
C-6012,all,151,55,6277,4740,11,64674,0,0,0,0,0,C,40,Pericyte,51,30,5,5,5_3,Pericyte
C-6015,all,34,20,6386,4224,40,12146,0,0,0,0,0,C,4,Alveolar fibroblast 1,41,20,3,3,3_4,AdventitialFib
C-6016,all,121,59,6593,4021,9,64436,0,0,0,0,0,C,17,Pericyte,40,26,2,2,2_2,InflamMac
C-6017,all,55,36,6637,5493,34,57778,0,0,0,0,0,C,13,B cell,55,36,9,9,9,Bcell
C-6019,all,82,27,5962,4766,27,48764,0,0,0,0,0,C,44,Alveolar type 2 cell,55,27,1,1,1_1,AT2
C-6020,all,92,41,7131,4110,33,60761,0,0,0,0,0,C,15,B cell,63,42,1,1,1_4_1,AlveolarFib
C-6021,all,54,26,6480,4068,6,26740,0,0,0,0,0,C,6,Innate lymphoid cell,53,28,2,2,2_5,DC
C-6022,all,41,23,5686,5592,19,56844,0,0,0,0,0,C,13,B cell,43,23,9,9,9,Bcell
C-6023,all,31,18,6069,5497,19,48124,0,0,0,0,0,C,5,Alveolar type 2 cell,39,18,1,1,1_3,AT2
C-6024,all,27,19,7273,4860,40,20345,0,0,0,0,0,C,5,Inflammatory monocyte,43,19,7,7,7_3,Tcell (CD8)
C-6028,all,55,33,5661,5382,39,37734,0,0,0,0,0,C,9,Inflammatory monocyte,54,33,6,6,6,AT1
C-6037,all,98,49,7181,4999,23,99879,0,0,0,0,0,C,9,Neutrophil,60,43,9,9,9,Bcell
C-6038,all,166,39,7007,4128,20,99945,54,0,54,0,1,C,96,Alveolar type 2 cell,52,26,3,3,3_5,SMC
C-6039,all,63,34,6556,3972,15,38521,0,0,0,0,0,C,10,Innate lymphoid cell,56,34,7,7,7_3,Tcell (CD8)
C-6042,all,13,5,5822,5000,20,9245,0,0,0,0,0,C,9,Alveolar type 2 cell,39,5,1,1,1_1,AT2
C-6043,all,33,25,6406,4787,41,22875,0,0,0,0,0,C,6,Inflammatory monocyte,39,26,1,1,1_4_1,AlveolarFib
C-6044,all,37,6,6137,5122,10,14414,0,0,0,0,0,C,28,Sox9+/Id2+ epithelial cell,46,6,1,1,1_1,AT2
C-6045,all,110,36,5988,4297,22,53003,0,0,0,0,0,C,60,Mesothelial cell,54,22,4,4,4_2,ClubEpi
C-6048,all,120,52,6903,3929,17,73794,0,0,0,0,0,C,4,T regulatory cell,44,26,1,1,1_6_2,Neutrophil
C-6051,all,70,17,6487,3936,19,13902,0,0,0,0,0,C,57,Arterial endothelial cell,41,17,4,4,4_2,CiliatedEpi
C-6053,all,52,32,6675,5526,39,34463,0,0,0,0,0,C,4,Alveolar fibroblast 1,55,33,1,1,1_4_1,AlveolarFib
C-6054,all,60,27,6300,4677,14,31735,524,0,524,0,1,C,9,Pericyte,56,27,5,5,5_3,Pericyte
C-6055,all,181,74,6472,4183,23,94373,0,0,0,0,0,C,13,Pericyte,48,32,3,3,3_2,SMC
C-6056,all,117,56,5738,4311,34,59341,0,0,0,0,0,C,33,Ciliated cell,44,27,4,4,4_1_2,ClubEpi
C-6057,all,19,11,5902,5477,8,25866,0,0,0,0,0,C,9,Sox9+/Id2+ epithelial cell,43,12,2,2,2_1,Capillary
C-6059,all,84,42,5928,4420,24,51388,0,0,0,0,0,C,5,Alveolar type 1 cell,56,43,1,1,1_4_1,AlveolarFib
C-6060,all,48,24,6267,4889,13,70559,0,0,0,0,0,C,9,B cell,48,24,9,9,9,Bcell
C-6061,all,52,31,7250,4758,38,24373,0,0,0,0,0,C,6,CD8+ T cell,52,32,2,2,2_2,InflamMac
C-6062,all,186,73,6824,3830,27,97276,0,0,0,0,0,C,49,Alveolar fibroblast 2,51,37,2,2,2_2,InflamMac
C-6064,all,72,37,6035,4610,10,39963,0,0,0,0,0,C,14,Sox9+/Id2+ epithelial cell,52,37,3,3,3_4,AdventitialFib
C-6065,all,171,37,6158,4764,15,85913,0,0,0,0,0,C,121,Sox9+/Id2+ epithelial cell,46,12,1,1,1_1,AT2
C-6067,all,110,47,6544,4325,22,103535,0,0,0,0,0,C,13,Alveolar fibroblast 2,45,30,3,3,3_5,SMC
C-6069,all,167,76,7201,4881,20,74926,0,0,0,0,0,C,13,Alveolar macrophage,44,30,8,8,8_1,AlveolarMac
C-6070,all,49,26,6022,5422,23,21837,0,0,0,0,0,C,7,Alveolar type 1 cell,49,26,6,6,6,AT1
C-6071,all,131,37,6220,4446,20,71857,0,0,0,0,0,C,85,Alveolar type 2 cell,43,15,1,1,1_1,AT2
C-6073,all,181,62,6797,4324,22,107007,167,167,0,1,0,C,22,Secretory cell,54,39,2,2,2_2,InflamMac
C-6075,all,81,35,7133,5406,20,53303,0,0,0,0,0,C,4,B cell,57,36,1,1,1_6_2,Neutrophil
C-6076,all,230,72,6928,4995,13,101601,0,0,0,0,0,C,17,Vascular smooth muscle cell,51,34,2,2,2_2,InflamMac
C-6077,all,96,48,6446,3982,25,65230,0,0,0,0,0,C,14,Ciliated cell,64,48,4,4,4_1_3,CiliatedEpi
C-6080,all,76,32,6010,4847,21,42121,0,0,0,0,0,C,10,Alveolar type 2 cell,54,32,2,2,2_2,InflamMac
C-6083,all,121,55,7077,4086,33,54182,0,0,0,0,0,C,16,B cell,43,26,1,1,1_5_2,AlveolarFib
C-6084,all,142,52,6753,4300,17,87796,0,0,0,0,0,C,32,B cell,45,27,1,1,1_5_2,AlveolarFib
C-6085,all,30,23,5738,5552,27,52501,106,0,106,0,1,C,7,CD4+ T cell,36,23,7,7,7_2,PatrolMac
C-6087,all,211,68,6441,3847,29,59282,0,0,0,0,0,C,85,Arterial endothelial cell,44,27,4,4,4_1_2,CiliatedEpi
C-6090,all,42,23,6562,3945,19,35143,0,0,0,0,0,C,5,CD8+ T cell,45,24,2,2,2_2,InflamMac
C-6092,all,130,50,6165,4604,21,73960,0,0,0,0,0,C,32,Alveolar fibroblast 1,47,22,1,1,1_4_3,AlveolarFib
C-6093,all,450,83,6411,3916,28,101797,0,0,0,0,0,C,265,Secretory cell,54,37,4,4,4_2,CiliatedEpi
C-6095,all,68,31,7093,5397,8,60606,0,0,0,0,0,C,6,Alveolar fibroblast 1,56,31,7,7,7_3,Tcell (CD8)
C-6097,all,114,58,5646,5276,22,79543,0,0,0,0,0,C,12,Inflammatory monocyte,42,28,3,3,3_2,SMC
C-6099,all,205,61,6237,4198,22,128843,0,0,0,0,0,C,70,Alveolar fibroblast 2,50,24,4,4,4_1_2,ClubEpi
C-6100,all,145,57,7315,4823,33,69345,0,0,0,0,0,C,46,Airway smooth muscle cell,44,21,3,3,3_5,SMC
C-6103,all,225,71,6623,5222,26,141514,0,0,0,0,0,C,16,Inflammatory monocyte,50,34,7,7,7_2,PatrolMac
C-6104,all,21,14,6041,4890,28,14468,0,0,0,0,0,C,4,Endothelial progenitor cell,40,14,1,1,1_5_2,AlveolarFib
C-6105,all,155,64,5749,5447,29,107558,0,0,0,0,0,C,9,Inflammatory monocyte,47,32,2,2,2_2,InflamMac
C-6106,all,104,41,6600,4339,16,103352,0,0,0,0,0,C,13,Pericyte,58,37,3,3,3_5,SMC
C-6107,all,122,45,6546,5449,16,67953,0,0,0,0,0,C,27,Inflammatory monocyte,45,26,2,2,2_2,InflamMac
C-6110,all,56,30,6558,4570,39,20885,0,0,0,0,0,C,10,B cell,55,30,5,5,5_3,Pericyte
C-6113,all,25,5,6086,4590,5,10289,0,0,0,0,0,C,21,Sox9+/Id2+ epithelial cell,46,5,1,1,1_1,AT2
C-6114,all,75,40,7165,5547,35,32455,0,0,0,0,0,C,3,CD8+ T cell,54,41,2,2,2_2,InflamMac
C-6115,all,282,61,5869,4244,23,105280,0,0,0,0,0,C,173,Ciliated cell,41,29,4,4,4_2,CiliatedEpi
C-6119,all,171,48,6091,4242,31,75099,0,0,0,0,0,C,103,Natural killer cell,61,47,4,4,4_2,CiliatedEpi
C-6122,all,97,25,5615,4326,40,27875,0,0,0,0,0,C,76,Endothelial progenitor cell,60,23,4,4,4_2,ClubEpi
C-6126,all,83,43,6288,4480,32,44044,0,0,0,0,0,C,7,Proliferative mesenchymal progenitor cell,61,43,5,5,5_3,Pericyte
C-6127,all,38,22,5905,5567,14,43746,0,0,0,0,0,C,5,Airway smooth muscle cell,42,23,3,3,3_1,SMC
C-6129,all,60,32,7089,4124,35,26009,0,0,0,0,0,C,8,Inflammatory monocyte,55,31,2,2,2_1,Capillary
C-6131,all,110,26,6269,4154,17,40236,0,0,0,0,0,C,73,Capillary 1 cell,43,25,4,4,4_2,CiliatedEpi
C-6137,all,174,65,6397,4153,25,79005,0,0,0,0,0,C,20,Arterial endothelial cell,51,39,2,2,2_4,Artery
C-6139,all,170,45,6181,4211,24,71572,0,0,0,0,0,C,89,Endothelial progenitor cell,63,43,4,4,4_2,CiliatedEpi
C-6141,all,127,43,7276,5072,27,54575,0,0,0,0,0,C,12,Inflammatory monocyte,51,29,2,2,2_2,InflamMac
C-6145,all,117,56,5647,4807,23,64797,0,0,0,0,0,C,22,Vascular smooth muscle cell,43,29,3,3,3_2,SMC
C-6147,all,178,67,6787,3867,22,85961,0,0,0,0,0,C,15,Inflammatory monocyte,47,33,1,1,1_4_1,AlveolarFib
C-6149,all,130,68,5956,4314,25,71300,0,0,0,0,0,C,24,Alveolar fibroblast 1,41,30,3,3,3_1,SMC
C-6152,all,31,21,6090,5285,38,27655,0,0,0,0,0,C,7,B cell,40,21,8,8,8_1,AlveolarMac
C-6154,all,52,33,5681,5300,15,37608,0,0,0,0,0,C,6,B cell,56,34,2,2,2_5,DC
C-6155,all,18,16,6159,5045,41,16302,0,0,0,0,0,C,3,Ciliated cell,39,17,2,2,2_5,DC
C-6156,all,120,51,6774,4255,34,54832,0,0,0,0,0,C,21,Inflammatory monocyte,41,23,2,2,2_2,InflamMac
C-6157,all,43,27,6356,4773,15,15353,0,0,0,0,0,C,8,Sox9+/Id2+ epithelial cell,44,28,1,1,1_4_1,AlveolarFib
C-6158,all,316,54,6289,4070,27,80522,0,0,0,0,0,C,224,Ciliated cell,46,28,4,4,4_2,CiliatedEpi
C-6159,all,124,55,6314,4204,34,57056,0,0,0,0,0,C,9,Alveolar macrophage,42,25,7,7,7_2,PatrolMac
C-6160,all,126,52,6166,4652,28,62569,0,0,0,0,0,C,6,Alveolar fibroblast 1,44,23,1,1,1_4_1,AlveolarFib
C-6162,all,272,72,6743,5608,21,113260,0,0,0,0,0,C,18,Alveolar type 1 cell,46,26,6,6,6,AT1
C-6163,all,178,50,5805,4666,21,72709,0,0,0,0,0,C,23,Alveolar macrophage,55,26,8,8,8_3,InterstitialMac
C-6165,all,48,24,5617,5312,35,62331,0,0,0,0,0,C,13,Natural killer cell,48,24,7,7,7_4,PatrolMac
C-6167,all,144,34,5813,4266,38,38122,0,0,0,0,0,C,113,Alveolar type 2 cell,40,33,4,4,4_2,CiliatedEpi
C-6168,all,159,37,5914,4253,25,58423,0,0,0,0,0,C,124,Alveolar type 1 cell,50,8,4,4,4_2,ClubEpi
C-6171,all,241,86,6038,4403,20,127386,0,0,0,0,0,C,16,Secondary crest myofibroblast,48,36,3,3,3_4,AdventitialFib
C-6174,all,441,90,6192,4168,26,122303,0,0,0,0,0,C,248,Ciliated cell,50,33,4,4,4_2,CiliatedEpi
C-6176,all,145,63,6399,4720,27,51512,0,0,0,0,0,C,14,Alveolar fibroblast 1,50,37,1,1,1_4_1,AlveolarFib
C-6178,all,11,4,6817,3891,13,18646,0,0,0,0,0,C,6,Sox9+/Id2+ epithelial cell,35,4,1,1,1_1,AT2
C-6180,all,218,74,6999,5392,28,98277,0,0,0,0,0,C,17,Sox9+/Id2+ epithelial cell,49,36,2,2,2_2,InflamMac
C-6182,all,123,56,7262,5435,23,60864,0,0,0,0,0,C,15,Arterial endothelial cell,44,27,2,2,2_4,Artery
C-6183,all,33,18,7227,5011,9,32330,0,0,0,0,0,C,2,Natural killer cell,43,19,2,2,2_2,InflamMac
C-6184,all,149,58,6109,5000,31,80600,0,0,0,0,0,C,23,Sox9+/Id2+ epithelial cell,46,24,6,6,6,AT1
C-6185,all,29,17,5981,5502,12,39838,0,0,0,0,0,C,2,Sox9+/Id2+ epithelial cell,39,18,2,2,2_2,InflamMac
C-6186,all,98,44,6959,3878,28,56468,0,0,0,0,0,C,11,Alveolar type 1 cell,59,41,6,6,6,AT1
C-6189,all,54,24,6144,4977,40,21896,0,0,0,0,0,C,5,Alveolar type 1 cell,52,24,6,6,6,AT1
C-6190,all,128,47,5994,5451,20,86128,0,0,0,0,0,C,10,Alveolar type 1 cell,47,27,6,6,6,AT1
C-6191,all,245,70,6496,3997,22,132640,0,0,0,0,0,C,11,Alveolar fibroblast 1,49,31,1,1,1_6_2,Neutrophil
C-6193,all,206,73,7261,4714,23,106850,0,0,0,0,0,C,12,Alveolar macrophage,54,37,8,8,8_1,AlveolarMac
C-6195,all,240,78,6430,4109,24,127607,0,0,0,0,0,C,20,Inflammatory monocyte,50,35,2,2,2_2,InflamMac
C-6197,all,126,57,6266,5109,29,74693,0,0,0,0,0,C,6,Inflammatory monocyte,44,32,2,2,2_2,InflamMac
C-6198,all,218,52,6016,4256,27,115144,0,0,0,0,0,C,133,Secretory cell,49,15,4,4,4_2,ClubEpi
C-6200,all,211,77,6681,5161,28,92856,0,0,0,0,0,C,14,Alveolar type 1 cell,49,35,1,1,1_4_1,AlveolarFib
C-6201,all,98,44,6495,4722,20,65321,0,0,0,0,0,C,11,Alveolar type 2 cell,63,42,1,1,1_3,AT2
C-6205,all,450,84,5923,4216,20,112136,0,0,0,0,0,C,268,Secretory cell,51,15,4,4,4_2,ClubEpi
C-6206,all,257,35,6469,3853,18,51339,53,53,0,1,0,C,208,Endothelial progenitor cell,56,35,4,4,4_2,CiliatedEpi
C-6207,all,155,61,6917,3985,26,75111,0,0,0,0,0,C,8,Alveolar type 1 cell,45,28,6,6,6,AT1
C-6208,all,145,68,6925,3908,25,67096,0,0,0,0,0,C,10,Inflammatory monocyte,43,26,9,9,9,Bcell
C-6212,all,96,45,5779,4347,31,79184,0,0,0,0,0,C,27,Airway smooth muscle cell,64,44,3,3,3_2,SMC
C-6214,all,133,35,6403,3995,21,47653,0,0,0,0,0,C,81,Ciliated cell,51,15,4,4,4_2,ClubEpi
C-6217,all,192,52,5650,4227,27,62092,0,0,0,0,0,C,108,Capillary 1 cell,49,16,4,4,4_2,ClubEpi
C-6218,all,10,9,6180,4569,17,9473,0,0,0,0,0,C,4,Alveolar fibroblast 2,28,9,3,3,3_3,AdventitialFib
C-6220,all,84,44,6966,4987,14,32321,0,0,0,0,0,C,5,Alveolar fibroblast 1,61,44,1,1,1_5_2,AlveolarFib
C-6221,all,30,17,6189,5065,29,22223,0,0,0,0,0,C,5,Capillary 1 cell,38,17,2,2,2_1,Capillary
C-6222,all,39,26,7328,4624,11,79877,0,0,0,0,0,C,5,B cell,41,26,9,9,9,Bcell
C-6224,all,92,34,6478,3962,28,33218,0,0,0,0,0,C,39,CD4+ T cell,63,34,4,4,4_2,ClubEpi
C-6227,all,19,15,5490,5165,38,13709,0,0,0,0,0,C,3,Sox9+/Id2+ epithelial cell,43,16,2,2,2_2,InflamMac
C-6228,all,158,35,5868,4278,33,42939,0,0,0,0,0,C,126,Ciliated cell,40,34,4,4,4_2,CiliatedEpi
C-6229,all,195,19,6416,4018,12,41376,53,0,53,0,1,C,172,Ciliated cell,37,19,4,4,4_2,CiliatedEpi
C-6231,all,280,83,6622,4141,20,147798,0,0,0,0,0,C,29,Proliferative mesenchymal progenitor cell,52,34,2,2,2_2,InflamMac
C-6232,all,69,35,6385,3951,38,17026,0,0,0,0,0,C,28,Alveolar fibroblast 1,48,34,4,4,4_1_2,CiliatedEpi
C-6236,all,52,29,6915,5189,26,32913,0,0,0,0,0,C,3,Sox9+/Id2+ epithelial cell,52,29,3,3,3_4,AdventitialFib
C-6238,all,52,26,6745,5144,16,29962,50,0,50,0,1,C,2,Alveolar fibroblast 1,52,26,2,2,2_6,pDC
C-6240,all,7,6,5602,5504,25,12014,0,0,0,0,0,C,2,Alveolar fibroblast 1,27,7,1,1,1_4_3,AlveolarFib
C-6241,all,29,20,6137,5603,11,19935,0,0,0,0,0,C,2,Venous endothelial cell,39,20,2,2,2_3,Vein
C-6243,all,49,27,5717,5588,19,44502,53,0,53,0,1,C,10,CD4+ T cell,49,27,3,3,3_6,SCMF
C-6246,all,50,31,7401,5138,26,31266,0,0,0,0,0,C,5,CD8+ T cell,50,31,3,3,3_3,AdventitialFib
C-6251,all,37,23,7200,4848,14,29023,57,0,57,0,1,C,3,B cell,42,23,8,8,8_1,AlveolarMac
C-6253,all,21,12,6355,4961,32,15247,0,0,0,0,0,C,5,Natural killer cell,40,13,1,1,1_4_3,AlveolarFib
C-6255,all,19,14,6489,4237,9,9866,0,0,0,0,0,C,4,Alveolar fibroblast 1,38,15,1,1,1_4_1,AlveolarFib
C-6257,all,95,30,6531,4209,34,41466,0,0,0,0,0,C,58,Alveolar type 2 cell,60,30,1,1,1_1,AT2
C-6258,all,27,9,6815,4250,41,11338,0,0,0,0,0,C,12,Sox9+/Id2+ epithelial cell,44,9,1,1,1_1,AT2
C-6260,all,119,36,5637,4253,24,34906,0,0,0,0,0,C,85,Arterial endothelial cell,46,35,4,4,4_2,CiliatedEpi
C-6262,all,32,26,7294,3856,41,10833,0,0,0,0,0,C,8,B cell,38,26,3,3,3_3,AdventitialFib
C-6264,all,114,37,5993,4746,20,45957,0,0,0,0,0,C,55,Alveolar type 2 cell,46,19,1,1,1_1,AT2
C-6268,all,21,15,6997,7348,37,43603,0,0,0,0,0,C,3,Proliferative mesenchymal progenitor cell,39,16,1,1,1_6_2,Neutrophil
C-6269,all,45,34,5733,5795,25,48949,0,0,0,0,0,C,4,Capillary 1 cell,42,33,2,2,2_1,Capillary
C-6270,all,54,33,6280,6803,30,103451,0,0,0,0,0,C,12,Capillary 2 cell,52,32,2,2,2_1,Capillary
C-6273,all,69,41,5629,5921,29,58642,0,0,0,0,0,C,22,Alveolar fibroblast 1,57,42,3,3,3_1,SMC
C-6274,all,47,32,6661,5899,20,93749,0,0,0,0,0,C,9,Arterial endothelial cell,47,32,9,9,9,Bcell
C-6275,all,51,29,5847,6209,25,88034,0,0,0,0,0,C,4,Alveolar macrophage,51,29,8,8,8_1,AlveolarMac
C-6276,all,22,14,6283,6685,14,75995,0,0,0,0,0,C,2,CD4+ T cell,41,14,1,1,1_2_1,Tcell (CD4)
C-6278,all,40,25,7026,7057,19,70073,0,0,0,0,0,C,9,Pericyte,41,25,5,5,5_1,Pericyte
C-6280,all,63,40,5915,7484,17,69004,0,0,0,0,0,C,10,Interstitial macrophage,57,40,8,8,8_3,InterstitialMac
C-6282,all,182,38,7097,7001,26,93044,0,0,0,0,0,C,114,Alveolar type 2 cell,50,19,1,1,1_1,AT2
C-6283,all,72,24,5732,6942,25,92570,0,0,0,0,0,C,8,Alveolar type 1 cell,52,24,6,6,6,AT1
C-6284,all,111,24,6676,6451,29,65894,0,0,0,0,0,C,82,Alveolar type 2 cell,49,15,1,1,1_1,AT2
C-6286,all,63,33,6641,5845,18,79957,0,0,0,0,0,C,6,Capillary 1 cell,57,34,2,2,2_2,InflamMac
C-6287,all,21,16,6959,6981,15,27020,0,0,0,0,0,C,3,Endothelial progenitor cell,42,16,2,2,2_1,Capillary
C-6288,all,41,22,6008,6132,17,84235,0,0,0,0,0,C,8,CD4+ T cell,41,22,7,7,7_4,PatrolMac
C-6289,all,74,36,5646,6574,18,89487,0,0,0,0,0,C,12,Inflammatory monocyte,56,36,7,7,7_2,PatrolMac
C-6290,all,41,28,6100,7062,23,44900,0,0,0,0,0,C,5,Sox9+/Id2+ epithelial cell,43,29,1,1,1_6_2,Neutrophil
C-6291,all,45,33,6177,6267,29,54608,0,0,0,0,0,C,4,Inflammatory monocyte,48,35,2,2,2_5,DC
C-6294,all,30,19,7391,6951,22,59310,0,0,0,0,0,C,11,Pericyte,39,20,3,3,3_5,SMC
C-6295,all,35,15,7432,6618,10,36304,0,0,0,0,0,C,18,Alveolar fibroblast 1,44,16,3,3,3_1,SMC
C-6296,all,32,23,5779,5746,23,79490,0,0,0,0,0,C,3,CD8+ T cell,40,23,7,7,7_2,PatrolMac
C-6297,all,35,13,6342,5990,7,23344,0,0,0,0,0,C,23,Alveolar type 2 cell,44,13,2,2,2_6,pDC
C-6300,all,118,59,6800,6028,31,87866,0,0,0,0,0,C,14,Alveolar macrophage,44,31,8,8,8_1,AlveolarMac
C-6301,all,63,34,6453,7104,21,73280,0,0,0,0,0,C,4,Alveolar fibroblast 1,56,34,6,6,6,AT1
C-6304,all,42,25,6296,5935,13,33243,0,0,0,0,0,C,3,Sox9+/Id2+ epithelial cell,44,26,1,1,1_6_2,Neutrophil
C-6305,all,24,20,6954,6017,8,25017,0,0,0,0,0,C,2,Interstitial macrophage,44,20,8,8,8_2,InterstitialMac
C-6307,all,39,26,5748,7043,16,71419,0,0,0,0,0,C,6,Alveolar type 1 cell,43,27,3,3,3_5,SMC
C-6308,all,32,20,6957,6259,17,25051,0,0,0,0,0,C,16,Alveolar type 2 cell,40,20,1,1,1_3,AT2
C-6309,all,108,52,6555,6239,33,69012,0,0,0,0,0,C,5,Alveolar macrophage,55,38,2,2,2_6,pDC
C-6310,all,39,21,6657,6409,36,36659,0,0,0,0,0,C,10,Natural killer cell,44,21,7,7,7_3,Tcell (CD8)
C-6312,all,25,16,6372,6783,32,44173,0,0,0,0,0,C,7,Alveolar fibroblast 1,44,17,3,3,3_1,SMC
C-6313,all,45,26,6007,7425,5,34952,0,0,0,0,0,C,5,Alveolar fibroblast 2,45,26,3,3,3_3,AdventitialFib
C-6314,all,68,27,6337,6464,23,51364,0,0,0,0,0,C,39,Alveolar type 2 cell,55,27,1,1,1_1,AT2
C-6316,all,61,30,7196,6798,16,70298,0,0,0,0,0,C,4,Capillary 2 cell,55,30,2,2,2_6,pDC
C-6317,all,18,13,6680,6196,36,20806,0,0,0,0,0,C,2,Neutrophil,36,13,8,8,8_2,InterstitialMac
C-6318,all,47,27,5940,7213,21,71434,0,0,0,0,0,C,3,Venous endothelial cell,47,27,2,2,2_3,Vein
C-6320,all,8,7,6503,7139,38,24086,0,0,0,0,0,C,2,Natural killer cell,22,9,7,7,7_3,Tcell (CD8)
C-6321,all,99,42,7419,6799,16,76197,0,0,0,0,0,C,19,Sox9+/Id2+ epithelial cell,60,36,6,6,6,AT1
C-6322,all,54,28,5657,5730,25,90477,0,0,0,0,0,C,10,Arterial endothelial cell,54,29,2,2,2_4,Artery
C-6323,all,129,55,7182,6060,18,73217,0,0,0,0,0,C,20,Interstitial macrophage,45,23,8,8,8_3,InterstitialMac
C-6324,all,44,20,5725,7221,32,76224,0,0,0,0,0,C,20,Sox9+/Id2+ epithelial cell,45,20,3,3,3_4,AdventitialFib
C-6327,all,11,6,6089,6981,29,25623,0,0,0,0,0,C,8,Sox9+/Id2+ epithelial cell,36,6,1,1,1_3,AT2
C-6329,all,49,30,5647,6186,26,74591,0,0,0,0,0,C,7,Sox9+/Id2+ epithelial cell,52,31,2,2,2_2,InflamMac
C-6330,all,34,23,5914,6519,25,91999,0,0,0,0,0,C,8,Capillary 1 cell,42,24,2,2,2_1,Capillary
C-6331,all,11,8,5934,6648,34,46275,0,0,0,0,0,C,9,B cell,29,9,3,3,3_1,SMC
C-6333,all,29,20,6132,6855,13,79783,0,0,0,0,0,C,4,Alveolar fibroblast 1,37,20,6,6,6,AT1
C-6334,all,20,12,5666,7167,28,39565,0,0,0,0,0,C,10,Alveolar type 2 cell,41,12,1,1,1_3,AT2
C-6336,all,40,23,6350,7118,14,50137,0,0,0,0,0,C,10,B cell,42,23,9,9,9,Bcell
C-6337,all,27,20,6691,5923,34,32571,0,0,0,0,0,C,3,Sox9+/Id2+ epithelial cell,45,20,2,2,2_3,Vein
C-6338,all,22,13,6579,7282,34,24664,0,0,0,0,0,C,6,Mesothelial cell,39,13,3,3,3_3,AdventitialFib
C-6341,all,41,25,5624,6163,16,57760,0,0,0,0,0,C,5,Capillary 1 cell,43,24,2,2,2_1,Capillary
C-6343,all,40,26,7382,7016,15,26141,0,0,0,0,0,C,7,Alveolar fibroblast 1,42,26,3,3,3_3,AdventitialFib
C-6345,all,34,9,7039,5801,39,21677,0,0,0,0,0,C,28,Alveolar type 2 cell,44,9,1,1,1_3,AT2
C-6346,all,130,29,6615,7089,15,79890,0,0,0,0,0,C,82,Alveolar type 2 cell,44,10,1,1,1_1,AT2
C-6347,all,55,35,6393,5809,33,82385,0,0,0,0,0,C,8,Capillary 2 cell,54,35,7,7,7_3,Tcell (CD8)
C-6350,all,32,15,6090,6382,10,37556,0,0,0,0,0,C,4,Sox9+/Id2+ epithelial cell,42,15,1,1,1_3,AT2
C-6352,all,51,30,6391,6345,25,63639,0,0,0,0,0,C,5,Alveolar macrophage,49,30,8,8,8_1,AlveolarMac
C-6353,all,51,31,5984,7052,22,67615,0,0,0,0,0,C,7,B cell,51,31,8,8,8_2,InterstitialMac
C-6354,all,72,30,6996,5840,27,73678,0,0,0,0,0,C,11,Capillary 1 cell,54,30,2,2,2_3,Vein
C-6356,all,33,24,6491,7066,14,58588,0,0,0,0,0,C,7,Alveolar fibroblast 1,41,25,2,2,2_4,Artery
C-6358,all,53,30,5733,6230,27,73712,0,0,0,0,0,C,7,Alveolar fibroblast 1,53,31,2,2,2_4,Artery
C-6360,all,39,26,7405,5831,19,56719,0,0,0,0,0,C,2,Capillary 1 cell,43,27,2,2,2_1,Capillary
C-6362,all,20,12,6336,6111,39,20244,0,0,0,0,0,C,6,Pericyte,39,12,5,5,5_1,Pericyte
C-6363,all,95,46,6427,6044,26,65520,0,0,0,0,0,C,6,Capillary 1 cell,61,41,2,2,2_5,DC
C-6368,all,13,7,6098,6579,20,63456,0,0,0,0,0,C,2,B cell,30,7,9,9,9,Bcell
C-6369,all,45,27,5674,5909,24,66166,0,0,0,0,0,C,4,Capillary 2 cell,45,27,5,5,5_3,Pericyte
C-6370,all,17,15,6140,6721,30,52703,0,0,0,0,0,C,4,Inflammatory monocyte,38,16,2,2,2_5,DC
C-6371,all,153,45,6685,6896,21,135901,0,0,0,0,0,C,82,Alveolar type 2 cell,45,17,1,1,1_1,AT2
C-6372,all,59,20,7069,5723,20,57288,0,0,0,0,0,C,2,Alveolar fibroblast 1,54,21,1,1,1_4_1,AlveolarFib
C-6373,all,19,17,7330,7035,17,24183,0,0,0,0,0,C,2,Neutrophil,37,17,7,7,7_3,Tcell (CD8)
C-6374,all,35,22,5648,5831,13,35197,0,0,0,0,0,C,5,Alveolar fibroblast 1,42,23,2,2,2_2,InflamMac
C-6378,all,140,30,7143,6042,33,71494,0,0,0,0,0,C,90,Alveolar type 2 cell,49,14,1,1,1_1,AT2
C-6379,all,37,29,6985,7004,21,53528,0,0,0,0,0,C,2,Capillary 1 cell,39,29,2,2,2_1,Capillary
C-6380,all,38,25,6154,6616,31,77999,0,0,0,0,0,C,9,Alveolar type 2 cell,41,25,2,2,2_3,Vein
C-6381,all,64,30,6340,6256,33,65671,0,0,0,0,0,C,7,Inflammatory monocyte,56,30,7,7,7_2,PatrolMac
C-6386,all,36,22,6392,6194,22,31588,0,0,0,0,0,C,10,Alveolar fibroblast 1,42,23,2,2,2_1,Capillary
C-6387,all,59,29,7246,5897,31,63401,0,0,0,0,0,C,7,Capillary 1 cell,55,31,2,2,2_5,DC
C-6388,all,54,31,7122,5783,13,62219,0,0,0,0,0,C,4,Alveolar fibroblast 1,52,31,2,2,2_6,pDC
C-6389,all,71,27,5629,7289,21,86964,0,0,0,0,0,C,9,Alveolar type 1 cell,53,27,6,6,6,AT1
C-6390,all,85,40,6755,5737,21,110718,0,0,0,0,0,C,10,Alveolar type 1 cell,59,40,2,2,2_2,InflamMac
C-6392,all,26,19,6285,6228,14,39038,0,0,0,0,0,C,5,Pericyte,44,19,5,5,5_3,Pericyte
C-6393,all,68,40,5782,6204,22,127115,0,0,0,0,0,C,9,Interstitial macrophage,56,40,2,2,2_6,pDC
C-6395,all,48,31,6194,6297,32,47640,0,0,0,0,0,C,9,Alveolar fibroblast 1,50,32,2,2,2_2,InflamMac
C-6397,all,58,31,6357,6205,19,59544,0,0,0,0,0,C,11,Capillary 1 cell,56,31,2,2,2_3,Vein
C-6398,all,9,6,5657,6121,36,51436,0,0,0,0,0,C,7,B cell,23,7,9,9,9,Bcell
C-6403,all,39,21,6790,5810,18,48229,0,0,0,0,0,C,4,Capillary 1 cell,43,21,2,2,2_3,Vein
C-6406,all,115,19,5889,6149,34,92181,0,0,0,0,0,C,97,Sox9+/Id2+ epithelial cell,43,4,1,1,1_1,AT2
C-6407,all,12,8,7414,5684,7,12950,0,0,0,0,0,C,2,Natural killer cell,34,8,7,7,7_2,PatrolMac
C-6408,all,29,18,5969,7220,28,42362,0,0,0,0,0,C,6,Natural killer cell,42,20,2,2,2_5,DC
C-6411,all,34,28,5797,6784,20,94333,0,0,0,0,0,C,3,B cell,38,28,9,9,9,Bcell
C-6412,all,138,32,6438,6220,17,83437,0,0,0,0,0,C,96,Alveolar type 2 cell,45,11,1,1,1_1,AT2
C-6413,all,90,40,7191,6118,12,51137,0,0,0,0,0,C,7,Airway smooth muscle cell,59,38,3,3,3_4,AdventitialFib
C-6415,all,17,10,6180,6699,14,52932,0,0,0,0,0,C,9,Alveolar type 1 cell,36,10,6,6,6,AT1
C-6417,all,37,13,6348,6496,19,28121,0,0,0,0,0,C,22,Alveolar type 2 cell,44,13,1,1,1_1,AT2
C-6418,all,31,15,6183,6656,23,65178,0,0,0,0,0,C,14,Alveolar type 2 cell,41,15,1,1,1_1,AT2
C-6419,all,28,11,6330,6017,33,20634,0,0,0,0,0,C,15,Sox9+/Id2+ epithelial cell,45,11,1,1,1_1,AT2
C-6420,all,19,13,5694,7272,27,35740,0,0,0,0,0,C,2,Alveolar type 1 cell,39,13,6,6,6,AT1
C-6421,all,57,17,5683,6181,32,73000,0,0,0,0,0,C,44,Alveolar type 2 cell,52,17,1,1,1_3,AT2
C-6422,all,105,55,6782,5698,22,102995,0,0,0,0,0,C,6,Alveolar type 1 cell,58,43,7,7,7_3,Tcell (CD8)
C-6423,all,58,15,6012,7089,18,51548,0,0,0,0,0,C,49,AT1/AT2,52,15,1,1,1_1,AT2
C-6424,all,24,16,7258,6881,14,42897,0,0,0,0,0,C,3,Capillary 1 cell,42,17,2,2,2_1,Capillary
C-6426,all,20,17,6407,6732,7,29198,0,0,0,0,0,C,2,Endothelial progenitor cell,42,17,2,2,2_1,Capillary
C-6428,all,49,27,7358,6919,19,76776,0,0,0,0,0,C,19,Inflammatory monocyte,49,27,5,5,5_3,Pericyte
C-6429,all,31,19,6317,5876,14,48711,0,0,0,0,0,C,2,Pericyte,42,21,2,2,2_5,DC
C-6432,all,50,24,6205,6713,22,63865,0,0,0,0,0,C,7,Alveolar type 1 cell,50,24,6,6,6,AT1
C-6433,all,50,15,6958,6228,26,32959,0,0,0,0,0,C,34,Sox9+/Id2+ epithelial cell,49,15,1,1,1_1,AT2
C-6435,all,69,17,6176,7163,13,69331,0,0,0,0,0,C,45,Sox9+/Id2+ epithelial cell,53,17,1,1,1_1,AT2
C-6437,all,40,24,7280,6970,28,68388,0,0,0,0,0,C,16,Alveolar fibroblast 2,44,25,3,3,3_5,SMC
C-6439,all,80,26,5692,7115,34,74997,0,0,0,0,0,C,19,Alveolar type 1 cell,55,26,6,6,6,AT1
C-6443,all,36,26,6381,6164,35,36800,0,0,0,0,0,C,5,Endothelial progenitor cell,39,26,2,2,2_6,pDC
C-6444,all,61,25,6399,6224,31,47953,0,0,0,0,0,C,12,Alveolar type 2 cell,56,26,2,2,2_2,InflamMac
C-6445,all,112,52,7166,5824,20,78862,0,0,0,0,0,C,6,Venous endothelial cell,45,27,3,3,3_4,AdventitialFib
C-6448,all,116,49,6537,6184,26,95054,0,0,0,0,0,C,6,Venous endothelial cell,45,24,2,2,2_3,Vein
C-6449,all,60,24,7342,6952,29,83194,0,0,0,0,0,C,36,Alveolar type 2 cell,53,24,1,1,1_3,AT2
C-6450,all,17,6,6691,6838,13,39888,0,0,0,0,0,C,12,Secondary crest myofibroblast,35,7,3,3,3_1,SMC
C-6453,all,51,35,6205,6361,32,106944,0,0,0,0,0,C,7,B cell,51,35,9,9,9,Bcell
C-6454,all,20,13,6297,6418,33,28091,0,0,0,0,0,C,6,Sox9+/Id2+ epithelial cell,41,13,2,2,2_1,Capillary
C-6455,all,64,36,6716,5998,26,89349,0,0,0,0,0,C,2,Alveolar type 1 cell,58,37,1,1,1_6_2,Neutrophil
C-6456,all,34,22,6062,7070,25,69544,0,0,0,0,0,C,4,Neutrophil,40,23,2,2,2_2,InflamMac
C-6457,all,27,14,6820,5938,20,42274,0,0,0,0,0,C,2,Proliferative mesenchymal progenitor cell,44,15,3,3,3_1,SMC
C-6458,all,33,19,6031,6486,18,88007,0,0,0,0,0,C,4,Classical DC subset 2,42,19,2,2,2_6,pDC
C-6459,all,74,16,6399,6613,12,52908,0,0,0,0,0,C,59,Alveolar type 2 cell,52,16,1,1,1_1,AT2
C-6460,all,70,44,7150,7398,14,83607,0,0,0,0,0,C,7,Inflammatory monocyte,57,44,3,3,3_3,AdventitialFib
C-6461,all,14,12,6186,6814,34,38604,0,0,0,0,0,C,4,Alveolar type 1 cell,26,12,6,6,6,AT1
C-6463,all,40,22,6511,6327,11,48751,0,0,0,0,0,C,6,Capillary 1 cell,43,23,3,3,3_5,SMC
C-6464,all,43,26,6138,7054,23,48261,0,0,0,0,0,C,10,Proliferative mesenchymal progenitor cell,43,26,7,7,7_2,PatrolMac
C-6465,all,25,16,5807,6720,20,64524,0,0,0,0,0,C,4,Alveolar fibroblast 1,44,16,1,1,1_5_1,LymphaticEndo
C-6469,all,47,21,6357,6329,13,56642,0,0,0,0,0,C,8,Alveolar type 1 cell,47,21,6,6,6,AT1
C-6474,all,92,40,6867,6013,20,53419,0,0,0,0,0,C,4,Inflammatory monocyte,63,39,7,7,7_2,PatrolMac
C-6475,all,51,32,5837,6864,19,90387,0,0,0,0,0,C,13,Secondary crest myofibroblast,52,33,3,3,3_1,SMC
C-6476,all,67,38,6475,6102,27,72488,0,0,0,0,0,C,5,Pericyte,60,38,5,5,5_3,Pericyte
C-6477,all,25,22,6544,6073,21,33188,0,0,0,0,0,C,3,Alveolar type 1 cell,46,22,6,6,6,AT1
C-6479,all,24,18,6550,5779,35,36030,0,0,0,0,0,C,11,Pericyte,46,18,5,5,5_1,Pericyte
C-6481,all,11,8,5794,5978,7,18746,0,0,0,0,0,C,4,Natural killer cell,32,8,2,2,2_6,pDC
C-6483,all,22,14,6097,6606,16,50418,0,0,0,0,0,C,6,Inflammatory monocyte,41,14,2,2,2_2,InflamMac
C-6486,all,18,9,6572,7115,37,23543,0,0,0,0,0,C,4,Alveolar type 1 cell,39,9,6,6,6,AT1
C-6487,all,43,27,6020,6795,11,87252,0,0,0,0,0,C,6,Arterial endothelial cell,43,27,2,2,2_4,Artery
C-6488,all,9,6,5655,5794,8,7887,0,0,0,0,0,C,4,Sox9+/Id2+ epithelial cell,28,7,2,2,2_3,Vein
C-6491,all,31,26,5777,6246,19,37417,0,0,0,0,0,C,4,Capillary 1 cell,38,26,6,6,6,AT1
C-6493,all,55,30,6742,5684,32,62393,0,0,0,0,0,C,5,Inflammatory monocyte,53,30,5,5,5_3,Pericyte
C-6494,all,71,43,6444,6360,25,117626,0,0,0,0,0,C,4,Capillary 2 cell,55,43,2,2,2_6,pDC
C-6498,all,51,27,6801,6109,10,62502,0,0,0,0,0,C,8,Venous endothelial cell,51,27,2,2,2_3,Vein
C-6504,all,109,54,6707,6109,27,126442,0,0,0,0,0,C,14,Pericyte,57,43,2,2,2_3,Vein
C-6505,all,95,24,6118,6999,29,74724,0,0,0,0,0,C,71,Alveolar type 2 cell,56,22,1,1,1_3,AT2
C-6506,all,72,43,6484,6076,17,51538,0,0,0,0,0,C,6,AT1/AT2,56,43,2,2,2_6,pDC
C-6514,all,19,14,6982,6035,9,19963,0,0,0,0,0,C,5,Pericyte,38,14,5,5,5_3,Pericyte
C-6516,all,55,16,6337,6755,31,90572,0,0,0,0,0,C,34,Alveolar type 2 cell,51,16,1,1,1_1,AT2
C-6518,all,85,26,5609,6589,16,72823,0,0,0,0,0,C,16,Alveolar type 1 cell,58,26,6,6,6,AT1
C-6519,all,44,22,6355,5955,12,43131,0,0,0,0,0,C,23,Pericyte,45,22,5,5,5_1,Pericyte
C-6521,all,74,37,6480,5764,31,78143,0,0,0,0,0,C,11,Arterial endothelial cell,57,37,7,7,7_2,PatrolMac
C-6522,all,79,32,7278,7009,15,69120,0,0,0,0,0,C,30,Alveolar type 2 cell,55,32,1,1,1_3,AT2
C-6525,all,109,47,6348,6058,24,101850,0,0,0,0,0,C,15,Alveolar type 1 cell,51,30,2,2,2_3,Vein
C-6526,all,43,27,7223,6896,18,80893,0,0,0,0,0,C,5,Alveolar type 1 cell,46,29,2,2,2_5,DC
C-6529,all,14,7,6406,6583,13,15468,0,0,0,0,0,C,12,Alveolar type 2 cell,36,7,1,1,1_1,AT2
C-6530,all,40,26,6777,5952,25,56856,0,0,0,0,0,C,3,Sox9+/Id2+ epithelial cell,42,26,2,2,2_3,Vein
C-6531,all,112,46,6953,5842,31,109876,0,0,0,0,0,C,53,Vascular smooth muscle cell,47,30,5,5,5_3,Pericyte
C-6535,all,25,18,6322,6393,27,41254,0,0,0,0,0,C,4,Alveolar type 2 cell,48,18,1,1,1_3,AT2
C-6538,all,33,21,6599,7025,19,55270,0,0,0,0,0,C,4,Capillary 2 cell,42,21,2,2,2_6,pDC
C-6539,all,84,41,5637,6941,19,111744,0,0,0,0,0,C,35,Capillary 1 cell,63,42,2,2,2_5,DC
C-6542,all,20,16,6342,5891,21,28709,0,0,0,0,0,C,3,Pericyte,40,16,2,2,2_3,Vein
C-6543,all,48,33,6419,6077,36,34024,0,0,0,0,0,C,9,Venous endothelial cell,48,33,2,2,2_3,Vein
C-6544,all,17,14,6283,6250,23,32544,0,0,0,0,0,C,5,Pericyte,36,14,5,5,5_1,Pericyte
C-6545,all,127,46,6109,7150,21,134462,151,0,151,0,1,C,34,Alveolar macrophage,45,24,8,8,8_1,AlveolarMac
C-6546,all,56,30,6909,7004,15,98186,0,0,0,0,0,C,2,Mesothelial cell,55,31,3,3,3_1,SMC
C-6548,all,65,32,6659,6327,30,77151,0,0,0,0,0,C,7,Capillary 1 cell,57,32,2,2,2_3,Vein
C-6549,all,38,14,6430,6258,35,27032,0,0,0,0,0,C,12,Sox9+/Id2+ epithelial cell,44,14,1,1,1_3,AT2
C-6551,all,21,12,6712,6909,31,14854,0,0,0,0,0,C,8,Sox9+/Id2+ epithelial cell,43,12,2,2,2_1,Capillary
C-6554,all,58,35,6400,6547,14,74341,0,0,0,0,0,C,9,Alveolar type 2 cell,56,35,8,8,8_2,InterstitialMac
C-6557,all,16,8,6370,6500,10,18595,0,0,0,0,0,C,8,Sox9+/Id2+ epithelial cell,38,8,8,8,8_2,InterstitialMac
C-6558,all,89,22,5859,6713,22,91582,0,0,0,0,0,C,68,Alveolar type 2 cell,54,21,1,1,1_1,AT2
C-6560,all,21,17,5714,5820,16,33651,0,0,0,0,0,C,2,Alveolar fibroblast 1,43,18,3,3,3_1,SMC
C-6567,all,61,32,5632,6522,24,68544,0,0,0,0,0,C,5,Interstitial macrophage,55,32,7,7,7_3,Tcell (CD8)
C-6568,all,38,23,5892,6656,16,72618,0,0,0,0,0,C,11,Pericyte,43,23,5,5,5_1,Pericyte
C-6569,all,48,29,6183,7199,30,50786,0,0,0,0,0,C,6,Endothelial progenitor cell,48,29,9,9,9,Bcell
C-6575,all,51,31,6389,6280,30,71872,0,0,0,0,0,C,6,Sox9+/Id2+ epithelial cell,51,31,2,2,2_6,pDC
C-6576,all,28,18,5859,6399,15,45446,0,0,0,0,0,C,9,Alveolar type 2 cell,38,19,2,2,2_4,Artery
C-6577,all,32,21,6109,6764,31,70609,0,0,0,0,0,C,5,Inflammatory monocyte,43,23,2,2,2_5,DC
C-6580,all,39,23,5943,7093,34,51823,0,0,0,0,0,C,5,Alveolar type 2 cell,41,23,2,2,2_3,Vein
C-6584,all,29,13,6339,6426,25,36951,0,0,0,0,0,C,11,Sox9+/Id2+ epithelial cell,44,13,3,3,3_6,SCMF
C-6586,all,18,7,5913,6377,37,39349,0,0,0,0,0,C,13,AT1/AT2,41,7,6,6,6,AT1
C-6593,all,65,23,5983,7107,22,54834,0,0,0,0,0,C,36,Alveolar type 2 cell,53,23,1,1,1_3,AT2
C-6607,all,52,30,9117,1645,30,103780,0,0,0,0,0,C,5,Inflammatory monocyte,52,30,3,3,3_4,AdventitialFib
C-6608,all,53,37,8340,1340,30,71709,0,0,0,0,0,C,9,B cell,53,37,9,9,9,Bcell
C-6610,all,68,29,8565,212,21,77110,1495,1495,0,1,0,C,21,Alveolar type 2 cell,53,30,2,2,2_2,InflamMac
C-6611,all,33,10,7698,1845,18,35820,0,0,0,0,0,C,21,Alveolar type 2 cell,44,10,1,1,1_1,AT2
C-6612,all,65,36,8047,1267,21,66433,0,0,0,0,0,C,10,Sox9+/Id2+ epithelial cell,58,37,3,3,3_1,SMC
C-6613,all,14,12,7543,374,37,21270,0,0,0,0,0,C,2,Alveolar fibroblast 1,33,13,1,1,1_4_1,AlveolarFib
C-6614,all,65,17,8427,309,25,75796,0,0,0,0,0,C,46,Alveolar macrophage,52,18,3,3,3_5,SMC
C-6615,all,84,49,8827,1855,12,82897,0,0,0,0,0,C,13,Inflammatory monocyte,59,50,3,3,3_5,SMC
C-6616,all,111,41,7922,1128,23,93452,0,0,0,0,0,C,31,Proliferative mesenchymal progenitor cell,50,25,3,3,3_4,AdventitialFib
C-6619,all,121,32,7807,1609,13,87304,0,0,0,0,0,C,77,Alveolar type 2 cell,43,11,1,1,1_1,AT2
C-6620,all,24,17,7663,697,8,37530,0,0,0,0,0,C,4,Alveolar type 1 cell,42,17,6,6,6,AT1
C-6622,all,55,27,8421,93,20,67679,0,0,0,0,0,C,14,Capillary 1 cell,53,28,2,2,2_2,InflamMac
C-6623,all,51,22,7875,1632,17,64446,0,0,0,0,0,C,23,B cell,51,22,7,7,7_2,PatrolMac
C-6624,all,24,17,8623,1269,7,30645,51,0,51,0,1,C,3,Proliferative mesenchymal progenitor cell,44,18,3,3,3_1,SMC
C-6625,all,19,15,8478,322,14,45476,57,0,57,0,1,C,11,Inflammatory monocyte,34,15,9,9,9,Bcell
C-6627,all,96,34,7799,1488,12,64818,0,0,0,0,0,C,14,Proliferative mesenchymal progenitor cell,61,33,6,6,6,AT1
C-6628,all,151,31,7587,1164,26,87896,0,0,0,0,0,C,116,Alveolar type 2 cell,47,11,1,1,1_1,AT2
C-6629,all,99,47,7472,1109,19,93665,0,0,0,0,0,C,22,Vascular smooth muscle cell,61,44,3,3,3_6,SCMF
C-6631,all,11,3,9245,137,8,16471,0,0,0,0,0,C,10,Sox9+/Id2+ epithelial cell,38,3,1,1,1_1,AT2
C-6632,all,117,24,8284,1189,10,69650,0,0,0,0,0,C,97,Alveolar type 2 cell,45,9,1,1,1_3,AT2
C-6634,all,30,19,8130,272,15,41924,0,0,0,0,0,C,9,Neutrophil,40,19,2,2,2_1,Capillary
C-6635,all,49,18,7681,1435,28,44629,0,0,0,0,0,C,32,Alveolar type 2 cell,49,18,1,1,1_3,AT2
C-6637,all,96,49,7745,1409,26,73963,0,0,0,0,0,C,11,Interstitial macrophage,66,49,8,8,8_2,InterstitialMac
C-6638,all,82,39,7640,1419,18,92431,0,0,0,0,0,C,17,Alveolar fibroblast 1,57,39,1,1,1_5_2,AlveolarFib
C-6640,all,26,18,7854,605,24,46852,0,0,0,0,0,C,4,Proliferative mesenchymal progenitor cell,42,19,3,3,3_1,SMC
C-6641,all,89,30,7463,1052,24,58976,0,0,0,0,0,C,55,Ciliated cell,42,30,4,4,4_2,CiliatedEpi
C-6642,all,20,9,9080,167,35,27903,0,0,0,0,0,C,7,Alveolar type 1 cell,39,9,6,6,6,AT1
C-6644,all,127,57,7713,1388,27,73180,0,0,0,0,0,C,3,Sox9+/Id2+ epithelial cell,43,28,1,1,1_6_2,Neutrophil
C-6646,all,47,16,8856,340,20,41545,0,0,0,0,0,C,34,Sox9+/Id2+ epithelial cell,47,16,5,5,5_1,Pericyte
C-6647,all,26,18,8424,1089,37,32722,0,0,0,0,0,C,7,Alveolar fibroblast 1,45,18,6,6,6,AT1
C-6649,all,6,4,8107,426,12,26767,0,0,0,0,0,C,5,Alveolar fibroblast 1,20,7,3,3,3_1,SMC
C-6652,all,64,29,7781,513,21,79541,0,0,0,0,0,C,11,Alveolar macrophage,56,29,5,5,5_3,Pericyte
C-6653,all,27,19,8332,41,25,76586,0,0,0,0,0,C,3,Capillary 1 cell,43,19,2,2,2_1,Capillary
C-6654,all,36,28,8378,1321,26,46458,0,0,0,0,0,C,14,Pericyte,38,28,5,5,5_1,Pericyte
C-6657,all,37,24,9159,1952,17,70277,0,0,0,0,0,C,4,Inflammatory monocyte,42,24,9,9,9,Bcell
C-6658,all,22,13,9242,1481,16,53411,0,0,0,0,0,C,11,Alveolar fibroblast 1,44,14,3,3,3_5,SMC
C-6659,all,89,43,8384,1276,30,103147,0,0,0,0,0,C,12,Pericyte,63,43,5,5,5_1,Pericyte
C-6660,all,12,11,8411,335,31,26818,0,0,0,0,0,C,6,Mesothelial cell,30,11,3,3,3_4,AdventitialFib
C-6661,all,81,26,8846,175,19,101634,0,0,0,0,0,C,48,Alveolar type 2 cell,53,26,1,1,1_3,AT2
C-6665,all,17,4,8229,74,12,30296,0,0,0,0,0,C,14,Sox9+/Id2+ epithelial cell,42,4,1,1,1_1,AT2
C-6668,all,31,20,9214,1680,39,51306,0,0,0,0,0,C,2,Alveolar fibroblast 1,42,21,1,1,1_4_1,AlveolarFib
C-6671,all,40,24,7846,473,33,62550,0,0,0,0,0,C,3,Secondary crest myofibroblast,42,24,2,2,2_1,Capillary
C-6672,all,89,18,8520,171,32,83817,0,0,0,0,0,C,69,Inflammatory monocyte,55,18,1,1,1_3,AT2
C-6673,all,122,47,8224,1070,20,107056,0,0,0,0,0,C,25,Inflammatory monocyte,46,30,7,7,7_2,PatrolMac
C-6674,all,18,3,8491,1484,7,14108,0,0,0,0,0,C,16,Sox9+/Id2+ epithelial cell,41,3,1,1,1_1,AT2
C-6675,all,76,29,8063,1058,16,48053,0,0,0,0,0,C,20,Alveolar type 1 cell,57,29,6,6,6,AT1
C-6677,all,30,7,9052,221,17,35303,0,0,0,0,0,C,25,Sox9+/Id2+ epithelial cell,45,7,1,1,1_1,AT2
C-6679,all,46,30,7808,65,11,92617,0,0,0,0,0,C,6,B cell,47,31,3,3,3_2,SMC
C-6682,all,56,32,7512,1636,15,67940,0,0,0,0,0,C,3,Alveolar fibroblast 1,54,33,1,1,1_4_1,AlveolarFib
C-6683,all,131,40,7515,1322,31,91427,51,51,0,1,0,C,19,Alveolar type 1 cell,47,19,6,6,6,AT1
C-6685,all,73,38,7492,1924,36,58743,0,0,0,0,0,C,18,Alveolar type 2 cell,54,39,2,2,2_2,InflamMac
C-6686,all,10,8,8117,398,24,38512,0,0,0,0,0,C,6,Secondary crest myofibroblast,25,9,3,3,3_1,SMC
C-6687,all,49,33,7567,429,23,75652,0,0,0,0,0,C,15,Inflammatory monocyte,49,33,5,5,5_3,Pericyte
C-6689,all,61,26,8154,1184,15,49838,0,0,0,0,0,C,15,Alveolar type 1 cell,55,26,6,6,6,AT1
C-6690,all,43,15,8500,1366,25,36488,0,0,0,0,0,C,4,Alveolar type 1 cell,45,15,6,6,6,AT1
C-6692,all,19,14,8375,87,18,41197,0,0,0,0,0,C,6,Alveolar fibroblast 1,39,14,3,3,3_3,AdventitialFib
C-6693,all,22,8,7448,996,8,11799,0,0,0,0,0,C,17,Alveolar type 2 cell,44,8,1,1,1_1,AT2
C-6696,all,95,48,7537,1148,25,97127,0,0,0,0,0,C,13,Alveolar type 2 cell,65,47,1,1,1_5_2,AlveolarFib
C-6697,all,127,68,7433,1127,29,84360,0,0,0,0,0,C,9,Alveolar type 1 cell,39,30,3,3,3_3,AdventitialFib
C-6699,all,72,32,8630,1304,19,83128,0,0,0,0,0,C,5,Capillary 1 cell,52,31,2,2,2_1,Capillary
C-6702,all,113,49,7926,1586,17,84998,0,0,0,0,0,C,16,Pericyte,45,31,3,3,3_5,SMC
C-6703,all,17,13,7456,1334,38,21504,0,0,0,0,0,C,5,Alveolar fibroblast 1,39,14,1,1,1_4_3,AlveolarFib
C-6705,all,69,15,8159,1053,26,36055,0,0,0,0,0,C,56,Alveolar type 2 cell,54,15,1,1,1_3,AT2
C-6706,all,39,27,7549,1765,32,41161,0,0,0,0,0,C,6,Natural killer cell,46,27,2,2,2_1,Capillary
C-6707,all,26,17,7984,1564,30,24519,0,0,0,0,0,C,3,Pericyte,46,17,5,5,5_3,Pericyte
C-6713,all,38,27,8025,1226,23,85482,0,0,0,0,0,C,7,Neutrophil,40,27,3,3,3_6,SCMF
C-6714,all,57,33,9088,210,24,87367,0,0,0,0,0,C,21,Pericyte,54,33,5,5,5_3,Pericyte
C-6715,all,19,15,7929,502,27,41577,0,0,0,0,0,C,2,Alveolar fibroblast 1,40,16,1,1,1_4_1,AlveolarFib
C-6718,all,37,23,8442,256,30,81820,0,0,0,0,0,C,11,Pericyte,42,23,5,5,5_1,Pericyte
C-6720,all,42,24,8053,1490,17,28200,0,0,0,0,0,C,3,Capillary 1 cell,44,25,2,2,2_1,Capillary
C-6721,all,86,29,7889,507,28,92248,0,0,0,0,0,C,49,B cell,59,28,2,2,2_1,Capillary
C-6722,all,39,22,8781,246,19,79325,0,0,0,0,0,C,5,Capillary 1 cell,43,22,8,8,8_2,InterstitialMac
C-6723,all,45,29,8311,383,18,82939,298,0,298,0,1,C,9,T regulatory cell,45,29,8,8,8_2,InterstitialMac
C-6724,all,45,16,7701,1470,28,27934,0,0,0,0,0,C,36,Sox9+/Id2+ epithelial cell,47,16,1,1,1_1,AT2
C-6728,all,55,19,7985,461,20,69853,0,0,0,0,0,C,37,Alveolar type 2 cell,52,21,2,2,2_5,DC
C-6729,all,58,35,7503,1049,36,51064,0,0,0,0,0,C,5,B cell,56,36,3,3,3_5,SMC
C-6730,all,22,12,8194,1192,6,17538,0,0,0,0,0,C,8,Alveolar type 1 cell,40,12,6,6,6,AT1
C-6731,all,34,19,7714,1731,16,41111,0,0,0,0,0,C,13,Arterial endothelial cell,43,19,2,2,2_6,pDC
C-6733,all,60,24,7573,706,32,40796,0,0,0,0,0,C,31,CD4+ T cell,54,24,1,1,1_1,AT2
C-6735,all,34,20,8735,216,32,76438,0,0,0,0,0,C,3,Proliferative mesenchymal progenitor cell,40,19,2,2,2_1,Capillary
C-6736,all,136,44,7795,1039,14,111133,0,0,0,0,0,C,81,Alveolar type 2 cell,46,20,1,1,1_1,AT2
C-6740,all,87,40,7657,1751,19,76174,0,0,0,0,0,C,8,CD4+ T cell,60,41,1,1,1_4_1,AlveolarFib
C-6741,all,98,44,7755,1636,26,79781,0,0,0,0,0,C,26,Alveolar type 1 cell,59,40,1,1,1_1,AT2
C-6742,all,68,28,7699,1505,31,28913,0,0,0,0,0,C,39,Vascular smooth muscle cell,56,28,1,1,1_3,AT2
C-6743,all,28,16,9115,1798,9,53025,0,0,0,0,0,C,3,Capillary 1 cell,41,17,2,2,2_1,Capillary
C-6744,all,92,20,8076,185,26,93000,0,0,0,0,0,C,70,Alveolar type 2 cell,54,20,1,1,1_1,AT2
C-6747,all,106,21,8117,1039,16,56188,0,0,0,0,0,C,87,Alveolar type 2 cell,53,16,1,1,1_3,AT2
C-6749,all,40,26,7575,323,34,47225,0,0,0,0,0,C,16,Alveolar fibroblast 1,41,26,1,1,1_5_2,AlveolarFib
C-6750,all,59,36,7571,1873,30,83098,0,0,0,0,0,C,9,Ciliated cell,56,38,2,2,2_5,DC
C-6751,all,101,46,8978,1886,19,84595,0,0,0,0,0,C,8,Capillary 1 cell,58,40,1,1,1_5_2,AlveolarFib
C-6754,all,55,40,7544,1805,31,55411,0,0,0,0,0,C,3,Capillary 1 cell,55,40,2,2,2_1,Capillary
C-6755,all,20,13,7608,1239,11,39669,0,0,0,0,0,C,7,Pericyte,38,13,5,5,5_3,Pericyte
C-6756,all,29,13,8474,1407,12,42089,0,0,0,0,0,C,5,Alveolar fibroblast 1,42,14,1,1,1_4_1,AlveolarFib
C-6758,all,18,16,8827,150,27,41285,0,0,0,0,0,C,6,Airway smooth muscle cell,41,17,3,3,3_1,SMC
C-6760,all,27,9,8525,1476,5,13301,0,0,0,0,0,C,20,Alveolar type 2 cell,44,9,1,1,1_1,AT2
C-6761,all,65,36,7447,1764,21,50809,0,0,0,0,0,C,7,Capillary 1 cell,56,36,2,2,2_1,Capillary
C-6762,all,81,23,9192,1556,19,66225,0,0,0,0,0,C,55,Alveolar type 2 cell,55,23,1,1,1_1,AT2
C-6763,all,37,6,8529,1443,6,24374,0,0,0,0,0,C,34,Alveolar type 2 cell,46,6,1,1,1_1,AT2
C-6764,all,99,49,7571,1953,23,103347,0,0,0,0,0,C,15,Innate lymphoid cell,60,44,2,2,2_1,Capillary
C-6769,all,66,43,8067,1100,22,81768,0,0,0,0,0,C,9,Sox9+/Id2+ epithelial cell,59,44,1,1,1_4_1,AlveolarFib
C-6770,all,36,22,7588,135,22,83527,0,0,0,0,0,C,5,Alveolar fibroblast 1,44,23,2,2,2_1,Capillary
C-6771,all,31,10,8473,1375,19,33536,0,0,0,0,0,C,3,Alveolar type 1 cell,43,11,3,3,3_5,SMC
C-6772,all,90,43,7843,1026,29,79382,0,0,0,0,0,C,16,Capillary 2 cell,64,44,2,2,2_2,InflamMac
C-6774,all,27,20,7684,1782,28,24094,0,0,0,0,0,C,2,Proliferative mesenchymal progenitor cell,43,20,3,3,3_4,AdventitialFib
C-6775,all,31,19,8986,177,14,59149,0,0,0,0,0,C,8,Alveolar type 1 cell,39,19,3,3,3_4,AdventitialFib
C-6776,all,53,29,7691,1175,9,64673,0,0,0,0,0,C,3,Natural killer cell,54,30,2,2,2_2,InflamMac
C-6778,all,94,34,7722,1127,10,79858,0,0,0,0,0,C,22,Alveolar type 1 cell,57,34,6,6,6,AT1
C-6780,all,63,26,8763,114,34,53121,0,0,0,0,0,C,16,Alveolar fibroblast 1,55,26,6,6,6,AT1
C-6782,all,101,36,8036,1318,18,74529,0,0,0,0,0,C,10,Alveolar type 1 cell,61,33,6,6,6,AT1
C-6783,all,34,17,8398,284,26,47123,0,0,0,0,0,C,19,Sox9+/Id2+ epithelial cell,43,17,1,1,1_3,AT2
C-6784,all,34,24,8588,176,35,45717,0,0,0,0,0,C,9,Arterial endothelial cell,40,25,2,2,2_4,Artery
C-6786,all,166,56,8271,1230,15,105251,0,0,0,0,0,C,55,Alveolar type 2 cell,53,33,1,1,1_3,AT2
C-6788,all,33,22,8544,1189,30,39556,0,0,0,0,0,C,2,Capillary 1 cell,40,23,1,1,1_6_2,Neutrophil
C-6789,all,20,14,9208,33,30,51413,0,0,0,0,0,C,3,Sox9+/Id2+ epithelial cell,40,15,1,1,1_4_1,AlveolarFib
C-6790,all,28,19,8788,176,33,61582,0,0,0,0,0,C,6,Innate lymphoid cell,38,20,3,3,3_1,SMC
C-6791,all,162,26,7764,292,11,101826,0,0,0,0,0,C,136,Alveolar type 2 cell,48,11,1,1,1_3,AT2
C-6792,all,30,16,8539,1339,34,37442,0,0,0,0,0,C,3,Inflammatory monocyte,42,18,2,2,2_5,DC
C-6794,all,55,22,8394,172,26,64404,174,0,174,0,1,C,28,Innate lymphoid cell,52,23,2,2,2_2,InflamMac
C-6797,all,22,11,8394,360,30,67802,0,0,0,0,0,C,2,Sox9+/Id2+ epithelial cell,43,12,2,2,2_2,InflamMac
C-6798,all,31,20,8537,1134,33,35443,0,0,0,0,0,C,4,Pericyte,39,20,5,5,5_3,Pericyte
C-6799,all,87,20,8400,130,20,98703,0,0,0,0,0,C,68,Sox9+/Id2+ epithelial cell,55,19,1,1,1_1,AT2
C-6800,all,31,7,8255,55,27,38618,0,0,0,0,0,C,27,Alveolar type 2 cell,45,7,7,7,7_2,PatrolMac
C-6801,all,23,15,7815,611,26,44825,0,0,0,0,0,C,6,Alveolar type 1 cell,44,16,2,2,2_2,InflamMac
C-6802,all,65,20,8431,1165,33,39023,0,0,0,0,0,C,35,Alveolar type 2 cell,53,20,1,1,1_1,AT2
C-6805,all,84,53,7467,1457,30,76302,0,0,0,0,0,C,16,Secondary crest myofibroblast,65,53,3,3,3_4,AdventitialFib
C-6807,all,35,24,7605,1750,28,49414,0,0,0,0,0,C,9,Classical DC subset 2,40,24,2,2,2_1,Capillary
C-6812,all,42,21,9200,70,23,91123,0,0,0,0,0,C,15,Capillary 2 cell,44,21,3,3,3_4,AdventitialFib
C-6813,all,31,20,8356,1113,11,49958,0,0,0,0,0,C,7,Alveolar fibroblast 1,41,21,2,2,2_4,Artery
C-6816,all,113,53,7740,1590,26,92404,0,0,0,0,0,C,22,Alveolar fibroblast 1,45,30,1,1,1_5_1,LymphaticEndo
C-6819,all,92,41,8567,1393,16,102311,0,0,0,0,0,C,5,Alveolar fibroblast 1,61,41,1,1,1_5_1,LymphaticEndo
C-6820,all,58,33,7514,1677,17,66969,0,0,0,0,0,C,6,Pericyte,56,34,3,3,3_5,SMC
C-6821,all,73,39,8585,1339,32,61187,0,0,0,0,0,C,7,Inflammatory monocyte,54,39,2,2,2_1,Capillary
C-6822,all,13,10,8892,1848,13,21896,0,0,0,0,0,C,2,Proliferative mesenchymal progenitor cell,33,10,3,3,3_4,AdventitialFib
C-6825,all,45,23,8079,1201,26,56031,0,0,0,0,0,C,9,Alveolar fibroblast 1,47,24,1,1,1_4_3,AlveolarFib
C-6828,all,130,53,8139,1227,21,106988,0,0,0,0,0,C,10,Inflammatory monocyte,47,27,1,1,1_4_1,AlveolarFib
C-6829,all,55,33,8760,384,20,68176,0,0,0,0,0,C,9,Inflammatory monocyte,54,34,3,3,3_1,SMC
C-6830,all,27,6,7723,1819,8,19515,0,0,0,0,0,C,22,Sox9+/Id2+ epithelial cell,45,6,1,1,1_1,AT2
C-6831,all,36,16,7607,699,36,27272,0,0,0,0,0,C,20,Alveolar type 2 cell,44,16,1,1,1_1,AT2
C-6833,all,30,15,7756,458,22,42309,0,0,0,0,0,C,5,Alveolar fibroblast 1,42,16,2,2,2_2,InflamMac
C-6835,all,105,20,7591,364,31,78555,0,0,0,0,0,C,88,Alveolar type 2 cell,52,14,1,1,1_1,AT2
C-6837,all,14,6,7879,587,39,12751,0,0,0,0,0,C,5,Proliferative mesenchymal progenitor cell,34,7,3,3,3_1,SMC
C-6838,all,109,50,7884,1270,34,89527,0,0,0,0,0,C,9,Inflammatory monocyte,53,36,2,2,2_1,Capillary
C-6839,all,54,20,7992,430,13,49528,0,0,0,0,0,C,21,Alveolar type 2 cell,52,21,2,2,2_2,InflamMac
C-6841,all,42,25,7519,87,24,73861,0,0,0,0,0,C,4,Capillary 2 cell,41,24,2,2,2_1,Capillary
C-6842,all,11,7,9162,158,39,20329,0,0,0,0,0,C,2,Capillary 2 cell,33,7,2,2,2_1,Capillary
C-6848,all,96,24,7786,1085,21,57231,0,0,0,0,0,C,75,AT1/AT2,57,22,1,1,1_1,AT2
C-6851,all,39,21,7926,1155,35,22917,0,0,0,0,0,C,16,Sox9+/Id2+ epithelial cell,42,21,1,1,1_1,AT2
C-6852,all,13,8,9029,248,12,11708,0,0,0,0,0,C,5,Alveolar fibroblast 1,33,8,3,3,3_4,AdventitialFib
C-6854,all,15,4,7489,1854,38,8192,0,0,0,0,0,C,12,Alveolar type 2 cell,37,4,1,1,1_1,AT2
C-6855,all,51,31,9180,1634,14,90297,0,0,0,0,0,C,4,Alveolar macrophage,51,31,8,8,8_1,AlveolarMac
C-6857,all,61,36,8072,453,18,81932,50,0,50,0,1,C,10,Alveolar fibroblast 1,57,36,3,3,3_4,AdventitialFib
C-6859,all,23,12,8389,1119,16,22884,0,0,0,0,0,C,2,Alveolar fibroblast 1,40,13,1,1,1_4_1,AlveolarFib
C-6865,all,91,42,7610,1493,25,108604,0,0,0,0,0,C,5,B cell,62,42,9,9,9,Bcell
C-6872,all,94,49,9076,1790,22,122958,0,0,0,0,0,C,4,Arterial endothelial cell,62,45,3,3,3_5,SMC
C-6873,all,56,38,8502,1152,19,45890,54,54,0,1,0,C,3,CD4+ T cell,55,38,8,8,8_2,InterstitialMac
C-6874,all,35,18,7910,38,18,76031,0,0,0,0,0,C,3,Sox9+/Id2+ epithelial cell,42,19,1,1,1_5_2,AlveolarFib
C-6875,all,31,22,7741,1772,9,21319,0,0,0,0,0,C,3,Proliferative mesenchymal progenitor cell,40,22,3,3,3_3,AdventitialFib
C-6878,all,14,10,7883,470,39,13499,0,0,0,0,0,C,4,Alveolar type 1 cell,33,11,1,1,1_4_1,AlveolarFib
C-6881,all,85,36,8810,388,15,118063,0,0,0,0,0,C,28,Alveolar fibroblast 1,58,36,3,3,3_1,SMC
C-6883,all,95,40,7570,1600,31,111158,0,0,0,0,0,C,7,CD8+ T cell,59,40,3,3,3_3,AdventitialFib
C-6888,all,61,36,7686,1583,24,100692,0,0,0,0,0,C,4,B cell,56,36,9,9,9,Bcell
C-6890,all,17,13,8018,24,30,44820,0,0,0,0,0,C,4,Alveolar fibroblast 1,39,14,1,1,1_5_1,LymphaticEndo
C-6891,all,15,10,9042,173,32,34065,0,0,0,0,0,C,2,Alveolar macrophage,40,11,1,1,1_4_1,AlveolarFib
C-6892,all,144,50,7853,1493,20,110776,52,0,52,0,1,C,12,Alveolar type 1 cell,47,24,6,6,6,AT1
C-6893,all,19,13,8075,37,31,27709,0,0,0,0,0,C,2,Arterial endothelial cell,40,14,2,2,2_4,Artery
C-6895,all,55,33,8525,1165,26,40177,0,0,0,0,0,C,12,Interstitial macrophage,55,33,8,8,8_3,InterstitialMac
C-6899,all,47,16,8451,1138,29,25657,0,0,0,0,0,C,28,Interstitial macrophage,47,16,8,8,8_3,InterstitialMac
C-6901,all,59,33,8034,456,21,71766,0,0,0,0,0,C,27,Alveolar type 2 cell,54,33,2,2,2_2,InflamMac
C-6902,all,7,5,8250,362,20,19040,1680,0,1680,0,1,C,3,Alveolar fibroblast 1,27,6,1,1,1_4_3,AlveolarFib
C-6906,all,41,21,9238,1523,14,81254,0,0,0,0,0,C,16,Alveolar type 2 cell,45,22,2,2,2_2,InflamMac
C-6908,all,92,37,8470,1165,20,87201,52,52,0,1,0,C,45,Alveolar type 2 cell,56,36,3,3,3_1,SMC
C-6913,all,44,30,7634,1777,26,36043,0,0,0,0,0,C,3,Capillary 1 cell,44,30,2,2,2_1,Capillary
C-6917,all,56,36,8080,1484,18,37561,0,0,0,0,0,C,4,Sox9+/Id2+ epithelial cell,53,36,1,1,1_5_2,AlveolarFib
C-6918,all,30,16,7732,494,23,57596,0,0,0,0,0,C,3,Alveolar fibroblast 1,41,15,2,2,2_1,Capillary
C-6922,all,51,16,7943,445,17,56129,0,0,0,0,0,C,31,Sox9+/Id2+ epithelial cell,49,16,1,1,1_1,AT2
C-6926,all,94,38,7605,182,22,142997,0,0,0,0,0,C,18,Alveolar type 1 cell,61,38,8,8,8_1,AlveolarMac
C-6927,all,44,28,8010,1500,23,41768,0,0,0,0,0,C,16,Alveolar fibroblast 1,45,28,3,3,3_3,AdventitialFib
C-6929,all,15,11,8339,99,13,50747,0,0,0,0,0,C,7,Alveolar fibroblast 1,33,11,1,1,1_5_1,LymphaticEndo
C-6932,all,14,5,7685,547,18,7954,0,0,0,0,0,C,12,Pericyte,38,5,5,5,5_3,Pericyte
C-6933,all,26,8,7970,1146,39,19310,0,0,0,0,0,C,19,Alveolar type 2 cell,46,8,1,1,1_1,AT2
C-6943,all,95,47,8777,2282,29,63009,0,0,0,0,0,C,2,Inflammatory monocyte,67,46,2,2,2_2,InflamMac
C-6944,all,182,63,9168,2555,35,79822,0,0,0,0,0,C,12,Inflammatory monocyte,55,36,1,1,1_4_1,AlveolarFib
C-6945,all,119,59,7711,3582,22,60096,0,0,0,0,0,C,6,Alveolar fibroblast 1,41,28,3,3,3_4,AdventitialFib
C-6946,all,28,18,8231,2854,38,41282,0,0,0,0,0,C,2,CD4+ T cell,42,18,1,1,1_2_1,Tcell (CD4)
C-6947,all,107,47,7936,3306,19,71771,0,0,0,0,0,C,5,Alveolar fibroblast 1,57,39,3,3,3_4,AdventitialFib
C-6949,all,110,58,7937,3260,15,74977,0,0,0,0,0,C,6,Alveolar type 2 cell,46,31,2,2,2_2,InflamMac
C-6950,all,131,53,8879,2351,34,80811,0,0,0,0,0,C,11,CD4+ T cell,49,28,1,1,1_4_1,AlveolarFib
C-6952,all,82,40,7628,3124,14,47852,0,0,0,0,0,C,9,CD4+ T cell,61,41,1,1,1_6_2,Neutrophil
C-6958,all,55,29,7782,3548,36,37900,0,0,0,0,0,C,24,B cell,54,29,7,7,7_3,Tcell (CD8)
C-6959,all,137,63,8315,3181,23,73885,0,0,0,0,0,C,14,Inflammatory monocyte,41,27,3,3,3_4,AdventitialFib
C-6961,all,201,68,8773,2995,16,76624,0,0,0,0,0,C,22,Alveolar fibroblast 1,54,37,1,1,1_6_2,Neutrophil
C-6963,all,70,36,7670,3039,26,39171,0,0,0,0,0,C,2,Alveolar type 1 cell,54,37,1,1,1_6_2,Neutrophil
C-6964,all,61,33,7932,3144,34,40142,0,0,0,0,0,C,4,Alveolar macrophage,55,33,6,6,6,AT1
C-6966,all,48,28,8606,2408,17,27594,0,0,0,0,0,C,14,Capillary 1 cell,48,28,2,2,2_1,Capillary
C-6967,all,101,32,8547,3058,11,43323,0,0,0,0,0,C,56,Alveolar type 2 cell,60,30,1,1,1_3,AT2
C-6968,all,195,42,8318,3283,27,53097,0,0,0,0,0,C,129,Ciliated cell,58,41,4,4,4_2,CiliatedEpi
C-6970,all,67,30,8314,2218,24,72975,0,0,0,0,0,C,2,Secondary crest myofibroblast,57,30,1,1,1_3,AT2
C-6971,all,166,62,7442,3352,26,85312,0,0,0,0,0,C,12,Inflammatory monocyte,52,37,1,1,1_2_1,Tcell (CD4)
C-6972,all,134,58,7652,3495,33,62149,0,0,0,0,0,C,11,Inflammatory monocyte,42,21,9,9,9,Bcell
C-6974,all,154,55,7848,2408,15,72003,0,0,0,0,0,C,7,Airway smooth muscle cell,48,23,6,6,6,AT1
C-6975,all,161,67,8265,2317,19,78446,0,0,0,0,0,C,17,Inflammatory monocyte,51,37,7,7,7_2,PatrolMac
C-6976,all,153,70,9212,3373,23,78886,0,0,0,0,0,C,17,Inflammatory monocyte,45,29,3,3,3_4,AdventitialFib
C-6978,all,38,28,7658,3623,36,31470,0,0,0,0,0,C,4,B cell,39,28,9,9,9,Bcell
C-6979,all,191,72,8954,2974,29,86205,0,0,0,0,0,C,14,Alveolar type 2 cell,56,40,3,3,3_2,SMC
C-6980,all,141,61,7438,3532,29,64937,0,0,0,0,0,C,11,Inflammatory monocyte,47,31,1,1,1_4_1,AlveolarFib
C-6981,all,63,36,8509,2515,19,78716,273,0,273,0,1,C,12,CD8+ T cell,58,37,2,2,2_2,InflamMac
C-6982,all,128,40,8108,3326,30,50881,0,0,0,0,0,C,71,B cell,46,13,4,4,4_2,ClubEpi
C-6983,all,214,60,8710,3215,19,71874,0,0,0,0,0,C,126,Secretory cell,52,20,4,4,4_2,ClubEpi
C-6984,all,37,18,9009,3209,39,13035,0,0,0,0,0,C,4,T regulatory cell,41,18,1,1,1_2_1,Tcell (CD4)
C-6986,all,48,28,8155,2120,29,22006,0,0,0,0,0,C,3,Sox9+/Id2+ epithelial cell,48,28,8,8,8_2,InterstitialMac
C-6987,all,132,43,8919,3034,21,49780,0,0,0,0,0,C,8,Sox9+/Id2+ epithelial cell,48,23,7,7,7_3,Tcell (CD8)
C-6988,all,95,46,8330,3149,32,65623,0,0,0,0,0,C,4,Innate lymphoid cell,66,45,7,7,7_2,PatrolMac
C-6989,all,55,31,7707,2964,9,32294,0,0,0,0,0,C,8,Inflammatory monocyte,55,33,2,2,2_5,DC
C-6990,all,174,64,7882,2926,20,109185,0,0,0,0,0,C,44,Secondary crest myofibroblast,49,32,3,3,3_3,AdventitialFib
C-6994,all,171,42,8423,2211,21,76840,0,0,0,0,0,C,109,B cell,51,22,3,3,3_5,SMC
C-6996,all,53,34,9052,3269,18,38719,0,0,0,0,0,C,13,Proliferative mesenchymal progenitor cell,52,34,3,3,3_3,AdventitialFib
C-6997,all,295,91,8970,3081,20,125305,0,0,0,0,0,C,17,B cell,46,32,1,1,1_4_1,AlveolarFib
C-6998,all,59,24,7933,3623,8,14644,0,0,0,0,0,C,30,Secretory cell,54,24,4,4,4_2,ClubEpi
C-6999,all,52,29,8911,2393,37,34088,0,0,0,0,0,C,6,B cell,53,30,1,1,1_4_1,AlveolarFib
C-7001,all,60,30,7884,2124,20,48152,0,0,0,0,0,C,19,CD4+ T cell,54,31,3,3,3_5,SMC
C-7002,all,209,74,8957,2845,16,88992,0,0,0,0,0,C,13,B cell,53,32,1,1,1_4_1,AlveolarFib
C-7003,all,245,78,9185,3520,14,51782,50,50,0,1,0,C,92,Ciliated cell,49,34,4,4,4_1_2,CiliatedEpi
C-7004,all,133,62,7743,3437,22,106206,0,0,0,0,0,C,21,Inflammatory monocyte,43,30,2,2,2_2,InflamMac
C-7006,all,362,73,7894,3611,23,113717,0,0,0,0,0,C,195,Arterial endothelial cell,50,15,4,4,4_2,ClubEpi
C-7007,all,269,43,8526,3221,20,61762,0,0,0,0,0,C,189,Ciliated cell,64,43,4,4,4_2,CiliatedEpi
C-7008,all,49,32,7603,2156,8,41788,0,0,0,0,0,C,4,Arterial endothelial cell,51,33,2,2,2_4,Artery
C-7009,all,147,53,8538,2745,21,88829,0,0,0,0,0,C,15,Inflammatory monocyte,48,25,2,2,2_2,InflamMac
C-7011,all,54,29,7568,3425,13,39283,0,0,0,0,0,C,9,Alveolar fibroblast 1,53,29,1,1,1_5_2,AlveolarFib
C-7013,all,91,39,8101,3223,13,45221,0,0,0,0,0,C,6,Alveolar fibroblast 1,61,39,1,1,1_5_2,AlveolarFib
C-7018,all,38,27,9199,1989,18,40425,0,0,0,0,0,C,9,Inflammatory monocyte,40,27,1,1,1_2_3,Tcell (CD4)
C-7022,all,108,36,8235,2181,24,57633,0,0,0,0,0,C,65,Alveolar type 2 cell,52,25,1,1,1_3,AT2
C-7024,all,65,37,8637,2628,25,38967,0,0,0,0,0,C,14,Alveolar type 2 cell,58,37,2,2,2_1,Capillary
C-7027,all,179,56,7564,3620,14,83122,0,0,0,0,0,C,10,Alveolar macrophage,56,32,1,1,1_6_2,Neutrophil
C-7028,all,50,27,8565,2100,23,31448,0,0,0,0,0,C,9,Alveolar fibroblast 1,50,27,3,3,3_3,AdventitialFib
C-7029,all,20,14,8075,2211,10,17946,0,0,0,0,0,C,6,Secondary crest myofibroblast,38,14,2,2,2_1,Capillary
C-7031,all,189,73,8456,3176,9,70656,0,0,0,0,0,C,16,B cell,53,34,9,9,9,Bcell
C-7032,all,74,29,7711,2163,23,46518,70,0,70,0,1,C,2,Alveolar fibroblast 1,57,30,1,1,1_4_1,AlveolarFib
C-7033,all,57,31,9043,2879,36,26244,0,0,0,0,0,C,3,Alveolar fibroblast 1,55,32,1,1,1_4_1,AlveolarFib
C-7034,all,112,47,7541,3489,19,61789,0,0,0,0,0,C,13,Natural killer cell,47,27,2,2,2_5,DC
C-7035,all,199,36,8018,3429,20,49181,0,0,0,0,0,C,140,Ciliated cell,53,36,4,4,4_2,CiliatedEpi
C-7036,all,114,48,7780,3593,34,46761,0,0,0,0,0,C,19,Alveolar macrophage,48,29,7,7,7_3,Tcell (CD8)
C-7043,all,363,78,8853,3259,21,95913,0,0,0,0,0,C,189,Arterial endothelial cell,52,19,4,4,4_2,ClubEpi
C-7045,all,53,23,7564,3106,13,37835,0,0,0,0,0,C,15,Sox9+/Id2+ epithelial cell,51,23,3,3,3_4,AdventitialFib
C-7046,all,251,41,8014,3382,22,85559,0,0,0,0,0,C,193,Ciliated cell,59,40,4,4,4_2,CiliatedEpi
C-7048,all,210,70,7575,3676,21,108379,0,0,0,0,0,C,16,Proliferative mesenchymal progenitor cell,53,34,1,1,1_2_1,Tcell (CD4)
C-7050,all,128,49,8156,3193,12,65439,52,0,52,0,1,C,2,Alveolar fibroblast 1,46,28,3,3,3_4,AdventitialFib
C-7051,all,206,53,8368,3299,33,60875,0,0,0,0,0,C,108,Endothelial progenitor cell,50,33,4,4,4_2,CiliatedEpi
C-7054,all,47,26,8927,3189,22,24255,0,0,0,0,0,C,15,Secondary crest myofibroblast,48,27,3,3,3_2,SMC
C-7055,all,217,74,8168,2849,27,79598,0,0,0,0,0,C,16,Inflammatory monocyte,48,32,2,2,2_2,InflamMac
C-7057,all,165,66,7898,3165,22,94575,0,0,0,0,0,C,12,Inflammatory monocyte,49,34,3,3,3_1,SMC
C-7059,all,95,44,8585,2792,15,58542,0,0,0,0,0,C,8,Arterial endothelial cell,63,45,2,2,2_4,Artery
C-7060,all,31,16,8592,2122,31,39584,0,0,0,0,0,C,13,Secondary crest myofibroblast,42,17,3,3,3_1,SMC
C-7061,all,48,28,7621,2203,21,42366,0,0,0,0,0,C,13,Alveolar type 2 cell,48,28,1,1,1_1,AT2
C-7062,all,445,110,9264,3585,22,136918,0,0,0,0,0,C,170,Venous endothelial cell,44,33,4,4,4_1_2,CiliatedEpi
C-7066,all,55,31,7484,2926,30,34223,0,0,0,0,0,C,8,Mature DC subset,56,32,1,1,1_4_1,AlveolarFib
C-7067,all,202,55,7834,3793,27,71287,23018,2794,22436,0.110741181,0.889258819,C,101,Endothelial progenitor cell,56,25,4,4,4_2,ClubEpi
C-7068,all,161,60,8653,3093,21,69798,0,0,0,0,0,C,4,CD8+ T cell,48,27,1,1,1_6_2,Neutrophil
C-7069,all,125,64,7888,2428,23,85320,0,0,0,0,0,C,28,B cell,43,30,9,9,9,Bcell
C-7072,all,92,43,9097,2829,19,79014,0,0,0,0,0,C,23,Inflammatory monocyte,59,43,2,2,2_2,InflamMac
C-7073,all,122,54,8218,3125,17,66756,0,0,0,0,0,C,14,B cell,43,27,9,9,9,Bcell
C-7075,all,93,48,8468,2280,17,71144,109,0,109,0,1,C,10,Pericyte,64,48,9,9,9,Bcell
C-7076,all,70,34,8907,3238,22,27471,0,0,0,0,0,C,27,Ciliated cell,56,34,4,4,4_1_1,CiliatedEpi
C-7081,all,173,64,7592,3742,30,70769,0,0,0,0,0,C,9,Alveolar macrophage,55,36,3,3,3_3,AdventitialFib
C-7087,all,348,83,7820,3259,19,146868,0,0,0,0,0,C,143,Alveolar type 2 cell,42,18,1,1,1_1,AT2
C-7089,all,34,22,7950,2441,10,29520,0,0,0,0,0,C,4,CD8+ T cell,42,23,2,2,2_2,InflamMac
C-7094,all,193,67,8171,2579,23,81702,0,0,0,0,0,C,25,Alveolar fibroblast 1,58,39,1,1,1_4_1,AlveolarFib
C-7095,all,128,45,7825,3556,22,97866,0,0,0,0,0,C,20,CD8+ T cell,48,24,7,7,7_3,Tcell (CD8)
C-7098,all,118,35,9108,3388,23,64533,0,0,0,0,0,C,79,Inflammatory monocyte,52,34,4,4,4_2,CiliatedEpi
C-7100,all,144,61,7451,2955,20,81278,0,0,0,0,0,C,9,Innate lymphoid cell,48,29,3,3,3_5,SMC
C-7106,all,117,59,8432,3098,38,78255,0,0,0,0,0,C,12,B cell,43,30,9,9,9,Bcell
C-7108,all,65,29,8203,2265,25,54662,52,0,52,0,1,C,17,Secretory cell,54,29,2,2,2_1,Capillary
C-7109,all,130,58,7699,3510,24,66162,0,0,0,0,0,C,8,B cell,42,29,7,7,7_3,Tcell (CD8)
C-7110,all,166,62,7534,3580,21,79954,0,0,0,0,0,C,8,Alveolar fibroblast 1,50,35,1,1,1_5_2,AlveolarFib
C-7112,all,61,28,7665,2014,9,100567,0,0,0,0,0,C,9,Capillary 2 cell,53,28,9,9,9,Bcell
C-7114,all,130,55,8026,3131,20,65099,0,0,0,0,0,C,18,Capillary 2 cell,44,26,2,2,2_2,InflamMac
C-7115,all,155,54,8168,2615,20,64152,0,0,0,0,0,C,14,Inflammatory monocyte,49,31,1,1,1_4_1,AlveolarFib
C-7116,all,201,74,8285,3348,30,67286,28746,2124,26622,0.073888541,0.926111459,C,39,Secretory cell,57,36,4,4,4_1_2,ClubEpi
C-7118,all,216,36,8288,3245,17,64650,0,0,0,0,0,C,168,Ciliated cell,56,36,4,4,4_2,CiliatedEpi
C-7120,all,79,32,7734,3288,9,39072,0,0,0,0,0,C,5,Inflammatory monocyte,57,34,2,2,2_5,DC
C-7122,all,85,33,8205,2722,5,25385,0,0,0,0,0,C,2,Pericyte,59,33,5,5,5_3,Pericyte
C-7124,all,175,31,7849,2228,14,93928,0,0,0,0,0,C,136,Alveolar fibroblast 1,46,10,1,1,1_1,AT2
C-7126,all,74,18,8686,2036,17,68942,0,0,0,0,0,C,60,CD8+ T cell,52,18,1,1,1_1,AT2
C-7127,all,205,77,7502,3431,33,86210,0,0,0,0,0,C,33,Pericyte,50,31,1,1,1_4_1,AlveolarFib
C-7128,all,147,43,8688,3150,31,50284,0,0,0,0,0,C,81,Ciliated cell,57,43,4,4,4_2,CiliatedEpi
C-7129,all,235,71,8435,3236,23,131649,0,0,0,0,0,C,95,Ciliated cell,47,37,4,4,4_1_2,CiliatedEpi
C-7131,all,99,54,7772,3480,24,55380,0,0,0,0,0,C,9,Inflammatory monocyte,66,51,7,7,7_2,PatrolMac
C-7132,all,100,49,7680,3594,30,54248,0,0,0,0,0,C,7,Innate lymphoid cell,61,45,2,2,2_6,pDC
C-7133,all,161,53,7830,2349,15,79416,0,0,0,0,0,C,13,Alveolar fibroblast 1,50,28,1,1,1_5_2,AlveolarFib
C-7136,all,73,37,8991,3288,31,31247,0,0,0,0,0,C,23,Alveolar macrophage,55,37,3,3,3_3,AdventitialFib
C-7141,all,79,34,8824,2317,35,40466,0,0,0,0,0,C,7,Alveolar macrophage,57,35,3,3,3_5,SMC
C-7143,all,154,60,8955,3030,20,67451,0,0,0,0,0,C,16,Alveolar fibroblast 1,46,27,1,1,1_4_1,AlveolarFib
C-7145,all,129,34,8554,2402,22,50934,0,0,0,0,0,C,69,Alveolar type 2 cell,48,19,2,2,2_2,InflamMac
C-7146,all,136,50,8579,2458,26,73464,0,0,0,0,0,C,60,Proliferative mesenchymal progenitor cell,42,20,9,9,9,Bcell
C-7147,all,65,38,7585,3561,12,44522,0,0,0,0,0,C,5,Alveolar type 1 cell,57,39,1,1,1_4_1,AlveolarFib
C-7149,all,254,85,7716,2861,19,129222,0,0,0,0,0,C,22,Inflammatory monocyte,44,32,2,2,2_2,InflamMac
C-7151,all,119,49,9148,3464,23,61776,0,0,0,0,0,C,45,Ciliated cell,66,48,4,4,4_1_2,CiliatedEpi
C-7155,all,57,26,8767,3142,38,18609,0,0,0,0,0,C,32,Alveolar type 1 cell,54,26,4,4,4_2,ClubEpi
C-7156,all,62,36,7518,2209,10,38032,0,0,0,0,0,C,9,Arterial endothelial cell,55,36,2,2,2_4,Artery
C-7158,all,22,14,9207,3427,40,12934,0,0,0,0,0,C,12,Ciliated cell,30,13,4,4,4_1_2,CiliatedEpi
C-7159,all,21,11,8108,2336,5,15359,0,0,0,0,0,C,7,CD8+ T cell,43,12,2,2,2_2,InflamMac
C-7161,all,22,8,8942,2768,38,10629,0,0,0,0,0,C,15,Sox9+/Id2+ epithelial cell,44,8,1,1,1_1,AT2
C-7162,all,142,50,9172,3490,21,39124,0,0,0,0,0,C,85,Ciliated cell,59,50,4,4,4_2,CiliatedEpi
C-7164,all,188,52,8555,2517,28,88981,0,0,0,0,0,C,107,Secondary crest myofibroblast,53,28,3,3,3_5,SMC
C-7167,all,198,67,8813,2883,21,89169,0,0,0,0,0,C,18,Capillary 2 cell,53,38,2,2,2_2,InflamMac
C-7169,all,150,28,9007,3124,6,31990,0,0,0,0,0,C,107,Ciliated cell,49,27,4,4,4_2,CiliatedEpi
C-7173,all,58,34,7760,2425,21,27272,0,0,0,0,0,C,14,Alveolar type 2 cell,55,34,7,7,7_3,Tcell (CD8)
C-7174,all,73,33,7877,3341,35,67224,0,0,0,0,0,C,2,T regulatory cell,55,34,1,1,1_6_2,Neutrophil
C-7175,all,183,70,8964,2737,30,83395,0,0,0,0,0,C,18,Alveolar fibroblast 2,49,35,3,3,3_3,AdventitialFib
C-7176,all,23,13,7485,2211,9,15608,0,0,0,0,0,C,5,Arterial endothelial cell,42,14,2,2,2_4,Artery
C-7177,all,111,44,8593,2579,18,53860,0,0,0,0,0,C,17,Alveolar type 1 cell,47,23,1,1,1_4_1,AlveolarFib
C-7178,all,111,57,7748,3617,33,64039,0,0,0,0,0,C,3,Sox9+/Id2+ epithelial cell,51,36,8,8,8_2,InterstitialMac
C-7180,all,204,63,8790,2410,18,94532,0,0,0,0,0,C,11,Inflammatory monocyte,52,34,2,2,2_2,InflamMac
C-7183,all,182,47,8483,3216,23,89162,0,0,0,0,0,C,111,Ciliated cell,65,47,4,4,4_2,CiliatedEpi
C-7184,all,110,28,8649,2142,30,72963,0,0,0,0,0,C,71,Alveolar type 2 cell,47,15,3,3,3_5,SMC
C-7187,all,165,59,7667,3076,22,77827,0,0,0,0,0,C,16,Alveolar fibroblast 1,47,28,3,3,3_3,AdventitialFib
C-7188,all,82,40,7962,3381,24,94440,0,0,0,0,0,C,10,Secondary crest myofibroblast,62,41,3,3,3_2,SMC
C-7189,all,75,36,7548,2945,26,48213,0,0,0,0,0,C,24,B cell,57,37,2,2,2_2,InflamMac
C-7191,all,15,9,8228,3155,7,11404,0,0,0,0,0,C,2,T regulatory cell,32,10,1,1,1_6_2,Neutrophil
C-7192,all,112,48,8623,2669,36,73495,0,0,0,0,0,C,2,Alveolar fibroblast 1,44,27,1,1,1_4_1,AlveolarFib
C-7193,all,188,28,8235,3261,24,56568,0,0,0,0,0,C,136,Ciliated cell,53,28,4,4,4_2,CiliatedEpi
C-7195,all,67,35,8973,3270,27,29968,0,0,0,0,0,C,31,Capillary 1 cell,44,35,4,4,4_2,CiliatedEpi
C-7196,all,174,46,8208,3328,29,47649,0,0,0,0,0,C,89,Capillary 1 cell,64,42,4,4,4_2,CiliatedEpi
C-7197,all,195,73,7445,2877,29,87878,0,0,0,0,0,C,13,Classical DC subset 2,52,35,1,1,1_3,AT2
C-7198,all,98,43,7643,3529,28,52762,0,0,0,0,0,C,8,Natural killer cell,61,42,7,7,7_2,PatrolMac
C-7199,all,108,43,8633,2421,9,43545,0,0,0,0,0,C,3,Alveolar type 1 cell,50,29,1,1,1_4_1,AlveolarFib
C-7200,all,80,39,9089,2664,12,43347,0,0,0,0,0,C,6,Alveolar type 1 cell,56,39,6,6,6,AT1
C-7202,all,79,27,9234,3460,39,23297,0,0,0,0,0,C,50,Ciliated cell,42,25,4,4,4_2,CiliatedEpi
C-7204,all,70,35,8551,3096,34,37072,0,0,0,0,0,C,6,B cell,58,35,1,1,1_5_2,AlveolarFib
C-7206,all,44,27,7644,2268,6,26723,0,0,0,0,0,C,4,Pericyte,44,27,5,5,5_3,Pericyte
C-7207,all,126,29,7717,2043,25,77941,0,0,0,0,0,C,81,Alveolar type 2 cell,46,15,1,1,1_1,AT2
C-7210,all,149,70,8517,3146,30,71959,0,0,0,0,0,C,12,Alveolar macrophage,45,31,7,7,7_3,Tcell (CD8)
C-7212,all,118,47,8355,2154,15,89694,0,0,0,0,0,C,16,Capillary 2 cell,47,27,2,2,2_2,InflamMac
C-7215,all,168,35,9089,2524,16,93134,0,0,0,0,0,C,111,Alveolar type 2 cell,50,20,1,1,1_3,AT2
C-7216,all,73,28,8660,2066,19,76987,0,0,0,0,0,C,16,Alveolar fibroblast 1,55,28,1,1,1_5_1,LymphaticEndo
C-7218,all,44,22,8081,3116,17,27003,0,0,0,0,0,C,9,Sox9+/Id2+ epithelial cell,45,22,8,8,8_2,InterstitialMac
C-7219,all,81,39,7655,3681,33,60332,0,0,0,0,0,C,8,Inflammatory monocyte,58,39,9,9,9,Bcell
C-7221,all,471,94,8757,3225,22,127411,0,0,0,0,0,C,253,Ciliated cell,46,33,4,4,4_2,CiliatedEpi
C-7223,all,113,42,7728,3756,32,58178,0,0,0,0,0,C,15,Inflammatory monocyte,51,25,1,1,1_2_3,Tcell (CD4)
C-7226,all,49,24,8877,3192,22,29051,0,0,0,0,0,C,2,Basophil,50,25,2,2,2_5,DC
C-7227,all,132,33,8658,3194,20,36837,0,0,0,0,0,C,98,Ciliated cell,45,32,4,4,4_2,CiliatedEpi
C-7230,all,264,72,9032,3382,19,67344,0,0,0,0,0,C,108,B cell,53,41,4,4,4_2,CiliatedEpi
C-7231,all,313,85,7686,3802,28,121092,0,0,0,0,0,C,13,Alveolar fibroblast 1,49,25,8,8,8_1,AlveolarMac
C-7234,all,107,32,7598,3079,21,66317,0,0,0,0,0,C,70,Alveolar type 2 cell,55,23,1,1,1_1,AT2
C-7241,all,105,56,7582,2215,32,72298,0,0,0,0,0,C,14,Inflammatory monocyte,63,47,2,2,2_1,Capillary
C-7246,all,142,41,7776,2019,32,71652,0,0,0,0,0,C,21,Alveolar type 1 cell,49,24,6,6,6,AT1
C-7247,all,364,63,7854,3661,21,107182,0,0,0,0,0,C,253,Secretory cell,56,16,4,4,4_2,ClubEpi
C-7250,all,41,22,7482,2951,29,26116,0,0,0,0,0,C,4,Alveolar fibroblast 1,43,22,9,9,9,Bcell
C-7253,all,100,39,7637,2231,20,60649,0,0,0,0,0,C,28,Alveolar fibroblast 2,62,36,7,7,7_3,Tcell (CD8)
C-7254,all,54,27,7532,3106,8,39703,0,0,0,0,0,C,12,B cell,52,27,3,3,3_3,AdventitialFib
C-7255,all,82,46,7558,3745,23,48099,50,0,50,0,1,C,4,Sox9+/Id2+ epithelial cell,60,47,1,1,1_6_2,Neutrophil
C-7256,all,140,59,8588,2832,14,62217,0,0,0,0,0,C,4,Inflammatory monocyte,46,29,2,2,2_2,InflamMac
C-7258,all,113,45,7847,3474,15,74312,0,0,0,0,0,C,11,B cell,46,28,2,2,2_2,InflamMac
C-7260,all,29,20,8177,2279,35,21503,0,0,0,0,0,C,7,Alveolar fibroblast 1,41,21,1,1,1_4_3,AlveolarFib
C-7261,all,247,79,9117,3438,22,82776,0,0,0,0,0,C,136,Ciliated cell,42,33,4,4,4_2,CiliatedEpi
C-7262,all,293,65,8931,3292,23,92312,0,0,0,0,0,C,122,Ciliated cell,57,40,4,4,4_2,CiliatedEpi
C-7263,all,140,61,7457,3117,31,88965,0,0,0,0,0,C,21,Sox9+/Id2+ epithelial cell,47,28,8,8,8_1,AlveolarMac
C-7265,all,251,73,8645,2758,16,107236,0,0,0,0,0,C,18,Alveolar type 1 cell,49,32,6,6,6,AT1
C-7266,all,82,38,9003,3311,28,38905,0,0,0,0,0,C,28,Natural killer cell,57,36,4,4,4_1_2,CiliatedEpi
C-7270,all,120,50,7498,2901,30,57776,0,0,0,0,0,C,13,B cell,42,25,2,2,2_2,InflamMac
C-7271,all,78,50,7698,2917,21,53767,0,0,0,0,0,C,11,Inflammatory monocyte,56,50,2,2,2_2,InflamMac
C-7273,all,63,29,8431,2262,14,29735,0,0,0,0,0,C,21,Alveolar type 2 cell,54,29,1,1,1_3,AT2
C-7275,all,75,36,7942,2120,20,39118,0,0,0,0,0,C,5,B cell,56,36,2,2,2_6,pDC
C-7278,all,85,47,7720,2357,15,52482,0,0,0,0,0,C,18,Arterial endothelial cell,64,48,1,1,1_5_1,LymphaticEndo
C-7279,all,91,44,8740,2276,17,71213,0,0,0,0,0,C,24,Inflammatory monocyte,62,44,1,1,1_4_3,AlveolarFib
C-7282,all,49,25,7701,3710,32,22093,0,0,0,0,0,C,4,Inflammatory monocyte,49,25,9,9,9,Bcell
C-7283,all,142,62,8561,2564,22,68612,0,0,0,0,0,C,19,Arterial endothelial cell,44,28,2,2,2_4,Artery
C-7284,all,84,36,8612,3152,24,44523,0,0,0,0,0,C,27,Ciliated cell,58,36,4,4,4_1_2,CiliatedEpi
C-7285,all,140,30,8057,2464,9,52003,0,0,0,0,0,C,101,Alveolar type 2 cell,47,13,1,1,1_3,AT2
C-7286,all,62,28,8677,3118,22,29996,0,0,0,0,0,C,13,Ciliated cell,51,28,4,4,4_1_2,CiliatedEpi
C-7287,all,284,71,8966,3327,14,67522,0,0,0,0,0,C,152,Capillary 1 cell,44,29,4,4,4_2,CiliatedEpi
C-7288,all,223,41,7985,3447,23,69499,0,0,0,0,0,C,154,Mesothelial cell,57,41,4,4,4_2,CiliatedEpi
C-7289,all,186,58,8922,3133,12,71667,0,0,0,0,0,C,81,Inflammatory monocyte,46,30,4,4,4_1_2,CiliatedEpi
C-7291,all,182,75,9225,3501,29,81837,0,0,0,0,0,C,77,Ciliated cell,37,31,4,4,4_1_2,CiliatedEpi
C-7294,all,452,69,7880,3491,21,124823,0,0,0,0,0,C,330,Ciliated cell,52,9,4,4,4_2,ClubEpi
C-7297,all,66,37,7656,2957,33,55976,0,0,0,0,0,C,12,Alveolar fibroblast 2,57,38,1,1,1_4_3,AlveolarFib
C-7298,all,75,36,7676,2170,33,50550,0,0,0,0,0,C,21,CD4+ T cell,54,37,2,2,2_2,InflamMac
C-7302,all,56,31,8137,2606,28,31366,0,0,0,0,0,C,9,Inflammatory monocyte,55,32,3,3,3_1,SMC
C-7304,all,91,44,7903,2377,11,72817,0,0,0,0,0,C,12,Inflammatory monocyte,61,44,3,3,3_4,AdventitialFib
C-7308,all,35,15,7785,3694,30,15753,0,0,0,0,0,C,5,B cell,43,15,3,3,3_2,SMC
C-7309,all,37,21,8136,2644,33,33777,0,0,0,0,0,C,5,Alveolar fibroblast 1,43,22,3,3,3_1,SMC
C-7310,all,125,55,8155,2160,23,61445,0,0,0,0,0,C,21,Proliferative mesenchymal progenitor cell,41,25,1,1,1_4_1,AlveolarFib
C-7311,all,69,19,9192,3468,35,23255,0,0,0,0,0,C,49,Arterial endothelial cell,56,19,4,4,4_2,ClubEpi
C-7312,all,276,77,7795,2394,23,118832,0,0,0,0,0,C,39,CD4+ T cell,47,31,2,2,2_2,InflamMac
C-7314,all,22,10,7935,2515,3,7997,63,0,63,0,1,C,2,Alveolar type 1 cell,40,10,6,6,6,AT1
C-7315,all,193,63,9023,3341,23,79196,0,0,0,0,0,C,73,B cell,46,31,4,4,4_1_2,CiliatedEpi
C-7316,all,143,65,8061,3232,21,49682,0,0,0,0,0,C,15,Interstitial macrophage,40,25,8,8,8_2,InterstitialMac
C-7317,all,48,18,7922,3594,7,10053,0,0,0,0,0,C,30,Ciliated cell,48,18,4,4,4_2,ClubEpi
C-7318,all,47,24,7670,3121,13,37069,0,0,0,0,0,C,3,Endothelial progenitor cell,48,25,1,1,1_5_2,AlveolarFib
C-7320,all,113,41,8651,3152,25,57761,0,0,0,0,0,C,40,Ciliated cell,58,41,4,4,4_1_2,CiliatedEpi
C-7321,all,197,75,8062,2095,24,125955,0,0,0,0,0,C,18,Alveolar type 1 cell,49,34,6,6,6,AT1
C-7324,all,79,42,8978,3248,23,35202,0,0,0,0,0,C,17,Ciliated cell,57,42,4,4,4_1_2,CiliatedEpi
C-7326,all,136,59,8925,2456,33,92098,0,0,0,0,0,C,13,Capillary 1 cell,46,30,2,2,2_3,Vein
C-7330,all,46,23,7617,3541,12,35132,0,0,0,0,0,C,6,Classical DC subset 2,48,24,3,3,3_5,SMC
C-7332,all,30,20,9114,3323,26,19206,0,0,0,0,0,C,9,Alveolar fibroblast 1,41,21,3,3,3_1,SMC
C-7333,all,59,29,7758,2089,18,73796,0,0,0,0,0,C,15,Alveolar type 2 cell,56,30,2,2,2_2,InflamMac
C-7334,all,113,49,8416,2154,20,83447,0,0,0,0,0,C,8,CD4+ T cell,45,27,2,2,2_2,InflamMac
C-7337,all,71,34,8737,3152,34,32927,0,0,0,0,0,C,22,Ciliated cell,53,34,4,4,4_1_2,CiliatedEpi
C-7339,all,115,53,8098,2159,15,80590,0,0,0,0,0,C,15,Alveolar type 1 cell,42,27,3,3,3_1,SMC
C-7340,all,62,35,7542,3772,15,30355,0,0,0,0,0,C,4,B cell,56,35,9,9,9,Bcell
C-7343,all,98,46,8633,2080,19,61362,0,0,0,0,0,C,17,Alveolar type 1 cell,64,43,6,6,6,AT1
C-7345,all,11,4,7768,2923,42,6848,0,0,0,0,0,C,6,Sox9+/Id2+ epithelial cell,37,4,1,1,1_1,AT2
C-7350,all,66,29,7765,3726,29,38672,0,0,0,0,0,C,5,CD4+ T cell,59,29,1,1,1_2_1,Tcell (CD4)
C-7351,all,171,68,8898,3272,22,71304,0,0,0,0,0,C,66,Arterial endothelial cell,39,29,4,4,4_1_2,CiliatedEpi
C-7352,all,33,16,8967,2925,5,15114,0,0,0,0,0,C,8,Natural killer cell,43,17,2,2,2_2,InflamMac
C-7354,all,33,10,8682,2358,7,12254,0,0,0,0,0,C,22,Alveolar type 2 cell,45,10,1,1,1_3,AT2
C-7357,all,41,15,8709,2687,9,23852,0,0,0,0,0,C,26,Alveolar type 2 cell,47,16,2,2,2_2,InflamMac
C-7360,all,87,30,8047,3388,34,40019,0,0,0,0,0,C,60,Ciliated cell,63,30,4,4,4_2,ClubEpi
C-7361,all,24,18,7994,3345,32,26361,0,0,0,0,0,C,2,CD4+ T cell,46,19,3,3,3_1,SMC
C-7368,all,24,20,7897,2160,36,18212,0,0,0,0,0,C,3,Alveolar fibroblast 1,47,21,3,3,3_2,SMC
C-7370,all,55,23,9107,3344,25,34078,0,0,0,0,0,C,15,Alveolar macrophage,52,24,3,3,3_1,SMC
C-7373,all,148,42,8670,3218,15,39275,0,0,0,0,0,C,88,Capillary 1 cell,59,40,4,4,4_2,CiliatedEpi
C-7374,all,131,51,8923,2815,37,32606,0,0,0,0,0,C,3,Proliferative mesenchymal progenitor cell,43,25,2,2,2_6,pDC
C-7380,all,64,22,7911,3500,34,30283,0,0,0,0,0,C,44,Capillary 1 cell,43,20,4,4,4_2,CiliatedEpi
C-7382,all,36,25,8068,2131,21,29617,0,0,0,0,0,C,3,Endothelial progenitor cell,41,25,2,2,2_1,Capillary
C-7383,all,54,25,8628,2380,15,21512,0,0,0,0,0,C,7,Alveolar fibroblast 1,52,25,7,7,7_2,PatrolMac
C-7387,all,32,21,7533,3665,41,14220,0,0,0,0,0,C,6,Proliferative mesenchymal progenitor cell,39,21,3,3,3_3,AdventitialFib
C-7389,all,46,15,8697,2065,10,24786,0,0,0,0,0,C,25,Sox9+/Id2+ epithelial cell,46,14,2,2,2_1,Capillary
C-7390,all,77,37,8831,3207,29,42650,0,0,0,0,0,C,34,Arterial endothelial cell,53,36,4,4,4_1_2,CiliatedEpi
C-7392,all,76,25,9044,3304,31,25028,0,0,0,0,0,C,46,Secondary crest myofibroblast,57,25,4,4,4_2,ClubEpi
C-7394,all,150,18,8138,3296,19,40263,0,0,0,0,0,C,126,Ciliated cell,41,17,4,4,4_2,CiliatedEpi
C-7396,all,103,52,7803,3477,28,90366,0,0,0,0,0,C,11,Innate lymphoid cell,62,44,7,7,7_2,PatrolMac
C-7397,all,98,47,8956,3222,18,47110,0,0,0,0,0,C,27,Secondary crest myofibroblast,63,46,3,3,3_2,SMC
C-7398,all,84,29,8176,3290,19,35901,0,0,0,0,0,C,57,Inflammatory monocyte,36,29,4,4,4_2,CiliatedEpi
C-7399,all,40,18,8603,2086,20,33694,0,0,0,0,0,C,7,Alveolar fibroblast 1,45,19,1,1,1_4_3,AlveolarFib
C-7402,all,189,43,8172,3327,27,49751,0,0,0,0,0,C,126,Pericyte,58,42,4,4,4_2,CiliatedEpi
C-7406,all,60,29,9168,5036,31,70432,0,0,0,0,0,C,4,Neutrophil,57,29,3,3,3_4,AdventitialFib
C-7407,all,160,53,8160,5517,20,70673,0,0,0,0,0,C,8,Inflammatory monocyte,52,31,2,2,2_2,InflamMac
C-7408,all,203,73,8069,4973,26,88590,0,0,0,0,0,C,21,B cell,56,38,1,1,1_5_2,AlveolarFib
C-7409,all,110,50,7500,4642,32,51899,0,0,0,0,0,C,9,CD4+ T cell,59,39,7,7,7_2,PatrolMac
C-7411,all,204,68,7510,4461,24,69592,0,0,0,0,0,C,46,Alveolar fibroblast 1,49,32,2,2,2_2,InflamMac
C-7412,all,198,64,8665,4742,24,59034,0,0,0,0,0,C,17,Natural killer cell,57,33,2,2,2_6,pDC
C-7413,all,187,64,7974,5389,24,84309,0,0,0,0,0,C,10,Mesothelial cell,50,28,1,1,1_6_2,Neutrophil
C-7414,all,312,59,7837,4195,24,113809,309132,148534,160915,0.479995088,0.520004912,C,144,Arterial endothelial cell,50,18,4,4,4_2,CiliatedEpi
C-7415,all,146,63,8115,5526,20,77924,0,0,0,0,0,C,21,Natural killer cell,46,30,7,7,7_2,PatrolMac
C-7416,all,137,58,9237,4497,21,50779,0,0,0,0,0,C,17,Interstitial macrophage,48,31,8,8,8_3,InterstitialMac
C-7418,all,213,82,9135,4900,20,81988,0,0,0,0,0,C,19,Proliferative mesenchymal progenitor cell,55,41,3,3,3_4,AdventitialFib
C-7419,all,171,63,8587,4957,16,65287,0,0,0,0,0,C,23,Inflammatory monocyte,51,35,7,7,7_2,PatrolMac
C-7421,all,235,56,7872,4065,32,77617,201821,5611,196210,0.027801864,0.972198136,C,93,Arterial endothelial cell,53,19,4,4,4_1_2,ClubEpi
C-7422,all,177,71,7646,5440,28,83017,0,0,0,0,0,C,24,B cell,50,35,9,9,9,Bcell
C-7423,all,243,83,7890,4398,27,121636,61,61,0,1,0,C,13,Inflammatory monocyte,46,35,7,7,7_2,PatrolMac
C-7428,all,193,76,8253,5138,24,94930,0,0,0,0,0,C,16,Alveolar fibroblast 2,53,44,3,3,3_3,AdventitialFib
C-7430,all,99,47,7775,4057,22,54624,0,0,0,0,0,C,3,B cell,61,41,1,1,1_2_1,Tcell (CD4)
C-7431,all,101,51,7588,4642,14,58616,51,51,0,1,0,C,14,CD4+ T cell,63,46,7,7,7_2,PatrolMac
C-7432,all,167,58,8473,4988,28,72824,0,0,0,0,0,C,14,Arterial endothelial cell,50,36,2,2,2_4,Artery
C-7433,all,91,45,8161,4474,35,46346,0,0,0,0,0,C,12,Natural killer cell,64,45,7,7,7_2,PatrolMac
C-7435,all,200,66,9045,4564,33,62671,0,0,0,0,0,C,22,Mature DC subset,53,33,1,1,1_2_1,Tcell (CD4)
C-7438,all,67,33,7710,4474,36,40779,0,0,0,0,0,C,11,Natural killer cell,56,33,7,7,7_3,Tcell (CD8)
C-7439,all,57,30,7488,4266,38,29680,0,0,0,0,0,C,11,Alveolar macrophage,56,30,8,8,8_2,InterstitialMac
C-7440,all,319,59,7959,4279,24,115894,267348,104311,164185,0.388501132,0.611498868,C,114,Endothelial progenitor cell,50,12,4,4,4_1_2,ClubEpi
C-7442,all,72,36,7893,5516,10,33168,0,0,0,0,0,C,9,Vascular smooth muscle cell,54,36,3,3,3_6,SCMF
C-7443,all,151,61,7481,3829,33,64079,0,0,0,0,0,C,18,Alveolar fibroblast 2,52,33,3,3,3_4,AdventitialFib
C-7445,all,149,58,8221,4407,25,78511,182,0,182,0,1,C,11,Mature DC subset,52,35,1,1,1_2_1,Tcell (CD4)
C-7447,all,338,92,8402,4301,24,95368,0,0,0,0,0,C,143,Alveolar fibroblast 1,45,21,4,4,4_2,ClubEpi
C-7448,all,60,31,7821,4484,27,38474,0,0,0,0,0,C,10,Inflammatory monocyte,55,31,7,7,7_2,PatrolMac
C-7449,all,71,36,7620,4439,33,48134,0,0,0,0,0,C,12,B cell,58,38,2,2,2_5,DC
C-7451,all,85,44,8436,5188,38,30747,0,0,0,0,0,C,9,Arterial endothelial cell,58,45,2,2,2_4,Artery
C-7452,all,118,56,7517,5122,35,61975,0,0,0,0,0,C,7,Arterial endothelial cell,40,27,2,2,2_5,DC
C-7453,all,103,42,9211,4865,29,78636,0,0,0,0,0,C,11,Alveolar type 2 cell,58,37,1,1,1_3,AT2
C-7456,all,333,85,8553,4491,11,92705,51,0,51,0,1,C,36,CD4+ T cell,50,28,1,1,1_2_1,Tcell (CD4)
C-7458,all,57,24,9233,4333,26,55505,0,0,0,0,0,C,9,Secondary crest myofibroblast,54,25,3,3,3_2,SMC
C-7459,all,98,49,7664,4451,30,81186,0,0,0,0,0,C,13,Proliferative mesenchymal progenitor cell,67,48,7,7,7_3,Tcell (CD8)
C-7460,all,294,100,7718,4112,27,118654,0,0,0,0,0,C,50,Mature DC subset,49,34,1,1,1_2_1,Tcell (CD4)
C-7462,all,149,55,8451,5030,29,58732,0,0,0,0,0,C,14,Alveolar fibroblast 1,50,30,1,1,1_5_2,AlveolarFib
C-7463,all,237,86,7599,4055,24,103897,0,0,0,0,0,C,25,B cell,48,32,7,7,7_3,Tcell (CD8)
C-7464,all,84,37,8827,4410,34,55716,0,0,0,0,0,C,35,CD4+ T cell,55,35,4,4,4_1_2,CiliatedEpi
C-7465,all,126,55,7643,4316,20,56240,0,0,0,0,0,C,9,B cell,42,24,1,1,1_4_1,AlveolarFib
C-7467,all,189,85,7435,3834,23,86162,0,0,0,0,0,C,21,Capillary 1 cell,50,40,1,1,1_4_1,AlveolarFib
C-7468,all,215,69,8230,5655,22,88722,0,0,0,0,0,C,13,Capillary 2 cell,53,34,2,2,2_2,InflamMac
C-7469,all,158,56,8998,4312,22,67933,0,0,0,0,0,C,51,CD4+ T cell,43,27,4,4,4_1_2,CiliatedEpi
C-7473,all,40,23,8365,4339,18,34183,0,0,0,0,0,C,4,Alveolar type 2 cell,41,23,1,1,1_5_2,AlveolarFib
C-7474,all,168,69,7784,4337,23,80429,0,0,0,0,0,C,10,Megakaryocyte/Platelet,50,37,1,1,1_5_2,AlveolarFib
C-7475,all,95,48,8390,5077,37,26396,0,0,0,0,0,C,8,Arterial endothelial cell,66,49,2,2,2_2,InflamMac
C-7478,all,63,36,9148,4617,20,33405,0,0,0,0,0,C,6,Inflammatory monocyte,57,36,8,8,8_1,AlveolarMac
C-7479,all,154,65,8468,4860,27,49063,0,0,0,0,0,C,9,Interstitial macrophage,46,32,8,8,8_2,InterstitialMac
C-7480,all,100,50,8096,5659,21,53498,0,0,0,0,0,C,13,Alveolar fibroblast 1,64,48,2,2,2_2,InflamMac
C-7481,all,181,72,8062,4453,25,82067,50,0,50,0,1,C,20,CD4+ T cell,49,33,8,8,8_2,InterstitialMac
C-7482,all,77,37,8471,4437,5,18783,0,0,0,0,0,C,3,Mature DC subset,58,37,1,1,1_2_1,Tcell (CD4)
C-7483,all,334,94,7933,4668,16,112501,0,0,0,0,0,C,29,Sox9+/Id2+ epithelial cell,50,33,8,8,8_1,AlveolarMac
C-7486,all,73,37,7672,4063,17,30053,0,0,0,0,0,C,11,Interstitial macrophage,55,37,8,8,8_3,InterstitialMac
C-7487,all,80,34,7789,4493,21,49598,0,0,0,0,0,C,4,Inflammatory monocyte,58,35,3,3,3_2,SMC
C-7488,all,227,74,9001,5019,20,91252,0,0,0,0,0,C,21,Interstitial macrophage,53,35,8,8,8_2,InterstitialMac
C-7489,all,56,32,7888,4538,34,19125,0,0,0,0,0,C,6,Alveolar fibroblast 1,54,33,3,3,3_2,SMC
C-7492,all,218,74,9030,4847,20,88379,0,0,0,0,0,C,25,CD8+ T cell,53,35,2,2,2_5,DC
C-7493,all,122,50,7713,4773,25,65542,0,0,0,0,0,C,13,Neutrophil,46,26,2,2,2_2,InflamMac
C-7494,all,236,76,8192,5127,18,102210,0,0,0,0,0,C,51,Alveolar fibroblast 2,51,33,7,7,7_3,Tcell (CD8)
C-7495,all,88,50,8114,4555,34,48034,0,0,0,0,0,C,6,CD4+ T cell,61,49,1,1,1_5_2,AlveolarFib
C-7497,all,122,51,7557,4028,15,58368,0,0,0,0,0,C,12,Inflammatory monocyte,42,23,7,7,7_3,Tcell (CD8)
C-7498,all,49,30,7550,4261,36,34624,0,0,0,0,0,C,9,CD8+ T cell,50,31,3,3,3_5,SMC
C-7500,all,229,52,8060,5553,19,86714,2706,0,2706,0,1,C,124,Alveolar type 2 cell,46,17,1,1,1_1,AT2
C-7503,all,147,66,8221,5186,35,51633,0,0,0,0,0,C,29,Mesothelial cell,50,33,3,3,3_3,AdventitialFib
C-7505,all,63,31,7770,4421,35,44036,0,0,0,0,0,C,3,Alveolar macrophage,56,31,7,7,7_2,PatrolMac
C-7506,all,338,115,7817,4782,20,114444,0,0,0,0,0,C,34,Inflammatory monocyte,43,35,2,2,2_2,InflamMac
C-7507,all,187,80,8057,5440,34,72422,0,0,0,0,0,C,33,Interstitial macrophage,52,37,8,8,8_3,InterstitialMac
C-7508,all,416,103,9224,4228,24,104800,0,0,0,0,0,C,131,Arterial endothelial cell,48,34,4,4,4_1_2,CiliatedEpi
C-7509,all,256,78,7746,4172,23,141049,115,0,115,0,1,C,33,Inflammatory monocyte,43,25,1,1,1_2_1,Tcell (CD4)
C-7510,all,52,27,9178,4560,26,13889,1393,3883,0,1,0,C,7,Venous endothelial cell,54,28,1,1,1_5_2,AlveolarFib
C-7513,all,153,49,7666,5598,28,108539,0,0,0,0,0,C,34,Megakaryocyte/Platelet,48,24,3,3,3_1,SMC
C-7514,all,323,87,8640,4975,22,139489,0,0,0,0,0,C,32,Arterial endothelial cell,49,37,2,2,2_2,InflamMac
C-7515,all,96,51,8348,5291,27,42332,0,0,0,0,0,C,8,Capillary 1 cell,67,50,1,1,1_2_1,Tcell (CD4)
C-7516,all,219,72,8191,4440,22,101355,0,0,0,0,0,C,19,CD4+ T cell,56,44,1,1,1_2_1,Tcell (CD4)
C-7517,all,55,25,7726,5388,11,24926,0,0,0,0,0,C,10,Capillary 1 cell,53,26,1,1,1_4_3,AlveolarFib
C-7520,all,171,72,7698,3853,30,68195,0,0,0,0,0,C,24,Endothelial progenitor cell,50,32,8,8,8_1,AlveolarMac
C-7521,all,160,64,7886,4673,31,44703,54,0,54,0,1,C,18,Mesothelial cell,48,33,3,3,3_3,AdventitialFib
C-7523,all,46,21,8942,5362,7,19042,0,0,0,0,0,C,3,T regulatory cell,47,22,1,1,1_6_2,Neutrophil
C-7524,all,101,52,7816,4650,29,60168,0,0,0,0,0,C,15,CD8+ T cell,63,45,7,7,7_4,PatrolMac
C-7526,all,90,53,7736,3857,30,59100,0,0,0,0,0,C,13,Alveolar macrophage,66,52,1,1,1_2_1,Tcell (CD4)
C-7527,all,69,34,7536,4620,32,34056,0,0,0,0,0,C,4,B cell,55,34,7,7,7_3,Tcell (CD8)
C-7529,all,112,48,8511,5144,25,46165,0,0,0,0,0,C,10,Alveolar fibroblast 2,51,34,3,3,3_2,SMC
C-7530,all,62,37,7994,4475,35,30928,0,0,0,0,0,C,3,Alveolar fibroblast 1,57,37,1,1,1_5_2,AlveolarFib
C-7531,all,85,37,7774,4576,10,31035,0,0,0,0,0,C,19,Inflammatory monocyte,63,38,2,2,2_2,InflamMac
C-7532,all,36,25,7553,5514,17,49634,0,0,0,0,0,C,6,B cell,39,25,3,3,3_3,AdventitialFib
C-7533,all,81,43,9010,5089,9,33850,0,0,0,0,0,C,10,Proliferative mesenchymal progenitor cell,56,43,3,3,3_3,AdventitialFib
C-7534,all,208,87,9099,4877,28,78387,0,0,0,0,0,C,28,Alveolar fibroblast 2,51,37,3,3,3_3,AdventitialFib
C-7535,all,108,44,8375,5268,29,41726,0,0,0,0,0,C,18,Pericyte,48,29,3,3,3_2,SMC
C-7536,all,65,40,8503,4969,35,23346,0,0,0,0,0,C,2,Natural killer cell,59,41,2,2,2_2,InflamMac
C-7537,all,41,27,8390,5021,27,18809,0,0,0,0,0,C,5,B cell,43,28,3,3,3_2,SMC
C-7539,all,207,73,8528,4948,29,78307,0,0,0,0,0,C,26,Arterial endothelial cell,48,34,2,2,2_4,Artery
C-7540,all,53,26,8064,5365,33,44598,0,0,0,0,0,C,5,Alveolar macrophage,51,26,3,3,3_4,AdventitialFib
C-7542,all,163,64,9019,4469,30,74565,0,0,0,0,0,C,11,Inflammatory monocyte,48,30,1,1,1_2_1,Tcell (CD4)
C-7544,all,333,87,8989,4559,28,113815,0,0,0,0,0,C,51,Secretory cell,52,36,1,1,1_2_1,Tcell (CD4)
C-7545,all,50,21,7987,4570,7,24931,0,0,0,0,0,C,6,Arterial endothelial cell,50,21,7,7,7_2,PatrolMac
C-7546,all,146,65,7601,5148,20,61930,0,0,0,0,0,C,21,Ciliated cell,44,29,2,2,2_2,InflamMac
C-7547,all,86,44,8748,4514,22,83905,6589,319,6270,0.048414023,0.951585977,C,21,Inflammatory monocyte,62,44,2,2,2_6,pDC
C-7549,all,162,57,7851,5496,26,92423,0,0,0,0,0,C,11,Pericyte,52,32,2,2,2_6,pDC
C-7550,all,69,41,7822,4533,36,36957,0,0,0,0,0,C,22,Alveolar fibroblast 1,57,42,3,3,3_2,SMC
C-7551,all,107,55,7654,4261,25,60248,0,0,0,0,0,C,14,Sox9+/Id2+ epithelial cell,65,46,7,7,7_3,Tcell (CD8)
C-7554,all,128,56,8724,4448,26,43248,2236,0,2236,0,1,C,17,Interstitial macrophage,47,31,8,8,8_3,InterstitialMac
C-7555,all,74,37,7957,4530,36,26467,0,0,0,0,0,C,2,Alveolar fibroblast 1,58,38,1,1,1_5_2,AlveolarFib
C-7556,all,34,24,8470,5178,36,16713,0,0,0,0,0,C,3,Pericyte,41,25,3,3,3_2,SMC
C-7557,all,170,65,7925,4355,23,137350,43863,36166,7409,0.829971314,0.170028686,C,25,B cell,53,35,2,2,2_2,InflamMac
C-7558,all,135,58,7610,4262,22,51196,0,0,0,0,0,C,19,Secretory cell,42,27,2,2,2_2,InflamMac
C-7559,all,250,68,8671,4298,21,85161,0,0,0,0,0,C,113,Endothelial progenitor cell,52,24,4,4,4_2,ClubEpi
C-7561,all,124,58,7751,5138,17,48781,0,0,0,0,0,C,8,B cell,43,29,1,1,1_3,AT2
C-7562,all,45,24,8582,5022,26,22688,0,0,0,0,0,C,2,Sox9+/Id2+ epithelial cell,47,25,1,1,1_5_2,AlveolarFib
C-7563,all,85,45,7808,4394,35,60499,0,0,0,0,0,C,9,Alveolar fibroblast 1,61,45,3,3,3_3,AdventitialFib
C-7565,all,135,51,7672,5145,20,54237,0,0,0,0,0,C,67,B cell,40,19,2,2,2_2,InflamMac
C-7567,all,77,40,7523,4577,36,32324,0,0,0,0,0,C,13,Natural killer cell,57,40,7,7,7_3,Tcell (CD8)
C-7568,all,385,60,7834,4246,23,141639,389127,23309,365673,0.059923081,0.940076919,C,157,Ciliated cell,50,13,4,4,4_2,CiliatedEpi
C-7572,all,53,32,7556,4690,8,24444,0,0,0,0,0,C,11,Alveolar type 1 cell,53,33,2,2,2_2,InflamMac
C-7574,all,108,51,8366,5042,29,50940,0,0,0,0,0,C,17,B cell,58,37,3,3,3_2,SMC
C-7575,all,54,29,7674,4217,15,31608,0,0,0,0,0,C,7,Natural killer cell,53,29,7,7,7_2,PatrolMac
C-7576,all,297,83,9005,4664,10,82427,50,0,50,0,1,C,41,Mature DC subset,48,28,1,1,1_2_1,Tcell (CD4)
C-7577,all,132,40,7929,4238,28,58135,646,54,592,0.083591331,0.916408669,C,56,B cell,48,15,4,4,4_2,ClubEpi
C-7578,all,142,57,7456,5543,32,74762,0,0,0,0,0,C,11,B cell,46,24,2,2,2_2,InflamMac
C-7579,all,44,28,8133,4366,38,14403,2310,0,2310,0,1,C,3,B cell,44,28,9,9,9,Bcell
C-7580,all,118,45,8366,5158,28,52304,0,0,0,0,0,C,21,Arterial endothelial cell,49,27,2,2,2_2,InflamMac
C-7581,all,243,86,7996,5505,33,86851,0,0,0,0,0,C,51,Alveolar fibroblast 2,44,27,1,1,1_5_1,LymphaticEndo
C-7582,all,113,49,9255,4257,19,50661,0,0,0,0,0,C,51,Arterial endothelial cell,59,47,4,4,4_1_2,CiliatedEpi
C-7584,all,220,82,8070,5501,12,88455,0,0,0,0,0,C,35,Mature DC subset,49,29,3,3,3_5,SMC
C-7585,all,26,16,8511,5109,13,24342,0,0,0,0,0,C,3,Sox9+/Id2+ epithelial cell,44,16,3,3,3_2,SMC
C-7586,all,42,26,7842,5453,14,17187,0,0,0,0,0,C,6,Inflammatory monocyte,43,26,5,5,5_3,Pericyte
C-7588,all,119,47,7837,4034,27,54489,8652,640,8012,0.073971336,0.926028664,C,48,Ciliated cell,64,47,4,4,4_1_2,CiliatedEpi
C-7589,all,129,50,8388,5204,13,63495,0,0,0,0,0,C,6,Sox9+/Id2+ epithelial cell,47,26,2,2,2_2,InflamMac
C-7590,all,58,34,7571,4230,34,33993,0,0,0,0,0,C,7,B cell,56,34,7,7,7_2,PatrolMac
C-7592,all,154,61,7813,5540,24,91972,0,0,0,0,0,C,10,Innate lymphoid cell,47,29,2,2,2_2,InflamMac
C-7594,all,161,59,7731,4684,13,76123,0,0,0,0,0,C,11,B cell,54,39,1,1,1_4_1,AlveolarFib
C-7596,all,154,62,9128,4420,22,99908,0,0,0,0,0,C,15,Proliferative mesenchymal progenitor cell,50,34,3,3,3_5,SMC
C-7600,all,18,14,8908,5055,42,12527,0,0,0,0,0,C,2,Proliferative mesenchymal progenitor cell,37,15,1,1,1_6_2,Neutrophil
C-7601,all,365,102,7922,5315,24,108941,0,0,0,0,0,C,47,B cell,47,30,2,2,2_2,InflamMac
C-7602,all,105,40,7517,4677,18,36869,0,0,0,0,0,C,3,B cell,61,34,9,9,9,Bcell
C-7603,all,138,52,8023,4279,23,51476,404442,12310,394609,0.030251721,0.969748279,C,28,Secretory cell,50,26,4,4,4_1_1,ClubEpi
C-7604,all,36,23,8851,4888,6,14430,0,0,0,0,0,C,2,Mesothelial cell,42,23,7,7,7_3,Tcell (CD8)
C-7606,all,70,30,8823,4888,7,24203,0,0,0,0,0,C,6,Natural killer cell,53,30,7,7,7_2,PatrolMac
C-7610,all,199,68,9037,5015,24,70113,0,0,0,0,0,C,23,CD4+ T cell,53,34,8,8,8_1,AlveolarMac
C-7613,all,82,46,9196,4491,15,45682,0,0,0,0,0,C,6,Interstitial macrophage,63,46,8,8,8_3,InterstitialMac
C-7614,all,79,46,7615,4344,12,37330,0,0,0,0,0,C,17,Inflammatory monocyte,62,46,7,7,7_4,PatrolMac
C-7615,all,88,37,9171,4445,35,42907,0,0,0,0,0,C,8,CD4+ T cell,60,37,1,1,1_2_1,Tcell (CD4)
C-7616,all,210,84,8457,4891,35,55957,0,0,0,0,0,C,25,Interstitial macrophage,47,31,8,8,8_3,InterstitialMac
C-7617,all,381,70,8193,4307,25,127675,25635,9871,17270,0.363693305,0.636306695,C,160,Ciliated cell,55,29,4,4,4_2,CiliatedEpi
C-7619,all,297,35,8044,4314,24,97360,908494,70023,840292,0.076921725,0.923078275,C,98,Alveolar type 1 cell,55,10,4,4,4_1_2,CiliatedEpi
C-7620,all,77,36,7737,5279,17,40043,0,0,0,0,0,C,9,Capillary 2 cell,54,36,2,2,2_6,pDC
C-7622,all,106,54,7446,3871,37,38991,0,0,0,0,0,C,11,Mesothelial cell,62,43,3,3,3_3,AdventitialFib
C-7623,all,37,23,7844,4569,36,14028,0,0,0,0,0,C,6,Sox9+/Id2+ epithelial cell,42,24,3,3,3_2,SMC
C-7624,all,146,63,7891,5483,23,66589,0,0,0,0,0,C,19,Alveolar fibroblast 2,46,31,3,3,3_3,AdventitialFib
C-7625,all,57,34,7770,4237,37,45659,3474,0,3474,0,1,C,4,Natural killer cell,53,34,7,7,7_3,Tcell (CD8)
C-7626,all,97,48,7831,4343,25,62818,0,0,0,0,0,C,8,B cell,65,47,9,9,9,Bcell
C-7628,all,165,68,7552,4656,22,69667,0,0,0,0,0,C,19,CD4+ T cell,48,33,2,2,2_2,InflamMac
C-7630,all,86,29,8801,4354,22,30494,0,0,0,0,0,C,50,Venous endothelial cell,59,29,4,4,4_2,ClubEpi
C-7631,all,213,65,9053,4334,25,103653,0,0,0,0,0,C,102,Secretory cell,53,27,4,4,4_2,ClubEpi
C-7633,all,119,50,7615,4289,12,45405,0,0,0,0,0,C,12,Mesothelial cell,43,25,3,3,3_3,AdventitialFib
C-7635,all,223,73,7713,4411,23,103497,0,0,0,0,0,C,18,B cell,54,37,1,1,1_5_4,pDC
C-7637,all,120,54,9063,4604,23,55123,0,0,0,0,0,C,7,Proliferative mesenchymal progenitor cell,42,24,3,3,3_3,AdventitialFib
C-7640,all,137,44,7743,5599,30,55003,0,0,0,0,0,C,77,Alveolar type 2 cell,41,12,1,1,1_1,AT2
C-7643,all,242,74,8946,4969,19,105870,0,0,0,0,0,C,27,Alveolar fibroblast 2,53,34,3,3,3_3,AdventitialFib
C-7645,all,117,54,8314,5215,26,50279,0,0,0,0,0,C,20,Arterial endothelial cell,45,30,2,2,2_2,InflamMac
C-7646,all,42,24,7554,4411,17,35607,109,0,109,0,1,C,8,CD4+ T cell,42,24,1,1,1_5_2,AlveolarFib
C-7650,all,92,43,7720,3975,29,41807,50,0,50,0,1,C,8,Alveolar fibroblast 2,62,43,3,3,3_2,SMC
C-7651,all,120,46,8985,4895,8,53706,2706,51,2655,0.018847007,0.981152993,C,6,Proliferative mesenchymal progenitor cell,48,25,3,3,3_3,AdventitialFib
C-7652,all,169,61,8762,4403,21,66986,0,0,0,0,0,C,39,Alveolar macrophage,51,31,4,4,4_1_3,CiliatedEpi
C-7653,all,189,64,7754,4354,27,87251,0,0,0,0,0,C,21,Capillary 2 cell,55,39,2,2,2_2,InflamMac
C-7654,all,137,64,8585,4914,20,56905,0,0,0,0,0,C,17,Vascular smooth muscle cell,44,26,3,3,3_2,SMC
C-7656,all,40,24,8405,5005,25,18461,0,0,0,0,0,C,5,Endothelial progenitor cell,43,25,3,3,3_2,SMC
C-7657,all,75,33,8322,4338,26,45516,0,0,0,0,0,C,10,B cell,59,34,3,3,3_2,SMC
C-7659,all,428,117,8923,4692,21,141060,215761,445,215316,0.002062467,0.997937533,C,72,Proliferative mesenchymal progenitor cell,44,33,3,3,3_3,AdventitialFib
C-7660,all,167,58,7641,5134,23,60708,0,0,0,0,0,C,72,Alveolar type 2 cell,48,29,9,9,9,Bcell
C-7661,all,179,59,7820,5331,15,63603,0,0,0,0,0,C,16,Alveolar fibroblast 2,55,39,2,2,2_2,InflamMac
C-7663,all,75,21,7808,4014,22,26128,19410,1175,18392,0.060050084,0.939949916,C,49,Capillary 1 cell,37,20,4,4,4_2,CiliatedEpi
C-7664,all,217,77,8600,5050,25,103004,0,0,0,0,0,C,21,Arterial endothelial cell,49,35,2,2,2_2,InflamMac
C-7666,all,63,34,9015,4405,30,63362,0,0,0,0,0,C,15,Alveolar fibroblast 1,57,34,3,3,3_1,SMC
C-7667,all,122,65,7553,4577,33,56210,0,0,0,0,0,C,12,Innate lymphoid cell,38,27,7,7,7_2,PatrolMac
C-7668,all,58,35,7884,4578,30,26465,0,0,0,0,0,C,5,CD4+ T cell,55,35,7,7,7_3,Tcell (CD8)
C-7670,all,166,62,7853,4440,22,76350,0,0,0,0,0,C,19,Inflammatory monocyte,46,26,9,9,9,Bcell
C-7671,all,99,42,8495,5049,16,37841,0,0,0,0,0,C,7,Inflammatory monocyte,58,31,3,3,3_1,SMC
C-7673,all,308,76,8776,4339,26,108298,0,0,0,0,0,C,134,Ciliated cell,56,36,4,4,4_2,CiliatedEpi
C-7674,all,19,14,7529,4034,10,16204,0,0,0,0,0,C,2,Natural killer cell,38,14,7,7,7_3,Tcell (CD8)
C-7678,all,44,32,9263,4574,39,25287,0,0,0,0,0,C,10,Proliferative mesenchymal progenitor cell,44,32,3,3,3_3,AdventitialFib
C-7679,all,188,68,7538,3857,28,90028,0,0,0,0,0,C,19,Proliferative mesenchymal progenitor cell,58,39,1,1,1_5_2,AlveolarFib
C-7681,all,54,24,9193,4395,37,28712,0,0,0,0,0,C,14,Secondary crest myofibroblast,52,25,3,3,3_2,SMC
C-7683,all,69,34,9084,4951,33,32139,0,0,0,0,0,C,8,Mature DC subset,55,34,3,3,3_3,AdventitialFib
C-7686,all,154,67,8028,5402,35,50756,0,0,0,0,0,C,19,Interstitial macrophage,49,36,8,8,8_3,InterstitialMac
C-7687,all,48,28,8496,5170,36,23258,0,0,0,0,0,C,7,Pericyte,48,28,5,5,5_3,Pericyte
C-7688,all,84,48,8372,5128,35,34024,0,0,0,0,0,C,8,Arterial endothelial cell,62,48,2,2,2_2,InflamMac
C-7689,all,34,20,8537,5111,16,25810,0,0,0,0,0,C,5,Pulmonary neuroendocrine cell,44,20,3,3,3_2,SMC
C-7690,all,136,48,8270,5251,25,66709,0,0,0,0,0,C,18,Secondary crest myofibroblast,49,27,3,3,3_2,SMC
C-7691,all,141,47,8686,5015,20,90073,0,0,0,0,0,C,25,Vascular smooth muscle cell,53,28,3,3,3_2,SMC
C-7692,all,156,55,9084,4537,32,54083,0,0,0,0,0,C,21,CD8+ T cell,52,31,1,1,1_2_1,Tcell (CD4)
C-7694,all,107,46,7580,4078,17,48772,0,0,0,0,0,C,14,B cell,59,37,7,7,7_3,Tcell (CD8)
C-7696,all,47,31,7576,4392,13,41344,0,0,0,0,0,C,8,CD4+ T cell,47,31,7,7,7_2,PatrolMac
C-7699,all,113,41,8661,4790,19,53246,0,0,0,0,0,C,8,Inflammatory monocyte,48,23,2,2,2_6,pDC
C-7701,all,301,85,8499,4273,25,99755,0,0,0,0,0,C,154,Secretory cell,48,22,4,4,4_2,ClubEpi
C-7702,all,202,80,7868,4607,23,82508,0,0,0,0,0,C,19,Sox9+/Id2+ epithelial cell,56,46,2,2,2_5,DC
C-7703,all,119,45,7572,5585,18,80697,0,0,0,0,0,C,6,CD8+ T cell,46,27,2,2,2_2,InflamMac
C-7704,all,115,56,7680,4127,23,60182,0,0,0,0,0,C,6,Inflammatory monocyte,48,34,1,1,1_2_1,Tcell (CD4)
C-7706,all,413,111,8183,4714,18,124917,0,0,0,0,0,C,35,Alveolar macrophage,44,31,2,2,2_5,DC
C-7708,all,111,38,8623,4336,30,36382,0,0,0,0,0,C,57,Secretory cell,53,21,4,4,4_2,ClubEpi
C-7709,all,96,42,8293,5311,30,54370,0,0,0,0,0,C,7,Vascular smooth muscle cell,62,41,3,3,3_2,SMC
C-7711,all,76,33,7567,4348,11,35003,54,0,54,0,1,C,9,CD8+ T cell,54,33,7,7,7_4,PatrolMac
C-7712,all,390,88,8599,4312,21,124914,0,0,0,0,0,C,216,Alveolar fibroblast 1,49,36,4,4,4_2,CiliatedEpi
C-7714,all,152,69,8820,4461,29,76263,0,0,0,0,0,C,16,Alveolar fibroblast 2,49,36,3,3,3_3,AdventitialFib
C-7715,all,150,53,8672,5064,26,84229,0,0,0,0,0,C,17,Secondary crest myofibroblast,50,30,3,3,3_2,SMC
C-7716,all,234,94,7786,4696,15,100069,0,0,0,0,0,C,20,CD8+ T cell,47,39,7,7,7_2,PatrolMac
C-7717,all,403,60,8146,4319,24,124951,210472,64413,150271,0.300036332,0.699963668,C,218,Capillary 1 cell,49,18,4,4,4_2,CiliatedEpi
C-7718,all,192,44,8109,4334,24,71006,62040,25310,36952,0.406507982,0.593492018,C,91,Arterial endothelial cell,48,25,4,4,4_2,CiliatedEpi
C-7719,all,41,25,7673,5364,30,14762,0,0,0,0,0,C,3,Neutrophil,44,25,1,1,1_6_2,Neutrophil
C-7720,all,91,46,7974,4417,33,65354,0,0,0,0,0,C,8,T regulatory cell,63,45,1,1,1_5_2,AlveolarFib
C-7722,all,51,31,8648,4387,19,34090,0,0,0,0,0,C,6,Capillary 1 cell,51,32,2,2,2_1,Capillary
C-7723,all,111,48,8308,5081,21,48004,0,0,0,0,0,C,14,Vascular smooth muscle cell,46,24,3,3,3_2,SMC
C-7724,all,43,28,8285,4415,38,19556,0,0,0,0,0,C,10,Mesothelial cell,43,28,7,7,7_3,Tcell (CD8)
C-7725,all,147,59,9076,5014,35,48371,0,0,0,0,0,C,26,Interstitial macrophage,50,35,8,8,8_3,InterstitialMac
C-7727,all,271,88,7654,3917,24,126399,0,0,0,0,0,C,16,Sox9+/Id2+ epithelial cell,44,27,3,3,3_3,AdventitialFib
C-7729,all,31,19,8114,4516,36,24221,0,0,0,0,0,C,3,CD4+ T cell,40,19,1,1,1_2_1,Tcell (CD4)
C-7730,all,136,50,7748,4622,13,69175,0,0,0,0,0,C,8,CD4+ T cell,48,26,2,2,2_2,InflamMac
C-7732,all,115,54,7689,5400,30,63977,0,0,0,0,0,C,25,Natural killer cell,45,29,2,2,2_5,DC
C-7734,all,284,91,7522,3934,19,117141,0,0,0,0,0,C,33,CD8+ T cell,48,31,2,2,2_6,pDC
C-7735,all,182,47,7839,3913,30,71836,86744,34922,58475,0.373909226,0.626090774,C,95,Ciliated cell,53,16,4,4,4_2,ClubEpi
C-7736,all,312,86,8324,5041,21,114088,0,0,0,0,0,C,46,Secondary crest myofibroblast,50,31,3,3,3_2,SMC
C-7737,all,176,67,9120,4555,19,99386,0,0,0,0,0,C,17,B cell,49,34,9,9,9,Bcell
C-7738,all,57,26,9141,4375,31,51401,0,0,0,0,0,C,24,Alveolar fibroblast 1,55,27,3,3,3_2,SMC
C-7739,all,24,15,7589,5527,26,20848,0,0,0,0,0,C,9,B cell,44,16,2,2,2_2,InflamMac
C-7740,all,54,32,7538,4384,26,22750,0,0,0,0,0,C,9,CD4+ T cell,54,32,1,1,1_5_2,AlveolarFib
C-7741,all,317,61,7990,4310,23,109158,258493,144958,112173,0.563751551,0.436248449,C,97,Ciliated cell,51,12,4,4,4_1_2,ClubEpi
C-7742,all,196,83,7631,4009,29,76416,0,0,0,0,0,C,26,Interstitial macrophage,51,35,8,8,8_3,InterstitialMac
C-7746,all,40,26,7787,5286,15,18433,0,0,0,0,0,C,3,Alveolar fibroblast 1,43,26,3,3,3_4,AdventitialFib
C-7747,all,473,94,8856,4634,23,147973,55,0,55,0,1,C,51,CD4+ T cell,54,34,1,1,1_2_1,Tcell (CD4)
C-7750,all,181,68,7932,4448,24,102646,0,0,0,0,0,C,14,CD4+ T cell,51,34,1,1,1_2_1,Tcell (CD4)
C-7752,all,172,63,7678,5298,23,83668,0,0,0,0,0,C,27,Inflammatory monocyte,46,27,2,2,2_6,pDC
C-7756,all,184,65,7457,5089,23,115217,0,0,0,0,0,C,19,Inflammatory monocyte,53,32,2,2,2_2,InflamMac
C-7757,all,403,75,8451,4301,25,133685,0,0,0,0,0,C,207,Secretory cell,50,18,4,4,4_2,ClubEpi
C-7758,all,147,56,8337,5326,33,53823,0,0,0,0,0,C,17,Secondary crest myofibroblast,48,27,3,3,3_2,SMC
C-7759,all,128,52,8313,5113,22,68325,0,0,0,0,0,C,18,Inflammatory monocyte,46,28,3,3,3_2,SMC
C-7760,all,287,86,7849,5410,25,111186,0,0,0,0,0,C,140,Alveolar type 2 cell,40,19,1,1,1_1,AT2
C-7762,all,146,58,8625,4919,20,65880,0,0,0,0,0,C,14,Vascular smooth muscle cell,50,25,3,3,3_2,SMC
C-7764,all,268,97,8008,4636,24,120700,0,0,0,0,0,C,34,Alveolar fibroblast 2,48,38,3,3,3_3,AdventitialFib
C-7766,all,93,48,8287,5179,28,47050,0,0,0,0,0,C,12,Secondary crest myofibroblast,64,47,3,3,3_2,SMC
C-7768,all,178,67,8024,4392,28,95164,0,0,0,0,0,C,19,CD8+ T cell,52,32,7,7,7_3,Tcell (CD8)
C-7770,all,138,51,7745,5185,12,59056,0,0,0,0,0,C,7,Inflammatory monocyte,53,32,2,2,2_6,pDC
C-7771,all,302,62,8245,4299,25,115597,17522,13611,2244,0.85846736,0.14153264,C,148,Secretory cell,51,16,4,4,4_2,ClubEpi
C-7772,all,130,55,9206,4548,27,59333,90434,4113,83945,0.046707852,0.953292148,C,13,Alveolar fibroblast 1,45,27,1,1,1_2_1,Tcell (CD4)
C-7773,all,19,15,8602,5130,38,10698,0,0,0,0,0,C,3,Innate lymphoid cell,40,16,3,3,3_2,SMC
C-7774,all,112,36,7835,4111,28,41373,153440,13457,77705,0.147616331,0.852383669,C,42,Ciliated cell,61,34,4,4,4_1_2,CiliatedEpi
C-7775,all,105,43,7751,5352,14,48522,0,0,0,0,0,C,18,B cell,56,33,3,3,3_5,SMC
C-7776,all,47,29,7592,4360,13,31898,0,0,0,0,0,C,20,CD8+ T cell,47,29,7,7,7_4,PatrolMac
C-7778,all,195,75,8427,5633,14,74537,0,0,0,0,0,C,22,Interstitial macrophage,57,46,8,8,8_3,InterstitialMac
C-7779,all,233,90,8759,4675,38,55387,0,0,0,0,0,C,34,Mesothelial cell,51,38,3,3,3_3,AdventitialFib
C-7780,all,162,62,9191,4787,34,76083,0,0,0,0,0,C,16,Alveolar fibroblast 2,51,32,3,3,3_4,AdventitialFib
C-7783,all,111,54,7916,4584,34,44346,0,0,0,0,0,C,14,Natural killer cell,47,26,7,7,7_3,Tcell (CD8)
C-7784,all,131,48,9168,4691,14,50130,0,0,0,0,0,C,11,CD4+ T cell,50,27,1,1,1_2_1,Tcell (CD4)
C-7785,all,36,20,9179,4608,26,21142,0,0,0,0,0,C,2,CD4+ T cell,40,20,1,1,1_2_1,Tcell (CD4)
C-7786,all,80,37,8272,4347,35,33492,0,0,0,0,0,C,6,Alveolar fibroblast 1,60,38,3,3,3_2,SMC
C-7787,all,129,52,7716,3915,15,59648,0,0,0,0,0,C,8,Alveolar fibroblast 1,47,28,1,1,1_5_2,AlveolarFib
C-7789,all,157,55,8165,4534,8,53887,0,0,0,0,0,C,9,B cell,48,26,9,9,9,Bcell
C-7790,all,100,42,9075,4398,28,87343,0,0,0,0,0,C,35,Alveolar fibroblast 1,60,38,3,3,3_2,SMC
C-7792,all,110,49,8714,5037,34,53565,0,0,0,0,0,C,15,Alveolar macrophage,53,32,3,3,3_2,SMC
C-7793,all,229,81,8084,4406,30,85745,19797,378,19419,0.019093802,0.980906198,C,21,Alveolar macrophage,50,30,3,3,3_2,SMC
C-7794,all,60,33,8022,4469,35,27825,0,0,0,0,0,C,3,Endothelial progenitor cell,56,33,8,8,8_2,InterstitialMac
C-7797,all,195,62,8161,4402,28,99854,0,0,0,0,0,C,12,Secondary crest myofibroblast,59,37,9,9,9,Bcell
C-7802,all,449,104,8928,4580,20,148316,100,0,100,0,1,C,32,B cell,54,41,1,1,1_2_1,Tcell (CD4)
C-7803,all,197,32,7836,3873,26,68276,246173,117402,103967,0.530345261,0.469654739,C,107,Arterial endothelial cell,60,15,4,4,4_2,ClubEpi
C-7804,all,47,25,7773,4470,22,34437,0,0,0,0,0,C,5,Natural killer cell,47,25,7,7,7_3,Tcell (CD8)
C-7805,all,198,77,9145,4659,27,68518,0,0,0,0,0,C,29,Secondary crest myofibroblast,52,37,3,3,3_3,AdventitialFib
C-7807,all,228,90,7689,3952,25,92156,0,0,0,0,0,C,28,Pericyte,49,36,3,3,3_5,SMC
C-7808,all,47,22,9178,4636,19,18159,0,0,0,0,0,C,5,Proliferative mesenchymal progenitor cell,47,22,3,3,3_3,AdventitialFib
C-7810,all,349,96,7555,4490,26,120452,0,0,0,0,0,C,28,Inflammatory monocyte,44,27,1,1,1_4_1,AlveolarFib
C-7811,all,75,31,8546,5075,26,43003,0,0,0,0,0,C,13,CD8+ T cell,55,32,2,2,2_2,InflamMac
C-7812,all,271,89,7778,4858,22,97978,0,0,0,0,0,C,28,Alveolar fibroblast 1,48,31,3,3,3_2,SMC
C-7815,all,145,63,8767,4439,22,68331,0,0,0,0,0,C,15,Alveolar fibroblast 2,53,34,3,3,3_3,AdventitialFib
C-7817,all,260,89,7719,4032,20,117437,0,0,0,0,0,C,35,CD8+ T cell,44,24,2,2,2_2,InflamMac
C-7818,all,77,41,8306,4430,38,28129,0,0,0,0,0,C,10,Mesothelial cell,59,41,3,3,3_3,AdventitialFib
C-7819,all,150,65,9071,4658,22,113453,0,0,0,0,0,C,16,Inflammatory monocyte,46,31,1,1,1_2_1,Tcell (CD4)
C-7820,all,39,21,8723,4395,39,17674,0,0,0,0,0,C,13,Alveolar type 2 cell,41,20,4,4,4_1_2,CiliatedEpi
C-7823,all,55,36,8092,4361,35,19930,302,0,302,0,1,C,3,Alveolar fibroblast 1,57,36,1,1,1_5_1,LymphaticEndo
C-7825,all,119,53,8326,5145,23,56783,0,0,0,0,0,C,6,Arterial endothelial cell,44,26,2,2,2_2,InflamMac
C-7826,all,166,74,7664,4155,21,85047,170795,103841,4680,0.956874706,0.043125294,C,15,CD4+ T cell,46,35,7,7,7_2,PatrolMac
C-7828,all,119,54,9066,4920,29,66979,0,0,0,0,0,C,8,Proliferative mesenchymal progenitor cell,45,28,8,8,8_1,AlveolarMac
C-7829,all,122,51,8315,5244,21,50833,0,0,0,0,0,C,13,Capillary 1 cell,43,24,3,3,3_2,SMC
C-7831,all,33,16,8874,4697,4,7879,0,0,0,0,0,C,8,Secretory cell,41,16,1,1,1_2_3,Tcell (CD4)
C-7832,all,49,32,7570,4448,38,16422,0,0,0,0,0,C,11,B cell,49,32,9,9,9,Bcell
C-7836,all,83,43,7910,5465,37,40170,0,0,0,0,0,C,7,Venous endothelial cell,61,44,1,1,1_6_2,Neutrophil
C-7839,all,132,54,9240,4545,32,53526,2377,52,2211,0.022978347,0.977021653,C,25,Mature DC subset,44,26,1,1,1_2_1,Tcell (CD4)
C-7843,all,436,81,8832,4361,21,136233,0,0,0,0,0,C,245,Neutrophil,52,20,4,4,4_2,ClubEpi
C-7844,all,62,34,8292,5270,19,39288,0,0,0,0,0,C,8,Airway smooth muscle cell,57,35,3,3,3_2,SMC
C-7846,all,47,24,7752,5314,15,21643,0,0,0,0,0,C,5,Inflammatory monocyte,47,24,8,8,8_2,InterstitialMac
C-7849,all,139,55,7861,4647,17,49476,0,0,0,0,0,C,8,Proliferative mesenchymal progenitor cell,46,25,3,3,3_3,AdventitialFib
C-7851,all,89,53,7742,4298,34,40346,0,0,0,0,0,C,7,Alveolar fibroblast 1,63,51,1,1,1_5_2,AlveolarFib
C-7852,all,195,77,7814,4308,20,108085,4252,0,4252,0,1,C,21,Secondary crest myofibroblast,52,39,3,3,3_3,AdventitialFib
C-7855,all,57,30,8291,5646,33,24879,0,0,0,0,0,C,7,CD4+ T cell,53,31,1,1,1_4_3,AlveolarFib
C-7860,all,95,44,8659,4925,20,48569,0,0,0,0,0,C,11,Vascular smooth muscle cell,61,44,3,3,3_2,SMC
C-7862,all,63,35,7930,4424,17,26426,0,0,0,0,0,C,3,Alveolar macrophage,56,36,3,3,3_2,SMC
C-7863,all,19,11,7328,4517,20,14868,0,0,0,0,0,C,4,Pericyte,37,11,1,1,1_5_1,LymphaticEndo
C-7865,all,87,38,7764,4014,25,42386,0,0,0,0,0,C,8,Airway smooth muscle cell,62,38,3,3,3_2,SMC
C-7866,all,12,10,9096,4476,3,8119,0,0,0,0,0,C,2,Mesothelial cell,31,10,3,3,3_3,AdventitialFib
C-7869,all,33,20,9078,4439,20,12725,0,0,0,0,0,C,5,Alveolar fibroblast 2,42,21,3,3,3_2,SMC
C-7872,all,37,24,7780,5320,12,15733,0,0,0,0,0,C,5,B cell,39,24,9,9,9,Bcell
C-7876,all,17,13,8348,5107,38,11641,0,0,0,0,0,C,2,Arterial endothelial cell,39,14,2,2,2_4,Artery
C-7882,all,75,31,7850,4304,20,37132,18641,0,18641,0,1,C,5,Alveolar fibroblast 1,55,31,7,7,7_3,Tcell (CD8)
C-7883,all,63,42,7782,4638,23,31205,0,0,0,0,0,C,8,CD8+ T cell,57,42,7,7,7_2,PatrolMac
C-7886,all,95,50,7847,4471,28,43101,0,0,0,0,0,C,15,Alveolar type 1 cell,63,49,1,1,1_5_2,AlveolarFib
C-7887,all,68,35,7856,4545,36,22644,0,0,0,0,0,C,31,Alveolar type 1 cell,58,35,1,1,1_1,AT2
C-7888,all,47,28,7683,4254,19,26976,0,0,0,0,0,C,3,Natural killer cell,47,28,7,7,7_3,Tcell (CD8)
C-7889,all,38,22,8396,5272,40,11120,0,0,0,0,0,C,8,Secondary crest myofibroblast,42,23,3,3,3_2,SMC
C-7892,all,22,16,8580,6861,26,71473,0,0,0,0,0,C,6,Capillary 1 cell,40,16,3,3,3_6,SCMF
C-7893,all,66,36,8222,5742,12,47510,0,0,0,0,0,C,3,Sox9+/Id2+ epithelial cell,56,37,3,3,3_2,SMC
C-7894,all,14,12,8402,6593,32,33464,0,0,0,0,0,C,2,Alveolar type 1 cell,29,12,6,6,6,AT1
C-7896,all,47,23,8109,6873,24,66729,0,0,0,0,0,C,6,Capillary 1 cell,47,23,2,2,2_3,Vein
C-7898,all,72,36,8982,6331,28,82007,0,0,0,0,0,C,13,Capillary 1 cell,54,38,2,2,2_5,DC
C-7899,all,169,62,8816,5866,24,107968,0,0,0,0,0,C,10,Mesothelial cell,46,28,3,3,3_3,AdventitialFib
C-7902,all,120,27,8753,6162,12,60523,0,0,0,0,0,C,66,AT1/AT2,48,15,1,1,1_1,AT2
C-7903,all,138,28,8431,6163,18,64764,61283,37845,28081,0.574052726,0.425947274,C,56,Alveolar type 2 cell,49,10,1,1,1_1,AT2
C-7904,all,100,46,7440,7114,16,82657,0,0,0,0,0,C,19,Sox9+/Id2+ epithelial cell,65,43,2,2,2_5,DC
C-7906,all,13,9,8722,6725,35,43916,0,0,0,0,0,C,2,Basophil,32,11,2,2,2_5,DC
C-7907,all,126,51,7599,6379,20,90139,0,0,0,0,0,C,44,Alveolar type 2 cell,40,21,1,1,1_1,AT2
C-7908,all,79,43,8295,5675,17,60840,0,0,0,0,0,C,3,B cell,59,43,9,9,9,Bcell
C-7909,all,90,28,7630,6388,24,47485,0,0,0,0,0,C,51,Alveolar type 2 cell,56,28,3,3,3_1,SMC
C-7911,all,41,26,8436,6607,18,56640,0,0,0,0,0,C,5,Inflammatory monocyte,42,26,1,1,1_3,AT2
C-7912,all,98,45,7561,5679,28,95108,0,0,0,0,0,C,9,Natural killer cell,62,42,2,2,2_2,InflamMac
C-7913,all,14,13,8845,6866,29,41392,0,0,0,0,0,C,3,B cell,27,13,1,1,1_3,AT2
C-7914,all,30,10,8832,6631,23,40714,0,0,0,0,0,C,22,Alveolar type 2 cell,43,10,1,1,1_1,AT2
C-7917,all,56,23,9204,6872,32,73387,0,0,0,0,0,C,35,Alveolar type 2 cell,52,23,1,1,1_1,AT2
C-7918,all,159,41,8453,6286,7,35915,104737,77604,36084,0.682605024,0.317394976,C,23,Alveolar type 2 cell,51,15,1,1,1_3,AT2
C-7922,all,29,20,7596,6782,17,65924,0,0,0,0,0,C,5,Inflammatory monocyte,42,19,2,2,2_1,Capillary
C-7923,all,49,23,9031,6492,22,90509,0,0,0,0,0,C,4,Natural killer cell,53,24,2,2,2_2,InflamMac
C-7926,all,13,8,8847,6691,19,44608,0,0,0,0,0,C,7,Alveolar type 2 cell,35,9,2,2,2_2,InflamMac
C-7927,all,54,24,8244,6037,8,32401,0,0,0,0,0,C,6,B cell,54,24,2,2,2_6,pDC
C-7928,all,152,56,8020,6739,24,110443,420,0,420,0,1,C,40,Alveolar fibroblast 1,45,24,3,3,3_1,SMC
C-7929,all,26,16,8471,6597,13,34606,0,0,0,0,0,C,5,Alveolar fibroblast 1,44,17,3,3,3_1,SMC
C-7930,all,123,50,8528,6589,32,68715,0,0,0,0,0,C,8,Sox9+/Id2+ epithelial cell,41,22,6,6,6,AT1
C-7931,all,13,4,9243,6779,10,14194,0,0,0,0,0,C,8,Sox9+/Id2+ epithelial cell,36,4,1,1,1_1,AT2
C-7932,all,11,9,8946,6842,28,43232,0,0,0,0,0,C,3,Alveolar fibroblast 1,29,10,3,3,3_1,SMC
C-7933,all,72,41,8588,5795,33,61153,0,0,0,0,0,C,7,Alveolar fibroblast 2,53,41,5,5,5_3,Pericyte
C-7935,all,18,13,8923,6530,10,36846,0,0,0,0,0,C,3,Pericyte,36,13,5,5,5_3,Pericyte
C-7936,all,40,23,8837,6496,13,43411,60,0,60,0,1,C,2,Alveolar fibroblast 1,42,23,2,2,2_3,Vein
C-7938,all,21,16,8404,6930,36,63827,0,0,0,0,0,C,10,Pericyte,39,16,5,5,5_1,Pericyte
C-7942,all,97,43,8526,6096,27,59778,0,0,0,0,0,C,5,Capillary 1 cell,62,41,2,2,2_3,Vein
C-7944,all,35,23,7566,6487,9,25931,0,0,0,0,0,C,3,Natural killer cell,40,23,2,2,2_1,Capillary
C-7945,all,95,48,9128,5837,32,72106,0,0,0,0,0,C,8,Alveolar macrophage,65,47,8,8,8_1,AlveolarMac
C-7948,all,19,12,7635,6900,22,40438,0,0,0,0,0,C,2,Endothelial progenitor cell,38,11,2,2,2_1,Capillary
C-7949,all,101,32,8114,6950,31,87826,0,0,0,0,0,C,69,Alveolar type 2 cell,59,28,1,1,1_1,AT2
C-7951,all,36,17,8705,5936,6,31001,0,0,0,0,0,C,4,B cell,44,17,2,2,2_6,pDC
C-7953,all,73,34,8204,6149,11,64042,0,0,0,0,0,C,6,Inflammatory monocyte,55,34,2,2,2_1,Capillary
C-7954,all,63,32,8693,5882,23,51167,0,0,0,0,0,C,7,Natural killer cell,55,33,2,2,2_2,InflamMac
C-7955,all,119,23,7728,6986,20,89163,0,0,0,0,0,C,93,Alveolar type 2 cell,48,13,1,1,1_3,AT2
C-7956,all,61,29,7707,6695,31,65107,0,0,0,0,0,C,6,Capillary 1 cell,56,29,2,2,2_3,Vein
C-7959,all,44,26,8846,6173,17,68288,0,0,0,0,0,C,5,Capillary 1 cell,44,26,2,2,2_3,Vein
C-7960,all,91,46,7704,6761,32,65572,0,0,0,0,0,C,16,Interstitial macrophage,65,46,8,8,8_2,InterstitialMac
C-7961,all,53,27,8644,6863,29,70819,0,0,0,0,0,C,12,Alveolar type 1 cell,51,27,6,6,6,AT1
C-7962,all,37,26,7543,6570,20,20017,0,0,0,0,0,C,3,Venous endothelial cell,41,27,1,1,1_5_2,AlveolarFib
C-7963,all,46,25,8279,5878,23,44004,0,0,0,0,0,C,5,Inflammatory monocyte,49,27,2,2,2_5,DC
C-7965,all,196,48,8387,6233,24,98864,326019,150692,209821,0.417993249,0.582006751,C,33,B cell,55,20,2,2,2_5,DC
C-7966,all,19,13,7597,6928,14,41400,0,0,0,0,0,C,2,Alveolar type 1 cell,38,13,6,6,6,AT1
C-7969,all,55,23,8895,6147,32,67299,0,0,0,0,0,C,11,T regulatory cell,51,24,1,1,1_6_2,Neutrophil
C-7971,all,25,17,9248,6895,34,27107,0,0,0,0,0,C,3,B cell,46,17,9,9,9,Bcell
C-7977,all,19,12,8770,6827,14,80694,9952,7137,6732,0.514600909,0.485399091,C,9,Alveolar type 1 cell,35,12,6,6,6,AT1
C-7979,all,61,32,7546,5816,16,67325,0,0,0,0,0,C,27,Alveolar type 2 cell,54,32,1,1,1_3,AT2
C-7980,all,85,42,9023,6274,32,100974,0,0,0,0,0,C,9,Capillary 1 cell,59,42,2,2,2_1,Capillary
C-7982,all,38,16,8973,6620,15,71974,0,0,0,0,0,C,22,Alveolar type 2 cell,43,16,1,1,1_1,AT2
C-7983,all,18,14,8544,6818,34,54066,0,0,0,0,0,C,2,Proliferative mesenchymal progenitor cell,36,14,1,1,1_5_1,LymphaticEndo
C-7984,all,26,19,8266,6074,9,25433,0,0,0,0,0,C,3,Alveolar fibroblast 1,43,20,3,3,3_1,SMC
C-7985,all,14,10,9135,6495,5,12346,0,0,0,0,0,C,4,Alveolar fibroblast 1,30,11,3,3,3_1,SMC
C-7987,all,98,45,8844,6109,22,66813,513,513,0,1,0,C,44,Pericyte,60,39,5,5,5_1,Pericyte
C-7988,all,38,24,8484,6836,18,57116,0,0,0,0,0,C,5,B cell,43,24,9,9,9,Bcell
C-7990,all,7,6,8800,6813,20,47773,3989,0,72,0,1,C,2,B cell,29,8,9,9,9,Bcell
C-7994,all,15,10,7491,6569,13,29428,0,0,0,0,0,C,3,Sox9+/Id2+ epithelial cell,35,10,1,1,1_3,AT2
C-7996,all,85,39,7665,5806,19,86486,0,0,0,0,0,C,3,Sox9+/Id2+ epithelial cell,59,38,2,2,2_1,Capillary
C-7999,all,70,21,8949,6352,15,63944,0,0,0,0,0,C,49,Alveolar type 2 cell,54,21,1,1,1_1,AT2
C-8004,all,19,6,8850,6735,37,40471,0,0,0,0,0,C,15,Sox9+/Id2+ epithelial cell,42,6,1,1,1_1,AT2
C-8010,all,60,34,8189,6942,29,78987,0,0,0,0,0,C,7,Alveolar type 2 cell,53,35,3,3,3_1,SMC
C-8012,all,77,20,7769,6748,29,50520,0,0,0,0,0,C,55,Alveolar type 2 cell,53,20,1,1,1_3,AT2
C-8020,all,144,51,8258,5717,12,71178,0,0,0,0,0,C,14,Alveolar type 1 cell,45,25,2,2,2_2,InflamMac
C-8022,all,12,8,8706,6684,11,33297,0,0,0,0,0,C,3,Secondary crest myofibroblast,30,9,3,3,3_1,SMC
C-8023,all,64,31,8773,5860,15,39830,0,0,0,0,0,C,4,Alveolar macrophage,55,31,6,6,6,AT1
C-8026,all,52,25,8060,6830,30,54020,0,0,0,0,0,C,26,Alveolar type 1 cell,52,26,2,2,2_2,InflamMac
C-8027,all,82,45,7663,6760,21,77858,0,0,0,0,0,C,8,Pericyte,59,45,5,5,5_3,Pericyte
C-8030,all,61,39,8496,6074,11,56076,0,0,0,0,0,C,7,Secretory cell,57,40,1,1,1_4_1,AlveolarFib
C-8031,all,115,47,7463,5796,29,88186,0,0,0,0,0,C,16,B cell,48,30,1,1,1_4_1,AlveolarFib
C-8032,all,51,35,7574,6727,29,74941,0,0,0,0,0,C,10,Arterial endothelial cell,51,35,3,3,3_4,AdventitialFib
C-8035,all,41,22,7606,6421,11,25578,0,0,0,0,0,C,9,Sox9+/Id2+ epithelial cell,44,22,2,2,2_1,Capillary
C-8037,all,18,15,9102,6632,30,55615,0,0,0,0,0,C,4,Interstitial macrophage,34,15,8,8,8_3,InterstitialMac
C-8040,all,92,46,8576,6632,22,89754,0,0,0,0,0,C,28,Sox9+/Id2+ epithelial cell,60,45,6,6,6,AT1
C-8042,all,146,55,8246,6119,22,134445,0,0,0,0,0,C,12,Alveolar fibroblast 1,49,29,2,2,2_2,InflamMac
C-8043,all,68,27,7578,5832,13,52591,0,0,0,0,0,C,22,Alveolar type 2 cell,53,28,3,3,3_1,SMC
C-8049,all,83,35,8634,6129,28,68329,0,0,0,0,0,C,7,Secondary crest myofibroblast,58,35,5,5,5_3,Pericyte
C-8052,all,86,33,7747,6722,27,61266,0,0,0,0,0,C,51,Alveolar type 2 cell,59,33,8,8,8_2,InterstitialMac
C-8055,all,129,38,8624,6651,17,72817,50,0,50,0,1,C,81,Alveolar type 2 cell,43,14,1,1,1_1,AT2
C-8056,all,25,21,7328,7033,17,31596,0,0,0,0,0,C,3,Arterial endothelial cell,45,21,7,7,7_3,Tcell (CD8)
C-8059,all,48,24,8999,6534,29,80903,0,0,0,0,0,C,4,Capillary 1 cell,47,23,2,2,2_1,Capillary
C-8060,all,48,31,7538,6946,19,56205,0,0,0,0,0,C,7,Alveolar fibroblast 1,49,32,2,2,2_4,Artery
C-8061,all,65,29,7935,6967,29,89269,0,0,0,0,0,C,15,B cell,54,29,6,6,6,AT1
C-8063,all,43,22,8083,6897,21,37561,0,0,0,0,0,C,19,Interstitial macrophage,45,22,8,8,8_3,InterstitialMac
C-8064,all,42,28,9139,5968,37,32496,0,0,0,0,0,C,4,Natural killer cell,44,29,2,2,2_2,InflamMac
C-8066,all,168,47,9039,5863,14,84902,0,0,0,0,0,C,112,Alveolar type 2 cell,47,18,1,1,1_3,AT2
C-8067,all,54,24,8778,6610,34,40671,0,0,0,0,0,C,5,Arterial endothelial cell,52,25,2,2,2_4,Artery
C-8068,all,59,21,9251,6150,17,47035,0,0,0,0,0,C,34,Alveolar type 2 cell,53,21,1,1,1_1,AT2
C-8069,all,20,7,7943,6778,35,24707,0,0,0,0,0,C,3,Alveolar type 1 cell,42,7,6,6,6,AT1
C-8070,all,14,12,8994,6165,38,24658,0,0,0,0,0,C,2,Inflammatory monocyte,32,14,2,2,2_5,DC
C-8072,all,63,38,7529,6641,14,82565,0,0,0,0,0,C,10,Secondary crest myofibroblast,60,39,3,3,3_1,SMC
C-8076,all,134,60,8954,6238,18,127963,0,0,0,0,0,C,5,Capillary 1 cell,44,23,2,2,2_6,pDC
C-8080,all,25,13,8360,5924,6,11694,56,0,56,0,1,C,12,B cell,46,13,9,9,9,Bcell
C-8085,all,100,32,9009,6124,13,66349,0,0,0,0,0,C,53,AT1/AT2,53,26,1,1,1_1,AT2
C-8086,all,46,14,9222,6743,13,59662,0,0,0,0,0,C,31,Alveolar type 2 cell,47,14,1,1,1_3,AT2
C-8088,all,9,9,8918,6874,29,41466,0,0,0,0,0,C,2,Pericyte,24,10,5,5,5_1,Pericyte
C-8089,all,120,15,8467,6163,22,46675,68641,25548,38450,0.399199975,0.600800025,C,45,Sox9+/Id2+ epithelial cell,52,8,1,1,1_3,AT2
C-8092,all,88,18,8394,6274,16,32676,63488,26340,17185,0.605169443,0.394830557,C,10,Proliferative mesenchymal progenitor cell,57,19,3,3,3_1,SMC
C-8093,all,32,17,8020,5948,17,27370,0,0,0,0,0,C,3,Alveolar fibroblast 2,43,18,3,3,3_5,SMC
C-8094,all,70,32,9248,6420,29,106112,21347,0,21347,0,1,C,2,Alveolar type 1 cell,56,32,2,2,2_1,Capillary
C-8095,all,46,19,9069,6316,11,32318,7367,475,6892,0.064476721,0.935523279,C,2,Sox9+/Id2+ epithelial cell,47,19,8,8,8_2,InterstitialMac
C-8096,all,66,30,7695,5784,24,43735,0,0,0,0,0,C,4,Alveolar fibroblast 1,58,31,2,2,2_4,Artery
C-8097,all,52,29,8046,5953,18,52558,0,0,0,0,0,C,2,B cell,52,29,9,9,9,Bcell
C-8098,all,64,31,8552,6082,14,30378,0,0,0,0,0,C,4,Inflammatory monocyte,57,32,2,2,2_2,InflamMac
C-8100,all,12,3,9134,6541,40,11130,0,0,0,0,0,C,10,Sox9+/Id2+ epithelial cell,40,3,1,1,1_1,AT2
C-8101,all,54,17,8790,6646,23,58720,0,0,0,0,0,C,30,Alveolar type 2 cell,51,17,1,1,1_1,AT2
C-8103,all,122,41,8489,6220,14,88721,4238,0,4238,0,1,C,19,Interstitial macrophage,47,22,8,8,8_2,InterstitialMac
C-8105,all,54,28,8254,5907,16,38489,0,0,0,0,0,C,2,Neutrophil,52,28,1,1,1_5_2,AlveolarFib
C-8109,all,104,59,8048,6896,17,132196,0,0,0,0,0,C,19,Proliferative mesenchymal progenitor cell,56,43,5,5,5_1,Pericyte
C-8110,all,118,17,8147,6038,35,30560,19578,1773,17805,0.090560834,0.909439166,C,19,Alveolar type 2 cell,55,11,1,1,1_3,AT2
C-8113,all,73,31,8485,6773,26,83859,0,0,0,0,0,C,28,Alveolar type 2 cell,54,31,1,1,1_1,AT2
C-8114,all,52,26,7460,5703,34,39707,0,0,0,0,0,C,3,Endothelial progenitor cell,51,26,3,3,3_4,AdventitialFib
C-8119,all,63,31,7628,6958,24,68786,0,0,0,0,0,C,7,Alveolar type 1 cell,55,31,6,6,6,AT1
C-8123,all,29,16,8819,6671,23,49763,0,0,0,0,0,C,2,Sox9+/Id2+ epithelial cell,39,17,1,1,1_6_2,Neutrophil
C-8125,all,66,29,9246,6672,23,127152,0,0,0,0,0,C,4,CD8+ T cell,59,29,7,7,7_2,PatrolMac
C-8126,all,128,39,8588,6120,24,68327,0,0,0,0,0,C,26,Alveolar fibroblast 1,48,23,3,3,3_1,SMC
C-8130,all,39,20,8466,6799,16,51004,159,0,159,0,1,C,9,Alveolar fibroblast 1,42,20,3,3,3_6,SCMF
C-8131,all,133,37,8861,6432,28,92252,0,0,0,0,0,C,87,Alveolar type 2 cell,45,15,1,1,1_1,AT2
C-8132,all,20,6,8510,6875,39,16004,0,0,0,0,0,C,15,Sox9+/Id2+ epithelial cell,43,6,1,1,1_1,AT2
C-8135,all,18,13,8787,6770,23,140315,0,0,0,0,0,C,2,Sox9+/Id2+ epithelial cell,38,13,8,8,8_1,AlveolarMac
C-8137,all,18,11,8961,6689,16,32711,0,0,0,0,0,C,3,Pericyte,37,12,3,3,3_5,SMC
C-8140,all,36,16,7538,6461,16,28239,0,0,0,0,0,C,2,Natural killer cell,44,17,2,2,2_2,InflamMac
C-8144,all,61,32,9147,6637,20,97465,0,0,0,0,0,C,2,Neutrophil,57,33,2,2,2_2,InflamMac
C-8145,all,19,12,8451,5814,6,10351,0,0,0,0,0,C,3,Natural killer cell,38,12,8,8,8_2,InterstitialMac
C-8148,all,44,25,8001,6718,10,37634,0,0,0,0,0,C,3,Alveolar fibroblast 1,44,25,3,3,3_5,SMC
C-8153,all,41,23,8791,6135,22,31156,0,0,0,0,0,C,9,Deuterosomal cell,42,23,7,7,7_3,Tcell (CD8)
C-8155,all,88,38,8072,5991,14,75678,0,0,0,0,0,C,9,Capillary 1 cell,60,38,2,2,2_1,Capillary
C-8159,all,29,20,7522,6588,10,35990,0,0,0,0,0,C,3,Arterial endothelial cell,39,20,7,7,7_2,PatrolMac
C-8162,all,53,24,7523,6548,24,36542,0,0,0,0,0,C,5,Alveolar type 1 cell,52,24,6,6,6,AT1
C-8168,all,15,11,8929,6999,24,23697,0,0,0,0,0,C,4,Alveolar fibroblast 1,30,10,4,4,4_1_3,CiliatedEpi
C-8171,all,105,46,8035,6976,15,93982,0,0,0,0,0,C,23,B cell,62,39,3,3,3_1,SMC
C-8173,all,17,15,7557,6433,6,21720,0,0,0,0,0,C,3,Alveolar fibroblast 1,33,15,1,1,1_5_4,pDC
C-8174,all,37,21,7524,5731,9,39956,0,0,0,0,0,C,3,B cell,42,21,1,1,1_5_2,AlveolarFib
C-8177,all,33,25,7651,6729,11,46993,0,0,0,0,0,C,10,Pericyte,40,25,5,5,5_3,Pericyte
C-8178,all,51,31,7669,6792,21,35981,0,0,0,0,0,C,4,Interstitial macrophage,51,31,8,8,8_3,InterstitialMac
C-8179,all,84,43,7716,5773,30,43802,51,0,51,0,1,C,6,Arterial endothelial cell,62,44,2,2,2_4,Artery
C-8180,all,11,6,7652,6948,38,12124,0,0,0,0,0,C,5,Alveolar type 1 cell,30,6,6,6,6,AT1
C-8182,all,48,20,7542,6525,31,38592,0,0,0,0,0,C,3,Proliferative mesenchymal progenitor cell,48,20,6,6,6,AT1
C-8184,all,179,68,8135,5952,27,117355,1492,0,1492,0,1,C,13,Inflammatory monocyte,51,32,2,2,2_2,InflamMac
C-8195,all,8,6,7653,6366,27,13065,0,0,0,0,0,C,4,Alveolar type 2 cell,31,7,1,1,1_1,AT2
C-8196,all,9,6,7574,6766,11,12853,0,0,0,0,0,C,4,Secondary crest myofibroblast,25,7,5,5,5_1,Pericyte
C-8205,all,15,11,9414,159,12,46845,0,0,0,0,0,C,5,B cell,30,11,9,9,9,Bcell
C-8206,all,35,25,10204,340,22,81705,0,0,0,0,0,C,10,Interstitial macrophage,39,25,8,8,8_3,InterstitialMac
C-8209,all,52,17,9608,475,27,74414,0,0,0,0,0,C,34,Alveolar type 2 cell,50,17,1,1,1_1,AT2
C-8210,all,55,31,10541,1730,14,93650,0,0,0,0,0,C,10,Arterial endothelial cell,55,31,1,1,1_5_2,AlveolarFib
C-8214,all,15,12,10759,383,32,49377,0,0,0,0,0,C,3,Alveolar fibroblast 1,36,13,1,1,1_5_1,LymphaticEndo
C-8216,all,30,22,10326,1833,10,61678,0,0,0,0,0,C,7,Sox9+/Id2+ epithelial cell,37,22,2,2,2_3,Vein
C-8217,all,40,23,10789,1457,16,56730,0,0,0,0,0,C,8,Capillary 1 cell,43,23,5,5,5_1,Pericyte
C-8218,all,27,14,11132,1311,25,82175,0,0,0,0,0,C,4,B cell,43,14,9,9,9,Bcell
C-8223,all,39,18,10173,291,27,69850,52,0,52,0,1,C,6,B cell,43,18,9,9,9,Bcell
C-8226,all,12,8,11033,285,12,43623,0,0,0,0,0,C,4,Proliferative mesenchymal progenitor cell,34,9,3,3,3_1,SMC
C-8227,all,54,13,10193,639,17,74847,0,0,0,0,0,C,46,Alveolar type 2 cell,50,13,1,1,1_3,AT2
C-8229,all,12,9,11010,1330,32,54807,0,0,0,0,0,C,4,Pericyte,29,9,5,5,5_3,Pericyte
C-8231,all,49,26,10271,1797,15,56951,0,0,0,0,0,C,5,B cell,49,26,7,7,7_2,PatrolMac
C-8232,all,35,23,10941,647,10,86770,0,0,0,0,0,C,4,B cell,42,23,2,2,2_6,pDC
C-8233,all,29,17,10739,334,24,83110,0,0,0,0,0,C,2,Secondary crest myofibroblast,40,18,3,3,3_1,SMC
C-8235,all,24,18,10873,501,20,91424,0,0,0,0,0,C,2,Capillary 1 cell,45,19,2,2,2_3,Vein
C-8239,all,40,23,10381,1010,32,59342,0,0,0,0,0,C,7,Alveolar fibroblast 1,43,23,1,1,1_5_2,AlveolarFib
C-8240,all,14,12,9495,457,16,20301,0,0,0,0,0,C,2,Endothelial progenitor cell,30,12,6,6,6,AT1
C-8241,all,39,25,9811,654,23,86004,0,0,0,0,0,C,15,Pericyte,41,25,5,5,5_1,Pericyte
C-8243,all,40,25,9556,479,21,28523,0,0,0,0,0,C,9,Interstitial macrophage,42,25,8,8,8_3,InterstitialMac
C-8244,all,30,21,9527,476,29,31931,0,0,0,0,0,C,8,Interstitial macrophage,37,21,8,8,8_3,InterstitialMac
C-8245,all,58,32,9859,1471,11,75258,0,0,0,0,0,C,4,Alveolar fibroblast 1,53,32,1,1,1_5_2,AlveolarFib
C-8247,all,7,6,11013,1074,8,21302,0,0,0,0,0,C,2,Sox9+/Id2+ epithelial cell,21,9,8,8,8_3,InterstitialMac
C-8249,all,88,47,9687,1869,29,83481,0,0,0,0,0,C,10,Capillary 1 cell,63,46,2,2,2_1,Capillary
C-8250,all,79,30,10169,1757,14,78428,0,0,0,0,0,C,40,Capillary 1 cell,55,30,2,2,2_6,pDC
C-8252,all,19,14,9634,592,9,52071,0,0,0,0,0,C,7,Ciliated cell,39,14,4,4,4_1_3,CiliatedEpi
C-8255,all,55,29,9736,661,15,63682,0,0,0,0,0,C,12,Sox9+/Id2+ epithelial cell,52,30,3,3,3_1,SMC
C-8256,all,34,21,10614,997,34,65273,0,0,0,0,0,C,10,Secondary crest myofibroblast,45,21,5,5,5_3,Pericyte
C-8260,all,44,20,10851,892,36,52802,0,0,0,0,0,C,9,Alveolar type 1 cell,45,20,6,6,6,AT1
C-8261,all,23,16,10259,608,32,57382,0,0,0,0,0,C,4,Pericyte,42,16,5,5,5_1,Pericyte
C-8262,all,42,22,9962,1786,33,48652,0,0,0,0,0,C,10,Capillary 1 cell,46,24,2,2,2_5,DC
C-8263,all,10,4,10811,545,9,25145,0,0,0,0,0,C,9,Pericyte,24,4,5,5,5_1,Pericyte
C-8264,all,24,17,9807,1895,19,43515,0,0,0,0,0,C,2,Sox9+/Id2+ epithelial cell,45,17,1,1,1_3,AT2
C-8265,all,11,10,10223,114,33,41205,0,0,0,0,0,C,2,Proliferative mesenchymal progenitor cell,30,11,3,3,3_1,SMC
C-8267,all,50,26,10410,1958,20,96798,0,0,0,0,0,C,6,Alveolar type 1 cell,50,26,6,6,6,AT1
C-8268,all,45,28,10029,680,25,102425,0,0,0,0,0,C,11,Arterial endothelial cell,45,28,2,2,2_4,Artery
C-8269,all,48,17,10947,812,12,53810,0,0,0,0,0,C,7,Alveolar type 1 cell,48,17,6,6,6,AT1
C-8270,all,36,17,9836,429,27,76410,0,0,0,0,0,C,14,Natural killer cell,41,17,7,7,7_2,PatrolMac
C-8271,all,19,13,9506,346,16,58151,0,0,0,0,0,C,3,Endothelial progenitor cell,39,13,2,2,2_1,Capillary
C-8272,all,59,24,9912,1874,28,63812,0,0,0,0,0,C,3,Alveolar type 1 cell,53,24,6,6,6,AT1
C-8273,all,61,26,10178,532,34,86001,0,0,0,0,0,C,24,Alveolar macrophage,54,26,8,8,8_1,AlveolarMac
C-8274,all,34,21,10183,600,30,69853,0,0,0,0,0,C,7,Classical DC subset 2,41,21,3,3,3_4,AdventitialFib
C-8275,all,28,13,9590,420,33,60578,0,0,0,0,0,C,17,Pericyte,43,13,5,5,5_1,Pericyte
C-8276,all,62,27,9995,791,10,84845,0,0,0,0,0,C,20,Arterial endothelial cell,55,27,2,2,2_4,Artery
C-8278,all,72,23,9733,197,13,85681,0,0,0,0,0,C,17,Alveolar type 1 cell,51,23,6,6,6,AT1
C-8281,all,60,35,10264,768,33,78434,0,0,0,0,0,C,20,Arterial endothelial cell,56,35,8,8,8_3,InterstitialMac
C-8283,all,43,19,10617,885,15,83680,0,0,0,0,0,C,17,Alveolar fibroblast 1,47,20,3,3,3_1,SMC
C-8284,all,13,7,10828,1655,5,18117,0,0,0,0,0,C,4,Interstitial macrophage,31,7,8,8,8_2,InterstitialMac
C-8285,all,43,26,10378,612,31,89356,0,0,0,0,0,C,2,Alveolar fibroblast 1,49,26,1,1,1_5_1,LymphaticEndo
C-8287,all,58,29,10100,1650,20,86828,0,0,0,0,0,C,9,Inflammatory monocyte,56,30,2,2,2_5,DC
C-8288,all,45,22,10321,207,24,92424,0,0,0,0,0,C,20,Sox9+/Id2+ epithelial cell,48,23,3,3,3_5,SMC
C-8292,all,84,23,10148,215,27,83926,0,0,0,0,0,C,29,Alveolar type 1 cell,58,23,6,6,6,AT1
C-8293,all,77,24,10031,1970,24,75605,0,0,0,0,0,C,61,AT1/AT2,56,24,1,1,1_3,AT2
C-8294,all,31,16,9666,177,12,76265,0,0,0,0,0,C,12,Neutrophil,40,17,3,3,3_5,SMC
C-8295,all,25,14,11007,681,15,64154,0,0,0,0,0,C,13,B cell,45,14,2,2,2_4,Artery
C-8298,all,25,19,9957,1729,9,40025,0,0,0,0,0,C,6,Alveolar type 1 cell,46,19,9,9,9,Bcell
C-8300,all,40,26,10636,1235,33,83399,0,0,0,0,0,C,8,Alveolar macrophage,41,26,8,8,8_1,AlveolarMac
C-8302,all,22,16,9531,374,22,48042,0,0,0,0,0,C,7,Basophil,42,18,2,2,2_5,DC
C-8303,all,27,18,9777,1407,16,53125,0,0,0,0,0,C,7,Alveolar fibroblast 1,43,18,1,1,1_5_2,AlveolarFib
C-8306,all,17,13,10737,1064,25,35539,0,0,0,0,0,C,5,Mesothelial cell,33,13,1,1,1_3,AT2
C-8307,all,62,40,9506,1543,26,78116,0,0,0,0,0,C,4,Secretory cell,55,40,3,3,3_3,AdventitialFib
C-8309,all,24,15,10709,1793,22,62911,0,0,0,0,0,C,5,Inflammatory monocyte,40,17,2,2,2_5,DC
C-8310,all,26,15,10663,641,29,60001,0,0,0,0,0,C,9,Alveolar fibroblast 1,41,15,1,1,1_5_1,LymphaticEndo
C-8312,all,34,19,10653,687,26,91034,0,0,0,0,0,C,10,Alveolar fibroblast 1,43,20,2,2,2_1,Capillary
C-8314,all,24,13,10718,1327,26,63057,0,0,0,0,0,C,11,Sox9+/Id2+ epithelial cell,45,13,5,5,5_1,Pericyte
C-8315,all,56,36,10071,762,33,117890,0,0,0,0,0,C,20,Pericyte,55,36,5,5,5_1,Pericyte
C-8316,all,26,20,10189,195,18,49909,0,0,0,0,0,C,4,Alveolar fibroblast 1,45,19,1,1,1_5_1,LymphaticEndo
C-8317,all,56,34,10665,1362,25,80556,0,0,0,0,0,C,24,Interstitial macrophage,55,35,3,3,3_1,SMC
C-8318,all,58,18,9900,1758,30,45375,0,0,0,0,0,C,10,Alveolar type 1 cell,52,18,6,6,6,AT1
C-8320,all,68,33,9745,1397,22,89608,0,0,0,0,0,C,2,Sox9+/Id2+ epithelial cell,57,34,1,1,1_6_2,Neutrophil
C-8321,all,13,11,10700,1268,14,73849,0,0,0,0,0,C,5,CD8+ T cell,28,12,2,2,2_2,InflamMac
C-8323,all,78,40,9835,1837,10,90854,0,0,0,0,0,C,26,Sox9+/Id2+ epithelial cell,57,40,2,2,2_1,Capillary
C-8324,all,7,4,10952,1314,29,11782,0,0,0,0,0,C,2,CD8+ T cell,22,5,1,1,1_6_2,Neutrophil
C-8325,all,13,4,10671,233,14,17762,0,0,0,0,0,C,10,Sox9+/Id2+ epithelial cell,41,5,2,2,2_1,Capillary
C-8326,all,27,15,10603,726,26,62153,0,0,0,0,0,C,8,Alveolar type 1 cell,40,16,3,3,3_1,SMC
C-8327,all,34,26,10593,1243,32,78771,0,0,0,0,0,C,4,Sox9+/Id2+ epithelial cell,41,26,1,1,1_3,AT2
C-8331,all,11,3,10302,491,5,22327,50,0,50,0,1,C,9,Sox9+/Id2+ epithelial cell,39,3,1,1,1_1,AT2
C-8332,all,42,24,10678,1597,10,51590,1487,0,1487,0,1,C,8,Arterial endothelial cell,43,24,2,2,2_4,Artery
C-8334,all,18,12,10666,147,15,43334,0,0,0,0,0,C,7,Alveolar macrophage,37,12,2,2,2_6,pDC
C-8336,all,29,15,10110,306,32,61992,0,0,0,0,0,C,7,Alveolar type 1 cell,39,15,6,6,6,AT1
C-8338,all,16,14,10613,818,37,38616,0,0,0,0,0,C,3,Alveolar fibroblast 1,31,14,8,8,8_2,InterstitialMac
C-8339,all,34,24,10706,1375,33,61049,0,0,0,0,0,C,9,Interstitial macrophage,40,24,8,8,8_3,InterstitialMac
C-8340,all,19,4,10729,1484,13,35371,0,0,0,0,0,C,18,Alveolar type 2 cell,43,4,1,1,1_3,AT2
C-8341,all,32,18,10211,807,26,47805,0,0,0,0,0,C,3,Natural killer cell,39,18,7,7,7_3,Tcell (CD8)
C-8343,all,31,20,10573,977,20,87039,0,0,0,0,0,C,14,Inflammatory monocyte,40,21,3,3,3_2,SMC
C-8344,all,30,15,9478,195,30,76289,0,0,0,0,0,C,4,B cell,41,15,9,9,9,Bcell
C-8345,all,22,17,10789,1317,29,39799,0,0,0,0,0,C,10,Proliferative mesenchymal progenitor cell,40,18,3,3,3_1,SMC
C-8347,all,29,20,9954,457,11,62514,0,0,0,0,0,C,9,Venous endothelial cell,40,20,3,3,3_4,AdventitialFib
C-8349,all,19,7,9536,571,13,24463,0,0,0,0,0,C,13,Alveolar type 2 cell,42,7,1,1,1_1,AT2
C-8350,all,56,36,10884,386,26,117828,0,0,0,0,0,C,12,Pericyte,54,36,5,5,5_3,Pericyte
C-8352,all,24,12,10715,1573,12,37714,0,0,0,0,0,C,4,Capillary 2 cell,43,13,2,2,2_1,Capillary
C-8355,all,21,13,10935,346,12,58314,0,0,0,0,0,C,4,Endothelial progenitor cell,37,13,2,2,2_6,pDC
C-8357,all,28,18,10163,149,23,79786,0,0,0,0,0,C,6,Capillary 1 cell,39,18,6,6,6,AT1
C-8359,all,39,7,9783,1774,9,27797,0,0,0,0,0,C,31,Sox9+/Id2+ epithelial cell,46,7,1,1,1_1,AT2
C-8360,all,41,17,10212,903,15,49040,0,0,0,0,0,C,12,Alveolar fibroblast 1,44,18,1,1,1_5_1,LymphaticEndo
C-8361,all,41,19,9301,1588,22,80329,0,0,0,0,0,C,11,Inflammatory monocyte,43,19,6,6,6,AT1
C-8362,all,59,25,9696,92,14,77416,0,0,0,0,0,C,14,Inflammatory monocyte,54,26,3,3,3_1,SMC
C-8366,all,45,26,9638,519,15,68935,0,0,0,0,0,C,6,Arterial endothelial cell,45,26,2,2,2_4,Artery
C-8368,all,30,16,10194,137,25,44136,0,0,0,0,0,C,3,Sox9+/Id2+ epithelial cell,41,16,1,1,1_3,AT2
C-8369,all,98,35,10374,1789,20,88191,0,0,0,0,0,C,22,B cell,62,35,6,6,6,AT1
C-8370,all,27,19,10123,350,28,55544,0,0,0,0,0,C,6,Alveolar fibroblast 1,40,20,2,2,2_1,Capillary
C-8371,all,34,4,9351,88,16,45100,0,0,0,0,0,C,30,Sox9+/Id2+ epithelial cell,46,4,1,1,1_1,AT2
C-8375,all,18,14,9353,1683,39,42762,0,0,0,0,0,C,2,Alveolar type 1 cell,38,14,5,5,5_3,Pericyte
C-8376,all,28,15,11017,724,28,66910,0,0,0,0,0,C,12,Alveolar type 2 cell,43,15,1,1,1_3,AT2
C-8377,all,22,13,11029,639,11,67799,0,0,0,0,0,C,8,Alveolar type 2 cell,46,15,2,2,2_5,DC
C-8378,all,24,14,11122,1051,14,87631,0,0,0,0,0,C,5,Inflammatory monocyte,43,14,7,7,7_2,PatrolMac
C-8380,all,17,8,10637,194,35,64125,0,0,0,0,0,C,5,Alveolar fibroblast 1,37,9,1,1,1_5_1,LymphaticEndo
C-8382,all,22,13,10926,930,15,53967,0,0,0,0,0,C,5,Capillary 1 cell,40,13,2,2,2_1,Capillary
C-8384,all,60,34,9887,474,16,86344,0,0,0,0,0,C,12,Alveolar fibroblast 1,54,33,2,2,2_1,Capillary
C-8385,all,36,22,10177,892,20,44517,0,0,0,0,0,C,10,Arterial endothelial cell,41,22,2,2,2_4,Artery
C-8386,all,7,3,10925,85,25,26647,0,0,0,0,0,C,5,Proliferative mesenchymal progenitor cell,23,5,3,3,3_1,SMC
C-8387,all,86,32,10308,572,26,91144,0,0,0,0,0,C,20,Alveolar macrophage,60,32,8,8,8_1,AlveolarMac
C-8389,all,34,28,9960,1924,36,79286,0,0,0,0,0,C,5,Ciliated cell,39,30,2,2,2_5,DC
C-8391,all,31,14,9598,103,33,42335,0,0,0,0,0,C,15,Alveolar type 2 cell,43,14,1,1,1_1,AT2
C-8393,all,16,12,10245,1947,6,19746,0,0,0,0,0,C,5,Endothelial progenitor cell,33,12,7,7,7_3,Tcell (CD8)
C-8394,all,72,37,10399,1845,12,85293,0,0,0,0,0,C,17,Alveolar type 1 cell,52,37,6,6,6,AT1
C-8395,all,40,12,10685,1309,23,45718,0,0,0,0,0,C,30,Alveolar type 2 cell,46,12,1,1,1_3,AT2
C-8398,all,35,21,10616,1344,32,59672,0,0,0,0,0,C,9,Mesothelial cell,43,21,3,3,3_3,AdventitialFib
C-8403,all,25,16,9556,168,31,58722,0,0,0,0,0,C,5,Pericyte,42,16,5,5,5_3,Pericyte
C-8404,all,53,18,10954,377,24,84111,0,0,0,0,0,C,31,Alveolar type 2 cell,51,18,1,1,1_3,AT2
C-8405,all,15,5,9564,1599,40,10061,0,0,0,0,0,C,13,Alveolar type 2 cell,37,5,1,1,1_3,AT2
C-8409,all,27,18,9967,1832,35,43553,0,0,0,0,0,C,3,Alveolar type 1 cell,45,18,7,7,7_3,Tcell (CD8)
C-8415,all,15,3,11135,41,20,46845,0,0,0,0,0,C,14,Sox9+/Id2+ epithelial cell,41,3,1,1,1_1,AT2
C-8416,all,127,15,9846,364,28,92484,0,0,0,0,0,C,106,Alveolar type 2 cell,48,8,1,1,1_1,AT2
C-8418,all,45,12,9377,129,12,42079,0,0,0,0,0,C,34,Sox9+/Id2+ epithelial cell,47,12,1,1,1_1,AT2
C-8420,all,94,28,10591,1081,14,78935,0,0,0,0,0,C,19,Alveolar type 1 cell,61,27,6,6,6,AT1
C-8423,all,24,20,10270,1705,20,97862,0,0,0,0,0,C,4,Secondary crest myofibroblast,43,20,2,2,2_1,Capillary
C-8424,all,43,33,9652,1681,35,71872,0,0,0,0,0,C,5,Capillary 1 cell,43,33,2,2,2_3,Vein
C-8429,all,23,15,9548,199,21,35730,0,0,0,0,0,C,4,Alveolar type 1 cell,40,15,1,1,1_5_2,AlveolarFib
C-8430,all,13,8,9398,1810,14,43259,0,0,0,0,0,C,2,Neutrophil,30,8,7,7,7_2,PatrolMac
C-8431,all,49,30,10202,1660,19,85022,0,0,0,0,0,C,13,Secondary crest myofibroblast,49,30,5,5,5_1,Pericyte
C-8432,all,75,24,10763,878,27,78610,0,0,0,0,0,C,8,Alveolar type 1 cell,53,24,6,6,6,AT1
C-8434,all,55,15,9619,192,12,78737,0,51,0,1,0,C,44,Alveolar type 2 cell,51,15,1,1,1_1,AT2
C-8436,all,36,9,10960,1053,38,41622,0,0,0,0,0,C,30,Alveolar type 2 cell,44,9,1,1,1_3,AT2
C-8444,all,75,38,9744,1886,22,94848,0,0,0,0,0,C,7,Ciliated cell,58,38,1,1,1_5_2,AlveolarFib
C-8445,all,14,10,10727,1825,19,48473,0,0,0,0,0,C,2,B cell,27,10,9,9,9,Bcell
C-8446,all,37,23,10716,1881,29,65003,0,0,0,0,0,C,5,Inflammatory monocyte,41,23,3,3,3_4,AdventitialFib
C-8447,all,9,6,9275,52,25,30050,0,0,0,0,0,C,3,Proliferative mesenchymal progenitor cell,32,6,3,3,3_1,SMC
C-8448,all,55,33,10326,861,33,96160,0,0,0,0,0,C,16,Alveolar fibroblast 1,54,33,2,2,2_4,Artery
C-8449,all,12,6,9590,1637,39,9414,0,0,0,0,0,C,9,Proliferative mesenchymal progenitor cell,35,7,3,3,3_1,SMC
C-8450,all,19,9,10761,1108,19,70640,0,0,0,0,0,C,2,Proliferative mesenchymal progenitor cell,42,10,3,3,3_1,SMC
C-8451,all,74,24,9415,1780,22,55241,0,0,0,0,0,C,3,Inflammatory monocyte,55,24,7,7,7_2,PatrolMac
C-8452,all,22,3,10215,1795,16,15193,0,0,0,0,0,C,21,Sox9+/Id2+ epithelial cell,45,4,2,2,2_1,Capillary
C-8453,all,17,11,10691,1823,19,58228,0,0,0,0,0,C,5,Inflammatory monocyte,35,13,2,2,2_5,DC
C-8456,all,13,9,10693,251,14,34902,0,0,0,0,0,C,7,Alveolar macrophage,37,9,1,1,1_3,AT2
C-8458,all,17,15,10737,1161,37,68132,0,0,0,0,0,C,4,Alveolar type 1 cell,40,16,2,2,2_1,Capillary
C-8460,all,27,21,10144,645,20,49347,0,0,0,0,0,C,5,Alveolar fibroblast 1,42,21,1,1,1_5_1,LymphaticEndo
C-8463,all,12,10,10203,749,38,9921,0,0,0,0,0,C,3,Alveolar fibroblast 1,33,10,2,2,2_6,pDC
C-8465,all,11,4,11110,61,23,20509,0,0,0,0,0,C,9,Sox9+/Id2+ epithelial cell,36,4,1,1,1_3,AT2
C-8467,all,10,7,10193,694,13,34865,0,0,0,0,0,C,7,Pericyte,26,7,5,5,5_1,Pericyte
C-8468,all,61,12,10328,966,26,54518,0,0,0,0,0,C,48,Alveolar type 2 cell,52,12,1,1,1_1,AT2
C-8469,all,63,17,10185,79,18,71246,0,0,0,0,0,C,15,Alveolar type 1 cell,53,17,6,6,6,AT1
C-8470,all,51,36,10164,729,25,83282,0,0,0,0,0,C,14,Alveolar fibroblast 1,51,36,3,3,3_6,SCMF
C-8472,all,20,13,10573,1024,38,14883,0,0,0,0,0,C,5,Proliferative mesenchymal progenitor cell,38,13,8,8,8_3,InterstitialMac
C-8473,all,35,19,9569,516,31,84669,0,0,0,0,0,C,7,Sox9+/Id2+ epithelial cell,42,19,2,2,2_1,Capillary
C-8474,all,11,7,10843,913,20,20784,0,0,0,0,0,C,6,Sox9+/Id2+ epithelial cell,35,7,2,2,2_1,Capillary
C-8475,all,19,15,10761,1443,22,57045,0,0,0,0,0,C,3,Sox9+/Id2+ epithelial cell,39,15,7,7,7_2,PatrolMac
C-8476,all,25,11,10124,700,23,53072,0,0,0,0,0,C,7,Arterial endothelial cell,43,12,2,2,2_4,Artery
C-8477,all,25,20,9751,1800,11,31222,0,0,0,0,0,C,6,Alveolar fibroblast 1,47,21,2,2,2_4,Artery
C-8481,all,25,10,10728,1445,16,59802,0,0,0,0,0,C,19,Alveolar type 2 cell,44,11,3,3,3_1,SMC
C-8482,all,35,15,9919,1665,33,30814,0,0,0,0,0,C,18,AT1/AT2,43,16,2,2,2_2,InflamMac
C-8483,all,6,5,9873,424,41,10910,0,0,0,0,0,C,3,Arterial endothelial cell,26,6,2,2,2_4,Artery
C-8484,all,63,22,10587,678,25,83691,0,0,0,0,0,C,43,Alveolar type 2 cell,55,22,1,1,1_3,AT2
C-8485,all,66,14,10706,989,30,82227,0,0,0,0,0,C,11,Alveolar type 1 cell,51,14,6,6,6,AT1
C-8487,all,7,5,11045,1343,32,12055,0,0,0,0,0,C,5,Basal cell,18,8,3,3,3_6,SCMF
C-8493,all,43,21,9314,1556,31,53598,0,0,0,0,0,C,8,Alveolar type 1 cell,45,21,6,6,6,AT1
C-8496,all,18,9,10747,1322,27,26303,0,0,0,0,0,C,15,Arterial endothelial cell,38,9,2,2,2_4,Artery
C-8497,all,13,11,10910,115,32,40549,0,0,0,0,0,C,2,Mesothelial cell,35,12,3,3,3_1,SMC
C-8499,all,6,6,10485,1022,39,11430,0,0,0,0,0,C,3,Inflammatory monocyte,24,8,2,2,2_5,DC
C-8500,all,22,18,9535,1558,34,31585,0,0,0,0,0,C,6,Ciliated cell,43,18,2,2,2_1,Capillary
C-8501,all,32,11,10813,988,37,64896,0,0,0,0,0,C,5,Alveolar type 1 cell,43,11,6,6,6,AT1
C-8505,all,6,5,10459,1876,6,9299,0,0,0,0,0,C,3,Alveolar type 2 cell,23,7,1,1,1_3,AT2
C-8507,all,57,21,9869,1691,28,63401,0,0,0,0,0,C,12,Alveolar type 1 cell,52,21,6,6,6,AT1
C-8508,all,8,6,10728,1118,27,30260,0,0,0,0,0,C,2,Capillary 1 cell,29,6,2,2,2_1,Capillary
C-8515,all,10,8,9495,431,5,14343,0,0,0,0,0,C,3,Arterial endothelial cell,26,8,2,2,2_4,Artery
C-8518,all,46,14,10356,987,28,39005,0,0,0,0,0,C,33,Alveolar type 2 cell,47,14,1,1,1_3,AT2
C-8522,all,20,11,9271,111,20,28789,0,0,0,0,0,C,4,Arterial endothelial cell,41,14,2,2,2_4,Artery
C-8523,all,48,23,9948,1671,26,49669,0,0,0,0,0,C,20,Alveolar type 2 cell,49,24,2,2,2_2,InflamMac
C-8524,all,28,10,9726,611,32,26089,0,0,0,0,0,C,19,Sox9+/Id2+ epithelial cell,41,10,1,1,1_3,AT2
C-8526,all,13,10,10164,705,17,21493,0,0,0,0,0,C,7,Arterial endothelial cell,28,11,2,2,2_4,Artery
C-8527,all,42,25,9921,463,16,44568,0,0,0,0,0,C,4,B cell,45,26,3,3,3_5,SMC
C-8531,all,28,17,10238,831,15,40028,0,0,0,0,0,C,2,Alveolar type 1 cell,40,17,8,8,8_2,InterstitialMac
C-8532,all,16,11,10755,1819,19,40343,0,0,0,0,0,C,3,B cell,31,11,9,9,9,Bcell
C-8533,all,11,7,9946,1637,28,19498,0,0,0,0,0,C,7,Alveolar type 2 cell,35,7,7,7,7_2,PatrolMac
C-8536,all,165,59,9887,3347,19,75309,0,0,0,0,0,C,19,Alveolar fibroblast 1,51,32,1,1,1_5_2,AlveolarFib
C-8537,all,127,33,9830,3127,24,89898,0,0,0,0,0,C,8,Inflammatory monocyte,50,14,7,7,7_2,PatrolMac
C-8538,all,90,43,10167,3235,21,69243,0,0,0,0,0,C,7,Alveolar macrophage,63,43,3,3,3_2,SMC
C-8539,all,161,62,9591,3710,28,71564,0,0,0,0,0,C,22,Alveolar fibroblast 1,46,31,1,1,1_4_1,AlveolarFib
C-8541,all,91,44,10069,3172,34,53922,0,0,0,0,0,C,7,Alveolar fibroblast 1,63,44,1,1,1_5_2,AlveolarFib
C-8542,all,148,61,9711,3454,16,103420,0,0,0,0,0,C,19,B cell,51,35,9,9,9,Bcell
C-8543,all,109,53,10756,2553,19,135127,54,0,54,0,1,C,23,B cell,57,40,9,9,9,Bcell
C-8544,all,51,25,9896,2480,14,74680,0,0,0,0,0,C,15,Inflammatory monocyte,51,25,9,9,9,Bcell
C-8545,all,109,44,10729,2498,30,78241,0,0,0,0,0,C,29,Alveolar fibroblast 1,55,33,1,1,1_5_1,LymphaticEndo
C-8546,all,44,28,11125,2747,24,50284,0,0,0,0,0,C,3,Arterial endothelial cell,46,29,2,2,2_4,Artery
C-8547,all,74,36,11035,2469,24,84601,0,0,0,0,0,C,20,Alveolar fibroblast 1,54,36,2,2,2_4,Artery
C-8548,all,190,67,9666,3335,21,81847,51,51,0,1,0,C,24,Inflammatory monocyte,55,40,3,3,3_4,AdventitialFib
C-8549,all,102,41,9789,3215,21,49242,0,0,0,0,0,C,25,Alveolar type 1 cell,51,27,1,1,1_5_2,AlveolarFib
C-8550,all,290,68,10197,3746,28,68472,0,0,0,0,0,C,176,Secretory cell,49,16,4,4,4_2,ClubEpi
C-8553,all,119,51,10267,2645,27,88960,0,0,0,0,0,C,29,Sox9+/Id2+ epithelial cell,42,23,1,1,1_4_3,AlveolarFib
C-8554,all,266,71,9379,3730,23,112902,0,0,0,0,0,C,165,Ciliated cell,41,33,4,4,4_2,CiliatedEpi
C-8555,all,67,32,10064,3232,18,77942,0,0,0,0,0,C,28,B cell,58,32,9,9,9,Bcell
C-8556,all,85,42,9630,3748,34,45057,0,0,0,0,0,C,25,Vascular smooth muscle cell,59,42,5,5,5_3,Pericyte
C-8557,all,47,29,10087,2284,20,76355,166,0,166,0,1,C,9,Alveolar fibroblast 1,49,30,1,1,1_5_1,LymphaticEndo
C-8558,all,64,30,9778,3239,19,45764,0,0,0,0,0,C,24,Alveolar macrophage,55,31,2,2,2_2,InflamMac
C-8563,all,34,26,10765,1994,11,53946,0,0,0,0,0,C,5,B cell,40,26,9,9,9,Bcell
C-8564,all,72,25,9928,2933,26,53657,104,0,104,0,1,C,45,Alveolar type 2 cell,52,25,2,2,2_6,pDC
C-8565,all,58,35,10559,3530,31,48185,0,0,0,0,0,C,8,Alveolar fibroblast 2,54,35,3,3,3_3,AdventitialFib
C-8568,all,109,48,9611,3665,29,54845,0,0,0,0,0,C,12,Inflammatory monocyte,50,35,1,1,1_4_1,AlveolarFib
C-8569,all,149,54,9582,3267,13,96528,0,0,0,0,0,C,26,Inflammatory monocyte,52,36,1,1,1_4_3,AlveolarFib
C-8571,all,77,35,9791,3182,22,61693,0,0,0,0,0,C,13,Alveolar macrophage,57,36,1,1,1_5_2,AlveolarFib
C-8573,all,82,39,10393,3659,16,76403,0,0,0,0,0,C,23,Natural killer cell,59,39,3,3,3_4,AdventitialFib
C-8574,all,78,44,10683,2164,20,78044,0,0,0,0,0,C,11,Alveolar type 1 cell,56,44,6,6,6,AT1
C-8575,all,51,30,9797,2339,7,26195,0,0,0,0,0,C,11,Alveolar macrophage,51,30,8,8,8_1,AlveolarMac
C-8576,all,82,40,10141,2478,8,68716,0,0,0,0,0,C,10,Alveolar fibroblast 1,60,41,2,2,2_4,Artery
C-8577,all,21,13,9324,2197,37,20411,0,0,0,0,0,C,2,Innate lymphoid cell,43,15,2,2,2_5,DC
C-8581,all,94,46,9960,2695,23,62426,0,0,0,0,0,C,8,Inflammatory monocyte,64,47,3,3,3_1,SMC
C-8582,all,77,35,9652,3683,28,53985,0,0,0,0,0,C,31,Alveolar type 2 cell,56,36,2,2,2_2,InflamMac
C-8584,all,105,50,10582,3572,34,47808,0,0,0,0,0,C,12,Alveolar fibroblast 1,56,37,2,2,2_2,InflamMac
C-8585,all,211,61,9384,3772,23,56437,0,0,0,0,0,C,102,Pericyte,45,30,4,4,4_2,CiliatedEpi
C-8586,all,135,58,9922,3318,27,89225,0,0,0,0,0,C,12,Inflammatory monocyte,47,29,2,2,2_5,DC
C-8588,all,8,5,10654,2603,4,9102,0,0,0,0,0,C,2,Proliferative mesenchymal progenitor cell,20,7,1,1,1_6_2,Neutrophil
C-8590,all,43,22,9933,2602,22,31653,0,0,0,0,0,C,21,Alveolar macrophage,43,22,8,8,8_1,AlveolarMac
C-8591,all,93,51,10341,2529,24,92998,0,0,0,0,0,C,8,Venous endothelial cell,64,48,2,2,2_3,Vein
C-8592,all,122,52,9980,2926,26,90096,0,0,0,0,0,C,9,Secondary crest myofibroblast,43,27,6,6,6,AT1
C-8593,all,88,44,10486,3411,15,86774,0,0,0,0,0,C,11,Alveolar type 2 cell,63,43,2,2,2_2,InflamMac
C-8594,all,87,40,10460,2048,22,92945,0,0,0,0,0,C,11,Innate lymphoid cell,58,40,1,1,1_2_3,Tcell (CD4)
C-8596,all,215,51,10250,3721,16,83889,0,0,0,0,0,C,118,Ciliated cell,46,29,4,4,4_2,CiliatedEpi
C-8597,all,290,56,10410,3510,27,85384,0,0,0,0,0,C,218,Secretory cell,53,13,4,4,4_2,ClubEpi
C-8599,all,35,22,11165,2737,26,96275,0,0,0,0,0,C,6,Capillary 1 cell,42,22,2,2,2_3,Vein
C-8600,all,32,19,10427,3435,32,16107,0,0,0,0,0,C,3,Natural killer cell,40,20,2,2,2_2,InflamMac
C-8602,all,88,36,9727,2758,21,72712,0,0,0,0,0,C,4,Sox9+/Id2+ epithelial cell,60,37,1,1,1_4_1,AlveolarFib
C-8604,all,112,45,10606,2671,18,77668,0,0,0,0,0,C,31,Alveolar macrophage,49,26,1,1,1_5_1,LymphaticEndo
C-8609,all,114,32,11088,2643,25,78101,0,0,0,0,0,C,29,Alveolar type 1 cell,48,17,8,8,8_2,InterstitialMac
C-8610,all,88,27,9484,3237,9,44883,318,0,318,0,1,C,59,Alveolar type 2 cell,58,27,1,1,1_3,AT2
C-8611,all,52,22,9897,3122,11,20943,0,0,0,0,0,C,4,Alveolar type 1 cell,51,22,6,6,6,AT1
C-8612,all,66,40,10549,2677,21,53391,0,0,0,0,0,C,20,Pericyte,59,40,5,5,5_1,Pericyte
C-8613,all,132,51,10193,2481,14,86315,0,0,0,0,0,C,11,Alveolar fibroblast 1,48,28,1,1,1_5_1,LymphaticEndo
C-8616,all,66,39,9465,3624,21,43234,0,0,0,0,0,C,4,Pericyte,59,39,5,5,5_3,Pericyte
C-8619,all,60,18,10012,2359,5,19052,0,0,0,0,0,C,15,Alveolar type 1 cell,52,19,1,1,1_4_3,AlveolarFib
C-8623,all,55,29,10359,3528,35,31288,0,0,0,0,0,C,6,CD8+ T cell,53,29,3,3,3_4,AdventitialFib
C-8625,all,8,7,9915,2265,30,33693,0,0,0,0,0,C,2,Alveolar type 1 cell,28,8,6,6,6,AT1
C-8626,all,39,21,11105,3580,21,35530,0,0,0,0,0,C,14,Alveolar fibroblast 1,43,22,3,3,3_5,SMC
C-8628,all,103,51,9302,3574,22,99663,50,0,50,0,1,C,23,Secondary crest myofibroblast,63,48,3,3,3_2,SMC
C-8631,all,54,25,11132,3074,14,73287,0,0,0,0,0,C,9,Endothelial progenitor cell,54,26,1,1,1_4_3,AlveolarFib
C-8632,all,21,14,10726,2433,39,22654,0,0,0,0,0,C,2,Capillary 1 cell,41,15,1,1,1_6_2,Neutrophil
C-8633,all,349,76,9310,3638,22,109964,0,0,0,0,0,C,225,Ciliated cell,44,28,4,4,4_2,CiliatedEpi
C-8637,all,98,43,10114,2615,17,97568,0,0,0,0,0,C,22,Secondary crest myofibroblast,60,39,3,3,3_1,SMC
C-8638,all,55,32,10695,2452,37,44809,0,0,0,0,0,C,8,Sox9+/Id2+ epithelial cell,54,33,2,2,2_2,InflamMac
C-8639,all,38,22,9384,3566,21,22557,0,0,0,0,0,C,6,Mesothelial cell,42,22,3,3,3_3,AdventitialFib
C-8644,all,89,43,9954,3288,15,92011,0,0,0,0,0,C,16,Pericyte,59,42,5,5,5_3,Pericyte
C-8645,all,181,52,10250,3314,12,109588,0,0,0,0,0,C,30,Alveolar type 1 cell,54,30,6,6,6,AT1
C-8647,all,58,25,10588,3495,32,34711,0,0,0,0,0,C,12,Mesothelial cell,54,26,3,3,3_1,SMC
C-8648,all,31,10,10838,2544,5,13883,0,0,0,0,0,C,22,Capillary 1 cell,45,11,2,2,2_2,InflamMac
C-8651,all,49,14,10191,2619,21,29928,0,0,0,0,0,C,31,Alveolar type 2 cell,49,15,3,3,3_1,SMC
C-8652,all,100,38,9891,2599,28,79958,0,0,0,0,0,C,38,Alveolar type 2 cell,61,36,1,1,1_3,AT2
C-8653,all,124,49,10336,2665,17,84493,0,0,0,0,0,C,29,Secondary crest myofibroblast,44,24,1,1,1_4_1,AlveolarFib
C-8655,all,151,30,11072,2501,24,91086,0,0,0,0,0,C,110,Alveolar type 2 cell,46,10,1,1,1_1,AT2
C-8657,all,78,49,10129,2092,19,102611,0,0,0,0,0,C,11,Alveolar fibroblast 1,61,49,1,1,1_5_1,LymphaticEndo
C-8658,all,40,28,10457,2207,10,38157,0,0,0,0,0,C,6,Pericyte,41,28,5,5,5_3,Pericyte
C-8659,all,193,65,10172,3689,19,92589,0,0,0,0,0,C,56,Alveolar fibroblast 1,53,37,2,2,2_2,InflamMac
C-8660,all,190,52,10212,3647,27,74443,0,0,0,0,0,C,18,Alveolar type 1 cell,54,30,6,6,6,AT1
C-8661,all,82,46,9281,3467,34,43373,0,0,0,0,0,C,21,Alveolar fibroblast 1,61,47,3,3,3_2,SMC
C-8663,all,58,33,10642,2900,21,57700,0,0,0,0,0,C,14,Innate lymphoid cell,55,33,7,7,7_2,PatrolMac
C-8664,all,137,36,10316,3683,23,73846,0,0,0,0,0,C,61,CD4+ T cell,50,19,1,1,1_1,AT2
C-8665,all,159,59,10220,3577,35,71769,0,0,0,0,0,C,18,Alveolar macrophage,49,27,8,8,8_1,AlveolarMac
C-8668,all,141,57,9343,3538,31,91877,0,0,0,0,0,C,33,Inflammatory monocyte,50,30,3,3,3_2,SMC
C-8670,all,60,36,10612,2161,33,68318,0,0,0,0,0,C,12,B cell,57,36,9,9,9,Bcell
C-8671,all,60,37,10848,2432,16,63956,0,0,0,0,0,C,14,Inflammatory monocyte,58,37,5,5,5_3,Pericyte
C-8672,all,18,10,10573,2912,6,21227,0,0,0,0,0,C,4,Sox9+/Id2+ epithelial cell,34,11,1,1,1_6_2,Neutrophil
C-8673,all,37,18,10486,2584,30,27451,0,0,0,0,0,C,2,Alveolar type 1 cell,42,18,6,6,6,AT1
C-8674,all,33,16,11129,3598,24,42257,0,0,0,0,0,C,2,Endothelial progenitor cell,43,17,2,2,2_1,Capillary
C-8675,all,126,44,9511,2464,17,94047,50,0,50,0,1,C,12,Capillary 2 cell,47,23,2,2,2_2,InflamMac
C-8676,all,84,39,10024,2051,22,55881,0,0,0,0,0,C,15,Neutrophil,58,40,2,2,2_2,InflamMac
C-8677,all,71,44,11122,2704,35,60395,0,0,0,0,0,C,11,Interstitial macrophage,56,44,8,8,8_3,InterstitialMac
C-8678,all,74,22,11002,2838,17,45362,0,0,0,0,0,C,10,Alveolar type 1 cell,54,22,6,6,6,AT1
C-8680,all,57,27,10111,3307,19,42910,0,0,0,0,0,C,8,Endothelial progenitor cell,55,27,2,2,2_6,pDC
C-8681,all,103,36,9856,2356,12,76030,0,0,0,0,0,C,12,Sox9+/Id2+ epithelial cell,56,30,3,3,3_2,SMC
C-8682,all,160,65,9449,3546,35,58650,0,0,0,0,0,C,6,Alveolar fibroblast 1,46,29,1,1,1_4_1,AlveolarFib
C-8684,all,89,43,9406,3528,22,53338,0,0,0,0,0,C,13,CD8+ T cell,58,42,7,7,7_3,Tcell (CD8)
C-8686,all,34,15,11102,2368,7,34707,0,0,0,0,0,C,11,Mesothelial cell,39,16,1,1,1_4_3,AlveolarFib
C-8687,all,24,13,11109,3641,19,24011,0,0,0,0,0,C,13,Capillary 1 cell,41,13,2,2,2_2,InflamMac
C-8688,all,59,38,10659,2325,31,69858,0,0,0,0,0,C,12,Inflammatory monocyte,56,38,7,7,7_2,PatrolMac
C-8689,all,21,15,10029,3771,34,14800,0,0,0,0,0,C,2,Alveolar type 2 cell,38,15,1,1,1_3,AT2
C-8691,all,61,18,10504,2605,21,42859,0,0,0,0,0,C,7,CD8+ T cell,52,18,7,7,7_2,PatrolMac
C-8694,all,264,49,10154,3748,28,72631,0,0,0,0,0,C,165,Ciliated cell,54,17,4,4,4_2,ClubEpi
C-8695,all,70,34,10661,2248,29,56538,0,0,0,0,0,C,16,Inflammatory monocyte,58,33,1,1,1_5_1,LymphaticEndo
C-8702,all,213,80,10270,3496,31,145411,0,0,0,0,0,C,32,B cell,53,38,9,9,9,Bcell
C-8705,all,188,47,10011,3811,26,60441,0,0,0,0,0,C,123,Endothelial progenitor cell,53,16,4,4,4_2,ClubEpi
C-8708,all,98,49,9843,3327,32,92118,0,0,0,0,0,C,31,B cell,65,46,9,9,9,Bcell
C-8709,all,269,73,9397,3808,23,107144,0,0,0,0,0,C,161,Arterial endothelial cell,40,31,4,4,4_2,CiliatedEpi
C-8710,all,72,37,10045,3787,23,42077,0,0,0,0,0,C,20,Ciliated cell,58,37,4,4,4_1_2,CiliatedEpi
C-8713,all,81,41,10113,3201,16,69867,0,0,0,0,0,C,11,Pericyte,59,41,5,5,5_3,Pericyte
C-8717,all,162,67,9714,2625,32,91853,0,0,0,0,0,C,12,Arterial endothelial cell,52,37,2,2,2_6,pDC
C-8718,all,27,16,9588,3790,28,17894,0,0,0,0,0,C,3,T regulatory cell,42,16,1,1,1_2_1,Tcell (CD4)
C-8719,all,76,36,9925,2324,13,44196,0,0,0,0,0,C,15,Alveolar type 1 cell,54,36,6,6,6,AT1
C-8720,all,92,42,9703,3598,16,39520,0,0,0,0,0,C,22,Alveolar fibroblast 1,63,42,1,1,1_4_1,AlveolarFib
C-8721,all,65,37,9746,3234,12,47902,0,0,0,0,0,C,9,Inflammatory monocyte,59,37,9,9,9,Bcell
C-8722,all,99,49,9319,3685,33,31691,0,0,0,0,0,C,44,Alveolar fibroblast 1,59,48,4,4,4_1_2,CiliatedEpi
C-8723,all,37,6,10629,2868,9,22410,0,0,0,0,0,C,30,Sox9+/Id2+ epithelial cell,46,6,1,1,1_1,AT2
C-8724,all,44,25,10775,2637,34,41074,0,0,0,0,0,C,2,Alveolar fibroblast 1,45,26,1,1,1_4_1,AlveolarFib
C-8727,all,97,42,9461,3718,29,45487,0,0,0,0,0,C,11,Alveolar macrophage,62,39,3,3,3_2,SMC
C-8728,all,79,37,9693,3404,34,34889,0,0,0,0,0,C,19,Alveolar fibroblast 1,56,37,1,1,1_4_3,AlveolarFib
C-8729,all,71,36,10539,2612,28,58566,0,0,0,0,0,C,9,Inflammatory monocyte,54,36,6,6,6,AT1
C-8730,all,281,85,10098,3363,30,139666,0,0,0,0,0,C,25,Inflammatory monocyte,48,30,2,2,2_2,InflamMac
C-8731,all,66,38,9595,3811,23,40022,0,0,0,0,0,C,9,Natural killer cell,59,38,1,1,1_2_3,Tcell (CD4)
C-8732,all,70,37,10304,3353,11,78353,0,0,0,0,0,C,9,Natural killer cell,55,39,2,2,2_5,DC
C-8736,all,30,13,9920,3141,9,21656,0,0,0,0,0,C,3,Alveolar type 1 cell,42,13,6,6,6,AT1
C-8737,all,93,40,10301,2544,13,70790,0,0,0,0,0,C,16,Arterial endothelial cell,60,40,2,2,2_4,Artery
C-8738,all,174,76,10451,3469,24,106283,0,0,0,0,0,C,20,Alveolar macrophage,55,43,8,8,8_1,AlveolarMac
C-8739,all,91,36,10687,2230,31,51368,0,0,0,0,0,C,53,Secondary crest myofibroblast,60,36,5,5,5_3,Pericyte
C-8741,all,250,70,9715,3544,23,106811,0,0,0,0,0,C,16,Inflammatory monocyte,50,32,2,2,2_2,InflamMac
C-8742,all,88,24,11124,2871,16,68328,0,0,0,0,0,C,56,Sox9+/Id2+ epithelial cell,57,24,1,1,1_3,AT2
C-8746,all,134,41,9661,3646,25,68982,0,0,0,0,0,C,72,Alveolar type 2 cell,46,17,1,1,1_1,AT2
C-8748,all,26,15,9375,3510,40,14819,0,0,0,0,0,C,2,Natural killer cell,44,15,7,7,7_3,Tcell (CD8)
C-8749,all,41,19,9684,3811,30,23036,0,0,0,0,0,C,18,Alveolar macrophage,45,19,3,3,3_4,AdventitialFib
C-8750,all,63,34,10477,3517,26,44897,0,0,0,0,0,C,18,B cell,56,35,3,3,3_5,SMC
C-8756,all,107,45,9849,2889,19,100376,0,0,0,0,0,C,19,Alveolar fibroblast 1,55,33,3,3,3_1,SMC
C-8758,all,69,45,10059,2094,21,60669,0,0,0,0,0,C,7,Alveolar fibroblast 1,58,45,2,2,2_4,Artery
C-8759,all,301,74,9695,3367,21,123868,0,0,0,0,0,C,143,B cell,47,23,3,3,3_5,SMC
C-8760,all,34,17,11074,3600,16,42520,0,0,0,0,0,C,2,Alveolar type 1 cell,42,18,3,3,3_5,SMC
C-8761,all,81,36,10122,3275,23,56099,0,0,0,0,0,C,10,Inflammatory monocyte,56,35,2,2,2_1,Capillary
C-8762,all,106,51,9748,3802,19,67275,0,0,0,0,0,C,8,Alveolar fibroblast 1,61,39,1,1,1_5_2,AlveolarFib
C-8764,all,64,32,11140,3125,27,70471,0,0,0,0,0,C,12,Alveolar fibroblast 1,58,33,2,2,2_2,InflamMac
C-8765,all,88,35,9353,2350,14,55497,0,0,0,0,0,C,33,Alveolar type 2 cell,58,34,2,2,2_2,InflamMac
C-8766,all,52,30,9686,3476,30,35740,0,0,0,0,0,C,3,Sox9+/Id2+ epithelial cell,51,30,8,8,8_2,InterstitialMac
C-8768,all,51,27,10572,2710,25,32536,0,0,0,0,0,C,2,Arterial endothelial cell,52,28,2,2,2_4,Artery
C-8769,all,154,48,10208,3698,34,60189,0,0,0,0,0,C,74,Capillary 2 cell,45,23,4,4,4_1_2,CiliatedEpi
C-8771,all,120,35,10120,3785,23,30600,0,0,0,0,0,C,71,Secretory cell,49,17,4,4,4_2,ClubEpi
C-8772,all,67,39,10040,2118,37,31699,0,0,0,0,0,C,5,Alveolar fibroblast 1,58,39,1,1,1_5_2,AlveolarFib
C-8774,all,111,46,9953,2647,36,63685,0,0,0,0,0,C,15,Alveolar fibroblast 1,51,29,3,3,3_4,AdventitialFib
C-8776,all,137,56,10106,3746,27,70781,0,0,0,0,0,C,40,Ciliated cell,62,45,4,4,4_1_2,CiliatedEpi
C-8777,all,27,8,9932,3165,6,12045,0,0,0,0,0,C,6,Alveolar type 1 cell,45,8,6,6,6,AT1
C-8778,all,21,12,11067,3033,29,29714,0,0,0,0,0,C,2,Alveolar macrophage,40,12,1,1,1_3,AT2
C-8781,all,164,64,9438,3460,29,83599,0,0,0,0,0,C,20,CD8+ T cell,51,35,2,2,2_2,InflamMac
C-8785,all,58,29,10579,2328,25,44000,0,0,0,0,0,C,3,Natural killer cell,55,30,2,2,2_2,InflamMac
C-8786,all,117,30,9974,2327,9,50949,54,0,54,0,1,C,5,Alveolar macrophage,49,19,6,6,6,AT1
C-8789,all,36,26,9973,2863,29,16956,0,0,0,0,0,C,6,Alveolar fibroblast 1,41,27,3,3,3_5,SMC
C-8791,all,107,55,10263,3620,27,67455,0,0,0,0,0,C,15,Alveolar fibroblast 1,55,39,2,2,2_2,InflamMac
C-8792,all,39,21,11155,2351,34,94069,0,0,0,0,0,C,11,Alveolar fibroblast 1,42,21,3,3,3_4,AdventitialFib
C-8797,all,86,33,9276,3523,23,42624,0,0,0,0,0,C,51,Ciliated cell,46,33,4,4,4_1_2,CiliatedEpi
C-8798,all,37,22,10049,2024,27,41241,0,0,0,0,0,C,7,Natural killer cell,41,22,7,7,7_3,Tcell (CD8)
C-8800,all,54,20,10258,3662,17,37535,0,0,0,0,0,C,9,Alveolar type 1 cell,51,20,1,1,1_4_3,AlveolarFib
C-8803,all,32,15,10531,2267,7,32113,0,0,0,0,0,C,6,Chondrocyte,43,15,1,1,1_2_1,Tcell (CD4)
C-8804,all,83,27,11044,2669,12,49614,0,0,0,0,0,C,8,Alveolar type 1 cell,56,27,6,6,6,AT1
C-8805,all,121,36,10296,2092,34,71225,0,0,0,0,0,C,20,Alveolar type 1 cell,45,22,6,6,6,AT1
C-8807,all,108,56,10239,2711,29,94414,0,0,0,0,0,C,8,Alveolar type 2 cell,53,40,2,2,2_2,InflamMac
C-8809,all,177,66,10511,3552,28,95642,0,0,0,0,0,C,77,Ciliated cell,50,29,4,4,4_1_2,ClubEpi
C-8812,all,134,55,11022,2795,24,141110,0,0,0,0,0,C,20,Arterial endothelial cell,46,31,3,3,3_1,SMC
C-8815,all,141,56,10443,3543,28,58452,0,0,0,0,0,C,44,Ciliated cell,45,30,4,4,4_1_2,CiliatedEpi
C-8816,all,126,49,10090,3769,23,49774,0,0,0,0,0,C,53,Ciliated cell,59,48,4,4,4_2,CiliatedEpi
C-8817,all,32,19,9464,3784,23,46031,0,0,0,0,0,C,4,Alveolar fibroblast 1,42,19,5,5,5_3,Pericyte
C-8818,all,58,21,11060,2628,17,39218,0,0,0,0,0,C,5,Mesothelial cell,53,21,3,3,3_3,AdventitialFib
C-8819,all,137,53,10532,3604,21,97638,0,0,0,0,0,C,52,Alveolar fibroblast 1,43,22,1,1,1_1,AT2
C-8820,all,39,21,10615,2327,27,42323,0,0,0,0,0,C,6,Alveolar type 1 cell,42,22,2,2,2_2,InflamMac
C-8822,all,53,33,9482,3762,26,35322,0,0,0,0,0,C,3,CD4+ T cell,53,33,3,3,3_4,AdventitialFib
C-8824,all,79,36,9905,2975,26,68226,0,0,0,0,0,C,37,B cell,58,36,9,9,9,Bcell
C-8827,all,123,50,9503,3716,30,53035,0,0,0,0,0,C,12,Alveolar fibroblast 1,43,24,1,1,1_5_2,AlveolarFib
C-8831,all,216,56,10172,3333,17,101743,0,0,0,0,0,C,132,Alveolar type 2 cell,42,15,2,2,2_2,InflamMac
C-8832,all,39,29,9964,2736,31,29584,0,0,0,0,0,C,5,Pericyte,40,29,5,5,5_3,Pericyte
C-8833,all,85,32,9401,3688,37,23406,0,0,0,0,0,C,45,Alveolar fibroblast 1,50,32,4,4,4_2,CiliatedEpi
C-8835,all,84,41,10486,3472,13,49547,0,0,0,0,0,C,15,Alveolar macrophage,58,41,8,8,8_1,AlveolarMac
C-8836,all,32,16,10537,2181,20,37620,0,0,0,0,0,C,3,Natural killer cell,42,17,1,1,1_6_2,Neutrophil
C-8847,all,17,3,10358,2228,3,9549,0,0,0,0,0,C,16,Alveolar type 2 cell,42,3,1,1,1_1,AT2
C-8851,all,167,44,10448,3585,28,63373,0,0,0,0,0,C,94,Ciliated cell,57,43,4,4,4_2,CiliatedEpi
C-8853,all,32,22,10635,2283,24,52939,0,0,0,0,0,C,6,Alveolar type 1 cell,39,22,6,6,6,AT1
C-8856,all,206,46,10493,3596,20,80397,0,0,0,0,0,C,123,Secretory cell,55,20,4,4,4_2,ClubEpi
C-8857,all,152,54,10309,3568,25,85752,0,0,0,0,0,C,11,Natural killer cell,52,30,1,1,1_4_1,AlveolarFib
C-8858,all,41,24,10681,2288,21,43426,0,0,0,0,0,C,9,Alveolar type 1 cell,44,24,6,6,6,AT1
C-8860,all,70,26,9331,3608,24,29833,0,0,0,0,0,C,40,Ciliated cell,40,24,4,4,4_2,CiliatedEpi
C-8861,all,64,32,9154,3470,23,34516,0,0,0,0,0,C,31,Ciliated cell,45,32,4,4,4_1_2,CiliatedEpi
C-8867,all,26,18,9940,2835,28,23883,0,0,0,0,0,C,3,Alveolar fibroblast 1,45,18,7,7,7_4,PatrolMac
C-8869,all,38,20,9304,3497,31,30426,0,0,0,0,0,C,8,Proliferative mesenchymal progenitor cell,42,21,3,3,3_2,SMC
C-8875,all,27,19,10602,3528,22,43964,0,0,0,0,0,C,5,Alveolar fibroblast 1,41,20,3,3,3_1,SMC
C-8877,all,27,16,9154,3375,20,23931,0,0,0,0,0,C,3,Mesothelial cell,41,16,3,3,3_3,AdventitialFib
C-8879,all,26,7,10600,2873,5,11583,0,0,0,0,0,C,20,Sox9+/Id2+ epithelial cell,43,7,1,1,1_1,AT2
C-8880,all,60,35,9737,3559,6,19613,0,0,0,0,0,C,6,Sox9+/Id2+ epithelial cell,57,36,1,1,1_4_1,AlveolarFib
C-8882,all,52,27,10290,3640,18,28745,0,0,0,0,0,C,9,Sox9+/Id2+ epithelial cell,52,27,5,5,5_3,Pericyte
C-8883,all,65,33,9385,3601,32,34870,0,0,0,0,0,C,12,Innate lymphoid cell,59,34,3,3,3_2,SMC
C-8887,all,45,18,9998,1979,14,37716,0,0,0,0,0,C,27,B cell,46,18,9,9,9,Bcell
C-8891,all,32,22,9480,3814,37,23179,0,0,0,0,0,C,5,Mesothelial cell,37,22,3,3,3_3,AdventitialFib
C-8892,all,154,50,9830,3200,28,103811,0,0,0,0,0,C,36,CD8+ T cell,51,29,7,7,7_4,PatrolMac
C-8893,all,137,54,9456,3669,30,55766,0,0,0,0,0,C,11,Alveolar fibroblast 1,49,31,1,1,1_4_1,AlveolarFib
C-8896,all,87,38,9903,2357,9,38446,0,0,0,0,0,C,7,Capillary 1 cell,61,38,6,6,6,AT1
C-8900,all,12,8,10012,3728,36,12688,0,0,0,0,0,C,6,Alveolar macrophage,28,8,1,1,1_2_3,Tcell (CD4)
C-8901,all,44,29,9936,2964,23,48102,0,0,0,0,0,C,10,Venous endothelial cell,44,29,9,9,9,Bcell
C-8902,all,156,56,10045,3815,20,43768,0,0,0,0,0,C,67,Alveolar type 1 cell,69,53,4,4,4_2,CiliatedEpi
C-8907,all,57,32,9637,3718,38,20255,0,0,0,0,0,C,15,CD4+ T cell,55,32,7,7,7_2,PatrolMac
C-8916,all,57,35,9972,2814,31,28943,0,0,0,0,0,C,3,Proliferative mesenchymal progenitor cell,55,35,1,1,1_5_2,AlveolarFib
C-8920,all,86,38,10282,5435,7,42161,0,0,0,0,0,C,13,Alveolar macrophage,58,38,1,1,1_4_1,AlveolarFib
C-8921,all,172,52,9385,4499,30,75411,0,0,0,0,0,C,9,CD4+ T cell,51,25,1,1,1_2_1,Tcell (CD4)
C-8922,all,212,79,10064,4918,27,91727,0,0,0,0,0,C,75,Ciliated cell,51,33,4,4,4_1_2,ClubEpi
C-8924,all,83,35,9803,5062,34,56351,0,0,0,0,0,C,10,Inflammatory monocyte,60,35,1,1,1_2_1,Tcell (CD4)
C-8925,all,111,51,9799,4861,22,106954,0,0,0,0,0,C,10,Inflammatory monocyte,50,34,1,1,1_2_3,Tcell (CD4)
C-8926,all,45,25,11043,4508,39,31880,0,0,0,0,0,C,9,CD4+ T cell,45,25,8,8,8_1,AlveolarMac
C-8927,all,283,99,9605,4325,29,91110,0,0,0,0,0,C,139,Venous endothelial cell,47,27,4,4,4_1_2,ClubEpi
C-8929,all,214,63,9295,4486,29,77223,0,0,0,0,0,C,7,Mesothelial cell,53,30,3,3,3_3,AdventitialFib
C-8930,all,55,22,10882,4984,36,35714,306376,158806,194642,0.449305131,0.550694869,C,11,Inflammatory monocyte,51,23,3,3,3_5,SMC
C-8931,all,112,29,10360,4801,34,28361,0,0,0,0,0,C,70,Alveolar fibroblast 1,54,29,4,4,4_2,CiliatedEpi
C-8932,all,29,20,10908,4347,39,29380,0,0,0,0,0,C,4,Inflammatory monocyte,35,20,1,1,1_2_3,Tcell (CD4)
C-8934,all,92,36,10067,5298,14,52383,51,0,51,0,1,C,21,CD8+ T cell,58,35,3,3,3_5,SMC
C-8935,all,54,27,9527,5584,34,28722,0,0,0,0,0,C,4,Sox9+/Id2+ epithelial cell,54,28,1,1,1_6_2,Neutrophil
C-8938,all,40,23,10838,5166,12,59688,0,0,0,0,0,C,12,Sox9+/Id2+ epithelial cell,42,23,9,9,9,Bcell
C-8939,all,174,67,10049,5560,21,88174,0,0,0,0,0,C,27,Vascular smooth muscle cell,46,33,1,1,1_2_1,Tcell (CD4)
C-8940,all,12,5,10817,4773,6,25213,0,0,0,0,0,C,10,CD4+ T cell,36,6,1,1,1_4_1,AlveolarFib
C-8942,all,198,81,9395,4160,30,57888,0,0,0,0,0,C,49,Venous endothelial cell,51,41,4,4,4_1_1,CiliatedEpi
C-8943,all,28,13,10911,4871,12,54835,0,0,0,0,0,C,3,B cell,39,13,1,1,1_2_1,Tcell (CD4)
C-8944,all,389,84,10022,4870,22,98162,0,0,0,0,0,C,210,Ciliated cell,46,14,4,4,4_2,ClubEpi
C-8945,all,60,26,10823,4714,32,62143,0,0,0,0,0,C,5,CD8+ T cell,56,27,2,2,2_2,InflamMac
C-8946,all,98,42,10618,4924,24,117482,0,0,0,0,0,C,20,Alveolar fibroblast 1,60,39,1,1,1_5_1,LymphaticEndo
C-8947,all,67,32,9670,5328,24,44165,0,0,0,0,0,C,14,Alveolar macrophage,56,32,3,3,3_3,AdventitialFib
C-8950,all,25,17,10954,4472,15,35534,0,0,0,0,0,C,3,Alveolar fibroblast 1,41,18,1,1,1_4_1,AlveolarFib
C-8952,all,485,110,10124,4893,22,101713,0,0,0,0,0,C,232,Arterial endothelial cell,44,32,4,4,4_2,CiliatedEpi
C-8955,all,154,61,9340,4605,28,84241,0,0,0,0,0,C,29,CD4+ T cell,53,40,7,7,7_3,Tcell (CD8)
C-8958,all,183,61,9901,5191,22,91627,0,0,0,0,0,C,13,Inflammatory monocyte,52,27,1,1,1_4_1,AlveolarFib
C-8960,all,123,51,9714,5342,28,55101,0,0,0,0,0,C,12,CD8+ T cell,42,25,2,2,2_2,InflamMac
C-8961,all,80,39,9570,3903,34,52871,0,0,0,0,0,C,15,Vascular smooth muscle cell,57,40,3,3,3_2,SMC
C-8964,all,121,41,10678,5044,18,99648,0,0,0,0,0,C,26,Inflammatory monocyte,51,32,2,2,2_2,InflamMac
C-8965,all,65,30,10870,4648,22,90231,0,0,0,0,0,C,12,Inflammatory monocyte,55,30,1,1,1_2_3,Tcell (CD4)
C-8966,all,108,48,9446,4410,36,53312,0,0,0,0,0,C,2,Alveolar macrophage,57,37,8,8,8_1,AlveolarMac
C-8967,all,9,6,11026,4755,39,10121,0,0,0,0,0,C,2,Inflammatory monocyte,31,8,2,2,2_5,DC
C-8968,all,128,50,9513,3871,28,61090,0,0,0,0,0,C,5,B cell,45,24,7,7,7_3,Tcell (CD8)
C-8969,all,16,5,11005,4590,7,12295,0,0,0,0,0,C,12,CD4+ T cell,37,5,1,1,1_1,AT2
C-8971,all,87,30,10843,4985,37,49527,606283,218332,340879,0.390428658,0.609571342,C,15,Inflammatory monocyte,58,30,1,1,1_2_3,Tcell (CD4)
C-8973,all,174,54,9650,5473,27,60407,0,0,0,0,0,C,28,Alveolar fibroblast 1,55,28,2,2,2_2,InflamMac
C-8976,all,43,20,10772,4983,14,61093,0,0,0,0,0,C,12,CD8+ T cell,43,20,6,6,6,AT1
C-8977,all,226,75,9921,4822,31,59403,0,0,0,0,0,C,99,Endothelial progenitor cell,46,35,4,4,4_1_2,CiliatedEpi
C-8978,all,6,3,10729,4843,7,15643,0,0,0,0,0,C,2,Alveolar type 1 cell,18,6,1,1,1_2_1,Tcell (CD4)
C-8979,all,68,37,9655,5186,37,28021,0,0,0,0,0,C,6,Inflammatory monocyte,57,37,7,7,7_2,PatrolMac
C-8980,all,59,27,9974,5522,7,21525,0,0,0,0,0,C,5,Alveolar type 1 cell,54,27,6,6,6,AT1
C-8981,all,81,38,9661,5359,21,52000,0,0,0,0,0,C,21,Inflammatory monocyte,57,38,1,1,1_2_1,Tcell (CD4)
C-8982,all,152,61,9289,4415,16,87691,0,0,0,0,0,C,30,Alveolar fibroblast 2,45,27,3,3,3_3,AdventitialFib
C-8983,all,255,81,9604,4491,24,114229,0,0,0,0,0,C,92,Arterial endothelial cell,48,35,4,4,4_1_2,CiliatedEpi
C-8984,all,249,79,9607,5294,18,81755,0,0,0,0,0,C,19,Alveolar fibroblast 1,47,33,1,1,1_4_1,AlveolarFib
C-8988,all,67,26,11141,5580,35,50450,0,0,0,0,0,C,22,Classical DC subset 2,55,27,1,1,1_4_1,AlveolarFib
C-8989,all,334,105,9629,4415,21,97231,0,0,0,0,0,C,142,Alveolar fibroblast 1,44,35,4,4,4_1_2,CiliatedEpi
C-8990,all,154,59,9781,5517,20,92415,0,0,0,0,0,C,17,Inflammatory monocyte,53,37,2,2,2_2,InflamMac
C-8993,all,194,67,9624,5451,26,85988,0,0,0,0,0,C,33,Alveolar type 2 cell,54,40,1,1,1_2_1,Tcell (CD4)
C-8996,all,107,41,9998,4909,28,64265,0,0,0,0,0,C,18,Arterial endothelial cell,56,30,7,7,7_3,Tcell (CD8)
C-8997,all,43,18,10692,4839,7,26223,0,0,0,0,0,C,8,CD8+ T cell,50,19,2,2,2_2,InflamMac
C-8999,all,22,13,11135,4911,28,25633,0,0,0,0,0,C,13,Alveolar fibroblast 1,40,14,3,3,3_5,SMC
C-9001,all,60,27,9546,4444,18,36664,0,0,0,0,0,C,17,Capillary 1 cell,55,27,3,3,3_2,SMC
C-9002,all,174,69,9849,5641,32,78261,0,0,0,0,0,C,34,Inflammatory monocyte,48,30,1,1,1_4_1,AlveolarFib
C-9003,all,56,20,9492,5649,9,20814,0,0,0,0,0,C,23,Inflammatory monocyte,51,21,2,2,2_2,InflamMac
C-9004,all,63,32,11056,4839,35,85736,0,0,0,0,0,C,10,Inflammatory monocyte,58,32,2,2,2_6,pDC
C-9006,all,69,29,10703,5007,23,83708,0,0,0,0,0,C,35,Alveolar type 1 cell,56,29,1,1,1_2_3,Tcell (CD4)
C-9007,all,77,33,10688,4421,20,55634,0,0,0,0,0,C,5,CD4+ T cell,57,33,1,1,1_2_3,Tcell (CD4)
C-9008,all,111,55,9829,3834,30,56264,0,0,0,0,0,C,16,Capillary 1 cell,52,36,1,1,1_2_1,Tcell (CD4)
C-9010,all,9,8,10645,4476,21,31945,0,0,0,0,0,C,3,Alveolar type 1 cell,30,9,3,3,3_5,SMC
C-9016,all,90,45,9623,4925,35,38057,0,0,0,0,0,C,8,Alveolar fibroblast 1,65,46,2,2,2_5,DC
C-9019,all,89,46,9495,3937,28,57454,0,0,0,0,0,C,23,Vascular smooth muscle cell,63,46,3,3,3_2,SMC
C-9023,all,83,46,10208,5332,32,44122,0,0,0,0,0,C,4,Arterial endothelial cell,65,47,2,2,2_4,Artery
C-9024,all,50,29,9933,5370,39,25883,0,0,0,0,0,C,6,CD4+ T cell,53,30,1,1,1_4_1,AlveolarFib
C-9025,all,110,48,10155,5120,36,66979,0,0,0,0,0,C,21,Alveolar type 1 cell,58,38,1,1,1_4_1,AlveolarFib
C-9026,all,144,67,9855,3882,34,54745,0,0,0,0,0,C,54,Sox9+/Id2+ epithelial cell,45,29,4,4,4_1_1,ClubEpi
C-9027,all,241,80,9350,4249,23,68766,0,0,0,0,0,C,127,Secretory cell,49,22,4,4,4_2,ClubEpi
C-9028,all,75,39,9528,4357,27,69809,0,0,0,0,0,C,21,Inflammatory monocyte,57,39,3,3,3_3,AdventitialFib
C-9029,all,209,25,10488,4817,12,40467,0,0,0,0,0,C,152,Secretory cell,55,9,4,4,4_2,ClubEpi
C-9031,all,137,46,11001,4439,14,65817,0,0,0,0,0,C,12,Alveolar fibroblast 1,53,33,1,1,1_4_1,AlveolarFib
C-9032,all,126,48,10383,5590,20,80139,0,0,0,0,0,C,24,Secondary crest myofibroblast,49,29,5,5,5_3,Pericyte
C-9034,all,108,43,10562,5028,33,89577,0,0,0,0,0,C,7,CD4+ T cell,52,30,7,7,7_4,PatrolMac
C-9035,all,147,52,10108,4921,29,54540,0,0,0,0,0,C,69,Capillary 1 cell,64,50,4,4,4_2,CiliatedEpi
C-9036,all,66,26,10408,4766,37,29966,0,0,0,0,0,C,13,Ciliated cell,54,26,4,4,4_1_3,CiliatedEpi
C-9038,all,136,48,9753,3960,24,56776,0,0,0,0,0,C,44,Mesothelial cell,59,36,4,4,4_1_2,CiliatedEpi
C-9039,all,51,26,11132,4539,38,32777,0,0,0,0,0,C,4,Innate lymphoid cell,54,28,2,2,2_5,DC
C-9040,all,55,21,11160,5420,10,50340,0,0,0,0,0,C,2,CD4+ T cell,52,21,1,1,1_2_1,Tcell (CD4)
C-9042,all,102,50,10117,5549,28,57421,0,0,0,0,0,C,13,B cell,59,42,3,3,3_2,SMC
C-9043,all,41,30,9493,4038,28,30328,0,0,0,0,0,C,7,CD4+ T cell,42,30,8,8,8_1,AlveolarMac
C-9045,all,92,47,9547,5097,12,31893,0,0,0,0,0,C,13,Innate lymphoid cell,65,49,2,2,2_5,DC
C-9047,all,28,19,9615,4005,33,24050,0,0,0,0,0,C,12,Alveolar macrophage,42,19,4,4,4_1_2,CiliatedEpi
C-9048,all,44,28,9460,3827,23,30488,0,0,0,0,0,C,8,Alveolar fibroblast 1,44,28,8,8,8_2,InterstitialMac
C-9051,all,49,35,10059,5593,33,26742,0,0,0,0,0,C,3,Pulmonary neuroendocrine cell,49,35,7,7,7_3,Tcell (CD8)
C-9054,all,204,67,9716,4776,21,96812,0,0,0,0,0,C,64,Ciliated cell,48,34,4,4,4_1_2,CiliatedEpi
C-9055,all,40,22,10189,5209,29,14184,0,0,0,0,0,C,4,Alveolar macrophage,44,22,1,1,1_2_3,Tcell (CD4)
C-9056,all,80,31,9451,3851,31,17773,0,0,0,0,0,C,45,Secretory cell,43,30,4,4,4_2,CiliatedEpi
C-9057,all,69,36,9872,3946,8,21392,0,0,0,0,0,C,17,Mesothelial cell,57,36,3,3,3_3,AdventitialFib
C-9058,all,159,63,9498,4430,24,92853,0,0,0,0,0,C,8,Alveolar macrophage,51,30,1,1,1_5_2,AlveolarFib
C-9060,all,189,65,10004,4953,32,85949,0,0,0,0,0,C,12,Inflammatory monocyte,50,36,2,2,2_5,DC
C-9061,all,111,42,9632,5016,34,53873,0,0,0,0,0,C,6,Alveolar macrophage,47,26,1,1,1_4_1,AlveolarFib
C-9062,all,77,39,10661,4528,36,38414,0,0,0,0,0,C,5,Alveolar fibroblast 1,57,39,1,1,1_5_1,LymphaticEndo
C-9063,all,94,37,10616,4752,27,66271,0,0,0,0,0,C,25,Arterial endothelial cell,61,37,7,7,7_2,PatrolMac
C-9065,all,258,88,9721,3987,28,68913,0,0,0,0,0,C,119,Arterial endothelial cell,47,36,4,4,4_1_2,CiliatedEpi
C-9066,all,251,63,10364,4876,25,85406,0,0,0,0,0,C,147,Ciliated cell,45,36,4,4,4_2,CiliatedEpi
C-9067,all,64,25,10679,4766,6,38326,0,0,0,0,0,C,14,Sox9+/Id2+ epithelial cell,54,26,2,2,2_2,InflamMac
C-9069,all,468,121,9804,4760,24,115175,0,0,0,0,0,C,206,Alveolar fibroblast 1,45,20,4,4,4_2,ClubEpi
C-9070,all,18,8,9679,4969,9,12800,0,0,0,0,0,C,11,CD8+ T cell,41,9,2,2,2_2,InflamMac
C-9071,all,35,15,10736,5017,20,43844,0,0,0,0,0,C,23,Proliferative mesenchymal progenitor cell,43,15,1,1,1_2_3,Tcell (CD4)
C-9072,all,52,24,10036,5611,37,25426,0,0,0,0,0,C,7,Alveolar macrophage,52,24,1,1,1_2_3,Tcell (CD4)
C-9076,all,64,32,9716,5598,31,47719,0,0,0,0,0,C,6,CD4+ T cell,56,32,1,1,1_2_1,Tcell (CD4)
C-9077,all,18,12,10798,5404,10,19609,0,0,0,0,0,C,4,Sox9+/Id2+ epithelial cell,38,12,1,1,1_2_3,Tcell (CD4)
C-9078,all,108,28,9998,5665,14,54262,0,0,0,0,0,C,74,CD4+ T cell,50,18,1,1,1_1,AT2
C-9080,all,16,7,9695,5025,15,12282,0,0,0,0,0,C,8,Sox9+/Id2+ epithelial cell,39,7,1,1,1_1,AT2
C-9081,all,46,28,10332,5530,9,25467,0,0,0,0,0,C,5,Inflammatory monocyte,47,28,2,2,2_1,Capillary
C-9082,all,99,37,9780,5009,26,77779,0,0,0,0,0,C,7,Inflammatory monocyte,62,33,7,7,7_2,PatrolMac
C-9085,all,193,60,9884,5101,13,78675,50,0,50,0,1,C,17,Capillary 2 cell,52,33,2,2,2_2,InflamMac
C-9087,all,33,26,9403,4442,37,12887,0,0,0,0,0,C,2,B cell,37,26,9,9,9,Bcell
C-9088,all,76,38,9727,4912,31,52401,0,0,0,0,0,C,7,Inflammatory monocyte,58,38,7,7,7_3,Tcell (CD8)
C-9089,all,240,75,9616,4572,21,61551,0,0,0,0,0,C,111,Ciliated cell,43,31,4,4,4_2,CiliatedEpi
C-9092,all,102,15,10981,4558,12,49076,0,0,0,0,0,C,84,Alveolar type 2 cell,53,14,1,1,1_3,AT2
C-9094,all,169,70,9992,3843,19,57716,0,0,0,0,0,C,41,B cell,46,27,4,4,4_1_1,CiliatedEpi
C-9096,all,129,62,9408,4211,33,57574,0,0,0,0,0,C,58,Alveolar fibroblast 1,63,52,4,4,4_1_1,CiliatedEpi
C-9097,all,47,28,9564,4101,19,52081,0,0,0,0,0,C,9,CD4+ T cell,47,28,1,1,1_2_1,Tcell (CD4)
C-9098,all,295,57,10250,4884,25,73858,0,0,0,0,0,C,174,Capillary 1 cell,47,28,4,4,4_2,CiliatedEpi
C-9100,all,107,40,11042,4664,20,96821,0,0,0,0,0,C,13,Innate lymphoid cell,55,32,1,1,1_2_1,Tcell (CD4)
C-9107,all,73,31,10860,4534,19,55430,0,0,0,0,0,C,12,Pericyte,54,31,1,1,1_2_1,Tcell (CD4)
C-9110,all,62,35,9437,4329,37,35980,0,0,0,0,0,C,9,Alveolar fibroblast 1,55,36,3,3,3_5,SMC
C-9114,all,171,58,10482,4718,34,51682,0,0,0,0,0,C,78,Secretory cell,47,21,4,4,4_2,ClubEpi
C-9115,all,21,14,10307,5590,4,13063,0,0,0,0,0,C,2,Sox9+/Id2+ epithelial cell,41,15,2,2,2_2,InflamMac
C-9117,all,60,31,10714,4897,14,53414,0,0,0,0,0,C,13,CD8+ T cell,54,32,2,2,2_5,DC
C-9118,all,25,15,9753,5585,30,60744,0,0,0,0,0,C,6,Neutrophil,39,15,3,3,3_4,AdventitialFib
C-9119,all,112,41,10694,4558,29,68166,0,0,0,0,0,C,13,Alveolar type 2 cell,50,26,1,1,1_3,AT2
C-9120,all,66,39,11156,4645,29,76705,0,0,0,0,0,C,7,CD8+ T cell,60,40,2,2,2_2,InflamMac
C-9121,all,29,19,9504,4168,24,79323,0,0,0,0,0,C,10,Ciliated cell,39,20,3,3,3_5,SMC
C-9122,all,98,30,10201,5022,20,54506,0,0,0,0,0,C,11,Alveolar macrophage,61,31,1,1,1_4_1,AlveolarFib
C-9125,all,123,56,9591,4748,37,69123,0,0,0,0,0,C,12,T regulatory cell,44,31,7,7,7_2,PatrolMac
C-9126,all,207,49,10261,4839,34,64500,0,0,0,0,0,C,109,Endothelial progenitor cell,46,22,4,4,4_1_2,CiliatedEpi
C-9127,all,48,32,11097,4517,39,29925,0,0,0,0,0,C,8,Alveolar type 1 cell,48,32,6,6,6,AT1
C-9129,all,47,21,10905,4906,15,61955,0,0,0,0,0,C,8,Alveolar macrophage,48,22,3,3,3_1,SMC
C-9130,all,95,43,9945,5503,6,29144,0,0,0,0,0,C,11,Alveolar type 1 cell,63,42,6,6,6,AT1
C-9133,all,41,22,11098,4910,20,71870,0,0,0,0,0,C,8,CD4+ T cell,42,22,1,1,1_5_2,AlveolarFib
C-9134,all,194,66,9319,4270,25,59420,0,0,0,0,0,C,117,Alveolar fibroblast 2,48,19,4,4,4_2,ClubEpi
C-9137,all,54,20,11112,4480,36,38848,0,0,0,0,0,C,3,Alveolar type 1 cell,52,20,6,6,6,AT1
C-9138,all,91,34,11094,5623,21,60047,0,0,0,0,0,C,24,Proliferative mesenchymal progenitor cell,61,34,1,1,1_5_1,LymphaticEndo
C-9140,all,72,33,10884,4683,20,77952,0,0,0,0,0,C,9,Alveolar fibroblast 1,52,34,3,3,3_2,SMC
C-9141,all,259,90,9422,3838,23,89040,0,0,0,0,0,C,133,Arterial endothelial cell,43,36,4,4,4_2,CiliatedEpi
C-9142,all,407,115,9957,3888,15,86909,0,0,0,0,0,C,134,Arterial endothelial cell,43,26,4,4,4_1_1,ClubEpi
C-9144,all,69,26,10312,5548,7,25067,0,0,0,0,0,C,7,Inflammatory monocyte,54,27,2,2,2_2,InflamMac
C-9146,all,154,78,9833,3933,21,52605,0,0,0,0,0,C,32,Secretory cell,45,36,4,4,4_1_1,ClubEpi
C-9148,all,473,127,9589,4186,25,142755,0,0,0,0,0,C,170,Arterial endothelial cell,43,34,4,4,4_1_2,CiliatedEpi
C-9149,all,7,6,9542,4000,34,43829,0,0,0,0,0,C,3,Sox9+/Id2+ epithelial cell,30,8,1,1,1_2_3,Tcell (CD4)
C-9150,all,60,27,10779,5213,15,59574,0,0,0,0,0,C,8,Mesothelial cell,56,27,8,8,8_2,InterstitialMac
C-9152,all,94,46,9767,4828,29,57639,0,0,0,0,0,C,10,Inflammatory monocyte,61,44,1,1,1_2_3,Tcell (CD4)
C-9155,all,278,105,9441,3996,17,67405,0,0,0,0,0,C,97,Secretory cell,47,35,4,4,4_1_1,ClubEpi
C-9157,all,29,16,10819,5117,35,39228,0,0,0,0,0,C,12,Alveolar type 1 cell,42,17,3,3,3_5,SMC
C-9158,all,475,88,9972,4839,18,93853,0,0,0,0,0,C,311,Secretory cell,50,14,4,4,4_2,ClubEpi
C-9159,all,67,30,10807,4414,26,45388,0,0,0,0,0,C,13,Mesothelial cell,57,30,1,1,1_4_3,AlveolarFib
C-9162,all,59,29,10182,5046,29,50475,0,0,0,0,0,C,3,CD8+ T cell,55,29,7,7,7_2,PatrolMac
C-9165,all,220,50,10296,4907,21,62493,0,0,0,0,0,C,148,CD4+ T cell,62,50,4,4,4_2,CiliatedEpi
C-9166,all,329,91,9612,5245,24,117698,0,0,0,0,0,C,63,Alveolar fibroblast 1,50,37,3,3,3_3,AdventitialFib
C-9167,all,25,14,11174,4440,20,73758,0,0,0,0,0,C,4,CD8+ T cell,44,14,6,6,6,AT1
C-9168,all,28,18,9535,4096,24,55566,0,0,0,0,0,C,7,CD4+ T cell,38,18,4,4,4_1_3,ClubEpi
C-9169,all,165,71,9555,4146,22,94406,0,0,0,0,0,C,66,Arterial endothelial cell,48,36,4,4,4_1_1,CiliatedEpi
C-9171,all,109,47,9594,3927,28,58986,0,0,0,0,0,C,9,Inflammatory monocyte,55,33,3,3,3_5,SMC
C-9173,all,36,20,9873,5127,24,18597,0,0,0,0,0,C,3,Natural killer cell,41,21,2,2,2_2,InflamMac
C-9174,all,54,32,10159,5277,18,43208,0,0,0,0,0,C,10,Neutrophil,54,33,2,2,2_2,InflamMac
C-9176,all,49,31,10643,4695,30,33764,0,0,0,0,0,C,9,Alveolar fibroblast 1,51,32,1,1,1_4_1,AlveolarFib
C-9178,all,211,43,10480,4685,35,38269,0,0,0,0,0,C,135,Arterial endothelial cell,62,42,4,4,4_2,CiliatedEpi
C-9179,all,326,95,9469,4068,23,100034,0,0,0,0,0,C,119,Endothelial progenitor cell,45,31,4,4,4_1_2,CiliatedEpi
C-9180,all,239,66,9719,5294,20,118101,0,0,0,0,0,C,53,Alveolar macrophage,54,35,8,8,8_1,AlveolarMac
C-9181,all,54,22,9858,5347,31,28562,0,0,0,0,0,C,2,CD4+ T cell,53,22,1,1,1_2_1,Tcell (CD4)
C-9187,all,50,22,9751,3934,30,20656,0,0,0,0,0,C,16,Secretory cell,50,22,4,4,4_1_1,ClubEpi
C-9188,all,22,12,10540,4921,6,18343,0,0,0,0,0,C,2,CD4+ T cell,40,12,7,7,7_3,Tcell (CD8)
C-9191,all,75,29,9771,4969,28,50993,0,0,0,0,0,C,13,CD4+ T cell,57,29,7,7,7_3,Tcell (CD8)
C-9194,all,235,86,9690,3853,24,106665,0,0,0,0,0,C,22,Alveolar fibroblast 1,51,38,3,3,3_4,AdventitialFib
C-9195,all,41,25,10061,5338,13,29528,0,0,0,0,0,C,3,B cell,44,25,2,2,2_6,pDC
C-9196,all,41,19,9502,4256,33,71093,0,0,0,0,0,C,5,Sox9+/Id2+ epithelial cell,45,20,3,3,3_2,SMC
C-9200,all,74,40,9529,3939,32,78185,0,0,0,0,0,C,18,Secondary crest myofibroblast,57,40,3,3,3_2,SMC
C-9204,all,41,27,9766,3917,31,25557,0,0,0,0,0,C,15,Inflammatory monocyte,43,28,3,3,3_2,SMC
C-9213,all,49,20,11124,4962,29,60323,0,0,0,0,0,C,22,CD8+ T cell,50,21,1,1,1_4_1,AlveolarFib
C-9216,all,273,89,9656,4036,18,81780,0,0,0,0,0,C,139,Arterial endothelial cell,52,37,4,4,4_1_2,CiliatedEpi
C-9217,all,363,66,10612,4596,18,78018,0,0,0,0,0,C,254,Alveolar type 1 cell,49,8,4,4,4_2,ClubEpi
C-9218,all,36,19,9729,4953,20,45801,0,0,0,0,0,C,6,Inflammatory monocyte,42,19,1,1,1_2_3,Tcell (CD4)
C-9219,all,88,43,10377,5512,28,83466,0,0,0,0,0,C,27,B cell,64,43,9,9,9,Bcell
C-9220,all,29,13,11156,4951,29,31418,0,0,0,0,0,C,8,Natural killer cell,41,14,1,1,1_6_2,Neutrophil
C-9221,all,13,7,11069,4929,34,41442,0,0,0,0,0,C,3,B cell,29,7,2,2,2_6,pDC
C-9222,all,125,50,10173,5238,22,71169,0,0,0,0,0,C,16,Inflammatory monocyte,46,26,1,1,1_2_3,Tcell (CD4)
C-9226,all,28,19,9586,3986,31,28516,0,0,0,0,0,C,4,Innate lymphoid cell,36,20,3,3,3_2,SMC
C-9227,all,349,104,9631,4468,18,84113,0,0,0,0,0,C,140,Ciliated cell,48,29,4,4,4_1_2,ClubEpi
C-9228,all,130,67,9740,4009,13,29766,0,0,0,0,0,C,45,Arterial endothelial cell,42,28,4,4,4_1_1,ClubEpi
C-9230,all,157,53,9665,4778,29,67475,0,0,0,0,0,C,23,Inflammatory monocyte,50,31,1,1,1_2_3,Tcell (CD4)
C-9231,all,107,36,10908,4483,19,76838,0,0,0,0,0,C,11,Alveolar fibroblast 1,61,31,2,2,2_6,pDC
C-9233,all,137,45,9585,4442,28,43468,0,0,0,0,0,C,76,CD8+ T cell,52,22,4,4,4_2,ClubEpi
C-9234,all,127,61,9620,5525,31,66238,0,0,0,0,0,C,18,Inflammatory monocyte,39,29,1,1,1_4_1,AlveolarFib
C-9240,all,24,17,9944,4928,40,13053,0,0,0,0,0,C,2,Alveolar macrophage,42,17,1,1,1_2_3,Tcell (CD4)
C-9243,all,103,49,10166,5182,22,44420,0,0,0,0,0,C,6,Natural killer cell,60,39,7,7,7_2,PatrolMac
C-9244,all,278,91,9570,4263,24,118427,0,0,0,0,0,C,125,Ciliated cell,51,39,4,4,4_1_2,CiliatedEpi
C-9245,all,42,19,9964,4911,36,24283,0,0,0,0,0,C,2,CD4+ T cell,44,19,1,1,1_2_1,Tcell (CD4)
C-9248,all,139,50,10192,5170,17,64106,0,0,0,0,0,C,11,Alveolar fibroblast 1,47,27,2,2,2_1,Capillary
C-9249,all,122,53,9887,5374,32,50443,0,0,0,0,0,C,7,Secretory cell,40,19,1,1,1_2_1,Tcell (CD4)
C-9250,all,416,87,10178,4885,22,88446,0,0,0,0,0,C,254,Ciliated cell,54,42,4,4,4_2,CiliatedEpi
C-9254,all,128,56,10615,4524,30,87726,0,0,0,0,0,C,20,B cell,46,30,9,9,9,Bcell
C-9255,all,55,37,9795,3860,32,24270,0,0,0,0,0,C,19,Capillary 1 cell,54,37,3,3,3_4,AdventitialFib
C-9257,all,75,37,9826,5433,31,51284,0,0,0,0,0,C,8,Inflammatory monocyte,55,37,1,1,1_2_3,Tcell (CD4)
C-9259,all,132,42,10237,5095,29,63581,0,0,0,0,0,C,11,Capillary 2 cell,50,27,2,2,2_2,InflamMac
C-9260,all,33,18,10838,4448,41,19566,0,0,0,0,0,C,6,CD4+ T cell,43,18,1,1,1_5_2,AlveolarFib
C-9261,all,53,27,9555,4054,22,90873,0,0,0,0,0,C,19,B cell,53,27,1,1,1_2_3,Tcell (CD4)
C-9263,all,232,74,9588,5580,17,123329,0,0,0,0,0,C,21,CD4+ T cell,50,34,2,2,2_2,InflamMac
C-9269,all,101,57,9632,4379,34,32010,0,0,0,0,0,C,23,Pericyte,71,55,8,8,8_2,InterstitialMac
C-9271,all,31,15,9738,5205,40,15424,0,0,0,0,0,C,13,Alveolar type 2 cell,45,16,2,2,2_2,InflamMac
C-9273,all,109,47,10766,4427,23,86279,0,0,0,0,0,C,17,Alveolar fibroblast 1,56,38,1,1,1_4_1,AlveolarFib
C-9277,all,198,42,10695,4479,19,82211,0,0,0,0,0,C,136,Secretory cell,60,40,4,4,4_2,CiliatedEpi
C-9279,all,157,49,9846,4950,12,94551,0,0,0,0,0,C,17,Alveolar type 1 cell,51,28,7,7,7_3,Tcell (CD8)
C-9281,all,264,81,9619,4540,22,77600,0,0,0,0,0,C,126,Secretory cell,47,21,4,4,4_2,ClubEpi
C-9284,all,154,59,9429,4464,18,79141,0,0,0,0,0,C,9,Inflammatory monocyte,48,31,1,1,1_2_1,Tcell (CD4)
C-9286,all,100,55,9903,5410,36,37337,0,0,0,0,0,C,6,Inflammatory monocyte,62,48,7,7,7_3,Tcell (CD8)
C-9287,all,42,23,10674,4634,30,29703,0,0,0,0,0,C,8,Alveolar type 1 cell,43,23,8,8,8_1,AlveolarMac
C-9288,all,135,63,9812,3920,30,39327,0,0,0,0,0,C,49,Ciliated cell,42,24,4,4,4_1_2,ClubEpi
C-9290,all,70,40,9676,3892,28,39739,0,0,0,0,0,C,6,Vascular smooth muscle cell,54,41,3,3,3_5,SMC
C-9296,all,136,47,10590,4563,32,41008,0,0,0,0,0,C,39,Ciliated cell,52,32,4,4,4_1_2,CiliatedEpi
C-9297,all,22,13,9594,5098,5,11173,0,0,0,0,0,C,3,CD4+ T cell,41,13,1,1,1_2_1,Tcell (CD4)
C-9302,all,10,5,10848,4623,39,29470,0,0,0,0,0,C,5,B cell,22,5,9,9,9,Bcell
C-9303,all,44,23,10742,4405,29,56232,0,0,0,0,0,C,9,CD8+ T cell,43,22,2,2,2_1,Capillary
C-9304,all,18,12,9821,5028,39,13333,0,0,0,0,0,C,2,Alveolar fibroblast 1,40,13,1,1,1_4_1,AlveolarFib
C-9308,all,117,55,9930,3867,24,48983,0,0,0,0,0,C,29,Capillary 1 cell,65,46,4,4,4_1_1,CiliatedEpi
C-9310,all,103,44,9703,3911,26,38435,0,0,0,0,0,C,41,Capillary 1 cell,57,43,4,4,4_1_2,CiliatedEpi
C-9311,all,31,14,11149,5000,34,44858,0,0,0,0,0,C,13,Secondary crest myofibroblast,41,14,3,3,3_4,AdventitialFib
C-9315,all,138,58,9677,3999,22,74589,0,0,0,0,0,C,45,Secretory cell,48,31,4,4,4_1_1,ClubEpi
C-9316,all,81,36,9715,5238,34,39745,0,0,0,0,0,C,25,Secondary crest myofibroblast,58,36,1,1,1_2_1,Tcell (CD4)
C-9317,all,61,37,9755,3870,37,22458,0,0,0,0,0,C,12,Alveolar fibroblast 1,55,37,3,3,3_4,AdventitialFib
C-9318,all,278,71,9759,4752,17,71628,0,0,0,0,0,C,100,Arterial endothelial cell,54,36,4,4,4_1_2,CiliatedEpi
C-9320,all,356,106,9460,3898,25,120945,0,0,0,0,0,C,169,Venous endothelial cell,42,31,4,4,4_1_2,CiliatedEpi
C-9322,all,50,26,9502,3838,37,25979,0,0,0,0,0,C,2,CD4+ T cell,50,26,1,1,1_2_1,Tcell (CD4)
C-9323,all,101,40,11081,5660,17,54811,0,0,0,0,0,C,16,Inflammatory monocyte,62,38,1,1,1_4_1,AlveolarFib
C-9324,all,168,65,9733,3890,27,66311,0,0,0,0,0,C,52,Venous endothelial cell,47,27,4,4,4_1_2,ClubEpi
C-9328,all,36,19,10706,4644,34,35702,0,0,0,0,0,C,5,Alveolar type 1 cell,43,19,1,1,1_4_1,AlveolarFib
C-9330,all,36,23,9722,5143,40,17473,0,0,0,0,0,C,5,Inflammatory monocyte,40,24,2,2,2_2,InflamMac
C-9331,all,41,27,9644,3888,21,28479,0,0,0,0,0,C,7,Secondary crest myofibroblast,45,28,3,3,3_5,SMC
C-9332,all,52,31,9973,3827,33,17052,0,0,0,0,0,C,13,Ciliated cell,49,30,4,4,4_1_1,CiliatedEpi
C-9334,all,152,40,9661,4722,11,32789,0,0,0,0,0,C,85,Alveolar macrophage,57,40,4,4,4_2,CiliatedEpi
C-9336,all,60,21,10666,4455,21,33936,0,0,0,0,0,C,33,Alveolar fibroblast 2,39,20,4,4,4_2,CiliatedEpi
C-9338,all,131,37,10728,4488,33,31934,0,0,0,0,0,C,75,Secretory cell,47,16,4,4,4_2,ClubEpi
C-9342,all,101,40,9958,5548,6,27807,0,0,0,0,0,C,12,Alveolar type 1 cell,58,35,6,6,6,AT1
C-9343,all,118,31,10706,4517,30,31969,0,0,0,0,0,C,80,CD4+ T cell,51,31,4,4,4_2,CiliatedEpi
C-9344,all,25,20,9380,4296,40,20388,0,0,0,0,0,C,8,B cell,36,21,2,2,2_2,InflamMac
C-9345,all,195,74,9653,4561,26,49666,0,0,0,0,0,C,87,Secretory cell,51,33,4,4,4_1_2,ClubEpi
C-9346,all,116,54,9463,4030,11,33848,0,0,0,0,0,C,25,Endothelial progenitor cell,55,36,4,4,4_1_1,CiliatedEpi
C-9350,all,52,33,9664,5540,18,28636,0,0,0,0,0,C,8,Sox9+/Id2+ epithelial cell,52,33,1,1,1_4_1,AlveolarFib
C-9352,all,93,28,9384,4256,39,21782,0,0,0,0,0,C,47,Alveolar fibroblast 2,56,27,4,4,4_2,CiliatedEpi
C-9353,all,75,39,9651,3916,19,40533,0,0,0,0,0,C,11,Alveolar macrophage,57,40,3,3,3_2,SMC
C-9356,all,302,45,10460,4834,18,69650,0,0,0,0,0,C,214,B cell,64,43,4,4,4_2,CiliatedEpi
C-9359,all,61,30,10083,5564,31,33248,0,0,0,0,0,C,11,Inflammatory monocyte,55,30,1,1,1_2_1,Tcell (CD4)
C-9363,all,98,43,9644,4973,21,45877,0,0,0,0,0,C,30,Alveolar fibroblast 1,60,42,3,3,3_2,SMC
C-9364,all,48,16,9784,4680,6,14329,0,0,0,0,0,C,15,Alveolar macrophage,48,16,1,1,1_2_3,Tcell (CD4)
C-9368,all,68,25,9788,3905,35,21767,0,0,0,0,0,C,41,Secretory cell,41,24,4,4,4_2,CiliatedEpi
C-9369,all,53,29,9655,3959,21,35186,0,0,0,0,0,C,8,Alveolar type 1 cell,53,30,3,3,3_2,SMC
C-9372,all,151,53,10814,4522,23,93332,0,0,0,0,0,C,12,Alveolar type 1 cell,48,27,6,6,6,AT1
C-9373,all,42,28,9664,3940,31,25000,0,0,0,0,0,C,19,Ciliated cell,44,29,3,3,3_2,SMC
C-9374,all,22,13,9155,4412,26,14511,0,0,0,0,0,C,7,Alveolar type 1 cell,40,13,1,1,1_2_3,Tcell (CD4)
C-9378,all,19,18,10857,6282,37,33922,0,0,0,0,0,C,3,Alveolar fibroblast 1,39,19,1,1,1_5_2,AlveolarFib
C-9380,all,26,18,9903,6141,37,49607,0,0,0,0,0,C,11,Capillary 1 cell,44,18,9,9,9,Bcell
C-9381,all,105,40,9824,6732,31,74293,201,0,201,0,1,C,13,Alveolar macrophage,61,36,8,8,8_1,AlveolarMac
C-9383,all,35,17,10513,6006,13,42804,0,0,0,0,0,C,13,Alveolar type 2 cell,44,17,1,1,1_1,AT2
C-9384,all,32,24,9749,6806,18,78168,0,0,0,0,0,C,6,Proliferative mesenchymal progenitor cell,39,24,8,8,8_2,InterstitialMac
C-9385,all,34,4,10394,5683,19,34686,0,0,0,0,0,C,32,Alveolar type 2 cell,46,4,1,1,1_1,AT2
C-9386,all,56,29,10425,5721,27,62876,0,0,0,0,0,C,11,Alveolar fibroblast 1,53,30,2,2,2_4,Artery
C-9388,all,47,31,10129,6339,32,53122,0,0,0,0,0,C,9,Pericyte,47,31,5,5,5_1,Pericyte
C-9389,all,106,34,9391,5750,16,67564,0,0,0,0,0,C,60,AT1/AT2,53,23,1,1,1_1,AT2
C-9390,all,32,20,10441,7150,26,69150,0,0,0,0,0,C,3,Sox9+/Id2+ epithelial cell,43,20,1,1,1_3,AT2
C-9391,all,76,44,9786,5698,28,75907,0,0,0,0,0,C,13,Inflammatory monocyte,56,44,5,5,5_1,Pericyte
C-9392,all,99,49,9526,7302,28,94053,0,0,0,0,0,C,8,Alveolar macrophage,62,46,8,8,8_1,AlveolarMac
C-9393,all,120,44,10002,6842,20,108571,0,0,0,0,0,C,47,Alveolar type 2 cell,42,20,1,1,1_1,AT2
C-9394,all,54,33,9491,6404,13,100069,0,0,0,0,0,C,8,Capillary 2 cell,54,33,2,2,2_6,pDC
C-9395,all,36,25,9340,6247,23,61225,0,0,0,0,0,C,3,Alveolar fibroblast 1,41,25,5,5,5_3,Pericyte
C-9396,all,25,14,10107,6248,34,66785,0,0,0,0,0,C,2,Natural killer cell,44,15,2,2,2_2,InflamMac
C-9397,all,20,11,10109,6170,14,26211,0,0,0,0,0,C,3,CD4+ T cell,40,11,2,2,2_1,Capillary
C-9398,all,41,24,9516,6884,32,63582,0,0,0,0,0,C,6,Natural killer cell,42,24,2,2,2_6,pDC
C-9399,all,75,36,9300,5759,26,70022,0,0,0,0,0,C,3,Alveolar fibroblast 1,60,37,2,2,2_4,Artery
C-9400,all,56,34,9911,5967,19,96077,0,0,0,0,0,C,21,B cell,55,34,9,9,9,Bcell
C-9401,all,19,16,10722,6717,34,44409,0,0,0,0,0,C,7,Natural killer cell,41,18,2,2,2_5,DC
C-9402,all,23,18,10288,6468,19,56605,0,0,0,0,0,C,3,Capillary 1 cell,41,18,2,2,2_1,Capillary
C-9403,all,58,15,11088,5698,25,65724,0,0,0,0,0,C,44,Arterial endothelial cell,52,16,2,2,2_4,Artery
C-9404,all,37,22,10095,6303,33,89477,0,0,0,0,0,C,3,CD4+ T cell,42,22,7,7,7_2,PatrolMac
C-9405,all,68,38,10866,6719,21,111006,0,0,0,0,0,C,16,Arterial endothelial cell,57,38,6,6,6,AT1
C-9406,all,58,32,9532,6072,27,65477,0,0,0,0,0,C,7,Pericyte,55,32,5,5,5_1,Pericyte
C-9407,all,12,8,11011,7097,10,41086,0,0,0,0,0,C,5,B cell,26,8,9,9,9,Bcell
C-9408,all,33,24,10735,6256,16,71542,0,0,0,0,0,C,8,Alveolar fibroblast 2,40,23,2,2,2_1,Capillary
C-9409,all,49,14,10494,6152,18,45631,0,0,0,0,0,C,35,Alveolar type 2 cell,48,14,1,1,1_3,AT2
C-9410,all,27,12,9947,6498,25,68810,0,0,0,0,0,C,6,T regulatory cell,42,12,7,7,7_4,PatrolMac
C-9411,all,21,14,10897,6250,25,44497,0,0,0,0,0,C,3,Inflammatory monocyte,41,16,2,2,2_5,DC
C-9414,all,58,36,10049,6358,30,64322,0,0,0,0,0,C,3,B cell,57,37,2,2,2_4,Artery
C-9416,all,77,33,10072,5843,14,47461,0,0,0,0,0,C,11,Alveolar type 1 cell,57,33,6,6,6,AT1
C-9419,all,42,27,10596,6359,31,69936,0,0,0,0,0,C,8,Alveolar macrophage,43,27,8,8,8_1,AlveolarMac
C-9420,all,49,30,10041,6878,21,63040,0,0,0,0,0,C,5,Alveolar type 2 cell,49,30,1,1,1_3,AT2
C-9421,all,40,24,10964,6736,35,69557,0,0,0,0,0,C,8,B cell,42,24,7,7,7_2,PatrolMac
C-9422,all,82,26,10497,5956,22,71066,0,0,0,0,0,C,54,Sox9+/Id2+ epithelial cell,56,26,8,8,8_2,InterstitialMac
C-9423,all,62,30,9370,5703,21,53298,0,0,0,0,0,C,7,Secondary crest myofibroblast,55,30,3,3,3_6,SCMF
C-9425,all,21,8,11048,6097,29,31523,0,0,0,0,0,C,17,Alveolar type 2 cell,42,8,1,1,1_3,AT2
C-9426,all,49,29,10673,6559,10,62857,253,253,0,1,0,C,5,Capillary 1 cell,49,29,8,8,8_2,InterstitialMac
C-9430,all,181,42,9915,6706,18,104234,0,0,0,0,0,C,124,Alveolar type 2 cell,46,14,1,1,1_1,AT2
C-9432,all,32,16,9370,6646,18,40799,0,0,0,0,0,C,3,Alveolar fibroblast 1,41,16,2,2,2_6,pDC
C-9433,all,12,10,10660,7245,14,40243,0,0,0,0,0,C,4,Pericyte,32,10,5,5,5_1,Pericyte
C-9434,all,46,22,10358,5795,15,85296,0,0,0,0,0,C,13,B cell,46,22,9,9,9,Bcell
C-9435,all,24,14,9709,6674,25,50645,0,0,0,0,0,C,2,Inflammatory monocyte,44,14,5,5,5_3,Pericyte
C-9436,all,30,21,10981,6925,17,73508,0,0,0,0,0,C,10,Pericyte,38,21,5,5,5_1,Pericyte
C-9439,all,22,7,10602,7034,10,38768,0,0,0,0,0,C,18,Alveolar type 2 cell,43,7,1,1,1_3,AT2
C-9440,all,16,15,9961,6805,28,39039,0,0,0,0,0,C,3,B cell,33,15,2,2,2_6,pDC
C-9442,all,67,41,9483,6100,13,48915,0,0,0,0,0,C,7,Alveolar type 1 cell,58,42,1,1,1_5_2,AlveolarFib
C-9444,all,15,9,10705,7262,19,81249,0,0,0,0,0,C,2,Alveolar macrophage,34,9,1,1,1_2_3,Tcell (CD4)
C-9446,all,37,20,10041,6814,9,51962,0,0,0,0,0,C,3,Alveolar macrophage,42,20,7,7,7_2,PatrolMac
C-9447,all,19,15,11020,6909,20,39304,0,0,0,0,0,C,3,B cell,38,15,9,9,9,Bcell
C-9448,all,35,23,10763,6730,21,88958,0,0,0,0,0,C,9,B cell,40,23,9,9,9,Bcell
C-9449,all,67,36,10638,6850,29,80610,0,0,0,0,0,C,10,B cell,60,36,9,9,9,Bcell
C-9450,all,21,15,10840,6212,25,64588,0,0,0,0,0,C,7,Pericyte,41,15,5,5,5_1,Pericyte
C-9451,all,9,8,10713,6218,19,27992,0,0,0,0,0,C,2,Neutrophil,27,9,8,8,8_2,InterstitialMac
C-9452,all,28,19,10410,7173,20,40887,0,0,0,0,0,C,9,Alveolar fibroblast 2,44,19,3,3,3_3,AdventitialFib
C-9454,all,169,60,9427,5732,29,77739,0,0,0,0,0,C,20,Alveolar fibroblast 1,51,28,6,6,6,AT1
C-9459,all,51,32,10399,6300,20,97955,0,0,0,0,0,C,6,Endothelial progenitor cell,51,32,6,6,6,AT1
C-9460,all,50,35,10055,5961,34,44021,0,0,0,0,0,C,5,Alveolar type 1 cell,50,35,6,6,6,AT1
C-9461,all,62,31,9380,5900,24,99608,0,0,0,0,0,C,7,Alveolar type 1 cell,55,32,2,2,2_2,InflamMac
C-9462,all,32,23,9806,5777,31,49767,0,0,0,0,0,C,4,CD8+ T cell,41,23,7,7,7_2,PatrolMac
C-9464,all,38,26,9318,6148,15,54339,0,0,0,0,0,C,2,Sox9+/Id2+ epithelial cell,41,27,1,1,1_6_2,Neutrophil
C-9465,all,20,13,9668,6435,23,32241,0,0,0,0,0,C,2,Capillary 2 cell,39,13,2,2,2_6,pDC
C-9468,all,72,31,9546,6449,27,80751,0,0,0,0,0,C,5,B cell,56,32,2,2,2_2,InflamMac
C-9469,all,43,26,9935,6965,13,75746,0,0,0,0,0,C,5,CD8+ T cell,43,26,7,7,7_2,PatrolMac
C-9470,all,57,13,9958,6257,18,33831,0,0,0,0,0,C,45,Alveolar fibroblast 1,52,13,8,8,8_2,InterstitialMac
C-9471,all,46,18,11015,7263,21,95171,0,0,0,0,0,C,32,Pericyte,47,18,5,5,5_1,Pericyte
C-9472,all,96,23,10624,6961,20,96155,0,0,0,0,0,C,64,Alveolar type 2 cell,54,22,1,1,1_3,AT2
C-9473,all,12,11,10388,6076,9,30642,0,0,0,0,0,C,3,Secondary crest myofibroblast,27,12,3,3,3_1,SMC
C-9476,all,147,45,10065,6430,26,95792,0,0,0,0,0,C,5,Alveolar fibroblast 1,51,25,1,1,1_4_1,AlveolarFib
C-9477,all,140,43,10328,6541,22,108117,0,0,0,0,0,C,16,Alveolar type 1 cell,44,17,6,6,6,AT1
C-9478,all,68,30,9630,6770,33,69542,0,0,0,0,0,C,7,Vascular smooth muscle cell,56,31,2,2,2_4,Artery
C-9480,all,9,5,11150,6132,13,67875,0,0,0,0,0,C,4,Proliferative mesenchymal progenitor cell,29,6,3,3,3_1,SMC
C-9482,all,38,25,9819,6223,18,87021,0,0,0,0,0,C,4,Arterial endothelial cell,42,26,2,2,2_4,Artery
C-9483,all,49,27,10516,6202,14,66874,0,0,0,0,0,C,4,Mesothelial cell,49,27,3,3,3_3,AdventitialFib
C-9485,all,30,24,10877,6362,28,93260,0,0,0,0,0,C,5,Arterial endothelial cell,35,24,2,2,2_4,Artery
C-9486,all,41,22,10840,6772,20,49610,0,0,0,0,0,C,2,Alveolar type 1 cell,43,22,6,6,6,AT1
C-9487,all,49,25,10716,6178,21,62212,0,0,0,0,0,C,5,Alveolar fibroblast 1,50,26,3,3,3_1,SMC
C-9488,all,10,8,10884,6601,29,38507,0,0,0,0,0,C,2,Natural killer cell,28,8,7,7,7_3,Tcell (CD8)
C-9490,all,23,14,10450,5692,27,26375,0,0,0,0,0,C,4,Capillary 2 cell,42,14,2,2,2_6,pDC
C-9491,all,30,24,10579,6262,11,60252,0,0,0,0,0,C,8,Secondary crest myofibroblast,39,25,3,3,3_5,SMC
C-9493,all,113,55,10339,6660,28,91910,0,0,0,0,0,C,7,Innate lymphoid cell,43,30,1,1,1_4_1,AlveolarFib
C-9494,all,97,49,9414,7069,29,129708,0,0,0,0,0,C,11,Natural killer cell,66,48,2,2,2_5,DC
C-9495,all,43,11,10919,6070,29,66541,0,0,0,0,0,C,27,Secondary crest myofibroblast,46,12,3,3,3_1,SMC
C-9496,all,111,24,10366,6778,16,104806,0,0,0,0,0,C,79,Alveolar type 2 cell,52,17,1,1,1_3,AT2
C-9497,all,24,17,11108,6130,25,77922,0,0,0,0,0,C,5,Alveolar fibroblast 1,48,18,3,3,3_1,SMC
C-9498,all,80,42,9323,6002,35,52374,0,0,0,0,0,C,12,B cell,58,42,5,5,5_1,Pericyte
C-9499,all,14,12,9306,6880,31,25254,0,0,0,0,0,C,3,Sox9+/Id2+ epithelial cell,28,12,1,1,1_3,AT2
C-9500,all,28,14,9286,6114,28,31208,0,0,0,0,0,C,7,Alveolar type 1 cell,42,14,6,6,6,AT1
C-9501,all,22,17,11115,7297,29,43049,0,0,0,0,0,C,3,Capillary 1 cell,44,17,2,2,2_3,Vein
C-9502,all,77,31,10344,6824,31,85477,0,0,0,0,0,C,33,Venous endothelial cell,54,31,1,1,1_3,AT2
C-9503,all,70,38,9953,5897,33,61528,0,0,0,0,0,C,5,Capillary 1 cell,55,38,8,8,8_1,AlveolarMac
C-9504,all,19,17,9934,6542,20,32433,58,0,58,0,1,C,2,B cell,39,17,2,2,2_6,pDC
C-9505,all,136,51,9756,6590,23,121089,0,0,0,0,0,C,5,Alveolar type 1 cell,52,32,6,6,6,AT1
C-9507,all,65,31,10042,6461,35,45515,0,0,0,0,0,C,4,Innate lymphoid cell,56,31,6,6,6,AT1
C-9510,all,16,10,10815,7261,10,27045,0,0,0,0,0,C,12,Alveolar type 2 cell,35,10,1,1,1_3,AT2
C-9513,all,11,7,10594,6051,6,12975,0,0,0,0,0,C,5,Secretory cell,31,7,5,5,5_1,Pericyte
C-9514,all,75,20,10867,7325,26,100075,0,0,0,0,0,C,11,Mesothelial cell,53,20,6,6,6,AT1
C-9515,all,8,5,10885,6087,29,50427,0,0,0,0,0,C,4,Alveolar fibroblast 1,23,7,3,3,3_1,SMC
C-9518,all,122,54,10113,7047,21,108544,247,0,247,0,1,C,13,Interstitial macrophage,44,26,8,8,8_3,InterstitialMac
C-9521,all,32,19,10323,7062,12,53358,0,0,0,0,0,C,4,Alveolar macrophage,42,19,1,1,1_2_1,Tcell (CD4)
C-9523,all,15,13,10104,6136,9,25990,108,0,108,0,1,C,3,Arterial endothelial cell,34,14,2,2,2_4,Artery
C-9524,all,24,16,11067,6961,17,51687,0,0,0,0,0,C,2,Natural killer cell,42,16,7,7,7_2,PatrolMac
C-9525,all,36,24,11013,6221,21,93709,0,0,0,0,0,C,6,B cell,41,24,9,9,9,Bcell
C-9526,all,74,34,9292,6222,26,56510,0,0,0,0,0,C,15,CD8+ T cell,57,35,3,3,3_1,SMC
C-9530,all,139,41,9704,6917,23,140241,0,0,0,0,0,C,72,AT1/AT2,49,22,1,1,1_1,AT2
C-9533,all,83,29,10030,5925,33,55356,0,0,0,0,0,C,11,Alveolar type 1 cell,57,29,6,6,6,AT1
C-9536,all,59,34,9660,6734,34,64155,0,0,0,0,0,C,4,Capillary 1 cell,55,35,2,2,2_1,Capillary
C-9538,all,23,18,10698,7329,33,54761,0,0,0,0,0,C,4,Inflammatory monocyte,42,18,8,8,8_3,InterstitialMac
C-9540,all,51,18,10800,6183,13,111513,0,0,0,0,0,C,29,Alveolar type 2 cell,50,18,1,1,1_3,AT2
C-9541,all,74,37,10987,6994,23,130483,0,0,0,0,0,C,6,Sox9+/Id2+ epithelial cell,56,37,2,2,2_3,Vein
C-9542,all,68,37,9799,6697,20,82525,3585,0,132,0,1,C,11,Alveolar macrophage,58,37,8,8,8_1,AlveolarMac
C-9543,all,24,18,9287,6901,36,22024,0,0,0,0,0,C,2,Arterial endothelial cell,43,18,5,5,5_3,Pericyte
C-9544,all,42,28,9938,6771,23,38616,0,0,0,0,0,C,5,Secondary crest myofibroblast,43,29,3,3,3_1,SMC
C-9545,all,39,17,10483,6631,15,60137,0,0,0,0,0,C,22,Pericyte,42,17,5,5,5_3,Pericyte
C-9546,all,20,14,10570,7207,29,38434,0,0,0,0,0,C,2,Inflammatory monocyte,41,15,2,2,2_2,InflamMac
C-9547,all,27,5,10993,5837,40,13475,0,0,0,0,0,C,23,Sox9+/Id2+ epithelial cell,46,5,1,1,1_1,AT2
C-9548,all,119,48,9369,5794,18,88660,0,0,0,0,0,C,24,Alveolar type 2 cell,47,26,1,1,1_3,AT2
C-9549,all,24,13,10302,7139,34,26362,0,0,0,0,0,C,2,CD8+ T cell,41,14,1,1,1_6_2,Neutrophil
C-9550,all,98,35,10731,6663,22,144220,0,0,0,0,0,C,55,Alveolar type 2 cell,58,32,9,9,9,Bcell
C-9553,all,45,25,10436,5891,10,32790,0,0,0,0,0,C,13,Inflammatory monocyte,45,25,7,7,7_2,PatrolMac
C-9555,all,38,21,9324,6675,22,108595,0,0,0,0,0,C,7,B cell,42,21,9,9,9,Bcell
C-9556,all,49,14,10471,6189,24,58457,0,0,0,0,0,C,36,Alveolar type 2 cell,48,14,1,1,1_1,AT2
C-9557,all,101,16,11075,7167,16,91501,0,0,0,0,0,C,88,Alveolar type 2 cell,53,13,1,1,1_3,AT2
C-9558,all,24,18,9317,6039,26,31709,0,0,0,0,0,C,3,Alveolar type 1 cell,46,19,3,3,3_1,SMC
C-9561,all,51,21,10938,6948,25,70439,0,0,0,0,0,C,33,Alveolar type 2 cell,50,21,1,1,1_3,AT2
C-9562,all,11,10,10375,6051,14,12093,0,0,0,0,0,C,4,Capillary 1 cell,31,10,2,2,2_1,Capillary
C-9563,all,76,23,9328,6483,21,55391,324,324,0,1,0,C,42,Alveolar type 2 cell,54,23,1,1,1_3,AT2
C-9567,all,18,16,9820,5733,29,55158,0,0,0,0,0,C,3,CD8+ T cell,35,16,7,7,7_2,PatrolMac
C-9570,all,31,23,9911,6506,10,44179,0,0,0,0,0,C,9,Arterial endothelial cell,39,23,5,5,5_1,Pericyte
C-9573,all,49,29,10162,6142,34,33776,0,0,0,0,0,C,5,B cell,49,29,1,1,1_5_2,AlveolarFib
C-9574,all,26,16,9316,6358,39,23548,0,0,0,0,0,C,2,Natural killer cell,45,16,7,7,7_3,Tcell (CD8)
C-9576,all,42,28,10233,6499,30,48281,0,0,0,0,0,C,4,Pericyte,42,28,5,5,5_3,Pericyte
C-9579,all,62,35,9839,5993,11,55047,0,0,0,0,0,C,12,Capillary 1 cell,55,35,2,2,2_3,Vein
C-9580,all,32,16,10574,7294,33,30406,0,0,0,0,0,C,7,Sox9+/Id2+ epithelial cell,42,16,6,6,6,AT1
C-9581,all,41,13,10336,7152,37,29218,0,0,0,0,0,C,2,Alveolar type 1 cell,45,13,6,6,6,AT1
C-9582,all,12,10,10901,6622,19,15522,0,0,0,0,0,C,3,Natural killer cell,29,10,3,3,3_4,AdventitialFib
C-9583,all,79,40,9367,5962,25,70848,0,0,0,0,0,C,3,Sox9+/Id2+ epithelial cell,60,41,1,1,1_6_2,Neutrophil
C-9585,all,16,7,10917,7072,34,78958,0,0,0,0,0,C,10,B cell,38,7,9,9,9,Bcell
C-9586,all,21,18,9831,6278,34,67864,0,0,0,0,0,C,2,CD8+ T cell,42,19,2,2,2_2,InflamMac
C-9587,all,39,27,9709,6451,15,66725,0,0,0,0,0,C,4,Sox9+/Id2+ epithelial cell,42,27,3,3,3_3,AdventitialFib
C-9589,all,92,31,9678,6131,17,75452,0,0,0,0,0,C,48,Alveolar type 2 cell,60,31,1,1,1_1,AT2
C-9593,all,28,13,10975,6492,18,53848,0,0,0,0,0,C,4,Alveolar type 1 cell,44,13,6,6,6,AT1
C-9596,all,22,15,9454,6602,37,31463,0,0,0,0,0,C,2,Inflammatory monocyte,44,16,3,3,3_1,SMC
C-9597,all,126,50,9994,5875,25,89070,0,0,0,0,0,C,44,Pericyte,45,28,5,5,5_3,Pericyte
C-9600,all,35,17,10737,7343,31,50450,0,0,0,0,0,C,15,Capillary 1 cell,43,17,1,1,1_1,AT2
C-9601,all,25,17,9328,6754,21,86191,0,0,0,0,0,C,9,Pericyte,45,17,2,2,2_3,Vein
C-9602,all,26,17,11064,5761,8,37318,0,0,0,0,0,C,4,Alveolar type 1 cell,44,17,9,9,9,Bcell
C-9603,all,120,32,9932,6239,18,63819,0,0,0,0,0,C,81,Alveolar type 2 cell,42,11,1,1,1_3,AT2
C-9604,all,131,64,10137,6117,25,112420,0,0,0,0,0,C,19,Pericyte,44,29,5,5,5_3,Pericyte
C-9605,all,50,29,10996,6107,26,84511,0,0,0,0,0,C,3,Alveolar fibroblast 1,50,29,1,1,1_5_2,AlveolarFib
C-9606,all,26,9,9602,6454,13,18442,558,0,558,0,1,C,3,Sox9+/Id2+ epithelial cell,40,10,2,2,2_2,InflamMac
C-9607,all,17,9,9662,6914,6,20811,0,0,0,0,0,C,3,B cell,38,10,1,1,1_4_1,AlveolarFib
C-9608,all,23,8,9332,6828,30,22960,0,0,0,0,0,C,16,Sox9+/Id2+ epithelial cell,45,8,1,1,1_1,AT2
C-9610,all,45,21,9398,6301,30,55389,160,0,160,0,1,C,2,T regulatory cell,46,22,1,1,1_6_2,Neutrophil
C-9612,all,70,35,10862,7598,11,72941,0,0,0,0,0,C,6,Interstitial macrophage,55,35,8,8,8_3,InterstitialMac
C-9614,all,106,47,9330,5949,26,68814,0,0,0,0,0,C,8,B cell,55,36,3,3,3_1,SMC
C-9616,all,12,6,10675,6107,19,31112,0,0,0,0,0,C,9,AT1/AT2,37,6,6,6,6,AT1
C-9617,all,18,10,9363,6868,13,24645,0,0,0,0,0,C,9,Sox9+/Id2+ epithelial cell,38,10,8,8,8_3,InterstitialMac
C-9618,all,6,6,11123,6433,24,37817,0,0,0,0,0,C,3,Alveolar type 2 cell,27,6,1,1,1_3,AT2
C-9619,all,26,19,10421,6657,29,62551,0,0,0,0,0,C,8,Natural killer cell,38,20,3,3,3_5,SMC
C-9622,all,25,10,11072,6120,27,45616,0,0,0,0,0,C,13,Sox9+/Id2+ epithelial cell,46,10,1,1,1_1,AT2
C-9625,all,74,41,9426,6391,26,81850,0,0,0,0,0,C,10,Alveolar type 2 cell,59,41,2,2,2_1,Capillary
C-9626,all,58,14,10949,6508,25,67205,0,0,0,0,0,C,4,Sox9+/Id2+ epithelial cell,51,14,6,6,6,AT1
C-9628,all,92,37,10033,7016,15,86711,0,0,0,0,0,C,38,AT1/AT2,58,36,1,1,1_1,AT2
C-9629,all,70,39,9669,6175,34,85136,0,0,0,0,0,C,14,Alveolar macrophage,56,39,2,2,2_3,Vein
C-9630,all,33,19,11118,6474,31,63680,0,0,0,0,0,C,18,Alveolar type 2 cell,40,19,1,1,1_3,AT2
C-9631,all,40,23,10258,5683,21,94228,0,0,0,0,0,C,6,Capillary 1 cell,42,23,2,2,2_3,Vein
C-9633,all,18,12,9400,6652,19,34077,0,0,0,0,0,C,2,Capillary 1 cell,36,12,1,1,1_3,AT2
C-9634,all,72,30,9383,6342,28,87539,0,0,0,0,0,C,30,Alveolar type 2 cell,51,30,1,1,1_3,AT2
C-9635,all,13,8,11105,6408,22,31982,0,0,0,0,0,C,6,Sox9+/Id2+ epithelial cell,38,8,1,1,1_1,AT2
C-9637,all,41,25,10215,6463,37,32024,0,0,0,0,0,C,2,B cell,43,26,3,3,3_5,SMC
C-9639,all,34,12,10903,6120,33,40586,0,0,0,0,0,C,21,Alveolar fibroblast 1,45,13,3,3,3_1,SMC
C-9640,all,22,16,10039,5845,14,31396,0,0,0,0,0,C,2,Alveolar type 1 cell,43,16,6,6,6,AT1
C-9645,all,19,9,11012,7142,29,90016,0,0,0,0,0,C,6,B cell,36,9,9,9,9,Bcell
C-9646,all,62,27,10746,6144,19,75249,0,0,0,0,0,C,13,Alveolar type 1 cell,53,27,1,1,1_5_1,LymphaticEndo
C-9647,all,23,19,9332,5759,34,20452,0,0,0,0,0,C,3,B cell,43,20,3,3,3_2,SMC
C-9653,all,42,19,10491,7180,15,62401,0,0,0,0,0,C,24,Alveolar type 2 cell,45,20,3,3,3_1,SMC
C-9654,all,84,44,10632,7071,20,118853,0,0,0,0,0,C,35,Alveolar type 2 cell,63,44,1,1,1_1,AT2
C-9655,all,45,30,9848,6986,35,41741,0,0,0,0,0,C,5,Ciliated cell,47,30,1,1,1_5_1,LymphaticEndo
C-9656,all,30,13,9331,6299,36,24488,0,0,0,0,0,C,3,Sox9+/Id2+ epithelial cell,41,13,2,2,2_3,Vein
C-9657,all,73,21,9970,6888,27,52484,0,0,0,0,0,C,45,Alveolar type 2 cell,52,21,1,1,1_1,AT2
C-9658,all,50,27,9384,6250,19,97674,0,0,0,0,0,C,2,Alveolar fibroblast 1,50,27,5,5,5_3,Pericyte
C-9659,all,9,8,10931,6189,21,29823,0,0,0,0,0,C,2,Pericyte,27,8,5,5,5_1,Pericyte
C-9661,all,120,39,9281,6165,17,81237,0,0,0,0,0,C,70,AT1/AT2,45,20,1,1,1_1,AT2
C-9666,all,11,10,10438,6436,5,13650,0,0,0,0,0,C,4,Alveolar type 1 cell,32,10,6,6,6,AT1
C-9670,all,21,17,11022,6525,21,71708,0,0,0,0,0,C,2,Natural killer cell,42,18,2,2,2_2,InflamMac
C-9671,all,26,19,11068,6416,17,51544,0,0,0,0,0,C,5,Capillary 1 cell,48,19,2,2,2_1,Capillary
C-9674,all,84,30,11014,6376,24,58671,0,0,0,0,0,C,14,Alveolar type 1 cell,58,30,6,6,6,AT1
C-9675,all,19,14,11043,7295,22,41513,0,0,0,0,0,C,5,Pericyte,40,14,5,5,5_1,Pericyte
C-9677,all,66,17,10933,7029,26,77030,0,0,0,0,0,C,42,Alveolar type 2 cell,50,17,1,1,1_3,AT2
C-9678,all,18,10,11085,6533,38,43045,0,0,0,0,0,C,4,Pericyte,38,10,5,5,5_3,Pericyte
C-9679,all,43,29,10582,6719,32,67596,0,0,0,0,0,C,6,Alveolar type 1 cell,43,29,2,2,2_6,pDC
C-9680,all,49,29,11008,6479,22,112962,0,0,0,0,0,C,6,Alveolar macrophage,49,29,8,8,8_1,AlveolarMac
C-9685,all,48,26,9707,6630,35,71309,0,0,0,0,0,C,3,Neutrophil,48,26,1,1,1_5_2,AlveolarFib
C-9686,all,59,16,10583,7260,14,46132,0,0,0,0,0,C,44,Sox9+/Id2+ epithelial cell,52,16,1,1,1_3,AT2
C-9687,all,37,24,10713,6554,10,31373,0,0,0,0,0,C,3,Capillary 1 cell,41,24,8,8,8_2,InterstitialMac
C-9689,all,97,42,10350,6147,16,84745,0,0,0,0,0,C,19,AT1/AT2,60,37,3,3,3_6,SCMF
C-9692,all,71,32,9635,6404,12,45442,5507,51,5456,0.009260941,0.990739059,C,8,Alveolar type 1 cell,54,32,3,3,3_6,SCMF
C-9694,all,64,21,9352,6500,24,42564,0,0,0,0,0,C,29,Alveolar type 2 cell,53,21,1,1,1_1,AT2
C-9695,all,21,16,10755,7263,28,40580,0,0,0,0,0,C,3,Natural killer cell,41,16,7,7,7_3,Tcell (CD8)
C-9697,all,55,33,10434,5948,17,54359,0,0,0,0,0,C,8,Sox9+/Id2+ epithelial cell,55,33,5,5,5_3,Pericyte
C-9699,all,17,13,10982,6676,36,37197,0,0,0,0,0,C,7,B cell,34,13,9,9,9,Bcell
C-9706,all,23,16,10839,7112,35,54922,0,0,0,0,0,C,5,Inflammatory monocyte,45,18,2,2,2_5,DC
C-9710,all,50,27,10614,6130,16,59931,0,0,0,0,0,C,6,Capillary 1 cell,52,28,2,2,2_1,Capillary
C-9712,all,36,16,11002,6175,36,65534,0,0,0,0,0,C,5,Alveolar type 1 cell,43,16,6,6,6,AT1
C-9713,all,28,17,10360,7015,23,71532,0,0,0,0,0,C,7,Alveolar fibroblast 1,41,18,3,3,3_1,SMC
C-9714,all,72,38,9766,6386,27,99559,14384,0,2782,0,1,C,12,CD8+ T cell,55,38,2,2,2_6,pDC
C-9715,all,53,34,10383,5719,26,84902,0,0,0,0,0,C,15,Secondary crest myofibroblast,55,35,3,3,3_1,SMC
C-9717,all,23,18,11029,7322,28,59508,0,0,0,0,0,C,3,Sox9+/Id2+ epithelial cell,43,18,2,2,2_3,Vein
C-9718,all,28,9,11053,5689,26,48058,0,0,0,0,0,C,19,Alveolar type 2 cell,44,9,1,1,1_1,AT2
C-9721,all,75,31,10920,6977,26,99830,0,0,0,0,0,C,32,Alveolar type 2 cell,54,31,1,1,1_3,AT2
C-9722,all,19,9,10629,7013,10,37617,0,0,0,0,0,C,12,Alveolar type 2 cell,42,9,1,1,1_1,AT2
C-9725,all,8,3,11005,5790,41,14490,0,0,0,0,0,C,7,Alveolar type 2 cell,35,4,1,1,1_1,AT2
C-9726,all,35,23,9311,6797,23,64394,0,0,0,0,0,C,6,Alveolar type 2 cell,40,24,2,2,2_2,InflamMac
C-9728,all,40,21,10683,6078,14,51458,0,0,0,0,0,C,24,Alveolar type 2 cell,44,21,5,5,5_1,Pericyte
C-9729,all,13,10,10662,7104,24,32731,0,0,0,0,0,C,3,Neutrophil,29,10,1,1,1_6_2,Neutrophil
C-9731,all,34,24,9299,6066,34,39062,0,0,0,0,0,C,7,B cell,40,24,1,1,1_3,AT2
C-9733,all,36,23,9797,6615,17,37651,0,0,0,0,0,C,2,CD8+ T cell,41,24,1,1,1_6_2,Neutrophil
C-9738,all,22,16,9467,6020,18,51159,0,0,0,0,0,C,3,Capillary 2 cell,42,16,2,2,2_6,pDC
C-9739,all,51,28,10879,6685,22,44645,0,0,0,0,0,C,2,Alveolar type 1 cell,50,28,6,6,6,AT1
C-9744,all,141,57,9757,5758,21,139157,0,0,0,0,0,C,8,Capillary 1 cell,44,29,2,2,2_2,InflamMac
C-9745,all,15,12,10872,6638,26,42063,0,0,0,0,0,C,2,Arterial endothelial cell,33,13,2,2,2_4,Artery
C-9746,all,21,15,10537,7227,32,45723,0,0,0,0,0,C,5,Natural killer cell,40,15,7,7,7_2,PatrolMac
C-9748,all,16,14,10551,6810,16,71920,0,0,0,0,0,C,6,B cell,32,14,9,9,9,Bcell
C-9749,all,16,5,11023,6329,17,37471,0,0,0,0,0,C,12,Sox9+/Id2+ epithelial cell,41,5,1,1,1_1,AT2
C-9750,all,27,20,10962,7419,35,73045,0,0,0,0,0,C,2,CD8+ T cell,43,21,1,1,1_6_2,Neutrophil
C-9751,all,13,8,11151,6438,27,40692,0,0,0,0,0,C,6,CD8+ T cell,32,8,6,6,6,AT1
C-9753,all,13,11,11060,7015,17,35188,0,0,0,0,0,C,2,Capillary 1 cell,35,10,2,2,2_1,Capillary
C-9754,all,49,30,10385,5758,25,75133,0,0,0,0,0,C,3,Arterial endothelial cell,50,31,2,2,2_4,Artery
C-9756,all,62,31,9435,6674,27,76424,0,0,0,0,0,C,6,Capillary 1 cell,54,31,6,6,6,AT1
C-9759,all,61,39,9345,5727,30,41213,0,0,0,0,0,C,3,Natural killer cell,58,40,2,2,2_2,InflamMac
C-9760,all,11,7,10759,7340,17,16154,0,0,0,0,0,C,6,Sox9+/Id2+ epithelial cell,35,7,1,1,1_1,AT2
C-9764,all,44,13,10944,6613,36,41712,0,0,0,0,0,C,32,AT1/AT2,47,13,1,1,1_1,AT2
C-9766,all,41,19,10601,6868,18,58541,0,0,0,0,0,C,3,Alveolar fibroblast 1,44,20,1,1,1_4_1,AlveolarFib
C-9767,all,69,31,10365,7069,21,131453,0,0,0,0,0,C,25,Sox9+/Id2+ epithelial cell,52,32,3,3,3_1,SMC
C-9768,all,22,14,10442,7212,34,50500,0,0,0,0,0,C,4,Alveolar fibroblast 1,41,15,1,1,1_4_3,AlveolarFib
C-9771,all,29,18,9278,6670,24,53915,0,0,0,0,0,C,4,B cell,38,18,9,9,9,Bcell
C-9773,all,58,27,9371,6811,34,41077,0,0,0,0,0,C,36,Alveolar type 2 cell,53,27,1,1,1_3,AT2
C-9776,all,28,20,10504,6289,32,48714,0,0,0,0,0,C,2,Inflammatory monocyte,40,20,3,3,3_4,AdventitialFib
C-9777,all,22,14,11020,6280,23,47662,0,0,0,0,0,C,9,Alveolar type 2 cell,41,14,5,5,5_3,Pericyte
C-9779,all,35,13,10765,7304,22,96086,0,0,0,0,0,C,23,Alveolar type 2 cell,46,13,1,1,1_3,AT2
C-9780,all,76,19,10466,5944,24,54016,0,0,0,0,0,C,50,Sox9+/Id2+ epithelial cell,53,19,1,1,1_1,AT2
C-9782,all,19,9,10118,7017,13,18053,0,0,0,0,0,C,4,Innate lymphoid cell,40,11,2,2,2_5,DC
C-9786,all,80,16,10479,6670,20,75035,0,0,0,0,0,C,54,Pericyte,52,16,5,5,5_3,Pericyte
C-9787,all,20,13,11006,6252,32,25431,0,0,0,0,0,C,3,Capillary 1 cell,39,13,2,2,2_1,Capillary
C-9789,all,83,16,9574,6426,21,36417,14570,2126,12444,0.145916266,0.854083734,C,13,Sox9+/Id2+ epithelial cell,58,16,1,1,1_3,AT2
C-9792,all,88,37,9317,6255,27,53943,0,0,0,0,0,C,5,Alveolar type 1 cell,63,37,6,6,6,AT1
C-9794,all,56,32,9494,6061,17,65252,0,0,0,0,0,C,7,Capillary 1 cell,54,32,9,9,9,Bcell
C-9795,all,55,26,9376,6518,34,41790,0,0,0,0,0,C,8,T regulatory cell,54,27,1,1,1_6_2,Neutrophil
C-9796,all,17,11,9157,5829,35,15102,0,0,0,0,0,C,4,Alveolar macrophage,33,11,8,8,8_1,AlveolarMac
C-9798,all,11,9,10635,6337,10,25234,0,0,0,0,0,C,2,Natural killer cell,32,10,2,2,2_2,InflamMac
C-9799,all,8,4,10624,7126,10,19665,0,0,0,0,0,C,6,Sox9+/Id2+ epithelial cell,34,6,1,1,1_1,AT2
C-9802,all,31,17,11046,6305,26,63289,0,0,0,0,0,C,4,Sox9+/Id2+ epithelial cell,42,17,2,2,2_3,Vein
C-9803,all,63,22,10335,6984,28,85812,0,0,0,0,0,C,33,Alveolar type 2 cell,54,22,1,1,1_1,AT2
C-9807,all,66,35,9306,5840,31,63258,0,0,0,0,0,C,7,Inflammatory monocyte,58,37,2,2,2_5,DC
