orig.ident,nCount_RNA,nFeature_RNA,x,y,z,volume,np,np_nuc,np_cyto,pctnuc,pctcyto,region,marker_reads,predicted.id,nCount_SCT,nFeature_SCT,SCT_snn_res.0.1,seurat_clusters,lung,cell_type
D-2,all,19,16,1845,35,28,37177,0,0,0,0,0,D,2,Endothelial progenitor cell,39,16,3,3,3_4,AdventitialFib
D-3,all,90,17,306,862,12,69622,0,0,0,0,0,D,72,AT1/AT2,54,16,1,1,1_1,AT2
D-4,all,94,23,489,1744,13,75312,0,0,0,0,0,D,67,CD8+ T cell,55,21,1,1,1_1,AT2
D-6,all,28,21,211,1481,28,73720,0,0,0,0,0,D,7,Alveolar type 1 cell,39,21,2,2,2_3,Vein
D-7,all,69,22,1722,94,21,87586,0,0,0,0,0,D,10,Alveolar type 1 cell,54,22,6,6,6,AT1
D-8,all,28,17,535,604,12,63829,0,0,0,0,0,D,7,Arterial endothelial cell,40,17,4,4,4_1_1,ClubEpi
D-9,all,28,15,1203,1393,11,79043,0,0,0,0,0,D,5,Ciliated cell,42,15,2,2,2_1,Capillary
D-10,all,22,11,1770,138,20,72022,0,0,0,0,0,D,6,Pericyte,38,11,5,5,5_1,Pericyte
D-11,all,35,24,405,1784,35,57279,0,0,0,0,0,D,9,Alveolar macrophage,41,24,8,8,8_1,AlveolarMac
D-12,all,28,20,1667,132,14,49687,0,0,0,0,0,D,3,Capillary 1 cell,38,20,2,2,2_1,Capillary
D-16,all,82,18,108,921,14,68402,0,0,0,0,0,D,16,Alveolar type 1 cell,54,18,6,6,6,AT1
D-18,all,34,21,188,1593,26,50482,0,0,0,0,0,D,5,Natural killer cell,42,22,2,2,2_2,InflamMac
D-19,all,28,15,692,740,35,54345,0,0,0,0,0,D,2,Proliferative mesenchymal progenitor cell,40,16,3,3,3_1,SMC
D-20,all,36,22,1407,1491,11,43206,0,0,0,0,0,D,8,Pericyte,39,22,5,5,5_1,Pericyte
D-21,all,14,11,86,812,21,48900,0,0,0,0,0,D,4,B cell,30,11,3,3,3_4,AdventitialFib
D-22,all,28,22,1701,451,9,41337,0,0,0,0,0,D,7,Pericyte,38,22,5,5,5_3,Pericyte
D-23,all,77,40,163,527,27,132370,0,0,0,0,0,D,13,B cell,54,40,9,9,9,Bcell
D-24,all,20,14,750,1822,20,48255,0,0,0,0,0,D,6,Arterial endothelial cell,41,14,2,2,2_4,Artery
D-25,all,41,17,1104,1539,12,72618,0,0,0,0,0,D,10,Pericyte,43,17,5,5,5_1,Pericyte
D-27,all,78,33,1573,20,23,142519,0,0,0,0,0,D,24,Venous endothelial cell,56,33,9,9,9,Bcell
D-28,all,23,16,381,613,32,61461,0,0,0,0,0,D,8,Capillary 1 cell,41,16,7,7,7_3,Tcell (CD8)
D-30,all,140,28,1197,1531,16,95804,0,0,0,0,0,D,110,Alveolar type 2 cell,44,8,1,1,1_3,AT2
D-31,all,93,26,777,1673,23,80334,0,0,0,0,0,D,19,Alveolar type 1 cell,58,26,6,6,6,AT1
D-34,all,26,12,230,1884,28,70192,0,0,0,0,0,D,7,Natural killer cell,43,12,7,7,7_4,PatrolMac
D-36,all,44,27,948,1685,10,50598,0,0,0,0,0,D,5,Inflammatory monocyte,45,28,3,3,3_5,SMC
D-37,all,18,10,724,402,8,27156,814,279,535,0.3427518,0.6572482,D,3,Sox9+/Id2+ epithelial cell,36,10,3,3,3_6,SCMF
D-39,all,24,13,205,1825,25,68281,0,0,0,0,0,D,5,Capillary 1 cell,43,13,2,2,2_1,Capillary
D-40,all,53,28,241,1714,24,103058,0,0,0,0,0,D,9,Alveolar fibroblast 1,53,28,3,3,3_4,AdventitialFib
D-41,all,20,13,1721,48,32,45584,0,0,0,0,0,D,2,Endothelial progenitor cell,40,13,3,3,3_4,AdventitialFib
D-42,all,92,39,1010,1660,18,107828,0,0,0,0,0,D,38,Interstitial macrophage,62,38,8,8,8_3,InterstitialMac
D-44,all,42,21,1204,1308,27,77224,0,0,0,0,0,D,15,Alveolar fibroblast 1,45,22,1,1,1_5_1,LymphaticEndo
D-45,all,62,27,1572,85,25,112744,0,0,0,0,0,D,15,T regulatory cell,55,27,6,6,6,AT1
D-46,all,60,31,1072,1461,16,92910,0,0,0,0,0,D,19,Alveolar type 1 cell,51,30,2,2,2_1,Capillary
D-48,all,10,9,973,1627,37,31305,0,0,0,0,0,D,3,Capillary 1 cell,28,10,2,2,2_1,Capillary
D-49,all,16,12,1039,206,28,31177,0,0,0,0,0,D,3,Inflammatory monocyte,34,14,2,2,2_5,DC
D-50,all,109,33,1475,1380,25,127981,0,0,0,0,0,D,63,Alveolar type 2 cell,53,24,1,1,1_1,AT2
D-53,all,23,12,416,1747,16,41111,60,0,60,0,1,D,11,Alveolar macrophage,40,12,5,5,5_1,Pericyte
D-54,all,64,23,340,1918,9,38525,0,0,0,0,0,D,12,Alveolar type 1 cell,54,23,6,6,6,AT1
D-55,all,92,32,1037,1727,17,84317,0,0,0,0,0,D,23,Arterial endothelial cell,58,31,2,2,2_4,Artery
D-57,all,42,20,792,1460,7,39750,0,0,0,0,0,D,12,Vascular smooth muscle cell,44,20,3,3,3_6,SCMF
D-58,all,103,15,1389,1631,20,76954,0,0,0,0,0,D,85,Alveolar type 2 cell,52,13,1,1,1_1,AT2
D-59,all,105,31,104,530,21,77399,0,0,0,0,0,D,16,Alveolar type 1 cell,56,26,6,6,6,AT1
D-60,all,37,28,232,1573,26,74741,0,0,0,0,0,D,6,Alveolar type 1 cell,40,29,1,1,1_5_1,LymphaticEndo
D-61,all,9,5,1855,1832,12,36213,0,0,0,0,0,D,6,B cell,19,6,3,3,3_6,SCMF
D-62,all,27,14,1296,1722,20,72751,0,0,0,0,0,D,17,Pericyte,40,14,5,5,5_1,Pericyte
D-63,all,22,11,1876,1064,13,45837,0,0,0,0,0,D,6,Alveolar type 1 cell,41,11,6,6,6,AT1
D-65,all,16,13,261,1655,26,59562,0,0,0,0,0,D,4,Sox9+/Id2+ epithelial cell,35,14,2,2,2_3,Vein
D-66,all,24,17,1210,1196,22,61952,0,0,0,0,0,D,6,Capillary 1 cell,44,17,2,2,2_3,Vein
D-67,all,9,4,1303,1842,39,14497,0,0,0,0,0,D,8,Alveolar type 2 cell,34,5,1,1,1_1,AT2
D-68,all,31,16,145,301,34,80709,0,0,0,0,0,D,3,Arterial endothelial cell,44,18,2,2,2_5,DC
D-69,all,63,34,875,1113,21,113995,0,0,0,0,0,D,11,Natural killer cell,56,34,7,7,7_3,Tcell (CD8)
D-70,all,22,11,808,877,5,26688,0,0,0,0,0,D,5,Natural killer cell,40,11,7,7,7_3,Tcell (CD8)
D-71,all,38,27,733,775,29,87702,0,0,0,0,0,D,11,Arterial endothelial cell,41,28,3,3,3_1,SMC
D-72,all,13,10,1093,1690,24,47319,0,0,0,0,0,D,4,Pericyte,30,10,5,5,5_1,Pericyte
D-73,all,35,24,800,475,23,132221,0,0,0,0,0,D,7,Alveolar fibroblast 1,42,24,1,1,1_3,AT2
D-76,all,16,11,1229,1832,28,39113,0,0,0,0,0,D,8,Pericyte,33,11,3,3,3_2,SMC
D-77,all,10,8,1905,868,23,54774,0,0,0,0,0,D,2,Deuterosomal cell,25,9,1,1,1_6_2,Neutrophil
D-78,all,22,9,390,1014,22,42542,0,0,0,0,0,D,12,Alveolar type 2 cell,43,9,1,1,1_3,AT2
D-82,all,19,10,1821,63,27,51479,0,0,0,0,0,D,3,Capillary 2 cell,40,10,2,2,2_6,pDC
D-83,all,40,17,1696,1687,34,83743,0,0,0,0,0,D,12,Alveolar type 1 cell,44,17,6,6,6,AT1
D-84,all,106,12,601,518,15,87421,0,0,0,0,0,D,90,Sox9+/Id2+ epithelial cell,53,11,1,1,1_3,AT2
D-86,all,39,23,92,405,14,74968,0,0,0,0,0,D,3,Capillary 2 cell,42,23,5,5,5_3,Pericyte
D-89,all,28,18,355,1062,31,66297,0,0,0,0,0,D,9,Alveolar fibroblast 1,39,19,2,2,2_4,Artery
D-90,all,13,8,1151,1119,17,33153,0,0,0,0,0,D,9,Sox9+/Id2+ epithelial cell,30,8,8,8,8_3,InterstitialMac
D-91,all,33,13,1730,1305,24,69376,0,0,0,0,0,D,28,Pericyte,42,13,1,1,1_1,AT2
D-92,all,124,28,171,1515,23,95832,0,0,0,0,0,D,90,Alveolar type 2 cell,45,12,1,1,1_3,AT2
D-93,all,11,9,204,251,12,38078,0,0,0,0,0,D,3,Capillary 1 cell,30,10,2,2,2_3,Vein
D-94,all,125,47,1111,1638,26,129916,0,0,0,0,0,D,18,Alveolar type 1 cell,42,20,6,6,6,AT1
D-95,all,44,12,123,1044,37,34969,0,0,0,0,0,D,36,Alveolar type 2 cell,46,12,1,1,1_3,AT2
D-97,all,26,12,398,977,34,44030,0,0,0,0,0,D,10,T regulatory cell,44,12,7,7,7_2,PatrolMac
D-102,all,49,13,260,1833,30,78696,0,0,0,0,0,D,41,Alveolar type 2 cell,48,13,1,1,1_3,AT2
D-105,all,7,5,28,990,9,17246,0,0,0,0,0,D,2,Basophil,26,7,2,2,2_5,DC
D-106,all,24,18,649,130,10,52648,0,0,0,0,0,D,6,B cell,44,18,9,9,9,Bcell
D-107,all,13,10,941,186,16,41460,0,0,0,0,0,D,4,Sox9+/Id2+ epithelial cell,26,10,3,3,3_4,AdventitialFib
D-108,all,72,31,783,740,18,84250,0,0,0,0,0,D,18,Alveolar type 1 cell,54,31,6,6,6,AT1
D-109,all,8,4,1444,1686,8,17919,0,0,0,0,0,D,4,Arterial endothelial cell,23,6,2,2,2_4,Artery
D-110,all,89,15,1235,1704,18,64740,0,0,0,0,0,D,75,Alveolar type 2 cell,53,15,1,1,1_3,AT2
D-111,all,20,13,409,1276,18,36106,0,0,0,0,0,D,2,Endothelial progenitor cell,39,13,7,7,7_3,Tcell (CD8)
D-112,all,17,4,308,1738,39,16987,0,0,0,0,0,D,13,Alveolar type 2 cell,41,4,1,1,1_1,AT2
D-113,all,43,24,307,1077,26,97482,0,0,0,0,0,D,8,Interstitial macrophage,43,24,9,9,9,Bcell
D-114,all,8,5,1263,123,38,21410,0,0,0,0,0,D,3,Alveolar fibroblast 1,30,6,3,3,3_1,SMC
D-116,all,9,5,204,572,28,23736,0,0,0,0,0,D,3,B cell,23,6,5,5,5_1,Pericyte
D-117,all,24,19,1121,1348,36,63554,0,0,0,0,0,D,12,Pericyte,45,19,5,5,5_1,Pericyte
D-118,all,91,26,298,1555,31,67119,0,0,0,0,0,D,12,Alveolar type 1 cell,58,26,6,6,6,AT1
D-119,all,26,16,965,825,33,41459,0,0,0,0,0,D,12,Alveolar fibroblast 1,45,17,3,3,3_1,SMC
D-121,all,59,29,559,1732,33,65476,0,0,0,0,0,D,21,Alveolar type 2 cell,55,30,2,2,2_1,Capillary
D-122,all,20,15,1139,1705,11,62468,0,0,0,0,0,D,11,Neutrophil,36,15,3,3,3_2,SMC
D-123,all,53,17,845,1808,23,71473,0,0,0,0,0,D,33,Alveolar type 2 cell,50,17,1,1,1_1,AT2
D-124,all,40,19,696,570,21,66097,0,0,0,0,0,D,9,Alveolar type 1 cell,43,19,6,6,6,AT1
D-125,all,55,20,410,696,26,59909,0,0,0,0,0,D,10,Alveolar type 1 cell,51,20,6,6,6,AT1
D-127,all,29,14,1761,1778,31,55401,0,0,0,0,0,D,12,Alveolar macrophage,39,14,8,8,8_1,AlveolarMac
D-128,all,7,6,364,1019,30,13168,0,0,0,0,0,D,4,Alveolar type 2 cell,32,7,1,1,1_1,AT2
D-129,all,16,13,1489,1674,16,54021,0,0,0,0,0,D,4,Pericyte,34,13,5,5,5_1,Pericyte
D-130,all,12,10,1505,1635,17,42289,0,0,0,0,0,D,2,Alveolar type 1 cell,31,10,6,6,6,AT1
D-131,all,71,39,50,913,21,116808,0,0,0,0,0,D,18,B cell,58,39,9,9,9,Bcell
D-132,all,38,26,1630,51,32,72050,0,0,0,0,0,D,10,Alveolar fibroblast 1,42,26,9,9,9,Bcell
D-133,all,66,14,1892,1013,28,77181,0,0,0,0,0,D,52,Sox9+/Id2+ epithelial cell,51,14,1,1,1_1,AT2
D-135,all,45,20,112,480,32,66851,0,0,0,0,0,D,6,Sox9+/Id2+ epithelial cell,46,20,6,6,6,AT1
D-137,all,20,15,923,1805,36,40524,0,0,0,0,0,D,4,Vascular smooth muscle cell,40,16,2,2,2_4,Artery
D-139,all,24,16,1239,228,29,74773,0,0,0,0,0,D,9,Sox9+/Id2+ epithelial cell,46,18,2,2,2_5,DC
D-140,all,30,19,387,1092,24,94115,0,0,0,0,0,D,5,Endothelial progenitor cell,40,20,2,2,2_1,Capillary
D-141,all,50,21,835,774,16,93986,0,0,0,0,0,D,13,Sox9+/Id2+ epithelial cell,50,22,3,3,3_1,SMC
D-142,all,49,16,275,414,24,58565,0,0,0,0,0,D,31,Alveolar type 2 cell,49,16,1,1,1_1,AT2
D-143,all,55,21,831,1891,36,65318,0,0,0,0,0,D,11,Alveolar macrophage,51,21,6,6,6,AT1
D-144,all,100,15,141,864,27,71393,0,0,0,0,0,D,84,Alveolar type 2 cell,51,11,1,1,1_3,AT2
D-145,all,41,19,1671,1023,17,88050,0,0,0,0,0,D,20,Alveolar fibroblast 1,45,20,3,3,3_1,SMC
D-146,all,43,24,617,145,27,71110,0,0,0,0,0,D,12,Natural killer cell,44,24,7,7,7_3,Tcell (CD8)
D-147,all,26,20,1409,1398,28,66196,0,0,0,0,0,D,9,Alveolar fibroblast 1,37,20,1,1,1_5_1,LymphaticEndo
D-150,all,9,6,10,967,8,21317,0,0,0,0,0,D,6,Pericyte,24,7,5,5,5_1,Pericyte
D-151,all,31,17,955,1278,17,68341,0,0,0,0,0,D,5,Inflammatory monocyte,42,19,2,2,2_5,DC
D-152,all,9,7,780,1414,6,18074,0,0,0,0,0,D,3,Endothelial progenitor cell,25,8,3,3,3_6,SCMF
D-153,all,45,22,887,1179,28,87345,0,0,0,0,0,D,10,Alveolar fibroblast 1,45,22,1,1,1_5_1,LymphaticEndo
D-154,all,29,18,895,1945,23,75239,0,0,0,0,0,D,9,Alveolar fibroblast 1,38,19,3,3,3_2,SMC
D-155,all,25,14,420,134,17,38403,0,0,0,0,0,D,5,Alveolar type 1 cell,45,14,6,6,6,AT1
D-157,all,37,23,673,622,26,86382,0,0,0,0,0,D,10,Alveolar type 1 cell,42,23,6,6,6,AT1
D-158,all,57,31,944,1486,16,97882,0,0,0,0,0,D,9,Sox9+/Id2+ epithelial cell,55,32,2,2,2_1,Capillary
D-159,all,20,13,937,519,14,44291,0,0,0,0,0,D,3,Natural killer cell,39,13,7,7,7_4,PatrolMac
D-161,all,59,11,927,1739,20,36858,0,0,0,0,0,D,8,Alveolar fibroblast 2,51,11,3,3,3_4,AdventitialFib
D-162,all,55,13,1459,1774,27,55000,0,0,0,0,0,D,6,Alveolar fibroblast 1,51,13,6,6,6,AT1
D-163,all,24,15,696,993,11,33971,0,0,0,0,0,D,5,Alveolar fibroblast 1,43,15,1,1,1_3,AT2
D-164,all,32,17,152,771,29,69511,0,0,0,0,0,D,5,B cell,41,17,9,9,9,Bcell
D-165,all,12,10,201,1913,36,27201,0,0,0,0,0,D,2,Inflammatory monocyte,35,11,2,2,2_2,InflamMac
D-167,all,15,10,298,372,17,52051,0,0,0,0,0,D,3,Sox9+/Id2+ epithelial cell,31,10,3,3,3_6,SCMF
D-168,all,67,13,1237,1271,18,83631,0,0,0,0,0,D,47,Alveolar type 2 cell,50,13,1,1,1_1,AT2
D-169,all,21,9,338,24,13,45160,0,0,0,0,0,D,2,Innate lymphoid cell,40,10,1,1,1_6_2,Neutrophil
D-171,all,57,18,1650,463,11,64776,0,0,0,0,0,D,45,Sox9+/Id2+ epithelial cell,51,18,1,1,1_1,AT2
D-173,all,97,16,1216,181,11,63169,0,0,0,0,0,D,83,Alveolar type 2 cell,55,16,1,1,1_1,AT2
D-174,all,31,7,1492,1746,25,33314,0,0,0,0,0,D,28,Alveolar type 2 cell,43,7,1,1,1_1,AT2
D-177,all,60,32,890,191,12,102493,50,50,0,1,0,D,18,Arterial endothelial cell,56,33,3,3,3_1,SMC
D-178,all,9,6,1746,1733,26,52840,0,0,0,0,0,D,3,B cell,29,6,2,2,2_6,pDC
D-179,all,29,7,930,853,18,34023,0,0,0,0,0,D,24,Sox9+/Id2+ epithelial cell,42,7,1,1,1_1,AT2
D-180,all,19,14,1067,235,22,61051,0,0,0,0,0,D,4,Capillary 1 cell,38,14,2,2,2_1,Capillary
D-182,all,16,9,702,1552,14,35487,0,0,0,0,0,D,8,Mature DC subset,39,10,2,2,2_1,Capillary
D-186,all,25,8,1887,1892,12,55161,0,0,0,0,0,D,16,Alveolar type 2 cell,44,8,1,1,1_1,AT2
D-190,all,42,13,896,1756,21,55907,0,0,0,0,0,D,5,Mesothelial cell,45,13,3,3,3_3,AdventitialFib
D-194,all,44,30,112,765,20,92630,0,0,0,0,0,D,4,Arterial endothelial cell,47,31,2,2,2_4,Artery
D-195,all,12,8,834,415,14,72989,0,0,0,0,0,D,4,Alveolar type 1 cell,29,8,6,6,6,AT1
D-196,all,23,8,1920,1918,17,65242,0,0,0,0,0,D,18,Secondary crest myofibroblast,42,9,3,3,3_1,SMC
D-199,all,25,19,326,348,32,65919,0,0,0,0,0,D,4,Innate lymphoid cell,43,19,7,7,7_2,PatrolMac
D-200,all,10,7,237,282,19,35605,0,0,0,0,0,D,6,Capillary 1 cell,26,10,2,2,2_1,Capillary
D-201,all,79,34,1165,1439,19,100534,0,0,0,0,0,D,16,Alveolar macrophage,58,34,8,8,8_1,AlveolarMac
D-204,all,50,24,1863,1570,18,102478,0,0,0,0,0,D,14,Alveolar macrophage,50,25,2,2,2_1,Capillary
D-205,all,17,9,1,1998,27,17162,0,0,0,0,0,D,4,Inflammatory monocyte,41,11,2,2,2_1,Capillary
D-206,all,26,16,1176,1786,32,35797,0,0,0,0,0,D,11,Arterial endothelial cell,43,17,2,2,2_4,Artery
D-207,all,22,14,1055,1100,32,46330,0,0,0,0,0,D,2,Venous endothelial cell,40,14,2,2,2_3,Vein
D-208,all,25,12,1716,1342,13,46538,0,0,0,0,0,D,3,Sox9+/Id2+ epithelial cell,47,13,1,1,1_4_1,AlveolarFib
D-209,all,22,12,1724,1799,12,60627,0,0,0,0,0,D,2,Alveolar macrophage,41,12,1,1,1_2_3,Tcell (CD4)
D-210,all,27,12,904,1052,12,58659,0,0,0,0,0,D,6,Pericyte,39,12,5,5,5_3,Pericyte
D-211,all,37,20,216,901,25,49944,0,0,0,0,0,D,4,Alveolar type 1 cell,42,21,1,1,1_4_1,AlveolarFib
D-212,all,82,38,1083,1598,24,78911,0,0,0,0,0,D,38,Arterial endothelial cell,58,38,2,2,2_4,Artery
D-213,all,105,28,1727,1391,20,82321,0,0,0,0,0,D,24,Arterial endothelial cell,56,21,6,6,6,AT1
D-214,all,13,10,1702,1281,31,41740,0,0,0,0,0,D,9,Pericyte,33,10,5,5,5_1,Pericyte
D-217,all,19,18,1698,130,12,47501,0,0,0,0,0,D,3,Venous endothelial cell,37,18,2,2,2_3,Vein
D-218,all,24,15,208,1746,25,40098,0,0,0,0,0,D,6,Interstitial macrophage,38,15,8,8,8_3,InterstitialMac
D-219,all,25,13,1916,842,33,43903,0,0,0,0,0,D,3,Endothelial progenitor cell,42,14,2,2,2_1,Capillary
D-221,all,118,19,679,1596,24,103550,0,0,0,0,0,D,98,Alveolar type 2 cell,48,10,1,1,1_1,AT2
D-222,all,23,14,958,550,15,36396,121,0,121,0,1,D,6,Alveolar type 1 cell,42,15,3,3,3_1,SMC
D-224,all,24,21,1210,283,27,96289,0,0,0,0,0,D,7,Pericyte,44,21,5,5,5_1,Pericyte
D-225,all,89,27,1040,1604,14,65552,0,0,0,0,0,D,68,Alveolar type 2 cell,57,25,7,7,7_2,PatrolMac
D-226,all,48,29,27,624,12,53453,0,0,0,0,0,D,3,Venous endothelial cell,48,29,2,2,2_3,Vein
D-227,all,67,20,1864,1103,14,95969,0,0,0,0,0,D,2,Alveolar type 1 cell,54,20,6,6,6,AT1
D-228,all,20,14,1600,1259,11,59079,0,0,0,0,0,D,3,Proliferative mesenchymal progenitor cell,39,15,1,1,1_6_2,Neutrophil
D-231,all,12,8,1799,1284,9,40804,0,0,0,0,0,D,3,Alveolar fibroblast 1,32,10,1,1,1_5_1,LymphaticEndo
D-234,all,116,15,1527,615,16,72245,0,0,0,0,0,D,101,Alveolar type 2 cell,47,7,3,3,3_5,SMC
D-236,all,30,9,728,1598,14,48862,0,0,0,0,0,D,11,Arterial endothelial cell,45,9,2,2,2_4,Artery
D-237,all,10,6,1679,1311,10,29875,0,0,0,0,0,D,4,CD8+ T cell,37,7,2,2,2_2,InflamMac
D-239,all,24,17,589,580,35,90458,0,0,0,0,0,D,3,Inflammatory monocyte,44,17,5,5,5_3,Pericyte
D-240,all,41,27,7,922,22,88885,0,0,0,0,0,D,8,Alveolar fibroblast 1,43,27,2,2,2_3,Vein
D-241,all,51,28,319,1490,18,91602,0,0,0,0,0,D,14,Alveolar type 1 cell,51,28,3,3,3_6,SCMF
D-242,all,16,9,1128,1040,19,39345,0,0,0,0,0,D,8,Alveolar type 2 cell,40,11,2,2,2_5,DC
D-243,all,31,9,645,899,39,30254,0,0,0,0,0,D,23,Alveolar type 2 cell,44,9,1,1,1_1,AT2
D-245,all,16,10,665,801,19,83739,0,0,0,0,0,D,2,Innate lymphoid cell,36,11,1,1,1_4_1,AlveolarFib
D-247,all,16,10,92,1064,21,47371,0,0,0,0,0,D,3,Sox9+/Id2+ epithelial cell,38,10,1,1,1_3,AT2
D-248,all,31,18,684,527,9,57838,113,0,113,0,1,D,9,Arterial endothelial cell,41,18,7,7,7_2,PatrolMac
D-250,all,43,26,236,228,22,70117,0,0,0,0,0,D,8,Sox9+/Id2+ epithelial cell,45,26,2,2,2_1,Capillary
D-251,all,36,15,699,900,30,65778,0,0,0,0,0,D,17,Alveolar type 2 cell,44,15,1,1,1_3,AT2
D-252,all,45,22,1435,1762,11,40447,0,0,0,0,0,D,5,Arterial endothelial cell,47,23,2,2,2_4,Artery
D-253,all,31,22,40,1063,10,50566,0,0,0,0,0,D,7,Pericyte,39,22,5,5,5_1,Pericyte
D-254,all,26,15,1256,1614,5,27297,0,0,0,0,0,D,5,Capillary 1 cell,39,16,2,2,2_1,Capillary
D-255,all,23,13,775,1859,22,38953,0,0,0,0,0,D,9,Arterial endothelial cell,41,13,2,2,2_4,Artery
D-260,all,32,21,399,664,31,82506,0,0,0,0,0,D,11,Alveolar fibroblast 1,38,21,6,6,6,AT1
D-262,all,45,18,797,256,25,89969,0,0,0,0,0,D,15,Proliferative mesenchymal progenitor cell,46,18,6,6,6,AT1
D-264,all,53,14,365,987,22,57083,0,0,0,0,0,D,43,Alveolar type 2 cell,50,14,1,1,1_3,AT2
D-265,all,20,16,1812,268,15,54054,0,0,0,0,0,D,2,Endothelial progenitor cell,36,15,2,2,2_1,Capillary
D-266,all,66,18,181,867,24,86935,0,0,0,0,0,D,36,Sox9+/Id2+ epithelial cell,54,18,1,1,1_1,AT2
D-270,all,37,22,698,171,20,79553,0,0,0,0,0,D,5,Alveolar fibroblast 1,41,22,2,2,2_3,Vein
D-272,all,19,11,899,1274,10,39646,0,0,0,0,0,D,4,CD8+ T cell,40,12,2,2,2_1,Capillary
D-273,all,61,27,477,59,17,91038,0,0,0,0,0,D,20,Alveolar type 1 cell,54,27,6,6,6,AT1
D-274,all,12,7,1942,0,8,39468,0,0,0,0,0,D,4,Basophil,29,9,2,2,2_5,DC
D-275,all,22,16,351,429,24,87789,0,0,0,0,0,D,3,Endothelial progenitor cell,39,16,2,2,2_6,pDC
D-276,all,68,30,1305,1914,34,102203,0,0,0,0,0,D,26,Alveolar type 2 cell,55,30,1,1,1_3,AT2
D-278,all,25,7,1304,468,21,33093,0,0,0,0,0,D,18,Sox9+/Id2+ epithelial cell,45,7,1,1,1_1,AT2
D-279,all,43,19,822,1793,26,41050,0,0,0,0,0,D,10,Alveolar type 1 cell,46,19,6,6,6,AT1
D-281,all,18,12,1655,1121,19,59780,0,0,0,0,0,D,4,Alveolar fibroblast 1,39,13,3,3,3_1,SMC
D-284,all,35,22,732,1653,23,69353,0,0,0,0,0,D,14,Pericyte,41,22,5,5,5_1,Pericyte
D-286,all,6,4,909,457,13,64380,353570,202197,151373,0.5718726,0.4281274,D,4,Proliferative mesenchymal progenitor cell,19,7,5,5,5_1,Pericyte
D-288,all,28,12,1347,1644,21,88309,0,0,0,0,0,D,16,Arterial endothelial cell,43,12,2,2,2_4,Artery
D-290,all,17,14,1511,91,38,40950,0,0,0,0,0,D,5,Pericyte,35,14,5,5,5_1,Pericyte
D-292,all,31,21,1599,415,18,58484,0,0,0,0,0,D,11,Ciliated cell,41,22,3,3,3_5,SMC
D-293,all,47,22,1508,1531,23,117326,0,0,0,0,0,D,8,Alveolar type 1 cell,48,23,2,2,2_3,Vein
D-294,all,25,16,1786,1648,21,80771,0,0,0,0,0,D,5,Sox9+/Id2+ epithelial cell,44,16,2,2,2_1,Capillary
D-296,all,14,6,1677,326,8,17692,0,0,0,0,0,D,9,Sox9+/Id2+ epithelial cell,38,6,1,1,1_1,AT2
D-299,all,29,15,1607,1707,26,85324,0,0,0,0,0,D,4,Endothelial progenitor cell,42,15,2,2,2_1,Capillary
D-301,all,22,10,1455,1416,32,42994,0,0,0,0,0,D,2,Alveolar type 1 cell,42,10,6,6,6,AT1
D-303,all,79,37,890,737,8,73173,0,0,0,0,0,D,14,Alveolar type 1 cell,56,37,6,6,6,AT1
D-305,all,42,5,874,813,17,23269,0,0,0,0,0,D,35,Sox9+/Id2+ epithelial cell,46,5,1,1,1_1,AT2
D-309,all,17,11,514,1081,7,28176,0,0,0,0,0,D,2,Endothelial progenitor cell,32,11,3,3,3_6,SCMF
D-311,all,25,13,1657,1194,10,74549,0,0,0,0,0,D,8,Alveolar fibroblast 1,42,14,3,3,3_1,SMC
D-312,all,13,9,1157,1275,38,43191,0,0,0,0,0,D,2,Endothelial progenitor cell,32,8,2,2,2_1,Capillary
D-314,all,38,18,1267,1697,29,52757,0,0,0,0,0,D,16,Arterial endothelial cell,42,18,2,2,2_1,Capillary
D-315,all,11,9,1196,1455,16,14090,0,0,0,0,0,D,4,Alveolar type 2 cell,31,9,8,8,8_1,AlveolarMac
D-316,all,23,17,1061,970,32,40039,0,0,0,0,0,D,9,Vascular smooth muscle cell,40,17,2,2,2_4,Artery
D-317,all,32,13,669,928,36,35824,0,0,0,0,0,D,20,Alveolar type 2 cell,44,13,1,1,1_3,AT2
D-318,all,30,20,1577,232,36,43254,0,0,0,0,0,D,5,Sox9+/Id2+ epithelial cell,39,20,1,1,1_3,AT2
D-319,all,28,20,635,1350,22,62341,0,0,0,0,0,D,7,Venous endothelial cell,40,20,8,8,8_3,InterstitialMac
D-322,all,11,8,1514,1691,30,39653,0,0,0,0,0,D,5,Alveolar type 1 cell,31,8,6,6,6,AT1
D-326,all,19,14,74,682,16,56290,0,0,0,0,0,D,4,Alveolar type 2 cell,36,14,7,7,7_2,PatrolMac
D-332,all,40,14,1237,1225,19,77844,0,0,0,0,0,D,27,Secondary crest myofibroblast,46,15,3,3,3_1,SMC
D-333,all,8,7,1159,1180,8,20660,0,0,0,0,0,D,4,Inflammatory monocyte,22,9,1,1,1_4_1,AlveolarFib
D-335,all,88,37,430,1022,21,96639,0,0,0,0,0,D,47,Arterial endothelial cell,60,37,5,5,5_1,Pericyte
D-337,all,41,22,1477,4,22,75108,0,0,0,0,0,D,6,Alveolar fibroblast 1,43,22,2,2,2_6,pDC
D-342,all,23,17,1397,167,10,37059,0,0,0,0,0,D,5,Interstitial macrophage,41,17,8,8,8_3,InterstitialMac
D-343,all,32,14,1816,1586,18,69970,0,0,0,0,0,D,14,Alveolar fibroblast 1,44,15,3,3,3_5,SMC
D-344,all,14,11,1871,1,13,42313,0,0,0,0,0,D,5,T regulatory cell,31,12,2,2,2_5,DC
D-345,all,74,20,776,192,15,86276,0,0,0,0,0,D,55,AT1/AT2,52,20,1,1,1_3,AT2
D-346,all,28,15,647,1547,34,66025,0,0,0,0,0,D,11,Alveolar fibroblast 1,39,15,2,2,2_4,Artery
D-347,all,37,22,950,1174,30,96460,0,0,0,0,0,D,5,Endothelial progenitor cell,43,21,2,2,2_1,Capillary
D-348,all,17,11,1050,302,7,29076,0,0,0,0,0,D,8,Ciliated cell,37,11,6,6,6,AT1
D-349,all,6,6,1834,1199,21,15343,0,0,0,0,0,D,3,Pericyte,22,8,5,5,5_1,Pericyte
D-352,all,13,12,978,253,23,64931,0,0,0,0,0,D,3,Alveolar type 1 cell,29,12,6,6,6,AT1
D-353,all,57,34,882,1433,21,98176,0,0,0,0,0,D,6,Ciliated cell,56,34,7,7,7_3,Tcell (CD8)
D-355,all,15,13,710,241,35,60736,0,0,0,0,0,D,5,Alveolar fibroblast 1,32,15,2,2,2_5,DC
D-356,all,10,7,261,545,35,22902,0,0,0,0,0,D,5,Alveolar type 2 cell,31,7,1,1,1_1,AT2
D-357,all,79,36,411,46,20,81801,0,0,0,0,0,D,11,Alveolar type 1 cell,59,36,6,6,6,AT1
D-358,all,25,13,1490,62,33,41775,0,0,0,0,0,D,14,Alveolar type 2 cell,47,13,2,2,2_6,pDC
D-359,all,38,27,1027,941,21,76440,0,0,0,0,0,D,10,Venous endothelial cell,45,28,2,2,2_5,DC
D-361,all,52,25,796,1795,19,58697,0,0,0,0,0,D,14,Alveolar type 1 cell,51,25,6,6,6,AT1
D-364,all,29,16,1627,1586,32,87012,0,0,0,0,0,D,3,Capillary 2 cell,41,16,2,2,2_1,Capillary
D-365,all,34,11,896,831,19,37451,0,0,0,0,0,D,24,Inflammatory monocyte,43,13,2,2,2_5,DC
D-368,all,75,30,191,924,24,79975,0,0,0,0,0,D,26,Inflammatory monocyte,57,30,6,6,6,AT1
D-369,all,28,13,443,1052,7,34680,0,0,0,0,0,D,12,Sox9+/Id2+ epithelial cell,43,13,1,1,1_3,AT2
D-370,all,12,9,1672,1124,28,23949,0,0,0,0,0,D,2,Alveolar fibroblast 1,32,10,3,3,3_1,SMC
D-371,all,40,15,1826,1737,32,115051,0,0,0,0,0,D,7,B cell,45,15,6,6,6,AT1
D-372,all,124,34,140,386,25,95298,160,0,160,0,1,D,27,Alveolar type 1 cell,44,12,6,6,6,AT1
D-374,all,24,13,231,1681,23,66483,0,0,0,0,0,D,3,Capillary 1 cell,45,13,2,2,2_1,Capillary
D-375,all,28,16,1249,1819,24,53054,0,0,0,0,0,D,7,Innate lymphoid cell,38,17,3,3,3_1,SMC
D-378,all,24,17,1243,1870,13,42759,0,0,0,0,0,D,11,Vascular smooth muscle cell,40,18,3,3,3_2,SMC
D-379,all,33,20,108,961,16,76606,0,0,0,0,0,D,3,Alveolar type 1 cell,43,20,6,6,6,AT1
D-380,all,12,9,1013,288,6,32308,0,0,0,0,0,D,6,Pericyte,30,9,3,3,3_4,AdventitialFib
D-382,all,16,12,1222,332,38,32229,0,0,0,0,0,D,4,Natural killer cell,35,13,2,2,2_5,DC
D-383,all,45,24,1593,555,10,55958,0,0,0,0,0,D,16,Sox9+/Id2+ epithelial cell,45,24,2,2,2_3,Vein
D-385,all,12,9,110,828,23,27275,0,0,0,0,0,D,4,B cell,29,9,9,9,9,Bcell
D-387,all,26,17,1098,987,37,31852,0,0,0,0,0,D,2,Capillary 1 cell,39,17,2,2,2_1,Capillary
D-388,all,32,19,283,929,17,73874,0,0,0,0,0,D,3,Arterial endothelial cell,44,20,2,2,2_4,Artery
D-389,all,13,5,304,449,35,26334,0,0,0,0,0,D,4,Inflammatory monocyte,37,7,2,2,2_5,DC
D-392,all,107,29,147,1870,19,118221,0,0,0,0,0,D,79,Alveolar type 2 cell,54,21,1,1,1_3,AT2
D-393,all,27,16,1744,1438,9,45990,0,0,0,0,0,D,2,Capillary 2 cell,41,16,2,2,2_1,Capillary
D-394,all,36,25,1047,117,18,85745,0,0,0,0,0,D,2,Capillary 1 cell,41,25,2,2,2_1,Capillary
D-396,all,20,15,1109,1079,29,39544,0,0,0,0,0,D,10,Interstitial macrophage,40,15,8,8,8_3,InterstitialMac
D-397,all,25,16,772,1814,21,40512,0,0,0,0,0,D,4,Sox9+/Id2+ epithelial cell,46,16,2,2,2_1,Capillary
D-398,all,12,5,1722,1,7,13085,0,0,0,0,0,D,3,Alveolar type 1 cell,32,5,6,6,6,AT1
D-399,all,37,13,1157,1063,23,62294,0,0,0,0,0,D,26,Pericyte,44,13,5,5,5_3,Pericyte
D-401,all,33,21,1610,500,21,84732,0,0,0,0,0,D,6,Alveolar fibroblast 1,43,23,2,2,2_5,DC
D-402,all,47,17,269,456,30,70723,0,0,0,0,0,D,25,Capillary 2 cell,47,16,2,2,2_1,Capillary
D-403,all,18,15,1204,1792,34,16712,0,0,0,0,0,D,6,Arterial endothelial cell,34,15,2,2,2_4,Artery
D-404,all,62,26,1243,1738,27,45476,0,0,0,0,0,D,29,Alveolar type 2 cell,52,26,1,1,1_3,AT2
D-409,all,35,20,1795,1224,19,78178,0,0,0,0,0,D,5,Pericyte,42,20,2,2,2_3,Vein
D-410,all,12,6,915,822,28,34202,0,0,0,0,0,D,9,Ciliated cell,33,8,2,2,2_5,DC
D-417,all,24,18,488,520,17,74946,0,0,0,0,0,D,2,Endothelial progenitor cell,41,19,2,2,2_1,Capillary
D-427,all,16,11,775,291,18,48740,0,0,0,0,0,D,5,Proliferative mesenchymal progenitor cell,34,11,6,6,6,AT1
D-430,all,49,18,1217,2330,24,51029,0,0,0,0,0,D,11,Secondary crest myofibroblast,47,17,2,2,2_1,Capillary
D-431,all,44,23,1903,3464,16,89794,0,0,0,0,0,D,10,Alveolar macrophage,44,23,8,8,8_1,AlveolarMac
D-432,all,45,24,1935,3793,18,73115,0,0,0,0,0,D,2,Natural killer cell,45,24,7,7,7_3,Tcell (CD8)
D-433,all,17,10,1631,3401,18,57004,0,0,0,0,0,D,7,Alveolar type 2 cell,38,10,1,1,1_1,AT2
D-434,all,109,19,1226,2093,21,74335,0,0,0,0,0,D,94,Ciliated cell,40,19,4,4,4_2,CiliatedEpi
D-435,all,46,22,873,1991,24,70989,0,0,0,0,0,D,22,Alveolar fibroblast 1,47,23,1,1,1_5_1,LymphaticEndo
D-436,all,66,37,935,1997,30,81738,0,0,0,0,0,D,11,Arterial endothelial cell,58,37,2,2,2_4,Artery
D-437,all,73,18,1502,3204,27,60317,0,0,0,0,0,D,57,Alveolar type 2 cell,51,18,4,4,4_1_2,ClubEpi
D-438,all,66,25,474,2450,24,91062,0,0,0,0,0,D,13,Alveolar macrophage,54,25,8,8,8_1,AlveolarMac
D-439,all,43,19,101,1994,28,79226,0,0,0,0,0,D,14,Pericyte,44,19,5,5,5_1,Pericyte
D-441,all,49,28,715,2549,9,65256,0,0,0,0,0,D,7,Venous endothelial cell,49,28,3,3,3_4,AdventitialFib
D-442,all,26,14,690,2859,26,72166,0,0,0,0,0,D,9,B cell,45,14,9,9,9,Bcell
D-443,all,44,32,231,2295,15,57081,0,0,0,0,0,D,10,CD8+ T cell,44,32,7,7,7_2,PatrolMac
D-444,all,35,24,378,3515,29,66773,0,0,0,0,0,D,5,Capillary 1 cell,41,23,2,2,2_1,Capillary
D-445,all,79,44,844,3596,27,85811,0,0,0,0,0,D,13,Ciliated cell,60,44,3,3,3_4,AdventitialFib
D-447,all,16,13,306,3472,38,31800,0,0,0,0,0,D,2,B cell,34,13,9,9,9,Bcell
D-449,all,51,33,308,2452,25,80270,0,0,0,0,0,D,6,Chondrocyte,51,34,2,2,2_1,Capillary
D-450,all,59,33,611,2766,16,70017,0,0,0,0,0,D,12,Alveolar fibroblast 1,55,33,3,3,3_4,AdventitialFib
D-451,all,89,39,1176,3527,28,104391,0,0,0,0,0,D,29,Pericyte,57,39,5,5,5_3,Pericyte
D-454,all,21,13,938,2149,27,74243,50,0,50,0,1,D,10,Pericyte,38,13,5,5,5_1,Pericyte
D-457,all,48,32,1444,3184,27,78229,0,0,0,0,0,D,15,CD8+ T cell,49,33,3,3,3_1,SMC
D-458,all,71,40,607,3444,12,56832,54,0,54,0,1,D,9,B cell,54,40,9,9,9,Bcell
D-459,all,26,17,385,2451,40,29127,0,0,0,0,0,D,2,B cell,46,17,9,9,9,Bcell
D-461,all,28,20,693,2396,33,63633,0,0,0,0,0,D,4,Alveolar type 1 cell,45,19,2,2,2_1,Capillary
D-462,all,36,21,1290,2026,20,68326,0,0,0,0,0,D,13,Arterial endothelial cell,40,22,2,2,2_4,Artery
D-464,all,31,20,274,2362,14,50737,0,0,0,0,0,D,2,Endothelial progenitor cell,38,20,2,2,2_1,Capillary
D-466,all,38,15,1600,3284,19,89191,0,0,0,0,0,D,23,Secretory cell,43,15,4,4,4_1_2,ClubEpi
D-469,all,29,16,1593,2126,12,67484,0,0,0,0,0,D,3,Capillary 1 cell,41,18,2,2,2_1,Capillary
D-470,all,59,30,1043,3576,20,89893,0,0,0,0,0,D,11,Capillary 1 cell,56,31,3,3,3_1,SMC
D-471,all,25,17,913,3473,14,34587,0,0,0,0,0,D,8,Alveolar type 2 cell,46,17,8,8,8_1,AlveolarMac
D-472,all,29,18,690,2808,25,68309,0,0,0,0,0,D,4,Alveolar macrophage,40,18,8,8,8_2,InterstitialMac
D-473,all,52,20,1600,3421,28,70928,0,0,0,0,0,D,34,Alveolar type 2 cell,52,22,2,2,2_3,Vein
D-475,all,99,33,938,2207,29,87142,0,0,0,0,0,D,51,Alveolar type 2 cell,59,30,2,2,2_2,InflamMac
D-476,all,25,18,950,3512,25,54636,0,0,0,0,0,D,2,Alveolar fibroblast 1,43,18,5,5,5_3,Pericyte
D-477,all,32,8,144,2430,35,42896,0,0,0,0,0,D,25,Sox9+/Id2+ epithelial cell,45,8,1,1,1_1,AT2
D-478,all,15,7,1238,2280,10,29292,0,0,0,0,0,D,7,Pericyte,32,7,5,5,5_1,Pericyte
D-479,all,24,14,493,3666,32,45675,0,0,0,0,0,D,3,Alveolar type 1 cell,43,14,6,6,6,AT1
D-480,all,8,5,971,3596,35,19669,0,0,0,0,0,D,3,Alveolar fibroblast 1,26,6,2,2,2_6,pDC
D-481,all,34,21,66,2149,31,55125,0,0,0,0,0,D,4,Capillary 1 cell,41,20,2,2,2_1,Capillary
D-482,all,59,24,87,2545,15,76877,0,0,0,0,0,D,27,Alveolar fibroblast 1,53,24,1,1,1_5_1,LymphaticEndo
D-485,all,123,13,857,2939,19,63665,0,0,0,0,0,D,116,Alveolar type 2 cell,51,8,1,1,1_1,AT2
D-487,all,42,21,1281,2181,36,33913,0,0,0,0,0,D,8,Alveolar type 1 cell,44,21,6,6,6,AT1
D-488,all,76,44,446,3657,31,98353,0,0,0,0,0,D,17,Arterial endothelial cell,60,44,7,7,7_3,Tcell (CD8)
D-489,all,19,13,378,2193,27,56164,0,0,0,0,0,D,5,Innate lymphoid cell,39,14,1,1,1_4_3,AlveolarFib
D-491,all,30,15,1683,3666,23,51510,0,0,0,0,0,D,4,Neutrophil,41,15,3,3,3_3,AdventitialFib
D-492,all,11,8,1322,3349,13,27391,0,0,0,0,0,D,2,Sox9+/Id2+ epithelial cell,29,9,2,2,2_2,InflamMac
D-494,all,54,28,1620,3470,23,120525,0,0,0,0,0,D,15,Alveolar type 2 cell,53,30,2,2,2_5,DC
D-495,all,43,21,900,1951,27,78880,0,0,0,0,0,D,15,Vascular smooth muscle cell,44,21,3,3,3_6,SCMF
D-496,all,100,36,510,3615,28,63945,0,0,0,0,0,D,18,Alveolar type 1 cell,57,31,6,6,6,AT1
D-498,all,56,19,1535,2026,30,48741,0,0,0,0,0,D,23,Alveolar type 1 cell,52,19,6,6,6,AT1
D-501,all,30,13,1383,3556,10,28740,0,0,0,0,0,D,12,Alveolar type 1 cell,40,13,6,6,6,AT1
D-503,all,41,20,1437,3711,16,67524,59,59,0,1,0,D,12,Secondary crest myofibroblast,43,20,5,5,5_3,Pericyte
D-504,all,65,36,528,3542,34,75129,0,0,0,0,0,D,13,Alveolar fibroblast 1,58,36,2,2,2_1,Capillary
D-508,all,37,24,1447,2003,35,64484,0,0,0,0,0,D,17,Pericyte,40,24,5,5,5_1,Pericyte
D-510,all,57,30,1334,2315,30,64591,0,0,0,0,0,D,28,Alveolar type 2 cell,54,30,5,5,5_3,Pericyte
D-511,all,25,12,1822,3141,16,60230,0,0,0,0,0,D,2,Ciliated cell,42,12,1,1,1_5_2,AlveolarFib
D-512,all,37,27,1138,2081,33,68927,0,0,0,0,0,D,13,Vascular smooth muscle cell,40,27,3,3,3_5,SMC
D-514,all,9,5,1419,3461,6,13922,0,0,0,0,0,D,4,Alveolar macrophage,28,6,1,1,1_4_3,AlveolarFib
D-515,all,20,12,590,2467,10,31454,0,0,0,0,0,D,7,Capillary 2 cell,38,12,5,5,5_3,Pericyte
D-516,all,79,38,85,2245,23,82788,0,0,0,0,0,D,20,Alveolar type 1 cell,58,38,6,6,6,AT1
D-517,all,92,27,957,3062,28,83669,0,0,0,0,0,D,64,Alveolar type 2 cell,58,26,8,8,8_2,InterstitialMac
D-518,all,74,46,311,3365,23,86682,0,0,0,0,0,D,9,Alveolar type 1 cell,58,46,6,6,6,AT1
D-519,all,21,13,1754,3567,21,65515,0,0,0,0,0,D,4,Alveolar fibroblast 1,37,14,1,1,1_5_2,AlveolarFib
D-520,all,10,6,431,2286,10,13136,0,0,0,0,0,D,6,Sox9+/Id2+ epithelial cell,30,8,2,2,2_1,Capillary
D-521,all,43,21,867,2311,25,80160,0,0,0,0,0,D,14,Pericyte,45,21,5,5,5_1,Pericyte
D-522,all,28,14,1314,2221,36,33613,0,0,0,0,0,D,8,Alveolar macrophage,41,15,3,3,3_5,SMC
D-523,all,52,33,163,2140,33,51416,0,0,0,0,0,D,20,Pericyte,51,33,5,5,5_1,Pericyte
D-526,all,92,35,948,2047,19,98272,0,0,0,0,0,D,20,Alveolar fibroblast 1,62,35,2,2,2_4,Artery
D-527,all,71,14,1181,2331,10,37773,0,0,0,0,0,D,58,Alveolar type 2 cell,52,14,1,1,1_1,AT2
D-528,all,62,27,893,2112,13,67414,0,0,0,0,0,D,7,Arterial endothelial cell,55,27,2,2,2_1,Capillary
D-529,all,21,18,917,3546,22,38646,0,0,0,0,0,D,4,Alveolar fibroblast 1,45,19,3,3,3_1,SMC
D-531,all,49,25,1263,2030,19,65428,0,0,0,0,0,D,15,Interstitial macrophage,49,25,8,8,8_3,InterstitialMac
D-533,all,14,11,1815,3589,36,30827,0,0,0,0,0,D,3,Inflammatory monocyte,33,13,2,2,2_5,DC
D-534,all,12,9,1347,2197,37,20358,0,0,0,0,0,D,6,Interstitial macrophage,26,9,8,8,8_3,InterstitialMac
D-536,all,48,28,84,2374,27,105907,55,0,55,0,1,D,12,Arterial endothelial cell,43,28,2,2,2_1,Capillary
D-537,all,9,7,1370,2174,39,14976,0,0,0,0,0,D,4,Sox9+/Id2+ epithelial cell,17,8,3,3,3_6,SCMF
D-542,all,25,15,1929,3755,31,45846,0,0,0,0,0,D,3,Alveolar fibroblast 1,44,15,2,2,2_3,Vein
D-544,all,28,19,1397,3368,7,32343,0,0,0,0,0,D,5,Interstitial macrophage,38,19,8,8,8_1,AlveolarMac
D-545,all,17,12,310,3405,35,27231,0,0,0,0,0,D,6,Alveolar fibroblast 1,43,13,2,2,2_4,Artery
D-546,all,21,14,1518,3303,20,53622,0,0,0,0,0,D,7,B cell,41,15,3,3,3_5,SMC
D-547,all,21,20,1102,2185,24,43660,0,0,0,0,0,D,6,Alveolar fibroblast 1,41,20,2,2,2_4,Artery
D-549,all,29,19,1299,3500,23,64354,0,0,0,0,0,D,9,Arterial endothelial cell,41,20,2,2,2_4,Artery
D-550,all,30,20,11,2535,22,42995,0,0,0,0,0,D,3,Capillary 1 cell,42,20,2,2,2_1,Capillary
D-551,all,38,13,1596,3329,20,94347,0,0,0,0,0,D,30,Alveolar type 2 cell,45,13,1,1,1_3,AT2
D-552,all,26,10,1631,3145,33,25148,0,0,0,0,0,D,2,Alveolar type 1 cell,46,10,6,6,6,AT1
D-553,all,32,19,191,2310,14,64356,0,0,0,0,0,D,9,Alveolar fibroblast 1,43,20,1,1,1_5_1,LymphaticEndo
D-554,all,41,9,1335,2102,13,35109,0,0,0,0,0,D,35,Alveolar type 2 cell,45,9,1,1,1_1,AT2
D-555,all,6,3,1713,3132,13,13369,0,0,0,0,0,D,4,Alveolar type 1 cell,26,5,6,6,6,AT1
D-556,all,18,12,1509,3611,7,14151,0,0,0,0,0,D,5,Vascular smooth muscle cell,36,12,1,1,1_5_1,LymphaticEndo
D-557,all,120,37,889,3511,21,104779,0,0,0,0,0,D,72,Alveolar type 2 cell,41,12,3,3,3_4,AdventitialFib
D-558,all,11,9,1027,2121,12,43639,0,0,0,0,0,D,3,Proliferative mesenchymal progenitor cell,32,9,3,3,3_2,SMC
D-560,all,12,11,557,2588,36,23893,0,0,0,0,0,D,2,Alveolar fibroblast 1,33,12,1,1,1_4_1,AlveolarFib
D-561,all,127,21,1216,3422,29,64354,0,0,0,0,0,D,108,Alveolar type 2 cell,47,8,1,1,1_1,AT2
D-562,all,65,36,1214,2023,22,93827,0,0,0,0,0,D,10,Arterial endothelial cell,56,36,2,2,2_4,Artery
D-567,all,74,39,397,3437,18,106069,0,0,0,0,0,D,20,Alveolar macrophage,58,39,8,8,8_1,AlveolarMac
D-571,all,74,43,997,2066,21,118481,0,0,0,0,0,D,16,Arterial endothelial cell,56,43,2,2,2_4,Artery
D-572,all,156,15,1140,2179,18,61059,0,0,0,0,0,D,149,Secretory cell,55,4,4,4,4_2,ClubEpi
D-574,all,20,13,243,2254,17,41948,0,0,0,0,0,D,4,Inflammatory monocyte,38,15,2,2,2_5,DC
D-576,all,12,11,1722,3675,27,35255,0,0,0,0,0,D,2,Proliferative mesenchymal progenitor cell,31,12,3,3,3_1,SMC
D-577,all,35,18,1027,3198,20,61693,0,0,0,0,0,D,19,Alveolar type 2 cell,42,18,1,1,1_3,AT2
D-578,all,51,26,1794,3614,19,87405,0,0,0,0,0,D,5,Capillary 1 cell,49,26,2,2,2_1,Capillary
D-580,all,68,18,753,3642,22,56558,0,0,0,0,0,D,49,Alveolar type 2 cell,53,18,1,1,1_3,AT2
D-581,all,164,25,1485,3328,22,100541,0,0,0,0,0,D,150,Alveolar type 2 cell,48,6,1,1,1_1,AT2
D-582,all,87,19,1658,3626,31,79407,0,0,0,0,0,D,74,Alveolar type 2 cell,57,20,3,3,3_5,SMC
D-583,all,61,41,342,3587,28,90008,0,0,0,0,0,D,11,Alveolar type 2 cell,58,41,1,1,1_5_2,AlveolarFib
D-584,all,17,5,9,2295,37,13678,0,0,0,0,0,D,12,Sox9+/Id2+ epithelial cell,41,5,1,1,1_1,AT2
D-585,all,31,10,746,3669,30,29604,0,0,0,0,0,D,19,Sox9+/Id2+ epithelial cell,43,10,1,1,1_3,AT2
D-587,all,36,16,1569,3614,16,74900,0,0,0,0,0,D,4,Capillary 1 cell,44,16,2,2,2_3,Vein
D-588,all,24,11,1276,3380,10,34253,0,0,0,0,0,D,3,Proliferative mesenchymal progenitor cell,40,11,2,2,2_6,pDC
D-589,all,13,10,165,2377,15,22783,0,0,0,0,0,D,2,Inflammatory monocyte,32,11,2,2,2_2,InflamMac
D-590,all,69,24,1660,3171,31,53782,0,0,0,0,0,D,9,Pericyte,55,24,5,5,5_3,Pericyte
D-594,all,48,31,1027,3157,27,77183,0,0,0,0,0,D,6,Capillary 2 cell,47,30,2,2,2_1,Capillary
D-597,all,53,8,906,2252,38,28425,0,0,0,0,0,D,47,Alveolar type 2 cell,49,8,1,1,1_1,AT2
D-598,all,25,18,583,2372,13,54880,0,0,0,0,0,D,4,Capillary 1 cell,45,19,3,3,3_1,SMC
D-600,all,11,8,438,2310,10,22449,0,0,0,0,0,D,7,B cell,32,8,2,2,2_1,Capillary
D-601,all,25,18,989,2099,15,60829,0,0,0,0,0,D,13,Vascular smooth muscle cell,43,18,3,3,3_2,SMC
D-602,all,6,5,1003,2154,10,17981,0,0,0,0,0,D,2,Alveolar type 1 cell,27,6,6,6,6,AT1
D-603,all,38,22,1460,3237,17,66130,0,0,0,0,0,D,5,Secondary crest myofibroblast,43,23,3,3,3_1,SMC
D-604,all,61,37,609,3484,9,70331,163,0,163,0,1,D,22,Pericyte,55,37,5,5,5_1,Pericyte
D-605,all,54,9,630,3033,11,34882,0,0,0,0,0,D,46,Alveolar type 2 cell,50,9,1,1,1_1,AT2
D-606,all,25,8,1215,3535,39,14683,0,0,0,0,0,D,21,Alveolar type 2 cell,46,8,1,1,1_1,AT2
D-609,all,28,19,799,2941,24,69280,0,0,0,0,0,D,12,Secondary crest myofibroblast,40,19,5,5,5_1,Pericyte
D-610,all,75,40,1019,3292,30,97575,0,0,0,0,0,D,16,Alveolar fibroblast 1,57,40,1,1,1_4_1,AlveolarFib
D-611,all,45,17,854,3028,35,47768,0,0,0,0,0,D,10,Sox9+/Id2+ epithelial cell,46,17,6,6,6,AT1
D-615,all,54,13,64,2321,31,45010,0,0,0,0,0,D,37,Alveolar type 2 cell,51,13,1,1,1_3,AT2
D-616,all,47,25,1167,3355,23,93553,0,0,0,0,0,D,8,Venous endothelial cell,46,25,3,3,3_4,AdventitialFib
D-618,all,22,17,1385,3411,22,36075,0,0,0,0,0,D,9,Interstitial macrophage,38,17,1,1,1_5_1,LymphaticEndo
D-619,all,16,9,1246,3459,32,38761,0,0,0,0,0,D,9,Alveolar type 2 cell,37,9,1,1,1_1,AT2
D-621,all,114,37,285,3530,30,127207,0,0,0,0,0,D,59,Alveolar type 2 cell,48,21,2,2,2_1,Capillary
D-622,all,55,29,911,2933,13,56261,0,0,0,0,0,D,25,Arterial endothelial cell,54,30,3,3,3_1,SMC
D-623,all,116,61,900,3076,21,124175,0,0,0,0,0,D,38,Pericyte,42,28,5,5,5_1,Pericyte
D-624,all,14,9,5,2002,31,15748,0,0,0,0,0,D,4,Capillary 1 cell,33,9,2,2,2_1,Capillary
D-625,all,10,6,1494,3451,8,9878,0,0,0,0,0,D,2,Alveolar type 1 cell,34,6,9,9,9,Bcell
D-627,all,38,28,1733,3719,34,62357,0,0,0,0,0,D,2,Inflammatory monocyte,45,30,2,2,2_5,DC
D-628,all,21,4,1285,2119,4,6775,0,0,0,0,0,D,20,Secretory cell,37,4,4,4,4_2,ClubEpi
D-629,all,41,25,344,2472,32,58824,0,0,0,0,0,D,3,Capillary 1 cell,43,25,2,2,2_1,Capillary
D-630,all,120,18,1171,2138,24,86239,0,0,0,0,0,D,103,Ciliated cell,42,18,4,4,4_2,CiliatedEpi
D-634,all,40,29,1425,3402,29,69888,0,0,0,0,0,D,9,Arterial endothelial cell,40,29,2,2,2_4,Artery
D-635,all,9,4,168,2405,18,26006,0,0,0,0,0,D,9,CD4+ T cell,33,4,2,2,2_1,Capillary
D-637,all,69,38,789,3647,32,71141,330,0,330,0,1,D,27,AT1/AT2,55,39,2,2,2_2,InflamMac
D-638,all,52,31,429,2427,39,42633,0,0,0,0,0,D,4,Inflammatory monocyte,53,33,2,2,2_5,DC
D-640,all,13,4,739,3622,35,16620,0,0,0,0,0,D,9,Sox9+/Id2+ epithelial cell,37,4,1,1,1_1,AT2
D-641,all,40,20,703,2971,26,79595,0,0,0,0,0,D,10,Alveolar macrophage,43,20,5,5,5_1,Pericyte
D-642,all,25,18,1587,2036,27,56682,0,0,0,0,0,D,8,Capillary 1 cell,39,19,3,3,3_5,SMC
D-644,all,56,31,934,2374,19,75237,65,0,65,0,1,D,11,Sox9+/Id2+ epithelial cell,55,30,2,2,2_1,Capillary
D-647,all,39,22,949,3550,28,43101,0,0,0,0,0,D,6,Innate lymphoid cell,42,23,1,1,1_5_1,LymphaticEndo
D-650,all,57,35,1455,3593,25,88426,0,0,0,0,0,D,13,Alveolar fibroblast 1,55,35,2,2,2_4,Artery
D-656,all,32,19,12,2183,13,46121,0,0,0,0,0,D,6,Capillary 2 cell,38,19,2,2,2_1,Capillary
D-658,all,26,19,891,2029,36,41525,0,0,0,0,0,D,5,Capillary 1 cell,43,19,2,2,2_1,Capillary
D-659,all,21,16,569,2418,28,47193,0,0,0,0,0,D,7,Alveolar fibroblast 1,44,18,2,2,2_4,Artery
D-660,all,37,19,463,3613,29,49996,0,0,0,0,0,D,13,Pericyte,42,19,5,5,5_1,Pericyte
D-663,all,57,7,1506,3346,17,33425,0,0,0,0,0,D,55,Capillary 1 cell,50,7,1,1,1_1,AT2
D-664,all,11,8,584,2566,36,23788,0,0,0,0,0,D,2,B cell,26,8,9,9,9,Bcell
D-665,all,43,20,830,3056,37,36877,0,0,0,0,0,D,3,Alveolar type 1 cell,45,20,6,6,6,AT1
D-671,all,20,16,1425,3625,37,29256,0,0,0,0,0,D,4,Alveolar fibroblast 1,39,17,1,1,1_5_1,LymphaticEndo
D-672,all,21,17,610,2594,33,47294,0,0,0,0,0,D,6,CD4+ T cell,43,18,3,3,3_1,SMC
D-674,all,35,22,1448,3779,22,97640,0,0,0,0,0,D,5,Vascular smooth muscle cell,41,22,3,3,3_6,SCMF
D-677,all,28,17,968,2135,23,69016,0,0,0,0,0,D,6,Alveolar fibroblast 1,37,17,1,1,1_5_1,LymphaticEndo
D-680,all,18,10,51,2278,33,34759,0,0,0,0,0,D,4,Alveolar type 1 cell,40,10,6,6,6,AT1
D-683,all,13,7,1748,3128,24,42300,0,0,0,0,0,D,5,B cell,28,7,9,9,9,Bcell
D-687,all,21,14,1297,2334,28,36774,0,0,0,0,0,D,13,Airway smooth muscle cell,41,14,3,3,3_1,SMC
D-688,all,26,16,1525,3440,38,40650,0,0,0,0,0,D,5,Pericyte,45,16,3,3,3_4,AdventitialFib
D-691,all,20,16,825,2050,12,30775,0,0,0,0,0,D,6,Pericyte,39,16,3,3,3_4,AdventitialFib
D-699,all,49,36,768,3042,21,69494,0,0,0,0,0,D,4,B cell,49,36,9,9,9,Bcell
D-700,all,76,32,639,2438,29,83698,0,0,0,0,0,D,15,Alveolar macrophage,58,32,8,8,8_1,AlveolarMac
D-702,all,47,7,1136,2218,15,25178,0,0,0,0,0,D,42,Ciliated cell,21,8,4,4,4_2,CiliatedEpi
D-706,all,14,12,1633,3330,35,28830,0,0,0,0,0,D,5,Capillary 1 cell,34,13,3,3,3_5,SMC
D-707,all,40,22,1871,3771,34,72232,0,0,0,0,0,D,9,Venous endothelial cell,43,23,1,1,1_5_1,LymphaticEndo
D-708,all,35,13,1778,3102,25,35285,0,0,0,0,0,D,22,Alveolar type 2 cell,45,13,3,3,3_1,SMC
D-712,all,29,22,1397,3682,34,50465,0,0,0,0,0,D,5,Alveolar type 1 cell,39,23,3,3,3_1,SMC
D-714,all,18,14,1317,3472,16,42271,0,0,0,0,0,D,6,Alveolar fibroblast 1,36,14,8,8,8_3,InterstitialMac
D-715,all,16,12,592,2431,19,45240,0,0,0,0,0,D,4,Secondary crest myofibroblast,35,12,5,5,5_3,Pericyte
D-716,all,65,17,1766,3533,27,79359,0,0,0,0,0,D,42,Inflammatory monocyte,51,17,1,1,1_1,AT2
D-721,all,16,14,551,2547,38,20013,0,0,0,0,0,D,2,Alveolar fibroblast 1,34,15,1,1,1_4_1,AlveolarFib
D-722,all,7,5,1479,3213,16,27170,0,0,0,0,0,D,4,Alveolar fibroblast 1,21,8,3,3,3_1,SMC
D-724,all,8,6,599,2392,8,17192,0,0,0,0,0,D,2,B cell,25,7,9,9,9,Bcell
D-725,all,30,6,734,2858,34,17828,0,0,0,0,0,D,26,AT1/AT2,44,6,1,1,1_1,AT2
D-726,all,7,6,1600,2088,22,21718,0,0,0,0,0,D,3,B cell,21,9,3,3,3_5,SMC
D-734,all,17,13,778,4125,11,43458,53,53,0,1,0,D,5,Secondary crest myofibroblast,34,13,2,2,2_3,Vein
D-735,all,79,25,523,5113,30,78485,0,0,0,0,0,D,18,Alveolar type 1 cell,55,25,6,6,6,AT1
D-736,all,37,20,1908,5337,11,60854,0,0,0,0,0,D,13,Alveolar fibroblast 1,40,20,9,9,9,Bcell
D-737,all,22,17,1273,5176,19,73848,0,0,0,0,0,D,7,Pericyte,40,17,5,5,5_1,Pericyte
D-739,all,18,14,927,4728,6,29171,0,0,0,0,0,D,5,Capillary 1 cell,35,14,6,6,6,AT1
D-740,all,50,33,1101,5320,22,87350,0,0,0,0,0,D,10,Capillary 1 cell,56,35,2,2,2_5,DC
D-741,all,83,35,1403,3831,27,92860,0,0,0,0,0,D,21,Inflammatory monocyte,58,35,8,8,8_1,AlveolarMac
D-742,all,47,29,1282,4431,32,69907,0,0,0,0,0,D,17,Pericyte,47,29,5,5,5_1,Pericyte
D-743,all,45,25,213,4309,25,108357,51,0,51,0,1,D,12,Alveolar fibroblast 1,47,26,3,3,3_1,SMC
D-744,all,74,35,1226,4370,28,52164,9849,166,9683,0.0168545,0.9831455,D,17,Alveolar type 1 cell,55,35,6,6,6,AT1
D-745,all,34,20,866,4159,20,62095,0,0,0,0,0,D,7,Capillary 2 cell,42,21,2,2,2_1,Capillary
D-746,all,35,18,1075,3965,25,74806,0,0,0,0,0,D,15,Pericyte,40,18,5,5,5_1,Pericyte
D-747,all,65,13,1324,5654,15,57885,0,0,0,0,0,D,47,Alveolar type 2 cell,52,13,1,1,1_1,AT2
D-748,all,32,23,1904,5193,24,64871,0,0,0,0,0,D,3,Innate lymphoid cell,40,23,7,7,7_3,Tcell (CD8)
D-749,all,30,21,645,5200,19,54144,0,0,0,0,0,D,4,Inflammatory monocyte,40,23,2,2,2_5,DC
D-750,all,36,22,1225,4566,16,64739,114,0,114,0,1,D,8,Alveolar macrophage,41,22,8,8,8_1,AlveolarMac
D-751,all,32,18,1456,5460,8,38792,0,0,0,0,0,D,17,Alveolar fibroblast 1,42,18,5,5,5_1,Pericyte
D-753,all,37,26,1368,4518,14,73990,0,0,0,0,0,D,12,Inflammatory monocyte,41,27,3,3,3_1,SMC
D-754,all,51,34,708,4217,17,59144,55,55,0,1,0,D,19,Alveolar fibroblast 1,52,35,1,1,1_5_1,LymphaticEndo
D-756,all,17,12,537,5675,32,42777,0,0,0,0,0,D,3,Alveolar fibroblast 1,36,13,1,1,1_4_1,AlveolarFib
D-758,all,76,40,1171,4348,14,72630,320,320,0,1,0,D,21,Sox9+/Id2+ epithelial cell,55,40,2,2,2_1,Capillary
D-759,all,62,22,1597,5536,26,75332,0,0,0,0,0,D,33,CD4+ T cell,53,22,1,1,1_1,AT2
D-760,all,65,34,1482,4537,20,82695,0,0,0,0,0,D,20,Inflammatory monocyte,55,34,6,6,6,AT1
D-761,all,44,24,840,4897,24,79989,0,0,0,0,0,D,8,Venous endothelial cell,45,24,3,3,3_4,AdventitialFib
D-762,all,33,24,1305,4058,28,40830,0,0,0,0,0,D,13,Arterial endothelial cell,38,24,7,7,7_2,PatrolMac
D-763,all,42,13,1225,4310,27,33204,0,0,0,0,0,D,34,Alveolar type 2 cell,45,13,1,1,1_3,AT2
D-764,all,71,11,704,5585,27,73134,0,0,0,0,0,D,62,Alveolar type 2 cell,51,11,1,1,1_1,AT2
D-765,all,31,12,1775,4559,37,53353,0,0,0,0,0,D,2,Natural killer cell,45,13,2,2,2_2,InflamMac
D-766,all,20,16,1711,5692,30,53803,0,0,0,0,0,D,4,Secondary crest myofibroblast,41,16,3,3,3_6,SCMF
D-767,all,35,24,1629,3893,31,77448,0,0,0,0,0,D,4,Inflammatory monocyte,40,24,6,6,6,AT1
D-768,all,31,20,843,5604,29,94197,0,0,0,0,0,D,7,B cell,40,20,9,9,9,Bcell
D-769,all,80,31,1235,4080,18,100731,0,0,0,0,0,D,19,Alveolar macrophage,58,31,8,8,8_1,AlveolarMac
D-770,all,51,29,145,4238,28,101409,0,0,0,0,0,D,16,Alveolar macrophage,51,29,8,8,8_3,InterstitialMac
D-771,all,56,36,763,4861,23,76345,0,0,0,0,0,D,11,Alveolar macrophage,57,37,3,3,3_1,SMC
D-772,all,68,42,1293,5692,15,108399,0,0,0,0,0,D,23,Arterial endothelial cell,59,42,2,2,2_1,Capillary
D-773,all,16,11,1692,3983,18,21069,0,0,0,0,0,D,2,Alveolar fibroblast 1,38,12,1,1,1_4_1,AlveolarFib
D-775,all,39,19,600,5670,36,63510,0,0,0,0,0,D,5,Ciliated cell,43,19,6,6,6,AT1
D-776,all,36,22,465,5700,12,64143,0,0,0,0,0,D,8,Alveolar type 1 cell,39,23,2,2,2_1,Capillary
D-777,all,51,28,1354,5247,32,98787,0,0,0,0,0,D,4,Arterial endothelial cell,50,28,2,2,2_3,Vein
D-780,all,49,24,1166,5129,24,81095,0,0,0,0,0,D,10,Alveolar fibroblast 1,47,24,1,1,1_5_1,LymphaticEndo
D-782,all,18,13,483,5199,30,20126,0,0,0,0,0,D,3,Alveolar fibroblast 1,38,13,2,2,2_4,Artery
D-783,all,75,38,911,4212,23,89328,0,0,0,0,0,D,21,Alveolar fibroblast 1,56,38,1,1,1_5_1,LymphaticEndo
D-784,all,32,14,1316,5618,7,28633,0,0,0,0,0,D,10,Alveolar type 1 cell,42,14,6,6,6,AT1
D-785,all,54,32,1726,3999,15,75547,0,0,0,0,0,D,10,Sox9+/Id2+ epithelial cell,54,34,2,2,2_5,DC
D-787,all,47,21,303,4940,35,64757,0,0,0,0,0,D,11,Alveolar type 1 cell,47,21,6,6,6,AT1
D-788,all,45,26,1924,4936,14,86064,0,0,0,0,0,D,13,B cell,45,26,9,9,9,Bcell
D-789,all,50,25,1605,5567,16,91613,0,0,0,0,0,D,11,Arterial endothelial cell,53,28,2,2,2_4,Artery
D-791,all,25,18,332,4964,37,54323,0,0,0,0,0,D,3,Arterial endothelial cell,46,18,2,2,2_4,Artery
D-792,all,47,28,1699,4735,31,44463,0,0,0,0,0,D,3,Pericyte,47,28,5,5,5_3,Pericyte
D-793,all,41,23,960,4068,29,50544,0,0,0,0,0,D,14,Ciliated cell,44,25,2,2,2_5,DC
D-794,all,22,16,1920,4797,9,31692,0,0,0,0,0,D,4,Alveolar fibroblast 1,42,16,1,1,1_5_1,LymphaticEndo
D-795,all,28,18,1025,4954,32,73096,0,0,0,0,0,D,8,B cell,40,18,9,9,9,Bcell
D-799,all,41,25,874,4848,35,62918,0,0,0,0,0,D,4,Capillary 1 cell,43,24,2,2,2_1,Capillary
D-803,all,48,34,506,4933,31,116511,0,0,0,0,0,D,10,Alveolar fibroblast 1,46,34,1,1,1_5_1,LymphaticEndo
D-804,all,63,33,946,4957,15,81653,0,0,0,0,0,D,8,Sox9+/Id2+ epithelial cell,56,32,2,2,2_1,Capillary
D-805,all,33,19,1881,5224,20,47101,0,0,0,0,0,D,12,Alveolar fibroblast 1,41,20,3,3,3_1,SMC
D-806,all,39,26,1216,4515,12,79662,0,0,0,0,0,D,3,CD8+ T cell,42,26,1,1,1_5_2,AlveolarFib
D-807,all,127,21,536,5443,25,107964,0,0,0,0,0,D,102,Alveolar type 2 cell,47,10,1,1,1_3,AT2
D-808,all,17,10,15,5049,16,44266,0,0,0,0,0,D,3,Alveolar fibroblast 1,39,11,1,1,1_4_1,AlveolarFib
D-816,all,7,5,412,5473,30,16268,0,0,0,0,0,D,2,Ciliated cell,27,7,1,1,1_5_2,AlveolarFib
D-818,all,51,25,1831,4541,14,71090,52,52,0,1,0,D,5,Inflammatory monocyte,50,25,7,7,7_2,PatrolMac
D-819,all,41,25,949,5702,20,83062,0,0,0,0,0,D,4,Sox9+/Id2+ epithelial cell,42,25,8,8,8_2,InterstitialMac
D-820,all,84,22,1185,5667,22,76171,0,0,0,0,0,D,16,Alveolar type 1 cell,55,22,6,6,6,AT1
D-822,all,124,39,1222,5144,21,129562,879,0,879,0,1,D,24,Sox9+/Id2+ epithelial cell,44,19,6,6,6,AT1
D-825,all,69,22,1903,4849,9,52442,0,0,0,0,0,D,18,Alveolar type 1 cell,54,22,6,6,6,AT1
D-826,all,25,15,568,5387,14,83085,0,0,0,0,0,D,16,Pericyte,43,15,5,5,5_1,Pericyte
D-829,all,55,28,973,4662,18,80033,0,0,0,0,0,D,9,Venous endothelial cell,54,28,8,8,8_1,AlveolarMac
D-830,all,83,33,100,4719,22,137088,0,0,0,0,0,D,20,Alveolar macrophage,60,33,8,8,8_1,AlveolarMac
D-832,all,70,25,1107,3987,28,77779,0,0,0,0,0,D,35,Alveolar type 2 cell,52,25,1,1,1_3,AT2
D-834,all,16,11,1849,5205,28,36157,0,0,0,0,0,D,3,Neutrophil,34,12,3,3,3_1,SMC
D-836,all,29,9,898,4788,35,34964,0,0,0,0,0,D,13,Inflammatory monocyte,43,9,5,5,5_3,Pericyte
D-837,all,32,19,343,5420,29,48378,0,0,0,0,0,D,14,Sox9+/Id2+ epithelial cell,41,19,9,9,9,Bcell
D-839,all,24,14,418,4835,15,42583,0,0,0,0,0,D,8,Arterial endothelial cell,42,14,2,2,2_4,Artery
D-840,all,21,16,568,5509,14,55409,0,0,0,0,0,D,8,Inflammatory monocyte,38,16,5,5,5_1,Pericyte
D-841,all,48,35,1338,5121,32,71822,0,0,0,0,0,D,14,Arterial endothelial cell,48,35,2,2,2_4,Artery
D-842,all,51,31,1180,5276,22,106688,0,0,0,0,0,D,5,Basophil,51,31,7,7,7_2,PatrolMac
D-844,all,54,10,1350,4123,25,32248,0,0,0,0,0,D,48,Alveolar type 2 cell,49,10,1,1,1_1,AT2
D-845,all,122,47,1622,4718,21,120274,0,0,0,0,0,D,32,CD4+ T cell,45,22,7,7,7_4,PatrolMac
D-847,all,28,19,1889,5014,27,57766,0,0,0,0,0,D,8,Pericyte,41,19,5,5,5_1,Pericyte
D-848,all,28,16,1643,4426,9,39550,0,0,0,0,0,D,5,Ciliated cell,38,16,6,6,6,AT1
D-852,all,39,13,550,5299,6,22371,0,0,0,0,0,D,8,Alveolar type 1 cell,44,13,6,6,6,AT1
D-853,all,34,16,401,4881,22,87045,0,0,0,0,0,D,17,Pericyte,43,16,5,5,5_1,Pericyte
D-855,all,25,19,902,5642,31,61313,0,0,0,0,0,D,3,Sox9+/Id2+ epithelial cell,46,19,8,8,8_2,InterstitialMac
D-856,all,16,12,1167,4535,11,24867,0,0,0,0,0,D,2,Endothelial progenitor cell,33,12,3,3,3_4,AdventitialFib
D-857,all,21,13,562,5210,34,56375,0,0,0,0,0,D,3,Arterial endothelial cell,40,13,2,2,2_4,Artery
D-858,all,42,13,399,4996,36,71306,0,0,0,0,0,D,11,Alveolar type 1 cell,46,13,6,6,6,AT1
D-859,all,8,6,95,4525,7,16165,0,0,0,0,0,D,2,B cell,23,8,9,9,9,Bcell
D-861,all,51,27,1574,4458,18,86725,0,0,0,0,0,D,4,Endothelial progenitor cell,50,26,2,2,2_1,Capillary
D-862,all,13,7,1171,4604,31,39862,0,0,0,0,0,D,4,Alveolar fibroblast 1,29,7,7,7,7_4,PatrolMac
D-863,all,18,10,1344,4158,35,18137,0,0,0,0,0,D,12,Alveolar type 2 cell,39,10,2,2,2_6,pDC
D-864,all,31,18,535,5714,32,56311,0,0,0,0,0,D,5,Alveolar fibroblast 1,40,19,2,2,2_4,Artery
D-865,all,42,19,174,5412,27,100195,0,0,0,0,0,D,19,Alveolar fibroblast 1,43,19,2,2,2_4,Artery
D-867,all,44,24,832,4718,18,72361,0,0,0,0,0,D,16,Natural killer cell,45,24,7,7,7_3,Tcell (CD8)
D-868,all,22,12,57,4535,38,48366,0,0,0,0,0,D,2,Capillary 1 cell,45,13,2,2,2_1,Capillary
D-870,all,26,16,1729,5387,18,55745,0,0,0,0,0,D,14,Pericyte,45,16,5,5,5_1,Pericyte
D-871,all,15,10,154,5126,34,38969,0,0,0,0,0,D,2,Capillary 1 cell,35,10,2,2,2_1,Capillary
D-873,all,27,18,337,5390,20,56086,0,0,0,0,0,D,10,Pericyte,41,18,5,5,5_1,Pericyte
D-874,all,22,14,1819,5024,11,46834,0,0,0,0,0,D,2,Endothelial progenitor cell,43,14,3,3,3_4,AdventitialFib
D-876,all,26,17,1362,5609,11,30752,0,0,0,0,0,D,7,Alveolar type 1 cell,48,17,6,6,6,AT1
D-877,all,47,21,1667,4718,28,47017,0,0,0,0,0,D,12,Alveolar type 1 cell,47,21,6,6,6,AT1
D-878,all,11,10,1351,5422,31,52754,0,0,0,0,0,D,3,Natural killer cell,33,11,2,2,2_2,InflamMac
D-879,all,52,25,677,4138,9,63331,0,0,0,0,0,D,11,Capillary 1 cell,48,24,2,2,2_1,Capillary
D-881,all,68,29,1442,4489,27,51504,0,0,0,0,0,D,13,Alveolar type 1 cell,57,29,6,6,6,AT1
D-883,all,63,25,1195,4327,23,57252,0,0,0,0,0,D,35,Alveolar type 2 cell,53,25,1,1,1_3,AT2
D-884,all,26,20,1450,3891,35,57982,0,0,0,0,0,D,5,Alveolar fibroblast 1,41,21,2,2,2_4,Artery
D-885,all,95,29,794,4934,28,92278,0,0,0,0,0,D,21,Alveolar type 1 cell,59,28,6,6,6,AT1
D-889,all,14,10,1675,4438,13,25863,0,0,0,0,0,D,3,Proliferative mesenchymal progenitor cell,30,11,3,3,3_1,SMC
D-891,all,15,9,843,4184,13,32271,0,0,0,0,0,D,5,Proliferative mesenchymal progenitor cell,33,9,2,2,2_1,Capillary
D-892,all,51,33,1401,3976,14,96893,53,0,53,0,1,D,9,Capillary 1 cell,48,32,2,2,2_1,Capillary
D-893,all,36,23,1120,5086,13,64895,0,0,0,0,0,D,6,Venous endothelial cell,40,23,2,2,2_3,Vein
D-894,all,80,39,1365,4434,31,76874,0,0,0,0,0,D,7,Capillary 1 cell,58,40,3,3,3_1,SMC
D-895,all,18,13,364,5261,12,56903,0,0,0,0,0,D,4,Natural killer cell,39,14,2,2,2_2,InflamMac
D-896,all,14,10,1864,3821,33,48042,0,0,0,0,0,D,6,Endothelial progenitor cell,29,10,1,1,1_5_1,LymphaticEndo
D-897,all,11,8,118,4934,13,39492,0,0,0,0,0,D,5,Vascular smooth muscle cell,28,9,2,2,2_4,Artery
D-898,all,7,4,1272,4499,34,12477,0,0,0,0,0,D,2,Endothelial progenitor cell,28,6,2,2,2_1,Capillary
D-900,all,50,12,1402,5310,32,43488,0,0,0,0,0,D,36,Innate lymphoid cell,50,14,2,2,2_5,DC
D-901,all,29,12,619,5582,14,42559,0,0,0,0,0,D,6,Ciliated cell,40,12,6,6,6,AT1
D-902,all,71,26,1302,5349,20,83209,0,0,0,0,0,D,13,Alveolar type 1 cell,54,26,6,6,6,AT1
D-903,all,49,16,287,5427,27,72745,0,0,0,0,0,D,10,Alveolar type 1 cell,49,16,6,6,6,AT1
D-904,all,22,15,1323,4081,31,49430,50,0,50,0,1,D,7,Capillary 1 cell,47,16,2,2,2_1,Capillary
D-907,all,21,14,895,4898,17,36377,0,0,0,0,0,D,6,Inflammatory monocyte,38,14,2,2,2_3,Vein
D-908,all,21,7,1327,4007,40,17406,0,0,0,0,0,D,15,Alveolar type 2 cell,44,7,1,1,1_3,AT2
D-909,all,42,21,805,4840,29,87220,0,0,0,0,0,D,7,Alveolar fibroblast 1,46,23,2,2,2_4,Artery
D-914,all,54,17,530,5331,7,35732,0,0,0,0,0,D,8,Alveolar type 1 cell,51,17,6,6,6,AT1
D-915,all,10,6,460,5232,5,19104,0,0,0,0,0,D,5,Arterial endothelial cell,30,8,2,2,2_4,Artery
D-917,all,132,17,863,4753,15,72965,0,0,0,0,0,D,108,Sox9+/Id2+ epithelial cell,48,8,1,1,1_3,AT2
D-918,all,9,5,121,4505,9,26025,0,0,0,0,0,D,2,Arterial endothelial cell,34,7,2,2,2_4,Artery
D-919,all,12,10,439,5482,28,41940,0,0,0,0,0,D,2,Pericyte,32,10,5,5,5_3,Pericyte
D-920,all,42,27,1025,5716,17,94535,0,0,0,0,0,D,5,Alveolar fibroblast 1,45,28,3,3,3_1,SMC
D-921,all,74,12,1382,5328,22,48993,0,0,0,0,0,D,61,Alveolar type 2 cell,52,12,1,1,1_3,AT2
D-922,all,13,7,1844,5146,18,49955,0,0,0,0,0,D,7,Alveolar type 1 cell,30,8,3,3,3_1,SMC
D-926,all,24,5,1,4803,15,48332,0,0,0,0,0,D,20,Sox9+/Id2+ epithelial cell,45,5,1,1,1_1,AT2
D-927,all,53,33,1483,4499,25,64169,0,0,0,0,0,D,9,Alveolar fibroblast 1,53,34,2,2,2_4,Artery
D-928,all,14,12,406,4813,29,47258,0,0,0,0,0,D,2,Endothelial progenitor cell,36,13,2,2,2_1,Capillary
D-929,all,61,31,1472,4468,23,64952,0,0,0,0,0,D,8,Inflammatory monocyte,55,31,2,2,2_1,Capillary
D-930,all,31,18,539,5612,34,64560,0,0,0,0,0,D,10,Pericyte,41,18,5,5,5_1,Pericyte
D-931,all,19,12,583,5577,11,25421,0,0,0,0,0,D,8,B cell,40,12,6,6,6,AT1
D-933,all,38,21,1235,4618,26,63581,0,0,0,0,0,D,7,Alveolar fibroblast 1,42,21,1,1,1_5_1,LymphaticEndo
D-934,all,43,25,1804,5343,24,96747,0,0,0,0,0,D,8,Alveolar fibroblast 1,44,25,8,8,8_1,AlveolarMac
D-938,all,45,27,99,4247,13,74479,0,0,0,0,0,D,16,Interstitial macrophage,45,27,8,8,8_3,InterstitialMac
D-944,all,18,11,391,5209,6,39210,0,0,0,0,0,D,4,Arterial endothelial cell,35,11,2,2,2_4,Artery
D-945,all,68,33,1578,4670,22,70718,1639,0,1639,0,1,D,17,Alveolar type 1 cell,55,33,6,6,6,AT1
D-946,all,47,30,786,5173,11,90583,0,0,0,0,0,D,9,Endothelial progenitor cell,49,31,2,2,2_1,Capillary
D-947,all,104,35,673,4208,29,88984,0,0,0,0,0,D,13,Arterial endothelial cell,58,30,3,3,3_1,SMC
D-950,all,16,13,1272,4579,39,27095,0,0,0,0,0,D,5,Alveolar fibroblast 1,30,12,2,2,2_1,Capillary
D-951,all,59,36,1661,4775,27,120600,0,0,0,0,0,D,13,Pericyte,55,36,8,8,8_2,InterstitialMac
D-954,all,32,17,771,4916,20,49433,0,0,0,0,0,D,3,Proliferative mesenchymal progenitor cell,44,18,3,3,3_1,SMC
D-957,all,23,15,1175,4571,23,43964,50,0,50,0,1,D,4,Alveolar macrophage,42,15,8,8,8_1,AlveolarMac
D-958,all,60,30,908,4117,31,86849,0,0,0,0,0,D,19,Arterial endothelial cell,54,30,1,1,1_3,AT2
D-959,all,22,15,1154,5719,28,46824,0,0,0,0,0,D,3,Inflammatory monocyte,42,15,5,5,5_3,Pericyte
D-960,all,7,7,1409,5646,6,25182,0,0,0,0,0,D,2,Alveolar type 1 cell,25,10,6,6,6,AT1
D-961,all,22,17,1284,4036,28,64095,0,0,0,0,0,D,7,Alveolar type 2 cell,42,18,3,3,3_5,SMC
D-962,all,27,13,406,5114,30,67670,0,0,0,0,0,D,2,Alveolar fibroblast 1,41,14,2,2,2_4,Artery
D-963,all,49,16,600,5542,11,52615,0,0,0,0,0,D,26,Pericyte,49,16,5,5,5_1,Pericyte
D-964,all,9,8,1914,4982,28,21908,0,0,0,0,0,D,3,Proliferative mesenchymal progenitor cell,26,9,5,5,5_1,Pericyte
D-966,all,20,6,0,5448,30,20797,0,0,0,0,0,D,16,Sox9+/Id2+ epithelial cell,42,6,1,1,1_3,AT2
D-967,all,20,13,1254,4605,36,23878,0,0,0,0,0,D,5,Alveolar fibroblast 1,38,12,1,1,1_5_1,LymphaticEndo
D-971,all,26,12,935,4091,31,28032,0,0,0,0,0,D,14,Inflammatory monocyte,46,12,5,5,5_3,Pericyte
D-973,all,31,6,713,4130,31,14735,0,0,0,0,0,D,27,Alveolar type 2 cell,45,6,1,1,1_1,AT2
D-974,all,52,30,218,4948,21,111930,0,0,0,0,0,D,12,Alveolar fibroblast 1,53,31,3,3,3_1,SMC
D-975,all,51,20,722,5017,34,89497,0,0,0,0,0,D,6,Sox9+/Id2+ epithelial cell,48,20,2,2,2_1,Capillary
D-976,all,39,14,1144,3986,18,50026,0,0,0,0,0,D,17,Arterial endothelial cell,44,15,2,2,2_4,Artery
D-982,all,45,20,1337,5380,31,56497,0,0,0,0,0,D,3,Alveolar type 1 cell,46,20,6,6,6,AT1
D-985,all,13,11,1124,5692,20,29244,0,0,0,0,0,D,4,Sox9+/Id2+ epithelial cell,31,11,2,2,2_3,Vein
D-986,all,16,11,709,5553,26,37389,0,0,0,0,0,D,7,Arterial endothelial cell,37,12,2,2,2_4,Artery
D-994,all,50,8,774,4198,7,28214,0,0,0,0,0,D,40,Sox9+/Id2+ epithelial cell,49,8,1,1,1_1,AT2
D-997,all,39,17,1934,4859,15,41537,0,0,0,0,0,D,8,Sox9+/Id2+ epithelial cell,43,17,6,6,6,AT1
D-1000,all,15,8,460,5353,15,21258,0,0,0,0,0,D,4,Classical DC subset 2,32,8,1,1,1_2_3,Tcell (CD4)
D-1001,all,81,27,437,5168,26,93314,0,0,0,0,0,D,56,Alveolar type 2 cell,58,27,1,1,1_3,AT2
D-1003,all,6,6,106,4965,8,12499,0,0,0,0,0,D,2,Pericyte,20,8,5,5,5_1,Pericyte
D-1007,all,6,6,576,5487,38,12513,0,0,0,0,0,D,2,Venous endothelial cell,21,9,2,2,2_3,Vein
D-1011,all,15,10,3036,870,10,34200,50,0,50,0,1,D,3,B cell,33,10,9,9,9,Bcell
D-1012,all,15,10,3689,1097,9,29574,0,0,0,0,0,D,2,Capillary 1 cell,41,12,2,2,2_1,Capillary
D-1013,all,109,18,2011,525,30,75792,0,0,0,0,0,D,91,Sox9+/Id2+ epithelial cell,53,15,1,1,1_3,AT2
D-1014,all,72,36,3607,1397,25,117811,0,0,0,0,0,D,7,Capillary 1 cell,53,36,2,2,2_1,Capillary
D-1015,all,48,26,3517,1584,26,76012,0,0,0,0,0,D,7,Endothelial progenitor cell,48,26,6,6,6,AT1
D-1017,all,39,18,2102,798,23,67843,0,0,0,0,0,D,13,Pericyte,44,18,3,3,3_4,AdventitialFib
D-1019,all,47,24,3762,1317,12,42487,0,0,0,0,0,D,16,Alveolar macrophage,47,24,8,8,8_1,AlveolarMac
D-1020,all,18,12,2247,1794,24,68160,0,0,0,0,0,D,3,Secondary crest myofibroblast,38,13,3,3,3_1,SMC
D-1021,all,38,20,2534,1860,15,73756,108,0,108,0,1,D,19,Alveolar fibroblast 1,43,21,3,3,3_1,SMC
D-1022,all,76,29,3571,1618,31,87617,122,0,122,0,1,D,19,Alveolar macrophage,56,29,8,8,8_1,AlveolarMac
D-1023,all,15,10,3098,825,13,67566,0,0,0,0,0,D,5,Sox9+/Id2+ epithelial cell,30,10,2,2,2_3,Vein
D-1025,all,33,23,3442,523,24,72062,0,0,0,0,0,D,7,Arterial endothelial cell,38,23,7,7,7_3,Tcell (CD8)
D-1026,all,74,39,2844,1180,17,84298,58,0,58,0,1,D,13,Inflammatory monocyte,53,41,2,2,2_5,DC
D-1027,all,31,16,2408,1874,10,42386,0,0,0,0,0,D,3,Inflammatory monocyte,40,16,7,7,7_2,PatrolMac
D-1029,all,50,27,2681,1283,7,56657,0,0,0,0,0,D,6,Arterial endothelial cell,50,27,2,2,2_4,Artery
D-1031,all,34,18,3513,1375,34,37057,56,56,0,1,0,D,6,Arterial endothelial cell,44,18,2,2,2_4,Artery
D-1032,all,43,13,3417,900,33,27632,0,0,0,0,0,D,36,Alveolar type 2 cell,46,13,1,1,1_3,AT2
D-1033,all,42,8,2787,1300,15,30371,0,0,0,0,0,D,37,Alveolar type 2 cell,46,8,1,1,1_3,AT2
D-1034,all,33,23,3631,1041,20,75515,0,0,0,0,0,D,4,Alveolar fibroblast 1,40,23,3,3,3_4,AdventitialFib
D-1036,all,41,26,3080,510,18,77199,0,0,0,0,0,D,12,T regulatory cell,42,26,9,9,9,Bcell
D-1037,all,51,13,2895,161,21,30614,0,0,0,0,0,D,40,Sox9+/Id2+ epithelial cell,49,13,1,1,1_1,AT2
D-1038,all,60,18,3720,895,31,46390,0,0,0,0,0,D,11,Alveolar type 1 cell,53,18,6,6,6,AT1
D-1039,all,57,10,3533,193,13,41202,0,0,0,0,0,D,46,Sox9+/Id2+ epithelial cell,50,10,1,1,1_1,AT2
D-1040,all,23,11,3324,644,18,27363,0,0,0,0,0,D,4,Alveolar fibroblast 1,42,12,3,3,3_5,SMC
D-1041,all,38,24,2238,1543,33,61907,0,0,0,0,0,D,5,Arterial endothelial cell,42,25,2,2,2_4,Artery
D-1042,all,83,20,3460,972,31,50528,0,0,0,0,0,D,13,Alveolar type 1 cell,55,20,6,6,6,AT1
D-1043,all,80,29,2549,1610,33,80341,0,0,0,0,0,D,53,Alveolar type 2 cell,57,29,1,1,1_3,AT2
D-1044,all,56,27,2946,271,25,73237,0,0,0,0,0,D,20,Interstitial macrophage,54,27,8,8,8_3,InterstitialMac
D-1045,all,34,23,3297,661,19,56136,0,0,0,0,0,D,10,Alveolar type 1 cell,39,23,1,1,1_5_1,LymphaticEndo
D-1046,all,68,26,3150,711,21,77484,0,0,0,0,0,D,14,B cell,55,26,9,9,9,Bcell
D-1050,all,56,28,3399,833,17,83627,0,0,0,0,0,D,14,Capillary 1 cell,52,27,2,2,2_1,Capillary
D-1052,all,40,17,3245,658,31,44948,0,0,0,0,0,D,7,Alveolar type 1 cell,45,17,6,6,6,AT1
D-1053,all,40,11,2131,1921,16,56792,0,0,0,0,0,D,5,Alveolar type 1 cell,46,11,6,6,6,AT1
D-1054,all,44,23,2953,807,36,51274,0,0,0,0,0,D,8,Alveolar macrophage,45,23,1,1,1_2_3,Tcell (CD4)
D-1056,all,39,13,2866,128,19,37975,0,0,0,0,0,D,30,Alveolar type 2 cell,44,13,1,1,1_1,AT2
D-1057,all,54,27,3433,1556,14,56177,0,0,0,0,0,D,11,Inflammatory monocyte,53,28,3,3,3_1,SMC
D-1058,all,19,13,2242,1125,10,40585,0,0,0,0,0,D,3,Capillary 1 cell,39,14,2,2,2_1,Capillary
D-1059,all,29,13,2509,1358,21,57286,0,0,0,0,0,D,19,Arterial endothelial cell,41,13,2,2,2_4,Artery
D-1062,all,26,14,2892,884,11,49460,0,0,0,0,0,D,9,Alveolar type 1 cell,40,15,3,3,3_1,SMC
D-1064,all,112,27,3464,927,31,72482,0,0,0,0,0,D,10,Sox9+/Id2+ epithelial cell,48,13,6,6,6,AT1
D-1065,all,76,20,3190,732,24,48000,0,0,0,0,0,D,10,Alveolar type 1 cell,53,20,6,6,6,AT1
D-1066,all,20,13,3112,753,26,30985,0,0,0,0,0,D,3,Capillary 2 cell,41,14,2,2,2_1,Capillary
D-1067,all,142,22,2140,826,16,95945,0,0,0,0,0,D,121,Alveolar type 2 cell,48,9,1,1,1_3,AT2
D-1069,all,15,10,3645,818,30,39506,0,0,0,0,0,D,2,B cell,32,10,9,9,9,Bcell
D-1070,all,128,19,2895,784,12,88232,0,0,0,0,0,D,107,Alveolar type 2 cell,46,6,1,1,1_1,AT2
D-1072,all,36,25,2736,1212,29,62095,0,0,0,0,0,D,8,Natural killer cell,40,25,7,7,7_3,Tcell (CD8)
D-1075,all,34,11,2090,1271,16,43362,0,0,0,0,0,D,29,Alveolar type 2 cell,43,11,1,1,1_3,AT2
D-1076,all,14,10,2329,1156,19,78545,0,0,0,0,0,D,4,B cell,28,10,9,9,9,Bcell
D-1077,all,25,7,2779,1273,16,25991,0,0,0,0,0,D,22,Alveolar type 2 cell,46,7,1,1,1_3,AT2
D-1078,all,9,6,2555,1657,33,19929,0,0,0,0,0,D,5,Alveolar type 2 cell,36,7,2,2,2_2,InflamMac
D-1079,all,24,13,3505,337,23,27069,0,0,0,0,0,D,9,Alveolar type 2 cell,43,13,1,1,1_1,AT2
D-1080,all,38,24,3022,606,13,94630,0,0,0,0,0,D,12,B cell,42,24,9,9,9,Bcell
D-1083,all,16,12,2328,1452,38,24299,0,0,0,0,0,D,6,Alveolar fibroblast 1,36,14,2,2,2_4,Artery
D-1085,all,34,23,3030,836,32,53651,0,0,0,0,0,D,16,Pericyte,43,23,5,5,5_1,Pericyte
D-1086,all,47,21,2457,1224,31,74833,0,0,0,0,0,D,7,Venous endothelial cell,47,21,3,3,3_4,AdventitialFib
D-1087,all,26,12,3389,1642,29,54877,0,0,0,0,0,D,14,Alveolar fibroblast 1,41,13,3,3,3_1,SMC
D-1088,all,34,19,2880,982,22,48123,254,0,254,0,1,D,4,Alveolar type 1 cell,42,19,2,2,2_1,Capillary
D-1090,all,33,16,2557,1260,19,46855,0,0,0,0,0,D,15,Pericyte,43,16,5,5,5_1,Pericyte
D-1092,all,33,15,3551,343,17,56127,0,0,0,0,0,D,5,Alveolar fibroblast 1,42,16,3,3,3_1,SMC
D-1096,all,44,25,2463,703,20,89851,361,0,361,0,1,D,10,Inflammatory monocyte,44,25,1,1,1_5_2,AlveolarFib
D-1097,all,22,15,3064,890,10,48869,0,0,0,0,0,D,9,B cell,38,15,9,9,9,Bcell
D-1099,all,38,27,3734,1895,32,78597,0,0,0,0,0,D,9,Airway smooth muscle cell,43,28,3,3,3_1,SMC
D-1100,all,89,13,3680,1234,12,34727,0,0,0,0,0,D,68,Alveolar type 2 cell,53,13,1,1,1_1,AT2
D-1102,all,35,20,3715,434,30,79081,0,0,0,0,0,D,3,CD8+ T cell,42,20,7,7,7_2,PatrolMac
D-1103,all,44,23,2184,1409,33,112685,0,0,0,0,0,D,7,Venous endothelial cell,46,24,3,3,3_1,SMC
D-1104,all,31,17,3027,517,16,36744,0,0,0,0,0,D,3,Pericyte,41,17,5,5,5_1,Pericyte
D-1105,all,8,6,2073,1015,34,33625,0,0,0,0,0,D,3,Alveolar type 1 cell,29,7,6,6,6,AT1
D-1107,all,19,12,2131,1417,17,55908,0,0,0,0,0,D,7,Alveolar fibroblast 1,41,14,2,2,2_4,Artery
D-1108,all,18,9,2279,1820,8,33891,0,0,0,0,0,D,8,Inflammatory monocyte,43,11,2,2,2_5,DC
D-1109,all,44,25,2483,1658,32,60127,0,0,0,0,0,D,14,Pericyte,44,25,5,5,5_1,Pericyte
D-1110,all,58,21,3704,1263,11,51762,0,0,0,0,0,D,36,Alveolar type 2 cell,52,21,1,1,1_1,AT2
D-1111,all,66,13,3506,166,25,57738,0,0,0,0,0,D,52,Alveolar macrophage,52,13,1,1,1_1,AT2
D-1112,all,121,40,2820,1056,23,74050,165,0,165,0,1,D,30,Alveolar type 1 cell,48,22,3,3,3_1,SMC
D-1113,all,85,45,2939,341,14,119098,0,0,0,0,0,D,26,Alveolar fibroblast 1,63,45,3,3,3_1,SMC
D-1114,all,54,33,3731,1360,25,103098,0,0,0,0,0,D,8,Secondary crest myofibroblast,56,34,3,3,3_1,SMC
D-1115,all,11,6,2025,1722,35,33090,0,0,0,0,0,D,9,Sox9+/Id2+ epithelial cell,34,6,1,1,1_1,AT2
D-1116,all,55,33,2446,1142,14,94066,0,0,0,0,0,D,19,Alveolar macrophage,53,33,8,8,8_1,AlveolarMac
D-1117,all,19,11,3148,751,10,35403,0,0,0,0,0,D,4,B cell,36,11,9,9,9,Bcell
D-1118,all,29,20,1945,1646,23,118220,0,0,0,0,0,D,7,Sox9+/Id2+ epithelial cell,40,20,9,9,9,Bcell
D-1121,all,42,24,2854,990,26,39799,0,0,0,0,0,D,9,Sox9+/Id2+ epithelial cell,43,24,1,1,1_3,AT2
D-1122,all,122,31,3483,1303,22,119855,101,0,101,0,1,D,89,Alveolar type 2 cell,45,13,5,5,5_1,Pericyte
D-1123,all,13,9,2896,1011,6,13396,0,0,0,0,0,D,2,Megakaryocyte/Platelet,35,10,1,1,1_4_1,AlveolarFib
D-1125,all,55,30,3465,1586,15,76107,0,0,0,0,0,D,13,Alveolar fibroblast 1,53,31,1,1,1_5_1,LymphaticEndo
D-1126,all,7,6,3044,324,26,22784,0,0,0,0,0,D,4,Sox9+/Id2+ epithelial cell,23,9,1,1,1_6_2,Neutrophil
D-1127,all,37,23,3231,119,22,74686,0,0,0,0,0,D,6,Neutrophil,41,23,2,2,2_3,Vein
D-1128,all,37,18,3665,458,18,71544,0,0,0,0,0,D,6,Capillary 1 cell,43,18,1,1,1_3,AT2
D-1129,all,84,29,2057,1076,36,75502,0,0,0,0,0,D,22,Alveolar type 1 cell,58,29,6,6,6,AT1
D-1132,all,34,21,3585,190,17,68829,0,0,0,0,0,D,12,Alveolar fibroblast 1,40,22,3,3,3_1,SMC
D-1133,all,70,28,2937,217,26,60158,0,0,0,0,0,D,42,Alveolar fibroblast 1,55,29,3,3,3_1,SMC
D-1134,all,44,26,2035,1160,17,93463,0,0,0,0,0,D,10,Vascular smooth muscle cell,42,26,2,2,2_1,Capillary
D-1135,all,18,14,3483,95,24,39270,0,0,0,0,0,D,2,Alveolar fibroblast 1,36,14,2,2,2_1,Capillary
D-1142,all,24,13,2674,1924,32,35081,0,0,0,0,0,D,6,Alveolar type 1 cell,41,13,6,6,6,AT1
D-1144,all,66,32,2391,1158,21,104917,0,0,0,0,0,D,10,Arterial endothelial cell,56,33,2,2,2_4,Artery
D-1146,all,14,8,3743,1268,28,33246,0,0,0,0,0,D,3,Endothelial progenitor cell,33,9,2,2,2_1,Capillary
D-1147,all,23,16,3268,697,30,40063,0,0,0,0,0,D,6,Proliferative mesenchymal progenitor cell,45,17,3,3,3_1,SMC
D-1148,all,47,21,2799,1249,14,43747,0,0,0,0,0,D,15,Sox9+/Id2+ epithelial cell,47,21,2,2,2_3,Vein
D-1152,all,59,29,1969,537,25,82837,50,0,50,0,1,D,13,Capillary 1 cell,55,30,3,3,3_5,SMC
D-1157,all,46,22,2301,1541,30,81458,0,0,0,0,0,D,4,Alveolar type 1 cell,46,22,6,6,6,AT1
D-1158,all,57,15,2272,1576,35,42169,0,0,0,0,0,D,45,Alveolar type 2 cell,52,15,1,1,1_3,AT2
D-1159,all,54,21,2491,1835,22,83079,0,0,0,0,0,D,11,Alveolar type 1 cell,51,21,6,6,6,AT1
D-1161,all,14,13,2451,1924,35,37599,0,0,0,0,0,D,2,Capillary 1 cell,32,13,8,8,8_2,InterstitialMac
D-1162,all,55,31,3648,119,12,82592,0,0,0,0,0,D,5,Endothelial progenitor cell,54,31,5,5,5_3,Pericyte
D-1163,all,41,14,3462,1049,35,36490,0,0,0,0,0,D,3,Alveolar type 1 cell,45,14,6,6,6,AT1
D-1166,all,13,10,2122,1879,12,48196,0,0,0,0,0,D,3,Inflammatory monocyte,30,10,6,6,6,AT1
D-1168,all,10,7,2138,1281,20,46664,0,0,0,0,0,D,4,Alveolar fibroblast 1,31,7,2,2,2_3,Vein
D-1169,all,32,18,2497,1395,38,37981,0,0,0,0,0,D,7,Arterial endothelial cell,43,19,2,2,2_4,Artery
D-1172,all,48,23,2139,1057,13,62221,0,0,0,0,0,D,5,Arterial endothelial cell,49,24,2,2,2_4,Artery
D-1173,all,44,26,3414,1703,24,63651,0,0,0,0,0,D,3,Alveolar fibroblast 1,44,25,2,2,2_1,Capillary
D-1174,all,22,13,2591,1498,20,28185,0,0,0,0,0,D,4,Arterial endothelial cell,41,13,2,2,2_4,Artery
D-1175,all,32,19,1991,1739,22,72505,0,0,0,0,0,D,13,Alveolar fibroblast 1,41,21,2,2,2_5,DC
D-1176,all,28,17,3064,759,31,44280,0,0,0,0,0,D,4,Capillary 1 cell,39,19,2,2,2_5,DC
D-1177,all,49,25,2409,1780,16,83907,0,0,0,0,0,D,10,Arterial endothelial cell,49,25,2,2,2_4,Artery
D-1179,all,41,25,2168,1106,13,58890,0,0,0,0,0,D,7,B cell,42,25,9,9,9,Bcell
D-1182,all,6,6,2023,1012,38,16081,0,0,0,0,0,D,3,Inflammatory monocyte,25,9,2,2,2_5,DC
D-1183,all,11,3,3736,821,4,7540,0,0,0,0,0,D,9,Alveolar type 2 cell,36,3,1,1,1_1,AT2
D-1186,all,67,17,2542,1294,14,46248,0,0,0,0,0,D,53,Sox9+/Id2+ epithelial cell,53,17,1,1,1_3,AT2
D-1188,all,38,15,2758,1244,12,35854,0,0,0,0,0,D,22,Alveolar type 2 cell,43,15,5,5,5_3,Pericyte
D-1192,all,14,9,3535,953,36,31940,0,0,0,0,0,D,7,Pericyte,31,9,5,5,5_1,Pericyte
D-1194,all,18,9,3094,891,25,23438,0,0,0,0,0,D,2,B cell,40,9,9,9,9,Bcell
D-1195,all,31,9,3469,391,13,44234,0,0,0,0,0,D,21,Alveolar type 2 cell,45,9,1,1,1_1,AT2
D-1196,all,13,12,2187,788,30,45793,0,0,0,0,0,D,2,Endothelial progenitor cell,31,12,2,2,2_1,Capillary
D-1200,all,35,22,3413,630,32,95837,0,0,0,0,0,D,4,Capillary 1 cell,41,23,3,3,3_1,SMC
D-1202,all,17,9,2324,252,7,23697,0,0,0,0,0,D,2,Venous endothelial cell,39,10,2,2,2_3,Vein
D-1204,all,34,23,2089,1111,16,90482,0,0,0,0,0,D,11,Pericyte,43,23,8,8,8_1,AlveolarMac
D-1207,all,18,11,1946,5,9,33086,0,0,0,0,0,D,4,T regulatory cell,37,13,2,2,2_5,DC
D-1208,all,68,35,2359,1495,24,101987,0,0,0,0,0,D,16,CD4+ T cell,56,35,7,7,7_2,PatrolMac
D-1209,all,17,14,3669,1009,11,66301,0,0,0,0,0,D,4,Alveolar fibroblast 1,36,14,8,8,8_2,InterstitialMac
D-1211,all,49,21,3505,417,28,50753,0,0,0,0,0,D,10,Alveolar type 1 cell,49,21,6,6,6,AT1
D-1213,all,6,4,2025,1932,34,23209,0,0,0,0,0,D,4,Secondary crest myofibroblast,20,7,5,5,5_1,Pericyte
D-1214,all,47,27,2906,686,15,68664,157,103,54,0.656051,0.343949,D,6,Sox9+/Id2+ epithelial cell,47,27,2,2,2_1,Capillary
D-1215,all,18,7,2099,1634,21,26865,0,0,0,0,0,D,2,Sox9+/Id2+ epithelial cell,36,7,7,7,7_3,Tcell (CD8)
D-1218,all,26,11,2412,1527,34,40606,0,0,0,0,0,D,11,Endothelial progenitor cell,41,11,6,6,6,AT1
D-1220,all,68,23,2974,299,23,77159,54,0,54,0,1,D,43,Alveolar type 2 cell,52,24,3,3,3_1,SMC
D-1222,all,29,12,3429,1617,15,38316,0,0,0,0,0,D,13,Alveolar type 2 cell,42,13,3,3,3_1,SMC
D-1224,all,94,32,2829,973,28,48587,0,0,0,0,0,D,21,Alveolar type 1 cell,60,30,6,6,6,AT1
D-1226,all,51,27,2187,1919,19,86054,0,0,0,0,0,D,5,Alveolar fibroblast 1,51,27,3,3,3_4,AdventitialFib
D-1230,all,53,26,2797,1010,30,84980,0,0,0,0,0,D,12,CD4+ T cell,52,26,3,3,3_4,AdventitialFib
D-1231,all,35,18,2981,226,13,51094,0,0,0,0,0,D,16,Alveolar fibroblast 1,44,19,3,3,3_1,SMC
D-1232,all,92,22,2232,1496,33,77592,0,0,0,0,0,D,14,Alveolar type 1 cell,58,22,6,6,6,AT1
D-1233,all,44,20,2138,1163,32,106479,0,0,0,0,0,D,3,Capillary 1 cell,48,21,2,2,2_1,Capillary
D-1236,all,22,11,3424,1357,12,53189,0,0,0,0,0,D,8,Alveolar fibroblast 1,40,12,3,3,3_1,SMC
D-1238,all,7,6,2253,1747,40,21206,0,0,0,0,0,D,2,Capillary 1 cell,30,8,2,2,2_1,Capillary
D-1245,all,72,44,2960,711,20,127507,0,0,0,0,0,D,16,Capillary 1 cell,57,44,9,9,9,Bcell
D-1246,all,56,27,2986,909,20,88065,287,287,0,1,0,D,18,Alveolar fibroblast 1,52,27,3,3,3_4,AdventitialFib
D-1248,all,27,19,3684,818,32,56203,0,0,0,0,0,D,8,B cell,42,19,9,9,9,Bcell
D-1250,all,51,16,3445,1001,33,38106,0,0,0,0,0,D,7,Inflammatory monocyte,50,18,2,2,2_5,DC
D-1251,all,44,24,3020,480,18,46483,58,0,58,0,1,D,4,Innate lymphoid cell,44,24,9,9,9,Bcell
D-1252,all,31,20,2540,1206,19,83989,0,0,0,0,0,D,3,Endothelial progenitor cell,40,21,3,3,3_1,SMC
D-1253,all,18,14,3188,564,40,26695,0,0,0,0,0,D,5,Endothelial progenitor cell,36,14,7,7,7_3,Tcell (CD8)
D-1254,all,21,15,2347,1657,35,37451,0,0,0,0,0,D,5,Alveolar fibroblast 1,43,16,3,3,3_1,SMC
D-1255,all,12,8,3733,961,27,24586,0,0,0,0,0,D,7,Innate lymphoid cell,26,8,7,7,7_4,PatrolMac
D-1257,all,52,16,2315,1902,11,76998,0,0,0,0,0,D,11,Alveolar type 1 cell,50,16,6,6,6,AT1
D-1258,all,34,22,3699,1608,12,56181,0,0,0,0,0,D,14,Pericyte,40,22,5,5,5_1,Pericyte
D-1259,all,24,8,2897,134,20,23922,0,0,0,0,0,D,20,Alveolar type 2 cell,44,8,1,1,1_1,AT2
D-1263,all,6,4,3315,887,32,23494,0,0,0,0,0,D,3,Proliferative mesenchymal progenitor cell,18,7,1,1,1_5_1,LymphaticEndo
D-1266,all,36,20,3725,1651,11,33684,0,0,0,0,0,D,8,Capillary 1 cell,43,19,2,2,2_1,Capillary
D-1271,all,59,26,2680,1951,27,54235,0,0,0,0,0,D,23,Venous endothelial cell,53,27,1,1,1_5_1,LymphaticEndo
D-1272,all,26,6,3428,1646,13,29722,0,0,0,0,0,D,22,Sox9+/Id2+ epithelial cell,46,7,2,2,2_1,Capillary
D-1273,all,24,19,3061,154,27,34544,0,0,0,0,0,D,4,Capillary 1 cell,45,19,2,2,2_3,Vein
D-1274,all,32,13,3294,840,10,55663,0,0,0,0,0,D,7,Alveolar type 1 cell,42,13,6,6,6,AT1
D-1277,all,53,32,3489,1247,33,65295,0,0,0,0,0,D,10,Arterial endothelial cell,53,32,2,2,2_4,Artery
D-1278,all,11,9,2128,1634,22,35667,0,0,0,0,0,D,3,CD8+ T cell,30,9,7,7,7_3,Tcell (CD8)
D-1280,all,21,17,2909,988,7,18589,0,0,0,0,0,D,3,Natural killer cell,41,18,2,2,2_2,InflamMac
D-1281,all,31,24,3723,1761,33,76189,0,0,0,0,0,D,6,Innate lymphoid cell,38,24,3,3,3_4,AdventitialFib
D-1283,all,18,14,2960,189,11,45384,0,0,0,0,0,D,6,Interstitial macrophage,36,14,8,8,8_3,InterstitialMac
D-1285,all,193,51,2415,960,9,126350,109,0,109,0,1,D,109,Alveolar type 2 cell,52,24,1,1,1_3,AT2
D-1287,all,59,21,3745,923,29,50511,0,0,0,0,0,D,8,Alveolar type 1 cell,53,21,7,7,7_3,Tcell (CD8)
D-1288,all,34,16,2732,12,36,46844,0,0,0,0,0,D,5,Alveolar macrophage,43,16,8,8,8_1,AlveolarMac
D-1289,all,31,21,3434,95,20,56957,0,0,0,0,0,D,9,T regulatory cell,39,21,7,7,7_2,PatrolMac
D-1290,all,58,23,2123,1334,17,87849,0,0,0,0,0,D,36,Pericyte,52,23,5,5,5_1,Pericyte
D-1293,all,22,12,2995,137,26,37950,0,0,0,0,0,D,5,Ciliated cell,38,12,2,2,2_6,pDC
D-1294,all,21,13,2106,1685,18,93409,0,0,0,0,0,D,3,Capillary 2 cell,38,12,2,2,2_1,Capillary
D-1296,all,52,23,2023,583,37,59241,0,0,0,0,0,D,31,Pericyte,50,23,5,5,5_1,Pericyte
D-1297,all,31,20,1995,1658,19,144022,0,0,0,0,0,D,12,Secondary crest myofibroblast,41,21,3,3,3_1,SMC
D-1299,all,67,22,2505,1312,22,70611,0,0,0,0,0,D,35,Alveolar type 2 cell,55,23,3,3,3_1,SMC
D-1301,all,48,24,3629,913,37,91571,0,0,0,0,0,D,14,Capillary 1 cell,48,24,2,2,2_3,Vein
D-1302,all,8,4,1982,1896,29,38878,0,0,0,0,0,D,4,Proliferative mesenchymal progenitor cell,30,5,3,3,3_1,SMC
D-1303,all,58,27,2323,1845,17,89903,0,0,0,0,0,D,21,Capillary 1 cell,55,29,2,2,2_5,DC
D-1305,all,40,22,2210,1818,13,80469,0,0,0,0,0,D,2,Pericyte,42,22,5,5,5_3,Pericyte
D-1308,all,54,32,2992,396,23,121269,0,0,0,0,0,D,3,Arterial endothelial cell,53,32,7,7,7_2,PatrolMac
D-1312,all,64,13,3458,1651,12,42587,60,60,0,1,0,D,51,Sox9+/Id2+ epithelial cell,51,13,1,1,1_1,AT2
D-1314,all,50,31,2468,1778,22,78297,0,0,0,0,0,D,9,Alveolar type 1 cell,51,32,3,3,3_1,SMC
D-1316,all,12,11,2448,730,35,30834,0,0,0,0,0,D,2,Alveolar fibroblast 1,32,11,1,1,1_5_4,pDC
D-1318,all,72,34,2327,1059,25,84528,0,0,0,0,0,D,10,Inflammatory monocyte,52,35,2,2,2_2,InflamMac
D-1319,all,25,11,3686,959,38,29943,0,0,0,0,0,D,14,Alveolar type 2 cell,46,11,7,7,7_3,Tcell (CD8)
D-1320,all,43,24,3040,235,24,46438,0,0,0,0,0,D,3,Pericyte,43,24,5,5,5_1,Pericyte
D-1321,all,32,14,3216,621,34,29995,0,0,0,0,0,D,6,CD8+ T cell,42,14,7,7,7_2,PatrolMac
D-1323,all,40,21,3337,216,7,48401,0,0,0,0,0,D,6,Proliferative mesenchymal progenitor cell,42,22,3,3,3_1,SMC
D-1324,all,16,15,3034,95,20,30681,0,0,0,0,0,D,4,Proliferative mesenchymal progenitor cell,38,16,3,3,3_1,SMC
D-1325,all,32,18,2104,1409,33,64422,0,0,0,0,0,D,3,Capillary 1 cell,42,18,2,2,2_1,Capillary
D-1327,all,36,22,3363,167,10,76191,0,0,0,0,0,D,11,Vascular smooth muscle cell,40,22,5,5,5_1,Pericyte
D-1328,all,57,30,3506,973,33,55368,0,0,0,0,0,D,12,Pericyte,54,30,5,5,5_1,Pericyte
D-1330,all,30,11,2381,1530,37,23613,0,0,0,0,0,D,3,Alveolar type 1 cell,43,11,6,6,6,AT1
D-1334,all,26,13,3769,706,12,38463,0,0,0,0,0,D,12,Pericyte,44,13,3,3,3_4,AdventitialFib
D-1339,all,40,15,3009,309,30,38631,0,0,0,0,0,D,27,Alveolar fibroblast 1,45,16,3,3,3_1,SMC
D-1341,all,7,6,1828,1204,24,15903,0,0,0,0,0,D,5,Pericyte,23,9,5,5,5_1,Pericyte
D-1344,all,12,10,1828,266,18,18560,0,0,0,0,0,D,3,B cell,28,11,2,2,2_1,Capillary
D-1345,all,15,11,2064,1813,30,46530,0,0,0,0,0,D,3,Alveolar fibroblast 1,29,11,7,7,7_4,PatrolMac
D-1355,all,68,34,2574,14,23,124825,0,0,0,0,0,D,14,Inflammatory monocyte,56,34,2,2,2_6,pDC
D-1369,all,45,11,3491,363,16,32939,0,0,0,0,0,D,31,Sox9+/Id2+ epithelial cell,47,11,1,1,1_1,AT2
D-1372,all,33,19,2528,2613,34,64296,0,0,0,0,0,D,10,Pericyte,40,19,5,5,5_1,Pericyte
D-1373,all,33,19,2597,2888,26,52472,1077,0,1077,0,1,D,7,Alveolar macrophage,41,19,8,8,8_1,AlveolarMac
D-1375,all,26,17,2418,3651,33,48597,0,0,0,0,0,D,7,Pericyte,47,17,5,5,5_1,Pericyte
D-1376,all,41,26,3139,3450,23,80540,0,0,0,0,0,D,18,Innate lymphoid cell,43,28,2,2,2_5,DC
D-1378,all,51,28,3312,3356,20,84674,0,0,0,0,0,D,12,Pericyte,51,28,5,5,5_3,Pericyte
D-1379,all,53,24,2957,2866,33,67253,7884,2409,5475,0.3055556,0.6944444,D,5,Alveolar fibroblast 1,51,25,1,1,1_4_1,AlveolarFib
D-1380,all,23,12,2544,2456,33,65763,0,0,0,0,0,D,13,Pericyte,40,12,5,5,5_1,Pericyte
D-1381,all,10,6,2095,3164,8,33734,0,0,0,0,0,D,5,Alveolar type 1 cell,21,6,5,5,5_3,Pericyte
D-1382,all,54,36,2187,3786,18,59003,0,0,0,0,0,D,16,Interstitial macrophage,54,36,8,8,8_3,InterstitialMac
D-1383,all,40,23,3546,2708,15,89014,0,0,0,0,0,D,7,Chondrocyte,43,23,2,2,2_6,pDC
D-1384,all,18,13,2330,3537,37,36939,0,0,0,0,0,D,4,Alveolar type 1 cell,37,13,6,6,6,AT1
D-1385,all,24,13,2747,2079,9,37957,0,0,0,0,0,D,12,Secondary crest myofibroblast,42,14,3,3,3_1,SMC
D-1386,all,101,44,2953,3063,28,77989,0,0,0,0,0,D,15,Alveolar fibroblast 1,60,37,1,1,1_5_2,AlveolarFib
D-1387,all,81,32,2700,1960,27,72084,0,0,0,0,0,D,44,Alveolar fibroblast 1,57,32,1,1,1_5_1,LymphaticEndo
D-1388,all,41,25,3065,3434,14,56728,0,0,0,0,0,D,18,Arterial endothelial cell,42,25,2,2,2_4,Artery
D-1390,all,23,14,3697,2498,29,84204,0,0,0,0,0,D,9,Pericyte,39,14,5,5,5_1,Pericyte
D-1392,all,35,25,2620,3315,28,66214,0,0,0,0,0,D,11,Vascular smooth muscle cell,39,25,5,5,5_1,Pericyte
D-1393,all,24,13,2988,2785,11,18414,166,0,166,0,1,D,10,Capillary 1 cell,42,13,2,2,2_3,Vein
D-1394,all,114,36,3186,2755,19,82152,678351,252946,532362,0.3220978,0.6779022,D,18,Sox9+/Id2+ epithelial cell,47,19,1,1,1_3,AT2
D-1395,all,33,21,3717,2722,11,62227,0,0,0,0,0,D,8,CD8+ T cell,42,21,7,7,7_2,PatrolMac
D-1396,all,43,23,3659,3198,12,57046,0,0,0,0,0,D,15,Alveolar fibroblast 1,45,22,1,1,1_5_1,LymphaticEndo
D-1397,all,23,5,2172,2999,13,22786,0,0,0,0,0,D,21,Alveolar type 2 cell,44,5,1,1,1_1,AT2
D-1398,all,34,22,2712,2607,29,66203,0,0,0,0,0,D,9,Sox9+/Id2+ epithelial cell,43,22,1,1,1_3,AT2
D-1400,all,65,35,2558,2283,27,93491,0,0,0,0,0,D,11,Alveolar macrophage,58,35,8,8,8_1,AlveolarMac
D-1401,all,29,18,2308,2045,9,34224,0,0,0,0,0,D,2,Venous endothelial cell,39,18,2,2,2_3,Vein
D-1402,all,26,13,2244,2014,12,54796,0,0,0,0,0,D,3,Neutrophil,41,13,2,2,2_6,pDC
D-1403,all,86,31,3004,2983,21,87117,159773,98776,65846,0.600017,0.399983,D,6,Vascular smooth muscle cell,60,31,2,2,2_3,Vein
D-1405,all,12,9,3673,3304,37,27616,0,0,0,0,0,D,2,B cell,33,9,9,9,9,Bcell
D-1406,all,44,28,3689,2141,13,79425,0,0,0,0,0,D,7,B cell,44,28,7,7,7_2,PatrolMac
D-1407,all,40,24,3085,3405,21,61212,0,0,0,0,0,D,11,Alveolar fibroblast 1,43,25,2,2,2_4,Artery
D-1408,all,93,31,3129,2828,13,76113,235010,72448,162562,0.3082762,0.6917238,D,17,Venous endothelial cell,59,30,2,2,2_3,Vein
D-1409,all,69,23,2854,2822,22,75378,85222,161,85061,0.001889184,0.9981108,D,13,Pericyte,55,23,5,5,5_1,Pericyte
D-1411,all,27,12,2305,3576,35,31040,0,0,0,0,0,D,3,Alveolar type 1 cell,44,12,6,6,6,AT1
D-1412,all,30,20,3011,2185,16,51497,0,0,0,0,0,D,6,Capillary 1 cell,40,21,2,2,2_2,InflamMac
D-1414,all,22,16,3116,2687,39,27472,3822,59,3822,0.01520227,0.9847977,D,4,Ciliated cell,42,16,1,1,1_5_4,pDC
D-1415,all,110,35,2919,3019,21,85154,121551,18713,102838,0.1539518,0.8460482,D,10,Alveolar fibroblast 1,52,21,1,1,1_5_1,LymphaticEndo
D-1416,all,92,15,3137,3554,9,41591,5766,6195,0,1,0,D,61,Alveolar type 2 cell,53,15,1,1,1_3,AT2
D-1417,all,25,13,3514,2786,26,56490,0,0,0,0,0,D,14,Alveolar type 1 cell,43,13,6,6,6,AT1
D-1419,all,75,35,2950,2714,32,80632,0,0,0,0,0,D,15,Interstitial macrophage,55,35,8,8,8_2,InterstitialMac
D-1420,all,31,25,3099,3189,30,58643,0,0,0,0,0,D,3,Proliferative mesenchymal progenitor cell,36,25,1,1,1_5_2,AlveolarFib
D-1422,all,52,34,2743,2307,31,88525,0,0,0,0,0,D,10,Inflammatory monocyte,49,33,2,2,2_1,Capillary
D-1423,all,34,11,3680,2303,24,35289,0,0,0,0,0,D,26,Alveolar type 2 cell,43,12,3,3,3_1,SMC
D-1424,all,20,15,2562,2875,12,47065,0,0,0,0,0,D,8,Capillary 1 cell,37,16,2,2,2_1,Capillary
D-1427,all,60,36,2169,2881,33,58600,0,0,0,0,0,D,16,Inflammatory monocyte,59,36,9,9,9,Bcell
D-1428,all,25,15,2860,2232,24,47213,0,0,0,0,0,D,11,Pericyte,42,15,2,2,2_6,pDC
D-1429,all,23,19,3676,2246,28,75967,0,0,0,0,0,D,6,B cell,41,19,9,9,9,Bcell
D-1430,all,96,20,2784,2151,32,63878,0,0,0,0,0,D,81,Alveolar type 2 cell,57,20,1,1,1_1,AT2
D-1435,all,49,29,3396,2756,33,81408,0,0,0,0,0,D,11,Alveolar fibroblast 2,50,30,2,2,2_5,DC
D-1437,all,47,25,2701,3638,23,67534,0,0,0,0,0,D,6,Capillary 1 cell,50,25,2,2,2_1,Capillary
D-1438,all,168,32,2950,2791,33,75545,6567,433,6134,0.06593574,0.9340643,D,18,Alveolar type 1 cell,51,11,6,6,6,AT1
D-1443,all,101,20,2579,2713,23,76021,0,0,0,0,0,D,71,Alveolar type 2 cell,57,20,1,1,1_3,AT2
D-1447,all,43,21,3179,3404,19,86928,0,0,0,0,0,D,10,Alveolar fibroblast 1,43,21,2,2,2_1,Capillary
D-1451,all,42,25,2761,2770,19,55486,0,0,0,0,0,D,14,Pericyte,44,25,5,5,5_1,Pericyte
D-1452,all,12,8,2744,3426,26,39045,0,0,0,0,0,D,4,Secondary crest myofibroblast,32,9,3,3,3_2,SMC
D-1453,all,33,24,3129,3194,18,27238,0,0,0,0,0,D,4,Capillary 1 cell,38,24,2,2,2_3,Vein
D-1454,all,31,22,2659,2628,19,73622,0,0,0,0,0,D,11,Pericyte,40,22,5,5,5_3,Pericyte
D-1455,all,63,12,3622,3173,14,51138,0,0,0,0,0,D,54,Alveolar type 2 cell,51,12,1,1,1_1,AT2
D-1456,all,113,33,3601,3211,25,97676,0,0,0,0,0,D,77,Alveolar type 2 cell,49,19,1,1,1_3,AT2
D-1458,all,36,23,3693,2600,30,67661,0,0,0,0,0,D,11,Alveolar macrophage,41,23,3,3,3_4,AdventitialFib
D-1459,all,18,15,2138,3159,32,75417,0,0,0,0,0,D,2,Inflammatory monocyte,39,16,1,1,1_4_1,AlveolarFib
D-1460,all,37,21,3065,3365,29,57929,0,0,0,0,0,D,5,Arterial endothelial cell,42,22,2,2,2_4,Artery
D-1461,all,33,25,2465,3056,13,48479,0,0,0,0,0,D,6,Capillary 1 cell,37,25,2,2,2_1,Capillary
D-1462,all,47,30,3403,3709,13,104818,0,0,0,0,0,D,14,Alveolar fibroblast 1,50,31,3,3,3_1,SMC
D-1463,all,121,36,3201,3539,22,89582,2020,2501,0,1,0,D,68,Sox9+/Id2+ epithelial cell,47,22,5,5,5_1,Pericyte
D-1464,all,57,32,2802,3096,14,82094,0,0,0,0,0,D,11,Arterial endothelial cell,55,32,2,2,2_4,Artery
D-1465,all,17,12,3733,2632,26,51526,0,0,0,0,0,D,2,Alveolar fibroblast 1,36,13,1,1,1_5_2,AlveolarFib
D-1468,all,82,24,2323,2313,19,59097,105,0,105,0,1,D,54,Alveolar fibroblast 1,52,24,2,2,2_6,pDC
D-1469,all,46,22,3024,3619,23,77562,0,0,0,0,0,D,6,Sox9+/Id2+ epithelial cell,46,22,2,2,2_3,Vein
D-1471,all,60,20,3514,2870,28,70881,0,0,0,0,0,D,5,Alveolar type 1 cell,52,20,6,6,6,AT1
D-1473,all,17,14,1958,3222,20,47376,0,0,0,0,0,D,7,Interstitial macrophage,33,14,3,3,3_4,AdventitialFib
D-1474,all,33,20,2219,3748,13,58382,0,0,0,0,0,D,13,Alveolar fibroblast 1,37,20,1,1,1_5_1,LymphaticEndo
D-1477,all,31,23,2649,2949,34,74688,0,0,0,0,0,D,7,Capillary 1 cell,38,23,2,2,2_6,pDC
D-1478,all,80,28,2801,2729,27,65560,223633,294018,37760,0.886189,0.113811,D,18,Alveolar fibroblast 1,57,28,1,1,1_5_1,LymphaticEndo
D-1481,all,44,27,3105,2747,31,51522,23325,7148,21630,0.2483842,0.7516158,D,8,Venous endothelial cell,45,27,2,2,2_3,Vein
D-1483,all,36,8,2115,2912,36,41144,0,0,0,0,0,D,32,Alveolar type 2 cell,45,8,1,1,1_3,AT2
D-1485,all,28,18,3673,3620,23,69264,0,0,0,0,0,D,3,Endothelial progenitor cell,40,18,2,2,2_3,Vein
D-1486,all,22,8,2609,2365,36,22225,0,0,0,0,0,D,19,Alveolar type 2 cell,43,8,1,1,1_3,AT2
D-1488,all,22,13,3020,3665,29,43582,0,0,0,0,0,D,9,Alveolar fibroblast 1,40,14,3,3,3_1,SMC
D-1489,all,90,34,2633,3522,19,67915,476,0,476,0,1,D,18,Alveolar type 1 cell,60,33,6,6,6,AT1
D-1490,all,30,12,2360,2869,15,55876,7454,2516,4938,0.3375369,0.6624631,D,5,Sox9+/Id2+ epithelial cell,42,12,2,2,2_3,Vein
D-1492,all,29,11,3023,2806,9,30861,0,0,0,0,0,D,3,Capillary 2 cell,42,12,2,2,2_2,InflamMac
D-1493,all,42,20,2643,2593,30,34283,0,0,0,0,0,D,10,Alveolar type 1 cell,45,20,6,6,6,AT1
D-1494,all,41,22,2479,2152,33,57680,0,0,0,0,0,D,14,Proliferative mesenchymal progenitor cell,42,21,1,1,1_5_1,LymphaticEndo
D-1495,all,52,34,3353,3308,12,69086,0,0,0,0,0,D,11,B cell,52,34,9,9,9,Bcell
D-1496,all,31,14,2810,3608,20,70184,0,0,0,0,0,D,19,Ciliated cell,41,14,1,1,1_1,AT2
D-1499,all,22,16,2579,3326,37,43208,0,0,0,0,0,D,3,B cell,41,16,7,7,7_3,Tcell (CD8)
D-1500,all,47,28,2154,2930,22,89901,0,0,0,0,0,D,15,Alveolar fibroblast 1,49,29,2,2,2_4,Artery
D-1501,all,78,43,2918,2219,34,67351,0,0,0,0,0,D,12,Alveolar fibroblast 1,57,43,6,6,6,AT1
D-1502,all,50,15,2977,2992,29,37335,118265,46353,64033,0.4199174,0.5800826,D,4,Alveolar fibroblast 1,50,16,2,2,2_4,Artery
D-1504,all,34,24,3717,2058,30,55220,0,0,0,0,0,D,14,Sox9+/Id2+ epithelial cell,40,24,5,5,5_3,Pericyte
D-1506,all,49,24,2326,2233,18,65169,0,0,0,0,0,D,26,AT1/AT2,49,24,2,2,2_6,pDC
D-1507,all,41,25,2745,2006,13,70451,0,0,0,0,0,D,9,Alveolar fibroblast 1,42,26,2,2,2_1,Capillary
D-1508,all,58,36,2224,2944,23,112574,0,0,0,0,0,D,19,B cell,57,36,9,9,9,Bcell
D-1509,all,64,29,2990,3479,28,96718,0,0,0,0,0,D,21,Arterial endothelial cell,55,29,2,2,2_4,Artery
D-1511,all,83,45,2989,3683,26,85483,0,0,0,0,0,D,10,Inflammatory monocyte,62,46,3,3,3_1,SMC
D-1512,all,31,21,3022,3264,19,41741,0,0,0,0,0,D,7,Sox9+/Id2+ epithelial cell,39,21,2,2,2_1,Capillary
D-1514,all,13,10,3619,3275,38,26659,0,0,0,0,0,D,3,B cell,31,10,9,9,9,Bcell
D-1515,all,33,21,3084,3314,26,58536,0,0,0,0,0,D,14,Vascular smooth muscle cell,40,21,3,3,3_2,SMC
D-1516,all,11,9,3741,3085,6,20355,0,0,0,0,0,D,2,Alveolar fibroblast 1,32,10,2,2,2_2,InflamMac
D-1517,all,82,24,2341,2828,29,91729,0,0,0,0,0,D,14,Alveolar type 1 cell,54,24,6,6,6,AT1
D-1519,all,84,26,2115,3030,23,126501,0,0,0,0,0,D,50,Alveolar type 2 cell,53,26,1,1,1_1,AT2
D-1521,all,33,19,2589,2853,25,63584,0,0,0,0,0,D,9,Alveolar macrophage,42,19,8,8,8_1,AlveolarMac
D-1523,all,9,8,3720,3622,35,35635,0,0,0,0,0,D,2,Capillary 1 cell,25,9,2,2,2_3,Vein
D-1525,all,102,32,2432,2202,24,89075,0,0,0,0,0,D,23,Alveolar type 1 cell,58,26,6,6,6,AT1
D-1526,all,22,15,3043,2904,35,36025,0,0,0,0,0,D,5,Venous endothelial cell,42,15,3,3,3_4,AdventitialFib
D-1527,all,110,13,2433,2083,28,68212,0,0,0,0,0,D,98,Alveolar type 2 cell,51,10,1,1,1_1,AT2
D-1528,all,12,9,2819,3467,39,13589,0,0,0,0,0,D,3,Alveolar fibroblast 1,29,9,2,2,2_6,pDC
D-1529,all,225,34,2843,2754,22,109105,1280896,760827,435827,0.6357953,0.3642047,D,12,Arterial endothelial cell,56,11,2,2,2_3,Vein
D-1531,all,20,13,2549,3714,15,41727,0,0,0,0,0,D,6,Alveolar fibroblast 1,39,13,2,2,2_1,Capillary
D-1535,all,87,15,2836,2358,7,36958,0,0,0,0,0,D,73,Alveolar type 2 cell,54,14,1,1,1_3,AT2
D-1537,all,68,30,2905,2171,15,61779,0,0,0,0,0,D,18,Alveolar type 1 cell,56,30,7,7,7_2,PatrolMac
D-1539,all,68,20,3625,3654,21,94399,0,0,0,0,0,D,54,Alveolar type 2 cell,54,21,1,1,1_1,AT2
D-1540,all,25,17,2835,3077,13,58625,0,0,0,0,0,D,11,Pericyte,45,17,3,3,3_2,SMC
D-1542,all,45,27,3651,2586,19,81761,0,0,0,0,0,D,5,Endothelial progenitor cell,45,27,3,3,3_4,AdventitialFib
D-1544,all,31,23,3459,3255,21,45682,0,0,0,0,0,D,5,Capillary 1 cell,37,23,3,3,3_4,AdventitialFib
D-1545,all,59,19,3709,2276,16,74667,0,0,0,0,0,D,32,Alveolar fibroblast 1,54,20,3,3,3_1,SMC
D-1546,all,33,23,2483,2969,25,90717,0,0,0,0,0,D,4,Alveolar fibroblast 1,39,23,5,5,5_3,Pericyte
D-1551,all,119,58,3234,2758,20,130540,0,0,0,0,0,D,20,Alveolar type 2 cell,42,32,2,2,2_1,Capillary
D-1554,all,55,17,3706,3336,19,99650,0,0,0,0,0,D,30,Sox9+/Id2+ epithelial cell,53,17,1,1,1_1,AT2
D-1556,all,18,10,2202,2077,26,39893,0,0,0,0,0,D,5,Alveolar fibroblast 1,39,12,2,2,2_4,Artery
D-1558,all,18,13,1970,3169,37,29882,0,0,0,0,0,D,2,Sox9+/Id2+ epithelial cell,36,14,1,1,1_6_2,Neutrophil
D-1560,all,31,16,2330,2941,32,75403,0,0,0,0,0,D,16,Alveolar type 2 cell,41,17,3,3,3_5,SMC
D-1562,all,44,16,2985,2817,14,45501,1056,0,1056,0,1,D,8,Sox9+/Id2+ epithelial cell,46,15,2,2,2_1,Capillary
D-1563,all,40,21,2981,2203,9,34580,0,0,0,0,0,D,10,Capillary 1 cell,42,21,2,2,2_3,Vein
D-1565,all,16,9,2446,2911,38,43116,0,0,0,0,0,D,4,Capillary 1 cell,36,10,2,2,2_1,Capillary
D-1566,all,24,12,2950,3593,36,51935,0,0,0,0,0,D,12,Pericyte,41,12,5,5,5_1,Pericyte
D-1567,all,59,31,2366,2335,20,88799,0,0,0,0,0,D,18,Alveolar fibroblast 1,56,31,2,2,2_3,Vein
D-1568,all,56,37,3044,3286,22,63214,0,0,0,0,0,D,16,Vascular smooth muscle cell,55,37,3,3,3_2,SMC
D-1569,all,19,13,3579,3710,34,53536,0,0,0,0,0,D,3,Proliferative mesenchymal progenitor cell,38,14,1,1,1_5_1,LymphaticEndo
D-1570,all,27,17,3751,3414,21,55102,0,0,0,0,0,D,5,Alveolar type 1 cell,42,18,3,3,3_1,SMC
D-1572,all,234,32,3008,2749,23,111981,795730,759816,35914,0.9548666,0.0451334,D,89,Alveolar type 2 cell,52,6,1,1,1_1,AT2
D-1573,all,138,36,2797,2770,22,88682,95728,7343,81233,0.08290056,0.9170994,D,26,Sox9+/Id2+ epithelial cell,49,14,6,6,6,AT1
D-1579,all,45,22,2982,3201,21,75795,0,0,0,0,0,D,5,Vascular smooth muscle cell,45,22,3,3,3_2,SMC
D-1580,all,45,30,2639,2390,23,56144,0,0,0,0,0,D,24,Inflammatory monocyte,50,32,2,2,2_5,DC
D-1581,all,21,15,2601,3144,36,34826,0,0,0,0,0,D,5,Alveolar fibroblast 1,36,15,5,5,5_3,Pericyte
D-1583,all,16,8,2155,2047,16,29350,0,0,0,0,0,D,2,Proliferative mesenchymal progenitor cell,31,8,1,1,1_2_1,Tcell (CD4)
D-1584,all,74,38,2646,3281,27,124887,0,0,0,0,0,D,19,Arterial endothelial cell,57,38,2,2,2_4,Artery
D-1585,all,17,13,3640,2986,15,67725,0,0,0,0,0,D,7,Pericyte,37,13,2,2,2_6,pDC
D-1586,all,34,19,3623,2284,38,38355,0,0,0,0,0,D,5,Endothelial progenitor cell,45,21,2,2,2_5,DC
D-1587,all,65,36,3538,3628,21,145119,2443,0,2443,0,1,D,21,Alveolar macrophage,58,36,8,8,8_1,AlveolarMac
D-1588,all,42,20,2317,2783,27,45981,0,0,0,0,0,D,8,CD8+ T cell,44,21,2,2,2_2,InflamMac
D-1591,all,29,23,3601,2935,14,77447,0,0,0,0,0,D,5,CD4+ T cell,38,24,1,1,1_6_2,Neutrophil
D-1592,all,24,16,2513,2494,27,77919,0,0,0,0,0,D,3,Capillary 1 cell,44,16,2,2,2_1,Capillary
D-1593,all,24,16,2537,3161,35,42609,0,0,0,0,0,D,7,Arterial endothelial cell,45,18,2,2,2_4,Artery
D-1594,all,28,12,2467,2047,10,30094,0,0,0,0,0,D,10,Alveolar type 1 cell,42,12,6,6,6,AT1
D-1595,all,54,32,3649,2377,25,80668,0,0,0,0,0,D,8,Inflammatory monocyte,53,32,7,7,7_2,PatrolMac
D-1596,all,35,17,2342,3760,9,40571,0,0,0,0,0,D,15,Pericyte,39,17,5,5,5_1,Pericyte
D-1597,all,31,14,3670,3680,30,61241,0,0,0,0,0,D,9,Sox9+/Id2+ epithelial cell,42,15,2,2,2_3,Vein
D-1598,all,21,12,2774,2099,13,37291,0,0,0,0,0,D,11,Airway smooth muscle cell,38,13,3,3,3_1,SMC
D-1599,all,11,10,2891,3114,8,23722,0,0,0,0,0,D,4,Sox9+/Id2+ epithelial cell,31,10,5,5,5_1,Pericyte
D-1600,all,55,32,2835,3642,18,84408,0,0,0,0,0,D,14,Pericyte,53,32,7,7,7_2,PatrolMac
D-1602,all,43,32,3657,2428,17,90114,0,0,0,0,0,D,9,Alveolar fibroblast 1,43,32,2,2,2_4,Artery
D-1603,all,10,9,2862,3520,34,20758,0,0,0,0,0,D,3,Interstitial macrophage,23,9,8,8,8_3,InterstitialMac
D-1605,all,59,16,2173,2968,10,49850,0,0,0,0,0,D,41,Venous endothelial cell,52,16,1,1,1_1,AT2
D-1608,all,45,28,3079,2238,8,20393,123,0,123,0,1,D,10,Capillary 1 cell,45,28,2,2,2_1,Capillary
D-1609,all,67,42,2949,2258,31,97511,0,0,0,0,0,D,12,Arterial endothelial cell,59,42,2,2,2_4,Artery
D-1610,all,27,22,2217,3801,8,34005,0,0,0,0,0,D,4,CD8+ T cell,36,23,2,2,2_2,InflamMac
D-1611,all,12,9,2609,3651,38,29176,0,0,0,0,0,D,2,Endothelial progenitor cell,32,9,3,3,3_4,AdventitialFib
D-1614,all,49,25,2461,3654,21,96243,0,0,0,0,0,D,4,Capillary 1 cell,48,24,2,2,2_1,Capillary
D-1616,all,23,12,3058,2214,8,23851,0,0,0,0,0,D,10,Capillary 1 cell,44,12,2,2,2_1,Capillary
D-1617,all,13,10,3748,3054,8,26771,0,0,0,0,0,D,2,Inflammatory monocyte,34,10,3,3,3_4,AdventitialFib
D-1618,all,53,19,2614,2933,19,44819,0,0,0,0,0,D,3,Alveolar type 1 cell,50,19,6,6,6,AT1
D-1620,all,203,29,2939,2954,28,101076,584167,405699,66672,0.8588567,0.1411433,D,11,Capillary 1 cell,57,11,2,2,2_6,pDC
D-1621,all,14,14,2565,3689,31,28898,0,0,0,0,0,D,3,Capillary 1 cell,30,14,2,2,2_1,Capillary
D-1622,all,7,5,2917,3493,41,9720,0,0,0,0,0,D,5,Alveolar fibroblast 1,18,7,1,1,1_5_1,LymphaticEndo
D-1626,all,14,11,2197,2898,31,25256,0,0,0,0,0,D,5,Alveolar fibroblast 1,34,12,3,3,3_1,SMC
D-1628,all,56,26,2781,3448,23,70705,0,0,0,0,0,D,17,Vascular smooth muscle cell,54,26,3,3,3_6,SCMF
D-1629,all,29,20,2323,2751,27,44736,0,0,0,0,0,D,11,Sox9+/Id2+ epithelial cell,37,20,9,9,9,Bcell
D-1630,all,68,44,3203,2817,24,103177,126172,27247,98925,0.2159512,0.7840488,D,15,Alveolar macrophage,60,44,3,3,3_4,AdventitialFib
D-1631,all,7,6,3555,3180,5,7682,0,0,0,0,0,D,4,Sox9+/Id2+ epithelial cell,30,8,3,3,3_1,SMC
D-1632,all,52,31,2831,3520,18,59795,0,0,0,0,0,D,24,Interstitial macrophage,52,31,8,8,8_3,InterstitialMac
D-1633,all,7,3,3050,3681,22,31926,0,0,0,0,0,D,3,Mesothelial cell,21,6,3,3,3_3,AdventitialFib
D-1634,all,94,36,2720,3076,21,117697,0,0,0,0,0,D,27,Venous endothelial cell,63,36,3,3,3_4,AdventitialFib
D-1635,all,31,20,2541,2534,20,87816,0,0,0,0,0,D,6,Capillary 2 cell,40,19,2,2,2_1,Capillary
D-1637,all,43,6,2505,2223,11,29342,0,0,0,0,0,D,41,Alveolar type 2 cell,47,6,1,1,1_3,AT2
D-1640,all,6,4,2688,2370,40,12511,0,0,0,0,0,D,4,B cell,16,7,9,9,9,Bcell
D-1641,all,42,28,2278,3552,21,76299,0,0,0,0,0,D,8,Alveolar fibroblast 1,48,29,1,1,1_5_1,LymphaticEndo
D-1642,all,25,9,3077,2174,35,22323,0,0,0,0,0,D,15,Sox9+/Id2+ epithelial cell,45,9,1,1,1_1,AT2
D-1645,all,29,21,3682,3527,21,83006,0,0,0,0,0,D,10,B cell,35,21,9,9,9,Bcell
D-1646,all,55,27,3015,2936,30,49248,18999,552,17304,0.03091398,0.969086,D,4,Alveolar fibroblast 1,52,26,1,1,1_5_1,LymphaticEndo
D-1649,all,47,31,2475,2109,21,76783,0,0,0,0,0,D,18,Sox9+/Id2+ epithelial cell,47,31,1,1,1_5_2,AlveolarFib
D-1650,all,61,22,2794,3581,29,55644,0,0,0,0,0,D,42,Sox9+/Id2+ epithelial cell,54,22,1,1,1_1,AT2
D-1651,all,26,18,3749,2305,7,36579,0,0,0,0,0,D,7,Alveolar fibroblast 1,38,19,3,3,3_1,SMC
D-1652,all,230,35,3221,3348,17,81936,53352,34480,18872,0.6462738,0.3537262,D,45,Alveolar type 2 cell,56,13,1,1,1_3,AT2
D-1655,all,11,9,2647,3196,36,25289,0,0,0,0,0,D,3,Pericyte,29,9,5,5,5_1,Pericyte
D-1656,all,53,32,3326,3395,32,97044,0,0,0,0,0,D,11,B cell,48,31,2,2,2_1,Capillary
D-1657,all,26,19,2195,2042,17,58640,0,0,0,0,0,D,12,Alveolar fibroblast 1,42,20,3,3,3_5,SMC
D-1658,all,39,20,2899,3601,23,81415,0,0,0,0,0,D,22,Alveolar type 2 cell,42,20,2,2,2_6,pDC
D-1661,all,63,43,2707,2198,31,80664,0,0,0,0,0,D,15,Alveolar fibroblast 1,59,44,2,2,2_5,DC
D-1662,all,29,16,2362,2140,11,46743,0,0,0,0,0,D,6,AT1/AT2,39,16,6,6,6,AT1
D-1663,all,23,19,2715,3398,33,48802,0,0,0,0,0,D,8,Pericyte,43,19,5,5,5_1,Pericyte
D-1664,all,21,12,2602,2677,33,44079,0,0,0,0,0,D,9,Sox9+/Id2+ epithelial cell,38,12,2,2,2_1,Capillary
D-1668,all,11,9,2400,2306,36,27235,0,0,0,0,0,D,2,Proliferative mesenchymal progenitor cell,30,10,3,3,3_1,SMC
D-1669,all,65,39,2877,2685,18,82651,0,0,0,0,0,D,23,Alveolar macrophage,61,39,7,7,7_4,PatrolMac
D-1670,all,20,13,2616,3189,14,62085,0,0,0,0,0,D,9,Vascular smooth muscle cell,37,13,3,3,3_6,SCMF
D-1673,all,70,34,2932,1999,29,64216,0,0,0,0,0,D,26,Pericyte,58,34,5,5,5_1,Pericyte
D-1674,all,44,24,2710,2721,36,66763,0,0,0,0,0,D,11,Capillary 1 cell,44,24,6,6,6,AT1
D-1675,all,71,43,3105,3368,24,128417,0,0,0,0,0,D,30,Arterial endothelial cell,57,43,3,3,3_2,SMC
D-1676,all,41,17,2658,2366,27,38459,0,0,0,0,0,D,27,Alveolar type 2 cell,43,17,1,1,1_1,AT2
D-1677,all,39,23,2382,2114,16,45080,0,0,0,0,0,D,4,Sox9+/Id2+ epithelial cell,42,24,2,2,2_2,InflamMac
D-1678,all,85,24,2759,3622,17,67068,0,0,0,0,0,D,68,Sox9+/Id2+ epithelial cell,56,24,1,1,1_1,AT2
D-1679,all,44,27,2510,3070,20,106210,0,0,0,0,0,D,7,Alveolar type 1 cell,44,27,6,6,6,AT1
D-1682,all,11,9,3721,2975,39,26609,0,0,0,0,0,D,2,Proliferative mesenchymal progenitor cell,31,10,3,3,3_1,SMC
D-1683,all,33,25,1996,3380,33,78291,0,0,0,0,0,D,11,Alveolar macrophage,37,27,2,2,2_5,DC
D-1684,all,18,11,2628,3230,29,38745,0,0,0,0,0,D,10,Vascular smooth muscle cell,37,11,3,3,3_2,SMC
D-1686,all,30,17,3582,2964,31,38861,0,0,0,0,0,D,6,Alveolar type 1 cell,38,17,6,6,6,AT1
D-1693,all,148,21,2319,2895,32,90479,0,0,0,0,0,D,123,Alveolar type 2 cell,51,12,1,1,1_3,AT2
D-1695,all,25,14,2488,2076,7,20184,0,0,0,0,0,D,10,Alveolar type 1 cell,44,14,6,6,6,AT1
D-1699,all,61,33,3069,2714,30,85202,27163,6204,20900,0.2288961,0.7711039,D,10,Pericyte,57,33,5,5,5_3,Pericyte
D-1702,all,43,21,2585,2922,16,42582,0,0,0,0,0,D,6,Alveolar type 1 cell,45,21,6,6,6,AT1
D-1703,all,15,11,2680,2680,19,33493,0,0,0,0,0,D,7,Arterial endothelial cell,33,12,2,2,2_4,Artery
D-1704,all,8,6,2617,2720,39,11330,0,0,0,0,0,D,3,Neutrophil,24,8,1,1,1_5_1,LymphaticEndo
D-1706,all,11,8,2695,3617,6,11091,0,0,0,0,0,D,6,Pericyte,26,8,5,5,5_1,Pericyte
D-1707,all,42,16,2672,2583,32,33155,0,0,0,0,0,D,5,Alveolar type 1 cell,44,16,6,6,6,AT1
D-1708,all,9,6,2418,2341,37,23593,0,0,0,0,0,D,3,B cell,23,7,9,9,9,Bcell
D-1710,all,31,21,2441,2121,28,42429,0,0,0,0,0,D,5,Arterial endothelial cell,40,21,2,2,2_4,Artery
D-1711,all,77,28,2871,3470,20,91545,0,0,0,0,0,D,15,Arterial endothelial cell,53,28,2,2,2_1,Capillary
D-1712,all,13,11,2106,2014,40,33006,0,0,0,0,0,D,3,Alveolar fibroblast 2,31,11,3,3,3_3,AdventitialFib
D-1713,all,8,5,2050,3173,11,26591,36920,31755,9503,0.7696689,0.2303311,D,6,Secondary crest myofibroblast,17,7,3,3,3_6,SCMF
D-1715,all,68,24,2855,3591,22,57424,0,0,0,0,0,D,37,Alveolar type 2 cell,53,24,1,1,1_1,AT2
D-1720,all,67,26,3700,2664,18,111374,0,0,0,0,0,D,12,Alveolar type 1 cell,54,26,6,6,6,AT1
D-1722,all,100,24,2350,2281,22,65641,0,0,0,0,0,D,76,Alveolar type 2 cell,58,23,1,1,1_1,AT2
D-1724,all,31,17,2395,2859,25,75983,0,0,0,0,0,D,7,Pericyte,40,17,5,5,5_1,Pericyte
D-1729,all,39,9,3735,3344,33,56016,0,0,0,0,0,D,34,Sox9+/Id2+ epithelial cell,45,9,1,1,1_1,AT2
D-1730,all,11,8,2659,2752,32,20148,0,0,0,0,0,D,2,Alveolar fibroblast 1,35,8,2,2,2_3,Vein
D-1732,all,28,23,3158,3265,30,40567,0,0,0,0,0,D,6,Capillary 1 cell,41,23,2,2,2_1,Capillary
D-1733,all,43,22,2312,2169,27,79365,0,0,0,0,0,D,8,Capillary 1 cell,43,21,2,2,2_1,Capillary
D-1734,all,45,23,3720,2011,16,37232,0,0,0,0,0,D,7,Inflammatory monocyte,45,23,3,3,3_4,AdventitialFib
D-1735,all,12,6,3412,3766,30,27469,0,0,0,0,0,D,3,Alveolar fibroblast 1,34,6,2,2,2_1,Capillary
D-1737,all,13,11,2485,2304,40,32151,0,0,0,0,0,D,2,Alveolar type 1 cell,32,11,3,3,3_4,AdventitialFib
D-1738,all,29,17,2296,2330,12,31963,0,0,0,0,0,D,10,Alveolar type 2 cell,38,17,1,1,1_3,AT2
D-1739,all,34,18,2646,3481,33,51869,0,0,0,0,0,D,8,Inflammatory monocyte,42,18,2,2,2_3,Vein
D-1740,all,28,21,2009,3205,20,133873,149265,117710,38000,0.7559566,0.2440434,D,5,Alveolar fibroblast 1,37,21,3,3,3_4,AdventitialFib
D-1745,all,14,5,2479,1981,10,14603,0,0,0,0,0,D,11,Sox9+/Id2+ epithelial cell,40,6,2,2,2_1,Capillary
D-1748,all,53,8,3170,3539,14,28256,3446,1885,651,0.7432965,0.2567035,D,29,Alveolar type 2 cell,50,8,1,1,1_1,AT2
D-1749,all,64,34,2839,2711,19,67043,18987,0,2236,0,1,D,17,Interstitial macrophage,56,34,8,8,8_3,InterstitialMac
D-1750,all,9,5,2610,2750,35,17918,0,0,0,0,0,D,6,Sox9+/Id2+ epithelial cell,33,6,1,1,1_1,AT2
D-1751,all,33,12,2018,3240,23,84011,286541,38830,236928,0.1408119,0.8591881,D,26,Alveolar type 1 cell,43,12,6,6,6,AT1
D-1752,all,31,18,2714,2653,25,51204,0,0,0,0,0,D,4,Alveolar type 1 cell,43,19,3,3,3_2,SMC
D-1754,all,22,14,2801,2108,20,39171,0,0,0,0,0,D,8,Proliferative mesenchymal progenitor cell,43,15,3,3,3_1,SMC
D-1759,all,8,5,2626,2340,39,18838,0,0,0,0,0,D,5,Alveolar type 2 cell,33,7,1,1,1_1,AT2
D-1760,all,8,7,3703,3596,26,21778,0,0,0,0,0,D,4,Classical DC subset 2,28,9,2,2,2_5,DC
D-1763,all,46,33,2749,3042,30,65190,0,0,0,0,0,D,12,Endothelial progenitor cell,46,33,2,2,2_5,DC
D-1764,all,58,31,2880,2206,20,60112,0,0,0,0,0,D,15,Arterial endothelial cell,53,31,5,5,5_1,Pericyte
D-1771,all,18,15,3577,5116,19,63205,0,0,0,0,0,D,7,Airway smooth muscle cell,34,15,3,3,3_1,SMC
D-1772,all,11,11,3096,5487,24,49675,0,0,0,0,0,D,2,Pericyte,28,11,5,5,5_1,Pericyte
D-1775,all,46,31,2518,5202,29,77023,0,0,0,0,0,D,11,Alveolar fibroblast 1,46,31,7,7,7_2,PatrolMac
D-1777,all,28,18,1960,4573,22,75572,0,0,0,0,0,D,7,Pericyte,41,18,5,5,5_3,Pericyte
D-1778,all,33,20,3663,5185,16,69342,0,0,0,0,0,D,4,Alveolar fibroblast 1,42,21,3,3,3_5,SMC
D-1779,all,67,35,3427,5688,12,77453,0,0,0,0,0,D,12,Alveolar macrophage,58,35,8,8,8_1,AlveolarMac
D-1780,all,19,13,3022,5517,11,71852,0,0,0,0,0,D,5,B cell,36,13,9,9,9,Bcell
D-1782,all,18,11,1995,4529,29,34503,0,0,0,0,0,D,2,Sox9+/Id2+ epithelial cell,35,11,8,8,8_3,InterstitialMac
D-1783,all,21,6,2809,4873,11,27208,0,0,0,0,0,D,19,Secondary crest myofibroblast,43,7,3,3,3_1,SMC
D-1784,all,86,26,2240,4128,27,79451,0,0,0,0,0,D,12,Alveolar type 1 cell,56,26,6,6,6,AT1
D-1785,all,33,24,2456,5615,21,71764,52,0,52,0,1,D,6,B cell,39,24,9,9,9,Bcell
D-1786,all,15,9,2340,4107,12,37350,0,0,0,0,0,D,4,Arterial endothelial cell,34,9,2,2,2_4,Artery
D-1787,all,42,25,2665,4829,15,92751,0,0,0,0,0,D,2,Capillary 1 cell,44,25,2,2,2_1,Capillary
D-1788,all,42,15,2011,4672,19,37301,0,0,0,0,0,D,26,Alveolar type 1 cell,45,15,2,2,2_6,pDC
D-1790,all,36,22,2334,4041,18,73426,0,0,0,0,0,D,6,Arterial endothelial cell,42,22,2,2,2_4,Artery
D-1794,all,8,5,3173,5576,11,39783,0,0,0,0,0,D,2,Proliferative mesenchymal progenitor cell,32,6,6,6,6,AT1
D-1795,all,30,18,2125,4078,26,75624,0,0,0,0,0,D,8,B cell,41,18,3,3,3_5,SMC
D-1796,all,24,15,2843,4871,7,24617,0,0,0,0,0,D,4,Alveolar fibroblast 1,45,16,3,3,3_1,SMC
D-1799,all,40,23,2849,5550,18,94638,0,0,0,0,0,D,8,Pericyte,41,23,5,5,5_1,Pericyte
D-1800,all,39,21,2462,5486,20,93623,0,0,0,0,0,D,2,Neutrophil,42,21,1,1,1_6_2,Neutrophil
D-1801,all,57,31,2424,5213,31,73094,0,0,0,0,0,D,11,Capillary 1 cell,54,32,3,3,3_1,SMC
D-1802,all,40,32,3704,5370,14,63165,0,0,0,0,0,D,6,Inflammatory monocyte,41,32,3,3,3_6,SCMF
D-1803,all,38,20,3005,5629,10,70044,0,0,0,0,0,D,3,Endothelial progenitor cell,44,20,2,2,2_3,Vein
D-1805,all,12,7,2820,4838,8,25571,0,0,0,0,0,D,2,Proliferative mesenchymal progenitor cell,27,7,3,3,3_1,SMC
D-1806,all,83,19,3148,5485,17,120009,0,0,0,0,0,D,64,Alveolar type 2 cell,56,20,3,3,3_1,SMC
D-1807,all,27,20,3681,5239,22,75189,0,0,0,0,0,D,12,Capillary 1 cell,45,20,1,1,1_3,AT2
D-1808,all,68,31,2562,5159,28,56467,0,0,0,0,0,D,18,Alveolar type 1 cell,55,31,6,6,6,AT1
D-1810,all,59,31,2679,5592,13,75226,0,0,0,0,0,D,11,Inflammatory monocyte,54,31,1,1,1_4_1,AlveolarFib
D-1812,all,31,21,2373,5435,36,41309,0,0,0,0,0,D,6,CD4+ T cell,39,21,1,1,1_5_2,AlveolarFib
D-1813,all,38,7,1995,4005,24,52917,0,0,0,0,0,D,29,Sox9+/Id2+ epithelial cell,46,7,1,1,1_1,AT2
D-1814,all,7,5,3519,5558,6,26718,0,0,0,0,0,D,3,Sox9+/Id2+ epithelial cell,30,6,2,2,2_6,pDC
D-1815,all,19,13,2181,5493,30,26660,0,0,0,0,0,D,2,Alveolar fibroblast 1,36,13,1,1,1_5_4,pDC
D-1817,all,41,26,2860,5670,19,50713,101,0,101,0,1,D,5,Alveolar fibroblast 1,43,26,1,1,1_5_2,AlveolarFib
D-1818,all,37,21,2355,5514,32,36480,0,0,0,0,0,D,10,Alveolar fibroblast 1,43,22,1,1,1_5_1,LymphaticEndo
D-1819,all,58,30,2663,5053,31,93358,0,0,0,0,0,D,18,Alveolar fibroblast 1,50,29,1,1,1_5_1,LymphaticEndo
D-1821,all,24,16,2107,5528,27,82122,0,0,0,0,0,D,2,CD8+ T cell,42,17,1,1,1_6_2,Neutrophil
D-1823,all,55,34,2081,5184,17,64340,167,0,167,0,1,D,8,Capillary 1 cell,54,34,9,9,9,Bcell
D-1824,all,28,18,3641,5388,16,58214,0,0,0,0,0,D,8,Alveolar fibroblast 1,40,19,3,3,3_1,SMC
D-1825,all,36,17,2266,3983,29,67562,0,0,0,0,0,D,13,Alveolar type 1 cell,42,17,6,6,6,AT1
D-1828,all,35,20,3678,5114,20,88438,0,0,0,0,0,D,3,Inflammatory monocyte,42,22,2,2,2_5,DC
D-1829,all,17,15,2289,4197,36,28985,0,0,0,0,0,D,3,Alveolar fibroblast 1,33,15,7,7,7_3,Tcell (CD8)
D-1830,all,77,38,2547,4612,15,108208,0,0,0,0,0,D,13,Arterial endothelial cell,53,39,3,3,3_1,SMC
D-1832,all,28,22,2116,5414,27,59252,0,0,0,0,0,D,7,Pericyte,38,23,3,3,3_1,SMC
D-1833,all,24,11,3559,5153,26,75665,0,0,0,0,0,D,12,Alveolar fibroblast 1,43,12,3,3,3_1,SMC
D-1836,all,34,21,2106,3981,11,32695,0,0,0,0,0,D,2,Endothelial progenitor cell,42,21,2,2,2_1,Capillary
D-1837,all,37,25,3693,5405,16,69461,0,0,0,0,0,D,2,Natural killer cell,42,26,2,2,2_2,InflamMac
D-1838,all,64,32,2793,4959,18,86176,0,0,0,0,0,D,20,Pericyte,58,32,7,7,7_3,Tcell (CD8)
D-1839,all,84,39,2199,4751,20,108954,0,0,0,0,0,D,43,Pericyte,63,39,5,5,5_3,Pericyte
D-1840,all,26,18,2350,5471,28,42423,0,0,0,0,0,D,3,Alveolar fibroblast 1,47,18,1,1,1_5_1,LymphaticEndo
D-1841,all,65,22,2727,4826,26,82312,0,0,0,0,0,D,34,Alveolar type 2 cell,53,21,2,2,2_1,Capillary
D-1842,all,50,16,3513,5637,25,50131,0,0,0,0,0,D,4,Alveolar type 1 cell,49,16,6,6,6,AT1
D-1843,all,32,19,3601,3941,28,69195,0,0,0,0,0,D,10,Arterial endothelial cell,40,19,6,6,6,AT1
D-1844,all,33,18,2541,4270,32,32836,0,0,0,0,0,D,18,Alveolar fibroblast 1,43,19,2,2,2_2,InflamMac
D-1845,all,12,4,3610,5461,8,33295,0,0,0,0,0,D,9,Proliferative mesenchymal progenitor cell,31,5,3,3,3_1,SMC
D-1846,all,55,28,2480,4525,26,108100,0,0,0,0,0,D,20,Alveolar type 2 cell,52,28,1,1,1_3,AT2
D-1848,all,38,15,3165,5614,22,47963,0,0,0,0,0,D,23,Alveolar type 2 cell,43,15,1,1,1_1,AT2
D-1849,all,41,21,2204,5062,8,44065,0,0,0,0,0,D,4,Capillary 1 cell,44,21,2,2,2_1,Capillary
D-1850,all,96,43,2634,4891,6,75207,111,0,111,0,1,D,23,T regulatory cell,61,41,7,7,7_2,PatrolMac
D-1851,all,13,10,2115,4684,16,49248,0,0,0,0,0,D,2,Neutrophil,27,10,6,6,6,AT1
D-1852,all,88,23,2432,4376,23,67120,0,0,0,0,0,D,57,Alveolar type 2 cell,56,22,1,1,1_1,AT2
D-1854,all,26,11,2507,4226,28,42496,0,0,0,0,0,D,17,Alveolar type 2 cell,43,12,2,2,2_4,Artery
D-1855,all,34,22,3541,5674,16,28275,0,0,0,0,0,D,2,Alveolar fibroblast 1,40,23,1,1,1_4_1,AlveolarFib
D-1857,all,39,24,3204,5624,23,89521,0,0,0,0,0,D,8,Secondary crest myofibroblast,43,25,3,3,3_1,SMC
D-1859,all,30,23,2202,5458,25,63224,0,0,0,0,0,D,2,Alveolar fibroblast 1,36,23,1,1,1_5_4,pDC
D-1860,all,58,27,2536,5324,25,69685,0,0,0,0,0,D,32,Sox9+/Id2+ epithelial cell,54,27,2,2,2_1,Capillary
D-1861,all,12,9,2056,4042,27,24741,0,0,0,0,0,D,4,Sox9+/Id2+ epithelial cell,35,9,2,2,2_6,pDC
D-1862,all,69,27,2545,4538,10,56838,0,0,0,0,0,D,8,Alveolar type 1 cell,54,27,6,6,6,AT1
D-1863,all,10,8,2073,4058,40,14844,0,0,0,0,0,D,2,Innate lymphoid cell,29,9,1,1,1_6_2,Neutrophil
D-1865,all,30,14,3755,4970,10,29022,0,0,0,0,0,D,2,Endothelial progenitor cell,44,14,2,2,2_1,Capillary
D-1868,all,28,18,2154,5668,11,45424,0,0,0,0,0,D,2,Alveolar fibroblast 1,41,18,2,2,2_1,Capillary
D-1870,all,55,38,1942,4534,21,85780,0,0,0,0,0,D,10,Interstitial macrophage,54,38,8,8,8_2,InterstitialMac
D-1871,all,74,17,3136,5620,31,67055,0,0,0,0,0,D,62,Alveolar type 2 cell,54,17,1,1,1_3,AT2
D-1874,all,10,9,2401,5273,11,22525,0,0,0,0,0,D,3,Alveolar fibroblast 1,31,9,2,2,2_3,Vein
D-1875,all,25,16,2348,4635,29,58557,0,0,0,0,0,D,4,Capillary 1 cell,45,16,2,2,2_1,Capillary
D-1876,all,93,27,2524,4423,8,60785,0,0,0,0,0,D,24,Alveolar type 1 cell,59,27,6,6,6,AT1
D-1877,all,42,25,2833,5695,21,64345,0,0,0,0,0,D,9,Alveolar fibroblast 1,43,25,8,8,8_2,InterstitialMac
D-1878,all,103,27,2070,4645,19,80496,0,0,0,0,0,D,17,Alveolar type 1 cell,52,20,6,6,6,AT1
D-1879,all,17,13,2932,5567,33,42502,0,0,0,0,0,D,3,Capillary 1 cell,36,13,2,2,2_3,Vein
D-1883,all,57,33,2694,5489,33,83948,0,0,0,0,0,D,8,Inflammatory monocyte,54,33,7,7,7_2,PatrolMac
D-1884,all,58,27,2058,5440,15,84239,0,0,0,0,0,D,10,Alveolar fibroblast 1,55,28,3,3,3_1,SMC
D-1885,all,33,21,2747,5038,16,66975,0,0,0,0,0,D,5,Capillary 1 cell,41,23,2,2,2_5,DC
D-1888,all,38,16,2206,5012,15,40737,0,0,0,0,0,D,7,Alveolar type 1 cell,44,16,6,6,6,AT1
D-1890,all,10,7,2476,4205,21,23942,0,0,0,0,0,D,2,Pericyte,28,7,5,5,5_3,Pericyte
D-1892,all,33,9,2777,4850,14,43739,0,0,0,0,0,D,24,Sox9+/Id2+ epithelial cell,44,9,1,1,1_1,AT2
D-1894,all,8,6,2327,4282,36,24586,281,0,281,0,1,D,2,Sox9+/Id2+ epithelial cell,22,7,8,8,8_3,InterstitialMac
D-1895,all,69,17,2046,4682,20,41036,0,0,0,0,0,D,47,Secretory cell,52,17,1,1,1_1,AT2
D-1896,all,62,37,2318,5498,24,88778,0,0,0,0,0,D,9,Alveolar fibroblast 1,57,36,2,2,2_1,Capillary
D-1897,all,15,7,2237,4073,8,17415,0,0,0,0,0,D,12,Alveolar type 1 cell,33,7,6,6,6,AT1
D-1898,all,34,22,2265,5109,15,83489,0,0,0,0,0,D,9,Sox9+/Id2+ epithelial cell,42,22,5,5,5_1,Pericyte
D-1899,all,12,8,2140,5381,34,30630,0,0,0,0,0,D,6,Pericyte,33,8,5,5,5_1,Pericyte
D-1901,all,29,18,2293,4037,32,76262,0,0,0,0,0,D,3,Endothelial progenitor cell,40,18,2,2,2_1,Capillary
D-1902,all,78,23,2204,4797,21,69218,0,0,0,0,0,D,11,B cell,54,23,6,6,6,AT1
D-1903,all,31,24,3096,5724,23,92115,0,0,0,0,0,D,9,Alveolar fibroblast 1,39,24,8,8,8_1,AlveolarMac
D-1904,all,20,8,3632,5429,12,43589,0,0,0,0,0,D,15,Alveolar fibroblast 1,40,9,3,3,3_1,SMC
D-1905,all,44,22,2557,5343,15,45898,0,0,0,0,0,D,8,Alveolar type 1 cell,45,22,6,6,6,AT1
D-1906,all,15,12,2434,3957,35,55193,0,0,0,0,0,D,2,Capillary 1 cell,33,13,2,2,2_1,Capillary
D-1908,all,65,17,3649,5662,15,111476,0,0,0,0,0,D,41,CD4+ T cell,53,17,7,7,7_2,PatrolMac
D-1910,all,39,20,2134,5494,24,71398,0,0,0,0,0,D,10,Alveolar fibroblast 1,42,21,2,2,2_4,Artery
D-1913,all,30,20,2081,4008,13,41441,0,0,0,0,0,D,3,Inflammatory monocyte,39,20,7,7,7_2,PatrolMac
D-1914,all,92,22,2385,5360,10,56647,0,0,0,0,0,D,78,Alveolar type 2 cell,58,21,1,1,1_3,AT2
D-1916,all,40,11,3578,5504,6,38231,0,0,0,0,0,D,29,Alveolar type 2 cell,44,11,1,1,1_3,AT2
D-1917,all,153,26,2545,5278,17,87361,0,0,0,0,0,D,127,Alveolar type 2 cell,46,7,1,1,1_1,AT2
D-1918,all,71,24,2462,4400,27,72072,0,0,0,0,0,D,43,Alveolar type 2 cell,54,26,2,2,2_5,DC
D-1920,all,24,17,3116,5448,34,68478,0,0,0,0,0,D,7,Secondary crest myofibroblast,45,18,3,3,3_1,SMC
D-1922,all,20,17,3656,3937,13,40837,0,0,0,0,0,D,2,Mast cell,39,17,7,7,7_2,PatrolMac
D-1923,all,34,8,3172,5732,14,43316,0,0,0,0,0,D,29,Alveolar type 2 cell,45,8,1,1,1_3,AT2
D-1924,all,46,23,2618,5196,29,69393,0,0,0,0,0,D,6,Proliferative mesenchymal progenitor cell,46,23,7,7,7_2,PatrolMac
D-1926,all,11,8,2202,5511,31,18039,0,0,0,0,0,D,2,Natural killer cell,32,9,2,2,2_2,InflamMac
D-1927,all,29,21,2239,5705,32,60878,0,0,0,0,0,D,3,Venous endothelial cell,36,21,2,2,2_3,Vein
D-1930,all,7,7,2363,5241,26,52514,0,0,0,0,0,D,2,Endothelial progenitor cell,28,9,6,6,6,AT1
D-1931,all,16,10,2072,5602,11,27267,0,0,0,0,0,D,12,Inflammatory monocyte,34,12,2,2,2_5,DC
D-1932,all,16,11,2173,3806,29,23649,0,0,0,0,0,D,2,Alveolar macrophage,30,11,8,8,8_1,AlveolarMac
D-1934,all,62,31,2281,5566,15,78483,0,0,0,0,0,D,39,Pericyte,55,31,5,5,5_1,Pericyte
D-1935,all,13,8,2362,4143,17,43281,0,0,0,0,0,D,4,Arterial endothelial cell,27,8,2,2,2_4,Artery
D-1936,all,43,16,3696,3920,13,70913,0,0,0,0,0,D,7,Alveolar type 1 cell,45,16,6,6,6,AT1
D-1940,all,40,21,2114,4606,16,85506,0,0,0,0,0,D,3,Alveolar type 1 cell,42,21,6,6,6,AT1
D-1941,all,11,6,3571,3874,36,18352,0,0,0,0,0,D,8,Alveolar fibroblast 1,32,7,3,3,3_1,SMC
D-1942,all,23,11,2202,3960,16,26226,0,0,0,0,0,D,16,Alveolar macrophage,42,11,1,1,1_3,AT2
D-1944,all,30,6,2009,4032,23,31787,0,0,0,0,0,D,27,Alveolar type 2 cell,46,6,1,1,1_3,AT2
D-1945,all,11,8,2941,5526,28,48985,0,0,0,0,0,D,2,Alveolar fibroblast 1,34,9,3,3,3_1,SMC
D-1946,all,98,19,2899,5488,22,96079,0,0,0,0,0,D,83,Alveolar type 2 cell,52,14,1,1,1_3,AT2
D-1947,all,65,25,2429,5663,16,104714,0,0,0,0,0,D,38,Sox9+/Id2+ epithelial cell,53,25,5,5,5_1,Pericyte
D-1948,all,16,10,2440,4566,31,31242,0,0,0,0,0,D,12,Alveolar type 2 cell,39,11,3,3,3_1,SMC
D-1950,all,13,8,3661,5463,7,18273,0,0,0,0,0,D,7,Capillary 1 cell,34,9,2,2,2_1,Capillary
D-1952,all,83,16,2256,5539,32,65307,0,0,0,0,0,D,63,Alveolar type 2 cell,52,16,1,1,1_3,AT2
D-1955,all,25,16,2143,5601,28,101742,0,0,0,0,0,D,5,Secondary crest myofibroblast,40,17,2,2,2_2,InflamMac
D-1964,all,22,15,3518,5700,22,49602,0,0,0,0,0,D,7,Pericyte,40,15,5,5,5_3,Pericyte
D-1968,all,13,8,2736,5636,8,21851,0,0,0,0,0,D,4,Arterial endothelial cell,34,9,2,2,2_4,Artery
D-1969,all,66,36,2200,4176,22,97242,114,0,114,0,1,D,6,Capillary 1 cell,58,35,2,2,2_1,Capillary
D-1970,all,8,6,2212,4981,36,16407,0,0,0,0,0,D,5,Capillary 1 cell,26,8,2,2,2_1,Capillary
D-1971,all,69,27,3620,5248,21,125835,0,0,0,0,0,D,26,Alveolar type 2 cell,54,27,1,1,1_3,AT2
D-1973,all,33,21,2168,5231,12,79358,0,0,0,0,0,D,2,Innate lymphoid cell,40,23,2,2,2_5,DC
D-1979,all,48,23,2181,4674,32,97815,0,0,0,0,0,D,12,Inflammatory monocyte,48,23,8,8,8_1,AlveolarMac
D-1981,all,33,21,2293,4133,32,76131,0,0,0,0,0,D,16,Vascular smooth muscle cell,41,21,3,3,3_6,SCMF
D-1989,all,64,33,2013,4584,20,88531,0,0,0,0,0,D,19,Alveolar macrophage,55,33,8,8,8_1,AlveolarMac
D-1994,all,26,16,2294,5171,14,89679,0,0,0,0,0,D,3,Capillary 1 cell,43,15,2,2,2_1,Capillary
D-1995,all,39,19,2039,4012,13,54527,0,0,0,0,0,D,19,Sox9+/Id2+ epithelial cell,43,19,2,2,2_1,Capillary
D-1999,all,22,11,2476,4115,22,34597,0,0,0,0,0,D,4,Secondary crest myofibroblast,39,11,3,3,3_6,SCMF
D-2000,all,25,16,3123,5696,23,36254,0,0,0,0,0,D,7,Arterial endothelial cell,47,17,2,2,2_4,Artery
D-2005,all,45,9,2017,4651,23,33643,0,0,0,0,0,D,42,Ciliated cell,47,9,1,1,1_3,AT2
D-2007,all,47,24,2362,5278,18,58942,0,0,0,0,0,D,21,Alveolar type 2 cell,47,24,1,1,1_3,AT2
D-2010,all,26,15,2783,5050,35,55652,0,0,0,0,0,D,4,Capillary 1 cell,38,17,2,2,2_5,DC
D-2014,all,140,26,1992,5396,12,90984,0,0,0,0,0,D,24,Alveolar type 1 cell,50,15,6,6,6,AT1
D-2016,all,72,20,2601,5132,24,49393,0,0,0,0,0,D,11,Mesothelial cell,51,20,6,6,6,AT1
D-2018,all,12,5,2258,5411,5,8683,0,0,0,0,0,D,3,Alveolar type 1 cell,32,5,6,6,6,AT1
D-2021,all,26,13,2418,4600,33,57130,0,0,0,0,0,D,7,Ciliated cell,43,14,1,1,1_4_3,AlveolarFib
D-2023,all,16,11,2482,4150,22,23062,0,0,0,0,0,D,3,Alveolar fibroblast 1,35,12,2,2,2_4,Artery
D-2025,all,107,37,2227,4002,24,124228,0,0,0,0,0,D,62,Alveolar type 2 cell,54,28,3,3,3_1,SMC
D-2027,all,29,19,2716,4775,19,53918,0,0,0,0,0,D,13,Proliferative mesenchymal progenitor cell,40,20,3,3,3_1,SMC
D-2028,all,31,19,2260,4177,31,45028,0,0,0,0,0,D,7,Pericyte,39,20,1,1,1_5_1,LymphaticEndo
D-2032,all,24,10,3672,5434,13,37446,0,0,0,0,0,D,13,Alveolar type 1 cell,43,11,3,3,3_1,SMC
D-2033,all,46,9,3156,5709,16,44023,0,0,0,0,0,D,38,Alveolar macrophage,47,9,1,1,1_1,AT2
D-2034,all,28,6,2404,4631,15,13042,0,0,0,0,0,D,25,Alveolar type 2 cell,44,6,1,1,1_1,AT2
D-2035,all,13,11,2487,4264,20,19194,0,0,0,0,0,D,2,Inflammatory monocyte,33,11,3,3,3_4,AdventitialFib
D-2042,all,35,25,2750,4976,15,49701,0,0,0,0,0,D,8,Pericyte,40,25,5,5,5_1,Pericyte
D-2046,all,56,28,3573,5591,18,147230,0,0,0,0,0,D,21,Alveolar fibroblast 1,54,29,3,3,3_1,SMC
D-2047,all,17,12,2759,4817,22,49483,0,0,0,0,0,D,9,Sox9+/Id2+ epithelial cell,40,13,3,3,3_5,SMC
D-2048,all,11,8,3616,3884,25,30450,0,0,0,0,0,D,2,Sox9+/Id2+ epithelial cell,34,8,1,1,1_3,AT2
D-2052,all,11,8,2469,4250,22,23809,0,0,0,0,0,D,4,Inflammatory monocyte,30,9,2,2,2_2,InflamMac
D-2063,all,20,11,1991,5293,17,27049,0,0,0,0,0,D,4,Proliferative mesenchymal progenitor cell,42,12,3,3,3_1,SMC
D-2066,all,18,12,5010,1568,28,40703,0,0,0,0,0,D,4,Innate lymphoid cell,41,13,3,3,3_1,SMC
D-2067,all,14,11,4923,394,30,35577,0,0,0,0,0,D,4,Inflammatory monocyte,32,12,2,2,2_2,InflamMac
D-2068,all,42,24,3880,1014,29,88075,0,0,0,0,0,D,2,Ciliated cell,43,24,6,6,6,AT1
D-2069,all,33,22,4822,1900,16,62039,0,0,0,0,0,D,12,Alveolar fibroblast 1,41,24,2,2,2_5,DC
D-2071,all,58,31,4393,486,21,99041,0,0,0,0,0,D,11,Alveolar macrophage,56,31,8,8,8_1,AlveolarMac
D-2072,all,19,14,5650,1748,17,71996,0,0,0,0,0,D,2,Alveolar type 1 cell,40,14,6,6,6,AT1
D-2073,all,109,22,4908,219,16,75144,0,0,0,0,0,D,87,Alveolar type 2 cell,47,11,1,1,1_3,AT2
D-2074,all,86,24,4046,433,20,108621,0,0,0,0,0,D,58,B cell,56,24,9,9,9,Bcell
D-2075,all,39,19,3960,1131,22,49966,0,0,0,0,0,D,8,Proliferative mesenchymal progenitor cell,42,19,6,6,6,AT1
D-2076,all,64,38,4793,1875,20,107079,0,0,0,0,0,D,6,Venous endothelial cell,56,38,2,2,2_3,Vein
D-2077,all,79,28,5094,966,13,72088,0,0,0,0,0,D,9,Alveolar type 1 cell,57,28,6,6,6,AT1
D-2078,all,34,23,4993,692,26,59461,0,0,0,0,0,D,12,Natural killer cell,40,25,2,2,2_5,DC
D-2079,all,99,17,3993,1755,9,72849,0,0,0,0,0,D,80,Innate lymphoid cell,53,15,1,1,1_1,AT2
D-2080,all,39,11,3881,1159,12,28727,0,0,0,0,0,D,33,Alveolar type 2 cell,45,11,1,1,1_3,AT2
D-2081,all,87,23,4290,1591,13,60397,0,0,0,0,0,D,58,Alveolar type 2 cell,55,23,5,5,5_3,Pericyte
D-2082,all,55,33,4303,1541,26,88137,0,0,0,0,0,D,9,Capillary 1 cell,53,33,3,3,3_4,AdventitialFib
D-2083,all,60,42,4415,736,31,94491,0,0,0,0,0,D,13,Capillary 1 cell,59,42,2,2,2_3,Vein
D-2084,all,87,27,5480,1739,15,101876,0,0,0,0,0,D,21,Alveolar type 1 cell,56,26,6,6,6,AT1
D-2088,all,27,16,4868,300,29,70342,0,0,0,0,0,D,11,Vascular smooth muscle cell,38,16,5,5,5_1,Pericyte
D-2089,all,25,18,3888,1487,19,74556,0,0,0,0,0,D,2,Alveolar fibroblast 1,46,19,3,3,3_5,SMC
D-2090,all,27,16,4296,1314,33,73235,0,0,0,0,0,D,2,B cell,41,16,9,9,9,Bcell
D-2091,all,22,18,5634,1394,34,78035,0,0,0,0,0,D,2,Endothelial progenitor cell,43,18,2,2,2_1,Capillary
D-2093,all,13,10,3882,1756,7,26064,0,0,0,0,0,D,6,Capillary 1 cell,29,11,3,3,3_1,SMC
D-2094,all,16,4,5330,1556,5,19227,0,0,0,0,0,D,13,Sox9+/Id2+ epithelial cell,40,4,1,1,1_1,AT2
D-2095,all,86,26,5587,631,15,65556,0,0,0,0,0,D,18,Alveolar type 1 cell,55,26,6,6,6,AT1
D-2097,all,56,23,5571,967,31,69042,0,0,0,0,0,D,7,Alveolar fibroblast 1,52,23,1,1,1_5_1,LymphaticEndo
D-2098,all,72,45,4060,868,29,97888,0,0,0,0,0,D,9,Sox9+/Id2+ epithelial cell,58,45,2,2,2_3,Vein
D-2100,all,46,21,4562,110,17,84647,0,0,0,0,0,D,9,Alveolar type 1 cell,47,21,6,6,6,AT1
D-2103,all,68,37,5243,500,19,95271,0,0,0,0,0,D,7,Neutrophil,58,37,2,2,2_3,Vein
D-2104,all,59,35,4543,706,13,75501,0,0,0,0,0,D,17,B cell,56,35,9,9,9,Bcell
D-2105,all,27,18,4546,1398,13,49476,0,0,0,0,0,D,4,Alveolar macrophage,43,18,8,8,8_1,AlveolarMac
D-2106,all,39,19,4250,1885,22,61802,0,0,0,0,0,D,19,Pericyte,44,19,5,5,5_1,Pericyte
D-2107,all,34,24,4996,1609,26,52960,0,0,0,0,0,D,4,Capillary 1 cell,39,25,3,3,3_1,SMC
D-2108,all,41,24,5363,945,13,60440,0,0,0,0,0,D,9,Arterial endothelial cell,42,24,2,2,2_4,Artery
D-2109,all,155,39,5532,525,17,94745,0,0,0,0,0,D,26,AT1/AT2,48,15,6,6,6,AT1
D-2111,all,15,10,4004,656,14,30131,0,0,0,0,0,D,5,Sox9+/Id2+ epithelial cell,34,10,1,1,1_3,AT2
D-2114,all,65,36,4595,811,12,77781,0,0,0,0,0,D,25,B cell,56,36,9,9,9,Bcell
D-2115,all,43,27,4132,767,15,73477,0,0,0,0,0,D,12,Endothelial progenitor cell,42,26,2,2,2_1,Capillary
D-2116,all,52,36,4989,657,21,76692,0,0,0,0,0,D,12,Venous endothelial cell,52,37,3,3,3_1,SMC
D-2118,all,146,20,4019,702,14,81352,0,0,0,0,0,D,123,Alveolar type 2 cell,47,8,1,1,1_1,AT2
D-2119,all,20,10,4505,90,18,70461,0,0,0,0,0,D,8,Sox9+/Id2+ epithelial cell,42,10,1,1,1_1,AT2
D-2120,all,43,31,4489,779,31,75211,0,0,0,0,0,D,2,Capillary 1 cell,43,31,8,8,8_2,InterstitialMac
D-2122,all,39,27,3943,500,23,107674,0,0,0,0,0,D,8,Alveolar type 2 cell,40,27,1,1,1_3,AT2
D-2123,all,93,28,4655,1574,31,65187,0,0,0,0,0,D,17,Alveolar type 1 cell,59,28,6,6,6,AT1
D-2124,all,28,22,5423,1550,23,79989,0,0,0,0,0,D,5,Inflammatory monocyte,41,22,7,7,7_2,PatrolMac
D-2125,all,29,16,4404,1014,25,49378,0,0,0,0,0,D,6,Proliferative mesenchymal progenitor cell,39,17,3,3,3_1,SMC
D-2130,all,25,9,5178,302,16,31417,0,0,0,0,0,D,19,B cell,47,9,9,9,9,Bcell
D-2132,all,34,21,5555,1824,29,88077,0,0,0,0,0,D,9,Sox9+/Id2+ epithelial cell,41,21,2,2,2_3,Vein
D-2134,all,86,21,5027,1083,28,80705,0,0,0,0,0,D,59,Alveolar type 2 cell,53,21,1,1,1_1,AT2
D-2135,all,15,12,4348,1230,19,41578,0,0,0,0,0,D,6,B cell,30,12,3,3,3_4,AdventitialFib
D-2136,all,75,17,4439,532,21,51876,0,0,0,0,0,D,56,Alveolar type 2 cell,52,17,1,1,1_1,AT2
D-2138,all,40,23,5368,1007,36,48059,0,0,0,0,0,D,19,Pericyte,42,23,5,5,5_1,Pericyte
D-2139,all,24,13,5133,501,14,41020,0,0,0,0,0,D,4,Sox9+/Id2+ epithelial cell,43,13,5,5,5_1,Pericyte
D-2140,all,54,26,5559,663,32,69699,0,0,0,0,0,D,10,Sox9+/Id2+ epithelial cell,52,26,5,5,5_1,Pericyte
D-2141,all,17,13,4832,369,25,44906,0,0,0,0,0,D,5,Alveolar macrophage,36,13,3,3,3_6,SCMF
D-2142,all,33,24,4114,436,18,53083,0,0,0,0,0,D,5,Chondrocyte,41,26,2,2,2_5,DC
D-2146,all,42,28,3963,1707,12,60421,0,0,0,0,0,D,8,Endothelial progenitor cell,43,28,3,3,3_6,SCMF
D-2147,all,35,24,3931,1947,9,60502,0,0,0,0,0,D,2,Alveolar fibroblast 1,40,24,2,2,2_6,pDC
D-2148,all,36,19,5299,1941,32,72707,0,0,0,0,0,D,12,Alveolar macrophage,42,19,7,7,7_3,Tcell (CD8)
D-2149,all,39,26,4465,1434,34,47284,0,0,0,0,0,D,4,Alveolar fibroblast 1,43,27,3,3,3_1,SMC
D-2150,all,39,14,3918,1160,11,38963,0,0,0,0,0,D,22,Sox9+/Id2+ epithelial cell,44,14,1,1,1_3,AT2
D-2151,all,57,30,5123,1017,13,56615,0,0,0,0,0,D,9,Alveolar type 1 cell,53,30,7,7,7_2,PatrolMac
D-2152,all,13,7,5343,524,7,13706,0,0,0,0,0,D,4,Arterial endothelial cell,32,7,2,2,2_4,Artery
D-2153,all,80,29,4099,862,22,86885,0,0,0,0,0,D,46,Pericyte,54,29,5,5,5_1,Pericyte
D-2154,all,32,16,5329,1710,9,43188,0,0,0,0,0,D,18,Vascular smooth muscle cell,41,16,6,6,6,AT1
D-2155,all,131,39,4594,901,26,111370,0,0,0,0,0,D,39,Alveolar type 1 cell,45,16,6,6,6,AT1
D-2156,all,18,12,4339,340,39,17063,0,0,0,0,0,D,5,Alveolar type 1 cell,39,12,1,1,1_5_2,AlveolarFib
D-2157,all,8,7,4720,252,25,39240,0,0,0,0,0,D,4,Basophil,24,9,1,1,1_4_1,AlveolarFib
D-2161,all,79,41,5055,1157,23,90021,0,0,0,0,0,D,14,Inflammatory monocyte,57,41,2,2,2_6,pDC
D-2165,all,18,11,4751,1613,10,16721,0,0,0,0,0,D,5,Capillary 1 cell,36,11,6,6,6,AT1
D-2166,all,128,25,4894,1845,13,106025,0,0,0,0,0,D,102,Alveolar type 2 cell,48,12,1,1,1_3,AT2
D-2167,all,98,30,5318,1429,27,76793,0,0,0,0,0,D,19,Alveolar type 1 cell,57,29,6,6,6,AT1
D-2168,all,55,30,4151,1945,17,95146,0,0,0,0,0,D,5,Inflammatory monocyte,54,31,2,2,2_2,InflamMac
D-2169,all,68,34,4182,810,24,92145,0,0,0,0,0,D,16,Venous endothelial cell,56,35,3,3,3_1,SMC
D-2170,all,40,24,5322,1371,18,91672,0,0,0,0,0,D,5,B cell,42,24,9,9,9,Bcell
D-2172,all,34,21,4435,673,17,93668,0,0,0,0,0,D,9,Sox9+/Id2+ epithelial cell,40,21,3,3,3_6,SCMF
D-2174,all,31,21,4780,220,34,53988,0,0,0,0,0,D,4,Alveolar fibroblast 1,41,22,3,3,3_1,SMC
D-2176,all,29,19,4005,1334,9,50528,0,0,0,0,0,D,9,Innate lymphoid cell,41,21,2,2,2_5,DC
D-2177,all,58,14,5625,1669,25,51487,0,0,0,0,0,D,8,Alveolar type 1 cell,51,14,6,6,6,AT1
D-2178,all,55,27,5611,816,8,67937,0,0,0,0,0,D,17,Pericyte,55,27,5,5,5_1,Pericyte
D-2180,all,13,4,5018,561,38,14502,0,0,0,0,0,D,4,Alveolar type 1 cell,37,4,6,6,6,AT1
D-2183,all,46,27,3829,982,25,79043,0,0,0,0,0,D,5,Capillary 1 cell,46,27,8,8,8_1,AlveolarMac
D-2187,all,30,20,4971,513,33,40347,0,0,0,0,0,D,8,Alveolar fibroblast 1,39,21,3,3,3_1,SMC
D-2188,all,17,10,4485,1750,25,29025,0,0,0,0,0,D,5,Pericyte,34,10,5,5,5_1,Pericyte
D-2189,all,130,29,4393,288,29,94130,0,0,0,0,0,D,99,Alveolar type 2 cell,45,11,1,1,1_1,AT2
D-2191,all,154,49,4725,1557,20,96423,0,0,0,0,0,D,23,Alveolar type 1 cell,47,21,6,6,6,AT1
D-2192,all,9,4,5465,454,35,14062,0,0,0,0,0,D,6,Sox9+/Id2+ epithelial cell,36,5,1,1,1_3,AT2
D-2193,all,15,11,4493,702,8,24922,0,0,0,0,0,D,4,Arterial endothelial cell,34,12,2,2,2_4,Artery
D-2194,all,27,14,3666,462,20,50007,0,0,0,0,0,D,4,Sox9+/Id2+ epithelial cell,41,14,1,1,1_3,AT2
D-2196,all,29,13,5517,1484,11,60223,0,0,0,0,0,D,7,Alveolar type 1 cell,41,13,6,6,6,AT1
D-2197,all,80,41,3938,1531,34,80782,0,0,0,0,0,D,24,Alveolar macrophage,61,41,8,8,8_1,AlveolarMac
D-2200,all,32,26,4569,759,32,62127,0,0,0,0,0,D,2,Alveolar fibroblast 1,36,26,3,3,3_4,AdventitialFib
D-2201,all,69,16,4386,535,36,49901,0,0,0,0,0,D,58,Alveolar type 2 cell,54,16,1,1,1_1,AT2
D-2202,all,9,6,4264,571,7,16329,0,0,0,0,0,D,3,Natural killer cell,27,6,7,7,7_3,Tcell (CD8)
D-2203,all,19,15,5056,871,31,42326,0,0,0,0,0,D,2,Proliferative mesenchymal progenitor cell,38,15,1,1,1_5_2,AlveolarFib
D-2204,all,37,27,4259,1274,34,43466,0,0,0,0,0,D,7,Alveolar fibroblast 1,39,27,7,7,7_4,PatrolMac
D-2205,all,15,11,4463,1511,34,19874,0,0,0,0,0,D,2,Proliferative mesenchymal progenitor cell,33,11,3,3,3_1,SMC
D-2207,all,73,34,4506,987,11,95520,0,0,0,0,0,D,6,Capillary 2 cell,55,34,2,2,2_6,pDC
D-2208,all,65,27,4638,1624,28,92037,0,0,0,0,0,D,16,Alveolar fibroblast 1,53,27,1,1,1_5_2,AlveolarFib
D-2209,all,76,48,4738,35,28,81861,0,0,0,0,0,D,8,Inflammatory monocyte,61,48,2,2,2_2,InflamMac
D-2210,all,22,15,4713,114,31,34813,0,0,0,0,0,D,4,Sox9+/Id2+ epithelial cell,40,16,1,1,1_6_2,Neutrophil
D-2215,all,41,13,4017,794,5,23348,0,0,0,0,0,D,10,Sox9+/Id2+ epithelial cell,45,13,6,6,6,AT1
D-2216,all,26,18,4935,139,20,71662,0,0,0,0,0,D,5,Proliferative mesenchymal progenitor cell,43,19,3,3,3_1,SMC
D-2217,all,37,24,4308,880,20,96720,0,0,0,0,0,D,8,B cell,41,24,5,5,5_3,Pericyte
D-2219,all,33,24,5024,643,12,72952,0,0,0,0,0,D,4,Venous endothelial cell,42,25,3,3,3_1,SMC
D-2220,all,7,6,5102,490,35,24476,0,0,0,0,0,D,4,B cell,28,8,2,2,2_5,DC
D-2227,all,56,33,4672,1013,19,84104,0,0,0,0,0,D,11,Innate lymphoid cell,54,33,7,7,7_2,PatrolMac
D-2230,all,17,8,3819,1492,16,45633,0,0,0,0,0,D,2,Alveolar fibroblast 1,39,9,1,1,1_4_1,AlveolarFib
D-2232,all,139,49,4296,1255,24,115481,0,0,0,0,0,D,23,Alveolar type 1 cell,44,19,6,6,6,AT1
D-2233,all,14,9,5325,423,33,41025,0,0,0,0,0,D,4,Ciliated cell,33,9,2,2,2_1,Capillary
D-2234,all,57,31,5320,1805,21,128929,0,0,0,0,0,D,8,B cell,55,31,9,9,9,Bcell
D-2235,all,60,36,5355,1282,22,112086,0,0,0,0,0,D,14,Alveolar fibroblast 1,55,36,1,1,1_5_1,LymphaticEndo
D-2236,all,27,18,4461,75,36,59350,0,0,0,0,0,D,3,Alveolar fibroblast 1,43,18,3,3,3_6,SCMF
D-2237,all,22,7,3839,1068,15,52076,0,0,0,0,0,D,5,Alveolar fibroblast 1,42,8,3,3,3_5,SMC
D-2238,all,18,11,5662,405,16,79506,0,0,0,0,0,D,4,Capillary 1 cell,40,12,2,2,2_1,Capillary
D-2240,all,45,26,3788,1757,12,59813,0,0,0,0,0,D,14,Venous endothelial cell,45,26,2,2,2_1,Capillary
D-2241,all,26,16,5171,1392,12,52293,0,0,0,0,0,D,7,Proliferative mesenchymal progenitor cell,42,17,3,3,3_1,SMC
D-2243,all,60,30,4230,836,27,74191,0,0,0,0,0,D,31,Venous endothelial cell,55,30,2,2,2_3,Vein
D-2244,all,6,6,4456,578,10,16831,0,0,0,0,0,D,2,Sox9+/Id2+ epithelial cell,22,8,8,8,8_2,InterstitialMac
D-2245,all,26,16,4303,1861,36,42078,0,0,0,0,0,D,3,Innate lymphoid cell,46,16,1,1,1_3,AT2
D-2250,all,46,26,5014,864,21,53125,0,0,0,0,0,D,8,Capillary 1 cell,46,26,9,9,9,Bcell
D-2252,all,37,22,4354,1269,14,57626,0,0,0,0,0,D,8,B cell,42,22,9,9,9,Bcell
D-2254,all,68,39,4653,896,21,100884,0,0,0,0,0,D,11,Venous endothelial cell,60,40,3,3,3_5,SMC
D-2261,all,16,12,5395,1527,34,17399,0,0,0,0,0,D,3,Proliferative mesenchymal progenitor cell,34,12,3,3,3_4,AdventitialFib
D-2263,all,41,26,4510,1411,14,48602,0,0,0,0,0,D,7,Proliferative mesenchymal progenitor cell,45,27,3,3,3_1,SMC
D-2265,all,9,4,4024,1058,39,11703,0,0,0,0,0,D,8,Alveolar type 2 cell,35,5,1,1,1_1,AT2
D-2266,all,21,10,4461,478,21,13735,0,0,0,0,0,D,14,Alveolar type 2 cell,43,10,1,1,1_1,AT2
D-2268,all,65,40,4644,1378,10,68395,0,0,0,0,0,D,10,Venous endothelial cell,57,40,2,2,2_3,Vein
D-2269,all,37,23,5125,540,14,48030,0,0,0,0,0,D,3,B cell,41,23,9,9,9,Bcell
D-2270,all,51,35,4956,610,20,79929,0,0,0,0,0,D,13,Venous endothelial cell,50,35,8,8,8_1,AlveolarMac
D-2271,all,39,22,3956,1650,30,68268,0,0,0,0,0,D,6,Pericyte,42,22,5,5,5_1,Pericyte
D-2272,all,14,11,5535,1658,15,25520,0,0,0,0,0,D,4,Alveolar type 1 cell,30,11,6,6,6,AT1
D-2273,all,48,25,5226,278,29,54617,0,0,0,0,0,D,8,CD4+ T cell,48,25,1,1,1_2_1,Tcell (CD4)
D-2275,all,27,21,4011,627,18,55652,0,0,0,0,0,D,5,Capillary 2 cell,45,20,2,2,2_1,Capillary
D-2277,all,15,11,4482,1495,34,16022,0,0,0,0,0,D,2,Proliferative mesenchymal progenitor cell,35,11,8,8,8_1,AlveolarMac
D-2278,all,44,24,4319,301,19,59587,0,0,0,0,0,D,10,Capillary 1 cell,49,25,2,2,2_5,DC
D-2280,all,10,8,4313,260,7,21420,0,0,0,0,0,D,5,Inflammatory monocyte,32,10,2,2,2_5,DC
D-2281,all,90,28,3926,1708,23,100302,0,0,0,0,0,D,20,Alveolar type 1 cell,58,28,6,6,6,AT1
D-2285,all,35,16,3857,1217,11,41838,0,0,0,0,0,D,24,Pericyte,44,16,5,5,5_1,Pericyte
D-2286,all,44,25,4372,218,34,106469,0,0,0,0,0,D,15,Alveolar type 2 cell,46,26,3,3,3_1,SMC
D-2288,all,20,13,5624,1816,28,43818,0,0,0,0,0,D,12,Pericyte,40,13,5,5,5_1,Pericyte
D-2291,all,40,25,4319,1656,33,74676,0,0,0,0,0,D,6,Capillary 1 cell,42,25,5,5,5_3,Pericyte
D-2292,all,100,38,5175,1037,22,90564,0,0,0,0,0,D,12,Inflammatory monocyte,58,35,2,2,2_5,DC
D-2293,all,38,28,4705,34,32,42305,0,0,0,0,0,D,4,Natural killer cell,41,29,2,2,2_2,InflamMac
D-2295,all,23,17,4479,1789,30,53234,0,0,0,0,0,D,6,Neutrophil,41,17,2,2,2_3,Vein
D-2297,all,44,30,4394,1102,33,79985,0,0,0,0,0,D,6,Pericyte,44,30,5,5,5_3,Pericyte
D-2298,all,84,46,4339,545,28,107496,0,0,0,0,0,D,21,Arterial endothelial cell,60,46,1,1,1_3,AT2
D-2299,all,38,17,4089,1958,34,69270,0,0,0,0,0,D,4,B cell,43,17,6,6,6,AT1
D-2300,all,67,21,5148,987,13,50098,0,0,0,0,0,D,7,Alveolar type 1 cell,54,21,6,6,6,AT1
D-2302,all,109,25,5156,263,17,83594,0,0,0,0,0,D,79,Alveolar type 2 cell,53,18,1,1,1_1,AT2
D-2303,all,65,24,5525,987,31,83079,0,0,0,0,0,D,2,Alveolar fibroblast 1,53,24,2,2,2_3,Vein
D-2304,all,46,30,4940,643,21,72619,0,0,0,0,0,D,7,Sox9+/Id2+ epithelial cell,45,30,2,2,2_3,Vein
D-2306,all,86,29,5606,1703,21,58019,0,0,0,0,0,D,10,CD8+ T cell,58,29,6,6,6,AT1
D-2308,all,22,15,4259,1733,37,40604,0,0,0,0,0,D,10,Inflammatory monocyte,41,15,5,5,5_1,Pericyte
D-2309,all,42,22,5003,530,36,38720,0,0,0,0,0,D,4,Alveolar type 1 cell,44,22,6,6,6,AT1
D-2310,all,6,5,5093,1408,31,22663,0,0,0,0,0,D,2,Sox9+/Id2+ epithelial cell,19,8,1,1,1_3,AT2
D-2313,all,21,12,4684,1117,38,29998,0,0,0,0,0,D,2,Ciliated cell,39,12,6,6,6,AT1
D-2314,all,34,24,3801,550,14,83748,0,0,0,0,0,D,8,B cell,42,24,9,9,9,Bcell
D-2315,all,59,18,3989,1080,23,70486,0,0,0,0,0,D,24,AT1/AT2,52,18,6,6,6,AT1
D-2317,all,14,13,3785,1804,30,46229,0,0,0,0,0,D,2,Alveolar type 1 cell,31,12,2,2,2_1,Capillary
D-2319,all,54,20,5615,1862,18,80061,0,0,0,0,0,D,28,Alveolar type 2 cell,50,20,1,1,1_5_1,LymphaticEndo
D-2321,all,61,39,4494,491,22,60754,0,0,0,0,0,D,9,Venous endothelial cell,57,39,2,2,2_3,Vein
D-2323,all,17,11,5337,470,16,29622,0,0,0,0,0,D,2,Alveolar fibroblast 1,35,11,1,1,1_5_2,AlveolarFib
D-2324,all,33,17,4423,351,30,59137,0,0,0,0,0,D,4,Alveolar type 2 cell,42,17,7,7,7_2,PatrolMac
D-2326,all,40,26,3842,1131,11,96147,0,0,0,0,0,D,9,Natural killer cell,43,26,7,7,7_2,PatrolMac
D-2327,all,32,21,5134,1182,8,36641,0,0,0,0,0,D,7,Ciliated cell,41,23,2,2,2_5,DC
D-2328,all,50,22,4802,1417,30,51411,0,0,0,0,0,D,7,Alveolar fibroblast 1,52,23,3,3,3_5,SMC
D-2329,all,15,11,5262,1635,13,29671,0,0,0,0,0,D,5,Alveolar fibroblast 1,30,12,1,1,1_4_1,AlveolarFib
D-2331,all,24,13,5568,1679,11,55273,0,0,0,0,0,D,2,Neutrophil,43,14,2,2,2_2,InflamMac
D-2332,all,66,36,4461,846,18,107686,0,0,0,0,0,D,13,Alveolar fibroblast 1,58,36,9,9,9,Bcell
D-2341,all,28,18,4628,161,21,93306,0,0,0,0,0,D,6,Alveolar type 1 cell,39,19,3,3,3_1,SMC
D-2342,all,28,19,4906,1077,37,37640,0,0,0,0,0,D,3,Inflammatory monocyte,38,19,6,6,6,AT1
D-2343,all,78,36,4016,961,31,92055,0,0,0,0,0,D,13,Alveolar fibroblast 1,55,36,1,1,1_5_1,LymphaticEndo
D-2344,all,48,31,5592,932,22,122488,0,0,0,0,0,D,7,Inflammatory monocyte,48,31,9,9,9,Bcell
D-2349,all,23,8,4526,39,26,54430,0,0,0,0,0,D,17,Sox9+/Id2+ epithelial cell,46,9,2,2,2_1,Capillary
D-2350,all,30,15,4440,497,23,38101,0,0,0,0,0,D,19,Alveolar type 2 cell,42,15,9,9,9,Bcell
D-2354,all,41,17,4739,95,31,40717,0,0,0,0,0,D,23,Alveolar type 2 cell,45,18,3,3,3_1,SMC
D-2355,all,15,11,4304,339,24,37655,0,0,0,0,0,D,3,Alveolar fibroblast 1,31,11,1,1,1_5_1,LymphaticEndo
D-2358,all,67,30,4555,879,20,124020,0,0,0,0,0,D,30,Capillary 1 cell,57,30,9,9,9,Bcell
D-2359,all,29,16,4424,870,15,67241,0,0,0,0,0,D,13,B cell,38,16,9,9,9,Bcell
D-2360,all,106,26,3904,535,31,104057,0,0,0,0,0,D,75,Alveolar type 2 cell,52,18,1,1,1_1,AT2
D-2361,all,69,45,4443,1758,17,99024,0,0,0,0,0,D,11,Inflammatory monocyte,57,45,7,7,7_2,PatrolMac
D-2362,all,52,21,4272,1776,31,72013,0,0,0,0,0,D,34,Alveolar type 2 cell,51,21,1,1,1_3,AT2
D-2363,all,21,16,4686,1057,11,33333,0,0,0,0,0,D,7,Alveolar fibroblast 1,37,16,1,1,1_5_1,LymphaticEndo
D-2365,all,33,13,4716,1603,10,34105,0,0,0,0,0,D,10,Alveolar type 1 cell,42,13,6,6,6,AT1
D-2369,all,149,16,3954,1320,20,112431,0,0,0,0,0,D,119,Alveolar type 2 cell,49,11,1,1,1_3,AT2
D-2370,all,112,16,4131,825,16,75338,0,0,0,0,0,D,97,Alveolar type 2 cell,47,8,1,1,1_3,AT2
D-2371,all,8,5,4352,808,10,15984,0,0,0,0,0,D,4,Pericyte,23,7,5,5,5_1,Pericyte
D-2373,all,133,26,5308,991,16,93395,0,0,0,0,0,D,99,Alveolar type 2 cell,48,14,1,1,1_3,AT2
D-2379,all,51,25,5249,943,22,86536,0,0,0,0,0,D,4,B cell,51,25,2,2,2_6,pDC
D-2382,all,85,44,5507,1108,23,99705,0,0,0,0,0,D,8,Inflammatory monocyte,56,44,3,3,3_4,AdventitialFib
D-2384,all,136,38,4289,1942,22,134902,0,0,0,0,0,D,14,Alveolar fibroblast 1,44,17,2,2,2_2,InflamMac
D-2386,all,8,6,4796,402,7,7039,0,0,0,0,0,D,2,Alveolar type 1 cell,26,8,6,6,6,AT1
D-2390,all,128,29,5427,1024,20,130919,0,0,0,0,0,D,93,Alveolar type 2 cell,47,16,1,1,1_1,AT2
D-2393,all,11,6,4531,71,29,45746,0,0,0,0,0,D,7,Sox9+/Id2+ epithelial cell,34,6,1,1,1_3,AT2
D-2395,all,22,11,5322,487,8,29014,0,0,0,0,0,D,5,Alveolar fibroblast 1,38,11,1,1,1_5_1,LymphaticEndo
D-2400,all,39,15,4009,899,5,31925,0,0,0,0,0,D,5,Alveolar type 1 cell,43,15,6,6,6,AT1
D-2402,all,46,16,5654,1795,29,55103,0,0,0,0,0,D,10,Alveolar type 1 cell,47,16,6,6,6,AT1
D-2405,all,58,40,4770,1061,32,94411,0,0,0,0,0,D,10,Innate lymphoid cell,55,40,3,3,3_4,AdventitialFib
D-2407,all,22,16,5373,479,26,41235,0,0,0,0,0,D,5,Arterial endothelial cell,40,17,2,2,2_4,Artery
D-2410,all,34,23,3886,1605,15,65039,0,0,0,0,0,D,5,Proliferative mesenchymal progenitor cell,41,23,6,6,6,AT1
D-2411,all,18,16,5035,259,28,54038,0,0,0,0,0,D,3,Alveolar fibroblast 1,38,16,2,2,2_3,Vein
D-2413,all,23,18,3897,1651,35,45736,0,0,0,0,0,D,6,Capillary 1 cell,45,19,3,3,3_1,SMC
D-2414,all,30,20,4998,818,23,71065,0,0,0,0,0,D,6,Pericyte,37,20,5,5,5_1,Pericyte
D-2415,all,24,18,4923,1114,29,38114,0,0,0,0,0,D,3,Capillary 1 cell,43,18,2,2,2_3,Vein
D-2419,all,30,21,5650,1515,16,81544,0,0,0,0,0,D,2,Alveolar type 1 cell,39,21,6,6,6,AT1
D-2423,all,6,5,4629,15,23,32878,0,0,0,0,0,D,2,Proliferative mesenchymal progenitor cell,19,7,1,1,1_5_1,LymphaticEndo
D-2425,all,53,22,4474,501,19,44343,0,0,0,0,0,D,24,Alveolar type 2 cell,51,22,1,1,1_3,AT2
D-2426,all,19,16,3920,1619,32,40515,0,0,0,0,0,D,7,B cell,39,16,9,9,9,Bcell
D-2427,all,15,10,4718,1702,35,19791,0,0,0,0,0,D,2,Proliferative mesenchymal progenitor cell,33,11,3,3,3_1,SMC
D-2428,all,34,22,4368,1013,25,53401,0,0,0,0,0,D,5,Capillary 2 cell,44,22,2,2,2_3,Vein
D-2429,all,8,4,4059,794,7,11066,0,0,0,0,0,D,2,Alveolar type 1 cell,31,5,6,6,6,AT1
D-2431,all,25,18,3853,1495,18,47691,0,0,0,0,0,D,3,Sox9+/Id2+ epithelial cell,46,18,8,8,8_2,InterstitialMac
D-2432,all,16,14,3796,1082,17,49888,0,0,0,0,0,D,2,Proliferative mesenchymal progenitor cell,35,15,3,3,3_1,SMC
D-2434,all,15,12,4664,21,31,41521,0,0,0,0,0,D,4,Inflammatory monocyte,37,13,2,2,2_2,InflamMac
D-2435,all,17,15,4441,462,13,36124,0,0,0,0,0,D,5,Alveolar macrophage,35,15,8,8,8_2,InterstitialMac
D-2437,all,9,7,5601,600,9,16316,0,0,0,0,0,D,2,Alveolar fibroblast 1,31,9,1,1,1_5_1,LymphaticEndo
D-2438,all,42,29,5301,447,25,53479,0,0,0,0,0,D,7,Capillary 1 cell,42,29,2,2,2_1,Capillary
D-2441,all,65,33,4581,1635,27,85050,0,0,0,0,0,D,12,Venous endothelial cell,55,33,9,9,9,Bcell
D-2442,all,32,16,5645,1840,14,38963,0,0,0,0,0,D,16,Alveolar type 2 cell,43,16,1,1,1_3,AT2
D-2443,all,25,22,4495,255,23,43362,0,0,0,0,0,D,3,Capillary 1 cell,48,23,3,3,3_1,SMC
D-2447,all,19,15,5336,962,16,41250,0,0,0,0,0,D,9,Alveolar fibroblast 1,37,15,2,2,2_3,Vein
D-2448,all,105,42,4900,1223,9,78350,0,0,0,0,0,D,24,Alveolar type 1 cell,55,30,6,6,6,AT1
D-2453,all,26,19,4286,190,14,78064,0,0,0,0,0,D,4,Alveolar fibroblast 1,37,21,2,2,2_4,Artery
D-2456,all,13,10,4259,1858,35,19093,0,0,0,0,0,D,2,Endothelial progenitor cell,33,10,2,2,2_1,Capillary
D-2457,all,10,5,3785,1045,6,12623,0,0,0,0,0,D,2,Alveolar type 1 cell,32,5,6,6,6,AT1
D-2459,all,32,21,4759,1582,8,28585,0,0,0,0,0,D,6,Venous endothelial cell,39,21,2,2,2_3,Vein
D-2461,all,44,10,3850,1180,15,51668,0,0,0,0,0,D,36,Alveolar type 2 cell,47,10,1,1,1_1,AT2
D-2463,all,46,29,5368,1499,25,57513,0,0,0,0,0,D,4,Arterial endothelial cell,48,30,2,2,2_4,Artery
D-2464,all,13,9,5255,298,36,17553,0,0,0,0,0,D,4,Sox9+/Id2+ epithelial cell,28,9,6,6,6,AT1
D-2467,all,22,13,5590,900,33,33643,0,0,0,0,0,D,2,Endothelial progenitor cell,43,13,3,3,3_4,AdventitialFib
D-2473,all,15,11,4717,1677,38,17424,0,0,0,0,0,D,2,Inflammatory monocyte,38,13,2,2,2_5,DC
D-2478,all,27,19,5593,1497,28,44016,0,0,0,0,0,D,4,Pericyte,42,19,5,5,5_1,Pericyte
D-2485,all,46,20,4668,2487,18,79456,0,0,0,0,0,D,17,Pericyte,46,20,5,5,5_1,Pericyte
D-2486,all,8,6,3997,3768,4,21228,0,0,0,0,0,D,3,Inflammatory monocyte,23,8,5,5,5_3,Pericyte
D-2487,all,23,8,3880,2485,36,34313,0,0,0,0,0,D,19,Sox9+/Id2+ epithelial cell,43,10,2,2,2_5,DC
D-2488,all,54,30,4017,2343,24,79975,0,0,0,0,0,D,3,Natural killer cell,52,30,7,7,7_3,Tcell (CD8)
D-2489,all,77,20,5379,2521,26,80049,0,0,0,0,0,D,16,Alveolar type 1 cell,53,20,6,6,6,AT1
D-2490,all,36,24,4824,2504,22,90206,0,0,0,0,0,D,10,Alveolar macrophage,40,24,8,8,8_1,AlveolarMac
D-2491,all,24,21,4152,2822,22,103214,0,0,0,0,0,D,7,Sox9+/Id2+ epithelial cell,45,21,6,6,6,AT1
D-2492,all,48,32,3941,2509,33,88121,0,0,0,0,0,D,12,Alveolar fibroblast 1,49,33,3,3,3_5,SMC
D-2493,all,75,26,3936,2129,34,67000,0,0,0,0,0,D,8,AT1/AT2,56,26,6,6,6,AT1
D-2496,all,56,25,3834,3456,27,81543,0,0,0,0,0,D,16,Alveolar macrophage,53,25,8,8,8_1,AlveolarMac
D-2497,all,51,25,4230,2653,23,70421,0,0,0,0,0,D,8,Alveolar type 1 cell,50,25,6,6,6,AT1
D-2499,all,100,21,4889,2563,20,66161,0,0,0,0,0,D,80,Alveolar type 2 cell,56,20,1,1,1_1,AT2
D-2500,all,40,19,4201,2701,25,47311,0,0,0,0,0,D,8,Alveolar type 1 cell,44,19,6,6,6,AT1
D-2501,all,42,23,5118,2086,13,62260,0,0,0,0,0,D,11,Pericyte,44,23,3,3,3_4,AdventitialFib
D-2502,all,38,21,3822,2120,37,60266,0,0,0,0,0,D,9,Alveolar macrophage,41,21,8,8,8_1,AlveolarMac
D-2504,all,20,12,3773,3031,20,88217,0,0,0,0,0,D,4,Innate lymphoid cell,37,12,1,1,1_5_1,LymphaticEndo
D-2507,all,27,15,5361,2570,10,49030,0,0,0,0,0,D,10,Alveolar type 1 cell,42,16,3,3,3_1,SMC
D-2509,all,50,28,4717,2188,23,81350,0,0,0,0,0,D,19,Alveolar fibroblast 1,52,29,3,3,3_1,SMC
D-2517,all,31,13,5263,2432,30,41528,0,0,0,0,0,D,7,Capillary 1 cell,41,13,2,2,2_1,Capillary
D-2518,all,66,41,4214,2405,26,111284,0,0,0,0,0,D,9,Alveolar fibroblast 1,58,41,1,1,1_5_1,LymphaticEndo
D-2523,all,67,25,5304,1994,14,87703,0,0,0,0,0,D,23,Alveolar macrophage,56,25,8,8,8_1,AlveolarMac
D-2525,all,33,21,5018,2028,32,67673,0,0,0,0,0,D,3,B cell,40,21,9,9,9,Bcell
D-2528,all,26,17,3787,2544,29,79136,0,0,0,0,0,D,2,Proliferative mesenchymal progenitor cell,45,17,7,7,7_2,PatrolMac
D-2529,all,14,11,3981,3689,11,31313,0,0,0,0,0,D,6,Inflammatory monocyte,29,11,2,2,2_1,Capillary
D-2531,all,21,17,3955,2401,21,77820,0,0,0,0,0,D,9,Pericyte,38,17,5,5,5_1,Pericyte
D-2532,all,14,13,5607,2183,24,78776,0,0,0,0,0,D,3,B cell,30,13,9,9,9,Bcell
D-2533,all,61,24,5325,2318,27,83108,0,0,0,0,0,D,35,Alveolar type 2 cell,55,24,1,1,1_1,AT2
D-2534,all,36,26,4842,2814,30,99136,0,0,0,0,0,D,11,B cell,38,26,9,9,9,Bcell
D-2536,all,13,6,5624,2766,33,44641,0,0,0,0,0,D,8,Pericyte,35,6,5,5,5_1,Pericyte
D-2537,all,63,32,4206,2460,28,95623,0,0,0,0,0,D,11,Arterial endothelial cell,54,32,2,2,2_3,Vein
D-2538,all,14,9,5278,2042,7,37167,0,0,0,0,0,D,2,Chondrocyte,34,9,2,2,2_3,Vein
D-2539,all,92,36,4617,3516,14,91851,0,0,0,0,0,D,32,Inflammatory monocyte,60,36,8,8,8_1,AlveolarMac
D-2540,all,25,17,4772,2675,25,72607,0,0,0,0,0,D,2,Sox9+/Id2+ epithelial cell,43,17,2,2,2_1,Capillary
D-2541,all,55,28,5354,3655,26,83942,0,0,0,0,0,D,27,B cell,52,28,9,9,9,Bcell
D-2542,all,51,23,5403,2779,28,94659,0,0,0,0,0,D,9,Alveolar fibroblast 1,51,24,3,3,3_5,SMC
D-2543,all,70,16,5248,2776,9,42717,0,0,0,0,0,D,51,Alveolar type 2 cell,53,16,1,1,1_3,AT2
D-2545,all,20,11,4903,1991,30,46824,0,0,0,0,0,D,4,Capillary 1 cell,40,13,2,2,2_5,DC
D-2549,all,52,24,5570,2741,26,77514,0,0,0,0,0,D,10,Alveolar macrophage,52,24,8,8,8_1,AlveolarMac
D-2550,all,26,5,5678,2737,25,87145,0,0,0,0,0,D,22,Alveolar type 2 cell,46,5,1,1,1_3,AT2
D-2553,all,52,20,3990,2331,11,36307,53,0,53,0,1,D,8,Alveolar type 1 cell,50,20,8,8,8_1,AlveolarMac
D-2554,all,8,7,4858,2962,12,32720,0,0,0,0,0,D,2,Capillary 1 cell,30,7,2,2,2_1,Capillary
D-2557,all,50,29,4759,2114,20,72238,0,0,0,0,0,D,8,Alveolar fibroblast 1,52,30,3,3,3_1,SMC
D-2558,all,21,14,4039,2787,33,61230,0,0,0,0,0,D,9,Inflammatory monocyte,39,14,6,6,6,AT1
D-2560,all,22,16,4804,2317,12,82180,0,0,0,0,0,D,3,Capillary 1 cell,41,16,2,2,2_3,Vein
D-2561,all,19,11,4917,3091,18,43107,0,0,0,0,0,D,5,Arterial endothelial cell,41,12,2,2,2_4,Artery
D-2562,all,35,26,4742,2838,26,94383,0,0,0,0,0,D,5,B cell,40,26,9,9,9,Bcell
D-2563,all,33,18,4420,2813,21,87711,0,0,0,0,0,D,4,B cell,44,18,3,3,3_4,AdventitialFib
D-2564,all,11,7,5436,2471,5,29177,0,0,0,0,0,D,2,Alveolar fibroblast 1,35,7,2,2,2_1,Capillary
D-2566,all,50,32,5201,2559,21,77630,0,0,0,0,0,D,3,B cell,50,32,9,9,9,Bcell
D-2570,all,62,23,4634,3167,11,41842,0,0,0,0,0,D,19,Alveolar type 1 cell,52,23,6,6,6,AT1
D-2571,all,43,23,4808,2708,21,81468,0,0,0,0,0,D,9,Sox9+/Id2+ epithelial cell,44,23,1,1,1_3,AT2
D-2572,all,16,9,5075,2270,25,35680,0,0,0,0,0,D,5,Sox9+/Id2+ epithelial cell,35,9,2,2,2_6,pDC
D-2574,all,13,8,4239,2538,24,49675,0,0,0,0,0,D,6,Alveolar type 1 cell,35,8,6,6,6,AT1
D-2575,all,38,21,3860,3255,14,88836,0,0,0,0,0,D,2,Endothelial progenitor cell,44,22,1,1,1_4_1,AlveolarFib
D-2577,all,20,13,4630,2916,34,53017,0,0,0,0,0,D,4,Secondary crest myofibroblast,37,14,3,3,3_1,SMC
D-2579,all,14,10,5096,2561,15,37345,0,0,0,0,0,D,3,Capillary 1 cell,34,10,2,2,2_1,Capillary
D-2581,all,11,9,3938,2341,10,16169,0,0,0,0,0,D,2,Proliferative mesenchymal progenitor cell,33,9,2,2,2_6,pDC
D-2582,all,30,20,5017,3443,9,40081,0,0,0,0,0,D,5,CD4+ T cell,41,22,2,2,2_5,DC
D-2584,all,65,25,4581,3155,26,58103,0,0,0,0,0,D,36,Alveolar type 2 cell,54,25,1,1,1_3,AT2
D-2585,all,40,28,4183,2586,26,77163,0,0,0,0,0,D,6,Proliferative mesenchymal progenitor cell,42,28,2,2,2_3,Vein
D-2586,all,34,20,5229,2835,15,75590,0,0,0,0,0,D,10,Capillary 1 cell,39,20,2,2,2_1,Capillary
D-2587,all,13,12,4005,3027,17,77034,0,0,0,0,0,D,6,B cell,30,12,9,9,9,Bcell
D-2590,all,35,24,4906,3264,12,68358,0,0,0,0,0,D,10,Pericyte,38,24,5,5,5_1,Pericyte
D-2591,all,15,11,5293,3525,36,30174,0,0,0,0,0,D,2,Alveolar fibroblast 1,35,12,1,1,1_4_1,AlveolarFib
D-2592,all,8,5,3914,2322,9,15928,0,0,0,0,0,D,4,Alveolar type 1 cell,23,6,6,6,6,AT1
D-2593,all,15,8,5012,3199,38,27923,0,0,0,0,0,D,3,Endothelial progenitor cell,39,12,2,2,2_1,Capillary
D-2594,all,18,16,4869,2061,18,43771,0,0,0,0,0,D,4,B cell,38,16,9,9,9,Bcell
D-2599,all,49,25,4912,3131,25,81584,0,0,0,0,0,D,13,Alveolar fibroblast 1,49,25,6,6,6,AT1
D-2600,all,73,16,4917,3045,17,78608,0,0,0,0,0,D,59,Alveolar type 2 cell,51,16,1,1,1_1,AT2
D-2602,all,15,10,3999,3804,23,25183,0,0,0,0,0,D,5,Pericyte,34,10,5,5,5_1,Pericyte
D-2603,all,16,12,5674,2882,23,89104,0,0,0,0,0,D,3,Endothelial progenitor cell,33,12,7,7,7_3,Tcell (CD8)
D-2604,all,15,12,3786,3188,10,31317,0,0,0,0,0,D,3,Inflammatory monocyte,32,13,2,2,2_5,DC
D-2605,all,34,22,4633,2539,29,83882,0,0,0,0,0,D,4,Endothelial progenitor cell,41,22,5,5,5_3,Pericyte
D-2606,all,54,36,4756,2390,25,84940,0,0,0,0,0,D,10,Natural killer cell,55,38,2,2,2_5,DC
D-2607,all,17,5,4476,2693,31,19675,0,0,0,0,0,D,13,Sox9+/Id2+ epithelial cell,39,5,1,1,1_3,AT2
D-2610,all,45,16,4953,3051,26,61695,0,0,0,0,0,D,28,Alveolar type 2 cell,46,16,5,5,5_3,Pericyte
D-2611,all,24,8,4279,2581,20,29459,0,0,0,0,0,D,17,Alveolar type 2 cell,43,8,1,1,1_1,AT2
D-2612,all,99,56,4681,2234,17,117639,0,0,0,0,0,D,19,Endothelial progenitor cell,66,54,2,2,2_1,Capillary
D-2613,all,70,12,4294,2851,13,46774,0,0,0,0,0,D,59,Alveolar type 2 cell,52,12,1,1,1_1,AT2
D-2614,all,58,28,5383,2975,24,97969,0,0,0,0,0,D,37,Alveolar fibroblast 1,54,28,1,1,1_3,AT2
D-2617,all,13,8,4591,2607,36,30605,0,0,0,0,0,D,2,Capillary 1 cell,37,8,2,2,2_3,Vein
D-2620,all,8,7,5149,3414,21,27932,0,0,0,0,0,D,3,Proliferative mesenchymal progenitor cell,27,8,3,3,3_4,AdventitialFib
D-2622,all,38,24,5547,2452,12,72171,0,0,0,0,0,D,5,Inflammatory monocyte,41,24,7,7,7_2,PatrolMac
D-2623,all,11,9,4013,2832,23,46641,0,0,0,0,0,D,2,Alveolar fibroblast 1,33,10,2,2,2_3,Vein
D-2625,all,47,27,3919,2060,31,89965,0,0,0,0,0,D,3,Arterial endothelial cell,48,28,2,2,2_4,Artery
D-2626,all,44,27,4850,3029,23,70707,110,0,110,0,1,D,11,B cell,44,27,9,9,9,Bcell
D-2627,all,6,4,5586,3006,10,15870,0,0,0,0,0,D,2,Alveolar type 1 cell,25,7,6,6,6,AT1
D-2628,all,14,7,5283,2507,20,49844,0,0,0,0,0,D,11,Alveolar type 2 cell,38,7,1,1,1_3,AT2
D-2629,all,50,25,4769,2961,5,59669,0,0,0,0,0,D,8,Capillary 2 cell,47,24,2,2,2_1,Capillary
D-2631,all,32,14,3962,2318,9,20069,0,0,0,0,0,D,6,Alveolar type 1 cell,41,14,6,6,6,AT1
D-2632,all,18,14,4051,2011,36,35981,0,0,0,0,0,D,6,Pericyte,34,14,5,5,5_3,Pericyte
D-2633,all,21,13,4905,2983,17,46393,0,0,0,0,0,D,5,Capillary 1 cell,41,13,2,2,2_1,Capillary
D-2634,all,27,14,5500,2429,14,52778,0,0,0,0,0,D,8,B cell,41,15,1,1,1_5_1,LymphaticEndo
D-2635,all,20,12,3864,3134,23,80597,0,0,0,0,0,D,3,CD4+ T cell,34,12,6,6,6,AT1
D-2637,all,43,7,5361,2330,9,29017,0,0,0,0,0,D,39,Alveolar type 2 cell,46,7,1,1,1_1,AT2
D-2638,all,131,23,4815,3246,15,106312,0,0,0,0,0,D,101,Alveolar type 2 cell,48,13,1,1,1_3,AT2
D-2643,all,25,22,4800,2076,16,71854,0,0,0,0,0,D,5,Alveolar fibroblast 1,45,22,3,3,3_4,AdventitialFib
D-2645,all,27,20,5509,2972,30,73663,0,0,0,0,0,D,3,Inflammatory monocyte,44,20,3,3,3_4,AdventitialFib
D-2648,all,27,7,3810,3149,7,37460,0,0,0,0,0,D,4,Alveolar type 1 cell,45,7,6,6,6,AT1
D-2651,all,111,40,4669,3123,16,101992,0,0,0,0,0,D,24,Neutrophil,55,27,6,6,6,AT1
D-2655,all,43,24,5441,3533,22,77345,0,0,0,0,0,D,3,B cell,44,24,9,9,9,Bcell
D-2656,all,49,28,4577,3233,25,64110,0,0,0,0,0,D,22,Alveolar type 2 cell,49,28,1,1,1_3,AT2
D-2657,all,16,15,4834,2429,9,46175,0,0,0,0,0,D,2,Innate lymphoid cell,33,16,1,1,1_4_1,AlveolarFib
D-2658,all,48,27,3957,3721,15,66098,0,0,0,0,0,D,10,CD8+ T cell,50,28,3,3,3_5,SMC
D-2660,all,37,22,5394,2211,16,78033,0,0,0,0,0,D,10,CD4+ T cell,41,22,7,7,7_4,PatrolMac
D-2663,all,22,17,4416,3155,33,32581,0,0,0,0,0,D,6,Alveolar type 1 cell,39,17,6,6,6,AT1
D-2665,all,32,18,5127,2789,29,50744,0,0,0,0,0,D,7,Alveolar type 1 cell,42,19,3,3,3_1,SMC
D-2668,all,34,22,4789,2845,12,62500,0,0,0,0,0,D,10,Neutrophil,41,22,9,9,9,Bcell
D-2674,all,23,16,4443,3182,34,47276,0,0,0,0,0,D,3,B cell,39,16,9,9,9,Bcell
D-2679,all,56,13,3930,2197,26,81420,0,0,0,0,0,D,45,Alveolar type 2 cell,50,13,1,1,1_3,AT2
D-2680,all,39,16,4816,3199,9,39953,0,0,0,0,0,D,21,Alveolar type 2 cell,43,17,2,2,2_4,Artery
D-2682,all,15,9,4870,2335,17,37362,0,0,0,0,0,D,3,Basophil,34,11,2,2,2_5,DC
D-2684,all,40,16,4946,3237,8,49677,0,0,0,0,0,D,6,Neutrophil,45,16,1,1,1_6_2,Neutrophil
D-2685,all,8,6,5382,3508,37,16955,0,0,0,0,0,D,4,Alveolar fibroblast 1,25,8,3,3,3_1,SMC
D-2686,all,7,6,4731,2514,10,27248,0,0,0,0,0,D,5,Venous endothelial cell,17,9,3,3,3_4,AdventitialFib
D-2690,all,74,27,4029,2234,26,88158,0,0,0,0,0,D,37,Pericyte,56,27,5,5,5_1,Pericyte
D-2691,all,6,4,3889,2730,10,46545,0,0,0,0,0,D,3,Mesothelial cell,19,8,3,3,3_1,SMC
D-2692,all,14,11,4229,2830,9,27687,0,0,0,0,0,D,3,Inflammatory monocyte,30,12,2,2,2_2,InflamMac
D-2694,all,9,7,4772,2167,20,43505,0,0,0,0,0,D,5,Proliferative mesenchymal progenitor cell,25,8,3,3,3_4,AdventitialFib
D-2695,all,8,7,4015,2718,34,22125,0,0,0,0,0,D,2,Inflammatory monocyte,28,9,2,2,2_5,DC
D-2696,all,59,14,4716,2442,33,35702,0,0,0,0,0,D,50,Alveolar type 2 cell,51,14,1,1,1_1,AT2
D-2697,all,61,30,4162,2179,35,72001,0,0,0,0,0,D,17,Inflammatory monocyte,55,30,1,1,1_5_1,LymphaticEndo
D-2698,all,29,12,3942,2308,9,18121,0,0,0,0,0,D,4,Alveolar type 1 cell,40,12,6,6,6,AT1
D-2701,all,101,45,4700,3012,23,136094,0,0,0,0,0,D,18,B cell,61,42,9,9,9,Bcell
D-2702,all,35,21,5654,3528,13,74583,0,0,0,0,0,D,4,Interstitial macrophage,42,21,3,3,3_4,AdventitialFib
D-2704,all,17,8,4836,2080,10,22648,0,0,0,0,0,D,10,B cell,35,8,9,9,9,Bcell
D-2706,all,10,8,5126,2492,7,24049,0,0,0,0,0,D,2,Alveolar fibroblast 1,29,8,1,1,1_5_1,LymphaticEndo
D-2707,all,59,32,4089,2375,26,111488,0,0,0,0,0,D,11,Capillary 1 cell,55,32,1,1,1_5_2,AlveolarFib
D-2710,all,43,21,4950,2565,21,95991,0,0,0,0,0,D,19,Alveolar fibroblast 1,48,21,2,2,2_1,Capillary
D-2711,all,52,32,4056,2432,29,83698,0,0,0,0,0,D,4,Capillary 1 cell,52,32,2,2,2_1,Capillary
D-2718,all,10,5,5321,2156,11,21610,0,0,0,0,0,D,8,Alveolar fibroblast 1,32,5,1,1,1_1,AT2
D-2719,all,11,8,3926,3088,14,46712,0,0,0,0,0,D,7,Alveolar fibroblast 1,30,8,5,5,5_1,Pericyte
D-2720,all,24,19,5098,2832,35,61223,0,0,0,0,0,D,3,Alveolar type 1 cell,42,19,6,6,6,AT1
D-2721,all,79,34,4711,2395,23,94596,0,0,0,0,0,D,29,Alveolar type 1 cell,57,34,6,6,6,AT1
D-2726,all,12,9,5153,2558,9,31860,0,0,0,0,0,D,2,Neutrophil,31,10,2,2,2_2,InflamMac
D-2727,all,89,14,4329,2861,19,55700,0,0,0,0,0,D,77,Alveolar fibroblast 1,54,14,3,3,3_1,SMC
D-2728,all,9,9,5119,3396,24,33572,106,106,0,1,0,D,2,Alveolar fibroblast 1,27,9,1,1,1_5_4,pDC
D-2733,all,14,9,5012,2072,24,30180,0,0,0,0,0,D,2,Mesothelial cell,33,9,3,3,3_3,AdventitialFib
D-2734,all,70,40,5259,3443,9,114087,0,0,0,0,0,D,12,Endothelial progenitor cell,56,40,9,9,9,Bcell
D-2735,all,13,6,5117,2301,29,29995,0,0,0,0,0,D,10,Alveolar type 2 cell,35,6,1,1,1_3,AT2
D-2737,all,66,21,4198,2651,32,56239,0,0,0,0,0,D,13,Alveolar fibroblast 1,53,21,6,6,6,AT1
D-2744,all,107,37,3890,2180,27,132146,0,0,0,0,0,D,46,Alveolar type 2 cell,55,29,1,1,1_3,AT2
D-2745,all,44,16,5402,2261,22,67800,0,0,0,0,0,D,11,Natural killer cell,45,16,7,7,7_3,Tcell (CD8)
D-2750,all,48,20,5443,2291,18,51746,0,0,0,0,0,D,5,Natural killer cell,48,20,7,7,7_3,Tcell (CD8)
D-2751,all,114,53,5344,3700,22,135676,0,0,0,0,0,D,13,Arterial endothelial cell,46,28,2,2,2_4,Artery
D-2753,all,17,12,5286,2472,33,38262,0,0,0,0,0,D,5,Capillary 1 cell,41,14,2,2,2_1,Capillary
D-2756,all,12,8,5097,2497,16,41428,0,0,0,0,0,D,2,Alveolar type 2 cell,30,8,1,1,1_3,AT2
D-2757,all,19,14,5053,2284,22,26189,0,0,0,0,0,D,6,Alveolar fibroblast 1,39,16,2,2,2_4,Artery
D-2759,all,16,11,4805,2893,12,44554,0,0,0,0,0,D,4,Alveolar macrophage,35,11,6,6,6,AT1
D-2760,all,6,5,5153,2264,13,19454,0,0,0,0,0,D,2,Endothelial progenitor cell,24,8,2,2,2_6,pDC
D-2762,all,54,27,4156,2375,22,97481,0,0,0,0,0,D,16,Venous endothelial cell,54,27,1,1,1_3,AT2
D-2764,all,18,13,5047,2344,15,58446,0,0,0,0,0,D,2,Alveolar fibroblast 1,39,14,1,1,1_4_1,AlveolarFib
D-2768,all,33,20,4569,2641,34,48968,0,0,0,0,0,D,8,Alveolar fibroblast 1,40,21,3,3,3_1,SMC
D-2770,all,34,27,4865,2636,16,46811,0,0,0,0,0,D,5,Inflammatory monocyte,40,27,7,7,7_2,PatrolMac
D-2772,all,25,7,5118,2330,31,31230,0,0,0,0,0,D,18,Alveolar type 2 cell,44,7,1,1,1_1,AT2
D-2778,all,20,12,3831,3105,8,34106,0,0,0,0,0,D,6,Alveolar type 1 cell,39,12,6,6,6,AT1
D-2780,all,105,41,3774,1986,24,138160,0,0,0,0,0,D,64,Pericyte,54,28,5,5,5_1,Pericyte
D-2782,all,10,7,4654,3054,30,33693,0,0,0,0,0,D,3,Alveolar type 1 cell,27,8,3,3,3_5,SMC
D-2784,all,21,9,5127,2266,21,54374,0,0,0,0,0,D,16,Alveolar type 2 cell,41,9,1,1,1_1,AT2
D-2785,all,69,20,4675,2407,15,68785,0,0,0,0,0,D,9,Alveolar type 1 cell,53,20,6,6,6,AT1
D-2787,all,21,13,5002,2508,17,84036,0,0,0,0,0,D,4,Capillary 1 cell,41,13,2,2,2_3,Vein
D-2788,all,22,9,5172,2772,26,41274,0,0,0,0,0,D,4,B cell,40,10,3,3,3_1,SMC
D-2790,all,25,16,4762,2910,7,36860,50,50,0,1,0,D,5,B cell,46,16,7,7,7_2,PatrolMac
D-2791,all,108,26,4680,2952,26,109493,0,0,0,0,0,D,27,Alveolar type 1 cell,56,22,6,6,6,AT1
D-2792,all,40,4,5344,2285,19,25503,0,0,0,0,0,D,37,Alveolar type 2 cell,46,4,1,1,1_1,AT2
D-2793,all,123,27,4831,2122,26,82921,0,0,0,0,0,D,103,Alveolar type 2 cell,47,13,1,1,1_3,AT2
D-2795,all,15,6,5562,2392,9,19707,0,0,0,0,0,D,10,Sox9+/Id2+ epithelial cell,38,6,1,1,1_1,AT2
D-2797,all,17,15,3953,2764,32,82728,0,0,0,0,0,D,6,Alveolar type 1 cell,32,15,9,9,9,Bcell
D-2798,all,23,13,3988,3620,15,80007,0,0,0,0,0,D,10,Secondary crest myofibroblast,42,14,3,3,3_1,SMC
D-2799,all,35,14,5219,2411,26,58035,0,0,0,0,0,D,6,Alveolar type 1 cell,42,14,6,6,6,AT1
D-2801,all,16,10,4261,2846,6,14500,0,0,0,0,0,D,6,Alveolar type 2 cell,34,10,1,1,1_1,AT2
D-2803,all,42,30,4282,1982,23,61758,0,0,0,0,0,D,8,Alveolar type 2 cell,45,31,3,3,3_5,SMC
D-2804,all,56,38,5069,3449,19,70350,0,0,0,0,0,D,7,Neutrophil,57,40,2,2,2_5,DC
D-2806,all,10,5,4055,2941,5,23085,0,0,0,0,0,D,5,Innate lymphoid cell,24,5,3,3,3_4,AdventitialFib
D-2807,all,91,24,5155,2209,17,93768,0,0,0,0,0,D,21,Alveolar type 1 cell,54,24,6,6,6,AT1
D-2808,all,7,5,4564,3499,30,9510,0,0,0,0,0,D,3,Proliferative mesenchymal progenitor cell,23,6,3,3,3_1,SMC
D-2810,all,31,20,5097,2258,15,50059,0,0,0,0,0,D,10,Alveolar type 2 cell,40,20,2,2,2_6,pDC
D-2815,all,11,7,5049,2640,17,22529,0,0,0,0,0,D,6,Alveolar type 2 cell,34,7,1,1,1_1,AT2
D-2816,all,51,26,4313,3330,14,53808,0,0,0,0,0,D,28,Vascular smooth muscle cell,50,26,6,6,6,AT1
D-2817,all,11,9,5061,2563,18,25202,0,0,0,0,0,D,2,Capillary 2 cell,30,9,8,8,8_2,InterstitialMac
D-2818,all,17,7,5260,2386,19,23558,0,0,0,0,0,D,4,Alveolar type 1 cell,39,7,6,6,6,AT1
D-2819,all,15,13,5077,2330,20,41590,0,0,0,0,0,D,7,Capillary 1 cell,33,13,2,2,2_1,Capillary
D-2820,all,36,20,4792,2144,22,48002,0,0,0,0,0,D,11,Alveolar fibroblast 1,42,21,1,1,1_5_1,LymphaticEndo
D-2822,all,23,9,5021,2649,25,44161,0,0,0,0,0,D,16,Alveolar type 2 cell,45,9,1,1,1_1,AT2
D-2824,all,27,13,5110,2754,37,40940,0,0,0,0,0,D,6,Arterial endothelial cell,42,13,6,6,6,AT1
D-2827,all,45,11,4276,2604,11,48178,0,0,0,0,0,D,35,Alveolar type 2 cell,47,11,1,1,1_1,AT2
D-2828,all,22,10,4261,2876,11,34738,0,0,0,0,0,D,11,Alveolar type 2 cell,43,10,1,1,1_1,AT2
D-2829,all,20,12,5312,2540,30,55259,0,0,0,0,0,D,14,B cell,41,12,9,9,9,Bcell
D-2834,all,63,34,5337,2959,22,91551,0,0,0,0,0,D,10,Sox9+/Id2+ epithelial cell,56,34,2,2,2_1,Capillary
D-2836,all,44,29,3815,3372,26,103699,0,0,0,0,0,D,11,Secondary crest myofibroblast,44,29,5,5,5_1,Pericyte
D-2838,all,37,16,5626,2333,19,92470,0,0,0,0,0,D,12,Alveolar type 1 cell,42,16,6,6,6,AT1
D-2840,all,7,5,5136,2460,5,11725,0,0,0,0,0,D,4,Alveolar fibroblast 1,26,8,1,1,1_5_1,LymphaticEndo
D-2843,all,17,13,5387,2685,34,75462,0,0,0,0,0,D,2,Alveolar fibroblast 1,39,14,1,1,1_4_1,AlveolarFib
D-2845,all,36,15,5434,2794,20,60333,0,0,0,0,0,D,3,Alveolar type 1 cell,43,15,6,6,6,AT1
D-2847,all,16,13,5105,3426,18,54801,0,0,0,0,0,D,4,Innate lymphoid cell,38,15,2,2,2_5,DC
D-2848,all,19,8,5259,2411,23,24017,0,0,0,0,0,D,2,Alveolar type 1 cell,41,8,6,6,6,AT1
D-2853,all,36,12,4185,2733,27,40972,0,0,0,0,0,D,2,Alveolar type 1 cell,44,12,6,6,6,AT1
D-2855,all,14,7,5109,2410,5,17184,0,0,0,0,0,D,3,Alveolar fibroblast 1,29,7,2,2,2_6,pDC
D-2864,all,6,3,3983,3172,6,9049,0,0,0,0,0,D,5,Alveolar type 2 cell,32,5,1,1,1_1,AT2
D-2865,all,31,14,5159,2798,28,57533,0,0,0,0,0,D,8,Alveolar fibroblast 1,40,14,6,6,6,AT1
D-2867,all,33,12,4283,2561,25,37992,0,0,0,0,0,D,25,Pericyte,43,12,5,5,5_1,Pericyte
D-2871,all,30,15,4252,1978,21,39101,0,0,0,0,0,D,17,Alveolar type 2 cell,42,15,2,2,2_1,Capillary
D-2876,all,8,7,5072,2298,29,24176,0,0,0,0,0,D,2,Alveolar fibroblast 1,33,8,1,1,1_4_3,AlveolarFib
D-2879,all,19,11,5369,2255,21,38539,0,0,0,0,0,D,8,Sox9+/Id2+ epithelial cell,40,11,5,5,5_3,Pericyte
D-2881,all,11,8,3665,3197,10,22150,0,0,0,0,0,D,2,Endothelial progenitor cell,29,8,1,1,1_5_2,AlveolarFib
D-2884,all,11,5,5532,2416,12,25236,0,0,0,0,0,D,8,Alveolar type 2 cell,38,5,1,1,1_1,AT2
D-2885,all,6,5,4633,3271,27,26360,0,0,0,0,0,D,4,Alveolar fibroblast 1,19,8,3,3,3_4,AdventitialFib
D-2889,all,9,5,4832,3333,9,24873,0,0,0,0,0,D,9,Alveolar type 1 cell,22,6,6,6,6,AT1
D-2890,all,13,11,4105,3057,36,27166,0,0,0,0,0,D,2,Sox9+/Id2+ epithelial cell,28,11,8,8,8_2,InterstitialMac
D-2893,all,45,23,4370,4474,16,76392,0,0,0,0,0,D,9,Capillary 1 cell,46,24,3,3,3_1,SMC
D-2894,all,46,25,3964,4270,26,83628,66,66,0,1,0,D,13,Alveolar type 2 cell,46,25,1,1,1_3,AT2
D-2896,all,20,14,4114,4527,14,36227,0,0,0,0,0,D,2,Alveolar fibroblast 1,41,15,2,2,2_4,Artery
D-2897,all,27,19,3857,3811,36,61843,0,0,0,0,0,D,5,Inflammatory monocyte,40,21,2,2,2_5,DC
D-2898,all,34,20,4123,4562,17,71498,0,0,0,0,0,D,5,Alveolar fibroblast 1,42,20,7,7,7_3,Tcell (CD8)
D-2899,all,47,26,4078,5652,32,77311,0,0,0,0,0,D,13,Alveolar fibroblast 1,49,28,2,2,2_4,Artery
D-2900,all,30,17,4207,4903,6,32650,0,0,0,0,0,D,6,Alveolar macrophage,41,17,8,8,8_1,AlveolarMac
D-2901,all,41,12,5189,5527,15,48944,0,0,0,0,0,D,29,Alveolar type 2 cell,44,12,1,1,1_3,AT2
D-2903,all,51,30,4506,5311,25,92651,0,0,0,0,0,D,13,Alveolar fibroblast 1,52,30,1,1,1_5_1,LymphaticEndo
D-2905,all,23,18,4512,4367,37,62072,0,0,0,0,0,D,5,Pericyte,46,19,3,3,3_1,SMC
D-2906,all,43,10,4952,3901,14,27480,0,0,0,0,0,D,35,Alveolar type 2 cell,47,10,1,1,1_1,AT2
D-2908,all,22,12,4192,4032,28,52448,0,0,0,0,0,D,8,Arterial endothelial cell,44,13,2,2,2_4,Artery
D-2909,all,69,17,4143,4792,34,62370,0,0,0,0,0,D,50,Alveolar type 2 cell,53,17,1,1,1_1,AT2
D-2910,all,40,19,4092,4593,10,76891,0,0,0,0,0,D,9,Alveolar fibroblast 1,42,19,1,1,1_5_1,LymphaticEndo
D-2914,all,22,11,4334,5252,8,27894,0,0,0,0,0,D,16,Alveolar fibroblast 1,42,14,2,2,2_4,Artery
D-2916,all,8,8,4336,4388,12,39079,0,0,0,0,0,D,3,Alveolar fibroblast 1,25,10,1,1,1_5_1,LymphaticEndo
D-2917,all,8,6,4397,4559,39,21215,0,0,0,0,0,D,3,Pericyte,20,8,5,5,5_1,Pericyte
D-2918,all,69,32,4771,4139,22,92834,0,0,0,0,0,D,46,Alveolar type 2 cell,56,32,1,1,1_1,AT2
D-2919,all,77,20,4379,4619,18,55279,0,0,0,0,0,D,64,Alveolar type 2 cell,54,20,1,1,1_3,AT2
D-2920,all,8,8,5656,4712,7,26575,0,0,0,0,0,D,2,Alveolar macrophage,25,9,1,1,1_2_3,Tcell (CD4)
D-2921,all,15,12,5052,3931,37,37508,0,0,0,0,0,D,4,Alveolar fibroblast 1,35,13,3,3,3_1,SMC
D-2922,all,104,21,4654,4316,17,79348,0,0,0,0,0,D,85,Alveolar type 2 cell,55,18,1,1,1_3,AT2
D-2924,all,37,25,4215,4714,24,75558,52,0,52,0,1,D,10,Alveolar fibroblast 1,41,24,1,1,1_5_1,LymphaticEndo
D-2925,all,34,20,4560,5498,32,29553,0,0,0,0,0,D,7,Alveolar fibroblast 1,40,21,1,1,1_5_1,LymphaticEndo
D-2926,all,13,11,5490,4520,7,45489,0,0,0,0,0,D,2,Capillary 1 cell,40,12,2,2,2_1,Capillary
D-2927,all,25,11,5240,4528,30,51012,0,0,0,0,0,D,13,Alveolar fibroblast 1,44,12,3,3,3_1,SMC
D-2928,all,13,5,4955,3873,23,21413,0,0,0,0,0,D,9,Sox9+/Id2+ epithelial cell,37,5,1,1,1_1,AT2
D-2929,all,34,28,4569,5056,35,55947,0,0,0,0,0,D,6,Capillary 1 cell,39,28,5,5,5_3,Pericyte
D-2930,all,21,11,4609,5539,37,24940,0,0,0,0,0,D,5,Alveolar type 1 cell,42,11,6,6,6,AT1
D-2931,all,42,20,5528,4674,17,82150,0,0,0,0,0,D,4,Alveolar type 1 cell,46,21,3,3,3_1,SMC
D-2932,all,31,23,5609,4432,12,62163,0,0,0,0,0,D,7,Inflammatory monocyte,38,23,2,2,2_1,Capillary
D-2933,all,26,14,4004,5421,31,47179,0,0,0,0,0,D,7,Pericyte,43,16,2,2,2_5,DC
D-2934,all,41,21,4353,4227,12,51113,50,0,50,0,1,D,12,Pericyte,43,22,3,3,3_5,SMC
D-2936,all,25,16,4964,4471,28,58493,0,0,0,0,0,D,6,Capillary 1 cell,40,16,2,2,2_1,Capillary
D-2937,all,60,20,5532,4061,18,57223,0,0,0,0,0,D,6,Alveolar type 1 cell,53,20,6,6,6,AT1
D-2938,all,7,3,4391,4383,19,31256,0,0,0,0,0,D,5,Mast cell,17,6,7,7,7_4,PatrolMac
D-2939,all,31,19,4636,5732,18,47091,0,0,0,0,0,D,3,Sox9+/Id2+ epithelial cell,39,19,8,8,8_3,InterstitialMac
D-2940,all,74,29,4070,5095,28,65671,0,0,0,0,0,D,20,Alveolar fibroblast 1,54,29,6,6,6,AT1
D-2941,all,17,10,3985,3829,36,41654,0,0,0,0,0,D,12,Secondary crest myofibroblast,37,10,5,5,5_1,Pericyte
D-2942,all,21,18,4616,5694,21,24102,0,0,0,0,0,D,5,Interstitial macrophage,39,18,8,8,8_3,InterstitialMac
D-2943,all,61,27,4467,4461,28,94225,0,0,0,0,0,D,25,B cell,53,27,9,9,9,Bcell
D-2944,all,46,27,4131,5454,34,51640,0,0,0,0,0,D,4,B cell,47,27,7,7,7_2,PatrolMac
D-2945,all,25,11,3964,3897,19,60024,0,0,0,0,0,D,12,Arterial endothelial cell,42,14,2,2,2_4,Artery
D-2946,all,52,15,4323,4555,10,33347,0,0,0,0,0,D,33,Sox9+/Id2+ epithelial cell,50,15,1,1,1_1,AT2
D-2947,all,43,27,5036,4319,32,77634,0,0,0,0,0,D,11,Alveolar fibroblast 1,45,28,2,2,2_4,Artery
D-2948,all,40,28,4175,4744,21,129497,0,0,0,0,0,D,15,Pericyte,40,28,5,5,5_3,Pericyte
D-2949,all,78,43,4302,5209,21,91124,0,0,0,0,0,D,9,Capillary 1 cell,54,43,2,2,2_1,Capillary
D-2950,all,94,42,4160,4603,16,119694,0,0,0,0,0,D,30,Alveolar type 1 cell,62,42,5,5,5_1,Pericyte
D-2951,all,8,6,4040,4122,32,18944,0,0,0,0,0,D,4,Sox9+/Id2+ epithelial cell,21,7,8,8,8_3,InterstitialMac
D-2953,all,50,28,4589,5598,19,64599,0,0,0,0,0,D,13,Arterial endothelial cell,50,28,2,2,2_4,Artery
D-2954,all,49,33,5382,4309,21,88902,0,0,0,0,0,D,9,B cell,49,33,9,9,9,Bcell
D-2955,all,44,28,4634,4399,11,51346,0,0,0,0,0,D,15,Alveolar macrophage,50,29,1,1,1_4_3,AlveolarFib
D-2956,all,15,11,4577,5391,3,13539,0,0,0,0,0,D,2,Inflammatory monocyte,31,12,2,2,2_2,InflamMac
D-2961,all,16,10,3922,5451,29,38356,0,0,0,0,0,D,4,Sox9+/Id2+ epithelial cell,33,10,3,3,3_6,SCMF
D-2962,all,22,10,5216,5566,8,12410,0,0,0,0,0,D,9,Alveolar type 2 cell,42,10,1,1,1_1,AT2
D-2963,all,21,16,5330,4501,29,44263,0,0,0,0,0,D,6,Innate lymphoid cell,45,18,2,2,2_5,DC
D-2965,all,43,17,4997,3919,23,66432,0,0,0,0,0,D,27,Alveolar type 2 cell,46,18,3,3,3_1,SMC
D-2967,all,49,30,4845,4517,22,69152,0,0,0,0,0,D,13,Arterial endothelial cell,50,31,3,3,3_1,SMC
D-2968,all,76,40,4166,5083,21,105673,0,0,0,0,0,D,24,Pericyte,56,40,5,5,5_1,Pericyte
D-2969,all,36,22,5414,4092,11,55367,0,0,0,0,0,D,9,Inflammatory monocyte,40,22,9,9,9,Bcell
D-2970,all,92,17,4231,4015,17,69579,0,0,0,0,0,D,75,Alveolar type 2 cell,57,17,1,1,1_3,AT2
D-2973,all,60,22,5090,4059,23,76169,0,0,0,0,0,D,9,CD8+ T cell,53,22,7,7,7_3,Tcell (CD8)
D-2976,all,18,13,4689,4293,26,33647,0,0,0,0,0,D,6,Pericyte,38,13,5,5,5_3,Pericyte
D-2977,all,50,28,3823,5056,30,75739,0,0,0,0,0,D,8,B cell,50,29,3,3,3_1,SMC
D-2978,all,47,20,3780,3854,9,69546,0,0,0,0,0,D,10,Alveolar type 1 cell,47,20,6,6,6,AT1
D-2979,all,24,19,5420,4573,29,54583,0,0,0,0,0,D,4,Capillary 1 cell,45,19,2,2,2_1,Capillary
D-2980,all,59,21,4305,4525,15,71112,0,0,0,0,0,D,30,Sox9+/Id2+ epithelial cell,53,21,2,2,2_1,Capillary
D-2981,all,44,10,3808,5528,19,53951,0,0,0,0,0,D,35,Alveolar type 2 cell,46,10,1,1,1_1,AT2
D-2982,all,42,25,3882,5152,27,57136,0,0,0,0,0,D,3,Sox9+/Id2+ epithelial cell,44,27,2,2,2_3,Vein
D-2983,all,28,6,5281,4027,37,21635,0,0,0,0,0,D,21,Alveolar type 2 cell,43,6,1,1,1_3,AT2
D-2985,all,101,40,4135,5614,19,98348,0,0,0,0,0,D,16,Venous endothelial cell,59,36,3,3,3_1,SMC
D-2986,all,64,37,4622,4449,15,87501,105,105,0,1,0,D,14,Capillary 1 cell,57,37,7,7,7_2,PatrolMac
D-2987,all,98,37,3904,4345,22,121141,0,0,0,0,0,D,30,Alveolar fibroblast 1,59,35,3,3,3_1,SMC
D-2988,all,49,18,4381,4708,25,72584,0,0,0,0,0,D,27,Sox9+/Id2+ epithelial cell,49,19,3,3,3_1,SMC
D-2990,all,18,12,4765,4341,36,66630,0,0,0,0,0,D,3,Alveolar fibroblast 1,38,13,3,3,3_5,SMC
D-2991,all,15,12,4971,4406,35,27170,0,0,0,0,0,D,2,Natural killer cell,31,13,2,2,2_2,InflamMac
D-2993,all,13,5,4177,4168,22,34412,0,0,0,0,0,D,2,Alveolar fibroblast 1,37,6,1,1,1_4_1,AlveolarFib
D-2995,all,19,10,4520,5516,20,58087,0,0,0,0,0,D,4,Arterial endothelial cell,44,13,2,2,2_4,Artery
D-2996,all,29,17,4088,4128,31,45408,0,0,0,0,0,D,11,Interstitial macrophage,38,17,8,8,8_2,InterstitialMac
D-2997,all,65,10,4365,4654,22,63251,0,0,0,0,0,D,56,Alveolar type 2 cell,51,10,1,1,1_1,AT2
D-2998,all,67,30,3822,5586,13,97719,0,0,0,0,0,D,12,Sox9+/Id2+ epithelial cell,55,30,2,2,2_1,Capillary
D-3000,all,7,6,5201,4520,28,32240,0,0,0,0,0,D,4,Alveolar fibroblast 1,28,7,3,3,3_1,SMC
D-3003,all,26,16,5077,4369,33,54355,0,0,0,0,0,D,7,Arterial endothelial cell,46,16,2,2,2_4,Artery
D-3006,all,55,32,4573,4990,29,77815,0,0,0,0,0,D,9,Venous endothelial cell,55,33,2,2,2_2,InflamMac
D-3007,all,6,4,4061,4223,31,24402,0,0,0,0,0,D,3,Proliferative mesenchymal progenitor cell,20,7,5,5,5_1,Pericyte
D-3008,all,104,35,4809,4124,17,110158,0,0,0,0,0,D,63,B cell,57,26,2,2,2_1,Capillary
D-3010,all,20,8,4076,4465,39,22254,0,0,0,0,0,D,3,Alveolar type 1 cell,41,8,6,6,6,AT1
D-3011,all,38,24,3816,4076,28,70938,0,0,0,0,0,D,13,Alveolar fibroblast 1,42,25,3,3,3_1,SMC
D-3013,all,57,36,4514,5218,29,74213,0,0,0,0,0,D,5,Arterial endothelial cell,55,36,2,2,2_4,Artery
D-3014,all,10,7,4919,4509,27,25475,0,0,0,0,0,D,2,Alveolar type 1 cell,26,8,3,3,3_1,SMC
D-3016,all,47,29,4728,3988,15,55437,0,0,0,0,0,D,7,B cell,47,29,9,9,9,Bcell
D-3018,all,10,5,4221,5436,3,7235,0,0,0,0,0,D,3,T regulatory cell,30,7,2,2,2_5,DC
D-3020,all,34,21,4014,4360,26,82134,0,0,0,0,0,D,12,Alveolar fibroblast 1,40,22,2,2,2_4,Artery
D-3021,all,62,15,4683,5734,18,53316,0,0,0,0,0,D,49,Classical DC subset 2,52,15,8,8,8_2,InterstitialMac
D-3023,all,18,15,4331,4642,24,68160,0,0,0,0,0,D,7,Alveolar fibroblast 1,35,15,1,1,1_5_1,LymphaticEndo
D-3025,all,19,10,4054,5732,32,40653,0,0,0,0,0,D,3,Alveolar fibroblast 1,39,10,6,6,6,AT1
D-3026,all,37,15,4628,5625,12,53326,0,0,0,0,0,D,13,Alveolar type 1 cell,44,15,6,6,6,AT1
D-3027,all,20,9,5044,4380,30,30977,0,0,0,0,0,D,14,Sox9+/Id2+ epithelial cell,42,9,2,2,2_1,Capillary
D-3029,all,28,11,4906,4474,21,39196,0,0,0,0,0,D,6,Sox9+/Id2+ epithelial cell,42,11,6,6,6,AT1
D-3030,all,15,9,5655,4604,34,37142,0,0,0,0,0,D,5,Pericyte,30,9,5,5,5_1,Pericyte
D-3031,all,37,22,4344,5305,6,32960,0,0,0,0,0,D,12,Sox9+/Id2+ epithelial cell,41,22,1,1,1_3,AT2
D-3032,all,83,18,3936,3915,30,80220,0,0,0,0,0,D,70,Alveolar type 2 cell,55,18,1,1,1_3,AT2
D-3033,all,102,30,4417,4463,16,84045,0,0,0,0,0,D,72,Alveolar type 2 cell,55,24,1,1,1_1,AT2
D-3034,all,8,6,3940,4236,37,17392,0,0,0,0,0,D,4,Alveolar type 2 cell,27,8,1,1,1_1,AT2
D-3035,all,26,19,4180,3969,34,61281,0,0,0,0,0,D,3,Inflammatory monocyte,46,19,2,2,2_6,pDC
D-3036,all,20,11,4796,3952,23,49457,0,0,0,0,0,D,13,Capillary 1 cell,38,12,3,3,3_1,SMC
D-3039,all,73,43,3998,3881,20,96458,0,0,0,0,0,D,22,Inflammatory monocyte,57,43,8,8,8_2,InterstitialMac
D-3040,all,28,20,5116,4434,32,92122,0,0,0,0,0,D,5,Capillary 1 cell,37,21,3,3,3_1,SMC
D-3042,all,24,9,4391,4671,36,27204,0,0,0,0,0,D,18,Alveolar type 2 cell,45,9,1,1,1_1,AT2
D-3044,all,68,13,5052,4419,17,71310,57,0,57,0,1,D,53,Alveolar type 2 cell,50,14,3,3,3_1,SMC
D-3047,all,69,11,4303,5337,9,36990,0,0,0,0,0,D,59,Alveolar type 2 cell,53,12,3,3,3_5,SMC
D-3048,all,13,11,3795,5476,12,33062,0,0,0,0,0,D,3,Arterial endothelial cell,31,12,2,2,2_4,Artery
D-3049,all,14,6,4921,3894,15,14017,0,0,0,0,0,D,11,Alveolar type 2 cell,37,6,1,1,1_3,AT2
D-3052,all,53,24,4106,4213,17,97015,0,0,0,0,0,D,12,Arterial endothelial cell,51,24,2,2,2_4,Artery
D-3053,all,47,15,4579,5549,23,51892,0,0,0,0,0,D,30,Sox9+/Id2+ epithelial cell,47,15,1,1,1_3,AT2
D-3054,all,20,13,3861,5618,7,28483,0,0,0,0,0,D,3,Secondary crest myofibroblast,40,13,3,3,3_6,SCMF
D-3055,all,57,31,4321,4453,22,61035,0,0,0,0,0,D,12,Arterial endothelial cell,54,31,2,2,2_4,Artery
D-3056,all,57,25,4315,4494,24,62820,0,0,0,0,0,D,19,Arterial endothelial cell,55,25,2,2,2_4,Artery
D-3058,all,59,21,5127,5718,19,50200,0,0,0,0,0,D,34,Alveolar type 2 cell,52,23,2,2,2_5,DC
D-3062,all,48,23,4562,5731,22,52200,55,0,55,0,1,D,8,Arterial endothelial cell,48,23,2,2,2_4,Artery
D-3063,all,46,29,4202,4079,17,72555,0,0,0,0,0,D,9,Alveolar fibroblast 1,45,29,1,1,1_5_1,LymphaticEndo
D-3064,all,63,28,4028,5089,21,92655,0,0,0,0,0,D,12,Arterial endothelial cell,56,28,1,1,1_5_2,AlveolarFib
D-3065,all,55,18,4590,5500,36,37836,0,0,0,0,0,D,3,Sox9+/Id2+ epithelial cell,51,19,1,1,1_6_2,Neutrophil
D-3066,all,9,8,4093,5179,28,15861,0,0,0,0,0,D,4,Alveolar type 2 cell,25,9,2,2,2_6,pDC
D-3067,all,60,27,4157,5181,28,97971,0,0,0,0,0,D,9,Capillary 1 cell,55,28,2,2,2_1,Capillary
D-3068,all,39,19,4173,4349,36,58860,0,0,0,0,0,D,5,Arterial endothelial cell,43,20,2,2,2_4,Artery
D-3069,all,24,20,4310,4343,11,58213,0,0,0,0,0,D,5,Capillary 1 cell,46,20,3,3,3_5,SMC
D-3070,all,109,24,3978,4323,29,92582,0,0,0,0,0,D,93,Alveolar type 2 cell,50,14,1,1,1_3,AT2
D-3074,all,36,18,5223,4411,22,80472,0,0,0,0,0,D,4,Arterial endothelial cell,44,19,2,2,2_1,Capillary
D-3075,all,22,20,4149,5118,28,57443,0,0,0,0,0,D,9,Innate lymphoid cell,42,21,3,3,3_5,SMC
D-3076,all,25,21,4491,5038,15,51288,59,0,59,0,1,D,4,B cell,39,23,2,2,2_5,DC
D-3077,all,70,26,4201,4221,26,63949,0,0,0,0,0,D,41,Venous endothelial cell,55,26,1,1,1_1,AT2
D-3078,all,31,21,4493,5252,16,42007,0,0,0,0,0,D,6,Alveolar type 1 cell,37,22,2,2,2_1,Capillary
D-3079,all,36,18,5608,4575,14,66264,0,0,0,0,0,D,3,Arterial endothelial cell,46,19,2,2,2_4,Artery
D-3081,all,9,6,4077,5432,32,18773,0,0,0,0,0,D,3,Alveolar fibroblast 1,31,7,6,6,6,AT1
D-3083,all,25,16,4266,5058,10,50877,0,0,0,0,0,D,4,Capillary 1 cell,45,17,2,2,2_1,Capillary
D-3084,all,76,24,3779,4945,16,70008,0,0,0,0,0,D,52,Alveolar type 2 cell,54,24,1,1,1_3,AT2
D-3086,all,43,22,5601,4376,24,98563,0,0,0,0,0,D,7,Capillary 1 cell,45,23,3,3,3_1,SMC
D-3088,all,52,19,5364,4514,28,65030,0,0,0,0,0,D,29,Alveolar type 2 cell,50,19,2,2,2_4,Artery
D-3090,all,25,12,4417,4405,24,58366,0,0,0,0,0,D,10,Alveolar type 2 cell,44,12,1,1,1_1,AT2
D-3092,all,60,31,4558,4341,33,89157,0,0,0,0,0,D,6,Arterial endothelial cell,55,32,3,3,3_1,SMC
D-3093,all,11,4,3837,5499,15,29428,0,0,0,0,0,D,8,Sox9+/Id2+ epithelial cell,38,4,1,1,1_1,AT2
D-3096,all,9,7,5644,4488,26,17532,0,0,0,0,0,D,6,Alveolar type 2 cell,28,8,3,3,3_1,SMC
D-3097,all,12,6,3837,5737,20,31735,0,0,0,0,0,D,8,Alveolar fibroblast 1,29,6,3,3,3_1,SMC
D-3098,all,40,6,4484,4992,12,29341,0,0,0,0,0,D,38,Alveolar type 2 cell,46,6,1,1,1_3,AT2
D-3100,all,60,34,4255,4376,24,72178,0,0,0,0,0,D,8,Innate lymphoid cell,56,34,7,7,7_2,PatrolMac
D-3104,all,12,11,4048,4183,29,32562,0,0,0,0,0,D,2,Alveolar type 1 cell,34,11,6,6,6,AT1
D-3108,all,18,15,4979,4325,33,47601,0,0,0,0,0,D,5,Pericyte,37,15,5,5,5_1,Pericyte
D-3109,all,28,7,5014,4380,31,31968,0,0,0,0,0,D,23,Sox9+/Id2+ epithelial cell,42,7,1,1,1_3,AT2
D-3113,all,39,23,4300,4416,16,44722,0,0,0,0,0,D,7,Arterial endothelial cell,41,23,2,2,2_4,Artery
D-3116,all,33,22,4982,4259,15,68685,112,0,112,0,1,D,7,Alveolar macrophage,40,22,8,8,8_1,AlveolarMac
D-3117,all,36,18,4754,4182,11,46055,0,0,0,0,0,D,14,Alveolar fibroblast 1,42,18,1,1,1_4_3,AlveolarFib
D-3120,all,10,9,3887,5729,9,33581,0,0,0,0,0,D,4,Endothelial progenitor cell,33,9,2,2,2_1,Capillary
D-3123,all,58,29,4712,5679,21,83871,0,0,0,0,0,D,22,Alveolar macrophage,55,30,3,3,3_1,SMC
D-3125,all,34,17,4768,3973,24,55459,0,0,0,0,0,D,14,Alveolar fibroblast 1,39,18,3,3,3_1,SMC
D-3126,all,86,43,4508,4967,18,137570,55,0,55,0,1,D,36,Interstitial macrophage,63,43,8,8,8_2,InterstitialMac
D-3127,all,21,13,4998,4295,23,43933,0,0,0,0,0,D,2,Alveolar macrophage,39,13,8,8,8_1,AlveolarMac
D-3128,all,20,12,4986,4447,28,27135,0,0,0,0,0,D,3,Capillary 1 cell,39,12,2,2,2_1,Capillary
D-3131,all,147,37,4385,5262,13,131948,0,0,0,0,0,D,103,Alveolar type 2 cell,42,10,2,2,2_4,Artery
D-3134,all,32,19,5015,4433,23,57553,0,0,0,0,0,D,11,Sox9+/Id2+ epithelial cell,44,19,2,2,2_1,Capillary
D-3138,all,12,9,5098,5730,10,12290,0,0,0,0,0,D,4,Basophil,34,11,2,2,2_5,DC
D-3139,all,27,12,4883,4502,24,45369,0,0,0,0,0,D,19,Capillary 1 cell,41,13,3,3,3_1,SMC
D-3140,all,32,13,3809,5498,16,35691,0,0,0,0,0,D,22,Alveolar type 2 cell,42,13,1,1,1_3,AT2
D-3141,all,27,10,5058,4461,15,35683,0,0,0,0,0,D,17,Proliferative mesenchymal progenitor cell,42,11,3,3,3_1,SMC
D-3144,all,22,12,5285,4065,21,43535,0,0,0,0,0,D,6,Capillary 1 cell,37,12,2,2,2_1,Capillary
D-3155,all,15,11,4262,4297,9,28792,0,0,0,0,0,D,4,Sox9+/Id2+ epithelial cell,35,11,8,8,8_2,InterstitialMac
D-3157,all,14,10,4752,4267,18,49193,0,0,0,0,0,D,5,Capillary 1 cell,26,10,2,2,2_1,Capillary
D-3162,all,68,22,4137,5562,15,69341,0,0,0,0,0,D,16,Sox9+/Id2+ epithelial cell,56,22,6,6,6,AT1
D-3163,all,36,20,4216,4793,18,85100,0,0,0,0,0,D,9,Arterial endothelial cell,43,20,2,2,2_4,Artery
D-3166,all,7,6,4033,4216,30,31663,0,0,0,0,0,D,3,Sox9+/Id2+ epithelial cell,25,8,7,7,7_3,Tcell (CD8)
D-3170,all,37,11,4150,4172,23,33672,0,0,0,0,0,D,7,Alveolar fibroblast 1,43,11,6,6,6,AT1
D-3171,all,17,4,4559,5537,39,10973,0,0,0,0,0,D,15,Alveolar type 2 cell,39,4,1,1,1_1,AT2
D-3173,all,43,15,4232,4222,25,27824,0,0,0,0,0,D,30,Alveolar type 2 cell,45,15,1,1,1_3,AT2
D-3179,all,17,11,4639,5706,21,18186,0,0,0,0,0,D,8,Interstitial macrophage,28,11,8,8,8_3,InterstitialMac
D-3183,all,55,28,5026,3959,23,116533,2391,72,2319,0.03011292,0.9698871,D,19,B cell,55,29,3,3,3_1,SMC
D-3190,all,45,25,4536,5484,19,68360,0,0,0,0,0,D,6,Capillary 1 cell,51,26,2,2,2_1,Capillary
