orig.ident,nCount_RNA,nFeature_RNA,x,y,z,volume,np,np_nuc,np_cyto,pctnuc,pctcyto,region,marker_reads,predicted.id,nCount_SCT,nFeature_SCT,SCT_snn_res.0.1,seurat_clusters,lung,cell_type
G-2,all,34,19,1659,108,29,70505,0,0,0,0,0,G,8,Ciliated cell,43,19,5,5,5_1,Pericyte
G-3,all,14,12,1455,353,31,37033,0,0,0,0,0,G,2,Proliferative mesenchymal progenitor cell,27,12,5,5,5_1,Pericyte
G-5,all,65,37,311,1219,14,78355,0,0,0,0,0,G,22,Pericyte,57,37,5,5,5_1,Pericyte
G-6,all,50,27,440,943,11,35937,0,0,0,0,0,G,12,Alveolar type 1 cell,50,27,6,6,6,AT1
G-9,all,52,23,591,806,26,104767,51,0,51,0,1,G,5,Capillary 2 cell,50,23,2,2,2_1,Capillary
G-10,all,19,11,1834,24,10,46814,0,0,0,0,0,G,2,Proliferative mesenchymal progenitor cell,37,11,3,3,3_4,AdventitialFib
G-11,all,75,26,265,1493,15,55511,0,0,0,0,0,G,48,Alveolar type 2 cell,55,26,1,1,1_3,AT2
G-12,all,148,22,331,1712,23,86528,0,0,0,0,0,G,126,Alveolar type 2 cell,46,8,1,1,1_3,AT2
G-13,all,70,38,391,1575,12,69251,0,0,0,0,0,G,3,Proliferative mesenchymal progenitor cell,59,38,3,3,3_3,AdventitialFib
G-14,all,25,18,966,726,14,55262,0,0,0,0,0,G,5,Sox9+/Id2+ epithelial cell,44,18,1,1,1_3,AT2
G-15,all,33,22,1624,278,11,29212,0,0,0,0,0,G,3,Interstitial macrophage,41,22,8,8,8_1,AlveolarMac
G-18,all,18,10,1663,1174,17,24989,0,0,0,0,0,G,2,Interstitial macrophage,36,10,8,8,8_2,InterstitialMac
G-19,all,55,23,1019,587,20,61438,388,184,204,0.4742268,0.5257732,G,19,Alveolar type 2 cell,52,23,1,1,1_3,AT2
G-24,all,24,13,1921,426,21,63519,0,0,0,0,0,G,5,Arterial endothelial cell,43,14,2,2,2_4,Artery
G-25,all,86,24,778,819,11,101983,0,0,0,0,0,G,67,Alveolar type 2 cell,55,24,1,1,1_1,AT2
G-28,all,63,32,745,714,22,56385,0,0,0,0,0,G,10,Alveolar type 1 cell,57,32,6,6,6,AT1
G-29,all,74,41,1683,1211,20,101871,0,0,0,0,0,G,5,Alveolar fibroblast 2,57,42,3,3,3_5,SMC
G-31,all,37,25,425,128,34,67358,0,0,0,0,0,G,3,Arterial endothelial cell,40,25,2,2,2_6,pDC
G-33,all,76,40,251,1450,13,78805,0,0,0,0,0,G,30,Pericyte,56,40,5,5,5_1,Pericyte
G-34,all,40,29,49,764,15,57713,0,0,0,0,0,G,12,Alveolar type 1 cell,41,29,6,6,6,AT1
G-35,all,24,13,1375,1158,18,41913,0,0,0,0,0,G,9,Mesothelial cell,40,13,3,3,3_3,AdventitialFib
G-37,all,45,21,670,960,35,95425,0,0,0,0,0,G,6,Arterial endothelial cell,46,22,2,2,2_4,Artery
G-38,all,87,45,292,1005,20,115458,0,0,0,0,0,G,18,Arterial endothelial cell,60,44,2,2,2_4,Artery
G-43,all,75,34,252,977,23,78895,0,0,0,0,0,G,38,Arterial endothelial cell,55,34,2,2,2_4,Artery
G-44,all,21,12,385,868,20,48401,0,0,0,0,0,G,10,Alveolar type 2 cell,43,12,2,2,2_6,pDC
G-45,all,30,21,983,782,32,45682,0,0,0,0,0,G,4,Alveolar type 1 cell,38,21,6,6,6,AT1
G-46,all,63,26,417,902,16,82609,0,0,0,0,0,G,26,Alveolar type 2 cell,56,27,2,2,2_2,InflamMac
G-47,all,56,23,1747,989,28,89700,0,0,0,0,0,G,25,Alveolar type 2 cell,54,23,1,1,1_3,AT2
G-49,all,53,15,566,1057,34,50766,0,0,0,0,0,G,33,Alveolar type 2 cell,51,15,1,1,1_3,AT2
G-50,all,91,42,1603,1550,20,79152,0,0,0,0,0,G,4,Innate lymphoid cell,60,41,1,1,1_5_2,AlveolarFib
G-51,all,60,41,18,405,29,60822,0,0,0,0,0,G,14,Interstitial macrophage,57,41,8,8,8_3,InterstitialMac
G-52,all,42,18,173,1250,28,39884,0,0,0,0,0,G,6,Alveolar type 1 cell,44,18,6,6,6,AT1
G-53,all,25,17,1678,606,38,38251,0,0,0,0,0,G,3,Interstitial macrophage,44,17,8,8,8_3,InterstitialMac
G-55,all,58,29,360,1537,34,52695,0,0,0,0,0,G,10,Classical DC subset 2,52,28,2,2,2_1,Capillary
G-56,all,43,32,22,731,21,55949,0,0,0,0,0,G,8,Capillary 1 cell,45,33,2,2,2_1,Capillary
G-57,all,17,12,524,737,10,33717,0,0,0,0,0,G,2,Alveolar fibroblast 1,35,12,2,2,2_3,Vein
G-59,all,19,14,1416,873,29,59443,0,0,0,0,0,G,2,Capillary 2 cell,39,15,2,2,2_2,InflamMac
G-60,all,12,9,570,996,23,33087,0,0,0,0,0,G,6,Alveolar fibroblast 1,31,10,3,3,3_1,SMC
G-63,all,48,30,1519,611,30,61944,0,0,0,0,0,G,10,Interstitial macrophage,48,30,8,8,8_3,InterstitialMac
G-64,all,42,20,293,715,13,52787,0,0,0,0,0,G,14,Pericyte,44,20,5,5,5_1,Pericyte
G-65,all,46,28,113,1163,25,66318,0,0,0,0,0,G,12,Inflammatory monocyte,46,28,5,5,5_1,Pericyte
G-67,all,47,20,928,676,28,78501,0,0,0,0,0,G,25,Sox9+/Id2+ epithelial cell,47,20,1,1,1_1,AT2
G-69,all,37,24,1546,14,22,71817,0,0,0,0,0,G,3,Mesothelial cell,41,24,3,3,3_3,AdventitialFib
G-70,all,56,30,1636,1113,11,32136,0,0,0,0,0,G,15,Interstitial macrophage,55,30,8,8,8_3,InterstitialMac
G-71,all,33,26,798,682,34,73985,0,0,0,0,0,G,4,Secondary crest myofibroblast,39,27,3,3,3_1,SMC
G-72,all,106,48,199,635,24,82724,0,0,0,0,0,G,10,Capillary 1 cell,60,40,6,6,6,AT1
G-73,all,86,43,541,116,10,65152,0,0,0,0,0,G,20,Interstitial macrophage,63,43,8,8,8_3,InterstitialMac
G-74,all,27,19,264,1713,36,40101,0,0,0,0,0,G,10,Alveolar type 2 cell,46,19,5,5,5_1,Pericyte
G-75,all,74,21,377,916,32,66551,0,0,0,0,0,G,52,Alveolar type 2 cell,54,21,1,1,1_3,AT2
G-76,all,28,17,503,1114,11,31421,0,0,0,0,0,G,5,Interstitial macrophage,43,17,8,8,8_3,InterstitialMac
G-77,all,12,7,1639,1159,9,16769,0,0,0,0,0,G,5,Interstitial macrophage,30,7,8,8,8_3,InterstitialMac
G-78,all,58,18,1705,905,23,87685,0,0,0,0,0,G,29,Alveolar type 2 cell,52,18,1,1,1_1,AT2
G-79,all,16,11,746,656,38,23327,0,0,0,0,0,G,2,Sox9+/Id2+ epithelial cell,38,12,3,3,3_5,SMC
G-80,all,31,24,287,1085,17,64645,0,0,0,0,0,G,5,Pericyte,36,24,5,5,5_1,Pericyte
G-82,all,44,21,1723,141,32,91782,0,0,0,0,0,G,5,Mesothelial cell,46,21,3,3,3_3,AdventitialFib
G-83,all,59,25,163,1206,16,41879,0,0,0,0,0,G,5,Alveolar type 1 cell,54,25,6,6,6,AT1
G-84,all,39,26,425,1418,34,60093,0,0,0,0,0,G,3,Alveolar macrophage,43,26,3,3,3_3,AdventitialFib
G-85,all,28,18,496,702,30,38194,0,0,0,0,0,G,6,Pericyte,42,18,5,5,5_1,Pericyte
G-86,all,47,25,989,836,29,62490,0,0,0,0,0,G,2,Alveolar fibroblast 1,51,26,1,1,1_4_1,AlveolarFib
G-87,all,45,28,1207,212,35,54031,0,0,0,0,0,G,7,Interstitial macrophage,45,28,8,8,8_3,InterstitialMac
G-88,all,33,21,1889,436,24,52844,0,0,0,0,0,G,14,Arterial endothelial cell,41,22,2,2,2_4,Artery
G-89,all,22,16,438,1361,30,38685,0,0,0,0,0,G,3,Mesothelial cell,40,16,3,3,3_3,AdventitialFib
G-91,all,81,41,326,649,17,88903,0,0,0,0,0,G,10,Alveolar fibroblast 1,56,42,3,3,3_5,SMC
G-95,all,72,19,151,1341,9,50972,0,0,0,0,0,G,51,Alveolar type 2 cell,51,19,1,1,1_1,AT2
G-96,all,7,6,151,1654,13,18052,0,0,0,0,0,G,2,Alveolar type 1 cell,26,9,6,6,6,AT1
G-97,all,34,18,129,1249,36,35293,0,0,0,0,0,G,4,Alveolar fibroblast 1,44,19,2,2,2_4,Artery
G-98,all,21,14,1321,584,5,10929,0,0,0,0,0,G,7,Interstitial macrophage,36,14,8,8,8_3,InterstitialMac
G-99,all,11,7,956,895,8,19636,0,0,0,0,0,G,3,Alveolar fibroblast 2,31,7,3,3,3_3,AdventitialFib
G-100,all,28,21,1531,64,28,64327,0,0,0,0,0,G,4,Alveolar macrophage,39,21,2,2,2_6,pDC
G-101,all,44,20,111,580,35,66461,0,0,0,0,0,G,9,Alveolar fibroblast 1,46,21,3,3,3_1,SMC
G-102,all,22,15,1824,468,14,26132,0,0,0,0,0,G,9,Vascular smooth muscle cell,40,15,5,5,5_1,Pericyte
G-103,all,39,21,1346,115,12,39358,0,0,0,0,0,G,7,Alveolar fibroblast 2,44,21,3,3,3_4,AdventitialFib
G-107,all,33,23,1661,281,14,36373,0,0,0,0,0,G,6,Sox9+/Id2+ epithelial cell,39,23,8,8,8_3,InterstitialMac
G-108,all,21,14,1530,1062,9,37773,0,0,0,0,0,G,4,Mesothelial cell,39,14,3,3,3_3,AdventitialFib
G-109,all,38,25,179,1652,22,75530,0,0,0,0,0,G,2,Alveolar type 1 cell,41,25,6,6,6,AT1
G-110,all,33,11,151,1225,30,34498,0,0,0,0,0,G,4,Sox9+/Id2+ epithelial cell,43,11,6,6,6,AT1
G-112,all,28,17,1558,646,33,45287,0,0,0,0,0,G,4,Interstitial macrophage,39,17,8,8,8_3,InterstitialMac
G-114,all,52,24,677,667,34,78265,0,0,0,0,0,G,13,Alveolar type 2 cell,51,24,1,1,1_1,AT2
G-115,all,6,5,1789,27,11,31489,0,0,0,0,0,G,3,Alveolar macrophage,21,8,2,2,2_6,pDC
G-116,all,78,41,128,1507,32,99405,0,0,0,0,0,G,7,Alveolar type 2 cell,57,41,3,3,3_4,AdventitialFib
G-117,all,97,36,1853,326,20,112279,0,0,0,0,0,G,24,Alveolar fibroblast 2,64,36,3,3,3_3,AdventitialFib
G-118,all,80,27,1215,746,30,105663,0,0,0,0,0,G,7,Alveolar type 1 cell,55,27,6,6,6,AT1
G-121,all,12,7,930,424,7,13454,0,0,0,0,0,G,4,Mesothelial cell,30,7,3,3,3_3,AdventitialFib
G-122,all,58,29,1703,256,10,41952,0,0,0,0,0,G,10,Interstitial macrophage,53,29,8,8,8_3,InterstitialMac
G-125,all,26,19,220,1534,14,51938,0,0,0,0,0,G,5,Neutrophil,46,20,2,2,2_2,InflamMac
G-126,all,62,37,182,1554,23,113801,0,0,0,0,0,G,10,Alveolar fibroblast 1,56,37,1,1,1_5_4,pDC
G-128,all,59,16,253,1765,32,70857,0,0,0,0,0,G,41,Alveolar type 2 cell,52,16,1,1,1_1,AT2
G-129,all,57,29,20,822,25,62792,0,0,0,0,0,G,23,Alveolar fibroblast 1,54,30,3,3,3_1,SMC
G-131,all,57,15,9,788,27,36644,0,0,0,0,0,G,48,Alveolar type 2 cell,51,15,1,1,1_3,AT2
G-132,all,26,15,1845,437,34,33896,0,0,0,0,0,G,5,Secondary crest myofibroblast,42,16,3,3,3_5,SMC
G-133,all,36,20,977,592,14,39418,0,0,0,0,0,G,16,Alveolar type 2 cell,41,20,1,1,1_3,AT2
G-134,all,32,12,882,757,19,45293,0,0,0,0,0,G,24,Alveolar type 2 cell,43,12,1,1,1_3,AT2
G-135,all,7,7,1852,1402,17,39200,0,0,0,0,0,G,2,Mesothelial cell,23,10,3,3,3_3,AdventitialFib
G-136,all,69,32,972,456,23,72164,0,0,0,0,0,G,20,Mesothelial cell,54,32,3,3,3_3,AdventitialFib
G-137,all,49,18,390,1100,28,47984,0,0,0,0,0,G,32,Alveolar type 2 cell,49,18,1,1,1_1,AT2
G-139,all,83,32,0,751,25,70210,0,0,0,0,0,G,49,Alveolar fibroblast 1,60,33,3,3,3_1,SMC
G-140,all,44,11,143,1089,13,32396,0,0,0,0,0,G,33,Alveolar type 2 cell,47,11,7,7,7_2,PatrolMac
G-149,all,42,28,1794,917,31,78863,0,0,0,0,0,G,10,Proliferative mesenchymal progenitor cell,44,29,3,3,3_1,SMC
G-150,all,26,13,1877,385,23,63210,0,0,0,0,0,G,8,Mesothelial cell,40,15,2,2,2_4,Artery
G-151,all,91,26,307,1611,18,103073,50,0,50,0,1,G,62,Alveolar type 2 cell,55,24,1,1,1_3,AT2
G-153,all,14,10,283,957,12,25089,0,0,0,0,0,G,5,Sox9+/Id2+ epithelial cell,31,10,3,3,3_6,SCMF
G-156,all,24,9,405,987,6,19569,0,0,0,0,0,G,15,Alveolar type 2 cell,44,9,1,1,1_1,AT2
G-157,all,52,31,386,1458,28,49139,0,0,0,0,0,G,3,Alveolar fibroblast 2,51,31,3,3,3_3,AdventitialFib
G-159,all,12,11,426,1071,37,22674,0,0,0,0,0,G,2,Capillary 1 cell,35,11,2,2,2_6,pDC
G-160,all,36,26,1909,348,29,80421,0,0,0,0,0,G,17,Vascular smooth muscle cell,45,27,3,3,3_2,SMC
G-161,all,23,10,410,1281,34,18108,0,0,0,0,0,G,14,Alveolar type 2 cell,44,11,2,2,2_2,InflamMac
G-162,all,77,35,432,1111,29,59456,0,0,0,0,0,G,38,AT1/AT2,57,36,3,3,3_5,SMC
G-164,all,53,32,409,1617,32,52234,0,0,0,0,0,G,7,Alveolar macrophage,52,32,8,8,8_3,InterstitialMac
G-167,all,56,36,219,949,26,82417,0,0,0,0,0,G,21,Vascular smooth muscle cell,55,36,5,5,5_1,Pericyte
G-168,all,19,10,995,707,23,37318,0,0,0,0,0,G,2,Endothelial progenitor cell,36,11,3,3,3_5,SMC
G-170,all,66,24,1643,220,27,80029,0,0,0,0,0,G,3,Mesothelial cell,59,24,3,3,3_3,AdventitialFib
G-173,all,51,26,1570,1000,19,94094,0,0,0,0,0,G,8,Alveolar type 2 cell,51,26,1,1,1_5_2,AlveolarFib
G-175,all,45,29,339,1478,19,57797,0,0,0,0,0,G,4,Alveolar fibroblast 1,48,30,3,3,3_5,SMC
G-176,all,68,35,121,995,28,90822,0,0,0,0,0,G,12,Alveolar fibroblast 1,59,36,2,2,2_4,Artery
G-177,all,13,9,1409,534,26,32858,0,0,0,0,0,G,2,Alveolar fibroblast 1,30,10,1,1,1_5_2,AlveolarFib
G-178,all,14,8,1809,371,38,23150,0,0,0,0,0,G,5,Mesothelial cell,31,8,3,3,3_3,AdventitialFib
G-180,all,52,26,356,156,17,44511,0,0,0,0,0,G,5,Alveolar fibroblast 2,51,26,3,3,3_3,AdventitialFib
G-182,all,104,24,412,1020,13,78105,0,0,0,0,0,G,74,Alveolar type 2 cell,52,18,1,1,1_3,AT2
G-185,all,15,12,1027,653,16,21214,0,0,0,0,0,G,6,Sox9+/Id2+ epithelial cell,32,12,1,1,1_3,AT2
G-186,all,60,35,212,995,27,60379,0,0,0,0,0,G,17,Arterial endothelial cell,57,35,2,2,2_4,Artery
G-188,all,55,27,435,1154,18,64262,0,0,0,0,0,G,8,Alveolar type 1 cell,55,28,1,1,1_4_1,AlveolarFib
G-190,all,38,28,1467,89,25,73630,0,0,0,0,0,G,5,Alveolar fibroblast 1,42,28,9,9,9,Bcell
G-192,all,36,10,926,776,17,30635,0,0,0,0,0,G,33,Alveolar type 2 cell,45,10,1,1,1_3,AT2
G-194,all,15,13,1683,1159,11,17493,0,0,0,0,0,G,2,Interstitial macrophage,29,13,8,8,8_2,InterstitialMac
G-195,all,15,7,389,643,38,26360,0,0,0,0,0,G,8,Sox9+/Id2+ epithelial cell,37,7,1,1,1_1,AT2
G-196,all,30,18,410,1513,13,22837,0,0,0,0,0,G,4,Interstitial macrophage,38,18,8,8,8_2,InterstitialMac
G-200,all,55,23,902,785,25,56398,0,0,0,0,0,G,23,Alveolar type 2 cell,52,23,1,1,1_1,AT2
G-201,all,15,9,1591,69,28,34680,0,0,0,0,0,G,2,Proliferative mesenchymal progenitor cell,32,9,2,2,2_6,pDC
G-205,all,41,22,12,537,13,48679,0,0,0,0,0,G,6,Alveolar type 1 cell,44,23,3,3,3_5,SMC
G-206,all,59,25,1885,289,28,71435,0,0,0,0,0,G,17,Alveolar fibroblast 2,54,25,3,3,3_3,AdventitialFib
G-208,all,87,32,232,1031,29,62485,0,0,0,0,0,G,43,Interstitial macrophage,58,32,1,1,1_3,AT2
G-209,all,75,29,366,1322,24,61865,0,0,0,0,0,G,40,Alveolar type 2 cell,56,29,1,1,1_3,AT2
G-212,all,57,32,867,722,19,104160,0,0,0,0,0,G,7,Alveolar fibroblast 1,55,32,3,3,3_4,AdventitialFib
G-213,all,8,6,1788,1065,34,13620,0,0,0,0,0,G,2,Innate lymphoid cell,28,8,2,2,2_5,DC
G-214,all,28,20,1308,148,23,50785,0,0,0,0,0,G,8,Innate lymphoid cell,39,20,3,3,3_3,AdventitialFib
G-216,all,30,20,1900,489,20,72419,0,0,0,0,0,G,9,Arterial endothelial cell,36,20,2,2,2_4,Artery
G-217,all,58,33,1032,779,28,64324,0,0,0,0,0,G,6,B cell,56,33,9,9,9,Bcell
G-219,all,10,7,1313,112,23,23365,0,0,0,0,0,G,4,Mesothelial cell,29,7,1,1,1_3,AT2
G-222,all,18,11,257,126,11,18502,0,0,0,0,0,G,2,Mesothelial cell,36,11,3,3,3_3,AdventitialFib
G-223,all,8,4,1785,0,36,16180,0,0,0,0,0,G,2,Mesothelial cell,25,6,3,3,3_3,AdventitialFib
G-225,all,213,42,368,1262,20,144464,0,0,0,0,0,G,144,Alveolar type 2 cell,49,16,1,1,1_1,AT2
G-226,all,73,36,1833,1678,18,76138,0,0,0,0,0,G,7,Alveolar fibroblast 1,56,38,2,2,2_5,DC
G-231,all,48,18,1016,618,19,66254,0,0,0,0,0,G,30,Alveolar type 2 cell,48,18,1,1,1_3,AT2
G-232,all,19,14,54,374,28,27276,0,0,0,0,0,G,3,Interstitial macrophage,37,14,8,8,8_3,InterstitialMac
G-233,all,20,15,962,920,12,22817,0,0,0,0,0,G,7,Alveolar fibroblast 2,39,15,3,3,3_3,AdventitialFib
G-234,all,20,17,302,154,10,11579,0,0,0,0,0,G,4,B cell,40,17,9,9,9,Bcell
G-235,all,53,28,1819,1882,16,114556,0,0,0,0,0,G,11,Alveolar fibroblast 1,53,28,3,3,3_3,AdventitialFib
G-236,all,21,11,1939,495,14,27159,0,0,0,0,0,G,4,Secondary crest myofibroblast,43,12,3,3,3_2,SMC
G-238,all,14,7,838,588,5,20984,0,0,0,0,0,G,2,Natural killer cell,29,8,2,2,2_2,InflamMac
G-239,all,26,15,1376,1182,14,31135,0,0,0,0,0,G,8,Alveolar fibroblast 2,42,15,3,3,3_3,AdventitialFib
G-241,all,15,9,918,740,38,13461,0,0,0,0,0,G,9,Innate lymphoid cell,39,10,3,3,3_5,SMC
G-244,all,21,15,1352,560,16,23897,0,0,0,0,0,G,6,Secondary crest myofibroblast,40,15,3,3,3_3,AdventitialFib
G-245,all,28,16,1702,1254,20,40123,0,0,0,0,0,G,3,Alveolar fibroblast 1,43,16,3,3,3_4,AdventitialFib
G-246,all,27,18,272,1032,22,52106,0,0,0,0,0,G,6,Vascular smooth muscle cell,41,18,3,3,3_6,SCMF
G-248,all,10,7,1389,1143,22,13289,0,0,0,0,0,G,3,Mesothelial cell,26,7,3,3,3_3,AdventitialFib
G-251,all,89,41,1076,3371,36,61669,50,0,50,0,1,G,6,Interstitial macrophage,57,41,8,8,8_2,InterstitialMac
G-252,all,137,23,1111,3659,34,67263,0,0,0,0,0,G,114,Alveolar type 2 cell,47,10,1,1,1_1,AT2
G-253,all,29,16,227,3801,20,76005,0,0,0,0,0,G,6,Innate lymphoid cell,39,16,3,3,3_4,AdventitialFib
G-254,all,123,52,464,2477,18,69979,0,0,0,0,0,G,25,Alveolar fibroblast 1,45,28,1,1,1_4_3,AlveolarFib
G-256,all,220,77,634,2385,17,83651,0,0,0,0,0,G,18,Inflammatory monocyte,59,46,2,2,2_2,InflamMac
G-257,all,84,39,1295,2239,31,63070,0,0,0,0,0,G,19,Arterial endothelial cell,57,39,2,2,2_4,Artery
G-258,all,76,29,809,2981,31,56848,0,0,0,0,0,G,35,Alveolar fibroblast 1,54,30,3,3,3_1,SMC
G-261,all,88,31,1548,3453,12,31323,0,0,0,0,0,G,43,Capillary 1 cell,54,30,4,4,4_2,CiliatedEpi
G-262,all,79,39,1255,3769,29,39027,0,0,0,0,0,G,14,Mesothelial cell,59,39,3,3,3_3,AdventitialFib
G-263,all,119,20,587,3567,15,81675,0,0,0,0,0,G,104,Alveolar type 2 cell,47,10,1,1,1_3,AT2
G-264,all,101,47,564,2674,23,64379,0,0,0,0,0,G,12,Alveolar fibroblast 1,60,41,1,1,1_4_1,AlveolarFib
G-265,all,88,40,54,2815,26,79686,0,0,0,0,0,G,16,Arterial endothelial cell,61,40,6,6,6,AT1
G-266,all,128,27,317,2405,12,63020,0,0,0,0,0,G,97,Sox9+/Id2+ epithelial cell,44,10,1,1,1_1,AT2
G-267,all,128,50,1754,2187,30,56740,0,0,0,0,0,G,18,Interstitial macrophage,46,21,8,8,8_3,InterstitialMac
G-268,all,51,22,654,3690,28,102954,0,0,0,0,0,G,11,Inflammatory monocyte,53,24,2,2,2_5,DC
G-269,all,173,27,412,2888,14,131360,0,0,0,0,0,G,139,Alveolar type 2 cell,49,14,1,1,1_3,AT2
G-271,all,109,40,672,2508,18,86619,0,0,0,0,0,G,13,Natural killer cell,53,32,2,2,2_5,DC
G-272,all,161,54,378,2273,22,80929,0,0,0,0,0,G,13,Alveolar type 1 cell,48,26,6,6,6,AT1
G-274,all,23,14,156,3617,12,81473,0,0,0,0,0,G,4,Alveolar fibroblast 1,40,15,2,2,2_4,Artery
G-276,all,89,40,670,2443,13,71682,0,0,0,0,0,G,8,Inflammatory monocyte,64,42,2,2,2_5,DC
G-277,all,38,18,667,3586,15,45763,53,0,53,0,1,G,10,Alveolar macrophage,41,18,6,6,6,AT1
G-278,all,26,16,1356,2441,19,23252,0,0,0,0,0,G,2,Neutrophil,46,16,1,1,1_5_2,AlveolarFib
G-279,all,132,54,92,2701,24,104746,0,0,0,0,0,G,16,Arterial endothelial cell,49,31,8,8,8_2,InterstitialMac
G-280,all,34,21,28,3235,35,70790,0,0,0,0,0,G,4,Mesothelial cell,40,21,3,3,3_3,AdventitialFib
G-281,all,33,19,1372,2472,16,32422,0,0,0,0,0,G,5,Sox9+/Id2+ epithelial cell,43,20,3,3,3_2,SMC
G-282,all,84,47,494,2512,34,41624,0,0,0,0,0,G,9,Mesothelial cell,62,47,8,8,8_2,InterstitialMac
G-284,all,139,59,1845,2720,35,77844,0,0,0,0,0,G,22,Innate lymphoid cell,49,33,3,3,3_4,AdventitialFib
G-285,all,54,23,1308,3088,7,38209,0,0,0,0,0,G,5,CD4+ T cell,52,23,1,1,1_3,AT2
G-290,all,68,24,1064,3641,35,64735,0,0,0,0,0,G,31,T regulatory cell,55,24,7,7,7_3,Tcell (CD8)
G-291,all,104,50,391,2455,30,90524,0,0,0,0,0,G,7,B cell,54,36,1,1,1_2_1,Tcell (CD4)
G-292,all,448,110,1587,3487,28,87931,0,0,0,0,0,G,218,Ciliated cell,41,34,4,4,4_2,CiliatedEpi
G-293,all,10,10,170,3078,29,52116,51,0,51,0,1,G,6,Neutrophil,30,11,3,3,3_2,SMC
G-294,all,108,45,235,2268,27,75441,0,0,0,0,0,G,27,Alveolar fibroblast 1,59,36,1,1,1_4_3,AlveolarFib
G-295,all,86,43,1189,3375,37,43107,0,0,0,0,0,G,6,Inflammatory monocyte,60,43,3,3,3_3,AdventitialFib
G-296,all,14,11,401,2146,37,19367,0,0,0,0,0,G,2,CD4+ T cell,33,12,1,1,1_4_1,AlveolarFib
G-297,all,24,12,315,3786,13,60898,0,0,0,0,0,G,6,Inflammatory monocyte,41,12,1,1,1_2_3,Tcell (CD4)
G-298,all,42,20,486,2883,16,47514,64,0,64,0,1,G,10,Proliferative mesenchymal progenitor cell,44,21,3,3,3_1,SMC
G-299,all,57,34,869,3626,23,95358,0,0,0,0,0,G,13,Innate lymphoid cell,56,34,3,3,3_6,SCMF
G-300,all,63,34,350,2000,27,58512,0,0,0,0,0,G,3,Alveolar fibroblast 1,57,34,1,1,1_5_1,LymphaticEndo
G-301,all,66,44,525,2542,38,37577,0,0,0,0,0,G,13,Alveolar macrophage,61,44,1,1,1_4_3,AlveolarFib
G-302,all,80,34,1213,2472,25,50968,0,0,0,0,0,G,17,Alveolar fibroblast 1,58,35,3,3,3_2,SMC
G-304,all,250,65,1044,3419,15,79481,111,111,0,1,0,G,14,Alveolar macrophage,46,26,6,6,6,AT1
G-306,all,100,33,371,2155,38,38380,58,0,58,0,1,G,62,Classical DC subset 2,58,29,3,3,3_5,SMC
G-310,all,223,62,1483,3757,26,80287,0,0,0,0,0,G,118,Mesothelial cell,39,24,4,4,4_2,CiliatedEpi
G-311,all,264,46,696,2807,13,88608,0,0,0,0,0,G,182,Sox9+/Id2+ epithelial cell,46,13,1,1,1_1,AT2
G-312,all,23,15,70,2947,15,36780,0,0,0,0,0,G,5,CD8+ T cell,41,15,2,2,2_1,Capillary
G-314,all,38,21,35,2171,22,50802,0,0,0,0,0,G,6,Alveolar fibroblast 1,41,22,3,3,3_1,SMC
G-315,all,210,47,794,2927,31,100658,0,0,0,0,0,G,131,Alveolar type 2 cell,49,22,3,3,3_5,SMC
G-317,all,147,47,1466,3647,18,62764,0,0,0,0,0,G,50,Secretory cell,47,30,4,4,4_1_2,CiliatedEpi
G-319,all,43,22,1403,3139,37,30426,0,0,0,0,0,G,3,B cell,45,22,9,9,9,Bcell
G-321,all,147,52,48,2748,18,98027,0,0,0,0,0,G,24,Alveolar type 1 cell,49,29,6,6,6,AT1
G-322,all,144,51,1593,3383,21,56115,0,0,0,0,0,G,20,Mesothelial cell,49,25,3,3,3_3,AdventitialFib
G-323,all,42,24,1213,2262,31,23976,0,0,0,0,0,G,11,Secondary crest myofibroblast,43,25,3,3,3_5,SMC
G-324,all,145,59,1023,3279,26,84899,52,0,52,0,1,G,19,Neutrophil,51,32,3,3,3_5,SMC
G-325,all,125,48,1201,2751,14,75376,0,0,0,0,0,G,14,CD4+ T cell,49,32,5,5,5_3,Pericyte
G-327,all,22,18,1444,3255,14,21200,0,0,0,0,0,G,5,Alveolar fibroblast 1,43,18,8,8,8_3,InterstitialMac
G-329,all,89,43,1566,3402,12,41232,0,0,0,0,0,G,12,Alveolar fibroblast 1,63,43,3,3,3_3,AdventitialFib
G-330,all,103,37,1485,3503,23,58470,0,0,0,0,0,G,48,Alveolar fibroblast 1,62,32,3,3,3_1,SMC
G-331,all,124,53,1049,2467,29,81453,0,0,0,0,0,G,35,Vascular smooth muscle cell,45,27,3,3,3_2,SMC
G-332,all,26,15,1918,2195,27,12747,0,0,0,0,0,G,6,Sox9+/Id2+ epithelial cell,42,15,8,8,8_3,InterstitialMac
G-333,all,41,21,439,2448,12,24834,0,0,0,0,0,G,5,Arterial endothelial cell,44,22,2,2,2_4,Artery
G-334,all,130,59,1086,2275,18,93867,0,0,0,0,0,G,29,Alveolar fibroblast 1,44,29,3,3,3_2,SMC
G-336,all,100,45,1763,3494,39,24864,0,0,0,0,0,G,37,Ciliated cell,64,41,4,4,4_1_2,ClubEpi
G-338,all,243,72,1823,3386,35,60546,35061,36676,362,0.9902263,0.009773746,G,77,Arterial endothelial cell,45,19,4,4,4_1_2,ClubEpi
G-339,all,56,29,375,2358,22,78682,0,0,0,0,0,G,23,Pericyte,54,29,5,5,5_1,Pericyte
G-340,all,143,40,1761,3364,19,34380,0,0,0,0,0,G,89,Ciliated cell,50,18,4,4,4_2,ClubEpi
G-341,all,45,28,1278,3016,30,33057,0,0,0,0,0,G,6,Alveolar fibroblast 2,45,28,3,3,3_3,AdventitialFib
G-343,all,161,48,602,2819,17,97739,0,0,0,0,0,G,37,Alveolar macrophage,53,28,8,8,8_1,AlveolarMac
G-344,all,73,38,1240,3280,31,44152,0,0,0,0,0,G,16,Interstitial macrophage,54,38,8,8,8_3,InterstitialMac
G-345,all,20,8,970,3239,7,15631,0,0,0,0,0,G,7,CD4+ T cell,37,9,1,1,1_4_3,AlveolarFib
G-346,all,40,20,125,3645,25,56778,0,0,0,0,0,G,4,B cell,43,20,9,9,9,Bcell
G-347,all,38,22,1141,2198,16,55100,0,0,0,0,0,G,14,Vascular smooth muscle cell,43,22,3,3,3_6,SCMF
G-349,all,220,78,1726,3477,33,64913,0,1438,0,1,0,G,67,Ciliated cell,43,31,4,4,4_1_2,CiliatedEpi
G-350,all,149,53,1896,2857,16,96349,0,0,0,0,0,G,27,Natural killer cell,50,31,3,3,3_3,AdventitialFib
G-351,all,42,21,1181,2254,28,28410,0,0,0,0,0,G,9,Proliferative mesenchymal progenitor cell,43,22,3,3,3_2,SMC
G-352,all,71,33,1342,2492,20,57837,0,0,0,0,0,G,9,Alveolar fibroblast 1,55,33,3,3,3_2,SMC
G-353,all,145,65,1025,3230,19,92570,0,0,0,0,0,G,24,Capillary 1 cell,45,35,8,8,8_1,AlveolarMac
G-354,all,66,35,1685,3276,15,36735,0,0,0,0,0,G,4,Alveolar macrophage,56,35,8,8,8_2,InterstitialMac
G-355,all,389,96,1491,3685,28,92228,0,0,0,0,0,G,228,Ciliated cell,47,38,4,4,4_2,CiliatedEpi
G-356,all,14,12,1660,3253,11,17388,0,0,0,0,0,G,2,Alveolar macrophage,29,12,8,8,8_2,InterstitialMac
G-357,all,68,33,1086,2218,13,48299,0,0,0,0,0,G,20,Secondary crest myofibroblast,55,34,1,1,1_4_1,AlveolarFib
G-358,all,54,31,1034,2386,25,40384,0,0,0,0,0,G,6,B cell,54,31,3,3,3_2,SMC
G-359,all,87,43,1556,3307,28,86339,0,0,0,0,0,G,8,Alveolar fibroblast 1,61,43,3,3,3_4,AdventitialFib
G-360,all,52,17,630,3544,15,78797,0,0,0,0,0,G,37,AT1/AT2,50,17,1,1,1_1,AT2
G-361,all,41,20,788,3593,35,47623,0,0,0,0,0,G,6,Alveolar fibroblast 1,43,20,1,1,1_5_2,AlveolarFib
G-363,all,100,42,897,2350,19,51962,0,0,0,0,0,G,22,Alveolar fibroblast 2,62,38,3,3,3_3,AdventitialFib
G-365,all,29,18,917,2300,26,26628,0,0,0,0,0,G,7,Arterial endothelial cell,38,19,2,2,2_4,Artery
G-366,all,83,40,1704,3439,26,18662,0,0,0,0,0,G,48,Ciliated cell,47,39,4,4,4_2,CiliatedEpi
G-369,all,184,74,1063,3269,27,94403,193,0,193,0,1,G,23,Interstitial macrophage,55,43,8,8,8_3,InterstitialMac
G-371,all,46,15,118,3158,23,67269,0,0,0,0,0,G,36,Secondary crest myofibroblast,47,16,3,3,3_5,SMC
G-372,all,34,19,19,2983,15,57717,0,0,0,0,0,G,5,Alveolar fibroblast 1,41,19,1,1,1_5_2,AlveolarFib
G-374,all,63,12,116,3085,21,42328,0,0,0,0,0,G,54,Alveolar type 2 cell,51,12,1,1,1_1,AT2
G-376,all,61,34,491,2459,31,39917,0,0,0,0,0,G,11,Alveolar fibroblast 1,57,35,1,1,1_4_3,AlveolarFib
G-378,all,56,26,1177,2441,27,48636,0,0,0,0,0,G,5,Classical DC subset 2,52,26,3,3,3_6,SCMF
G-379,all,230,69,1670,3537,35,48428,0,0,0,0,0,G,127,Venous endothelial cell,42,30,4,4,4_2,CiliatedEpi
G-381,all,176,56,1488,3629,21,41444,0,0,0,0,0,G,94,Ciliated cell,50,17,4,4,4_2,ClubEpi
G-382,all,44,19,896,3002,33,27151,0,0,0,0,0,G,12,Mesothelial cell,46,20,1,1,1_4_3,AlveolarFib
G-383,all,348,68,1851,3307,21,94893,0,0,0,0,0,G,255,Arterial endothelial cell,43,31,4,4,4_2,CiliatedEpi
G-385,all,56,32,1025,3591,8,45365,0,0,0,0,0,G,7,Inflammatory monocyte,53,32,3,3,3_4,AdventitialFib
G-386,all,83,31,1338,2256,33,77892,0,0,0,0,0,G,7,Arterial endothelial cell,56,31,2,2,2_4,Artery
G-387,all,53,28,1779,2218,36,29419,0,0,0,0,0,G,4,Alveolar macrophage,51,28,8,8,8_1,AlveolarMac
G-388,all,69,26,937,3151,36,57348,0,0,0,0,0,G,8,Alveolar macrophage,53,27,3,3,3_5,SMC
G-390,all,27,18,1925,3002,40,24670,0,0,0,0,0,G,8,Alveolar macrophage,42,18,8,8,8_1,AlveolarMac
G-391,all,39,24,1250,3719,33,25432,0,0,0,0,0,G,5,Alveolar macrophage,40,24,8,8,8_1,AlveolarMac
G-392,all,58,25,1940,2840,24,43033,0,0,0,0,0,G,15,Mesothelial cell,55,25,3,3,3_3,AdventitialFib
G-394,all,53,31,1156,3145,35,34487,0,0,0,0,0,G,7,Mesothelial cell,52,31,3,3,3_3,AdventitialFib
G-395,all,23,13,1913,3211,34,37126,0,0,0,0,0,G,8,Alveolar fibroblast 1,39,14,1,1,1_4_3,AlveolarFib
G-396,all,17,13,1474,2301,27,15177,0,0,0,0,0,G,8,Vascular smooth muscle cell,38,14,3,3,3_2,SMC
G-397,all,56,36,992,2407,23,46238,0,0,0,0,0,G,10,Alveolar fibroblast 2,55,36,3,3,3_3,AdventitialFib
G-400,all,25,17,1094,2505,34,27269,0,0,0,0,0,G,7,Vascular smooth muscle cell,42,17,3,3,3_2,SMC
G-401,all,58,27,147,2265,13,33824,0,0,0,0,0,G,4,Alveolar type 1 cell,54,27,6,6,6,AT1
G-402,all,147,28,1452,3747,15,42886,0,0,0,0,0,G,101,Alveolar fibroblast 1,52,10,4,4,4_2,ClubEpi
G-403,all,64,17,1717,3418,11,12219,0,0,0,0,0,G,39,Capillary 1 cell,38,16,4,4,4_2,CiliatedEpi
G-404,all,138,61,1000,2446,22,107176,0,0,0,0,0,G,38,Airway smooth muscle cell,48,31,3,3,3_3,AdventitialFib
G-408,all,81,37,1644,3321,16,32266,0,0,0,0,0,G,9,Capillary 1 cell,56,37,3,3,3_3,AdventitialFib
G-409,all,86,35,1180,3184,38,36776,0,0,0,0,0,G,22,Alveolar fibroblast 2,61,35,3,3,3_3,AdventitialFib
G-410,all,57,30,570,2706,12,29319,0,0,0,0,0,G,7,Inflammatory monocyte,53,30,2,2,2_1,Capillary
G-411,all,84,31,512,2678,13,47376,0,0,0,0,0,G,13,Mesothelial cell,56,31,3,3,3_3,AdventitialFib
G-412,all,28,21,866,2301,29,26965,0,0,0,0,0,G,3,Arterial endothelial cell,38,21,3,3,3_6,SCMF
G-413,all,21,15,927,2324,22,22755,0,0,0,0,0,G,2,Secondary crest myofibroblast,41,15,3,3,3_2,SMC
G-414,all,214,70,872,2738,25,99884,60,0,60,0,1,G,28,Interstitial macrophage,59,40,8,8,8_3,InterstitialMac
G-415,all,75,30,889,2270,24,49396,0,0,0,0,0,G,14,Arterial endothelial cell,52,31,2,2,2_4,Artery
G-416,all,129,60,1220,2507,27,110159,0,0,0,0,0,G,31,Arterial endothelial cell,43,28,3,3,3_2,SMC
G-417,all,195,68,1003,3698,21,119538,0,0,0,0,0,G,81,Pericyte,52,34,3,3,3_6,SCMF
G-418,all,16,7,1342,3220,7,10967,0,0,0,0,0,G,4,Alveolar type 1 cell,32,7,6,6,6,AT1
G-420,all,27,15,1042,2206,15,29528,0,0,0,0,0,G,4,Alveolar fibroblast 1,41,15,1,1,1_4_1,AlveolarFib
G-421,all,21,16,1062,2509,38,18887,0,0,0,0,0,G,6,Alveolar macrophage,39,16,3,3,3_6,SCMF
G-422,all,86,37,984,2368,29,47192,0,0,0,0,0,G,6,Natural killer cell,58,37,2,2,2_2,InflamMac
G-423,all,340,102,1785,3392,29,73186,3104,1127,0,1,0,G,134,Ciliated cell,45,33,4,4,4_1_2,CiliatedEpi
G-424,all,28,18,993,2267,36,20568,0,0,0,0,0,G,4,Alveolar fibroblast 1,39,19,2,2,2_4,Artery
G-425,all,29,19,355,2677,34,31553,0,0,0,0,0,G,3,Endothelial progenitor cell,37,19,2,2,2_6,pDC
G-427,all,455,86,1750,3433,25,92670,40712,27862,11412,0.7094261,0.2905739,G,234,Ciliated cell,49,29,4,4,4_2,CiliatedEpi
G-428,all,60,31,1435,2329,22,34434,0,0,0,0,0,G,11,Arterial endothelial cell,56,32,3,3,3_2,SMC
G-429,all,204,66,1566,2046,11,93418,0,0,0,0,0,G,52,Interstitial macrophage,58,38,8,8,8_3,InterstitialMac
G-432,all,30,17,1381,2511,35,25096,0,0,0,0,0,G,4,Secondary crest myofibroblast,43,18,3,3,3_2,SMC
G-433,all,44,21,715,3465,36,87191,0,0,0,0,0,G,5,Natural killer cell,46,22,2,2,2_2,InflamMac
G-434,all,53,26,84,3093,23,102039,0,0,0,0,0,G,27,Proliferative mesenchymal progenitor cell,52,26,5,5,5_1,Pericyte
G-435,all,69,38,1258,2980,22,64691,0,0,0,0,0,G,17,Alveolar fibroblast 2,55,38,3,3,3_4,AdventitialFib
G-440,all,106,45,363,2802,29,90727,1705,594,1027,0.3664405,0.6335595,G,17,Arterial endothelial cell,55,35,2,2,2_4,Artery
G-443,all,24,14,1029,2309,28,20160,0,0,0,0,0,G,2,Sox9+/Id2+ epithelial cell,43,15,3,3,3_2,SMC
G-446,all,83,41,124,2166,34,60892,0,0,0,0,0,G,6,Inflammatory monocyte,59,42,2,2,2_2,InflamMac
G-449,all,28,18,112,2219,30,34862,0,0,0,0,0,G,11,Alveolar fibroblast 1,39,19,3,3,3_1,SMC
G-450,all,77,37,14,2689,28,82612,0,0,0,0,0,G,8,Sox9+/Id2+ epithelial cell,59,38,2,2,2_1,Capillary
G-451,all,35,18,1046,2231,25,14961,0,0,0,0,0,G,14,Airway smooth muscle cell,41,19,3,3,3_2,SMC
G-453,all,52,33,1010,2242,28,42448,0,0,0,0,0,G,4,Secondary crest myofibroblast,52,33,5,5,5_3,Pericyte
G-455,all,51,25,625,3612,13,100310,0,0,0,0,0,G,31,Inflammatory monocyte,50,25,9,9,9,Bcell
G-456,all,9,6,78,2179,27,33031,0,0,0,0,0,G,2,Endothelial progenitor cell,31,7,1,1,1_4_1,AlveolarFib
G-457,all,35,26,765,2405,37,19701,0,0,0,0,0,G,5,Inflammatory monocyte,37,27,1,1,1_4_1,AlveolarFib
G-459,all,142,53,1703,3515,35,45488,0,0,0,0,0,G,58,Innate lymphoid cell,66,51,4,4,4_1_2,CiliatedEpi
G-460,all,53,30,961,2952,27,39155,0,0,0,0,0,G,13,Alveolar macrophage,52,30,8,8,8_3,InterstitialMac
G-462,all,63,23,175,2240,16,51549,0,0,0,0,0,G,3,Arterial endothelial cell,56,24,2,2,2_4,Artery
G-463,all,32,23,1750,3314,17,52228,0,0,0,0,0,G,11,Secretory cell,40,24,3,3,3_2,SMC
G-464,all,79,40,1137,2238,21,62366,0,0,0,0,0,G,26,Vascular smooth muscle cell,58,40,3,3,3_2,SMC
G-465,all,78,36,1152,2284,23,41216,0,0,0,0,0,G,33,Vascular smooth muscle cell,55,36,3,3,3_2,SMC
G-466,all,15,6,1285,2552,29,15890,0,0,0,0,0,G,8,Pericyte,31,7,3,3,3_2,SMC
G-467,all,85,37,1179,2525,32,87166,0,0,0,0,0,G,30,Secondary crest myofibroblast,62,37,3,3,3_2,SMC
G-468,all,35,14,1000,2316,36,27505,0,0,0,0,0,G,2,Proliferative mesenchymal progenitor cell,47,14,1,1,1_5_2,AlveolarFib
G-470,all,32,23,1236,2579,39,31239,0,0,0,0,0,G,9,Alveolar fibroblast 2,39,23,5,5,5_1,Pericyte
G-471,all,121,53,998,2492,22,71487,0,0,0,0,0,G,23,Mesothelial cell,45,29,5,5,5_3,Pericyte
G-472,all,136,52,1457,3703,15,58852,0,0,0,0,0,G,62,Ciliated cell,50,27,4,4,4_1_2,ClubEpi
G-474,all,71,42,864,2260,21,57964,0,0,0,0,0,G,9,Alveolar type 2 cell,53,43,2,2,2_4,Artery
G-475,all,27,13,1092,2428,14,24010,0,0,0,0,0,G,10,Alveolar fibroblast 1,39,14,3,3,3_2,SMC
G-476,all,81,35,1262,3308,36,43571,0,0,0,0,0,G,12,Interstitial macrophage,58,35,8,8,8_3,InterstitialMac
G-477,all,24,18,449,2389,39,15021,0,0,0,0,0,G,3,Alveolar fibroblast 1,41,19,2,2,2_4,Artery
G-481,all,20,8,1851,3209,20,39866,0,0,0,0,0,G,12,Vascular smooth muscle cell,39,9,3,3,3_2,SMC
G-483,all,31,16,25,2857,11,55013,0,0,0,0,0,G,7,Pericyte,39,16,5,5,5_3,Pericyte
G-485,all,127,49,1159,2962,15,89356,0,0,0,0,0,G,29,Alveolar fibroblast 2,45,22,3,3,3_3,AdventitialFib
G-486,all,63,35,206,2292,25,59502,0,0,0,0,0,G,12,Alveolar fibroblast 1,56,35,3,3,3_4,AdventitialFib
G-487,all,71,29,141,3102,22,102852,0,0,0,0,0,G,45,Sox9+/Id2+ epithelial cell,55,30,1,1,1_5_1,LymphaticEndo
G-488,all,36,22,1188,2213,25,31081,0,0,0,0,0,G,4,Proliferative mesenchymal progenitor cell,41,23,3,3,3_2,SMC
G-489,all,84,29,1480,3592,15,25376,0,0,0,0,0,G,38,Interstitial macrophage,50,28,4,4,4_2,CiliatedEpi
G-490,all,40,20,1093,2464,22,35418,0,0,0,0,0,G,9,Secondary crest myofibroblast,42,20,3,3,3_2,SMC
G-492,all,122,51,969,2922,24,51628,0,0,0,0,0,G,11,Alveolar macrophage,45,27,8,8,8_3,InterstitialMac
G-493,all,84,43,1153,2451,29,48868,0,0,0,0,0,G,13,Secondary crest myofibroblast,61,44,2,2,2_2,InflamMac
G-494,all,11,8,1846,3241,22,22809,0,0,0,0,0,G,2,Alveolar type 2 cell,28,9,3,3,3_5,SMC
G-496,all,160,69,1089,3555,16,121129,0,0,0,0,0,G,24,Alveolar macrophage,49,33,8,8,8_1,AlveolarMac
G-497,all,20,18,959,2332,21,24191,0,0,0,0,0,G,9,Inflammatory monocyte,39,19,3,3,3_2,SMC
G-498,all,62,33,1121,2435,14,43621,0,0,0,0,0,G,13,Vascular smooth muscle cell,56,33,3,3,3_6,SCMF
G-501,all,152,51,1465,2396,31,120008,0,0,0,0,0,G,62,Vascular smooth muscle cell,53,32,3,3,3_2,SMC
G-503,all,338,71,1798,3317,23,100064,0,0,0,0,0,G,226,Ciliated cell,45,32,4,4,4_2,CiliatedEpi
G-504,all,95,39,1515,3622,32,33509,0,0,0,0,0,G,40,Interstitial macrophage,65,39,4,4,4_1_2,ClubEpi
G-506,all,57,31,1641,3284,12,32808,0,0,0,0,0,G,7,Interstitial macrophage,55,31,8,8,8_3,InterstitialMac
G-508,all,90,38,1122,2602,35,64906,0,0,0,0,0,G,17,Alveolar fibroblast 2,62,37,3,3,3_3,AdventitialFib
G-509,all,170,56,1610,3349,18,107263,0,0,0,0,0,G,28,Alveolar fibroblast 2,53,27,3,3,3_3,AdventitialFib
G-510,all,19,13,1455,2289,22,28924,0,0,0,0,0,G,7,Vascular smooth muscle cell,37,14,3,3,3_2,SMC
G-512,all,78,31,1411,2295,24,55677,0,0,0,0,0,G,10,Arterial endothelial cell,57,32,2,2,2_4,Artery
G-513,all,152,58,1625,3520,35,50881,0,0,0,0,0,G,53,B cell,44,30,4,4,4_1_2,CiliatedEpi
G-514,all,46,27,1471,2330,27,45792,0,0,0,0,0,G,14,Vascular smooth muscle cell,46,27,3,3,3_2,SMC
G-515,all,79,34,1329,2541,32,72624,0,0,0,0,0,G,20,Vascular smooth muscle cell,56,34,3,3,3_2,SMC
G-516,all,289,59,1909,3305,25,89832,0,0,0,0,0,G,214,Ciliated cell,61,46,4,4,4_2,CiliatedEpi
G-517,all,65,35,968,3647,32,64975,0,0,0,0,0,G,9,CD4+ T cell,53,36,1,1,1_4_1,AlveolarFib
G-518,all,88,40,1746,2269,32,51794,0,0,0,0,0,G,10,Alveolar type 1 cell,60,41,1,1,1_4_1,AlveolarFib
G-520,all,200,62,1631,3452,24,87572,0,0,0,0,0,G,45,Ciliated cell,50,34,4,4,4_1_3,CiliatedEpi
G-521,all,49,23,468,2422,31,39535,0,0,0,0,0,G,9,Alveolar fibroblast 1,49,23,1,1,1_4_3,AlveolarFib
G-524,all,30,15,1878,3225,25,44096,0,0,0,0,0,G,18,Secondary crest myofibroblast,40,16,3,3,3_2,SMC
G-526,all,82,38,1649,3356,23,64510,0,0,0,0,0,G,11,Alveolar fibroblast 1,62,40,2,2,2_5,DC
G-528,all,33,18,863,2961,38,24277,0,0,0,0,0,G,3,Alveolar type 1 cell,41,19,3,3,3_5,SMC
G-529,all,36,21,890,2235,16,26334,0,0,0,0,0,G,6,Arterial endothelial cell,41,22,2,2,2_4,Artery
G-532,all,55,7,1702,3393,20,7972,0,0,0,0,0,G,50,Ciliated cell,24,7,4,4,4_2,CiliatedEpi
G-535,all,34,20,469,2675,10,31723,0,0,0,0,0,G,5,Alveolar type 1 cell,44,20,1,1,1_2_1,Tcell (CD4)
G-537,all,20,13,24,2141,11,30152,0,0,0,0,0,G,6,Alveolar fibroblast 1,40,14,1,1,1_4_3,AlveolarFib
G-538,all,53,24,893,2317,29,41530,0,0,0,0,0,G,20,Arterial endothelial cell,53,25,3,3,3_2,SMC
G-540,all,112,31,1493,3796,36,21341,0,0,0,0,0,G,75,Secretory cell,52,17,4,4,4_2,ClubEpi
G-541,all,124,27,1899,3254,22,37705,0,0,0,0,0,G,92,Ciliated cell,43,27,4,4,4_2,CiliatedEpi
G-542,all,75,32,947,2260,36,41572,0,0,0,0,0,G,7,Alveolar macrophage,54,33,3,3,3_2,SMC
G-543,all,112,46,1309,3574,10,101150,0,0,0,0,0,G,25,Innate lymphoid cell,44,21,2,2,2_5,DC
G-544,all,187,75,1594,3554,38,47624,0,0,0,0,0,G,77,Endothelial progenitor cell,39,27,4,4,4_1_2,CiliatedEpi
G-546,all,16,16,1435,2267,18,38745,55,55,0,1,0,G,2,Proliferative mesenchymal progenitor cell,33,16,1,1,1_5_2,AlveolarFib
G-547,all,32,21,538,3576,17,50294,0,0,0,0,0,G,4,Alveolar type 1 cell,41,22,3,3,3_1,SMC
G-548,all,287,95,1880,3352,34,79122,54,0,54,0,1,G,132,Secretory cell,49,40,4,4,4_2,CiliatedEpi
G-549,all,64,39,1125,2486,30,49411,0,0,0,0,0,G,17,Alveolar fibroblast 1,57,39,3,3,3_5,SMC
G-550,all,47,29,957,2380,29,45120,0,0,0,0,0,G,12,B cell,47,29,3,3,3_6,SCMF
G-554,all,112,51,1175,2879,16,96909,0,0,0,0,0,G,38,Alveolar fibroblast 2,52,33,3,3,3_3,AdventitialFib
G-555,all,268,65,1528,3557,21,67751,0,0,0,0,0,G,160,Venous endothelial cell,38,26,4,4,4_2,CiliatedEpi
G-556,all,19,8,25,3165,17,40380,0,0,0,0,0,G,12,Alveolar type 2 cell,43,9,2,2,2_4,Artery
G-559,all,17,13,125,2672,36,32187,0,0,0,0,0,G,3,Proliferative mesenchymal progenitor cell,37,14,3,3,3_1,SMC
G-561,all,63,21,547,3536,31,56800,0,0,0,0,0,G,8,Alveolar type 1 cell,53,21,3,3,3_4,AdventitialFib
G-562,all,19,9,12,3194,20,53172,0,0,0,0,0,G,8,Alveolar type 1 cell,39,10,1,1,1_4_3,AlveolarFib
G-564,all,16,10,643,3720,19,39134,0,0,0,0,0,G,7,CD4+ T cell,36,11,1,1,1_4_3,AlveolarFib
G-565,all,53,29,828,3603,26,77897,0,0,0,0,0,G,6,Alveolar type 1 cell,55,30,1,1,1_4_1,AlveolarFib
G-567,all,25,16,1466,3215,15,23942,51,0,51,0,1,G,10,Mesothelial cell,42,16,3,3,3_3,AdventitialFib
G-568,all,309,86,1507,3586,23,84048,0,0,0,0,0,G,194,B cell,47,15,4,4,4_2,ClubEpi
G-569,all,96,42,1061,2323,26,79434,0,0,0,0,0,G,17,Arterial endothelial cell,61,40,3,3,3_2,SMC
G-570,all,38,20,327,2011,14,32073,0,0,0,0,0,G,9,Capillary 1 cell,42,21,3,3,3_5,SMC
G-571,all,36,21,1024,2280,30,21183,0,0,0,0,0,G,11,Vascular smooth muscle cell,41,22,3,3,3_5,SMC
G-572,all,45,26,218,2193,24,59820,0,0,0,0,0,G,10,B cell,47,27,3,3,3_2,SMC
G-574,all,71,36,942,2295,33,42044,0,0,0,0,0,G,9,Vascular smooth muscle cell,57,37,3,3,3_2,SMC
G-575,all,9,9,1193,3673,26,7613,0,0,0,0,0,G,2,Alveolar fibroblast 1,26,10,3,3,3_4,AdventitialFib
G-576,all,54,27,937,2354,29,36431,0,0,0,0,0,G,16,Inflammatory monocyte,54,28,3,3,3_2,SMC
G-577,all,33,19,228,2239,34,27283,0,0,0,0,0,G,8,Inflammatory monocyte,43,20,1,1,1_4_3,AlveolarFib
G-579,all,27,13,1828,3275,33,30501,0,0,0,0,0,G,12,Vascular smooth muscle cell,39,14,3,3,3_2,SMC
G-580,all,57,26,1099,2249,12,28842,0,0,0,0,0,G,13,Alveolar fibroblast 1,52,26,3,3,3_2,SMC
G-583,all,55,31,986,2225,26,26724,0,0,0,0,0,G,18,Vascular smooth muscle cell,56,32,3,3,3_2,SMC
G-586,all,34,19,1454,2349,25,34818,0,0,0,0,0,G,8,Secondary crest myofibroblast,41,19,3,3,3_2,SMC
G-587,all,50,29,1318,2502,22,41634,0,0,0,0,0,G,9,Secondary crest myofibroblast,50,29,3,3,3_2,SMC
G-588,all,27,16,72,2725,10,24508,0,0,0,0,0,G,6,Alveolar fibroblast 1,41,19,2,2,2_4,Artery
G-593,all,11,9,383,2663,38,21633,0,0,0,0,0,G,3,Alveolar type 1 cell,31,9,1,1,1_5_2,AlveolarFib
G-596,all,20,18,1402,2260,21,24478,0,0,0,0,0,G,7,Vascular smooth muscle cell,44,19,3,3,3_2,SMC
G-597,all,49,25,1402,2338,32,39093,0,0,0,0,0,G,12,Arterial endothelial cell,49,25,2,2,2_4,Artery
G-598,all,16,13,1796,3278,23,28588,0,0,0,0,0,G,6,Secondary crest myofibroblast,32,13,3,3,3_2,SMC
G-600,all,19,7,997,3346,4,6085,0,0,0,0,0,G,12,Alveolar type 1 cell,35,7,7,7,7_3,Tcell (CD8)
G-601,all,10,7,1856,3259,39,10007,0,0,0,0,0,G,4,Secondary crest myofibroblast,23,7,3,3,3_6,SCMF
G-603,all,58,30,520,2646,18,33895,0,0,0,0,0,G,3,Alveolar type 1 cell,54,30,6,6,6,AT1
G-608,all,133,51,1862,5357,29,84037,0,0,0,0,0,G,22,Alveolar fibroblast 1,46,26,1,1,1_4_3,AlveolarFib
G-611,all,33,15,233,3822,20,76601,50,50,0,1,0,G,13,CD4+ T cell,42,15,1,1,1_2_3,Tcell (CD4)
G-612,all,74,31,740,5286,34,67117,0,0,0,0,0,G,4,B cell,57,31,1,1,1_2_1,Tcell (CD4)
G-613,all,80,39,430,5416,16,61311,0,0,0,0,0,G,6,T regulatory cell,56,39,7,7,7_2,PatrolMac
G-614,all,100,55,1615,4500,24,60895,0,0,0,0,0,G,19,Classical DC subset 2,66,54,4,4,4_1_3,CiliatedEpi
G-615,all,58,37,237,4069,36,59568,0,0,0,0,0,G,11,Alveolar fibroblast 1,56,38,3,3,3_5,SMC
G-617,all,117,53,1825,4929,35,37018,0,0,0,0,0,G,12,Alveolar fibroblast 1,44,29,3,3,3_1,SMC
G-619,all,92,13,517,4920,14,52127,0,0,0,0,0,G,79,Alveolar type 2 cell,52,11,1,1,1_1,AT2
G-622,all,77,36,643,5070,16,80676,0,0,0,0,0,G,13,Inflammatory monocyte,57,36,1,1,1_2_3,Tcell (CD4)
G-624,all,101,40,1242,5195,10,64690,0,0,0,0,0,G,27,Alveolar fibroblast 1,63,40,2,2,2_4,Artery
G-625,all,87,47,1584,4892,13,68538,0,0,0,0,0,G,7,Sox9+/Id2+ epithelial cell,60,47,1,1,1_4_1,AlveolarFib
G-626,all,200,59,697,5298,20,99974,0,0,0,0,0,G,23,Alveolar type 1 cell,50,26,6,6,6,AT1
G-628,all,305,110,1882,4827,17,77969,0,0,0,0,0,G,89,Ciliated cell,44,39,4,4,4_1_1,CiliatedEpi
G-630,all,271,93,1857,4785,13,56853,0,0,0,0,0,G,98,Arterial endothelial cell,51,43,4,4,4_1_1,CiliatedEpi
G-631,all,18,11,825,4993,19,34366,53,53,0,1,0,G,4,Alveolar type 1 cell,36,11,1,1,1_2_3,Tcell (CD4)
G-632,all,27,16,937,4951,10,38200,0,0,0,0,0,G,4,Inflammatory monocyte,39,16,6,6,6,AT1
G-634,all,145,48,1501,5412,24,88872,0,0,0,0,0,G,8,Inflammatory monocyte,51,31,1,1,1_2_1,Tcell (CD4)
G-635,all,62,33,213,5630,34,76641,0,0,0,0,0,G,8,CD8+ T cell,59,34,2,2,2_2,InflamMac
G-637,all,114,46,459,4748,24,78869,0,0,0,0,0,G,16,Innate lymphoid cell,47,30,1,1,1_4_1,AlveolarFib
G-638,all,24,16,62,4084,10,33071,0,0,0,0,0,G,7,Mature DC subset,45,16,1,1,1_2_1,Tcell (CD4)
G-645,all,78,26,645,5141,16,84812,0,0,0,0,0,G,22,Alveolar type 1 cell,54,26,6,6,6,AT1
G-646,all,102,26,1471,4154,20,55274,0,0,0,0,0,G,48,Secretory cell,59,22,4,4,4_2,ClubEpi
G-647,all,404,70,1470,4033,25,74684,0,0,0,0,0,G,282,Ciliated cell,45,27,4,4,4_2,CiliatedEpi
G-648,all,110,48,1442,5414,33,78770,0,0,0,0,0,G,20,Inflammatory monocyte,55,37,3,3,3_4,AdventitialFib
G-649,all,102,47,226,4233,17,83006,0,0,0,0,0,G,11,Inflammatory monocyte,59,39,2,2,2_2,InflamMac
G-652,all,130,52,1407,5565,23,74144,0,0,0,0,0,G,32,Pericyte,40,23,5,5,5_3,Pericyte
G-653,all,80,36,1506,5233,23,42786,0,51,0,1,0,G,11,B cell,58,36,8,8,8_2,InterstitialMac
G-654,all,61,21,24,5601,14,82536,0,0,0,0,0,G,3,CD4+ T cell,53,21,1,1,1_2_1,Tcell (CD4)
G-657,all,19,13,438,5484,9,28608,0,0,0,0,0,G,4,Natural killer cell,39,14,2,2,2_2,InflamMac
G-658,all,80,48,68,4037,15,90191,0,0,0,0,0,G,9,Inflammatory monocyte,60,50,2,2,2_5,DC
G-660,all,258,56,1572,4302,26,89355,0,0,0,0,0,G,187,Ciliated cell,50,8,4,4,4_2,ClubEpi
G-663,all,91,39,182,5355,13,70173,0,0,0,0,0,G,7,Inflammatory monocyte,62,38,7,7,7_2,PatrolMac
G-664,all,245,65,1589,4247,34,61374,0,0,0,0,0,G,141,Ciliated cell,41,27,4,4,4_2,CiliatedEpi
G-665,all,60,26,690,5020,17,44415,0,0,0,0,0,G,6,Basal cell,53,26,3,3,3_6,SCMF
G-667,all,300,89,1783,4720,20,77495,0,0,0,0,0,G,128,Ciliated cell,45,24,4,4,4_1_2,ClubEpi
G-671,all,50,20,996,5098,12,33879,0,0,0,0,0,G,5,Pericyte,51,21,2,2,2_1,Capillary
G-673,all,25,13,1758,5517,23,22395,0,0,0,0,0,G,4,Alveolar fibroblast 1,46,14,1,1,1_4_1,AlveolarFib
G-674,all,215,46,1573,4375,20,67750,0,0,0,0,0,G,133,Ciliated cell,62,42,4,4,4_2,CiliatedEpi
G-675,all,174,36,564,4886,17,70518,0,0,0,0,0,G,13,Alveolar type 1 cell,50,18,6,6,6,AT1
G-676,all,107,49,1398,5519,31,64533,0,0,0,0,0,G,31,Alveolar macrophage,60,39,1,1,1_5_1,LymphaticEndo
G-680,all,54,25,116,4527,8,40075,0,0,0,0,0,G,2,Inflammatory monocyte,52,25,2,2,2_2,InflamMac
G-684,all,64,37,14,5525,26,63105,0,0,0,0,0,G,10,Inflammatory monocyte,56,37,5,5,5_3,Pericyte
G-685,all,117,35,1855,5495,17,79395,0,0,0,0,0,G,22,CD8+ T cell,49,23,1,1,1_4_1,AlveolarFib
G-686,all,219,71,1367,5165,21,113473,0,0,0,0,0,G,22,Alveolar type 1 cell,52,33,6,6,6,AT1
G-688,all,137,59,92,4384,30,72865,0,0,0,0,0,G,33,Neutrophil,49,33,1,1,1_5_1,LymphaticEndo
G-689,all,70,30,663,5110,33,68043,0,0,0,0,0,G,6,Alveolar fibroblast 1,53,31,1,1,1_4_1,AlveolarFib
G-690,all,47,27,1598,5492,20,37242,0,0,0,0,0,G,5,B cell,47,27,9,9,9,Bcell
G-691,all,112,44,1579,4574,21,50942,0,0,0,0,0,G,25,Inflammatory monocyte,49,26,2,2,2_2,InflamMac
G-692,all,61,28,1772,5345,33,92171,0,0,0,0,0,G,5,CD4+ T cell,52,27,2,2,2_1,Capillary
G-695,all,93,42,1276,4104,21,98942,0,0,0,0,0,G,6,CD4+ T cell,61,42,1,1,1_4_1,AlveolarFib
G-696,all,76,13,423,4777,38,23449,0,0,0,0,0,G,64,Proliferative mesenchymal progenitor cell,49,13,1,1,1_1,AT2
G-697,all,47,27,484,4826,6,26730,0,0,0,0,0,G,15,B cell,47,27,9,9,9,Bcell
G-698,all,114,41,796,4943,33,51199,0,0,0,0,0,G,26,Alveolar type 2 cell,44,21,2,2,2_2,InflamMac
G-700,all,89,45,1024,4018,24,72314,0,0,0,0,0,G,4,CD4+ T cell,62,45,1,1,1_2_1,Tcell (CD4)
G-701,all,78,37,406,5617,17,69084,0,0,0,0,0,G,10,Capillary 1 cell,56,37,2,2,2_1,Capillary
G-703,all,110,41,517,5602,15,83496,0,0,0,0,0,G,11,Natural killer cell,52,27,2,2,2_2,InflamMac
G-704,all,210,47,1469,3942,22,71492,0,0,0,0,0,G,107,Ciliated cell,46,30,4,4,4_2,CiliatedEpi
G-707,all,43,23,928,4913,20,57087,124,124,0,1,0,G,7,Alveolar fibroblast 1,44,23,1,1,1_2_1,Tcell (CD4)
G-708,all,97,36,1377,5604,22,59785,0,0,0,0,0,G,13,Inflammatory monocyte,63,36,3,3,3_5,SMC
G-709,all,24,20,1507,5512,27,30624,0,0,0,0,0,G,5,CD4+ T cell,48,21,3,3,3_1,SMC
G-710,all,108,35,242,4678,26,61674,0,0,0,0,0,G,10,Inflammatory monocyte,51,22,1,1,1_4_1,AlveolarFib
G-711,all,95,40,1529,5209,28,61942,51,0,0,0,0,G,12,Alveolar type 1 cell,60,39,5,5,5_3,Pericyte
G-712,all,97,46,1269,4006,20,70434,0,0,0,0,0,G,8,Inflammatory monocyte,62,44,2,2,2_2,InflamMac
G-713,all,49,24,969,5077,9,26493,0,0,0,0,0,G,9,Pericyte,49,24,5,5,5_3,Pericyte
G-714,all,213,62,1597,5318,21,99258,0,0,0,0,0,G,50,Alveolar macrophage,56,29,1,1,1_2_3,Tcell (CD4)
G-715,all,329,110,1806,4827,30,90206,0,0,0,0,0,G,114,Ciliated cell,48,39,4,4,4_1_2,CiliatedEpi
G-717,all,343,72,1517,4160,26,76336,0,0,0,0,0,G,253,Ciliated cell,51,11,4,4,4_2,ClubEpi
G-718,all,140,53,1197,5343,15,95269,0,0,0,0,0,G,41,Capillary 1 cell,45,25,9,9,9,Bcell
G-719,all,296,88,1746,4616,20,66097,0,0,0,0,0,G,142,Ciliated cell,51,27,4,4,4_1_2,ClubEpi
G-720,all,32,16,1635,5497,15,31455,0,0,0,0,0,G,9,B cell,41,16,9,9,9,Bcell
G-721,all,24,14,1777,5573,27,28439,0,0,0,0,0,G,2,Alveolar macrophage,45,14,6,6,6,AT1
G-724,all,65,25,214,4635,17,40158,0,0,0,0,0,G,9,Alveolar type 1 cell,53,25,6,6,6,AT1
G-725,all,239,62,1006,4989,21,117311,0,0,0,0,0,G,52,Alveolar type 1 cell,46,22,1,1,1_4_3,AlveolarFib
G-726,all,155,56,1721,5372,19,77108,0,0,0,0,0,G,17,Inflammatory monocyte,54,37,7,7,7_2,PatrolMac
G-727,all,98,38,1638,4886,19,97225,0,0,0,0,0,G,26,Inflammatory monocyte,59,36,1,1,1_4_1,AlveolarFib
G-728,all,27,15,1573,5438,8,24965,0,0,0,0,0,G,11,Secondary crest myofibroblast,39,15,5,5,5_3,Pericyte
G-729,all,283,101,1899,4940,33,56931,0,0,0,0,0,G,88,Ciliated cell,44,28,4,4,4_1_1,ClubEpi
G-730,all,301,61,1438,4051,25,106138,0,0,0,0,0,G,207,Ciliated cell,37,22,4,4,4_2,CiliatedEpi
G-731,all,56,28,1664,4816,30,29623,0,0,0,0,0,G,15,Alveolar fibroblast 1,53,29,3,3,3_1,SMC
G-733,all,307,83,1587,4469,25,97909,0,0,0,0,0,G,140,Ciliated cell,56,44,4,4,4_2,CiliatedEpi
G-735,all,75,26,119,5622,35,42964,0,0,0,0,0,G,13,CD4+ T cell,55,26,7,7,7_3,Tcell (CD8)
G-737,all,91,30,312,5427,10,65188,52,0,52,0,1,G,28,Arterial endothelial cell,60,31,3,3,3_1,SMC
G-742,all,165,63,1498,3914,32,36164,0,0,0,0,0,G,84,Ciliated cell,46,21,4,4,4_2,ClubEpi
G-743,all,433,85,1481,3833,25,86723,0,0,0,0,0,G,243,Alveolar fibroblast 1,47,12,4,4,4_2,ClubEpi
G-744,all,22,10,1647,5536,5,17463,0,0,0,0,0,G,3,Pericyte,42,12,1,1,1_5_1,LymphaticEndo
G-745,all,18,10,102,5337,15,28299,0,0,0,0,0,G,3,Alveolar type 1 cell,35,10,1,1,1_2_3,Tcell (CD4)
G-746,all,95,24,1468,5244,14,53805,0,0,0,0,0,G,70,Alveolar type 2 cell,58,23,1,1,1_3,AT2
G-747,all,106,35,681,5411,25,57965,0,0,0,0,0,G,21,CD8+ T cell,58,28,7,7,7_3,Tcell (CD8)
G-749,all,31,19,1565,4810,8,30162,0,0,0,0,0,G,9,Pericyte,38,19,5,5,5_1,Pericyte
G-750,all,150,34,1881,4724,6,20970,0,0,0,0,0,G,90,Arterial endothelial cell,53,15,4,4,4_2,ClubEpi
G-754,all,101,44,244,4128,28,104305,0,0,0,0,0,G,15,Alveolar macrophage,60,40,1,1,1_4_3,AlveolarFib
G-755,all,82,35,1552,5538,25,77902,0,0,0,0,0,G,10,Pulmonary neuroendocrine cell,61,36,2,2,2_2,InflamMac
G-756,all,54,24,66,5401,12,45117,0,0,0,0,0,G,7,Alveolar macrophage,52,24,6,6,6,AT1
G-757,all,63,23,962,5012,10,48178,0,0,0,0,0,G,13,Sox9+/Id2+ epithelial cell,56,24,1,1,1_4_3,AlveolarFib
G-759,all,97,45,211,4694,22,66711,0,0,0,0,0,G,11,Alveolar type 1 cell,63,44,5,5,5_3,Pericyte
G-761,all,451,118,1656,4494,23,101247,0,0,0,0,0,G,209,Ciliated cell,44,20,4,4,4_1_2,ClubEpi
G-762,all,335,99,1630,4443,22,78008,0,0,0,0,0,G,167,Ciliated cell,48,25,4,4,4_2,ClubEpi
G-763,all,70,29,49,5453,9,41389,0,0,0,0,0,G,15,Alveolar macrophage,56,29,6,6,6,AT1
G-765,all,260,94,1926,4857,13,53280,0,0,0,0,0,G,83,Ciliated cell,54,44,4,4,4_1_2,CiliatedEpi
G-766,all,164,62,723,4901,23,109774,57,57,0,1,0,G,25,Alveolar type 1 cell,47,31,6,6,6,AT1
G-768,all,73,33,1661,4642,17,54068,0,0,0,0,0,G,5,Alveolar fibroblast 1,58,33,3,3,3_4,AdventitialFib
G-769,all,14,10,37,4441,7,18588,0,0,0,0,0,G,2,Secretory cell,30,10,6,6,6,AT1
G-770,all,113,36,1378,5428,37,43418,0,0,0,0,0,G,10,Alveolar type 1 cell,49,23,1,1,1_4_1,AlveolarFib
G-774,all,256,72,1587,4413,24,61172,0,0,0,0,0,G,152,Secretory cell,49,18,4,4,4_2,ClubEpi
G-776,all,82,41,1591,4547,24,58565,0,0,0,0,0,G,12,Arterial endothelial cell,59,42,2,2,2_4,Artery
G-780,all,162,56,693,5375,17,102722,0,0,0,0,0,G,16,CD8+ T cell,49,30,2,2,2_1,Capillary
G-781,all,220,47,1551,4266,24,49892,0,0,0,0,0,G,173,Secretory cell,52,8,4,4,4_2,ClubEpi
G-782,all,54,29,1691,4799,28,28776,0,0,0,0,0,G,9,Alveolar fibroblast 1,54,29,3,3,3_4,AdventitialFib
G-784,all,25,14,1784,5500,29,19005,0,0,0,0,0,G,6,Alveolar type 1 cell,43,14,6,6,6,AT1
G-785,all,90,42,1706,4828,25,56442,0,0,0,0,0,G,12,Alveolar fibroblast 1,62,40,1,1,1_5_2,AlveolarFib
G-786,all,69,27,483,4685,7,40348,0,0,0,0,0,G,10,Alveolar type 1 cell,52,27,1,1,1_2_3,Tcell (CD4)
G-787,all,102,40,473,4874,29,61309,0,0,0,0,0,G,15,Arterial endothelial cell,57,33,2,2,2_4,Artery
G-789,all,177,54,1727,5002,32,127902,0,0,0,0,0,G,23,Inflammatory monocyte,56,36,2,2,2_2,InflamMac
G-791,all,118,38,659,4878,15,64050,0,0,0,0,0,G,11,Inflammatory monocyte,47,23,2,2,2_2,InflamMac
G-796,all,278,89,1722,4591,22,84719,0,0,0,0,0,G,131,Ciliated cell,49,26,4,4,4_1_2,ClubEpi
G-797,all,70,33,410,5442,15,57123,0,0,0,0,0,G,11,Alveolar fibroblast 1,53,33,1,1,1_4_1,AlveolarFib
G-798,all,20,12,1790,5520,24,25213,0,0,0,0,0,G,2,Alveolar fibroblast 1,45,13,3,3,3_1,SMC
G-799,all,305,66,1543,4217,30,65769,0,0,0,0,0,G,200,Ciliated cell,52,15,4,4,4_2,ClubEpi
G-802,all,183,64,1658,4571,22,88265,0,0,0,0,0,G,75,Ciliated cell,44,32,4,4,4_1_2,CiliatedEpi
G-803,all,160,63,1413,5181,29,70429,0,0,0,0,0,G,26,Alveolar type 1 cell,51,35,6,6,6,AT1
G-804,all,37,23,1869,4985,31,35377,0,0,0,0,0,G,3,Capillary 1 cell,41,23,7,7,7_3,Tcell (CD8)
G-805,all,185,60,646,5420,26,92084,0,0,0,0,0,G,45,Alveolar fibroblast 1,49,25,1,1,1_5_1,LymphaticEndo
G-807,all,277,56,1536,4309,22,74611,0,0,0,0,0,G,196,Ciliated cell,52,13,4,4,4_2,ClubEpi
G-808,all,64,23,1432,5577,12,33596,0,0,0,0,0,G,12,Alveolar type 1 cell,54,23,6,6,6,AT1
G-809,all,82,38,1722,5472,8,44853,0,0,0,0,0,G,12,CD8+ T cell,55,38,6,6,6,AT1
G-811,all,161,54,328,5503,28,88307,0,0,0,0,0,G,22,Alveolar type 1 cell,48,27,1,1,1_4_1,AlveolarFib
G-812,all,107,42,879,5015,27,83711,0,0,0,0,0,G,23,Alveolar type 1 cell,60,36,2,2,2_2,InflamMac
G-817,all,132,40,1309,5085,34,58409,0,0,0,0,0,G,13,Alveolar macrophage,48,22,6,6,6,AT1
G-820,all,36,15,728,4933,11,30192,0,0,0,0,0,G,15,Alveolar type 1 cell,42,16,1,1,1_4_3,AlveolarFib
G-821,all,15,13,894,4934,18,32623,0,0,0,0,0,G,5,Inflammatory monocyte,35,14,2,2,2_2,InflamMac
G-822,all,69,41,1838,4893,39,16653,0,0,0,0,0,G,15,B cell,58,41,1,1,1_3,AT2
G-823,all,201,92,1937,4928,31,59670,0,0,0,0,0,G,41,Ciliated cell,50,38,4,4,4_1_1,ClubEpi
G-824,all,70,41,308,5657,35,57855,0,0,0,0,0,G,5,Sox9+/Id2+ epithelial cell,59,41,2,2,2_3,Vein
G-826,all,59,29,1171,5186,9,59255,118,0,118,0,1,G,16,B cell,55,29,9,9,9,Bcell
G-827,all,69,33,283,4690,34,46916,0,0,0,0,0,G,12,Inflammatory monocyte,56,34,1,1,1_4_3,AlveolarFib
G-829,all,224,56,1457,3976,19,76459,0,0,0,0,0,G,119,Ciliated cell,47,28,4,4,4_2,CiliatedEpi
G-830,all,301,102,1705,4754,26,124829,0,0,0,0,0,G,43,Ciliated cell,45,33,3,3,3_4,AdventitialFib
G-831,all,54,21,854,4824,25,47832,0,0,0,0,0,G,2,Alveolar type 1 cell,52,22,1,1,1_4_1,AlveolarFib
G-834,all,312,51,1493,4201,14,54263,0,0,0,0,0,G,229,Arterial endothelial cell,55,14,4,4,4_2,ClubEpi
G-835,all,164,77,1806,4748,17,41876,0,0,0,0,0,G,61,Ciliated cell,41,27,4,4,4_1_1,ClubEpi
G-838,all,178,56,1152,3844,32,70708,0,0,0,0,0,G,10,Alveolar type 1 cell,49,25,6,6,6,AT1
G-839,all,102,47,619,5010,21,75923,0,0,0,0,0,G,2,Inflammatory monocyte,60,42,9,9,9,Bcell
G-841,all,117,44,1351,5102,28,78098,0,0,0,0,0,G,10,Innate lymphoid cell,45,25,6,6,6,AT1
G-842,all,206,50,1556,4348,21,77784,0,0,0,0,0,G,118,Inflammatory monocyte,62,44,4,4,4_2,CiliatedEpi
G-843,all,428,133,1882,4883,28,101393,0,0,0,0,0,G,151,Ciliated cell,46,30,4,4,4_1_2,ClubEpi
G-844,all,180,57,1603,4340,33,47106,0,0,0,0,0,G,99,Ciliated cell,49,20,4,4,4_2,ClubEpi
G-847,all,65,27,515,5429,27,97644,0,0,0,0,0,G,35,B cell,55,27,9,9,9,Bcell
G-849,all,158,63,1748,4802,36,62561,0,0,0,0,0,G,42,Ciliated cell,46,37,4,4,4_1_1,CiliatedEpi
G-850,all,224,94,1801,4870,29,70829,0,0,0,0,0,G,59,Ciliated cell,54,47,4,4,4_1_3,CiliatedEpi
G-851,all,346,98,1686,4544,22,100307,0,0,0,0,0,G,115,Ciliated cell,49,30,4,4,4_1_2,ClubEpi
G-854,all,73,42,1656,4675,33,36950,0,0,0,0,0,G,10,Mature DC subset,57,43,1,1,1_4_1,AlveolarFib
G-855,all,154,58,1605,4842,28,86249,0,0,0,0,0,G,42,Alveolar fibroblast 1,47,30,3,3,3_2,SMC
G-857,all,83,41,66,4418,18,47409,0,0,0,0,0,G,28,Classical DC subset 2,60,41,2,2,2_2,InflamMac
G-858,all,48,28,1763,5482,13,28956,0,0,0,0,0,G,2,CD4+ T cell,48,28,1,1,1_2_1,Tcell (CD4)
G-860,all,10,5,668,4842,6,10438,0,0,0,0,0,G,2,Alveolar fibroblast 1,25,6,1,1,1_5_2,AlveolarFib
G-862,all,120,43,1544,4182,33,30209,0,0,0,0,0,G,72,B cell,61,43,4,4,4_2,CiliatedEpi
G-866,all,82,38,91,5286,25,90164,0,0,0,0,0,G,22,Inflammatory monocyte,56,38,5,5,5_3,Pericyte
G-868,all,92,39,1412,4102,37,43826,0,0,0,0,0,G,5,Alveolar macrophage,62,39,8,8,8_1,AlveolarMac
G-872,all,32,15,1609,4790,6,22444,0,0,0,0,0,G,12,Pericyte,42,15,5,5,5_3,Pericyte
G-873,all,86,43,26,5356,31,70556,0,0,0,0,0,G,5,Inflammatory monocyte,61,42,2,2,2_1,Capillary
G-875,all,92,33,1105,4034,14,53094,0,0,0,0,0,G,48,CD8+ T cell,60,33,1,1,1_4_3,AlveolarFib
G-876,all,23,9,105,5382,6,16599,0,0,0,0,0,G,5,Alveolar type 1 cell,44,9,6,6,6,AT1
G-877,all,108,12,484,4951,8,38158,0,0,0,0,0,G,95,Sox9+/Id2+ epithelial cell,49,7,1,1,1_1,AT2
G-878,all,479,60,1481,4112,22,92540,0,0,0,0,0,G,376,Ciliated cell,48,28,4,4,4_2,CiliatedEpi
G-879,all,108,30,728,4995,18,61669,0,0,0,0,0,G,12,Alveolar type 1 cell,54,23,6,6,6,AT1
G-882,all,398,72,1468,3874,19,109947,0,0,0,0,0,G,236,Secretory cell,53,17,4,4,4_2,ClubEpi
G-885,all,55,28,337,5481,25,36425,0,0,0,0,0,G,7,Sox9+/Id2+ epithelial cell,54,29,1,1,1_4_1,AlveolarFib
G-886,all,160,44,509,4871,17,81662,50,0,50,0,1,G,24,Capillary 1 cell,50,26,2,2,2_1,Capillary
G-889,all,421,91,1619,4401,25,88403,0,0,0,0,0,G,276,Alveolar fibroblast 1,49,17,4,4,4_2,ClubEpi
G-890,all,97,37,778,4996,11,63492,0,0,0,0,0,G,11,Inflammatory monocyte,60,36,1,1,1_4_1,AlveolarFib
G-892,all,63,26,1447,4818,16,31330,0,0,0,0,0,G,28,Alveolar type 2 cell,54,26,7,7,7_3,Tcell (CD8)
G-893,all,56,36,1664,4700,36,33663,0,0,0,0,0,G,13,Alveolar fibroblast 1,56,37,3,3,3_1,SMC
G-895,all,182,55,1810,5471,26,103551,0,0,0,0,0,G,18,Alveolar type 1 cell,56,32,1,1,1_4_1,AlveolarFib
G-898,all,53,18,69,4453,8,24332,0,0,0,0,0,G,14,Neutrophil,52,19,2,2,2_2,InflamMac
G-899,all,7,5,717,5111,41,12792,0,0,0,0,0,G,3,Mesothelial cell,24,7,3,3,3_3,AdventitialFib
G-900,all,52,27,1356,5576,21,28415,0,0,0,0,0,G,5,CD8+ T cell,55,28,2,2,2_2,InflamMac
G-901,all,17,10,999,5069,7,15861,0,0,0,0,0,G,2,Natural killer cell,37,11,2,2,2_2,InflamMac
G-902,all,30,12,1567,4664,15,18489,0,0,0,0,0,G,4,B cell,41,12,1,1,1_2_1,Tcell (CD4)
G-903,all,29,17,371,5448,20,32238,0,0,0,0,0,G,3,Alveolar fibroblast 1,40,18,1,1,1_4_1,AlveolarFib
G-904,all,30,18,1757,5548,30,30014,0,0,0,0,0,G,9,CD4+ T cell,38,18,7,7,7_2,PatrolMac
G-905,all,27,15,498,5560,11,10764,0,0,0,0,0,G,7,Sox9+/Id2+ epithelial cell,43,15,2,2,2_3,Vein
G-911,all,112,43,1500,3818,36,18137,0,0,0,0,0,G,66,Ciliated cell,55,27,4,4,4_2,ClubEpi
G-915,all,71,30,69,5366,18,45981,0,0,0,0,0,G,7,Alveolar type 1 cell,52,30,6,6,6,AT1
G-917,all,88,43,184,4720,29,59696,0,0,0,0,0,G,9,B cell,61,44,1,1,1_4_1,AlveolarFib
G-920,all,45,22,883,4968,22,65896,0,0,0,0,0,G,20,B cell,46,23,1,1,1_4_3,AlveolarFib
G-926,all,93,48,1532,5268,13,69945,0,0,0,0,0,G,28,Alveolar macrophage,65,47,8,8,8_1,AlveolarMac
G-927,all,189,53,1395,4869,21,102457,0,0,0,0,0,G,78,AT1/AT2,52,28,1,1,1_3,AT2
G-928,all,78,31,1331,5129,33,34526,0,0,0,0,0,G,19,Alveolar type 1 cell,57,32,1,1,1_4_3,AlveolarFib
G-932,all,89,46,1851,4955,27,44204,0,0,0,0,0,G,15,B cell,61,45,9,9,9,Bcell
G-935,all,100,46,1695,4602,32,34939,0,0,0,0,0,G,63,Ciliated cell,60,46,4,4,4_2,CiliatedEpi
G-939,all,348,116,1806,4779,27,70125,0,0,0,0,0,G,120,Arterial endothelial cell,43,38,4,4,4_1_2,CiliatedEpi
G-941,all,18,11,397,5477,20,30517,0,0,0,0,0,G,5,Capillary 1 cell,36,11,6,6,6,AT1
G-942,all,87,37,1358,5451,35,41226,0,0,0,0,0,G,18,Alveolar type 1 cell,59,37,6,6,6,AT1
G-947,all,384,99,1521,4103,33,90911,0,0,0,0,0,G,222,Ciliated cell,47,38,4,4,4_2,CiliatedEpi
G-954,all,272,54,1524,4261,21,69744,0,0,0,0,0,G,198,Ciliated cell,63,52,4,4,4_2,CiliatedEpi
G-955,all,31,19,1700,5394,11,36676,0,0,0,0,0,G,2,CD4+ T cell,40,19,1,1,1_2_1,Tcell (CD4)
G-959,all,13,8,1337,6370,15,61817,0,0,0,0,0,G,6,Proliferative mesenchymal progenitor cell,32,9,3,3,3_1,SMC
G-962,all,43,17,978,6301,27,102493,0,0,0,0,0,G,25,Sox9+/Id2+ epithelial cell,45,17,1,1,1_3,AT2
G-963,all,25,13,1417,5907,24,69069,0,0,0,0,0,G,7,Pericyte,44,13,6,6,6,AT1
G-964,all,35,20,378,5932,19,38158,0,0,0,0,0,G,5,Venous endothelial cell,43,20,6,6,6,AT1
G-965,all,19,17,210,5843,31,37658,0,0,0,0,0,G,5,CD4+ T cell,36,17,7,7,7_2,PatrolMac
G-967,all,17,14,651,5929,25,52083,0,0,0,0,0,G,4,Endothelial progenitor cell,37,15,3,3,3_1,SMC
G-968,all,21,16,96,6832,9,50114,0,0,0,0,0,G,2,B cell,40,16,9,9,9,Bcell
G-969,all,18,13,1071,6885,29,61100,0,0,0,0,0,G,6,B cell,37,13,9,9,9,Bcell
G-970,all,85,47,584,6289,26,110602,0,0,0,0,0,G,10,Alveolar fibroblast 1,61,47,1,1,1_5_2,AlveolarFib
G-971,all,32,16,503,6017,24,60269,0,0,0,0,0,G,11,B cell,44,16,9,9,9,Bcell
G-972,all,38,28,672,5889,27,96480,0,0,0,0,0,G,4,Endothelial progenitor cell,41,28,2,2,2_3,Vein
G-973,all,50,17,815,7024,28,83595,0,0,0,0,0,G,19,B cell,49,17,7,7,7_2,PatrolMac
G-975,all,28,19,270,5976,38,43477,0,0,0,0,0,G,2,CD8+ T cell,38,19,7,7,7_2,PatrolMac
G-976,all,22,14,1855,5770,23,127107,0,0,0,0,0,G,2,Neutrophil,44,15,2,2,2_2,InflamMac
G-977,all,50,34,765,6716,18,93650,122,0,122,0,1,G,11,Innate lymphoid cell,50,34,1,1,1_3,AT2
G-978,all,15,12,48,6467,30,47223,0,0,0,0,0,G,3,Endothelial progenitor cell,32,12,5,5,5_3,Pericyte
G-979,all,29,19,134,6271,37,58196,0,0,0,0,0,G,9,Pericyte,37,19,5,5,5_1,Pericyte
G-980,all,15,14,826,6003,28,42570,0,0,0,0,0,G,5,CD8+ T cell,27,14,7,7,7_4,PatrolMac
G-981,all,8,8,844,7102,7,69965,0,0,0,0,0,G,2,Secondary crest myofibroblast,34,9,3,3,3_5,SMC
G-983,all,17,16,360,5674,28,49204,0,0,0,0,0,G,2,Pericyte,34,16,5,5,5_3,Pericyte
G-985,all,18,14,372,6151,35,25729,0,0,0,0,0,G,4,Pericyte,37,14,5,5,5_1,Pericyte
G-987,all,71,10,542,5691,36,58530,0,0,0,0,0,G,61,Alveolar type 2 cell,50,10,1,1,1_3,AT2
G-988,all,35,18,598,7366,9,84926,0,0,0,0,0,G,11,B cell,44,18,9,9,9,Bcell
G-989,all,13,9,1298,6488,20,92624,0,0,0,0,0,G,2,Deuterosomal cell,27,10,1,1,1_4_1,AlveolarFib
G-991,all,22,19,438,5741,32,62477,0,0,0,0,0,G,7,Capillary 1 cell,40,19,2,2,2_3,Vein
G-992,all,35,19,475,7458,26,69276,0,0,0,0,0,G,3,Capillary 1 cell,42,19,2,2,2_1,Capillary
G-994,all,20,9,554,6128,32,44040,0,0,0,0,0,G,7,Sox9+/Id2+ epithelial cell,41,9,2,2,2_6,pDC
G-996,all,46,29,171,5833,31,69238,0,0,0,0,0,G,15,Pericyte,46,29,5,5,5_1,Pericyte
G-997,all,55,13,525,6469,36,74947,0,0,0,0,0,G,43,Alveolar type 2 cell,51,13,1,1,1_3,AT2
G-998,all,8,5,1077,6634,22,47015,1567,994,1567,0.3881296,0.6118704,G,3,Sox9+/Id2+ epithelial cell,23,7,3,3,3_5,SMC
G-1001,all,31,6,287,6267,9,24697,0,0,0,0,0,G,29,Alveolar type 2 cell,44,6,1,1,1_1,AT2
G-1002,all,38,24,1516,5849,31,74305,0,0,0,0,0,G,5,Proliferative mesenchymal progenitor cell,43,25,3,3,3_1,SMC
G-1004,all,50,15,1203,5765,23,41322,0,0,0,0,0,G,36,Alveolar type 2 cell,49,15,1,1,1_3,AT2
G-1007,all,57,36,547,6266,28,69426,0,0,0,0,0,G,9,Alveolar macrophage,57,36,8,8,8_3,InterstitialMac
G-1009,all,41,15,688,7561,15,35321,0,0,0,0,0,G,5,Alveolar type 1 cell,45,15,6,6,6,AT1
G-1011,all,11,7,574,5747,35,23612,0,0,0,0,0,G,2,Alveolar macrophage,34,7,1,1,1_2_3,Tcell (CD4)
G-1012,all,61,34,488,5922,20,90911,0,0,0,0,0,G,7,Vascular smooth muscle cell,56,34,3,3,3_6,SCMF
G-1014,all,19,14,1001,7220,21,32077,0,0,0,0,0,G,10,Alveolar fibroblast 1,41,16,2,2,2_5,DC
G-1017,all,24,15,695,7524,12,47210,0,0,0,0,0,G,4,Alveolar type 1 cell,42,15,2,2,2_1,Capillary
G-1018,all,22,13,1267,6330,30,60684,0,0,0,0,0,G,8,Sox9+/Id2+ epithelial cell,41,13,1,1,1_1,AT2
G-1019,all,19,13,481,7504,31,88427,0,0,0,0,0,G,7,B cell,38,13,9,9,9,Bcell
G-1020,all,30,7,1054,6928,35,40860,0,0,0,0,0,G,26,Alveolar type 2 cell,44,7,1,1,1_1,AT2
G-1021,all,47,16,1361,7043,21,48538,0,0,0,0,0,G,8,B cell,47,16,6,6,6,AT1
G-1022,all,50,23,764,7410,24,96879,0,0,0,0,0,G,10,Capillary 1 cell,49,23,2,2,2_1,Capillary
G-1023,all,51,32,454,6149,28,82541,0,0,0,0,0,G,12,Alveolar type 2 cell,51,32,1,1,1_3,AT2
G-1025,all,39,28,396,6619,25,100771,0,0,0,0,0,G,6,Venous endothelial cell,40,28,3,3,3_4,AdventitialFib
G-1026,all,18,16,1002,6839,36,40015,0,0,0,0,0,G,5,Alveolar fibroblast 1,33,16,1,1,1_5_1,LymphaticEndo
G-1027,all,18,10,759,7565,26,30786,0,0,0,0,0,G,8,Proliferative mesenchymal progenitor cell,37,11,3,3,3_1,SMC
G-1029,all,24,16,292,6813,30,55900,0,0,0,0,0,G,12,Pericyte,41,16,5,5,5_1,Pericyte
G-1030,all,122,19,771,7024,29,90281,0,0,0,0,0,G,110,Alveolar type 2 cell,49,9,1,1,1_3,AT2
G-1031,all,69,13,1296,6377,22,88001,0,0,0,0,0,G,51,Alveolar type 2 cell,54,13,1,1,1_3,AT2
G-1032,all,18,5,1097,6711,30,66572,0,0,0,0,0,G,15,Sox9+/Id2+ epithelial cell,40,5,1,1,1_1,AT2
G-1033,all,13,8,1018,7241,15,18806,0,0,0,0,0,G,4,Proliferative mesenchymal progenitor cell,35,9,3,3,3_1,SMC
G-1035,all,51,10,1890,7125,17,57576,0,0,0,0,0,G,44,Alveolar type 2 cell,49,10,1,1,1_3,AT2
G-1037,all,80,36,84,6324,27,90379,0,0,0,0,0,G,22,Sox9+/Id2+ epithelial cell,56,36,6,6,6,AT1
G-1042,all,18,14,1260,5820,37,38513,0,0,0,0,0,G,3,Capillary 1 cell,39,15,2,2,2_1,Capillary
G-1044,all,23,13,829,6553,25,71664,0,0,0,0,0,G,3,Alveolar type 1 cell,43,14,1,1,1_4_1,AlveolarFib
G-1045,all,6,4,1133,6793,19,72905,0,0,0,0,0,G,3,Sox9+/Id2+ epithelial cell,28,6,1,1,1_1,AT2
G-1046,all,82,27,65,5965,20,99730,0,0,0,0,0,G,45,Alveolar type 2 cell,54,28,3,3,3_1,SMC
G-1049,all,23,14,1534,6688,14,84202,0,0,0,0,0,G,7,Sox9+/Id2+ epithelial cell,40,13,2,2,2_1,Capillary
G-1050,all,6,4,577,6457,36,17284,0,0,0,0,0,G,4,Alveolar fibroblast 1,21,5,3,3,3_4,AdventitialFib
G-1053,all,36,22,364,6271,16,75206,0,0,0,0,0,G,8,Capillary 1 cell,42,22,2,2,2_3,Vein
G-1054,all,21,16,1041,7020,26,67421,0,0,0,0,0,G,4,Ciliated cell,39,16,1,1,1_4_1,AlveolarFib
G-1055,all,26,9,846,5883,33,21800,0,0,0,0,0,G,16,Sox9+/Id2+ epithelial cell,46,9,1,1,1_1,AT2
G-1056,all,10,8,1189,7177,14,38707,247,0,247,0,1,G,2,Arterial endothelial cell,31,10,2,2,2_4,Artery
G-1057,all,21,17,969,7233,27,44805,0,0,0,0,0,G,8,Pericyte,39,17,5,5,5_1,Pericyte
G-1059,all,20,14,243,5854,22,36131,0,0,0,0,0,G,4,Natural killer cell,41,14,2,2,2_6,pDC
G-1061,all,22,15,616,5950,25,42257,0,0,0,0,0,G,2,Endothelial progenitor cell,40,16,1,1,1_5_2,AlveolarFib
G-1062,all,33,15,482,6215,18,101317,0,0,0,0,0,G,13,B cell,43,15,9,9,9,Bcell
G-1064,all,38,22,583,6195,16,71799,0,0,0,0,0,G,5,Sox9+/Id2+ epithelial cell,43,22,9,9,9,Bcell
G-1067,all,8,7,1152,6471,17,56395,0,0,0,0,0,G,2,Innate lymphoid cell,23,9,3,3,3_1,SMC
G-1068,all,40,26,45,6034,30,48595,0,0,0,0,0,G,8,Pericyte,41,26,5,5,5_3,Pericyte
G-1070,all,19,10,1595,6750,16,27365,0,0,0,0,0,G,13,Pericyte,42,10,5,5,5_3,Pericyte
G-1072,all,26,18,774,6297,18,69039,0,0,0,0,0,G,3,Inflammatory monocyte,41,19,3,3,3_1,SMC
G-1073,all,18,9,1901,6528,33,50989,0,0,0,0,0,G,2,Endothelial progenitor cell,41,9,2,2,2_6,pDC
G-1074,all,146,38,48,6355,22,105851,0,0,0,0,0,G,26,Arterial endothelial cell,48,19,6,6,6,AT1
G-1075,all,9,5,1260,6076,40,14418,0,0,0,0,0,G,4,Alveolar type 1 cell,31,5,6,6,6,AT1
G-1076,all,24,17,401,5951,17,33209,0,0,0,0,0,G,3,Venous endothelial cell,44,17,2,2,2_3,Vein
G-1079,all,34,20,1903,7005,21,65811,0,0,0,0,0,G,4,Sox9+/Id2+ epithelial cell,43,21,2,2,2_1,Capillary
G-1080,all,52,24,587,7571,14,97792,0,0,0,0,0,G,6,Inflammatory monocyte,51,24,3,3,3_4,AdventitialFib
G-1081,all,15,13,1491,6752,26,64540,0,0,0,0,0,G,5,Interstitial macrophage,29,13,8,8,8_3,InterstitialMac
G-1082,all,19,12,1334,6781,27,63239,0,0,0,0,0,G,4,Alveolar type 1 cell,40,12,6,6,6,AT1
G-1083,all,11,11,973,6186,20,47876,54,54,0,1,0,G,4,Alveolar fibroblast 1,30,12,1,1,1_5_1,LymphaticEndo
G-1084,all,42,25,29,6571,16,102337,0,0,0,0,0,G,6,Pericyte,42,25,5,5,5_1,Pericyte
G-1085,all,32,18,480,7326,23,67423,0,0,0,0,0,G,7,Capillary 1 cell,40,18,2,2,2_3,Vein
G-1087,all,55,34,232,6116,23,124856,0,0,0,0,0,G,6,Alveolar fibroblast 1,55,34,1,1,1_5_4,pDC
G-1088,all,96,26,1334,5804,15,89593,50,0,50,0,1,G,15,Arterial endothelial cell,59,24,6,6,6,AT1
G-1089,all,24,11,1043,7222,16,38367,0,0,0,0,0,G,17,Alveolar type 2 cell,45,11,3,3,3_1,SMC
G-1090,all,58,23,116,5869,26,101325,0,0,0,0,0,G,17,Natural killer cell,52,23,7,7,7_3,Tcell (CD8)
G-1091,all,31,12,1804,6420,31,61848,0,0,0,0,0,G,16,Sox9+/Id2+ epithelial cell,42,12,1,1,1_1,AT2
G-1092,all,82,34,561,7294,13,96249,0,0,0,0,0,G,6,B cell,61,34,7,7,7_2,PatrolMac
G-1095,all,19,16,382,6713,22,62935,0,0,0,0,0,G,3,Inflammatory monocyte,36,16,7,7,7_2,PatrolMac
G-1099,all,30,14,839,7365,25,49994,0,0,0,0,0,G,11,Alveolar type 1 cell,41,15,3,3,3_1,SMC
G-1100,all,26,13,1280,6038,40,26341,0,0,0,0,0,G,5,Alveolar type 1 cell,47,13,3,3,3_6,SCMF
G-1101,all,20,13,21,6819,31,44828,0,0,0,0,0,G,2,Alveolar macrophage,39,13,7,7,7_2,PatrolMac
G-1102,all,22,13,1475,6547,20,73411,0,0,0,0,0,G,4,Alveolar fibroblast 1,43,14,3,3,3_1,SMC
G-1104,all,9,9,695,6347,35,28375,0,0,0,0,0,G,3,B cell,24,10,9,9,9,Bcell
G-1109,all,33,21,624,7248,15,100823,0,0,0,0,0,G,9,Inflammatory monocyte,38,21,9,9,9,Bcell
G-1110,all,27,18,531,7580,34,49570,0,0,0,0,0,G,4,Capillary 1 cell,48,17,2,2,2_1,Capillary
G-1111,all,73,42,467,7182,22,125756,0,0,0,0,0,G,19,Arterial endothelial cell,56,42,2,2,2_4,Artery
G-1112,all,35,22,817,7144,12,75741,0,0,0,0,0,G,3,Inflammatory monocyte,43,24,2,2,2_5,DC
G-1114,all,90,22,498,6113,29,96134,0,0,0,0,0,G,70,Alveolar type 2 cell,58,22,1,1,1_3,AT2
G-1115,all,52,23,400,5760,32,83178,0,0,0,0,0,G,13,Alveolar fibroblast 1,49,23,1,1,1_5_1,LymphaticEndo
G-1117,all,23,13,1265,7105,29,54237,0,0,0,0,0,G,4,Alveolar type 1 cell,45,13,6,6,6,AT1
G-1120,all,16,12,341,6174,10,31510,0,0,0,0,0,G,4,B cell,36,12,9,9,9,Bcell
G-1121,all,37,21,36,5900,37,54175,0,0,0,0,0,G,4,Endothelial progenitor cell,40,21,6,6,6,AT1
G-1122,all,30,18,775,6330,20,94097,0,0,0,0,0,G,7,Alveolar fibroblast 1,39,19,1,1,1_5_1,LymphaticEndo
G-1123,all,11,9,372,6214,4,9063,0,0,0,0,0,G,6,Sox9+/Id2+ epithelial cell,29,9,1,1,1_3,AT2
G-1124,all,12,4,1029,6683,12,27505,0,0,0,0,0,G,10,Sox9+/Id2+ epithelial cell,37,4,1,1,1_1,AT2
G-1125,all,33,20,897,6057,12,59551,0,0,0,0,0,G,6,Inflammatory monocyte,41,20,7,7,7_2,PatrolMac
G-1126,all,34,21,440,7454,34,64266,0,0,0,0,0,G,7,Sox9+/Id2+ epithelial cell,40,21,6,6,6,AT1
G-1127,all,34,14,1918,6616,12,64331,0,0,0,0,0,G,9,B cell,43,14,6,6,6,AT1
G-1129,all,36,19,305,6086,25,52760,0,0,0,0,0,G,4,Proliferative mesenchymal progenitor cell,42,19,7,7,7_3,Tcell (CD8)
G-1131,all,38,26,443,5925,20,72708,0,0,0,0,0,G,9,Pericyte,42,26,5,5,5_1,Pericyte
G-1133,all,23,10,1464,6510,35,50938,0,0,0,0,0,G,5,Alveolar macrophage,41,10,8,8,8_2,InterstitialMac
G-1136,all,32,13,1207,5738,22,55803,0,0,0,0,0,G,15,Alveolar type 2 cell,43,13,1,1,1_3,AT2
G-1141,all,31,21,459,6530,23,86140,0,0,0,0,0,G,11,Sox9+/Id2+ epithelial cell,40,21,3,3,3_4,AdventitialFib
G-1143,all,36,14,1362,5852,17,38885,0,0,0,0,0,G,10,Alveolar type 1 cell,44,14,6,6,6,AT1
G-1144,all,24,6,1101,6748,22,69736,0,0,0,0,0,G,20,Proliferative mesenchymal progenitor cell,44,7,3,3,3_1,SMC
G-1146,all,15,10,1735,6342,35,41160,0,0,0,0,0,G,2,Basophil,34,12,2,2,2_5,DC
G-1150,all,7,5,1174,6358,11,57664,0,0,0,0,0,G,2,Proliferative mesenchymal progenitor cell,27,7,1,1,1_5_1,LymphaticEndo
G-1151,all,13,12,224,5872,33,29909,0,0,0,0,0,G,3,Capillary 1 cell,34,12,2,2,2_3,Vein
G-1153,all,54,33,947,6103,20,93348,0,0,0,0,0,G,10,Interstitial macrophage,54,33,2,2,2_6,pDC
G-1157,all,24,5,1661,6310,36,20586,0,0,0,0,0,G,23,Alveolar type 2 cell,45,5,1,1,1_1,AT2
G-1158,all,39,23,870,7340,24,77108,0,0,0,0,0,G,14,Natural killer cell,42,24,3,3,3_1,SMC
G-1160,all,24,18,509,6557,12,77767,0,0,0,0,0,G,6,CD8+ T cell,45,18,7,7,7_3,Tcell (CD8)
G-1162,all,26,14,444,6066,15,54950,0,0,0,0,0,G,11,Alveolar type 2 cell,48,14,2,2,2_6,pDC
G-1163,all,28,21,991,7149,11,58331,0,0,0,0,0,G,10,Alveolar type 1 cell,38,21,8,8,8_2,InterstitialMac
G-1165,all,22,16,273,6100,28,50927,0,0,0,0,0,G,3,Alveolar macrophage,41,17,1,1,1_4_1,AlveolarFib
G-1166,all,26,18,1277,6135,30,66588,0,0,0,0,0,G,3,Alveolar fibroblast 1,38,19,2,2,2_4,Artery
G-1167,all,23,17,519,6324,19,55149,0,0,0,0,0,G,3,Endothelial progenitor cell,42,17,3,3,3_4,AdventitialFib
G-1168,all,10,8,937,6429,22,81437,0,0,0,0,0,G,3,Airway smooth muscle cell,29,9,3,3,3_1,SMC
G-1171,all,51,26,598,6910,18,83964,0,0,0,0,0,G,7,Proliferative mesenchymal progenitor cell,50,26,7,7,7_2,PatrolMac
G-1173,all,50,13,1825,6696,12,75568,0,0,0,0,0,G,27,Pericyte,50,13,6,6,6,AT1
G-1175,all,114,33,865,7306,26,68347,0,0,0,0,0,G,29,Alveolar type 1 cell,52,24,6,6,6,AT1
G-1176,all,27,20,19,6880,15,55988,0,0,0,0,0,G,2,B cell,39,20,9,9,9,Bcell
G-1177,all,39,14,37,6286,20,39529,0,0,0,0,0,G,22,Alveolar type 2 cell,45,15,2,2,2_2,InflamMac
G-1178,all,16,8,1144,7207,16,50814,0,0,0,0,0,G,3,Alveolar fibroblast 1,35,8,7,7,7_4,PatrolMac
G-1179,all,28,20,1341,6057,13,83848,0,0,0,0,0,G,5,Capillary 1 cell,36,21,2,2,2_1,Capillary
G-1181,all,29,17,528,6052,24,74365,0,0,0,0,0,G,16,Pericyte,37,17,5,5,5_1,Pericyte
G-1184,all,20,13,1309,7079,16,42288,0,0,0,0,0,G,4,Alveolar type 1 cell,40,14,3,3,3_1,SMC
G-1186,all,32,17,828,7297,9,56521,0,0,0,0,0,G,4,Alveolar type 1 cell,40,17,6,6,6,AT1
G-1187,all,43,12,1902,6681,9,66457,0,0,0,0,0,G,10,Alveolar type 1 cell,47,12,6,6,6,AT1
G-1189,all,9,5,1047,6227,21,52378,0,0,0,0,0,G,2,Proliferative mesenchymal progenitor cell,31,5,5,5,5_1,Pericyte
G-1191,all,22,15,303,5952,31,51072,0,0,0,0,0,G,7,Alveolar type 1 cell,42,15,2,2,2_3,Vein
G-1192,all,114,36,464,7369,20,122075,0,0,0,0,0,G,27,Alveolar type 1 cell,47,17,6,6,6,AT1
G-1195,all,21,5,1382,5682,36,16054,0,0,0,0,0,G,19,Alveolar type 2 cell,44,5,1,1,1_1,AT2
G-1203,all,35,19,1328,6440,24,132788,0,0,0,0,0,G,15,Interstitial macrophage,41,19,8,8,8_2,InterstitialMac
G-1205,all,24,15,640,7443,35,41071,0,0,0,0,0,G,7,CD4+ T cell,44,15,2,2,2_1,Capillary
G-1207,all,24,8,1874,7097,19,47139,0,0,0,0,0,G,19,Alveolar type 2 cell,45,8,1,1,1_3,AT2
G-1212,all,21,13,1219,5705,31,37147,0,0,0,0,0,G,3,Alveolar fibroblast 1,42,14,2,2,2_4,Artery
G-1214,all,6,4,1095,6584,15,79219,323671,66405,257266,0.205162,0.794838,G,3,Proliferative mesenchymal progenitor cell,22,6,3,3,3_1,SMC
G-1217,all,93,30,642,7566,15,82345,0,0,0,0,0,G,8,Alveolar type 1 cell,57,29,6,6,6,AT1
G-1218,all,43,17,1392,5783,27,80783,0,0,0,0,0,G,4,Endothelial progenitor cell,45,17,2,2,2_1,Capillary
G-1220,all,19,9,1395,5859,28,33110,0,0,0,0,0,G,4,Alveolar type 1 cell,41,9,6,6,6,AT1
G-1222,all,24,8,701,7586,8,23154,0,0,0,0,0,G,3,CD8+ T cell,42,8,7,7,7_2,PatrolMac
G-1224,all,6,5,1006,6179,14,43262,0,0,0,0,0,G,2,Sox9+/Id2+ epithelial cell,24,8,8,8,8_2,InterstitialMac
G-1225,all,9,8,727,6895,36,22562,0,0,0,0,0,G,3,Inflammatory monocyte,31,10,2,2,2_5,DC
G-1226,all,25,20,246,6788,31,41626,0,0,0,0,0,G,3,CD8+ T cell,44,21,1,1,1_6_2,Neutrophil
G-1227,all,37,13,1353,5913,30,45142,0,0,0,0,0,G,27,Alveolar type 2 cell,44,13,1,1,1_3,AT2
G-1228,all,46,9,1313,5908,36,45421,0,0,0,0,0,G,37,Alveolar type 2 cell,47,9,1,1,1_1,AT2
G-1232,all,72,30,51,6307,18,65548,0,0,0,0,0,G,35,CD4+ T cell,56,30,1,1,1_1,AT2
G-1233,all,30,13,778,6823,28,51800,0,0,0,0,0,G,5,Endothelial progenitor cell,42,13,3,3,3_6,SCMF
G-1234,all,31,4,1433,5758,10,30895,0,0,0,0,0,G,29,Alveolar type 2 cell,46,4,1,1,1_3,AT2
G-1236,all,30,24,494,7568,20,106964,0,0,0,0,0,G,5,CD4+ T cell,35,24,1,1,1_5_2,AlveolarFib
G-1237,all,65,39,796,5955,28,92020,0,0,0,0,0,G,9,Venous endothelial cell,56,39,2,2,2_3,Vein
G-1239,all,18,11,1077,6215,20,76299,0,0,0,0,0,G,4,Pericyte,38,11,5,5,5_1,Pericyte
G-1243,all,82,26,221,6720,23,136142,0,0,0,0,0,G,46,Alveolar fibroblast 1,58,27,3,3,3_5,SMC
G-1244,all,43,19,1342,7072,19,51143,0,0,0,0,0,G,4,Alveolar type 1 cell,45,19,8,8,8_2,InterstitialMac
G-1245,all,29,15,1026,7190,19,53329,0,0,0,0,0,G,15,Interstitial macrophage,41,15,8,8,8_3,InterstitialMac
G-1247,all,72,21,1073,7147,28,69517,0,0,0,0,0,G,17,Alveolar type 1 cell,53,21,6,6,6,AT1
G-1248,all,123,29,291,6181,26,96415,0,0,0,0,0,G,14,Alveolar type 1 cell,43,9,6,6,6,AT1
G-1250,all,15,13,520,6269,35,25546,0,0,0,0,0,G,9,B cell,29,13,9,9,9,Bcell
G-1251,all,25,15,397,5990,23,46485,0,0,0,0,0,G,4,Endothelial progenitor cell,43,15,2,2,2_3,Vein
G-1252,all,52,12,841,6399,32,72421,0,0,0,0,0,G,10,Alveolar type 1 cell,50,12,6,6,6,AT1
G-1254,all,20,12,6,5934,34,30619,0,0,0,0,0,G,5,B cell,40,12,9,9,9,Bcell
G-1256,all,14,12,1779,6471,34,37519,0,0,0,0,0,G,4,Sox9+/Id2+ epithelial cell,36,12,2,2,2_1,Capillary
G-1257,all,56,16,1534,6771,15,41760,0,0,0,0,0,G,43,Alveolar type 2 cell,51,16,1,1,1_3,AT2
G-1260,all,15,10,1245,5724,32,36539,0,0,0,0,0,G,7,Sox9+/Id2+ epithelial cell,30,10,5,5,5_1,Pericyte
G-1262,all,28,21,453,6017,33,52805,0,0,0,0,0,G,7,Capillary 1 cell,41,21,2,2,2_3,Vein
G-1265,all,12,10,503,6297,31,27636,0,0,0,0,0,G,3,B cell,39,11,3,3,3_1,SMC
G-1266,all,15,9,4,6135,34,24781,0,0,0,0,0,G,4,B cell,28,9,9,9,9,Bcell
G-1267,all,20,15,855,6039,23,49144,0,0,0,0,0,G,2,Mast cell,38,15,7,7,7_2,PatrolMac
G-1268,all,30,21,1379,5985,14,96720,0,0,0,0,0,G,4,Sox9+/Id2+ epithelial cell,39,20,2,2,2_1,Capillary
G-1269,all,32,17,18,6274,31,29804,0,0,0,0,0,G,11,Alveolar type 2 cell,42,17,7,7,7_2,PatrolMac
G-1270,all,36,10,1561,6750,10,41387,0,0,0,0,0,G,29,Alveolar type 2 cell,44,10,1,1,1_3,AT2
G-1271,all,15,7,1336,7029,23,23332,0,0,0,0,0,G,4,Alveolar type 1 cell,37,7,6,6,6,AT1
G-1272,all,35,19,1390,5938,31,53184,0,0,0,0,0,G,13,Pericyte,44,19,5,5,5_1,Pericyte
G-1273,all,27,18,277,5867,22,50370,0,0,0,0,0,G,10,Inflammatory monocyte,43,18,3,3,3_6,SCMF
G-1275,all,40,23,1332,6116,28,100184,0,0,0,0,0,G,14,Pericyte,43,23,5,5,5_1,Pericyte
G-1277,all,15,12,394,6169,37,14130,0,0,0,0,0,G,7,Pericyte,29,12,5,5,5_1,Pericyte
G-1280,all,23,15,1531,6561,25,77815,0,0,0,0,0,G,7,B cell,43,16,3,3,3_1,SMC
G-1282,all,53,22,1474,5889,25,97350,0,0,0,0,0,G,11,Alveolar type 1 cell,50,22,6,6,6,AT1
G-1283,all,12,5,1843,6572,38,20443,0,0,0,0,0,G,2,Innate lymphoid cell,33,6,1,1,1_6_2,Neutrophil
G-1285,all,14,4,1693,7130,4,8956,0,0,0,0,0,G,11,Sox9+/Id2+ epithelial cell,36,4,1,1,1_3,AT2
G-1287,all,12,5,1151,5689,4,6915,0,0,0,0,0,G,10,Alveolar type 2 cell,35,5,1,1,1_1,AT2
G-1288,all,27,18,763,6864,32,27699,0,0,0,0,0,G,11,Alveolar type 1 cell,42,18,6,6,6,AT1
G-1290,all,18,13,545,6089,13,37372,0,0,0,0,0,G,5,Endothelial progenitor cell,37,13,5,5,5_3,Pericyte
G-1292,all,108,29,897,7265,20,73926,0,0,0,0,0,G,74,Alveolar type 2 cell,53,22,1,1,1_3,AT2
G-1293,all,80,17,1052,7259,28,94106,0,0,0,0,0,G,67,Alveolar type 2 cell,54,18,3,3,3_5,SMC
G-1295,all,31,10,2,6034,22,17969,0,0,0,0,0,G,21,Pericyte,43,10,5,5,5_3,Pericyte
G-1297,all,22,15,57,6265,39,18856,0,0,0,0,0,G,2,Alveolar fibroblast 1,42,15,2,2,2_3,Vein
G-1299,all,25,16,1793,6387,29,50688,0,0,0,0,0,G,8,Alveolar type 2 cell,47,16,5,5,5_3,Pericyte
G-1307,all,24,12,1884,6419,18,46444,0,0,0,0,0,G,9,Arterial endothelial cell,43,12,2,2,2_6,pDC
G-1309,all,52,28,1048,7170,23,61310,0,0,0,0,0,G,16,Interstitial macrophage,51,28,8,8,8_3,InterstitialMac
G-1310,all,21,15,751,7594,30,29067,0,0,0,0,0,G,11,Alveolar fibroblast 1,40,15,5,5,5_1,Pericyte
G-1313,all,15,9,247,6093,33,22848,0,0,0,0,0,G,2,Mesothelial cell,36,9,3,3,3_3,AdventitialFib
G-1315,all,44,12,476,7282,18,39969,0,0,0,0,0,G,36,Alveolar type 2 cell,47,12,1,1,1_1,AT2
G-1316,all,21,14,1589,6238,25,52009,0,0,0,0,0,G,3,Capillary 1 cell,42,14,8,8,8_2,InterstitialMac
G-1318,all,9,6,1284,7067,26,30740,0,0,0,0,0,G,3,Proliferative mesenchymal progenitor cell,30,7,3,3,3_1,SMC
G-1321,all,6,3,97,6632,5,5085,0,0,0,0,0,G,3,Natural killer cell,27,7,2,2,2_2,InflamMac
G-1324,all,23,11,1177,5752,22,25348,0,0,0,0,0,G,16,Alveolar type 2 cell,45,11,1,1,1_3,AT2
G-1328,all,48,36,3056,1774,32,86907,0,0,0,0,0,G,13,Alveolar fibroblast 1,47,35,1,1,1_5_1,LymphaticEndo
G-1329,all,23,17,2650,163,7,26476,0,0,0,0,0,G,8,Mesothelial cell,37,17,3,3,3_4,AdventitialFib
G-1331,all,85,14,3515,1635,35,59030,0,0,0,0,0,G,71,Alveolar type 2 cell,53,14,1,1,1_3,AT2
G-1333,all,58,28,3409,1452,32,67094,0,0,0,0,0,G,16,Alveolar fibroblast 1,54,29,3,3,3_1,SMC
G-1334,all,35,22,2157,398,38,38255,0,0,0,0,0,G,7,Pericyte,40,22,5,5,5_1,Pericyte
G-1335,all,89,44,3327,736,18,68234,0,0,0,0,0,G,19,Alveolar fibroblast 2,62,44,3,3,3_3,AdventitialFib
G-1337,all,22,17,1961,1743,30,36135,0,0,0,0,0,G,8,T regulatory cell,41,18,3,3,3_1,SMC
G-1338,all,40,22,3374,793,33,52700,0,0,0,0,0,G,8,Interstitial macrophage,42,22,3,3,3_4,AdventitialFib
G-1340,all,85,40,2583,134,25,93972,0,66,0,1,0,G,26,Alveolar fibroblast 2,59,40,5,5,5_1,Pericyte
G-1341,all,156,64,2179,440,20,94693,0,0,0,0,0,G,42,Alveolar fibroblast 2,49,31,3,3,3_3,AdventitialFib
G-1342,all,55,34,3743,933,30,83953,0,0,0,0,0,G,4,Sox9+/Id2+ epithelial cell,54,34,2,2,2_1,Capillary
G-1343,all,52,28,3513,1371,31,76038,0,0,0,0,0,G,6,Vascular smooth muscle cell,51,28,6,6,6,AT1
G-1347,all,53,32,2794,1933,32,106544,0,0,0,0,0,G,8,Alveolar fibroblast 1,52,32,2,2,2_3,Vein
G-1348,all,41,22,3420,1209,35,49995,0,0,0,0,0,G,11,Inflammatory monocyte,43,23,3,3,3_1,SMC
G-1350,all,35,24,2054,453,28,50039,0,0,0,0,0,G,13,Vascular smooth muscle cell,40,24,3,3,3_6,SCMF
G-1351,all,38,25,1991,472,34,55461,0,0,0,0,0,G,8,Alveolar fibroblast 1,41,25,3,3,3_1,SMC
G-1352,all,25,13,2514,23,29,31686,0,0,0,0,0,G,5,Alveolar fibroblast 2,42,13,3,3,3_3,AdventitialFib
G-1354,all,58,22,3717,1213,32,78473,0,0,0,0,0,G,11,Natural killer cell,51,22,7,7,7_2,PatrolMac
G-1355,all,17,12,2604,29,23,35150,0,0,0,0,0,G,6,Endothelial progenitor cell,33,12,2,2,2_6,pDC
G-1358,all,54,31,2031,374,37,48170,0,0,0,0,0,G,12,Vascular smooth muscle cell,54,31,2,2,2_4,Artery
G-1359,all,49,28,2415,1759,7,37938,0,0,0,0,0,G,13,Interstitial macrophage,49,28,8,8,8_3,InterstitialMac
G-1360,all,45,15,3347,1712,14,90245,0,0,0,0,0,G,24,Alveolar type 2 cell,47,16,2,2,2_2,InflamMac
G-1361,all,124,43,3558,932,32,93894,0,0,0,0,0,G,71,Alveolar type 2 cell,43,18,1,1,1_3,AT2
G-1362,all,33,13,3447,1642,8,35316,0,0,0,0,0,G,21,Alveolar type 2 cell,42,13,1,1,1_1,AT2
G-1363,all,23,15,3489,1923,27,84153,0,0,0,0,0,G,7,B cell,42,15,9,9,9,Bcell
G-1364,all,19,16,2518,1740,6,16625,0,0,0,0,0,G,8,Alveolar fibroblast 2,36,16,3,3,3_3,AdventitialFib
G-1367,all,28,19,3752,1760,15,60700,0,0,0,0,0,G,9,Alveolar type 1 cell,41,19,6,6,6,AT1
G-1368,all,27,18,3673,982,12,31800,0,0,0,0,0,G,4,Pericyte,44,18,5,5,5_1,Pericyte
G-1369,all,52,33,2964,1774,36,82124,0,0,0,0,0,G,7,Alveolar fibroblast 1,49,33,1,1,1_5_1,LymphaticEndo
G-1372,all,45,26,3663,458,34,51136,0,0,0,0,0,G,10,Capillary 1 cell,45,26,3,3,3_3,AdventitialFib
G-1373,all,43,28,2261,113,32,63208,0,0,0,0,0,G,12,Alveolar fibroblast 2,44,28,3,3,3_3,AdventitialFib
G-1375,all,32,19,2421,473,27,25061,0,0,0,0,0,G,10,Alveolar fibroblast 2,40,19,3,3,3_3,AdventitialFib
G-1378,all,169,66,2812,1687,17,115429,0,0,0,0,0,G,39,Interstitial macrophage,49,29,8,8,8_3,InterstitialMac
G-1379,all,28,9,3413,860,24,14066,0,0,0,0,0,G,10,Mesothelial cell,40,9,3,3,3_3,AdventitialFib
G-1380,all,139,28,3680,1193,28,85501,0,0,0,0,0,G,112,Sox9+/Id2+ epithelial cell,46,10,1,1,1_3,AT2
G-1382,all,132,59,2576,332,29,94647,0,0,0,0,0,G,42,Interstitial macrophage,47,26,8,8,8_3,InterstitialMac
G-1384,all,67,46,2809,1788,30,97495,0,0,0,0,0,G,13,Alveolar fibroblast 1,59,47,3,3,3_1,SMC
G-1387,all,81,42,2675,1601,23,101970,0,0,0,0,0,G,17,Alveolar fibroblast 1,58,41,1,1,1_5_1,LymphaticEndo
G-1388,all,29,20,2703,177,15,22771,0,0,0,0,0,G,9,Mesothelial cell,39,20,3,3,3_3,AdventitialFib
G-1391,all,40,24,2555,102,21,52531,125,0,59,0,1,G,14,Inflammatory monocyte,41,24,3,3,3_3,AdventitialFib
G-1393,all,30,20,3463,919,11,28913,0,0,0,0,0,G,6,Neutrophil,36,20,8,8,8_3,InterstitialMac
G-1394,all,20,11,2060,526,16,18596,0,0,0,0,0,G,3,Mesothelial cell,39,11,3,3,3_3,AdventitialFib
G-1395,all,46,19,3699,1001,15,58933,0,0,0,0,0,G,20,Pericyte,47,19,5,5,5_3,Pericyte
G-1397,all,66,7,3439,1863,33,45892,0,0,0,0,0,G,62,Sox9+/Id2+ epithelial cell,51,7,1,1,1_1,AT2
G-1399,all,35,12,3455,1715,38,16740,0,0,0,0,0,G,24,Alveolar type 2 cell,43,12,1,1,1_3,AT2
G-1400,all,22,16,3179,1766,10,26516,0,0,0,0,0,G,5,Endothelial progenitor cell,40,16,2,2,2_3,Vein
G-1402,all,85,44,2089,399,25,108968,0,0,0,0,0,G,36,Vascular smooth muscle cell,64,44,3,3,3_3,AdventitialFib
G-1403,all,21,14,3478,1537,16,63547,0,0,0,0,0,G,3,Pericyte,39,14,5,5,5_1,Pericyte
G-1404,all,50,27,3136,1781,10,79790,0,0,0,0,0,G,19,Pericyte,50,27,5,5,5_1,Pericyte
G-1407,all,8,6,2047,1763,6,10323,0,0,0,0,0,G,3,Mesothelial cell,23,8,3,3,3_3,AdventitialFib
G-1410,all,37,22,3764,1705,14,59445,0,0,0,0,0,G,11,Pericyte,41,22,5,5,5_1,Pericyte
G-1412,all,26,18,1959,373,41,18408,0,0,0,0,0,G,7,Pericyte,42,19,2,2,2_4,Artery
G-1413,all,15,10,2683,156,8,15208,0,0,0,0,0,G,7,Alveolar fibroblast 2,31,10,2,2,2_6,pDC
G-1414,all,31,20,3496,911,11,20621,0,0,0,0,0,G,14,Interstitial macrophage,36,20,8,8,8_3,InterstitialMac
G-1416,all,105,35,3450,1413,36,64127,0,0,0,0,0,G,17,Alveolar type 1 cell,57,27,6,6,6,AT1
G-1417,all,49,26,3605,1125,35,82965,0,0,0,0,0,G,6,Capillary 1 cell,49,26,2,2,2_3,Vein
G-1418,all,101,42,2440,1727,12,55843,0,0,0,0,0,G,23,Interstitial macrophage,57,35,8,8,8_3,InterstitialMac
G-1419,all,48,13,3435,1610,11,42293,0,0,0,0,0,G,35,Alveolar type 2 cell,48,13,1,1,1_1,AT2
G-1420,all,38,21,2573,47,20,50496,0,0,0,0,0,G,10,Interstitial macrophage,43,21,8,8,8_1,AlveolarMac
G-1421,all,98,48,2463,515,22,90824,0,0,0,0,0,G,15,Arterial endothelial cell,65,47,2,2,2_1,Capillary
G-1422,all,76,29,2114,494,21,98332,0,0,0,0,0,G,16,Alveolar fibroblast 2,59,29,3,3,3_3,AdventitialFib
G-1423,all,14,11,2492,280,17,22388,0,0,0,0,0,G,3,Proliferative mesenchymal progenitor cell,32,12,3,3,3_1,SMC
G-1424,all,62,28,3744,1092,20,101134,0,0,0,0,0,G,15,CD8+ T cell,54,28,2,2,2_3,Vein
G-1427,all,28,18,2936,1935,22,58595,0,0,0,0,0,G,6,Inflammatory monocyte,42,20,2,2,2_5,DC
G-1429,all,56,37,2617,82,21,81216,0,0,0,0,0,G,12,Venous endothelial cell,54,37,3,3,3_4,AdventitialFib
G-1430,all,102,38,2469,185,19,109331,0,0,0,0,0,G,23,Venous endothelial cell,57,30,3,3,3_3,AdventitialFib
G-1431,all,35,21,3296,706,5,25434,0,0,0,0,0,G,12,Alveolar fibroblast 2,42,21,3,3,3_3,AdventitialFib
G-1434,all,20,13,2480,1759,5,18729,0,0,0,0,0,G,5,CD4+ T cell,40,13,3,3,3_4,AdventitialFib
G-1435,all,18,16,2489,1727,8,22155,0,0,0,0,0,G,4,Arterial endothelial cell,38,17,2,2,2_4,Artery
G-1436,all,19,16,2285,612,16,20186,0,0,0,0,0,G,4,Interstitial macrophage,36,16,8,8,8_3,InterstitialMac
G-1438,all,32,18,2350,598,14,35580,0,0,0,0,0,G,2,Proliferative mesenchymal progenitor cell,44,19,3,3,3_1,SMC
G-1439,all,24,10,3683,1112,9,30875,0,0,0,0,0,G,2,Alveolar type 1 cell,45,10,6,6,6,AT1
G-1441,all,74,40,3441,1783,20,130032,0,0,0,0,0,G,18,B cell,53,40,9,9,9,Bcell
G-1442,all,17,14,2587,1303,5,21229,0,0,0,0,0,G,2,Capillary 1 cell,34,14,3,3,3_3,AdventitialFib
G-1445,all,17,14,2220,323,38,20409,0,0,0,0,0,G,2,Inflammatory monocyte,32,14,7,7,7_2,PatrolMac
G-1448,all,52,33,2041,425,29,57591,0,0,0,0,0,G,18,Arterial endothelial cell,52,33,3,3,3_2,SMC
G-1449,all,112,57,2589,186,23,110039,0,0,0,0,0,G,31,Mesothelial cell,52,36,3,3,3_3,AdventitialFib
G-1450,all,96,61,2384,649,22,58441,0,0,0,0,0,G,15,Interstitial macrophage,68,61,8,8,8_3,InterstitialMac
G-1453,all,44,34,3492,1499,20,98076,1218,0,1218,0,1,G,12,Pericyte,44,34,5,5,5_3,Pericyte
G-1454,all,111,49,3407,1822,24,130532,0,0,0,0,0,G,37,Alveolar fibroblast 1,46,29,2,2,2_2,InflamMac
G-1455,all,108,31,3709,1150,22,92654,0,0,0,0,0,G,62,AT1/AT2,51,20,6,6,6,AT1
G-1457,all,38,23,2528,105,34,28751,0,0,0,0,0,G,8,Interstitial macrophage,42,23,8,8,8_3,InterstitialMac
G-1459,all,119,56,2625,1405,11,71222,0,0,0,0,0,G,34,Interstitial macrophage,48,31,8,8,8_3,InterstitialMac
G-1460,all,45,28,2599,1337,5,23591,0,0,0,0,0,G,6,Arterial endothelial cell,46,29,2,2,2_4,Artery
G-1462,all,90,40,2513,320,12,73439,0,0,0,0,0,G,11,Lymphatic endothelial cell,59,40,2,2,2_3,Vein
G-1466,all,24,19,2942,1888,32,70362,0,0,0,0,0,G,2,Alveolar type 1 cell,45,19,6,6,6,AT1
G-1467,all,73,31,3388,1664,11,90672,0,0,0,0,0,G,41,Pericyte,54,31,5,5,5_1,Pericyte
G-1468,all,30,13,3173,1706,31,34122,0,0,0,0,0,G,14,Sox9+/Id2+ epithelial cell,42,13,1,1,1_1,AT2
G-1470,all,128,44,3365,1789,32,89271,0,0,0,0,0,G,26,Arterial endothelial cell,44,19,6,6,6,AT1
G-1471,all,83,39,2401,513,25,69812,0,0,0,0,0,G,15,Alveolar macrophage,62,39,3,3,3_3,AdventitialFib
G-1472,all,11,7,2500,250,16,19920,0,0,0,0,0,G,3,Sox9+/Id2+ epithelial cell,29,7,1,1,1_3,AT2
G-1475,all,54,11,3460,1893,33,43271,0,0,0,0,0,G,44,Sox9+/Id2+ epithelial cell,50,11,1,1,1_1,AT2
G-1476,all,81,50,2353,674,23,48952,0,0,0,0,0,G,17,Alveolar macrophage,63,50,8,8,8_1,AlveolarMac
G-1477,all,137,53,3194,1657,24,124531,0,0,0,0,0,G,35,Alveolar fibroblast 1,46,32,2,2,2_4,Artery
G-1479,all,39,18,2271,581,21,52391,0,0,0,0,0,G,2,Inflammatory monocyte,43,18,3,3,3_4,AdventitialFib
G-1480,all,23,19,2546,283,9,16877,52,0,52,0,1,G,2,Venous endothelial cell,42,19,2,2,2_3,Vein
G-1485,all,76,42,2531,59,25,77245,0,0,0,0,0,G,14,Arterial endothelial cell,58,42,8,8,8_3,InterstitialMac
G-1486,all,30,22,2313,627,10,28691,0,0,0,0,0,G,5,Alveolar macrophage,37,22,7,7,7_4,PatrolMac
G-1487,all,53,20,3390,1251,39,51436,0,0,0,0,0,G,8,Alveolar type 1 cell,52,21,1,1,1_4_1,AlveolarFib
G-1489,all,57,28,2563,409,11,30573,0,0,0,0,0,G,13,Sox9+/Id2+ epithelial cell,55,28,2,2,2_1,Capillary
G-1490,all,136,49,3419,1532,25,112485,0,0,0,0,0,G,30,Alveolar type 1 cell,42,17,6,6,6,AT1
G-1491,all,38,20,3683,427,32,47899,0,0,0,0,0,G,14,Alveolar type 1 cell,43,20,6,6,6,AT1
G-1492,all,26,15,2449,294,22,32095,0,0,0,0,0,G,8,Inflammatory monocyte,45,15,2,2,2_3,Vein
G-1495,all,91,50,2348,639,18,65075,0,0,0,0,0,G,19,Interstitial macrophage,64,49,8,8,8_3,InterstitialMac
G-1496,all,15,12,1830,460,21,30286,0,0,0,0,0,G,6,Vascular smooth muscle cell,35,14,2,2,2_4,Artery
G-1498,all,61,32,3395,1591,16,77265,0,0,0,0,0,G,16,Venous endothelial cell,53,32,1,1,1_5_4,pDC
G-1499,all,29,21,2584,411,10,30996,0,0,0,0,0,G,3,Endothelial progenitor cell,38,21,3,3,3_4,AdventitialFib
G-1503,all,52,26,3152,1676,29,53172,0,0,0,0,0,G,24,Arterial endothelial cell,52,26,2,2,2_1,Capillary
G-1504,all,117,55,2492,752,10,97988,0,0,0,0,0,G,26,Mesothelial cell,45,25,3,3,3_3,AdventitialFib
G-1505,all,50,23,1981,408,33,71677,0,0,0,0,0,G,13,Alveolar fibroblast 1,50,23,2,2,2_4,Artery
G-1506,all,51,25,3401,826,29,52259,0,0,0,0,0,G,13,Proliferative mesenchymal progenitor cell,50,25,3,3,3_4,AdventitialFib
G-1510,all,53,35,3091,1721,36,62608,0,0,0,0,0,G,8,Sox9+/Id2+ epithelial cell,52,35,8,8,8_2,InterstitialMac
G-1516,all,7,5,2471,1703,5,8834,0,0,0,0,0,G,5,CD8+ T cell,25,8,3,3,3_3,AdventitialFib
G-1519,all,37,28,1960,447,24,70263,0,0,0,0,0,G,10,Arterial endothelial cell,39,28,3,3,3_2,SMC
G-1520,all,44,24,2558,1372,6,23526,0,0,0,0,0,G,6,Alveolar fibroblast 2,44,24,3,3,3_3,AdventitialFib
G-1522,all,31,20,3690,1953,22,86865,0,0,0,0,0,G,3,Capillary 1 cell,41,20,2,2,2_1,Capillary
G-1523,all,15,10,1946,490,16,18779,0,0,0,0,0,G,3,Secondary crest myofibroblast,34,11,3,3,3_2,SMC
G-1525,all,98,48,3260,139,37,106717,0,0,0,0,0,G,24,Alveolar macrophage,66,45,3,3,3_3,AdventitialFib
G-1526,all,35,21,2546,1336,5,20334,0,0,0,0,0,G,6,Alveolar fibroblast 2,41,21,3,3,3_3,AdventitialFib
G-1527,all,48,30,2233,608,20,46646,0,0,0,0,0,G,8,Alveolar fibroblast 2,48,30,3,3,3_3,AdventitialFib
G-1530,all,26,18,3515,1130,38,42975,0,0,0,0,0,G,5,Mesothelial cell,43,19,3,3,3_1,SMC
G-1534,all,14,7,3436,875,23,7072,0,0,0,0,0,G,4,Mesothelial cell,30,7,3,3,3_3,AdventitialFib
G-1535,all,21,16,3641,1064,30,46918,0,0,0,0,0,G,2,Inflammatory monocyte,42,17,3,3,3_2,SMC
G-1538,all,26,13,2590,232,27,13736,0,0,0,0,0,G,6,Mesothelial cell,42,13,3,3,3_3,AdventitialFib
G-1539,all,50,23,3741,1140,25,56670,0,0,0,0,0,G,22,Sox9+/Id2+ epithelial cell,49,23,6,6,6,AT1
G-1546,all,90,47,3395,3290,28,74898,0,0,0,0,0,G,9,Capillary 1 cell,62,47,2,2,2_2,InflamMac
G-1547,all,82,30,3056,3672,36,40338,0,0,0,0,0,G,11,Alveolar macrophage,58,30,8,8,8_1,AlveolarMac
G-1548,all,160,65,2233,2207,17,89220,0,0,0,0,0,G,42,Alveolar fibroblast 1,44,30,1,1,1_5_1,LymphaticEndo
G-1549,all,101,36,3214,3619,27,58497,0,0,0,0,0,G,15,Arterial endothelial cell,62,37,2,2,2_4,Artery
G-1552,all,241,39,2606,3501,21,62087,0,0,0,0,0,G,191,Ciliated cell,60,39,4,4,4_2,CiliatedEpi
G-1554,all,71,30,3375,2272,30,66772,0,0,0,0,0,G,14,Inflammatory monocyte,56,31,2,2,2_2,InflamMac
G-1555,all,195,67,2506,3497,34,50662,0,0,0,0,0,G,110,Endothelial progenitor cell,38,23,4,4,4_2,CiliatedEpi
G-1557,all,154,61,2763,3262,25,80294,0,0,0,0,0,G,22,Proliferative mesenchymal progenitor cell,47,29,1,1,1_2_1,Tcell (CD4)
G-1558,all,88,45,2129,2198,28,69407,0,0,0,0,0,G,10,Alveolar type 1 cell,64,44,6,6,6,AT1
G-1559,all,285,36,2044,3242,28,56748,0,0,0,0,0,G,241,Endothelial progenitor cell,55,7,4,4,4_2,ClubEpi
G-1560,all,44,28,3528,3000,26,20572,0,0,0,0,0,G,4,Alveolar type 1 cell,44,28,1,1,1_3,AT2
G-1561,all,42,23,2557,2187,21,47118,0,0,0,0,0,G,11,Alveolar fibroblast 1,44,23,1,1,1_4_3,AlveolarFib
G-1563,all,180,48,2094,3310,35,45154,0,0,0,0,0,G,118,Endothelial progenitor cell,64,48,4,4,4_2,CiliatedEpi
G-1564,all,60,33,2532,2281,24,68906,0,0,0,0,0,G,11,Proliferative mesenchymal progenitor cell,57,33,5,5,5_3,Pericyte
G-1565,all,277,38,2342,3282,28,61088,0,0,0,0,0,G,236,Secretory cell,59,37,4,4,4_2,CiliatedEpi
G-1566,all,271,45,2226,3195,22,72464,0,0,0,0,0,G,202,Endothelial progenitor cell,64,45,4,4,4_2,CiliatedEpi
G-1567,all,81,41,3150,3391,36,48314,0,0,0,0,0,G,4,Chondrocyte,56,42,2,2,2_1,Capillary
G-1568,all,322,106,3474,3359,22,120952,1204354,387156,817198,0.3214636,0.6785364,G,67,Pericyte,44,31,1,1,1_2_1,Tcell (CD4)
G-1569,all,86,40,2360,3072,33,68254,0,0,0,0,0,G,6,Alveolar fibroblast 1,62,40,3,3,3_1,SMC
G-1570,all,19,11,2899,2404,11,39138,0,0,0,0,0,G,5,B cell,38,11,1,1,1_2_3,Tcell (CD4)
G-1571,all,131,55,2483,2805,34,57783,0,0,0,0,0,G,8,Mesothelial cell,39,21,3,3,3_3,AdventitialFib
G-1572,all,57,32,2501,2310,31,62723,0,0,0,0,0,G,13,Innate lymphoid cell,55,32,2,2,2_3,Vein
G-1573,all,123,43,2537,3646,26,30282,0,0,0,0,0,G,70,Secretory cell,45,16,4,4,4_2,ClubEpi
G-1574,all,106,51,2813,3360,28,59084,0,0,0,0,0,G,16,Alveolar fibroblast 1,60,43,1,1,1_5_1,LymphaticEndo
G-1575,all,122,53,2599,3101,33,59720,0,0,0,0,0,G,17,Ciliated cell,45,31,1,1,1_5_2,AlveolarFib
G-1577,all,73,35,2782,2920,22,85857,0,0,0,0,0,G,25,Inflammatory monocyte,55,36,1,1,1_4_3,AlveolarFib
G-1578,all,21,15,2794,3090,39,26873,0,0,0,0,0,G,5,CD8+ T cell,39,15,6,6,6,AT1
G-1579,all,55,32,3267,3700,34,57440,0,0,0,0,0,G,3,Endothelial progenitor cell,54,32,8,8,8_1,AlveolarMac
G-1584,all,76,36,2797,3310,36,51166,0,0,0,0,0,G,23,Alveolar fibroblast 1,60,37,1,1,1_4_3,AlveolarFib
G-1586,all,284,66,2628,3648,31,80909,0,0,0,0,0,G,178,Secretory cell,50,16,4,4,4_2,ClubEpi
G-1587,all,50,23,2695,2421,22,51365,0,0,0,0,0,G,27,Alveolar type 1 cell,50,24,1,1,1_4_3,AlveolarFib
G-1589,all,47,25,3033,3395,20,25859,0,0,0,0,0,G,7,Alveolar type 1 cell,47,25,6,6,6,AT1
G-1590,all,118,50,2525,2767,33,75078,0,0,0,0,0,G,44,Pericyte,43,23,5,5,5_1,Pericyte
G-1593,all,179,36,2931,2638,19,72628,0,0,0,0,0,G,141,Alveolar type 2 cell,48,14,1,1,1_3,AT2
G-1594,all,75,39,2533,2153,24,53035,0,0,0,0,0,G,8,B cell,53,39,5,5,5_3,Pericyte
G-1596,all,47,26,3310,3429,38,24331,0,0,0,0,0,G,3,T regulatory cell,48,27,1,1,1_6_2,Neutrophil
G-1598,all,107,49,2962,3442,34,52729,0,0,0,0,0,G,22,Alveolar fibroblast 1,59,40,3,3,3_3,AdventitialFib
G-1603,all,116,49,3480,3049,21,69502,0,0,0,0,0,G,10,Inflammatory monocyte,43,26,2,2,2_1,Capillary
G-1604,all,144,56,2508,2350,29,82640,0,0,0,0,0,G,29,Alveolar type 1 cell,45,22,3,3,3_1,SMC
G-1606,all,47,29,2879,2525,31,60619,0,0,0,0,0,G,5,Capillary 1 cell,47,29,2,2,2_1,Capillary
G-1607,all,45,21,2436,2683,38,25812,0,0,0,0,0,G,2,Proliferative mesenchymal progenitor cell,46,21,1,1,1_5_2,AlveolarFib
G-1608,all,123,51,3511,3290,37,62200,20116,1247,18983,0.06164113,0.9383589,G,14,Alveolar macrophage,41,16,1,1,1_4_1,AlveolarFib
G-1609,all,185,61,2665,3653,27,59138,0,0,0,0,0,G,107,Venous endothelial cell,70,58,4,4,4_2,CiliatedEpi
G-1611,all,40,24,2699,3046,27,33977,0,0,0,0,0,G,8,Innate lymphoid cell,42,24,7,7,7_4,PatrolMac
G-1613,all,121,34,3035,2048,21,68963,0,0,0,0,0,G,14,Alveolar type 1 cell,48,20,6,6,6,AT1
G-1614,all,46,26,2959,2510,13,54682,0,0,0,0,0,G,8,Endothelial progenitor cell,46,26,2,2,2_6,pDC
G-1615,all,87,41,3348,3739,13,41736,0,0,0,0,0,G,14,Interstitial macrophage,61,40,8,8,8_3,InterstitialMac
G-1616,all,344,56,2688,3686,18,62636,0,0,0,0,0,G,260,Secretory cell,55,12,4,4,4_2,ClubEpi
G-1618,all,233,42,2602,3561,25,55875,0,0,0,0,0,G,176,Ciliated cell,63,42,4,4,4_2,CiliatedEpi
G-1619,all,311,71,2468,3390,28,74276,0,0,0,0,0,G,195,Secretory cell,52,19,4,4,4_2,ClubEpi
G-1622,all,38,10,3121,2585,10,28808,0,0,0,0,0,G,28,Alveolar type 2 cell,45,10,1,1,1_1,AT2
G-1623,all,228,58,2250,3292,30,57369,0,0,0,0,0,G,167,Secretory cell,68,56,4,4,4_2,CiliatedEpi
G-1624,all,91,41,2427,2346,25,83276,0,0,0,0,0,G,4,Alveolar type 1 cell,58,41,6,6,6,AT1
G-1626,all,194,43,2343,3336,35,39350,0,0,0,0,0,G,152,Ciliated cell,53,14,4,4,4_2,ClubEpi
G-1629,all,27,17,2063,2926,34,20319,0,0,0,0,0,G,3,Mesothelial cell,44,17,3,3,3_3,AdventitialFib
G-1630,all,144,66,2015,2006,26,93639,0,0,0,0,0,G,18,B cell,46,32,7,7,7_3,Tcell (CD8)
G-1633,all,48,24,2985,2060,29,63085,0,0,0,0,0,G,11,CD4+ T cell,48,24,5,5,5_3,Pericyte
G-1634,all,7,3,2906,2243,30,13593,0,0,0,0,0,G,4,Alveolar fibroblast 1,25,5,1,1,1_4_3,AlveolarFib
G-1635,all,102,45,3349,3784,15,53538,0,0,0,0,0,G,10,Arterial endothelial cell,59,35,3,3,3_5,SMC
G-1637,all,40,20,2587,2954,24,57364,0,0,0,0,0,G,13,CD8+ T cell,43,20,7,7,7_4,PatrolMac
G-1638,all,57,31,2921,3431,36,35271,0,0,0,0,0,G,19,Alveolar macrophage,54,31,3,3,3_4,AdventitialFib
G-1640,all,12,8,2962,3663,19,13303,0,0,0,0,0,G,2,Alveolar fibroblast 1,31,9,1,1,1_4_1,AlveolarFib
G-1641,all,104,25,3569,3794,15,39154,0,0,0,0,0,G,81,Alveolar type 2 cell,53,19,1,1,1_3,AT2
G-1642,all,318,93,1988,3389,26,91927,0,0,0,0,0,G,169,Alveolar fibroblast 1,49,26,4,4,4_1_2,ClubEpi
G-1645,all,66,34,2681,3409,21,46107,0,0,0,0,0,G,18,Interstitial macrophage,58,34,8,8,8_3,InterstitialMac
G-1646,all,182,68,2095,2386,27,116129,0,0,0,0,0,G,28,Interstitial macrophage,53,34,8,8,8_2,InterstitialMac
G-1648,all,84,15,2272,3184,13,25066,0,0,0,0,0,G,68,Secretory cell,58,15,4,4,4_2,ClubEpi
G-1649,all,185,65,2141,3361,36,41035,0,0,0,0,0,G,108,Natural killer cell,54,40,4,4,4_2,CiliatedEpi
G-1651,all,16,11,2859,2213,29,29757,0,0,0,0,0,G,12,B cell,32,11,1,1,1_5_4,pDC
G-1654,all,417,86,2558,3552,31,108203,0,0,0,0,0,G,234,Alveolar fibroblast 1,52,22,4,4,4_2,ClubEpi
G-1656,all,180,36,1986,3254,15,43498,0,0,0,0,0,G,143,Secretory cell,50,35,4,4,4_2,CiliatedEpi
G-1658,all,32,17,2613,2550,7,39562,0,0,0,0,0,G,7,Capillary 1 cell,41,17,2,2,2_3,Vein
G-1660,all,238,50,2309,3307,32,60198,0,0,0,0,0,G,182,Secretory cell,54,13,4,4,4_2,ClubEpi
G-1662,all,38,26,2790,2720,35,36126,0,0,0,0,0,G,8,Alveolar fibroblast 1,41,27,3,3,3_1,SMC
G-1665,all,370,66,2238,3245,25,71163,0,0,0,0,0,G,297,Endothelial progenitor cell,52,7,4,4,4_2,ClubEpi
G-1667,all,93,43,3670,3399,18,65015,0,0,0,0,0,G,9,Inflammatory monocyte,59,40,2,2,2_1,Capillary
G-1669,all,130,59,2656,2451,24,123187,0,0,0,0,0,G,32,B cell,45,30,9,9,9,Bcell
G-1670,all,57,32,2345,3110,31,31838,0,0,0,0,0,G,9,Interstitial macrophage,54,32,8,8,8_3,InterstitialMac
G-1671,all,91,48,3160,3759,19,79844,0,0,0,0,0,G,22,Vascular smooth muscle cell,63,48,3,3,3_2,SMC
G-1673,all,77,27,2659,3614,25,27359,0,0,0,0,0,G,39,Capillary 1 cell,47,27,4,4,4_2,CiliatedEpi
G-1674,all,124,53,2875,3464,33,66066,0,0,0,0,0,G,18,Interstitial macrophage,46,29,8,8,8_3,InterstitialMac
G-1675,all,50,18,1948,2263,25,19202,0,0,0,0,0,G,7,CD4+ T cell,51,19,2,2,2_2,InflamMac
G-1676,all,22,13,2657,2409,14,29126,0,0,0,0,0,G,4,Basal cell,38,13,3,3,3_6,SCMF
G-1677,all,15,7,2997,2087,23,19182,0,0,0,0,0,G,8,Sox9+/Id2+ epithelial cell,36,7,1,1,1_1,AT2
G-1678,all,95,43,2110,2858,11,49204,0,0,0,0,0,G,22,Alveolar fibroblast 2,64,43,3,3,3_4,AdventitialFib
G-1679,all,130,61,2927,2567,20,147699,0,0,0,0,0,G,25,Inflammatory monocyte,44,31,3,3,3_2,SMC
G-1680,all,20,9,2930,3482,35,20188,0,0,0,0,0,G,6,Alveolar macrophage,39,9,1,1,1_2_3,Tcell (CD4)
G-1682,all,68,29,3730,2821,11,43139,0,0,0,0,0,G,11,Inflammatory monocyte,52,31,2,2,2_5,DC
G-1683,all,33,17,3188,3608,26,26051,0,0,0,0,0,G,3,Natural killer cell,43,18,2,2,2_2,InflamMac
G-1684,all,217,64,2344,2240,27,95843,0,0,0,0,0,G,23,Alveolar type 1 cell,50,29,6,6,6,AT1
G-1685,all,118,30,3223,3477,19,57817,153564,158336,21840,0.8787852,0.1212148,G,36,Alveolar fibroblast 1,49,15,3,3,3_5,SMC
G-1686,all,97,48,2584,2728,34,58974,0,0,0,0,0,G,23,Alveolar type 1 cell,60,44,2,2,2_2,InflamMac
G-1687,all,70,25,2345,3237,20,41716,0,0,0,0,0,G,48,Ciliated cell,40,25,4,4,4_2,CiliatedEpi
G-1688,all,21,7,2177,3108,13,34583,0,0,0,0,0,G,10,Secondary crest myofibroblast,36,7,3,3,3_2,SMC
G-1689,all,238,53,2011,3286,24,86367,0,0,0,0,0,G,155,Venous endothelial cell,58,44,4,4,4_2,CiliatedEpi
G-1690,all,95,55,3184,2511,17,75877,0,0,0,0,0,G,25,Mesothelial cell,67,52,1,1,1_4_1,AlveolarFib
G-1695,all,103,45,2215,2401,31,84383,0,0,0,0,0,G,10,Sox9+/Id2+ epithelial cell,59,39,2,2,2_2,InflamMac
G-1697,all,94,53,3115,3564,31,57643,0,0,0,0,0,G,14,Alveolar fibroblast 1,66,51,1,1,1_5_1,LymphaticEndo
G-1698,all,101,18,2748,3801,15,16497,0,0,0,0,0,G,91,Capillary 1 cell,39,18,4,4,4_2,CiliatedEpi
G-1699,all,34,19,2740,2252,35,97290,0,0,0,0,0,G,10,B cell,43,20,1,1,1_4_1,AlveolarFib
G-1700,all,94,53,3111,3595,23,52985,0,0,0,0,0,G,15,Interstitial macrophage,68,53,8,8,8_3,InterstitialMac
G-1701,all,16,10,3677,2105,36,15944,0,0,0,0,0,G,3,Alveolar macrophage,35,10,8,8,8_1,AlveolarMac
G-1703,all,53,26,3304,3777,15,59606,0,0,0,0,0,G,8,Alveolar fibroblast 1,51,26,3,3,3_6,SCMF
G-1705,all,347,58,2530,3427,23,66949,0,0,0,0,0,G,274,Capillary 1 cell,52,6,4,4,4_2,ClubEpi
G-1706,all,147,53,3441,3329,16,78712,0,0,0,0,0,G,6,Alveolar type 1 cell,47,27,6,6,6,AT1
G-1707,all,62,34,2854,3415,38,43734,0,0,0,0,0,G,16,Alveolar fibroblast 1,54,34,1,1,1_5_1,LymphaticEndo
G-1711,all,65,32,2405,2439,31,50270,0,0,0,0,0,G,3,Alveolar fibroblast 1,59,33,2,2,2_1,Capillary
G-1712,all,383,120,1945,3381,29,93599,0,0,0,0,0,G,193,Ciliated cell,36,27,4,4,4_2,CiliatedEpi
G-1714,all,102,43,3350,3276,33,52722,0,0,0,0,0,G,10,B cell,59,38,2,2,2_2,InflamMac
G-1715,all,78,33,2999,3724,20,39637,0,0,0,0,0,G,21,Alveolar fibroblast 1,56,34,1,1,1_5_1,LymphaticEndo
G-1716,all,199,49,2397,3352,29,45699,0,0,0,0,0,G,138,Arterial endothelial cell,65,48,4,4,4_2,CiliatedEpi
G-1718,all,147,63,3577,3021,32,70797,0,0,0,0,0,G,17,Alveolar type 1 cell,45,31,1,1,1_4_1,AlveolarFib
G-1721,all,36,21,2983,3618,25,23797,0,0,0,0,0,G,3,Alveolar fibroblast 1,43,22,2,2,2_4,Artery
G-1722,all,96,47,2372,2465,27,76767,0,0,0,0,0,G,32,Pericyte,62,45,5,5,5_3,Pericyte
G-1723,all,26,18,3085,3459,18,25544,0,0,0,0,0,G,3,B cell,48,18,9,9,9,Bcell
G-1724,all,22,13,2951,2249,26,62271,0,0,0,0,0,G,3,Alveolar type 1 cell,38,13,1,1,1_2_3,Tcell (CD4)
G-1725,all,185,63,3329,3382,25,91954,0,0,0,0,0,G,19,Alveolar type 1 cell,53,32,1,1,1_4_1,AlveolarFib
G-1727,all,18,13,2782,2348,19,59807,0,0,0,0,0,G,7,Venous endothelial cell,40,14,1,1,1_4_3,AlveolarFib
G-1728,all,41,25,3199,2394,31,38176,0,0,0,0,0,G,4,Alveolar type 2 cell,43,26,2,2,2_2,InflamMac
G-1730,all,77,33,2227,2453,25,51231,0,0,0,0,0,G,11,Alveolar fibroblast 1,53,33,7,7,7_2,PatrolMac
G-1732,all,72,34,2898,3720,39,38611,0,0,0,0,0,G,16,Mesothelial cell,54,34,3,3,3_3,AdventitialFib
G-1734,all,47,21,3222,2423,37,32239,0,0,0,0,0,G,3,Secondary crest myofibroblast,52,22,3,3,3_2,SMC
G-1735,all,139,62,3611,2189,26,86952,0,0,0,0,0,G,17,CD4+ T cell,45,28,6,6,6,AT1
G-1737,all,115,46,3757,3435,31,58115,0,0,0,0,0,G,12,Inflammatory monocyte,53,30,7,7,7_2,PatrolMac
G-1738,all,149,61,2029,3169,28,83958,0,0,0,0,0,G,45,Alveolar fibroblast 2,48,26,3,3,3_3,AdventitialFib
G-1739,all,317,41,2190,3170,17,69697,0,0,0,0,0,G,245,Natural killer cell,56,10,4,4,4_2,ClubEpi
G-1743,all,111,55,2598,3058,25,73617,0,0,0,0,0,G,25,Alveolar type 1 cell,45,33,3,3,3_1,SMC
G-1744,all,96,35,3182,2459,16,89409,0,0,0,0,0,G,24,Pericyte,58,33,5,5,5_1,Pericyte
G-1745,all,127,48,3570,3233,21,76116,184212,176110,63211,0.7358736,0.2641264,G,25,Capillary 1 cell,43,19,2,2,2_3,Vein
G-1746,all,75,39,3314,3714,13,77205,0,0,0,0,0,G,14,Vascular smooth muscle cell,55,40,3,3,3_2,SMC
G-1747,all,36,22,3082,3516,14,31305,0,0,0,0,0,G,5,Proliferative mesenchymal progenitor cell,40,22,1,1,1_2_1,Tcell (CD4)
G-1748,all,131,51,2709,2769,19,102715,129,0,129,0,1,G,13,CD4+ T cell,48,29,1,1,1_5_2,AlveolarFib
G-1752,all,141,38,2078,3195,28,49743,0,0,0,0,0,G,82,Secretory cell,48,12,4,4,4_2,ClubEpi
G-1753,all,18,11,3037,3451,26,21151,0,0,0,0,0,G,3,CD4+ T cell,39,11,1,1,1_2_1,Tcell (CD4)
G-1758,all,152,53,2082,2637,20,117555,0,0,0,0,0,G,30,Venous endothelial cell,50,29,1,1,1_5_1,LymphaticEndo
G-1760,all,27,17,3555,2026,36,23749,0,0,0,0,0,G,9,Sox9+/Id2+ epithelial cell,38,18,1,1,1_4_3,AlveolarFib
G-1761,all,48,26,3152,3531,14,42878,0,0,0,0,0,G,13,Secondary crest myofibroblast,50,27,3,3,3_5,SMC
G-1762,all,31,21,2784,2175,31,84301,0,0,0,0,0,G,11,Inflammatory monocyte,41,21,7,7,7_4,PatrolMac
G-1763,all,166,51,2101,3246,30,69717,0,0,0,0,0,G,71,Ciliated cell,58,38,4,4,4_2,CiliatedEpi
G-1765,all,74,36,2135,2144,23,50218,0,0,0,0,0,G,2,B cell,56,36,9,9,9,Bcell
G-1766,all,324,85,2486,3439,32,72002,0,0,0,0,0,G,167,Ciliated cell,49,20,4,4,4_2,ClubEpi
G-1767,all,28,17,3063,3443,17,31706,0,0,0,0,0,G,14,B cell,40,17,9,9,9,Bcell
G-1768,all,159,77,3622,2243,21,108618,0,0,0,0,0,G,26,Alveolar type 1 cell,47,39,6,6,6,AT1
G-1769,all,119,54,3045,3488,21,87931,0,0,0,0,0,G,29,Secondary crest myofibroblast,49,34,5,5,5_3,Pericyte
G-1771,all,140,54,2000,2271,23,67819,0,0,0,0,0,G,18,Alveolar fibroblast 2,44,21,3,3,3_4,AdventitialFib
G-1772,all,51,24,3167,3634,15,33968,0,0,0,0,0,G,6,CD8+ T cell,51,25,2,2,2_2,InflamMac
G-1773,all,279,42,2632,3552,23,73774,0,0,0,0,0,G,228,Ciliated cell,60,41,4,4,4_2,CiliatedEpi
G-1774,all,432,78,3593,3138,16,119576,865177,433104,435962,0.4983557,0.5016443,G,32,Inflammatory monocyte,54,25,8,8,8_1,AlveolarMac
G-1777,all,10,5,2811,2379,15,23027,0,0,0,0,0,G,6,Sox9+/Id2+ epithelial cell,31,6,3,3,3_2,SMC
G-1783,all,126,59,3296,2554,19,96400,0,0,0,0,0,G,15,Alveolar fibroblast 1,45,29,1,1,1_4_1,AlveolarFib
G-1784,all,149,39,2194,3325,32,37108,0,0,0,0,0,G,100,Pericyte,52,16,4,4,4_2,ClubEpi
G-1785,all,10,6,2342,3034,22,15937,0,0,0,0,0,G,2,Proliferative mesenchymal progenitor cell,29,7,3,3,3_1,SMC
G-1786,all,302,70,2649,3708,31,83317,0,0,0,0,0,G,205,Ciliated cell,52,18,4,4,4_2,ClubEpi
G-1789,all,61,32,2592,3024,13,42153,0,0,0,0,0,G,13,Capillary 2 cell,56,32,3,3,3_3,AdventitialFib
G-1791,all,494,74,2061,3297,28,89863,0,0,0,0,0,G,401,Secretory cell,53,8,4,4,4_2,ClubEpi
G-1792,all,122,62,2410,2963,37,64965,0,0,0,0,0,G,12,Secondary crest myofibroblast,46,37,3,3,3_3,AdventitialFib
G-1793,all,288,73,2226,3338,31,77239,0,0,0,0,0,G,172,Endothelial progenitor cell,51,19,4,4,4_2,ClubEpi
G-1794,all,28,21,2988,2142,27,33229,0,0,0,0,0,G,6,Proliferative mesenchymal progenitor cell,39,22,1,1,1_4_1,AlveolarFib
G-1798,all,15,10,2698,2675,10,18807,0,0,0,0,0,G,3,Secondary crest myofibroblast,32,10,5,5,5_3,Pericyte
G-1799,all,85,37,3011,3413,26,38052,0,0,0,0,0,G,6,Endothelial progenitor cell,60,38,2,2,2_5,DC
G-1800,all,51,12,3242,2245,36,15036,0,0,0,0,0,G,29,B cell,50,12,1,1,1_1,AT2
G-1801,all,146,61,2508,2925,23,104859,0,0,0,0,0,G,26,Venous endothelial cell,51,33,3,3,3_4,AdventitialFib
G-1802,all,98,48,2728,3636,13,50346,0,0,0,0,0,G,21,Alveolar fibroblast 2,62,44,3,3,3_3,AdventitialFib
G-1803,all,11,7,2776,3765,23,10227,0,0,0,0,0,G,3,Alveolar macrophage,25,7,8,8,8_1,AlveolarMac
G-1805,all,14,7,2859,2356,12,24055,0,0,0,0,0,G,7,CD4+ T cell,31,7,1,1,1_2_3,Tcell (CD4)
G-1807,all,34,24,2825,2895,40,26937,0,0,0,0,0,G,4,Alveolar fibroblast 1,42,25,1,1,1_4_1,AlveolarFib
G-1808,all,102,50,2388,2696,36,63053,0,0,0,0,0,G,19,Inflammatory monocyte,65,47,3,3,3_5,SMC
G-1809,all,43,22,2240,2510,15,47491,0,0,0,0,0,G,8,Alveolar fibroblast 2,43,22,3,3,3_3,AdventitialFib
G-1810,all,108,41,3511,3400,33,55550,58455,109,58346,0.001864682,0.9981353,G,15,Inflammatory monocyte,57,32,2,2,2_2,InflamMac
G-1812,all,13,11,3677,3731,10,15492,0,0,0,0,0,G,8,Alveolar fibroblast 1,29,11,2,2,2_1,Capillary
G-1814,all,302,83,2553,3505,28,89104,0,0,0,0,0,G,162,Ciliated cell,48,36,4,4,4_2,CiliatedEpi
G-1815,all,110,55,3004,3377,18,68571,0,0,0,0,0,G,5,Secretory cell,43,26,3,3,3_2,SMC
G-1816,all,159,65,2384,2567,30,91270,0,0,0,0,0,G,20,Innate lymphoid cell,50,37,1,1,1_4_1,AlveolarFib
G-1817,all,218,48,2575,3468,22,48242,0,0,0,0,0,G,163,Ciliated cell,63,47,4,4,4_2,CiliatedEpi
G-1819,all,25,15,3492,3159,26,19847,0,0,0,0,0,G,2,Alveolar fibroblast 2,45,15,3,3,3_3,AdventitialFib
G-1821,all,53,27,2753,3091,36,19447,0,0,0,0,0,G,8,Alveolar fibroblast 1,54,28,1,1,1_4_3,AlveolarFib
G-1823,all,77,28,2149,3179,21,29742,0,0,0,0,0,G,48,Ciliated cell,43,28,4,4,4_2,CiliatedEpi
G-1824,all,375,56,2199,3246,28,83747,0,0,0,0,0,G,311,Ciliated cell,57,10,4,4,4_2,ClubEpi
G-1827,all,23,13,3233,3795,28,30272,0,0,0,0,0,G,6,Inflammatory monocyte,40,13,5,5,5_3,Pericyte
G-1828,all,87,37,3058,3545,23,43061,0,0,0,0,0,G,49,Sox9+/Id2+ epithelial cell,62,37,1,1,1_1,AT2
G-1830,all,17,13,2935,2217,24,73808,0,0,0,0,0,G,5,CD8+ T cell,42,15,2,2,2_5,DC
G-1831,all,40,23,2421,3173,27,38132,0,0,0,0,0,G,7,Mesothelial cell,41,23,3,3,3_4,AdventitialFib
G-1832,all,52,31,3258,2273,35,29311,0,0,0,0,0,G,19,CD4+ T cell,52,31,2,2,2_3,Vein
G-1833,all,77,38,2716,3577,22,41949,0,0,0,0,0,G,25,Mesothelial cell,57,38,3,3,3_3,AdventitialFib
G-1834,all,104,40,3486,3190,19,63069,0,0,0,0,0,G,22,B cell,54,31,9,9,9,Bcell
G-1835,all,328,68,2266,3221,22,65242,0,0,0,0,0,G,247,Ciliated cell,52,12,4,4,4_2,ClubEpi
G-1836,all,43,22,2044,2965,34,31032,0,0,0,0,0,G,7,CD8+ T cell,44,22,3,3,3_3,AdventitialFib
G-1837,all,171,45,2516,3391,24,54433,0,0,0,0,0,G,116,Ciliated cell,55,44,4,4,4_2,CiliatedEpi
G-1838,all,31,18,3558,2068,30,46775,0,0,0,0,0,G,8,Pericyte,40,18,5,5,5_3,Pericyte
G-1839,all,21,13,3107,3449,11,28806,0,0,0,0,0,G,6,T regulatory cell,39,13,7,7,7_4,PatrolMac
G-1840,all,46,31,3084,3606,35,28762,0,0,0,0,0,G,11,Interstitial macrophage,46,31,8,8,8_3,InterstitialMac
G-1841,all,90,44,2666,3445,28,75765,0,0,0,0,0,G,25,Interstitial macrophage,64,44,8,8,8_3,InterstitialMac
G-1842,all,155,64,2601,2687,20,115349,0,0,0,0,0,G,17,Alveolar fibroblast 1,52,41,1,1,1_5_2,AlveolarFib
G-1843,all,74,13,2765,3799,10,16938,0,0,0,0,0,G,58,Capillary 1 cell,40,13,4,4,4_2,CiliatedEpi
G-1845,all,72,30,2812,3814,23,38359,0,0,0,0,0,G,8,Interstitial macrophage,54,30,8,8,8_3,InterstitialMac
G-1846,all,88,27,2458,3343,22,24905,0,0,0,0,0,G,64,Arterial endothelial cell,43,26,4,4,4_2,CiliatedEpi
G-1851,all,37,18,2965,3584,11,21424,0,0,0,0,0,G,11,Alveolar fibroblast 1,42,19,1,1,1_4_3,AlveolarFib
G-1853,all,97,42,2565,2906,32,94239,0,0,0,0,0,G,17,Inflammatory monocyte,64,42,2,2,2_1,Capillary
G-1855,all,61,20,3266,3496,36,24207,0,0,0,0,0,G,33,B cell,52,21,1,1,1_4_1,AlveolarFib
G-1858,all,166,25,2647,3586,15,35253,0,0,0,0,0,G,135,Ciliated cell,56,12,4,4,4_2,ClubEpi
G-1859,all,53,33,2724,2853,6,39350,0,0,0,0,0,G,9,Pericyte,52,33,5,5,5_3,Pericyte
G-1862,all,358,58,2554,3446,24,84793,0,0,0,0,0,G,284,Secretory cell,56,38,4,4,4_2,CiliatedEpi
G-1865,all,76,30,2764,3056,36,40579,0,0,0,0,0,G,6,Alveolar type 1 cell,54,30,6,6,6,AT1
G-1867,all,146,65,3667,2193,18,95851,0,0,0,0,0,G,29,Alveolar macrophage,47,30,1,1,1_4_1,AlveolarFib
G-1868,all,93,36,2256,2958,37,41249,0,0,0,0,0,G,19,Alveolar fibroblast 2,56,35,3,3,3_3,AdventitialFib
G-1869,all,62,41,2689,3521,20,39262,0,0,0,0,0,G,3,Inflammatory monocyte,59,41,9,9,9,Bcell
G-1870,all,98,29,3187,2184,18,77633,0,0,0,0,0,G,2,Capillary 1 cell,55,22,1,1,1_6_2,Neutrophil
G-1871,all,40,21,3588,3372,7,31125,0,0,0,0,0,G,7,Capillary 1 cell,42,21,2,2,2_3,Vein
G-1873,all,93,20,3103,2611,12,41417,0,0,0,0,0,G,56,Sox9+/Id2+ epithelial cell,55,20,1,1,1_1,AT2
G-1874,all,268,61,2645,3797,33,72866,0,0,0,0,0,G,129,Ciliated cell,55,24,4,4,4_2,ClubEpi
G-1875,all,126,53,3643,2824,21,74136,0,0,0,0,0,G,65,Alveolar type 2 cell,43,24,1,1,1_1,AT2
G-1876,all,116,45,1960,2975,36,76440,0,0,0,0,0,G,10,Alveolar macrophage,46,30,1,1,1_5_2,AlveolarFib
G-1877,all,90,40,2767,3335,36,40853,0,0,0,0,0,G,8,Alveolar fibroblast 1,61,39,1,1,1_5_1,LymphaticEndo
G-1879,all,120,42,3645,3774,14,87428,0,0,0,0,0,G,11,Alveolar type 1 cell,46,22,1,1,1_5_1,LymphaticEndo
G-1884,all,15,14,2183,3049,41,20543,0,0,0,0,0,G,2,Inflammatory monocyte,32,15,2,2,2_2,InflamMac
G-1885,all,31,20,3671,2143,16,44430,0,0,0,0,0,G,4,Alveolar macrophage,41,21,6,6,6,AT1
G-1886,all,31,14,3555,3291,38,9317,4749,101,4648,0.02126764,0.9787324,G,3,Alveolar fibroblast 1,45,15,1,1,1_4_1,AlveolarFib
G-1887,all,25,12,3143,3333,36,15150,0,0,0,0,0,G,14,CD4+ T cell,44,13,1,1,1_4_1,AlveolarFib
G-1890,all,79,9,2296,3187,6,11872,0,0,0,0,0,G,72,Ciliated cell,28,9,4,4,4_2,CiliatedEpi
G-1891,all,169,67,2153,2732,25,91656,0,0,0,0,0,G,20,Alveolar fibroblast 1,48,39,1,1,1_4_1,AlveolarFib
G-1892,all,28,16,2819,2355,15,58198,0,0,0,0,0,G,17,Secondary crest myofibroblast,38,16,1,1,1_2_3,Tcell (CD4)
G-1893,all,20,16,3150,3619,12,19263,0,0,0,0,0,G,4,Vascular smooth muscle cell,40,17,3,3,3_2,SMC
G-1895,all,108,50,3072,3775,30,51722,0,0,0,0,0,G,21,Alveolar fibroblast 1,56,35,1,1,1_5_2,AlveolarFib
G-1896,all,20,9,3541,2977,27,12244,0,0,0,0,0,G,2,Alveolar fibroblast 1,40,10,1,1,1_4_1,AlveolarFib
G-1897,all,95,41,2334,2581,21,60257,0,0,0,0,0,G,8,T regulatory cell,61,39,7,7,7_2,PatrolMac
G-1900,all,205,61,2677,3085,24,106566,0,0,0,0,0,G,90,Mesothelial cell,53,33,3,3,3_5,SMC
G-1901,all,124,53,3146,3724,27,78486,0,0,0,0,0,G,21,Sox9+/Id2+ epithelial cell,44,27,3,3,3_2,SMC
G-1903,all,23,13,2775,2771,28,24112,0,0,0,0,0,G,3,Alveolar macrophage,43,14,1,1,1_4_1,AlveolarFib
G-1904,all,71,41,3695,2215,23,51464,0,0,0,0,0,G,16,Inflammatory monocyte,58,42,2,2,2_2,InflamMac
G-1905,all,164,61,3137,3666,19,75598,0,0,0,0,0,G,17,Arterial endothelial cell,48,34,3,3,3_2,SMC
G-1908,all,115,55,2435,2818,37,53587,0,0,0,0,0,G,21,Innate lymphoid cell,47,34,1,1,1_4_1,AlveolarFib
G-1909,all,67,38,2941,3605,36,35237,0,0,0,0,0,G,4,CD4+ T cell,60,40,2,2,2_5,DC
G-1911,all,226,43,2170,3206,27,65511,0,0,0,0,0,G,158,Ciliated cell,59,22,4,4,4_2,ClubEpi
G-1913,all,55,27,3681,3368,27,52009,0,0,0,0,0,G,3,Endothelial progenitor cell,53,28,1,1,1_6_2,Neutrophil
G-1915,all,110,49,3194,3782,22,85838,0,0,0,0,0,G,35,Alveolar type 1 cell,51,33,1,1,1_4_1,AlveolarFib
G-1916,all,31,19,2773,3721,38,16991,0,0,0,0,0,G,3,Mesothelial cell,38,19,3,3,3_3,AdventitialFib
G-1917,all,31,19,3549,3199,27,21241,6333,458,5880,0.07226254,0.9277375,G,6,Sox9+/Id2+ epithelial cell,39,19,5,5,5_3,Pericyte
G-1919,all,76,40,2969,2119,26,85308,0,0,0,0,0,G,24,Vascular smooth muscle cell,55,40,1,1,1_4_1,AlveolarFib
G-1921,all,153,60,2326,2700,31,83789,0,0,0,0,0,G,33,CD4+ T cell,45,30,1,1,1_5_1,LymphaticEndo
G-1922,all,147,54,3562,3101,25,74071,62746,589,58268,0.01000731,0.9899927,G,6,Inflammatory monocyte,50,31,7,7,7_2,PatrolMac
G-1923,all,393,91,2590,3607,28,89700,0,0,0,0,0,G,228,Secretory cell,46,15,4,4,4_2,ClubEpi
G-1925,all,115,47,2501,3183,24,72943,0,0,0,0,0,G,16,Alveolar macrophage,56,34,8,8,8_1,AlveolarMac
G-1926,all,48,21,3321,2193,9,78977,0,0,0,0,0,G,18,Inflammatory monocyte,48,21,1,1,1_5_4,pDC
G-1927,all,147,44,2747,2430,20,58190,0,0,0,0,0,G,60,Alveolar macrophage,52,21,1,1,1_2_3,Tcell (CD4)
G-1928,all,236,80,2348,2639,28,119605,0,0,0,0,0,G,31,Alveolar fibroblast 1,54,44,1,1,1_5_4,pDC
G-1930,all,14,5,2804,3721,36,12472,0,0,0,0,0,G,2,Proliferative mesenchymal progenitor cell,29,6,1,1,1_6_2,Neutrophil
G-1931,all,95,39,2684,3556,19,60582,0,0,0,0,0,G,5,Alveolar type 2 cell,63,39,3,3,3_3,AdventitialFib
G-1932,all,208,75,3332,3339,32,98422,0,0,0,0,0,G,25,Alveolar fibroblast 1,52,34,1,1,1_5_1,LymphaticEndo
G-1933,all,61,39,3577,3261,32,33784,52,0,52,0,1,G,6,Alveolar type 2 cell,59,40,1,1,1_4_1,AlveolarFib
G-1934,all,44,25,1981,2313,29,23592,0,0,0,0,0,G,2,Natural killer cell,45,25,5,5,5_3,Pericyte
G-1935,all,155,66,2341,2884,31,97345,0,0,0,0,0,G,24,Mesothelial cell,47,33,3,3,3_3,AdventitialFib
G-1936,all,121,61,3167,3582,18,102717,0,0,0,0,0,G,26,Pericyte,40,29,5,5,5_1,Pericyte
G-1941,all,232,81,3271,3605,25,136011,0,0,0,0,0,G,26,Alveolar fibroblast 1,50,36,2,2,2_2,InflamMac
G-1942,all,40,18,3620,1971,27,87504,0,0,0,0,0,G,3,Endothelial progenitor cell,44,19,1,1,1_6_2,Neutrophil
G-1944,all,60,25,2610,2445,37,27909,0,0,0,0,0,G,32,Alveolar type 2 cell,54,25,1,1,1_1,AT2
G-1946,all,106,41,2142,3244,30,58161,0,0,0,0,0,G,34,Inflammatory monocyte,59,41,4,4,4_1_2,CiliatedEpi
G-1950,all,106,37,1831,3415,35,32095,11833,10074,1759,0.8513479,0.1486521,G,35,Secretory cell,66,36,4,4,4_1_1,ClubEpi
G-1952,all,199,51,2499,3352,26,60665,0,0,0,0,0,G,96,Ciliated cell,52,30,4,4,4_1_2,CiliatedEpi
G-1953,all,46,23,2069,2975,37,42181,0,0,0,0,0,G,5,Mesothelial cell,46,23,3,3,3_3,AdventitialFib
G-1955,all,76,30,2846,3771,33,66509,0,0,0,0,0,G,13,Innate lymphoid cell,53,30,1,1,1_2_3,Tcell (CD4)
G-1957,all,30,14,2568,2443,34,27598,0,0,0,0,0,G,18,Alveolar fibroblast 1,42,14,3,3,3_4,AdventitialFib
G-1958,all,15,12,2782,2286,23,55178,0,0,0,0,0,G,3,AT1/AT2,32,13,1,1,1_4_1,AlveolarFib
G-1959,all,39,24,2420,2895,38,17471,0,0,0,0,0,G,9,Alveolar fibroblast 1,42,25,1,1,1_5_1,LymphaticEndo
G-1960,all,71,32,2400,3023,23,74025,0,0,0,0,0,G,2,Alveolar fibroblast 1,51,33,1,1,1_4_1,AlveolarFib
G-1963,all,46,18,2716,2399,29,54030,0,0,0,0,0,G,26,Innate lymphoid cell,46,18,1,1,1_2_3,Tcell (CD4)
G-1965,all,89,38,2206,2543,21,53320,0,0,0,0,0,G,12,Inflammatory monocyte,58,37,3,3,3_3,AdventitialFib
G-1968,all,19,10,2057,3139,33,13620,0,0,0,0,0,G,3,Mesothelial cell,36,10,3,3,3_3,AdventitialFib
G-1970,all,46,21,2566,3045,25,26365,0,0,0,0,0,G,14,Alveolar fibroblast 1,46,21,1,1,1_5_2,AlveolarFib
G-1973,all,355,66,2700,3783,25,114713,0,0,0,0,0,G,238,Capillary 1 cell,48,31,4,4,4_2,CiliatedEpi
G-1974,all,90,45,3753,3358,25,55656,0,0,0,0,0,G,5,Alveolar type 1 cell,63,46,1,1,1_4_1,AlveolarFib
G-1975,all,16,7,2522,3305,27,27888,0,0,0,0,0,G,10,Alveolar fibroblast 1,37,8,3,3,3_2,SMC
G-1976,all,255,81,3232,3543,22,134733,0,0,0,0,0,G,69,Interstitial macrophage,49,34,1,1,1_4_1,AlveolarFib
G-1977,all,42,24,3167,3495,8,38349,0,0,0,0,0,G,7,Innate lymphoid cell,42,24,1,1,1_4_1,AlveolarFib
G-1978,all,69,28,3688,1962,22,83669,0,0,0,0,0,G,4,B cell,56,28,9,9,9,Bcell
G-1979,all,41,25,2489,3284,28,55515,0,0,0,0,0,G,24,Airway smooth muscle cell,43,25,3,3,3_2,SMC
G-1980,all,48,22,2279,3311,38,20456,0,0,0,0,0,G,29,Ciliated cell,43,19,4,4,4_2,CiliatedEpi
G-1981,all,14,12,2880,3800,42,13268,0,0,0,0,0,G,3,Alveolar fibroblast 1,29,12,3,3,3_4,AdventitialFib
G-1982,all,156,66,2454,2917,34,83530,0,0,0,0,0,G,31,Alveolar fibroblast 1,51,35,1,1,1_5_1,LymphaticEndo
G-1984,all,369,58,2376,3304,25,89650,0,0,0,0,0,G,290,Ciliated cell,52,9,4,4,4_2,ClubEpi
G-1985,all,133,29,2163,3322,37,28082,0,0,0,0,0,G,98,Secretory cell,52,13,4,4,4_2,ClubEpi
G-1987,all,47,28,3561,2182,33,33785,0,0,0,0,0,G,9,AT1/AT2,47,28,1,1,1_5_2,AlveolarFib
G-1990,all,75,40,2731,3068,34,34098,0,0,0,0,0,G,7,Alveolar type 1 cell,60,41,1,1,1_4_1,AlveolarFib
G-1992,all,233,61,2430,3375,33,65057,0,0,0,0,0,G,154,B cell,52,37,4,4,4_2,CiliatedEpi
G-1994,all,162,64,1990,2863,31,118127,0,0,0,0,0,G,30,Alveolar fibroblast 2,50,34,3,3,3_3,AdventitialFib
G-1995,all,47,30,3004,3587,13,26076,0,0,0,0,0,G,7,CD4+ T cell,47,30,1,1,1_2_1,Tcell (CD4)
G-1996,all,140,61,2119,3094,20,107836,0,0,0,0,0,G,26,Alveolar fibroblast 1,49,36,3,3,3_3,AdventitialFib
G-1997,all,32,14,3688,3806,7,17689,0,0,0,0,0,G,2,CD4+ T cell,39,14,1,1,1_2_1,Tcell (CD4)
G-1998,all,116,45,3641,2172,23,52550,0,0,0,0,0,G,17,Alveolar type 2 cell,51,27,1,1,1_5_1,LymphaticEndo
G-1999,all,61,21,2824,2277,31,88181,575942,402377,173565,0.6986415,0.3013585,G,7,Alveolar fibroblast 2,54,21,3,3,3_3,AdventitialFib
G-2000,all,46,22,2236,2754,11,16936,0,0,0,0,0,G,15,Interstitial macrophage,46,22,8,8,8_3,InterstitialMac
G-2003,all,60,31,2202,2483,24,35005,0,0,0,0,0,G,6,Alveolar fibroblast 1,57,32,2,2,2_4,Artery
G-2006,all,96,44,2034,2308,24,51176,0,0,0,0,0,G,11,Alveolar fibroblast 1,63,44,1,1,1_5_2,AlveolarFib
G-2007,all,171,56,2638,3148,26,107195,0,0,0,0,0,G,38,Alveolar fibroblast 1,50,31,3,3,3_4,AdventitialFib
G-2008,all,81,30,2740,3667,15,39719,0,0,0,0,0,G,8,Mesothelial cell,57,30,3,3,3_3,AdventitialFib
G-2010,all,38,19,2329,3131,34,27932,0,0,0,0,0,G,15,Interstitial macrophage,42,19,8,8,8_3,InterstitialMac
G-2013,all,84,36,2711,2445,21,41550,0,0,0,0,0,G,27,Ciliated cell,58,36,1,1,1_2_3,Tcell (CD4)
G-2014,all,16,10,2479,2020,20,21366,0,0,0,0,0,G,2,Natural killer cell,33,10,7,7,7_3,Tcell (CD8)
G-2015,all,62,32,3232,3592,19,34071,0,0,0,0,0,G,11,Alveolar fibroblast 1,54,33,2,2,2_4,Artery
G-2019,all,50,29,3083,3269,35,30148,0,0,0,0,0,G,2,B cell,50,29,9,9,9,Bcell
G-2022,all,63,33,3196,3543,29,38055,0,0,0,0,0,G,5,Alveolar fibroblast 1,57,34,2,2,2_4,Artery
G-2023,all,164,56,2082,2185,32,91055,0,0,0,0,0,G,25,Alveolar type 1 cell,45,23,6,6,6,AT1
G-2025,all,21,14,2262,3351,41,7384,0,0,0,0,0,G,10,Secretory cell,39,14,4,4,4_1_1,ClubEpi
G-2028,all,113,41,3120,3697,31,56056,0,0,0,0,0,G,44,Vascular smooth muscle cell,49,27,3,3,3_2,SMC
G-2031,all,38,20,2432,3037,30,26432,0,0,0,0,0,G,2,Mesothelial cell,43,20,3,3,3_3,AdventitialFib
G-2033,all,46,22,3046,3424,24,19130,0,0,0,0,0,G,5,B cell,47,23,1,1,1_4_1,AlveolarFib
G-2035,all,25,14,2781,3785,25,17292,0,0,0,0,0,G,6,Interstitial macrophage,42,14,8,8,8_3,InterstitialMac
G-2038,all,45,22,3254,2538,13,52406,0,0,0,0,0,G,14,Alveolar fibroblast 1,45,22,1,1,1_4_3,AlveolarFib
G-2042,all,82,36,2692,3596,17,47627,0,0,0,0,0,G,25,Alveolar fibroblast 2,60,36,3,3,3_3,AdventitialFib
G-2043,all,134,45,3030,3544,26,82941,0,0,0,0,0,G,70,Alveolar type 2 cell,44,20,1,1,1_1,AT2
G-2045,all,23,14,2871,2015,38,14604,0,0,0,0,0,G,9,CD8+ T cell,41,14,3,3,3_4,AdventitialFib
G-2046,all,144,25,1985,3305,17,30320,0,0,0,0,0,G,123,Ciliated cell,38,25,4,4,4_2,CiliatedEpi
G-2048,all,18,12,3203,3809,34,26307,0,0,0,0,0,G,9,Secondary crest myofibroblast,39,13,3,3,3_2,SMC
G-2049,all,107,41,2285,3257,28,54060,0,0,0,0,0,G,54,Arterial endothelial cell,61,39,4,4,4_1_2,CiliatedEpi
G-2050,all,46,23,3204,3408,33,25045,0,0,0,0,0,G,17,Alveolar type 2 cell,47,24,2,2,2_2,InflamMac
G-2052,all,16,10,2442,3415,41,6295,0,0,0,0,0,G,8,Capillary 1 cell,32,10,3,3,3_3,AdventitialFib
G-2056,all,244,50,1961,3283,23,80049,0,0,0,0,0,G,183,Alveolar fibroblast 1,54,14,4,4,4_2,ClubEpi
G-2071,all,16,10,2216,2976,39,16363,0,0,0,0,0,G,2,T regulatory cell,34,11,1,1,1_6_2,Neutrophil
G-2080,all,121,44,3100,4231,19,98638,0,0,0,0,0,G,20,Alveolar fibroblast 1,50,29,1,1,1_4_1,AlveolarFib
G-2081,all,152,50,3240,5184,20,83776,54,54,0,1,0,G,14,B cell,51,27,9,9,9,Bcell
G-2082,all,152,56,2290,5546,25,110393,51,0,51,0,1,G,6,CD4+ T cell,47,28,1,1,1_2_1,Tcell (CD4)
G-2083,all,224,67,3412,4923,16,86798,0,0,0,0,0,G,40,Alveolar macrophage,57,41,8,8,8_1,AlveolarMac
G-2084,all,101,47,2815,4636,28,54395,0,0,0,0,0,G,10,Vascular smooth muscle cell,61,43,1,1,1_5_2,AlveolarFib
G-2086,all,59,39,1968,4953,35,25398,0,0,0,0,0,G,13,Secretory cell,56,39,3,3,3_6,SCMF
G-2087,all,118,46,2161,5298,21,88112,0,0,0,0,0,G,10,CD4+ T cell,48,28,7,7,7_2,PatrolMac
G-2089,all,32,18,2877,5631,22,32575,0,0,0,0,0,G,4,Inflammatory monocyte,40,18,3,3,3_4,AdventitialFib
G-2091,all,156,60,2732,4365,36,33743,0,0,0,0,0,G,93,Alveolar fibroblast 2,48,21,4,4,4_2,ClubEpi
G-2092,all,142,63,2642,4665,30,77352,0,0,0,0,0,G,77,Ciliated cell,69,56,4,4,4_1_2,CiliatedEpi
G-2094,all,178,64,2336,4754,8,31140,0,0,0,0,0,G,95,Secretory cell,49,22,4,4,4_1_2,ClubEpi
G-2095,all,44,18,2823,4512,40,31037,0,0,0,0,0,G,9,Alveolar type 1 cell,47,18,1,1,1_2_3,Tcell (CD4)
G-2097,all,106,42,2865,5117,20,84466,0,0,0,0,0,G,20,Alveolar fibroblast 1,61,40,1,1,1_5_1,LymphaticEndo
G-2098,all,126,69,2130,4893,28,60637,0,0,0,0,0,G,40,Alveolar fibroblast 1,36,21,4,4,4_1_1,ClubEpi
G-2099,all,85,40,3280,4095,29,39324,0,0,0,0,0,G,30,Inflammatory monocyte,61,40,1,1,1_2_3,Tcell (CD4)
G-2102,all,444,139,2251,4817,24,102783,0,0,0,0,0,G,154,Alveolar fibroblast 1,42,27,4,4,4_1_2,ClubEpi
G-2103,all,330,97,2130,4830,13,60331,0,0,0,0,0,G,106,Secretory cell,46,26,4,4,4_1_1,ClubEpi
G-2104,all,55,24,2059,5268,38,28522,0,0,0,0,0,G,7,CD8+ T cell,53,24,6,6,6,AT1
G-2105,all,105,42,2730,4905,10,60022,0,0,0,0,0,G,13,Alveolar type 1 cell,58,35,1,1,1_2_3,Tcell (CD4)
G-2107,all,98,52,2032,5491,21,96743,0,0,0,0,0,G,15,Capillary 1 cell,61,46,3,3,3_5,SMC
G-2109,all,106,49,2654,4258,8,22523,0,0,0,0,0,G,33,Ciliated cell,61,39,4,4,4_1_1,ClubEpi
G-2110,all,43,18,1968,5537,8,24564,0,0,0,0,0,G,3,Sox9+/Id2+ epithelial cell,44,18,1,1,1_3,AT2
G-2111,all,22,13,2000,5628,9,23083,0,0,0,0,0,G,5,CD4+ T cell,40,14,1,1,1_4_1,AlveolarFib
G-2112,all,180,67,2982,4047,30,112536,0,0,0,0,0,G,18,Inflammatory monocyte,52,38,1,1,1_2_1,Tcell (CD4)
G-2113,all,48,26,2744,4437,38,37684,0,0,0,0,0,G,21,Ciliated cell,41,25,4,4,4_1_2,CiliatedEpi
G-2115,all,151,73,2253,4926,33,62119,0,0,0,0,0,G,56,Alveolar fibroblast 1,47,30,4,4,4_1_1,ClubEpi
G-2116,all,217,85,2212,4845,22,63336,0,0,0,0,0,G,106,Alveolar fibroblast 1,51,30,4,4,4_1_2,ClubEpi
G-2117,all,120,39,3569,4411,19,67732,0,0,0,0,0,G,29,Alveolar type 2 cell,48,26,3,3,3_4,AdventitialFib
G-2118,all,60,30,3060,4069,30,43166,0,0,0,0,0,G,8,Inflammatory monocyte,56,30,7,7,7_4,PatrolMac
G-2119,all,103,44,2571,5429,30,74652,0,0,0,0,0,G,21,Inflammatory monocyte,57,37,2,2,2_2,InflamMac
G-2121,all,301,94,2680,4347,20,74478,0,0,0,0,0,G,147,Ciliated cell,48,20,4,4,4_2,ClubEpi
G-2122,all,157,80,2657,4458,24,67209,0,0,0,0,0,G,47,Ciliated cell,40,26,4,4,4_1_1,ClubEpi
G-2123,all,62,31,3651,3822,15,51913,0,0,0,0,0,G,9,Alveolar macrophage,57,32,1,1,1_4_1,AlveolarFib
G-2124,all,33,22,2954,3895,25,38900,0,0,0,0,0,G,4,CD4+ T cell,41,23,3,3,3_5,SMC
G-2125,all,25,19,2785,4361,25,35927,0,0,0,0,0,G,8,CD4+ T cell,44,19,3,3,3_4,AdventitialFib
G-2126,all,253,101,2229,4879,33,58949,0,0,0,0,0,G,115,Ciliated cell,46,30,4,4,4_1_2,ClubEpi
G-2127,all,174,62,2053,5670,27,126400,0,0,0,0,0,G,22,B cell,56,36,9,9,9,Bcell
G-2128,all,65,31,2684,4719,37,25141,0,0,0,0,0,G,6,Alveolar fibroblast 1,55,31,3,3,3_4,AdventitialFib
G-2129,all,50,26,2843,5622,28,44532,0,0,0,0,0,G,12,Inflammatory monocyte,51,27,2,2,2_2,InflamMac
G-2130,all,68,31,3450,4020,22,46705,0,0,0,0,0,G,9,Inflammatory monocyte,55,31,1,1,1_2_1,Tcell (CD4)
G-2131,all,127,38,2862,4914,20,50311,0,0,0,0,0,G,13,Alveolar type 1 cell,47,23,6,6,6,AT1
G-2132,all,55,29,3185,4077,30,36666,0,0,0,0,0,G,2,Alveolar macrophage,55,30,1,1,1_4_1,AlveolarFib
G-2133,all,164,58,3304,4062,29,57509,0,0,0,0,0,G,16,Alveolar type 1 cell,50,32,3,3,3_5,SMC
G-2134,all,91,38,2575,5055,37,37472,0,0,0,0,0,G,5,AT1/AT2,60,39,1,1,1_4_1,AlveolarFib
G-2136,all,129,51,2568,4679,24,62413,0,0,0,0,0,G,77,Endothelial progenitor cell,48,26,4,4,4_2,ClubEpi
G-2137,all,88,43,2799,3902,21,64913,0,0,0,0,0,G,18,Inflammatory monocyte,62,43,3,3,3_4,AdventitialFib
G-2138,all,45,26,1952,5428,28,51596,0,0,0,0,0,G,5,Alveolar type 1 cell,45,26,1,1,1_2_3,Tcell (CD4)
G-2139,all,233,99,2331,4826,32,59623,0,0,0,0,0,G,111,Ciliated cell,47,39,4,4,4_1_2,CiliatedEpi
G-2141,all,402,115,2703,4310,27,87128,0,0,0,0,0,G,184,Ciliated cell,43,19,4,4,4_1_2,ClubEpi
G-2142,all,91,38,2957,5329,12,84034,108,108,0,1,0,G,14,CD8+ T cell,58,38,1,1,1_2_1,Tcell (CD4)
G-2143,all,41,15,3438,4787,13,30859,0,0,0,0,0,G,13,CD8+ T cell,45,16,3,3,3_5,SMC
G-2146,all,344,110,2697,4390,28,83690,0,0,0,0,0,G,156,Ciliated cell,46,27,4,4,4_1_2,ClubEpi
G-2150,all,56,30,2410,4905,35,33927,0,0,0,0,0,G,13,Inflammatory monocyte,55,30,5,5,5_3,Pericyte
G-2151,all,89,40,3190,4126,29,52861,0,0,0,0,0,G,11,Inflammatory monocyte,62,40,2,2,2_2,InflamMac
G-2153,all,213,58,2759,4673,21,103256,0,0,0,0,0,G,46,Mesothelial cell,58,34,3,3,3_3,AdventitialFib
G-2154,all,9,7,2664,4580,40,16326,0,0,0,0,0,G,3,Ciliated cell,26,8,4,4,4_1_3,CiliatedEpi
G-2157,all,153,57,3369,4659,31,88628,0,0,0,0,0,G,28,Vascular smooth muscle cell,52,32,5,5,5_3,Pericyte
G-2159,all,428,85,2726,4189,20,91816,0,0,0,0,0,G,264,Ciliated cell,55,44,4,4,4_2,CiliatedEpi
G-2165,all,82,39,2929,4517,37,44756,0,0,0,0,0,G,9,Sox9+/Id2+ epithelial cell,59,39,3,3,3_3,AdventitialFib
G-2166,all,33,14,2762,5161,4,11959,0,0,0,0,0,G,5,Alveolar macrophage,45,15,1,1,1_4_1,AlveolarFib
G-2167,all,45,22,2660,5024,18,47984,0,0,0,0,0,G,9,Alveolar fibroblast 1,45,22,1,1,1_5_2,AlveolarFib
G-2170,all,77,39,3453,3912,30,51722,0,0,0,0,0,G,11,Alveolar fibroblast 1,55,40,1,1,1_4_1,AlveolarFib
G-2171,all,90,45,2691,4635,38,43659,0,0,0,0,0,G,33,Ciliated cell,63,44,4,4,4_1_2,ClubEpi
G-2172,all,117,58,3403,3894,31,65831,0,0,0,0,0,G,27,Alveolar type 1 cell,42,30,3,3,3_2,SMC
G-2176,all,138,55,2706,5255,32,88865,0,0,0,0,0,G,27,Alveolar fibroblast 1,49,32,1,1,1_5_1,LymphaticEndo
G-2177,all,166,64,2736,4307,35,32518,0,0,0,0,0,G,96,Secretory cell,50,27,4,4,4_2,ClubEpi
G-2178,all,116,53,3351,4143,25,68756,0,0,0,0,0,G,16,Inflammatory monocyte,41,28,1,1,1_4_1,AlveolarFib
G-2179,all,39,19,3052,5293,35,23922,0,0,0,0,0,G,10,Alveolar type 2 cell,43,19,2,2,2_6,pDC
G-2181,all,439,113,2711,4139,24,95678,0,0,0,0,0,G,201,Ciliated cell,46,21,4,4,4_1_2,ClubEpi
G-2182,all,367,123,2615,4529,24,87079,0,0,0,0,0,G,128,Alveolar fibroblast 2,44,31,4,4,4_1_1,ClubEpi
G-2185,all,164,58,2680,5164,27,95371,50,50,0,1,0,G,14,Venous endothelial cell,52,34,1,1,1_4_1,AlveolarFib
G-2186,all,51,29,2777,4389,22,77992,0,0,0,0,0,G,21,Capillary 1 cell,51,29,4,4,4_1_2,ClubEpi
G-2187,all,86,42,2604,4801,22,59054,0,0,0,0,0,G,18,Alveolar fibroblast 1,61,42,1,1,1_5_1,LymphaticEndo
G-2188,all,88,36,2309,4986,22,71646,0,0,0,0,0,G,12,Inflammatory monocyte,59,36,1,1,1_5_2,AlveolarFib
G-2190,all,69,33,2769,4483,39,41238,0,0,0,0,0,G,26,Ciliated cell,56,33,4,4,4_1_2,ClubEpi
G-2191,all,124,56,2595,4643,37,33345,0,0,0,0,0,G,54,Secretory cell,41,21,4,4,4_1_2,ClubEpi
G-2192,all,62,33,3232,4170,20,54447,0,0,0,0,0,G,8,CD8+ T cell,54,33,1,1,1_2_3,Tcell (CD4)
G-2195,all,6,3,3477,4857,30,19012,0,0,0,0,0,G,5,Natural killer cell,23,5,1,1,1_6_2,Neutrophil
G-2196,all,206,59,2772,4627,24,99433,0,0,0,0,0,G,30,Inflammatory monocyte,59,37,2,2,2_5,DC
G-2198,all,24,13,2538,5566,22,82776,0,0,0,0,0,G,17,B cell,44,14,1,1,1_4_3,AlveolarFib
G-2200,all,168,64,2742,4108,21,58404,0,0,0,0,0,G,73,Secretory cell,52,31,4,4,4_1_2,ClubEpi
G-2201,all,187,57,2755,3947,27,39839,0,0,0,0,0,G,127,Secretory cell,50,16,4,4,4_2,ClubEpi
G-2202,all,117,42,2807,5044,25,90148,0,0,0,0,0,G,18,CD4+ T cell,51,29,7,7,7_2,PatrolMac
G-2203,all,256,64,3221,4618,10,98852,0,0,0,0,0,G,33,Inflammatory monocyte,47,26,3,3,3_5,SMC
G-2204,all,45,21,2793,5009,35,32180,0,0,0,0,0,G,8,CD4+ T cell,45,21,1,1,1_2_1,Tcell (CD4)
G-2205,all,434,122,2697,4431,25,114542,0,0,0,0,0,G,183,Ciliated cell,45,24,4,4,4_1_2,ClubEpi
G-2206,all,19,13,2790,5245,12,21963,0,0,0,0,0,G,4,Inflammatory monocyte,38,13,1,1,1_2_3,Tcell (CD4)
G-2207,all,86,38,2950,5142,26,74595,0,0,0,0,0,G,19,Inflammatory monocyte,59,38,8,8,8_1,AlveolarMac
G-2208,all,147,43,2707,4251,11,59070,0,0,0,0,0,G,77,Ciliated cell,62,42,4,4,4_2,CiliatedEpi
G-2209,all,97,51,2751,4232,28,39164,0,0,0,0,0,G,43,Secretory cell,68,46,4,4,4_1_2,ClubEpi
G-2210,all,76,32,2113,5343,18,61930,0,0,0,0,0,G,40,Pericyte,56,32,5,5,5_3,Pericyte
G-2211,all,38,19,2140,5406,38,34593,0,0,0,0,0,G,2,Sox9+/Id2+ epithelial cell,43,20,2,2,2_2,InflamMac
G-2212,all,107,48,3354,4182,22,52917,0,0,0,0,0,G,45,Proliferative mesenchymal progenitor cell,62,39,3,3,3_2,SMC
G-2214,all,65,33,3162,4713,21,47444,0,0,0,0,0,G,3,CD8+ T cell,57,34,2,2,2_2,InflamMac
G-2215,all,34,24,2741,4571,41,9090,0,0,0,0,0,G,16,Venous endothelial cell,39,24,3,3,3_4,AdventitialFib
G-2218,all,14,12,2550,4809,39,23761,0,0,0,0,0,G,7,Alveolar fibroblast 1,29,12,3,3,3_1,SMC
G-2219,all,137,56,2333,4870,35,47013,0,0,0,0,0,G,72,Alveolar fibroblast 1,42,18,4,4,4_2,ClubEpi
G-2222,all,55,32,2092,5091,39,35094,0,0,0,0,0,G,8,Alveolar type 1 cell,55,32,1,1,1_2_3,Tcell (CD4)
G-2223,all,139,36,3757,3833,12,55746,0,0,0,0,0,G,11,T regulatory cell,53,19,7,7,7_2,PatrolMac
G-2225,all,66,25,2740,4950,14,40380,0,0,0,0,0,G,10,Alveolar fibroblast 1,55,26,2,2,2_2,InflamMac
G-2226,all,249,103,2763,4153,21,96773,0,0,0,0,0,G,125,Ciliated cell,44,26,4,4,4_1_2,ClubEpi
G-2230,all,109,32,2818,5213,14,48808,0,0,0,0,0,G,23,Arterial endothelial cell,55,26,6,6,6,AT1
G-2231,all,98,46,3198,4728,26,49588,0,0,0,0,0,G,15,Alveolar macrophage,62,45,1,1,1_5_1,LymphaticEndo
G-2235,all,86,40,2343,4979,25,72813,0,0,0,0,0,G,18,Alveolar fibroblast 1,62,40,1,1,1_5_2,AlveolarFib
G-2237,all,63,33,1959,4874,12,18368,0,0,0,0,0,G,32,B cell,57,33,4,4,4_1_2,ClubEpi
G-2238,all,363,97,2700,3873,32,75580,0,0,0,0,0,G,178,Endothelial progenitor cell,48,31,4,4,4_1_1,CiliatedEpi
G-2239,all,30,16,2208,5497,39,26085,0,0,0,0,0,G,3,Secondary crest myofibroblast,41,17,3,3,3_5,SMC
G-2240,all,209,72,2105,4871,18,43758,0,0,0,0,0,G,85,Alveolar fibroblast 1,53,29,4,4,4_1_2,ClubEpi
G-2241,all,103,31,2763,3911,16,25279,0,0,0,0,0,G,67,B cell,51,30,4,4,4_2,CiliatedEpi
G-2243,all,50,21,3561,4451,11,45498,0,0,0,0,0,G,6,Proliferative mesenchymal progenitor cell,50,21,1,1,1_2_1,Tcell (CD4)
G-2245,all,31,12,2755,5268,38,22091,0,0,0,0,0,G,12,Inflammatory monocyte,42,13,2,2,2_2,InflamMac
G-2247,all,301,106,2666,4521,30,82144,0,0,0,0,0,G,152,Ciliated cell,43,23,4,4,4_1_2,ClubEpi
G-2248,all,37,21,2155,4956,36,13873,0,0,0,0,0,G,15,Capillary 1 cell,39,21,4,4,4_1_2,CiliatedEpi
G-2251,all,14,11,2751,5192,7,13545,0,0,0,0,0,G,6,CD8+ T cell,31,11,6,6,6,AT1
G-2252,all,78,34,3436,4191,16,53566,0,0,0,0,0,G,11,CD8+ T cell,57,34,1,1,1_2_1,Tcell (CD4)
G-2254,all,72,24,3200,4874,20,41927,0,0,0,0,0,G,9,Alveolar fibroblast 1,53,24,2,2,2_1,Capillary
G-2257,all,201,84,2571,4611,21,60810,0,0,0,0,0,G,80,Alveolar fibroblast 1,42,31,4,4,4_1_2,CiliatedEpi
G-2258,all,252,76,2462,4823,19,101380,52,52,0,1,0,G,118,Capillary 1 cell,48,35,4,4,4_1_2,CiliatedEpi
G-2259,all,189,78,2680,5065,22,125088,107,107,0,1,0,G,36,Pericyte,54,46,3,3,3_5,SMC
G-2260,all,147,54,2626,4222,7,25220,0,0,0,0,0,G,66,Ciliated cell,62,43,4,4,4_1_2,CiliatedEpi
G-2261,all,33,18,2904,4785,18,23731,0,0,0,0,0,G,11,Pericyte,44,19,3,3,3_5,SMC
G-2262,all,220,78,3098,4085,26,142372,0,0,0,0,0,G,16,Inflammatory monocyte,57,43,1,1,1_5_2,AlveolarFib
G-2264,all,346,113,2535,4651,29,108857,0,0,0,0,0,G,150,Secretory cell,47,31,4,4,4_1_2,ClubEpi
G-2265,all,50,26,2908,3844,36,29741,0,0,0,0,0,G,11,Alveolar type 1 cell,51,27,1,1,1_4_3,AlveolarFib
G-2268,all,13,9,2835,3946,38,7201,0,0,0,0,0,G,2,Inflammatory monocyte,28,9,1,1,1_2_3,Tcell (CD4)
G-2269,all,189,85,2456,4702,32,36592,0,0,0,0,0,G,59,Secretory cell,50,36,4,4,4_1_1,ClubEpi
G-2270,all,72,41,2581,4828,29,34424,0,0,0,0,0,G,8,Mature DC subset,52,41,1,1,1_5_2,AlveolarFib
G-2271,all,122,68,2770,4185,31,40317,0,0,0,0,0,G,66,Arterial endothelial cell,72,64,4,4,4_1_1,CiliatedEpi
G-2272,all,33,17,2482,5547,40,16599,0,0,0,0,0,G,4,Endothelial progenitor cell,44,17,8,8,8_2,InterstitialMac
G-2275,all,88,34,2701,4579,41,17845,0,0,0,0,0,G,58,Pericyte,64,34,4,4,4_2,ClubEpi
G-2276,all,85,38,2635,5435,19,50884,0,0,0,0,0,G,26,Inflammatory monocyte,57,39,1,1,1_4_1,AlveolarFib
G-2278,all,489,132,2172,4874,25,111468,0,0,0,0,0,G,208,Ciliated cell,43,22,4,4,4_1_2,ClubEpi
G-2281,all,129,53,2609,4717,30,61821,0,0,0,0,0,G,69,Ciliated cell,41,18,4,4,4_1_2,ClubEpi
G-2282,all,62,31,3120,4652,17,35771,0,0,0,0,0,G,3,Capillary 1 cell,57,32,2,2,2_2,InflamMac
G-2283,all,185,73,2698,4482,26,110867,0,0,0,0,0,G,90,Ciliated cell,50,30,4,4,4_1_2,ClubEpi
G-2284,all,61,21,2832,4237,36,13740,0,0,0,0,0,G,47,Endothelial progenitor cell,39,20,4,4,4_2,CiliatedEpi
G-2285,all,133,45,3228,4722,25,59777,0,0,0,0,0,G,51,Alveolar fibroblast 1,41,16,1,1,1_5_1,LymphaticEndo
G-2286,all,63,28,2552,4281,9,15709,0,0,0,0,0,G,28,Arterial endothelial cell,43,28,4,4,4_1_2,CiliatedEpi
G-2287,all,7,5,2410,4881,18,14020,0,0,0,0,0,G,2,CD4+ T cell,24,8,1,1,1_2_1,Tcell (CD4)
G-2288,all,86,40,2588,4546,9,15067,0,0,0,0,0,G,48,B cell,53,40,4,4,4_2,CiliatedEpi
G-2289,all,130,46,3188,3831,29,84684,0,0,0,0,0,G,7,B cell,45,25,1,1,1_2_1,Tcell (CD4)
G-2291,all,457,123,2732,3910,25,114640,0,0,0,0,0,G,265,Secretory cell,42,32,4,4,4_2,CiliatedEpi
G-2293,all,148,59,2962,4351,27,86664,0,0,0,0,0,G,18,Sox9+/Id2+ epithelial cell,48,27,3,3,3_5,SMC
G-2295,all,78,29,2245,5484,35,49638,0,0,0,0,0,G,30,Alveolar type 2 cell,56,30,3,3,3_5,SMC
G-2296,all,78,36,3684,3832,11,43780,0,0,0,0,0,G,6,Arterial endothelial cell,56,36,1,1,1_5_2,AlveolarFib
G-2297,all,41,22,3126,4719,18,56541,0,0,0,0,0,G,10,CD4+ T cell,44,23,3,3,3_5,SMC
G-2302,all,89,41,2569,5473,17,65159,0,0,0,0,0,G,6,T regulatory cell,60,41,1,1,1_2_3,Tcell (CD4)
G-2304,all,47,26,2412,4956,24,35927,0,0,0,0,0,G,11,Inflammatory monocyte,47,26,1,1,1_2_3,Tcell (CD4)
G-2305,all,61,29,2689,5014,26,52643,0,0,0,0,0,G,14,Alveolar fibroblast 1,56,30,3,3,3_5,SMC
G-2306,all,124,55,3379,4933,21,65145,0,0,0,0,0,G,27,Alveolar macrophage,44,26,8,8,8_1,AlveolarMac
G-2307,all,71,35,2775,4249,35,18011,0,0,0,0,0,G,49,B cell,38,35,4,4,4_2,CiliatedEpi
G-2308,all,27,13,2710,5178,9,22463,0,0,0,0,0,G,7,Alveolar type 1 cell,42,14,1,1,1_4_1,AlveolarFib
G-2309,all,91,25,2786,5202,8,33190,0,0,0,0,0,G,19,Alveolar type 1 cell,56,24,6,6,6,AT1
G-2310,all,48,30,3456,3872,20,35312,0,0,0,0,0,G,18,Inflammatory monocyte,48,30,1,1,1_2_3,Tcell (CD4)
G-2311,all,89,31,2845,5572,8,52129,0,0,0,0,0,G,11,CD8+ T cell,59,32,2,2,2_2,InflamMac
G-2312,all,153,53,2106,5261,35,81210,0,0,0,0,0,G,22,Inflammatory monocyte,46,23,1,1,1_2_1,Tcell (CD4)
G-2313,all,176,81,2008,4992,27,61905,0,0,0,0,0,G,45,Ciliated cell,44,31,4,4,4_1_1,ClubEpi
G-2315,all,159,53,2202,5568,33,115327,0,0,0,0,0,G,20,B cell,51,30,7,7,7_2,PatrolMac
G-2318,all,161,58,2619,5150,13,77516,0,0,0,0,0,G,5,Natural killer cell,53,34,1,1,1_6_2,Neutrophil
G-2319,all,336,111,2614,4584,25,87001,0,0,0,0,0,G,166,Ciliated cell,44,38,4,4,4_1_2,CiliatedEpi
G-2320,all,70,33,2544,4763,27,31769,0,0,0,0,0,G,39,Capillary 1 cell,56,34,3,3,3_2,SMC
G-2321,all,102,50,2750,4070,23,57180,0,0,0,0,0,G,49,Endothelial progenitor cell,61,50,4,4,4_1_2,CiliatedEpi
G-2323,all,29,15,3306,4169,39,12141,0,0,0,0,0,G,3,B cell,38,15,1,1,1_2_1,Tcell (CD4)
G-2324,all,32,19,2097,5399,21,40364,0,0,0,0,0,G,9,B cell,41,20,1,1,1_4_3,AlveolarFib
G-2327,all,125,59,2286,4953,16,65546,0,0,0,0,0,G,42,Inflammatory monocyte,42,25,2,2,2_2,InflamMac
G-2329,all,6,4,2700,5569,11,14846,0,0,0,0,0,G,3,B cell,18,7,9,9,9,Bcell
G-2330,all,62,32,3229,4858,10,38838,0,0,0,0,0,G,11,CD8+ T cell,55,32,7,7,7_2,PatrolMac
G-2331,all,202,62,3045,4268,30,98124,0,0,0,0,0,G,36,Inflammatory monocyte,52,35,1,1,1_2_1,Tcell (CD4)
G-2334,all,137,52,2109,4935,35,43658,0,0,0,0,0,G,68,Secretory cell,46,23,4,4,4_2,ClubEpi
G-2339,all,127,49,3018,5215,21,73409,0,0,0,0,0,G,41,Alveolar fibroblast 1,49,29,1,1,1_5_2,AlveolarFib
G-2340,all,472,96,2741,4035,22,114352,0,0,0,0,0,G,306,Ciliated cell,52,41,4,4,4_2,CiliatedEpi
G-2344,all,272,100,2277,4861,37,58661,0,0,0,0,0,G,119,Ciliated cell,46,27,4,4,4_1_2,ClubEpi
G-2346,all,23,16,3003,4343,14,17355,0,0,0,0,0,G,4,Alveolar type 1 cell,42,16,1,1,1_4_1,AlveolarFib
G-2347,all,186,75,2203,4943,37,41015,0,0,0,0,0,G,73,Ciliated cell,51,31,4,4,4_1_2,ClubEpi
G-2348,all,149,52,2835,3989,28,68130,0,0,0,0,0,G,13,Alveolar macrophage,52,22,1,1,1_2_3,Tcell (CD4)
G-2349,all,48,25,2869,4312,23,25056,0,0,0,0,0,G,7,Secondary crest myofibroblast,49,26,3,3,3_5,SMC
G-2354,all,111,42,2800,4332,28,63135,0,0,0,0,0,G,66,Ciliated cell,59,42,4,4,4_1_2,CiliatedEpi
G-2358,all,75,38,2837,5090,19,57138,0,0,0,0,0,G,3,Sox9+/Id2+ epithelial cell,55,39,2,2,2_2,InflamMac
G-2360,all,175,49,2747,4269,29,63563,0,0,0,0,0,G,110,Ciliated cell,65,49,4,4,4_2,CiliatedEpi
G-2361,all,15,5,3330,4840,8,12418,0,0,0,0,0,G,12,Sox9+/Id2+ epithelial cell,33,5,1,1,1_2_3,Tcell (CD4)
G-2364,all,284,72,2770,3866,18,69686,0,0,0,0,0,G,172,Endothelial progenitor cell,40,23,4,4,4_2,CiliatedEpi
G-2366,all,154,65,1975,4916,30,70231,0,0,0,0,0,G,32,Secretory cell,44,28,4,4,4_1_1,ClubEpi
G-2367,all,32,20,2824,4102,35,39020,0,0,0,0,0,G,6,Secondary crest myofibroblast,41,21,3,3,3_2,SMC
G-2370,all,53,28,3330,4189,28,28680,0,0,0,0,0,G,19,Alveolar fibroblast 1,53,29,1,1,1_4_1,AlveolarFib
G-2371,all,43,25,2168,5465,21,47297,0,0,0,0,0,G,8,Arterial endothelial cell,45,26,2,2,2_4,Artery
G-2376,all,62,32,2893,4287,24,35222,0,0,0,0,0,G,6,Alveolar macrophage,55,32,8,8,8_2,InterstitialMac
G-2377,all,87,44,2900,3882,29,60425,0,0,0,0,0,G,18,CD4+ T cell,62,44,1,1,1_4_1,AlveolarFib
G-2378,all,22,10,2525,5053,27,20679,0,0,0,0,0,G,5,Natural killer cell,38,10,7,7,7_3,Tcell (CD8)
G-2379,all,199,81,2405,4807,21,76118,0,0,0,0,0,G,74,Ciliated cell,51,33,4,4,4_1_2,ClubEpi
G-2380,all,128,49,2479,5043,22,69415,0,0,0,0,0,G,8,Proliferative mesenchymal progenitor cell,44,25,3,3,3_3,AdventitialFib
G-2382,all,192,81,2442,4750,31,82299,0,0,0,0,0,G,64,Ciliated cell,51,38,4,4,4_1_1,ClubEpi
G-2388,all,339,117,2372,4792,31,62145,0,0,0,0,0,G,111,Ciliated cell,46,35,4,4,4_1_1,ClubEpi
G-2390,all,240,76,3445,3816,26,134936,0,0,0,0,0,G,69,Mature DC subset,46,30,1,1,1_2_1,Tcell (CD4)
G-2391,all,386,115,2082,4905,25,72600,0,0,0,0,0,G,186,Ciliated cell,45,25,4,4,4_1_2,ClubEpi
G-2392,all,122,50,2475,4900,25,65357,0,0,0,0,0,G,23,Inflammatory monocyte,44,28,3,3,3_4,AdventitialFib
G-2394,all,82,42,3383,4168,13,58084,0,0,0,0,0,G,22,Classical DC subset 2,59,43,1,1,1_4_1,AlveolarFib
G-2395,all,76,42,2795,4207,27,48450,0,0,0,0,0,G,43,Inflammatory monocyte,54,41,4,4,4_1_2,CiliatedEpi
G-2396,all,109,46,2657,4831,19,56334,0,0,0,0,0,G,28,Innate lymphoid cell,53,34,3,3,3_1,SMC
G-2397,all,68,29,2318,4893,34,16079,0,0,0,0,0,G,30,Ciliated cell,57,29,4,4,4_1_2,ClubEpi
G-2398,all,24,10,2586,4745,28,12260,0,0,0,0,0,G,12,Capillary 1 cell,40,11,3,3,3_2,SMC
G-2399,all,29,13,2835,4126,30,18198,0,0,0,0,0,G,13,Secondary crest myofibroblast,38,13,3,3,3_2,SMC
G-2401,all,143,53,2730,5019,33,53347,0,0,0,0,0,G,10,CD8+ T cell,47,27,1,1,1_4_1,AlveolarFib
G-2407,all,160,52,3472,4227,31,70570,0,0,0,0,0,G,37,Inflammatory monocyte,51,31,1,1,1_4_1,AlveolarFib
G-2408,all,64,34,2826,4150,28,37195,0,0,0,0,0,G,29,Secretory cell,57,34,3,3,3_2,SMC
G-2409,all,120,39,3468,4743,10,66966,0,0,0,0,0,G,5,Capillary 1 cell,48,23,2,2,2_1,Capillary
G-2410,all,43,20,2461,4615,8,12850,0,0,0,0,0,G,23,Endothelial progenitor cell,44,20,4,4,4_1_2,ClubEpi
G-2411,all,358,103,2394,4746,13,81174,0,0,0,0,0,G,185,Ciliated cell,45,20,4,4,4_1_2,ClubEpi
G-2412,all,212,86,2501,4691,32,43264,0,0,0,0,0,G,81,Venous endothelial cell,47,39,4,4,4_1_2,CiliatedEpi
G-2413,all,289,93,2419,4697,14,67429,0,0,0,0,0,G,100,Ciliated cell,49,29,4,4,4_1_1,ClubEpi
G-2414,all,98,39,2806,4037,21,76412,0,0,0,0,0,G,17,Inflammatory monocyte,58,37,3,3,3_4,AdventitialFib
G-2416,all,169,54,2736,4529,39,36326,0,0,0,0,0,G,102,Secretory cell,51,21,4,4,4_2,ClubEpi
G-2419,all,48,20,2637,5474,27,30724,0,0,0,0,0,G,3,Pericyte,48,20,5,5,5_3,Pericyte
G-2420,all,241,101,2041,4894,19,71822,55,55,0,1,0,G,93,Alveolar fibroblast 1,43,29,4,4,4_1_1,ClubEpi
G-2421,all,146,50,3182,4807,13,110113,0,0,0,0,0,G,11,Inflammatory monocyte,50,25,2,2,2_2,InflamMac
G-2422,all,74,37,2831,4030,32,34642,0,0,0,0,0,G,5,Alveolar fibroblast 1,60,38,3,3,3_1,SMC
G-2423,all,64,30,3424,4047,23,58368,0,0,0,0,0,G,4,CD4+ T cell,56,30,1,1,1_2_3,Tcell (CD4)
G-2424,all,181,53,2238,5669,35,83376,0,0,0,0,0,G,19,Alveolar type 1 cell,49,26,6,6,6,AT1
G-2425,all,91,38,2604,5457,26,53967,0,0,0,0,0,G,12,Inflammatory monocyte,60,38,1,1,1_2_3,Tcell (CD4)
G-2427,all,335,103,1996,4889,18,72584,0,0,0,0,0,G,162,Secretory cell,45,21,4,4,4_1_2,ClubEpi
G-2428,all,57,29,2796,4284,40,27772,0,0,0,0,0,G,33,Endothelial progenitor cell,35,29,4,4,4_2,CiliatedEpi
G-2429,all,64,34,3266,4071,33,33742,0,0,0,0,0,G,14,CD8+ T cell,55,34,6,6,6,AT1
G-2431,all,66,35,2643,4608,37,28539,0,0,0,0,0,G,41,Secretory cell,59,35,4,4,4_2,ClubEpi
G-2432,all,65,23,2884,4190,35,59390,0,0,0,0,0,G,21,Inflammatory monocyte,54,23,1,1,1_2_3,Tcell (CD4)
G-2433,all,89,37,3224,4137,28,37878,0,0,0,0,0,G,3,Alveolar type 1 cell,60,37,2,2,2_2,InflamMac
G-2434,all,141,52,3350,3908,33,52189,0,0,0,0,0,G,7,Alveolar macrophage,46,24,1,1,1_4_1,AlveolarFib
G-2435,all,33,26,2428,4378,11,13469,0,0,0,0,0,G,2,Natural killer cell,40,27,1,1,1_6_2,Neutrophil
G-2436,all,44,25,2569,4855,40,15612,0,0,0,0,0,G,7,CD4+ T cell,44,25,1,1,1_2_1,Tcell (CD4)
G-2437,all,133,62,2623,4836,30,79721,0,0,0,0,0,G,20,Alveolar fibroblast 1,46,34,1,1,1_5_1,LymphaticEndo
G-2438,all,31,19,2802,4596,36,18767,0,0,0,0,0,G,6,CD4+ T cell,41,20,2,2,2_5,DC
G-2442,all,33,20,3690,3899,37,18088,0,0,0,0,0,G,9,Sox9+/Id2+ epithelial cell,42,20,8,8,8_1,AlveolarMac
G-2445,all,60,24,2865,4255,36,44711,0,0,0,0,0,G,30,Secondary crest myofibroblast,54,25,3,3,3_2,SMC
G-2446,all,43,21,2314,4947,24,36446,0,0,0,0,0,G,23,B cell,47,22,1,1,1_4_1,AlveolarFib
G-2447,all,47,22,2830,4359,39,34086,0,0,0,0,0,G,20,Airway smooth muscle cell,47,22,3,3,3_2,SMC
G-2448,all,204,62,3268,4697,37,67736,0,0,0,0,0,G,35,Alveolar type 1 cell,50,30,1,1,1_4_1,AlveolarFib
G-2449,all,66,33,3431,3881,26,32228,0,0,0,0,0,G,7,Alveolar fibroblast 1,56,33,1,1,1_5_1,LymphaticEndo
G-2450,all,67,34,3347,4950,13,45563,0,0,0,0,0,G,9,Innate lymphoid cell,57,34,1,1,1_5_1,LymphaticEndo
G-2451,all,40,23,2132,4961,37,13181,0,0,0,0,0,G,11,Alveolar fibroblast 1,42,23,2,2,2_3,Vein
G-2452,all,216,89,2378,4846,26,95674,0,0,0,0,0,G,89,Secretory cell,50,40,4,4,4_1_1,CiliatedEpi
G-2454,all,84,37,3549,4376,34,60270,0,0,0,0,0,G,26,Alveolar fibroblast 1,57,38,1,1,1_4_1,AlveolarFib
G-2458,all,74,39,2518,4775,29,41553,0,0,0,0,0,G,33,Capillary 1 cell,56,38,4,4,4_1_2,CiliatedEpi
G-2461,all,10,8,2604,4759,38,6834,0,0,0,0,0,G,4,Secondary crest myofibroblast,29,9,3,3,3_2,SMC
G-2464,all,191,82,2068,4986,20,73080,0,0,0,0,0,G,67,Ciliated cell,47,36,4,4,4_1_3,CiliatedEpi
G-2465,all,138,53,3465,4604,34,89090,0,0,0,0,0,G,19,Inflammatory monocyte,49,30,1,1,1_4_1,AlveolarFib
G-2467,all,17,10,2571,4788,37,8598,0,0,0,0,0,G,12,Secondary crest myofibroblast,33,11,3,3,3_2,SMC
G-2470,all,16,12,2680,4751,40,14350,0,0,0,0,0,G,2,Proliferative mesenchymal progenitor cell,33,12,3,3,3_3,AdventitialFib
G-2471,all,353,107,2298,4788,19,83858,0,0,0,0,0,G,138,Ciliated cell,47,31,4,4,4_1_2,ClubEpi
G-2472,all,52,22,3181,4851,21,34081,0,0,0,0,0,G,5,Alveolar macrophage,52,23,1,1,1_4_1,AlveolarFib
G-2474,all,29,17,2772,4421,23,21093,0,0,0,0,0,G,16,Capillary 1 cell,37,18,3,3,3_5,SMC
G-2475,all,68,32,3046,5250,26,64246,0,0,0,0,0,G,12,Alveolar macrophage,56,33,1,1,1_4_1,AlveolarFib
G-2477,all,52,32,3421,3846,27,44606,0,0,0,0,0,G,7,Alveolar fibroblast 1,54,33,1,1,1_4_1,AlveolarFib
G-2478,all,34,16,3067,5258,24,26265,0,0,0,0,0,G,5,CD8+ T cell,43,17,2,2,2_2,InflamMac
G-2481,all,344,119,2023,4952,29,79114,0,0,0,0,0,G,137,Ciliated cell,47,31,4,4,4_1_1,ClubEpi
G-2485,all,110,29,2677,4283,6,17426,0,0,0,0,0,G,59,Secretory cell,53,17,4,4,4_2,ClubEpi
G-2486,all,27,15,2832,4199,22,12230,0,0,0,0,0,G,17,Capillary 1 cell,41,15,3,3,3_6,SCMF
G-2487,all,38,27,1834,4930,37,11444,0,0,0,0,0,G,8,Alveolar macrophage,41,27,1,1,1_5_2,AlveolarFib
G-2489,all,45,26,2587,4772,38,16113,0,0,0,0,0,G,25,Arterial endothelial cell,46,27,3,3,3_2,SMC
G-2493,all,36,23,3504,4571,36,15869,0,0,0,0,0,G,2,Alveolar macrophage,41,23,8,8,8_2,InterstitialMac
G-2494,all,82,38,2157,5490,19,57274,0,0,0,0,0,G,25,Alveolar macrophage,57,38,1,1,1_5_1,LymphaticEndo
G-2496,all,137,45,2742,3849,22,23989,0,0,0,0,0,G,77,Endothelial progenitor cell,47,15,4,4,4_2,ClubEpi
G-2498,all,22,12,2934,3866,31,16006,0,0,0,0,0,G,7,Pericyte,39,13,3,3,3_5,SMC
G-2499,all,45,31,2743,4337,41,8018,0,0,0,0,0,G,21,Endothelial progenitor cell,41,31,4,4,4_1_1,CiliatedEpi
G-2501,all,93,44,2498,4798,29,40915,0,0,0,0,0,G,56,Endothelial progenitor cell,65,44,4,4,4_1_2,ClubEpi
G-2502,all,98,45,2775,4105,32,57766,0,0,0,0,0,G,46,Venous endothelial cell,59,45,4,4,4_1_2,CiliatedEpi
G-2504,all,13,3,3257,4888,23,8716,0,0,0,0,0,G,10,Alveolar fibroblast 1,33,4,1,1,1_4_3,AlveolarFib
G-2505,all,19,11,3585,4319,9,12489,0,0,0,0,0,G,2,Proliferative mesenchymal progenitor cell,34,11,5,5,5_1,Pericyte
G-2507,all,20,16,3227,4093,39,7329,0,0,0,0,0,G,2,Natural killer cell,41,18,2,2,2_5,DC
G-2508,all,91,35,2302,4914,34,20948,0,0,0,0,0,G,58,Arterial endothelial cell,46,34,4,4,4_2,CiliatedEpi
G-2509,all,30,10,2789,4432,42,6508,0,0,0,0,0,G,22,Capillary 1 cell,30,10,4,4,4_2,CiliatedEpi
G-2512,all,390,89,2738,3819,23,91336,0,0,0,0,0,G,208,Arterial endothelial cell,46,22,4,4,4_1_1,CiliatedEpi
G-2514,all,78,43,2449,4928,31,51571,0,0,0,0,0,G,5,Inflammatory monocyte,56,44,2,2,2_2,InflamMac
G-2517,all,12,7,3557,7348,36,45755,0,0,0,0,0,G,6,Pericyte,35,7,5,5,5_1,Pericyte
G-2519,all,12,9,3668,6535,34,46497,0,0,0,0,0,G,6,B cell,33,9,9,9,9,Bcell
G-2526,all,18,15,3456,5991,26,141344,0,0,0,0,0,G,5,Secondary crest myofibroblast,37,15,1,1,1_3,AT2
G-2527,all,45,18,2591,7236,28,74313,0,0,0,0,0,G,4,Natural killer cell,46,18,7,7,7_3,Tcell (CD8)
G-2529,all,25,12,3361,7454,36,49245,0,0,0,0,0,G,3,Alveolar fibroblast 1,44,12,1,1,1_5_2,AlveolarFib
G-2530,all,33,9,3653,6100,30,85559,0,0,0,0,0,G,16,Alveolar type 2 cell,44,9,1,1,1_3,AT2
G-2533,all,6,4,3041,6429,14,29048,0,0,0,0,0,G,4,Secondary crest myofibroblast,19,7,3,3,3_1,SMC
G-2534,all,33,24,2926,7496,21,122509,0,0,0,0,0,G,5,Alveolar type 1 cell,40,24,1,1,1_5_2,AlveolarFib
G-2540,all,42,23,2322,6829,13,90059,0,0,0,0,0,G,6,Vascular smooth muscle cell,43,24,2,2,2_2,InflamMac
G-2541,all,35,22,2358,7163,34,61026,0,0,0,0,0,G,4,CD8+ T cell,41,22,7,7,7_2,PatrolMac
G-2542,all,13,11,3403,7428,33,33080,0,0,0,0,0,G,5,Alveolar type 2 cell,31,12,2,2,2_4,Artery
G-2543,all,16,13,3146,5892,32,76658,0,0,0,0,0,G,5,Endothelial progenitor cell,37,14,2,2,2_3,Vein
G-2545,all,144,18,2800,5887,22,87934,0,0,0,0,0,G,132,Alveolar type 2 cell,47,5,1,1,1_1,AT2
G-2549,all,24,16,2026,5728,28,85254,0,0,0,0,0,G,2,Proliferative mesenchymal progenitor cell,43,16,6,6,6,AT1
G-2550,all,16,5,3005,6410,12,21286,0,0,0,0,0,G,13,Alveolar type 2 cell,40,5,1,1,1_1,AT2
G-2551,all,21,11,3607,7198,27,47586,0,0,0,0,0,G,2,Alveolar type 1 cell,42,11,6,6,6,AT1
G-2552,all,6,6,2258,5805,7,27289,0,0,0,0,0,G,2,Pericyte,17,9,5,5,5_1,Pericyte
G-2553,all,21,16,2038,6842,22,78827,0,0,0,0,0,G,5,Alveolar fibroblast 1,40,18,2,2,2_4,Artery
G-2557,all,17,14,3005,6063,35,33516,0,0,0,0,0,G,2,Sox9+/Id2+ epithelial cell,35,14,8,8,8_1,AlveolarMac
G-2559,all,19,11,3460,6912,13,80920,0,0,0,0,0,G,5,B cell,41,11,9,9,9,Bcell
G-2564,all,22,9,2296,7197,13,29594,0,0,0,0,0,G,17,Alveolar type 2 cell,44,9,5,5,5_3,Pericyte
G-2565,all,20,14,2997,5972,25,92074,0,0,0,0,0,G,2,Alveolar type 1 cell,40,15,1,1,1_5_2,AlveolarFib
G-2572,all,101,30,2870,5807,20,123126,0,0,0,0,0,G,72,Alveolar type 2 cell,54,24,1,1,1_3,AT2
G-2574,all,96,21,3497,7372,19,74435,0,0,0,0,0,G,12,Alveolar type 1 cell,56,19,6,6,6,AT1
G-2575,all,39,13,3635,7048,32,42255,0,0,0,0,0,G,8,Alveolar type 1 cell,45,13,6,6,6,AT1
G-2577,all,35,14,3431,7440,22,121918,0,0,0,0,0,G,20,Alveolar type 2 cell,44,14,1,1,1_3,AT2
G-2578,all,10,8,3486,6645,33,49045,0,0,0,0,0,G,3,Pericyte,33,8,5,5,5_1,Pericyte
G-2580,all,38,5,2265,7493,9,23888,0,0,0,0,0,G,34,Alveolar type 2 cell,46,5,1,1,1_1,AT2
G-2581,all,15,9,2500,7539,10,41196,0,0,0,0,0,G,4,CD8+ T cell,34,9,7,7,7_2,PatrolMac
G-2582,all,15,12,2626,5990,19,22626,0,0,0,0,0,G,2,Alveolar fibroblast 1,31,12,1,1,1_5_2,AlveolarFib
G-2584,all,14,11,2205,7549,12,16750,0,0,0,0,0,G,3,Alveolar fibroblast 1,31,12,1,1,1_4_1,AlveolarFib
G-2587,all,82,25,2533,6986,21,97697,0,0,0,0,0,G,51,Alveolar type 2 cell,55,25,1,1,1_3,AT2
G-2588,all,19,4,3323,6392,27,51772,0,0,0,0,0,G,17,Alveolar type 2 cell,43,4,1,1,1_1,AT2
G-2589,all,101,20,3267,7556,30,89108,0,0,0,0,0,G,19,Alveolar type 1 cell,56,18,6,6,6,AT1
G-2591,all,19,13,2777,5742,15,46346,0,0,0,0,0,G,2,Capillary 1 cell,39,13,8,8,8_2,InterstitialMac
G-2594,all,69,14,3245,7468,34,102654,0,0,0,0,0,G,54,Alveolar type 2 cell,52,14,1,1,1_1,AT2
G-2596,all,22,11,3730,7131,29,46154,0,0,0,0,0,G,12,Pericyte,40,11,5,5,5_1,Pericyte
G-2600,all,122,38,2002,6955,28,92358,0,0,0,0,0,G,25,Alveolar type 1 cell,42,14,6,6,6,AT1
G-2601,all,30,18,2838,7607,28,41308,0,0,0,0,0,G,7,Alveolar fibroblast 1,41,19,2,2,2_5,DC
G-2604,all,40,28,2205,5895,27,64071,325,325,0,1,0,G,2,Alveolar macrophage,41,28,8,8,8_1,AlveolarMac
G-2605,all,28,20,1951,7062,10,53692,0,0,0,0,0,G,9,Pericyte,39,20,5,5,5_3,Pericyte
G-2608,all,14,7,3486,7045,18,63219,0,0,0,0,0,G,3,Pericyte,31,7,5,5,5_1,Pericyte
G-2609,all,16,13,3382,6521,34,49511,0,0,0,0,0,G,7,Sox9+/Id2+ epithelial cell,33,13,3,3,3_1,SMC
G-2610,all,29,6,2998,7390,6,34387,0,0,0,0,0,G,2,Alveolar type 1 cell,44,6,6,6,6,AT1
G-2612,all,21,12,3427,6554,33,47356,0,0,0,0,0,G,14,Alveolar fibroblast 1,40,13,3,3,3_1,SMC
G-2613,all,14,9,3619,6062,24,75443,0,0,0,0,0,G,7,Alveolar fibroblast 1,32,10,3,3,3_1,SMC
G-2614,all,22,16,3096,7502,13,52726,0,0,0,0,0,G,4,Alveolar fibroblast 1,41,16,6,6,6,AT1
G-2619,all,56,19,3149,6119,19,88125,0,0,0,0,0,G,12,Alveolar type 1 cell,51,19,6,6,6,AT1
G-2620,all,30,20,3108,5969,23,99509,0,0,0,0,0,G,10,Pericyte,38,20,5,5,5_1,Pericyte
G-2622,all,22,17,3021,7305,19,55894,0,0,0,0,0,G,4,Capillary 1 cell,39,16,2,2,2_1,Capillary
G-2624,all,17,11,2063,5748,32,31636,0,0,0,0,0,G,3,Alveolar type 1 cell,36,11,6,6,6,AT1
G-2627,all,44,17,2785,7459,13,56426,0,0,0,0,0,G,23,Alveolar type 2 cell,46,17,1,1,1_1,AT2
G-2628,all,29,19,3061,5861,31,64768,0,0,0,0,0,G,4,Natural killer cell,39,19,7,7,7_4,PatrolMac
G-2629,all,15,10,3281,6374,23,81795,0,0,0,0,0,G,4,Sox9+/Id2+ epithelial cell,35,10,1,1,1_3,AT2
G-2630,all,77,11,2616,6713,9,35931,0,0,0,0,0,G,71,Alveolar type 2 cell,52,11,1,1,1_1,AT2
G-2631,all,13,4,2011,6781,8,12740,0,0,0,0,0,G,13,Alveolar type 2 cell,38,4,1,1,1_1,AT2
G-2633,all,31,19,3175,6333,32,62355,0,0,0,0,0,G,2,Capillary 2 cell,43,19,2,2,2_6,pDC
G-2634,all,9,3,3687,6890,37,18717,0,0,0,0,0,G,2,Alveolar type 1 cell,35,3,6,6,6,AT1
G-2635,all,41,20,3729,6899,31,92599,0,0,0,0,0,G,7,Inflammatory monocyte,44,20,7,7,7_2,PatrolMac
G-2637,all,12,9,2526,7513,19,44642,0,0,0,0,0,G,4,B cell,32,9,9,9,9,Bcell
G-2638,all,31,11,3538,7304,37,40094,0,0,0,0,0,G,24,Vascular smooth muscle cell,43,11,5,5,5_1,Pericyte
G-2639,all,21,11,2585,7476,6,22902,0,0,0,0,0,G,13,Alveolar type 2 cell,41,11,1,1,1_3,AT2
G-2641,all,22,11,2746,7439,14,55715,0,0,0,0,0,G,5,Capillary 1 cell,41,11,1,1,1_1,AT2
G-2644,all,12,7,3444,7541,11,58601,0,0,0,0,0,G,2,Sox9+/Id2+ epithelial cell,32,8,1,1,1_6_2,Neutrophil
G-2645,all,36,25,2049,5682,28,107742,0,0,0,0,0,G,4,Capillary 1 cell,39,25,9,9,9,Bcell
G-2648,all,22,14,2263,6972,21,79445,0,0,0,0,0,G,6,Pericyte,41,14,5,5,5_1,Pericyte
G-2649,all,30,23,3209,5779,11,79653,0,0,0,0,0,G,4,Alveolar fibroblast 1,38,23,7,7,7_3,Tcell (CD8)
G-2651,all,29,21,2564,7517,25,68072,0,0,0,0,0,G,8,B cell,38,21,9,9,9,Bcell
G-2653,all,34,17,3037,6089,27,83176,0,0,0,0,0,G,3,Alveolar type 1 cell,43,17,6,6,6,AT1
G-2654,all,32,22,3142,6014,20,90977,0,0,0,0,0,G,7,Sox9+/Id2+ epithelial cell,41,22,8,8,8_1,AlveolarMac
G-2655,all,20,12,3761,6025,21,93160,0,0,0,0,0,G,3,B cell,39,12,9,9,9,Bcell
G-2657,all,11,8,2020,6729,10,31025,0,0,0,0,0,G,5,Alveolar fibroblast 1,33,9,1,1,1_5_1,LymphaticEndo
G-2658,all,32,20,2615,7302,13,69546,244,0,244,0,1,G,11,Arterial endothelial cell,41,20,2,2,2_3,Vein
G-2666,all,12,8,3254,6090,30,102424,0,0,0,0,0,G,4,Alveolar macrophage,25,9,3,3,3_5,SMC
G-2669,all,12,10,2559,6693,15,37569,0,0,0,0,0,G,2,Alveolar fibroblast 1,31,10,2,2,2_6,pDC
G-2672,all,23,13,1973,6723,32,38110,0,0,0,0,0,G,5,Alveolar fibroblast 1,44,13,3,3,3_1,SMC
G-2681,all,21,15,2952,6103,37,67893,0,0,0,0,0,G,6,Proliferative mesenchymal progenitor cell,41,16,3,3,3_1,SMC
G-2683,all,27,18,3390,7553,32,70272,0,0,0,0,0,G,7,Alveolar macrophage,38,18,8,8,8_1,AlveolarMac
G-2695,all,22,7,2612,6739,16,23832,0,0,0,0,0,G,17,Alveolar type 2 cell,42,7,1,1,1_1,AT2
G-2696,all,14,8,1943,5680,8,40479,0,0,0,0,0,G,8,Alveolar type 2 cell,37,8,1,1,1_1,AT2
G-2697,all,15,4,2248,7466,10,20428,0,0,0,0,0,G,13,Sox9+/Id2+ epithelial cell,41,4,1,1,1_1,AT2
G-2698,all,15,11,3545,6510,26,85845,0,0,0,0,0,G,4,Capillary 1 cell,38,13,2,2,2_5,DC
G-2699,all,37,14,3060,7513,18,62165,0,0,0,0,0,G,17,Alveolar type 2 cell,44,14,1,1,1_1,AT2
G-2700,all,23,6,3432,6124,19,59364,0,0,0,0,0,G,21,Alveolar type 2 cell,42,6,1,1,1_3,AT2
G-2702,all,12,11,2487,6863,8,19077,0,0,0,0,0,G,2,Inflammatory monocyte,31,13,2,2,2_5,DC
G-2705,all,33,15,2803,7595,29,63568,0,0,0,0,0,G,20,Alveolar type 2 cell,43,15,1,1,1_3,AT2
G-2707,all,23,11,3660,6148,34,64408,0,0,0,0,0,G,3,Alveolar fibroblast 1,41,11,6,6,6,AT1
G-2708,all,20,15,3555,7227,19,79267,0,0,0,0,0,G,6,B cell,38,15,8,8,8_3,InterstitialMac
G-2709,all,34,13,2621,7518,15,58577,0,0,0,0,0,G,20,Sox9+/Id2+ epithelial cell,44,13,3,3,3_4,AdventitialFib
G-2710,all,55,14,1990,5687,18,88965,0,0,0,0,0,G,10,Alveolar type 1 cell,51,14,6,6,6,AT1
G-2712,all,49,16,3510,6970,21,97044,0,0,0,0,0,G,31,Alveolar type 2 cell,49,16,1,1,1_3,AT2
G-2715,all,26,16,2269,5939,26,75490,0,0,0,0,0,G,14,Alveolar fibroblast 1,43,17,3,3,3_1,SMC
G-2716,all,7,6,2607,7053,8,17145,0,0,0,0,0,G,3,Pericyte,23,9,5,5,5_3,Pericyte
G-2718,all,27,14,3108,6076,22,109811,0,0,0,0,0,G,4,Pericyte,41,14,5,5,5_1,Pericyte
G-2722,all,23,7,2797,7423,7,36608,0,0,0,0,0,G,19,Sox9+/Id2+ epithelial cell,45,7,1,1,1_1,AT2
G-2723,all,47,13,2351,7239,21,54977,0,0,0,0,0,G,40,AT1/AT2,48,13,1,1,1_3,AT2
G-2725,all,44,13,3070,6392,18,55549,0,0,0,0,0,G,37,Alveolar fibroblast 1,47,14,3,3,3_1,SMC
G-2726,all,64,22,2445,7605,19,106705,0,0,0,0,0,G,11,Alveolar fibroblast 1,55,22,6,6,6,AT1
G-2727,all,57,28,2623,5948,12,70046,0,0,0,0,0,G,20,Alveolar type 1 cell,53,27,1,1,1_5_1,LymphaticEndo
G-2729,all,28,17,3638,7140,24,82803,0,0,0,0,0,G,6,Alveolar fibroblast 1,40,17,1,1,1_5_1,LymphaticEndo
G-2731,all,24,15,2995,7483,24,70800,0,0,0,0,0,G,6,Pericyte,41,15,5,5,5_1,Pericyte
G-2733,all,15,12,2664,5986,21,32726,0,0,0,0,0,G,2,Alveolar type 1 cell,33,12,6,6,6,AT1
G-2738,all,21,11,3515,7536,19,42332,0,0,0,0,0,G,10,Alveolar type 1 cell,45,12,3,3,3_1,SMC
G-2739,all,69,12,3683,7111,24,95963,0,0,0,0,0,G,56,Alveolar type 2 cell,52,12,1,1,1_1,AT2
G-2741,all,53,22,2800,5807,27,97316,0,0,0,0,0,G,20,Alveolar type 2 cell,52,24,2,2,2_5,DC
G-2744,all,22,16,2594,7086,17,76073,0,0,0,0,0,G,9,Pericyte,41,16,2,2,2_6,pDC
G-2745,all,17,10,2000,6749,15,36141,0,0,0,0,0,G,5,Alveolar fibroblast 1,38,10,1,1,1_5_2,AlveolarFib
G-2746,all,19,10,2040,6802,13,30305,0,0,0,0,0,G,11,Alveolar type 2 cell,42,10,1,1,1_3,AT2
G-2749,all,18,12,2636,7094,26,35041,0,0,0,0,0,G,7,Alveolar type 2 cell,39,12,1,1,1_1,AT2
G-2750,all,18,7,1831,6695,14,29930,0,0,0,0,0,G,9,Alveolar fibroblast 1,38,7,3,3,3_4,AdventitialFib
G-2751,all,33,24,3442,5807,28,87201,0,0,0,0,0,G,7,Inflammatory monocyte,39,24,9,9,9,Bcell
G-2753,all,15,11,1941,6723,31,33141,0,0,0,0,0,G,3,Capillary 1 cell,36,11,2,2,2_3,Vein
G-2754,all,32,15,2823,7566,15,51919,0,0,0,0,0,G,12,Alveolar type 2 cell,42,17,2,2,2_5,DC
G-2756,all,50,10,2513,6930,26,68892,0,0,0,0,0,G,42,Alveolar type 2 cell,49,10,1,1,1_3,AT2
G-2758,all,10,6,3264,6261,16,93277,0,0,0,0,0,G,2,Venous endothelial cell,34,7,2,2,2_3,Vein
G-2763,all,132,21,2246,5895,23,101417,0,0,0,0,0,G,113,Alveolar type 2 cell,47,7,1,1,1_3,AT2
G-2765,all,6,3,2169,7478,20,9349,0,0,0,0,0,G,4,Alveolar type 2 cell,33,4,1,1,1_1,AT2
G-2770,all,24,15,3449,6995,14,53906,0,0,0,0,0,G,2,Endothelial progenitor cell,44,14,2,2,2_1,Capillary
G-2771,all,9,7,3592,7452,37,45702,0,0,0,0,0,G,2,Arterial endothelial cell,33,8,2,2,2_4,Artery
G-2772,all,13,11,3078,6061,27,50847,0,0,0,0,0,G,4,Proliferative mesenchymal progenitor cell,28,11,8,8,8_3,InterstitialMac
G-2774,all,16,12,2268,7588,26,34515,0,0,0,0,0,G,2,Alveolar fibroblast 1,32,13,1,1,1_4_1,AlveolarFib
G-2776,all,30,14,1992,6812,10,55216,0,0,0,0,0,G,19,Capillary 1 cell,45,13,2,2,2_1,Capillary
G-2780,all,39,25,3629,7403,31,139286,0,0,0,0,0,G,7,B cell,41,25,9,9,9,Bcell
G-2781,all,57,13,3477,7114,27,105067,0,0,0,0,0,G,14,Arterial endothelial cell,51,13,6,6,6,AT1
G-2783,all,23,16,3458,6800,24,66754,0,0,0,0,0,G,3,B cell,42,16,9,9,9,Bcell
G-2786,all,36,9,3244,5868,35,46067,0,0,0,0,0,G,8,Alveolar type 1 cell,45,9,6,6,6,AT1
G-2787,all,15,11,2460,7499,32,69623,0,0,0,0,0,G,2,Alveolar type 1 cell,36,11,6,6,6,AT1
G-2788,all,25,13,2476,6951,38,38715,0,0,0,0,0,G,11,Alveolar type 2 cell,46,13,1,1,1_3,AT2
G-2789,all,47,24,2325,7283,12,57860,0,0,0,0,0,G,14,Inflammatory monocyte,47,24,1,1,1_3,AT2
G-2790,all,19,13,2811,5761,11,33461,0,0,0,0,0,G,9,Alveolar fibroblast 1,37,13,2,2,2_3,Vein
G-2791,all,15,11,2898,7465,9,46969,0,0,0,0,0,G,4,Alveolar fibroblast 1,40,11,2,2,2_1,Capillary
G-2792,all,36,9,3035,6341,15,49357,0,0,0,0,0,G,27,Alveolar fibroblast 1,44,9,1,1,1_5_1,LymphaticEndo
G-2793,all,15,14,3165,6044,31,52792,0,0,0,0,0,G,2,Alveolar fibroblast 1,30,14,3,3,3_4,AdventitialFib
G-2794,all,9,6,3357,6261,23,73751,0,0,0,0,0,G,3,Alveolar type 2 cell,31,7,1,1,1_1,AT2
G-2798,all,38,23,2238,5740,18,74764,0,0,0,0,0,G,9,Proliferative mesenchymal progenitor cell,42,23,2,2,2_3,Vein
G-2801,all,36,11,3025,7502,26,63634,0,0,0,0,0,G,25,Alveolar type 2 cell,45,11,1,1,1_1,AT2
G-2803,all,23,17,2604,6797,19,60994,0,0,0,0,0,G,4,Interstitial macrophage,43,17,8,8,8_3,InterstitialMac
G-2804,all,11,7,3046,5890,35,38752,0,0,0,0,0,G,3,Alveolar fibroblast 1,37,10,2,2,2_4,Artery
G-2805,all,29,18,2750,7530,17,110826,0,0,0,0,0,G,6,Sox9+/Id2+ epithelial cell,38,18,1,1,1_3,AT2
G-2807,all,32,16,3666,7044,23,59523,0,0,0,0,0,G,5,CD8+ T cell,40,16,7,7,7_2,PatrolMac
G-2818,all,7,7,2653,6018,17,34820,0,0,0,0,0,G,3,B cell,22,9,3,3,3_1,SMC
G-2822,all,11,8,2490,7054,22,29644,0,0,0,0,0,G,2,CD4+ T cell,32,10,2,2,2_5,DC
G-2823,all,46,24,2443,6787,14,74549,0,0,0,0,0,G,4,B cell,46,24,9,9,9,Bcell
G-2824,all,59,16,2327,7209,18,75884,0,0,0,0,0,G,41,Alveolar type 2 cell,52,16,2,2,2_3,Vein
G-2827,all,39,16,3000,6110,26,44446,0,0,0,0,0,G,10,Arterial endothelial cell,44,16,6,6,6,AT1
G-2830,all,23,6,3010,6307,11,27107,0,0,0,0,0,G,16,Sox9+/Id2+ epithelial cell,44,6,1,1,1_1,AT2
G-2832,all,44,24,2997,7336,13,49191,0,0,0,0,0,G,7,Alveolar type 1 cell,45,24,6,6,6,AT1
G-2834,all,39,13,2608,7129,20,91399,50,50,0,1,0,G,26,Alveolar type 2 cell,45,13,1,1,1_1,AT2
G-2836,all,32,13,2616,6765,14,41921,0,0,0,0,0,G,16,Alveolar type 2 cell,43,13,8,8,8_2,InterstitialMac
G-2837,all,34,16,3036,6386,12,49665,0,0,0,0,0,G,23,Capillary 1 cell,43,16,2,2,2_1,Capillary
G-2841,all,8,4,3109,6379,18,23908,0,0,0,0,0,G,4,Sox9+/Id2+ epithelial cell,32,6,1,1,1_1,AT2
G-2843,all,29,13,2245,5697,26,44645,0,0,0,0,0,G,4,Alveolar type 1 cell,42,13,6,6,6,AT1
G-2845,all,23,12,2575,7551,13,43766,0,0,0,0,0,G,7,Alveolar type 1 cell,44,12,6,6,6,AT1
G-2846,all,44,12,2202,7467,18,24518,0,0,0,0,0,G,32,Alveolar type 2 cell,46,12,7,7,7_2,PatrolMac
G-2861,all,7,6,1953,5720,23,14882,0,0,0,0,0,G,3,Endothelial progenitor cell,28,9,2,2,2_3,Vein
G-2863,all,19,12,2649,7492,19,45478,0,0,0,0,0,G,8,Alveolar type 2 cell,40,12,1,1,1_1,AT2
G-2865,all,12,7,3348,6416,31,30229,0,0,0,0,0,G,10,Alveolar type 2 cell,34,7,1,1,1_3,AT2
G-2866,all,7,6,3378,7612,29,43977,0,0,0,0,0,G,3,Alveolar macrophage,24,9,8,8,8_3,InterstitialMac
G-2869,all,20,13,3694,7160,29,49164,0,0,0,0,0,G,6,Alveolar type 2 cell,41,13,1,1,1_3,AT2
G-2875,all,18,7,5184,944,26,54834,0,0,0,0,0,G,12,Alveolar type 2 cell,41,8,2,2,2_4,Artery
G-2876,all,38,24,4326,1591,19,64525,0,0,0,0,0,G,8,Alveolar fibroblast 1,43,25,1,1,1_5_1,LymphaticEndo
G-2877,all,65,24,4387,532,29,66089,0,0,0,0,0,G,5,Alveolar type 1 cell,55,24,6,6,6,AT1
G-2878,all,42,28,3803,1088,33,74861,0,0,0,0,0,G,9,Alveolar fibroblast 1,43,29,2,2,2_4,Artery
G-2880,all,17,11,4743,1244,17,42124,0,0,0,0,0,G,4,Capillary 1 cell,34,11,2,2,2_1,Capillary
G-2881,all,37,21,4039,1759,12,57415,0,0,0,0,0,G,5,Capillary 1 cell,43,23,2,2,2_5,DC
G-2882,all,26,16,3857,1073,28,46161,0,0,0,0,0,G,5,Sox9+/Id2+ epithelial cell,45,16,6,6,6,AT1
G-2883,all,17,13,3949,381,18,29944,0,0,0,0,0,G,3,Interstitial macrophage,33,13,8,8,8_3,InterstitialMac
G-2885,all,77,45,4364,417,21,92504,0,0,0,0,0,G,11,Alveolar fibroblast 1,59,44,1,1,1_5_1,LymphaticEndo
G-2886,all,23,17,4373,1389,33,45521,0,0,0,0,0,G,5,Pericyte,42,17,5,5,5_3,Pericyte
G-2888,all,43,17,3829,1499,30,91290,0,0,0,0,0,G,3,Natural killer cell,44,17,7,7,7_3,Tcell (CD8)
G-2890,all,29,16,5223,1642,31,69722,0,0,0,0,0,G,7,Alveolar type 1 cell,43,17,3,3,3_1,SMC
G-2893,all,42,23,5084,1583,17,94973,0,0,0,0,0,G,12,B cell,44,23,3,3,3_3,AdventitialFib
G-2895,all,20,10,4291,1599,25,58045,0,0,0,0,0,G,13,Alveolar type 2 cell,42,10,1,1,1_1,AT2
G-2896,all,63,38,4803,70,23,90347,2326,0,2326,0,1,G,8,Proliferative mesenchymal progenitor cell,59,39,3,3,3_1,SMC
G-2897,all,52,36,4482,57,29,84737,0,0,0,0,0,G,13,Venous endothelial cell,53,37,3,3,3_5,SMC
G-2899,all,29,22,5456,1072,36,56266,0,0,0,0,0,G,3,Secondary crest myofibroblast,37,22,1,1,1_3,AT2
G-2900,all,16,12,4579,145,38,17845,0,0,0,0,0,G,5,Inflammatory monocyte,34,12,5,5,5_1,Pericyte
G-2901,all,58,31,5051,199,20,77825,0,0,0,0,0,G,17,Pericyte,55,31,5,5,5_1,Pericyte
G-2905,all,55,29,4620,1303,23,87773,0,0,0,0,0,G,8,Alveolar type 2 cell,53,29,2,2,2_6,pDC
G-2906,all,24,13,4515,1875,12,47662,0,0,0,0,0,G,3,Secondary crest myofibroblast,41,13,1,1,1_3,AT2
G-2907,all,13,10,4360,1613,34,37769,0,0,0,0,0,G,4,Sox9+/Id2+ epithelial cell,31,10,1,1,1_3,AT2
G-2910,all,17,14,3854,1192,17,59069,104,0,104,0,1,G,2,Capillary 1 cell,34,14,8,8,8_2,InterstitialMac
G-2912,all,16,16,4297,1754,36,37428,0,0,0,0,0,G,2,Capillary 1 cell,30,15,2,2,2_1,Capillary
G-2914,all,26,11,5161,1506,30,35619,0,0,0,0,0,G,16,Alveolar type 2 cell,47,11,1,1,1_3,AT2
G-2916,all,100,44,4447,574,29,107955,0,0,0,0,0,G,26,Alveolar type 2 cell,57,37,2,2,2_2,InflamMac
G-2917,all,18,13,4516,1788,27,63005,0,0,0,0,0,G,4,B cell,38,13,9,9,9,Bcell
G-2918,all,55,29,5563,614,22,92583,0,0,0,0,0,G,8,Sox9+/Id2+ epithelial cell,55,29,1,1,1_5_2,AlveolarFib
G-2919,all,11,8,4955,1147,34,64392,0,0,0,0,0,G,2,Basophil,31,10,2,2,2_5,DC
G-2922,all,27,17,5270,1386,36,42714,0,0,0,0,0,G,10,Alveolar type 2 cell,47,17,1,1,1_1,AT2
G-2926,all,34,25,4581,31,34,67723,0,0,0,0,0,G,5,B cell,38,25,9,9,9,Bcell
G-2927,all,41,24,5449,492,15,65332,0,0,0,0,0,G,5,CD4+ T cell,42,24,6,6,6,AT1
G-2928,all,94,29,5247,62,19,80054,0,0,0,0,0,G,16,Mesothelial cell,60,29,6,6,6,AT1
G-2931,all,21,14,4782,545,29,55452,227,0,227,0,1,G,2,Capillary 1 cell,40,14,8,8,8_2,InterstitialMac
G-2932,all,39,9,4681,1109,31,40726,0,0,0,0,0,G,8,Alveolar type 1 cell,45,9,6,6,6,AT1
G-2935,all,32,23,4445,648,19,46231,0,0,0,0,0,G,11,Interstitial macrophage,38,23,8,8,8_3,InterstitialMac
G-2936,all,29,18,4870,1007,31,65108,0,0,0,0,0,G,6,Natural killer cell,39,19,2,2,2_2,InflamMac
G-2937,all,20,16,5219,1386,35,78640,0,0,0,0,0,G,5,Capillary 1 cell,40,16,2,2,2_1,Capillary
G-2938,all,12,9,5309,712,10,27961,0,0,0,0,0,G,2,Proliferative mesenchymal progenitor cell,31,9,5,5,5_1,Pericyte
G-2939,all,39,31,3815,1035,18,82767,0,0,0,0,0,G,9,Pericyte,40,31,5,5,5_1,Pericyte
G-2941,all,9,7,4940,1103,5,12861,0,0,0,0,0,G,3,Capillary 1 cell,28,8,2,2,2_1,Capillary
G-2943,all,35,16,4575,1209,32,69209,0,0,0,0,0,G,3,Natural killer cell,41,16,7,7,7_4,PatrolMac
G-2945,all,68,30,3943,571,32,77416,0,0,0,0,0,G,34,Pericyte,54,30,5,5,5_1,Pericyte
G-2946,all,167,26,4362,1155,29,100295,52,52,0,1,0,G,141,Alveolar type 2 cell,47,9,1,1,1_3,AT2
G-2947,all,32,23,3795,521,35,38625,0,0,0,0,0,G,6,Capillary 1 cell,39,23,2,2,2_3,Vein
G-2948,all,27,19,5159,437,35,36572,0,0,0,0,0,G,3,Arterial endothelial cell,41,21,2,2,2_5,DC
G-2949,all,72,29,4348,308,24,105216,0,0,0,0,0,G,18,Alveolar macrophage,52,29,8,8,8_1,AlveolarMac
G-2951,all,20,16,5003,485,22,52701,0,0,0,0,0,G,4,Alveolar fibroblast 1,43,17,3,3,3_1,SMC
G-2954,all,43,26,4772,967,14,76642,0,0,0,0,0,G,16,Pericyte,43,26,5,5,5_1,Pericyte
G-2955,all,64,20,4458,1435,19,57697,0,0,0,0,0,G,39,Alveolar macrophage,53,20,1,1,1_1,AT2
G-2956,all,157,20,4526,71,29,98889,0,0,0,0,0,G,139,Alveolar type 2 cell,49,7,1,1,1_3,AT2
G-2957,all,131,37,4244,1012,21,99021,0,0,0,0,0,G,20,Alveolar type 1 cell,48,19,3,3,3_1,SMC
G-2959,all,65,22,3945,711,17,57456,0,0,0,0,0,G,12,Alveolar type 1 cell,55,22,6,6,6,AT1
G-2964,all,18,12,4625,471,28,48483,0,0,0,0,0,G,3,Alveolar type 1 cell,35,12,7,7,7_3,Tcell (CD8)
G-2966,all,32,22,4618,60,28,53123,0,0,0,0,0,G,4,Alveolar fibroblast 1,39,23,3,3,3_5,SMC
G-2967,all,13,4,4650,1686,6,14956,0,0,0,0,0,G,11,Sox9+/Id2+ epithelial cell,38,4,1,1,1_1,AT2
G-2969,all,28,21,5060,546,38,48723,0,0,0,0,0,G,2,Interstitial macrophage,38,21,8,8,8_3,InterstitialMac
G-2970,all,28,15,5158,1619,25,76414,0,0,0,0,0,G,2,Venous endothelial cell,44,15,2,2,2_3,Vein
G-2973,all,30,22,5144,284,28,48013,0,0,0,0,0,G,8,Alveolar fibroblast 1,41,23,3,3,3_1,SMC
G-2975,all,108,38,4869,35,15,89650,0,0,0,0,0,G,14,Alveolar type 1 cell,52,25,6,6,6,AT1
G-2977,all,34,22,5003,519,32,54670,0,0,0,0,0,G,9,Interstitial macrophage,43,22,8,8,8_3,InterstitialMac
G-2978,all,43,23,5499,1102,27,89340,0,0,0,0,0,G,5,Alveolar type 1 cell,44,23,6,6,6,AT1
G-2980,all,17,5,5209,971,12,45230,0,0,0,0,0,G,13,Sox9+/Id2+ epithelial cell,40,5,1,1,1_1,AT2
G-2981,all,67,34,4590,354,20,105948,129,64,65,0.496124,0.503876,G,3,Neutrophil,54,35,2,2,2_2,InflamMac
G-2982,all,20,17,4858,894,12,39964,0,0,0,0,0,G,3,Alveolar fibroblast 1,39,16,1,1,1_5_1,LymphaticEndo
G-2984,all,24,13,4634,1150,31,49770,0,0,0,0,0,G,4,Pericyte,44,13,5,5,5_1,Pericyte
G-2985,all,22,19,4591,197,38,42232,0,0,0,0,0,G,4,B cell,41,19,7,7,7_2,PatrolMac
G-2986,all,97,25,5045,787,18,107002,0,0,0,0,0,G,73,Alveolar type 2 cell,56,23,1,1,1_3,AT2
G-2990,all,54,27,4607,1581,23,79679,0,0,0,0,0,G,22,Pericyte,53,27,5,5,5_1,Pericyte
G-2991,all,78,41,4252,1736,23,126064,0,0,0,0,0,G,27,Pericyte,58,41,5,5,5_1,Pericyte
G-2992,all,23,18,4615,145,38,27928,0,0,0,0,0,G,4,B cell,42,19,3,3,3_1,SMC
G-2994,all,47,17,5345,1170,25,64932,0,0,0,0,0,G,32,Ciliated cell,47,17,1,1,1_1,AT2
G-2996,all,53,26,5154,1045,20,114100,0,0,0,0,0,G,5,B cell,52,26,9,9,9,Bcell
G-2997,all,28,14,5334,792,16,85825,0,0,0,0,0,G,4,Innate lymphoid cell,40,15,1,1,1_4_1,AlveolarFib
G-2998,all,12,10,4924,1016,7,25347,50,0,50,0,1,G,2,Proliferative mesenchymal progenitor cell,30,10,2,2,2_6,pDC
G-2999,all,93,54,3907,354,23,100453,0,0,0,0,0,G,15,Alveolar fibroblast 1,66,53,3,3,3_5,SMC
G-3000,all,22,10,4665,1263,15,24694,0,0,0,0,0,G,16,Alveolar type 2 cell,45,12,2,2,2_5,DC
G-3001,all,79,25,5379,598,15,79109,0,0,0,0,0,G,13,Alveolar type 1 cell,55,25,6,6,6,AT1
G-3003,all,126,29,4681,126,36,79149,0,0,0,0,0,G,100,Alveolar type 2 cell,44,9,1,1,1_3,AT2
G-3004,all,27,22,3850,335,33,38269,0,0,0,0,0,G,3,Venous endothelial cell,47,22,2,2,2_3,Vein
G-3006,all,28,23,3981,1059,21,58863,0,0,0,0,0,G,2,Inflammatory monocyte,38,24,2,2,2_2,InflamMac
G-3009,all,16,13,4804,1154,38,47680,0,0,0,0,0,G,2,Capillary 1 cell,34,14,1,1,1_6_2,Neutrophil
G-3010,all,37,16,4483,1267,33,86260,0,0,0,0,0,G,11,B cell,43,16,9,9,9,Bcell
G-3011,all,13,10,3906,1255,18,48309,0,0,0,0,0,G,5,Alveolar macrophage,33,10,8,8,8_1,AlveolarMac
G-3012,all,20,14,5385,34,18,79056,0,0,0,0,0,G,9,Ciliated cell,41,14,9,9,9,Bcell
G-3013,all,41,30,4974,748,31,56609,0,0,0,0,0,G,8,Alveolar fibroblast 1,43,31,2,2,2_4,Artery
G-3014,all,32,21,3787,1848,33,94631,0,0,0,0,0,G,6,Alveolar fibroblast 1,40,22,3,3,3_1,SMC
G-3016,all,24,17,4715,1795,36,43309,0,0,0,0,0,G,2,Proliferative mesenchymal progenitor cell,42,17,3,3,3_4,AdventitialFib
G-3017,all,15,14,4864,1285,32,58399,0,0,0,0,0,G,2,Pericyte,30,14,5,5,5_1,Pericyte
G-3018,all,10,8,4031,1180,38,37097,0,0,0,0,0,G,4,Sox9+/Id2+ epithelial cell,32,8,2,2,2_3,Vein
G-3019,all,44,31,4318,1395,18,92378,0,0,0,0,0,G,4,Capillary 2 cell,44,31,2,2,2_6,pDC
G-3020,all,47,17,3930,1237,13,48674,0,0,0,0,0,G,29,Alveolar type 2 cell,47,17,1,1,1_3,AT2
G-3021,all,12,11,5421,870,33,38083,0,0,0,0,0,G,2,Alveolar macrophage,29,12,1,1,1_4_1,AlveolarFib
G-3022,all,31,23,4691,1206,25,90583,0,0,0,0,0,G,8,Alveolar type 1 cell,39,23,6,6,6,AT1
G-3024,all,25,15,5366,756,14,66682,0,0,0,0,0,G,13,Alveolar type 2 cell,45,15,5,5,5_1,Pericyte
G-3026,all,21,19,4324,433,14,75498,0,0,0,0,0,G,2,CD8+ T cell,39,19,7,7,7_2,PatrolMac
G-3030,all,112,22,4069,1167,20,107245,0,0,0,0,0,G,87,Alveolar type 2 cell,49,11,1,1,1_1,AT2
G-3031,all,71,33,5178,124,25,64600,0,0,0,0,0,G,39,Alveolar type 2 cell,57,33,1,1,1_3,AT2
G-3032,all,25,16,5513,1479,32,64838,0,0,0,0,0,G,4,Capillary 1 cell,44,16,9,9,9,Bcell
G-3033,all,26,18,3809,360,36,33747,0,0,0,0,0,G,3,Capillary 1 cell,47,18,2,2,2_3,Vein
G-3035,all,29,18,4112,208,34,30490,0,0,0,0,0,G,8,Interstitial macrophage,39,18,8,8,8_3,InterstitialMac
G-3037,all,64,27,4129,1308,14,76604,0,0,0,0,0,G,37,Alveolar type 2 cell,56,27,1,1,1_3,AT2
G-3038,all,26,15,4554,1787,24,50400,0,0,0,0,0,G,10,Sox9+/Id2+ epithelial cell,46,15,1,1,1_1,AT2
G-3039,all,39,27,4785,436,33,60775,0,0,0,0,0,G,8,Capillary 1 cell,42,27,2,2,2_1,Capillary
G-3040,all,38,24,5151,174,22,42783,0,0,0,0,0,G,5,Inflammatory monocyte,42,25,2,2,2_2,InflamMac
G-3042,all,29,14,4595,1791,20,37266,0,0,0,0,0,G,19,Alveolar type 2 cell,38,14,1,1,1_1,AT2
G-3043,all,23,17,4111,1747,35,56032,0,0,0,0,0,G,4,Alveolar fibroblast 1,47,19,2,2,2_4,Artery
G-3044,all,20,14,4690,1734,15,55402,0,0,0,0,0,G,3,Alveolar fibroblast 1,39,14,1,1,1_5_2,AlveolarFib
G-3047,all,13,10,5599,846,38,31774,0,0,0,0,0,G,3,Proliferative mesenchymal progenitor cell,31,11,3,3,3_1,SMC
G-3048,all,49,25,4720,87,21,100050,0,0,0,0,0,G,12,Alveolar type 2 cell,50,26,2,2,2_2,InflamMac
G-3052,all,17,12,4644,1197,24,48186,0,0,0,0,0,G,10,Pericyte,35,12,5,5,5_1,Pericyte
G-3053,all,45,25,4986,78,20,63105,0,0,0,0,0,G,7,Alveolar fibroblast 1,47,25,2,2,2_1,Capillary
G-3058,all,32,20,5020,1393,26,51181,0,0,0,0,0,G,5,Capillary 1 cell,39,20,8,8,8_2,InterstitialMac
G-3059,all,32,10,4663,389,15,36721,0,0,0,0,0,G,20,Alveolar type 2 cell,44,10,1,1,1_1,AT2
G-3061,all,94,31,4416,595,17,85156,0,0,0,0,0,G,49,Alveolar type 2 cell,58,29,1,1,1_1,AT2
G-3063,all,71,39,4636,180,25,98232,0,0,0,0,0,G,12,Capillary 1 cell,52,39,2,2,2_3,Vein
G-3067,all,14,11,5481,317,26,28692,0,0,0,0,0,G,2,Inflammatory monocyte,33,12,3,3,3_1,SMC
G-3068,all,48,28,4962,695,23,97446,0,0,0,0,0,G,7,Alveolar fibroblast 1,47,27,1,1,1_5_1,LymphaticEndo
G-3069,all,26,14,3792,763,35,40969,0,0,0,0,0,G,9,B cell,46,14,9,9,9,Bcell
G-3070,all,52,18,4900,707,29,53956,0,0,0,0,0,G,15,Alveolar macrophage,52,18,8,8,8_1,AlveolarMac
G-3072,all,43,26,4671,447,28,61342,0,0,0,0,0,G,4,Capillary 1 cell,44,26,2,2,2_1,Capillary
G-3074,all,38,25,5503,1265,22,83301,0,0,0,0,0,G,6,Alveolar fibroblast 1,42,25,3,3,3_4,AdventitialFib
G-3076,all,33,17,5575,495,8,34020,0,0,0,0,0,G,13,Capillary 1 cell,40,17,7,7,7_3,Tcell (CD8)
G-3077,all,47,23,3779,719,32,67380,0,0,0,0,0,G,20,Pericyte,47,23,5,5,5_1,Pericyte
G-3078,all,21,15,4604,1115,19,47954,0,0,0,0,0,G,8,Alveolar type 2 cell,40,15,1,1,1_3,AT2
G-3079,all,6,3,5430,1858,7,22526,0,0,0,0,0,G,4,Proliferative mesenchymal progenitor cell,22,7,3,3,3_1,SMC
G-3081,all,15,7,4542,1455,20,49474,0,0,0,0,0,G,6,B cell,37,7,9,9,9,Bcell
G-3084,all,27,15,5339,912,15,66611,0,0,0,0,0,G,7,Arterial endothelial cell,44,15,2,2,2_4,Artery
G-3087,all,88,21,5307,624,12,75440,0,0,0,0,0,G,61,Alveolar type 2 cell,55,21,1,1,1_3,AT2
G-3088,all,56,30,5535,565,26,92930,0,0,0,0,0,G,8,Inflammatory monocyte,54,30,7,7,7_2,PatrolMac
G-3092,all,64,35,4542,1003,21,105812,0,0,0,0,0,G,10,Capillary 1 cell,54,34,2,2,2_1,Capillary
G-3093,all,54,35,4252,346,30,71147,0,0,0,0,0,G,7,Venous endothelial cell,55,36,2,2,2_5,DC
G-3095,all,9,7,4905,1043,18,27885,0,0,0,0,0,G,3,Basophil,27,9,2,2,2_5,DC
G-3096,all,29,13,5315,1713,19,40508,0,0,0,0,0,G,5,Sox9+/Id2+ epithelial cell,41,13,7,7,7_3,Tcell (CD8)
G-3098,all,19,17,4103,323,26,14235,0,0,0,0,0,G,4,Pericyte,38,17,5,5,5_3,Pericyte
G-3099,all,12,11,3860,1154,27,48934,0,0,0,0,0,G,2,B cell,31,12,3,3,3_5,SMC
G-3103,all,26,13,5110,293,29,48126,0,0,0,0,0,G,13,Alveolar type 2 cell,44,14,2,2,2_4,Artery
G-3104,all,20,16,4058,1641,37,43436,0,0,0,0,0,G,3,Capillary 2 cell,39,16,2,2,2_3,Vein
G-3105,all,25,18,4723,1020,33,88808,0,0,0,0,0,G,6,Arterial endothelial cell,45,19,3,3,3_1,SMC
G-3106,all,19,13,4315,1642,11,57724,0,0,0,0,0,G,3,Alveolar type 1 cell,37,13,6,6,6,AT1
G-3107,all,27,18,5455,829,22,54387,0,0,0,0,0,G,8,Alveolar type 2 cell,47,18,1,1,1_1,AT2
G-3109,all,14,10,5130,1460,18,47429,0,0,0,0,0,G,3,Interstitial macrophage,30,10,8,8,8_3,InterstitialMac
G-3110,all,25,9,5500,495,36,29430,0,0,0,0,0,G,3,Alveolar type 1 cell,45,9,6,6,6,AT1
G-3111,all,75,34,4165,194,34,69425,0,0,0,0,0,G,20,Interstitial macrophage,54,34,8,8,8_3,InterstitialMac
G-3114,all,54,20,5173,159,29,39280,0,0,0,0,0,G,31,Alveolar type 2 cell,51,20,1,1,1_1,AT2
G-3115,all,55,31,4262,1056,29,60846,0,0,0,0,0,G,5,Inflammatory monocyte,53,31,6,6,6,AT1
G-3123,all,15,7,4641,1225,19,21649,0,0,0,0,0,G,8,Pericyte,35,7,5,5,5_1,Pericyte
G-3124,all,25,12,4538,1497,34,37312,0,0,0,0,0,G,13,Sox9+/Id2+ epithelial cell,47,12,1,1,1_1,AT2
G-3125,all,9,7,5474,803,16,26220,0,0,0,0,0,G,2,Sox9+/Id2+ epithelial cell,31,8,3,3,3_5,SMC
G-3126,all,38,24,3825,888,12,60132,0,0,0,0,0,G,4,Alveolar macrophage,43,25,2,2,2_2,InflamMac
G-3129,all,37,22,4112,1337,16,81109,0,0,0,0,0,G,12,Alveolar type 2 cell,41,22,1,1,1_3,AT2
G-3131,all,49,20,5117,326,36,49335,0,0,0,0,0,G,24,Alveolar type 2 cell,49,20,1,1,1_3,AT2
G-3133,all,26,17,5511,752,12,44715,0,0,0,0,0,G,6,Alveolar fibroblast 1,38,18,3,3,3_1,SMC
G-3134,all,60,18,4917,1401,33,51037,0,0,0,0,0,G,5,Alveolar type 1 cell,54,19,3,3,3_1,SMC
G-3135,all,25,19,5176,200,30,41746,0,0,0,0,0,G,5,Sox9+/Id2+ epithelial cell,45,19,2,2,2_6,pDC
G-3140,all,66,25,5497,1161,24,93639,0,0,0,0,0,G,33,Alveolar type 2 cell,54,25,1,1,1_1,AT2
G-3142,all,20,4,5224,523,10,27601,0,0,0,0,0,G,19,Alveolar type 2 cell,42,4,1,1,1_1,AT2
G-3143,all,14,10,4717,1259,10,42307,0,0,0,0,0,G,8,Alveolar type 2 cell,32,10,8,8,8_2,InterstitialMac
G-3147,all,86,46,4987,827,16,127626,0,0,0,0,0,G,16,Alveolar type 1 cell,63,46,6,6,6,AT1
G-3150,all,51,24,5072,709,29,94734,0,0,0,0,0,G,14,Alveolar type 2 cell,49,24,2,2,2_3,Vein
G-3151,all,23,19,4297,1065,32,40546,0,0,0,0,0,G,5,Alveolar type 1 cell,44,19,6,6,6,AT1
G-3154,all,22,8,5403,766,23,32688,0,0,0,0,0,G,9,Sox9+/Id2+ epithelial cell,43,8,1,1,1_1,AT2
G-3156,all,11,9,4572,1683,39,18604,0,0,0,0,0,G,2,Alveolar type 1 cell,33,9,6,6,6,AT1
G-3158,all,85,42,3925,734,20,83329,0,0,0,0,0,G,7,Capillary 1 cell,60,42,6,6,6,AT1
G-3162,all,44,21,5164,86,21,93949,0,0,0,0,0,G,7,Endothelial progenitor cell,45,21,5,5,5_3,Pericyte
G-3163,all,27,9,5585,558,13,50156,0,0,0,0,0,G,19,Alveolar type 2 cell,45,9,1,1,1_1,AT2
G-3164,all,126,52,3970,347,29,84291,0,0,0,0,0,G,54,Interstitial macrophage,40,18,8,8,8_3,InterstitialMac
G-3165,all,22,13,5254,630,33,47591,0,0,0,0,0,G,2,Endothelial progenitor cell,45,14,2,2,2_1,Capillary
G-3167,all,34,17,5411,649,23,93711,0,0,0,0,0,G,4,Alveolar type 1 cell,42,17,6,6,6,AT1
G-3168,all,129,35,4274,1666,24,94944,0,0,0,0,0,G,16,Alveolar type 1 cell,41,10,6,6,6,AT1
G-3169,all,118,33,3775,878,34,97211,2162,0,2162,0,1,G,20,Alveolar type 1 cell,47,16,6,6,6,AT1
G-3170,all,82,39,5481,522,20,94555,0,0,0,0,0,G,9,Innate lymphoid cell,59,39,7,7,7_2,PatrolMac
G-3172,all,31,21,4233,1431,18,77990,0,0,0,0,0,G,3,CD4+ T cell,41,22,1,1,1_4_1,AlveolarFib
G-3174,all,85,46,4972,213,28,89999,0,0,0,0,0,G,18,Sox9+/Id2+ epithelial cell,61,46,2,2,2_1,Capillary
G-3175,all,16,8,4570,1803,10,22625,0,0,0,0,0,G,11,Sox9+/Id2+ epithelial cell,39,8,1,1,1_1,AT2
G-3177,all,9,9,5290,535,16,16009,0,0,0,0,0,G,2,Alveolar fibroblast 1,30,10,1,1,1_4_1,AlveolarFib
G-3178,all,33,18,4958,71,27,56960,0,0,0,0,0,G,4,Sox9+/Id2+ epithelial cell,44,19,2,2,2_2,InflamMac
G-3179,all,30,22,5319,1235,13,46212,0,0,0,0,0,G,5,Inflammatory monocyte,36,23,2,2,2_1,Capillary
G-3180,all,24,17,3845,376,32,36533,0,0,0,0,0,G,6,Inflammatory monocyte,45,19,2,2,2_5,DC
G-3181,all,7,5,4520,183,24,8178,0,0,0,0,0,G,5,Alveolar type 2 cell,28,7,1,1,1_1,AT2
G-3182,all,19,12,5103,443,27,29636,0,0,0,0,0,G,4,Alveolar fibroblast 1,40,13,3,3,3_1,SMC
G-3183,all,46,20,4175,275,23,62307,0,0,0,0,0,G,13,Alveolar fibroblast 2,46,20,3,3,3_3,AdventitialFib
G-3184,all,36,16,5004,726,28,64951,0,0,0,0,0,G,24,Alveolar type 2 cell,44,16,1,1,1_3,AT2
G-3188,all,10,7,5483,1433,10,32951,0,0,0,0,0,G,3,Proliferative mesenchymal progenitor cell,29,8,3,3,3_1,SMC
G-3189,all,12,9,4100,345,37,14047,0,0,0,0,0,G,6,CD8+ T cell,36,10,2,2,2_2,InflamMac
G-3190,all,21,14,4829,1237,31,80879,0,0,0,0,0,G,5,Capillary 1 cell,40,14,2,2,2_1,Capillary
G-3193,all,21,12,5564,1897,36,75527,0,0,0,0,0,G,2,Basophil,44,14,2,2,2_5,DC
G-3197,all,33,9,4514,639,40,17389,0,0,0,0,0,G,26,Alveolar type 2 cell,43,9,1,1,1_3,AT2
G-3198,all,39,8,4526,128,21,29233,0,0,0,0,0,G,33,Alveolar type 2 cell,45,8,1,1,1_3,AT2
G-3199,all,6,5,4632,1085,11,13946,0,0,0,0,0,G,2,Alveolar fibroblast 1,24,7,1,1,1_5_2,AlveolarFib
G-3200,all,23,19,5412,1181,21,89314,0,0,0,0,0,G,5,CD4+ T cell,43,20,2,2,2_1,Capillary
G-3203,all,37,23,4649,1781,25,127085,0,0,0,0,0,G,11,Alveolar fibroblast 1,43,24,3,3,3_1,SMC
G-3204,all,46,28,5329,521,25,87148,0,0,0,0,0,G,18,Alveolar type 2 cell,47,29,2,2,2_4,Artery
G-3205,all,117,31,4603,1070,26,125812,0,0,0,0,0,G,75,Alveolar type 2 cell,42,13,1,1,1_3,AT2
G-3206,all,30,15,3972,302,40,27406,0,0,0,0,0,G,13,Interstitial macrophage,41,15,8,8,8_2,InterstitialMac
G-3207,all,19,11,5379,1076,39,40908,0,0,0,0,0,G,9,Vascular smooth muscle cell,38,11,5,5,5_1,Pericyte
G-3208,all,43,13,3924,631,18,47772,0,0,0,0,0,G,33,Sox9+/Id2+ epithelial cell,46,13,1,1,1_3,AT2
G-3210,all,12,9,5139,19,12,28913,0,0,0,0,0,G,2,Pericyte,31,9,5,5,5_3,Pericyte
G-3212,all,76,31,5128,1537,23,137543,0,0,0,0,0,G,35,Alveolar type 2 cell,56,32,3,3,3_1,SMC
G-3213,all,76,19,4688,406,22,57673,0,0,0,0,0,G,51,Sox9+/Id2+ epithelial cell,53,19,1,1,1_3,AT2
G-3214,all,25,17,3835,626,33,43179,0,0,0,0,0,G,2,Natural killer cell,39,18,2,2,2_2,InflamMac
G-3215,all,83,24,5002,172,29,82635,0,0,0,0,0,G,58,Alveolar type 2 cell,56,24,1,1,1_1,AT2
G-3217,all,76,19,5048,254,18,66321,0,0,0,0,0,G,57,Sox9+/Id2+ epithelial cell,53,19,1,1,1_1,AT2
G-3218,all,79,40,4394,154,30,117917,0,0,0,0,0,G,3,Alveolar fibroblast 1,56,41,2,2,2_2,InflamMac
G-3220,all,24,17,3802,683,33,41558,0,0,0,0,0,G,3,Sox9+/Id2+ epithelial cell,39,19,2,2,2_5,DC
G-3223,all,57,35,4941,131,28,59659,0,0,0,0,0,G,5,Alveolar type 1 cell,55,35,2,2,2_1,Capillary
G-3225,all,25,12,4700,435,35,18824,0,0,0,0,0,G,12,Sox9+/Id2+ epithelial cell,47,12,1,1,1_1,AT2
G-3228,all,41,26,4610,1738,31,85464,0,0,0,0,0,G,5,Alveolar fibroblast 1,43,27,3,3,3_1,SMC
G-3229,all,68,22,4619,1650,24,80590,0,0,0,0,0,G,38,Alveolar type 2 cell,53,22,1,1,1_3,AT2
G-3231,all,24,15,5338,732,16,33145,0,0,0,0,0,G,5,Pericyte,43,15,5,5,5_1,Pericyte
G-3232,all,34,25,3885,1100,33,70448,0,0,0,0,0,G,8,Innate lymphoid cell,41,25,1,1,1_5_2,AlveolarFib
G-3234,all,79,32,4651,354,25,87674,0,0,0,0,0,G,28,Arterial endothelial cell,55,32,3,3,3_6,SCMF
G-3239,all,20,16,4401,1373,34,35044,0,0,0,0,0,G,4,Inflammatory monocyte,40,16,5,5,5_3,Pericyte
G-3241,all,41,24,5174,474,27,87062,0,0,0,0,0,G,3,Endothelial progenitor cell,44,24,2,2,2_1,Capillary
G-3247,all,6,5,4811,1015,26,46612,0,0,0,0,0,G,2,Arterial endothelial cell,26,6,2,2,2_4,Artery
G-3248,all,12,3,4682,1265,18,16975,0,0,0,0,0,G,12,Alveolar type 2 cell,38,3,1,1,1_1,AT2
G-3249,all,71,27,5358,1699,14,54268,0,0,0,0,0,G,6,Alveolar type 1 cell,52,27,6,6,6,AT1
G-3251,all,82,34,4379,481,21,128927,217,57,160,0.2626728,0.7373272,G,15,Alveolar type 1 cell,55,34,6,6,6,AT1
G-3255,all,67,45,4972,137,21,94744,0,0,0,0,0,G,12,Alveolar fibroblast 1,59,45,1,1,1_5_1,LymphaticEndo
G-3257,all,132,37,4551,421,16,111246,0,0,0,0,0,G,90,Alveolar type 2 cell,43,14,1,1,1_1,AT2
G-3263,all,58,39,4172,308,19,72534,0,0,0,0,0,G,10,Alveolar fibroblast 1,56,39,3,3,3_4,AdventitialFib
G-3265,all,17,10,5398,724,15,23773,0,0,0,0,0,G,6,Alveolar type 2 cell,35,10,1,1,1_1,AT2
G-3267,all,23,11,5358,527,28,28641,0,0,0,0,0,G,12,Capillary 1 cell,43,11,2,2,2_1,Capillary
G-3269,all,30,14,4073,328,35,33558,0,0,0,0,0,G,16,Sox9+/Id2+ epithelial cell,43,14,2,2,2_3,Vein
G-3272,all,25,7,4495,170,21,21923,0,0,0,0,0,G,20,Alveolar type 2 cell,46,7,1,1,1_1,AT2
G-3274,all,59,18,4667,1142,29,48598,0,0,0,0,0,G,5,Alveolar type 1 cell,52,18,6,6,6,AT1
G-3275,all,8,3,4656,1629,41,7994,0,0,0,0,0,G,3,Alveolar type 1 cell,35,4,6,6,6,AT1
G-3276,all,48,23,4506,1467,23,68781,0,0,0,0,0,G,23,B cell,48,23,9,9,9,Bcell
G-3278,all,29,19,4357,273,22,26593,0,0,0,0,0,G,9,Inflammatory monocyte,39,19,8,8,8_1,AlveolarMac
G-3280,all,35,12,4528,160,23,25295,0,0,0,0,0,G,23,Sox9+/Id2+ epithelial cell,44,12,1,1,1_3,AT2
G-3281,all,44,15,4640,1271,21,55762,0,0,0,0,0,G,31,Alveolar type 2 cell,46,15,1,1,1_3,AT2
G-3283,all,11,9,3889,1543,8,12845,0,0,0,0,0,G,2,Sox9+/Id2+ epithelial cell,34,9,1,1,1_3,AT2
G-3284,all,15,8,5362,553,19,18083,0,0,0,0,0,G,7,Alveolar type 2 cell,36,8,1,1,1_1,AT2
G-3289,all,52,25,4589,431,22,62506,0,0,0,0,0,G,20,Sox9+/Id2+ epithelial cell,51,25,1,1,1_1,AT2
G-3295,all,125,44,3784,2847,24,81586,0,0,0,0,0,G,15,Alveolar type 1 cell,38,12,8,8,8_1,AlveolarMac
G-3296,all,42,27,4116,2502,20,114847,0,0,0,0,0,G,22,B cell,41,27,9,9,9,Bcell
G-3297,all,98,36,3833,3286,9,43489,0,0,0,0,0,G,10,Sox9+/Id2+ epithelial cell,62,35,7,7,7_3,Tcell (CD8)
G-3298,all,58,27,4669,3442,32,71815,19499,1323,18616,0.06635237,0.9336476,G,3,Alveolar type 1 cell,53,27,7,7,7_3,Tcell (CD8)
G-3299,all,77,35,4323,2506,25,85785,379,0,379,0,1,G,20,B cell,55,36,3,3,3_5,SMC
G-3300,all,75,40,4494,2419,23,71294,0,0,0,0,0,G,28,Pericyte,53,40,5,5,5_3,Pericyte
G-3301,all,10,8,4830,2558,18,25004,0,0,0,0,0,G,5,Proliferative mesenchymal progenitor cell,26,9,3,3,3_1,SMC
G-3302,all,108,41,5578,2684,21,83114,0,0,0,0,0,G,58,Alveolar type 2 cell,56,30,1,1,1_3,AT2
G-3303,all,22,15,4952,2830,14,27218,751,0,751,0,1,G,4,Natural killer cell,39,15,7,7,7_3,Tcell (CD8)
G-3304,all,41,14,4866,3635,17,40362,1901,0,1901,0,1,G,15,Sox9+/Id2+ epithelial cell,44,14,3,3,3_4,AdventitialFib
G-3305,all,56,32,4472,3247,31,40814,59823,8054,52302,0.1334416,0.8665584,G,8,Arterial endothelial cell,54,32,2,2,2_4,Artery
G-3309,all,166,46,4675,3501,17,87883,61014,36236,26768,0.5751381,0.4248619,G,17,Alveolar macrophage,55,21,8,8,8_1,AlveolarMac
G-3310,all,57,25,4153,3140,34,55854,25630,0,25630,0,1,G,23,Pericyte,53,25,2,2,2_1,Capillary
G-3311,all,40,18,5574,3313,34,57049,0,0,0,0,0,G,10,Natural killer cell,43,18,7,7,7_4,PatrolMac
G-3312,all,59,30,5064,2978,34,63740,0,0,0,0,0,G,23,Pericyte,54,30,5,5,5_1,Pericyte
G-3313,all,112,45,4775,3541,21,96275,0,0,0,0,0,G,5,Capillary 1 cell,52,28,2,2,2_2,InflamMac
G-3314,all,49,25,4326,2861,14,63120,10885,2080,8805,0.1910887,0.8089113,G,7,Neutrophil,51,26,1,1,1_5_2,AlveolarFib
G-3316,all,24,14,5463,3122,23,46543,0,0,0,0,0,G,6,Alveolar type 1 cell,42,14,6,6,6,AT1
G-3317,all,86,35,5031,2938,31,61239,0,0,0,0,0,G,15,Capillary 2 cell,59,34,2,2,2_1,Capillary
G-3318,all,112,37,4857,3599,14,67487,2869,0,2869,0,1,G,32,Chondrocyte,52,25,2,2,2_3,Vein
G-3320,all,26,12,4807,2575,15,27608,0,0,0,0,0,G,7,Secondary crest myofibroblast,45,12,3,3,3_4,AdventitialFib
G-3321,all,122,52,4332,2919,26,93963,73053,3845,69208,0.05263302,0.947367,G,29,Pericyte,45,24,3,3,3_2,SMC
G-3322,all,11,10,5083,3251,12,20434,0,0,0,0,0,G,3,B cell,31,10,9,9,9,Bcell
G-3324,all,117,41,4370,2494,27,74394,14494,0,14494,0,1,G,48,Capillary 1 cell,57,35,2,2,2_1,Capillary
G-3325,all,384,41,4900,3238,19,85111,160069,69123,90946,0.4318325,0.5681675,G,11,Interstitial macrophage,59,13,8,8,8_1,AlveolarMac
G-3326,all,61,24,4624,2601,38,50380,0,0,0,0,0,G,9,Arterial endothelial cell,54,25,2,2,2_1,Capillary
G-3327,all,58,37,4104,1989,21,69600,0,0,0,0,0,G,20,Capillary 1 cell,54,37,2,2,2_3,Vein
G-3329,all,135,46,4902,2805,25,67534,113,0,113,0,1,G,8,Capillary 1 cell,51,26,2,2,2_1,Capillary
G-3330,all,87,41,5038,3173,32,53022,0,0,0,0,0,G,11,Neutrophil,60,42,3,3,3_1,SMC
G-3331,all,32,20,4810,2609,29,30666,0,0,0,0,0,G,10,Arterial endothelial cell,40,20,2,2,2_1,Capillary
G-3332,all,147,44,5564,3037,24,89615,0,0,0,0,0,G,100,Alveolar type 2 cell,46,18,1,1,1_1,AT2
G-3333,all,139,41,4891,3456,25,83167,34285,3468,30977,0.1006822,0.8993178,G,21,Pericyte,49,18,5,5,5_1,Pericyte
G-3337,all,73,41,4458,2936,36,49783,718,0,718,0,1,G,12,Venous endothelial cell,55,40,5,5,5_3,Pericyte
G-3338,all,75,39,4886,3657,25,53346,0,0,0,0,0,G,18,Pericyte,58,39,5,5,5_3,Pericyte
G-3339,all,111,43,4527,2856,11,83110,6322,0,6322,0,1,G,20,Venous endothelial cell,54,30,2,2,2_1,Capillary
G-3340,all,134,74,3988,2079,29,123821,0,0,0,0,0,G,31,Alveolar fibroblast 1,37,26,2,2,2_3,Vein
G-3341,all,21,16,5244,3058,11,40486,0,0,0,0,0,G,4,Inflammatory monocyte,42,17,3,3,3_2,SMC
G-3342,all,122,39,4933,3424,34,42650,100444,15447,85216,0.1534526,0.8465474,G,54,Inflammatory monocyte,47,17,1,1,1_1,AT2
G-3343,all,160,43,5490,3588,29,75680,0,0,0,0,0,G,118,Alveolar type 2 cell,48,18,1,1,1_1,AT2
G-3345,all,32,18,4359,2379,23,32614,0,0,0,0,0,G,12,Endothelial progenitor cell,42,19,2,2,2_3,Vein
G-3346,all,72,31,4701,3787,19,82527,0,0,0,0,0,G,27,B cell,53,31,9,9,9,Bcell
G-3347,all,10,6,4010,2784,8,24773,0,0,0,0,0,G,5,Proliferative mesenchymal progenitor cell,34,7,3,3,3_1,SMC
G-3348,all,121,50,4270,2694,19,73450,0,0,0,0,0,G,16,Alveolar type 1 cell,47,27,6,6,6,AT1
G-3349,all,19,13,4338,3170,19,36136,110,0,110,0,1,G,3,Alveolar type 1 cell,37,13,3,3,3_6,SCMF
G-3350,all,46,27,5470,2085,21,70078,0,0,0,0,0,G,13,B cell,45,27,9,9,9,Bcell
G-3351,all,36,26,4776,2595,21,40859,0,0,0,0,0,G,7,Interstitial macrophage,40,26,8,8,8_2,InterstitialMac
G-3352,all,60,28,4818,3720,29,36535,422,52,370,0.1232227,0.8767773,G,10,Mesothelial cell,56,28,8,8,8_1,AlveolarMac
G-3353,all,118,22,4665,2622,29,57221,23211,58974,6856,0.895853,0.104147,G,36,Alveolar type 2 cell,52,13,8,8,8_2,InterstitialMac
G-3354,all,172,64,5009,2988,20,100748,885,664,221,0.7502825,0.2497175,G,36,Alveolar macrophage,54,36,8,8,8_1,AlveolarMac
G-3355,all,30,15,4612,3429,26,48066,0,0,0,0,0,G,3,Capillary 1 cell,40,15,1,1,1_3,AT2
G-3356,all,97,33,4398,3121,18,67222,17345,3715,13630,0.2141828,0.7858172,G,12,Arterial endothelial cell,64,32,2,2,2_1,Capillary
G-3359,all,58,37,5384,2876,24,83340,0,0,0,0,0,G,12,Capillary 1 cell,57,37,2,2,2_1,Capillary
G-3362,all,74,32,4220,2662,31,54026,18297,8950,14329,0.3844667,0.6155333,G,17,Alveolar fibroblast 1,53,31,2,2,2_1,Capillary
G-3363,all,31,22,5551,2300,26,51768,0,0,0,0,0,G,6,Arterial endothelial cell,38,22,3,3,3_4,AdventitialFib
G-3365,all,11,9,4005,2016,8,31416,0,0,0,0,0,G,6,Alveolar macrophage,28,9,1,1,1_5_4,pDC
G-3366,all,126,53,4651,3376,32,94740,20015,0,20015,0,1,G,20,Capillary 1 cell,44,27,2,2,2_1,Capillary
G-3367,all,52,33,5574,2093,33,50354,0,0,0,0,0,G,25,Alveolar fibroblast 1,51,33,8,8,8_3,InterstitialMac
G-3368,all,54,28,4250,2597,35,33467,0,0,0,0,0,G,10,Capillary 1 cell,51,27,2,2,2_1,Capillary
G-3371,all,30,18,4258,3182,18,61429,0,0,0,0,0,G,7,CD4+ T cell,41,18,1,1,1_2_1,Tcell (CD4)
G-3373,all,156,36,4401,3005,37,55333,160678,123650,37028,0.7695515,0.2304485,G,51,AT1/AT2,48,10,1,1,1_1,AT2
G-3374,all,67,22,4486,2731,14,56266,16463,0,16463,0,1,G,12,Pericyte,57,22,5,5,5_3,Pericyte
G-3375,all,79,36,4041,3232,14,58434,1919,0,1919,0,1,G,9,Natural killer cell,60,36,7,7,7_2,PatrolMac
G-3376,all,39,25,4009,2902,35,39599,162,548,162,0.771831,0.228169,G,14,Capillary 1 cell,40,24,2,2,2_1,Capillary
G-3379,all,36,19,4923,3721,40,15120,0,0,0,0,0,G,6,Natural killer cell,41,20,1,1,1_6_2,Neutrophil
G-3382,all,196,68,4295,2742,21,89134,98219,46326,61431,0.4299117,0.5700883,G,32,Pericyte,51,28,2,2,2_3,Vein
G-3383,all,20,12,5485,3158,31,31746,0,0,0,0,0,G,9,B cell,37,12,9,9,9,Bcell
G-3384,all,321,57,4951,2902,28,95732,779738,57390,722680,0.07357032,0.9264297,G,18,B cell,55,18,8,8,8_1,AlveolarMac
G-3385,all,49,17,4939,2559,9,25542,0,0,0,0,0,G,27,Alveolar type 2 cell,49,17,1,1,1_3,AT2
G-3386,all,100,36,5172,3743,23,75904,0,0,0,0,0,G,12,AT1/AT2,61,34,6,6,6,AT1
G-3387,all,148,49,3848,3331,13,81915,0,0,0,0,0,G,15,Natural killer cell,46,18,7,7,7_4,PatrolMac
G-3389,all,110,41,4407,2868,25,84656,0,0,0,0,0,G,24,Pericyte,56,30,5,5,5_3,Pericyte
G-3390,all,26,15,4600,3387,18,29771,0,0,0,0,0,G,5,Endothelial progenitor cell,45,15,2,2,2_3,Vein
G-3391,all,27,19,5418,3554,12,47501,0,0,0,0,0,G,6,Pericyte,41,19,5,5,5_3,Pericyte
G-3392,all,34,18,4369,2456,13,43564,904,50,904,0.0524109,0.9475891,G,2,Sox9+/Id2+ epithelial cell,42,19,1,1,1_6_2,Neutrophil
G-3393,all,45,27,5264,2036,14,68283,0,0,0,0,0,G,5,Airway smooth muscle cell,45,27,3,3,3_6,SCMF
G-3394,all,66,35,4610,2311,14,59216,0,0,0,0,0,G,10,Arterial endothelial cell,59,35,2,2,2_3,Vein
G-3395,all,49,28,4684,2561,34,54835,505,0,505,0,1,G,19,Alveolar type 1 cell,49,29,2,2,2_1,Capillary
G-3397,all,98,43,4382,2316,24,93295,0,0,0,0,0,G,23,Capillary 1 cell,59,41,3,3,3_4,AdventitialFib
G-3398,all,45,19,4137,3002,39,25247,0,0,0,0,0,G,3,Neutrophil,46,19,1,1,1_5_4,pDC
G-3400,all,99,30,4762,3708,13,47560,0,0,0,0,0,G,7,Alveolar macrophage,59,25,8,8,8_1,AlveolarMac
G-3401,all,52,30,4148,2011,12,63246,125,0,125,0,1,G,11,Alveolar fibroblast 1,53,31,3,3,3_5,SMC
G-3402,all,59,23,3908,3268,35,48983,6161,174,6161,0.02746646,0.9725335,G,11,B cell,52,23,9,9,9,Bcell
G-3403,all,58,26,5089,3215,10,33061,0,0,0,0,0,G,4,Alveolar type 1 cell,56,26,6,6,6,AT1
G-3404,all,23,13,4081,2108,14,42587,0,0,0,0,0,G,6,B cell,37,13,2,2,2_6,pDC
G-3406,all,32,19,5064,3062,15,50339,0,0,0,0,0,G,10,Alveolar fibroblast 1,42,20,1,1,1_4_3,AlveolarFib
G-3407,all,39,25,5474,3537,25,46728,0,0,0,0,0,G,5,Capillary 1 cell,41,26,3,3,3_2,SMC
G-3408,all,33,18,5404,2006,12,60237,0,0,0,0,0,G,12,B cell,42,18,9,9,9,Bcell
G-3409,all,98,33,4256,2752,11,51528,35172,22228,15418,0.5904479,0.4095521,G,14,Capillary 1 cell,60,30,2,2,2_6,pDC
G-3410,all,86,17,3995,3279,18,30448,221982,153295,90350,0.6291736,0.3708264,G,31,Sox9+/Id2+ epithelial cell,56,16,1,1,1_3,AT2
G-3411,all,38,21,4369,3160,21,50363,10801,0,10801,0,1,G,9,Alveolar macrophage,41,21,1,1,1_5_4,pDC
G-3412,all,17,11,4388,3304,23,12595,7285,0,7285,0,1,G,3,Endothelial progenitor cell,33,11,2,2,2_6,pDC
G-3413,all,27,15,4336,3144,36,18022,0,0,0,0,0,G,3,Alveolar fibroblast 1,44,15,3,3,3_4,AdventitialFib
G-3415,all,40,29,4912,3614,39,27765,0,0,0,0,0,G,9,Capillary 2 cell,42,29,8,8,8_3,InterstitialMac
G-3417,all,135,47,4981,3632,32,42561,299610,105183,190862,0.355294,0.644706,G,47,AT1/AT2,47,19,2,2,2_6,pDC
G-3419,all,77,36,4113,3223,20,38594,201214,39732,174267,0.1856644,0.8143356,G,13,Capillary 1 cell,59,36,3,3,3_6,SCMF
G-3420,all,57,29,4063,3115,33,61394,26240,19382,6858,0.7386433,0.2613567,G,8,Capillary 1 cell,55,29,8,8,8_1,AlveolarMac
G-3422,all,58,34,5543,2072,22,50612,0,0,0,0,0,G,11,Alveolar fibroblast 1,57,35,3,3,3_5,SMC
G-3423,all,40,13,5583,2526,9,25895,0,0,0,0,0,G,25,Alveolar type 2 cell,42,13,1,1,1_1,AT2
G-3424,all,9,7,5241,3698,23,18322,0,0,0,0,0,G,2,Venous endothelial cell,28,8,2,2,2_3,Vein
G-3425,all,137,33,4136,3179,16,60508,465965,59299,408712,0.1267043,0.8732957,G,20,Vascular smooth muscle cell,50,13,5,5,5_3,Pericyte
G-3428,all,82,39,4987,3265,29,52648,330,225,105,0.6818182,0.3181818,G,13,Neutrophil,59,39,8,8,8_1,AlveolarMac
G-3429,all,79,32,5534,3082,27,77618,0,0,0,0,0,G,32,Sox9+/Id2+ epithelial cell,56,32,2,2,2_3,Vein
G-3431,all,51,23,4762,2843,36,26711,443,0,443,0,1,G,5,Capillary 1 cell,52,24,1,1,1_6_2,Neutrophil
G-3432,all,43,24,5515,3541,27,38816,0,0,0,0,0,G,13,Sox9+/Id2+ epithelial cell,45,25,3,3,3_1,SMC
G-3433,all,24,15,4202,2077,10,34429,0,0,0,0,0,G,3,Basophil,43,16,2,2,2_5,DC
G-3435,all,67,34,5340,2427,22,93116,0,0,0,0,0,G,23,Basophil,57,34,2,2,2_6,pDC
G-3436,all,212,46,3772,3282,24,92288,181288,19194,162094,0.1058757,0.8941243,G,69,Alveolar type 2 cell,53,18,1,1,1_3,AT2
G-3437,all,66,35,5118,3065,21,50700,0,0,0,0,0,G,10,Alveolar fibroblast 1,58,35,1,1,1_5_2,AlveolarFib
G-3438,all,111,42,4832,3469,24,85716,0,0,0,0,0,G,13,Capillary 1 cell,50,30,5,5,5_3,Pericyte
G-3439,all,77,36,3848,2867,16,57914,0,0,0,0,0,G,17,Alveolar type 2 cell,53,36,1,1,1_3,AT2
G-3441,all,75,46,4083,2693,15,72546,0,0,0,0,0,G,10,B cell,58,46,2,2,2_6,pDC
G-3442,all,228,64,4730,2889,31,84925,11270,4135,7135,0.3669033,0.6330967,G,41,Alveolar type 2 cell,52,23,1,1,1_3,AT2
G-3445,all,22,11,4230,2152,35,34201,0,0,0,0,0,G,14,Pericyte,39,11,5,5,5_1,Pericyte
G-3447,all,83,36,3925,2958,29,88044,84155,0,84155,0,1,G,27,B cell,60,36,9,9,9,Bcell
G-3448,all,92,40,4739,3497,28,61788,0,0,0,0,0,G,3,Alveolar fibroblast 1,65,40,1,1,1_6_2,Neutrophil
G-3449,all,78,36,5545,3561,33,50164,0,0,0,0,0,G,12,CD4+ T cell,57,36,1,1,1_2_1,Tcell (CD4)
G-3452,all,39,23,4364,2424,20,42284,1600,1904,1550,0.5512449,0.4487551,G,11,Inflammatory monocyte,41,23,3,3,3_4,AdventitialFib
G-3453,all,23,13,4182,2564,17,31268,0,0,0,0,0,G,3,Pericyte,44,14,3,3,3_5,SMC
G-3454,all,12,8,5414,2928,38,33448,0,0,0,0,0,G,4,Alveolar fibroblast 1,35,8,2,2,2_3,Vein
G-3456,all,174,48,3947,3319,23,96250,298356,17249,283989,0.05726037,0.9427396,G,29,Alveolar type 1 cell,50,14,3,3,3_1,SMC
G-3457,all,108,50,5090,3167,17,81631,0,0,0,0,0,G,20,Inflammatory monocyte,61,40,2,2,2_6,pDC
G-3458,all,105,44,4112,3108,33,84553,0,0,0,0,0,G,11,Megakaryocyte/Platelet,61,35,2,2,2_1,Capillary
G-3459,all,56,25,4660,2702,14,35927,0,0,0,0,0,G,9,Sox9+/Id2+ epithelial cell,55,27,2,2,2_5,DC
G-3460,all,70,27,4236,2626,25,46303,2294,0,2244,0,1,G,24,Capillary 1 cell,52,26,2,2,2_1,Capillary
G-3461,all,59,25,4877,2604,16,53435,187,0,187,0,1,G,12,Venous endothelial cell,53,26,1,1,1_5_1,LymphaticEndo
G-3462,all,55,26,3939,2890,28,42027,11735,0,11735,0,1,G,9,Endothelial progenitor cell,52,26,8,8,8_2,InterstitialMac
G-3463,all,38,23,4843,3700,29,54659,110,0,110,0,1,G,6,Natural killer cell,41,23,7,7,7_4,PatrolMac
G-3464,all,87,36,4858,3781,38,62196,0,0,0,0,0,G,6,Pericyte,61,34,3,3,3_4,AdventitialFib
G-3465,all,42,22,4905,2775,15,26827,0,0,0,0,0,G,2,Venous endothelial cell,45,22,2,2,2_3,Vein
G-3466,all,170,10,4647,2786,10,36907,231321,130777,100544,0.5653486,0.4346514,G,69,Alveolar type 2 cell,56,8,1,1,1_1,AT2
G-3468,all,57,34,4406,2165,30,59633,0,0,0,0,0,G,10,Capillary 1 cell,56,33,2,2,2_2,InflamMac
G-3469,all,26,11,4603,2864,9,15451,1152,0,1152,0,1,G,3,Interstitial macrophage,42,11,3,3,3_4,AdventitialFib
G-3470,all,50,26,4507,2627,36,35710,0,0,0,0,0,G,8,Inflammatory monocyte,50,26,2,2,2_6,pDC
G-3471,all,123,43,5451,2902,26,86829,0,0,0,0,0,G,25,Alveolar type 1 cell,46,22,6,6,6,AT1
G-3472,all,400,56,4833,3351,31,99148,157877,10358,147519,0.06560804,0.934392,G,9,Endothelial progenitor cell,57,18,1,1,1_6_2,Neutrophil
G-3473,all,213,47,5208,2949,29,101001,0,0,0,0,0,G,142,Alveolar fibroblast 1,53,22,1,1,1_3,AT2
G-3474,all,75,38,5225,3020,28,70293,0,0,0,0,0,G,8,Capillary 1 cell,56,37,2,2,2_1,Capillary
G-3475,all,49,31,5185,3799,32,79367,0,0,0,0,0,G,13,Vascular smooth muscle cell,49,31,5,5,5_1,Pericyte
G-3477,all,77,28,4212,2968,13,84913,49970,0,49970,0,1,G,10,Capillary 1 cell,56,29,3,3,3_5,SMC
G-3478,all,11,8,4567,2734,35,14410,0,0,0,0,0,G,3,Endothelial progenitor cell,31,9,2,2,2_1,Capillary
G-3479,all,43,28,5588,2305,34,48907,0,0,0,0,0,G,6,Endothelial progenitor cell,43,28,2,2,2_3,Vein
G-3481,all,31,18,4274,3059,16,49498,0,0,0,0,0,G,3,Sox9+/Id2+ epithelial cell,38,18,7,7,7_3,Tcell (CD8)
G-3482,all,73,15,4379,3260,9,31951,23942,0,23942,0,1,G,3,Proliferative mesenchymal progenitor cell,55,16,3,3,3_1,SMC
G-3484,all,40,14,4955,3506,25,46772,0,0,0,0,0,G,10,Inflammatory monocyte,45,15,2,2,2_2,InflamMac
G-3485,all,61,29,5050,3680,32,81371,0,0,0,0,0,G,7,Sox9+/Id2+ epithelial cell,58,30,2,2,2_2,InflamMac
G-3487,all,43,24,5013,3390,16,52039,2084,424,2084,0.169059,0.830941,G,2,Endothelial progenitor cell,45,24,2,2,2_6,pDC
G-3488,all,30,19,4604,2557,39,26528,0,0,0,0,0,G,4,Inflammatory monocyte,37,19,1,1,1_3,AT2
G-3489,all,47,19,3954,3227,20,44824,279,0,279,0,1,G,8,Secondary crest myofibroblast,47,19,2,2,2_3,Vein
G-3490,all,66,36,4943,2793,17,74334,209,50,159,0.2392344,0.7607656,G,6,Sox9+/Id2+ epithelial cell,57,36,7,7,7_3,Tcell (CD8)
G-3491,all,114,34,4513,2934,34,49787,42804,40232,23234,0.6339142,0.3660858,G,14,Alveolar fibroblast 1,48,14,2,2,2_5,DC
G-3492,all,129,30,4494,3286,15,53343,83304,4069,79235,0.04884519,0.9511548,G,6,Alveolar fibroblast 1,52,14,2,2,2_6,pDC
G-3493,all,14,8,4617,2744,21,13207,0,0,0,0,0,G,4,Inflammatory monocyte,29,8,2,2,2_6,pDC
G-3494,all,14,11,5046,3095,38,20020,0,0,0,0,0,G,3,Alveolar type 1 cell,33,11,6,6,6,AT1
G-3495,all,161,48,4278,2793,23,88190,92183,29104,53364,0.3529126,0.6470874,G,36,Pericyte,53,22,5,5,5_3,Pericyte
G-3496,all,51,26,4545,2605,39,26425,0,0,0,0,0,G,5,Inflammatory monocyte,51,26,2,2,2_2,InflamMac
G-3497,all,135,54,5281,2428,19,104437,0,0,0,0,0,G,68,CD4+ T cell,41,20,3,3,3_6,SCMF
G-3498,all,11,10,5455,2003,8,20589,0,0,0,0,0,G,3,Alveolar fibroblast 1,29,10,1,1,1_5_4,pDC
G-3499,all,107,35,4741,2632,19,82617,801,52,749,0.06491885,0.9350811,G,20,Alveolar type 2 cell,56,27,2,2,2_2,InflamMac
G-3500,all,36,19,5196,3045,10,33853,0,0,0,0,0,G,3,Natural killer cell,42,20,2,2,2_2,InflamMac
G-3501,all,62,31,5526,3128,15,68827,0,0,0,0,0,G,17,Alveolar type 1 cell,57,31,6,6,6,AT1
G-3504,all,59,33,4626,2491,28,50365,0,0,0,0,0,G,10,CD4+ T cell,56,33,7,7,7_4,PatrolMac
G-3505,all,151,49,4365,2871,15,84451,0,0,0,0,0,G,8,Neutrophil,50,21,2,2,2_6,pDC
G-3506,all,16,13,4279,3159,29,23453,0,0,0,0,0,G,5,CD4+ T cell,32,13,7,7,7_2,PatrolMac
G-3507,all,103,41,4794,3738,35,44036,5042,601,4492,0.1180051,0.8819949,G,17,Inflammatory monocyte,59,31,8,8,8_1,AlveolarMac
G-3508,all,64,31,4680,2846,27,37583,0,0,0,0,0,G,7,Capillary 2 cell,57,31,6,6,6,AT1
G-3510,all,68,38,4988,3226,20,86364,0,0,0,0,0,G,17,Venous endothelial cell,58,38,8,8,8_1,AlveolarMac
G-3511,all,252,72,3922,3079,26,104671,290008,51800,238208,0.1786158,0.8213842,G,36,Alveolar macrophage,55,30,8,8,8_1,AlveolarMac
G-3512,all,40,20,4463,2567,36,39204,65,4352,65,0.9852841,0.01471587,G,12,Sox9+/Id2+ epithelial cell,43,21,2,2,2_1,Capillary
G-3513,all,70,26,5596,2716,36,48354,0,0,0,0,0,G,12,Capillary 1 cell,55,26,8,8,8_2,InterstitialMac
G-3514,all,72,40,5446,2059,26,73112,0,0,0,0,0,G,14,Alveolar fibroblast 1,55,40,1,1,1_5_2,AlveolarFib
G-3517,all,49,28,4005,3071,32,71888,0,0,0,0,0,G,8,Capillary 1 cell,52,28,2,2,2_1,Capillary
G-3518,all,44,20,4957,2621,33,51688,0,0,0,0,0,G,20,Sox9+/Id2+ epithelial cell,45,21,2,2,2_1,Capillary
G-3519,all,17,12,4291,2523,17,28739,0,0,0,0,0,G,4,Alveolar fibroblast 1,36,13,1,1,1_4_3,AlveolarFib
G-3520,all,170,65,5123,2992,22,102586,0,0,0,0,0,G,42,Alveolar type 1 cell,46,26,6,6,6,AT1
G-3522,all,60,21,3928,3142,11,71061,5263,0,5263,0,1,G,16,Pericyte,55,21,5,5,5_3,Pericyte
G-3523,all,44,13,5425,3690,6,22848,0,0,0,0,0,G,29,Alveolar type 2 cell,47,13,1,1,1_1,AT2
G-3525,all,47,32,5540,3186,29,76922,0,0,0,0,0,G,7,Neutrophil,49,33,2,2,2_1,Capillary
G-3528,all,24,18,4801,3812,39,17615,0,0,0,0,0,G,2,B cell,42,18,2,2,2_6,pDC
G-3529,all,56,12,3963,3175,7,33367,28411,0,28411,0,1,G,6,Venous endothelial cell,51,12,2,2,2_3,Vein
G-3530,all,102,50,3793,3364,34,54001,0,0,0,0,0,G,16,Capillary 1 cell,64,45,2,2,2_3,Vein
G-3531,all,35,17,4925,3190,5,22188,1209,0,1209,0,1,G,3,Inflammatory monocyte,42,19,2,2,2_5,DC
G-3532,all,84,24,5517,2641,15,51697,0,0,0,0,0,G,56,Alveolar type 2 cell,57,24,1,1,1_3,AT2
G-3533,all,66,31,4991,3495,27,54880,0,0,0,0,0,G,4,Endothelial progenitor cell,56,31,2,2,2_3,Vein
G-3534,all,41,25,5457,3751,32,44681,0,0,0,0,0,G,11,Pericyte,42,25,5,5,5_3,Pericyte
G-3535,all,22,17,5497,3722,38,35398,0,0,0,0,0,G,7,Secondary crest myofibroblast,47,18,2,2,2_1,Capillary
G-3536,all,23,11,4407,3304,22,13776,23254,0,23254,0,1,G,2,Pericyte,40,11,5,5,5_3,Pericyte
G-3537,all,24,11,5585,2469,15,20545,0,0,0,0,0,G,10,Alveolar fibroblast 1,42,11,2,2,2_6,pDC
G-3538,all,22,14,5553,2038,26,23860,0,0,0,0,0,G,7,Alveolar fibroblast 2,41,15,3,3,3_5,SMC
G-3539,all,233,60,3988,2938,18,113724,271644,27744,243352,0.1023401,0.8976599,G,39,Alveolar macrophage,56,29,8,8,8_1,AlveolarMac
G-3540,all,207,41,4404,2406,14,76794,162981,155111,5966,0.9629618,0.03703819,G,13,B cell,60,22,8,8,8_1,AlveolarMac
G-3542,all,24,15,4845,2789,38,13036,18560,0,18560,0,1,G,9,Sox9+/Id2+ epithelial cell,44,15,2,2,2_3,Vein
G-3545,all,98,55,4754,3356,36,49238,0,0,0,0,0,G,19,Endothelial progenitor cell,64,50,3,3,3_1,SMC
G-3546,all,83,44,4637,3500,25,62097,22035,1291,18754,0.06440509,0.9355949,G,16,Alveolar fibroblast 2,59,44,5,5,5_3,Pericyte
G-3548,all,131,59,4272,2834,18,90397,3393,0,3393,0,1,G,36,Venous endothelial cell,41,24,2,2,2_1,Capillary
G-3549,all,31,19,4217,3080,33,29335,3151,0,3151,0,1,G,8,Arterial endothelial cell,41,19,2,2,2_4,Artery
G-3550,all,181,35,4688,2640,22,52893,334096,187445,104032,0.6430868,0.3569132,G,65,Alveolar type 2 cell,52,14,1,1,1_1,AT2
G-3551,all,170,44,4536,2906,24,53782,851544,137445,693437,0.1654206,0.8345794,G,35,Alveolar type 2 cell,51,18,1,1,1_3,AT2
G-3552,all,54,10,4191,2657,18,17733,36240,883,30425,0.02820365,0.9717963,G,8,Sox9+/Id2+ epithelial cell,50,10,2,2,2_6,pDC
G-3553,all,64,31,4664,3552,10,35042,11843,271,11572,0.02288272,0.9771173,G,9,Natural killer cell,55,31,7,7,7_2,PatrolMac
G-3555,all,65,31,4743,2794,7,50699,5054,0,5054,0,1,G,13,Capillary 2 cell,56,31,6,6,6,AT1
G-3556,all,113,50,4350,2124,22,92262,0,0,0,0,0,G,58,B cell,51,31,9,9,9,Bcell
G-3557,all,36,20,4528,2416,34,31207,0,0,0,0,0,G,5,Innate lymphoid cell,41,20,7,7,7_4,PatrolMac
G-3558,all,128,55,5342,3476,19,100315,0,0,0,0,0,G,22,Pericyte,47,31,5,5,5_3,Pericyte
G-3559,all,94,30,5575,2629,9,62372,0,0,0,0,0,G,41,Alveolar type 2 cell,56,29,7,7,7_3,Tcell (CD8)
G-3560,all,56,30,4868,2562,18,59260,0,0,0,0,0,G,17,Alveolar fibroblast 1,55,31,3,3,3_1,SMC
G-3561,all,9,8,4089,2998,39,7984,0,0,0,0,0,G,2,Capillary 1 cell,29,9,2,2,2_1,Capillary
G-3562,all,106,30,4831,3657,24,48037,3273,0,3273,0,1,G,55,Pericyte,53,22,5,5,5_1,Pericyte
G-3563,all,103,39,4418,3152,28,50300,56819,0,56819,0,1,G,13,Alveolar type 1 cell,58,32,3,3,3_4,AdventitialFib
G-3564,all,24,10,4355,3247,8,10408,121,121,0,1,0,G,3,Secondary crest myofibroblast,40,11,3,3,3_1,SMC
G-3566,all,54,32,5509,2857,35,57736,0,0,0,0,0,G,6,Capillary 2 cell,53,32,2,2,2_1,Capillary
G-3568,all,227,66,5527,2681,26,103858,0,0,0,0,0,G,103,Alveolar type 1 cell,49,27,6,6,6,AT1
G-3569,all,153,71,5450,2568,19,149462,0,0,0,0,0,G,47,Pericyte,48,37,5,5,5_3,Pericyte
G-3570,all,81,34,4579,2770,32,64931,0,0,0,0,0,G,11,Arterial endothelial cell,56,34,2,2,2_4,Artery
G-3571,all,96,32,3932,3357,14,55687,0,0,0,0,0,G,12,Neutrophil,61,32,1,1,1_4_1,AlveolarFib
G-3573,all,64,28,4500,2371,26,83797,0,0,0,0,0,G,17,Arterial endothelial cell,53,28,2,2,2_1,Capillary
G-3576,all,28,17,3975,2030,13,42995,0,0,0,0,0,G,8,Sox9+/Id2+ epithelial cell,41,17,2,2,2_6,pDC
G-3578,all,36,20,4871,2808,35,25806,54,0,54,0,1,G,2,Inflammatory monocyte,41,21,2,2,2_2,InflamMac
G-3580,all,11,8,4540,2724,41,10297,0,0,0,0,0,G,4,Secondary crest myofibroblast,30,8,2,2,2_1,Capillary
G-3581,all,43,22,4297,2925,32,22756,125797,9641,116944,0.07616226,0.9238377,G,9,Natural killer cell,45,23,2,2,2_1,Capillary
G-3582,all,184,43,5550,2127,24,85993,0,0,0,0,0,G,124,Alveolar type 2 cell,51,22,1,1,1_1,AT2
G-3583,all,58,18,4996,2924,24,31761,141233,8140,132761,0.05777106,0.9422289,G,4,Endothelial progenitor cell,52,19,1,1,1_6_2,Neutrophil
G-3584,all,99,48,4768,2666,19,81931,0,0,0,0,0,G,14,Alveolar type 1 cell,66,44,2,2,2_1,Capillary
G-3585,all,20,10,4287,2156,37,14151,0,0,0,0,0,G,3,Alveolar fibroblast 1,42,11,2,2,2_3,Vein
G-3586,all,99,42,5157,3093,32,84554,0,0,0,0,0,G,21,Capillary 1 cell,61,38,2,2,2_2,InflamMac
G-3587,all,51,20,5425,3614,18,64829,0,0,0,0,0,G,12,Alveolar type 2 cell,51,21,2,2,2_2,InflamMac
G-3588,all,33,11,4921,2608,19,24106,0,0,0,0,0,G,20,AT1/AT2,44,11,1,1,1_1,AT2
G-3590,all,16,13,4198,2629,18,27558,0,0,0,0,0,G,5,B cell,31,13,8,8,8_1,AlveolarMac
G-3594,all,65,32,5164,3036,14,50243,0,0,0,0,0,G,15,Alveolar type 1 cell,57,32,6,6,6,AT1
G-3597,all,264,50,4254,2923,17,87140,879959,368182,510989,0.4187831,0.5812169,G,50,Alveolar type 2 cell,51,16,5,5,5_3,Pericyte
G-3598,all,34,16,3924,3226,21,38746,0,0,0,0,0,G,5,Alveolar fibroblast 1,42,16,2,2,2_1,Capillary
G-3601,all,45,22,5489,2535,9,39990,0,0,0,0,0,G,8,B cell,45,22,9,9,9,Bcell
G-3603,all,49,16,4575,3410,13,31228,0,0,0,0,0,G,5,Capillary 2 cell,49,16,5,5,5_3,Pericyte
G-3604,all,66,44,5593,2989,25,82002,0,0,0,0,0,G,20,Natural killer cell,63,45,3,3,3_5,SMC
G-3605,all,32,14,4221,3019,35,25529,0,0,0,0,0,G,6,Chondrocyte,44,15,2,2,2_1,Capillary
G-3606,all,84,38,4981,3369,30,77960,10943,399,10544,0.03646166,0.9635383,G,18,Endothelial progenitor cell,59,39,2,2,2_1,Capillary
G-3607,all,51,32,5404,2056,33,71538,0,0,0,0,0,G,13,Inflammatory monocyte,51,32,7,7,7_2,PatrolMac
G-3609,all,60,31,4256,2179,36,46203,0,0,0,0,0,G,29,Alveolar type 1 cell,56,31,6,6,6,AT1
G-3610,all,86,29,5056,3219,16,48258,0,0,0,0,0,G,15,Alveolar type 1 cell,56,29,6,6,6,AT1
G-3613,all,24,13,4194,3199,24,35721,0,0,0,0,0,G,2,Sox9+/Id2+ epithelial cell,41,13,7,7,7_2,PatrolMac
G-3614,all,292,68,4988,3427,21,117355,282776,20096,261877,0.07126923,0.9287308,G,58,Secondary crest myofibroblast,51,20,1,1,1_3,AT2
G-3616,all,221,31,3955,3288,27,64803,209987,68732,116536,0.3709869,0.6290131,G,72,Alveolar type 2 cell,54,9,1,1,1_3,AT2
G-3617,all,25,13,4166,2603,21,45435,0,0,0,0,0,G,3,B cell,43,13,2,2,2_6,pDC
G-3618,all,34,22,4580,2370,26,71188,0,0,0,0,0,G,7,Capillary 1 cell,41,23,2,2,2_1,Capillary
G-3620,all,24,12,4800,2629,26,19295,0,0,0,0,0,G,2,Alveolar type 1 cell,42,12,6,6,6,AT1
G-3621,all,58,36,4454,2703,15,72746,0,0,0,0,0,G,15,CD4+ T cell,54,36,5,5,5_1,Pericyte
G-3623,all,12,8,4752,2551,5,14768,0,0,0,0,0,G,3,B cell,25,8,9,9,9,Bcell
G-3626,all,42,24,5033,3133,36,29616,0,0,0,0,0,G,14,Natural killer cell,44,24,3,3,3_4,AdventitialFib
G-3628,all,86,22,4917,2577,9,21161,0,0,0,0,0,G,57,Alveolar type 2 cell,54,22,1,1,1_3,AT2
G-3629,all,36,18,4247,3130,11,38702,0,0,0,0,0,G,10,Endothelial progenitor cell,41,18,2,2,2_6,pDC
G-3630,all,391,68,4431,3272,20,115203,1954598,576049,1378016,0.2947952,0.7052048,G,22,Alveolar type 2 cell,51,12,1,1,1_6_2,Neutrophil
G-3631,all,228,62,4096,3256,20,125717,106657,29014,66147,0.3048938,0.6951062,G,25,Capillary 1 cell,55,25,2,2,2_1,Capillary
G-3633,all,87,42,4412,3185,27,39173,0,0,0,0,0,G,19,Alveolar type 1 cell,62,43,3,3,3_1,SMC
G-3635,all,195,69,4374,3057,27,84103,62023,7378,53681,0.1208339,0.8791661,G,31,Alveolar type 2 cell,45,25,1,1,1_5_4,pDC
G-3638,all,65,38,4245,3085,24,71274,0,0,0,0,0,G,10,Arterial endothelial cell,61,39,2,2,2_1,Capillary
G-3639,all,16,13,4569,2417,40,11567,0,0,0,0,0,G,4,Capillary 1 cell,31,13,2,2,2_1,Capillary
G-3641,all,40,23,4556,2951,37,20112,43023,9185,33838,0.2134905,0.7865095,G,16,Sox9+/Id2+ epithelial cell,43,23,2,2,2_3,Vein
G-3642,all,52,10,4734,2709,6,22205,22193,0,22193,0,1,G,4,Alveolar fibroblast 1,50,11,1,1,1_4_1,AlveolarFib
G-3644,all,12,8,5447,3156,33,37597,0,0,0,0,0,G,2,B cell,29,8,9,9,9,Bcell
G-3646,all,46,24,4650,2866,33,29178,0,0,0,0,0,G,7,Vascular smooth muscle cell,46,24,3,3,3_6,SCMF
G-3647,all,99,44,5398,3650,29,85486,0,0,0,0,0,G,7,Endothelial progenitor cell,62,42,2,2,2_2,InflamMac
G-3648,all,37,13,5599,2558,13,17323,0,0,0,0,0,G,22,Alveolar type 2 cell,44,13,1,1,1_1,AT2
G-3649,all,24,12,4924,2650,41,12444,0,0,0,0,0,G,16,Sox9+/Id2+ epithelial cell,44,12,1,1,1_3,AT2
G-3652,all,466,51,4725,3418,19,99586,1263829,125499,1137890,0.0993352,0.9006648,G,12,Alveolar macrophage,59,8,8,8,8_1,AlveolarMac
G-3655,all,328,55,4414,2554,17,118398,629398,377641,247405,0.6041811,0.3958189,G,134,CD4+ T cell,49,13,1,1,1_1,AT2
G-3656,all,54,23,3830,2892,9,43099,10227,432,9795,0.04224113,0.9577589,G,17,B cell,53,23,9,9,9,Bcell
G-3657,all,49,22,4189,3009,38,36553,0,0,0,0,0,G,5,Alveolar fibroblast 1,49,22,2,2,2_6,pDC
G-3658,all,19,13,5566,3141,20,27640,0,0,0,0,0,G,10,Alveolar type 2 cell,37,13,2,2,2_3,Vein
G-3659,all,89,22,4440,3322,28,74182,16962,1519,15443,0.08955312,0.9104469,G,11,Inflammatory monocyte,56,22,2,2,2_1,Capillary
G-3662,all,60,26,4636,3543,12,29677,104,0,104,0,1,G,10,Inflammatory monocyte,55,27,2,2,2_2,InflamMac
G-3663,all,227,69,4951,3667,22,129262,249954,46645,203309,0.1866143,0.8133857,G,68,Venous endothelial cell,50,25,2,2,2_3,Vein
G-3664,all,6,5,5540,2744,13,18688,0,0,0,0,0,G,3,Alveolar fibroblast 1,18,8,3,3,3_4,AdventitialFib
G-3667,all,34,19,4747,2580,11,25173,0,0,0,0,0,G,4,Interstitial macrophage,42,19,8,8,8_3,InterstitialMac
G-3670,all,42,26,5090,3076,14,40282,0,0,0,0,0,G,11,Innate lymphoid cell,45,26,1,1,1_5_1,LymphaticEndo
G-3673,all,68,27,4679,2884,33,38218,0,0,0,0,0,G,13,Alveolar type 1 cell,56,27,6,6,6,AT1
G-3674,all,94,47,4931,3807,31,94630,509,340,169,0.6679764,0.3320236,G,16,Venous endothelial cell,63,46,7,7,7_3,Tcell (CD8)
G-3675,all,14,8,5283,2062,8,11090,0,0,0,0,0,G,4,Alveolar type 1 cell,31,9,3,3,3_1,SMC
G-3677,all,81,40,4439,3085,24,50514,2841,0,2841,0,1,G,10,Inflammatory monocyte,58,40,2,2,2_6,pDC
G-3680,all,23,13,3914,2904,23,23986,164,51,113,0.3109756,0.6890244,G,6,Capillary 1 cell,40,13,2,2,2_3,Vein
G-3681,all,24,13,4789,3369,38,21455,50,0,50,0,1,G,2,Natural killer cell,41,14,2,2,2_2,InflamMac
G-3682,all,15,10,4350,2761,3,5962,292,0,292,0,1,G,7,Classical DC subset 1,24,10,8,8,8_2,InterstitialMac
G-3685,all,101,35,4358,2154,23,62464,0,0,0,0,0,G,61,B cell,54,25,9,9,9,Bcell
G-3689,all,58,17,4303,5156,30,37355,0,0,0,0,0,G,36,Alveolar type 2 cell,51,17,1,1,1_1,AT2
G-3690,all,26,16,5057,4108,39,41831,0,0,0,0,0,G,5,Pericyte,46,16,2,2,2_6,pDC
G-3691,all,59,21,4961,4211,22,58530,0,0,0,0,0,G,7,Alveolar type 1 cell,53,21,6,6,6,AT1
G-3692,all,50,22,5367,5043,20,85493,0,0,0,0,0,G,11,Secondary crest myofibroblast,51,23,3,3,3_1,SMC
G-3693,all,53,28,4222,5119,29,75374,0,0,0,0,0,G,17,Mesothelial cell,51,28,2,2,2_4,Artery
G-3695,all,20,13,5048,4531,12,29746,52,0,52,0,1,G,5,Alveolar type 1 cell,39,13,6,6,6,AT1
G-3696,all,49,22,4158,5600,19,61732,0,0,0,0,0,G,31,Pericyte,49,22,5,5,5_1,Pericyte
G-3697,all,19,10,5428,4224,32,37815,0,0,0,0,0,G,5,Alveolar fibroblast 1,38,10,1,1,1_5_4,pDC
G-3700,all,47,19,3928,5600,14,51944,0,0,0,0,0,G,31,Neutrophil,47,19,1,1,1_3,AT2
G-3701,all,26,19,5189,5494,33,55375,0,0,0,0,0,G,7,Pericyte,46,19,5,5,5_1,Pericyte
G-3702,all,37,19,5581,5280,19,76963,0,0,0,0,0,G,9,Natural killer cell,42,20,2,2,2_5,DC
G-3703,all,30,16,4891,5194,9,38222,222,0,222,0,1,G,20,Vascular smooth muscle cell,40,16,5,5,5_1,Pericyte
G-3704,all,33,22,5434,4142,27,44961,0,0,0,0,0,G,3,Venous endothelial cell,40,22,2,2,2_3,Vein
G-3705,all,36,21,4378,4220,14,66154,0,0,0,0,0,G,8,Arterial endothelial cell,43,21,2,2,2_1,Capillary
G-3707,all,53,29,5469,3951,29,44341,0,0,0,0,0,G,8,Alveolar fibroblast 2,53,29,3,3,3_3,AdventitialFib
G-3708,all,7,6,3966,5583,40,31306,0,0,0,0,0,G,3,Pericyte,24,8,5,5,5_3,Pericyte
G-3710,all,23,15,5279,4133,12,41905,0,0,0,0,0,G,5,B cell,40,16,3,3,3_5,SMC
G-3711,all,23,14,5374,4279,23,56910,0,0,0,0,0,G,2,Alveolar fibroblast 1,42,15,1,1,1_4_1,AlveolarFib
G-3714,all,57,28,5150,4036,23,92961,0,0,0,0,0,G,5,Alveolar type 2 cell,54,28,2,2,2_3,Vein
G-3715,all,32,18,5436,4529,34,52005,0,0,0,0,0,G,4,CD8+ T cell,40,18,7,7,7_3,Tcell (CD8)
G-3716,all,21,19,4885,4217,26,62056,0,0,0,0,0,G,2,Alveolar type 1 cell,46,20,1,1,1_5_2,AlveolarFib
G-3717,all,57,27,3984,5662,28,81728,0,0,0,0,0,G,15,Alveolar type 1 cell,54,27,7,7,7_3,Tcell (CD8)
G-3718,all,48,22,5335,5159,11,83016,0,0,0,0,0,G,16,Classical DC subset 1,49,23,2,2,2_5,DC
G-3720,all,96,26,5240,5458,22,92496,0,0,0,0,0,G,61,Alveolar type 2 cell,61,26,1,1,1_1,AT2
G-3726,all,83,31,4713,4126,34,71891,0,0,0,0,0,G,10,Alveolar type 1 cell,57,31,6,6,6,AT1
G-3727,all,34,16,4869,4094,26,91582,243,190,53,0.781893,0.218107,G,2,CD4+ T cell,41,17,1,1,1_5_2,AlveolarFib
G-3728,all,41,28,5332,4441,19,83726,0,0,0,0,0,G,8,CD8+ T cell,42,28,7,7,7_2,PatrolMac
G-3729,all,30,19,5052,5399,35,69223,0,0,0,0,0,G,5,Secondary crest myofibroblast,40,20,3,3,3_1,SMC
G-3730,all,20,13,4459,5400,18,54921,0,0,0,0,0,G,3,CD8+ T cell,39,14,2,2,2_2,InflamMac
G-3732,all,11,8,4344,5063,19,22556,0,0,0,0,0,G,3,Endothelial progenitor cell,35,7,2,2,2_1,Capillary
G-3733,all,35,20,4376,5490,11,35821,0,0,0,0,0,G,13,Sox9+/Id2+ epithelial cell,40,20,5,5,5_1,Pericyte
G-3735,all,24,11,4380,5124,23,47465,0,0,0,0,0,G,9,Arterial endothelial cell,44,11,2,2,2_1,Capillary
G-3738,all,18,15,4468,5619,29,79572,0,0,0,0,0,G,3,Capillary 1 cell,36,14,2,2,2_1,Capillary
G-3739,all,110,32,4830,4385,22,83757,0,0,0,0,0,G,54,Alveolar type 2 cell,56,25,1,1,1_1,AT2
G-3740,all,80,21,5211,5287,33,56584,0,0,0,0,0,G,4,Endothelial progenitor cell,53,21,6,6,6,AT1
G-3741,all,20,11,5525,4902,20,72706,0,0,0,0,0,G,10,Mesothelial cell,34,11,3,3,3_3,AdventitialFib
G-3742,all,70,17,4533,4134,32,64166,0,0,0,0,0,G,34,Alveolar type 2 cell,55,17,1,1,1_1,AT2
G-3743,all,158,27,4982,4132,26,75696,26902,31141,52,0.998333,0.001667041,G,79,Alveolar type 2 cell,50,9,1,1,1_1,AT2
G-3745,all,44,21,4413,5394,26,89561,0,0,0,0,0,G,11,Inflammatory monocyte,48,23,2,2,2_5,DC
G-3746,all,51,21,5233,4194,37,52236,0,0,0,0,0,G,26,Alveolar type 2 cell,50,21,1,1,1_1,AT2
G-3748,all,27,14,5165,5279,26,55711,0,0,0,0,0,G,7,CD8+ T cell,43,14,9,9,9,Bcell
G-3749,all,35,24,5080,5071,24,72726,0,0,0,0,0,G,11,Sox9+/Id2+ epithelial cell,40,24,2,2,2_1,Capillary
G-3750,all,52,16,4532,4181,18,47483,0,0,0,0,0,G,29,Alveolar type 2 cell,51,16,1,1,1_1,AT2
G-3752,all,42,22,4578,4137,32,59460,0,0,0,0,0,G,14,Capillary 1 cell,44,22,2,2,2_1,Capillary
G-3755,all,27,15,5032,4152,32,54578,180,0,0,0,0,G,4,Sox9+/Id2+ epithelial cell,40,16,1,1,1_5_2,AlveolarFib
G-3756,all,47,25,4277,4530,30,56631,124,0,124,0,1,G,14,Arterial endothelial cell,47,26,2,2,2_4,Artery
G-3759,all,70,25,4428,5345,31,85927,0,0,0,0,0,G,35,Alveolar type 2 cell,54,25,1,1,1_1,AT2
G-3760,all,81,28,4896,5145,20,70637,0,0,0,0,0,G,43,Alveolar type 2 cell,57,28,1,1,1_1,AT2
G-3761,all,53,29,4299,5114,25,73983,0,0,0,0,0,G,23,Alveolar fibroblast 1,52,29,1,1,1_5_1,LymphaticEndo
G-3762,all,51,20,5240,4300,15,69634,0,0,0,0,0,G,14,Alveolar type 1 cell,50,20,6,6,6,AT1
G-3765,all,50,29,5109,5312,18,71936,0,0,0,0,0,G,17,Pericyte,50,29,5,5,5_3,Pericyte
G-3766,all,69,35,4449,5303,26,90201,0,0,0,0,0,G,31,Alveolar type 2 cell,58,34,2,2,2_1,Capillary
G-3769,all,73,29,5114,4515,22,101797,0,0,0,0,0,G,3,Alveolar fibroblast 1,57,30,3,3,3_5,SMC
G-3771,all,8,6,4253,5408,39,18915,0,0,0,0,0,G,2,Natural killer cell,27,7,2,2,2_2,InflamMac
G-3773,all,33,23,5152,5532,19,69005,0,0,0,0,0,G,2,Alveolar fibroblast 1,41,23,3,3,3_4,AdventitialFib
G-3774,all,45,27,4111,5631,17,90772,0,0,0,0,0,G,12,Alveolar fibroblast 1,48,29,2,2,2_4,Artery
G-3775,all,71,26,5240,5046,21,76470,0,0,0,0,0,G,9,CD8+ T cell,53,26,6,6,6,AT1
G-3776,all,28,17,5149,5246,10,57065,0,0,0,0,0,G,6,Alveolar type 1 cell,40,17,6,6,6,AT1
G-3777,all,34,25,4103,4833,14,43603,0,0,0,0,0,G,5,Capillary 2 cell,41,25,8,8,8_1,AlveolarMac
G-3779,all,34,21,4941,4402,17,83905,0,0,0,0,0,G,16,Pericyte,40,21,5,5,5_1,Pericyte
G-3780,all,9,8,4315,5049,17,28151,0,0,0,0,0,G,4,Endothelial progenitor cell,30,8,2,2,2_1,Capillary
G-3781,all,128,47,4992,4174,21,107509,5995,199,1743,0.1024717,0.8975283,G,44,Neutrophil,45,25,6,6,6,AT1
G-3784,all,14,9,4929,4345,14,32219,0,0,0,0,0,G,6,Capillary 1 cell,33,9,2,2,2_1,Capillary
G-3785,all,39,20,5498,5288,7,35541,0,0,0,0,0,G,6,Mesothelial cell,43,20,3,3,3_4,AdventitialFib
G-3786,all,27,17,5517,5250,12,53808,0,0,0,0,0,G,9,Venous endothelial cell,35,19,2,2,2_5,DC
G-3790,all,20,7,3973,5532,41,16462,0,0,0,0,0,G,13,Alveolar type 2 cell,43,7,1,1,1_1,AT2
G-3791,all,94,38,5162,5386,29,93842,0,0,0,0,0,G,12,Alveolar macrophage,62,38,8,8,8_1,AlveolarMac
G-3792,all,24,10,5445,3899,38,19621,0,0,0,0,0,G,19,Alveolar type 2 cell,43,10,1,1,1_1,AT2
G-3793,all,82,25,4774,3930,21,83623,0,52,0,1,0,G,18,Sox9+/Id2+ epithelial cell,54,25,2,2,2_6,pDC
G-3794,all,6,4,5504,5328,4,12011,0,0,0,0,0,G,2,Mesothelial cell,21,7,3,3,3_3,AdventitialFib
G-3797,all,19,9,4793,4419,28,46621,0,0,0,0,0,G,7,Alveolar type 2 cell,39,9,1,1,1_1,AT2
G-3798,all,26,16,4317,5002,12,34148,0,0,0,0,0,G,6,Capillary 1 cell,40,17,2,2,2_2,InflamMac
G-3799,all,39,14,3938,5637,16,37815,0,0,0,0,0,G,24,Sox9+/Id2+ epithelial cell,44,14,2,2,2_6,pDC
G-3800,all,43,21,3896,5567,13,62181,0,0,0,0,0,G,16,Capillary 1 cell,44,21,2,2,2_3,Vein
G-3801,all,40,23,5408,3964,27,70900,0,0,0,0,0,G,9,Alveolar type 2 cell,44,24,2,2,2_2,InflamMac
G-3802,all,21,15,4166,5655,25,35997,0,0,0,0,0,G,5,Alveolar type 1 cell,42,16,1,1,1_5_2,AlveolarFib
G-3803,all,66,36,4773,4379,26,72289,0,0,0,0,0,G,13,B cell,56,37,2,2,2_2,InflamMac
G-3805,all,25,17,5481,3989,38,38982,0,0,0,0,0,G,3,Arterial endothelial cell,42,18,2,2,2_4,Artery
G-3811,all,106,34,4823,4042,15,98625,63,63,0,1,0,G,10,Alveolar fibroblast 1,60,29,3,3,3_1,SMC
G-3813,all,34,22,5081,5018,8,54475,50,0,50,0,1,G,3,Capillary 1 cell,40,22,2,2,2_1,Capillary
G-3814,all,65,17,4269,5135,30,39185,0,0,0,0,0,G,47,Alveolar type 2 cell,53,17,1,1,1_1,AT2
G-3822,all,40,15,4927,5125,30,93027,0,0,0,0,0,G,16,Sox9+/Id2+ epithelial cell,44,15,2,2,2_1,Capillary
G-3823,all,16,11,5561,4880,12,26123,0,0,0,0,0,G,8,Alveolar fibroblast 2,32,11,3,3,3_3,AdventitialFib
G-3824,all,71,23,4225,4837,30,82473,0,0,0,0,0,G,8,Alveolar macrophage,52,23,6,6,6,AT1
G-3825,all,7,4,3933,5507,19,14524,0,0,0,0,0,G,4,Sox9+/Id2+ epithelial cell,31,6,1,1,1_1,AT2
G-3826,all,22,6,5466,5298,4,8784,0,0,0,0,0,G,8,Venous endothelial cell,38,6,3,3,3_3,AdventitialFib
G-3827,all,36,16,4119,5571,32,57570,0,0,0,0,0,G,17,Sox9+/Id2+ epithelial cell,44,15,2,2,2_1,Capillary
G-3830,all,24,13,4132,5669,18,53470,0,0,0,0,0,G,4,Interstitial macrophage,43,13,8,8,8_2,InterstitialMac
G-3831,all,17,12,4796,4230,10,50467,0,0,0,0,0,G,3,Proliferative mesenchymal progenitor cell,37,13,3,3,3_1,SMC
G-3834,all,18,11,5602,5228,8,31557,0,0,0,0,0,G,4,Alveolar fibroblast 2,36,11,3,3,3_3,AdventitialFib
G-3837,all,19,15,5231,5103,26,43052,0,0,0,0,0,G,2,Arterial endothelial cell,41,16,2,2,2_4,Artery
G-3840,all,36,22,4294,5478,18,114063,0,0,0,0,0,G,6,Secondary crest myofibroblast,41,22,2,2,2_3,Vein
G-3843,all,136,34,4198,5604,17,119818,0,0,0,0,0,G,41,Alveolar type 1 cell,48,20,6,6,6,AT1
G-3844,all,94,27,4371,5297,28,79122,0,0,0,0,0,G,30,Alveolar type 1 cell,56,26,6,6,6,AT1
G-3845,all,24,17,5072,4456,36,57603,0,0,0,0,0,G,4,Alveolar macrophage,46,17,8,8,8_2,InterstitialMac
G-3846,all,78,15,4754,3903,33,34211,9984,2775,7209,0.2779447,0.7220553,G,19,Alveolar type 2 cell,57,15,1,1,1_3,AT2
G-3847,all,22,8,4964,5392,22,18185,0,0,0,0,0,G,15,Sox9+/Id2+ epithelial cell,43,8,1,1,1_1,AT2
G-3848,all,32,19,5362,4151,22,94517,0,0,0,0,0,G,2,Capillary 1 cell,40,19,2,2,2_3,Vein
G-3851,all,24,11,5310,4900,16,80519,0,0,0,0,0,G,13,Innate lymphoid cell,36,13,2,2,2_5,DC
G-3852,all,29,11,5276,5285,20,45509,0,0,0,0,0,G,3,CD8+ T cell,41,11,7,7,7_2,PatrolMac
G-3853,all,52,19,5384,4526,30,48822,0,0,0,0,0,G,5,Alveolar type 1 cell,51,19,6,6,6,AT1
G-3855,all,81,47,5336,4694,28,132436,0,0,0,0,0,G,15,Inflammatory monocyte,59,47,9,9,9,Bcell
G-3857,all,168,45,4165,4773,30,112298,0,0,0,0,0,G,83,Alveolar type 2 cell,51,20,1,1,1_1,AT2
G-3858,all,80,35,4197,5541,30,78792,0,0,0,0,0,G,16,Natural killer cell,55,35,7,7,7_3,Tcell (CD8)
G-3865,all,147,29,5009,5377,20,88628,0,0,0,0,0,G,102,Alveolar type 2 cell,50,17,1,1,1_3,AT2
G-3866,all,58,27,4900,5407,13,82111,0,0,0,0,0,G,14,Arterial endothelial cell,54,27,2,2,2_4,Artery
G-3869,all,10,9,4548,4249,27,23399,0,0,0,0,0,G,2,Capillary 1 cell,29,9,2,2,2_3,Vein
G-3870,all,13,12,5259,5313,23,44681,0,0,0,0,0,G,3,Alveolar fibroblast 1,33,12,1,1,1_5_1,LymphaticEndo
G-3876,all,37,21,4869,3925,38,41369,0,0,0,0,0,G,4,Sox9+/Id2+ epithelial cell,40,21,2,2,2_1,Capillary
G-3878,all,49,23,5427,3929,33,39235,0,0,0,0,0,G,27,Alveolar type 2 cell,49,23,1,1,1_3,AT2
G-3879,all,20,10,4501,4257,12,32006,0,0,0,0,0,G,8,Proliferative mesenchymal progenitor cell,39,11,3,3,3_1,SMC
G-3881,all,48,18,4517,4230,22,62956,0,0,0,0,0,G,23,Inflammatory monocyte,49,19,3,3,3_1,SMC
G-3885,all,85,21,5204,5368,30,79413,0,0,0,0,0,G,4,Alveolar type 1 cell,55,21,6,6,6,AT1
G-3888,all,206,28,4265,5081,18,114632,0,0,0,0,0,G,171,Alveolar type 2 cell,53,13,1,1,1_1,AT2
G-3894,all,25,19,5217,5533,30,73913,0,0,0,0,0,G,3,Alveolar fibroblast 1,37,20,2,2,2_4,Artery
G-3897,all,115,32,4984,4081,29,81792,41625,2991,17642,0.144962,0.855038,G,37,Alveolar type 2 cell,49,18,2,2,2_2,InflamMac
G-3901,all,23,13,5359,4493,25,41726,0,0,0,0,0,G,3,Alveolar type 1 cell,43,13,6,6,6,AT1
G-3903,all,40,14,4741,3951,39,13024,3801,0,3801,0,1,G,5,Alveolar type 2 cell,44,14,1,1,1_3,AT2
G-3908,all,22,12,5108,5342,23,35631,0,0,0,0,0,G,15,Sox9+/Id2+ epithelial cell,44,12,5,5,5_1,Pericyte
G-3910,all,40,19,5254,5079,30,46981,0,0,0,0,0,G,10,Alveolar fibroblast 1,43,19,6,6,6,AT1
G-3914,all,28,12,5242,4119,21,29522,0,0,0,0,0,G,12,Alveolar type 2 cell,42,12,2,2,2_6,pDC
G-3927,all,19,14,4642,6886,37,43775,0,0,0,0,0,G,7,Proliferative mesenchymal progenitor cell,39,14,2,2,2_6,pDC
G-3928,all,44,25,4056,7328,12,68640,0,0,0,0,0,G,10,Alveolar macrophage,44,25,8,8,8_1,AlveolarMac
G-3930,all,61,26,3851,7568,34,72030,0,0,0,0,0,G,36,Mature DC subset,54,26,1,1,1_3,AT2
G-3931,all,29,14,4441,7305,25,47262,0,0,0,0,0,G,9,Pericyte,42,14,5,5,5_1,Pericyte
G-3932,all,16,12,3807,6962,16,48037,0,0,0,0,0,G,2,Endothelial progenitor cell,37,13,2,2,2_1,Capillary
G-3933,all,25,13,4257,7136,20,85225,0,0,0,0,0,G,7,Neutrophil,42,13,1,1,1_6_2,Neutrophil
G-3934,all,13,7,4410,5988,9,37730,0,0,0,0,0,G,5,Sox9+/Id2+ epithelial cell,31,7,3,3,3_6,SCMF
G-3935,all,14,8,4180,6903,20,39206,0,0,0,0,0,G,7,B cell,29,8,9,9,9,Bcell
G-3936,all,25,17,3791,6998,20,37913,0,0,0,0,0,G,4,Interstitial macrophage,45,17,8,8,8_3,InterstitialMac
G-3937,all,17,14,3866,7519,36,37294,0,0,0,0,0,G,8,Pericyte,34,14,5,5,5_1,Pericyte
G-3939,all,29,19,4775,6287,28,52306,0,0,0,0,0,G,11,Pericyte,39,19,5,5,5_1,Pericyte
G-3941,all,37,16,3976,6329,25,84546,0,0,0,0,0,G,16,Alveolar macrophage,42,16,8,8,8_1,AlveolarMac
G-3942,all,29,18,3885,7299,33,55258,0,0,0,0,0,G,11,Alveolar type 2 cell,41,19,2,2,2_1,Capillary
G-3943,all,14,11,4495,7487,17,70919,0,0,0,0,0,G,2,Alveolar fibroblast 1,31,12,1,1,1_5_2,AlveolarFib
G-3946,all,30,9,3800,6490,32,37818,0,0,0,0,0,G,26,Alveolar type 2 cell,42,9,1,1,1_3,AT2
G-3948,all,53,30,3967,6121,20,129718,0,0,0,0,0,G,8,Inflammatory monocyte,54,31,3,3,3_1,SMC
G-3952,all,121,14,4607,7220,28,89459,0,0,0,0,0,G,107,Alveolar type 2 cell,47,7,1,1,1_3,AT2
G-3953,all,20,17,4084,6883,22,73134,0,0,0,0,0,G,4,Capillary 1 cell,41,18,2,2,2_1,Capillary
G-3955,all,14,7,5223,5723,39,22054,0,0,0,0,0,G,9,Alveolar type 2 cell,36,7,1,1,1_1,AT2
G-3956,all,20,12,3802,6441,32,63232,0,0,0,0,0,G,10,CD8+ T cell,42,12,7,7,7_3,Tcell (CD8)
G-3957,all,35,18,4475,6883,25,86248,0,0,0,0,0,G,5,Pericyte,43,18,5,5,5_1,Pericyte
G-3961,all,106,26,4465,7281,31,60929,0,0,0,0,0,G,16,Alveolar type 1 cell,56,22,6,6,6,AT1
G-3962,all,14,9,4400,7201,14,26392,0,0,0,0,0,G,2,Neutrophil,28,9,1,1,1_6_2,Neutrophil
G-3964,all,20,16,3925,7520,35,72104,0,0,0,0,0,G,4,Alveolar fibroblast 1,42,17,1,1,1_5_1,LymphaticEndo
G-3966,all,43,23,4291,5751,20,86783,0,0,0,0,0,G,19,Pericyte,45,23,5,5,5_1,Pericyte
G-3967,all,15,7,4454,7402,19,29673,0,0,0,0,0,G,4,Alveolar type 1 cell,36,7,6,6,6,AT1
G-3968,all,113,40,4657,6412,25,142971,0,0,0,0,0,G,21,Alveolar type 1 cell,50,23,6,6,6,AT1
G-3969,all,17,8,3819,5986,9,52295,0,0,0,0,0,G,10,Pericyte,36,8,5,5,5_1,Pericyte
G-3970,all,82,18,3812,6866,22,78306,0,0,0,0,0,G,54,Alveolar type 2 cell,54,18,1,1,1_1,AT2
G-3973,all,46,12,3781,6518,31,46048,0,0,0,0,0,G,37,Alveolar type 2 cell,47,12,1,1,1_3,AT2
G-3978,all,67,16,3876,6020,17,102614,0,0,0,0,0,G,56,Alveolar type 2 cell,53,16,1,1,1_3,AT2
G-3979,all,16,10,4038,5807,14,26420,0,0,0,0,0,G,8,Pericyte,35,10,5,5,5_1,Pericyte
G-3981,all,49,11,4611,7575,38,57103,0,0,0,0,0,G,37,Alveolar type 2 cell,48,11,1,1,1_3,AT2
G-3982,all,11,6,3832,6469,29,38930,0,0,0,0,0,G,8,AT1/AT2,38,6,6,6,6,AT1
G-3985,all,24,13,5500,6136,18,46184,0,0,0,0,0,G,4,Alveolar fibroblast 2,42,13,3,3,3_3,AdventitialFib
G-3986,all,21,15,4538,7513,19,61719,0,0,0,0,0,G,6,Alveolar fibroblast 1,44,16,3,3,3_1,SMC
G-3988,all,10,8,4931,6067,8,32379,0,0,0,0,0,G,3,B cell,24,8,2,2,2_6,pDC
G-3989,all,19,12,3783,6330,20,97731,0,0,0,0,0,G,2,Proliferative mesenchymal progenitor cell,37,13,1,1,1_6_2,Neutrophil
G-3992,all,73,30,4323,7188,25,85390,0,0,0,0,0,G,21,Capillary 1 cell,53,30,2,2,2_3,Vein
G-3993,all,51,29,4486,7423,19,94134,0,0,0,0,0,G,11,Alveolar macrophage,50,29,6,6,6,AT1
G-3997,all,49,15,4139,6261,13,68814,0,0,0,0,0,G,38,Alveolar type 2 cell,48,15,1,1,1_1,AT2
G-3998,all,31,22,3843,7186,15,63540,0,0,0,0,0,G,7,Alveolar type 1 cell,40,23,2,2,2_1,Capillary
G-3999,all,37,18,4010,7224,25,90177,0,0,0,0,0,G,10,Alveolar type 1 cell,43,19,3,3,3_1,SMC
G-4001,all,9,7,5452,6027,15,34049,0,0,0,0,0,G,4,Alveolar fibroblast 2,23,8,3,3,3_3,AdventitialFib
G-4004,all,77,33,4323,7259,23,103437,0,0,0,0,0,G,35,Alveolar type 2 cell,56,33,1,1,1_3,AT2
G-4005,all,20,6,3838,6323,33,65806,0,0,0,0,0,G,18,Alveolar type 2 cell,41,6,1,1,1_1,AT2
G-4007,all,26,5,4675,6851,39,21409,0,0,0,0,0,G,25,Alveolar type 2 cell,46,5,1,1,1_1,AT2
G-4008,all,11,9,4713,6765,35,35958,0,0,0,0,0,G,2,Arterial endothelial cell,26,9,7,7,7_2,PatrolMac
G-4009,all,52,11,4009,6830,25,88732,0,0,0,0,0,G,42,Alveolar type 2 cell,49,11,1,1,1_1,AT2
G-4011,all,51,37,3881,6888,22,61346,0,0,0,0,0,G,8,Inflammatory monocyte,51,37,6,6,6,AT1
G-4015,all,23,10,4476,7375,10,27398,0,0,0,0,0,G,5,Alveolar type 1 cell,43,10,6,6,6,AT1
G-4016,all,25,17,5032,5823,29,86128,0,0,0,0,0,G,7,Pericyte,42,17,5,5,5_3,Pericyte
G-4017,all,33,19,4709,7108,32,76485,0,0,0,0,0,G,11,Inflammatory monocyte,41,20,3,3,3_1,SMC
G-4020,all,17,11,4149,6881,18,40842,0,0,0,0,0,G,4,Inflammatory monocyte,37,12,1,1,1_4_1,AlveolarFib
G-4022,all,20,10,4134,6219,13,41042,50,0,50,0,1,G,13,Alveolar type 2 cell,40,10,2,2,2_6,pDC
G-4026,all,98,25,4213,6852,34,92916,0,0,0,0,0,G,73,Sox9+/Id2+ epithelial cell,56,22,1,1,1_3,AT2
G-4030,all,16,12,4543,6452,23,46292,0,0,0,0,0,G,8,Ciliated cell,31,12,1,1,1_3,AT2
G-4031,all,65,20,3896,6855,22,87344,0,0,0,0,0,G,10,Alveolar type 1 cell,55,20,6,6,6,AT1
G-4037,all,14,12,4827,6445,20,44710,0,0,0,0,0,G,6,Alveolar fibroblast 1,28,12,5,5,5_1,Pericyte
G-4038,all,17,12,5229,5912,35,39023,0,0,0,0,0,G,2,Proliferative mesenchymal progenitor cell,35,12,3,3,3_4,AdventitialFib
G-4040,all,14,9,3841,6423,29,35071,0,0,0,0,0,G,5,Sox9+/Id2+ epithelial cell,36,9,6,6,6,AT1
G-4041,all,50,17,5444,6220,7,37037,0,0,0,0,0,G,14,Interstitial macrophage,50,17,8,8,8_1,AlveolarMac
G-4042,all,29,14,3885,6418,34,51335,0,0,0,0,0,G,7,Alveolar type 1 cell,39,14,6,6,6,AT1
G-4044,all,21,10,4033,6876,30,52521,0,0,0,0,0,G,3,Capillary 1 cell,42,9,2,2,2_1,Capillary
G-4045,all,39,19,4051,6803,17,76193,0,0,0,0,0,G,8,Capillary 2 cell,43,19,5,5,5_3,Pericyte
G-4046,all,28,18,4015,7591,28,78868,0,0,0,0,0,G,8,B cell,40,18,9,9,9,Bcell
G-4047,all,33,21,3809,6546,28,63974,0,0,0,0,0,G,14,Pericyte,40,21,5,5,5_3,Pericyte
G-4048,all,21,11,3802,6781,27,49595,0,0,0,0,0,G,12,Pericyte,41,11,5,5,5_3,Pericyte
G-4049,all,22,15,4156,6927,30,50091,0,0,0,0,0,G,12,B cell,40,15,9,9,9,Bcell
G-4050,all,65,18,4787,6341,32,76495,0,0,0,0,0,G,46,Alveolar type 2 cell,54,18,1,1,1_1,AT2
G-4051,all,16,12,4969,6087,12,42185,0,0,0,0,0,G,4,B cell,32,12,9,9,9,Bcell
G-4052,all,71,42,3786,7111,24,87709,0,0,0,0,0,G,20,Pericyte,52,42,5,5,5_1,Pericyte
G-4055,all,50,27,4668,6024,7,53818,1750,0,1750,0,1,G,12,Alveolar fibroblast 1,50,27,1,1,1_5_1,LymphaticEndo
G-4057,all,15,12,4020,7531,36,40339,0,0,0,0,0,G,3,Alveolar fibroblast 1,29,12,1,1,1_5_1,LymphaticEndo
G-4059,all,21,15,4479,6424,12,55029,0,0,0,0,0,G,3,Neutrophil,38,15,1,1,1_6_2,Neutrophil
G-4060,all,28,15,4585,6920,9,55102,0,0,0,0,0,G,6,Alveolar fibroblast 1,43,15,1,1,1_5_1,LymphaticEndo
G-4061,all,39,20,5404,6199,8,38136,0,0,0,0,0,G,14,Interstitial macrophage,42,20,8,8,8_3,InterstitialMac
G-4062,all,13,10,4267,5698,40,15645,0,0,0,0,0,G,2,Alveolar type 1 cell,35,11,1,1,1_4_1,AlveolarFib
G-4064,all,23,5,3830,7297,40,24332,0,0,0,0,0,G,19,Alveolar type 2 cell,45,5,1,1,1_1,AT2
G-4067,all,22,7,4369,7272,28,38001,0,0,0,0,0,G,13,Sox9+/Id2+ epithelial cell,43,7,1,1,1_1,AT2
G-4068,all,27,21,5089,6030,33,50581,0,0,0,0,0,G,3,Inflammatory monocyte,34,23,2,2,2_5,DC
G-4073,all,10,8,3791,6267,33,63697,0,0,0,0,0,G,5,Capillary 1 cell,29,8,2,2,2_1,Capillary
G-4074,all,10,7,4509,6438,19,39605,0,0,0,0,0,G,3,Neutrophil,24,7,1,1,1_6_2,Neutrophil
G-4075,all,25,20,4480,6248,13,87531,0,0,0,0,0,G,2,Sox9+/Id2+ epithelial cell,46,20,1,1,1_3,AT2
G-4076,all,62,19,4595,6481,30,73521,0,0,0,0,0,G,44,Alveolar type 2 cell,52,19,1,1,1_1,AT2
G-4078,all,78,30,4255,5833,24,98850,0,0,0,0,0,G,15,Alveolar fibroblast 1,54,31,3,3,3_1,SMC
G-4079,all,45,29,5420,6059,15,75190,0,0,0,0,0,G,12,Alveolar fibroblast 2,45,29,3,3,3_3,AdventitialFib
G-4081,all,28,18,4993,6066,12,46518,0,0,0,0,0,G,7,Inflammatory monocyte,39,18,2,2,2_5,DC
G-4082,all,21,14,3797,6818,29,55780,0,0,0,0,0,G,5,Sox9+/Id2+ epithelial cell,41,14,5,5,5_1,Pericyte
G-4084,all,13,7,4845,6405,15,37502,0,0,0,0,0,G,2,Venous endothelial cell,31,7,3,3,3_4,AdventitialFib
G-4089,all,16,9,4142,6848,19,30975,0,0,0,0,0,G,6,Alveolar fibroblast 1,38,10,3,3,3_1,SMC
G-4091,all,25,18,5119,5992,36,45902,0,0,0,0,0,G,5,Alveolar type 1 cell,39,20,2,2,2_5,DC
G-4093,all,63,16,3831,6585,17,92397,0,0,0,0,0,G,9,Pericyte,52,16,6,6,6,AT1
G-4094,all,62,37,3964,7562,26,139155,0,0,0,0,0,G,4,Arterial endothelial cell,55,37,2,2,2_4,Artery
G-4103,all,35,25,4284,6910,33,107508,0,0,0,0,0,G,3,Capillary 1 cell,42,24,2,2,2_1,Capillary
G-4107,all,49,14,4126,6391,38,67261,0,0,0,0,0,G,38,Alveolar type 2 cell,48,14,1,1,1_3,AT2
G-4110,all,29,13,3894,7611,33,49110,0,0,0,0,0,G,12,Sox9+/Id2+ epithelial cell,40,13,1,1,1_1,AT2
G-4116,all,6,6,4125,6177,22,27330,0,0,0,0,0,G,3,Natural killer cell,21,9,7,7,7_2,PatrolMac
G-4121,all,10,7,4474,5690,10,27170,0,0,0,0,0,G,3,Pericyte,27,7,5,5,5_1,Pericyte
G-4123,all,16,9,4144,7245,26,45605,0,0,0,0,0,G,6,Endothelial progenitor cell,33,9,2,2,2_1,Capillary
G-4124,all,56,19,4938,5777,29,88561,0,0,0,0,0,G,29,B cell,51,19,1,1,1_1,AT2
G-4126,all,7,7,3666,7400,33,23569,0,0,0,0,0,G,2,B cell,26,10,9,9,9,Bcell
G-4129,all,54,30,4875,6500,33,91311,0,0,0,0,0,G,6,Alveolar fibroblast 2,53,30,3,3,3_3,AdventitialFib
G-4132,all,49,8,4055,7609,26,48991,0,0,0,0,0,G,43,Alveolar type 2 cell,48,8,1,1,1_1,AT2
G-4135,all,46,30,4551,6483,30,59075,0,0,0,0,0,G,8,Sox9+/Id2+ epithelial cell,46,30,1,1,1_3,AT2
G-4137,all,12,10,4854,6437,9,27838,0,0,0,0,0,G,3,Capillary 1 cell,32,10,9,9,9,Bcell
G-4138,all,23,15,3813,7354,31,64972,0,0,0,0,0,G,3,Capillary 2 cell,43,15,2,2,2_1,Capillary
G-4140,all,64,33,4667,7024,32,121650,0,0,0,0,0,G,5,Alveolar fibroblast 1,55,33,7,7,7_2,PatrolMac
G-4144,all,25,20,4080,6841,21,88950,0,0,0,0,0,G,14,Pericyte,47,20,5,5,5_1,Pericyte
G-4147,all,14,9,4571,7486,18,40561,0,0,0,0,0,G,3,Alveolar fibroblast 1,29,10,2,2,2_4,Artery
G-4148,all,10,7,4327,5824,7,22359,0,0,0,0,0,G,4,Sox9+/Id2+ epithelial cell,35,7,2,2,2_1,Capillary
G-4149,all,18,13,4677,6321,11,59405,0,0,0,0,0,G,4,Natural killer cell,39,14,2,2,2_2,InflamMac
G-4150,all,19,11,3858,6872,27,35567,0,0,0,0,0,G,8,Inflammatory monocyte,43,13,2,2,2_5,DC
G-4151,all,12,7,4115,6850,20,29001,116,0,116,0,1,G,4,Alveolar fibroblast 1,32,8,1,1,1_5_1,LymphaticEndo
G-4159,all,53,14,4094,7607,23,61473,0,0,0,0,0,G,31,Alveolar type 2 cell,50,14,1,1,1_3,AT2
G-4162,all,23,11,4174,7224,20,83298,0,0,0,0,0,G,2,Capillary 1 cell,42,10,2,2,2_1,Capillary
G-4173,all,103,51,7172,583,10,63879,0,0,0,0,0,G,8,Inflammatory monocyte,62,43,8,8,8_2,InterstitialMac
G-4179,all,17,10,6912,435,35,65169,0,0,0,0,0,G,2,Arterial endothelial cell,39,11,2,2,2_4,Artery
G-4180,all,40,21,7006,265,37,52143,0,0,0,0,0,G,2,Arterial endothelial cell,44,22,2,2,2_4,Artery
G-4186,all,26,16,6221,143,7,18929,0,0,0,0,0,G,3,Mesothelial cell,46,16,3,3,3_3,AdventitialFib
G-4187,all,42,9,5606,527,14,39117,0,0,0,0,0,G,34,Alveolar type 2 cell,46,9,1,1,1_1,AT2
G-4188,all,14,13,6794,1764,24,55188,0,0,0,0,0,G,4,Alveolar fibroblast 1,28,13,2,2,2_3,Vein
G-4189,all,50,31,5818,115,32,49992,0,0,0,0,0,G,6,Capillary 1 cell,50,31,3,3,3_3,AdventitialFib
G-4190,all,42,28,6608,1910,14,62345,0,0,0,0,0,G,8,Inflammatory monocyte,42,28,7,7,7_3,Tcell (CD8)
G-4191,all,51,34,5624,485,35,53461,0,0,0,0,0,G,6,Alveolar fibroblast 2,51,34,3,3,3_3,AdventitialFib
G-4192,all,63,31,5900,37,33,69704,0,0,0,0,0,G,13,Interstitial macrophage,55,31,8,8,8_3,InterstitialMac
G-4195,all,109,52,7081,520,32,82690,0,0,0,0,0,G,6,Natural killer cell,61,42,3,3,3_4,AdventitialFib
G-4196,all,65,36,6813,1591,31,63784,0,0,0,0,0,G,15,Interstitial macrophage,57,36,8,8,8_3,InterstitialMac
G-4199,all,43,31,7087,479,25,42221,0,0,0,0,0,G,2,Endothelial progenitor cell,43,31,5,5,5_3,Pericyte
G-4200,all,65,34,6789,766,15,46628,0,0,0,0,0,G,3,Alveolar type 1 cell,56,34,2,2,2_6,pDC
G-4201,all,22,14,6836,736,13,47174,0,0,0,0,0,G,5,Venous endothelial cell,38,14,8,8,8_1,AlveolarMac
G-4205,all,33,26,7126,348,39,35068,0,0,0,0,0,G,3,Inflammatory monocyte,38,26,3,3,3_4,AdventitialFib
G-4212,all,14,11,7256,189,12,18429,0,0,0,0,0,G,3,Alveolar type 2 cell,31,11,1,1,1_3,AT2
G-4214,all,30,21,6818,1745,33,61609,0,0,0,0,0,G,5,Secondary crest myofibroblast,37,22,3,3,3_2,SMC
G-4215,all,18,11,6716,1657,37,24315,0,0,0,0,0,G,3,Capillary 1 cell,37,11,2,2,2_3,Vein
G-4217,all,95,36,6906,1080,34,62077,0,0,0,0,0,G,8,Secondary crest myofibroblast,61,35,5,5,5_3,Pericyte
G-4224,all,45,21,6994,350,33,71879,0,0,0,0,0,G,2,Alveolar macrophage,45,21,8,8,8_1,AlveolarMac
G-4228,all,117,40,5718,73,24,87570,0,0,0,0,0,G,12,Alveolar type 1 cell,42,15,6,6,6,AT1
G-4232,all,54,21,7214,232,20,64072,0,0,0,0,0,G,9,Neutrophil,53,21,1,1,1_3,AT2
G-4233,all,19,13,5839,76,36,37515,0,0,0,0,0,G,4,Alveolar fibroblast 2,37,13,3,3,3_3,AdventitialFib
G-4234,all,21,13,6853,261,11,15828,0,0,0,0,0,G,4,Mesothelial cell,38,13,3,3,3_3,AdventitialFib
G-4235,all,52,26,7001,565,36,50657,0,0,0,0,0,G,2,Secondary crest myofibroblast,52,27,3,3,3_2,SMC
G-4236,all,44,25,6830,869,26,137795,0,0,0,0,0,G,3,Sox9+/Id2+ epithelial cell,44,25,8,8,8_1,AlveolarMac
G-4237,all,19,11,6855,305,19,21364,0,0,0,0,0,G,6,Mesothelial cell,37,11,3,3,3_3,AdventitialFib
G-4238,all,48,31,6960,662,25,50713,0,0,0,0,0,G,7,Vascular smooth muscle cell,48,31,3,3,3_2,SMC
G-4239,all,23,16,5620,296,18,38012,0,0,0,0,0,G,3,Capillary 1 cell,40,16,2,2,2_3,Vein
G-4242,all,90,37,6466,72,15,58016,0,0,0,0,0,G,13,Proliferative mesenchymal progenitor cell,61,35,3,3,3_3,AdventitialFib
G-4244,all,95,43,7061,466,32,40903,0,0,0,0,0,G,6,Alveolar macrophage,60,42,5,5,5_3,Pericyte
G-4246,all,21,13,5612,267,23,50664,0,0,0,0,0,G,5,Neutrophil,37,13,1,1,1_6_2,Neutrophil
G-4247,all,61,40,6623,1854,16,100794,0,0,0,0,0,G,13,Inflammatory monocyte,57,40,3,3,3_3,AdventitialFib
G-4248,all,102,38,5771,46,22,85482,0,0,0,0,0,G,6,Alveolar fibroblast 1,58,32,3,3,3_1,SMC
G-4251,all,82,32,7325,161,10,40900,0,0,0,0,0,G,2,Pericyte,58,32,5,5,5_3,Pericyte
G-4255,all,71,35,7384,60,26,102075,0,0,0,0,0,G,6,Pericyte,54,35,5,5,5_3,Pericyte
G-4257,all,47,24,6501,51,19,35428,0,0,0,0,0,G,5,Natural killer cell,47,24,7,7,7_3,Tcell (CD8)
G-4262,all,63,26,7358,106,11,43223,0,0,0,0,0,G,2,Ciliated cell,58,27,3,3,3_2,SMC
G-4266,all,22,16,6513,19,26,36510,0,0,0,0,0,G,3,Inflammatory monocyte,41,17,3,3,3_1,SMC
G-4270,all,13,8,7246,243,7,11114,0,0,0,0,0,G,3,Secondary crest myofibroblast,30,9,3,3,3_2,SMC
G-4278,all,11,8,7191,218,39,11181,0,0,0,0,0,G,2,Vascular smooth muscle cell,29,9,3,3,3_2,SMC
G-4280,all,64,36,5685,309,30,82452,0,0,0,0,0,G,17,Alveolar fibroblast 1,58,36,2,2,2_3,Vein
G-4281,all,72,33,6940,713,30,84861,0,0,0,0,0,G,11,Vascular smooth muscle cell,57,33,3,3,3_2,SMC
G-4284,all,44,23,6809,341,37,33926,0,0,0,0,0,G,9,Alveolar fibroblast 2,44,23,3,3,3_3,AdventitialFib
G-4287,all,150,50,6724,446,18,103051,0,0,0,0,0,G,11,Alveolar fibroblast 2,52,26,3,3,3_4,AdventitialFib
G-4290,all,10,8,6783,1795,20,22764,0,0,0,0,0,G,3,Pericyte,28,9,3,3,3_2,SMC
G-4293,all,39,22,6848,1127,23,121087,0,0,0,0,0,G,3,Sox9+/Id2+ epithelial cell,44,22,2,2,2_3,Vein
G-4294,all,51,28,6791,703,37,39495,0,0,0,0,0,G,15,Alveolar fibroblast 2,51,28,3,3,3_3,AdventitialFib
G-4295,all,12,10,5748,19,36,18003,0,0,0,0,0,G,4,Endothelial progenitor cell,29,10,2,2,2_6,pDC
G-4303,all,50,26,6798,1500,19,94286,0,0,0,0,0,G,6,Proliferative mesenchymal progenitor cell,50,26,3,3,3_3,AdventitialFib
G-4304,all,78,41,6807,1550,20,74486,0,0,0,0,0,G,18,Interstitial macrophage,58,41,8,8,8_3,InterstitialMac
G-4305,all,76,31,5613,904,17,94714,0,0,0,0,0,G,12,Airway smooth muscle cell,55,31,3,3,3_3,AdventitialFib
G-4308,all,19,8,6785,1722,9,15641,0,0,0,0,0,G,14,Mesothelial cell,34,8,3,3,3_3,AdventitialFib
G-4312,all,13,9,6883,570,15,26338,0,0,0,0,0,G,3,Arterial endothelial cell,32,10,2,2,2_4,Artery
G-4315,all,24,15,7274,55,11,47085,0,0,0,0,0,G,2,Mesothelial cell,42,15,3,3,3_3,AdventitialFib
G-4316,all,16,11,6867,246,10,9318,0,0,0,0,0,G,4,Venous endothelial cell,34,11,3,3,3_3,AdventitialFib
G-4319,all,23,15,6622,1945,15,29214,0,0,0,0,0,G,6,Mesothelial cell,40,15,3,3,3_4,AdventitialFib
G-4326,all,7,7,5496,319,28,10110,0,0,0,0,0,G,3,Proliferative mesenchymal progenitor cell,25,10,2,2,2_6,pDC
G-4327,all,29,19,7056,437,38,17710,0,0,0,0,0,G,4,Secondary crest myofibroblast,39,19,3,3,3_2,SMC
G-4330,all,13,10,6835,297,13,15466,0,0,0,0,0,G,3,Mesothelial cell,32,10,3,3,3_3,AdventitialFib
G-4339,all,28,20,6697,2129,35,48027,0,0,0,0,0,G,9,Alveolar fibroblast 2,39,20,3,3,3_3,AdventitialFib
G-4340,all,10,6,6589,3012,34,38876,0,0,0,0,0,G,3,Proliferative mesenchymal progenitor cell,29,7,3,3,3_1,SMC
G-4344,all,45,23,6974,2542,22,93568,246,0,246,0,1,G,14,B cell,45,23,9,9,9,Bcell
G-4345,all,44,29,6754,2487,27,90059,0,0,0,0,0,G,15,Alveolar fibroblast 1,46,30,3,3,3_1,SMC
G-4357,all,21,17,6543,3661,9,24004,0,0,0,0,0,G,7,Alveolar fibroblast 2,38,17,3,3,3_3,AdventitialFib
G-4358,all,11,7,6658,3264,36,35348,0,0,0,0,0,G,7,Secondary crest myofibroblast,24,7,3,3,3_6,SCMF
G-4360,all,113,44,5617,2299,24,88306,0,0,0,0,0,G,5,Alveolar fibroblast 1,46,24,3,3,3_3,AdventitialFib
G-4362,all,13,12,6779,2227,32,45748,0,0,0,0,0,G,2,Capillary 1 cell,29,12,8,8,8_2,InterstitialMac
G-4367,all,36,18,6745,2132,21,65918,0,0,0,0,0,G,14,Alveolar fibroblast 2,41,18,3,3,3_3,AdventitialFib
G-4376,all,21,15,6641,3609,26,84531,0,0,0,0,0,G,5,Venous endothelial cell,37,16,2,2,2_3,Vein
G-4378,all,37,22,6813,3497,9,43538,0,0,0,0,0,G,10,B cell,42,22,9,9,9,Bcell
G-4383,all,16,8,6534,3701,10,16319,0,0,0,0,0,G,7,Mesothelial cell,31,8,3,3,3_3,AdventitialFib
G-4385,all,11,9,6638,3674,16,17078,0,0,0,0,0,G,4,Mesothelial cell,26,9,8,8,8_1,AlveolarMac
G-4397,all,27,20,6750,2644,36,50138,0,0,0,0,0,G,8,Capillary 1 cell,39,20,7,7,7_3,Tcell (CD8)
G-4400,all,19,16,6680,3382,35,43877,0,0,0,0,0,G,4,Alveolar fibroblast 1,38,16,3,3,3_1,SMC
G-4401,all,20,13,6662,2382,40,35924,0,0,0,0,0,G,9,Vascular smooth muscle cell,38,13,5,5,5_1,Pericyte
G-4404,all,19,13,5805,2405,28,33592,0,0,0,0,0,G,6,Interstitial macrophage,34,13,8,8,8_3,InterstitialMac
G-4405,all,14,12,6694,3165,36,54973,0,0,0,0,0,G,2,Venous endothelial cell,30,12,2,2,2_3,Vein
G-4406,all,16,8,6641,3464,39,28569,0,0,0,0,0,G,4,Pericyte,31,8,5,5,5_1,Pericyte
G-4409,all,25,16,6628,2963,34,75430,0,0,0,0,0,G,3,Pericyte,43,16,5,5,5_3,Pericyte
G-4417,all,31,25,6724,2736,26,114845,0,0,0,0,0,G,15,Vascular smooth muscle cell,38,26,2,2,2_4,Artery
G-4419,all,28,17,6735,2776,34,36020,0,0,0,0,0,G,6,Capillary 1 cell,39,17,7,7,7_3,Tcell (CD8)
G-4427,all,11,9,6703,2855,21,74267,0,0,0,0,0,G,2,Alveolar fibroblast 1,27,10,1,1,1_5_2,AlveolarFib
G-4435,all,52,33,5696,3541,31,88394,0,0,0,0,0,G,12,Classical DC subset 1,52,33,1,1,1_3,AT2
G-4436,all,6,5,6585,3811,39,23913,0,0,0,0,0,G,2,Alveolar fibroblast 1,24,9,3,3,3_1,SMC
G-4444,all,36,22,6688,3102,29,92424,0,0,0,0,0,G,3,Proliferative mesenchymal progenitor cell,41,22,5,5,5_1,Pericyte
G-4451,all,8,5,5806,3641,23,19787,0,0,0,0,0,G,5,CD8+ T cell,26,7,3,3,3_3,AdventitialFib
G-4461,all,21,14,6660,3063,37,40679,0,0,0,0,0,G,5,Alveolar fibroblast 1,39,14,3,3,3_4,AdventitialFib
G-4470,all,9,6,5496,2551,13,12331,0,0,0,0,0,G,2,B cell,28,7,9,9,9,Bcell
G-4473,all,109,53,6217,4138,22,136819,0,0,0,0,0,G,23,Natural killer cell,57,39,2,2,2_5,DC
G-4475,all,50,29,5679,5465,22,82070,0,0,0,0,0,G,15,Innate lymphoid cell,55,31,2,2,2_5,DC
G-4479,all,30,20,5691,5409,16,71912,0,0,0,0,0,G,8,Inflammatory monocyte,42,22,2,2,2_5,DC
G-4480,all,17,11,6414,4458,37,39931,0,0,0,0,0,G,6,Arterial endothelial cell,36,13,2,2,2_4,Artery
G-4481,all,27,18,6465,4454,37,62817,0,0,0,0,0,G,4,Endothelial progenitor cell,41,19,1,1,1_5_2,AlveolarFib
G-4483,all,54,25,6037,5179,33,72643,0,0,0,0,0,G,20,Alveolar fibroblast 2,53,25,3,3,3_3,AdventitialFib
G-4485,all,38,23,5761,5335,20,62134,0,0,0,0,0,G,15,Inflammatory monocyte,42,23,3,3,3_3,AdventitialFib
G-4486,all,53,27,7437,5143,11,68195,0,0,0,0,0,G,14,Innate lymphoid cell,53,29,2,2,2_5,DC
G-4487,all,9,6,6407,5587,7,30436,0,0,0,0,0,G,3,Proliferative mesenchymal progenitor cell,23,7,2,2,2_3,Vein
G-4488,all,27,13,6328,5516,15,38457,0,0,0,0,0,G,6,Pericyte,41,13,3,3,3_4,AdventitialFib
G-4492,all,22,13,6193,5453,13,95706,0,0,0,0,0,G,8,Pericyte,41,13,3,3,3_4,AdventitialFib
G-4494,all,29,18,6261,4096,38,56248,0,0,0,0,0,G,8,Proliferative mesenchymal progenitor cell,37,18,3,3,3_3,AdventitialFib
G-4495,all,28,18,6328,5207,10,118957,0,0,0,0,0,G,8,Pericyte,38,18,3,3,3_4,AdventitialFib
G-4498,all,38,21,6477,3972,28,92706,0,0,0,0,0,G,4,Alveolar type 1 cell,41,21,5,5,5_3,Pericyte
G-4499,all,42,26,5764,5378,12,46770,0,0,0,0,0,G,13,Alveolar fibroblast 2,43,26,3,3,3_3,AdventitialFib
G-4503,all,12,6,6358,5093,21,35701,0,0,0,0,0,G,6,Alveolar fibroblast 1,29,6,3,3,3_4,AdventitialFib
G-4504,all,21,13,6363,5311,21,32690,0,0,0,0,0,G,14,Secondary crest myofibroblast,39,14,3,3,3_2,SMC
G-4506,all,54,25,6548,3937,22,69899,0,0,0,0,0,G,13,Vascular smooth muscle cell,53,26,3,3,3_2,SMC
G-4509,all,42,29,6417,4981,31,70694,0,0,0,0,0,G,9,Innate lymphoid cell,42,29,3,3,3_5,SMC
G-4511,all,19,13,6270,5044,10,67161,54,0,54,0,1,G,3,Endothelial progenitor cell,37,13,1,1,1_3,AT2
G-4512,all,90,44,5810,4939,12,87305,0,0,0,0,0,G,26,Inflammatory monocyte,64,44,2,2,2_5,DC
G-4514,all,6,5,7356,4629,31,22988,0,0,0,0,0,G,4,Alveolar type 1 cell,23,8,1,1,1_2_3,Tcell (CD4)
G-4517,all,30,17,6464,4260,24,76188,0,0,0,0,0,G,20,Vascular smooth muscle cell,38,17,3,3,3_2,SMC
G-4519,all,12,9,6526,4085,17,35600,0,0,0,0,0,G,2,Inflammatory monocyte,26,10,1,1,1_6_2,Neutrophil
G-4521,all,71,37,7340,4671,15,61549,0,0,0,0,0,G,10,B cell,55,37,3,3,3_4,AdventitialFib
G-4522,all,107,32,5640,5583,7,80630,0,0,0,0,0,G,39,Alveolar fibroblast 2,60,26,3,3,3_3,AdventitialFib
G-4524,all,21,16,6269,5138,18,129736,0,0,0,0,0,G,6,Secondary crest myofibroblast,43,17,3,3,3_2,SMC
G-4525,all,45,32,6439,5193,7,26870,0,0,0,0,0,G,8,Innate lymphoid cell,45,32,7,7,7_4,PatrolMac
G-4527,all,31,17,5791,5344,12,34788,0,0,0,0,0,G,5,Mesothelial cell,39,17,3,3,3_3,AdventitialFib
G-4528,all,19,14,6541,4055,16,29390,0,0,0,0,0,G,4,Lymphatic endothelial cell,39,14,2,2,2_6,pDC
G-4531,all,13,7,6307,5550,8,78637,0,0,0,0,0,G,2,Venous endothelial cell,31,7,2,2,2_3,Vein
G-4534,all,14,10,6039,4497,33,16421,0,0,0,0,0,G,2,Alveolar macrophage,25,10,1,1,1_2_3,Tcell (CD4)
G-4536,all,14,13,6237,5461,21,109342,0,0,0,0,0,G,3,Secretory cell,33,14,3,3,3_2,SMC
G-4543,all,38,21,6395,5006,21,61133,0,0,0,0,0,G,4,Sox9+/Id2+ epithelial cell,42,21,6,6,6,AT1
G-4548,all,17,11,6273,5462,27,70270,0,0,0,0,0,G,6,Mesothelial cell,36,11,3,3,3_3,AdventitialFib
G-4559,all,45,26,6406,4788,26,129573,0,0,0,0,0,G,16,Vascular smooth muscle cell,49,27,3,3,3_2,SMC
G-4568,all,20,18,6369,4710,9,84449,0,0,0,0,0,G,4,Venous endothelial cell,40,18,2,2,2_3,Vein
G-4576,all,31,23,6567,3893,30,85248,0,0,0,0,0,G,12,CD8+ T cell,41,24,3,3,3_2,SMC
G-4580,all,11,8,6307,5485,20,53145,0,0,0,0,0,G,4,Mesothelial cell,27,8,3,3,3_3,AdventitialFib
G-4586,all,18,8,7364,4719,35,23963,0,0,0,0,0,G,3,Mesothelial cell,33,8,3,3,3_3,AdventitialFib
G-4594,all,10,8,6304,5031,13,38701,0,0,0,0,0,G,4,Venous endothelial cell,29,9,1,1,1_4_3,AlveolarFib
G-4596,all,14,10,6409,4840,35,30149,0,0,0,0,0,G,3,Alveolar fibroblast 1,30,11,1,1,1_4_1,AlveolarFib
G-4614,all,23,15,6762,6669,13,69568,0,0,0,0,0,G,10,Pericyte,41,15,5,5,5_1,Pericyte
G-4615,all,15,12,6720,6630,30,40890,0,0,0,0,0,G,2,Sox9+/Id2+ epithelial cell,33,12,3,3,3_6,SCMF
G-4618,all,23,17,7370,6683,12,37109,0,0,0,0,0,G,6,T regulatory cell,44,18,3,3,3_1,SMC
G-4619,all,24,19,6470,6391,19,52206,0,0,0,0,0,G,6,Venous endothelial cell,44,19,8,8,8_1,AlveolarMac
G-4621,all,50,10,6957,7056,29,41748,0,0,0,0,0,G,13,Alveolar type 1 cell,49,10,6,6,6,AT1
G-4622,all,24,19,7311,6527,17,68327,0,0,0,0,0,G,5,Venous endothelial cell,44,19,3,3,3_2,SMC
G-4623,all,108,27,6643,6917,9,74853,0,0,0,0,0,G,20,Alveolar type 1 cell,54,19,6,6,6,AT1
G-4624,all,17,14,6809,6382,13,50513,0,0,0,0,0,G,5,Pericyte,34,14,5,5,5_1,Pericyte
G-4625,all,36,24,7091,6987,22,86995,0,0,0,0,0,G,8,Innate lymphoid cell,40,24,9,9,9,Bcell
G-4628,all,25,17,6209,7505,21,68826,0,0,0,0,0,G,4,Alveolar type 1 cell,45,17,6,6,6,AT1
G-4629,all,17,11,7046,7025,20,87444,0,0,0,0,0,G,3,Capillary 1 cell,38,12,2,2,2_3,Vein
G-4631,all,11,8,6679,7209,27,62272,0,0,0,0,0,G,5,Alveolar fibroblast 1,31,9,3,3,3_5,SMC
G-4632,all,16,11,7064,7106,17,63845,0,0,0,0,0,G,2,Alveolar macrophage,34,11,8,8,8_2,InterstitialMac
G-4634,all,48,19,6720,6317,21,69895,0,0,0,0,0,G,15,Pericyte,50,20,3,3,3_2,SMC
G-4635,all,6,4,6560,7175,19,70544,0,0,0,0,0,G,2,Capillary 1 cell,25,6,2,2,2_6,pDC
G-4637,all,25,19,6612,6980,25,96762,0,0,0,0,0,G,6,Endothelial progenitor cell,45,19,9,9,9,Bcell
G-4638,all,12,9,6568,7212,26,69711,0,0,0,0,0,G,4,Sox9+/Id2+ epithelial cell,32,9,3,3,3_4,AdventitialFib
G-4640,all,18,13,6648,7426,16,76716,0,0,0,0,0,G,12,Neutrophil,32,13,8,8,8_3,InterstitialMac
G-4642,all,10,8,6181,7059,9,37037,0,0,0,0,0,G,2,Alveolar macrophage,25,8,8,8,8_2,InterstitialMac
G-4643,all,56,25,6420,5953,10,106925,0,0,0,0,0,G,15,Alveolar fibroblast 1,52,25,3,3,3_3,AdventitialFib
G-4644,all,12,4,6885,7153,36,25210,0,0,0,0,0,G,2,Basophil,32,6,2,2,2_5,DC
G-4646,all,48,28,6394,6685,20,100049,0,0,0,0,0,G,10,Venous endothelial cell,50,28,2,2,2_1,Capillary
G-4647,all,30,19,6492,6636,21,32956,0,0,0,0,0,G,10,Venous endothelial cell,41,20,3,3,3_1,SMC
G-4648,all,19,15,6911,6644,29,42697,0,0,0,0,0,G,6,Neutrophil,35,15,2,2,2_3,Vein
G-4649,all,39,21,6187,6962,21,52033,0,0,0,0,0,G,4,Interstitial macrophage,43,21,8,8,8_3,InterstitialMac
G-4650,all,15,10,7039,7137,32,35216,0,0,0,0,0,G,6,Capillary 2 cell,33,10,3,3,3_3,AdventitialFib
G-4652,all,7,6,6423,6286,12,28865,0,0,0,0,0,G,2,Alveolar fibroblast 1,27,8,3,3,3_4,AdventitialFib
G-4653,all,60,24,7002,7059,20,100570,0,0,0,0,0,G,11,Sox9+/Id2+ epithelial cell,53,24,9,9,9,Bcell
G-4654,all,49,28,7163,6884,9,83306,0,0,0,0,0,G,4,Sox9+/Id2+ epithelial cell,49,28,2,2,2_3,Vein
G-4655,all,25,16,6719,6265,15,50054,0,0,0,0,0,G,14,Pericyte,38,17,3,3,3_2,SMC
G-4656,all,21,11,7098,6505,16,87388,0,0,0,0,0,G,9,Alveolar fibroblast 1,41,11,5,5,5_3,Pericyte
G-4660,all,17,4,6797,7488,6,16153,0,0,0,0,0,G,13,Sox9+/Id2+ epithelial cell,43,4,1,1,1_1,AT2
G-4664,all,109,32,6176,7269,11,87746,0,0,0,0,0,G,13,Capillary 1 cell,60,25,9,9,9,Bcell
G-4666,all,33,16,6348,6867,23,59380,6937,3997,2940,0.5761857,0.4238143,G,13,Venous endothelial cell,42,16,2,2,2_6,pDC
G-4668,all,77,39,6652,6623,19,113742,0,0,0,0,0,G,17,Mesothelial cell,59,39,3,3,3_3,AdventitialFib
G-4669,all,31,23,6471,6843,21,101855,0,0,0,0,0,G,12,Venous endothelial cell,38,25,2,2,2_5,DC
G-4672,all,33,10,6924,7040,36,34285,0,0,0,0,0,G,19,Sox9+/Id2+ epithelial cell,44,10,1,1,1_1,AT2
G-4673,all,7,6,6734,6192,35,12245,0,0,0,0,0,G,3,Venous endothelial cell,21,9,3,3,3_4,AdventitialFib
G-4674,all,10,9,6306,7274,33,70031,0,0,0,0,0,G,2,Alveolar type 1 cell,30,10,1,1,1_4_1,AlveolarFib
G-4675,all,38,23,6251,7436,24,112510,0,0,0,0,0,G,8,Pericyte,42,23,5,5,5_1,Pericyte
G-4677,all,40,20,6715,7348,22,100630,0,0,0,0,0,G,9,Alveolar type 1 cell,42,20,6,6,6,AT1
G-4678,all,71,16,7404,6650,34,37764,0,0,0,0,0,G,5,Alveolar type 1 cell,51,16,6,6,6,AT1
G-4684,all,20,15,6669,6269,7,84784,0,0,0,0,0,G,2,Alveolar fibroblast 1,38,15,3,3,3_6,SCMF
G-4685,all,18,11,7432,6601,21,51663,0,0,0,0,0,G,4,Capillary 1 cell,33,11,2,2,2_3,Vein
G-4686,all,68,24,7024,6520,27,67024,0,0,0,0,0,G,15,Venous endothelial cell,56,24,6,6,6,AT1
G-4689,all,41,19,7075,6612,25,87133,0,0,0,0,0,G,22,Pericyte,43,19,5,5,5_1,Pericyte
G-4690,all,10,7,6529,7086,29,75840,0,0,0,0,0,G,5,Vascular smooth muscle cell,26,7,3,3,3_6,SCMF
G-4694,all,35,22,7057,6582,23,62121,0,0,0,0,0,G,7,Capillary 1 cell,43,22,2,2,2_3,Vein
G-4696,all,24,16,7117,6799,23,47062,0,0,0,0,0,G,3,Alveolar fibroblast 1,41,16,2,2,2_3,Vein
G-4697,all,11,7,7087,6700,17,43809,0,0,0,0,0,G,5,Sox9+/Id2+ epithelial cell,30,7,2,2,2_3,Vein
G-4701,all,22,16,6237,5838,16,104776,0,0,0,0,0,G,11,Vascular smooth muscle cell,39,16,3,3,3_6,SCMF
G-4702,all,30,22,7103,6566,32,66724,0,0,0,0,0,G,4,Alveolar fibroblast 1,37,22,1,1,1_5_1,LymphaticEndo
G-4705,all,8,5,6710,6392,20,52529,0,0,0,0,0,G,2,Proliferative mesenchymal progenitor cell,25,6,1,1,1_6_2,Neutrophil
G-4706,all,76,18,6158,7536,37,71928,52,52,0,1,0,G,15,Arterial endothelial cell,52,18,7,7,7_2,PatrolMac
G-4711,all,9,7,6928,6457,38,25704,0,0,0,0,0,G,2,Alveolar fibroblast 1,30,8,1,1,1_4_1,AlveolarFib
G-4712,all,26,15,6811,6586,32,36548,0,0,0,0,0,G,4,Capillary 1 cell,44,15,2,2,2_3,Vein
G-4713,all,52,25,6330,6717,16,96625,0,0,0,0,0,G,13,Endothelial progenitor cell,51,25,1,1,1_5_4,pDC
G-4714,all,23,15,6585,7053,28,100720,0,0,0,0,0,G,11,Venous endothelial cell,40,15,2,2,2_6,pDC
G-4717,all,10,7,6216,5744,13,69497,0,0,0,0,0,G,5,Capillary 1 cell,29,8,2,2,2_3,Vein
G-4718,all,48,25,6688,7391,15,125746,0,0,0,0,0,G,4,Alveolar fibroblast 1,48,25,8,8,8_2,InterstitialMac
G-4722,all,26,16,6979,6510,12,43327,0,0,0,0,0,G,5,Innate lymphoid cell,43,16,9,9,9,Bcell
G-4724,all,18,14,6888,7284,17,101218,0,0,0,0,0,G,5,Inflammatory monocyte,37,16,2,2,2_5,DC
G-4725,all,18,10,6319,7536,10,37214,0,0,0,0,0,G,2,Capillary 2 cell,34,10,2,2,2_6,pDC
G-4726,all,13,10,6997,7104,15,73228,0,0,0,0,0,G,3,Pericyte,32,10,5,5,5_1,Pericyte
G-4728,all,8,6,6696,7496,28,44510,0,0,0,0,0,G,4,B cell,29,8,1,1,1_5_1,LymphaticEndo
G-4729,all,56,21,6748,7323,19,85313,0,0,0,0,0,G,13,Inflammatory monocyte,51,21,6,6,6,AT1
G-4730,all,29,19,6297,7576,24,89972,0,0,0,0,0,G,6,Alveolar macrophage,38,20,2,2,2_2,InflamMac
G-4731,all,54,25,6265,6529,30,56651,0,0,0,0,0,G,14,Interstitial macrophage,52,25,8,8,8_3,InterstitialMac
G-4732,all,37,17,6149,7093,7,34628,0,0,0,0,0,G,19,Proliferative mesenchymal progenitor cell,41,18,3,3,3_1,SMC
G-4733,all,25,17,7344,6623,21,64926,0,0,0,0,0,G,3,Sox9+/Id2+ epithelial cell,45,17,2,2,2_3,Vein
G-4736,all,102,18,7158,6826,20,93246,0,0,0,0,0,G,82,Alveolar type 2 cell,52,15,1,1,1_3,AT2
G-4737,all,36,22,6772,7579,18,61628,0,0,0,0,0,G,2,Alveolar type 1 cell,42,23,1,1,1_6_2,Neutrophil
G-4739,all,13,8,6611,6100,21,29933,0,0,0,0,0,G,9,Secondary crest myofibroblast,29,8,3,3,3_2,SMC
G-4740,all,10,7,6175,6134,9,43777,0,0,0,0,0,G,6,Capillary 1 cell,25,8,2,2,2_3,Vein
G-4743,all,10,8,6667,6153,26,22160,0,0,0,0,0,G,2,Alveolar fibroblast 1,25,8,2,2,2_3,Vein
G-4744,all,15,4,6787,7223,9,27814,0,0,0,0,0,G,15,Alveolar type 2 cell,39,4,1,1,1_3,AT2
G-4745,all,12,10,6867,7120,24,32367,0,0,0,0,0,G,2,B cell,31,11,3,3,3_5,SMC
G-4746,all,53,22,6236,7588,21,72766,0,0,0,0,0,G,41,Pericyte,51,22,5,5,5_1,Pericyte
G-4747,all,69,29,6857,6420,35,63572,0,0,0,0,0,G,22,Interstitial macrophage,56,29,8,8,8_1,AlveolarMac
G-4749,all,23,9,6657,7247,27,74991,0,0,0,0,0,G,14,Alveolar type 2 cell,44,10,2,2,2_2,InflamMac
G-4752,all,11,10,6856,7188,19,78403,0,0,0,0,0,G,4,Pericyte,26,10,5,5,5_1,Pericyte
G-4753,all,32,25,6588,6148,18,108592,0,0,0,0,0,G,5,Proliferative mesenchymal progenitor cell,38,25,2,2,2_6,pDC
G-4756,all,23,19,6994,7164,14,98836,0,0,0,0,0,G,6,Capillary 1 cell,42,19,3,3,3_4,AdventitialFib
G-4760,all,22,13,7180,6737,26,56690,0,0,0,0,0,G,7,Alveolar fibroblast 1,41,13,5,5,5_3,Pericyte
G-4761,all,66,34,6502,6499,35,102879,0,0,0,0,0,G,9,Capillary 2 cell,57,34,2,2,2_6,pDC
G-4763,all,61,27,7058,6530,27,85217,0,0,0,0,0,G,13,Alveolar type 1 cell,56,27,6,6,6,AT1
G-4764,all,21,14,5493,6134,18,28967,0,0,0,0,0,G,3,Alveolar fibroblast 2,38,14,3,3,3_3,AdventitialFib
G-4765,all,33,22,6627,6715,30,80575,0,0,0,0,0,G,8,Neutrophil,40,24,2,2,2_5,DC
G-4766,all,6,3,6353,5733,17,47718,0,0,0,0,0,G,3,Pericyte,21,6,5,5,5_1,Pericyte
G-4771,all,9,7,6730,7420,12,28282,0,0,0,0,0,G,3,Alveolar fibroblast 1,30,8,1,1,1_5_2,AlveolarFib
G-4777,all,43,28,6129,7186,18,68503,0,0,0,0,0,G,10,Alveolar type 1 cell,43,28,1,1,1_5_2,AlveolarFib
G-4781,all,36,22,6098,7161,11,52597,0,0,0,0,0,G,4,Sox9+/Id2+ epithelial cell,41,22,3,3,3_4,AdventitialFib
G-4783,all,18,13,6234,6504,35,19190,0,0,0,0,0,G,4,Interstitial macrophage,31,13,8,8,8_1,AlveolarMac
G-4785,all,11,7,6602,6200,19,23918,0,0,0,0,0,G,4,Endothelial progenitor cell,28,7,2,2,2_3,Vein
G-4786,all,13,7,7341,6693,9,13381,0,0,0,0,0,G,8,Alveolar fibroblast 1,24,7,3,3,3_4,AdventitialFib
G-4789,all,47,9,6955,6673,31,56877,0,0,0,0,0,G,37,Sox9+/Id2+ epithelial cell,48,9,1,1,1_1,AT2
G-4790,all,10,8,6938,6530,7,22304,0,0,0,0,0,G,3,Endothelial progenitor cell,27,8,2,2,2_3,Vein
G-4791,all,82,38,7324,6665,22,129453,0,0,0,0,0,G,21,Natural killer cell,59,38,7,7,7_2,PatrolMac
G-4793,all,12,8,6328,7570,9,22239,0,0,0,0,0,G,2,Venous endothelial cell,36,10,2,2,2_3,Vein
G-4795,all,23,13,6392,5782,16,67531,0,0,0,0,0,G,9,Alveolar fibroblast 2,38,13,3,3,3_6,SCMF
G-4796,all,40,25,6703,6521,34,89027,0,0,0,0,0,G,12,Alveolar fibroblast 2,42,25,3,3,3_3,AdventitialFib
G-4797,all,8,5,7214,6587,39,26603,0,0,0,0,0,G,4,Chondrocyte,34,7,2,2,2_3,Vein
G-4800,all,10,8,6444,7159,26,56256,0,0,0,0,0,G,4,B cell,24,8,1,1,1_3,AT2
G-4801,all,25,18,7428,6687,14,83695,0,0,0,0,0,G,5,CD4+ T cell,45,18,7,7,7_4,PatrolMac
G-4803,all,52,28,6746,7496,23,119547,0,0,0,0,0,G,24,Sox9+/Id2+ epithelial cell,51,28,9,9,9,Bcell
G-4804,all,24,16,6545,6805,10,44703,0,0,0,0,0,G,7,Alveolar type 1 cell,44,16,2,2,2_3,Vein
G-4805,all,15,8,6887,7091,31,49054,0,0,0,0,0,G,3,Deuterosomal cell,30,8,7,7,7_3,Tcell (CD8)
G-4806,all,14,7,5846,5709,4,17331,0,0,0,0,0,G,4,Alveolar fibroblast 1,29,7,3,3,3_4,AdventitialFib
G-4807,all,32,15,6209,6482,34,31893,0,0,0,0,0,G,8,Interstitial macrophage,42,15,8,8,8_3,InterstitialMac
G-4809,all,23,7,6774,7461,8,26078,0,0,0,0,0,G,21,Alveolar type 2 cell,41,7,2,2,2_6,pDC
G-4810,all,73,19,6755,6725,12,61235,0,0,0,0,0,G,59,Alveolar type 2 cell,53,19,1,1,1_1,AT2
G-4811,all,55,29,7109,6653,18,98676,0,0,0,0,0,G,12,Natural killer cell,54,29,7,7,7_2,PatrolMac
G-4812,all,23,14,7427,6747,14,61440,0,0,0,0,0,G,6,Inflammatory monocyte,40,14,5,5,5_1,Pericyte
G-4813,all,90,25,7258,6625,29,123270,0,0,0,0,0,G,45,Alveolar type 2 cell,57,26,2,2,2_2,InflamMac
G-4814,all,34,11,6487,7058,27,95001,0,0,0,0,0,G,23,Alveolar type 2 cell,46,11,1,1,1_3,AT2
G-4816,all,22,17,6763,6422,8,52189,0,0,0,0,0,G,2,Inflammatory monocyte,40,18,1,1,1_6_2,Neutrophil
G-4820,all,13,5,6792,7257,10,28997,0,0,0,0,0,G,10,Sox9+/Id2+ epithelial cell,38,5,1,1,1_3,AT2
G-4823,all,25,16,7105,6722,21,47580,0,0,0,0,0,G,6,Endothelial progenitor cell,46,16,2,2,2_6,pDC
G-4824,all,23,19,6487,6149,16,81380,0,0,0,0,0,G,7,Secondary crest myofibroblast,42,19,3,3,3_2,SMC
G-4828,all,61,27,6543,6167,22,148010,0,0,0,0,0,G,8,Venous endothelial cell,53,27,8,8,8_1,AlveolarMac
G-4829,all,28,5,6762,7118,18,83915,0,0,0,0,0,G,25,Sox9+/Id2+ epithelial cell,46,5,1,1,1_1,AT2
G-4830,all,18,13,6386,6255,10,87175,0,0,0,0,0,G,7,Alveolar macrophage,36,13,5,5,5_3,Pericyte
G-4833,all,60,21,6826,6442,25,58109,0,0,0,0,0,G,13,Interstitial macrophage,55,21,3,3,3_3,AdventitialFib
G-4836,all,66,36,6524,6616,23,74304,0,0,0,0,0,G,10,Alveolar type 2 cell,60,36,2,2,2_3,Vein
G-4838,all,10,6,6723,6776,29,10435,99760,55775,43985,0.5590918,0.4409082,G,2,Alveolar type 1 cell,24,6,6,6,6,AT1
G-4842,all,16,11,6640,6126,23,32838,0,0,0,0,0,G,5,Alveolar fibroblast 1,29,11,3,3,3_6,SCMF
G-4845,all,48,34,6576,6789,19,74164,0,0,0,0,0,G,9,B cell,48,34,9,9,9,Bcell
G-4849,all,13,6,7178,6598,39,6597,0,0,0,0,0,G,4,Alveolar type 1 cell,35,6,6,6,6,AT1
G-4853,all,21,13,7147,6759,23,33751,0,0,0,0,0,G,9,Pericyte,39,13,5,5,5_1,Pericyte
G-4866,all,84,44,8724,1646,20,78281,0,0,0,0,0,G,7,Pericyte,63,44,5,5,5_3,Pericyte
G-4867,all,144,54,8810,1502,14,95466,0,0,0,0,0,G,8,B cell,50,27,9,9,9,Bcell
G-4868,all,13,9,8329,1182,13,92544,0,0,0,0,0,G,2,Alveolar macrophage,32,9,8,8,8_1,AlveolarMac
G-4872,all,62,32,8501,1573,13,61803,0,0,0,0,0,G,6,Pericyte,56,32,5,5,5_3,Pericyte
G-4873,all,25,15,9080,1276,19,17072,0,0,0,0,0,G,2,Mesothelial cell,43,15,3,3,3_3,AdventitialFib
G-4874,all,84,40,8328,1310,36,90422,0,0,0,0,0,G,6,Alveolar fibroblast 1,59,40,2,2,2_3,Vein
G-4875,all,99,40,8600,1814,23,104028,0,0,0,0,0,G,8,B cell,64,38,7,7,7_3,Tcell (CD8)
G-4876,all,36,18,8856,1953,20,42548,0,0,0,0,0,G,2,Alveolar macrophage,42,19,1,1,1_4_1,AlveolarFib
G-4877,all,40,23,8259,709,18,56284,0,0,0,0,0,G,4,Secondary crest myofibroblast,40,23,5,5,5_3,Pericyte
G-4880,all,161,40,9106,1420,18,93306,0,0,0,0,0,G,98,Alveolar type 2 cell,47,18,1,1,1_1,AT2
G-4881,all,31,20,7708,139,19,55574,0,0,0,0,0,G,3,Alveolar macrophage,40,21,1,1,1_5_2,AlveolarFib
G-4882,all,37,19,7807,389,32,20950,0,0,0,0,0,G,2,Capillary 1 cell,42,19,2,2,2_3,Vein
G-4883,all,76,35,8201,845,16,108452,0,0,0,0,0,G,5,B cell,56,35,8,8,8_1,AlveolarMac
G-4884,all,73,33,8481,1655,34,68713,0,0,0,0,0,G,3,Neutrophil,55,34,2,2,2_2,InflamMac
G-4891,all,28,15,8630,1749,7,18847,0,0,0,0,0,G,2,Natural killer cell,39,16,2,2,2_2,InflamMac
G-4892,all,131,39,8787,1599,13,87547,0,0,0,0,0,G,7,Neutrophil,51,25,8,8,8_1,AlveolarMac
G-4895,all,24,12,9036,665,4,12461,0,0,0,0,0,G,3,Chondrocyte,40,12,1,1,1_2_1,Tcell (CD4)
G-4897,all,50,24,8896,1917,35,65817,0,0,0,0,0,G,4,B cell,51,25,3,3,3_5,SMC
G-4898,all,28,19,8477,1773,17,35950,0,0,0,0,0,G,3,Proliferative mesenchymal progenitor cell,42,19,3,3,3_4,AdventitialFib
G-4899,all,76,30,9025,1504,37,52638,0,0,0,0,0,G,7,Capillary 1 cell,57,32,2,2,2_5,DC
G-4900,all,44,26,8324,1920,21,62562,0,0,0,0,0,G,2,Mesothelial cell,44,26,3,3,3_3,AdventitialFib
G-4902,all,31,15,9230,1797,12,44058,0,0,0,0,0,G,2,Alveolar type 1 cell,45,16,2,2,2_2,InflamMac
G-4903,all,102,43,8511,1619,18,97258,0,0,0,0,0,G,5,Inflammatory monocyte,62,38,3,3,3_1,SMC
G-4905,all,75,38,9152,1509,27,47325,0,0,0,0,0,G,4,Capillary 2 cell,58,38,2,2,2_3,Vein
G-4911,all,11,9,9235,1575,23,64969,0,0,0,0,0,G,3,Sox9+/Id2+ epithelial cell,27,9,8,8,8_3,InterstitialMac
G-4912,all,18,14,8282,1886,13,42725,0,0,0,0,0,G,4,Pericyte,36,14,5,5,5_3,Pericyte
G-4913,all,161,50,8923,1570,20,95205,0,0,0,0,0,G,26,Sox9+/Id2+ epithelial cell,49,25,2,2,2_6,pDC
G-4918,all,62,28,9090,1641,15,76559,0,0,0,0,0,G,16,AT1/AT2,55,28,1,1,1_3,AT2
G-4919,all,91,45,8228,644,36,68934,0,0,0,0,0,G,7,Mesothelial cell,62,44,3,3,3_3,AdventitialFib
G-4921,all,59,29,8366,1431,26,58455,0,0,0,0,0,G,2,B cell,55,29,3,3,3_3,AdventitialFib
G-4923,all,83,34,8308,1045,37,66547,0,0,0,0,0,G,4,Endothelial progenitor cell,61,34,3,3,3_4,AdventitialFib
G-4924,all,16,10,8096,691,9,27519,0,0,0,0,0,G,2,Natural killer cell,33,11,1,1,1_6_2,Neutrophil
G-4925,all,103,46,7653,124,13,67162,0,0,0,0,0,G,5,Alveolar fibroblast 1,60,40,1,1,1_5_2,AlveolarFib
G-4927,all,51,35,8097,789,15,38290,0,0,0,0,0,G,6,Natural killer cell,51,35,7,7,7_2,PatrolMac
G-4928,all,67,29,8444,1769,20,79863,0,0,0,0,0,G,5,Capillary 1 cell,55,30,3,3,3_2,SMC
G-4929,all,64,35,8826,1627,34,63402,0,0,0,0,0,G,2,CD8+ T cell,57,36,2,2,2_2,InflamMac
G-4935,all,45,26,9114,1520,32,43394,0,0,0,0,0,G,5,Ciliated cell,47,27,2,2,2_2,InflamMac
G-4939,all,126,51,8167,866,30,84880,0,0,0,0,0,G,2,Pericyte,43,24,5,5,5_3,Pericyte
G-4940,all,119,40,8488,1510,16,69101,0,0,0,0,0,G,11,Mesothelial cell,47,25,3,3,3_3,AdventitialFib
G-4943,all,83,15,9099,1696,23,79333,0,0,0,0,0,G,67,Alveolar type 2 cell,54,15,1,1,1_3,AT2
G-4944,all,37,27,8105,611,24,50157,0,0,0,0,0,G,9,Alveolar fibroblast 1,39,27,8,8,8_1,AlveolarMac
G-4946,all,19,16,8949,1604,40,18112,0,0,0,0,0,G,4,Alveolar type 2 cell,38,16,1,1,1_3,AT2
G-4947,all,25,18,8753,1953,8,24496,0,0,0,0,0,G,4,Capillary 1 cell,42,18,2,2,2_3,Vein
G-4948,all,31,16,8942,1542,33,28131,0,0,0,0,0,G,14,Alveolar type 2 cell,42,16,1,1,1_3,AT2
G-4952,all,136,48,8662,1671,21,106450,0,0,0,0,0,G,10,Ciliated cell,46,17,2,2,2_2,InflamMac
G-4953,all,38,19,7919,320,36,42476,0,0,0,0,0,G,5,Alveolar fibroblast 1,45,20,3,3,3_2,SMC
G-4956,all,53,29,8288,1931,23,75736,0,0,0,0,0,G,11,Alveolar macrophage,52,29,3,3,3_3,AdventitialFib
G-4958,all,142,54,8382,871,23,89172,0,0,0,0,0,G,16,Alveolar fibroblast 1,46,25,3,3,3_3,AdventitialFib
G-4960,all,90,34,8559,919,30,78369,0,0,0,0,0,G,4,Mesothelial cell,61,34,3,3,3_3,AdventitialFib
G-4965,all,70,32,8791,1914,11,53214,0,0,0,0,0,G,3,Capillary 1 cell,50,32,2,2,2_3,Vein
G-4970,all,53,23,9115,1265,17,33255,0,0,0,0,0,G,4,Mesothelial cell,52,23,3,3,3_3,AdventitialFib
G-4974,all,65,22,9133,1633,8,39030,0,0,0,0,0,G,5,B cell,54,22,6,6,6,AT1
G-4978,all,39,30,8319,1845,22,48705,0,0,0,0,0,G,7,Mesothelial cell,40,30,3,3,3_3,AdventitialFib
G-4979,all,33,16,9069,774,3,15554,0,0,0,0,0,G,3,Neutrophil,42,16,1,1,1_6_2,Neutrophil
G-4980,all,38,23,7762,199,18,38954,0,0,0,0,0,G,5,Secondary crest myofibroblast,40,23,3,3,3_4,AdventitialFib
G-4981,all,60,25,9187,1642,11,81269,0,0,0,0,0,G,2,Proliferative mesenchymal progenitor cell,54,25,2,2,2_3,Vein
G-4985,all,18,11,8995,1576,16,84565,0,0,0,0,0,G,4,CD8+ T cell,34,11,7,7,7_2,PatrolMac
G-4987,all,63,25,9145,1445,33,56771,0,0,0,0,0,G,18,B cell,54,25,9,9,9,Bcell
G-4990,all,42,19,8434,1828,8,30873,0,0,0,0,0,G,3,Alveolar fibroblast 2,44,19,3,3,3_3,AdventitialFib
G-4995,all,90,33,8081,740,20,76055,0,0,0,0,0,G,2,Endothelial progenitor cell,58,30,1,1,1_6_2,Neutrophil
G-4997,all,128,37,7900,363,19,119039,0,0,0,0,0,G,6,Vascular smooth muscle cell,49,17,3,3,3_6,SCMF
G-5000,all,61,24,9065,1304,12,33237,0,0,0,0,0,G,2,Inflammatory monocyte,52,24,3,3,3_4,AdventitialFib
G-5004,all,36,19,8533,954,29,31039,0,0,0,0,0,G,3,Mesothelial cell,40,19,3,3,3_3,AdventitialFib
G-5005,all,42,26,7551,34,7,34853,0,0,0,0,0,G,2,Venous endothelial cell,43,26,2,2,2_3,Vein
G-5006,all,60,25,9106,1298,14,25455,0,0,0,0,0,G,4,Alveolar fibroblast 1,53,25,3,3,3_3,AdventitialFib
G-5007,all,162,52,7985,538,12,62131,0,0,0,0,0,G,8,B cell,53,29,2,2,2_2,InflamMac
G-5012,all,34,21,8465,1843,6,32287,0,0,0,0,0,G,2,Mesothelial cell,43,21,3,3,3_3,AdventitialFib
G-5014,all,21,16,7821,367,36,17545,0,0,0,0,0,G,2,Alveolar fibroblast 1,41,17,3,3,3_1,SMC
G-5015,all,171,47,8712,1739,21,126596,0,0,0,0,0,G,88,Alveolar type 2 cell,50,24,1,1,1_1,AT2
G-5016,all,45,25,9264,188,9,36376,0,0,0,0,0,G,4,Alveolar macrophage,45,25,8,8,8_1,AlveolarMac
G-5018,all,6,5,8971,1544,4,8564,0,0,0,0,0,G,3,Sox9+/Id2+ epithelial cell,31,6,2,2,2_3,Vein
G-5019,all,142,45,8476,1476,19,92417,0,0,0,0,0,G,15,Alveolar fibroblast 2,48,19,3,3,3_3,AdventitialFib
G-5020,all,88,35,9108,1588,17,96881,0,0,0,0,0,G,3,Endothelial progenitor cell,61,35,2,2,2_6,pDC
G-5021,all,38,28,7782,238,15,51604,0,0,0,0,0,G,6,Alveolar type 1 cell,40,28,3,3,3_4,AdventitialFib
G-5023,all,54,34,9182,1470,33,70914,0,0,0,0,0,G,9,B cell,54,34,9,9,9,Bcell
G-5024,all,63,33,8828,1939,16,53713,0,0,0,0,0,G,5,Alveolar fibroblast 1,55,34,1,1,1_4_1,AlveolarFib
G-5029,all,56,23,9263,237,5,23456,0,0,0,0,0,G,4,Interstitial macrophage,51,23,8,8,8_3,InterstitialMac
G-5035,all,8,6,8048,595,12,14888,0,0,0,0,0,G,2,Arterial endothelial cell,29,7,2,2,2_4,Artery
G-5036,all,31,16,7892,281,38,31643,0,0,0,0,0,G,6,Vascular smooth muscle cell,40,16,3,3,3_2,SMC
G-5049,all,24,16,8307,3015,35,52270,0,0,0,0,0,G,6,B cell,42,17,2,2,2_2,InflamMac
G-5050,all,51,34,8235,2917,35,53796,0,0,0,0,0,G,4,Sox9+/Id2+ epithelial cell,51,34,2,2,2_6,pDC
G-5051,all,51,22,8508,2028,22,53574,0,0,0,0,0,G,21,Sox9+/Id2+ epithelial cell,50,22,1,1,1_1,AT2
G-5053,all,61,38,8454,2746,27,50867,0,0,0,0,0,G,8,Alveolar type 2 cell,56,39,3,3,3_5,SMC
G-5054,all,61,40,8254,3734,18,77191,56,56,0,1,0,G,6,B cell,58,40,7,7,7_2,PatrolMac
G-5055,all,122,34,8702,2183,25,90441,0,0,0,0,0,G,11,Alveolar type 1 cell,45,14,6,6,6,AT1
G-5057,all,16,11,8939,3820,11,54411,0,0,0,0,0,G,3,Capillary 1 cell,35,12,2,2,2_3,Vein
G-5058,all,81,47,8566,2527,28,69782,0,0,0,0,0,G,8,Pericyte,61,48,3,3,3_5,SMC
G-5059,all,66,37,8779,2732,32,78409,0,0,0,0,0,G,12,Alveolar fibroblast 1,59,38,2,2,2_4,Artery
G-5061,all,85,29,8152,3247,20,54078,0,0,0,0,0,G,7,Alveolar type 1 cell,57,29,6,6,6,AT1
G-5063,all,48,31,8196,2945,26,46060,0,0,0,0,0,G,4,Sox9+/Id2+ epithelial cell,48,31,3,3,3_3,AdventitialFib
G-5064,all,28,19,8024,3815,24,43286,0,0,0,0,0,G,3,Mesothelial cell,44,19,3,3,3_3,AdventitialFib
G-5065,all,41,18,7597,3293,22,53311,0,0,0,0,0,G,7,Alveolar fibroblast 2,43,18,3,3,3_4,AdventitialFib
G-5066,all,66,33,8554,2483,30,40589,0,0,0,0,0,G,10,Sox9+/Id2+ epithelial cell,58,34,1,1,1_4_1,AlveolarFib
G-5068,all,49,32,8129,3082,25,76473,0,0,0,0,0,G,4,Secondary crest myofibroblast,51,33,3,3,3_1,SMC
G-5069,all,21,16,8771,2538,36,32317,0,0,0,0,0,G,3,Alveolar type 1 cell,41,16,6,6,6,AT1
G-5070,all,77,41,8797,2346,30,86518,0,0,0,0,0,G,9,Alveolar fibroblast 1,55,41,1,1,1_5_4,pDC
G-5074,all,61,25,8381,3208,18,78407,0,0,0,0,0,G,7,Natural killer cell,56,25,7,7,7_3,Tcell (CD8)
G-5076,all,40,26,8851,2193,33,52118,0,0,0,0,0,G,14,Pericyte,42,26,7,7,7_2,PatrolMac
G-5077,all,167,39,8540,2417,20,107761,0,0,0,0,0,G,105,Alveolar type 2 cell,46,15,1,1,1_1,AT2
G-5079,all,27,14,8974,3802,20,77429,0,0,0,0,0,G,2,Pericyte,39,14,5,5,5_1,Pericyte
G-5083,all,45,24,8164,3106,31,57562,0,0,0,0,0,G,23,Alveolar type 2 cell,47,25,2,2,2_2,InflamMac
G-5086,all,25,19,8605,3021,33,64845,0,0,0,0,0,G,5,Pericyte,44,19,5,5,5_1,Pericyte
G-5089,all,109,27,8363,2742,23,81239,0,0,0,0,0,G,79,Alveolar type 2 cell,44,10,1,1,1_1,AT2
G-5090,all,124,47,8343,2680,26,69316,0,0,0,0,0,G,20,AT1/AT2,49,26,1,1,1_3,AT2
G-5091,all,15,12,8001,3469,38,23065,0,0,0,0,0,G,3,Mesothelial cell,31,12,3,3,3_3,AdventitialFib
G-5092,all,41,15,8425,2006,8,33815,0,0,0,0,0,G,25,Alveolar type 2 cell,44,15,1,1,1_1,AT2
G-5093,all,16,11,8726,2348,12,37541,0,0,0,0,0,G,4,Natural killer cell,35,11,7,7,7_4,PatrolMac
G-5094,all,83,44,8878,2323,26,106288,0,0,0,0,0,G,11,Vascular smooth muscle cell,62,45,3,3,3_2,SMC
G-5095,all,73,35,8651,2199,33,71068,0,0,0,0,0,G,6,Endothelial progenitor cell,56,35,6,6,6,AT1
G-5098,all,127,24,8222,2989,25,80855,0,0,0,0,0,G,98,Sox9+/Id2+ epithelial cell,44,7,1,1,1_3,AT2
G-5100,all,20,10,8666,2487,19,31928,0,0,0,0,0,G,8,Proliferative mesenchymal progenitor cell,42,11,3,3,3_1,SMC
G-5102,all,167,23,8459,2284,26,100108,0,0,0,0,0,G,142,Alveolar type 2 cell,48,8,1,1,1_1,AT2
G-5104,all,47,24,8706,2734,32,65448,0,0,0,0,0,G,9,Alveolar type 1 cell,47,24,6,6,6,AT1
G-5105,all,67,28,8637,2145,27,82642,0,0,0,0,0,G,3,Lymphatic endothelial cell,58,28,2,2,2_6,pDC
G-5106,all,28,19,7497,3738,32,70982,0,0,0,0,0,G,4,B cell,39,20,3,3,3_5,SMC
G-5107,all,61,20,8804,2566,34,45619,0,0,0,0,0,G,43,Alveolar type 2 cell,53,20,1,1,1_3,AT2
G-5110,all,22,17,7554,3492,35,60906,0,0,0,0,0,G,5,Alveolar fibroblast 1,42,18,3,3,3_1,SMC
G-5111,all,51,30,8711,2277,24,57292,0,0,0,0,0,G,6,Alveolar fibroblast 1,51,30,6,6,6,AT1
G-5115,all,49,18,8262,2868,35,41184,0,0,0,0,0,G,5,Alveolar type 1 cell,49,18,6,6,6,AT1
G-5117,all,14,11,8519,2105,39,14730,0,0,0,0,0,G,5,Pericyte,33,11,5,5,5_3,Pericyte
G-5118,all,26,15,9061,2525,12,48455,0,0,0,0,0,G,2,Capillary 1 cell,47,15,2,2,2_3,Vein
G-5120,all,24,19,8398,3273,35,41457,0,0,0,0,0,G,3,Alveolar fibroblast 1,45,19,1,1,1_5_4,pDC
G-5124,all,49,27,8480,2072,17,76439,0,0,0,0,0,G,23,Neutrophil,49,27,1,1,1_3,AT2
G-5126,all,76,36,8471,2208,33,66258,0,0,0,0,0,G,4,Venous endothelial cell,55,36,3,3,3_3,AdventitialFib
G-5128,all,38,26,8486,2795,22,62703,0,0,0,0,0,G,15,Alveolar fibroblast 1,41,26,5,5,5_1,Pericyte
G-5131,all,16,11,8162,2035,38,29684,0,0,0,0,0,G,3,Mesothelial cell,35,11,3,3,3_3,AdventitialFib
G-5132,all,35,18,8918,3750,26,77503,0,0,0,0,0,G,2,Sox9+/Id2+ epithelial cell,40,19,1,1,1_6_2,Neutrophil
G-5133,all,50,32,8383,3320,25,80148,0,0,0,0,0,G,5,Capillary 2 cell,53,33,2,2,2_1,Capillary
G-5134,all,49,24,8180,2904,26,53122,0,0,0,0,0,G,4,Sox9+/Id2+ epithelial cell,49,24,3,3,3_3,AdventitialFib
G-5136,all,14,14,8554,2632,15,92971,0,0,0,0,0,G,2,B cell,29,14,9,9,9,Bcell
G-5138,all,73,39,8290,3109,20,90587,0,0,0,0,0,G,17,Natural killer cell,55,39,2,2,2_3,Vein
G-5139,all,12,10,8465,2354,12,15102,0,0,0,0,0,G,4,Endothelial progenitor cell,31,10,2,2,2_6,pDC
G-5141,all,9,5,8916,2145,34,21628,0,0,0,0,0,G,6,Alveolar type 2 cell,36,6,1,1,1_1,AT2
G-5142,all,33,26,7699,2845,25,124149,0,0,0,0,0,G,4,Alveolar fibroblast 1,38,26,3,3,3_4,AdventitialFib
G-5143,all,31,23,8712,2551,28,70691,0,0,0,0,0,G,8,Inflammatory monocyte,38,23,5,5,5_3,Pericyte
G-5144,all,7,3,8431,3236,28,17462,0,0,0,0,0,G,2,Venous endothelial cell,29,6,2,2,2_3,Vein
G-5145,all,107,24,8619,3301,18,97487,0,0,0,0,0,G,81,Alveolar type 2 cell,52,17,1,1,1_3,AT2
G-5147,all,78,22,8708,2774,37,56174,0,0,0,0,0,G,13,Alveolar type 1 cell,55,22,6,6,6,AT1
G-5148,all,24,16,9078,2744,14,64054,0,0,0,0,0,G,3,Sox9+/Id2+ epithelial cell,45,16,2,2,2_3,Vein
G-5149,all,57,30,8627,2105,18,77325,0,0,0,0,0,G,6,Proliferative mesenchymal progenitor cell,55,31,3,3,3_1,SMC
G-5150,all,60,34,8947,2440,23,76006,0,0,0,0,0,G,13,Alveolar fibroblast 1,57,34,8,8,8_2,InterstitialMac
G-5151,all,14,9,9052,3633,23,63380,0,0,0,0,0,G,5,Proliferative mesenchymal progenitor cell,38,10,3,3,3_1,SMC
G-5152,all,34,21,8224,3783,15,87559,0,0,0,0,0,G,3,Alveolar fibroblast 1,44,22,3,3,3_1,SMC
G-5156,all,41,9,8945,2538,28,45234,0,0,0,0,0,G,35,Alveolar type 2 cell,46,9,1,1,1_1,AT2
G-5159,all,19,12,8755,2445,18,32011,0,0,0,0,0,G,7,Pericyte,38,12,5,5,5_1,Pericyte
G-5161,all,51,30,8070,3651,23,75905,0,0,0,0,0,G,9,Alveolar type 2 cell,52,31,3,3,3_5,SMC
G-5162,all,100,47,8524,2495,33,71937,0,0,0,0,0,G,5,B cell,59,42,2,2,2_2,InflamMac
G-5164,all,51,29,8548,3277,21,106022,0,0,0,0,0,G,9,Secondary crest myofibroblast,51,29,5,5,5_1,Pericyte
G-5166,all,16,6,9019,3623,13,42180,0,0,0,0,0,G,9,Proliferative mesenchymal progenitor cell,34,7,3,3,3_1,SMC
G-5167,all,70,35,8765,2586,31,79269,0,0,0,0,0,G,23,Alveolar type 2 cell,54,35,2,2,2_6,pDC
G-5169,all,98,48,8654,2056,20,126697,0,0,0,0,0,G,7,Vascular smooth muscle cell,62,43,5,5,5_1,Pericyte
G-5170,all,22,14,9096,2681,31,72028,0,0,0,0,0,G,5,Sox9+/Id2+ epithelial cell,43,15,2,2,2_2,InflamMac
G-5171,all,64,31,8500,2262,25,60800,0,0,0,0,0,G,8,Alveolar fibroblast 1,55,31,2,2,2_4,Artery
G-5172,all,23,12,9057,2002,18,71664,0,0,0,0,0,G,2,Pericyte,41,12,5,5,5_3,Pericyte
G-5177,all,33,18,7543,3786,28,69819,0,0,0,0,0,G,2,T regulatory cell,42,19,1,1,1_6_2,Neutrophil
G-5180,all,40,12,8373,2555,33,43475,0,0,0,0,0,G,5,Alveolar fibroblast 1,45,12,6,6,6,AT1
G-5181,all,47,24,8416,2778,32,41562,0,0,0,0,0,G,2,Inflammatory monocyte,50,25,2,2,2_2,InflamMac
G-5184,all,65,25,8962,2505,25,70552,0,0,0,0,0,G,40,Secondary crest myofibroblast,55,25,5,5,5_3,Pericyte
G-5185,all,80,11,8801,2791,22,63011,0,0,0,0,0,G,73,Alveolar type 2 cell,52,11,1,1,1_3,AT2
G-5186,all,38,23,8892,2226,36,43798,0,0,0,0,0,G,2,Sox9+/Id2+ epithelial cell,44,24,1,1,1_6_2,Neutrophil
G-5187,all,7,6,7912,2130,37,16960,0,0,0,0,0,G,4,Airway smooth muscle cell,25,9,3,3,3_6,SCMF
G-5188,all,71,35,8469,2147,21,95799,0,0,0,0,0,G,28,Alveolar type 2 cell,54,35,1,1,1_1,AT2
G-5190,all,38,28,8334,3111,24,66722,0,0,0,0,0,G,11,Inflammatory monocyte,40,28,9,9,9,Bcell
G-5193,all,54,23,8674,2280,18,52035,0,0,0,0,0,G,30,Alveolar fibroblast 1,51,23,2,2,2_6,pDC
G-5195,all,20,17,8934,2105,33,72314,0,0,0,0,0,G,5,B cell,38,17,9,9,9,Bcell
G-5197,all,89,37,8500,2709,15,75509,0,0,0,0,0,G,19,Alveolar fibroblast 1,59,37,2,2,2_6,pDC
G-5199,all,34,7,8636,2560,12,41588,0,0,0,0,0,G,28,Sox9+/Id2+ epithelial cell,46,7,1,1,1_1,AT2
G-5202,all,35,16,9072,2369,25,37501,0,0,0,0,0,G,23,Alveolar type 2 cell,42,16,1,1,1_1,AT2
G-5204,all,16,13,8135,3033,23,34635,0,0,0,0,0,G,6,Arterial endothelial cell,36,14,3,3,3_5,SMC
G-5206,all,8,5,8624,3231,30,24934,109,0,109,0,1,G,4,Alveolar fibroblast 1,28,6,3,3,3_1,SMC
G-5208,all,55,29,7671,3299,12,38035,0,0,0,0,0,G,9,Alveolar fibroblast 2,53,29,3,3,3_3,AdventitialFib
G-5210,all,23,15,8917,2184,37,48113,0,0,0,0,0,G,8,CD8+ T cell,46,16,2,2,2_2,InflamMac
G-5212,all,110,31,8504,2749,22,132873,0,0,0,0,0,G,71,Alveolar type 2 cell,46,16,1,1,1_3,AT2
G-5213,all,21,14,7606,3082,34,77847,0,0,0,0,0,G,2,Venous endothelial cell,41,14,2,2,2_3,Vein
G-5215,all,24,16,7914,2449,33,38750,0,0,0,0,0,G,3,Chondrocyte,41,16,8,8,8_1,AlveolarMac
G-5217,all,15,13,8904,2871,27,65492,0,0,0,0,0,G,6,Capillary 1 cell,34,13,1,1,1_3,AT2
G-5220,all,15,9,7717,3284,25,18639,0,0,0,0,0,G,4,Mesothelial cell,35,9,3,3,3_3,AdventitialFib
G-5222,all,19,5,8392,2674,39,20561,0,0,0,0,0,G,15,Sox9+/Id2+ epithelial cell,41,5,1,1,1_3,AT2
G-5223,all,44,25,8976,3639,19,90993,0,0,0,0,0,G,13,Interstitial macrophage,45,26,3,3,3_1,SMC
G-5225,all,63,37,8201,3058,24,77513,0,0,0,0,0,G,6,Airway smooth muscle cell,57,37,3,3,3_3,AdventitialFib
G-5226,all,23,15,7937,2230,41,49760,0,0,0,0,0,G,3,Airway smooth muscle cell,42,15,3,3,3_6,SCMF
G-5229,all,71,37,7765,2546,37,74586,0,0,0,0,0,G,7,Alveolar fibroblast 2,54,37,3,3,3_3,AdventitialFib
G-5230,all,18,12,8656,3281,7,27440,0,0,0,0,0,G,10,Alveolar macrophage,40,13,3,3,3_5,SMC
G-5231,all,69,33,8533,2293,30,62119,0,0,0,0,0,G,7,Capillary 1 cell,56,34,2,2,2_2,InflamMac
G-5232,all,20,14,9007,3791,8,39479,0,0,0,0,0,G,3,Endothelial progenitor cell,38,13,2,2,2_1,Capillary
G-5234,all,48,28,8904,2778,15,78970,0,0,0,0,0,G,9,Proliferative mesenchymal progenitor cell,52,29,2,2,2_1,Capillary
G-5235,all,15,12,9074,3615,29,47453,0,0,0,0,0,G,2,Proliferative mesenchymal progenitor cell,36,13,3,3,3_1,SMC
G-5236,all,33,21,7568,3268,21,86832,0,0,0,0,0,G,7,Alveolar fibroblast 1,40,21,3,3,3_3,AdventitialFib
G-5237,all,16,8,8885,2145,36,34812,0,0,0,0,0,G,7,Sox9+/Id2+ epithelial cell,40,8,1,1,1_1,AT2
G-5238,all,86,28,7795,3227,21,50789,0,0,0,0,0,G,8,Interstitial macrophage,57,28,8,8,8_3,InterstitialMac
G-5247,all,132,25,8598,2892,13,115164,0,0,0,0,0,G,109,Alveolar type 2 cell,46,8,1,1,1_3,AT2
G-5249,all,15,13,7753,2829,40,32811,0,0,0,0,0,G,4,Pericyte,32,13,3,3,3_4,AdventitialFib
G-5250,all,61,23,8916,2470,19,58290,0,0,0,0,0,G,17,Alveolar type 2 cell,55,24,2,2,2_2,InflamMac
G-5252,all,17,14,7714,2952,35,39911,0,0,0,0,0,G,2,Alveolar fibroblast 1,34,14,5,5,5_3,Pericyte
G-5255,all,44,27,8645,2927,15,49372,0,0,0,0,0,G,6,Capillary 1 cell,45,27,2,2,2_3,Vein
G-5257,all,72,39,8614,2222,19,65910,0,0,0,0,0,G,9,Sox9+/Id2+ epithelial cell,55,39,2,2,2_6,pDC
G-5258,all,59,33,8334,2057,29,67815,0,0,0,0,0,G,8,Alveolar fibroblast 2,57,33,3,3,3_3,AdventitialFib
G-5260,all,57,17,8251,3090,31,78219,0,0,0,0,0,G,38,Sox9+/Id2+ epithelial cell,52,17,1,1,1_1,AT2
G-5261,all,107,36,7774,3264,15,67328,0,0,0,0,0,G,11,Interstitial macrophage,58,30,8,8,8_3,InterstitialMac
G-5262,all,35,24,9015,2631,36,48870,0,0,0,0,0,G,4,Alveolar type 2 cell,39,25,2,2,2_2,InflamMac
G-5264,all,63,23,8368,3263,21,53863,0,0,0,0,0,G,3,Alveolar fibroblast 1,55,23,7,7,7_3,Tcell (CD8)
G-5267,all,40,26,8464,2401,10,32839,0,0,0,0,0,G,2,Capillary 1 cell,41,26,2,2,2_3,Vein
G-5268,all,24,17,7815,2384,31,59912,178,178,0,1,0,G,2,Proliferative mesenchymal progenitor cell,42,17,3,3,3_4,AdventitialFib
G-5271,all,63,37,8560,2776,27,88708,0,0,0,0,0,G,8,Capillary 1 cell,59,37,2,2,2_3,Vein
G-5272,all,61,35,9021,2410,18,85524,51,0,51,0,1,G,13,Sox9+/Id2+ epithelial cell,57,36,2,2,2_5,DC
G-5273,all,109,25,8741,2660,33,81407,0,0,0,0,0,G,13,Alveolar type 1 cell,52,18,6,6,6,AT1
G-5274,all,8,8,9107,2288,37,56021,0,0,0,0,0,G,4,B cell,25,9,3,3,3_1,SMC
G-5275,all,23,16,7739,2621,16,49018,0,0,0,0,0,G,2,Mesothelial cell,42,16,3,3,3_3,AdventitialFib
G-5276,all,16,12,7818,2694,30,37548,0,0,0,0,0,G,6,Capillary 2 cell,32,12,1,1,1_3,AT2
G-5277,all,18,13,8785,2424,14,31485,0,0,0,0,0,G,3,Pericyte,38,13,5,5,5_3,Pericyte
G-5278,all,51,17,8476,2019,8,37227,0,0,0,0,0,G,36,Sox9+/Id2+ epithelial cell,49,17,1,1,1_1,AT2
G-5279,all,44,28,7968,2022,33,37236,0,0,0,0,0,G,3,Alveolar fibroblast 1,45,29,3,3,3_1,SMC
G-5280,all,46,12,8864,2898,16,42137,0,0,0,0,0,G,36,Alveolar type 2 cell,47,12,1,1,1_3,AT2
G-5282,all,42,15,9005,3689,23,74820,0,0,0,0,0,G,31,Alveolar type 2 cell,45,15,1,1,1_3,AT2
G-5283,all,42,27,8444,2780,27,44880,0,0,0,0,0,G,2,Alveolar fibroblast 1,44,28,1,1,1_4_1,AlveolarFib
G-5285,all,74,14,8465,3303,23,94664,0,0,0,0,0,G,59,Alveolar type 2 cell,51,14,1,1,1_3,AT2
G-5287,all,17,9,8884,2882,21,22635,0,0,0,0,0,G,9,Alveolar type 2 cell,40,9,2,2,2_6,pDC
G-5288,all,194,61,8123,3193,17,143345,0,0,0,0,0,G,9,Capillary 1 cell,55,38,1,1,1_6_2,Neutrophil
G-5289,all,44,24,8635,2263,13,42323,0,0,0,0,0,G,11,Alveolar type 2 cell,45,24,2,2,2_6,pDC
G-5291,all,26,21,8983,2119,23,44468,0,0,0,0,0,G,4,Pericyte,47,21,5,5,5_3,Pericyte
G-5292,all,23,16,8702,2322,15,51066,0,0,0,0,0,G,7,CD4+ T cell,41,16,1,1,1_1,AT2
G-5293,all,55,29,8490,2363,14,39949,0,0,0,0,0,G,3,Alveolar fibroblast 1,52,29,2,2,2_6,pDC
G-5294,all,56,23,8124,3267,26,41164,0,0,0,0,0,G,3,Alveolar type 1 cell,53,23,6,6,6,AT1
G-5297,all,27,13,8291,2876,40,31684,0,0,0,0,0,G,2,Alveolar type 1 cell,45,13,6,6,6,AT1
G-5299,all,56,25,8335,3242,21,70107,0,0,0,0,0,G,8,Natural killer cell,53,25,7,7,7_4,PatrolMac
G-5300,all,54,28,8010,2085,32,71389,0,0,0,0,0,G,17,Alveolar fibroblast 1,52,28,3,3,3_3,AdventitialFib
G-5301,all,26,23,8924,2382,35,42040,0,0,0,0,0,G,5,Mesothelial cell,50,23,3,3,3_4,AdventitialFib
G-5302,all,16,12,8461,3222,26,41265,0,0,0,0,0,G,2,Capillary 2 cell,35,12,2,2,2_6,pDC
G-5303,all,156,49,8551,2057,25,144988,0,0,0,0,0,G,3,Alveolar type 1 cell,51,28,6,6,6,AT1
G-5304,all,83,31,8844,2774,24,115860,0,0,0,0,0,G,53,Alveolar type 2 cell,57,31,1,1,1_3,AT2
G-5305,all,134,46,8742,2105,35,106863,0,0,0,0,0,G,2,B cell,49,24,2,2,2_6,pDC
G-5307,all,16,7,8993,3733,30,64148,0,0,0,0,0,G,8,Sox9+/Id2+ epithelial cell,40,7,1,1,1_1,AT2
G-5308,all,24,20,7592,3337,33,53789,0,0,0,0,0,G,5,Interstitial macrophage,44,20,8,8,8_2,InterstitialMac
G-5309,all,34,16,8032,3464,39,30599,0,0,0,0,0,G,20,Alveolar type 2 cell,44,16,1,1,1_3,AT2
G-5311,all,51,22,8045,2062,35,38141,0,0,0,0,0,G,5,Mesothelial cell,50,22,3,3,3_3,AdventitialFib
G-5313,all,70,16,9064,2396,21,68550,0,0,0,0,0,G,51,Sox9+/Id2+ epithelial cell,50,16,1,1,1_1,AT2
G-5323,all,18,7,8491,2119,38,15127,0,0,0,0,0,G,15,Alveolar type 2 cell,40,7,1,1,1_1,AT2
G-5325,all,9,7,9118,2724,24,78685,0,0,0,0,0,G,3,Alveolar type 2 cell,31,8,1,1,1_1,AT2
G-5326,all,25,8,8389,2764,16,26731,0,0,0,0,0,G,18,Sox9+/Id2+ epithelial cell,46,8,1,1,1_1,AT2
G-5327,all,36,20,8507,2225,33,25492,0,0,0,0,0,G,2,Alveolar fibroblast 1,45,21,1,1,1_4_1,AlveolarFib
G-5329,all,42,23,8477,3257,26,88719,0,0,0,0,0,G,6,Sox9+/Id2+ epithelial cell,45,23,2,2,2_1,Capillary
G-5331,all,29,15,8495,2331,23,26127,0,0,0,0,0,G,7,Sox9+/Id2+ epithelial cell,42,15,1,1,1_1,AT2
G-5333,all,18,12,7946,2067,36,51213,0,0,0,0,0,G,2,Alveolar type 2 cell,35,12,1,1,1_3,AT2
G-5334,all,29,18,8951,2402,32,36000,0,0,0,0,0,G,2,Sox9+/Id2+ epithelial cell,40,18,1,1,1_3,AT2
G-5335,all,51,21,8367,2690,32,32426,0,0,0,0,0,G,23,Alveolar type 2 cell,50,21,2,2,2_6,pDC
G-5336,all,34,20,8527,2352,17,49139,0,0,0,0,0,G,12,Pericyte,41,20,5,5,5_1,Pericyte
G-5338,all,21,15,8809,2450,18,21072,0,0,0,0,0,G,3,Secondary crest myofibroblast,41,16,3,3,3_1,SMC
G-5340,all,44,18,8126,2064,36,60966,0,0,0,0,0,G,2,Mesothelial cell,45,18,3,3,3_3,AdventitialFib
G-5341,all,21,10,8843,2914,10,21228,0,0,0,0,0,G,14,Alveolar type 2 cell,43,10,1,1,1_1,AT2
G-5346,all,17,11,7918,2404,41,13107,0,0,0,0,0,G,2,Basophil,36,13,2,2,2_5,DC
G-5348,all,51,31,9003,2083,20,99184,0,0,0,0,0,G,3,Alveolar fibroblast 1,54,32,1,1,1_4_1,AlveolarFib
G-5351,all,22,14,8961,3667,29,46809,0,0,0,0,0,G,9,Interstitial macrophage,42,14,8,8,8_3,InterstitialMac
G-5353,all,48,24,9026,2464,16,102152,0,0,0,0,0,G,5,Alveolar type 1 cell,49,25,3,3,3_5,SMC
G-5357,all,30,19,8305,2032,20,37642,0,0,0,0,0,G,6,Secondary crest myofibroblast,38,19,3,3,3_3,AdventitialFib
G-5363,all,34,21,8752,4795,26,83376,0,0,0,0,0,G,4,B cell,43,21,7,7,7_2,PatrolMac
G-5365,all,41,23,7823,5028,34,43526,0,0,0,0,0,G,4,Sox9+/Id2+ epithelial cell,45,24,1,1,1_6_2,Neutrophil
G-5367,all,34,22,7748,5123,19,38461,0,0,0,0,0,G,3,Capillary 1 cell,42,23,1,1,1_6_2,Neutrophil
G-5368,all,65,11,9244,4420,21,60879,0,0,0,0,0,G,56,Sox9+/Id2+ epithelial cell,50,11,1,1,1_1,AT2
G-5370,all,40,21,9020,4179,25,91507,0,0,0,0,0,G,14,Capillary 1 cell,42,21,5,5,5_1,Pericyte
G-5371,all,76,28,8592,5432,25,102424,3308,1023,2285,0.3092503,0.6907497,G,12,Capillary 1 cell,60,28,8,8,8_1,AlveolarMac
G-5372,all,68,33,7593,4588,31,63009,0,0,0,0,0,G,6,CD4+ T cell,56,34,3,3,3_1,SMC
G-5373,all,111,25,9032,5494,19,87734,979,257,773,0.2495146,0.7504854,G,76,Alveolar type 2 cell,46,11,1,1,1_1,AT2
G-5376,all,20,14,8760,4469,29,56909,0,0,0,0,0,G,12,B cell,38,14,9,9,9,Bcell
G-5377,all,60,30,7791,5005,34,44507,0,0,0,0,0,G,7,B cell,56,30,9,9,9,Bcell
G-5378,all,60,27,8051,4432,17,86302,0,0,0,0,0,G,3,CD4+ T cell,55,27,7,7,7_2,PatrolMac
G-5379,all,46,22,9073,4083,25,110886,0,0,0,0,0,G,19,Capillary 1 cell,46,22,2,2,2_1,Capillary
G-5381,all,31,15,9040,4515,18,46969,0,0,0,0,0,G,17,Pericyte,42,15,5,5,5_1,Pericyte
G-5382,all,51,32,7553,4610,34,62592,0,0,0,0,0,G,7,Alveolar fibroblast 2,51,32,3,3,3_3,AdventitialFib
G-5384,all,40,17,7889,5373,17,78221,5179,929,4890,0.1596494,0.8403506,G,9,Inflammatory monocyte,47,19,2,2,2_5,DC
G-5386,all,245,31,8209,4811,15,98049,202816,186426,16390,0.9191878,0.08081216,G,88,Sox9+/Id2+ epithelial cell,54,9,5,5,5_3,Pericyte
G-5387,all,53,31,7638,5212,30,74189,0,0,0,0,0,G,7,Innate lymphoid cell,55,33,2,2,2_5,DC
G-5388,all,31,9,8930,5457,13,31493,0,0,0,0,0,G,7,Alveolar type 1 cell,42,9,6,6,6,AT1
G-5389,all,84,15,8533,4743,38,61509,0,0,0,0,0,G,72,Alveolar type 2 cell,54,15,1,1,1_1,AT2
G-5390,all,74,40,7601,5322,16,74701,0,0,0,0,0,G,4,Innate lymphoid cell,56,40,1,1,1_3,AT2
G-5391,all,10,6,7901,5625,27,76693,16832,0,16832,0,1,G,3,Natural killer cell,31,6,7,7,7_2,PatrolMac
G-5392,all,72,15,9076,4414,13,61473,0,0,0,0,0,G,64,Alveolar type 2 cell,54,15,1,1,1_1,AT2
G-5394,all,101,30,8235,4857,23,90586,5598,0,5598,0,1,G,17,Alveolar fibroblast 1,57,23,2,2,2_3,Vein
G-5397,all,22,15,9198,5372,37,36541,0,0,0,0,0,G,5,Capillary 1 cell,45,16,2,2,2_3,Vein
G-5398,all,203,16,7931,5338,35,67030,71945,40085,32109,0.55524,0.44476,G,18,AT1/AT2,59,5,1,1,1_3,AT2
G-5399,all,43,25,7562,4682,38,45750,0,0,0,0,0,G,3,B cell,44,25,9,9,9,Bcell
G-5400,all,419,21,7834,5515,18,99398,351219,132739,227783,0.3681856,0.6318144,G,3,Ciliated cell,62,3,1,1,1_6_2,Neutrophil
G-5402,all,31,22,7674,5074,24,33212,0,0,0,0,0,G,6,T regulatory cell,41,23,1,1,1_6_2,Neutrophil
G-5403,all,48,33,8740,4505,21,82220,0,0,0,0,0,G,20,B cell,48,33,5,5,5_1,Pericyte
G-5404,all,51,36,9174,4202,28,97843,0,0,0,0,0,G,8,Inflammatory monocyte,51,36,7,7,7_3,Tcell (CD8)
G-5405,all,25,17,8832,4164,9,39534,0,0,0,0,0,G,10,Alveolar fibroblast 1,44,17,1,1,1_5_2,AlveolarFib
G-5406,all,20,13,7587,5282,15,30712,0,0,0,0,0,G,2,Proliferative mesenchymal progenitor cell,38,14,1,1,1_6_2,Neutrophil
G-5408,all,135,50,7693,4854,16,95904,0,0,0,0,0,G,13,Natural killer cell,53,30,2,2,2_5,DC
G-5410,all,189,23,8021,5356,35,71845,190821,37154,153667,0.194706,0.805294,G,46,Alveolar type 2 cell,55,9,1,1,1_3,AT2
G-5411,all,51,26,8734,4898,24,87410,0,0,0,0,0,G,10,Capillary 1 cell,51,26,7,7,7_3,Tcell (CD8)
G-5412,all,11,6,7918,5683,27,99845,14932,3623,14669,0.1980647,0.8019353,G,6,Proliferative mesenchymal progenitor cell,36,7,3,3,3_1,SMC
G-5413,all,48,30,8766,5315,36,58520,0,0,0,0,0,G,5,Inflammatory monocyte,48,30,7,7,7_2,PatrolMac
G-5414,all,38,28,7598,5544,12,63898,0,0,0,0,0,G,3,Neutrophil,40,28,8,8,8_2,InterstitialMac
G-5416,all,71,16,7839,5555,29,63034,35799,0,35799,0,1,G,4,Arterial endothelial cell,55,16,2,2,2_4,Artery
G-5417,all,29,17,7722,4995,39,20685,0,0,0,0,0,G,6,Interstitial macrophage,40,17,3,3,3_6,SCMF
G-5418,all,30,21,9258,5511,12,66134,0,0,0,0,0,G,4,Sox9+/Id2+ epithelial cell,36,21,2,2,2_6,pDC
G-5420,all,75,14,8246,4613,35,41014,0,0,0,0,0,G,62,Alveolar type 2 cell,53,14,1,1,1_1,AT2
G-5421,all,24,10,8910,5003,36,29108,0,0,0,0,0,G,3,Alveolar type 1 cell,43,10,6,6,6,AT1
G-5422,all,38,21,8606,4158,32,74506,0,0,0,0,0,G,20,Pericyte,42,21,5,5,5_1,Pericyte
G-5423,all,122,15,8514,4213,33,91966,0,0,0,0,0,G,105,Alveolar type 2 cell,50,9,1,1,1_1,AT2
G-5424,all,35,16,9135,4175,29,38287,0,0,0,0,0,G,3,Interstitial macrophage,41,16,8,8,8_2,InterstitialMac
G-5425,all,68,39,7604,4897,20,86073,0,0,0,0,0,G,7,Arterial endothelial cell,58,40,2,2,2_5,DC
G-5426,all,38,24,7610,4661,37,50610,0,0,0,0,0,G,7,Innate lymphoid cell,39,24,7,7,7_2,PatrolMac
G-5427,all,52,31,7675,4963,30,37723,0,0,0,0,0,G,2,Alveolar macrophage,54,32,3,3,3_5,SMC
G-5428,all,102,21,8355,4867,34,82768,0,0,0,0,0,G,48,Sox9+/Id2+ epithelial cell,56,17,3,3,3_4,AdventitialFib
G-5432,all,137,27,8302,4074,14,87289,0,0,0,0,0,G,103,Alveolar type 2 cell,46,13,1,1,1_1,AT2
G-5433,all,81,36,7904,4845,32,79308,0,0,0,0,0,G,10,Alveolar type 1 cell,57,36,1,1,1_4_1,AlveolarFib
G-5434,all,44,25,9212,5412,19,93059,0,0,0,0,0,G,7,Alveolar fibroblast 1,44,25,1,1,1_5_1,LymphaticEndo
G-5435,all,68,34,7678,5014,26,56203,0,0,0,0,0,G,13,Innate lymphoid cell,59,34,7,7,7_3,Tcell (CD8)
G-5436,all,191,57,8026,4619,21,128974,0,0,0,0,0,G,92,Alveolar type 2 cell,49,26,2,2,2_2,InflamMac
G-5437,all,32,20,8868,4961,15,44293,0,0,0,0,0,G,8,Alveolar type 1 cell,39,20,6,6,6,AT1
G-5438,all,33,18,8079,4648,5,29741,0,0,0,0,0,G,2,Natural killer cell,41,19,2,2,2_2,InflamMac
G-5439,all,79,24,8315,4588,40,43802,0,0,0,0,0,G,53,Sox9+/Id2+ epithelial cell,56,24,1,1,1_1,AT2
G-5440,all,73,35,7497,5370,20,117874,0,0,0,0,0,G,5,Mesothelial cell,54,35,3,3,3_3,AdventitialFib
G-5444,all,86,38,7602,5631,18,100640,0,0,0,0,0,G,17,Interstitial macrophage,58,38,8,8,8_3,InterstitialMac
G-5446,all,173,46,7889,5011,21,89002,0,0,0,0,0,G,11,Sox9+/Id2+ epithelial cell,57,23,5,5,5_3,Pericyte
G-5447,all,54,30,7460,5118,16,120066,0,0,0,0,0,G,8,Mesothelial cell,52,30,3,3,3_3,AdventitialFib
G-5450,all,22,11,9091,4332,8,29259,0,0,0,0,0,G,6,Alveolar type 2 cell,42,11,1,1,1_5_2,AlveolarFib
G-5455,all,56,20,8892,5422,21,85436,0,0,0,0,0,G,11,Alveolar fibroblast 1,51,20,6,6,6,AT1
G-5457,all,27,16,8375,5446,27,67010,0,0,0,0,0,G,3,CD8+ T cell,44,16,1,1,1_5_2,AlveolarFib
G-5458,all,11,5,9209,4152,12,15197,0,0,0,0,0,G,5,Alveolar type 1 cell,34,5,6,6,6,AT1
G-5459,all,45,25,7670,4268,23,44414,0,0,0,0,0,G,10,Venous endothelial cell,45,25,2,2,2_3,Vein
G-5460,all,33,17,7559,5564,33,46739,0,0,0,0,0,G,2,Venous endothelial cell,42,17,3,3,3_3,AdventitialFib
G-5461,all,45,26,8359,4382,14,59242,0,0,0,0,0,G,13,Alveolar type 2 cell,46,26,2,2,2_6,pDC
G-5463,all,50,25,9011,4606,21,91824,0,0,0,0,0,G,10,Alveolar fibroblast 1,50,25,3,3,3_1,SMC
G-5464,all,58,27,8158,4954,37,50553,0,0,0,0,0,G,5,Endothelial progenitor cell,55,27,2,2,2_6,pDC
G-5466,all,87,43,7583,5504,21,78246,0,0,0,0,0,G,19,Interstitial macrophage,59,42,8,8,8_3,InterstitialMac
G-5467,all,27,16,8879,5622,19,69992,0,0,0,0,0,G,6,Alveolar fibroblast 1,38,17,1,1,1_5_1,LymphaticEndo
G-5468,all,113,49,7699,4903,25,74857,0,0,0,0,0,G,10,Inflammatory monocyte,52,30,9,9,9,Bcell
G-5469,all,70,18,8579,4911,20,61208,0,0,0,0,0,G,7,Alveolar type 1 cell,53,18,6,6,6,AT1
G-5470,all,53,32,8368,4288,35,56555,0,0,0,0,0,G,10,Sox9+/Id2+ epithelial cell,51,32,2,2,2_3,Vein
G-5476,all,78,41,8756,4324,22,128893,0,0,0,0,0,G,16,Capillary 1 cell,58,41,2,2,2_3,Vein
G-5477,all,31,19,7486,4936,25,44999,0,0,0,0,0,G,3,Pericyte,36,19,3,3,3_4,AdventitialFib
G-5478,all,77,23,7792,5432,32,43481,6588,1894,4694,0.2874924,0.7125076,G,7,Sox9+/Id2+ epithelial cell,55,23,8,8,8_2,InterstitialMac
G-5479,all,32,19,7888,3869,26,91992,0,0,0,0,0,G,5,Inflammatory monocyte,39,19,3,3,3_3,AdventitialFib
G-5480,all,11,6,7508,4377,39,30273,0,0,0,0,0,G,2,Sox9+/Id2+ epithelial cell,27,6,3,3,3_6,SCMF
G-5481,all,46,14,9073,4369,15,42278,0,0,0,0,0,G,34,Sox9+/Id2+ epithelial cell,48,14,2,2,2_1,Capillary
G-5482,all,124,34,8131,4788,23,98072,0,0,0,0,0,G,22,B cell,50,18,9,9,9,Bcell
G-5483,all,7,7,8289,5497,33,41026,0,0,0,0,0,G,2,B cell,26,8,9,9,9,Bcell
G-5484,all,90,34,7714,5063,30,75525,0,0,0,0,0,G,3,Pericyte,57,34,5,5,5_3,Pericyte
G-5485,all,37,23,8923,4826,26,81245,0,0,0,0,0,G,17,Pericyte,42,23,5,5,5_1,Pericyte
G-5486,all,11,9,8918,4578,33,45854,0,0,0,0,0,G,2,Alveolar fibroblast 1,35,10,1,1,1_4_1,AlveolarFib
G-5487,all,14,9,7450,4732,37,30497,0,0,0,0,0,G,5,Secondary crest myofibroblast,30,9,3,3,3_2,SMC
G-5491,all,44,29,7687,4240,18,47632,0,0,0,0,0,G,9,Alveolar type 1 cell,45,29,2,2,2_6,pDC
G-5492,all,16,8,7647,4946,4,11069,0,0,0,0,0,G,2,Alveolar macrophage,28,8,8,8,8_1,AlveolarMac
G-5493,all,113,47,7680,4303,15,75255,0,0,0,0,0,G,9,Alveolar fibroblast 1,46,28,1,1,1_5_4,pDC
G-5494,all,14,10,9170,4145,21,13853,0,0,0,0,0,G,7,Interstitial macrophage,27,10,8,8,8_3,InterstitialMac
G-5495,all,35,14,9208,3879,20,42067,0,0,0,0,0,G,6,Alveolar type 1 cell,42,14,6,6,6,AT1
G-5496,all,26,18,7672,3847,33,41613,0,0,0,0,0,G,7,Innate lymphoid cell,45,18,3,3,3_6,SCMF
G-5497,all,59,31,8345,3848,17,54970,0,0,0,0,0,G,4,Alveolar fibroblast 1,55,31,3,3,3_4,AdventitialFib
G-5498,all,35,26,8634,5478,35,65753,0,0,0,0,0,G,5,Arterial endothelial cell,42,26,2,2,2_4,Artery
G-5499,all,30,9,8464,4214,35,48875,0,0,0,0,0,G,21,Sox9+/Id2+ epithelial cell,42,9,1,1,1_1,AT2
G-5501,all,126,15,9068,4223,18,97913,0,0,0,0,0,G,112,Alveolar type 2 cell,49,8,1,1,1_1,AT2
G-5502,all,7,7,8528,5635,38,42280,0,0,0,0,0,G,3,Alveolar type 1 cell,24,10,1,1,1_4_1,AlveolarFib
G-5503,all,27,19,7589,4119,30,52714,0,0,0,0,0,G,3,Sox9+/Id2+ epithelial cell,42,19,5,5,5_3,Pericyte
G-5505,all,118,48,7839,5388,22,146133,5835,231,4964,0.04446583,0.9555342,G,4,Capillary 2 cell,47,28,2,2,2_2,InflamMac
G-5506,all,58,37,7960,5118,24,103238,0,0,0,0,0,G,3,Alveolar type 1 cell,54,37,5,5,5_3,Pericyte
G-5507,all,83,21,8899,5294,30,100025,0,0,0,0,0,G,52,Alveolar type 2 cell,54,20,2,2,2_1,Capillary
G-5508,all,147,54,7614,4431,21,112213,0,0,0,0,0,G,15,Inflammatory monocyte,52,34,2,2,2_5,DC
G-5510,all,39,21,7681,5568,33,61059,0,0,0,0,0,G,4,B cell,43,21,3,3,3_4,AdventitialFib
G-5511,all,91,12,8621,4114,23,51047,0,0,0,0,0,G,75,Sox9+/Id2+ epithelial cell,51,11,1,1,1_3,AT2
G-5513,all,7,5,8701,4135,6,8115,0,0,0,0,0,G,3,Sox9+/Id2+ epithelial cell,26,7,6,6,6,AT1
G-5516,all,40,22,7676,5125,9,28166,0,0,0,0,0,G,3,Capillary 1 cell,43,23,1,1,1_6_2,Neutrophil
G-5517,all,20,11,9085,5476,20,56264,0,0,0,0,0,G,16,Pericyte,38,11,5,5,5_1,Pericyte
G-5520,all,62,38,7927,5093,20,49930,0,0,0,0,0,G,6,Natural killer cell,56,38,7,7,7_2,PatrolMac
G-5521,all,94,44,8059,4381,21,113699,0,0,0,0,0,G,9,Venous endothelial cell,59,43,2,2,2_3,Vein
G-5526,all,61,27,8718,5477,23,88413,0,0,0,0,0,G,8,Inflammatory monocyte,53,27,5,5,5_3,Pericyte
G-5527,all,80,40,8025,4808,24,52062,386,0,386,0,1,G,8,Pericyte,57,41,2,2,2_2,InflamMac
G-5529,all,20,12,8635,4977,38,34550,0,0,0,0,0,G,3,Sox9+/Id2+ epithelial cell,41,12,2,2,2_1,Capillary
G-5530,all,46,26,8493,4346,36,53357,0,0,0,0,0,G,3,B cell,46,26,1,1,1_5_2,AlveolarFib
G-5533,all,12,8,8835,4610,6,13300,0,0,0,0,0,G,5,Alveolar type 1 cell,38,8,6,6,6,AT1
G-5535,all,15,8,9250,3909,11,33983,0,0,0,0,0,G,7,Alveolar type 1 cell,33,8,6,6,6,AT1
G-5536,all,27,19,8702,4819,12,61154,0,0,0,0,0,G,6,Capillary 1 cell,45,19,5,5,5_1,Pericyte
G-5543,all,29,21,8767,4379,17,35394,0,0,0,0,0,G,5,Inflammatory monocyte,36,21,9,9,9,Bcell
G-5544,all,23,13,9168,4492,28,45762,0,0,0,0,0,G,4,Sox9+/Id2+ epithelial cell,39,12,2,2,2_1,Capillary
G-5546,all,25,16,8107,4553,14,26168,0,0,0,0,0,G,2,Ciliated cell,45,17,2,2,2_2,InflamMac
G-5547,all,91,17,8712,5246,29,76833,0,0,0,0,0,G,4,Alveolar type 1 cell,52,17,2,2,2_6,pDC
G-5548,all,41,15,8755,5252,37,53659,0,0,0,0,0,G,8,Pericyte,45,15,6,6,6,AT1
G-5549,all,10,3,8833,5022,7,12352,0,0,0,0,0,G,3,Alveolar type 1 cell,38,3,6,6,6,AT1
G-5550,all,32,20,9059,5400,29,81565,0,0,0,0,0,G,9,Alveolar fibroblast 1,39,22,1,1,1_5_1,LymphaticEndo
G-5554,all,114,44,7560,4404,23,71902,0,0,0,0,0,G,11,Mature DC subset,48,25,2,2,2_5,DC
G-5557,all,82,23,8590,4945,20,115823,0,0,0,0,0,G,25,Alveolar type 1 cell,53,23,6,6,6,AT1
G-5559,all,80,40,7712,5105,23,60129,0,556,0,1,0,G,10,B cell,60,41,2,2,2_5,DC
G-5563,all,40,21,8473,4682,25,97170,0,0,0,0,0,G,3,Inflammatory monocyte,44,22,2,2,2_2,InflamMac
G-5564,all,20,11,9117,4447,21,78940,0,0,0,0,0,G,2,Sox9+/Id2+ epithelial cell,42,11,2,2,2_3,Vein
G-5566,all,66,37,7621,5085,25,74331,0,0,0,0,0,G,5,CD8+ T cell,60,38,2,2,2_2,InflamMac
G-5569,all,36,19,8301,4879,33,66856,0,0,0,0,0,G,13,Sox9+/Id2+ epithelial cell,41,19,2,2,2_1,Capillary
G-5571,all,107,41,7891,5095,29,60784,0,0,0,0,0,G,8,Secondary crest myofibroblast,62,37,3,3,3_1,SMC
G-5573,all,59,25,7603,5259,15,58838,0,0,0,0,0,G,11,Innate lymphoid cell,53,27,2,2,2_5,DC
G-5574,all,22,15,8644,5302,12,49618,0,0,0,0,0,G,3,Interstitial macrophage,39,15,8,8,8_3,InterstitialMac
G-5576,all,7,6,8574,5681,23,37826,0,0,0,0,0,G,3,Capillary 1 cell,26,7,2,2,2_1,Capillary
G-5578,all,92,32,9109,4280,15,99156,0,0,0,0,0,G,50,Alveolar type 2 cell,60,32,7,7,7_3,Tcell (CD8)
G-5579,all,18,9,9055,5462,11,42593,51,0,0,0,0,G,7,Sox9+/Id2+ epithelial cell,42,9,1,1,1_1,AT2
G-5582,all,138,63,7635,4619,20,86258,0,0,0,0,0,G,10,Alveolar fibroblast 1,47,34,1,1,1_6_2,Neutrophil
G-5584,all,59,28,8703,5157,35,75671,0,0,0,0,0,G,13,Alveolar fibroblast 1,54,28,1,1,1_5_1,LymphaticEndo
G-5586,all,16,12,8475,5652,34,61028,0,0,0,0,0,G,4,Alveolar fibroblast 1,40,13,3,3,3_1,SMC
G-5587,all,137,47,8248,4178,35,78218,0,0,0,0,0,G,15,Alveolar type 1 cell,48,26,6,6,6,AT1
G-5589,all,16,13,8755,4415,18,27461,0,0,0,0,0,G,2,B cell,34,13,9,9,9,Bcell
G-5590,all,58,28,8462,4866,21,102390,0,0,0,0,0,G,12,Alveolar fibroblast 1,53,27,1,1,1_5_1,LymphaticEndo
G-5593,all,54,31,7744,5210,17,38849,0,0,0,0,0,G,11,CD4+ T cell,54,31,3,3,3_4,AdventitialFib
G-5594,all,12,7,9059,4491,22,35242,0,0,0,0,0,G,7,Megakaryocyte/Platelet,32,8,3,3,3_1,SMC
G-5596,all,45,20,8506,4153,36,52705,0,0,0,0,0,G,22,Venous endothelial cell,46,20,1,1,1_3,AT2
G-5600,all,77,33,7501,4596,13,37736,0,0,0,0,0,G,8,Alveolar fibroblast 2,58,33,3,3,3_3,AdventitialFib
G-5602,all,85,28,8269,3834,34,72085,0,0,0,0,0,G,50,Alveolar type 2 cell,57,28,1,1,1_3,AT2
G-5604,all,11,9,7600,4083,35,23839,0,0,0,0,0,G,4,Secondary crest myofibroblast,32,10,3,3,3_2,SMC
G-5605,all,50,33,8305,4125,32,54225,0,0,0,0,0,G,4,Venous endothelial cell,50,33,6,6,6,AT1
G-5606,all,31,16,8820,4539,25,73100,0,0,0,0,0,G,8,Capillary 2 cell,41,16,2,2,2_3,Vein
G-5607,all,97,15,8888,5222,31,69108,0,0,0,0,0,G,82,Alveolar type 2 cell,54,15,1,1,1_3,AT2
G-5610,all,36,17,8987,5453,24,49408,0,0,0,0,0,G,11,Sox9+/Id2+ epithelial cell,42,17,2,2,2_3,Vein
G-5611,all,21,15,7634,4347,27,17103,0,0,0,0,0,G,3,Deuterosomal cell,41,16,1,1,1_6_2,Neutrophil
G-5612,all,9,6,9110,5497,11,19927,0,0,0,0,0,G,6,Pericyte,29,7,5,5,5_3,Pericyte
G-5615,all,75,34,7900,5260,19,87276,0,0,0,0,0,G,4,Natural killer cell,54,35,2,2,2_5,DC
G-5616,all,21,14,8456,4363,28,34935,0,0,0,0,0,G,2,Capillary 1 cell,42,14,2,2,2_3,Vein
G-5617,all,75,36,8003,4781,15,49712,0,0,0,0,0,G,8,Innate lymphoid cell,55,36,2,2,2_6,pDC
G-5620,all,176,20,8216,4943,28,46970,28169,8402,20039,0.2954186,0.7045814,G,46,Sox9+/Id2+ epithelial cell,56,7,1,1,1_3,AT2
G-5621,all,127,46,7687,4664,16,89601,0,0,0,0,0,G,10,Venous endothelial cell,48,26,3,3,3_3,AdventitialFib
G-5622,all,87,27,7767,4825,30,44696,0,0,0,0,0,G,7,Mesothelial cell,58,26,3,3,3_3,AdventitialFib
G-5623,all,15,9,8917,5247,39,20988,0,0,0,0,0,G,11,Pericyte,35,9,5,5,5_3,Pericyte
G-5624,all,12,6,8466,5463,10,24987,0,0,0,0,0,G,3,Capillary 1 cell,28,6,1,1,1_3,AT2
G-5625,all,47,26,8371,3973,35,42300,0,0,0,0,0,G,15,Neutrophil,47,26,5,5,5_1,Pericyte
G-5627,all,38,20,8831,5269,34,67242,0,0,0,0,0,G,5,Sox9+/Id2+ epithelial cell,41,20,2,2,2_1,Capillary
G-5628,all,35,25,8954,4160,13,73654,0,0,0,0,0,G,5,CD8+ T cell,39,25,7,7,7_4,PatrolMac
G-5629,all,47,24,8678,4924,22,101814,0,0,0,0,0,G,4,Alveolar type 1 cell,48,25,2,2,2_2,InflamMac
G-5631,all,34,7,8160,5391,18,97604,215714,80458,129135,0.3838773,0.6161227,G,10,Alveolar type 2 cell,43,7,2,2,2_6,pDC
G-5632,all,12,8,9272,4331,6,9825,0,0,0,0,0,G,6,Arterial endothelial cell,37,10,2,2,2_4,Artery
G-5633,all,47,24,9023,5424,19,101337,0,0,0,0,0,G,26,Alveolar fibroblast 1,47,24,2,2,2_3,Vein
G-5634,all,53,29,7688,4795,34,70068,0,0,0,0,0,G,3,Mesothelial cell,53,29,3,3,3_3,AdventitialFib
G-5635,all,42,13,8994,4578,24,50249,0,0,0,0,0,G,30,Alveolar fibroblast 1,46,14,3,3,3_1,SMC
G-5636,all,18,6,8948,4555,27,24059,0,0,0,0,0,G,12,Sox9+/Id2+ epithelial cell,39,6,1,1,1_1,AT2
G-5640,all,71,43,7651,5039,23,63423,0,0,0,0,0,G,8,Innate lymphoid cell,55,44,1,1,1_6_2,Neutrophil
G-5641,all,6,3,8967,4541,7,8074,0,0,0,0,0,G,5,Alveolar type 2 cell,31,5,1,1,1_1,AT2
G-5642,all,25,12,9096,4491,24,65838,0,0,0,0,0,G,18,Airway smooth muscle cell,43,13,3,3,3_1,SMC
G-5643,all,34,20,8446,4924,27,71777,0,0,0,0,0,G,4,Inflammatory monocyte,43,20,7,7,7_2,PatrolMac
G-5646,all,92,49,7548,4446,18,71217,0,0,0,0,0,G,14,Mature DC subset,63,48,8,8,8_2,InterstitialMac
G-5649,all,38,17,7630,5678,23,37859,0,0,0,0,0,G,6,Sox9+/Id2+ epithelial cell,44,17,8,8,8_3,InterstitialMac
G-5652,all,40,27,8866,4220,34,61085,0,0,0,0,0,G,8,Venous endothelial cell,42,26,2,2,2_1,Capillary
G-5653,all,151,23,7983,4875,30,70213,6293,1293,5000,0.2054664,0.7945336,G,3,Alveolar type 1 cell,54,8,1,1,1_6_2,Neutrophil
G-5654,all,24,16,9128,5390,36,76966,0,0,0,0,0,G,4,Interstitial macrophage,42,16,2,2,2_6,pDC
G-5655,all,28,19,7508,4457,26,44647,0,0,0,0,0,G,9,Vascular smooth muscle cell,38,19,3,3,3_6,SCMF
G-5657,all,143,17,8987,4061,22,87694,0,0,0,0,0,G,125,Alveolar type 2 cell,51,8,1,1,1_3,AT2
G-5659,all,104,44,7866,5132,15,94119,0,0,0,0,0,G,10,Mature DC subset,59,37,1,1,1_2_1,Tcell (CD4)
G-5662,all,12,8,8955,5433,8,29558,0,0,0,0,0,G,2,Alveolar type 1 cell,35,8,6,6,6,AT1
G-5664,all,32,15,9222,4092,24,42061,0,0,0,0,0,G,7,Alveolar type 1 cell,41,15,8,8,8_1,AlveolarMac
G-5665,all,18,7,9237,4051,32,54403,0,0,0,0,0,G,3,Alveolar type 1 cell,40,7,6,6,6,AT1
G-5666,all,28,18,8961,4585,27,54898,0,0,0,0,0,G,14,Sox9+/Id2+ epithelial cell,49,17,2,2,2_1,Capillary
G-5667,all,17,14,8417,4250,38,23451,0,0,0,0,0,G,4,Arterial endothelial cell,40,15,2,2,2_4,Artery
G-5668,all,28,7,8990,4546,15,29599,0,0,0,0,0,G,26,Alveolar type 2 cell,43,7,1,1,1_3,AT2
G-5669,all,78,34,7333,4692,17,62202,0,0,0,0,0,G,10,B cell,57,34,3,3,3_4,AdventitialFib
G-5670,all,10,8,8501,4865,32,17235,0,0,0,0,0,G,5,Alveolar fibroblast 1,28,9,1,1,1_4_3,AlveolarFib
G-5671,all,15,13,8781,4412,29,38938,0,0,0,0,0,G,5,B cell,31,13,2,2,2_6,pDC
G-5672,all,21,15,8693,4474,7,47802,0,0,0,0,0,G,3,Alveolar type 1 cell,38,16,1,1,1_6_2,Neutrophil
G-5674,all,35,13,8598,4084,10,40258,0,0,0,0,0,G,18,Alveolar type 2 cell,45,14,2,2,2_2,InflamMac
G-5676,all,223,55,8050,4843,19,115145,1475,0,1475,0,1,G,6,Pericyte,54,26,1,1,1_6_2,Neutrophil
G-5678,all,152,28,8843,5083,31,68968,0,0,0,0,0,G,122,AT1/AT2,44,8,1,1,1_3,AT2
G-5679,all,13,10,8117,5452,14,90609,10342,0,10342,0,1,G,5,Innate lymphoid cell,28,10,7,7,7_3,Tcell (CD8)
G-5682,all,78,34,8431,4312,26,84946,0,0,0,0,0,G,19,Alveolar macrophage,54,34,8,8,8_1,AlveolarMac
G-5684,all,75,22,8277,4005,22,69574,0,0,0,0,0,G,2,Proliferative mesenchymal progenitor cell,55,23,1,1,1_6_2,Neutrophil
G-5685,all,6,5,8325,5471,26,78096,1846,544,1302,0.2946912,0.7053088,G,2,Endothelial progenitor cell,29,8,2,2,2_1,Capillary
G-5688,all,48,28,7598,5111,17,65215,0,0,0,0,0,G,8,Alveolar fibroblast 1,48,28,3,3,3_4,AdventitialFib
G-5689,all,37,20,7461,4820,31,63335,0,0,0,0,0,G,4,Proliferative mesenchymal progenitor cell,40,20,3,3,3_1,SMC
G-5690,all,23,17,8718,5088,31,82817,0,0,0,0,0,G,5,Capillary 1 cell,42,17,2,2,2_6,pDC
G-5693,all,100,28,8920,5497,19,92563,0,0,0,0,0,G,15,Alveolar type 1 cell,57,27,6,6,6,AT1
G-5694,all,6,5,8433,3890,39,18325,0,0,0,0,0,G,2,Natural killer cell,23,8,2,2,2_2,InflamMac
G-5695,all,19,13,7679,4989,7,17518,0,0,0,0,0,G,2,Natural killer cell,36,13,7,7,7_3,Tcell (CD8)
G-5696,all,71,27,8161,4887,34,60564,0,0,0,0,0,G,4,Endothelial progenitor cell,55,27,2,2,2_3,Vein
G-5697,all,20,7,8856,5011,16,37323,0,0,0,0,0,G,3,Alveolar type 1 cell,41,7,6,6,6,AT1
G-5700,all,44,20,7714,5199,12,33408,0,0,0,0,0,G,6,Mature DC subset,44,20,1,1,1_2_1,Tcell (CD4)
G-5701,all,35,15,8038,5503,20,139583,101562,32216,69346,0.3172053,0.6827947,G,4,Innate lymphoid cell,41,15,5,5,5_3,Pericyte
G-5705,all,54,35,7563,4756,11,48702,0,0,0,0,0,G,6,Natural killer cell,53,35,7,7,7_2,PatrolMac
G-5706,all,38,27,8437,4382,36,35095,0,0,0,0,0,G,4,Inflammatory monocyte,40,28,2,2,2_2,InflamMac
G-5708,all,12,9,7467,4469,17,38663,0,0,0,0,0,G,4,Vascular smooth muscle cell,29,10,3,3,3_2,SMC
G-5709,all,132,25,8351,4342,25,90789,0,0,0,0,0,G,108,Alveolar type 2 cell,46,10,1,1,1_3,AT2
G-5710,all,62,35,8021,4456,19,69521,0,0,0,0,0,G,7,Capillary 1 cell,57,36,2,2,2_2,InflamMac
G-5711,all,63,34,7718,5137,13,34877,556,0,0,0,0,G,2,CD4+ T cell,55,34,1,1,1_2_1,Tcell (CD4)
G-5712,all,78,24,8662,4118,20,87394,0,0,0,0,0,G,50,Alveolar type 2 cell,53,24,1,1,1_1,AT2
G-5713,all,17,13,8391,4282,38,16043,0,0,0,0,0,G,4,Pericyte,35,13,5,5,5_3,Pericyte
G-5714,all,22,16,8725,5302,32,36181,0,0,0,0,0,G,10,Pericyte,42,16,5,5,5_1,Pericyte
G-5719,all,17,10,7549,5377,33,30043,0,0,0,0,0,G,2,Sox9+/Id2+ epithelial cell,34,10,8,8,8_3,InterstitialMac
G-5722,all,16,14,7565,4164,34,43447,0,0,0,0,0,G,2,Alveolar fibroblast 1,33,15,1,1,1_4_1,AlveolarFib
G-5724,all,32,20,7474,4578,7,23565,0,0,0,0,0,G,3,Alveolar fibroblast 1,39,20,3,3,3_4,AdventitialFib
G-5725,all,30,18,8950,4691,32,87374,0,0,0,0,0,G,3,Arterial endothelial cell,43,19,2,2,2_4,Artery
G-5726,all,25,19,7521,4305,25,92699,0,0,0,0,0,G,3,Proliferative mesenchymal progenitor cell,46,19,3,3,3_4,AdventitialFib
G-5727,all,121,31,8581,5639,32,84021,0,0,0,0,0,G,2,Alveolar macrophage,51,14,8,8,8_1,AlveolarMac
G-5728,all,39,13,9232,3863,11,44983,0,0,0,0,0,G,7,Natural killer cell,45,13,6,6,6,AT1
G-5729,all,38,25,9267,5465,20,71398,0,0,0,0,0,G,5,Arterial endothelial cell,43,25,2,2,2_4,Artery
G-5730,all,13,12,7537,4265,33,43240,0,0,0,0,0,G,3,Pericyte,30,13,3,3,3_5,SMC
G-5733,all,47,24,8987,4144,25,72629,0,0,0,0,0,G,20,Alveolar type 2 cell,47,24,2,2,2_1,Capillary
G-5738,all,128,23,8498,4916,26,93191,0,0,0,0,0,G,103,Alveolar type 2 cell,48,12,1,1,1_3,AT2
G-5739,all,43,20,8070,4332,34,25927,0,0,0,0,0,G,4,Alveolar type 1 cell,43,20,6,6,6,AT1
G-5743,all,11,9,8786,4477,20,19328,0,0,0,0,0,G,2,B cell,27,9,9,9,9,Bcell
G-5744,all,120,12,8843,4581,24,72513,0,0,0,0,0,G,107,Alveolar type 2 cell,48,7,1,1,1_1,AT2
G-5745,all,135,32,7738,4790,18,52222,0,0,0,0,0,G,11,Mesothelial cell,53,17,3,3,3_3,AdventitialFib
G-5749,all,30,16,7542,4565,17,15271,0,0,0,0,0,G,4,Alveolar fibroblast 2,38,16,3,3,3_3,AdventitialFib
G-5752,all,58,29,7906,5204,38,51221,107,0,107,0,1,G,8,Inflammatory monocyte,55,30,2,2,2_5,DC
G-5753,all,22,13,8656,5656,11,59297,0,0,0,0,0,G,2,Proliferative mesenchymal progenitor cell,41,13,3,3,3_1,SMC
G-5755,all,53,7,8881,4597,27,33756,0,0,0,0,0,G,48,Sox9+/Id2+ epithelial cell,49,7,1,1,1_1,AT2
G-5760,all,23,16,7475,4495,25,38710,0,0,0,0,0,G,3,Proliferative mesenchymal progenitor cell,43,17,3,3,3_2,SMC
G-5761,all,143,28,8208,4975,32,46969,9842,2535,7035,0.2648903,0.7351097,G,26,Alveolar type 2 cell,54,15,1,1,1_3,AT2
G-5763,all,80,39,7927,5153,21,73444,0,0,0,0,0,G,4,Inflammatory monocyte,60,39,5,5,5_3,Pericyte
G-5765,all,10,3,7984,4745,5,6793,578,258,320,0.4463668,0.5536332,G,9,Sox9+/Id2+ epithelial cell,36,3,8,8,8_2,InterstitialMac
G-5769,all,8,6,8702,4105,6,7314,0,0,0,0,0,G,6,Alveolar macrophage,25,8,7,7,7_2,PatrolMac
G-5772,all,10,7,8645,5272,12,17201,0,0,0,0,0,G,4,Alveolar type 1 cell,21,7,8,8,8_2,InterstitialMac
G-5773,all,47,22,8895,4970,29,52553,0,0,0,0,0,G,4,CD8+ T cell,53,25,2,2,2_3,Vein
G-5781,all,21,11,7780,5564,16,47229,0,0,0,0,0,G,2,Alveolar macrophage,39,11,8,8,8_2,InterstitialMac
G-5782,all,27,10,8932,5217,34,20133,0,0,0,0,0,G,19,Alveolar type 2 cell,47,10,8,8,8_2,InterstitialMac
G-5783,all,6,3,7783,4184,5,6033,0,0,0,0,0,G,3,Natural killer cell,22,6,7,7,7_3,Tcell (CD8)
G-5790,all,23,12,7648,3865,40,15279,0,0,0,0,0,G,13,Mesothelial cell,41,12,3,3,3_3,AdventitialFib
G-5791,all,38,8,9225,4128,16,24452,0,0,0,0,0,G,3,Alveolar type 1 cell,46,8,6,6,6,AT1
G-5793,all,93,37,7681,4924,25,58506,0,0,0,0,0,G,9,Capillary 1 cell,65,37,2,2,2_5,DC
G-5796,all,72,25,9121,7312,21,91183,0,0,0,0,0,G,19,Alveolar macrophage,55,25,8,8,8_1,AlveolarMac
G-5797,all,37,24,8179,6007,32,83578,0,0,0,0,0,G,6,Alveolar fibroblast 1,41,25,1,1,1_5_1,LymphaticEndo
G-5800,all,22,20,8294,6000,35,82607,0,0,0,0,0,G,4,Endothelial progenitor cell,39,19,2,2,2_1,Capillary
G-5801,all,39,17,7696,5882,30,37086,7725,0,7725,0,1,G,6,Endothelial progenitor cell,42,17,8,8,8_1,AlveolarMac
G-5803,all,24,19,8349,7422,29,65906,0,0,0,0,0,G,4,Alveolar fibroblast 1,40,19,1,1,1_5_1,LymphaticEndo
G-5804,all,46,26,8029,7208,30,84871,0,0,0,0,0,G,8,Venous endothelial cell,45,25,2,2,2_1,Capillary
G-5805,all,127,15,8517,7591,18,89608,0,0,0,0,0,G,118,Alveolar type 2 cell,46,3,1,1,1_3,AT2
G-5806,all,11,8,7650,6184,17,63138,0,0,0,0,0,G,4,Pericyte,32,8,5,5,5_1,Pericyte
G-5807,all,18,12,8864,6442,30,52427,0,0,0,0,0,G,4,Alveolar fibroblast 1,40,13,1,1,1_4_3,AlveolarFib
G-5808,all,24,19,8530,6349,20,85714,0,0,0,0,0,G,4,Alveolar macrophage,45,19,8,8,8_1,AlveolarMac
G-5811,all,31,17,7637,5888,31,45468,0,0,0,0,0,G,2,Natural killer cell,39,18,2,2,2_2,InflamMac
G-5815,all,41,23,8268,7547,10,71351,0,0,0,0,0,G,5,Sox9+/Id2+ epithelial cell,41,23,7,7,7_4,PatrolMac
G-5817,all,8,7,7877,5946,19,31305,0,0,0,0,0,G,3,Alveolar fibroblast 1,28,8,1,1,1_5_2,AlveolarFib
G-5818,all,6,6,7496,5690,27,84946,0,0,0,0,0,G,2,Alveolar type 1 cell,24,8,6,6,6,AT1
G-5820,all,91,16,7778,6582,34,83546,0,0,0,0,0,G,74,Alveolar type 2 cell,53,15,1,1,1_3,AT2
G-5821,all,27,18,7686,6034,24,80175,0,0,0,0,0,G,11,Sox9+/Id2+ epithelial cell,41,18,9,9,9,Bcell
G-5823,all,120,18,7665,6653,32,94372,0,0,0,0,0,G,89,Alveolar type 2 cell,47,9,1,1,1_3,AT2
G-5827,all,7,6,7613,6155,12,43238,0,0,0,0,0,G,3,Capillary 1 cell,26,8,2,2,2_3,Vein
G-5828,all,11,5,7926,5688,27,84928,8238,790,8187,0.08800267,0.9119973,G,5,Proliferative mesenchymal progenitor cell,29,6,3,3,3_1,SMC
G-5832,all,134,32,8109,7400,21,96935,0,0,0,0,0,G,36,Alveolar type 1 cell,46,16,6,6,6,AT1
G-5833,all,12,6,8331,6580,28,42647,0,0,0,0,0,G,8,Alveolar fibroblast 1,34,6,1,1,1_1,AT2
G-5836,all,46,23,8871,7003,21,84035,0,0,0,0,0,G,26,Alveolar macrophage,51,24,3,3,3_1,SMC
G-5838,all,113,35,9070,5895,17,89993,0,0,0,0,0,G,31,Alveolar type 1 cell,48,17,6,6,6,AT1
G-5839,all,15,10,7924,5735,33,75916,0,0,0,0,0,G,4,Proliferative mesenchymal progenitor cell,35,11,3,3,3_1,SMC
G-5843,all,60,16,8736,6750,33,39181,0,0,0,0,0,G,51,Alveolar type 2 cell,52,16,1,1,1_3,AT2
G-5844,all,10,7,7897,5862,36,68223,0,0,0,0,0,G,2,Proliferative mesenchymal progenitor cell,24,8,1,1,1_6_2,Neutrophil
G-5845,all,30,19,8069,6786,32,83631,0,0,0,0,0,G,3,Capillary 1 cell,41,21,2,2,2_5,DC
G-5846,all,39,21,9173,6945,15,78724,0,0,0,0,0,G,7,Natural killer cell,42,21,7,7,7_4,PatrolMac
G-5848,all,17,14,7602,6057,27,46816,0,0,0,0,0,G,2,Sox9+/Id2+ epithelial cell,34,14,3,3,3_6,SCMF
G-5849,all,15,12,8445,6627,17,81642,0,0,0,0,0,G,6,Alveolar fibroblast 1,31,13,1,1,1_5_1,LymphaticEndo
G-5856,all,22,9,8105,5972,28,47956,0,0,0,0,0,G,7,Alveolar type 1 cell,41,9,6,6,6,AT1
G-5857,all,36,21,8088,7316,26,70525,0,0,0,0,0,G,11,Pericyte,41,21,5,5,5_1,Pericyte
G-5859,all,17,14,7921,6556,33,83988,0,0,0,0,0,G,4,Capillary 1 cell,32,14,2,2,2_3,Vein
G-5861,all,24,18,7523,6720,35,68205,0,0,0,0,0,G,4,Sox9+/Id2+ epithelial cell,43,18,7,7,7_3,Tcell (CD8)
G-5862,all,32,20,8532,6649,22,61343,0,0,0,0,0,G,8,Capillary 1 cell,41,20,2,2,2_3,Vein
G-5865,all,26,18,8318,6993,13,78270,0,0,0,0,0,G,8,Alveolar fibroblast 1,37,19,3,3,3_1,SMC
G-5866,all,28,18,9176,6570,35,52798,0,0,0,0,0,G,3,Inflammatory monocyte,40,19,2,2,2_2,InflamMac
G-5869,all,113,36,9055,6633,20,82044,0,0,0,0,0,G,20,Alveolar type 1 cell,49,21,3,3,3_1,SMC
G-5870,all,19,14,8550,6676,31,46542,0,0,0,0,0,G,2,Innate lymphoid cell,38,15,1,1,1_6_2,Neutrophil
G-5871,all,25,16,8300,7442,33,57882,0,0,0,0,0,G,2,Arterial endothelial cell,39,17,2,2,2_4,Artery
G-5872,all,43,28,8837,6968,21,128056,0,0,0,0,0,G,17,Innate lymphoid cell,49,30,1,1,1_5_1,LymphaticEndo
G-5873,all,11,6,7755,6215,12,25651,0,0,0,0,0,G,5,Endothelial progenitor cell,33,6,2,2,2_6,pDC
G-5874,all,10,6,9041,6273,9,38503,0,0,0,0,0,G,4,Basophil,31,8,2,2,2_5,DC
G-5875,all,10,8,9263,6982,13,25954,0,0,0,0,0,G,3,B cell,25,8,9,9,9,Bcell
G-5877,all,11,8,7855,5970,15,32579,0,0,0,0,0,G,4,Inflammatory monocyte,30,10,2,2,2_5,DC
G-5878,all,19,10,8100,7022,34,21399,0,0,0,0,0,G,5,Alveolar type 1 cell,37,10,6,6,6,AT1
G-5879,all,26,12,8609,7458,14,59644,0,0,0,0,0,G,14,Pericyte,43,12,5,5,5_1,Pericyte
G-5880,all,7,5,8242,7484,9,27367,0,0,0,0,0,G,3,Alveolar fibroblast 1,24,7,5,5,5_3,Pericyte
G-5881,all,7,7,8371,6611,16,83087,0,0,0,0,0,G,2,Alveolar type 1 cell,28,9,6,6,6,AT1
G-5883,all,24,15,8869,5769,12,102068,0,0,0,0,0,G,4,Alveolar fibroblast 1,41,15,2,2,2_3,Vein
G-5886,all,15,11,8424,7229,27,32442,0,0,0,0,0,G,5,Inflammatory monocyte,35,11,2,2,2_3,Vein
G-5890,all,17,13,8677,6458,34,62650,0,0,0,0,0,G,3,Sox9+/Id2+ epithelial cell,35,13,1,1,1_3,AT2
G-5891,all,14,9,7932,6068,6,14369,0,0,0,0,0,G,3,Alveolar type 1 cell,33,9,6,6,6,AT1
G-5893,all,10,4,8199,5743,9,21611,0,0,0,0,0,G,7,Inflammatory monocyte,22,4,3,3,3_4,AdventitialFib
G-5896,all,15,11,9148,5912,24,42661,0,0,0,0,0,G,4,Secondary crest myofibroblast,32,11,3,3,3_6,SCMF
G-5898,all,49,20,7891,6108,21,64419,0,0,0,0,0,G,27,Alveolar type 2 cell,49,20,1,1,1_3,AT2
G-5900,all,95,25,8936,6485,8,79560,0,0,0,0,0,G,21,Alveolar type 1 cell,57,23,6,6,6,AT1
G-5901,all,37,25,8108,7463,13,73404,0,0,0,0,0,G,3,Ciliated cell,42,25,6,6,6,AT1
G-5902,all,49,32,8591,7502,22,87754,0,0,0,0,0,G,10,Pericyte,49,32,5,5,5_1,Pericyte
G-5903,all,29,16,8320,5838,17,81715,0,0,0,0,0,G,9,Capillary 1 cell,40,17,2,2,2_5,DC
G-5906,all,40,21,8916,5760,14,82666,0,0,0,0,0,G,2,Alveolar fibroblast 1,42,21,2,2,2_3,Vein
G-5907,all,30,19,7999,7525,18,94908,0,0,0,0,0,G,2,Neutrophil,38,19,1,1,1_6_2,Neutrophil
G-5908,all,15,10,8017,5965,12,59588,0,0,0,0,0,G,6,Alveolar type 2 cell,31,11,2,2,2_2,InflamMac
G-5910,all,17,10,7526,6788,14,39996,0,0,0,0,0,G,9,Sox9+/Id2+ epithelial cell,32,10,8,8,8_1,AlveolarMac
G-5914,all,39,14,7910,6046,22,47730,0,0,0,0,0,G,16,AT1/AT2,44,14,6,6,6,AT1
G-5917,all,16,12,8155,6364,20,92464,0,0,0,0,0,G,4,Alveolar fibroblast 1,35,14,2,2,2_5,DC
G-5918,all,25,18,7486,6760,14,81222,0,0,0,0,0,G,2,Capillary 1 cell,44,18,8,8,8_2,InterstitialMac
G-5920,all,14,12,8849,6409,23,35558,0,0,0,0,0,G,2,Innate lymphoid cell,31,12,1,1,1_4_1,AlveolarFib
G-5921,all,48,29,8815,6880,13,67760,0,0,0,0,0,G,9,Alveolar macrophage,48,29,8,8,8_1,AlveolarMac
G-5922,all,74,17,7633,6501,19,76262,0,0,0,0,0,G,12,Alveolar type 1 cell,53,17,6,6,6,AT1
G-5923,all,19,11,7941,7614,24,74884,0,0,0,0,0,G,13,B cell,39,11,9,9,9,Bcell
G-5926,all,54,32,7574,6169,17,88535,0,0,0,0,0,G,6,Inflammatory monocyte,53,32,7,7,7_2,PatrolMac
G-5927,all,45,18,9253,5984,31,68065,0,0,0,0,0,G,26,Alveolar type 2 cell,46,18,1,1,1_1,AT2
G-5932,all,102,26,8087,7141,20,100841,0,0,0,0,0,G,53,Alveolar type 2 cell,54,23,1,1,1_1,AT2
G-5933,all,26,10,8446,6455,21,102386,89919,86218,3701,0.9588407,0.04115927,G,16,Alveolar type 2 cell,44,10,1,1,1_3,AT2
G-5934,all,43,21,9269,6311,21,110787,0,0,0,0,0,G,7,Venous endothelial cell,44,21,6,6,6,AT1
G-5935,all,90,16,7927,5997,15,70456,0,0,0,0,0,G,76,Alveolar type 2 cell,54,16,1,1,1_1,AT2
G-5936,all,60,28,7849,6095,25,110654,0,0,0,0,0,G,23,Sox9+/Id2+ epithelial cell,55,28,2,2,2_3,Vein
G-5938,all,26,17,7959,7035,31,73535,0,0,0,0,0,G,8,B cell,43,17,9,9,9,Bcell
G-5941,all,60,9,8125,7170,9,46828,0,0,0,0,0,G,52,Alveolar type 2 cell,50,9,1,1,1_1,AT2
G-5943,all,84,43,9093,6515,23,114964,0,0,0,0,0,G,17,Venous endothelial cell,60,43,2,2,2_3,Vein
G-5944,all,58,31,9178,6464,15,85783,0,0,0,0,0,G,2,Endothelial progenitor cell,56,31,3,3,3_4,AdventitialFib
G-5945,all,45,18,8495,6656,18,67482,0,0,0,0,0,G,4,Alveolar type 1 cell,47,18,6,6,6,AT1
G-5946,all,18,11,8081,6612,32,82351,0,0,0,0,0,G,2,Endothelial progenitor cell,36,11,1,1,1_3,AT2
G-5948,all,24,14,9239,6173,31,59405,0,0,0,0,0,G,2,B cell,45,14,9,9,9,Bcell
G-5950,all,8,7,8280,6970,7,24033,0,0,0,0,0,G,3,Alveolar type 1 cell,25,8,6,6,6,AT1
G-5953,all,41,22,7863,6617,32,79815,0,0,0,0,0,G,5,Capillary 1 cell,44,22,3,3,3_6,SCMF
G-5954,all,10,7,8199,5694,24,57065,0,0,0,0,0,G,2,Natural killer cell,25,7,7,7,7_3,Tcell (CD8)
G-5955,all,27,6,8941,6904,8,25600,0,0,0,0,0,G,25,Alveolar type 2 cell,45,6,1,1,1_1,AT2
G-5956,all,65,41,8825,6586,20,111638,0,0,0,0,0,G,15,Venous endothelial cell,61,42,4,4,4_1_1,CiliatedEpi
G-5959,all,15,10,8743,6301,26,48249,0,0,0,0,0,G,3,B cell,33,10,5,5,5_3,Pericyte
G-5961,all,33,25,8909,6689,17,78602,0,0,0,0,0,G,7,B cell,39,25,7,7,7_2,PatrolMac
G-5964,all,47,21,8189,6816,14,47987,0,0,0,0,0,G,7,Alveolar type 1 cell,47,21,6,6,6,AT1
G-5965,all,63,34,8252,7435,22,99688,0,0,0,0,0,G,10,Alveolar fibroblast 1,55,34,2,2,2_6,pDC
G-5968,all,48,26,8898,6874,29,87072,0,0,0,0,0,G,6,Alveolar macrophage,48,26,8,8,8_1,AlveolarMac
G-5969,all,20,13,8857,7585,27,37323,0,0,0,0,0,G,3,Natural killer cell,39,13,7,7,7_3,Tcell (CD8)
G-5970,all,23,17,8503,7297,36,67099,0,0,0,0,0,G,2,Proliferative mesenchymal progenitor cell,39,17,2,2,2_6,pDC
G-5971,all,58,33,7994,7096,33,87996,0,0,0,0,0,G,9,CD4+ T cell,55,33,7,7,7_4,PatrolMac
G-5972,all,14,12,7611,6264,19,57487,0,0,0,0,0,G,3,Vascular smooth muscle cell,32,13,3,3,3_2,SMC
G-5973,all,8,6,8379,6535,28,89135,0,0,0,0,0,G,2,Proliferative mesenchymal progenitor cell,25,8,1,1,1_5_1,LymphaticEndo
G-5974,all,29,19,7760,6710,29,62864,0,0,0,0,0,G,4,Inflammatory monocyte,38,19,7,7,7_2,PatrolMac
G-5978,all,10,7,8340,7035,24,30684,0,0,0,0,0,G,3,Alveolar type 1 cell,24,8,1,1,1_6_2,Neutrophil
G-5980,all,6,5,8365,6125,20,73004,0,0,0,0,0,G,3,Inflammatory monocyte,22,8,2,2,2_5,DC
G-5983,all,10,8,8299,6538,21,78521,0,0,0,0,0,G,6,Sox9+/Id2+ epithelial cell,27,8,1,1,1_3,AT2
G-5985,all,8,7,7848,5930,28,37636,0,0,0,0,0,G,3,Alveolar fibroblast 1,25,8,1,1,1_5_1,LymphaticEndo
G-5989,all,55,19,8796,6651,12,48353,0,0,0,0,0,G,7,Alveolar type 1 cell,51,19,6,6,6,AT1
G-5990,all,35,26,7562,6003,31,74859,0,0,0,0,0,G,3,Endothelial progenitor cell,40,27,1,1,1_6_2,Neutrophil
G-5994,all,20,12,7825,6382,14,86979,0,0,0,0,0,G,2,Venous endothelial cell,39,12,2,2,2_3,Vein
G-5998,all,36,20,8885,6388,22,69673,0,0,0,0,0,G,2,Alveolar type 1 cell,42,20,6,6,6,AT1
G-5999,all,25,13,8169,7204,9,43097,0,0,0,0,0,G,14,Alveolar fibroblast 1,42,14,3,3,3_1,SMC
G-6000,all,22,8,7951,7557,29,26628,0,0,0,0,0,G,19,Alveolar type 2 cell,42,8,1,1,1_3,AT2
G-6002,all,61,18,7447,6514,15,92588,0,0,0,0,0,G,7,Alveolar type 1 cell,53,18,6,6,6,AT1
G-6004,all,35,21,8617,6696,12,70099,0,0,0,0,0,G,14,Innate lymphoid cell,41,22,3,3,3_1,SMC
G-6006,all,12,11,9246,6432,15,61566,0,0,0,0,0,G,3,Capillary 1 cell,32,11,9,9,9,Bcell
G-6007,all,12,8,8206,7273,16,33710,0,0,0,0,0,G,2,Venous endothelial cell,33,8,2,2,2_3,Vein
G-6008,all,45,17,8125,7043,32,42103,0,0,0,0,0,G,5,Alveolar type 1 cell,46,17,6,6,6,AT1
G-6010,all,14,9,8180,6708,24,43152,0,0,0,0,0,G,4,Sox9+/Id2+ epithelial cell,29,9,8,8,8_2,InterstitialMac
G-6011,all,19,7,8873,7617,23,55270,0,0,0,0,0,G,14,B cell,43,7,9,9,9,Bcell
G-6012,all,27,19,7599,6705,22,100664,0,0,0,0,0,G,11,Pericyte,40,19,5,5,5_3,Pericyte
G-6013,all,39,25,8048,7302,35,69711,0,0,0,0,0,G,7,Endothelial progenitor cell,40,25,1,1,1_3,AT2
G-6014,all,34,24,9172,6511,28,52727,0,0,0,0,0,G,2,Inflammatory monocyte,37,26,2,2,2_5,DC
G-6015,all,18,16,8036,6741,24,74861,0,0,0,0,0,G,4,Venous endothelial cell,39,17,3,3,3_1,SMC
G-6016,all,17,13,8122,6402,23,102816,0,0,0,0,0,G,4,B cell,34,13,7,7,7_2,PatrolMac
G-6017,all,31,21,7922,7571,28,53789,0,0,0,0,0,G,6,Sox9+/Id2+ epithelial cell,41,21,2,2,2_3,Vein
G-6022,all,55,16,9020,7373,27,125966,0,0,0,0,0,G,38,Alveolar type 2 cell,51,16,1,1,1_1,AT2
G-6024,all,12,8,7948,6332,29,39078,0,0,0,0,0,G,3,Sox9+/Id2+ epithelial cell,29,8,1,1,1_3,AT2
G-6029,all,22,13,8359,7616,16,56807,0,0,0,0,0,G,6,Neutrophil,37,13,1,1,1_6_2,Neutrophil
G-6031,all,13,12,7603,6382,15,67952,0,0,0,0,0,G,3,Endothelial progenitor cell,28,12,2,2,2_6,pDC
G-6032,all,53,19,8793,7553,27,37568,0,0,0,0,0,G,7,Alveolar type 1 cell,50,19,3,3,3_6,SCMF
G-6033,all,8,3,9111,6576,9,26249,0,0,0,0,0,G,2,Alveolar fibroblast 1,28,4,1,1,1_4_3,AlveolarFib
G-6034,all,21,14,8102,7351,33,25783,0,0,0,0,0,G,6,Pericyte,39,14,5,5,5_1,Pericyte
G-6035,all,25,14,8637,6256,25,78392,0,0,0,0,0,G,5,B cell,42,14,2,2,2_6,pDC
G-6036,all,39,14,7979,6586,36,73395,0,0,0,0,0,G,28,Alveolar fibroblast 1,44,15,3,3,3_1,SMC
G-6037,all,10,8,7726,6230,13,41805,0,0,0,0,0,G,2,Natural killer cell,29,8,7,7,7_2,PatrolMac
G-6038,all,26,17,8989,6895,10,47549,0,0,0,0,0,G,2,Venous endothelial cell,47,17,2,2,2_3,Vein
G-6039,all,18,10,8584,5693,25,46911,0,0,0,0,0,G,5,Capillary 1 cell,37,10,1,1,1_3,AT2
G-6040,all,67,35,8739,6572,12,109394,0,0,0,0,0,G,19,Interstitial macrophage,58,35,8,8,8_3,InterstitialMac
G-6041,all,9,7,8177,5950,9,34086,0,0,0,0,0,G,2,T regulatory cell,22,8,1,1,1_6_2,Neutrophil
G-6042,all,15,7,7920,5955,18,91085,0,0,0,0,0,G,9,B cell,35,7,1,1,1_1,AT2
G-6045,all,35,12,8802,6681,12,30845,0,0,0,0,0,G,7,Alveolar type 1 cell,46,12,6,6,6,AT1
G-6046,all,125,41,8675,7452,19,139399,0,0,0,0,0,G,25,AT1/AT2,45,17,6,6,6,AT1
G-6049,all,80,28,9263,6871,15,91140,0,0,0,0,0,G,33,Sox9+/Id2+ epithelial cell,57,28,2,2,2_6,pDC
G-6050,all,18,8,9255,6140,23,36747,0,0,0,0,0,G,13,Capillary 1 cell,40,8,2,2,2_1,Capillary
G-6051,all,6,4,7694,6076,13,45145,0,0,0,0,0,G,2,B cell,23,6,9,9,9,Bcell
G-6054,all,89,27,8048,7161,18,82593,0,0,0,0,0,G,26,Alveolar type 1 cell,57,27,6,6,6,AT1
G-6056,all,96,24,7713,6189,23,110612,0,0,0,0,0,G,72,Alveolar type 2 cell,58,23,1,1,1_1,AT2
G-6057,all,22,17,8507,6592,30,83453,0,0,0,0,0,G,4,CD8+ T cell,40,17,6,6,6,AT1
G-6058,all,17,8,8788,7607,22,30837,0,0,0,0,0,G,10,Sox9+/Id2+ epithelial cell,36,8,6,6,6,AT1
G-6059,all,21,16,9211,6373,37,24887,0,0,0,0,0,G,5,Venous endothelial cell,41,17,3,3,3_1,SMC
G-6061,all,96,20,9268,6091,26,87596,0,0,0,0,0,G,76,Alveolar type 2 cell,58,20,1,1,1_1,AT2
G-6062,all,73,33,7557,6788,16,79444,0,0,0,0,0,G,39,Interstitial macrophage,56,33,8,8,8_2,InterstitialMac
G-6063,all,39,22,7653,5999,26,67252,0,0,0,0,0,G,4,Inflammatory monocyte,43,22,6,6,6,AT1
G-6064,all,29,9,7957,6024,19,64592,0,0,0,0,0,G,20,Alveolar type 2 cell,42,9,1,1,1_3,AT2
G-6067,all,40,23,7636,5690,22,48461,0,0,0,0,0,G,6,Interstitial macrophage,43,23,8,8,8_2,InterstitialMac
G-6068,all,26,18,9177,6387,36,42552,0,0,0,0,0,G,4,Proliferative mesenchymal progenitor cell,45,19,3,3,3_1,SMC
G-6069,all,32,20,8082,7378,31,34328,0,0,0,0,0,G,17,Pericyte,41,20,5,5,5_1,Pericyte
G-6070,all,10,3,8159,7168,11,13025,0,0,0,0,0,G,9,Alveolar type 2 cell,37,3,1,1,1_1,AT2
G-6072,all,19,13,7866,5908,19,68945,0,0,0,0,0,G,3,CD8+ T cell,38,13,7,7,7_2,PatrolMac
G-6075,all,62,30,8615,6575,16,85677,0,0,0,0,0,G,25,Pericyte,56,30,3,3,3_2,SMC
G-6080,all,47,16,7673,6372,17,109143,0,0,0,0,0,G,10,Alveolar type 1 cell,47,16,6,6,6,AT1
G-6082,all,22,12,8400,5850,18,90583,0,0,0,0,0,G,6,Capillary 1 cell,40,12,5,5,5_1,Pericyte
G-6083,all,17,7,8412,6668,21,35974,0,0,0,0,0,G,4,Alveolar type 1 cell,35,7,6,6,6,AT1
G-6085,all,16,9,8986,7381,28,52635,0,0,0,0,0,G,3,Sox9+/Id2+ epithelial cell,40,10,2,2,2_1,Capillary
G-6086,all,49,29,7659,5850,19,92271,0,0,0,0,0,G,3,Innate lymphoid cell,51,30,3,3,3_5,SMC
G-6088,all,54,20,8828,7562,29,75568,0,0,0,0,0,G,12,Alveolar type 1 cell,51,20,6,6,6,AT1
G-6092,all,11,8,8403,5894,29,56634,50,0,50,0,1,G,2,Alveolar fibroblast 1,32,9,3,3,3_1,SMC
G-6097,all,125,26,7571,6568,22,123879,0,0,0,0,0,G,103,Alveolar type 2 cell,47,11,1,1,1_3,AT2
G-6106,all,11,9,8006,6689,34,57340,0,0,0,0,0,G,3,Secondary crest myofibroblast,29,9,5,5,5_3,Pericyte
G-6116,all,40,20,8691,6723,36,73053,0,0,0,0,0,G,5,Endothelial progenitor cell,42,20,2,2,2_6,pDC
G-6118,all,82,16,9244,6835,21,97602,0,0,0,0,0,G,62,Sox9+/Id2+ epithelial cell,53,16,1,1,1_1,AT2
G-6123,all,11,9,8855,6891,23,24381,0,0,0,0,0,G,2,Alveolar macrophage,29,9,8,8,8_1,AlveolarMac
G-6125,all,12,9,7618,5797,29,35453,0,0,0,0,0,G,2,Alveolar fibroblast 1,28,10,1,1,1_5_2,AlveolarFib
G-6126,all,47,29,7587,6481,30,105448,0,0,0,0,0,G,9,Capillary 1 cell,47,29,6,6,6,AT1
G-6127,all,39,23,8820,6929,21,104576,0,0,0,0,0,G,4,Capillary 1 cell,41,23,2,2,2_3,Vein
G-6131,all,25,16,8741,6488,17,97336,0,0,0,0,0,G,6,Alveolar fibroblast 1,43,16,2,2,2_3,Vein
G-6133,all,69,39,8020,7444,12,96438,0,0,0,0,0,G,18,Capillary 1 cell,58,39,8,8,8_1,AlveolarMac
G-6134,all,16,11,8843,7608,32,23934,0,0,0,0,0,G,7,Alveolar type 2 cell,37,12,2,2,2_2,InflamMac
G-6140,all,46,26,7490,6528,27,84218,0,0,0,0,0,G,8,Sox9+/Id2+ epithelial cell,47,26,6,6,6,AT1
G-6141,all,10,8,8854,6682,39,35372,0,0,0,0,0,G,2,Alveolar macrophage,31,8,8,8,8_2,InterstitialMac
G-6146,all,17,8,8386,6653,22,39781,0,0,0,0,0,G,4,Alveolar type 1 cell,36,8,6,6,6,AT1
G-6147,all,20,12,8784,6622,9,20563,0,0,0,0,0,G,7,Alveolar type 1 cell,38,12,6,6,6,AT1
G-6154,all,18,9,7983,6002,24,36535,0,0,0,0,0,G,11,Alveolar type 1 cell,40,9,2,2,2_3,Vein
G-6156,all,11,7,8223,5718,28,33487,0,0,0,0,0,G,2,Proliferative mesenchymal progenitor cell,32,7,6,6,6,AT1
G-6159,all,17,15,7442,6691,12,51854,0,0,0,0,0,G,4,CD4+ T cell,33,15,7,7,7_4,PatrolMac
G-6164,all,16,5,8818,7605,36,16808,0,0,0,0,0,G,14,Alveolar type 1 cell,41,6,2,2,2_2,InflamMac
G-6177,all,38,21,9158,6537,25,41251,0,0,0,0,0,G,11,Inflammatory monocyte,43,23,2,2,2_5,DC
G-6186,all,223,45,9315,1326,23,121080,0,0,0,0,0,G,167,Alveolar type 2 cell,45,11,1,1,1_1,AT2
G-6187,all,22,14,10604,1288,16,43581,0,0,0,0,0,G,7,Capillary 1 cell,40,14,2,2,2_3,Vein
G-6188,all,23,13,9587,1950,16,43469,0,0,0,0,0,G,12,T regulatory cell,44,15,2,2,2_5,DC
G-6189,all,38,28,10407,1061,34,84146,0,0,0,0,0,G,4,CD4+ T cell,41,29,3,3,3_5,SMC
G-6190,all,57,23,9451,1162,21,50024,0,0,0,0,0,G,2,Natural killer cell,55,24,2,2,2_2,InflamMac
G-6191,all,71,36,9304,220,14,67306,0,0,0,0,0,G,7,Classical DC subset 1,57,37,1,1,1_6_2,Neutrophil
G-6192,all,99,43,9435,1534,31,76170,0,0,0,0,0,G,21,Alveolar macrophage,65,40,8,8,8_1,AlveolarMac
G-6194,all,87,39,9354,1207,9,72866,0,0,0,0,0,G,2,Natural killer cell,62,39,2,2,2_2,InflamMac
G-6195,all,71,31,10316,700,33,69963,0,0,0,0,0,G,6,Capillary 2 cell,55,31,2,2,2_1,Capillary
G-6196,all,21,13,11138,786,16,45802,0,0,0,0,0,G,8,Capillary 1 cell,41,13,2,2,2_3,Vein
G-6199,all,53,34,10082,675,34,41017,0,0,0,0,0,G,14,Sox9+/Id2+ epithelial cell,53,34,2,2,2_3,Vein
G-6200,all,27,19,9313,1548,34,62456,0,0,0,0,0,G,3,CD4+ T cell,44,19,2,2,2_6,pDC
G-6203,all,51,25,10309,540,13,81930,0,0,0,0,0,G,15,CD8+ T cell,51,25,7,7,7_2,PatrolMac
G-6204,all,108,54,10273,1362,23,109609,0,0,0,0,0,G,11,Alveolar macrophage,54,37,8,8,8_1,AlveolarMac
G-6205,all,80,38,9849,838,22,80661,0,0,0,0,0,G,22,B cell,57,38,9,9,9,Bcell
G-6206,all,54,27,9929,1247,25,59866,0,0,0,0,0,G,5,Megakaryocyte/Platelet,53,27,2,2,2_6,pDC
G-6207,all,30,22,9363,1282,41,19988,0,0,0,0,0,G,5,Alveolar macrophage,37,22,8,8,8_1,AlveolarMac
G-6208,all,48,30,10186,1383,23,95871,0,0,0,0,0,G,11,Pericyte,48,30,5,5,5_3,Pericyte
G-6209,all,38,24,10511,620,38,30754,0,0,0,0,0,G,7,Sox9+/Id2+ epithelial cell,43,25,2,2,2_2,InflamMac
G-6210,all,75,27,10022,1680,31,87380,0,0,0,0,0,G,27,Capillary 1 cell,54,28,2,2,2_1,Capillary
G-6211,all,53,37,10057,1436,10,87994,0,0,0,0,0,G,9,Mature DC subset,53,37,2,2,2_1,Capillary
G-6213,all,43,21,10602,419,20,54749,0,0,0,0,0,G,5,B cell,44,21,2,2,2_6,pDC
G-6217,all,132,48,10555,1175,27,95414,0,0,0,0,0,G,8,Alveolar fibroblast 1,49,29,8,8,8_1,AlveolarMac
G-6218,all,47,23,10589,1145,38,57080,0,0,0,0,0,G,3,Proliferative mesenchymal progenitor cell,47,23,8,8,8_1,AlveolarMac
G-6219,all,107,48,10751,382,22,97738,0,0,0,0,0,G,10,Natural killer cell,49,33,3,3,3_5,SMC
G-6220,all,69,38,9674,558,6,62389,0,0,0,0,0,G,3,Alveolar macrophage,56,38,8,8,8_2,InterstitialMac
G-6221,all,64,14,11064,85,21,59552,0,0,0,0,0,G,50,Alveolar type 2 cell,52,14,1,1,1_3,AT2
G-6222,all,91,38,10659,893,14,70036,0,0,0,0,0,G,28,Alveolar fibroblast 1,61,38,2,2,2_6,pDC
G-6224,all,18,14,10986,60,24,24994,0,0,0,0,0,G,2,B cell,36,14,9,9,9,Bcell
G-6225,all,132,50,9798,216,13,90821,424,161,263,0.379717,0.620283,G,53,Alveolar type 2 cell,49,27,1,1,1_1,AT2
G-6226,all,40,15,10543,455,28,33860,0,0,0,0,0,G,25,Alveolar type 2 cell,44,16,2,2,2_4,Artery
G-6227,all,44,21,10394,345,18,47780,0,0,0,0,0,G,6,Natural killer cell,46,22,2,2,2_2,InflamMac
G-6230,all,37,24,9623,1398,12,24631,0,0,0,0,0,G,6,Alveolar fibroblast 1,41,24,2,2,2_3,Vein
G-6231,all,62,32,10897,432,37,63122,0,0,0,0,0,G,4,Capillary 2 cell,55,32,2,2,2_6,pDC
G-6232,all,26,19,10760,1571,26,46183,0,0,0,0,0,G,3,Sox9+/Id2+ epithelial cell,43,20,1,1,1_6_2,Neutrophil
G-6233,all,97,45,10224,848,28,66462,0,0,0,0,0,G,4,Arterial endothelial cell,60,43,7,7,7_3,Tcell (CD8)
G-6235,all,68,28,9762,899,16,54470,0,0,0,0,0,G,14,Sox9+/Id2+ epithelial cell,50,29,2,2,2_1,Capillary
G-6237,all,77,26,11085,900,27,87650,0,0,0,0,0,G,30,Sox9+/Id2+ epithelial cell,55,26,1,1,1_3,AT2
G-6239,all,117,49,10780,213,26,101758,0,0,0,0,0,G,9,Alveolar type 2 cell,44,26,2,2,2_3,Vein
G-6240,all,98,42,10940,104,30,83547,0,0,0,0,0,G,6,B cell,61,38,2,2,2_2,InflamMac
G-6241,all,85,23,9383,1760,16,49967,0,0,0,0,0,G,64,Capillary 1 cell,57,23,1,1,1_1,AT2
G-6243,all,54,29,9309,1623,31,69647,0,0,0,0,0,G,7,Endothelial progenitor cell,52,30,2,2,2_2,InflamMac
G-6246,all,52,21,9973,917,12,19308,1325,0,1325,0,1,G,3,Sox9+/Id2+ epithelial cell,51,21,2,2,2_6,pDC
G-6247,all,43,23,10570,386,14,39635,0,0,0,0,0,G,13,Inflammatory monocyte,44,23,2,2,2_6,pDC
G-6248,all,50,26,9726,510,21,38900,0,0,0,0,0,G,3,Natural killer cell,50,26,7,7,7_2,PatrolMac
G-6249,all,29,13,11086,944,26,63098,0,0,0,0,0,G,18,B cell,42,13,9,9,9,Bcell
G-6250,all,11,5,10029,1893,30,31842,0,0,0,0,0,G,6,Sox9+/Id2+ epithelial cell,40,5,1,1,1_1,AT2
G-6251,all,91,44,10568,1438,34,85375,0,0,0,0,0,G,19,Alveolar macrophage,59,43,8,8,8_1,AlveolarMac
G-6252,all,53,30,9815,810,18,59085,0,0,0,0,0,G,6,Capillary 1 cell,54,31,2,2,2_1,Capillary
G-6253,all,34,26,10601,1354,33,71089,0,0,0,0,0,G,9,Vascular smooth muscle cell,39,27,3,3,3_2,SMC
G-6256,all,26,18,10244,563,5,17594,0,0,0,0,0,G,3,Endothelial progenitor cell,46,19,2,2,2_1,Capillary
G-6257,all,43,27,9975,645,15,60457,0,0,0,0,0,G,9,Pericyte,43,27,5,5,5_1,Pericyte
G-6258,all,192,56,9627,1116,18,117477,0,0,0,0,0,G,21,Alveolar type 1 cell,52,29,6,6,6,AT1
G-6259,all,52,26,10727,402,35,46551,0,0,0,0,0,G,7,Inflammatory monocyte,52,26,5,5,5_3,Pericyte
G-6264,all,53,28,10124,1826,17,60573,0,0,0,0,0,G,6,Capillary 2 cell,52,28,2,2,2_6,pDC
G-6265,all,28,18,9905,1764,37,52237,0,0,0,0,0,G,4,Pericyte,41,18,5,5,5_1,Pericyte
G-6266,all,29,21,9840,953,36,31738,0,0,0,0,0,G,5,Pericyte,37,21,5,5,5_1,Pericyte
G-6267,all,108,44,10403,646,13,70166,0,0,0,0,0,G,6,Alveolar fibroblast 1,52,32,1,1,1_5_2,AlveolarFib
G-6268,all,65,33,10980,692,31,77111,0,0,0,0,0,G,3,Inflammatory monocyte,57,34,2,2,2_2,InflamMac
G-6269,all,48,26,10238,667,38,48843,0,0,0,0,0,G,5,Pericyte,50,27,3,3,3_5,SMC
G-6272,all,82,37,10616,728,20,85425,0,0,0,0,0,G,8,Capillary 1 cell,60,37,2,2,2_6,pDC
G-6274,all,38,25,10105,771,24,36668,0,0,0,0,0,G,3,Sox9+/Id2+ epithelial cell,42,25,6,6,6,AT1
G-6275,all,37,20,9789,866,8,22585,0,0,0,0,0,G,16,Alveolar type 2 cell,42,20,1,1,1_1,AT2
G-6276,all,25,15,11122,843,23,47440,0,0,0,0,0,G,15,Ciliated cell,47,15,2,2,2_6,pDC
G-6277,all,87,51,9696,1406,34,69135,0,0,0,0,0,G,8,Alveolar macrophage,62,51,8,8,8_1,AlveolarMac
G-6282,all,47,22,10143,1504,38,31367,0,0,0,0,0,G,6,Alveolar type 1 cell,47,22,6,6,6,AT1
G-6283,all,129,24,11077,798,20,95202,0,0,0,0,0,G,94,Alveolar type 2 cell,48,12,1,1,1_3,AT2
G-6285,all,54,30,10557,64,14,52859,0,0,0,0,0,G,3,Sox9+/Id2+ epithelial cell,52,30,2,2,2_3,Vein
G-6292,all,55,28,9430,1270,37,27655,0,0,0,0,0,G,3,Natural killer cell,54,29,2,2,2_2,InflamMac
G-6294,all,18,12,10696,1646,24,35472,0,0,0,0,0,G,6,CD8+ T cell,38,12,2,2,2_1,Capillary
G-6295,all,190,33,9871,93,29,87045,12438,6649,5789,0.5345715,0.4654285,G,76,Alveolar type 2 cell,55,14,1,1,1_1,AT2
G-6296,all,81,42,9972,716,26,65886,0,0,0,0,0,G,4,Neutrophil,62,42,2,2,2_6,pDC
G-6297,all,85,45,10493,1405,34,87625,0,0,0,0,0,G,25,Alveolar fibroblast 1,62,45,2,2,2_4,Artery
G-6298,all,45,26,10835,1002,33,60834,0,0,0,0,0,G,6,Inflammatory monocyte,44,25,2,2,2_1,Capillary
G-6299,all,41,25,10526,1238,30,81051,0,0,0,0,0,G,7,Pericyte,41,25,5,5,5_1,Pericyte
G-6301,all,24,11,10192,595,22,19367,0,0,0,0,0,G,9,Sox9+/Id2+ epithelial cell,45,11,2,2,2_1,Capillary
G-6302,all,36,8,10055,723,40,17341,41926,40540,1386,0.9669418,0.03305825,G,27,Alveolar type 2 cell,45,8,1,1,1_1,AT2
G-6304,all,61,30,9631,1972,27,60424,0,0,0,0,0,G,31,Alveolar type 2 cell,55,30,1,1,1_1,AT2
G-6307,all,77,18,10481,643,31,44552,624,1025,0,1,0,G,47,Alveolar type 2 cell,54,18,1,1,1_3,AT2
G-6308,all,49,16,9745,1220,11,36794,0,0,0,0,0,G,29,Alveolar type 2 cell,49,16,1,1,1_1,AT2
G-6309,all,17,12,9333,1581,38,30358,0,0,0,0,0,G,2,Natural killer cell,35,13,1,1,1_6_2,Neutrophil
G-6311,all,26,15,10513,476,38,35742,0,0,0,0,0,G,10,Sox9+/Id2+ epithelial cell,49,15,6,6,6,AT1
G-6317,all,17,7,9387,1711,9,15857,0,0,0,0,0,G,5,CD8+ T cell,34,7,7,7,7_2,PatrolMac
G-6319,all,85,34,9753,481,25,66368,0,0,0,0,0,G,4,Innate lymphoid cell,57,35,2,2,2_5,DC
G-6320,all,21,12,10713,1594,21,44083,0,0,0,0,0,G,3,Arterial endothelial cell,40,13,2,2,2_4,Artery
G-6321,all,50,24,9616,1038,10,26973,0,0,0,0,0,G,11,Alveolar type 1 cell,50,24,6,6,6,AT1
G-6322,all,96,39,9706,1354,21,79468,0,0,0,0,0,G,30,Capillary 2 cell,61,38,2,2,2_2,InflamMac
G-6326,all,107,49,10721,215,29,94898,0,0,0,0,0,G,2,Alveolar type 1 cell,53,30,6,6,6,AT1
G-6327,all,124,46,10977,148,33,75417,0,0,0,0,0,G,8,Alveolar type 1 cell,42,21,3,3,3_6,SCMF
G-6328,all,56,30,9877,40,19,67344,0,0,0,0,0,G,5,Inflammatory monocyte,55,30,5,5,5_3,Pericyte
G-6329,all,64,30,10724,496,28,94635,0,0,0,0,0,G,5,Alveolar type 1 cell,56,30,6,6,6,AT1
G-6331,all,69,30,10938,856,30,85613,0,0,0,0,0,G,6,Capillary 1 cell,55,30,2,2,2_1,Capillary
G-6333,all,24,17,10082,1841,19,72179,0,0,0,0,0,G,2,Alveolar fibroblast 1,45,18,3,3,3_5,SMC
G-6334,all,46,28,9804,1935,20,112824,0,0,0,0,0,G,10,Pericyte,46,28,5,5,5_1,Pericyte
G-6335,all,16,16,10751,713,13,42277,0,0,0,0,0,G,2,Capillary 1 cell,33,16,2,2,2_3,Vein
G-6336,all,53,23,9798,369,22,56591,0,0,0,0,0,G,3,B cell,52,23,9,9,9,Bcell
G-6337,all,56,28,9521,960,35,44821,0,0,0,0,0,G,14,Sox9+/Id2+ epithelial cell,53,28,7,7,7_3,Tcell (CD8)
G-6342,all,58,34,10228,1273,13,73876,0,0,0,0,0,G,3,Proliferative mesenchymal progenitor cell,54,34,2,2,2_1,Capillary
G-6343,all,107,47,9668,1152,21,92494,0,0,0,0,0,G,15,Capillary 1 cell,56,35,2,2,2_2,InflamMac
G-6344,all,101,43,9944,1327,23,79852,0,0,0,0,0,G,9,Venous endothelial cell,65,40,1,1,1_5_1,LymphaticEndo
G-6345,all,101,34,11042,874,16,76642,0,0,0,0,0,G,7,Alveolar type 1 cell,54,30,6,6,6,AT1
G-6347,all,33,15,10807,1679,18,64915,0,0,0,0,0,G,18,Secondary crest myofibroblast,43,16,3,3,3_1,SMC
G-6350,all,107,51,10558,1338,23,112502,0,0,0,0,0,G,8,Alveolar fibroblast 1,57,37,1,1,1_5_2,AlveolarFib
G-6351,all,70,31,9796,317,22,63432,370,0,370,0,1,G,16,Alveolar type 2 cell,53,31,1,1,1_1,AT2
G-6354,all,135,58,10568,1048,16,115729,0,0,0,0,0,G,21,Capillary 1 cell,42,28,7,7,7_2,PatrolMac
G-6355,all,38,23,10757,1660,28,52084,0,0,0,0,0,G,17,Alveolar type 2 cell,43,23,1,1,1_3,AT2
G-6356,all,189,54,10064,800,21,122008,0,270,0,1,0,G,49,Alveolar type 1 cell,53,28,6,6,6,AT1
G-6357,all,74,36,10186,723,39,36653,0,0,0,0,0,G,3,Alveolar fibroblast 1,58,36,9,9,9,Bcell
G-6359,all,26,13,9367,1732,13,22651,0,0,0,0,0,G,17,Alveolar type 2 cell,47,13,1,1,1_3,AT2
G-6360,all,68,42,10403,388,26,60066,0,0,0,0,0,G,4,Inflammatory monocyte,63,42,1,1,1_5_2,AlveolarFib
G-6362,all,32,16,9963,605,9,22824,69158,50879,18279,0.7356922,0.2643078,G,12,Sox9+/Id2+ epithelial cell,42,16,1,1,1_1,AT2
G-6363,all,103,40,9594,1421,21,81045,0,0,0,0,0,G,9,Inflammatory monocyte,57,32,2,2,2_6,pDC
G-6364,all,164,25,9943,881,11,40436,605457,443603,281115,0.6121043,0.3878957,G,59,Alveolar type 2 cell,52,9,1,1,1_3,AT2
G-6366,all,42,26,9966,1265,34,45092,0,0,0,0,0,G,2,Proliferative mesenchymal progenitor cell,44,27,3,3,3_1,SMC
G-6367,all,33,21,10378,146,9,33974,0,0,0,0,0,G,2,Capillary 1 cell,39,20,2,2,2_1,Capillary
G-6368,all,74,40,9855,217,25,86082,114,0,114,0,1,G,8,Sox9+/Id2+ epithelial cell,58,40,2,2,2_6,pDC
G-6369,all,95,51,10188,805,19,74324,0,0,0,0,0,G,16,Pericyte,66,51,5,5,5_1,Pericyte
G-6370,all,144,39,9500,1114,15,59169,0,0,0,0,0,G,86,Alveolar type 2 cell,47,16,1,1,1_1,AT2
G-6371,all,24,18,9278,217,9,18690,0,0,0,0,0,G,2,Alveolar fibroblast 1,43,18,1,1,1_5_2,AlveolarFib
G-6373,all,107,45,9755,1316,27,73002,0,0,0,0,0,G,5,Inflammatory monocyte,46,25,2,2,2_2,InflamMac
G-6374,all,58,30,9746,396,8,38318,0,0,0,0,0,G,4,Alveolar fibroblast 1,56,30,2,2,2_6,pDC
G-6375,all,34,22,10948,64,32,43134,0,0,0,0,0,G,2,B cell,42,23,1,1,1_4_1,AlveolarFib
G-6376,all,27,18,10745,1598,24,64689,0,0,0,0,0,G,2,Arterial endothelial cell,43,18,2,2,2_4,Artery
G-6377,all,14,11,9687,1288,13,20940,0,0,0,0,0,G,3,B cell,30,11,2,2,2_1,Capillary
G-6378,all,16,9,9725,1318,23,16675,0,0,0,0,0,G,7,Alveolar type 2 cell,38,10,2,2,2_2,InflamMac
G-6380,all,79,24,10120,162,24,48784,6729,2603,4742,0.3543907,0.6456093,G,18,Alveolar type 2 cell,55,24,1,1,1_3,AT2
G-6383,all,60,33,11041,666,31,97211,0,0,0,0,0,G,10,Alveolar type 1 cell,56,33,6,6,6,AT1
G-6385,all,39,23,10708,126,39,46040,0,0,0,0,0,G,2,Alveolar fibroblast 1,42,23,3,3,3_4,AdventitialFib
G-6387,all,120,55,9774,681,28,91424,0,0,0,0,0,G,27,Capillary 2 cell,42,27,2,2,2_1,Capillary
G-6388,all,25,20,10341,475,10,37149,0,0,0,0,0,G,7,Inflammatory monocyte,44,20,9,9,9,Bcell
G-6390,all,77,39,10646,502,26,93142,653,0,653,0,1,G,6,Capillary 1 cell,56,38,2,2,2_1,Capillary
G-6391,all,165,55,10027,828,15,99696,1057,51,736,0.06480305,0.935197,G,21,Alveolar type 1 cell,49,29,6,6,6,AT1
G-6395,all,176,42,10086,144,31,88854,76311,12578,63117,0.1661669,0.8338331,G,34,Alveolar type 2 cell,50,15,1,1,1_3,AT2
G-6398,all,109,39,10672,855,15,73765,0,0,0,0,0,G,60,Alveolar type 2 cell,54,30,1,1,1_3,AT2
G-6400,all,57,15,11050,170,18,29111,0,0,0,0,0,G,41,Sox9+/Id2+ epithelial cell,51,15,1,1,1_3,AT2
G-6403,all,13,12,11148,851,28,39884,0,0,0,0,0,G,2,Sox9+/Id2+ epithelial cell,30,12,2,2,2_3,Vein
G-6405,all,43,29,10390,1256,36,36736,0,0,0,0,0,G,3,Arterial endothelial cell,44,29,2,2,2_4,Artery
G-6406,all,94,21,10466,673,33,42599,2402,2001,0,1,0,G,55,Alveolar type 2 cell,56,20,1,1,1_1,AT2
G-6407,all,48,21,10733,1516,15,56321,0,0,0,0,0,G,20,Sox9+/Id2+ epithelial cell,48,21,1,1,1_1,AT2
G-6408,all,40,24,10292,920,26,52832,0,0,0,0,0,G,11,Pericyte,42,24,5,5,5_1,Pericyte
G-6410,all,12,9,10219,96,30,23247,0,0,0,0,0,G,2,Proliferative mesenchymal progenitor cell,33,9,5,5,5_1,Pericyte
G-6414,all,63,27,10154,168,17,51127,1912,0,1912,0,1,G,8,Sox9+/Id2+ epithelial cell,55,27,1,1,1_3,AT2
G-6415,all,71,12,9882,1383,10,26814,0,0,0,0,0,G,64,Alveolar type 2 cell,51,12,1,1,1_3,AT2
G-6418,all,76,40,9422,1176,17,46085,0,0,0,0,0,G,2,Mesothelial cell,58,40,3,3,3_3,AdventitialFib
G-6422,all,40,17,9834,1147,16,36827,0,0,0,0,0,G,5,Capillary 1 cell,44,17,2,2,2_3,Vein
G-6424,all,169,53,9898,849,18,90745,166,0,166,0,1,G,15,Alveolar type 1 cell,46,22,8,8,8_1,AlveolarMac
G-6425,all,22,12,10713,1022,38,21210,0,0,0,0,0,G,2,Proliferative mesenchymal progenitor cell,40,13,3,3,3_1,SMC
G-6428,all,21,16,9986,751,18,43219,0,0,0,0,0,G,3,B cell,38,16,9,9,9,Bcell
G-6429,all,43,16,11054,40,14,50510,0,0,0,0,0,G,21,B cell,45,16,1,1,1_1,AT2
G-6431,all,36,18,9814,844,15,23710,0,0,0,0,0,G,22,B cell,41,18,9,9,9,Bcell
G-6433,all,50,28,9867,1808,25,115864,0,0,0,0,0,G,2,Alveolar fibroblast 1,53,29,1,1,1_5_2,AlveolarFib
G-6438,all,44,26,9553,1947,31,87508,0,0,0,0,0,G,5,Natural killer cell,49,28,2,2,2_5,DC
G-6440,all,88,35,10068,762,35,43479,0,0,0,0,0,G,7,Mesothelial cell,58,33,6,6,6,AT1
G-6443,all,76,31,9918,135,18,88324,0,0,0,0,0,G,8,Capillary 1 cell,51,31,2,2,2_3,Vein
G-6444,all,87,43,10770,1690,24,95272,0,0,0,0,0,G,20,Interstitial macrophage,60,42,3,3,3_1,SMC
G-6445,all,78,39,9911,1308,26,87003,0,0,0,0,0,G,11,Alveolar fibroblast 1,58,40,2,2,2_1,Capillary
G-6446,all,21,15,10278,612,20,98174,0,0,0,0,0,G,4,Endothelial progenitor cell,41,15,2,2,2_6,pDC
G-6447,all,48,32,9452,1496,20,69298,0,0,0,0,0,G,3,B cell,48,32,7,7,7_2,PatrolMac
G-6448,all,21,13,9611,923,6,24275,0,0,0,0,0,G,2,Pericyte,38,13,5,5,5_3,Pericyte
G-6449,all,45,23,10979,955,38,71436,0,0,0,0,0,G,3,Capillary 1 cell,46,23,2,2,2_3,Vein
G-6451,all,172,34,9906,1184,13,96757,0,0,0,0,0,G,113,Alveolar type 2 cell,48,16,1,1,1_1,AT2
G-6453,all,88,30,9709,1198,12,67751,0,0,0,0,0,G,59,Alveolar type 2 cell,58,28,1,1,1_1,AT2
G-6460,all,123,50,9997,782,18,118654,0,0,0,0,0,G,13,Arterial endothelial cell,45,24,2,2,2_3,Vein
G-6462,all,23,13,10349,162,6,30076,0,0,0,0,0,G,4,Alveolar fibroblast 1,44,14,3,3,3_1,SMC
G-6463,all,136,50,9629,796,23,117512,0,0,0,0,0,G,19,Arterial endothelial cell,49,27,3,3,3_5,SMC
G-6465,all,45,24,10459,320,14,39505,0,0,0,0,0,G,4,Pericyte,46,24,2,2,2_6,pDC
G-6466,all,29,16,9624,1934,19,54741,0,0,0,0,0,G,11,Pericyte,40,16,5,5,5_3,Pericyte
G-6467,all,49,20,9703,1242,13,38642,0,0,0,0,0,G,27,Alveolar type 2 cell,49,20,2,2,2_6,pDC
G-6471,all,62,32,9875,1123,19,47338,0,0,0,0,0,G,6,Capillary 1 cell,52,32,2,2,2_3,Vein
G-6473,all,50,28,9560,1004,26,46458,0,0,0,0,0,G,3,Inflammatory monocyte,51,29,3,3,3_5,SMC
G-6474,all,44,21,11021,62,17,58174,0,0,0,0,0,G,20,Capillary 2 cell,45,21,1,1,1_1,AT2
G-6475,all,66,35,10054,1552,31,72698,0,0,0,0,0,G,8,Arterial endothelial cell,58,35,2,2,2_4,Artery
G-6479,all,189,54,10757,266,27,108596,0,0,0,0,0,G,102,Alveolar type 2 cell,51,24,1,1,1_1,AT2
G-6482,all,23,10,10684,924,15,10221,0,0,0,0,0,G,16,Arterial endothelial cell,44,11,2,2,2_4,Artery
G-6483,all,25,16,11110,816,20,60504,0,0,0,0,0,G,10,Inflammatory monocyte,46,16,2,2,2_6,pDC
G-6486,all,22,12,9583,1026,7,18210,0,0,0,0,0,G,2,Natural killer cell,41,13,2,2,2_2,InflamMac
G-6487,all,158,65,10126,801,23,111564,0,0,0,0,0,G,10,Interstitial macrophage,46,29,8,8,8_1,AlveolarMac
G-6491,all,30,18,9686,677,37,36903,0,0,0,0,0,G,3,Alveolar fibroblast 1,39,19,1,1,1_5_2,AlveolarFib
G-6493,all,10,4,9550,1462,7,6713,0,0,0,0,0,G,6,Sox9+/Id2+ epithelial cell,35,4,1,1,1_1,AT2
G-6494,all,69,33,9583,975,26,44232,0,0,0,0,0,G,2,Endothelial progenitor cell,56,33,2,2,2_6,pDC
G-6495,all,44,8,9748,1966,33,40025,0,0,0,0,0,G,39,Sox9+/Id2+ epithelial cell,47,8,1,1,1_1,AT2
G-6498,all,31,13,11150,161,39,23754,0,0,0,0,0,G,2,Venous endothelial cell,40,14,1,1,1_5_2,AlveolarFib
G-6500,all,146,36,9490,1146,16,68488,0,0,0,0,0,G,90,Alveolar type 2 cell,47,18,1,1,1_3,AT2
G-6503,all,70,44,10335,94,24,87443,0,0,0,0,0,G,3,Innate lymphoid cell,55,45,1,1,1_5_2,AlveolarFib
G-6504,all,73,38,9771,1746,21,93269,0,0,0,0,0,G,7,Natural killer cell,57,39,2,2,2_2,InflamMac
G-6506,all,19,6,10717,913,13,14253,0,0,0,0,0,G,13,Sox9+/Id2+ epithelial cell,43,6,1,1,1_1,AT2
G-6507,all,56,27,10605,814,33,49512,0,0,0,0,0,G,2,Alveolar type 1 cell,53,27,6,6,6,AT1
G-6512,all,20,13,10283,561,14,24980,0,0,0,0,0,G,4,Endothelial progenitor cell,38,13,2,2,2_6,pDC
G-6513,all,125,45,9821,896,17,79542,0,0,0,0,0,G,10,Inflammatory monocyte,44,19,7,7,7_2,PatrolMac
G-6514,all,173,54,10515,423,21,115074,0,0,0,0,0,G,65,Alveolar type 2 cell,46,24,1,1,1_1,AT2
G-6517,all,164,31,9984,881,10,44838,1337034,603185,563381,0.5170603,0.4829397,G,41,Alveolar type 2 cell,51,12,1,1,1_3,AT2
G-6519,all,17,9,10142,841,6,13436,0,0,0,0,0,G,3,Capillary 1 cell,35,9,8,8,8_3,InterstitialMac
G-6520,all,22,11,10586,89,16,18736,0,0,0,0,0,G,4,Inflammatory monocyte,41,12,2,2,2_2,InflamMac
G-6521,all,32,16,9412,1239,38,23997,0,0,0,0,0,G,3,Capillary 2 cell,43,17,2,2,2_2,InflamMac
G-6524,all,14,8,9552,940,4,5322,0,0,0,0,0,G,7,Sox9+/Id2+ epithelial cell,34,8,1,1,1_1,AT2
G-6525,all,69,27,10453,529,34,26940,0,0,0,0,0,G,7,Neutrophil,54,27,3,3,3_6,SCMF
G-6526,all,12,4,9408,1727,9,14741,0,0,0,0,0,G,7,Alveolar type 2 cell,36,4,1,1,1_1,AT2
G-6528,all,104,39,10227,797,22,63846,0,0,0,0,0,G,6,Sox9+/Id2+ epithelial cell,59,32,5,5,5_3,Pericyte
G-6535,all,6,5,10578,722,4,6182,0,0,0,0,0,G,2,Capillary 1 cell,30,7,2,2,2_1,Capillary
G-6536,all,39,15,9956,933,15,20178,33723,0,33723,0,1,G,6,Capillary 1 cell,45,16,2,2,2_1,Capillary
G-6538,all,35,10,9687,1329,8,17674,0,0,0,0,0,G,25,Alveolar type 2 cell,46,10,1,1,1_1,AT2
G-6543,all,80,44,9685,3439,25,84653,0,0,0,0,0,G,18,Secondary crest myofibroblast,59,45,3,3,3_2,SMC
G-6545,all,54,28,9961,2535,33,54157,0,0,0,0,0,G,10,Innate lymphoid cell,54,29,2,2,2_2,InflamMac
G-6547,all,81,36,10143,2325,30,69904,0,0,0,0,0,G,8,Alveolar type 1 cell,58,36,2,2,2_1,Capillary
G-6549,all,39,9,10068,3748,29,32041,0,0,0,0,0,G,33,Alveolar type 2 cell,46,9,1,1,1_1,AT2
G-6551,all,109,48,9825,3395,19,84752,0,0,0,0,0,G,36,Pericyte,61,39,5,5,5_1,Pericyte
G-6552,all,55,30,9915,2516,32,52196,0,0,0,0,0,G,9,Alveolar fibroblast 1,54,30,1,1,1_5_1,LymphaticEndo
G-6553,all,65,26,10996,2942,23,71846,0,0,0,0,0,G,19,Pericyte,52,26,5,5,5_1,Pericyte
G-6555,all,32,19,11153,2831,36,38305,0,0,0,0,0,G,3,Capillary 1 cell,39,19,2,2,2_1,Capillary
G-6556,all,112,28,9958,3254,13,39673,0,0,0,0,0,G,14,Alveolar type 1 cell,47,14,6,6,6,AT1
G-6557,all,135,35,9554,3670,16,85815,0,0,0,0,0,G,25,Alveolar type 1 cell,47,18,6,6,6,AT1
G-6558,all,51,36,11011,3262,29,81247,0,0,0,0,0,G,6,Capillary 1 cell,50,35,2,2,2_1,Capillary
G-6559,all,146,37,10091,3794,29,82601,0,0,0,0,0,G,52,Alveolar fibroblast 1,50,18,2,2,2_4,Artery
G-6561,all,78,39,11117,3672,26,69182,0,0,0,0,0,G,28,Capillary 1 cell,58,39,4,4,4_1_2,CiliatedEpi
G-6563,all,65,30,9359,2479,21,66680,0,0,0,0,0,G,10,Pericyte,55,30,5,5,5_3,Pericyte
G-6565,all,25,14,10970,2652,10,23258,0,0,0,0,0,G,3,Endothelial progenitor cell,44,14,8,8,8_1,AlveolarMac
G-6566,all,52,17,10264,3755,19,21198,0,0,0,0,0,G,32,Alveolar type 2 cell,50,17,1,1,1_1,AT2
G-6567,all,86,41,9488,2595,34,72040,0,0,0,0,0,G,7,Inflammatory monocyte,61,41,2,2,2_2,InflamMac
G-6568,all,34,23,9388,2510,25,41262,0,0,0,0,0,G,3,Capillary 2 cell,43,24,2,2,2_2,InflamMac
G-6569,all,58,13,9413,2848,25,42118,0,0,0,0,0,G,50,Alveolar type 2 cell,50,13,1,1,1_1,AT2
G-6570,all,19,14,9704,2850,10,37439,0,0,0,0,0,G,3,Capillary 1 cell,40,15,2,2,2_2,InflamMac
G-6571,all,29,20,9770,3692,17,40169,0,0,0,0,0,G,8,Sox9+/Id2+ epithelial cell,38,20,1,1,1_1,AT2
G-6572,all,126,29,9914,3584,16,80197,0,0,0,0,0,G,24,Alveolar type 1 cell,49,18,6,6,6,AT1
G-6574,all,46,21,11053,2782,36,42309,0,0,0,0,0,G,3,Alveolar macrophage,47,21,2,2,2_1,Capillary
G-6575,all,27,12,10616,3568,17,41827,0,0,0,0,0,G,14,Pericyte,43,12,5,5,5_1,Pericyte
G-6579,all,36,24,9687,2912,34,34049,0,0,0,0,0,G,13,Pericyte,39,24,5,5,5_3,Pericyte
G-6580,all,54,32,11151,2595,24,65450,0,0,0,0,0,G,3,Innate lymphoid cell,53,32,6,6,6,AT1
G-6582,all,15,12,9393,3628,37,28885,0,0,0,0,0,G,3,Pericyte,32,12,5,5,5_1,Pericyte
G-6583,all,29,20,10682,3559,16,61509,0,0,0,0,0,G,9,Inflammatory monocyte,37,20,3,3,3_1,SMC
G-6584,all,122,50,9515,2468,12,93025,0,0,0,0,0,G,30,Alveolar macrophage,43,21,8,8,8_1,AlveolarMac
G-6585,all,65,28,11100,2705,21,68555,0,0,0,0,0,G,13,Arterial endothelial cell,53,28,2,2,2_4,Artery
G-6586,all,69,36,9849,2033,32,70904,0,0,0,0,0,G,12,Alveolar fibroblast 1,59,35,1,1,1_5_1,LymphaticEndo
G-6587,all,125,44,9799,2492,13,96092,0,0,0,0,0,G,26,Alveolar fibroblast 1,44,23,1,1,1_5_1,LymphaticEndo
G-6588,all,79,24,9830,2589,18,58357,0,0,0,0,0,G,44,Alveolar type 2 cell,55,24,1,1,1_1,AT2
G-6590,all,74,32,9911,3281,18,86240,0,0,0,0,0,G,11,Alveolar fibroblast 1,53,33,1,1,1_4_3,AlveolarFib
G-6591,all,39,23,9745,3645,31,60189,0,0,0,0,0,G,13,Inflammatory monocyte,42,23,9,9,9,Bcell
G-6592,all,69,22,10137,2500,17,41885,0,0,0,0,0,G,47,Alveolar fibroblast 1,55,22,1,1,1_1,AT2
G-6593,all,34,19,10807,2990,12,75211,0,0,0,0,0,G,8,Secondary crest myofibroblast,43,19,7,7,7_3,Tcell (CD8)
G-6594,all,20,15,9988,3667,25,43024,0,0,0,0,0,G,2,Alveolar fibroblast 1,38,15,3,3,3_4,AdventitialFib
G-6597,all,73,38,9380,2663,20,83085,0,0,0,0,0,G,17,Pericyte,53,38,5,5,5_1,Pericyte
G-6599,all,175,48,10028,2136,29,77924,0,0,0,0,0,G,44,Alveolar type 1 cell,49,23,6,6,6,AT1
G-6601,all,112,36,9832,2187,22,99300,0,0,0,0,0,G,18,Alveolar type 1 cell,46,20,6,6,6,AT1
G-6602,all,29,13,9964,1983,27,51984,0,0,0,0,0,G,3,Venous endothelial cell,41,13,2,2,2_3,Vein
G-6603,all,86,39,9752,2435,13,80230,0,0,0,0,0,G,12,Venous endothelial cell,58,39,1,1,1_5_2,AlveolarFib
G-6604,all,32,6,9688,3669,12,16265,0,0,0,0,0,G,31,Alveolar type 2 cell,44,6,1,1,1_3,AT2
G-6606,all,174,71,9561,2871,31,138796,0,0,0,0,0,G,22,Alveolar type 1 cell,48,33,6,6,6,AT1
G-6608,all,20,9,10076,2275,12,26923,0,0,0,0,0,G,3,Alveolar type 1 cell,41,9,6,6,6,AT1
G-6609,all,68,26,10409,3480,23,91226,0,0,0,0,0,G,13,Alveolar fibroblast 1,53,27,1,1,1_4_3,AlveolarFib
G-6610,all,76,35,9316,2672,32,69078,0,0,0,0,0,G,19,Venous endothelial cell,57,36,2,2,2_2,InflamMac
G-6611,all,55,25,10955,2950,25,68504,0,0,0,0,0,G,22,Sox9+/Id2+ epithelial cell,52,25,2,2,2_1,Capillary
G-6615,all,44,9,10830,3447,39,33061,0,0,0,0,0,G,38,Sox9+/Id2+ epithelial cell,47,9,1,1,1_1,AT2
G-6616,all,76,17,9735,2995,36,34078,0,0,0,0,0,G,61,Alveolar type 2 cell,52,18,3,3,3_1,SMC
G-6617,all,33,19,9276,3623,22,64835,0,0,0,0,0,G,2,Proliferative mesenchymal progenitor cell,43,20,3,3,3_1,SMC
G-6618,all,58,27,10981,2598,22,69553,0,0,0,0,0,G,14,Inflammatory monocyte,54,27,7,7,7_4,PatrolMac
G-6619,all,178,68,9677,2647,34,117745,0,0,0,0,0,G,34,Alveolar fibroblast 1,51,33,2,2,2_4,Artery
G-6620,all,37,15,11077,3323,8,35360,164,0,164,0,1,G,10,Arterial endothelial cell,44,16,1,1,1_4_3,AlveolarFib
G-6622,all,246,27,10657,3708,23,69787,0,0,0,0,0,G,222,Ciliated cell,42,27,4,4,4_2,CiliatedEpi
G-6627,all,67,30,10875,3510,17,91168,0,0,0,0,0,G,19,Pericyte,56,30,5,5,5_1,Pericyte
G-6630,all,77,33,9866,2489,24,92102,0,0,0,0,0,G,5,Inflammatory monocyte,54,33,5,5,5_3,Pericyte
G-6631,all,29,10,10083,2172,34,32115,0,0,0,0,0,G,5,Neutrophil,40,11,1,1,1_4_3,AlveolarFib
G-6634,all,243,23,10986,3562,18,52862,0,0,0,0,0,G,209,Secretory cell,57,5,4,4,4_2,ClubEpi
G-6636,all,11,7,10844,3319,4,14049,0,0,0,0,0,G,4,CD8+ T cell,29,8,2,2,2_2,InflamMac
G-6639,all,87,17,10502,3717,14,49552,0,0,0,0,0,G,30,Alveolar type 1 cell,54,17,6,6,6,AT1
G-6640,all,186,16,10532,3729,12,43447,635,0,635,0,1,G,168,Capillary 1 cell,42,16,4,4,4_2,CiliatedEpi
G-6643,all,14,10,9361,3581,35,35487,0,0,0,0,0,G,6,Alveolar fibroblast 1,32,10,1,1,1_5_1,LymphaticEndo
G-6644,all,101,26,10576,3479,22,82315,0,0,0,0,0,G,69,Alveolar type 2 cell,55,22,1,1,1_1,AT2
G-6648,all,19,10,9732,3162,36,68027,52,0,52,0,1,G,4,Sox9+/Id2+ epithelial cell,38,12,2,2,2_5,DC
G-6649,all,26,21,9861,2769,32,44014,0,0,0,0,0,G,3,Alveolar type 1 cell,49,21,5,5,5_3,Pericyte
G-6650,all,109,54,10703,2937,17,77009,0,0,0,0,0,G,22,Ciliated cell,51,35,2,2,2_2,InflamMac
G-6651,all,66,29,10471,3756,21,52253,0,0,0,0,0,G,10,CD4+ T cell,54,29,7,7,7_2,PatrolMac
G-6652,all,42,21,10957,2625,19,51840,0,0,0,0,0,G,9,Alveolar macrophage,42,21,8,8,8_1,AlveolarMac
G-6653,all,53,25,10572,3446,28,47025,0,0,0,0,0,G,19,Alveolar type 2 cell,52,26,2,2,2_2,InflamMac
G-6656,all,13,9,9341,3599,31,26438,0,0,0,0,0,G,8,Mesothelial cell,27,10,3,3,3_1,SMC
G-6658,all,398,24,10755,3668,24,79746,0,0,0,0,0,G,372,Ciliated cell,51,24,4,4,4_2,CiliatedEpi
G-6660,all,115,53,9393,2735,25,100300,0,0,0,0,0,G,22,Alveolar type 1 cell,44,31,1,1,1_4_1,AlveolarFib
G-6661,all,59,11,9814,3607,37,32371,0,0,0,0,0,G,43,Alveolar type 2 cell,51,11,1,1,1_3,AT2
G-6662,all,49,27,10663,3094,33,66318,0,0,0,0,0,G,10,Capillary 1 cell,48,26,2,2,2_1,Capillary
G-6664,all,33,23,10435,3612,30,49787,0,0,0,0,0,G,3,Alveolar type 1 cell,40,23,6,6,6,AT1
G-6666,all,80,40,10018,2246,30,84410,0,0,0,0,0,G,11,Alveolar type 1 cell,60,40,2,2,2_3,Vein
G-6667,all,15,11,9685,2140,39,29504,0,0,0,0,0,G,2,Endothelial progenitor cell,33,11,2,2,2_1,Capillary
G-6669,all,53,25,10645,3594,15,77538,0,0,0,0,0,G,20,Alveolar fibroblast 1,54,26,1,1,1_4_1,AlveolarFib
G-6670,all,51,26,9809,2035,19,85560,0,0,0,0,0,G,6,CD4+ T cell,51,26,8,8,8_2,InterstitialMac
G-6672,all,46,26,10988,3326,18,71250,0,0,0,0,0,G,11,Inflammatory monocyte,46,26,7,7,7_2,PatrolMac
G-6678,all,77,35,9612,2003,36,43411,0,0,0,0,0,G,11,Alveolar type 1 cell,54,35,6,6,6,AT1
G-6681,all,55,25,10712,3459,20,98577,0,0,0,0,0,G,5,Innate lymphoid cell,53,25,6,6,6,AT1
G-6682,all,71,23,9399,2878,19,61741,0,0,0,0,0,G,44,Alveolar type 2 cell,53,23,1,1,1_1,AT2
G-6683,all,63,33,9821,3251,23,77096,0,0,0,0,0,G,14,Alveolar fibroblast 1,56,32,1,1,1_5_1,LymphaticEndo
G-6685,all,36,21,10958,3035,11,39497,0,0,0,0,0,G,6,Natural killer cell,42,22,2,2,2_2,InflamMac
G-6687,all,141,9,11069,3571,29,29146,0,0,0,0,0,G,133,Capillary 1 cell,29,8,4,4,4_2,CiliatedEpi
G-6688,all,136,35,10726,3398,14,90296,0,0,0,0,0,G,13,Alveolar type 1 cell,46,15,6,6,6,AT1
G-6690,all,120,44,11142,2561,23,101231,0,0,0,0,0,G,17,Alveolar type 1 cell,46,24,2,2,2_1,Capillary
G-6692,all,180,70,9431,2623,21,97294,0,0,0,0,0,G,15,Venous endothelial cell,52,34,3,3,3_4,AdventitialFib
G-6693,all,19,12,11022,2684,11,29523,0,0,0,0,0,G,2,Arterial endothelial cell,41,13,2,2,2_4,Artery
G-6695,all,121,49,9454,2830,20,106750,0,0,0,0,0,G,53,Vascular smooth muscle cell,42,24,5,5,5_3,Pericyte
G-6697,all,99,10,9631,2437,7,39880,0,0,0,0,0,G,92,Alveolar type 2 cell,52,10,1,1,1_3,AT2
G-6699,all,113,34,9769,2978,25,77634,0,0,0,0,0,G,67,Alveolar type 2 cell,47,20,1,1,1_1,AT2
G-6700,all,100,37,9507,2528,24,74207,0,0,0,0,0,G,43,Alveolar type 2 cell,59,34,1,1,1_1,AT2
G-6704,all,182,34,10938,3667,29,50243,0,0,0,0,0,G,137,Secretory cell,54,12,4,4,4_2,ClubEpi
G-6705,all,142,25,10166,2503,15,38558,0,0,0,0,0,G,106,CD4+ T cell,47,10,1,1,1_1,AT2
G-6706,all,62,25,10084,3543,19,49282,0,0,0,0,0,G,6,Inflammatory monocyte,52,25,2,2,2_3,Vein
G-6707,all,55,29,9762,2643,36,45847,153,0,153,0,1,G,12,Inflammatory monocyte,52,29,7,7,7_2,PatrolMac
G-6708,all,54,31,10757,2951,15,65867,0,0,0,0,0,G,10,Capillary 1 cell,53,31,2,2,2_3,Vein
G-6710,all,31,20,10780,3424,22,43800,0,0,0,0,0,G,6,Alveolar fibroblast 1,37,19,1,1,1_5_1,LymphaticEndo
G-6712,all,138,35,10155,2539,18,74907,0,0,0,0,0,G,67,Alveolar type 2 cell,48,18,1,1,1_1,AT2
G-6714,all,64,15,10236,3753,21,35914,0,0,0,0,0,G,44,Secretory cell,53,15,1,1,1_1,AT2
G-6715,all,89,40,10475,3631,20,95273,0,0,0,0,0,G,18,Pericyte,57,40,5,5,5_1,Pericyte
G-6717,all,105,38,9803,2948,26,97158,0,0,0,0,0,G,45,Pericyte,58,32,5,5,5_3,Pericyte
G-6718,all,43,29,10118,2245,33,33348,0,0,0,0,0,G,3,Alveolar fibroblast 1,44,30,1,1,1_4_1,AlveolarFib
G-6722,all,173,35,10389,3342,20,144335,0,0,0,0,0,G,113,Alveolar type 2 cell,47,15,1,1,1_1,AT2
G-6723,all,114,40,9519,2114,31,67430,0,0,0,0,0,G,42,Alveolar fibroblast 1,45,19,1,1,1_1,AT2
G-6724,all,18,12,11044,2666,14,23112,0,0,0,0,0,G,6,Alveolar macrophage,37,12,1,1,1_2_3,Tcell (CD4)
G-6725,all,44,30,9666,2885,23,72213,0,0,0,0,0,G,18,B cell,44,30,9,9,9,Bcell
G-6727,all,38,12,10703,3264,17,50334,0,0,0,0,0,G,19,Sox9+/Id2+ epithelial cell,45,12,1,1,1_1,AT2
G-6728,all,37,23,11068,2670,15,53409,0,0,0,0,0,G,14,Pericyte,41,23,3,3,3_2,SMC
G-6729,all,54,29,9498,3691,23,97311,52,52,0,1,0,G,10,B cell,52,29,9,9,9,Bcell
G-6732,all,82,9,10217,3783,14,29060,0,0,0,0,0,G,73,Alveolar type 2 cell,53,9,1,1,1_1,AT2
G-6733,all,67,22,9414,2711,12,38669,0,0,0,0,0,G,2,Natural killer cell,53,23,2,2,2_2,InflamMac
G-6734,all,23,4,10575,3717,9,13810,0,0,0,0,0,G,19,Ciliated cell,16,6,4,4,4_2,CiliatedEpi
G-6735,all,94,24,11170,3707,29,72614,0,0,0,0,0,G,57,Ciliated cell,62,24,4,4,4_2,ClubEpi
G-6736,all,92,40,9459,2910,19,82465,0,0,0,0,0,G,13,Alveolar fibroblast 2,61,39,3,3,3_4,AdventitialFib
G-6737,all,34,19,9453,2486,28,36025,0,0,0,0,0,G,6,Alveolar type 1 cell,42,19,6,6,6,AT1
G-6738,all,26,17,10661,3303,14,42557,0,0,0,0,0,G,15,Inflammatory monocyte,45,17,5,5,5_1,Pericyte
G-6740,all,24,7,9653,2854,12,38769,0,0,0,0,0,G,6,B cell,38,7,9,9,9,Bcell
G-6742,all,34,18,9799,3286,33,25460,0,0,0,0,0,G,2,Alveolar fibroblast 1,43,18,2,2,2_3,Vein
G-6743,all,56,29,9394,2478,23,61578,0,0,0,0,0,G,7,Pericyte,54,30,2,2,2_2,InflamMac
G-6744,all,57,17,10940,3207,8,50069,0,0,0,0,0,G,8,Alveolar type 1 cell,52,17,6,6,6,AT1
G-6745,all,28,16,10272,3430,37,57437,0,0,0,0,0,G,7,Sox9+/Id2+ epithelial cell,40,17,3,3,3_1,SMC
G-6746,all,165,33,11108,3709,30,42338,0,0,0,0,0,G,96,Ciliated cell,56,33,4,4,4_2,CiliatedEpi
G-6747,all,96,44,9831,3320,19,89576,0,0,0,0,0,G,11,Alveolar fibroblast 1,65,43,1,1,1_4_3,AlveolarFib
G-6749,all,156,28,10992,3028,13,85520,0,0,0,0,0,G,122,Alveolar type 2 cell,47,11,1,1,1_3,AT2
G-6751,all,21,14,11055,2816,25,39499,0,0,0,0,0,G,2,Capillary 1 cell,40,13,2,2,2_1,Capillary
G-6752,all,15,13,10479,3385,19,50093,0,0,0,0,0,G,3,Alveolar fibroblast 1,32,13,1,1,1_5_1,LymphaticEndo
G-6753,all,97,23,10709,3027,32,47047,0,0,0,0,0,G,74,Alveolar fibroblast 1,56,22,1,1,1_1,AT2
G-6754,all,139,54,9324,2441,27,92344,0,0,0,0,0,G,39,Alveolar fibroblast 1,44,22,1,1,1_4_1,AlveolarFib
G-6755,all,66,35,10039,3530,19,74880,0,0,0,0,0,G,4,Inflammatory monocyte,58,35,3,3,3_3,AdventitialFib
G-6758,all,39,19,9316,2503,13,33970,0,0,0,0,0,G,3,Alveolar macrophage,43,19,3,3,3_3,AdventitialFib
G-6760,all,25,4,9830,3042,27,9882,0,0,0,0,0,G,22,Alveolar type 2 cell,45,4,1,1,1_1,AT2
G-6761,all,80,37,9572,2054,36,53210,0,0,0,0,0,G,15,Alveolar type 1 cell,62,38,2,2,2_2,InflamMac
G-6762,all,12,6,9784,1983,39,10574,0,0,0,0,0,G,7,Sox9+/Id2+ epithelial cell,36,6,1,1,1_1,AT2
G-6763,all,66,26,10796,3559,18,61765,0,0,0,0,0,G,36,Alveolar fibroblast 1,56,26,1,1,1_4_3,AlveolarFib
G-6765,all,112,38,9872,2572,27,95993,51,51,0,1,0,G,49,Alveolar fibroblast 1,47,19,5,5,5_3,Pericyte
G-6768,all,180,14,10811,3622,13,35444,0,0,0,0,0,G,169,Interstitial macrophage,57,3,4,4,4_2,ClubEpi
G-6769,all,24,13,9905,3623,13,21101,0,0,0,0,0,G,9,Alveolar type 1 cell,40,13,6,6,6,AT1
G-6770,all,31,14,11058,2739,15,26498,0,0,0,0,0,G,6,Alveolar macrophage,42,14,8,8,8_1,AlveolarMac
G-6772,all,71,33,10082,2239,22,63902,0,0,0,0,0,G,18,Alveolar type 1 cell,56,34,2,2,2_2,InflamMac
G-6775,all,73,21,10803,3398,27,83809,0,0,0,0,0,G,47,Alveolar fibroblast 1,54,22,1,1,1_5_1,LymphaticEndo
G-6778,all,29,21,9880,3654,13,51403,0,0,0,0,0,G,6,Innate lymphoid cell,37,22,1,1,1_4_1,AlveolarFib
G-6780,all,43,29,9573,2759,35,42133,0,0,0,0,0,G,4,Natural killer cell,46,31,2,2,2_5,DC
G-6781,all,25,12,10498,3360,18,48579,0,0,0,0,0,G,9,Sox9+/Id2+ epithelial cell,40,13,1,1,1_4_3,AlveolarFib
G-6782,all,61,19,11116,3622,15,45200,0,0,0,0,0,G,39,Ciliated cell,52,19,4,4,4_2,ClubEpi
G-6783,all,60,31,10786,3495,21,66345,0,0,0,0,0,G,7,Inflammatory monocyte,55,31,1,1,1_5_1,LymphaticEndo
G-6784,all,63,22,9354,2686,33,37498,0,0,0,0,0,G,42,Alveolar type 2 cell,55,22,1,1,1_3,AT2
G-6787,all,240,48,10874,3618,23,107482,0,0,0,0,0,G,162,Ciliated cell,64,49,4,4,4_2,CiliatedEpi
G-6790,all,40,18,11121,2433,36,34275,0,0,0,0,0,G,12,Proliferative mesenchymal progenitor cell,45,18,2,2,2_1,Capillary
G-6791,all,38,21,9645,2716,38,39157,0,0,0,0,0,G,17,Pericyte,42,21,5,5,5_1,Pericyte
G-6792,all,83,22,10072,3316,11,37219,0,0,0,0,0,G,19,Alveolar type 1 cell,55,23,1,1,1_4_3,AlveolarFib
G-6793,all,34,18,9818,3074,26,42605,0,0,0,0,0,G,12,Inflammatory monocyte,42,19,2,2,2_2,InflamMac
G-6794,all,62,30,9765,2200,14,40036,0,0,0,0,0,G,7,Alveolar type 1 cell,55,30,6,6,6,AT1
G-6796,all,53,25,11085,3607,18,43389,0,0,0,0,0,G,28,Ciliated cell,41,24,4,4,4_1_2,CiliatedEpi
G-6797,all,23,13,10040,3768,31,39197,0,0,0,0,0,G,13,Secretory cell,39,13,5,5,5_1,Pericyte
G-6799,all,266,29,11034,3614,15,73568,0,0,0,0,0,G,223,Ciliated cell,49,29,4,4,4_2,CiliatedEpi
G-6801,all,135,47,9742,2939,24,88036,0,0,0,0,0,G,32,Alveolar fibroblast 1,45,25,1,1,1_4_1,AlveolarFib
G-6803,all,60,31,10738,2976,30,51612,0,0,0,0,0,G,26,Natural killer cell,55,32,2,2,2_2,InflamMac
G-6804,all,20,12,10645,3204,21,25983,51,51,0,1,0,G,3,Alveolar fibroblast 1,42,12,1,1,1_5_2,AlveolarFib
G-6808,all,45,18,9372,2530,17,48074,0,0,0,0,0,G,8,Natural killer cell,47,19,2,2,2_2,InflamMac
G-6809,all,60,31,9800,2643,34,55398,55,0,55,0,1,G,21,Sox9+/Id2+ epithelial cell,53,30,2,2,2_1,Capillary
G-6811,all,139,51,10059,2198,23,90870,0,0,0,0,0,G,19,Sox9+/Id2+ epithelial cell,52,30,1,1,1_4_1,AlveolarFib
G-6813,all,18,9,11142,2724,39,33564,0,0,0,0,0,G,2,Alveolar fibroblast 1,35,9,1,1,1_5_4,pDC
G-6815,all,35,20,9352,2924,28,75740,0,0,0,0,0,G,2,B cell,43,20,9,9,9,Bcell
G-6816,all,12,9,10048,2426,7,41783,54,0,54,0,1,G,3,Ciliated cell,29,8,2,2,2_1,Capillary
G-6817,all,73,20,9296,2359,26,32364,0,0,0,0,0,G,48,Alveolar type 2 cell,52,20,1,1,1_1,AT2
G-6818,all,170,33,10479,3805,22,88952,0,0,0,0,0,G,127,Secretory cell,55,17,4,4,4_2,ClubEpi
G-6820,all,66,11,10240,3806,17,29945,0,0,0,0,0,G,58,Alveolar fibroblast 1,52,11,1,1,1_1,AT2
G-6821,all,86,4,10579,3749,12,15448,0,0,0,0,0,G,85,Ciliated cell,12,7,4,4,4_2,CiliatedEpi
G-6822,all,94,46,9308,2727,17,103132,0,0,0,0,0,G,28,Alveolar fibroblast 1,64,47,2,2,2_2,InflamMac
G-6826,all,26,16,9470,3732,32,42473,0,0,0,0,0,G,5,Capillary 2 cell,45,16,1,1,1_2_3,Tcell (CD4)
G-6827,all,48,23,10073,2501,22,64839,0,0,0,0,0,G,8,B cell,48,23,1,1,1_2_1,Tcell (CD4)
G-6828,all,9,5,10645,2974,7,24962,0,0,0,0,0,G,4,Alveolar macrophage,25,6,3,3,3_5,SMC
G-6830,all,141,20,10657,3668,21,61813,0,0,0,0,0,G,116,Ciliated cell,40,19,4,4,4_2,CiliatedEpi
G-6831,all,13,9,9334,2280,38,56865,0,0,0,0,0,G,6,B cell,25,9,9,9,9,Bcell
G-6832,all,60,28,10573,3588,19,64293,0,0,0,0,0,G,2,Alveolar macrophage,54,29,3,3,3_5,SMC
G-6834,all,32,16,10502,3470,14,67214,0,0,0,0,0,G,3,AT1/AT2,40,16,6,6,6,AT1
G-6835,all,39,21,11081,2728,17,34884,0,0,0,0,0,G,3,Alveolar type 2 cell,41,21,1,1,1_3,AT2
G-6836,all,85,17,9398,2913,10,48510,0,0,0,0,0,G,56,Pericyte,51,17,5,5,5_3,Pericyte
G-6840,all,26,6,11026,2741,17,13952,0,0,0,0,0,G,7,Sox9+/Id2+ epithelial cell,44,7,2,2,2_2,InflamMac
G-6841,all,178,32,10634,3251,20,132249,0,0,0,0,0,G,135,Alveolar type 2 cell,50,17,1,1,1_3,AT2
G-6843,all,78,41,10057,3576,18,86165,0,0,0,0,0,G,9,Sox9+/Id2+ epithelial cell,57,41,2,2,2_3,Vein
G-6845,all,90,15,10908,3632,16,19891,0,0,0,0,0,G,78,Arterial endothelial cell,37,14,4,4,4_2,CiliatedEpi
G-6847,all,61,13,10737,3028,38,32830,0,0,0,0,0,G,48,Alveolar type 2 cell,52,13,1,1,1_3,AT2
G-6848,all,38,15,10562,3680,12,30852,0,0,0,0,0,G,28,Ciliated cell,27,14,4,4,4_2,CiliatedEpi
G-6850,all,30,20,9301,3607,30,54283,0,0,0,0,0,G,7,Alveolar fibroblast 1,40,21,1,1,1_4_3,AlveolarFib
G-6851,all,81,41,9801,3336,19,109336,0,0,0,0,0,G,13,Sox9+/Id2+ epithelial cell,60,42,2,2,2_2,InflamMac
G-6855,all,112,28,9803,3018,15,80450,0,0,0,0,0,G,36,Alveolar type 1 cell,52,20,6,6,6,AT1
G-6856,all,359,55,11069,3670,23,95629,0,0,0,0,0,G,259,Secretory cell,48,30,4,4,4_2,CiliatedEpi
G-6860,all,138,46,9430,3746,21,109865,0,0,0,0,0,G,31,Alveolar type 1 cell,45,22,6,6,6,AT1
G-6864,all,77,41,9435,2031,30,63896,0,0,0,0,0,G,3,Alveolar type 1 cell,58,42,1,1,1_4_1,AlveolarFib
G-6869,all,101,9,10601,3673,20,41851,0,0,0,0,0,G,93,Capillary 1 cell,32,9,4,4,4_2,CiliatedEpi
G-6870,all,7,4,10140,2456,7,12642,0,0,0,0,0,G,5,Alveolar fibroblast 1,28,6,1,1,1_4_3,AlveolarFib
G-6873,all,49,24,11078,2845,15,61240,0,0,0,0,0,G,5,Capillary 1 cell,45,23,2,2,2_1,Capillary
G-6876,all,115,22,11027,3681,34,30328,0,0,0,0,0,G,56,Ciliated cell,53,21,4,4,4_2,CiliatedEpi
G-6880,all,61,28,9625,2068,31,72770,0,0,0,0,0,G,4,Pulmonary neuroendocrine cell,53,29,2,2,2_2,InflamMac
G-6882,all,38,19,9950,3314,22,56976,0,0,0,0,0,G,10,Arterial endothelial cell,44,19,5,5,5_3,Pericyte
G-6883,all,22,13,10944,2601,27,38575,0,0,0,0,0,G,5,Alveolar fibroblast 1,38,14,1,1,1_4_3,AlveolarFib
G-6884,all,108,32,10834,3590,18,74405,0,0,0,0,0,G,71,Alveolar fibroblast 1,63,26,4,4,4_2,ClubEpi
G-6885,all,89,47,10003,3301,15,58347,0,0,0,0,0,G,24,Pericyte,61,46,5,5,5_1,Pericyte
G-6886,all,120,34,9972,3283,17,53651,0,0,0,0,0,G,13,Secondary crest myofibroblast,46,18,6,6,6,AT1
G-6888,all,37,24,9343,3634,35,58433,0,0,0,0,0,G,11,Alveolar fibroblast 1,40,25,3,3,3_1,SMC
G-6890,all,109,35,11147,3660,21,68507,0,0,0,0,0,G,75,Ciliated cell,44,36,4,4,4_2,CiliatedEpi
G-6891,all,15,10,9933,2023,38,19434,0,0,0,0,0,G,2,Endothelial progenitor cell,40,11,2,2,2_1,Capillary
G-6893,all,42,22,10683,2987,11,59138,0,0,0,0,0,G,17,Interstitial macrophage,43,22,8,8,8_3,InterstitialMac
G-6895,all,59,27,9334,2360,34,32464,53,53,0,1,0,G,12,Sox9+/Id2+ epithelial cell,55,27,8,8,8_1,AlveolarMac
G-6899,all,118,22,9851,3615,34,60515,0,0,0,0,0,G,87,B cell,48,12,1,1,1_1,AT2
G-6900,all,8,3,10732,3108,28,9385,0,0,0,0,0,G,3,Alveolar fibroblast 1,32,4,1,1,1_4_3,AlveolarFib
G-6901,all,33,22,10179,2334,28,79751,0,0,0,0,0,G,8,Alveolar fibroblast 2,38,22,3,3,3_3,AdventitialFib
G-6903,all,56,36,9289,2520,13,55716,0,0,0,0,0,G,6,Inflammatory monocyte,55,36,6,6,6,AT1
G-6906,all,79,36,11115,2615,24,73336,0,0,0,0,0,G,5,CD4+ T cell,56,37,2,2,2_1,Capillary
G-6911,all,50,30,9818,2215,27,50248,0,0,0,0,0,G,7,Alveolar fibroblast 1,49,30,1,1,1_5_1,LymphaticEndo
G-6914,all,31,14,9420,2460,36,19132,0,0,0,0,0,G,2,Natural killer cell,44,15,2,2,2_2,InflamMac
G-6917,all,20,13,9937,2912,26,28708,0,0,0,0,0,G,5,B cell,40,13,9,9,9,Bcell
G-6921,all,111,24,9826,2620,26,64779,0,0,0,0,0,G,77,Sox9+/Id2+ epithelial cell,50,18,1,1,1_1,AT2
G-6924,all,6,4,9895,2597,9,9080,0,0,0,0,0,G,3,Alveolar type 1 cell,26,7,6,6,6,AT1
G-6928,all,44,15,9862,2606,18,25372,0,0,0,0,0,G,29,Alveolar type 2 cell,46,15,1,1,1_3,AT2
G-6929,all,96,24,9539,2532,22,47089,0,0,0,0,0,G,61,Alveolar type 2 cell,54,21,1,1,1_3,AT2
G-6930,all,26,5,9693,3336,5,10278,0,0,0,0,0,G,24,Alveolar type 2 cell,44,5,1,1,1_1,AT2
G-6933,all,103,38,11072,5186,25,51276,0,0,0,0,0,G,8,Alveolar type 1 cell,57,29,1,1,1_2_1,Tcell (CD4)
G-6934,all,91,50,11102,4927,26,64720,0,0,0,0,0,G,38,Ciliated cell,66,49,4,4,4_1_2,ClubEpi
G-6936,all,289,69,9700,5314,22,116406,0,0,0,0,0,G,28,Alveolar type 1 cell,50,26,6,6,6,AT1
G-6938,all,101,33,10418,4470,34,80607,0,0,0,0,0,G,10,Capillary 1 cell,59,31,1,1,1_2_3,Tcell (CD4)
G-6940,all,54,22,10848,5300,23,60211,0,0,0,0,0,G,6,Alveolar type 1 cell,52,22,1,1,1_2_3,Tcell (CD4)
G-6941,all,77,40,9279,5241,35,57279,0,0,0,0,0,G,3,Capillary 1 cell,58,39,2,2,2_1,Capillary
G-6943,all,87,33,10314,5670,15,77782,0,0,0,0,0,G,21,B cell,58,33,9,9,9,Bcell
G-6944,all,28,16,9587,5614,34,43838,0,0,0,0,0,G,8,Alveolar type 1 cell,39,17,1,1,1_4_3,AlveolarFib
G-6947,all,101,28,10801,5248,36,38209,0,0,0,0,0,G,5,Inflammatory monocyte,60,27,9,9,9,Bcell
G-6948,all,160,77,10804,4705,35,39133,0,0,0,0,0,G,69,Ciliated cell,44,28,4,4,4_1_2,ClubEpi
G-6949,all,68,36,9735,5307,28,54338,0,0,0,0,0,G,8,CD4+ T cell,57,37,1,1,1_4_1,AlveolarFib
G-6950,all,105,37,9670,4271,14,62160,0,0,0,0,0,G,3,Alveolar type 1 cell,53,32,1,1,1_4_1,AlveolarFib
G-6952,all,183,64,10018,4212,19,89956,0,0,0,0,0,G,55,Inflammatory monocyte,53,38,1,1,1_5_1,LymphaticEndo
G-6953,all,354,107,10552,4356,19,77026,0,0,0,0,0,G,108,Ciliated cell,45,31,4,4,4_1_1,ClubEpi
G-6954,all,93,29,9585,5454,31,76656,0,0,0,0,0,G,6,Innate lymphoid cell,59,28,2,2,2_5,DC
G-6956,all,361,115,10700,4558,23,67091,0,0,0,0,0,G,95,Ciliated cell,48,31,4,4,4_1_1,ClubEpi
G-6959,all,271,95,10755,4626,24,86490,0,0,0,0,0,G,98,Ciliated cell,49,32,4,4,4_1_1,ClubEpi
G-6960,all,83,37,9421,5560,25,107699,0,0,0,0,0,G,7,CD8+ T cell,56,37,1,1,1_2_1,Tcell (CD4)
G-6962,all,410,104,10814,4664,23,84496,0,0,0,0,0,G,144,Ciliated cell,46,28,4,4,4_1_2,ClubEpi
G-6965,all,92,41,10391,4167,20,83605,0,0,0,0,0,G,14,B cell,63,42,1,1,1_4_1,AlveolarFib
G-6968,all,35,21,9333,4047,31,60714,0,0,0,0,0,G,8,CD4+ T cell,43,22,3,3,3_1,SMC
G-6969,all,39,23,10429,5431,15,39949,0,0,0,0,0,G,6,Inflammatory monocyte,43,23,3,3,3_3,AdventitialFib
G-6970,all,165,56,9488,5461,20,135180,0,0,0,0,0,G,20,Alveolar type 1 cell,52,34,1,1,1_4_1,AlveolarFib
G-6971,all,32,20,11128,5237,28,27582,0,0,0,0,0,G,3,Venous endothelial cell,39,20,3,3,3_4,AdventitialFib
G-6974,all,81,42,11089,5114,24,52490,0,0,0,0,0,G,4,Inflammatory monocyte,60,42,1,1,1_2_1,Tcell (CD4)
G-6975,all,86,32,11058,5558,28,56122,0,0,0,0,0,G,5,CD4+ T cell,56,32,1,1,1_2_1,Tcell (CD4)
G-6977,all,202,46,10524,3961,37,45540,0,0,0,0,0,G,126,Secretory cell,49,16,4,4,4_2,ClubEpi
G-6978,all,81,25,10394,5441,18,41695,0,0,0,0,0,G,39,Alveolar type 1 cell,56,25,6,6,6,AT1
G-6980,all,52,24,9930,5055,28,47296,0,0,0,0,0,G,8,Alveolar fibroblast 1,51,25,1,1,1_4_1,AlveolarFib
G-6983,all,189,69,11030,4785,19,44469,0,0,0,0,0,G,63,Secretory cell,52,30,4,4,4_1_2,ClubEpi
G-6984,all,143,34,9984,5112,32,68276,0,0,0,0,0,G,16,Alveolar type 1 cell,51,19,6,6,6,AT1
G-6986,all,177,55,10188,4940,28,102090,0,0,0,0,0,G,22,Alveolar fibroblast 1,50,25,2,2,2_4,Artery
G-6987,all,77,33,10416,4075,22,58554,0,0,0,0,0,G,48,Capillary 1 cell,47,33,4,4,4_2,CiliatedEpi
G-6991,all,37,26,10117,4840,38,29809,0,0,0,0,0,G,5,Alveolar macrophage,39,26,1,1,1_2_1,Tcell (CD4)
G-6992,all,130,57,10056,5008,26,116615,0,0,0,0,0,G,24,Secondary crest myofibroblast,45,28,3,3,3_2,SMC
G-6994,all,59,27,10193,3868,41,22591,0,0,0,0,0,G,3,CD4+ T cell,54,28,1,1,1_4_1,AlveolarFib
G-6995,all,24,16,10137,4806,12,33580,0,0,0,0,0,G,3,CD4+ T cell,43,16,1,1,1_2_3,Tcell (CD4)
G-6996,all,95,35,10128,5470,27,85505,0,0,0,0,0,G,15,Inflammatory monocyte,60,35,3,3,3_5,SMC
G-6997,all,37,17,10281,4967,19,31854,0,0,0,0,0,G,2,Alveolar type 1 cell,42,17,6,6,6,AT1
G-6999,all,160,45,10956,5112,25,88526,0,0,0,0,0,G,18,Inflammatory monocyte,56,29,3,3,3_5,SMC
G-7000,all,152,73,10984,4903,27,95071,0,0,0,0,0,G,54,Ciliated cell,42,23,4,4,4_1_1,ClubEpi
G-7001,all,120,48,9907,4769,20,93554,0,0,0,0,0,G,25,Alveolar fibroblast 1,45,27,1,1,1_5_1,LymphaticEndo
G-7002,all,331,93,10484,4192,32,67790,0,0,0,0,0,G,97,Secretory cell,48,27,4,4,4_1_1,ClubEpi
G-7003,all,35,17,10409,4593,15,22200,0,0,0,0,0,G,3,Alveolar macrophage,43,17,1,1,1_2_3,Tcell (CD4)
G-7006,all,65,32,9401,4175,16,72189,0,0,0,0,0,G,15,Arterial endothelial cell,58,33,2,2,2_4,Artery
G-7007,all,421,117,11096,4823,22,106027,0,0,0,0,0,G,143,Ciliated cell,48,29,4,4,4_1_1,ClubEpi
G-7009,all,128,49,10091,5102,19,82689,0,0,0,0,0,G,28,T regulatory cell,46,25,7,7,7_2,PatrolMac
G-7012,all,221,38,10439,4025,16,64990,0,0,0,0,0,G,184,Capillary 1 cell,55,10,4,4,4_2,ClubEpi
G-7014,all,185,64,10564,4442,23,75507,0,0,0,0,0,G,70,Secretory cell,51,29,4,4,4_1_2,ClubEpi
G-7015,all,31,17,9940,5001,27,29900,0,0,0,0,0,G,7,Alveolar fibroblast 1,42,18,1,1,1_4_3,AlveolarFib
G-7016,all,61,30,10321,4787,33,32612,0,0,0,0,0,G,14,Vascular smooth muscle cell,55,31,3,3,3_5,SMC
G-7020,all,242,84,10469,4112,26,47192,0,0,0,0,0,G,113,Secretory cell,45,20,4,4,4_1_1,ClubEpi
G-7021,all,41,16,10279,4335,9,29246,0,0,0,0,0,G,3,Alveolar type 1 cell,45,17,1,1,1_4_1,AlveolarFib
G-7022,all,44,18,10393,4279,27,45624,0,0,0,0,0,G,2,Natural killer cell,46,19,2,2,2_2,InflamMac
G-7024,all,71,32,11147,4941,23,97365,0,0,0,0,0,G,6,CD8+ T cell,54,33,2,2,2_2,InflamMac
G-7025,all,153,44,10129,4948,19,81232,0,0,0,0,0,G,31,Arterial endothelial cell,56,28,2,2,2_4,Artery
G-7026,all,31,13,9758,5134,14,59705,0,0,0,0,0,G,2,CD4+ T cell,42,13,1,1,1_2_1,Tcell (CD4)
G-7027,all,54,29,10283,4821,38,28502,0,0,0,0,0,G,6,Inflammatory monocyte,53,29,7,7,7_2,PatrolMac
G-7030,all,61,37,10053,5100,30,62656,0,0,0,0,0,G,8,Alveolar macrophage,56,37,3,3,3_4,AdventitialFib
G-7031,all,191,70,10440,4193,23,110900,0,0,0,0,0,G,95,Ciliated cell,42,32,4,4,4_1_2,CiliatedEpi
G-7032,all,33,19,9620,5490,17,64566,0,0,0,0,0,G,7,CD4+ T cell,43,19,1,1,1_2_3,Tcell (CD4)
G-7033,all,94,40,9988,4901,33,81739,0,0,0,0,0,G,11,Alveolar fibroblast 1,61,40,3,3,3_5,SMC
G-7034,all,73,31,10540,4404,12,17648,0,0,0,0,0,G,37,Inflammatory monocyte,56,31,4,4,4_2,ClubEpi
G-7035,all,8,6,11018,5272,10,15434,0,0,0,0,0,G,4,Alveolar macrophage,24,8,1,1,1_2_3,Tcell (CD4)
G-7036,all,71,29,11014,5108,22,59929,0,0,0,0,0,G,26,B cell,50,29,9,9,9,Bcell
G-7037,all,124,42,10307,4412,14,55266,0,0,0,0,0,G,23,B cell,45,21,2,2,2_2,InflamMac
G-7038,all,40,18,10266,5569,31,31592,0,0,0,0,0,G,6,Alveolar type 2 cell,45,19,2,2,2_4,Artery
G-7039,all,16,10,9274,4043,34,30300,0,0,0,0,0,G,2,CD4+ T cell,35,10,1,1,1_2_1,Tcell (CD4)
G-7041,all,67,15,10367,5449,26,44017,0,0,0,0,0,G,52,CD4+ T cell,54,15,1,1,1_2_3,Tcell (CD4)
G-7043,all,66,23,10679,5357,24,58994,0,0,0,0,0,G,5,Mast cell,55,23,7,7,7_2,PatrolMac
G-7044,all,451,118,10658,4511,21,101505,0,0,0,0,0,G,135,Ciliated cell,42,27,4,4,4_1_1,CiliatedEpi
G-7045,all,39,24,10153,4210,40,29000,0,0,0,0,0,G,2,Alveolar fibroblast 1,43,24,3,3,3_4,AdventitialFib
G-7047,all,95,40,9955,4765,27,51682,0,0,0,0,0,G,25,Arterial endothelial cell,60,37,2,2,2_4,Artery
G-7048,all,41,23,9665,5457,11,44176,0,0,0,0,0,G,7,CD4+ T cell,44,23,1,1,1_2_1,Tcell (CD4)
G-7049,all,25,14,10995,5240,12,23088,0,0,0,0,0,G,16,Proliferative mesenchymal progenitor cell,47,15,3,3,3_5,SMC
G-7051,all,95,49,11032,4946,22,64894,0,0,0,0,0,G,23,Ciliated cell,67,49,4,4,4_1_3,ClubEpi
G-7053,all,87,28,11150,5306,19,39113,0,0,0,0,0,G,38,CD4+ T cell,56,28,3,3,3_5,SMC
G-7056,all,105,50,10400,3932,28,84790,0,0,0,0,0,G,19,B cell,59,40,9,9,9,Bcell
G-7057,all,355,104,10607,4476,25,81040,0,0,0,0,0,G,90,Alveolar fibroblast 1,50,31,4,4,4_1_1,ClubEpi
G-7058,all,33,17,10105,5011,37,37730,0,0,0,0,0,G,4,Arterial endothelial cell,40,19,2,2,2_4,Artery
G-7059,all,34,16,10294,4599,22,44346,0,0,0,0,0,G,3,Alveolar fibroblast 1,44,17,1,1,1_4_1,AlveolarFib
G-7061,all,88,33,10172,4845,32,67605,0,0,0,0,0,G,20,Vascular smooth muscle cell,60,34,3,3,3_2,SMC
G-7063,all,95,44,10234,4231,27,70051,0,0,0,0,0,G,15,Inflammatory monocyte,60,45,1,1,1_4_1,AlveolarFib
G-7064,all,75,37,10861,4830,36,59436,0,0,0,0,0,G,8,Ciliated cell,51,36,4,4,4_1_3,CiliatedEpi
G-7065,all,274,63,10471,4041,24,70542,0,0,0,0,0,G,178,Ciliated cell,43,24,4,4,4_2,CiliatedEpi
G-7068,all,203,61,11067,5067,26,104329,0,0,0,0,0,G,38,Inflammatory monocyte,56,31,1,1,1_2_3,Tcell (CD4)
G-7072,all,151,52,10500,3925,18,74207,0,0,0,0,0,G,81,CD8+ T cell,49,23,2,2,2_2,InflamMac
G-7073,all,46,10,10230,5685,10,17208,0,0,0,0,0,G,6,Alveolar type 1 cell,47,10,1,1,1_2_1,Tcell (CD4)
G-7080,all,28,16,9702,4193,39,24305,0,0,0,0,0,G,10,Alveolar type 1 cell,37,16,6,6,6,AT1
G-7081,all,60,19,10199,5662,12,41016,0,0,0,0,0,G,7,Alveolar macrophage,53,20,1,1,1_4_1,AlveolarFib
G-7083,all,67,33,10351,4199,32,80405,0,0,0,0,0,G,13,Alveolar fibroblast 1,56,33,1,1,1_5_2,AlveolarFib
G-7084,all,153,74,10620,4507,24,35987,0,0,0,0,0,G,52,Ciliated cell,45,33,4,4,4_1_1,ClubEpi
G-7085,all,89,36,9805,4770,24,98442,0,0,0,0,0,G,4,Alveolar fibroblast 1,59,37,1,1,1_4_1,AlveolarFib
G-7086,all,31,20,10436,4967,39,19945,0,0,0,0,0,G,9,Arterial endothelial cell,40,21,2,2,2_4,Artery
G-7087,all,108,44,9919,4730,32,78210,0,0,0,0,0,G,10,Alveolar macrophage,61,38,1,1,1_5_2,AlveolarFib
G-7088,all,67,32,10357,3879,21,90805,0,0,0,0,0,G,9,CD4+ T cell,58,32,1,1,1_2_1,Tcell (CD4)
G-7089,all,32,25,10932,4841,34,32578,0,0,0,0,0,G,14,Ciliated cell,49,24,4,4,4_1_1,CiliatedEpi
G-7090,all,38,15,10451,5412,20,32391,0,0,0,0,0,G,9,Alveolar macrophage,44,15,3,3,3_3,AdventitialFib
G-7095,all,45,18,10640,4859,12,33859,0,0,0,0,0,G,8,Venous endothelial cell,45,18,3,3,3_4,AdventitialFib
G-7098,all,28,12,9586,4257,19,25415,0,0,0,0,0,G,4,Alveolar fibroblast 1,40,13,1,1,1_4_3,AlveolarFib
G-7100,all,87,34,10294,3875,33,56449,0,0,0,0,0,G,16,CD8+ T cell,58,35,2,2,2_2,InflamMac
G-7103,all,61,32,10863,4995,19,73274,0,0,0,0,0,G,9,Alveolar fibroblast 1,54,32,3,3,3_3,AdventitialFib
G-7104,all,74,29,10495,4823,31,40676,0,0,0,0,0,G,12,Alveolar fibroblast 1,53,30,2,2,2_2,InflamMac
G-7105,all,40,21,10792,5283,23,24771,0,0,0,0,0,G,14,Alveolar fibroblast 1,44,22,1,1,1_4_3,AlveolarFib
G-7106,all,75,33,9609,4280,12,66948,0,0,0,0,0,G,9,Arterial endothelial cell,58,33,1,1,1_2_1,Tcell (CD4)
G-7107,all,240,96,10882,4716,26,58931,0,0,0,0,0,G,57,Secretory cell,46,34,4,4,4_1_1,ClubEpi
G-7109,all,69,26,10406,5587,30,38280,0,0,0,0,0,G,2,Natural killer cell,55,27,2,2,2_2,InflamMac
G-7110,all,99,38,11111,5173,32,41246,0,0,0,0,0,G,9,Innate lymphoid cell,62,35,2,2,2_5,DC
G-7111,all,134,45,10757,4851,18,89751,0,0,0,0,0,G,34,Alveolar fibroblast 2,49,20,3,3,3_3,AdventitialFib
G-7112,all,63,17,10407,5472,26,28888,0,0,0,0,0,G,40,Sox9+/Id2+ epithelial cell,54,17,1,1,1_1,AT2
G-7114,all,155,52,10389,4827,26,116236,0,0,0,0,0,G,18,Arterial endothelial cell,47,26,1,1,1_4_1,AlveolarFib
G-7116,all,37,23,9389,5498,40,17840,0,0,0,0,0,G,10,Alveolar type 1 cell,40,23,6,6,6,AT1
G-7117,all,185,67,9689,4233,34,85329,0,0,0,0,0,G,27,Alveolar fibroblast 2,55,39,1,1,1_4_1,AlveolarFib
G-7118,all,13,9,9284,3878,8,13468,0,0,0,0,0,G,3,Natural killer cell,30,10,2,2,2_2,InflamMac
G-7121,all,14,10,9895,4185,37,31075,0,0,0,0,0,G,2,Natural killer cell,28,10,7,7,7_3,Tcell (CD8)
G-7122,all,219,56,9439,4280,27,79991,0,0,0,0,0,G,41,Alveolar type 1 cell,52,28,6,6,6,AT1
G-7124,all,27,9,10018,4995,6,34653,0,0,0,0,0,G,5,Alveolar fibroblast 1,40,9,1,1,1_2_3,Tcell (CD4)
G-7125,all,132,40,9771,4234,27,97463,0,0,0,0,0,G,19,CD8+ T cell,50,23,2,2,2_2,InflamMac
G-7127,all,266,95,10521,4371,27,64836,0,0,0,0,0,G,106,Secretory cell,41,18,4,4,4_1_2,ClubEpi
G-7129,all,48,28,10501,4968,32,34077,0,0,0,0,0,G,9,Secondary crest myofibroblast,51,29,3,3,3_5,SMC
G-7130,all,115,45,10239,5645,18,116071,0,0,0,0,0,G,14,Natural killer cell,45,26,2,2,2_2,InflamMac
G-7133,all,116,45,10831,5355,22,112171,0,0,0,0,0,G,17,Inflammatory monocyte,46,27,1,1,1_2_1,Tcell (CD4)
G-7135,all,87,42,9867,5280,25,59857,0,0,0,0,0,G,8,CD8+ T cell,61,42,7,7,7_2,PatrolMac
G-7137,all,37,24,11126,5293,15,22410,0,0,0,0,0,G,4,CD4+ T cell,40,25,1,1,1_4_1,AlveolarFib
G-7139,all,70,31,10986,5290,17,72284,0,0,0,0,0,G,4,Natural killer cell,53,32,2,2,2_2,InflamMac
G-7140,all,105,50,9904,5021,22,118566,0,0,0,0,0,G,11,CD8+ T cell,62,42,1,1,1_5_2,AlveolarFib
G-7141,all,254,97,11045,4813,23,56573,0,0,0,0,0,G,105,Arterial endothelial cell,46,22,4,4,4_1_2,ClubEpi
G-7143,all,28,15,10758,5294,35,12080,0,0,0,0,0,G,3,Alveolar type 1 cell,42,15,1,1,1_2_1,Tcell (CD4)
G-7146,all,162,48,10327,4284,28,70326,0,0,0,0,0,G,18,Alveolar type 1 cell,48,25,6,6,6,AT1
G-7148,all,215,85,11073,4982,33,59148,0,0,0,0,0,G,85,Ciliated cell,49,29,4,4,4_1_1,ClubEpi
G-7149,all,79,36,9454,4013,34,59721,0,0,0,0,0,G,2,CD4+ T cell,54,36,1,1,1_2_1,Tcell (CD4)
G-7150,all,15,9,10596,4545,9,16803,0,0,0,0,0,G,4,Proliferative mesenchymal progenitor cell,32,10,3,3,3_1,SMC
G-7151,all,81,31,10381,5601,34,46169,0,0,0,0,0,G,6,Alveolar macrophage,58,32,1,1,1_4_1,AlveolarFib
G-7153,all,17,13,10423,4318,41,21826,0,0,0,0,0,G,3,Alveolar type 1 cell,33,13,1,1,1_2_3,Tcell (CD4)
G-7155,all,233,88,10994,4778,24,58866,0,0,0,0,0,G,57,Venous endothelial cell,59,45,4,4,4_1_1,CiliatedEpi
G-7156,all,96,32,9293,4203,17,78026,0,0,0,0,0,G,4,Alveolar type 1 cell,58,32,8,8,8_2,InterstitialMac
G-7162,all,101,49,11016,4975,21,43814,0,0,0,0,0,G,21,Inflammatory monocyte,63,48,4,4,4_1_1,CiliatedEpi
G-7164,all,42,22,11143,5266,38,27879,0,0,0,0,0,G,5,Alveolar type 1 cell,45,23,1,1,1_4_1,AlveolarFib
G-7165,all,18,11,9996,5214,10,19359,0,0,0,0,0,G,2,CD4+ T cell,37,11,1,1,1_2_1,Tcell (CD4)
G-7168,all,83,41,10337,5559,30,86646,0,0,0,0,0,G,18,Alveolar fibroblast 1,59,40,1,1,1_5_1,LymphaticEndo
G-7171,all,118,49,9851,5255,22,106167,0,0,0,0,0,G,12,Alveolar fibroblast 1,46,30,1,1,1_4_1,AlveolarFib
G-7173,all,365,102,11146,4811,17,72457,0,0,0,0,0,G,118,Ciliated cell,46,28,4,4,4_1_1,ClubEpi
G-7174,all,13,11,10351,4156,40,12649,0,0,0,0,0,G,2,Alveolar type 1 cell,29,11,1,1,1_4_1,AlveolarFib
G-7175,all,111,40,10498,4779,15,74603,0,0,0,0,0,G,19,Arterial endothelial cell,52,28,2,2,2_4,Artery
G-7176,all,27,11,10461,3916,27,42751,0,0,0,0,0,G,3,Natural killer cell,40,12,2,2,2_2,InflamMac
G-7178,all,47,24,10154,4984,33,51431,0,0,0,0,0,G,15,Arterial endothelial cell,47,24,3,3,3_6,SCMF
G-7180,all,12,8,9875,5128,42,7271,0,0,0,0,0,G,2,Arterial endothelial cell,35,10,2,2,2_4,Artery
G-7181,all,128,56,10945,4940,17,60278,0,0,0,0,0,G,34,Inflammatory monocyte,39,23,1,1,1_4_1,AlveolarFib
G-7182,all,43,21,10149,4889,33,35997,0,0,0,0,0,G,12,Secondary crest myofibroblast,44,22,3,3,3_2,SMC
G-7184,all,116,47,11084,5152,25,49295,0,0,0,0,0,G,10,Innate lymphoid cell,48,29,6,6,6,AT1
G-7188,all,80,44,11164,4845,30,36431,0,0,0,0,0,G,32,Arterial endothelial cell,60,44,4,4,4_1_1,CiliatedEpi
G-7189,all,69,46,10987,4848,35,50915,0,0,0,0,0,G,17,Ciliated cell,59,46,4,4,4_1_1,CiliatedEpi
G-7193,all,66,29,10367,4798,27,54518,0,0,0,0,0,G,15,Secondary crest myofibroblast,56,30,3,3,3_2,SMC
G-7194,all,71,43,10944,4778,28,39179,0,0,0,0,0,G,25,Secretory cell,59,43,2,2,2_3,Vein
G-7195,all,27,11,10622,4995,4,8898,0,0,0,0,0,G,3,Mesothelial cell,40,11,3,3,3_3,AdventitialFib
G-7197,all,154,48,10480,3986,24,93188,0,0,0,0,0,G,76,Secretory cell,48,19,4,4,4_1_2,ClubEpi
G-7198,all,78,35,11141,5173,33,45323,0,0,0,0,0,G,14,Innate lymphoid cell,56,37,2,2,2_5,DC
G-7201,all,155,60,10613,4918,34,91482,0,0,0,0,0,G,20,B cell,49,30,9,9,9,Bcell
G-7203,all,95,41,10263,3870,33,54969,0,0,0,0,0,G,4,CD4+ T cell,62,41,1,1,1_2_1,Tcell (CD4)
G-7204,all,120,63,10568,4494,26,79596,0,0,0,0,0,G,29,Alveolar fibroblast 2,64,47,4,4,4_1_1,CiliatedEpi
G-7205,all,52,28,10553,4592,29,37627,0,0,0,0,0,G,6,Interstitial macrophage,52,28,8,8,8_1,AlveolarMac
G-7206,all,437,125,10928,4746,22,102836,0,0,0,0,0,G,109,Ciliated cell,46,33,4,4,4_1_1,ClubEpi
G-7207,all,34,14,9576,5538,16,48558,0,0,0,0,0,G,8,CD8+ T cell,42,15,1,1,1_4_3,AlveolarFib
G-7212,all,285,106,10691,4599,29,135371,0,0,0,0,0,G,72,Ciliated cell,44,35,4,4,4_1_1,CiliatedEpi
G-7217,all,152,71,10917,4891,28,52809,0,0,0,0,0,G,53,Pericyte,43,35,4,4,4_1_1,CiliatedEpi
G-7220,all,143,46,10319,4981,22,92055,0,0,0,0,0,G,13,B cell,53,30,2,2,2_4,Artery
G-7221,all,10,6,10222,4844,38,11538,0,0,0,0,0,G,3,Arterial endothelial cell,29,6,2,2,2_4,Artery
G-7222,all,174,59,10955,5214,24,113393,0,0,0,0,0,G,28,Alveolar fibroblast 1,50,34,1,1,1_2_1,Tcell (CD4)
G-7223,all,62,28,10984,4752,8,16957,0,0,0,0,0,G,28,Ciliated cell,44,26,4,4,4_1_2,CiliatedEpi
G-7224,all,72,38,10869,4775,39,46229,0,0,0,0,0,G,31,Ciliated cell,57,38,4,4,4_1_2,CiliatedEpi
G-7225,all,174,63,10494,4590,32,91493,0,0,0,0,0,G,30,Innate lymphoid cell,53,34,7,7,7_2,PatrolMac
G-7226,all,94,18,10426,4147,25,24737,0,0,0,0,0,G,78,Capillary 1 cell,36,18,4,4,4_2,CiliatedEpi
G-7229,all,105,44,10523,4993,12,66639,0,0,0,0,0,G,22,Alveolar fibroblast 1,66,42,3,3,3_5,SMC
G-7232,all,154,56,10550,4960,20,87711,0,0,0,0,0,G,28,Arterial endothelial cell,53,34,2,2,2_4,Artery
G-7234,all,92,39,11132,5370,9,52544,0,0,0,0,0,G,16,Proliferative mesenchymal progenitor cell,61,40,3,3,3_2,SMC
G-7239,all,225,69,10974,4981,20,111434,0,0,0,0,0,G,44,Inflammatory monocyte,50,33,1,1,1_2_1,Tcell (CD4)
G-7240,all,43,21,11165,5353,19,31207,0,0,0,0,0,G,16,CD4+ T cell,46,22,1,1,1_4_1,AlveolarFib
G-7243,all,8,4,11180,5319,20,31099,0,0,0,0,0,G,4,Sox9+/Id2+ epithelial cell,32,6,1,1,1_1,AT2
G-7245,all,165,55,11128,5045,32,77245,0,0,0,0,0,G,33,Alveolar fibroblast 1,51,30,1,1,1_2_1,Tcell (CD4)
G-7248,all,139,57,10246,4948,26,100880,0,0,0,0,0,G,13,CD4+ T cell,47,29,3,3,3_2,SMC
G-7249,all,99,45,11111,4867,36,66576,0,0,0,0,0,G,52,Ciliated cell,65,41,4,4,4_1_2,ClubEpi
G-7252,all,98,36,10234,5604,31,69174,0,0,0,0,0,G,23,Classical DC subset 2,61,36,1,1,1_4_1,AlveolarFib
G-7255,all,15,10,10429,4593,21,7755,0,0,0,0,0,G,2,Inflammatory monocyte,32,10,9,9,9,Bcell
G-7258,all,89,47,10557,4620,27,52195,0,0,0,0,0,G,16,Interstitial macrophage,61,47,8,8,8_3,InterstitialMac
G-7259,all,178,36,10415,4118,25,69599,0,0,0,0,0,G,133,Alveolar type 2 cell,55,15,4,4,4_2,ClubEpi
G-7260,all,74,29,9406,4014,34,38130,0,0,0,0,0,G,24,AT1/AT2,55,29,7,7,7_3,Tcell (CD8)
G-7261,all,216,76,10779,4651,22,49855,0,0,0,0,0,G,94,Secretory cell,54,31,4,4,4_1_2,ClubEpi
G-7266,all,103,53,10947,4885,28,69215,0,0,0,0,0,G,35,Inflammatory monocyte,66,51,4,4,4_1_1,CiliatedEpi
G-7267,all,16,10,9165,4172,28,11921,0,0,0,0,0,G,2,CD4+ T cell,32,10,1,1,1_2_1,Tcell (CD4)
G-7268,all,24,13,11038,5144,19,28083,0,0,0,0,0,G,6,B cell,40,13,9,9,9,Bcell
G-7270,all,37,14,10503,3865,16,82417,0,0,0,0,0,G,5,Alveolar type 1 cell,44,15,1,1,1_4_1,AlveolarFib
G-7272,all,27,15,10031,5196,8,35465,0,0,0,0,0,G,6,Capillary 1 cell,44,15,2,2,2_3,Vein
G-7277,all,25,18,10396,4217,23,17636,0,0,0,0,0,G,7,B cell,43,18,7,7,7_4,PatrolMac
G-7281,all,268,102,10644,4561,20,89447,0,0,0,0,0,G,98,Alveolar fibroblast 1,44,28,4,4,4_1_2,ClubEpi
G-7285,all,309,91,10509,4327,23,62389,0,0,0,0,0,G,155,Venous endothelial cell,49,40,4,4,4_2,CiliatedEpi
G-7286,all,376,117,10849,4700,23,90707,0,0,0,0,0,G,109,Ciliated cell,48,35,4,4,4_1_1,ClubEpi
G-7287,all,76,34,10673,4866,13,53851,0,0,0,0,0,G,24,Arterial endothelial cell,57,35,3,3,3_2,SMC
G-7288,all,14,9,10082,4975,13,18378,0,0,0,0,0,G,5,Alveolar type 1 cell,31,9,1,1,1_2_3,Tcell (CD4)
G-7291,all,52,26,10523,4801,30,33571,0,0,0,0,0,G,2,Arterial endothelial cell,52,27,2,2,2_4,Artery
G-7299,all,53,25,10317,4381,20,36460,0,0,0,0,0,G,6,Inflammatory monocyte,52,25,7,7,7_2,PatrolMac
G-7300,all,53,24,10570,4528,35,26950,0,0,0,0,0,G,5,Alveolar fibroblast 2,52,24,3,3,3_3,AdventitialFib
G-7306,all,31,14,9337,4087,39,19055,0,0,0,0,0,G,3,CD4+ T cell,41,14,1,1,1_2_3,Tcell (CD4)
G-7308,all,40,29,11122,4990,42,7636,0,0,0,0,0,G,15,CD4+ T cell,37,29,4,4,4_1_2,CiliatedEpi
G-7312,all,68,46,10967,4795,31,33031,0,0,0,0,0,G,31,Ciliated cell,61,46,4,4,4_1_1,ClubEpi
G-7313,all,175,61,10448,4140,25,50821,0,0,0,0,0,G,103,Ciliated cell,47,18,4,4,4_2,ClubEpi
G-7314,all,15,8,9277,4342,6,10483,0,0,0,0,0,G,7,Arterial endothelial cell,40,10,2,2,2_4,Artery
G-7322,all,39,21,10144,6718,12,45932,0,0,0,0,0,G,14,Sox9+/Id2+ epithelial cell,43,21,1,1,1_3,AT2
G-7324,all,19,15,9504,5846,12,70519,0,0,0,0,0,G,9,Neutrophil,38,15,5,5,5_1,Pericyte
G-7327,all,24,7,10214,5791,26,45598,0,0,0,0,0,G,18,Sox9+/Id2+ epithelial cell,45,8,2,2,2_1,Capillary
G-7329,all,28,16,9732,6932,22,65591,0,0,0,0,0,G,7,Alveolar fibroblast 1,42,16,9,9,9,Bcell
G-7330,all,16,9,9892,7080,29,46649,0,0,0,0,0,G,2,Neutrophil,37,9,8,8,8_2,InterstitialMac
G-7331,all,9,9,10714,6905,13,41251,0,0,0,0,0,G,2,Capillary 1 cell,30,10,2,2,2_3,Vein
G-7334,all,26,17,9586,6034,19,48699,0,0,0,0,0,G,4,Alveolar type 1 cell,44,17,2,2,2_3,Vein
G-7335,all,26,14,9502,5760,26,67784,0,0,0,0,0,G,9,B cell,43,14,9,9,9,Bcell
G-7336,all,96,30,9432,5954,24,117260,0,0,0,0,0,G,64,Sox9+/Id2+ epithelial cell,58,27,1,1,1_1,AT2
G-7337,all,45,23,9862,6260,34,67147,0,0,0,0,0,G,10,Alveolar fibroblast 1,48,24,1,1,1_5_1,LymphaticEndo
G-7338,all,28,14,9742,7217,24,88978,0,0,0,0,0,G,2,Inflammatory monocyte,41,15,2,2,2_2,InflamMac
G-7340,all,30,19,10044,6551,14,76022,0,0,0,0,0,G,3,Arterial endothelial cell,40,19,2,2,2_4,Artery
G-7341,all,38,22,10270,5868,22,66104,0,0,0,0,0,G,7,Alveolar type 2 cell,42,22,2,2,2_3,Vein
G-7342,all,19,11,9384,6370,12,32681,0,0,0,0,0,G,4,Alveolar fibroblast 1,43,12,1,1,1_4_3,AlveolarFib
G-7343,all,33,18,9363,6328,30,77924,0,0,0,0,0,G,2,Venous endothelial cell,42,18,2,2,2_3,Vein
G-7345,all,31,21,10153,5866,18,78427,0,0,0,0,0,G,4,Alveolar fibroblast 1,39,21,1,1,1_4_1,AlveolarFib
G-7346,all,26,11,9456,5866,20,35415,0,0,0,0,0,G,8,Alveolar type 1 cell,44,11,6,6,6,AT1
G-7347,all,30,19,9582,6602,23,68152,0,0,0,0,0,G,16,Pericyte,39,19,5,5,5_1,Pericyte
G-7348,all,12,8,9951,7299,33,38369,0,0,0,0,0,G,2,Endothelial progenitor cell,32,8,3,3,3_4,AdventitialFib
G-7349,all,25,9,10045,6910,35,22547,0,0,0,0,0,G,16,Alveolar type 2 cell,46,9,1,1,1_1,AT2
G-7350,all,30,19,9295,6177,35,44962,0,0,0,0,0,G,4,Secondary crest myofibroblast,40,20,3,3,3_1,SMC
G-7353,all,18,16,10082,6772,36,36233,0,0,0,0,0,G,3,Alveolar fibroblast 1,40,17,3,3,3_1,SMC
G-7354,all,7,5,9574,7086,39,22555,0,0,0,0,0,G,3,Pericyte,21,8,5,5,5_1,Pericyte
G-7356,all,18,12,9960,5943,7,29284,125,0,125,0,1,G,2,Natural killer cell,40,13,2,2,2_2,InflamMac
G-7357,all,24,12,10204,6855,12,74391,0,0,0,0,0,G,20,Pericyte,39,12,5,5,5_1,Pericyte
G-7360,all,14,11,10269,5761,33,49504,0,0,0,0,0,G,3,Endothelial progenitor cell,32,11,2,2,2_3,Vein
G-7361,all,62,31,10257,7036,25,111999,0,0,0,0,0,G,8,Alveolar type 2 cell,54,31,2,2,2_6,pDC
G-7362,all,18,14,10258,7601,17,77684,0,0,0,0,0,G,3,Sox9+/Id2+ epithelial cell,44,16,2,2,2_1,Capillary
G-7363,all,25,8,10486,6994,36,31740,0,0,0,0,0,G,20,Innate lymphoid cell,41,10,2,2,2_5,DC
G-7364,all,30,14,9307,6048,20,101130,0,0,0,0,0,G,2,Alveolar fibroblast 1,40,15,1,1,1_5_2,AlveolarFib
G-7365,all,8,6,9502,7283,35,35683,0,0,0,0,0,G,4,Endothelial progenitor cell,22,8,2,2,2_6,pDC
G-7366,all,24,8,9547,6595,28,35661,0,0,0,0,0,G,17,Alveolar type 2 cell,45,8,1,1,1_1,AT2
G-7367,all,25,16,9636,5884,29,90122,0,0,0,0,0,G,3,Capillary 1 cell,38,17,3,3,3_1,SMC
G-7368,all,59,29,9939,6213,28,97775,0,0,0,0,0,G,12,Arterial endothelial cell,53,29,2,2,2_1,Capillary
G-7371,all,29,18,10611,6704,16,78125,0,0,0,0,0,G,6,Alveolar type 2 cell,39,18,2,2,2_6,pDC
G-7375,all,27,19,10116,7125,28,61207,0,0,0,0,0,G,9,Pericyte,41,19,5,5,5_1,Pericyte
G-7376,all,80,33,10486,6772,22,99015,0,0,0,0,0,G,22,Alveolar macrophage,59,33,8,8,8_1,AlveolarMac
G-7377,all,49,7,10223,5915,28,56070,0,0,0,0,0,G,44,Alveolar type 2 cell,48,7,1,1,1_1,AT2
G-7379,all,15,12,9507,6219,21,79711,0,0,0,0,0,G,2,Sox9+/Id2+ epithelial cell,33,12,8,8,8_2,InterstitialMac
G-7383,all,22,18,9294,6988,20,75940,0,0,0,0,0,G,5,B cell,40,18,9,9,9,Bcell
G-7385,all,6,5,10111,7226,38,13209,0,0,0,0,0,G,3,Alveolar type 1 cell,25,7,6,6,6,AT1
G-7386,all,64,25,9666,6171,24,128563,0,0,0,0,0,G,25,Pericyte,55,25,5,5,5_1,Pericyte
G-7387,all,34,14,9401,6249,20,50278,0,0,0,0,0,G,20,Alveolar type 2 cell,43,14,1,1,1_1,AT2
G-7388,all,16,12,9692,6917,14,65584,0,0,0,0,0,G,4,Capillary 1 cell,29,11,2,2,2_1,Capillary
G-7389,all,62,18,9511,5794,32,49006,0,0,0,0,0,G,10,Sox9+/Id2+ epithelial cell,52,18,6,6,6,AT1
G-7390,all,42,29,10169,7127,21,76348,489,0,489,0,1,G,16,Arterial endothelial cell,42,29,5,5,5_1,Pericyte
G-7391,all,39,20,9656,7006,9,63246,0,0,0,0,0,G,4,B cell,43,21,1,1,1_6_2,Neutrophil
G-7393,all,24,19,9735,7016,22,53415,0,0,0,0,0,G,6,Secondary crest myofibroblast,39,20,2,2,2_1,Capillary
G-7395,all,27,8,10120,7196,36,34727,0,0,0,0,0,G,20,Sox9+/Id2+ epithelial cell,43,8,1,1,1_1,AT2
G-7396,all,13,10,10345,6992,19,33274,0,0,0,0,0,G,2,Sox9+/Id2+ epithelial cell,34,10,2,2,2_3,Vein
G-7397,all,34,7,9541,5961,18,49967,0,0,0,0,0,G,27,Alveolar type 2 cell,44,7,1,1,1_3,AT2
G-7398,all,18,14,9537,7253,32,49499,0,0,0,0,0,G,3,Pericyte,37,14,5,5,5_1,Pericyte
G-7399,all,36,20,9765,7353,12,74664,0,0,0,0,0,G,8,Capillary 1 cell,42,19,2,2,2_1,Capillary
G-7402,all,21,6,9408,7193,38,28482,0,0,0,0,0,G,3,Alveolar type 1 cell,43,6,6,6,6,AT1
G-7403,all,8,6,10680,6937,20,39959,0,0,0,0,0,G,4,Airway smooth muscle cell,26,8,3,3,3_1,SMC
G-7404,all,16,8,11142,6091,35,38316,0,0,0,0,0,G,8,Alveolar fibroblast 1,32,9,3,3,3_1,SMC
G-7405,all,57,15,9513,6599,28,50199,0,0,0,0,0,G,40,Alveolar type 2 cell,51,15,1,1,1_1,AT2
G-7406,all,29,14,9645,6736,19,112221,0,0,0,0,0,G,2,Proliferative mesenchymal progenitor cell,40,14,2,2,2_6,pDC
G-7411,all,26,14,11095,6018,25,58886,0,0,0,0,0,G,5,Sox9+/Id2+ epithelial cell,45,14,2,2,2_6,pDC
G-7416,all,48,28,10224,6762,31,82078,0,0,0,0,0,G,3,Capillary 2 cell,49,28,2,2,2_1,Capillary
G-7417,all,33,17,10003,7100,23,72847,0,0,0,0,0,G,9,Alveolar fibroblast 1,42,18,3,3,3_1,SMC
G-7419,all,12,10,10423,7045,32,32176,0,0,0,0,0,G,2,Proliferative mesenchymal progenitor cell,32,11,3,3,3_1,SMC
G-7421,all,86,27,10133,6866,29,84097,0,0,0,0,0,G,17,Arterial endothelial cell,58,27,6,6,6,AT1
G-7422,all,27,12,9723,7322,29,42936,0,0,0,0,0,G,20,Alveolar type 2 cell,43,12,1,1,1_3,AT2
G-7423,all,31,17,10114,7017,14,96345,0,0,0,0,0,G,3,Capillary 1 cell,42,16,2,2,2_1,Capillary
G-7424,all,72,35,9822,6056,26,140542,0,0,0,0,0,G,12,Arterial endothelial cell,52,35,1,1,1_5_1,LymphaticEndo
G-7425,all,56,18,9975,6333,21,84661,0,0,0,0,0,G,34,Alveolar type 2 cell,52,19,3,3,3_1,SMC
G-7427,all,45,29,9595,6262,28,83693,0,0,0,0,0,G,7,Alveolar macrophage,45,29,8,8,8_1,AlveolarMac
G-7428,all,11,9,10535,6965,38,34317,0,0,0,0,0,G,4,Alveolar fibroblast 1,30,10,3,3,3_1,SMC
G-7429,all,6,4,10626,6866,34,19694,0,0,0,0,0,G,5,Alveolar fibroblast 1,21,8,3,3,3_1,SMC
G-7435,all,32,17,10121,7399,25,63809,0,0,0,0,0,G,13,Sox9+/Id2+ epithelial cell,42,17,2,2,2_1,Capillary
G-7437,all,9,8,10000,5984,23,61320,0,0,0,0,0,G,2,Alveolar fibroblast 1,27,9,2,2,2_3,Vein
G-7438,all,29,24,9964,6543,17,57453,0,0,0,0,0,G,5,Inflammatory monocyte,36,24,1,1,1_2_3,Tcell (CD4)
G-7441,all,20,19,9819,6255,36,43814,0,0,0,0,0,G,2,Alveolar fibroblast 1,41,19,1,1,1_5_1,LymphaticEndo
G-7443,all,10,6,9730,7069,36,28632,0,0,0,0,0,G,3,B cell,28,6,9,9,9,Bcell
G-7446,all,35,19,11092,5906,34,68515,0,0,0,0,0,G,4,CD8+ T cell,45,19,7,7,7_2,PatrolMac
G-7449,all,56,15,9386,7275,20,133274,0,0,0,0,0,G,32,Ciliated cell,52,14,2,2,2_1,Capillary
G-7450,all,42,24,10061,7328,26,69329,0,0,0,0,0,G,10,Sox9+/Id2+ epithelial cell,42,24,2,2,2_1,Capillary
G-7452,all,85,12,9843,7198,22,95960,0,0,0,0,0,G,76,Alveolar type 2 cell,52,12,1,1,1_3,AT2
G-7454,all,17,14,10185,6727,15,51366,0,0,0,0,0,G,2,Venous endothelial cell,34,14,2,2,2_3,Vein
G-7455,all,22,18,9908,6068,16,32254,0,0,0,0,0,G,5,Natural killer cell,44,20,2,2,2_5,DC
G-7456,all,28,17,9409,6885,15,83638,0,0,0,0,0,G,7,Alveolar fibroblast 1,42,17,1,1,1_5_1,LymphaticEndo
G-7458,all,70,11,9893,7421,29,61237,0,0,0,0,0,G,65,Alveolar type 2 cell,50,11,1,1,1_3,AT2
G-7459,all,11,6,9917,6408,33,31349,0,0,0,0,0,G,5,Pericyte,28,6,5,5,5_3,Pericyte
G-7460,all,20,16,9453,6885,16,71387,0,0,0,0,0,G,3,Alveolar fibroblast 1,38,16,1,1,1_5_2,AlveolarFib
G-7461,all,35,9,9803,7466,8,37131,0,0,0,0,0,G,9,Pericyte,45,9,6,6,6,AT1
G-7462,all,75,16,9840,7024,10,69477,0,0,0,0,0,G,58,Alveolar type 2 cell,52,16,1,1,1_3,AT2
G-7466,all,22,14,10402,7006,17,64606,0,0,0,0,0,G,2,Endothelial progenitor cell,44,14,2,2,2_6,pDC
G-7468,all,44,32,10659,6763,21,75779,0,0,0,0,0,G,15,Alveolar macrophage,44,32,8,8,8_3,InterstitialMac
G-7470,all,14,6,10231,7147,35,31537,0,0,0,0,0,G,10,Proliferative mesenchymal progenitor cell,29,7,3,3,3_1,SMC
G-7471,all,21,14,10039,5987,33,41305,0,0,0,0,0,G,5,Alveolar fibroblast 1,43,14,1,1,1_5_1,LymphaticEndo
G-7472,all,46,25,9311,6389,13,79424,0,0,0,0,0,G,17,Pericyte,46,25,5,5,5_1,Pericyte
G-7474,all,41,20,9629,6795,29,86095,0,0,0,0,0,G,7,Alveolar fibroblast 1,43,20,3,3,3_4,AdventitialFib
G-7475,all,32,11,9613,6384,15,61013,0,0,0,0,0,G,3,Pericyte,43,11,3,3,3_6,SCMF
G-7477,all,22,13,10285,6756,14,40030,0,0,0,0,0,G,2,Capillary 2 cell,40,13,2,2,2_6,pDC
G-7478,all,67,19,9407,6538,27,97395,0,0,0,0,0,G,4,Venous endothelial cell,53,19,3,3,3_4,AdventitialFib
G-7479,all,16,5,10021,7411,32,26770,0,0,0,0,0,G,3,Alveolar type 1 cell,39,5,6,6,6,AT1
G-7480,all,9,9,9789,7043,32,41173,0,0,0,0,0,G,3,B cell,28,9,9,9,9,Bcell
G-7481,all,28,9,9396,6211,17,31933,0,0,0,0,0,G,4,Alveolar type 1 cell,44,9,6,6,6,AT1
G-7483,all,27,18,9839,5957,22,87333,0,0,0,0,0,G,5,Capillary 1 cell,37,19,2,2,2_1,Capillary
G-7485,all,36,20,10168,7409,15,84939,0,0,0,0,0,G,4,Endothelial progenitor cell,40,20,3,3,3_4,AdventitialFib
G-7486,all,17,14,9345,6909,19,73937,0,0,0,0,0,G,2,Pericyte,35,14,5,5,5_3,Pericyte
G-7487,all,30,21,9820,7074,18,66664,0,0,0,0,0,G,4,Capillary 1 cell,38,21,9,9,9,Bcell
G-7489,all,8,6,9899,6788,38,34144,0,0,0,0,0,G,2,Capillary 1 cell,28,7,2,2,2_3,Vein
G-7490,all,54,26,10202,7588,15,103660,0,0,0,0,0,G,30,Alveolar type 2 cell,52,26,1,1,1_3,AT2
G-7492,all,39,23,10584,6847,26,73664,0,0,0,0,0,G,5,Sox9+/Id2+ epithelial cell,42,23,6,6,6,AT1
G-7494,all,66,26,9575,7226,20,105863,0,0,0,0,0,G,3,Inflammatory monocyte,56,26,7,7,7_2,PatrolMac
G-7495,all,57,20,9426,5904,25,60762,0,0,0,0,0,G,33,Sox9+/Id2+ epithelial cell,52,20,6,6,6,AT1
G-7496,all,74,25,9992,7277,20,120327,0,0,0,0,0,G,11,Alveolar type 1 cell,50,25,6,6,6,AT1
G-7498,all,78,17,9452,6537,19,65834,0,0,0,0,0,G,23,Alveolar type 1 cell,54,17,6,6,6,AT1
G-7499,all,20,6,9402,6276,11,24758,0,0,0,0,0,G,16,Alveolar type 2 cell,44,6,1,1,1_3,AT2
G-7502,all,52,20,10607,6796,34,37399,0,0,0,0,0,G,6,Sox9+/Id2+ epithelial cell,50,20,6,6,6,AT1
G-7503,all,26,18,9775,5953,12,51780,0,0,0,0,0,G,5,Inflammatory monocyte,42,19,2,2,2_5,DC
G-7506,all,30,19,10434,6800,14,68999,382,0,382,0,1,G,2,Capillary 1 cell,38,19,2,2,2_1,Capillary
G-7508,all,34,17,10379,6908,25,82230,0,0,0,0,0,G,20,Pericyte,42,17,5,5,5_3,Pericyte
G-7513,all,11,10,9486,6882,32,39086,0,0,0,0,0,G,2,Capillary 2 cell,30,10,5,5,5_3,Pericyte
G-7514,all,34,23,9574,6648,34,70399,0,0,0,0,0,G,3,Pericyte,40,23,5,5,5_1,Pericyte
G-7515,all,27,11,10054,7377,27,64879,0,0,0,0,0,G,18,Alveolar type 2 cell,45,11,1,1,1_3,AT2
G-7516,all,32,22,10023,6113,26,87597,0,0,0,0,0,G,3,Alveolar fibroblast 1,39,23,1,1,1_5_1,LymphaticEndo
G-7519,all,8,7,10536,6926,35,31311,0,0,0,0,0,G,2,Alveolar type 1 cell,26,8,6,6,6,AT1
G-7520,all,40,17,10040,7277,29,65081,0,0,0,0,0,G,5,Alveolar type 1 cell,44,17,6,6,6,AT1
G-7522,all,49,30,9298,5906,28,93821,0,0,0,0,0,G,5,Inflammatory monocyte,53,32,2,2,2_5,DC
G-7523,all,94,23,10063,6023,33,108913,0,0,0,0,0,G,73,Alveolar type 2 cell,58,23,1,1,1_1,AT2
G-7524,all,20,15,10316,6979,15,61641,0,0,0,0,0,G,6,Alveolar macrophage,39,15,1,1,1_2_3,Tcell (CD4)
G-7525,all,14,9,9795,5820,25,56161,0,0,0,0,0,G,7,Capillary 2 cell,28,9,1,1,1_3,AT2
G-7527,all,46,14,9864,7501,35,44234,0,0,0,0,0,G,5,Sox9+/Id2+ epithelial cell,47,14,6,6,6,AT1
G-7528,all,65,13,10397,6943,27,59317,0,0,0,0,0,G,61,Alveolar type 2 cell,52,13,3,3,3_1,SMC
G-7530,all,7,7,10000,6022,22,50120,0,0,0,0,0,G,2,Venous endothelial cell,30,8,2,2,2_3,Vein
G-7531,all,12,9,9553,6439,15,39077,0,0,0,0,0,G,4,Endothelial progenitor cell,33,9,2,2,2_6,pDC
G-7532,all,15,9,10183,5801,28,23342,0,0,0,0,0,G,8,Sox9+/Id2+ epithelial cell,36,9,1,1,1_1,AT2
G-7533,all,21,10,9853,7434,17,59733,0,0,0,0,0,G,15,Pericyte,42,10,5,5,5_1,Pericyte
G-7535,all,18,15,9919,6035,5,24981,0,0,0,0,0,G,3,Inflammatory monocyte,41,17,2,2,2_5,DC
G-7539,all,13,5,9760,7020,31,35447,0,0,0,0,0,G,2,Proliferative mesenchymal progenitor cell,33,5,5,5,5_1,Pericyte
G-7540,all,37,20,10588,7002,16,97450,0,0,0,0,0,G,12,Proliferative mesenchymal progenitor cell,44,21,3,3,3_1,SMC
G-7543,all,39,15,9546,5799,29,50768,0,0,0,0,0,G,7,Sox9+/Id2+ epithelial cell,44,15,6,6,6,AT1
G-7545,all,34,14,9880,7151,24,92049,0,0,0,0,0,G,14,Sox9+/Id2+ epithelial cell,44,14,1,1,1_1,AT2
G-7548,all,80,36,9700,6019,18,113761,0,0,0,0,0,G,18,Inflammatory monocyte,57,38,2,2,2_5,DC
G-7552,all,22,14,9524,5703,33,64914,0,0,0,0,0,G,3,Alveolar fibroblast 1,42,14,7,7,7_3,Tcell (CD8)
G-7553,all,41,24,10094,7280,33,76569,0,0,0,0,0,G,3,Alveolar type 1 cell,42,24,6,6,6,AT1
G-7557,all,18,13,9508,7032,30,95519,0,0,0,0,0,G,3,Alveolar fibroblast 1,41,14,3,3,3_5,SMC
G-7560,all,7,3,9362,6120,8,39821,0,0,0,0,0,G,6,Sox9+/Id2+ epithelial cell,32,5,1,1,1_1,AT2
G-7563,all,38,15,10391,6816,25,51605,0,0,0,0,0,G,2,Natural killer cell,43,15,7,7,7_3,Tcell (CD8)
G-7565,all,10,7,10498,6920,33,24259,0,0,0,0,0,G,3,Alveolar type 1 cell,31,7,6,6,6,AT1
G-7567,all,35,21,9689,6539,28,103171,0,0,0,0,0,G,4,Sox9+/Id2+ epithelial cell,42,21,1,1,1_3,AT2
G-7568,all,25,8,9375,7185,37,32960,0,0,0,0,0,G,6,Alveolar type 1 cell,45,8,6,6,6,AT1
G-7570,all,94,16,11091,5969,31,95735,0,0,0,0,0,G,78,Alveolar type 2 cell,54,16,1,1,1_3,AT2
G-7571,all,7,3,10193,5745,39,11975,0,0,0,0,0,G,6,Sox9+/Id2+ epithelial cell,32,5,1,1,1_1,AT2
G-7572,all,53,29,9631,6044,19,112643,0,0,0,0,0,G,10,Capillary 1 cell,54,31,2,2,2_5,DC
G-7573,all,35,10,10216,7541,20,31996,0,0,0,0,0,G,29,Alveolar type 2 cell,46,10,1,1,1_1,AT2
G-7575,all,55,30,9722,6182,31,83452,0,0,0,0,0,G,14,Alveolar macrophage,53,30,2,2,2_3,Vein
G-7577,all,13,8,9299,7325,36,29504,0,0,0,0,0,G,2,CD8+ T cell,29,9,1,1,1_6_2,Neutrophil
G-7578,all,44,11,9710,7278,34,57035,0,0,0,0,0,G,36,Alveolar type 2 cell,47,11,1,1,1_3,AT2
G-7579,all,155,36,10623,6749,24,138277,0,0,0,0,0,G,82,Alveolar fibroblast 1,46,15,6,6,6,AT1
G-7585,all,35,20,9387,7060,31,78985,0,0,0,0,0,G,13,Alveolar fibroblast 1,42,22,2,2,2_4,Artery
G-7587,all,31,21,10000,6773,34,60546,0,0,0,0,0,G,5,Proliferative mesenchymal progenitor cell,39,21,3,3,3_4,AdventitialFib
G-7589,all,22,11,9954,7379,31,43404,0,0,0,0,0,G,6,Alveolar fibroblast 1,42,12,1,1,1_4_3,AlveolarFib
G-7591,all,62,18,9941,6331,29,60608,0,0,0,0,0,G,49,Alveolar type 2 cell,52,18,1,1,1_3,AT2
G-7593,all,86,28,9929,7544,26,94093,0,0,0,0,0,G,15,Alveolar type 1 cell,58,28,6,6,6,AT1
G-7595,all,46,19,10455,7017,29,59525,0,0,0,0,0,G,20,Sox9+/Id2+ epithelial cell,47,19,2,2,2_1,Capillary
G-7597,all,50,21,10172,7190,34,74011,0,0,0,0,0,G,27,Alveolar fibroblast 1,52,22,3,3,3_1,SMC
G-7599,all,26,15,10277,5729,20,53559,0,0,0,0,0,G,3,Alveolar type 1 cell,44,16,1,1,1_4_1,AlveolarFib
G-7600,all,12,10,9949,7593,16,50631,0,0,0,0,0,G,2,Endothelial progenitor cell,32,10,2,2,2_1,Capillary
G-7602,all,6,5,9805,5850,34,43937,0,0,0,0,0,G,4,Pericyte,20,8,5,5,5_3,Pericyte
G-7603,all,112,24,10036,7071,22,110090,0,0,0,0,0,G,88,Sox9+/Id2+ epithelial cell,49,12,3,3,3_1,SMC
G-7604,all,75,19,9418,7010,20,96635,0,0,0,0,0,G,60,Alveolar type 2 cell,53,19,1,1,1_3,AT2
G-7606,all,87,21,9666,6246,17,89383,0,0,0,0,0,G,67,Neutrophil,54,20,1,1,1_3,AT2
G-7607,all,41,15,9366,6202,17,55786,0,0,0,0,0,G,8,Alveolar type 1 cell,45,15,6,6,6,AT1
G-7608,all,32,20,9746,6976,24,61380,0,0,0,0,0,G,2,Alveolar fibroblast 1,41,20,2,2,2_6,pDC
G-7609,all,16,12,9859,6589,34,41033,0,0,0,0,0,G,2,Alveolar fibroblast 1,41,13,3,3,3_1,SMC
G-7610,all,52,20,9543,6550,21,111985,0,0,0,0,0,G,25,Capillary 1 cell,51,20,2,2,2_6,pDC
G-7611,all,62,15,9316,6301,20,100909,0,0,0,0,0,G,20,Alveolar type 1 cell,52,15,6,6,6,AT1
G-7613,all,19,9,10641,6903,20,33353,0,0,0,0,0,G,14,Alveolar fibroblast 1,40,10,3,3,3_1,SMC
G-7615,all,59,34,9310,7041,16,138217,0,0,0,0,0,G,10,Inflammatory monocyte,55,33,2,2,2_1,Capillary
G-7617,all,46,21,9451,6257,23,56269,0,0,0,0,0,G,25,Interstitial macrophage,46,21,8,8,8_3,InterstitialMac
G-7618,all,21,18,9871,6064,8,48305,0,0,0,0,0,G,3,Arterial endothelial cell,41,18,2,2,2_4,Artery
G-7619,all,27,19,10140,5970,36,73110,0,0,0,0,0,G,8,Capillary 1 cell,47,18,2,2,2_1,Capillary
G-7622,all,53,17,9516,6267,21,63549,0,0,0,0,0,G,36,Interstitial macrophage,50,17,1,1,1_1,AT2
G-7625,all,17,10,9995,6697,16,25615,0,0,0,0,0,G,3,Innate lymphoid cell,35,11,1,1,1_6_2,Neutrophil
G-7627,all,33,18,9332,6235,34,76267,0,0,0,0,0,G,7,Alveolar macrophage,41,18,2,2,2_3,Vein
G-7628,all,15,9,9523,7198,34,44518,0,0,0,0,0,G,2,Venous endothelial cell,35,9,2,2,2_3,Vein
G-7630,all,25,17,9426,6197,26,42634,0,0,0,0,0,G,3,Sox9+/Id2+ epithelial cell,37,19,2,2,2_5,DC
G-7631,all,19,10,10189,5832,18,46438,0,0,0,0,0,G,8,B cell,41,10,9,9,9,Bcell
G-7632,all,17,10,9470,6203,29,54298,0,0,0,0,0,G,2,Proliferative mesenchymal progenitor cell,35,10,1,1,1_5_1,LymphaticEndo
G-7634,all,49,13,10090,7371,23,60938,0,0,0,0,0,G,37,Alveolar type 2 cell,48,13,1,1,1_3,AT2
G-7635,all,37,24,10098,6699,18,80234,0,0,0,0,0,G,3,Sox9+/Id2+ epithelial cell,43,25,1,1,1_6_2,Neutrophil
G-7637,all,39,18,10589,6891,26,73423,0,0,0,0,0,G,23,Vascular smooth muscle cell,42,19,3,3,3_1,SMC
G-7638,all,26,15,9983,7387,32,54765,0,0,0,0,0,G,5,Arterial endothelial cell,41,16,2,2,2_4,Artery
G-7639,all,7,6,9165,6535,27,13788,0,0,0,0,0,G,2,B cell,22,9,2,2,2_6,pDC
G-7641,all,15,4,10216,7176,35,20519,0,0,0,0,0,G,12,Alveolar fibroblast 1,34,5,3,3,3_1,SMC
G-7642,all,29,8,10613,6910,19,53293,0,0,0,0,0,G,22,Sox9+/Id2+ epithelial cell,44,9,3,3,3_1,SMC
G-7647,all,14,3,9418,6295,10,19396,0,0,0,0,0,G,12,Alveolar macrophage,41,3,1,1,1_1,AT2
G-7648,all,18,4,10043,7438,38,31546,0,0,0,0,0,G,2,Sox9+/Id2+ epithelial cell,41,4,2,2,2_3,Vein
G-7650,all,26,11,9580,6410,12,27027,0,0,0,0,0,G,2,Alveolar type 1 cell,45,11,2,2,2_6,pDC
G-7652,all,53,19,10255,5899,22,69022,0,0,0,0,0,G,35,Alveolar type 2 cell,50,19,1,1,1_1,AT2
G-7654,all,14,8,9436,6223,24,26172,0,0,0,0,0,G,7,Sox9+/Id2+ epithelial cell,38,9,3,3,3_5,SMC
G-7656,all,6,4,9837,7152,38,19038,0,0,0,0,0,G,2,Proliferative mesenchymal progenitor cell,28,6,3,3,3_1,SMC
G-7657,all,21,6,10070,7075,12,39559,0,0,0,0,0,G,19,Airway smooth muscle cell,43,7,3,3,3_1,SMC
G-7661,all,12,11,9472,6241,35,18543,0,0,0,0,0,G,3,Interstitial macrophage,28,11,8,8,8_3,InterstitialMac
G-7662,all,70,21,9425,5868,28,62992,0,0,0,0,0,G,43,AT1/AT2,54,21,1,1,1_1,AT2
G-7663,all,11,5,10648,6943,15,39540,0,0,0,0,0,G,8,Proliferative mesenchymal progenitor cell,36,6,3,3,3_1,SMC
