orig.ident,nCount_RNA,nFeature_RNA,x,y,z,volume,np,np_nuc,np_cyto,pctnuc,pctcyto,region,marker_reads,predicted.id,nCount_SCT,nFeature_SCT,SCT_snn_res.0.1,seurat_clusters,lung,cell_type
A-2,all,98,30,1534,515,15,79114,0,0,0,0,0,A,16,Alveolar type 1 cell,58,27,6,6,6,AT1
A-5,all,44,23,1754,1472,9,30037,0,0,0,0,0,A,8,B cell,45,24,2,2,2_4,Artery
A-6,all,32,18,78,295,25,63131,0,0,0,0,0,A,13,Pericyte,41,18,5,5,5_1,Pericyte
A-7,all,74,31,1613,341,21,90754,0,0,0,0,0,A,21,Alveolar macrophage,56,31,8,8,8_1,AlveolarMac
A-8,all,20,14,588,1867,22,31767,0,0,0,0,0,A,6,Alveolar fibroblast 1,43,15,2,2,2_4,Artery
A-9,all,65,34,355,1771,27,105289,0,0,0,0,0,A,21,B cell,57,34,9,9,9,Bcell
A-10,all,45,24,1241,513,33,43514,0,0,0,0,0,A,13,Sox9+/Id2+ epithelial cell,46,24,1,1,1_3,AT2
A-11,all,42,23,1758,289,26,49622,0,0,0,0,0,A,8,Capillary 1 cell,44,22,2,2,2_1,Capillary
A-13,all,38,24,860,75,12,71508,0,0,0,0,0,A,12,Pericyte,41,24,5,5,5_1,Pericyte
A-14,all,52,28,493,760,13,64786,0,0,0,0,0,A,24,Proliferative mesenchymal progenitor cell,51,28,6,6,6,AT1
A-15,all,32,14,528,1406,22,85283,0,0,0,0,0,A,4,Sox9+/Id2+ epithelial cell,44,14,1,1,1_3,AT2
A-18,all,27,20,564,1772,13,57502,0,0,0,0,0,A,3,CD8+ T cell,40,20,7,7,7_2,PatrolMac
A-19,all,28,11,806,1833,19,52008,0,0,0,0,0,A,15,Sox9+/Id2+ epithelial cell,43,11,1,1,1_3,AT2
A-20,all,29,19,235,1673,26,74027,0,0,0,0,0,A,8,B cell,38,19,9,9,9,Bcell
A-21,all,75,16,1352,103,31,72484,0,0,0,0,0,A,4,Alveolar type 1 cell,52,16,6,6,6,AT1
A-22,all,21,14,1941,1352,33,29574,0,0,0,0,0,A,4,Alveolar fibroblast 1,39,14,5,5,5_1,Pericyte
A-24,all,23,15,95,412,18,49545,0,0,0,0,0,A,6,Pericyte,41,15,5,5,5_1,Pericyte
A-25,all,9,3,221,251,39,14109,0,0,0,0,0,A,6,Sox9+/Id2+ epithelial cell,37,4,1,1,1_1,AT2
A-26,all,68,36,237,1798,18,73166,0,0,0,0,0,A,7,Alveolar fibroblast 1,55,37,1,1,1_5_1,LymphaticEndo
A-28,all,53,32,1139,272,18,74120,0,0,0,0,0,A,5,Capillary 1 cell,51,31,2,2,2_1,Capillary
A-29,all,11,7,1173,8,11,20032,0,0,0,0,0,A,2,Natural killer cell,29,7,7,7,7_3,Tcell (CD8)
A-32,all,41,26,1836,435,9,47316,0,0,0,0,0,A,8,B cell,43,26,9,9,9,Bcell
A-33,all,25,17,313,1698,19,74425,0,0,0,0,0,A,6,B cell,44,17,9,9,9,Bcell
A-34,all,43,27,254,343,37,78504,0,0,0,0,0,A,6,Arterial endothelial cell,43,26,2,2,2_1,Capillary
A-35,all,63,11,321,1900,20,51337,0,0,0,0,0,A,57,Alveolar type 2 cell,51,11,1,1,1_3,AT2
A-37,all,72,35,1687,1380,11,76010,0,0,0,0,0,A,8,Capillary 2 cell,50,34,2,2,2_1,Capillary
A-38,all,47,26,796,204,16,84064,0,0,0,0,0,A,8,Capillary 1 cell,48,27,2,2,2_1,Capillary
A-39,all,48,30,497,1641,13,103180,0,0,0,0,0,A,5,Alveolar fibroblast 1,48,30,1,1,1_5_4,pDC
A-40,all,56,26,922,1401,30,68072,0,0,0,0,0,A,7,Natural killer cell,53,26,7,7,7_3,Tcell (CD8)
A-41,all,90,37,1579,432,26,87718,0,0,0,0,0,A,9,Alveolar type 1 cell,63,39,2,2,2_5,DC
A-42,all,9,5,300,1293,21,33654,0,0,0,0,0,A,6,Sox9+/Id2+ epithelial cell,32,6,1,1,1_1,AT2
A-44,all,48,29,344,1660,19,80241,0,0,0,0,0,A,7,Alveolar type 1 cell,48,29,9,9,9,Bcell
A-45,all,67,22,765,152,34,80747,0,0,0,0,0,A,44,Alveolar type 2 cell,55,22,7,7,7_2,PatrolMac
A-46,all,29,16,1769,103,20,57943,0,0,0,0,0,A,6,CD8+ T cell,40,16,7,7,7_4,PatrolMac
A-47,all,18,11,513,988,23,65494,0,0,0,0,0,A,4,Proliferative mesenchymal progenitor cell,37,12,3,3,3_1,SMC
A-48,all,67,36,1069,1223,13,81152,0,0,0,0,0,A,13,Capillary 1 cell,59,36,1,1,1_3,AT2
A-49,all,53,13,220,1712,14,48575,0,0,0,0,0,A,41,Alveolar type 2 cell,50,13,1,1,1_1,AT2
A-51,all,14,7,531,1329,24,38632,0,0,0,0,0,A,3,Alveolar type 1 cell,34,7,6,6,6,AT1
A-52,all,76,15,1211,1818,20,51773,0,0,0,0,0,A,63,Alveolar type 2 cell,52,15,1,1,1_1,AT2
A-53,all,45,13,1616,1210,36,32850,0,0,0,0,0,A,27,Alveolar fibroblast 1,46,13,1,1,1_1,AT2
A-54,all,29,18,412,254,15,34089,0,0,0,0,0,A,5,Capillary 1 cell,43,17,2,2,2_1,Capillary
A-55,all,12,6,59,739,10,24269,0,0,0,0,0,A,4,Mesothelial cell,37,6,3,3,3_3,AdventitialFib
A-60,all,67,41,1118,1770,30,70190,0,0,0,0,0,A,9,B cell,58,41,7,7,7_2,PatrolMac
A-61,all,18,6,123,252,14,30412,0,0,0,0,0,A,15,Alveolar type 2 cell,38,6,1,1,1_1,AT2
A-62,all,33,20,105,1899,33,47870,0,0,0,0,0,A,6,Pericyte,41,20,5,5,5_1,Pericyte
A-63,all,93,45,1672,1327,17,84659,0,0,0,0,0,A,19,Alveolar type 1 cell,63,45,6,6,6,AT1
A-66,all,65,25,507,1865,21,106827,0,0,0,0,0,A,8,Inflammatory monocyte,56,25,7,7,7_3,Tcell (CD8)
A-67,all,29,19,1380,146,29,69791,0,0,0,0,0,A,3,Ciliated cell,40,19,6,6,6,AT1
A-68,all,30,18,1393,849,36,41795,0,0,0,0,0,A,2,Endothelial progenitor cell,43,18,2,2,2_1,Capillary
A-69,all,25,18,850,194,11,65733,0,0,0,0,0,A,6,Endothelial progenitor cell,44,18,2,2,2_1,Capillary
A-70,all,53,31,1296,91,30,76829,0,0,0,0,0,A,5,Alveolar type 1 cell,52,31,6,6,6,AT1
A-71,all,16,15,1334,143,9,32325,0,0,0,0,0,A,7,Capillary 1 cell,36,16,3,3,3_1,SMC
A-72,all,71,37,1068,1515,30,74467,0,0,0,0,0,A,8,AT1/AT2,54,37,2,2,2_1,Capillary
A-73,all,39,26,341,1588,29,71360,0,0,0,0,0,A,6,B cell,42,26,9,9,9,Bcell
A-74,all,92,22,1570,558,20,65163,0,0,0,0,0,A,79,Alveolar type 2 cell,55,20,1,1,1_3,AT2
A-75,all,27,8,1189,1711,5,20275,0,0,0,0,0,A,13,Alveolar type 1 cell,41,8,6,6,6,AT1
A-76,all,20,11,1448,885,11,29090,0,0,0,0,0,A,2,Proliferative mesenchymal progenitor cell,39,12,3,3,3_1,SMC
A-77,all,19,16,1686,214,21,33120,0,0,0,0,0,A,3,Capillary 2 cell,36,16,2,2,2_3,Vein
A-78,all,34,23,880,1222,19,69590,0,0,0,0,0,A,11,Pericyte,42,23,2,2,2_6,pDC
A-79,all,70,10,397,1773,24,61682,0,0,0,0,0,A,62,Alveolar type 2 cell,51,10,1,1,1_1,AT2
A-81,all,45,21,1187,552,19,43697,0,0,0,0,0,A,14,Arterial endothelial cell,46,22,2,2,2_4,Artery
A-82,all,21,18,1736,188,18,35856,0,0,0,0,0,A,4,Arterial endothelial cell,42,19,2,2,2_4,Artery
A-83,all,12,4,1549,761,33,8126,0,0,0,0,0,A,9,Sox9+/Id2+ epithelial cell,37,4,1,1,1_3,AT2
A-84,all,32,20,883,294,23,81973,0,0,0,0,0,A,12,Pericyte,40,20,5,5,5_1,Pericyte
A-86,all,53,17,829,1806,22,51144,0,0,0,0,0,A,40,Alveolar type 2 cell,51,17,1,1,1_3,AT2
A-87,all,35,20,1701,1251,33,66036,0,0,0,0,0,A,3,B cell,45,21,2,2,2_2,InflamMac
A-88,all,23,15,1393,251,14,34290,0,0,0,0,0,A,6,Capillary 1 cell,41,15,2,2,2_3,Vein
A-89,all,82,25,1537,309,26,79819,0,0,0,0,0,A,4,Innate lymphoid cell,57,25,1,1,1_5_2,AlveolarFib
A-90,all,71,35,831,1914,21,82269,0,0,0,0,0,A,8,Capillary 1 cell,55,35,2,2,2_3,Vein
A-91,all,26,9,488,349,37,22023,0,0,0,0,0,A,20,Alveolar type 2 cell,46,9,1,1,1_1,AT2
A-94,all,44,16,1114,1191,10,33130,0,0,0,0,0,A,28,Alveolar type 2 cell,46,16,1,1,1_3,AT2
A-98,all,79,36,1257,1810,33,69804,0,0,0,0,0,A,15,Capillary 1 cell,54,36,2,2,2_1,Capillary
A-100,all,18,14,501,1451,38,57675,0,0,0,0,0,A,2,Alveolar fibroblast 1,41,15,1,1,1_4_1,AlveolarFib
A-101,all,34,16,954,1221,13,68906,52,0,52,0,1,A,23,Alveolar fibroblast 1,41,17,3,3,3_1,SMC
A-104,all,56,30,1546,889,25,76835,0,0,0,0,0,A,13,Alveolar type 1 cell,54,30,2,2,2_1,Capillary
A-106,all,12,9,500,1022,25,56843,0,0,0,0,0,A,4,Alveolar fibroblast 1,31,10,3,3,3_1,SMC
A-107,all,54,28,1620,1120,17,72555,0,0,0,0,0,A,17,Alveolar type 1 cell,52,28,2,2,2_1,Capillary
A-110,all,9,5,1576,699,34,24858,0,0,0,0,0,A,4,Proliferative mesenchymal progenitor cell,29,6,3,3,3_1,SMC
A-113,all,71,37,1654,448,22,93726,0,0,0,0,0,A,8,Capillary 1 cell,59,36,2,2,2_1,Capillary
A-114,all,81,17,109,1268,20,69750,0,0,0,0,0,A,60,Alveolar type 2 cell,52,17,1,1,1_3,AT2
A-115,all,42,26,1673,1156,29,65670,0,0,0,0,0,A,5,Venous endothelial cell,43,26,2,2,2_1,Capillary
A-119,all,41,16,155,1621,33,41097,0,0,0,0,0,A,27,Alveolar type 2 cell,45,16,1,1,1_3,AT2
A-120,all,22,16,84,1740,25,59527,0,0,0,0,0,A,4,Alveolar fibroblast 1,40,16,1,1,1_5_2,AlveolarFib
A-121,all,18,13,1922,1184,17,37045,0,0,0,0,0,A,2,Sox9+/Id2+ epithelial cell,40,14,3,3,3_2,SMC
A-122,all,36,20,903,1504,31,51601,0,0,0,0,0,A,2,Capillary 2 cell,42,21,2,2,2_2,InflamMac
A-123,all,12,6,1810,1357,8,13929,0,0,0,0,0,A,5,Capillary 1 cell,31,8,2,2,2_5,DC
A-124,all,86,41,1142,465,11,71519,0,0,0,0,0,A,11,Inflammatory monocyte,62,43,2,2,2_5,DC
A-125,all,6,4,273,1317,18,56552,0,0,0,0,0,A,3,Sox9+/Id2+ epithelial cell,30,5,1,1,1_1,AT2
A-126,all,68,37,1046,1716,26,65552,0,0,0,0,0,A,5,Alveolar type 2 cell,54,38,2,2,2_2,InflamMac
A-128,all,11,4,1664,1029,40,13376,0,0,0,0,0,A,5,Alveolar type 1 cell,33,4,6,6,6,AT1
A-129,all,70,36,1844,1459,14,54645,0,0,0,0,0,A,5,Endothelial progenitor cell,52,36,1,1,1_3,AT2
A-130,all,42,27,1856,1423,28,67678,0,0,0,0,0,A,9,Pericyte,46,28,3,3,3_5,SMC
A-131,all,28,5,1475,855,20,21062,0,0,0,0,0,A,25,Sox9+/Id2+ epithelial cell,45,5,2,2,2_1,Capillary
A-132,all,23,6,448,842,10,29661,0,0,0,0,0,A,18,Sox9+/Id2+ epithelial cell,44,6,1,1,1_1,AT2
A-134,all,39,23,921,1449,28,36615,0,0,0,0,0,A,4,Alveolar type 2 cell,43,24,1,1,1_6_2,Neutrophil
A-135,all,31,18,1723,1084,26,29152,0,0,0,0,0,A,3,Vascular smooth muscle cell,41,18,3,3,3_6,SCMF
A-138,all,12,7,196,289,32,26957,0,0,0,0,0,A,7,Secondary crest myofibroblast,30,7,5,5,5_1,Pericyte
A-142,all,57,18,481,265,31,74441,0,0,0,0,0,A,10,Alveolar type 1 cell,52,18,6,6,6,AT1
A-144,all,24,18,482,1574,11,57068,0,0,0,0,0,A,3,Pericyte,45,18,5,5,5_3,Pericyte
A-146,all,7,4,1416,327,14,7820,0,0,0,0,0,A,4,Sox9+/Id2+ epithelial cell,28,6,1,1,1_3,AT2
A-147,all,9,5,1447,916,18,18038,0,0,0,0,0,A,5,Proliferative mesenchymal progenitor cell,28,6,3,3,3_1,SMC
A-148,all,38,22,418,1606,11,50624,0,0,0,0,0,A,6,Capillary 1 cell,41,22,6,6,6,AT1
A-149,all,24,18,968,1357,15,57934,0,0,0,0,0,A,2,Capillary 1 cell,44,18,2,2,2_1,Capillary
A-151,all,56,37,272,134,29,95872,0,0,0,0,0,A,10,Inflammatory monocyte,55,37,7,7,7_2,PatrolMac
A-152,all,28,13,1541,577,26,62556,0,0,0,0,0,A,17,Pericyte,46,13,5,5,5_1,Pericyte
A-154,all,38,22,577,1836,13,55741,0,0,0,0,0,A,9,Alveolar fibroblast 1,43,22,1,1,1_5_1,LymphaticEndo
A-155,all,14,9,325,1390,37,47022,0,0,0,0,0,A,2,Basophil,34,11,2,2,2_5,DC
A-156,all,14,11,471,952,25,75906,0,0,0,0,0,A,3,Proliferative mesenchymal progenitor cell,36,12,3,3,3_1,SMC
A-159,all,52,12,1486,898,15,29613,0,0,0,0,0,A,39,Alveolar type 2 cell,50,12,1,1,1_3,AT2
A-162,all,45,21,723,1418,8,38381,0,0,0,0,0,A,13,Sox9+/Id2+ epithelial cell,50,23,2,2,2_5,DC
A-164,all,14,11,1453,809,26,20411,0,0,0,0,0,A,4,Endothelial progenitor cell,30,12,2,2,2_1,Capillary
A-165,all,25,18,444,915,17,77510,0,0,0,0,0,A,10,Alveolar macrophage,44,18,8,8,8_1,AlveolarMac
A-167,all,11,9,1065,1563,33,24289,0,0,0,0,0,A,3,Sox9+/Id2+ epithelial cell,33,9,2,2,2_1,Capillary
A-168,all,117,15,1478,324,16,73785,0,0,0,0,0,A,107,Alveolar type 2 cell,47,7,1,1,1_3,AT2
A-170,all,19,8,504,1353,28,57644,0,0,0,0,0,A,2,Alveolar type 1 cell,43,8,2,2,2_6,pDC
A-172,all,52,16,668,191,37,37109,0,0,0,0,0,A,39,Alveolar type 2 cell,50,16,1,1,1_3,AT2
A-178,all,34,20,174,1695,30,58814,0,0,0,0,0,A,7,Sox9+/Id2+ epithelial cell,43,20,2,2,2_6,pDC
A-180,all,32,21,1710,1184,10,37534,0,0,0,0,0,A,2,Natural killer cell,40,22,2,2,2_2,InflamMac
A-181,all,49,26,202,1826,16,74120,0,0,0,0,0,A,2,Alveolar fibroblast 1,49,26,2,2,2_3,Vein
A-182,all,16,4,1538,739,34,14333,0,0,0,0,0,A,12,Sox9+/Id2+ epithelial cell,39,4,1,1,1_3,AT2
A-185,all,90,25,1151,1184,25,75107,0,0,0,0,0,A,60,Alveolar type 2 cell,57,24,1,1,1_3,AT2
A-187,all,88,25,1462,1308,30,65966,0,0,0,0,0,A,68,Alveolar type 2 cell,56,24,1,1,1_1,AT2
A-188,all,40,27,18,334,27,51553,0,0,0,0,0,A,8,Arterial endothelial cell,42,28,2,2,2_4,Artery
A-189,all,20,15,1301,145,6,25030,0,0,0,0,0,A,6,Alveolar fibroblast 1,39,15,6,6,6,AT1
A-190,all,40,12,41,362,32,52578,0,0,0,0,0,A,32,Alveolar type 2 cell,46,12,1,1,1_3,AT2
A-191,all,49,24,451,377,29,78053,0,0,0,0,0,A,13,Arterial endothelial cell,49,24,2,2,2_4,Artery
A-196,all,99,50,1798,1589,22,67224,0,0,0,0,0,A,8,B cell,63,48,2,2,2_1,Capillary
A-199,all,81,39,1819,1541,20,66159,0,0,0,0,0,A,6,Sox9+/Id2+ epithelial cell,57,39,2,2,2_1,Capillary
A-200,all,35,18,1149,1477,28,57210,0,0,0,0,0,A,9,Alveolar type 1 cell,43,18,6,6,6,AT1
A-202,all,23,6,305,1862,20,23784,0,0,0,0,0,A,17,Sox9+/Id2+ epithelial cell,45,6,1,1,1_1,AT2
A-203,all,52,10,818,1252,39,39178,0,0,0,0,0,A,46,Alveolar type 2 cell,49,10,1,1,1_1,AT2
A-208,all,42,25,1666,923,16,64106,0,0,0,0,0,A,3,Capillary 1 cell,43,26,2,2,2_1,Capillary
A-210,all,41,27,1906,1347,27,60007,0,0,0,0,0,A,10,Alveolar fibroblast 1,42,27,5,5,5_1,Pericyte
A-211,all,53,27,1498,975,11,54853,0,0,0,0,0,A,3,Capillary 1 cell,52,26,2,2,2_1,Capillary
A-212,all,7,5,671,1403,9,20093,0,0,0,0,0,A,4,Sox9+/Id2+ epithelial cell,30,7,2,2,2_6,pDC
A-214,all,23,6,379,1054,35,46042,0,0,0,0,0,A,18,Sox9+/Id2+ epithelial cell,45,6,1,1,1_1,AT2
A-216,all,42,11,738,1812,25,40813,0,0,0,0,0,A,8,Alveolar type 1 cell,45,11,6,6,6,AT1
A-217,all,24,19,212,1599,11,47250,0,0,0,0,0,A,6,B cell,44,19,7,7,7_3,Tcell (CD8)
A-221,all,26,15,18,1223,36,60513,0,0,0,0,0,A,2,Natural killer cell,39,16,2,2,2_2,InflamMac
A-222,all,16,14,569,1925,9,13976,0,0,0,0,0,A,4,Alveolar type 1 cell,34,14,2,2,2_6,pDC
A-225,all,40,23,1106,493,14,60334,0,0,0,0,0,A,5,B cell,44,23,1,1,1_5_4,pDC
A-226,all,24,14,191,911,14,72714,0,0,0,0,0,A,3,Sox9+/Id2+ epithelial cell,45,14,1,1,1_3,AT2
A-227,all,61,30,1842,383,31,72712,0,0,0,0,0,A,5,Alveolar fibroblast 1,55,30,1,1,1_5_2,AlveolarFib
A-228,all,25,10,1141,1217,6,13439,0,0,0,0,0,A,13,Sox9+/Id2+ epithelial cell,45,10,1,1,1_1,AT2
A-229,all,94,15,1495,59,30,84043,0,0,0,0,0,A,84,Alveolar type 2 cell,55,15,1,1,1_3,AT2
A-230,all,31,14,76,242,17,28193,0,0,0,0,0,A,8,Alveolar fibroblast 1,42,15,3,3,3_1,SMC
A-232,all,22,12,1740,379,36,19363,0,0,0,0,0,A,11,Alveolar macrophage,42,12,1,1,1_3,AT2
A-235,all,35,25,1691,127,28,81528,0,0,0,0,0,A,2,B cell,42,25,9,9,9,Bcell
A-237,all,29,20,959,7,27,50408,0,0,0,0,0,A,12,Alveolar fibroblast 1,38,21,3,3,3_1,SMC
A-239,all,44,27,1186,608,16,45966,0,0,0,0,0,A,7,Alveolar fibroblast 1,49,27,1,1,1_5_1,LymphaticEndo
A-241,all,30,20,1448,776,25,60368,0,0,0,0,0,A,7,Capillary 1 cell,46,19,2,2,2_1,Capillary
A-242,all,37,15,1439,302,18,43227,0,0,0,0,0,A,21,Alveolar type 2 cell,43,15,1,1,1_1,AT2
A-243,all,46,26,93,1828,36,53154,0,0,0,0,0,A,4,Alveolar fibroblast 1,51,27,1,1,1_5_1,LymphaticEndo
A-245,all,41,22,581,1660,31,69635,0,0,0,0,0,A,5,Capillary 1 cell,43,22,2,2,2_1,Capillary
A-246,all,7,7,769,1688,36,16056,0,0,0,0,0,A,2,Alveolar fibroblast 1,27,9,1,1,1_4_1,AlveolarFib
A-247,all,84,42,1761,350,21,100580,0,0,0,0,0,A,37,Pericyte,63,43,2,2,2_4,Artery
A-248,all,65,31,1694,967,19,101786,0,0,0,0,0,A,23,Pericyte,56,31,5,5,5_1,Pericyte
A-249,all,21,16,700,1266,29,75084,54,0,54,0,1,A,3,Capillary 1 cell,41,16,8,8,8_2,InterstitialMac
A-252,all,60,38,406,288,29,96668,0,0,0,0,0,A,16,Pericyte,56,38,5,5,5_1,Pericyte
A-257,all,6,5,1734,1106,7,25863,0,0,0,0,0,A,2,Alveolar type 1 cell,24,7,6,6,6,AT1
A-259,all,19,12,6,369,24,36674,0,0,0,0,0,A,10,Innate lymphoid cell,41,13,2,2,2_2,InflamMac
A-260,all,62,33,919,1254,21,98591,0,0,0,0,0,A,5,Pericyte,55,33,5,5,5_1,Pericyte
A-264,all,17,10,233,1760,19,42868,0,0,0,0,0,A,6,Pericyte,34,10,5,5,5_3,Pericyte
A-265,all,70,34,1144,557,16,70053,0,0,0,0,0,A,16,Natural killer cell,57,34,7,7,7_4,PatrolMac
A-266,all,91,24,681,1781,36,88539,0,0,0,0,0,A,10,Alveolar type 1 cell,59,24,6,6,6,AT1
A-270,all,13,11,934,404,17,23525,0,0,0,0,0,A,2,Endothelial progenitor cell,30,11,3,3,3_4,AdventitialFib
A-273,all,47,23,1060,476,29,72396,0,0,0,0,0,A,6,Alveolar fibroblast 1,48,24,2,2,2_2,InflamMac
A-274,all,23,15,58,863,21,38974,0,0,0,0,0,A,4,Sox9+/Id2+ epithelial cell,39,15,3,3,3_4,AdventitialFib
A-276,all,57,21,1867,1318,35,61059,0,0,0,0,0,A,9,Vascular smooth muscle cell,52,21,5,5,5_1,Pericyte
A-278,all,32,20,1470,133,11,39516,118,118,0,1,0,A,6,Vascular smooth muscle cell,39,20,2,2,2_4,Artery
A-279,all,6,4,316,1310,36,19469,0,0,0,0,0,A,3,Sox9+/Id2+ epithelial cell,31,6,1,1,1_1,AT2
A-280,all,29,11,1708,1003,18,50330,0,0,0,0,0,A,22,Alveolar type 2 cell,43,11,1,1,1_1,AT2
A-282,all,39,27,88,1941,24,50285,0,0,0,0,0,A,5,Pericyte,42,28,3,3,3_5,SMC
A-283,all,39,26,1807,1132,23,50810,0,0,0,0,0,A,4,Capillary 1 cell,39,26,2,2,2_1,Capillary
A-288,all,42,30,1509,643,34,53310,0,0,0,0,0,A,11,Alveolar fibroblast 1,43,31,3,3,3_1,SMC
A-290,all,60,20,1500,1304,17,48808,0,0,0,0,0,A,39,Capillary 1 cell,53,20,2,2,2_3,Vein
A-291,all,35,21,1452,103,18,54901,0,0,0,0,0,A,11,Pericyte,44,22,3,3,3_5,SMC
A-292,all,10,5,196,221,37,17301,0,0,0,0,0,A,4,Pericyte,26,5,5,5,5_1,Pericyte
A-293,all,76,32,1108,1491,33,78663,0,0,0,0,0,A,12,Alveolar type 1 cell,56,32,6,6,6,AT1
A-294,all,51,31,1730,257,21,71544,0,0,0,0,0,A,8,Alveolar fibroblast 1,49,30,1,1,1_5_1,LymphaticEndo
A-296,all,30,9,325,1870,25,32302,0,0,0,0,0,A,24,AT1/AT2,42,9,1,1,1_1,AT2
A-297,all,43,15,838,1841,27,37297,0,0,0,0,0,A,31,Alveolar type 2 cell,46,15,1,1,1_1,AT2
A-299,all,20,14,123,173,22,38876,0,0,0,0,0,A,5,B cell,38,14,9,9,9,Bcell
A-304,all,8,7,723,1738,37,13864,0,0,0,0,0,A,2,Alveolar type 1 cell,28,7,6,6,6,AT1
A-306,all,19,13,340,1280,30,52160,0,0,0,0,0,A,12,Pericyte,39,13,5,5,5_3,Pericyte
A-307,all,48,12,325,942,38,67005,0,0,0,0,0,A,7,Alveolar type 1 cell,48,12,6,6,6,AT1
A-309,all,18,16,1823,1111,33,24681,0,0,0,0,0,A,3,Alveolar type 1 cell,37,16,1,1,1_5_4,pDC
A-311,all,83,26,1641,1079,20,96477,0,0,0,0,0,A,58,Alveolar type 2 cell,56,26,1,1,1_3,AT2
A-312,all,19,15,621,1842,36,28221,0,0,0,0,0,A,7,Capillary 1 cell,39,15,5,5,5_1,Pericyte
A-314,all,26,16,1693,1105,17,47951,0,0,0,0,0,A,4,Alveolar fibroblast 1,44,16,3,3,3_4,AdventitialFib
A-315,all,126,26,724,171,28,75058,0,0,0,0,0,A,108,Alveolar type 2 cell,46,9,1,1,1_3,AT2
A-316,all,45,28,631,1802,35,69996,0,0,0,0,0,A,10,Pericyte,45,28,5,5,5_1,Pericyte
A-317,all,6,4,1379,758,26,27515,58,0,58,0,1,A,2,Natural killer cell,28,5,2,2,2_2,InflamMac
A-318,all,124,39,1013,1521,11,96235,58,0,58,0,1,A,21,Alveolar type 1 cell,45,18,6,6,6,AT1
A-320,all,82,40,16,1855,20,78180,0,0,0,0,0,A,2,Capillary 1 cell,60,40,2,2,2_3,Vein
A-324,all,49,17,1207,15,26,58528,0,0,0,0,0,A,5,B cell,49,17,7,7,7_3,Tcell (CD8)
A-325,all,28,19,1147,1152,27,43600,0,0,0,0,0,A,10,Capillary 1 cell,45,19,1,1,1_1,AT2
A-326,all,70,22,451,318,34,66825,0,0,0,0,0,A,50,Alveolar type 2 cell,52,22,1,1,1_3,AT2
A-328,all,17,9,1197,1179,22,21064,0,0,0,0,0,A,6,Proliferative mesenchymal progenitor cell,38,9,3,3,3_3,AdventitialFib
A-329,all,75,39,299,1567,13,87892,0,0,0,0,0,A,25,Arterial endothelial cell,58,39,5,5,5_3,Pericyte
A-333,all,90,38,1428,649,24,96599,0,0,0,0,0,A,22,Alveolar fibroblast 1,63,38,6,6,6,AT1
A-334,all,27,16,779,1784,12,20956,0,0,0,0,0,A,2,Alveolar type 1 cell,44,16,6,6,6,AT1
A-340,all,11,9,132,923,20,31655,0,0,0,0,0,A,3,Capillary 1 cell,32,9,2,2,2_1,Capillary
A-343,all,73,19,1604,898,31,76908,0,0,0,0,0,A,18,Alveolar type 1 cell,51,19,6,6,6,AT1
A-344,all,34,16,1639,1308,20,47758,0,0,0,0,0,A,5,Alveolar type 1 cell,42,16,6,6,6,AT1
A-345,all,57,30,1528,119,21,89259,0,0,0,0,0,A,9,Alveolar fibroblast 1,55,30,2,2,2_6,pDC
A-346,all,39,25,1141,522,11,38253,0,0,0,0,0,A,8,Natural killer cell,43,26,2,2,2_2,InflamMac
A-349,all,35,12,144,1666,30,57984,0,0,0,0,0,A,24,Alveolar type 2 cell,44,12,1,1,1_1,AT2
A-350,all,22,18,1724,1051,34,40792,0,0,0,0,0,A,4,Vascular smooth muscle cell,43,18,3,3,3_6,SCMF
A-353,all,10,8,1583,852,34,20369,0,0,0,0,0,A,2,Venous endothelial cell,30,8,6,6,6,AT1
A-356,all,12,8,181,257,33,39483,0,0,0,0,0,A,4,Pericyte,31,8,5,5,5_1,Pericyte
A-357,all,102,33,746,1772,22,109241,0,0,0,0,0,A,16,Alveolar type 1 cell,57,28,7,7,7_3,Tcell (CD8)
A-358,all,32,14,207,1749,13,36019,0,0,0,0,0,A,21,Secondary crest myofibroblast,40,14,5,5,5_3,Pericyte
A-360,all,67,29,345,1535,26,106233,0,0,0,0,0,A,12,Arterial endothelial cell,55,29,1,1,1_5_1,LymphaticEndo
A-362,all,17,12,960,422,14,26145,0,0,0,0,0,A,6,Alveolar type 2 cell,34,12,1,1,1_3,AT2
A-363,all,74,39,1418,722,31,97492,0,0,0,0,0,A,10,Capillary 1 cell,52,38,2,2,2_1,Capillary
A-364,all,15,13,981,401,22,37859,0,0,0,0,0,A,3,Alveolar type 1 cell,31,13,6,6,6,AT1
A-365,all,19,16,1256,92,28,44886,0,0,0,0,0,A,3,Capillary 1 cell,38,16,2,2,2_3,Vein
A-366,all,62,24,1504,1364,27,77911,0,0,0,0,0,A,10,Alveolar macrophage,54,24,6,6,6,AT1
A-371,all,17,12,1094,1587,36,29178,0,0,0,0,0,A,3,Capillary 1 cell,34,12,2,2,2_3,Vein
A-373,all,17,12,1339,54,37,39094,0,0,0,0,0,A,3,Capillary 1 cell,40,14,2,2,2_1,Capillary
A-377,all,40,28,1558,1355,27,85849,0,0,0,0,0,A,4,B cell,41,28,9,9,9,Bcell
A-378,all,69,36,1282,1380,12,91955,0,0,0,0,0,A,8,B cell,53,37,2,2,2_1,Capillary
A-379,all,29,17,349,1866,30,40375,0,0,0,0,0,A,9,Sox9+/Id2+ epithelial cell,41,17,1,1,1_1,AT2
A-385,all,31,24,125,198,19,50429,0,0,0,0,0,A,5,B cell,39,24,9,9,9,Bcell
A-387,all,16,11,1246,628,22,53731,0,0,0,0,0,A,5,Alveolar fibroblast 1,34,11,3,3,3_4,AdventitialFib
A-391,all,40,10,406,1805,29,32337,0,0,0,0,0,A,32,Alveolar fibroblast 1,46,11,3,3,3_1,SMC
A-392,all,8,8,269,1351,17,40373,0,0,0,0,0,A,3,Sox9+/Id2+ epithelial cell,27,10,2,2,2_1,Capillary
A-394,all,35,17,1917,1389,8,37793,0,0,0,0,0,A,3,Secondary crest myofibroblast,44,18,2,2,2_2,InflamMac
A-400,all,14,5,348,1310,33,24455,0,0,0,0,0,A,12,Alveolar type 2 cell,39,5,1,1,1_1,AT2
A-403,all,25,17,81,441,20,27641,0,0,0,0,0,A,8,Pericyte,43,17,5,5,5_1,Pericyte
A-404,all,22,16,1450,743,32,29411,0,0,0,0,0,A,2,B cell,43,16,2,2,2_6,pDC
A-406,all,22,7,699,208,37,19049,0,0,0,0,0,A,20,Alveolar type 2 cell,42,7,1,1,1_3,AT2
A-407,all,34,19,598,1893,26,59972,0,0,0,0,0,A,3,Capillary 1 cell,43,19,2,2,2_1,Capillary
A-410,all,59,36,1546,1400,24,64363,0,0,0,0,0,A,13,B cell,57,36,7,7,7_4,PatrolMac
A-411,all,31,19,1738,224,25,54425,0,0,0,0,0,A,3,Innate lymphoid cell,41,21,2,2,2_5,DC
A-416,all,41,25,522,3524,16,70727,0,0,0,0,0,A,14,Pericyte,42,25,5,5,5_1,Pericyte
A-418,all,64,26,595,3435,29,70918,0,0,0,0,0,A,3,Capillary 1 cell,53,25,2,2,2_1,Capillary
A-419,all,41,22,1549,3188,14,37573,0,0,0,0,0,A,2,B cell,44,22,9,9,9,Bcell
A-421,all,61,39,1063,3216,17,68099,0,0,0,0,0,A,11,Natural killer cell,57,41,2,2,2_5,DC
A-423,all,143,32,375,2863,12,77977,0,0,0,0,0,A,89,Alveolar type 2 cell,48,16,1,1,1_3,AT2
A-424,all,33,21,1237,2591,11,42885,0,0,0,0,0,A,3,Venous endothelial cell,41,21,2,2,2_3,Vein
A-425,all,20,12,1171,3435,9,24566,0,0,0,0,0,A,8,Pericyte,39,12,5,5,5_3,Pericyte
A-427,all,32,23,1295,2014,31,55171,0,0,0,0,0,A,8,Alveolar type 2 cell,39,23,2,2,2_6,pDC
A-430,all,43,25,1059,2540,21,60577,0,0,0,0,0,A,4,Alveolar fibroblast 1,45,26,1,1,1_5_2,AlveolarFib
A-431,all,64,35,790,3328,16,88239,0,0,0,0,0,A,6,CD8+ T cell,56,35,7,7,7_2,PatrolMac
A-432,all,50,22,605,2059,33,68727,0,0,0,0,0,A,26,B cell,49,22,9,9,9,Bcell
A-433,all,40,32,31,2060,10,62127,0,0,0,0,0,A,7,Innate lymphoid cell,40,32,7,7,7_2,PatrolMac
A-436,all,24,4,334,2522,19,17425,0,0,0,0,0,A,20,Sox9+/Id2+ epithelial cell,44,4,1,1,1_1,AT2
A-437,all,72,38,1457,2539,23,93859,0,0,0,0,0,A,4,Capillary 2 cell,55,38,2,2,2_3,Vein
A-438,all,17,6,1267,3425,16,22442,0,0,0,0,0,A,8,Sox9+/Id2+ epithelial cell,38,6,1,1,1_1,AT2
A-441,all,135,49,1243,3026,23,84280,0,0,0,0,0,A,4,Sox9+/Id2+ epithelial cell,48,20,1,1,1_4_1,AlveolarFib
A-443,all,20,13,810,3596,31,28867,0,0,0,0,0,A,4,Alveolar type 2 cell,41,13,1,1,1_1,AT2
A-444,all,76,44,638,2490,23,73106,0,0,0,0,0,A,15,Alveolar fibroblast 1,59,44,1,1,1_4_1,AlveolarFib
A-445,all,36,23,1207,2613,8,35834,0,0,0,0,0,A,2,Natural killer cell,41,24,2,2,2_2,InflamMac
A-446,all,61,27,1227,3429,19,65248,60,0,60,0,1,A,30,Alveolar type 2 cell,55,27,1,1,1_3,AT2
A-447,all,36,24,1646,2335,14,38820,0,0,0,0,0,A,3,Endothelial progenitor cell,40,24,2,2,2_3,Vein
A-448,all,173,39,659,3031,25,89077,0,0,0,0,0,A,102,Alveolar type 2 cell,46,14,1,1,1_1,AT2
A-449,all,45,14,819,2735,22,52290,0,0,0,0,0,A,31,Alveolar type 2 cell,47,14,1,1,1_1,AT2
A-451,all,96,40,1827,3287,11,43135,0,0,0,0,0,A,3,Alveolar fibroblast 1,63,38,7,7,7_2,PatrolMac
A-452,all,67,36,1125,3571,14,55109,0,0,0,0,0,A,13,Pericyte,58,36,5,5,5_3,Pericyte
A-456,all,71,38,1105,3765,25,86395,0,0,0,0,0,A,5,B cell,53,39,2,2,2_2,InflamMac
A-457,all,28,18,1124,2128,34,50860,0,0,0,0,0,A,2,Mast cell,41,18,7,7,7_2,PatrolMac
A-458,all,68,32,1641,3549,23,64295,0,0,0,0,0,A,20,Alveolar type 2 cell,56,32,1,1,1_1,AT2
A-459,all,82,29,1498,2430,36,54321,0,0,0,0,0,A,44,Alveolar type 2 cell,55,29,1,1,1_1,AT2
A-460,all,65,32,1410,2484,30,58269,0,0,0,0,0,A,17,Arterial endothelial cell,57,33,2,2,2_4,Artery
A-461,all,19,10,1175,3402,10,42956,0,0,0,0,0,A,7,Pericyte,39,10,5,5,5_3,Pericyte
A-465,all,75,26,809,2600,15,62328,0,0,0,0,0,A,14,Natural killer cell,59,26,7,7,7_3,Tcell (CD8)
A-466,all,106,28,1272,2062,24,87011,0,0,0,0,0,A,76,Alveolar type 2 cell,53,20,1,1,1_3,AT2
A-467,all,14,9,787,2343,9,20051,0,0,0,0,0,A,3,Sox9+/Id2+ epithelial cell,35,9,1,1,1_3,AT2
A-471,all,82,44,1276,2142,21,89030,0,0,0,0,0,A,12,Capillary 1 cell,61,44,2,2,2_3,Vein
A-472,all,74,24,656,2288,35,61174,0,0,0,0,0,A,46,Alveolar type 2 cell,55,24,1,1,1_3,AT2
A-474,all,58,36,406,3295,33,62891,0,0,0,0,0,A,8,CD4+ T cell,56,38,2,2,2_5,DC
A-476,all,43,26,680,3168,30,74611,0,0,0,0,0,A,3,Proliferative mesenchymal progenitor cell,44,27,3,3,3_1,SMC
A-478,all,146,34,1139,2593,20,78188,0,0,0,0,0,A,91,Alveolar type 2 cell,49,20,1,1,1_3,AT2
A-479,all,42,22,518,2469,27,37978,0,0,0,0,0,A,10,Alveolar macrophage,43,22,8,8,8_1,AlveolarMac
A-483,all,21,16,1926,2473,36,41043,0,0,0,0,0,A,2,CD8+ T cell,40,16,7,7,7_2,PatrolMac
A-484,all,26,15,475,2514,36,31603,0,0,0,0,0,A,5,Alveolar type 1 cell,46,15,6,6,6,AT1
A-485,all,34,22,621,2445,16,52793,0,0,0,0,0,A,9,Endothelial progenitor cell,42,23,2,2,2_1,Capillary
A-487,all,49,16,353,2549,17,38957,0,0,0,0,0,A,40,Alveolar type 2 cell,48,16,1,1,1_1,AT2
A-490,all,28,17,535,3774,32,25243,0,0,0,0,0,A,11,Alveolar type 2 cell,41,17,1,1,1_1,AT2
A-492,all,29,22,1101,2172,35,43294,0,0,0,0,0,A,2,Capillary 1 cell,37,22,2,2,2_3,Vein
A-493,all,25,16,175,2131,16,47929,0,0,0,0,0,A,2,Capillary 1 cell,45,16,2,2,2_6,pDC
A-495,all,38,24,122,2022,30,48205,0,0,0,0,0,A,5,Inflammatory monocyte,41,24,3,3,3_4,AdventitialFib
A-498,all,56,21,1725,2016,15,67531,0,0,0,0,0,A,14,Alveolar fibroblast 1,53,22,3,3,3_1,SMC
A-499,all,65,34,1731,2305,24,63880,0,0,0,0,0,A,4,Secondary crest myofibroblast,56,34,5,5,5_3,Pericyte
A-500,all,57,32,942,2052,30,50878,0,0,0,0,0,A,3,Innate lymphoid cell,53,32,6,6,6,AT1
A-501,all,28,8,716,2279,24,47238,0,0,0,0,0,A,21,Alveolar type 2 cell,45,8,1,1,1_1,AT2
A-502,all,41,26,889,2331,35,41211,0,0,0,0,0,A,12,Alveolar fibroblast 1,45,27,2,2,2_4,Artery
A-507,all,41,26,499,2118,21,57553,0,0,0,0,0,A,8,Secondary crest myofibroblast,42,27,3,3,3_1,SMC
A-509,all,122,50,1289,2903,16,70003,0,0,0,0,0,A,11,Inflammatory monocyte,47,32,5,5,5_3,Pericyte
A-511,all,65,24,913,3270,27,42145,0,0,0,0,0,A,41,Alveolar type 2 cell,54,26,2,2,2_5,DC
A-512,all,25,13,716,2519,8,28236,0,0,0,0,0,A,4,Alveolar type 1 cell,42,13,6,6,6,AT1
A-513,all,12,10,423,2418,12,64037,0,0,0,0,0,A,2,Endothelial progenitor cell,30,10,3,3,3_6,SCMF
A-514,all,13,11,903,2032,33,37844,0,0,0,0,0,A,3,Natural killer cell,29,11,2,2,2_6,pDC
A-515,all,27,6,898,3684,17,33311,0,0,0,0,0,A,24,Alveolar type 1 cell,46,6,1,1,1_1,AT2
A-516,all,77,28,236,2539,25,52015,0,0,0,0,0,A,43,Alveolar type 2 cell,54,28,1,1,1_1,AT2
A-517,all,47,24,1038,3712,35,49647,0,0,0,0,0,A,24,Alveolar type 2 cell,47,24,1,1,1_1,AT2
A-518,all,117,43,466,2822,29,104518,0,0,0,0,0,A,70,Alveolar type 2 cell,41,16,1,1,1_3,AT2
A-521,all,36,23,1522,3485,22,55283,0,0,0,0,0,A,2,Endothelial progenitor cell,41,23,3,3,3_4,AdventitialFib
A-522,all,32,20,858,2548,27,37569,0,0,0,0,0,A,6,Alveolar type 2 cell,41,20,8,8,8_2,InterstitialMac
A-523,all,78,43,1414,3373,25,96334,0,0,0,0,0,A,7,B cell,58,43,2,2,2_1,Capillary
A-524,all,51,27,331,2838,23,33775,0,0,0,0,0,A,12,Sox9+/Id2+ epithelial cell,54,28,3,3,3_5,SMC
A-526,all,66,34,1062,2482,29,80609,0,0,0,0,0,A,13,Alveolar type 1 cell,56,34,6,6,6,AT1
A-527,all,46,30,1127,3523,22,50336,0,0,0,0,0,A,4,Natural killer cell,46,30,7,7,7_2,PatrolMac
A-528,all,58,23,1358,3422,10,55019,0,0,0,0,0,A,27,Sox9+/Id2+ epithelial cell,53,23,1,1,1_1,AT2
A-530,all,63,34,879,2594,13,65283,0,0,0,0,0,A,10,Inflammatory monocyte,56,34,7,7,7_4,PatrolMac
A-531,all,75,38,472,3525,30,48637,0,0,0,0,0,A,3,Alveolar fibroblast 1,58,38,1,1,1_5_2,AlveolarFib
A-534,all,95,29,502,3460,32,81645,0,0,0,0,0,A,59,Alveolar type 2 cell,59,28,1,1,1_1,AT2
A-536,all,13,12,106,2088,11,34614,0,0,0,0,0,A,5,Inflammatory monocyte,33,14,2,2,2_5,DC
A-538,all,75,42,832,3267,21,68696,0,0,0,0,0,A,7,Alveolar fibroblast 1,55,42,1,1,1_5_1,LymphaticEndo
A-539,all,19,15,1002,2309,40,10555,0,0,0,0,0,A,7,Pericyte,37,15,5,5,5_1,Pericyte
A-540,all,96,37,713,3075,12,66224,0,0,0,0,0,A,11,Alveolar type 1 cell,60,35,6,6,6,AT1
A-542,all,25,16,1261,2028,29,25299,0,0,0,0,0,A,13,Alveolar fibroblast 1,47,17,1,1,1_5_1,LymphaticEndo
A-543,all,12,9,39,2280,9,9630,0,0,0,0,0,A,4,Interstitial macrophage,24,9,8,8,8_3,InterstitialMac
A-544,all,7,7,1000,2859,8,18697,0,0,0,0,0,A,2,B cell,27,10,9,9,9,Bcell
A-545,all,65,28,506,3592,36,45420,0,0,0,0,0,A,39,Alveolar type 2 cell,55,28,1,1,1_1,AT2
A-546,all,72,35,999,3010,15,74498,0,0,0,0,0,A,8,Proliferative mesenchymal progenitor cell,52,35,3,3,3_3,AdventitialFib
A-547,all,66,35,656,2121,22,93918,0,0,0,0,0,A,3,Proliferative mesenchymal progenitor cell,58,34,2,2,2_1,Capillary
A-548,all,83,31,176,2214,16,80396,0,0,0,0,0,A,13,Alveolar type 1 cell,57,31,6,6,6,AT1
A-551,all,19,13,355,2642,18,34404,0,0,0,0,0,A,3,B cell,40,14,3,3,3_5,SMC
A-552,all,87,32,764,3602,30,76121,0,0,0,0,0,A,45,Alveolar type 2 cell,57,31,1,1,1_3,AT2
A-553,all,56,37,456,2124,26,75882,0,0,0,0,0,A,3,Pericyte,56,37,5,5,5_3,Pericyte
A-554,all,119,44,573,3535,21,102526,0,0,0,0,0,A,71,Alveolar type 2 cell,44,19,1,1,1_1,AT2
A-555,all,54,30,492,2641,18,92455,0,0,0,0,0,A,4,Alveolar type 1 cell,55,31,2,2,2_2,InflamMac
A-557,all,21,17,1866,2581,28,45598,0,0,0,0,0,A,2,Capillary 1 cell,41,17,2,2,2_3,Vein
A-558,all,32,24,1378,2237,25,65358,0,0,0,0,0,A,9,Innate lymphoid cell,39,24,6,6,6,AT1
A-559,all,59,34,1212,2097,16,90006,0,0,0,0,0,A,15,AT1/AT2,56,35,2,2,2_2,InflamMac
A-560,all,56,35,1087,2960,30,55398,0,0,0,0,0,A,4,Inflammatory monocyte,56,36,2,2,2_2,InflamMac
A-562,all,133,44,804,3208,14,76066,0,0,0,0,0,A,11,Alveolar type 1 cell,49,24,6,6,6,AT1
A-564,all,103,39,1675,3553,25,63228,0,0,0,0,0,A,10,Sox9+/Id2+ epithelial cell,57,31,2,2,2_5,DC
A-565,all,120,63,911,3426,31,112840,0,0,0,0,0,A,19,Inflammatory monocyte,40,30,3,3,3_3,AdventitialFib
A-568,all,52,25,594,1950,19,75517,0,0,0,0,0,A,14,Alveolar type 2 cell,50,25,2,2,2_6,pDC
A-570,all,58,31,868,2439,29,77284,0,0,0,0,0,A,15,B cell,55,31,5,5,5_1,Pericyte
A-571,all,112,35,1339,2216,17,81099,0,0,0,0,0,A,26,Alveolar type 1 cell,48,20,6,6,6,AT1
A-575,all,73,42,688,2224,33,88505,0,0,0,0,0,A,14,Alveolar fibroblast 1,58,43,3,3,3_1,SMC
A-576,all,72,42,1670,2156,15,64834,0,0,0,0,0,A,3,Inflammatory monocyte,56,43,2,2,2_2,InflamMac
A-577,all,19,14,319,2473,24,25555,0,0,0,0,0,A,3,Alveolar type 2 cell,40,15,2,2,2_2,InflamMac
A-578,all,47,30,1637,3511,23,45608,0,0,0,0,0,A,5,Pericyte,47,30,7,7,7_3,Tcell (CD8)
A-579,all,32,24,484,3383,19,62857,0,0,0,0,0,A,3,Sox9+/Id2+ epithelial cell,37,24,2,2,2_6,pDC
A-580,all,80,32,1035,2700,20,89685,0,0,0,0,0,A,9,Secondary crest myofibroblast,55,32,2,2,2_6,pDC
A-581,all,79,33,769,2778,26,75343,0,0,0,0,0,A,14,Alveolar type 2 cell,56,33,2,2,2_2,InflamMac
A-582,all,18,12,141,2260,30,30027,0,0,0,0,0,A,3,Arterial endothelial cell,42,13,2,2,2_4,Artery
A-584,all,87,16,614,2004,15,69224,0,0,0,0,0,A,65,Alveolar type 2 cell,55,16,1,1,1_3,AT2
A-591,all,16,9,876,3687,34,36973,0,0,0,0,0,A,9,Alveolar type 2 cell,37,9,1,1,1_1,AT2
A-592,all,50,21,1454,2430,31,38671,0,0,0,0,0,A,31,Sox9+/Id2+ epithelial cell,49,21,1,1,1_1,AT2
A-593,all,132,38,1395,2821,16,72744,0,0,0,0,0,A,83,AT1/AT2,46,18,1,1,1_1,AT2
A-595,all,17,8,774,2464,7,16869,0,0,0,0,0,A,2,Alveolar type 1 cell,37,8,6,6,6,AT1
A-596,all,41,16,1127,1989,37,42364,0,0,0,0,0,A,8,Proliferative mesenchymal progenitor cell,44,17,3,3,3_1,SMC
A-599,all,74,45,174,2271,28,60355,0,0,0,0,0,A,12,Alveolar fibroblast 1,60,45,1,1,1_5_4,pDC
A-601,all,66,24,858,1974,13,70058,0,0,0,0,0,A,29,Alveolar type 2 cell,54,24,1,1,1_3,AT2
A-602,all,28,23,1860,2619,20,46197,0,0,0,0,0,A,4,Interstitial macrophage,42,23,8,8,8_3,InterstitialMac
A-603,all,11,10,730,2934,37,46441,0,0,0,0,0,A,2,B cell,29,10,9,9,9,Bcell
A-604,all,91,44,1249,3480,35,73498,0,0,0,0,0,A,4,Alveolar fibroblast 1,61,42,2,2,2_2,InflamMac
A-606,all,36,13,593,2454,13,31897,0,0,0,0,0,A,29,Alveolar type 2 cell,43,13,1,1,1_1,AT2
A-607,all,57,20,1031,3233,9,39368,0,0,0,0,0,A,41,Alveolar type 2 cell,52,20,1,1,1_1,AT2
A-608,all,86,24,935,2334,31,65660,0,0,0,0,0,A,66,Alveolar type 2 cell,57,23,1,1,1_1,AT2
A-609,all,93,31,281,2218,15,81787,0,0,0,0,0,A,64,Alveolar type 2 cell,60,31,1,1,1_3,AT2
A-610,all,31,21,1624,3150,9,20323,0,0,0,0,0,A,2,Inflammatory monocyte,37,21,3,3,3_4,AdventitialFib
A-611,all,20,15,535,2575,36,39007,0,0,0,0,0,A,4,Secondary crest myofibroblast,41,16,3,3,3_1,SMC
A-612,all,14,13,1871,3601,25,21091,0,0,0,0,0,A,3,Proliferative mesenchymal progenitor cell,30,13,3,3,3_4,AdventitialFib
A-615,all,30,9,756,2311,14,43839,0,0,0,0,0,A,23,Alveolar type 2 cell,43,9,1,1,1_1,AT2
A-618,all,57,37,1904,2608,26,57347,0,0,0,0,0,A,6,Interstitial macrophage,55,37,8,8,8_2,InterstitialMac
A-619,all,9,6,973,3265,5,12517,0,0,0,0,0,A,4,Alveolar type 2 cell,31,7,1,1,1_1,AT2
A-621,all,105,29,1413,2252,25,81463,0,0,0,0,0,A,71,Sox9+/Id2+ epithelial cell,53,21,1,1,1_1,AT2
A-625,all,176,62,276,2531,22,145378,1199,0,1199,0,1,A,69,Alveolar type 2 cell,48,29,1,1,1_3,AT2
A-626,all,47,25,1304,3422,24,34666,0,0,0,0,0,A,5,Capillary 1 cell,47,25,2,2,2_3,Vein
A-628,all,29,21,327,2584,11,40317,0,0,0,0,0,A,9,Pericyte,37,21,5,5,5_3,Pericyte
A-629,all,86,49,1013,2786,13,68447,0,0,0,0,0,A,7,Alveolar fibroblast 1,64,50,1,1,1_4_1,AlveolarFib
A-637,all,80,36,1285,2970,22,81665,0,0,0,0,0,A,3,Inflammatory monocyte,58,36,3,3,3_4,AdventitialFib
A-638,all,27,17,1018,3771,38,66990,0,0,0,0,0,A,5,Capillary 1 cell,46,17,2,2,2_3,Vein
A-639,all,24,15,745,2436,8,31564,0,0,0,0,0,A,4,Alveolar type 1 cell,43,15,6,6,6,AT1
A-640,all,75,44,833,2569,21,59221,0,0,0,0,0,A,7,Alveolar fibroblast 1,56,44,7,7,7_3,Tcell (CD8)
A-642,all,80,38,1939,2152,30,65288,0,0,0,0,0,A,7,Alveolar type 2 cell,58,39,2,2,2_2,InflamMac
A-645,all,17,11,88,2001,11,29331,0,0,0,0,0,A,3,Alveolar fibroblast 1,35,11,1,1,1_5_4,pDC
A-646,all,29,17,628,2528,35,39129,0,0,0,0,0,A,9,Inflammatory monocyte,38,17,1,1,1_3,AT2
A-648,all,68,14,381,2273,22,88345,0,0,0,0,0,A,51,Alveolar type 2 cell,53,14,1,1,1_3,AT2
A-649,all,78,34,1790,3599,19,76410,0,0,0,0,0,A,2,Inflammatory monocyte,59,35,2,2,2_2,InflamMac
A-651,all,51,26,1881,3679,24,65488,0,0,0,0,0,A,9,Proliferative mesenchymal progenitor cell,53,27,3,3,3_1,SMC
A-652,all,34,10,906,1972,9,19830,0,0,0,0,0,A,25,Alveolar type 2 cell,44,10,1,1,1_1,AT2
A-655,all,140,55,1391,2770,15,98255,0,0,0,0,0,A,29,Capillary 1 cell,46,28,8,8,8_1,AlveolarMac
A-656,all,13,4,685,2471,12,24670,0,0,0,0,0,A,4,Alveolar type 1 cell,36,4,6,6,6,AT1
A-659,all,20,7,878,3311,39,18746,0,0,0,0,0,A,17,Alveolar type 2 cell,43,7,1,1,1_1,AT2
A-662,all,25,18,198,2329,17,26836,0,0,0,0,0,A,3,Sox9+/Id2+ epithelial cell,46,18,1,1,1_3,AT2
A-667,all,58,36,1672,2096,25,66945,0,0,0,0,0,A,4,Capillary 1 cell,56,36,7,7,7_3,Tcell (CD8)
A-669,all,117,56,1926,2093,23,124384,0,0,0,0,0,A,14,Pericyte,41,28,5,5,5_3,Pericyte
A-670,all,35,28,585,3669,33,40064,0,0,0,0,0,A,4,Inflammatory monocyte,40,28,3,3,3_4,AdventitialFib
A-671,all,74,36,1444,2276,20,73536,0,0,0,0,0,A,22,AT1/AT2,57,37,2,2,2_2,InflamMac
A-672,all,29,17,1027,3157,25,31513,0,0,0,0,0,A,7,Alveolar type 2 cell,41,18,2,2,2_2,InflamMac
A-673,all,111,50,1555,2396,29,99210,0,0,0,0,0,A,25,B cell,48,31,2,2,2_2,InflamMac
A-676,all,103,31,903,2518,31,88357,0,0,0,0,0,A,59,Alveolar type 2 cell,55,26,1,1,1_3,AT2
A-680,all,52,23,961,3477,37,55098,0,0,0,0,0,A,29,Alveolar type 2 cell,51,23,1,1,1_1,AT2
A-681,all,60,25,876,3272,27,39042,0,0,0,0,0,A,28,Alveolar type 2 cell,52,25,1,1,1_1,AT2
A-686,all,171,57,841,2687,18,80388,0,0,0,0,0,A,37,Interstitial macrophage,56,32,8,8,8_3,InterstitialMac
A-687,all,50,23,881,3237,33,35348,0,0,0,0,0,A,22,AT1/AT2,49,23,1,1,1_1,AT2
A-688,all,84,40,141,2158,20,73045,0,0,0,0,0,A,17,Alveolar type 1 cell,61,40,6,6,6,AT1
A-692,all,53,31,1132,2989,30,49727,0,0,0,0,0,A,2,Interstitial macrophage,53,31,8,8,8_2,InterstitialMac
A-693,all,30,22,379,2675,13,44116,0,0,0,0,0,A,5,Capillary 1 cell,41,23,2,2,2_2,InflamMac
A-694,all,109,54,819,2641,16,77069,0,0,0,0,0,A,13,Alveolar fibroblast 1,52,40,2,2,2_2,InflamMac
A-695,all,44,23,832,2876,31,66134,0,0,0,0,0,A,3,Endothelial progenitor cell,44,23,2,2,2_6,pDC
A-696,all,108,39,1039,3020,26,77205,0,0,0,0,0,A,60,AT1/AT2,55,30,1,1,1_1,AT2
A-699,all,23,12,787,2742,32,43412,0,0,0,0,0,A,14,Sox9+/Id2+ epithelial cell,44,12,1,1,1_1,AT2
A-702,all,62,22,1819,2397,33,56489,0,0,0,0,0,A,5,Alveolar type 1 cell,52,22,6,6,6,AT1
A-703,all,51,27,578,3578,29,53814,0,0,0,0,0,A,11,Alveolar type 2 cell,52,28,3,3,3_1,SMC
A-704,all,26,21,558,3629,33,35373,0,0,0,0,0,A,5,Alveolar fibroblast 1,36,22,2,2,2_2,InflamMac
A-707,all,32,21,1074,3542,19,32060,0,0,0,0,0,A,4,Alveolar type 2 cell,40,22,2,2,2_2,InflamMac
A-708,all,16,12,21,2267,7,12583,0,0,0,0,0,A,2,Sox9+/Id2+ epithelial cell,30,12,8,8,8_3,InterstitialMac
A-709,all,79,43,892,2704,30,57584,0,0,0,0,0,A,5,Capillary 2 cell,57,43,8,8,8_2,InterstitialMac
A-710,all,37,21,1145,3503,20,33114,0,0,0,0,0,A,9,Alveolar type 1 cell,42,21,2,2,2_1,Capillary
A-711,all,78,32,1791,3486,24,76146,0,0,0,0,0,A,4,Natural killer cell,53,32,2,2,2_6,pDC
A-713,all,15,12,1256,2564,14,15602,0,0,0,0,0,A,3,Capillary 1 cell,30,12,2,2,2_1,Capillary
A-714,all,20,7,687,2499,11,37408,0,0,0,0,0,A,3,Alveolar type 1 cell,41,7,6,6,6,AT1
A-719,all,53,29,1707,2090,27,60002,0,0,0,0,0,A,10,Pericyte,53,29,5,5,5_1,Pericyte
A-720,all,121,56,863,2733,22,110132,0,0,0,0,0,A,14,Alveolar macrophage,46,31,1,1,1_5_2,AlveolarFib
A-722,all,181,64,392,3566,11,79628,0,0,0,0,0,A,30,Interstitial macrophage,56,33,8,8,8_3,InterstitialMac
A-724,all,87,34,1859,3265,19,54740,0,0,0,0,0,A,2,B cell,57,33,9,9,9,Bcell
A-726,all,11,8,833,2349,22,32147,0,0,0,0,0,A,5,Alveolar fibroblast 1,30,9,3,3,3_1,SMC
A-727,all,71,39,1329,3298,24,80650,0,0,0,0,0,A,3,Alveolar fibroblast 1,55,39,2,2,2_3,Vein
A-728,all,35,23,1022,2475,32,43430,0,0,0,0,0,A,3,Alveolar type 1 cell,42,23,6,6,6,AT1
A-729,all,51,28,411,2260,25,49037,0,0,0,0,0,A,18,Alveolar type 2 cell,50,28,2,2,2_3,Vein
A-730,all,65,40,1031,2580,36,53572,0,0,0,0,0,A,6,Inflammatory monocyte,58,40,2,2,2_2,InflamMac
A-732,all,8,5,1643,1971,37,16865,0,0,0,0,0,A,4,Sox9+/Id2+ epithelial cell,32,7,1,1,1_1,AT2
A-733,all,33,19,693,2295,31,41920,0,0,0,0,0,A,10,Alveolar type 2 cell,41,19,1,1,1_1,AT2
A-736,all,16,12,134,2058,29,30009,0,0,0,0,0,A,3,Sox9+/Id2+ epithelial cell,35,12,3,3,3_4,AdventitialFib
A-737,all,28,14,501,2537,36,26102,0,0,0,0,0,A,6,Secondary crest myofibroblast,43,14,6,6,6,AT1
A-740,all,11,9,370,3160,39,13850,0,0,0,0,0,A,4,Capillary 1 cell,32,9,2,2,2_1,Capillary
A-742,all,12,9,791,3570,35,22977,0,0,0,0,0,A,5,Sox9+/Id2+ epithelial cell,35,9,1,1,1_1,AT2
A-743,all,68,20,577,2490,18,67487,0,0,0,0,0,A,43,Alveolar type 2 cell,54,20,1,1,1_3,AT2
A-746,all,142,56,1840,3384,17,104557,0,0,0,0,0,A,7,B cell,44,29,2,2,2_2,InflamMac
A-748,all,12,10,900,2789,14,15590,0,0,0,0,0,A,5,Pericyte,27,10,3,3,3_6,SCMF
A-749,all,17,15,1,2249,6,10433,0,0,0,0,0,A,3,Interstitial macrophage,31,15,8,8,8_3,InterstitialMac
A-751,all,33,15,816,2318,13,40284,0,0,0,0,0,A,14,Sox9+/Id2+ epithelial cell,44,15,1,1,1_1,AT2
A-752,all,38,24,429,2332,14,82001,0,0,0,0,0,A,4,Capillary 1 cell,42,25,1,1,1_6_2,Neutrophil
A-755,all,60,28,1570,3541,15,41541,0,0,0,0,0,A,3,Inflammatory monocyte,56,30,2,2,2_5,DC
A-756,all,16,13,996,2557,39,27511,0,0,0,0,0,A,2,Capillary 2 cell,35,13,2,2,2_1,Capillary
A-757,all,75,36,1539,3523,16,54512,0,0,0,0,0,A,4,Alveolar type 1 cell,53,36,7,7,7_3,Tcell (CD8)
A-758,all,8,6,562,2411,14,5500,0,0,0,0,0,A,4,Alveolar macrophage,19,8,8,8,8_1,AlveolarMac
A-759,all,34,23,1117,2657,36,36262,0,0,0,0,0,A,5,B cell,39,24,2,2,2_2,InflamMac
A-762,all,89,41,851,3420,19,109002,0,0,0,0,0,A,6,Capillary 1 cell,59,41,2,2,2_2,InflamMac
A-770,all,18,9,741,2282,19,27125,0,0,0,0,0,A,9,Sox9+/Id2+ epithelial cell,41,9,1,1,1_1,AT2
A-776,all,24,21,859,2350,28,46426,0,0,0,0,0,A,5,Alveolar fibroblast 1,48,22,3,3,3_1,SMC
A-784,all,13,10,849,3590,36,26735,0,0,0,0,0,A,3,Sox9+/Id2+ epithelial cell,32,10,5,5,5_1,Pericyte
A-785,all,13,7,1892,2574,12,20026,0,0,0,0,0,A,2,B cell,30,7,9,9,9,Bcell
A-791,all,108,41,1529,4432,18,76306,0,0,0,0,0,A,6,Proliferative mesenchymal progenitor cell,54,28,3,3,3_1,SMC
A-794,all,62,39,1599,4523,15,60950,0,0,0,0,0,A,7,Proliferative mesenchymal progenitor cell,61,41,2,2,2_5,DC
A-796,all,49,29,675,3966,23,40502,0,0,0,0,0,A,5,Alveolar fibroblast 1,50,30,2,2,2_4,Artery
A-797,all,95,47,782,4650,16,75916,0,0,0,0,0,A,8,Alveolar type 1 cell,64,44,6,6,6,AT1
A-800,all,67,31,1701,4984,23,48832,0,0,0,0,0,A,4,Inflammatory monocyte,55,33,2,2,2_5,DC
A-801,all,101,50,1397,4548,22,60444,0,0,0,0,0,A,10,Inflammatory monocyte,62,46,2,2,2_2,InflamMac
A-802,all,133,48,1125,4641,22,100422,0,0,0,0,0,A,27,Pericyte,46,23,6,6,6,AT1
A-803,all,90,43,1046,3823,28,99542,0,0,0,0,0,A,7,Mesothelial cell,61,42,3,3,3_4,AdventitialFib
A-804,all,36,11,811,4611,33,30177,0,0,0,0,0,A,28,Alveolar type 2 cell,44,11,1,1,1_3,AT2
A-805,all,50,31,1634,4997,14,64391,107,0,107,0,1,A,7,B cell,50,31,9,9,9,Bcell
A-808,all,87,34,1748,4622,22,65740,0,0,0,0,0,A,5,B cell,58,34,3,3,3_4,AdventitialFib
A-809,all,41,21,804,4261,14,41685,0,0,0,0,0,A,4,Alveolar fibroblast 1,44,22,2,2,2_4,Artery
A-810,all,180,72,1501,4740,24,101316,60,60,0,1,0,A,16,Alveolar macrophage,50,30,8,8,8_1,AlveolarMac
A-812,all,56,30,1314,4729,35,33002,0,0,0,0,0,A,4,Interstitial macrophage,56,30,8,8,8_3,InterstitialMac
A-816,all,95,36,1031,4082,16,78819,0,0,0,0,0,A,14,Alveolar type 1 cell,62,36,6,6,6,AT1
A-817,all,38,14,1937,5112,30,43359,0,0,0,0,0,A,21,Sox9+/Id2+ epithelial cell,43,14,1,1,1_1,AT2
A-818,all,44,22,716,4235,16,59377,0,0,0,0,0,A,7,Alveolar type 1 cell,45,22,6,6,6,AT1
A-819,all,104,48,924,4509,27,68738,0,0,0,0,0,A,5,Alveolar fibroblast 1,55,38,2,2,2_4,Artery
A-820,all,89,39,1048,4684,18,85368,0,0,0,0,0,A,41,B cell,62,39,9,9,9,Bcell
A-821,all,53,32,1006,5564,31,63090,0,0,0,0,0,A,7,Capillary 1 cell,53,32,1,1,1_3,AT2
A-822,all,87,35,962,3846,28,83094,0,0,0,0,0,A,19,Pericyte,56,34,5,5,5_1,Pericyte
A-823,all,50,32,1335,4478,38,36803,0,0,0,0,0,A,7,CD8+ T cell,54,33,2,2,2_2,InflamMac
A-825,all,133,35,556,3875,15,89780,0,0,0,0,0,A,95,Alveolar type 2 cell,45,13,3,3,3_5,SMC
A-826,all,84,23,1121,4687,15,57105,0,0,0,0,0,A,56,Alveolar type 2 cell,55,23,1,1,1_3,AT2
A-827,all,43,26,721,5431,11,48248,0,0,0,0,0,A,3,Basophil,46,28,2,2,2_5,DC
A-829,all,79,30,1280,4988,18,86283,0,0,0,0,0,A,2,Alveolar type 1 cell,55,30,6,6,6,AT1
A-831,all,50,31,782,4298,13,49309,0,0,0,0,0,A,4,Sox9+/Id2+ epithelial cell,53,32,1,1,1_5_2,AlveolarFib
A-832,all,110,44,1838,4878,30,65954,0,0,0,0,0,A,18,Alveolar type 2 cell,46,24,2,2,2_2,InflamMac
A-833,all,160,64,15,4414,12,92398,0,0,0,0,0,A,37,Alveolar macrophage,51,32,8,8,8_1,AlveolarMac
A-834,all,133,65,631,4271,16,77014,0,0,0,0,0,A,24,Arterial endothelial cell,42,26,1,1,1_5_2,AlveolarFib
A-835,all,27,22,1,3798,14,34865,0,0,0,0,0,A,5,Innate lymphoid cell,39,22,7,7,7_2,PatrolMac
A-840,all,83,39,1329,4541,14,63473,0,0,0,0,0,A,5,Alveolar macrophage,57,39,8,8,8_1,AlveolarMac
A-841,all,41,28,1010,5359,19,63341,0,0,0,0,0,A,9,Capillary 1 cell,42,28,2,2,2_3,Vein
A-842,all,146,35,758,4567,15,93276,0,0,0,0,0,A,105,Alveolar type 2 cell,45,11,1,1,1_3,AT2
A-843,all,39,15,690,4005,17,38895,0,0,0,0,0,A,24,Alveolar type 2 cell,44,15,1,1,1_1,AT2
A-844,all,232,65,1808,5317,14,94081,0,0,0,0,0,A,100,Alveolar type 2 cell,48,25,1,1,1_1,AT2
A-845,all,83,35,1373,4528,25,56681,0,0,0,0,0,A,37,Alveolar type 2 cell,58,35,1,1,1_3,AT2
A-848,all,157,43,1234,4464,30,78050,0,0,0,0,0,A,17,Inflammatory monocyte,49,23,6,6,6,AT1
A-851,all,6,5,179,4771,5,11515,0,0,0,0,0,A,3,Mesothelial cell,20,8,3,3,3_3,AdventitialFib
A-852,all,44,27,667,4046,33,39607,0,0,0,0,0,A,10,Sox9+/Id2+ epithelial cell,47,29,2,2,2_5,DC
A-853,all,110,38,665,4617,16,76688,0,0,0,0,0,A,5,Alveolar fibroblast 1,52,25,1,1,1_5_2,AlveolarFib
A-854,all,171,31,818,4019,22,81701,62,0,62,0,1,A,132,Alveolar type 2 cell,48,12,1,1,1_3,AT2
A-857,all,86,38,708,4745,30,59986,0,0,0,0,0,A,41,Alveolar type 2 cell,59,38,1,1,1_1,AT2
A-859,all,66,34,1044,4930,34,58666,0,0,0,0,0,A,7,Capillary 1 cell,56,35,2,2,2_2,InflamMac
A-860,all,110,22,635,3973,21,74150,0,0,0,0,0,A,81,Alveolar type 2 cell,51,14,1,1,1_1,AT2
A-861,all,81,44,968,5480,31,78756,0,0,0,0,0,A,6,Alveolar fibroblast 1,63,44,2,2,2_6,pDC
A-862,all,109,47,1705,4654,31,79418,0,0,0,0,0,A,7,Alveolar fibroblast 1,54,34,3,3,3_2,SMC
A-863,all,125,52,1861,5401,16,103402,0,0,0,0,0,A,2,B cell,46,28,1,1,1_6_2,Neutrophil
A-864,all,98,37,1455,4666,17,59546,0,0,0,0,0,A,5,Alveolar type 1 cell,57,34,7,7,7_3,Tcell (CD8)
A-865,all,32,21,1221,4824,34,54228,0,0,0,0,0,A,2,Capillary 2 cell,41,21,1,1,1_3,AT2
A-868,all,99,50,1366,4897,19,75846,0,0,0,0,0,A,14,Pericyte,64,45,5,5,5_1,Pericyte
A-869,all,80,38,675,5572,31,80602,0,0,0,0,0,A,6,Alveolar fibroblast 1,61,39,3,3,3_5,SMC
A-870,all,34,17,1158,4871,37,32215,0,0,0,0,0,A,15,Alveolar type 2 cell,44,18,2,2,2_2,InflamMac
A-871,all,57,38,1693,5024,21,70985,0,0,0,0,0,A,9,T regulatory cell,55,38,7,7,7_2,PatrolMac
A-875,all,35,16,1462,4432,29,44147,0,0,0,0,0,A,16,Sox9+/Id2+ epithelial cell,43,16,1,1,1_1,AT2
A-876,all,27,11,1288,5249,7,10816,0,0,0,0,0,A,5,Capillary 1 cell,43,11,1,1,1_1,AT2
A-878,all,80,45,753,4697,24,78495,0,0,0,0,0,A,8,Alveolar type 1 cell,60,46,2,2,2_2,InflamMac
A-880,all,44,24,1034,4609,12,44033,125,0,125,0,1,A,7,Capillary 2 cell,44,24,1,1,1_3,AT2
A-881,all,43,29,368,3965,30,37772,0,0,0,0,0,A,5,B cell,43,29,8,8,8_1,AlveolarMac
A-882,all,83,29,1015,5401,17,74781,127,0,127,0,1,A,39,Alveolar type 2 cell,57,29,1,1,1_1,AT2
A-885,all,148,43,1025,5311,18,87005,0,0,0,0,0,A,77,Alveolar type 2 cell,47,21,1,1,1_1,AT2
A-886,all,56,28,1126,5192,34,46106,0,0,0,0,0,A,7,Alveolar type 1 cell,52,28,2,2,2_6,pDC
A-887,all,156,50,1654,4696,22,102872,0,0,0,0,0,A,61,Sox9+/Id2+ epithelial cell,45,23,1,1,1_1,AT2
A-888,all,62,21,1346,4788,28,64492,0,0,0,0,0,A,44,Alveolar type 2 cell,53,21,1,1,1_3,AT2
A-889,all,67,32,1866,4760,19,85923,0,0,0,0,0,A,5,Mesothelial cell,56,32,3,3,3_3,AdventitialFib
A-891,all,89,36,407,3943,24,54795,0,0,0,0,0,A,9,Interstitial macrophage,63,34,8,8,8_3,InterstitialMac
A-893,all,50,24,1822,5473,33,41729,0,0,0,0,0,A,9,Sox9+/Id2+ epithelial cell,50,24,8,8,8_2,InterstitialMac
A-895,all,31,20,660,4008,24,48407,0,0,0,0,0,A,15,Alveolar type 2 cell,39,21,2,2,2_4,Artery
A-896,all,30,20,1457,4705,34,34430,0,0,0,0,0,A,2,Neutrophil,39,21,2,2,2_2,InflamMac
A-898,all,51,25,1216,4693,19,24644,0,0,0,0,0,A,5,Alveolar macrophage,50,25,5,5,5_3,Pericyte
A-900,all,48,31,1197,4679,32,31448,0,0,0,0,0,A,6,Alveolar type 2 cell,48,31,8,8,8_2,InterstitialMac
A-901,all,80,40,459,4199,18,51699,50,0,50,0,1,A,9,Sox9+/Id2+ epithelial cell,62,40,8,8,8_1,AlveolarMac
A-903,all,84,28,959,4104,23,73626,51,0,51,0,1,A,47,Alveolar type 2 cell,56,28,1,1,1_1,AT2
A-905,all,36,19,1027,5277,18,27256,0,0,0,0,0,A,12,Sox9+/Id2+ epithelial cell,43,19,2,2,2_3,Vein
A-906,all,77,39,1289,4240,26,59982,0,0,0,0,0,A,3,CD4+ T cell,54,40,1,1,1_4_1,AlveolarFib
A-907,all,72,24,1902,4591,31,67007,0,0,0,0,0,A,33,Alveolar type 2 cell,52,24,1,1,1_1,AT2
A-909,all,47,32,723,4302,34,54325,0,0,0,0,0,A,7,Vascular smooth muscle cell,48,33,2,2,2_4,Artery
A-911,all,24,14,680,4411,9,21207,0,0,0,0,0,A,2,Venous endothelial cell,43,15,1,1,1_4_1,AlveolarFib
A-912,all,66,35,1152,5000,29,61719,0,0,0,0,0,A,6,Capillary 1 cell,59,34,2,2,2_1,Capillary
A-914,all,74,33,727,4599,33,74245,0,0,0,0,0,A,2,Alveolar fibroblast 1,56,34,1,1,1_6_2,Neutrophil
A-915,all,16,14,1183,4514,37,21045,0,0,0,0,0,A,2,Secondary crest myofibroblast,33,14,5,5,5_3,Pericyte
A-921,all,39,26,1201,5164,18,24989,0,0,0,0,0,A,3,Alveolar type 1 cell,41,26,6,6,6,AT1
A-922,all,56,31,1667,5298,35,60174,0,0,0,0,0,A,2,Natural killer cell,54,32,2,2,2_2,InflamMac
A-923,all,53,33,1125,4753,29,56698,0,0,0,0,0,A,5,Inflammatory monocyte,53,33,2,2,2_1,Capillary
A-924,all,68,18,1374,4593,16,57349,0,0,0,0,0,A,49,Alveolar type 2 cell,54,18,1,1,1_1,AT2
A-925,all,32,17,1059,4749,8,28400,0,0,0,0,0,A,7,Sox9+/Id2+ epithelial cell,43,17,2,2,2_1,Capillary
A-926,all,27,17,1324,4326,15,50760,0,0,0,0,0,A,5,Sox9+/Id2+ epithelial cell,46,17,2,2,2_3,Vein
A-927,all,31,21,1274,5186,6,25268,0,0,0,0,0,A,4,Inflammatory monocyte,38,22,2,2,2_2,InflamMac
A-928,all,44,29,1293,4420,28,41997,0,0,0,0,0,A,11,Capillary 2 cell,47,30,2,2,2_1,Capillary
A-930,all,71,23,1929,4985,12,62557,0,0,0,0,0,A,40,Alveolar type 2 cell,52,23,1,1,1_1,AT2
A-932,all,43,25,1441,4763,11,46954,0,0,0,0,0,A,6,Proliferative mesenchymal progenitor cell,45,26,3,3,3_1,SMC
A-933,all,47,24,967,4468,14,56215,0,0,0,0,0,A,11,Alveolar fibroblast 1,49,25,3,3,3_1,SMC
A-936,all,43,23,1388,4373,26,46447,0,0,0,0,0,A,5,Alveolar fibroblast 1,47,24,3,3,3_1,SMC
A-938,all,165,60,448,4142,14,118190,0,0,0,0,0,A,30,Interstitial macrophage,50,31,8,8,8_3,InterstitialMac
A-939,all,77,35,952,4261,32,70202,0,0,0,0,0,A,7,Alveolar type 1 cell,57,35,6,6,6,AT1
A-942,all,102,32,744,4105,28,118953,0,0,0,0,0,A,8,Natural killer cell,56,25,2,2,2_5,DC
A-943,all,108,39,1752,5349,32,82343,0,0,0,0,0,A,3,B cell,50,29,2,2,2_2,InflamMac
A-944,all,83,35,800,3972,20,79644,0,0,0,0,0,A,25,Sox9+/Id2+ epithelial cell,58,34,2,2,2_1,Capillary
A-945,all,80,43,1249,4711,12,57864,0,0,0,0,0,A,2,Natural killer cell,58,44,2,2,2_2,InflamMac
A-947,all,23,18,1293,4380,33,31925,0,0,0,0,0,A,4,Pericyte,43,18,5,5,5_3,Pericyte
A-948,all,64,33,1081,5131,25,71622,0,0,0,0,0,A,5,Sox9+/Id2+ epithelial cell,58,34,1,1,1_6_2,Neutrophil
A-950,all,74,34,1030,5440,34,53461,0,0,0,0,0,A,7,B cell,57,36,2,2,2_5,DC
A-951,all,83,49,1909,4704,24,73013,0,0,0,0,0,A,8,Capillary 1 cell,65,49,2,2,2_3,Vein
A-952,all,133,44,662,4336,16,70936,0,0,0,0,0,A,78,Alveolar type 2 cell,43,20,1,1,1_3,AT2
A-953,all,57,26,1229,5064,19,85096,0,0,0,0,0,A,12,Pericyte,54,26,5,5,5_3,Pericyte
A-955,all,55,18,573,3997,34,50947,0,0,0,0,0,A,34,Alveolar type 2 cell,51,18,1,1,1_3,AT2
A-956,all,70,32,1227,4256,16,56325,0,0,0,0,0,A,6,B cell,54,33,2,2,2_2,InflamMac
A-958,all,30,11,1832,4543,24,69757,0,0,0,0,0,A,3,Natural killer cell,40,11,7,7,7_3,Tcell (CD8)
A-959,all,36,18,1827,5522,31,34334,0,0,0,0,0,A,3,Neutrophil,42,18,1,1,1_6_2,Neutrophil
A-960,all,73,38,1211,4924,27,73263,0,0,0,0,0,A,4,CD8+ T cell,52,39,2,2,2_2,InflamMac
A-961,all,21,11,1747,4850,22,21222,0,0,0,0,0,A,12,Alveolar type 2 cell,44,12,2,2,2_1,Capillary
A-965,all,53,35,656,4241,18,46756,0,0,0,0,0,A,5,Endothelial progenitor cell,53,35,2,2,2_3,Vein
A-966,all,115,38,1074,5084,22,76752,0,0,0,0,0,A,53,Alveolar type 2 cell,43,16,1,1,1_1,AT2
A-969,all,46,27,1788,4551,28,36591,0,0,0,0,0,A,2,Natural killer cell,48,28,2,2,2_2,InflamMac
A-972,all,51,30,1420,4393,28,57670,0,0,0,0,0,A,8,Neutrophil,52,31,2,2,2_2,InflamMac
A-973,all,48,22,864,4663,28,46535,0,0,0,0,0,A,3,Sox9+/Id2+ epithelial cell,49,23,1,1,1_6_2,Neutrophil
A-975,all,97,30,1120,5091,21,124943,0,0,0,0,0,A,34,Alveolar type 2 cell,58,28,2,2,2_2,InflamMac
A-977,all,57,29,1741,4971,27,55973,0,0,0,0,0,A,6,Pericyte,57,31,2,2,2_5,DC
A-978,all,52,33,709,4358,19,75231,0,0,0,0,0,A,22,B cell,52,33,9,9,9,Bcell
A-979,all,46,31,675,3920,32,46039,0,0,0,0,0,A,6,Proliferative mesenchymal progenitor cell,46,31,3,3,3_3,AdventitialFib
A-981,all,167,60,840,4254,24,127129,0,0,0,0,0,A,10,Alveolar type 1 cell,49,27,6,6,6,AT1
A-983,all,52,30,1769,4660,30,50515,0,0,0,0,0,A,6,B cell,52,31,2,2,2_2,InflamMac
A-984,all,21,11,1073,4624,6,26016,0,0,0,0,0,A,10,Sox9+/Id2+ epithelial cell,42,11,1,1,1_1,AT2
A-985,all,28,19,1450,4403,31,44562,0,0,0,0,0,A,5,Alveolar type 2 cell,40,20,2,2,2_2,InflamMac
A-986,all,26,18,1110,4212,27,40096,0,0,0,0,0,A,2,Alveolar type 1 cell,45,18,6,6,6,AT1
A-987,all,62,32,756,4182,26,94647,0,0,0,0,0,A,6,Ciliated cell,56,33,2,2,2_2,InflamMac
A-989,all,125,53,674,4838,18,86315,0,0,0,0,0,A,20,Inflammatory monocyte,45,26,3,3,3_1,SMC
A-990,all,153,59,1123,4829,18,104074,0,0,0,0,0,A,15,Alveolar macrophage,49,35,8,8,8_1,AlveolarMac
A-991,all,31,18,314,4201,21,41475,0,0,0,0,0,A,4,Sox9+/Id2+ epithelial cell,42,18,3,3,3_4,AdventitialFib
A-992,all,69,35,1286,4645,12,41559,0,0,0,0,0,A,2,Alveolar type 1 cell,54,35,1,1,1_3,AT2
A-993,all,120,49,737,4873,10,88892,0,0,0,0,0,A,8,Alveolar fibroblast 1,44,24,1,1,1_5_2,AlveolarFib
A-995,all,175,45,1634,4549,28,88528,0,0,0,0,0,A,126,Alveolar type 2 cell,43,10,1,1,1_1,AT2
A-997,all,13,8,692,5109,15,22440,0,0,0,0,0,A,4,Capillary 2 cell,32,8,2,2,2_6,pDC
A-998,all,105,42,1020,5180,13,59677,0,0,0,0,0,A,5,Mesothelial cell,56,32,3,3,3_3,AdventitialFib
A-999,all,60,30,1253,4550,28,47421,0,0,0,0,0,A,4,Capillary 1 cell,53,31,2,2,2_1,Capillary
A-1001,all,49,28,1716,4842,7,38709,51,0,51,0,1,A,4,B cell,49,28,4,4,4_1_3,ClubEpi
A-1002,all,109,40,1687,4714,26,61606,0,0,0,0,0,A,43,Alveolar type 2 cell,55,28,1,1,1_3,AT2
A-1003,all,12,4,1223,5109,40,9886,0,0,0,0,0,A,10,Alveolar type 2 cell,37,4,1,1,1_1,AT2
A-1004,all,41,21,861,4573,18,61686,0,0,0,0,0,A,7,Pericyte,44,21,5,5,5_1,Pericyte
A-1006,all,65,31,840,4334,31,58041,0,0,0,0,0,A,29,Pericyte,55,31,5,5,5_1,Pericyte
A-1007,all,133,33,1782,4874,29,84024,0,0,0,0,0,A,70,Alveolar type 2 cell,48,19,1,1,1_1,AT2
A-1009,all,56,29,1026,4400,28,42862,0,0,0,0,0,A,7,Alveolar type 2 cell,55,30,1,1,1_5_2,AlveolarFib
A-1011,all,87,42,879,3842,21,97113,0,0,0,0,0,A,35,Neutrophil,58,41,2,2,2_6,pDC
A-1013,all,44,25,1281,4910,27,32203,0,0,0,0,0,A,2,Natural killer cell,47,26,2,2,2_2,InflamMac
A-1018,all,48,30,1048,5112,21,29188,0,0,0,0,0,A,9,Alveolar type 2 cell,48,30,2,2,2_2,InflamMac
A-1020,all,45,28,1183,4912,33,38099,0,0,0,0,0,A,6,Sox9+/Id2+ epithelial cell,47,29,1,1,1_4_1,AlveolarFib
A-1022,all,169,66,1059,5247,18,108269,0,0,0,0,0,A,21,AT1/AT2,49,35,3,3,3_1,SMC
A-1023,all,67,25,1193,4170,10,36145,0,0,0,0,0,A,39,Alveolar type 2 cell,56,25,1,1,1_1,AT2
A-1024,all,13,8,597,3860,10,21092,126,0,126,0,1,A,6,Alveolar type 1 cell,34,8,6,6,6,AT1
A-1026,all,52,23,877,4450,11,29315,0,0,0,0,0,A,8,Alveolar type 1 cell,51,23,6,6,6,AT1
A-1028,all,42,28,1935,4826,31,25334,0,0,0,0,0,A,7,Inflammatory monocyte,44,28,7,7,7_2,PatrolMac
A-1030,all,24,7,1037,4158,34,20719,0,0,0,0,0,A,2,Endothelial progenitor cell,43,8,1,1,1_5_2,AlveolarFib
A-1032,all,54,29,1400,4901,35,43854,0,0,0,0,0,A,5,Pericyte,52,29,5,5,5_1,Pericyte
A-1033,all,91,28,1095,4714,14,50090,53,0,53,0,1,A,52,Alveolar type 2 cell,56,28,1,1,1_1,AT2
A-1035,all,136,54,1064,4469,20,98669,0,0,0,0,0,A,30,Alveolar fibroblast 1,44,25,2,2,2_4,Artery
A-1037,all,37,21,267,4221,20,32348,0,0,0,0,0,A,3,Alveolar fibroblast 2,41,21,3,3,3_3,AdventitialFib
A-1038,all,40,27,1149,4369,13,40158,0,0,0,0,0,A,9,Proliferative mesenchymal progenitor cell,41,27,5,5,5_3,Pericyte
A-1040,all,76,30,1171,4191,17,43303,0,0,0,0,0,A,36,Alveolar type 2 cell,55,30,1,1,1_1,AT2
A-1041,all,66,41,1261,4237,25,50254,0,0,0,0,0,A,7,Inflammatory monocyte,57,41,2,2,2_1,Capillary
A-1043,all,43,24,823,4645,31,35126,0,0,0,0,0,A,16,Alveolar fibroblast 1,44,24,3,3,3_4,AdventitialFib
A-1044,all,156,61,1831,4623,28,100091,0,0,0,0,0,A,14,B cell,50,36,8,8,8_1,AlveolarMac
A-1045,all,24,18,1457,4642,6,19037,0,0,0,0,0,A,2,Natural killer cell,46,19,2,2,2_2,InflamMac
A-1046,all,53,37,1802,4792,22,54855,0,0,0,0,0,A,6,Alveolar fibroblast 1,53,37,3,3,3_6,SCMF
A-1048,all,79,36,1084,4532,13,48676,0,0,0,0,0,A,7,Alveolar fibroblast 1,58,37,2,2,2_4,Artery
A-1050,all,51,25,1231,5169,12,28306,0,0,0,0,0,A,2,Alveolar type 1 cell,50,25,6,6,6,AT1
A-1051,all,93,41,899,4463,20,52374,0,0,0,0,0,A,15,Alveolar type 1 cell,62,41,6,6,6,AT1
A-1052,all,32,22,1165,4542,37,26715,0,0,0,0,0,A,2,Alveolar type 1 cell,39,23,3,3,3_1,SMC
A-1054,all,13,11,1176,4652,37,19251,0,0,0,0,0,A,5,Alveolar macrophage,35,11,7,7,7_2,PatrolMac
A-1055,all,67,36,923,4031,14,59087,0,0,0,0,0,A,4,Capillary 1 cell,57,36,2,2,2_3,Vein
A-1056,all,52,26,1321,4639,11,42530,0,0,0,0,0,A,8,Alveolar type 1 cell,51,26,6,6,6,AT1
A-1060,all,41,21,849,4631,30,43467,0,0,0,0,0,A,17,Sox9+/Id2+ epithelial cell,44,21,1,1,1_1,AT2
A-1061,all,7,5,900,4684,15,8254,0,0,0,0,0,A,3,Arterial endothelial cell,26,8,2,2,2_4,Artery
A-1063,all,35,17,1323,4373,10,29240,0,0,0,0,0,A,2,Inflammatory monocyte,43,18,2,2,2_2,InflamMac
A-1064,all,32,17,1278,4574,33,19964,0,0,0,0,0,A,2,B cell,43,18,2,2,2_2,InflamMac
A-1066,all,30,17,1291,4325,18,53100,0,0,0,0,0,A,16,Alveolar type 2 cell,41,18,2,2,2_2,InflamMac
A-1068,all,81,25,1328,4429,21,82923,0,0,0,0,0,A,50,Alveolar type 2 cell,56,25,1,1,1_1,AT2
A-1071,all,96,36,1272,4611,24,54447,0,0,0,0,0,A,3,B cell,59,36,2,2,2_2,InflamMac
A-1073,all,31,21,459,4052,10,35213,0,0,0,0,0,A,6,Arterial endothelial cell,38,22,2,2,2_4,Artery
A-1074,all,108,50,1106,4502,26,59713,0,0,0,0,0,A,11,Secondary crest myofibroblast,57,35,2,2,2_6,pDC
A-1075,all,64,31,1052,5174,17,49200,0,0,0,0,0,A,3,B cell,56,31,1,1,1_5_2,AlveolarFib
A-1076,all,89,39,499,4541,35,79192,0,0,0,0,0,A,10,Interstitial macrophage,63,39,8,8,8_3,InterstitialMac
A-1078,all,16,11,681,4492,37,16151,0,0,0,0,0,A,3,Alveolar type 1 cell,34,11,6,6,6,AT1
A-1081,all,62,29,931,4470,17,54127,0,0,0,0,0,A,15,Natural killer cell,54,29,7,7,7_2,PatrolMac
A-1082,all,24,17,1086,4743,28,21819,0,0,0,0,0,A,2,Capillary 1 cell,42,17,2,2,2_6,pDC
A-1083,all,80,41,1934,4733,27,88547,0,0,0,0,0,A,6,Sox9+/Id2+ epithelial cell,61,42,2,2,2_2,InflamMac
A-1085,all,69,34,1831,4784,18,44306,0,0,0,0,0,A,3,Capillary 1 cell,53,34,5,5,5_3,Pericyte
A-1088,all,36,22,1805,4754,27,36473,0,0,0,0,0,A,3,Vascular smooth muscle cell,42,23,3,3,3_2,SMC
A-1089,all,27,10,1099,5248,37,21949,0,0,0,0,0,A,6,Alveolar type 1 cell,44,10,6,6,6,AT1
A-1090,all,26,19,1058,5149,22,23891,0,0,0,0,0,A,3,Alveolar type 1 cell,48,19,6,6,6,AT1
A-1092,all,47,16,1053,4182,33,28162,0,0,0,0,0,A,6,Alveolar type 1 cell,47,16,6,6,6,AT1
A-1094,all,11,9,568,4090,35,25476,0,0,0,0,0,A,4,Alveolar fibroblast 1,35,10,3,3,3_5,SMC
A-1098,all,57,26,1355,4391,18,42985,0,0,0,0,0,A,3,Sox9+/Id2+ epithelial cell,56,27,1,1,1_6_2,Neutrophil
A-1104,all,36,21,604,4123,35,32807,0,0,0,0,0,A,10,Alveolar fibroblast 1,40,21,3,3,3_1,SMC
A-1105,all,78,32,1349,4756,32,51530,0,0,0,0,0,A,41,Alveolar type 2 cell,56,32,8,8,8_2,InterstitialMac
A-1106,all,18,7,1140,5122,31,28277,0,0,0,0,0,A,8,Alveolar type 2 cell,41,7,1,1,1_3,AT2
A-1108,all,71,37,654,3941,29,52741,0,0,0,0,0,A,10,Alveolar type 2 cell,57,38,2,2,2_4,Artery
A-1111,all,68,36,1523,6297,26,90215,0,0,0,0,0,A,7,Chondrocyte,56,38,2,2,2_5,DC
A-1114,all,39,26,1650,6025,21,43219,0,0,0,0,0,A,4,Inflammatory monocyte,43,27,2,2,2_2,InflamMac
A-1118,all,24,7,1558,6965,37,25281,0,0,0,0,0,A,17,AT1/AT2,44,7,1,1,1_1,AT2
A-1119,all,36,24,951,6621,31,93725,0,0,0,0,0,A,3,Alveolar type 2 cell,42,24,1,1,1_5_2,AlveolarFib
A-1120,all,49,25,1425,6301,22,51799,0,0,0,0,0,A,11,AT1/AT2,49,25,6,6,6,AT1
A-1121,all,73,39,1599,6063,16,76642,0,0,0,0,0,A,13,Pericyte,52,39,5,5,5_1,Pericyte
A-1123,all,11,9,1056,6986,34,55254,0,0,0,0,0,A,2,Arterial endothelial cell,37,11,2,2,2_4,Artery
A-1124,all,53,32,152,7410,30,81562,0,0,0,0,0,A,5,Innate lymphoid cell,53,32,7,7,7_2,PatrolMac
A-1125,all,26,18,1752,6141,32,53319,0,0,0,0,0,A,2,CD8+ T cell,45,18,7,7,7_2,PatrolMac
A-1126,all,61,20,741,5779,32,50411,0,0,0,0,0,A,8,Mesothelial cell,53,20,6,6,6,AT1
A-1127,all,22,14,1004,6351,10,46461,0,0,0,0,0,A,4,Neutrophil,41,15,2,2,2_2,InflamMac
A-1129,all,21,12,675,7129,32,58609,0,0,0,0,0,A,8,Sox9+/Id2+ epithelial cell,40,12,5,5,5_1,Pericyte
A-1132,all,133,34,1733,6053,29,76815,0,0,0,0,0,A,84,Alveolar type 2 cell,45,15,1,1,1_1,AT2
A-1133,all,46,29,1682,6013,38,25697,0,0,0,0,0,A,2,Inflammatory monocyte,48,31,2,2,2_5,DC
A-1135,all,22,12,1151,6781,24,92208,0,0,0,0,0,A,10,Alveolar macrophage,42,12,8,8,8_1,AlveolarMac
A-1138,all,60,24,1018,6165,16,65299,0,0,0,0,0,A,27,Pericyte,54,24,5,5,5_1,Pericyte
A-1141,all,113,33,1757,6222,35,83067,0,0,0,0,0,A,62,Alveolar type 2 cell,48,19,1,1,1_1,AT2
A-1145,all,30,20,598,6775,32,56280,0,0,0,0,0,A,4,Alveolar fibroblast 1,38,20,3,3,3_3,AdventitialFib
A-1146,all,29,21,1010,6219,22,50537,0,0,0,0,0,A,3,CD8+ T cell,39,22,2,2,2_2,InflamMac
A-1147,all,104,19,1925,7116,23,100154,0,0,0,0,0,A,84,Alveolar type 2 cell,53,15,1,1,1_3,AT2
A-1148,all,109,40,936,6144,30,75919,0,0,0,0,0,A,54,Alveolar type 2 cell,51,24,1,1,1_1,AT2
A-1149,all,16,13,1502,6974,37,43820,0,0,0,0,0,A,3,Alveolar fibroblast 1,37,14,3,3,3_1,SMC
A-1151,all,48,25,1869,5831,14,41165,0,0,0,0,0,A,2,Capillary 1 cell,48,25,2,2,2_3,Vein
A-1153,all,7,7,1073,6903,19,85920,119,0,119,0,1,A,3,Alveolar macrophage,20,10,3,3,3_4,AdventitialFib
A-1154,all,97,43,1618,6388,17,83132,0,0,0,0,0,A,8,Arterial endothelial cell,59,41,3,3,3_5,SMC
A-1155,all,114,36,1072,5997,21,79098,0,0,0,0,0,A,70,Alveolar type 2 cell,43,15,2,2,2_1,Capillary
A-1156,all,7,6,1178,6681,20,47728,0,0,0,0,0,A,3,Interstitial macrophage,21,8,3,3,3_4,AdventitialFib
A-1157,all,25,14,951,5753,19,44105,0,0,0,0,0,A,10,Sox9+/Id2+ epithelial cell,48,14,2,2,2_3,Vein
A-1158,all,34,8,585,7364,33,55425,50,0,50,0,1,A,27,Sox9+/Id2+ epithelial cell,45,8,1,1,1_1,AT2
A-1160,all,82,43,433,6444,27,85520,0,0,0,0,0,A,7,B cell,59,44,2,2,2_5,DC
A-1161,all,87,35,898,5676,27,76598,0,0,0,0,0,A,33,Alveolar type 2 cell,58,35,2,2,2_2,InflamMac
A-1162,all,17,12,1451,7043,15,75927,0,0,0,0,0,A,2,Natural killer cell,35,13,2,2,2_2,InflamMac
A-1164,all,48,28,1412,6362,36,44733,0,0,0,0,0,A,2,Proliferative mesenchymal progenitor cell,49,29,1,1,1_6_2,Neutrophil
A-1166,all,15,12,1010,6530,9,25378,0,0,0,0,0,A,8,Alveolar type 1 cell,34,12,1,1,1_5_2,AlveolarFib
A-1170,all,52,24,778,6052,16,50728,0,0,0,0,0,A,8,Mesothelial cell,51,24,3,3,3_3,AdventitialFib
A-1171,all,75,41,361,7223,14,92409,0,0,0,0,0,A,6,Sox9+/Id2+ epithelial cell,58,41,1,1,1_3,AT2
A-1178,all,16,11,629,7322,34,67554,0,0,0,0,0,A,3,Sox9+/Id2+ epithelial cell,35,12,1,1,1_6_2,Neutrophil
A-1179,all,29,17,1881,6966,24,53606,0,0,0,0,0,A,2,Sox9+/Id2+ epithelial cell,41,17,2,2,2_3,Vein
A-1180,all,35,23,1871,6110,15,37897,0,0,0,0,0,A,3,Inflammatory monocyte,40,24,3,3,3_1,SMC
A-1181,all,18,13,456,7467,32,77679,0,0,0,0,0,A,6,Inflammatory monocyte,33,13,3,3,3_6,SCMF
A-1184,all,30,20,1936,7552,19,76355,0,0,0,0,0,A,17,Pericyte,39,20,5,5,5_1,Pericyte
A-1188,all,67,37,1935,7359,25,79957,0,0,0,0,0,A,9,Vascular smooth muscle cell,57,37,5,5,5_1,Pericyte
A-1191,all,47,38,894,5772,25,48487,0,0,0,0,0,A,8,Arterial endothelial cell,47,38,2,2,2_4,Artery
A-1192,all,73,26,1407,6225,32,65293,0,0,0,0,0,A,6,Alveolar type 1 cell,50,26,6,6,6,AT1
A-1195,all,67,22,1821,6932,17,58637,0,0,0,0,0,A,39,Alveolar type 2 cell,53,22,1,1,1_3,AT2
A-1196,all,41,21,1025,7256,16,90200,0,0,0,0,0,A,4,Secondary crest myofibroblast,43,22,3,3,3_1,SMC
A-1199,all,31,16,1727,6939,36,30063,0,0,0,0,0,A,8,B cell,42,16,9,9,9,Bcell
A-1201,all,32,20,1669,7290,26,53783,0,0,0,0,0,A,4,Classical DC subset 2,44,22,2,2,2_5,DC
A-1203,all,77,42,1227,6175,27,88420,0,0,0,0,0,A,5,Capillary 1 cell,58,42,2,2,2_3,Vein
A-1204,all,61,29,1653,6269,8,41206,0,0,0,0,0,A,2,CD8+ T cell,53,30,2,2,2_2,InflamMac
A-1205,all,54,27,1038,6229,15,43888,0,0,0,0,0,A,5,Alveolar type 1 cell,55,28,2,2,2_2,InflamMac
A-1206,all,25,17,1010,6011,35,38916,0,0,0,0,0,A,7,Alveolar type 2 cell,46,17,1,1,1_3,AT2
A-1207,all,11,8,1716,7031,10,43792,0,0,0,0,0,A,2,Endothelial progenitor cell,28,8,1,1,1_3,AT2
A-1208,all,20,16,1687,7373,30,44667,0,0,0,0,0,A,5,CD8+ T cell,42,17,2,2,2_2,InflamMac
A-1209,all,55,36,1228,6437,29,90864,0,0,0,0,0,A,6,Venous endothelial cell,55,36,1,1,1_5_2,AlveolarFib
A-1210,all,34,16,1438,6697,10,55497,0,0,0,0,0,A,4,Ciliated cell,42,17,1,1,1_6_2,Neutrophil
A-1211,all,91,22,1154,6147,11,42513,0,0,0,0,0,A,63,Alveolar type 2 cell,56,22,1,1,1_1,AT2
A-1213,all,123,47,1255,5865,20,91151,0,0,0,0,0,A,4,Alveolar type 2 cell,47,29,2,2,2_6,pDC
A-1216,all,113,50,823,6201,22,117238,0,0,0,0,0,A,11,Venous endothelial cell,48,30,3,3,3_3,AdventitialFib
A-1217,all,110,44,1854,5681,16,54696,0,0,0,0,0,A,19,Mesothelial cell,53,32,3,3,3_1,SMC
A-1218,all,43,30,1794,6130,28,36140,0,0,0,0,0,A,5,Pericyte,43,30,5,5,5_3,Pericyte
A-1222,all,12,7,1009,6978,19,113612,1469,0,1469,0,1,A,9,Alveolar fibroblast 1,33,7,6,6,6,AT1
A-1224,all,87,34,624,6799,20,82156,0,0,0,0,0,A,9,Alveolar type 1 cell,59,34,6,6,6,AT1
A-1225,all,25,12,1334,6798,13,66617,0,0,0,0,0,A,12,Alveolar type 1 cell,43,12,6,6,6,AT1
A-1226,all,14,7,1296,6954,8,29480,0,0,0,0,0,A,9,Sox9+/Id2+ epithelial cell,34,7,1,1,1_3,AT2
A-1228,all,48,25,1418,5791,35,30416,0,0,0,0,0,A,3,Alveolar type 1 cell,48,25,6,6,6,AT1
A-1231,all,22,17,512,7139,25,91769,0,0,0,0,0,A,3,Alveolar type 1 cell,42,18,1,1,1_6_2,Neutrophil
A-1232,all,94,44,900,6271,21,97121,0,0,0,0,0,A,12,Alveolar fibroblast 1,61,43,2,2,2_3,Vein
A-1233,all,26,13,988,5917,35,19759,0,0,0,0,0,A,13,Alveolar type 2 cell,46,13,7,7,7_2,PatrolMac
A-1234,all,55,21,871,6514,12,60309,0,0,0,0,0,A,4,Alveolar type 1 cell,52,21,3,3,3_6,SCMF
A-1235,all,96,48,536,6736,16,87303,0,0,0,0,0,A,10,AT1/AT2,61,45,8,8,8_2,InterstitialMac
A-1239,all,25,19,608,6890,32,49922,0,0,0,0,0,A,6,Pericyte,46,19,5,5,5_1,Pericyte
A-1244,all,14,14,1010,6567,11,69610,0,0,0,0,0,A,3,CD4+ T cell,27,14,6,6,6,AT1
A-1248,all,84,42,743,6440,26,90520,0,0,0,0,0,A,3,Endothelial progenitor cell,60,42,2,2,2_3,Vein
A-1249,all,16,12,820,6504,26,61377,0,0,0,0,0,A,5,Alveolar type 2 cell,35,12,1,1,1_1,AT2
A-1253,all,98,27,1083,5786,23,51203,0,0,0,0,0,A,52,Alveolar type 2 cell,58,26,1,1,1_1,AT2
A-1259,all,48,23,1869,6453,30,44138,0,0,0,0,0,A,4,Sox9+/Id2+ epithelial cell,48,23,8,8,8_2,InterstitialMac
A-1261,all,46,30,1022,6482,37,46826,0,0,0,0,0,A,5,Alveolar type 1 cell,46,30,6,6,6,AT1
A-1263,all,59,29,500,6596,33,85923,0,0,0,0,0,A,11,Alveolar fibroblast 1,55,30,3,3,3_1,SMC
A-1264,all,23,19,1383,6775,26,85152,0,0,0,0,0,A,4,CD8+ T cell,41,19,7,7,7_2,PatrolMac
A-1265,all,119,48,1547,6147,22,83867,0,0,0,0,0,A,6,Alveolar type 2 cell,44,26,2,2,2_2,InflamMac
A-1266,all,22,15,1189,6056,21,27046,0,0,0,0,0,A,4,Pericyte,42,15,5,5,5_1,Pericyte
A-1267,all,47,13,1619,7088,21,37365,0,0,0,0,0,A,35,Alveolar type 2 cell,48,13,1,1,1_3,AT2
A-1271,all,30,16,759,6294,34,37151,0,0,0,0,0,A,5,Neutrophil,42,17,3,3,3_1,SMC
A-1272,all,57,34,894,6117,31,71036,0,0,0,0,0,A,10,Capillary 1 cell,54,34,2,2,2_3,Vein
A-1274,all,56,27,1052,5732,22,78462,0,0,0,0,0,A,9,Interstitial macrophage,53,27,8,8,8_3,InterstitialMac
A-1276,all,39,21,1840,6496,27,69024,0,0,0,0,0,A,3,Sox9+/Id2+ epithelial cell,43,22,2,2,2_2,InflamMac
A-1278,all,48,26,1433,6487,29,77580,0,0,0,0,0,A,5,Alveolar type 2 cell,48,26,2,2,2_6,pDC
A-1281,all,8,7,1168,6627,13,59905,0,0,0,0,0,A,3,Inflammatory monocyte,29,9,2,2,2_5,DC
A-1282,all,37,13,921,5747,15,45382,0,0,0,0,0,A,26,Alveolar type 2 cell,43,13,1,1,1_1,AT2
A-1285,all,38,7,702,7073,37,47572,0,0,0,0,0,A,33,Sox9+/Id2+ epithelial cell,46,7,1,1,1_1,AT2
A-1286,all,49,23,884,6225,20,50807,0,0,0,0,0,A,30,Pericyte,49,23,5,5,5_1,Pericyte
A-1287,all,94,41,1282,6227,10,81289,0,0,0,0,0,A,8,Capillary 1 cell,59,40,2,2,2_6,pDC
A-1289,all,56,25,1869,6285,37,41062,0,0,0,0,0,A,9,Sox9+/Id2+ epithelial cell,51,25,3,3,3_3,AdventitialFib
A-1290,all,31,22,985,6212,35,23643,0,0,0,0,0,A,2,Pericyte,38,22,5,5,5_3,Pericyte
A-1292,all,16,8,1740,6910,31,28864,0,0,0,0,0,A,5,Alveolar fibroblast 1,39,8,1,1,1_5_1,LymphaticEndo
A-1293,all,53,36,1106,6546,9,100112,0,0,0,0,0,A,7,B cell,53,36,9,9,9,Bcell
A-1294,all,34,18,713,7022,29,71019,0,0,0,0,0,A,13,Sox9+/Id2+ epithelial cell,41,18,2,2,2_6,pDC
A-1297,all,122,40,1450,6276,22,99206,0,0,0,0,0,A,40,Venous endothelial cell,44,21,1,1,1_1,AT2
A-1298,all,23,18,717,6874,25,86879,0,0,0,0,0,A,3,Sox9+/Id2+ epithelial cell,44,18,3,3,3_4,AdventitialFib
A-1305,all,51,34,1452,5813,20,65990,0,0,0,0,0,A,6,CD8+ T cell,51,34,7,7,7_2,PatrolMac
A-1307,all,94,27,863,6094,16,71209,0,0,0,0,0,A,60,Alveolar fibroblast 1,56,26,2,2,2_2,InflamMac
A-1308,all,23,15,1896,7335,13,44301,0,0,0,0,0,A,14,Alveolar type 2 cell,44,16,3,3,3_5,SMC
A-1309,all,30,21,1845,5822,9,26119,0,0,0,0,0,A,2,Arterial endothelial cell,38,22,2,2,2_4,Artery
A-1310,all,17,12,448,7245,32,58977,0,0,0,0,0,A,4,Alveolar type 1 cell,38,13,3,3,3_1,SMC
A-1311,all,126,46,798,6282,22,94933,0,0,0,0,0,A,22,Alveolar type 1 cell,41,18,6,6,6,AT1
A-1314,all,51,35,1376,6289,34,48269,0,0,0,0,0,A,7,Pericyte,51,35,5,5,5_1,Pericyte
A-1315,all,64,31,914,7304,19,72796,0,0,0,0,0,A,26,Alveolar type 2 cell,56,31,1,1,1_3,AT2
A-1316,all,11,8,422,7014,5,10705,0,0,0,0,0,A,5,Inflammatory monocyte,31,8,2,2,2_2,InflamMac
A-1318,all,14,8,14,7290,5,21427,0,0,0,0,0,A,6,Mesothelial cell,30,8,3,3,3_4,AdventitialFib
A-1321,all,34,17,1414,6854,12,84521,0,0,0,0,0,A,20,Sox9+/Id2+ epithelial cell,41,17,2,2,2_3,Vein
A-1323,all,106,49,1582,6104,22,68920,0,0,0,0,0,A,9,Capillary 1 cell,57,36,2,2,2_3,Vein
A-1324,all,49,31,1033,6277,15,56065,0,0,0,0,0,A,3,Alveolar fibroblast 1,49,31,1,1,1_5_2,AlveolarFib
A-1325,all,27,14,1819,7338,18,33933,0,0,0,0,0,A,3,Alveolar fibroblast 1,40,15,1,1,1_5_1,LymphaticEndo
A-1326,all,37,20,1211,6936,17,126084,0,0,0,0,0,A,2,Alveolar fibroblast 1,43,21,1,1,1_4_1,AlveolarFib
A-1329,all,14,12,1743,7090,33,39275,0,0,0,0,0,A,5,CD4+ T cell,30,13,1,1,1_4_1,AlveolarFib
A-1330,all,25,18,1140,5871,33,46742,0,0,0,0,0,A,2,Capillary 1 cell,44,18,2,2,2_1,Capillary
A-1331,all,122,44,337,6951,9,79701,0,0,0,0,0,A,11,Interstitial macrophage,50,27,8,8,8_3,InterstitialMac
A-1333,all,24,11,1269,6974,8,39685,0,0,0,0,0,A,14,Pericyte,42,11,5,5,5_1,Pericyte
A-1335,all,59,31,1694,6378,34,54556,0,0,0,0,0,A,2,CD8+ T cell,57,31,6,6,6,AT1
A-1337,all,93,32,1184,6097,19,61825,0,0,0,0,0,A,48,Pericyte,56,30,2,2,2_5,DC
A-1338,all,45,15,1591,6940,34,45577,0,0,0,0,0,A,32,Sox9+/Id2+ epithelial cell,47,15,1,1,1_1,AT2
A-1340,all,12,11,852,5924,40,31101,0,0,0,0,0,A,2,Inflammatory monocyte,35,11,3,3,3_4,AdventitialFib
A-1343,all,16,11,537,7117,12,38694,0,0,0,0,0,A,2,Pericyte,32,11,8,8,8_1,AlveolarMac
A-1344,all,64,28,946,6489,25,85604,0,0,0,0,0,A,30,Alveolar type 2 cell,53,28,1,1,1_3,AT2
A-1345,all,111,48,1391,5703,26,66419,0,0,0,0,0,A,5,Inflammatory monocyte,49,30,2,2,2_2,InflamMac
A-1346,all,11,9,1066,7042,20,70507,0,0,0,0,0,A,2,Inflammatory monocyte,32,10,2,2,2_2,InflamMac
A-1348,all,17,15,783,6256,31,21126,0,0,0,0,0,A,8,Natural killer cell,35,16,2,2,2_5,DC
A-1349,all,86,40,1599,6273,30,59666,0,0,0,0,0,A,5,Capillary 1 cell,60,40,1,1,1_4_1,AlveolarFib
A-1350,all,65,24,868,6199,23,76782,0,0,0,0,0,A,36,Sox9+/Id2+ epithelial cell,51,24,1,1,1_1,AT2
A-1351,all,71,25,907,5712,23,73543,0,0,0,0,0,A,48,Alveolar type 2 cell,54,25,1,1,1_1,AT2
A-1352,all,39,23,1833,6117,25,52344,0,0,0,0,0,A,2,Pericyte,43,23,3,3,3_6,SCMF
A-1354,all,50,28,1842,7304,16,80938,0,0,0,0,0,A,4,Alveolar type 1 cell,50,28,1,1,1_5_2,AlveolarFib
A-1355,all,57,33,705,6468,33,46248,0,0,0,0,0,A,2,Capillary 1 cell,55,33,2,2,2_3,Vein
A-1356,all,58,21,1486,6269,32,49848,0,0,0,0,0,A,26,AT1/AT2,51,21,6,6,6,AT1
A-1358,all,59,35,830,6129,16,57925,0,0,0,0,0,A,10,Mesothelial cell,57,35,3,3,3_3,AdventitialFib
A-1359,all,63,17,699,6965,27,77046,0,0,0,0,0,A,51,Alveolar type 2 cell,52,17,1,1,1_1,AT2
A-1361,all,62,18,660,7169,33,125117,0,0,0,0,0,A,7,Alveolar type 1 cell,52,18,6,6,6,AT1
A-1362,all,105,50,1677,6157,33,69879,0,0,0,0,0,A,6,Inflammatory monocyte,61,40,2,2,2_3,Vein
A-1363,all,41,23,1391,5843,16,41026,0,0,0,0,0,A,7,Alveolar fibroblast 1,42,24,3,3,3_1,SMC
A-1366,all,34,19,0,7478,14,40788,0,0,0,0,0,A,4,Basophil,43,21,2,2,2_5,DC
A-1367,all,72,33,714,6809,33,95339,0,0,0,0,0,A,29,Pericyte,53,33,5,5,5_3,Pericyte
A-1370,all,95,39,560,6647,22,78176,0,0,0,0,0,A,18,Interstitial macrophage,63,38,8,8,8_3,InterstitialMac
A-1371,all,53,23,1927,7316,29,84549,0,0,0,0,0,A,28,AT1/AT2,51,23,1,1,1_3,AT2
A-1373,all,68,25,514,7072,29,80572,0,0,0,0,0,A,8,Alveolar type 1 cell,56,25,6,6,6,AT1
A-1374,all,168,50,1903,5859,19,80486,0,0,0,0,0,A,6,Capillary 1 cell,56,33,1,1,1_4_1,AlveolarFib
A-1380,all,35,14,669,7013,21,44207,0,0,0,0,0,A,13,Alveolar type 2 cell,43,14,6,6,6,AT1
A-1386,all,81,22,978,6506,25,60966,0,0,0,0,0,A,53,Alveolar type 2 cell,54,22,1,1,1_1,AT2
A-1388,all,88,40,1756,6102,25,78469,0,0,0,0,0,A,22,Sox9+/Id2+ epithelial cell,59,41,2,2,2_2,InflamMac
A-1389,all,83,39,1808,6271,35,70730,0,0,0,0,0,A,6,Alveolar fibroblast 1,62,39,1,1,1_5_1,LymphaticEndo
A-1390,all,46,30,578,7096,24,98269,0,0,0,0,0,A,9,Alveolar macrophage,46,30,8,8,8_1,AlveolarMac
A-1391,all,84,41,621,6682,11,87094,0,0,0,0,0,A,20,Alveolar fibroblast 2,60,41,3,3,3_3,AdventitialFib
A-1395,all,23,11,804,6459,17,31025,0,0,0,0,0,A,13,Sox9+/Id2+ epithelial cell,44,11,1,1,1_1,AT2
A-1398,all,92,39,1884,6056,32,92976,0,0,0,0,0,A,4,Alveolar type 1 cell,61,38,6,6,6,AT1
A-1400,all,43,25,1834,7401,31,41166,0,0,0,0,0,A,7,Proliferative mesenchymal progenitor cell,45,26,3,3,3_1,SMC
A-1407,all,41,24,1675,7086,20,57183,0,0,0,0,0,A,12,Sox9+/Id2+ epithelial cell,43,24,1,1,1_3,AT2
A-1408,all,44,24,1644,7139,15,68956,0,0,0,0,0,A,3,Sox9+/Id2+ epithelial cell,45,24,2,2,2_1,Capillary
A-1411,all,33,17,738,7139,33,85016,0,0,0,0,0,A,5,Alveolar type 2 cell,41,18,3,3,3_5,SMC
A-1412,all,19,16,1417,6744,23,118812,0,0,0,0,0,A,6,Alveolar type 1 cell,39,16,6,6,6,AT1
A-1417,all,51,14,1034,5991,24,40968,0,0,0,0,0,A,37,Alveolar type 2 cell,49,14,1,1,1_3,AT2
A-1418,all,17,14,1163,6009,22,28930,0,0,0,0,0,A,2,Capillary 1 cell,35,14,2,2,2_3,Vein
A-1419,all,92,45,955,5955,22,142809,0,0,0,0,0,A,28,Pericyte,63,44,5,5,5_3,Pericyte
A-1421,all,96,34,1785,6904,22,131101,0,0,0,0,0,A,44,Alveolar type 2 cell,58,33,1,1,1_3,AT2
A-1422,all,35,22,851,6160,16,48395,0,0,0,0,0,A,9,Sox9+/Id2+ epithelial cell,43,22,3,3,3_4,AdventitialFib
A-1426,all,17,4,692,7001,24,34340,0,0,0,0,0,A,14,Sox9+/Id2+ epithelial cell,37,4,1,1,1_1,AT2
A-1429,all,87,39,1339,6251,17,92993,0,0,0,0,0,A,9,Secondary crest myofibroblast,58,39,2,2,2_6,pDC
A-1432,all,44,27,1384,5792,36,21186,0,0,0,0,0,A,4,Alveolar type 1 cell,44,27,6,6,6,AT1
A-1433,all,27,20,1458,6519,22,45346,0,0,0,0,0,A,4,Inflammatory monocyte,38,21,3,3,3_5,SMC
A-1439,all,56,36,1203,6002,11,62943,0,0,0,0,0,A,3,CD8+ T cell,54,37,2,2,2_2,InflamMac
A-1440,all,63,28,1938,5912,22,42990,0,0,0,0,0,A,2,Endothelial progenitor cell,53,29,1,1,1_6_2,Neutrophil
A-1441,all,22,15,742,6101,32,16038,0,0,0,0,0,A,4,Interstitial macrophage,39,15,8,8,8_3,InterstitialMac
A-1443,all,26,16,1492,6515,20,49246,0,0,0,0,0,A,4,Inflammatory monocyte,40,18,2,2,2_5,DC
A-1447,all,88,31,1874,6489,30,46300,0,0,0,0,0,A,2,Inflammatory monocyte,58,32,2,2,2_5,DC
A-1448,all,72,36,868,6256,22,67222,0,0,0,0,0,A,11,Pericyte,52,36,5,5,5_3,Pericyte
A-1450,all,28,8,965,5903,29,31935,58,58,0,1,0,A,20,Sox9+/Id2+ epithelial cell,46,8,2,2,2_6,pDC
A-1453,all,34,13,656,7033,22,41695,0,0,0,0,0,A,3,Alveolar fibroblast 1,43,14,3,3,3_1,SMC
A-1461,all,99,46,2653,1893,30,49290,0,0,0,0,0,A,9,B cell,61,41,1,1,1_2_3,Tcell (CD4)
A-1462,all,111,62,2663,407,23,49753,0,0,0,0,0,A,12,Alveolar fibroblast 1,52,39,3,3,3_1,SMC
A-1463,all,186,68,3277,254,20,93389,0,0,0,0,0,A,28,CD4+ T cell,54,37,2,2,2_5,DC
A-1468,all,123,70,2913,667,19,51868,0,0,0,0,0,A,15,B cell,39,29,8,8,8_2,InterstitialMac
A-1469,all,69,26,2419,625,9,30762,0,0,0,0,0,A,35,Secretory cell,57,26,4,4,4_2,ClubEpi
A-1470,all,253,101,2161,1242,22,84424,0,0,0,0,0,A,70,Arterial endothelial cell,43,28,4,4,4_1_1,ClubEpi
A-1472,all,99,46,2202,1310,34,49228,0,0,0,0,0,A,8,CD8+ T cell,61,42,2,2,2_2,InflamMac
A-1473,all,136,46,3747,600,19,66912,0,0,0,0,0,A,29,Inflammatory monocyte,47,24,1,1,1_2_1,Tcell (CD4)
A-1474,all,204,67,2638,311,16,85568,0,0,0,0,0,A,10,CD4+ T cell,57,36,1,1,1_2_1,Tcell (CD4)
A-1475,all,95,36,3580,317,33,57756,0,0,0,0,0,A,5,CD8+ T cell,59,33,2,2,2_2,InflamMac
A-1477,all,209,76,2051,1213,33,52815,0,0,0,0,0,A,100,Endothelial progenitor cell,43,30,4,4,4_1_2,CiliatedEpi
A-1478,all,393,124,2843,1735,25,93317,0,0,0,0,0,A,196,Capillary 1 cell,40,17,4,4,4_1_2,ClubEpi
A-1479,all,58,34,2159,1550,15,38732,0,0,0,0,0,A,7,T regulatory cell,55,34,1,1,1_2_1,Tcell (CD4)
A-1482,all,315,110,3122,665,18,80460,0,0,0,0,0,A,119,Alveolar fibroblast 2,48,32,4,4,4_1_1,ClubEpi
A-1483,all,39,23,3147,473,10,35053,0,0,0,0,0,A,4,Alveolar macrophage,41,23,1,1,1_2_3,Tcell (CD4)
A-1485,all,92,41,2258,1691,14,72294,0,0,0,0,0,A,7,CD8+ T cell,59,41,2,2,2_2,InflamMac
A-1486,all,145,55,3402,332,19,93187,0,0,0,0,0,A,11,CD4+ T cell,53,34,3,3,3_6,SCMF
A-1489,all,214,91,2375,379,33,57957,0,0,0,0,0,A,82,Venous endothelial cell,50,32,4,4,4_1_1,ClubEpi
A-1491,all,19,8,3619,38,25,48048,0,0,0,0,0,A,4,Inflammatory monocyte,38,8,1,1,1_2_3,Tcell (CD4)
A-1492,all,15,8,2837,54,7,13339,0,0,0,0,0,A,2,Proliferative mesenchymal progenitor cell,32,8,1,1,1_5_2,AlveolarFib
A-1494,all,72,33,2930,27,38,31028,0,0,0,0,0,A,10,CD4+ T cell,55,34,3,3,3_2,SMC
A-1496,all,82,28,2720,1857,20,43865,0,0,0,0,0,A,3,Sox9+/Id2+ epithelial cell,56,29,2,2,2_2,InflamMac
A-1497,all,113,48,3225,340,18,64160,0,0,0,0,0,A,15,Mesothelial cell,50,29,3,3,3_3,AdventitialFib
A-1500,all,31,12,3565,55,23,63453,0,0,0,0,0,A,6,Alveolar fibroblast 1,41,13,3,3,3_2,SMC
A-1502,all,67,35,2568,1311,28,32093,0,0,0,0,0,A,8,Alveolar macrophage,59,35,3,3,3_3,AdventitialFib
A-1503,all,10,7,2228,1767,14,28229,0,0,0,0,0,A,2,Alveolar type 1 cell,29,7,1,1,1_2_3,Tcell (CD4)
A-1504,all,261,85,3677,753,32,70216,0,0,0,0,0,A,90,Venous endothelial cell,47,31,4,4,4_1_1,ClubEpi
A-1506,all,168,50,2519,1876,27,102937,0,0,0,0,0,A,11,Inflammatory monocyte,48,27,1,1,1_2_1,Tcell (CD4)
A-1509,all,37,22,2031,1371,13,36890,0,0,0,0,0,A,5,Inflammatory monocyte,41,22,1,1,1_2_1,Tcell (CD4)
A-1511,all,46,25,2872,79,15,23111,0,0,0,0,0,A,6,Alveolar type 1 cell,49,26,3,3,3_2,SMC
A-1515,all,151,55,3469,173,23,98807,0,0,0,0,0,A,23,CD4+ T cell,53,34,1,1,1_4_1,AlveolarFib
A-1517,all,33,21,2343,1413,35,19639,0,0,0,0,0,A,2,B cell,40,21,9,9,9,Bcell
A-1518,all,68,34,2094,1453,27,43175,0,0,0,0,0,A,5,CD8+ T cell,55,35,2,2,2_2,InflamMac
A-1520,all,94,45,3250,427,28,48546,0,0,0,0,0,A,4,Proliferative mesenchymal progenitor cell,64,44,3,3,3_3,AdventitialFib
A-1522,all,145,40,2840,1823,13,37252,0,0,0,0,0,A,77,Venous endothelial cell,58,39,4,4,4_2,CiliatedEpi
A-1524,all,62,30,3128,170,33,49685,0,0,0,0,0,A,15,Secondary crest myofibroblast,59,31,3,3,3_2,SMC
A-1526,all,60,30,2051,16,18,74853,0,0,0,0,0,A,6,CD4+ T cell,56,30,1,1,1_2_1,Tcell (CD4)
A-1529,all,111,53,3679,714,27,47988,0,0,0,0,0,A,41,Venous endothelial cell,66,52,4,4,4_1_1,CiliatedEpi
A-1530,all,47,31,2569,236,36,31049,0,0,0,0,0,A,3,Alveolar fibroblast 1,48,32,1,1,1_4_1,AlveolarFib
A-1532,all,48,24,2555,33,17,43779,0,0,0,0,0,A,7,CD4+ T cell,48,24,1,1,1_2_1,Tcell (CD4)
A-1533,all,105,41,2254,391,15,73103,0,0,0,0,0,A,21,CD4+ T cell,55,28,2,2,2_2,InflamMac
A-1534,all,99,52,2632,406,33,55684,0,0,0,0,0,A,13,Inflammatory monocyte,61,49,7,7,7_3,Tcell (CD8)
A-1546,all,322,84,2423,1215,16,95685,0,0,0,0,0,A,147,Secretory cell,47,21,4,4,4_2,ClubEpi
A-1547,all,94,43,2536,135,15,63685,0,0,0,0,0,A,17,Alveolar fibroblast 1,59,43,3,3,3_5,SMC
A-1550,all,39,22,3204,190,8,21406,0,0,0,0,0,A,2,CD4+ T cell,42,22,1,1,1_2_1,Tcell (CD4)
A-1552,all,67,29,2367,117,38,40945,0,0,0,0,0,A,9,CD8+ T cell,56,29,1,1,1_2_3,Tcell (CD4)
A-1558,all,33,18,2305,1371,7,23744,0,0,0,0,0,A,6,Sox9+/Id2+ epithelial cell,42,18,1,1,1_2_3,Tcell (CD4)
A-1560,all,33,17,3411,458,38,24781,0,0,0,0,0,A,4,CD4+ T cell,40,18,3,3,3_5,SMC
A-1563,all,65,25,2745,1767,17,31118,0,0,0,0,0,A,9,Inflammatory monocyte,54,25,1,1,1_2_1,Tcell (CD4)
A-1564,all,388,115,2215,1242,27,95537,0,0,0,0,0,A,128,Endothelial progenitor cell,44,26,4,4,4_1_2,ClubEpi
A-1565,all,26,17,3199,535,38,16665,0,0,0,0,0,A,3,Proliferative mesenchymal progenitor cell,38,18,3,3,3_1,SMC
A-1570,all,89,41,2109,177,28,83039,0,0,0,0,0,A,8,Inflammatory monocyte,63,41,1,1,1_2_3,Tcell (CD4)
A-1571,all,230,107,2680,465,34,56351,0,0,0,0,0,A,65,Venous endothelial cell,50,43,4,4,4_1_1,ClubEpi
A-1573,all,60,32,1994,426,35,38657,0,0,0,0,0,A,6,Ciliated cell,57,32,1,1,1_2_3,Tcell (CD4)
A-1574,all,82,37,2665,186,39,31179,0,0,0,0,0,A,9,Inflammatory monocyte,57,37,1,1,1_2_3,Tcell (CD4)
A-1576,all,64,38,2557,467,34,21397,0,0,0,0,0,A,31,CD8+ T cell,48,36,4,4,4_1_1,CiliatedEpi
A-1577,all,233,92,3334,600,23,100737,0,0,0,0,0,A,100,Venous endothelial cell,52,40,4,4,4_1_1,CiliatedEpi
A-1578,all,376,111,2857,1781,20,94593,0,0,0,0,0,A,154,Ciliated cell,37,26,4,4,4_1_2,CiliatedEpi
A-1579,all,25,12,3163,563,13,14348,0,0,0,0,0,A,4,Secondary crest myofibroblast,41,12,3,3,3_4,AdventitialFib
A-1580,all,209,92,2990,667,29,63562,0,0,0,0,0,A,67,Ciliated cell,54,49,4,4,4_1_1,CiliatedEpi
A-1582,all,183,61,2465,1577,29,83972,0,0,0,0,0,A,16,Inflammatory monocyte,56,37,1,1,1_2_1,Tcell (CD4)
A-1583,all,142,62,3438,266,21,120235,0,0,0,0,0,A,25,Inflammatory monocyte,45,29,1,1,1_2_1,Tcell (CD4)
A-1586,all,76,37,3096,557,30,78548,0,0,0,0,0,A,7,Alveolar macrophage,57,37,1,1,1_5_2,AlveolarFib
A-1587,all,320,108,3076,647,20,94605,0,0,0,0,0,A,103,Venous endothelial cell,47,38,4,4,4_1_1,ClubEpi
A-1588,all,110,51,3695,83,24,79936,0,0,0,0,0,A,15,Inflammatory monocyte,57,36,1,1,1_2_1,Tcell (CD4)
A-1589,all,249,100,2853,533,33,64414,0,0,0,0,0,A,76,Ciliated cell,46,36,4,4,4_1_1,ClubEpi
A-1590,all,90,42,2516,1385,37,41817,0,0,0,0,0,A,6,CD4+ T cell,59,40,5,5,5_3,Pericyte
A-1591,all,72,48,3015,562,38,16590,0,0,0,0,0,A,23,Inflammatory monocyte,63,47,4,4,4_1_1,CiliatedEpi
A-1592,all,103,56,2581,449,19,52211,0,0,0,0,0,A,25,Arterial endothelial cell,62,45,4,4,4_1_1,ClubEpi
A-1594,all,301,97,2245,1285,31,98833,0,0,0,0,0,A,118,Capillary 1 cell,49,34,1,1,1_2_1,Tcell (CD4)
A-1595,all,163,62,3140,276,26,117260,0,0,0,0,0,A,38,Inflammatory monocyte,50,33,3,3,3_2,SMC
A-1596,all,185,65,2881,718,9,39671,0,0,0,0,0,A,50,Inflammatory monocyte,52,30,4,4,4_1_1,CiliatedEpi
A-1600,all,56,26,2641,1539,38,26196,0,0,0,0,0,A,3,Proliferative mesenchymal progenitor cell,54,26,1,1,1_2_1,Tcell (CD4)
A-1601,all,126,56,2064,1514,33,65895,0,0,0,0,0,A,16,Classical DC subset 2,44,31,1,1,1_2_1,Tcell (CD4)
A-1603,all,220,69,3567,716,24,91597,14916,0,14916,0,1,A,77,B cell,52,31,1,1,1_2_3,Tcell (CD4)
A-1605,all,100,40,3089,184,26,48512,50,0,50,0,1,A,9,Inflammatory monocyte,60,36,3,3,3_6,SCMF
A-1606,all,77,38,2212,1572,17,49780,0,0,0,0,0,A,4,CD8+ T cell,55,38,6,6,6,AT1
A-1611,all,10,8,3103,397,31,8978,0,0,0,0,0,A,4,Sox9+/Id2+ epithelial cell,28,8,1,1,1_2_3,Tcell (CD4)
A-1612,all,150,55,2452,1645,29,70575,0,0,0,0,0,A,12,Alveolar fibroblast 1,47,27,1,1,1_2_1,Tcell (CD4)
A-1613,all,99,48,2487,320,29,54011,0,0,0,0,0,A,8,Ciliated cell,61,44,3,3,3_4,AdventitialFib
A-1615,all,237,73,3568,637,17,63081,0,0,0,0,0,A,157,Venous endothelial cell,49,29,4,4,4_1_1,CiliatedEpi
A-1617,all,374,105,2123,1257,32,76290,0,0,0,0,0,A,194,Secretory cell,44,18,4,4,4_2,ClubEpi
A-1619,all,50,26,2316,80,39,42766,0,0,0,0,0,A,3,Inflammatory monocyte,50,26,1,1,1_2_1,Tcell (CD4)
A-1625,all,53,25,3392,24,19,33612,0,0,0,0,0,A,10,Inflammatory monocyte,52,25,1,1,1_2_1,Tcell (CD4)
A-1626,all,23,12,3494,9,14,27894,0,0,0,0,0,A,2,Alveolar macrophage,40,12,1,1,1_2_3,Tcell (CD4)
A-1629,all,75,34,2869,197,14,50664,0,0,0,0,0,A,24,Secondary crest myofibroblast,55,35,3,3,3_2,SMC
A-1631,all,174,67,2867,1861,18,78456,0,0,0,0,0,A,40,Endothelial progenitor cell,46,29,4,4,4_1_1,CiliatedEpi
A-1632,all,196,77,2840,682,14,48836,0,0,0,0,0,A,65,Venous endothelial cell,54,37,4,4,4_1_1,ClubEpi
A-1635,all,180,55,2756,1802,24,88035,0,0,0,0,0,A,42,Inflammatory monocyte,56,34,1,1,1_2_3,Tcell (CD4)
A-1637,all,23,12,2227,48,19,31869,0,0,0,0,0,A,4,CD8+ T cell,42,13,2,2,2_2,InflamMac
A-1643,all,141,76,3152,622,24,54750,0,0,0,0,0,A,44,Venous endothelial cell,40,34,4,4,4_1_1,CiliatedEpi
A-1645,all,72,37,3082,412,35,32472,0,0,0,0,0,A,10,Vascular smooth muscle cell,55,37,3,3,3_6,SCMF
A-1646,all,261,66,1963,1940,28,117255,0,0,0,0,0,A,19,Inflammatory monocyte,52,32,1,1,1_2_3,Tcell (CD4)
A-1648,all,167,66,3301,433,31,70231,0,0,0,0,0,A,9,Capillary 1 cell,47,30,3,3,3_3,AdventitialFib
A-1649,all,39,24,3186,433,40,27908,0,0,0,0,0,A,4,Alveolar macrophage,43,24,3,3,3_3,AdventitialFib
A-1651,all,333,97,3738,824,22,73320,63479,24122,39612,0.378479305,0.621520695,A,73,Endothelial progenitor cell,50,28,4,4,4_1_1,CiliatedEpi
A-1652,all,29,17,1991,1381,9,28134,0,0,0,0,0,A,7,CD4+ T cell,38,17,1,1,1_2_1,Tcell (CD4)
A-1654,all,130,57,2584,155,28,62989,0,0,0,0,0,A,19,Inflammatory monocyte,50,34,1,1,1_4_1,AlveolarFib
A-1655,all,144,74,2699,555,22,54095,0,0,0,0,0,A,50,Venous endothelial cell,43,27,4,4,4_1_1,ClubEpi
A-1658,all,112,56,2698,1468,22,66025,0,0,0,0,0,A,27,Inflammatory monocyte,65,50,4,4,4_1_1,CiliatedEpi
A-1661,all,122,43,2293,288,13,88074,0,0,0,0,0,A,30,Inflammatory monocyte,49,28,1,1,1_2_1,Tcell (CD4)
A-1662,all,69,31,2512,290,35,34304,0,0,0,0,0,A,14,CD4+ T cell,55,31,1,1,1_2_1,Tcell (CD4)
A-1663,all,142,54,2525,1423,18,66971,0,0,0,0,0,A,12,B cell,51,35,1,1,1_4_1,AlveolarFib
A-1664,all,114,52,2287,349,34,48714,0,0,0,0,0,A,8,Inflammatory monocyte,44,29,1,1,1_2_3,Tcell (CD4)
A-1665,all,177,54,2403,1768,21,76818,0,0,0,0,0,A,12,Alveolar type 1 cell,49,29,6,6,6,AT1
A-1667,all,280,84,2590,282,22,124173,0,0,0,0,0,A,24,CD4+ T cell,52,38,1,1,1_2_1,Tcell (CD4)
A-1669,all,216,73,3348,433,24,92457,0,0,0,0,0,A,21,Alveolar fibroblast 1,53,41,1,1,1_5_2,AlveolarFib
A-1670,all,143,50,2494,99,21,89103,0,0,0,0,0,A,14,Capillary 2 cell,49,28,1,1,1_2_1,Tcell (CD4)
A-1672,all,92,47,3621,658,24,51166,0,0,0,0,0,A,47,Venous endothelial cell,57,46,4,4,4_2,CiliatedEpi
A-1674,all,82,34,2714,1803,9,40909,0,0,0,0,0,A,4,Inflammatory monocyte,57,34,1,1,1_2_1,Tcell (CD4)
A-1675,all,116,45,3322,495,32,41742,0,0,0,0,0,A,6,CD4+ T cell,52,28,9,9,9,Bcell
A-1677,all,41,14,2507,158,14,26056,0,0,0,0,0,A,24,Inflammatory monocyte,45,14,1,1,1_2_3,Tcell (CD4)
A-1678,all,38,26,3097,80,35,35223,0,0,0,0,0,A,5,Secondary crest myofibroblast,43,27,3,3,3_5,SMC
A-1680,all,52,30,3353,567,37,25289,0,0,0,0,0,A,3,CD4+ T cell,52,30,1,1,1_2_1,Tcell (CD4)
A-1681,all,57,36,3139,598,20,29387,0,0,0,0,0,A,13,Secretory cell,57,37,3,3,3_1,SMC
A-1683,all,106,49,2534,1208,23,62659,0,0,0,0,0,A,34,Secondary crest myofibroblast,54,37,3,3,3_5,SMC
A-1684,all,178,68,2104,1368,33,74962,0,0,0,0,0,A,19,Alveolar fibroblast 1,51,36,1,1,1_4_1,AlveolarFib
A-1685,all,129,50,2462,1389,18,74783,0,0,0,0,0,A,21,Alveolar fibroblast 2,45,27,5,5,5_3,Pericyte
A-1686,all,105,46,1959,1210,25,77275,0,0,0,0,0,A,17,CD4+ T cell,60,37,3,3,3_2,SMC
A-1687,all,53,24,2691,1850,7,31336,0,0,0,0,0,A,3,CD4+ T cell,52,24,1,1,1_5_2,AlveolarFib
A-1688,all,128,47,3421,400,19,79769,0,0,0,0,0,A,8,CD8+ T cell,48,29,2,2,2_5,DC
A-1689,all,344,102,3483,650,29,89500,0,0,0,0,0,A,139,Endothelial progenitor cell,50,33,4,4,4_1_1,CiliatedEpi
A-1694,all,69,32,1958,1331,30,47629,0,0,0,0,0,A,10,Inflammatory monocyte,54,32,1,1,1_2_3,Tcell (CD4)
A-1695,all,51,25,3316,398,23,35494,0,0,0,0,0,A,5,T regulatory cell,51,25,1,1,1_2_3,Tcell (CD4)
A-1696,all,238,98,2894,1813,33,52252,0,0,0,0,0,A,78,Ciliated cell,50,40,4,4,4_1_1,CiliatedEpi
A-1697,all,49,24,3707,197,36,29752,0,0,0,0,0,A,7,Inflammatory monocyte,51,25,3,3,3_2,SMC
A-1698,all,89,55,2674,539,22,29444,0,0,0,0,0,A,27,Arterial endothelial cell,66,54,4,4,4_1_1,ClubEpi
A-1699,all,181,82,2677,1368,22,68387,0,0,0,0,0,A,34,Secretory cell,49,34,4,4,4_1_1,ClubEpi
A-1700,all,273,95,2616,1255,24,86072,0,0,0,0,0,A,125,Alveolar fibroblast 2,48,28,4,4,4_1_2,ClubEpi
A-1701,all,148,62,2074,1313,31,75850,0,0,0,0,0,A,15,Inflammatory monocyte,49,33,3,3,3_5,SMC
A-1703,all,433,128,3193,632,25,101068,0,0,0,0,0,A,172,Venous endothelial cell,49,38,4,4,4_1_1,ClubEpi
A-1707,all,170,79,2719,1494,23,50888,0,0,0,0,0,A,59,Endothelial progenitor cell,40,25,4,4,4_1_1,CiliatedEpi
A-1709,all,49,26,1986,1187,31,45132,0,0,0,0,0,A,4,CD4+ T cell,49,26,1,1,1_2_3,Tcell (CD4)
A-1710,all,30,18,3144,238,30,21721,0,0,0,0,0,A,5,CD4+ T cell,41,19,3,3,3_2,SMC
A-1713,all,108,40,2285,1502,10,54665,0,0,0,0,0,A,8,CD8+ T cell,53,29,6,6,6,AT1
A-1716,all,260,71,2016,1870,27,112503,0,0,0,0,0,A,20,Inflammatory monocyte,46,33,1,1,1_2_3,Tcell (CD4)
A-1717,all,155,74,2932,1842,34,42828,0,0,0,0,0,A,47,Venous endothelial cell,45,28,4,4,4_1_1,ClubEpi
A-1718,all,169,44,2368,1658,24,84673,0,0,0,0,0,A,4,CD4+ T cell,52,27,1,1,1_2_1,Tcell (CD4)
A-1719,all,274,93,2822,1695,27,61658,0,0,0,0,0,A,89,Arterial endothelial cell,52,43,4,4,4_1_1,CiliatedEpi
A-1721,all,26,17,3687,684,22,25485,0,0,0,0,0,A,3,Alveolar macrophage,46,17,3,3,3_4,AdventitialFib
A-1723,all,108,57,2941,687,12,42485,0,0,0,0,0,A,25,Venous endothelial cell,58,40,4,4,4_1_1,ClubEpi
A-1724,all,329,93,2438,1286,24,126644,0,0,0,0,0,A,110,Secretory cell,42,28,4,4,4_1_3,ClubEpi
A-1725,all,192,62,3285,491,20,85860,0,0,0,0,0,A,8,CD8+ T cell,57,40,1,1,1_2_1,Tcell (CD4)
A-1727,all,82,36,3233,482,9,47536,0,0,0,0,0,A,12,Inflammatory monocyte,58,36,1,1,1_2_3,Tcell (CD4)
A-1730,all,445,134,3243,613,23,124490,0,0,0,0,0,A,214,Arterial endothelial cell,42,25,4,4,4_1_1,ClubEpi
A-1735,all,74,31,2125,1469,34,29987,0,0,0,0,0,A,4,T regulatory cell,56,31,1,1,1_2_1,Tcell (CD4)
A-1736,all,246,118,3749,867,35,61881,1744,0,1744,0,1,A,54,Alveolar fibroblast 2,52,46,4,4,4_1_1,ClubEpi
A-1737,all,10,5,2419,414,24,12822,0,0,0,0,0,A,7,CD4+ T cell,28,6,3,3,3_2,SMC
A-1738,all,43,21,3565,582,12,23706,0,0,0,0,0,A,25,Ciliated cell,44,21,4,4,4_1_2,ClubEpi
A-1740,all,212,89,2384,328,27,80132,0,0,0,0,0,A,85,Arterial endothelial cell,46,33,1,1,1_2_1,Tcell (CD4)
A-1743,all,344,129,2944,637,33,82483,0,0,0,0,0,A,105,Ciliated cell,42,34,4,4,4_1_1,ClubEpi
A-1745,all,129,69,3111,612,21,82596,0,0,0,0,0,A,34,Ciliated cell,38,27,4,4,4_1_1,CiliatedEpi
A-1747,all,66,36,2971,706,8,15476,0,0,0,0,0,A,21,Endothelial progenitor cell,59,36,4,4,4_1_2,ClubEpi
A-1750,all,41,17,2103,381,14,22172,0,0,0,0,0,A,5,CD4+ T cell,44,18,1,1,1_4_1,AlveolarFib
A-1752,all,124,49,3638,185,33,77444,0,0,0,0,0,A,34,Inflammatory monocyte,44,25,1,1,1_2_3,Tcell (CD4)
A-1753,all,62,29,2219,328,31,34275,0,0,0,0,0,A,4,Proliferative mesenchymal progenitor cell,54,29,3,3,3_3,AdventitialFib
A-1754,all,37,19,2519,52,18,44021,0,0,0,0,0,A,5,Mesothelial cell,41,19,9,9,9,Bcell
A-1755,all,50,32,3103,127,33,54967,0,0,0,0,0,A,14,Vascular smooth muscle cell,51,33,3,3,3_2,SMC
A-1756,all,116,73,2867,599,38,27570,0,0,0,0,0,A,35,Venous endothelial cell,50,38,4,4,4_1_1,ClubEpi
A-1757,all,123,51,2045,443,28,87871,0,0,0,0,0,A,5,Alveolar fibroblast 1,43,30,1,1,1_4_1,AlveolarFib
A-1760,all,105,51,1992,1247,33,61284,0,0,0,0,0,A,8,Inflammatory monocyte,60,42,1,1,1_2_3,Tcell (CD4)
A-1761,all,168,77,2650,519,32,44603,0,0,0,0,0,A,46,Pericyte,47,32,1,1,1_2_3,Tcell (CD4)
A-1762,all,389,134,3033,667,26,100135,0,0,0,0,0,A,131,Venous endothelial cell,43,34,4,4,4_1_1,ClubEpi
A-1763,all,116,50,2419,492,21,92297,0,0,0,0,0,A,28,Alveolar type 1 cell,47,32,1,1,1_2_1,Tcell (CD4)
A-1765,all,30,17,2500,458,32,23143,0,0,0,0,0,A,7,B cell,40,18,3,3,3_5,SMC
A-1766,all,76,48,2585,1267,32,47065,0,0,0,0,0,A,22,Capillary 1 cell,60,48,1,1,1_3,AT2
A-1769,all,52,24,2215,76,21,43348,0,0,0,0,0,A,6,CD4+ T cell,52,24,1,1,1_2_1,Tcell (CD4)
A-1770,all,200,91,2459,603,22,48838,0,0,0,0,0,A,68,Endothelial progenitor cell,45,36,4,4,4_1_1,CiliatedEpi
A-1771,all,375,125,3393,614,24,90675,0,0,0,0,0,A,159,Venous endothelial cell,41,32,4,4,4_1_1,CiliatedEpi
A-1772,all,46,23,2221,359,36,27121,0,0,0,0,0,A,6,CD4+ T cell,49,24,3,3,3_2,SMC
A-1774,all,95,39,3215,376,19,45457,0,0,0,0,0,A,15,Proliferative mesenchymal progenitor cell,62,38,3,3,3_3,AdventitialFib
A-1776,all,168,67,2918,543,30,81451,0,0,0,0,0,A,36,Ciliated cell,49,34,4,4,4_1_1,ClubEpi
A-1777,all,83,55,3022,596,28,36291,0,0,0,0,0,A,24,Capillary 1 cell,60,54,4,4,4_1_1,CiliatedEpi
A-1778,all,52,28,3035,418,19,35938,0,0,0,0,0,A,5,Proliferative mesenchymal progenitor cell,53,29,3,3,3_2,SMC
A-1785,all,89,52,2476,385,20,86606,0,0,0,0,0,A,36,Natural killer cell,65,50,1,1,1_2_1,Tcell (CD4)
A-1786,all,111,51,2171,196,16,102190,0,0,0,0,0,A,20,Alveolar fibroblast 1,57,37,1,1,1_5_1,LymphaticEndo
A-1788,all,36,23,3067,160,20,19703,0,0,0,0,0,A,9,CD4+ T cell,39,24,3,3,3_2,SMC
A-1789,all,46,23,3441,540,35,39178,0,0,0,0,0,A,9,CD4+ T cell,46,23,1,1,1_2_3,Tcell (CD4)
A-1792,all,170,51,2081,1479,26,84344,0,0,0,0,0,A,41,Alveolar type 1 cell,52,31,6,6,6,AT1
A-1793,all,428,139,2602,1186,26,110262,0,0,0,0,0,A,113,Venous endothelial cell,43,36,4,4,4_1_1,ClubEpi
A-1794,all,120,46,3031,390,22,66969,0,0,0,0,0,A,6,CD8+ T cell,46,28,2,2,2_2,InflamMac
A-1798,all,205,85,3291,618,28,55928,0,0,0,0,0,A,69,Alveolar fibroblast 1,52,35,4,4,4_1_1,ClubEpi
A-1799,all,451,124,3703,798,20,113468,1179,343,581,0.371212121,0.628787879,A,152,Arterial endothelial cell,44,34,4,4,4_1_1,CiliatedEpi
A-1800,all,190,79,2807,638,15,63592,0,0,0,0,0,A,80,Ciliated cell,39,29,4,4,4_1_1,CiliatedEpi
A-1801,all,79,35,3108,233,16,48074,0,0,0,0,0,A,23,Airway smooth muscle cell,57,36,3,3,3_2,SMC
A-1802,all,160,66,2152,1348,33,85071,0,0,0,0,0,A,42,Alveolar fibroblast 1,47,31,1,1,1_2_1,Tcell (CD4)
A-1804,all,284,97,2909,1902,21,68900,0,0,0,0,0,A,127,Arterial endothelial cell,46,28,4,4,4_1_2,ClubEpi
A-1805,all,200,72,2783,536,31,88464,0,0,0,0,0,A,40,Secretory cell,51,32,4,4,4_1_3,ClubEpi
A-1807,all,59,30,1988,1452,16,47369,0,0,0,0,0,A,8,Alveolar macrophage,56,30,1,1,1_2_3,Tcell (CD4)
A-1808,all,61,34,1959,1136,36,40688,0,0,0,0,0,A,7,Alveolar fibroblast 1,56,35,3,3,3_5,SMC
A-1812,all,21,15,3372,286,36,14664,0,0,0,0,0,A,4,Proliferative mesenchymal progenitor cell,41,15,7,7,7_3,Tcell (CD8)
A-1813,all,150,77,2991,612,29,69080,0,0,0,0,0,A,42,Venous endothelial cell,39,31,4,4,4_1_1,CiliatedEpi
A-1818,all,165,45,3524,595,18,94497,0,0,0,0,0,A,102,B cell,60,46,4,4,4_2,CiliatedEpi
A-1825,all,316,105,2767,1559,25,71724,0,0,0,0,0,A,96,Ciliated cell,44,36,4,4,4_1_2,CiliatedEpi
A-1827,all,69,38,3389,425,34,26605,0,0,0,0,0,A,7,Inflammatory monocyte,56,39,2,2,2_2,InflamMac
A-1829,all,55,42,2569,1201,21,22640,0,0,0,0,0,A,8,Inflammatory monocyte,59,44,2,2,2_5,DC
A-1830,all,169,89,2541,511,24,65229,0,0,0,0,0,A,53,Alveolar fibroblast 1,46,36,4,4,4_1_1,ClubEpi
A-1831,all,31,19,2797,1701,33,12708,0,0,0,0,0,A,19,Capillary 1 cell,37,19,4,4,4_1_2,CiliatedEpi
A-1832,all,14,10,3114,389,27,11467,0,0,0,0,0,A,7,Inflammatory monocyte,33,11,2,2,2_2,InflamMac
A-1835,all,136,48,2722,1913,38,64629,0,0,0,0,0,A,6,Inflammatory monocyte,45,20,1,1,1_2_1,Tcell (CD4)
A-1837,all,73,37,3360,5,23,56820,0,0,0,0,0,A,7,Pulmonary neuroendocrine cell,56,38,2,2,2_2,InflamMac
A-1838,all,140,63,2612,1374,19,71348,0,0,0,0,0,A,12,Alveolar macrophage,44,25,3,3,3_5,SMC
A-1839,all,112,51,2848,239,25,86551,0,0,0,0,0,A,18,Vascular smooth muscle cell,44,27,3,3,3_5,SMC
A-1844,all,87,59,2718,532,37,23292,0,0,0,0,0,A,15,Arterial endothelial cell,68,60,1,1,1_6_2,Neutrophil
A-1854,all,159,79,2597,483,27,53459,0,0,0,0,0,A,52,Endothelial progenitor cell,44,34,4,4,4_1_1,CiliatedEpi
A-1856,all,151,57,2407,1606,19,88912,0,0,0,0,0,A,14,Arterial endothelial cell,52,33,1,1,1_4_1,AlveolarFib
A-1857,all,91,57,2471,502,33,36140,0,0,0,0,0,A,30,Secretory cell,70,57,9,9,9,Bcell
A-1860,all,18,6,2484,1207,18,21732,0,0,0,0,0,A,2,T regulatory cell,35,7,1,1,1_6_2,Neutrophil
A-1866,all,70,46,2587,373,40,17990,0,0,0,0,0,A,24,Alveolar fibroblast 1,62,46,4,4,4_1_3,ClubEpi
A-1869,all,74,35,2067,400,8,45665,54,0,54,0,1,A,5,Capillary 2 cell,56,36,1,1,1_4_1,AlveolarFib
A-1870,all,169,76,2677,435,27,40713,0,0,0,0,0,A,47,Arterial endothelial cell,46,32,3,3,3_3,AdventitialFib
A-1871,all,56,30,2250,320,30,39019,0,0,0,0,0,A,11,Alveolar type 1 cell,54,30,6,6,6,AT1
A-1873,all,168,81,2870,674,16,34929,0,0,0,0,0,A,52,Venous endothelial cell,46,36,4,4,4_1_1,CiliatedEpi
A-1874,all,21,12,2640,1421,34,28784,0,0,0,0,0,A,2,Natural killer cell,37,13,1,1,1_6_2,Neutrophil
A-1875,all,15,12,3129,318,37,9544,0,0,0,0,0,A,2,Secondary crest myofibroblast,31,12,3,3,3_6,SCMF
A-1877,all,26,15,2140,322,34,18159,0,0,0,0,0,A,4,CD4+ T cell,43,15,1,1,1_2_1,Tcell (CD4)
A-1879,all,40,21,2637,1502,38,17528,0,0,0,0,0,A,3,CD4+ T cell,43,22,1,1,1_4_1,AlveolarFib
A-1880,all,113,56,2935,1880,33,35519,0,0,0,0,0,A,50,Arterial endothelial cell,63,54,4,4,4_1_2,CiliatedEpi
A-1885,all,31,20,1834,1523,24,18234,0,0,0,0,0,A,3,Inflammatory monocyte,39,20,1,1,1_2_1,Tcell (CD4)
A-1889,all,97,50,2653,1391,26,56535,0,0,0,0,0,A,12,Inflammatory monocyte,65,48,1,1,1_2_3,Tcell (CD4)
A-1890,all,124,59,2676,387,20,55898,0,0,0,0,0,A,25,Alveolar fibroblast 2,42,25,3,3,3_3,AdventitialFib
A-1892,all,32,24,2985,7,36,25048,0,0,0,0,0,A,6,Alveolar macrophage,40,25,3,3,3_2,SMC
A-1895,all,74,50,2840,624,33,17684,0,0,0,0,0,A,18,Ciliated cell,61,49,4,4,4_1_1,CiliatedEpi
A-1897,all,64,31,2670,1939,24,51496,0,0,0,0,0,A,18,B cell,58,31,1,1,1_2_1,Tcell (CD4)
A-1900,all,225,85,3517,3684,27,92390,0,0,0,0,0,A,69,Alveolar fibroblast 1,53,36,7,7,7_3,Tcell (CD8)
A-1901,all,76,32,3213,3243,16,62880,0,0,0,0,0,A,5,Neutrophil,53,33,2,2,2_2,InflamMac
A-1902,all,89,43,2353,3788,37,38397,0,0,0,0,0,A,6,Capillary 1 cell,61,44,2,2,2_1,Capillary
A-1903,all,64,43,3169,2191,31,34992,0,0,0,0,0,A,4,Natural killer cell,56,43,7,7,7_2,PatrolMac
A-1904,all,50,27,3232,2171,18,42283,0,0,0,0,0,A,3,Natural killer cell,52,28,2,2,2_2,InflamMac
A-1908,all,192,64,2470,2681,12,85370,52,0,52,0,1,A,25,Alveolar fibroblast 1,52,26,1,1,1_4_1,AlveolarFib
A-1909,all,42,22,2303,2687,34,31108,0,0,0,0,0,A,5,CD4+ T cell,43,22,1,1,1_2_1,Tcell (CD4)
A-1910,all,128,34,3697,2157,25,55073,0,0,0,0,0,A,91,CD4+ T cell,46,14,1,1,1_1,AT2
A-1911,all,113,19,3175,2026,36,38381,0,0,0,0,0,A,89,Ciliated cell,43,18,4,4,4_2,CiliatedEpi
A-1913,all,49,28,3416,3607,16,24464,0,0,0,0,0,A,11,Natural killer cell,49,28,7,7,7_3,Tcell (CD8)
A-1914,all,314,87,2912,3623,21,122252,0,0,0,0,0,A,66,Inflammatory monocyte,48,22,7,7,7_3,Tcell (CD8)
A-1916,all,107,40,3360,3011,18,43133,52,0,52,0,1,A,18,Alveolar fibroblast 1,56,28,2,2,2_4,Artery
A-1918,all,65,38,2354,3527,24,45362,0,0,0,0,0,A,8,B cell,57,38,9,9,9,Bcell
A-1920,all,209,57,3595,2574,25,99399,0,0,0,0,0,A,111,Alveolar type 2 cell,47,21,1,1,1_1,AT2
A-1921,all,28,14,3098,3076,37,20877,0,0,0,0,0,A,2,Alveolar fibroblast 1,40,15,1,1,1_4_1,AlveolarFib
A-1924,all,123,43,3434,3561,20,70082,0,0,0,0,0,A,21,Natural killer cell,47,24,7,7,7_3,Tcell (CD8)
A-1925,all,210,24,3123,2039,29,72560,0,0,0,0,0,A,184,Secretory cell,57,7,4,4,4_2,ClubEpi
A-1927,all,131,53,3590,2487,17,52978,0,0,0,0,0,A,7,Pericyte,46,28,5,5,5_3,Pericyte
A-1928,all,105,49,3342,3651,40,48153,0,0,0,0,0,A,7,Proliferative mesenchymal progenitor cell,56,34,1,1,1_6_2,Neutrophil
A-1929,all,153,58,3033,3681,20,60684,50,0,50,0,1,A,27,Natural killer cell,47,25,3,3,3_3,AdventitialFib
A-1930,all,229,55,2900,2876,24,98323,0,0,0,0,0,A,132,Alveolar type 2 cell,47,20,1,1,1_3,AT2
A-1932,all,147,65,3040,2470,22,80833,0,0,0,0,0,A,17,Capillary 1 cell,46,31,2,2,2_1,Capillary
A-1934,all,145,46,2957,2890,12,73513,0,0,0,0,0,A,12,B cell,47,24,1,1,1_6_2,Neutrophil
A-1937,all,221,84,3431,2462,29,116604,0,0,0,0,0,A,22,Proliferative mesenchymal progenitor cell,50,42,2,2,2_1,Capillary
A-1938,all,113,43,2117,2058,16,65184,0,0,0,0,0,A,15,Proliferative mesenchymal progenitor cell,48,28,5,5,5_1,Pericyte
A-1940,all,51,26,3120,2429,35,31847,0,0,0,0,0,A,3,Neutrophil,51,26,2,2,2_2,InflamMac
A-1941,all,42,29,3373,2257,38,19966,0,0,0,0,0,A,2,Alveolar type 1 cell,43,29,6,6,6,AT1
A-1942,all,282,90,3647,3771,24,123868,0,0,0,0,0,A,25,Mature DC subset,50,31,7,7,7_3,Tcell (CD8)
A-1943,all,62,24,3660,1974,38,43288,0,0,0,0,0,A,26,Ciliated cell,43,23,4,4,4_2,CiliatedEpi
A-1946,all,65,32,2299,2628,26,38714,0,0,0,0,0,A,4,Secondary crest myofibroblast,59,33,3,3,3_1,SMC
A-1947,all,209,72,3213,3792,25,106854,13418,50,13368,0.003726338,0.996273662,A,21,Inflammatory monocyte,56,36,7,7,7_3,Tcell (CD8)
A-1950,all,262,34,3341,2029,23,84693,0,0,0,0,0,A,221,Secretory cell,54,4,4,4,4_2,ClubEpi
A-1952,all,95,35,2730,2856,10,48238,114,0,114,0,1,A,44,Alveolar type 2 cell,61,34,1,1,1_1,AT2
A-1953,all,144,60,3214,3714,23,53130,1350,0,1350,0,1,A,21,Capillary 2 cell,52,34,7,7,7_3,Tcell (CD8)
A-1954,all,120,58,2515,2677,33,67811,0,0,0,0,0,A,15,B cell,42,23,9,9,9,Bcell
A-1955,all,95,40,2997,2939,20,58502,0,0,0,0,0,A,4,CD8+ T cell,63,40,2,2,2_2,InflamMac
A-1959,all,46,29,3027,3150,9,28360,0,0,0,0,0,A,4,Natural killer cell,46,29,7,7,7_2,PatrolMac
A-1960,all,261,65,3321,2154,23,143427,0,0,0,0,0,A,127,Alveolar type 2 cell,45,18,1,1,1_3,AT2
A-1962,all,64,26,3391,2428,10,34433,0,0,0,0,0,A,5,Alveolar type 1 cell,53,26,6,6,6,AT1
A-1963,all,56,30,3285,2845,13,39855,0,0,0,0,0,A,2,Alveolar type 1 cell,54,31,1,1,1_6_2,Neutrophil
A-1967,all,137,60,3527,3150,32,48021,0,0,0,0,0,A,11,Sox9+/Id2+ epithelial cell,44,29,7,7,7_3,Tcell (CD8)
A-1969,all,177,59,3462,3513,22,90424,0,0,0,0,0,A,10,Airway smooth muscle cell,53,34,2,2,2_2,InflamMac
A-1970,all,47,31,3641,2121,31,53624,0,0,0,0,0,A,21,Natural killer cell,47,31,7,7,7_4,PatrolMac
A-1971,all,107,49,3129,2121,24,70174,0,0,0,0,0,A,12,Alveolar type 1 cell,58,36,6,6,6,AT1
A-1974,all,82,34,3743,2016,21,68171,0,0,0,0,0,A,32,Secretory cell,59,34,4,4,4_1_2,ClubEpi
A-1975,all,11,8,1996,2477,38,26709,0,0,0,0,0,A,2,Inflammatory monocyte,32,10,2,2,2_5,DC
A-1976,all,154,51,3362,2970,14,61923,0,0,0,0,0,A,11,Innate lymphoid cell,53,28,1,1,1_4_1,AlveolarFib
A-1977,all,114,43,3094,3586,22,43513,0,0,0,0,0,A,4,Proliferative mesenchymal progenitor cell,46,20,1,1,1_6_2,Neutrophil
A-1978,all,40,10,2638,2249,8,17457,0,0,0,0,0,A,26,Sox9+/Id2+ epithelial cell,46,10,1,1,1_1,AT2
A-1980,all,52,31,3592,3297,34,32374,0,0,0,0,0,A,7,Inflammatory monocyte,52,31,2,2,2_2,InflamMac
A-1981,all,193,77,3167,3746,22,107371,105,0,105,0,1,A,40,Secondary crest myofibroblast,53,37,3,3,3_2,SMC
A-1983,all,149,45,3519,3560,21,80049,0,0,0,0,0,A,7,Sox9+/Id2+ epithelial cell,50,21,7,7,7_3,Tcell (CD8)
A-1984,all,140,50,3066,3605,17,44466,0,0,0,0,0,A,2,Sox9+/Id2+ epithelial cell,48,24,1,1,1_6_2,Neutrophil
A-1985,all,37,20,2708,1981,9,30512,0,0,0,0,0,A,4,Alveolar fibroblast 1,41,20,1,1,1_5_2,AlveolarFib
A-1986,all,76,36,2267,3732,18,46160,0,0,0,0,0,A,9,Natural killer cell,57,36,7,7,7_3,Tcell (CD8)
A-1987,all,287,89,3340,2409,25,125271,0,0,0,0,0,A,30,Vascular smooth muscle cell,50,39,3,3,3_5,SMC
A-1988,all,295,44,3712,1992,26,96751,0,0,0,0,0,A,221,Secretory cell,55,12,4,4,4_2,ClubEpi
A-1990,all,93,35,3548,3609,35,50696,0,0,0,0,0,A,21,Natural killer cell,64,34,7,7,7_3,Tcell (CD8)
A-1991,all,111,54,3609,3038,13,59439,0,0,0,0,0,A,8,Sox9+/Id2+ epithelial cell,44,28,2,2,2_2,InflamMac
A-1992,all,143,46,3769,3187,21,69415,0,0,0,0,0,A,80,Alveolar fibroblast 1,47,23,1,1,1_3,AT2
A-1994,all,42,27,3291,2803,17,30379,0,0,0,0,0,A,2,Capillary 1 cell,43,27,2,2,2_1,Capillary
A-1999,all,78,37,1975,2013,34,84702,0,0,0,0,0,A,7,Natural killer cell,58,37,7,7,7_2,PatrolMac
A-2000,all,140,47,2631,2456,36,82041,0,0,0,0,0,A,10,Neutrophil,51,29,2,2,2_2,InflamMac
A-2002,all,171,68,2986,2786,22,99303,0,0,0,0,0,A,36,CD4+ T cell,52,34,7,7,7_2,PatrolMac
A-2003,all,82,43,2026,1965,12,51121,0,0,0,0,0,A,6,Innate lymphoid cell,60,44,2,2,2_2,InflamMac
A-2005,all,53,24,2980,3584,25,33193,0,0,0,0,0,A,12,Innate lymphoid cell,52,24,7,7,7_3,Tcell (CD8)
A-2006,all,127,47,2875,2037,12,55823,0,0,0,0,0,A,36,Sox9+/Id2+ epithelial cell,47,27,6,6,6,AT1
A-2007,all,91,38,2996,2985,14,71541,0,0,0,0,0,A,6,CD8+ T cell,60,36,2,2,2_2,InflamMac
A-2008,all,66,37,3140,2291,36,42319,0,0,0,0,0,A,19,Pericyte,58,37,5,5,5_1,Pericyte
A-2009,all,113,44,2678,2209,13,64911,0,0,0,0,0,A,27,B cell,49,26,2,2,2_1,Capillary
A-2010,all,79,47,3764,3233,20,101527,0,0,0,0,0,A,14,B cell,59,47,9,9,9,Bcell
A-2011,all,101,47,3328,3114,26,48244,0,0,0,0,0,A,7,Capillary 2 cell,59,39,2,2,2_2,InflamMac
A-2013,all,77,37,3450,3613,16,52775,0,0,0,0,0,A,7,Pericyte,55,38,1,1,1_4_1,AlveolarFib
A-2014,all,151,68,3465,3790,24,64960,53,53,0,1,0,A,13,Inflammatory monocyte,46,28,3,3,3_3,AdventitialFib
A-2015,all,112,61,3129,2169,25,77120,0,0,0,0,0,A,14,Arterial endothelial cell,43,30,7,7,7_2,PatrolMac
A-2017,all,85,41,3539,3242,36,30793,0,0,0,0,0,A,17,Alveolar type 2 cell,64,42,1,1,1_4_1,AlveolarFib
A-2018,all,262,70,3219,2481,19,137310,0,0,0,0,0,A,35,Arterial endothelial cell,47,34,6,6,6,AT1
A-2019,all,197,70,3569,2521,18,78192,53,0,53,0,1,A,24,Alveolar macrophage,54,37,8,8,8_2,InterstitialMac
A-2021,all,89,43,3278,2988,34,43592,0,0,0,0,0,A,4,Alveolar fibroblast 1,62,44,1,1,1_4_1,AlveolarFib
A-2024,all,77,38,3563,3309,33,31628,0,0,0,0,0,A,15,Alveolar type 1 cell,56,39,3,3,3_2,SMC
A-2025,all,33,16,2028,2163,13,42781,0,0,0,0,0,A,18,Alveolar type 2 cell,43,17,2,2,2_2,InflamMac
A-2026,all,51,31,2211,3760,40,26754,0,0,0,0,0,A,7,Innate lymphoid cell,51,31,8,8,8_1,AlveolarMac
A-2027,all,177,33,1992,2124,22,91821,0,0,0,0,0,A,145,Alveolar type 2 cell,47,12,1,1,1_3,AT2
A-2029,all,174,72,3308,3702,31,80580,30452,0,30452,0,1,A,12,B cell,49,30,7,7,7_2,PatrolMac
A-2030,all,140,37,2713,2322,24,52410,50,0,50,0,1,A,85,Sox9+/Id2+ epithelial cell,50,20,3,3,3_5,SMC
A-2031,all,79,25,3494,2068,25,44441,0,0,0,0,0,A,56,Ciliated cell,37,24,4,4,4_2,CiliatedEpi
A-2032,all,93,40,3506,2007,36,51257,0,0,0,0,0,A,27,Neutrophil,54,40,4,4,4_1_2,CiliatedEpi
A-2034,all,231,27,3017,2011,27,65286,0,0,0,0,0,A,181,Alveolar type 1 cell,53,26,4,4,4_2,CiliatedEpi
A-2036,all,169,54,2703,2359,21,79365,0,0,0,0,0,A,82,Sox9+/Id2+ epithelial cell,45,24,6,6,6,AT1
A-2037,all,143,52,3152,2987,20,79722,0,0,0,0,0,A,35,Alveolar type 1 cell,47,24,2,2,2_2,InflamMac
A-2038,all,72,30,3353,2209,25,85933,0,0,0,0,0,A,27,CD4+ T cell,53,30,8,8,8_1,AlveolarMac
A-2041,all,119,51,2447,2949,27,54268,0,0,0,0,0,A,7,Alveolar macrophage,44,28,8,8,8_2,InterstitialMac
A-2043,all,84,25,2249,3717,21,42532,0,0,0,0,0,A,39,Alveolar type 2 cell,58,25,7,7,7_2,PatrolMac
A-2045,all,119,44,2750,2345,32,43850,0,0,0,0,0,A,25,Alveolar type 1 cell,44,19,6,6,6,AT1
A-2047,all,229,75,3028,2079,19,95877,0,0,0,0,0,A,59,Capillary 1 cell,47,26,2,2,2_2,InflamMac
A-2048,all,55,30,2994,2547,34,28709,0,0,0,0,0,A,2,Endothelial progenitor cell,54,30,2,2,2_6,pDC
A-2050,all,110,48,3143,2460,34,58586,0,0,0,0,0,A,9,B cell,48,29,1,1,1_4_1,AlveolarFib
A-2052,all,165,49,3285,2009,27,72916,0,0,0,0,0,A,77,Secretory cell,63,48,4,4,4_2,CiliatedEpi
A-2055,all,185,67,2379,3474,17,73279,0,0,0,0,0,A,50,Alveolar type 2 cell,52,31,5,5,5_3,Pericyte
A-2058,all,226,77,3076,3730,20,111837,0,0,0,0,0,A,17,B cell,53,36,2,2,2_2,InflamMac
A-2059,all,166,71,3324,3021,15,83968,0,0,0,0,0,A,20,Alveolar macrophage,49,37,8,8,8_1,AlveolarMac
A-2060,all,91,42,3379,3457,13,84393,0,0,0,0,0,A,5,CD8+ T cell,60,41,7,7,7_2,PatrolMac
A-2062,all,88,46,2054,3651,16,58292,0,0,0,0,0,A,11,Sox9+/Id2+ epithelial cell,63,46,2,2,2_2,InflamMac
A-2063,all,95,27,3629,2081,28,65073,0,0,0,0,0,A,71,Ciliated cell,61,26,4,4,4_2,ClubEpi
A-2066,all,139,20,3447,2028,21,40448,0,0,0,0,0,A,113,Ciliated cell,39,20,4,4,4_2,CiliatedEpi
A-2067,all,39,14,3380,3073,9,24870,0,0,0,0,0,A,27,Sox9+/Id2+ epithelial cell,43,14,8,8,8_1,AlveolarMac
A-2069,all,83,40,3328,2078,24,69986,0,0,0,0,0,A,28,Alveolar fibroblast 1,60,40,4,4,4_1_2,ClubEpi
A-2073,all,95,35,3421,3098,11,41373,0,0,0,0,0,A,55,Alveolar type 2 cell,59,34,1,1,1_3,AT2
A-2074,all,229,86,3640,3731,24,94910,0,0,0,0,0,A,32,Inflammatory monocyte,53,34,7,7,7_3,Tcell (CD8)
A-2075,all,74,24,3599,1964,39,29401,0,0,0,0,0,A,39,Alveolar type 2 cell,45,24,4,4,4_2,CiliatedEpi
A-2076,all,106,42,2788,2832,18,66173,0,0,0,0,0,A,22,Sox9+/Id2+ epithelial cell,54,32,3,3,3_4,AdventitialFib
A-2077,all,176,61,2691,2271,16,81195,64,64,0,1,0,A,51,Secondary crest myofibroblast,48,32,3,3,3_2,SMC
A-2078,all,125,38,2164,2075,22,71851,0,0,0,0,0,A,22,Alveolar type 1 cell,48,21,6,6,6,AT1
A-2079,all,88,47,3583,3069,30,51347,0,0,0,0,0,A,21,Pericyte,61,47,5,5,5_3,Pericyte
A-2081,all,107,53,3324,2944,13,48353,169,0,169,0,1,A,10,Inflammatory monocyte,61,42,2,2,2_1,Capillary
A-2082,all,61,34,1944,2581,33,25436,0,0,0,0,0,A,5,Alveolar type 1 cell,58,35,1,1,1_4_1,AlveolarFib
A-2084,all,104,47,3725,3240,16,69943,0,0,0,0,0,A,17,Pericyte,55,33,5,5,5_3,Pericyte
A-2085,all,26,18,2267,3765,38,17328,0,0,0,0,0,A,2,Alveolar fibroblast 1,46,18,1,1,1_5_1,LymphaticEndo
A-2086,all,65,32,2144,2160,23,37626,0,0,0,0,0,A,17,Natural killer cell,56,33,2,2,2_2,InflamMac
A-2087,all,63,29,2765,1958,10,48332,0,0,0,0,0,A,4,Capillary 1 cell,57,29,2,2,2_3,Vein
A-2092,all,357,42,3567,2014,30,116034,0,0,0,0,0,A,303,Secretory cell,55,4,4,4,4_2,ClubEpi
A-2093,all,208,67,3545,3095,20,101447,0,0,0,0,0,A,94,Alveolar type 2 cell,49,28,1,1,1_1,AT2
A-2094,all,222,87,3395,3719,22,96282,0,0,0,0,0,A,14,Inflammatory monocyte,50,37,7,7,7_3,Tcell (CD8)
A-2097,all,226,67,2570,2497,22,93256,0,0,0,0,0,A,20,Inflammatory monocyte,50,32,2,2,2_2,InflamMac
A-2100,all,84,44,3481,3629,16,38126,0,0,0,0,0,A,14,Alveolar fibroblast 1,62,44,7,7,7_3,Tcell (CD8)
A-2102,all,122,58,2389,2873,29,62826,0,0,0,0,0,A,14,Inflammatory monocyte,45,30,2,2,2_2,InflamMac
A-2103,all,65,28,2456,2843,12,48007,0,0,0,0,0,A,2,Endothelial progenitor cell,54,29,1,1,1_6_2,Neutrophil
A-2105,all,32,20,2025,3564,13,18923,0,0,0,0,0,A,3,Alveolar type 1 cell,42,21,1,1,1_4_1,AlveolarFib
A-2106,all,38,19,3700,3755,37,17055,0,0,0,0,0,A,3,Natural killer cell,45,20,2,2,2_2,InflamMac
A-2110,all,17,14,3757,2255,38,28991,0,0,0,0,0,A,4,Inflammatory monocyte,33,14,9,9,9,Bcell
A-2112,all,129,62,1974,2551,27,62530,0,0,0,0,0,A,17,Alveolar type 1 cell,43,33,1,1,1_5_2,AlveolarFib
A-2113,all,46,25,3098,2919,36,32785,0,0,0,0,0,A,10,Secondary crest myofibroblast,50,26,3,3,3_2,SMC
A-2114,all,170,61,3737,3765,20,81479,0,0,0,0,0,A,25,Inflammatory monocyte,49,23,7,7,7_3,Tcell (CD8)
A-2117,all,302,48,3228,2020,27,100902,55,0,55,0,1,A,216,Endothelial progenitor cell,53,10,4,4,4_2,ClubEpi
A-2118,all,173,59,3016,2639,29,77516,0,0,0,0,0,A,41,Alveolar type 2 cell,50,32,5,5,5_3,Pericyte
A-2120,all,64,31,3082,3107,36,27312,0,0,0,0,0,A,6,Pericyte,55,31,5,5,5_3,Pericyte
A-2121,all,22,16,2615,2210,7,19355,0,0,0,0,0,A,3,Capillary 1 cell,44,16,2,2,2_1,Capillary
A-2122,all,115,39,2934,1961,30,43334,0,0,0,0,0,A,61,Alveolar type 1 cell,48,19,4,4,4_2,ClubEpi
A-2123,all,57,31,3306,3442,37,20059,0,0,0,0,0,A,25,Alveolar fibroblast 1,54,32,3,3,3_2,SMC
A-2124,all,65,30,3656,3263,37,29401,0,0,0,0,0,A,2,Neutrophil,57,31,2,2,2_2,InflamMac
A-2127,all,151,58,2158,2125,24,55747,0,0,0,0,0,A,51,Alveolar type 1 cell,45,26,6,6,6,AT1
A-2130,all,141,61,3231,3685,22,76623,104,0,104,0,1,A,12,Natural killer cell,45,29,2,2,2_2,InflamMac
A-2131,all,160,66,3408,3643,33,70159,0,0,0,0,0,A,8,CD8+ T cell,47,36,7,7,7_3,Tcell (CD8)
A-2132,all,47,27,1974,2182,19,27179,0,0,0,0,0,A,8,Alveolar macrophage,47,27,6,6,6,AT1
A-2133,all,257,67,3035,3097,24,116302,0,0,0,0,0,A,16,Inflammatory monocyte,48,28,2,2,2_2,InflamMac
A-2137,all,29,15,3595,3491,6,11569,0,0,0,0,0,A,7,Alveolar fibroblast 1,41,16,1,1,1_5_1,LymphaticEndo
A-2138,all,150,26,3090,2082,20,50601,51,0,51,0,1,A,122,Ciliated cell,39,26,4,4,4_2,CiliatedEpi
A-2139,all,75,44,3381,3545,33,44286,0,0,0,0,0,A,7,Mesothelial cell,56,44,7,7,7_3,Tcell (CD8)
A-2143,all,164,27,3470,2048,19,58378,0,0,0,0,0,A,136,Ciliated cell,40,27,4,4,4_2,CiliatedEpi
A-2145,all,101,45,3419,2224,26,48128,0,0,0,0,0,A,8,Alveolar macrophage,62,41,8,8,8_1,AlveolarMac
A-2146,all,81,46,3038,3003,16,60292,0,0,0,0,0,A,25,Alveolar type 2 cell,59,46,7,7,7_2,PatrolMac
A-2147,all,108,51,2606,2563,34,60553,0,0,0,0,0,A,8,Arterial endothelial cell,57,38,2,2,2_4,Artery
A-2148,all,169,64,3564,3166,22,83942,0,0,0,0,0,A,18,Alveolar type 2 cell,47,31,2,2,2_2,InflamMac
A-2151,all,179,60,3470,3742,14,86373,0,0,0,0,0,A,30,Inflammatory monocyte,50,25,7,7,7_3,Tcell (CD8)
A-2153,all,58,30,2250,3659,37,31267,0,0,0,0,0,A,11,Sox9+/Id2+ epithelial cell,54,31,1,1,1_6_2,Neutrophil
A-2154,all,33,20,3548,3286,37,11984,0,0,0,0,0,A,15,Mesothelial cell,40,20,3,3,3_3,AdventitialFib
A-2157,all,332,102,3583,3705,24,149676,0,0,0,0,0,A,35,Inflammatory monocyte,52,41,7,7,7_3,Tcell (CD8)
A-2159,all,51,25,3687,2545,13,32094,0,0,0,0,0,A,5,T regulatory cell,51,25,7,7,7_2,PatrolMac
A-2161,all,153,47,3078,2434,21,79413,0,0,0,0,0,A,10,Alveolar fibroblast 1,54,30,1,1,1_5_2,AlveolarFib
A-2166,all,47,28,3355,3164,36,57743,0,0,0,0,0,A,11,B cell,47,28,9,9,9,Bcell
A-2170,all,99,42,3533,3323,35,49575,0,0,0,0,0,A,9,Sox9+/Id2+ epithelial cell,62,40,8,8,8_2,InterstitialMac
A-2173,all,52,25,1832,2602,27,28706,0,0,0,0,0,A,6,Mature DC subset,53,26,1,1,1_4_1,AlveolarFib
A-2174,all,37,19,3484,2586,8,30661,0,0,0,0,0,A,3,Proliferative mesenchymal progenitor cell,42,19,5,5,5_1,Pericyte
A-2176,all,52,24,3451,1986,39,23974,0,0,0,0,0,A,28,Alveolar fibroblast 1,42,24,4,4,4_1_2,CiliatedEpi
A-2178,all,177,66,2107,3699,29,126066,0,0,0,0,0,A,24,Inflammatory monocyte,48,34,7,7,7_2,PatrolMac
A-2179,all,124,45,1950,2156,30,58844,0,0,0,0,0,A,11,Alveolar type 2 cell,42,20,2,2,2_2,InflamMac
A-2180,all,219,78,3300,3151,23,124948,0,0,0,0,0,A,17,Sox9+/Id2+ epithelial cell,48,32,2,2,2_2,InflamMac
A-2182,all,43,10,3659,2151,14,26052,0,0,0,0,0,A,37,Secretory cell,47,10,1,1,1_1,AT2
A-2184,all,237,82,3071,3163,26,84838,0,0,0,0,0,A,14,Vascular smooth muscle cell,47,27,2,2,2_2,InflamMac
A-2185,all,289,88,3629,3439,18,122591,0,0,0,0,0,A,71,Classical DC subset 2,48,32,1,1,1_5_2,AlveolarFib
A-2188,all,183,70,3276,3796,26,82611,165075,2871,86592,0.032091479,0.967908521,A,16,Inflammatory monocyte,51,33,7,7,7_3,Tcell (CD8)
A-2190,all,131,58,3282,2116,24,68772,0,0,0,0,0,A,7,B cell,44,27,9,9,9,Bcell
A-2192,all,282,84,3084,2679,22,110876,0,0,0,0,0,A,22,Alveolar type 1 cell,45,25,6,6,6,AT1
A-2193,all,112,39,3149,2070,20,77953,0,0,0,0,0,A,66,Ciliated cell,59,38,4,4,4_2,CiliatedEpi
A-2194,all,49,28,3560,2464,7,19712,0,0,0,0,0,A,8,B cell,51,29,2,2,2_2,InflamMac
A-2195,all,70,17,3685,2128,24,38545,0,0,0,0,0,A,58,Alveolar type 2 cell,54,17,1,1,1_1,AT2
A-2197,all,201,41,3073,2047,28,63526,0,0,0,0,0,A,135,Ciliated cell,58,41,4,4,4_2,CiliatedEpi
A-2199,all,133,62,3402,3574,21,62337,0,0,0,0,0,A,25,Natural killer cell,43,22,7,7,7_3,Tcell (CD8)
A-2200,all,75,43,3136,2210,32,36744,0,0,0,0,0,A,8,Sox9+/Id2+ epithelial cell,57,44,3,3,3_5,SMC
A-2201,all,20,6,2081,2106,7,12886,0,0,0,0,0,A,16,Alveolar type 2 cell,43,6,1,1,1_1,AT2
A-2206,all,117,43,2988,3680,27,51252,0,0,0,0,0,A,12,Inflammatory monocyte,46,19,2,2,2_6,pDC
A-2207,all,18,10,3554,3260,41,8812,0,0,0,0,0,A,10,Alveolar type 2 cell,42,11,2,2,2_2,InflamMac
A-2208,all,26,19,2292,3746,40,16511,0,0,0,0,0,A,2,Proliferative mesenchymal progenitor cell,45,19,1,1,1_2_1,Tcell (CD4)
A-2209,all,75,43,3281,3030,38,35404,0,0,0,0,0,A,5,Pericyte,57,44,1,1,1_4_1,AlveolarFib
A-2211,all,251,76,2738,2035,25,141297,0,0,0,0,0,A,20,Capillary 2 cell,54,44,1,1,1_5_2,AlveolarFib
A-2213,all,75,17,3572,2068,27,45142,0,0,0,0,0,A,58,Secondary crest myofibroblast,55,17,4,4,4_2,ClubEpi
A-2215,all,149,56,3728,3432,13,67928,0,0,0,0,0,A,9,Natural killer cell,50,34,2,2,2_2,InflamMac
A-2216,all,95,41,3388,2222,31,50505,0,0,0,0,0,A,8,Alveolar macrophage,64,38,8,8,8_1,AlveolarMac
A-2217,all,64,31,2959,1979,24,37052,0,0,0,0,0,A,8,Ciliated cell,56,31,4,4,4_1_3,CiliatedEpi
A-2218,all,13,10,3109,3694,34,11122,0,0,0,0,0,A,3,Alveolar fibroblast 1,31,10,1,1,1_5_4,pDC
A-2219,all,46,20,3185,2321,37,18290,0,0,0,0,0,A,19,Alveolar type 2 cell,47,20,1,1,1_1,AT2
A-2221,all,191,65,3162,3667,13,75343,0,0,0,0,0,A,23,Alveolar macrophage,55,34,8,8,8_1,AlveolarMac
A-2223,all,30,20,2988,2746,29,22941,0,0,0,0,0,A,5,Alveolar fibroblast 1,38,21,1,1,1_4_1,AlveolarFib
A-2225,all,117,49,3550,3733,33,41682,0,0,0,0,0,A,13,CD8+ T cell,48,26,3,3,3_6,SCMF
A-2228,all,338,82,2616,2616,21,144563,0,0,0,0,0,A,169,Vascular smooth muscle cell,45,25,2,2,2_2,InflamMac
A-2229,all,65,26,2051,3502,35,23860,0,0,0,0,0,A,36,Alveolar type 2 cell,55,26,1,1,1_1,AT2
A-2230,all,130,53,3341,3561,34,56969,0,0,0,0,0,A,6,Alveolar fibroblast 1,42,20,7,7,7_3,Tcell (CD8)
A-2232,all,59,31,3144,3785,37,28849,0,0,0,0,0,A,8,Sox9+/Id2+ epithelial cell,56,31,1,1,1_5_2,AlveolarFib
A-2234,all,43,25,3717,2195,39,23853,0,0,0,0,0,A,12,Proliferative mesenchymal progenitor cell,44,25,2,2,2_6,pDC
A-2237,all,109,51,2285,2654,30,53526,0,0,0,0,0,A,9,Arterial endothelial cell,43,28,2,2,2_5,DC
A-2238,all,85,39,2367,2896,31,67617,0,0,0,0,0,A,3,Alveolar fibroblast 2,61,39,3,3,3_3,AdventitialFib
A-2241,all,70,30,3679,2182,16,42498,0,0,0,0,0,A,43,CD4+ T cell,56,30,1,1,1_1,AT2
A-2244,all,144,55,3660,2573,8,69585,0,0,0,0,0,A,18,Arterial endothelial cell,45,24,2,2,2_2,InflamMac
A-2246,all,295,49,3404,2010,29,107946,0,0,0,0,0,A,234,Ciliated cell,60,49,4,4,4_2,CiliatedEpi
A-2247,all,183,66,3585,3770,23,98187,0,0,0,0,0,A,15,Inflammatory monocyte,51,35,1,1,1_2_1,Tcell (CD4)
A-2248,all,326,76,2900,3549,14,138655,0,0,0,0,0,A,61,Inflammatory monocyte,53,29,7,7,7_3,Tcell (CD8)
A-2249,all,202,68,3113,3734,24,87492,0,0,0,0,0,A,12,Inflammatory monocyte,49,26,2,2,2_2,InflamMac
A-2250,all,54,15,3722,2127,14,43093,0,0,0,0,0,A,32,Sox9+/Id2+ epithelial cell,51,15,1,1,1_1,AT2
A-2254,all,167,36,3692,2091,24,70943,0,0,0,0,0,A,112,Ciliated cell,56,35,4,4,4_2,CiliatedEpi
A-2256,all,366,90,2958,2705,22,149874,110,110,0,1,0,A,33,Inflammatory monocyte,51,37,1,1,1_5_2,AlveolarFib
A-2258,all,182,61,3240,3743,22,79716,52,0,52,0,1,A,4,Inflammatory monocyte,52,27,2,2,2_2,InflamMac
A-2260,all,219,37,2990,2025,25,60181,0,0,0,0,0,A,157,Ciliated cell,53,36,4,4,4_2,CiliatedEpi
A-2265,all,166,65,1979,2217,25,101753,0,0,0,0,0,A,17,Alveolar type 1 cell,43,27,2,2,2_1,Capillary
A-2270,all,201,73,3024,3715,19,81006,0,0,0,0,0,A,12,Alveolar fibroblast 1,54,33,2,2,2_6,pDC
A-2273,all,75,37,1983,2261,16,57952,0,0,0,0,0,A,5,Inflammatory monocyte,56,37,7,7,7_3,Tcell (CD8)
A-2276,all,61,32,3334,2706,17,41370,0,0,0,0,0,A,3,Inflammatory monocyte,56,33,2,2,2_2,InflamMac
A-2277,all,177,67,3248,2950,26,83636,0,0,0,0,0,A,26,B cell,51,29,8,8,8_2,InterstitialMac
A-2278,all,112,47,3179,3197,21,56153,0,0,0,0,0,A,4,Inflammatory monocyte,44,25,2,2,2_2,InflamMac
A-2280,all,40,10,2863,2875,21,17910,0,0,0,0,0,A,30,Alveolar type 2 cell,46,11,3,3,3_5,SMC
A-2284,all,87,50,3360,3722,34,36561,0,0,0,0,0,A,5,CD8+ T cell,61,50,2,2,2_2,InflamMac
A-2290,all,93,54,3431,3788,18,40457,0,0,0,0,0,A,10,Alveolar fibroblast 1,64,53,2,2,2_5,DC
A-2292,all,168,62,3217,3202,17,71896,0,0,0,0,0,A,14,Alveolar fibroblast 1,52,36,2,2,2_2,InflamMac
A-2294,all,135,48,2946,2024,31,78092,0,0,0,0,0,A,18,Alveolar type 1 cell,41,18,6,6,6,AT1
A-2295,all,133,41,3294,3772,27,42635,455868,246017,276906,0.470465059,0.529534941,A,7,CD8+ T cell,51,21,1,1,1_2_1,Tcell (CD4)
A-2297,all,165,32,3340,1993,35,44511,0,0,0,0,0,A,114,Ciliated cell,55,32,4,4,4_2,CiliatedEpi
A-2304,all,49,34,3085,3682,36,26789,0,0,0,0,0,A,7,Sox9+/Id2+ epithelial cell,49,35,2,2,2_2,InflamMac
A-2305,all,63,10,2975,1950,39,16171,0,0,0,0,0,A,49,Ciliated cell,32,10,4,4,4_2,CiliatedEpi
A-2306,all,11,9,3435,2177,40,8632,0,0,0,0,0,A,3,Alveolar macrophage,29,10,1,1,1_4_1,AlveolarFib
A-2308,all,118,55,1943,2523,27,74965,0,0,0,0,0,A,17,Alveolar type 1 cell,42,26,6,6,6,AT1
A-2310,all,110,32,3395,3116,9,43861,0,0,0,0,0,A,72,Alveolar type 2 cell,49,19,1,1,1_1,AT2
A-2311,all,114,35,3328,3744,23,44359,624486,103348,521138,0.165492901,0.834507099,A,4,Proliferative mesenchymal progenitor cell,52,22,7,7,7_3,Tcell (CD8)
A-2314,all,115,25,3609,2051,26,68459,0,0,0,0,0,A,84,Secretory cell,52,12,4,4,4_2,ClubEpi
A-2315,all,130,59,3202,3748,27,57644,223,169,54,0.757847534,0.242152466,A,6,CD4+ T cell,41,21,7,7,7_2,PatrolMac
A-2316,all,168,56,3282,3742,24,77722,325089,131230,126804,0.508576389,0.491423611,A,7,Inflammatory monocyte,50,25,1,1,1_2_1,Tcell (CD4)
A-2319,all,76,38,3475,3609,16,26082,0,0,0,0,0,A,15,Alveolar macrophage,58,38,7,7,7_3,Tcell (CD8)
A-2320,all,100,45,2038,3611,25,57747,0,0,0,0,0,A,7,Natural killer cell,59,37,2,2,2_2,InflamMac
A-2324,all,97,46,2850,4245,23,57157,0,0,0,0,0,A,6,Alveolar fibroblast 2,68,44,3,3,3_3,AdventitialFib
A-2325,all,169,67,2485,4351,21,61442,0,0,0,0,0,A,11,Sox9+/Id2+ epithelial cell,47,28,1,1,1_2_1,Tcell (CD4)
A-2326,all,339,61,3378,3934,23,90417,546532,255858,336715,0.431774651,0.568225349,A,143,Endothelial progenitor cell,54,13,4,4,4_1_2,ClubEpi
A-2327,all,95,33,2007,4704,26,38477,0,0,0,0,0,A,48,Alveolar type 2 cell,60,31,1,1,1_1,AT2
A-2328,all,142,59,2572,5115,24,56080,0,0,0,0,0,A,9,CD8+ T cell,46,27,2,2,2_2,InflamMac
A-2329,all,198,58,2520,4635,15,78589,0,0,0,0,0,A,16,Mesothelial cell,53,31,3,3,3_4,AdventitialFib
A-2330,all,205,55,2490,4683,29,78484,0,0,0,0,0,A,14,Alveolar fibroblast 2,55,35,3,3,3_3,AdventitialFib
A-2332,all,142,59,3055,3901,34,47694,75377,2583,72794,0.034267747,0.965732253,A,25,B cell,48,29,1,1,1_2_1,Tcell (CD4)
A-2334,all,153,66,3203,3956,21,72614,335,335,0,1,0,A,13,Inflammatory monocyte,49,29,1,1,1_5_2,AlveolarFib
A-2336,all,164,73,2813,5531,26,75567,0,0,0,0,0,A,24,CD4+ T cell,51,34,3,3,3_2,SMC
A-2337,all,230,84,2856,4139,22,81381,0,0,0,0,0,A,19,Sox9+/Id2+ epithelial cell,51,35,3,3,3_2,SMC
A-2338,all,289,89,3210,3852,24,102473,170230,1794,169407,0.010478911,0.989521089,A,21,Innate lymphoid cell,51,27,3,3,3_2,SMC
A-2339,all,65,27,3248,5592,17,65249,0,0,0,0,0,A,38,Airway smooth muscle cell,56,28,3,3,3_1,SMC
A-2340,all,127,50,3168,5577,30,56388,0,0,0,0,0,A,4,CD4+ T cell,46,24,1,1,1_2_1,Tcell (CD4)
A-2342,all,78,38,3013,4335,31,51915,0,0,0,0,0,A,5,Alveolar fibroblast 1,55,38,1,1,1_5_1,LymphaticEndo
A-2343,all,106,42,3208,4339,12,40495,168393,15278,164316,0.085069657,0.914930343,A,5,Sox9+/Id2+ epithelial cell,62,34,3,3,3_2,SMC
A-2344,all,103,48,2575,4822,24,59407,0,0,0,0,0,A,12,Mesothelial cell,60,39,3,3,3_3,AdventitialFib
A-2345,all,104,44,2461,4551,13,60059,0,0,0,0,0,A,6,B cell,61,40,9,9,9,Bcell
A-2347,all,250,84,3305,3855,23,98436,1184,1621,1083,0.599482249,0.400517751,A,16,Inflammatory monocyte,50,29,2,2,2_2,InflamMac
A-2348,all,143,58,3369,5577,20,41948,0,0,0,0,0,A,26,Innate lymphoid cell,48,30,8,8,8_2,InterstitialMac
A-2349,all,162,60,2890,4157,29,61052,0,0,0,0,0,A,11,Inflammatory monocyte,49,30,2,2,2_6,pDC
A-2351,all,163,63,2687,5560,16,82021,0,0,0,0,0,A,22,Vascular smooth muscle cell,49,38,3,3,3_2,SMC
A-2352,all,125,60,3347,5122,21,62529,0,0,0,0,0,A,22,Secondary crest myofibroblast,43,30,3,3,3_6,SCMF
A-2353,all,164,49,2905,4072,19,55293,0,0,0,0,0,A,8,B cell,52,25,9,9,9,Bcell
A-2354,all,57,32,2517,4373,37,23187,0,0,0,0,0,A,4,Proliferative mesenchymal progenitor cell,54,32,3,3,3_3,AdventitialFib
A-2355,all,199,67,2427,3858,27,80968,0,0,0,0,0,A,31,Alveolar type 2 cell,52,34,2,2,2_2,InflamMac
A-2356,all,228,62,3167,4285,21,67901,547557,346688,228420,0.602822426,0.397177574,A,91,Venous endothelial cell,54,27,4,4,4_1_2,CiliatedEpi
A-2357,all,97,48,2305,4836,22,50591,0,0,0,0,0,A,9,Alveolar fibroblast 1,68,46,3,3,3_5,SMC
A-2359,all,68,32,3345,3868,9,37372,0,0,0,0,0,A,3,Alveolar fibroblast 1,55,33,1,1,1_5_2,AlveolarFib
A-2360,all,175,65,2126,4929,33,71591,0,0,0,0,0,A,14,CD8+ T cell,50,33,2,2,2_2,InflamMac
A-2361,all,106,48,3054,4157,31,42359,0,0,0,0,0,A,23,Proliferative mesenchymal progenitor cell,59,36,3,3,3_2,SMC
A-2362,all,93,43,3164,3825,22,54248,1141,110,1031,0.096406661,0.903593339,A,12,B cell,62,42,9,9,9,Bcell
A-2363,all,110,40,2282,4018,23,55241,0,0,0,0,0,A,9,Alveolar fibroblast 1,55,28,1,1,1_5_1,LymphaticEndo
A-2364,all,118,53,2244,4902,37,41491,0,0,0,0,0,A,13,Capillary 1 cell,44,23,2,2,2_2,InflamMac
A-2365,all,226,79,2493,5024,24,110438,0,0,0,0,0,A,21,Innate lymphoid cell,47,32,3,3,3_5,SMC
A-2366,all,232,79,2353,4686,22,87345,0,0,0,0,0,A,16,B cell,52,38,8,8,8_2,InterstitialMac
A-2367,all,284,86,2752,5541,19,126438,0,0,0,0,0,A,44,Arterial endothelial cell,50,34,2,2,2_4,Artery
A-2368,all,200,52,2421,4575,23,75386,0,0,0,0,0,A,11,CD4+ T cell,55,31,1,1,1_6_2,Neutrophil
A-2370,all,106,48,2647,5508,31,48577,0,0,0,0,0,A,21,Arterial endothelial cell,58,40,2,2,2_4,Artery
A-2371,all,124,55,3269,4770,27,58687,0,0,0,0,0,A,33,Proliferative mesenchymal progenitor cell,64,49,4,4,4_1_2,CiliatedEpi
A-2372,all,128,44,3337,5209,23,62998,0,0,0,0,0,A,39,Secondary crest myofibroblast,48,21,3,3,3_2,SMC
A-2373,all,224,71,3213,3803,25,102879,6858,641,6217,0.093467483,0.906532517,A,31,B cell,59,36,7,7,7_3,Tcell (CD8)
A-2375,all,159,49,3159,4374,22,64471,121379,35525,95819,0.270472957,0.729527043,A,68,Alveolar fibroblast 1,57,34,4,4,4_1_2,CiliatedEpi
A-2376,all,138,65,3198,4517,21,47073,0,0,0,0,0,A,55,Endothelial progenitor cell,41,23,4,4,4_1_2,ClubEpi
A-2377,all,127,52,2674,4298,13,52911,0,0,0,0,0,A,9,Mature DC subset,45,28,3,3,3_3,AdventitialFib
A-2378,all,188,59,3238,4632,26,61732,0,0,0,0,0,A,52,CD8+ T cell,51,32,4,4,4_1_2,CiliatedEpi
A-2379,all,110,49,3036,4597,11,54773,0,52,0,1,0,A,8,Secondary crest myofibroblast,49,29,2,2,2_2,InflamMac
A-2380,all,287,54,3231,4034,25,91585,553804,130825,437241,0.230298944,0.769701056,A,29,Inflammatory monocyte,52,10,1,1,1_2_1,Tcell (CD4)
A-2381,all,207,70,3163,4462,27,58664,0,0,0,0,0,A,101,Alveolar fibroblast 1,40,28,4,4,4_2,CiliatedEpi
A-2384,all,191,69,3159,5492,28,71624,0,0,0,0,0,A,21,CD8+ T cell,55,37,7,7,7_3,Tcell (CD8)
A-2386,all,166,63,2988,4062,24,77934,0,0,0,0,0,A,10,Neutrophil,46,26,3,3,3_3,AdventitialFib
A-2387,all,178,62,3023,4183,22,72838,0,0,0,0,0,A,25,B cell,57,31,9,9,9,Bcell
A-2388,all,236,63,2528,4804,11,80252,0,0,0,0,0,A,28,Innate lymphoid cell,50,28,3,3,3_4,AdventitialFib
A-2389,all,98,42,3328,5281,27,46069,0,0,0,0,0,A,14,CD4+ T cell,61,42,3,3,3_2,SMC
A-2392,all,116,46,2846,5602,33,52069,0,0,0,0,0,A,17,Secondary crest myofibroblast,50,28,3,3,3_2,SMC
A-2393,all,53,32,2412,5224,32,23064,0,0,0,0,0,A,8,Vascular smooth muscle cell,55,33,3,3,3_2,SMC
A-2394,all,332,79,3189,4417,17,88256,50,0,50,0,1,A,134,B cell,47,20,4,4,4_1_2,ClubEpi
A-2396,all,233,66,3418,5324,23,74435,0,0,0,0,0,A,100,Capillary 1 cell,51,26,4,4,4_2,ClubEpi
A-2398,all,84,40,2619,5090,21,30125,0,0,0,0,0,A,10,CD8+ T cell,60,41,2,2,2_2,InflamMac
A-2399,all,79,36,3367,5301,23,76044,0,0,0,0,0,A,20,Alveolar fibroblast 1,57,37,3,3,3_2,SMC
A-2400,all,136,62,3076,4206,23,85490,263,263,0,1,0,A,11,CD8+ T cell,45,28,2,2,2_5,DC
A-2401,all,257,75,2437,4617,30,84841,0,0,0,0,0,A,22,CD4+ T cell,50,28,1,1,1_6_2,Neutrophil
A-2402,all,116,48,2817,4297,20,64288,0,0,0,0,0,A,21,Alveolar fibroblast 1,47,30,2,2,2_5,DC
A-2404,all,136,41,3124,4241,23,58091,89716,54780,49673,0.524446402,0.475553598,A,32,CD4+ T cell,50,17,4,4,4_1_2,CiliatedEpi
A-2406,all,399,86,3263,3839,24,104766,1732304,1152723,635573,0.644592953,0.355407047,A,11,Inflammatory monocyte,52,20,1,1,1_6_2,Neutrophil
A-2407,all,118,48,2524,4301,34,34865,0,0,0,0,0,A,5,Natural killer cell,44,28,2,2,2_2,InflamMac
A-2409,all,129,47,3280,5299,36,51621,0,0,0,0,0,A,19,Alveolar fibroblast 2,48,25,3,3,3_3,AdventitialFib
A-2411,all,245,63,3360,5054,23,58223,0,0,0,0,0,A,151,Venous endothelial cell,50,16,4,4,4_2,ClubEpi
A-2412,all,143,48,2386,4840,34,68168,0,0,0,0,0,A,12,Mesothelial cell,47,22,3,3,3_3,AdventitialFib
A-2413,all,204,67,3125,4336,23,77992,159691,74308,78746,0.485501849,0.514498151,A,46,Alveolar fibroblast 1,51,27,4,4,4_1_2,ClubEpi
A-2415,all,131,68,3501,3817,24,55474,0,0,0,0,0,A,16,Venous endothelial cell,42,27,3,3,3_3,AdventitialFib
A-2417,all,90,36,2109,5042,36,39854,0,0,0,0,0,A,6,Alveolar fibroblast 2,59,36,3,3,3_3,AdventitialFib
A-2418,all,193,72,2437,4976,22,102822,0,0,0,0,0,A,27,Alveolar fibroblast 1,52,37,2,2,2_6,pDC
A-2419,all,111,43,3326,5243,28,49192,0,0,0,0,0,A,22,Secondary crest myofibroblast,52,27,3,3,3_2,SMC
A-2420,all,270,96,3135,4415,33,76307,600,0,600,0,1,A,95,Alveolar fibroblast 1,39,21,4,4,4_1_2,ClubEpi
A-2421,all,385,99,3070,4018,23,145150,19492,7769,11894,0.395107562,0.604892438,A,29,B cell,52,32,1,1,1_2_1,Tcell (CD4)
A-2423,all,143,60,2354,3956,18,75817,0,0,0,0,0,A,5,Alveolar fibroblast 1,45,26,9,9,9,Bcell
A-2424,all,77,39,2255,3871,36,53311,0,0,0,0,0,A,7,CD4+ T cell,59,39,2,2,2_6,pDC
A-2426,all,300,80,2382,4219,28,82947,51,0,51,0,1,A,22,Alveolar fibroblast 1,51,29,1,1,1_5_1,LymphaticEndo
A-2428,all,217,72,2356,5102,11,79687,0,0,0,0,0,A,18,Alveolar fibroblast 2,50,33,3,3,3_3,AdventitialFib
A-2429,all,166,72,2683,5512,21,70830,0,0,0,0,0,A,18,Alveolar fibroblast 1,47,36,3,3,3_3,AdventitialFib
A-2431,all,111,55,2099,4675,32,47266,0,0,0,0,0,A,10,Proliferative mesenchymal progenitor cell,50,31,2,2,2_2,InflamMac
A-2432,all,104,45,3053,3848,33,74538,0,0,0,0,0,A,16,CD8+ T cell,62,41,7,7,7_4,PatrolMac
A-2433,all,126,58,3388,3822,27,46035,279,56,223,0.200716846,0.799283154,A,11,Mesothelial cell,44,29,3,3,3_3,AdventitialFib
A-2434,all,101,51,2677,5615,19,47034,0,0,0,0,0,A,17,B cell,63,44,3,3,3_2,SMC
A-2437,all,191,78,3465,3801,25,74531,0,0,0,0,0,A,16,Alveolar macrophage,56,36,3,3,3_3,AdventitialFib
A-2439,all,155,64,2820,5648,25,61036,0,0,0,0,0,A,5,Natural killer cell,44,28,2,2,2_2,InflamMac
A-2440,all,93,39,3347,5156,12,48330,0,0,0,0,0,A,9,Alveolar fibroblast 1,61,38,3,3,3_2,SMC
A-2441,all,110,41,2605,4979,16,53104,0,0,0,0,0,A,12,Secondary crest myofibroblast,51,25,3,3,3_2,SMC
A-2442,all,163,63,2586,5388,25,68426,0,0,0,0,0,A,23,Venous endothelial cell,50,31,3,3,3_3,AdventitialFib
A-2443,all,168,78,3111,3840,31,74798,588,0,588,0,1,A,39,Mature DC subset,48,40,1,1,1_2_1,Tcell (CD4)
A-2444,all,121,53,2555,5148,28,48965,0,0,0,0,0,A,12,Alveolar fibroblast 1,41,23,2,2,2_2,InflamMac
A-2446,all,59,27,3280,5525,31,45973,0,0,0,0,0,A,9,Secondary crest myofibroblast,55,28,3,3,3_2,SMC
A-2448,all,182,60,3189,4468,23,42900,163,163,0,1,0,A,84,Inflammatory monocyte,51,26,4,4,4_2,ClubEpi
A-2449,all,45,25,3332,4872,27,21568,0,0,0,0,0,A,24,Neutrophil,34,24,4,4,4_1_2,CiliatedEpi
A-2450,all,94,43,3014,4125,36,46282,0,0,0,0,0,A,15,Interstitial macrophage,63,43,8,8,8_3,InterstitialMac
A-2451,all,64,31,2722,5294,17,30595,0,0,0,0,0,A,10,Alveolar fibroblast 1,57,32,3,3,3_2,SMC
A-2452,all,175,80,3148,3862,16,65989,49986,4535,45451,0.090725403,0.909274597,A,20,CD4+ T cell,49,39,1,1,1_2_1,Tcell (CD4)
A-2453,all,111,52,2484,5181,24,40625,0,0,0,0,0,A,12,Arterial endothelial cell,46,25,2,2,2_2,InflamMac
A-2454,all,201,64,2372,4626,26,65082,0,0,0,0,0,A,15,Interstitial macrophage,57,33,8,8,8_2,InterstitialMac
A-2456,all,83,35,2224,4938,27,33542,0,0,0,0,0,A,7,Venous endothelial cell,58,35,3,3,3_3,AdventitialFib
A-2457,all,220,79,3148,3928,28,76283,179244,44389,134855,0.247645667,0.752354333,A,22,B cell,54,35,9,9,9,Bcell
A-2460,all,106,51,2385,4783,28,43861,0,0,0,0,0,A,23,Interstitial macrophage,63,44,3,3,3_3,AdventitialFib
A-2462,all,225,74,2688,5307,24,92897,0,0,0,0,0,A,13,Inflammatory monocyte,52,37,3,3,3_3,AdventitialFib
A-2464,all,30,16,2688,5231,10,17407,0,0,0,0,0,A,4,Arterial endothelial cell,41,17,2,2,2_4,Artery
A-2466,all,107,44,3332,5319,16,54790,0,0,0,0,0,A,14,Secondary crest myofibroblast,63,37,3,3,3_2,SMC
A-2473,all,282,81,2749,5358,20,135872,0,0,0,0,0,A,44,Vascular smooth muscle cell,49,33,3,3,3_2,SMC
A-2474,all,127,41,1987,5114,30,47478,0,0,0,0,0,A,69,Alveolar fibroblast 1,44,19,8,8,8_2,InterstitialMac
A-2476,all,216,85,3422,3823,20,100634,0,0,0,0,0,A,19,Inflammatory monocyte,56,46,3,3,3_3,AdventitialFib
A-2477,all,214,62,2297,3839,26,88942,0,0,0,0,0,A,113,Secondary crest myofibroblast,49,26,8,8,8_2,InterstitialMac
A-2478,all,73,29,3646,3892,16,62323,0,0,0,0,0,A,11,Capillary 1 cell,56,29,3,3,3_6,SCMF
A-2479,all,294,79,3376,5445,24,96712,0,0,0,0,0,A,156,Secretory cell,48,19,4,4,4_2,ClubEpi
A-2480,all,143,66,3198,3916,24,62187,0,0,0,0,0,A,15,Alveolar fibroblast 1,44,27,7,7,7_3,Tcell (CD8)
A-2481,all,146,57,2312,4964,28,58035,0,0,0,0,0,A,18,B cell,47,25,3,3,3_2,SMC
A-2482,all,40,21,3009,4007,16,15790,0,0,0,0,0,A,3,Neutrophil,42,21,1,1,1_5_2,AlveolarFib
A-2484,all,254,77,3051,4241,24,106377,0,0,0,0,0,A,25,B cell,52,30,9,9,9,Bcell
A-2487,all,81,40,2571,5425,25,43380,0,0,0,0,0,A,11,Vascular smooth muscle cell,61,40,3,3,3_2,SMC
A-2488,all,33,20,2495,5213,15,16506,0,0,0,0,0,A,12,Airway smooth muscle cell,42,21,3,3,3_2,SMC
A-2489,all,110,49,2404,3912,31,59361,0,0,0,0,0,A,14,AT1/AT2,49,33,1,1,1_4_1,AlveolarFib
A-2490,all,264,87,2637,4358,14,98687,157,0,157,0,1,A,9,B cell,51,34,1,1,1_6_2,Neutrophil
A-2493,all,59,32,2630,5587,37,19653,0,0,0,0,0,A,8,Vascular smooth muscle cell,54,32,3,3,3_6,SCMF
A-2494,all,196,75,2187,4998,26,80296,0,0,0,0,0,A,23,Natural killer cell,52,37,3,3,3_3,AdventitialFib
A-2495,all,153,51,2144,5015,14,66458,0,0,0,0,0,A,29,Alveolar fibroblast 2,51,28,3,3,3_3,AdventitialFib
A-2496,all,136,55,3571,3819,19,65024,0,0,0,0,0,A,19,Proliferative mesenchymal progenitor cell,46,27,1,1,1_2_1,Tcell (CD4)
A-2497,all,209,74,2951,4074,18,72273,0,0,0,0,0,A,12,Vascular smooth muscle cell,50,26,1,1,1_5_2,AlveolarFib
A-2500,all,131,64,2813,5595,35,55662,0,0,0,0,0,A,18,CD4+ T cell,43,29,3,3,3_2,SMC
A-2501,all,209,71,3318,4804,27,67733,0,0,0,0,0,A,67,Endothelial progenitor cell,56,36,4,4,4_1_2,ClubEpi
A-2502,all,59,30,2604,5507,34,35737,0,0,0,0,0,A,12,Secondary crest myofibroblast,55,30,3,3,3_2,SMC
A-2504,all,347,99,2457,4282,23,113722,0,0,0,0,0,A,111,Secondary crest myofibroblast,48,33,5,5,5_3,Pericyte
A-2506,all,46,27,2934,4252,18,18338,0,0,0,0,0,A,5,CD4+ T cell,48,28,3,3,3_2,SMC
A-2507,all,135,50,3331,5376,32,56754,0,0,0,0,0,A,18,Secondary crest myofibroblast,49,22,2,2,2_2,InflamMac
A-2508,all,181,66,3757,3846,23,108116,0,0,0,0,0,A,28,B cell,54,35,7,7,7_3,Tcell (CD8)
A-2511,all,250,76,2850,5406,11,81187,0,0,0,0,0,A,35,Interstitial macrophage,50,31,8,8,8_3,InterstitialMac
A-2512,all,54,34,2024,4679,31,25889,0,0,0,0,0,A,15,Alveolar type 2 cell,53,34,1,1,1_3,AT2
A-2513,all,153,55,3342,5465,23,60585,0,0,0,0,0,A,69,Ciliated cell,58,45,4,4,4_1_2,CiliatedEpi
A-2515,all,193,68,2053,4667,29,78893,0,0,0,0,0,A,27,CD8+ T cell,50,29,2,2,2_2,InflamMac
A-2516,all,68,33,2278,4345,7,31942,0,0,0,0,0,A,12,CD4+ T cell,56,33,1,1,1_5_2,AlveolarFib
A-2517,all,118,50,3104,5478,23,56918,0,0,0,0,0,A,13,CD4+ T cell,45,28,8,8,8_1,AlveolarMac
A-2519,all,284,54,3317,3979,24,83673,440540,197568,280208,0.413515957,0.586484043,A,105,Pericyte,55,14,4,4,4_1_2,ClubEpi
A-2521,all,125,50,3091,4064,20,49123,1209,463,575,0.446050096,0.553949904,A,6,B cell,45,28,1,1,1_6_2,Neutrophil
A-2522,all,227,77,3197,4598,29,77329,0,0,0,0,0,A,73,Secretory cell,50,29,4,4,4_1_2,ClubEpi
A-2523,all,305,85,2471,4488,25,105631,0,0,0,0,0,A,27,Mesothelial cell,47,33,3,3,3_3,AdventitialFib
A-2525,all,93,45,2622,5542,33,55151,0,0,0,0,0,A,11,Pulmonary neuroendocrine cell,64,44,3,3,3_2,SMC
A-2526,all,137,62,2458,4377,25,43134,0,0,0,0,0,A,11,Inflammatory monocyte,45,28,1,1,1_5_2,AlveolarFib
A-2527,all,234,79,2845,4328,23,89027,0,0,0,0,0,A,19,Mesothelial cell,52,30,3,3,3_3,AdventitialFib
A-2528,all,141,52,3209,4664,29,52462,0,0,0,0,0,A,56,Alveolar type 2 cell,65,48,4,4,4_1_2,CiliatedEpi
A-2529,all,221,78,2697,4211,25,80273,0,0,0,0,0,A,19,CD8+ T cell,55,38,2,2,2_2,InflamMac
A-2530,all,52,35,2359,5043,34,25816,0,0,0,0,0,A,6,CD8+ T cell,52,35,1,1,1_5_2,AlveolarFib
A-2531,all,157,58,3771,3939,23,108741,4920,50,4870,0.010162602,0.989837398,A,45,Ciliated cell,43,26,4,4,4_1_2,CiliatedEpi
A-2532,all,82,37,3578,3864,26,49308,154,0,154,0,1,A,5,Mesothelial cell,61,37,3,3,3_3,AdventitialFib
A-2533,all,128,53,2840,5508,11,54826,0,0,0,0,0,A,14,Airway smooth muscle cell,45,27,3,3,3_2,SMC
A-2534,all,231,73,3036,3951,32,69743,63801,7268,56587,0.113820374,0.886179626,A,14,B cell,52,30,3,3,3_3,AdventitialFib
A-2535,all,131,58,3719,3824,22,95346,0,0,0,0,0,A,13,B cell,44,26,9,9,9,Bcell
A-2537,all,105,46,2102,4738,11,34153,0,0,0,0,0,A,14,Pericyte,58,35,3,3,3_3,AdventitialFib
A-2539,all,22,12,3032,4056,38,9621,0,0,0,0,0,A,6,Interstitial macrophage,36,12,5,5,5_3,Pericyte
A-2541,all,196,73,3484,3853,20,116672,158,158,0,1,0,A,12,Inflammatory monocyte,49,28,3,3,3_3,AdventitialFib
A-2543,all,256,67,3321,4847,24,71576,0,0,0,0,0,A,127,Pericyte,49,18,4,4,4_2,ClubEpi
A-2544,all,24,16,2237,4035,41,15421,0,0,0,0,0,A,3,Mesothelial cell,42,16,3,3,3_3,AdventitialFib
A-2547,all,308,77,3414,3902,21,94899,422122,253093,190795,0.570173107,0.429826893,A,47,Ciliated cell,53,22,4,4,4_1_3,CiliatedEpi
A-2548,all,95,48,3078,3935,33,30912,11039,0,10985,0,1,A,15,Inflammatory monocyte,66,47,1,1,1_2_1,Tcell (CD4)
A-2551,all,77,44,2284,4865,30,37028,0,0,0,0,0,A,13,Vascular smooth muscle cell,60,45,1,1,1_4_1,AlveolarFib
A-2553,all,246,87,2395,4380,27,84855,0,0,0,0,0,A,32,Arterial endothelial cell,42,28,2,2,2_2,InflamMac
A-2555,all,61,30,2497,4927,16,29891,0,0,0,0,0,A,6,Pericyte,54,31,3,3,3_2,SMC
A-2556,all,164,61,1957,4708,25,80868,0,0,0,0,0,A,23,B cell,47,30,2,2,2_2,InflamMac
A-2558,all,48,29,2590,5042,22,23880,0,0,0,0,0,A,9,Pericyte,48,29,3,3,3_2,SMC
A-2560,all,379,84,3287,4040,27,101789,483106,76457,406649,0.158261334,0.841738666,A,79,Endothelial progenitor cell,49,24,4,4,4_1_2,CiliatedEpi
A-2561,all,403,100,3351,4938,25,141846,0,0,0,0,0,A,163,Venous endothelial cell,43,29,4,4,4_1_2,CiliatedEpi
A-2563,all,361,88,3170,4229,24,98832,150961,60566,100904,0.375091348,0.624908652,A,165,Endothelial progenitor cell,45,22,4,4,4_1_2,CiliatedEpi
A-2564,all,111,46,2522,4950,14,46544,0,0,0,0,0,A,20,CD4+ T cell,52,31,3,3,3_2,SMC
A-2565,all,148,51,2328,4870,23,60100,0,0,0,0,0,A,18,Natural killer cell,47,24,3,3,3_2,SMC
A-2566,all,196,64,3266,4672,17,57538,0,0,0,0,0,A,67,Venous endothelial cell,46,30,4,4,4_1_2,CiliatedEpi
A-2567,all,219,67,2691,4255,31,71865,161,0,161,0,1,A,14,Alveolar macrophage,57,33,3,3,3_2,SMC
A-2569,all,53,30,3441,3923,32,17811,32811,9812,31811,0.23573505,0.76426495,A,20,Endothelial progenitor cell,52,30,4,4,4_1_1,ClubEpi
A-2570,all,58,31,2594,5145,37,25194,0,0,0,0,0,A,5,Secondary crest myofibroblast,55,31,3,3,3_2,SMC
A-2571,all,135,52,2341,3867,35,63588,0,0,0,0,0,A,51,Sox9+/Id2+ epithelial cell,45,21,3,3,3_3,AdventitialFib
A-2574,all,307,61,3281,5647,22,85134,0,0,0,0,0,A,208,Ciliated cell,53,13,4,4,4_2,ClubEpi
A-2576,all,251,71,3292,4710,19,75545,0,0,0,0,0,A,120,Capillary 1 cell,50,24,4,4,4_2,ClubEpi
A-2577,all,101,47,2912,4353,29,31361,0,0,0,0,0,A,4,Capillary 2 cell,63,43,3,3,3_3,AdventitialFib
A-2578,all,82,40,3124,3994,25,46111,0,0,0,0,0,A,3,T regulatory cell,60,41,1,1,1_6_2,Neutrophil
A-2579,all,328,83,2979,4439,30,95556,0,0,0,0,0,A,43,Interstitial macrophage,50,30,1,1,1_2_1,Tcell (CD4)
A-2581,all,76,41,2001,4805,20,25726,0,0,0,0,0,A,7,B cell,58,41,9,9,9,Bcell
A-2582,all,301,101,2875,5458,20,94420,0,0,0,0,0,A,39,Alveolar fibroblast 2,48,29,3,3,3_3,AdventitialFib
A-2583,all,174,71,2330,4922,24,62393,0,0,0,0,0,A,17,Vascular smooth muscle cell,50,35,3,3,3_2,SMC
A-2585,all,280,99,3046,4295,21,120010,0,0,0,0,0,A,22,CD4+ T cell,43,32,8,8,8_1,AlveolarMac
A-2586,all,143,63,1951,4811,32,62396,0,0,0,0,0,A,17,Inflammatory monocyte,44,27,2,2,2_3,Vein
A-2587,all,70,32,2707,4297,13,29423,0,0,0,0,0,A,10,CD4+ T cell,58,32,1,1,1_2_1,Tcell (CD4)
A-2588,all,203,56,2044,4757,12,74856,0,0,0,0,0,A,31,Inflammatory monocyte,51,29,3,3,3_2,SMC
A-2589,all,101,49,2538,5363,38,39636,0,0,0,0,0,A,16,Secondary crest myofibroblast,64,47,3,3,3_2,SMC
A-2590,all,81,37,3313,4092,34,30479,224500,43108,172867,0.199597176,0.800402824,A,4,Capillary 1 cell,62,37,3,3,3_3,AdventitialFib
A-2591,all,103,54,2400,5130,16,36942,0,0,0,0,0,A,18,Proliferative mesenchymal progenitor cell,58,39,2,2,2_6,pDC
A-2593,all,218,80,3163,3984,24,85601,2289,308,1981,0.134556575,0.865443425,A,25,B cell,47,29,2,2,2_2,InflamMac
A-2594,all,79,42,2558,4848,16,30505,0,0,0,0,0,A,8,Secondary crest myofibroblast,58,42,3,3,3_4,AdventitialFib
A-2596,all,263,87,3125,4031,27,80668,15458,0,15458,0,1,A,24,Inflammatory monocyte,47,27,3,3,3_2,SMC
A-2601,all,92,45,2158,4903,26,38957,0,0,0,0,0,A,8,CD8+ T cell,63,45,3,3,3_5,SMC
A-2602,all,263,56,3167,4155,24,78248,133157,66612,88905,0.428326164,0.571673836,A,112,Ciliated cell,50,18,4,4,4_2,CiliatedEpi
A-2603,all,85,42,3723,3876,21,53280,0,0,0,0,0,A,9,Mature DC subset,63,42,7,7,7_3,Tcell (CD8)
A-2605,all,264,70,3301,5622,24,102417,0,0,0,0,0,A,135,Arterial endothelial cell,54,25,4,4,4_2,ClubEpi
A-2607,all,58,37,2801,5427,32,31099,0,0,0,0,0,A,9,Secondary crest myofibroblast,56,37,3,3,3_2,SMC
A-2609,all,191,68,3282,3808,27,66879,91992,1464,34373,0.040851634,0.959148366,A,13,CD4+ T cell,51,26,7,7,7_3,Tcell (CD8)
A-2610,all,92,43,2707,5354,31,40992,0,0,0,0,0,A,5,Inflammatory monocyte,62,42,2,2,2_2,InflamMac
A-2614,all,72,43,2204,4881,38,26596,0,0,0,0,0,A,9,Inflammatory monocyte,55,43,1,1,1_5_2,AlveolarFib
A-2617,all,186,73,2798,4234,21,64658,0,0,0,0,0,A,12,CD8+ T cell,58,38,7,7,7_2,PatrolMac
A-2620,all,408,76,3406,5175,23,123383,0,0,0,0,0,A,250,Alveolar fibroblast 2,55,23,4,4,4_2,ClubEpi
A-2623,all,168,45,3285,4873,11,43700,0,0,0,0,0,A,72,Secretory cell,52,20,4,4,4_2,ClubEpi
A-2624,all,197,62,2187,4961,23,81590,0,0,0,0,0,A,10,Mesothelial cell,54,30,3,3,3_3,AdventitialFib
A-2625,all,121,50,3254,3899,20,71284,0,0,0,0,0,A,14,CD4+ T cell,45,23,1,1,1_2_1,Tcell (CD4)
A-2626,all,85,41,2650,5622,29,44805,0,0,0,0,0,A,15,Proliferative mesenchymal progenitor cell,63,41,3,3,3_2,SMC
A-2627,all,49,36,2395,5202,36,23673,0,0,0,0,0,A,6,Alveolar macrophage,49,36,3,3,3_3,AdventitialFib
A-2628,all,185,56,2412,4332,14,65001,0,0,0,0,0,A,66,Alveolar type 2 cell,54,34,2,2,2_2,InflamMac
A-2629,all,171,69,2744,4210,33,48434,0,0,0,0,0,A,49,Alveolar type 2 cell,46,28,3,3,3_2,SMC
A-2633,all,346,100,3068,4423,22,120042,0,0,0,0,0,A,33,Interstitial macrophage,48,34,8,8,8_2,InterstitialMac
A-2634,all,126,52,3061,4060,24,40367,50,0,50,0,1,A,14,Inflammatory monocyte,46,22,2,2,2_2,InflamMac
A-2635,all,263,68,3313,4915,20,59525,0,0,0,0,0,A,136,B cell,44,30,4,4,4_2,CiliatedEpi
A-2636,all,124,56,2271,4240,35,62578,0,0,0,0,0,A,16,Inflammatory monocyte,42,24,2,2,2_5,DC
A-2638,all,435,84,3344,5007,23,126898,0,0,0,0,0,A,224,Inflammatory monocyte,51,20,4,4,4_2,ClubEpi
A-2640,all,22,12,2428,5189,23,11546,0,0,0,0,0,A,2,Venous endothelial cell,39,12,2,2,2_3,Vein
A-2642,all,35,22,3074,5392,5,16027,0,0,0,0,0,A,2,Chondrocyte,42,22,8,8,8_1,AlveolarMac
A-2643,all,142,54,2179,4923,25,62999,0,0,0,0,0,A,15,B cell,53,33,2,2,2_2,InflamMac
A-2644,all,132,66,2389,5037,32,56915,0,0,0,0,0,A,10,Alveolar type 1 cell,41,25,7,7,7_3,Tcell (CD8)
A-2646,all,48,22,1833,4665,32,19521,0,0,0,0,0,A,12,Alveolar fibroblast 1,51,23,1,1,1_4_1,AlveolarFib
A-2647,all,232,74,3405,5245,24,81298,0,0,0,0,0,A,104,Venous endothelial cell,49,37,4,4,4_1_2,CiliatedEpi
A-2648,all,110,53,2893,4383,38,31423,0,0,0,0,0,A,14,B cell,56,40,9,9,9,Bcell
A-2649,all,249,68,3641,3827,20,98584,50,0,50,0,1,A,33,B cell,57,27,7,7,7_3,Tcell (CD8)
A-2651,all,34,17,3262,5042,5,12985,0,0,0,0,0,A,3,Secondary crest myofibroblast,41,18,3,3,3_1,SMC
A-2652,all,20,12,3599,3809,13,10555,0,0,0,0,0,A,2,B cell,37,12,9,9,9,Bcell
A-2657,all,214,77,2710,4391,30,77291,0,0,0,0,0,A,29,Interstitial macrophage,58,46,8,8,8_2,InterstitialMac
A-2659,all,17,10,2582,4948,10,12911,0,0,0,0,0,A,5,Airway smooth muscle cell,39,11,3,3,3_2,SMC
A-2660,all,273,67,3388,5115,23,96991,0,0,0,0,0,A,126,Mesothelial cell,50,36,4,4,4_2,CiliatedEpi
A-2661,all,214,56,3113,4281,26,87129,30483,14172,13894,0.504952612,0.495047388,A,46,Ciliated cell,55,32,4,4,4_1_2,CiliatedEpi
A-2662,all,147,65,2738,5452,24,75129,0,0,0,0,0,A,15,Inflammatory monocyte,45,29,3,3,3_2,SMC
A-2663,all,353,92,3167,4325,23,121955,408231,155951,226092,0.408202742,0.591797258,A,128,Arterial endothelial cell,50,30,4,4,4_1_2,CiliatedEpi
A-2664,all,124,56,2974,4114,34,44894,1057,0,1057,0,1,A,14,Mature DC subset,43,27,1,1,1_2_1,Tcell (CD4)
A-2666,all,131,46,2984,3945,22,99716,0,0,0,0,0,A,8,Interstitial macrophage,51,29,8,8,8_2,InterstitialMac
A-2667,all,269,80,2337,4419,19,99614,0,0,0,0,0,A,39,Alveolar type 2 cell,45,28,2,2,2_2,InflamMac
A-2668,all,89,38,3295,3920,23,55405,0,0,0,0,0,A,9,Alveolar fibroblast 1,65,37,1,1,1_5_2,AlveolarFib
A-2669,all,364,87,2872,4430,27,109792,50,0,50,0,1,A,16,Arterial endothelial cell,51,26,3,3,3_3,AdventitialFib
A-2670,all,185,64,3137,4513,34,59730,0,0,0,0,0,A,64,Alveolar fibroblast 1,40,26,4,4,4_1_2,CiliatedEpi
A-2671,all,268,97,3080,4611,28,98479,52,0,0,0,0,A,51,CD4+ T cell,48,37,1,1,1_6_2,Neutrophil
A-2672,all,174,48,3220,4133,33,58689,387119,29375,357744,0.07588106,0.92411894,A,40,Endothelial progenitor cell,49,19,4,4,4_1_2,CiliatedEpi
A-2673,all,59,31,2547,4972,15,30384,0,0,0,0,0,A,9,Airway smooth muscle cell,55,31,3,3,3_2,SMC
A-2674,all,393,94,2358,4738,28,126412,0,0,0,0,0,A,42,CD4+ T cell,52,32,8,8,8_2,InterstitialMac
A-2675,all,311,87,2923,4221,26,103958,0,0,0,0,0,A,33,Pericyte,48,27,1,1,1_2_1,Tcell (CD4)
A-2677,all,111,53,2462,4926,19,60560,0,0,0,0,0,A,9,Alveolar fibroblast 1,48,26,1,1,1_5_2,AlveolarFib
A-2678,all,137,55,2978,4027,13,49351,56,0,56,0,1,A,8,Capillary 1 cell,47,27,2,2,2_2,InflamMac
A-2679,all,311,54,3567,3920,22,106745,257496,101912,155477,0.395945437,0.604054563,A,121,CD8+ T cell,51,12,4,4,4_1_2,CiliatedEpi
A-2681,all,132,61,3099,3875,35,47999,97297,22800,74497,0.234334049,0.765665951,A,19,B cell,42,23,1,1,1_2_1,Tcell (CD4)
A-2683,all,28,15,3294,5051,6,9954,0,0,0,0,0,A,2,Endothelial progenitor cell,39,15,8,8,8_2,InterstitialMac
A-2687,all,44,28,3256,4087,30,15208,112050,12302,99748,0.109790272,0.890209728,A,12,CD4+ T cell,45,29,3,3,3_2,SMC
A-2689,all,167,60,2444,5146,22,73121,0,0,0,0,0,A,11,CD8+ T cell,52,34,2,2,2_1,Capillary
A-2690,all,228,57,3511,3902,22,76727,144626,60174,98667,0.378831662,0.621168338,A,73,Endothelial progenitor cell,52,22,4,4,4_1_2,CiliatedEpi
A-2691,all,260,84,3419,5286,21,84819,0,0,0,0,0,A,100,Ciliated cell,51,46,4,4,4_1_2,CiliatedEpi
A-2692,all,87,48,2619,5176,38,26418,0,0,0,0,0,A,13,Alveolar fibroblast 1,63,47,3,3,3_2,SMC
A-2693,all,183,69,3281,4813,26,69067,0,0,0,0,0,A,48,B cell,47,34,4,4,4_1_2,CiliatedEpi
A-2694,all,177,74,2909,4269,32,54970,0,0,0,0,0,A,14,Inflammatory monocyte,52,34,1,1,1_2_1,Tcell (CD4)
A-2697,all,76,39,3118,3958,37,35421,2190,0,2190,0,1,A,10,CD4+ T cell,59,39,7,7,7_3,Tcell (CD8)
A-2698,all,146,55,2680,5270,15,52812,0,0,0,0,0,A,10,Arterial endothelial cell,53,33,2,2,2_3,Vein
A-2701,all,368,94,3347,3808,23,122806,261365,9795,251570,0.037476326,0.962523674,A,21,CD4+ T cell,52,20,7,7,7_3,Tcell (CD8)
A-2702,all,48,22,2717,5263,18,20219,0,0,0,0,0,A,5,Proliferative mesenchymal progenitor cell,49,23,3,3,3_2,SMC
A-2704,all,35,20,2362,4868,20,15598,0,0,0,0,0,A,2,Alveolar fibroblast 1,40,21,1,1,1_6_2,Neutrophil
A-2706,all,62,31,2735,4347,30,25793,0,0,0,0,0,A,10,Interstitial macrophage,57,31,8,8,8_3,InterstitialMac
A-2709,all,150,53,2461,5249,26,72827,0,0,0,0,0,A,22,Inflammatory monocyte,51,29,3,3,3_2,SMC
A-2710,all,202,75,2401,4496,15,73117,0,0,0,0,0,A,27,Mesothelial cell,51,35,3,3,3_4,AdventitialFib
A-2712,all,65,33,2971,4254,24,25614,0,0,0,0,0,A,8,Proliferative mesenchymal progenitor cell,56,33,3,3,3_3,AdventitialFib
A-2713,all,257,75,3249,4712,29,83103,0,0,0,0,0,A,136,Endothelial progenitor cell,41,26,4,4,4_2,CiliatedEpi
A-2714,all,146,49,2247,4782,19,82409,0,0,0,0,0,A,10,Secondary crest myofibroblast,50,20,1,1,1_5_2,AlveolarFib
A-2715,all,112,39,3117,4086,13,42121,119958,0,119958,0,1,A,4,Inflammatory monocyte,50,22,3,3,3_2,SMC
A-2717,all,90,42,2531,5104,30,31464,0,0,0,0,0,A,8,B cell,61,41,2,2,2_4,Artery
A-2719,all,183,63,3165,4564,34,64565,0,0,0,0,0,A,76,B cell,50,26,4,4,4_1_2,ClubEpi
A-2721,all,13,11,2518,5404,36,8878,0,0,0,0,0,A,3,CD4+ T cell,31,12,3,3,3_2,SMC
A-2722,all,165,65,2261,4963,36,48456,0,0,0,0,0,A,26,Interstitial macrophage,50,33,8,8,8_3,InterstitialMac
A-2724,all,244,74,3053,4097,18,98164,1311,0,1311,0,1,A,20,Alveolar macrophage,53,31,1,1,1_5_2,AlveolarFib
A-2726,all,141,58,2033,4831,21,53312,0,0,0,0,0,A,11,B cell,47,30,9,9,9,Bcell
A-2727,all,137,55,2535,5070,25,56404,0,0,0,0,0,A,6,Neutrophil,46,27,2,2,2_2,InflamMac
A-2728,all,349,50,3175,4109,23,116306,151563,15055,104123,0.12632365,0.87367635,A,52,Ciliated cell,56,9,4,4,4_1_2,CiliatedEpi
A-2734,all,91,37,2636,4627,34,42856,0,0,0,0,0,A,7,Inflammatory monocyte,64,38,3,3,3_2,SMC
A-2736,all,63,32,2830,4271,35,20564,0,0,0,0,0,A,7,Capillary 1 cell,58,33,3,3,3_2,SMC
A-2737,all,88,42,2550,4316,37,23836,0,0,0,0,0,A,4,CD8+ T cell,59,41,2,2,2_2,InflamMac
A-2738,all,458,118,2779,4137,22,149343,0,0,0,0,0,A,48,B cell,43,30,2,2,2_2,InflamMac
A-2739,all,50,25,2079,4764,9,21294,0,0,0,0,0,A,5,CD8+ T cell,50,25,1,1,1_5_2,AlveolarFib
A-2740,all,139,55,2776,5447,29,61006,0,0,0,0,0,A,16,B cell,49,28,3,3,3_2,SMC
A-2741,all,270,84,2027,5030,22,104158,0,0,0,0,0,A,30,Capillary 2 cell,47,33,2,2,2_6,pDC
A-2742,all,119,51,3161,5610,29,57626,0,0,0,0,0,A,14,Innate lymphoid cell,48,32,3,3,3_3,AdventitialFib
A-2743,all,115,51,2420,5061,32,52042,0,0,0,0,0,A,13,CD4+ T cell,43,24,2,2,2_2,InflamMac
A-2745,all,70,32,3165,4017,17,21605,18494,331,18163,0.017897697,0.982102303,A,7,CD4+ T cell,57,32,7,7,7_2,PatrolMac
A-2746,all,223,75,2420,4768,26,69548,0,0,0,0,0,A,23,B cell,53,33,3,3,3_3,AdventitialFib
A-2747,all,110,48,3139,5456,20,43281,0,0,0,0,0,A,25,Alveolar macrophage,54,33,8,8,8_3,InterstitialMac
A-2748,all,148,56,2641,5458,18,79028,0,0,0,0,0,A,31,Sox9+/Id2+ epithelial cell,50,26,3,3,3_2,SMC
A-2750,all,131,59,2518,5002,24,50097,0,0,0,0,0,A,28,Alveolar fibroblast 1,42,25,3,3,3_2,SMC
A-2753,all,183,68,2369,4926,35,71344,0,0,0,0,0,A,18,Natural killer cell,54,34,3,3,3_2,SMC
A-2754,all,333,85,2946,4381,21,118786,0,0,0,0,0,A,40,Mesothelial cell,49,32,1,1,1_2_1,Tcell (CD4)
A-2757,all,130,59,2816,4175,21,51301,0,0,0,0,0,A,16,Inflammatory monocyte,45,32,7,7,7_2,PatrolMac
A-2760,all,54,23,3180,4650,40,16241,0,0,0,0,0,A,23,Alveolar type 2 cell,42,22,4,4,4_1_2,CiliatedEpi
A-2761,all,182,68,3051,4453,25,58372,0,0,0,0,0,A,22,Interstitial macrophage,53,35,8,8,8_3,InterstitialMac
A-2762,all,27,20,3004,4231,39,11291,0,0,0,0,0,A,4,B cell,44,20,3,3,3_3,AdventitialFib
A-2764,all,235,89,2457,5202,24,98202,0,0,0,0,0,A,27,Arterial endothelial cell,47,33,3,3,3_5,SMC
A-2770,all,247,83,3205,3886,23,113807,4175,0,3204,0,1,A,29,Alveolar fibroblast 1,46,27,7,7,7_3,Tcell (CD8)
A-2772,all,35,25,2792,4087,9,10430,0,0,0,0,0,A,4,CD4+ T cell,41,25,7,7,7_2,PatrolMac
A-2773,all,82,30,3269,3955,20,70483,1159,0,1109,0,1,A,6,Venous endothelial cell,61,31,3,3,3_2,SMC
A-2775,all,209,66,3337,5506,21,99347,0,0,0,0,0,A,75,Venous endothelial cell,48,31,4,4,4_1_2,CiliatedEpi
A-2776,all,87,41,2337,4644,24,31339,0,0,0,0,0,A,9,Interstitial macrophage,56,41,8,8,8_3,InterstitialMac
A-2779,all,97,49,2943,4145,26,28714,0,0,0,0,0,A,15,B cell,64,48,9,9,9,Bcell
A-2780,all,326,85,3468,3903,23,112063,617065,361444,210559,0.631891791,0.368108209,A,90,Ciliated cell,49,23,4,4,4_1_2,CiliatedEpi
A-2781,all,16,10,2303,3905,5,13181,0,0,0,0,0,A,2,Alveolar fibroblast 1,34,10,2,2,2_3,Vein
A-2784,all,41,22,3048,4133,13,17764,7220,0,7220,0,1,A,7,CD4+ T cell,42,22,1,1,1_2_1,Tcell (CD4)
A-2785,all,115,46,2794,4271,34,47123,0,0,0,0,0,A,13,B cell,55,32,9,9,9,Bcell
A-2787,all,183,59,3615,3857,25,78383,0,0,0,0,0,A,10,Capillary 1 cell,55,27,7,7,7_3,Tcell (CD8)
A-2788,all,200,75,2435,4479,26,85389,0,0,0,0,0,A,14,B cell,53,41,3,3,3_3,AdventitialFib
A-2789,all,353,111,2984,4287,23,131281,0,0,0,0,0,A,41,Interstitial macrophage,46,34,9,9,9,Bcell
A-2790,all,16,11,2507,5378,36,7654,0,0,0,0,0,A,3,Alveolar fibroblast 2,33,11,3,3,3_3,AdventitialFib
A-2791,all,53,33,2605,5374,31,16380,0,0,0,0,0,A,11,Inflammatory monocyte,54,34,3,3,3_2,SMC
A-2793,all,74,40,2840,4191,15,32967,0,0,0,0,0,A,4,T regulatory cell,56,40,7,7,7_2,PatrolMac
A-2795,all,235,79,2943,4306,29,74340,0,0,0,0,0,A,20,Mature DC subset,54,39,3,3,3_2,SMC
A-2797,all,191,66,2049,4867,24,82417,0,0,0,0,0,A,29,Alveolar type 1 cell,53,32,3,3,3_2,SMC
A-2798,all,55,37,2582,5014,17,28863,0,0,0,0,0,A,6,Vascular smooth muscle cell,56,38,3,3,3_2,SMC
A-2801,all,95,42,1980,4829,32,30199,0,0,0,0,0,A,14,B cell,60,41,7,7,7_2,PatrolMac
A-2802,all,47,26,1833,5346,30,19042,0,0,0,0,0,A,7,Alveolar type 2 cell,50,27,2,2,2_2,InflamMac
A-2804,all,161,51,3211,4479,11,42649,0,0,0,0,0,A,68,Ciliated cell,58,37,4,4,4_2,CiliatedEpi
A-2805,all,215,61,3352,5548,21,55316,0,0,0,0,0,A,97,Secretory cell,47,26,4,4,4_2,CiliatedEpi
A-2808,all,112,60,2602,5061,24,39246,0,0,0,0,0,A,17,Venous endothelial cell,47,36,3,3,3_2,SMC
A-2810,all,30,16,2542,4869,6,10595,0,0,0,0,0,A,4,Mesothelial cell,38,16,3,3,3_3,AdventitialFib
A-2813,all,157,62,2410,5165,23,62654,0,0,0,0,0,A,17,Mesothelial cell,52,34,3,3,3_3,AdventitialFib
A-2816,all,92,42,2704,5495,20,40225,0,0,0,0,0,A,5,Secondary crest myofibroblast,62,40,3,3,3_3,AdventitialFib
A-2817,all,180,71,3684,3860,30,72532,0,0,0,0,0,A,32,Proliferative mesenchymal progenitor cell,51,34,7,7,7_3,Tcell (CD8)
A-2818,all,224,76,1985,4733,26,83419,0,0,0,0,0,A,45,B cell,51,37,1,1,1_5_2,AlveolarFib
A-2822,all,119,50,2536,5027,23,50799,0,0,0,0,0,A,11,Secondary crest myofibroblast,48,32,3,3,3_2,SMC
A-2823,all,88,39,2472,4961,22,38743,0,0,0,0,0,A,11,Secondary crest myofibroblast,59,38,3,3,3_2,SMC
A-2825,all,37,22,2978,4217,39,18903,0,0,0,0,0,A,4,CD4+ T cell,42,23,3,3,3_2,SMC
A-2826,all,64,28,3166,4064,25,41161,30752,414,28689,0.014225338,0.985774662,A,7,Alveolar fibroblast 1,57,28,1,1,1_3,AT2
A-2827,all,198,73,2815,4113,21,69420,0,0,0,0,0,A,21,B cell,52,37,1,1,1_5_2,AlveolarFib
A-2828,all,82,45,2564,5043,27,34616,0,0,0,0,0,A,5,Airway smooth muscle cell,62,46,3,3,3_2,SMC
A-2831,all,58,36,3185,3929,29,26510,0,0,0,0,0,A,9,Proliferative mesenchymal progenitor cell,57,36,7,7,7_3,Tcell (CD8)
A-2832,all,92,44,2782,5386,32,39064,0,0,0,0,0,A,18,B cell,63,44,3,3,3_2,SMC
A-2833,all,132,66,2777,4186,29,37233,0,0,0,0,0,A,16,Inflammatory monocyte,45,30,1,1,1_2_1,Tcell (CD4)
A-2834,all,79,35,2763,5412,21,29184,0,0,0,0,0,A,11,Secondary crest myofibroblast,57,35,3,3,3_2,SMC
A-2837,all,140,58,2555,5001,21,65425,0,0,0,0,0,A,28,B cell,48,27,3,3,3_2,SMC
A-2840,all,81,35,2551,5300,33,30941,0,0,0,0,0,A,4,Capillary 1 cell,59,35,2,2,2_3,Vein
A-2842,all,87,37,2955,4243,21,27382,0,0,0,0,0,A,10,Interstitial macrophage,61,36,8,8,8_3,InterstitialMac
A-2847,all,102,46,2866,6615,25,47096,0,0,0,0,0,A,6,Arterial endothelial cell,62,40,2,2,2_4,Artery
A-2848,all,82,38,2082,6227,30,44649,0,0,0,0,0,A,20,Alveolar fibroblast 1,60,38,1,1,1_5_2,AlveolarFib
A-2849,all,92,39,2737,7057,28,80178,0,0,0,0,0,A,12,CD4+ T cell,62,39,7,7,7_2,PatrolMac
A-2850,all,167,42,3386,6455,23,51319,0,0,0,0,0,A,98,Ciliated cell,61,42,4,4,4_2,CiliatedEpi
A-2851,all,72,29,3634,7182,13,80291,0,0,0,0,0,A,8,CD4+ T cell,55,29,1,1,1_2_1,Tcell (CD4)
A-2852,all,49,28,3597,6775,30,33212,0,0,0,0,0,A,9,Capillary 1 cell,49,28,2,2,2_3,Vein
A-2853,all,149,58,2125,6161,30,61935,0,0,0,0,0,A,7,Inflammatory monocyte,48,26,7,7,7_2,PatrolMac
A-2854,all,197,79,2679,5789,27,106095,0,0,0,0,0,A,18,Alveolar fibroblast 2,47,32,3,3,3_3,AdventitialFib
A-2855,all,68,35,1944,6565,17,79963,0,0,0,0,0,A,14,Inflammatory monocyte,54,36,1,1,1_4_1,AlveolarFib
A-2856,all,120,54,3480,7130,23,88946,0,0,0,0,0,A,23,Alveolar type 1 cell,41,26,1,1,1_5_1,LymphaticEndo
A-2857,all,215,76,2588,5841,24,88881,0,0,0,0,0,A,19,Secondary crest myofibroblast,50,35,3,3,3_3,AdventitialFib
A-2860,all,382,92,3229,5726,27,114155,0,0,0,0,0,A,206,Ciliated cell,54,40,4,4,4_2,CiliatedEpi
A-2862,all,65,27,3066,6560,9,35297,51,0,51,0,1,A,4,Ciliated cell,58,28,1,1,1_6_2,Neutrophil
A-2864,all,179,61,2618,6571,14,80873,0,0,0,0,0,A,39,Alveolar macrophage,54,32,8,8,8_1,AlveolarMac
A-2866,all,88,37,2161,6024,33,45348,0,0,0,0,0,A,7,Alveolar macrophage,58,38,2,2,2_2,InflamMac
A-2867,all,111,34,3054,6795,12,47895,0,0,0,0,0,A,74,Proliferative mesenchymal progenitor cell,45,16,1,1,1_1,AT2
A-2868,all,121,33,3342,7236,35,53239,53,0,53,0,1,A,88,Alveolar type 2 cell,46,17,1,1,1_3,AT2
A-2869,all,112,53,2086,5957,14,56487,0,0,0,0,0,A,10,B cell,49,36,7,7,7_2,PatrolMac
A-2870,all,176,73,2944,5935,23,78746,0,0,0,0,0,A,15,Vascular smooth muscle cell,50,38,3,3,3_2,SMC
A-2871,all,195,69,2601,6318,26,75632,0,0,0,0,0,A,20,Alveolar type 1 cell,49,28,6,6,6,AT1
A-2872,all,28,19,2052,5896,38,27434,7400,0,7400,0,1,A,8,Alveolar macrophage,40,19,8,8,8_1,AlveolarMac
A-2873,all,37,22,2427,7332,17,40964,0,0,0,0,0,A,7,Capillary 1 cell,41,23,2,2,2_5,DC
A-2875,all,304,61,3574,6449,31,75115,0,0,0,0,0,A,202,Secretory cell,53,16,4,4,4_2,ClubEpi
A-2876,all,76,33,2825,6704,18,37007,0,0,0,0,0,A,6,Alveolar type 1 cell,56,33,6,6,6,AT1
A-2877,all,252,56,3526,6428,35,62840,0,0,0,0,0,A,158,Venous endothelial cell,44,31,4,4,4_2,CiliatedEpi
A-2878,all,81,46,2755,5913,38,42271,0,0,0,0,0,A,10,Secondary crest myofibroblast,59,47,3,3,3_2,SMC
A-2879,all,31,17,2776,6159,39,26221,0,0,0,0,0,A,3,Sox9+/Id2+ epithelial cell,40,18,3,3,3_2,SMC
A-2880,all,150,22,2702,6493,13,64077,50,0,50,0,1,A,131,Alveolar type 2 cell,49,10,1,1,1_1,AT2
A-2881,all,59,30,2866,6295,21,34803,0,0,0,0,0,A,9,CD8+ T cell,55,30,2,2,2_2,InflamMac
A-2882,all,107,48,2707,5736,32,41026,0,0,0,0,0,A,10,Vascular smooth muscle cell,63,41,3,3,3_2,SMC
A-2883,all,58,30,2167,6564,15,56460,0,0,0,0,0,A,9,Ciliated cell,54,32,2,2,2_5,DC
A-2884,all,226,50,3252,6162,23,79236,0,0,0,0,0,A,153,Arterial endothelial cell,64,48,4,4,4_2,CiliatedEpi
A-2885,all,212,63,2682,6197,23,79783,0,0,0,0,0,A,4,Venous endothelial cell,50,27,1,1,1_4_1,AlveolarFib
A-2886,all,351,73,3405,6344,24,81117,0,0,0,0,0,A,248,Alveolar fibroblast 1,49,39,4,4,4_2,CiliatedEpi
A-2887,all,115,49,2668,7078,19,52210,0,0,0,0,0,A,11,Sox9+/Id2+ epithelial cell,42,24,1,1,1_4_1,AlveolarFib
A-2888,all,175,66,3003,7131,26,94736,253,139,114,0.549407115,0.450592885,A,7,B cell,52,38,2,2,2_2,InflamMac
A-2889,all,307,40,3459,6449,16,63436,0,0,0,0,0,A,249,Alveolar type 1 cell,57,40,4,4,4_2,CiliatedEpi
A-2890,all,89,49,1945,7567,20,81187,0,0,0,0,0,A,27,Pericyte,68,49,5,5,5_1,Pericyte
A-2892,all,87,38,2762,6117,17,49545,0,0,0,0,0,A,8,Vascular smooth muscle cell,59,38,3,3,3_2,SMC
A-2893,all,97,36,2322,6832,19,100338,0,0,0,0,0,A,10,CD4+ T cell,57,36,7,7,7_2,PatrolMac
A-2896,all,45,27,2996,6401,14,19686,0,0,0,0,0,A,4,Alveolar macrophage,47,28,3,3,3_5,SMC
A-2897,all,47,27,1993,5959,35,29223,0,0,0,0,0,A,12,Neutrophil,49,28,1,1,1_4_1,AlveolarFib
A-2898,all,91,49,2713,6427,23,53350,0,0,0,0,0,A,13,Alveolar fibroblast 1,64,50,2,2,2_2,InflamMac
A-2899,all,118,56,2734,6456,17,71469,0,0,0,0,0,A,16,Endothelial progenitor cell,44,34,2,2,2_6,pDC
A-2900,all,62,32,3432,7473,10,40333,0,0,0,0,0,A,9,Inflammatory monocyte,56,34,2,2,2_5,DC
A-2901,all,84,42,3295,6868,32,45844,0,0,0,0,0,A,12,Pericyte,59,42,5,5,5_1,Pericyte
A-2902,all,76,47,2359,6995,34,48611,0,0,0,0,0,A,6,Alveolar fibroblast 1,59,47,1,1,1_5_2,AlveolarFib
A-2903,all,44,23,1942,7074,24,41916,0,0,0,0,0,A,15,Sox9+/Id2+ epithelial cell,46,24,2,2,2_1,Capillary
A-2904,all,172,39,3448,6497,16,46299,0,0,0,0,0,A,101,Ciliated cell,58,39,4,4,4_2,CiliatedEpi
A-2906,all,293,71,3176,5945,30,76828,0,0,0,0,0,A,163,Ciliated cell,42,26,4,4,4_2,CiliatedEpi
A-2907,all,87,47,3279,5693,35,33792,0,0,0,0,0,A,26,Alveolar fibroblast 1,62,47,3,3,3_3,AdventitialFib
A-2908,all,33,17,3479,7045,27,19873,0,0,0,0,0,A,6,Alveolar macrophage,45,18,1,1,1_4_1,AlveolarFib
A-2911,all,130,56,2856,6560,28,64419,0,0,0,0,0,A,14,Airway smooth muscle cell,47,30,3,3,3_1,SMC
A-2912,all,56,35,3485,7518,35,63890,0,0,0,0,0,A,6,Arterial endothelial cell,55,35,2,2,2_4,Artery
A-2914,all,116,31,3584,6506,17,69548,0,0,0,0,0,A,59,Inflammatory monocyte,55,30,4,4,4_2,CiliatedEpi
A-2915,all,171,67,2650,6269,16,68492,0,0,0,0,0,A,14,Inflammatory monocyte,46,29,2,2,2_1,Capillary
A-2916,all,88,48,2529,6759,21,64351,0,0,0,0,0,A,17,B cell,60,48,9,9,9,Bcell
A-2917,all,228,69,2711,6383,24,83083,0,0,0,0,0,A,32,Alveolar fibroblast 1,50,32,3,3,3_2,SMC
A-2919,all,73,40,2841,5837,21,38870,0,0,0,0,0,A,10,Secondary crest myofibroblast,57,41,3,3,3_2,SMC
A-2920,all,91,44,2163,6510,14,67747,60,60,0,1,0,A,3,Capillary 1 cell,63,44,1,1,1_6_2,Neutrophil
A-2921,all,146,49,2274,7323,25,97937,0,0,0,0,0,A,30,Alveolar type 1 cell,46,20,6,6,6,AT1
A-2922,all,137,52,2119,6620,24,70182,0,0,0,0,0,A,2,Sox9+/Id2+ epithelial cell,48,25,3,3,3_2,SMC
A-2924,all,190,71,2006,5917,31,78767,890,0,890,0,1,A,26,Alveolar macrophage,57,40,1,1,1_4_1,AlveolarFib
A-2925,all,337,90,3389,6289,30,98297,0,0,0,0,0,A,158,Secretory cell,50,37,4,4,4_2,CiliatedEpi
A-2926,all,34,21,1977,7343,17,21542,0,0,0,0,0,A,12,Inflammatory monocyte,42,21,9,9,9,Bcell
A-2928,all,121,49,2685,7019,18,90217,50,50,0,1,0,A,24,B cell,47,27,9,9,9,Bcell
A-2929,all,132,47,3200,5972,35,37963,0,0,0,0,0,A,67,Capillary 1 cell,48,21,4,4,4_2,ClubEpi
A-2930,all,77,14,3100,5989,8,16578,0,0,0,0,0,A,62,CD8+ T cell,56,14,4,4,4_2,ClubEpi
A-2931,all,92,33,2101,7409,9,74033,0,0,0,0,0,A,19,Alveolar type 1 cell,60,33,6,6,6,AT1
A-2932,all,111,44,3475,6795,33,62556,0,0,0,0,0,A,14,Natural killer cell,48,25,2,2,2_2,InflamMac
A-2933,all,38,22,3463,6680,10,25978,0,0,0,0,0,A,5,Secondary crest myofibroblast,43,23,3,3,3_1,SMC
A-2935,all,463,84,3225,6197,23,143229,0,0,0,0,0,A,299,Secretory cell,50,13,4,4,4_2,ClubEpi
A-2936,all,129,49,2843,6439,17,59596,0,0,0,0,0,A,20,Vascular smooth muscle cell,46,26,3,3,3_2,SMC
A-2937,all,52,27,2281,7064,37,31477,0,0,0,0,0,A,11,Alveolar type 1 cell,52,28,1,1,1_4_1,AlveolarFib
A-2940,all,238,84,2347,5726,22,90685,56,0,56,0,1,A,26,Interstitial macrophage,46,32,8,8,8_3,InterstitialMac
A-2941,all,152,62,2714,5659,16,82570,0,0,0,0,0,A,18,B cell,48,28,3,3,3_3,AdventitialFib
A-2942,all,141,52,3369,6209,39,35592,0,0,0,0,0,A,55,Endothelial progenitor cell,63,44,4,4,4_1_2,CiliatedEpi
A-2943,all,99,42,2937,6252,27,46807,0,0,0,0,0,A,17,Arterial endothelial cell,63,40,2,2,2_2,InflamMac
A-2944,all,38,21,3058,6483,9,21146,0,0,0,0,0,A,4,Alveolar fibroblast 1,43,22,1,1,1_4_1,AlveolarFib
A-2946,all,218,82,3175,6532,23,110076,50,0,50,0,1,A,22,Capillary 2 cell,43,31,2,2,2_2,InflamMac
A-2947,all,117,56,2945,7415,31,87877,0,0,0,0,0,A,26,Alveolar fibroblast 1,48,31,1,1,1_5_1,LymphaticEndo
A-2949,all,95,40,2899,6571,29,57678,0,0,0,0,0,A,8,Secondary crest myofibroblast,62,40,3,3,3_2,SMC
A-2950,all,186,82,3125,6556,22,92748,51,0,51,0,1,A,22,Alveolar type 1 cell,49,37,2,2,2_2,InflamMac
A-2951,all,63,33,3746,6427,37,31743,0,0,0,0,0,A,24,Ciliated cell,53,33,4,4,4_1_2,CiliatedEpi
A-2953,all,94,54,3722,6563,25,43829,0,0,0,0,0,A,5,Alveolar macrophage,64,52,1,1,1_5_2,AlveolarFib
A-2954,all,46,23,2657,6526,36,30539,0,0,0,0,0,A,3,B cell,46,23,9,9,9,Bcell
A-2956,all,177,35,2647,6901,13,78407,0,0,0,0,0,A,126,Alveolar type 2 cell,47,13,1,1,1_1,AT2
A-2957,all,20,15,2012,7066,25,25127,0,0,0,0,0,A,3,Sox9+/Id2+ epithelial cell,38,14,2,2,2_1,Capillary
A-2959,all,93,39,2860,5775,29,37376,0,0,0,0,0,A,8,Pulmonary neuroendocrine cell,60,36,2,2,2_5,DC
A-2963,all,190,63,2567,6668,29,78008,0,0,0,0,0,A,6,Alveolar type 2 cell,52,36,1,1,1_6_2,Neutrophil
A-2964,all,49,27,2910,5902,10,29055,0,0,0,0,0,A,3,Inflammatory monocyte,50,28,3,3,3_2,SMC
A-2965,all,233,65,2751,5812,24,146051,0,0,0,0,0,A,24,Alveolar fibroblast 2,52,30,3,3,3_2,SMC
A-2966,all,93,34,3335,7294,28,48053,0,0,0,0,0,A,5,Alveolar type 1 cell,59,34,6,6,6,AT1
A-2968,all,116,50,2008,6261,27,65752,0,0,0,0,0,A,24,Sox9+/Id2+ epithelial cell,38,19,1,1,1_5_2,AlveolarFib
A-2969,all,93,41,2803,5715,26,46619,0,0,0,0,0,A,14,Arterial endothelial cell,64,42,2,2,2_2,InflamMac
A-2971,all,115,49,2004,7184,21,86365,0,0,0,0,0,A,13,Capillary 1 cell,49,31,2,2,2_6,pDC
A-2972,all,86,44,2461,6748,29,57179,0,0,0,0,0,A,10,Mesothelial cell,61,44,3,3,3_3,AdventitialFib
A-2975,all,221,59,3722,6521,21,87488,0,0,0,0,0,A,105,Ciliated cell,44,26,4,4,4_2,CiliatedEpi
A-2978,all,268,41,3283,6299,18,52245,0,0,0,0,0,A,201,Secretory cell,54,8,4,4,4_2,ClubEpi
A-2980,all,43,17,1969,7043,26,45746,0,0,0,0,0,A,6,Alveolar fibroblast 1,45,18,1,1,1_4_3,AlveolarFib
A-2981,all,150,31,3426,6519,17,34881,0,0,0,0,0,A,104,Capillary 1 cell,54,31,4,4,4_2,CiliatedEpi
A-2982,all,97,43,1980,5997,33,34144,0,0,0,0,0,A,23,Alveolar type 2 cell,62,42,1,1,1_3,AT2
A-2983,all,113,53,2469,6284,18,52791,123,0,123,0,1,A,35,B cell,40,25,9,9,9,Bcell
A-2984,all,28,15,3404,7226,35,20536,0,0,0,0,0,A,12,Sox9+/Id2+ epithelial cell,43,15,2,2,2_6,pDC
A-2985,all,125,53,2831,6591,32,59127,0,0,0,0,0,A,19,Inflammatory monocyte,44,29,2,2,2_2,InflamMac
A-2986,all,19,10,3621,7040,40,9898,0,0,0,0,0,A,2,Mesothelial cell,38,10,3,3,3_3,AdventitialFib
A-2989,all,170,59,2748,6306,22,87227,0,0,0,0,0,A,18,Alveolar fibroblast 1,53,37,2,2,2_1,Capillary
A-2990,all,82,31,2821,6397,22,38912,0,0,0,0,0,A,5,Alveolar type 1 cell,59,32,2,2,2_2,InflamMac
A-2992,all,184,69,3344,6455,30,70164,0,0,0,0,0,A,53,Inflammatory monocyte,44,28,4,4,4_1_2,CiliatedEpi
A-2993,all,149,60,2961,6495,24,65722,0,0,0,0,0,A,12,Arterial endothelial cell,49,31,3,3,3_2,SMC
A-2994,all,57,26,3127,6941,27,34918,0,0,0,0,0,A,11,Sox9+/Id2+ epithelial cell,52,26,1,1,1_3,AT2
A-2997,all,74,39,2672,5670,34,31443,0,0,0,0,0,A,11,B cell,56,39,9,9,9,Bcell
A-2998,all,69,40,2691,6153,10,29348,0,0,0,0,0,A,5,Capillary 2 cell,58,39,2,2,2_1,Capillary
A-2999,all,68,38,3305,7147,8,43697,0,0,0,0,0,A,4,B cell,60,38,9,9,9,Bcell
A-3000,all,122,40,3447,6325,37,29356,0,0,0,0,0,A,72,Capillary 1 cell,57,39,4,4,4_2,CiliatedEpi
A-3001,all,225,78,3201,5686,22,86933,0,0,0,0,0,A,103,Mesothelial cell,39,26,4,4,4_2,CiliatedEpi
A-3005,all,101,39,2761,6517,25,51411,0,0,0,0,0,A,9,Alveolar fibroblast 1,63,37,3,3,3_2,SMC
A-3006,all,85,40,3018,6171,38,34473,0,0,0,0,0,A,7,Proliferative mesenchymal progenitor cell,62,40,3,3,3_3,AdventitialFib
A-3008,all,110,55,2700,6273,31,54174,0,0,0,0,0,A,6,Alveolar type 1 cell,47,34,1,1,1_4_1,AlveolarFib
A-3010,all,185,68,2700,6546,19,101236,0,0,0,0,0,A,29,Capillary 2 cell,51,37,1,1,1_2_1,Tcell (CD4)
A-3011,all,9,6,2653,6490,29,10193,0,0,0,0,0,A,3,Alveolar fibroblast 1,26,7,2,2,2_6,pDC
A-3012,all,30,17,2767,6194,37,23405,0,0,0,0,0,A,5,Alveolar type 1 cell,44,18,3,3,3_2,SMC
A-3014,all,98,41,3178,6913,34,50431,0,0,0,0,0,A,17,B cell,60,37,9,9,9,Bcell
A-3015,all,100,50,2201,7351,24,85623,0,0,0,0,0,A,17,Secondary crest myofibroblast,64,44,1,1,1_4_1,AlveolarFib
A-3016,all,70,43,2908,7304,11,46302,0,0,0,0,0,A,15,Alveolar macrophage,52,44,2,2,2_1,Capillary
A-3017,all,142,34,3162,6059,16,41758,0,0,0,0,0,A,89,Alveolar macrophage,52,17,4,4,4_2,ClubEpi
A-3018,all,89,42,2819,5942,27,34224,0,0,0,0,0,A,6,Inflammatory monocyte,60,42,2,2,2_2,InflamMac
A-3019,all,88,37,1945,5968,24,49376,0,0,0,0,0,A,4,Capillary 2 cell,56,37,2,2,2_6,pDC
A-3020,all,102,46,2171,7332,14,57291,0,0,0,0,0,A,19,Vascular smooth muscle cell,64,42,2,2,2_1,Capillary
A-3022,all,94,37,2768,6437,30,44339,0,0,0,0,0,A,8,Secondary crest myofibroblast,59,35,2,2,2_2,InflamMac
A-3024,all,169,59,2852,5678,17,92461,0,0,0,0,0,A,18,CD8+ T cell,49,33,3,3,3_2,SMC
A-3029,all,43,12,2342,7196,10,21366,0,0,0,0,0,A,36,Alveolar type 2 cell,45,12,1,1,1_1,AT2
A-3031,all,128,57,2767,6230,21,59202,0,0,0,0,0,A,12,Arterial endothelial cell,43,27,3,3,3_1,SMC
A-3033,all,132,48,3625,6941,14,70173,0,0,0,0,0,A,55,Alveolar type 2 cell,46,24,1,1,1_1,AT2
A-3034,all,137,52,2409,6868,25,69729,0,0,0,0,0,A,17,Alveolar type 1 cell,46,25,6,6,6,AT1
A-3037,all,67,13,2319,7226,11,33960,0,0,0,0,0,A,53,Sox9+/Id2+ epithelial cell,52,13,1,1,1_1,AT2
A-3038,all,80,35,2261,6495,22,39866,0,0,0,0,0,A,13,B cell,57,35,8,8,8_1,AlveolarMac
A-3040,all,166,56,1959,6304,22,90729,0,0,0,0,0,A,106,Inflammatory monocyte,45,20,1,1,1_3,AT2
A-3041,all,29,20,2624,7177,12,30653,0,0,0,0,0,A,4,Natural killer cell,37,20,7,7,7_2,PatrolMac
A-3043,all,79,35,3114,7022,9,70715,0,0,0,0,0,A,8,Inflammatory monocyte,56,35,2,2,2_1,Capillary
A-3046,all,93,47,2490,6766,15,75534,0,0,0,0,0,A,15,Inflammatory monocyte,65,47,9,9,9,Bcell
A-3047,all,143,54,2899,6079,23,75281,0,0,0,0,0,A,9,Inflammatory monocyte,49,31,2,2,2_2,InflamMac
A-3049,all,73,37,2420,6326,37,37125,0,0,0,0,0,A,8,Innate lymphoid cell,56,37,1,1,1_5_2,AlveolarFib
A-3052,all,71,29,2092,6611,26,38034,0,0,0,0,0,A,5,CD4+ T cell,54,29,1,1,1_2_1,Tcell (CD4)
A-3054,all,61,34,2862,6697,37,22520,0,0,0,0,0,A,5,Alveolar macrophage,59,35,1,1,1_4_1,AlveolarFib
A-3055,all,142,51,3391,6420,22,56179,0,0,0,0,0,A,47,Alveolar fibroblast 1,59,40,4,4,4_1_2,CiliatedEpi
A-3057,all,230,83,2868,5813,29,103084,0,0,0,0,0,A,26,Inflammatory monocyte,47,35,2,2,2_2,InflamMac
A-3058,all,247,80,3240,6437,24,104078,0,0,0,0,0,A,29,Alveolar fibroblast 1,46,29,1,1,1_5_1,LymphaticEndo
A-3059,all,98,44,3176,6460,11,59872,0,0,0,0,0,A,8,Alveolar fibroblast 1,61,40,1,1,1_4_1,AlveolarFib
A-3060,all,101,44,2959,7329,18,90710,0,0,0,0,0,A,14,Pericyte,59,39,3,3,3_5,SMC
A-3062,all,363,79,3179,5746,24,118532,0,0,0,0,0,A,164,Secretory cell,58,37,4,4,4_2,CiliatedEpi
A-3063,all,114,45,2035,5988,31,47169,0,0,0,0,0,A,50,Alveolar type 2 cell,45,23,1,1,1_1,AT2
A-3065,all,101,31,3300,7323,25,57726,0,0,0,0,0,A,15,Alveolar type 1 cell,55,27,6,6,6,AT1
A-3066,all,176,57,3173,6006,31,39731,0,0,0,0,0,A,78,Endothelial progenitor cell,51,34,4,4,4_2,CiliatedEpi
A-3068,all,213,78,2933,6620,27,103158,0,0,0,0,0,A,19,Alveolar fibroblast 1,47,32,1,1,1_4_1,AlveolarFib
A-3069,all,217,78,2986,6748,30,137387,50,0,50,0,1,A,23,CD4+ T cell,52,37,7,7,7_2,PatrolMac
A-3072,all,154,45,3210,6014,37,40365,0,0,0,0,0,A,88,Ciliated cell,61,44,4,4,4_2,CiliatedEpi
A-3073,all,131,50,3033,6409,21,57198,0,0,0,0,0,A,12,Interstitial macrophage,50,26,8,8,8_1,AlveolarMac
A-3074,all,199,77,2771,5773,30,83758,0,0,0,0,0,A,33,Innate lymphoid cell,55,41,2,2,2_2,InflamMac
A-3076,all,251,45,3472,6417,33,56906,0,0,0,0,0,A,193,Venous endothelial cell,59,45,4,4,4_2,CiliatedEpi
A-3077,all,228,71,2789,5998,28,89382,0,0,0,0,0,A,24,Inflammatory monocyte,57,38,2,2,2_2,InflamMac
A-3078,all,168,68,3542,7138,29,83533,0,0,0,0,0,A,21,Alveolar fibroblast 1,46,32,2,2,2_1,Capillary
A-3079,all,86,43,2376,7141,20,51356,0,0,0,0,0,A,16,Alveolar fibroblast 2,59,43,3,3,3_4,AdventitialFib
A-3080,all,341,76,3695,6478,26,80999,0,0,0,0,0,A,215,Secretory cell,50,39,4,4,4_2,CiliatedEpi
A-3081,all,171,59,2460,6328,22,89165,53,0,53,0,1,A,62,Alveolar type 2 cell,48,28,9,9,9,Bcell
A-3082,all,168,67,2183,6120,25,70026,0,0,0,0,0,A,7,Innate lymphoid cell,47,32,1,1,1_4_1,AlveolarFib
A-3084,all,298,55,3619,6476,20,60881,51,0,51,0,1,A,241,Ciliated cell,65,53,4,4,4_2,CiliatedEpi
A-3085,all,68,33,2280,6980,38,42923,0,0,0,0,0,A,30,Pericyte,57,33,5,5,5_3,Pericyte
A-3086,all,71,15,2715,6855,37,26647,0,0,0,0,0,A,44,Alveolar type 2 cell,50,15,1,1,1_1,AT2
A-3088,all,80,41,2691,7145,25,59929,0,0,0,0,0,A,10,Alveolar type 1 cell,58,42,3,3,3_2,SMC
A-3090,all,230,76,2651,5865,29,87206,0,0,0,0,0,A,14,Interstitial macrophage,54,32,8,8,8_3,InterstitialMac
A-3091,all,67,34,2831,5736,36,37208,0,0,0,0,0,A,11,Vascular smooth muscle cell,58,35,2,2,2_2,InflamMac
A-3093,all,235,81,2802,5838,24,104392,0,0,0,0,0,A,30,Arterial endothelial cell,46,32,1,1,1_5_2,AlveolarFib
A-3095,all,66,24,2204,6507,12,36535,0,0,0,0,0,A,31,Alveolar type 2 cell,52,24,1,1,1_1,AT2
A-3096,all,44,30,2871,6062,19,26320,0,0,0,0,0,A,3,Inflammatory monocyte,45,31,2,2,2_2,InflamMac
A-3098,all,176,57,2552,6446,12,111934,51,0,51,0,1,A,8,CD8+ T cell,55,37,2,2,2_2,InflamMac
A-3099,all,108,46,1940,5928,24,50625,0,0,0,0,0,A,5,Innate lymphoid cell,52,30,2,2,2_2,InflamMac
A-3101,all,68,35,3366,6497,29,32591,0,0,0,0,0,A,7,B cell,55,36,3,3,3_5,SMC
A-3103,all,236,70,3381,7319,26,106887,0,0,0,0,0,A,27,B cell,48,33,2,2,2_4,Artery
A-3104,all,222,75,2900,6444,20,96508,0,0,0,0,0,A,22,Vascular smooth muscle cell,52,35,3,3,3_2,SMC
A-3105,all,99,47,2245,7321,24,62428,0,0,0,0,0,A,9,Inflammatory monocyte,55,38,1,1,1_4_1,AlveolarFib
A-3106,all,68,30,2839,6369,19,27636,0,0,0,0,0,A,11,Inflammatory monocyte,56,31,2,2,2_2,InflamMac
A-3107,all,155,61,2788,5676,26,68441,0,0,0,0,0,A,8,CD8+ T cell,48,32,2,2,2_2,InflamMac
A-3109,all,93,45,3367,7539,23,95559,0,0,0,0,0,A,4,Inflammatory monocyte,67,45,2,2,2_5,DC
A-3110,all,368,48,3748,6471,24,86618,0,0,0,0,0,A,284,Ciliated cell,54,8,4,4,4_2,ClubEpi
A-3111,all,158,63,2988,6519,20,63638,0,0,0,0,0,A,22,B cell,48,29,8,8,8_2,InterstitialMac
A-3113,all,149,43,3256,6125,30,52412,0,0,0,0,0,A,70,Arterial endothelial cell,62,42,4,4,4_2,CiliatedEpi
A-3114,all,43,23,2868,6258,18,25710,0,0,0,0,0,A,6,Inflammatory monocyte,44,24,2,2,2_2,InflamMac
A-3115,all,81,43,2991,6139,38,32505,0,0,0,0,0,A,7,Inflammatory monocyte,61,43,3,3,3_3,AdventitialFib
A-3117,all,187,56,2287,7134,22,94697,0,0,0,0,0,A,18,Capillary 1 cell,54,31,2,2,2_3,Vein
A-3118,all,198,67,3111,6411,29,80721,0,0,0,0,0,A,7,Alveolar type 1 cell,53,33,1,1,1_4_1,AlveolarFib
A-3121,all,341,79,3425,6384,22,101627,0,0,0,0,0,A,194,Ciliated cell,45,31,4,4,4_2,CiliatedEpi
A-3122,all,183,78,2937,5803,36,68833,0,0,0,0,0,A,27,Alveolar fibroblast 2,54,37,3,3,3_3,AdventitialFib
A-3124,all,74,33,2232,7382,32,51673,0,0,0,0,0,A,3,Arterial endothelial cell,56,34,2,2,2_4,Artery
A-3125,all,348,77,3246,5668,23,103165,0,0,0,0,0,A,230,Alveolar fibroblast 1,48,10,4,4,4_2,ClubEpi
A-3126,all,161,34,3135,6973,24,81548,0,0,0,0,0,A,116,Alveolar type 2 cell,43,10,1,1,1_1,AT2
A-3127,all,47,32,2594,7044,31,30229,0,0,0,0,0,A,5,Alveolar type 1 cell,47,32,1,1,1_5_2,AlveolarFib
A-3128,all,82,41,3209,5783,39,27245,0,0,0,0,0,A,32,Arterial endothelial cell,57,40,4,4,4_1_2,CiliatedEpi
A-3132,all,188,70,3104,6055,26,92517,0,0,0,0,0,A,30,B cell,57,37,9,9,9,Bcell
A-3133,all,201,70,2986,6008,22,93083,0,0,0,0,0,A,35,Alveolar macrophage,56,40,3,3,3_2,SMC
A-3134,all,37,17,2077,5882,38,23524,0,0,0,0,0,A,13,Arterial endothelial cell,44,17,8,8,8_1,AlveolarMac
A-3135,all,410,51,3509,6488,19,78676,0,0,0,0,0,A,303,Secretory cell,45,26,4,4,4_2,CiliatedEpi
A-3139,all,56,31,2100,6129,25,79838,0,0,0,0,0,A,23,B cell,54,31,9,9,9,Bcell
A-3140,all,70,36,2816,6663,12,54219,0,0,0,0,0,A,14,Pericyte,56,36,5,5,5_3,Pericyte
A-3141,all,151,54,2702,6106,22,72961,0,0,0,0,0,A,2,Alveolar type 1 cell,49,26,1,1,1_6_2,Neutrophil
A-3144,all,66,31,2412,6826,15,47491,0,0,0,0,0,A,7,Mesothelial cell,56,31,3,3,3_3,AdventitialFib
A-3145,all,20,14,2040,7232,36,16322,0,0,0,0,0,A,3,Alveolar type 1 cell,42,14,6,6,6,AT1
A-3147,all,177,65,2649,6660,28,88998,1913,68,1845,0.035546262,0.964453738,A,26,Arterial endothelial cell,51,35,6,6,6,AT1
A-3149,all,134,56,2724,5771,31,49107,0,0,0,0,0,A,13,Alveolar fibroblast 1,46,26,3,3,3_2,SMC
A-3151,all,105,47,2337,7154,21,56980,0,0,0,0,0,A,32,Secondary crest myofibroblast,58,39,2,2,2_3,Vein
A-3153,all,35,20,2002,6974,29,27153,0,0,0,0,0,A,4,Alveolar type 1 cell,43,21,1,1,1_4_1,AlveolarFib
A-3154,all,84,41,2730,6801,35,36673,0,0,0,0,0,A,7,Secondary crest myofibroblast,61,41,2,2,2_5,DC
A-3155,all,34,18,2435,7180,9,42446,0,0,0,0,0,A,8,CD4+ T cell,41,17,2,2,2_1,Capillary
A-3156,all,197,56,2695,6705,11,86452,3041569,2220431,821037,0.730052396,0.269947604,A,79,Alveolar type 2 cell,49,24,1,1,1_1,AT2
A-3157,all,250,80,2950,6211,29,112381,0,0,0,0,0,A,22,Alveolar fibroblast 1,44,33,1,1,1_5_2,AlveolarFib
A-3158,all,130,57,1974,7494,20,108004,248,248,0,1,0,A,6,Arterial endothelial cell,44,30,2,2,2_4,Artery
A-3162,all,160,62,2927,6016,24,73234,0,0,0,0,0,A,16,Vascular smooth muscle cell,50,36,3,3,3_2,SMC
A-3163,all,323,76,3179,6105,25,97646,0,0,0,0,0,A,156,Ciliated cell,53,23,4,4,4_2,ClubEpi
A-3164,all,72,39,3093,6937,36,43064,0,0,0,0,0,A,6,B cell,57,39,1,1,1_5_1,LymphaticEndo
A-3165,all,60,26,1971,6266,21,37968,0,0,0,0,0,A,9,Arterial endothelial cell,54,27,2,2,2_2,InflamMac
A-3167,all,155,50,3436,6575,32,64767,0,0,0,0,0,A,9,Alveolar type 1 cell,47,26,2,2,2_5,DC
A-3168,all,125,35,2555,7077,28,64167,0,0,0,0,0,A,87,Alveolar type 2 cell,42,12,1,1,1_3,AT2
A-3169,all,88,34,1963,6975,31,43647,0,0,0,0,0,A,10,Alveolar fibroblast 1,58,34,2,2,2_5,DC
A-3172,all,65,38,2874,5907,15,41989,0,0,0,0,0,A,7,Alveolar fibroblast 1,60,39,2,2,2_2,InflamMac
A-3173,all,86,33,2472,7311,23,84840,0,0,0,0,0,A,7,CD8+ T cell,61,34,2,2,2_2,InflamMac
A-3174,all,44,26,2696,7201,37,32973,0,0,0,0,0,A,7,Inflammatory monocyte,47,28,2,2,2_5,DC
A-3175,all,46,25,3690,6835,17,35006,0,0,0,0,0,A,7,Natural killer cell,51,26,2,2,2_2,InflamMac
A-3177,all,132,54,2290,6524,25,58726,0,0,0,0,0,A,23,Alveolar fibroblast 1,45,24,1,1,1_4_3,AlveolarFib
A-3179,all,111,48,2115,7214,29,62238,0,0,0,0,0,A,9,Alveolar macrophage,47,29,1,1,1_5_2,AlveolarFib
A-3180,all,102,50,2940,6482,30,48403,0,0,0,0,0,A,6,CD8+ T cell,61,40,2,2,2_2,InflamMac
A-3182,all,386,95,3311,6177,30,113984,0,0,0,0,0,A,157,B cell,50,24,4,4,4_2,ClubEpi
A-3184,all,77,32,2645,7033,22,44894,0,0,0,0,0,A,2,Natural killer cell,58,32,2,2,2_6,pDC
A-3185,all,52,24,3178,6942,30,31127,0,0,0,0,0,A,13,Mesothelial cell,52,24,6,6,6,AT1
A-3186,all,82,29,3528,7579,16,46208,0,0,0,0,0,A,9,Alveolar type 1 cell,56,29,6,6,6,AT1
A-3191,all,147,53,2982,6373,12,50630,53,53,0,1,0,A,11,Interstitial macrophage,49,29,8,8,8_1,AlveolarMac
A-3192,all,70,36,1969,7375,13,35104,52,0,52,0,1,A,4,Inflammatory monocyte,54,37,2,2,2_2,InflamMac
A-3193,all,79,24,2770,7191,28,45259,0,0,0,0,0,A,8,Alveolar type 1 cell,55,24,6,6,6,AT1
A-3194,all,91,41,2146,7207,34,45565,0,0,0,0,0,A,7,B cell,60,41,1,1,1_2_1,Tcell (CD4)
A-3196,all,138,52,1946,6459,17,121625,0,0,0,0,0,A,10,Inflammatory monocyte,49,28,2,2,2_2,InflamMac
A-3197,all,68,38,3723,7232,18,66024,0,0,0,0,0,A,15,Pericyte,57,38,5,5,5_3,Pericyte
A-3199,all,65,34,2003,6949,35,29931,0,0,0,0,0,A,3,T regulatory cell,56,35,1,1,1_6_2,Neutrophil
A-3201,all,108,39,2730,6616,12,50290,3135,0,3135,0,1,A,10,Inflammatory monocyte,55,31,7,7,7_2,PatrolMac
A-3202,all,151,46,2789,6717,18,61234,0,0,0,0,0,A,7,Alveolar type 1 cell,47,19,6,6,6,AT1
A-3203,all,301,72,3148,5825,22,90629,0,0,0,0,0,A,149,Inflammatory monocyte,46,33,4,4,4_2,CiliatedEpi
A-3204,all,289,58,3235,6089,27,82052,0,0,0,0,0,A,183,Ciliated cell,52,16,4,4,4_2,ClubEpi
A-3205,all,47,29,2032,6597,30,50613,0,0,0,0,0,A,14,B cell,47,29,9,9,9,Bcell
A-3207,all,31,21,3158,6987,35,16669,0,0,0,0,0,A,8,Alveolar type 2 cell,39,22,2,2,2_2,InflamMac
A-3208,all,158,38,3154,6027,17,35062,0,0,0,0,0,A,90,Ciliated cell,53,36,4,4,4_2,CiliatedEpi
A-3210,all,14,13,2437,7369,23,29293,0,0,0,0,0,A,2,Endothelial progenitor cell,29,13,2,2,2_1,Capillary
A-3211,all,18,11,3430,7253,9,13363,0,0,0,0,0,A,5,Alveolar type 1 cell,38,11,6,6,6,AT1
A-3212,all,134,59,3726,6625,20,59466,0,0,0,0,0,A,55,Alveolar type 2 cell,45,25,4,4,4_1_3,ClubEpi
A-3215,all,122,45,2759,6266,27,48045,0,0,0,0,0,A,5,Alveolar fibroblast 1,45,24,2,2,2_2,InflamMac
A-3216,all,108,46,2779,6470,28,48871,52,0,52,0,1,A,18,Inflammatory monocyte,60,39,2,2,2_2,InflamMac
A-3220,all,23,13,2086,7475,41,17445,0,0,0,0,0,A,4,Alveolar type 1 cell,42,13,6,6,6,AT1
A-3222,all,123,60,3120,5806,37,37916,0,0,0,0,0,A,32,Alveolar macrophage,66,55,4,4,4_1_2,CiliatedEpi
A-3223,all,65,33,2681,6838,34,41504,0,0,0,0,0,A,3,Sox9+/Id2+ epithelial cell,53,34,1,1,1_6_2,Neutrophil
A-3224,all,54,28,2946,7358,27,57298,0,0,0,0,0,A,5,Capillary 1 cell,52,28,2,2,2_1,Capillary
A-3226,all,240,41,3355,6337,22,59946,0,0,0,0,0,A,177,Ciliated cell,55,41,4,4,4_2,CiliatedEpi
A-3230,all,96,48,3655,6837,23,74337,0,0,0,0,0,A,8,Capillary 1 cell,66,47,9,9,9,Bcell
A-3231,all,126,55,3755,6699,19,86617,0,0,0,0,0,A,14,Alveolar fibroblast 1,40,23,1,1,1_4_1,AlveolarFib
A-3232,all,182,56,3727,6594,22,82421,68,68,0,1,0,A,69,Vascular smooth muscle cell,57,36,1,1,1_1,AT2
A-3233,all,63,29,3397,7429,11,41182,0,0,0,0,0,A,11,Alveolar fibroblast 1,55,29,1,1,1_5_1,LymphaticEndo
A-3234,all,113,38,2697,6616,13,51734,0,0,0,0,0,A,8,Alveolar type 1 cell,46,22,6,6,6,AT1
A-3235,all,61,22,1831,6939,20,34419,0,0,0,0,0,A,47,Alveolar type 2 cell,54,22,1,1,1_3,AT2
A-3236,all,86,21,3654,6919,24,37439,0,0,0,0,0,A,59,Alveolar fibroblast 1,56,21,1,1,1_1,AT2
A-3237,all,59,31,2007,7241,23,66896,0,0,0,0,0,A,7,Alveolar type 1 cell,56,31,6,6,6,AT1
A-3238,all,50,23,3192,7440,21,71543,0,0,0,0,0,A,2,Alveolar type 2 cell,50,23,1,1,1_3,AT2
A-3240,all,62,34,2135,7364,16,59139,0,0,0,0,0,A,11,Classical DC subset 2,56,34,3,3,3_4,AdventitialFib
A-3241,all,69,33,1987,6640,23,57687,0,0,0,0,0,A,27,Alveolar type 2 cell,55,33,2,2,2_6,pDC
A-3242,all,51,30,3746,6542,37,22296,0,0,0,0,0,A,14,Alveolar fibroblast 1,53,31,1,1,1_4_1,AlveolarFib
A-3245,all,57,27,2893,6310,15,25368,0,0,0,0,0,A,9,Inflammatory monocyte,52,27,2,2,2_1,Capillary
A-3248,all,41,27,2490,7162,11,39820,0,0,0,0,0,A,5,Capillary 1 cell,44,27,2,2,2_1,Capillary
A-3250,all,73,36,2329,6918,25,49718,0,0,0,0,0,A,2,Proliferative mesenchymal progenitor cell,53,37,1,1,1_6_2,Neutrophil
A-3251,all,215,70,2543,6816,28,108870,0,0,0,0,0,A,11,B cell,53,40,9,9,9,Bcell
A-3254,all,128,61,2724,6329,23,64041,0,0,0,0,0,A,15,Alveolar type 1 cell,39,25,3,3,3_3,AdventitialFib
A-3256,all,111,48,3058,7437,17,87975,53,0,53,0,1,A,9,Alveolar fibroblast 1,51,30,3,3,3_4,AdventitialFib
A-3257,all,178,67,2631,6387,16,92528,52,0,52,0,1,A,12,Venous endothelial cell,52,35,2,2,2_1,Capillary
A-3259,all,95,44,2636,7067,19,64911,0,0,0,0,0,A,19,Alveolar type 1 cell,63,44,8,8,8_2,InterstitialMac
A-3260,all,80,32,2679,6576,14,31167,0,0,0,0,0,A,5,Mesothelial cell,57,33,2,2,2_2,InflamMac
A-3266,all,47,37,2843,5923,20,35921,0,0,0,0,0,A,7,Inflammatory monocyte,48,38,3,3,3_2,SMC
A-3269,all,123,38,2748,7155,27,64693,0,0,0,0,0,A,16,Alveolar type 1 cell,47,23,6,6,6,AT1
A-3270,all,99,36,2742,6362,18,40263,0,0,0,0,0,A,4,Alveolar type 1 cell,57,32,6,6,6,AT1
A-3274,all,301,64,3412,6469,25,82932,0,0,0,0,0,A,148,Ciliated cell,56,26,4,4,4_2,ClubEpi
A-3275,all,151,46,2002,6612,20,92460,0,0,0,0,0,A,91,Alveolar type 2 cell,46,20,7,7,7_2,PatrolMac
A-3278,all,48,29,2931,6321,28,26959,0,0,0,0,0,A,8,Inflammatory monocyte,49,30,3,3,3_2,SMC
A-3279,all,223,69,2993,6672,28,108904,0,0,0,0,0,A,13,Mesothelial cell,52,35,2,2,2_2,InflamMac
A-3280,all,48,22,2703,6346,13,19576,0,0,0,0,0,A,6,B cell,48,22,9,9,9,Bcell
A-3282,all,86,41,2052,6630,31,36865,0,0,0,0,0,A,26,Capillary 2 cell,60,42,2,2,2_2,InflamMac
A-3283,all,60,13,3306,6304,15,19339,0,0,0,0,0,A,47,Ciliated cell,29,12,4,4,4_2,CiliatedEpi
A-3284,all,39,21,2100,7062,8,39501,0,0,0,0,0,A,4,Alveolar fibroblast 1,42,21,1,1,1_5_1,LymphaticEndo
A-3285,all,281,58,3135,5992,17,74995,0,0,0,0,0,A,178,Ciliated cell,50,34,4,4,4_2,CiliatedEpi
A-3288,all,133,33,3470,6376,39,30956,0,0,0,0,0,A,91,Capillary 1 cell,52,33,4,4,4_2,CiliatedEpi
A-3289,all,77,32,2445,6882,34,31635,0,0,0,0,0,A,3,Alveolar fibroblast 1,54,33,1,1,1_4_1,AlveolarFib
A-3291,all,24,18,3613,7073,38,13845,0,0,0,0,0,A,3,Inflammatory monocyte,43,19,1,1,1_4_1,AlveolarFib
A-3292,all,295,84,2843,5985,29,131792,0,0,0,0,0,A,32,Alveolar fibroblast 1,50,36,2,2,2_2,InflamMac
A-3293,all,36,23,1968,7007,24,32246,0,0,0,0,0,A,2,Neutrophil,42,24,2,2,2_2,InflamMac
A-3294,all,138,56,2379,6530,24,65184,0,0,0,0,0,A,29,Arterial endothelial cell,45,30,2,2,2_2,InflamMac
A-3299,all,38,28,2705,7171,35,21313,0,0,0,0,0,A,3,B cell,39,28,1,1,1_5_2,AlveolarFib
A-3300,all,146,43,3341,6300,21,57776,0,0,0,0,0,A,82,Ciliated cell,57,42,4,4,4_2,CiliatedEpi
A-3302,all,119,44,2919,6281,18,58430,0,0,0,0,0,A,11,Inflammatory monocyte,48,26,2,2,2_2,InflamMac
A-3303,all,203,66,3684,6564,24,72641,0,0,0,0,0,A,22,Arterial endothelial cell,53,39,4,4,4_1_3,CiliatedEpi
A-3305,all,176,76,2894,6036,24,79057,0,0,0,0,0,A,17,Sox9+/Id2+ epithelial cell,49,36,2,2,2_2,InflamMac
A-3308,all,53,25,3124,5874,38,16637,0,0,0,0,0,A,17,Mesothelial cell,52,25,3,3,3_3,AdventitialFib
A-3309,all,79,31,2216,6543,15,63184,0,0,0,0,0,A,42,Alveolar type 2 cell,58,32,3,3,3_5,SMC
A-3310,all,229,54,3647,6462,29,46288,0,0,0,0,0,A,128,Alveolar fibroblast 1,48,31,4,4,4_2,CiliatedEpi
A-3312,all,251,82,2860,5871,24,144759,0,0,0,0,0,A,26,Inflammatory monocyte,45,32,3,3,3_2,SMC
A-3313,all,44,24,2071,6590,34,45955,0,0,0,0,0,A,2,Alveolar type 1 cell,45,25,6,6,6,AT1
A-3315,all,121,27,3364,6394,18,44821,0,0,0,0,0,A,77,Ciliated cell,48,27,4,4,4_2,CiliatedEpi
A-3316,all,127,49,2914,6356,28,64610,0,0,0,0,0,A,6,Inflammatory monocyte,44,24,2,2,2_1,Capillary
A-3318,all,134,58,2415,6448,24,95819,0,0,0,0,0,A,6,Inflammatory monocyte,40,21,2,2,2_2,InflamMac
A-3321,all,48,17,3408,7591,34,17651,0,0,0,0,0,A,20,Alveolar fibroblast 1,49,18,3,3,3_5,SMC
A-3325,all,124,45,3193,6163,28,60549,0,0,0,0,0,A,52,Sox9+/Id2+ epithelial cell,63,45,4,4,4_1_2,CiliatedEpi
A-3326,all,80,39,2676,6436,13,35755,158,108,0,1,0,A,12,CD8+ T cell,56,40,1,1,1_4_1,AlveolarFib
A-3329,all,45,31,2618,7028,29,31865,0,0,0,0,0,A,6,Alveolar fibroblast 1,48,33,2,2,2_5,DC
A-3331,all,73,43,2887,6000,35,23521,0,0,0,0,0,A,4,Innate lymphoid cell,59,44,2,2,2_2,InflamMac
A-3334,all,25,13,3176,7479,27,29365,0,0,0,0,0,A,2,Neutrophil,44,13,6,6,6,AT1
A-3335,all,65,35,2922,6585,19,44411,0,0,0,0,0,A,10,Mesothelial cell,58,36,1,1,1_4_1,AlveolarFib
A-3337,all,66,38,2854,6399,24,30262,0,0,0,0,0,A,9,Arterial endothelial cell,57,38,1,1,1_5_2,AlveolarFib
A-3338,all,163,68,2696,6240,24,75966,0,0,0,0,0,A,32,B cell,44,30,9,9,9,Bcell
A-3340,all,29,14,2685,6368,11,15519,0,0,0,0,0,A,2,Alveolar type 1 cell,39,14,6,6,6,AT1
A-3342,all,19,13,3065,6203,42,10437,0,0,0,0,0,A,5,Interstitial macrophage,35,13,8,8,8_3,InterstitialMac
A-3345,all,10,8,2020,7097,26,14149,0,0,0,0,0,A,3,CD4+ T cell,29,9,1,1,1_4_1,AlveolarFib
A-3347,all,11,8,2345,6371,34,6848,0,0,0,0,0,A,2,T regulatory cell,30,9,2,2,2_1,Capillary
A-3348,all,92,27,3774,6405,38,23464,0,0,0,0,0,A,48,Ciliated cell,49,27,4,4,4_2,CiliatedEpi
A-3353,all,128,51,5336,1720,22,76569,0,0,0,0,0,A,6,Alveolar type 1 cell,45,26,6,6,6,AT1
A-3354,all,68,30,4726,553,12,73670,0,0,0,0,0,A,19,B cell,55,30,9,9,9,Bcell
A-3355,all,98,44,4868,1060,13,78428,0,0,0,0,0,A,29,B cell,63,44,9,9,9,Bcell
A-3356,all,160,59,4008,1574,29,48109,0,0,0,0,0,A,85,Alveolar fibroblast 1,50,27,4,4,4_1_2,ClubEpi
A-3357,all,145,53,4940,1633,16,93215,0,0,0,0,0,A,14,Alveolar type 2 cell,44,26,2,2,2_1,Capillary
A-3359,all,120,24,4192,857,15,83936,52,52,0,1,0,A,2,Sox9+/Id2+ epithelial cell,54,14,1,1,1_6_2,Neutrophil
A-3360,all,50,21,5260,691,8,37588,377,377,0,1,0,A,7,Alveolar type 1 cell,49,21,6,6,6,AT1
A-3361,all,31,19,5296,662,10,43426,0,0,0,0,0,A,4,Alveolar type 1 cell,41,20,1,1,1_4_1,AlveolarFib
A-3362,all,58,28,4246,1183,22,50283,0,0,0,0,0,A,3,Secondary crest myofibroblast,53,29,3,3,3_1,SMC
A-3363,all,34,19,5573,343,10,42873,0,0,0,0,0,A,9,Inflammatory monocyte,41,19,9,9,9,Bcell
A-3364,all,55,23,4434,914,30,77091,0,0,0,0,0,A,14,CD4+ T cell,54,23,6,6,6,AT1
A-3365,all,149,26,4883,664,24,84655,0,0,0,0,0,A,96,Alveolar type 2 cell,50,14,1,1,1_1,AT2
A-3366,all,101,32,4054,1558,23,29704,0,0,0,0,0,A,60,Endothelial progenitor cell,53,31,4,4,4_2,CiliatedEpi
A-3367,all,33,21,5109,1274,15,21471,0,0,0,0,0,A,7,Alveolar macrophage,42,21,1,1,1_2_3,Tcell (CD4)
A-3369,all,128,49,4184,264,15,66468,244,0,244,0,1,A,15,Alveolar fibroblast 1,45,26,1,1,1_5_1,LymphaticEndo
A-3371,all,75,36,5072,1774,31,44153,0,0,0,0,0,A,13,Alveolar fibroblast 1,52,36,1,1,1_4_1,AlveolarFib
A-3373,all,71,34,5370,1686,20,56047,0,0,0,0,0,A,16,Alveolar type 1 cell,52,34,6,6,6,AT1
A-3374,all,140,45,4568,626,11,59325,1727,0,1727,0,1,A,48,Inflammatory monocyte,48,25,9,9,9,Bcell
A-3375,all,69,33,3780,839,33,55361,65540,102,65438,0.001556301,0.998443699,A,16,Capillary 1 cell,56,33,4,4,4_1_1,CiliatedEpi
A-3377,all,137,40,5476,1147,28,104135,0,0,0,0,0,A,10,Natural killer cell,51,25,7,7,7_2,PatrolMac
A-3378,all,20,10,4797,252,19,22326,54,0,54,0,1,A,6,Sox9+/Id2+ epithelial cell,40,9,2,2,2_1,Capillary
A-3379,all,97,45,5316,209,25,83839,0,0,0,0,0,A,46,B cell,64,44,9,9,9,Bcell
A-3380,all,156,63,5555,464,14,81004,55,0,55,0,1,A,15,CD8+ T cell,51,36,2,2,2_2,InflamMac
A-3384,all,75,34,5367,397,14,56006,0,0,0,0,0,A,16,Alveolar type 1 cell,56,34,6,6,6,AT1
A-3385,all,59,31,4350,992,23,31126,0,0,0,0,0,A,13,Alveolar fibroblast 1,54,31,9,9,9,Bcell
A-3386,all,30,18,5354,109,33,32496,0,0,0,0,0,A,4,Alveolar fibroblast 1,41,19,1,1,1_5_1,LymphaticEndo
A-3387,all,165,69,3780,911,35,51989,0,0,0,0,0,A,28,Ciliated cell,45,28,4,4,4_1_3,ClubEpi
A-3388,all,68,39,4108,1707,37,46912,0,0,0,0,0,A,12,Alveolar fibroblast 1,57,40,3,3,3_1,SMC
A-3391,all,76,39,5330,1840,34,38909,0,0,0,0,0,A,23,Proliferative mesenchymal progenitor cell,58,40,2,2,2_2,InflamMac
A-3392,all,42,20,4071,261,12,39185,0,0,0,0,0,A,4,Innate lymphoid cell,46,21,1,1,1_4_1,AlveolarFib
A-3393,all,26,14,4731,479,8,28550,0,0,0,0,0,A,9,Alveolar type 1 cell,45,14,6,6,6,AT1
A-3394,all,54,33,5340,137,24,56137,0,0,0,0,0,A,14,CD8+ T cell,53,33,9,9,9,Bcell
A-3395,all,75,37,5298,160,17,77854,0,0,0,0,0,A,14,Inflammatory monocyte,55,37,1,1,1_2_1,Tcell (CD4)
A-3396,all,63,33,4653,1703,31,42080,0,0,0,0,0,A,9,Inflammatory monocyte,56,34,2,2,2_2,InflamMac
A-3397,all,105,37,4865,1560,20,71447,0,0,0,0,0,A,27,B cell,59,32,5,5,5_3,Pericyte
A-3400,all,117,55,4616,792,31,111792,0,0,0,0,0,A,16,Innate lymphoid cell,40,27,1,1,1_3,AT2
A-3402,all,286,94,3828,957,30,71792,0,0,0,0,0,A,111,Ciliated cell,48,32,4,4,4_1_1,ClubEpi
A-3403,all,127,54,4765,592,23,91766,0,0,0,0,0,A,17,Inflammatory monocyte,46,31,2,2,2_2,InflamMac
A-3405,all,131,40,4741,346,21,86165,0,0,0,0,0,A,57,CD4+ T cell,45,18,2,2,2_2,InflamMac
A-3406,all,85,25,5120,293,16,82118,0,0,0,0,0,A,6,CD8+ T cell,51,26,2,2,2_2,InflamMac
A-3407,all,115,51,4211,1714,31,51097,0,0,0,0,0,A,7,Inflammatory monocyte,41,23,1,1,1_4_1,AlveolarFib
A-3410,all,389,59,4040,1596,24,99848,0,0,0,0,0,A,321,Mesothelial cell,53,7,4,4,4_2,ClubEpi
A-3412,all,167,48,4879,1610,22,87707,0,0,0,0,0,A,90,Proliferative mesenchymal progenitor cell,46,21,2,2,2_2,InflamMac
A-3414,all,132,43,5411,1014,18,80334,0,0,0,0,0,A,21,Alveolar macrophage,53,30,8,8,8_1,AlveolarMac
A-3415,all,67,27,4341,855,10,41865,0,0,0,0,0,A,2,Natural killer cell,54,28,2,2,2_2,InflamMac
A-3416,all,59,24,4209,1186,12,37090,0,0,0,0,0,A,5,CD8+ T cell,56,24,7,7,7_3,Tcell (CD8)
A-3418,all,275,87,3997,1532,21,74767,0,0,0,0,0,A,116,Ciliated cell,47,23,4,4,4_1_2,ClubEpi
A-3419,all,31,20,5214,483,9,26240,0,0,0,0,0,A,7,Interstitial macrophage,41,20,8,8,8_3,InterstitialMac
A-3420,all,62,34,5410,1662,15,74390,0,0,0,0,0,A,10,Inflammatory monocyte,55,34,9,9,9,Bcell
A-3421,all,34,22,4024,645,33,25660,0,0,0,0,0,A,5,Secretory cell,40,23,1,1,1_6_2,Neutrophil
A-3423,all,44,21,4185,1767,9,31411,0,0,0,0,0,A,3,Natural killer cell,46,22,2,2,2_2,InflamMac
A-3424,all,115,51,4767,1299,19,91590,0,0,0,0,0,A,2,Alveolar macrophage,43,26,1,1,1_5_2,AlveolarFib
A-3428,all,156,68,4321,1857,13,75479,0,0,0,0,0,A,19,Alveolar macrophage,48,34,2,2,2_2,InflamMac
A-3429,all,110,24,4028,1712,20,30817,0,0,0,0,0,A,82,Endothelial progenitor cell,56,17,4,4,4_2,ClubEpi
A-3430,all,93,40,4123,1948,21,54435,0,0,0,0,0,A,8,Sox9+/Id2+ epithelial cell,62,39,2,2,2_1,Capillary
A-3431,all,256,77,3996,1392,28,67031,0,0,0,0,0,A,143,Ciliated cell,51,24,4,4,4_2,ClubEpi
A-3432,all,55,29,4469,829,15,68915,0,0,0,0,0,A,2,CD4+ T cell,54,29,1,1,1_2_1,Tcell (CD4)
A-3433,all,45,34,5012,1706,35,30322,0,0,0,0,0,A,5,CD4+ T cell,47,35,3,3,3_2,SMC
A-3435,all,41,19,5202,178,36,35556,0,0,0,0,0,A,3,CD4+ T cell,44,20,1,1,1_4_1,AlveolarFib
A-3436,all,295,98,3908,1781,27,85030,101,0,101,0,1,A,92,Alveolar fibroblast 1,50,36,4,4,4_1_1,CiliatedEpi
A-3437,all,30,18,5382,510,38,37822,0,0,0,0,0,A,5,Alveolar macrophage,38,18,3,3,3_3,AdventitialFib
A-3439,all,152,29,3924,1054,21,39984,0,0,0,0,0,A,110,Endothelial progenitor cell,55,29,4,4,4_2,CiliatedEpi
A-3441,all,116,45,5149,1715,12,61324,0,0,0,0,0,A,14,Inflammatory monocyte,46,26,2,2,2_2,InflamMac
A-3443,all,121,58,4135,1829,22,81540,0,0,0,0,0,A,22,Alveolar fibroblast 2,44,31,3,3,3_3,AdventitialFib
A-3444,all,88,41,5133,1783,23,65076,0,0,0,0,0,A,3,Capillary 1 cell,60,41,2,2,2_1,Capillary
A-3447,all,189,62,4538,1799,33,77862,0,0,0,0,0,A,15,Alveolar type 1 cell,54,34,2,2,2_2,InflamMac
A-3448,all,28,16,4357,1082,6,32269,0,0,0,0,0,A,7,Pericyte,40,16,1,1,1_4_3,AlveolarFib
A-3449,all,199,61,3815,883,26,85255,0,0,0,0,0,A,97,Endothelial progenitor cell,41,27,4,4,4_2,CiliatedEpi
A-3450,all,126,52,4941,545,21,75866,0,0,0,0,0,A,10,Arterial endothelial cell,47,30,7,7,7_2,PatrolMac
A-3452,all,180,69,3960,1351,34,55361,0,0,0,0,0,A,57,Alveolar fibroblast 1,56,37,4,4,4_1_1,ClubEpi
A-3454,all,138,54,4078,896,26,89149,0,0,0,0,0,A,24,Inflammatory monocyte,48,30,2,2,2_2,InflamMac
A-3456,all,55,30,5524,106,27,53270,0,0,0,0,0,A,6,CD8+ T cell,52,30,1,1,1_5_2,AlveolarFib
A-3457,all,115,48,4429,1122,30,70985,0,0,0,0,0,A,9,Alveolar type 2 cell,47,29,2,2,2_2,InflamMac
A-3460,all,73,30,5204,1749,13,63161,0,0,0,0,0,A,26,CD4+ T cell,48,30,1,1,1_2_1,Tcell (CD4)
A-3461,all,203,39,3938,1912,17,36019,54,54,0,1,0,A,159,Ciliated cell,56,39,4,4,4_2,CiliatedEpi
A-3462,all,48,21,5565,1600,12,53353,0,0,0,0,0,A,25,Alveolar fibroblast 2,49,22,2,2,2_2,InflamMac
A-3464,all,103,50,4330,1015,19,58834,0,0,0,0,0,A,14,Alveolar fibroblast 1,64,44,1,1,1_5_1,LymphaticEndo
A-3466,all,26,19,4051,506,38,31123,0,0,0,0,0,A,8,Pericyte,44,19,5,5,5_1,Pericyte
A-3470,all,116,53,5309,500,27,64375,0,0,0,0,0,A,18,Alveolar fibroblast 1,45,28,1,1,1_4_1,AlveolarFib
A-3471,all,90,31,4321,888,28,75488,0,0,0,0,0,A,16,Natural killer cell,58,30,7,7,7_2,PatrolMac
A-3474,all,40,24,5354,1814,38,28836,0,0,0,0,0,A,11,CD4+ T cell,43,25,3,3,3_2,SMC
A-3477,all,25,15,4881,237,31,69269,0,0,0,0,0,A,3,Innate lymphoid cell,41,15,7,7,7_2,PatrolMac
A-3478,all,190,67,4333,1253,29,106356,0,0,0,0,0,A,17,Natural killer cell,50,35,2,2,2_5,DC
A-3479,all,127,53,4119,942,35,89207,0,0,0,0,0,A,15,Sox9+/Id2+ epithelial cell,42,28,1,1,1_4_1,AlveolarFib
A-3481,all,131,61,5168,301,27,79156,0,0,0,0,0,A,45,Pericyte,45,32,3,3,3_2,SMC
A-3483,all,179,54,4290,996,19,101291,0,0,0,0,0,A,45,Natural killer cell,52,32,7,7,7_3,Tcell (CD8)
A-3485,all,80,26,5537,992,13,52256,0,0,0,0,0,A,6,Capillary 2 cell,54,27,2,2,2_2,InflamMac
A-3486,all,98,40,4997,1277,34,74069,0,0,0,0,0,A,11,CD4+ T cell,63,37,1,1,1_4_1,AlveolarFib
A-3488,all,172,49,3907,1020,25,53982,0,0,0,0,0,A,102,Alveolar fibroblast 1,54,23,4,4,4_2,ClubEpi
A-3490,all,93,36,4567,1881,19,60926,0,0,0,0,0,A,19,Alveolar fibroblast 1,59,35,3,3,3_4,AdventitialFib
A-3491,all,46,23,3783,725,40,34020,0,0,0,0,0,A,3,CD4+ T cell,46,23,1,1,1_2_1,Tcell (CD4)
A-3492,all,65,32,4685,868,30,41749,0,0,0,0,0,A,13,Inflammatory monocyte,57,32,5,5,5_3,Pericyte
A-3493,all,283,79,3996,1436,25,81764,50,0,50,0,1,A,147,Ciliated cell,49,25,4,4,4_2,ClubEpi
A-3496,all,83,38,5539,1025,33,61970,0,0,0,0,0,A,16,CD8+ T cell,58,39,2,2,2_2,InflamMac
A-3500,all,119,50,4308,1721,30,76036,0,0,0,0,0,A,13,CD8+ T cell,44,28,2,2,2_2,InflamMac
A-3501,all,30,20,4823,23,35,31336,0,0,0,0,0,A,10,Alveolar type 1 cell,40,20,1,1,1_5_1,LymphaticEndo
A-3502,all,57,27,5521,139,36,44151,0,0,0,0,0,A,13,CD8+ T cell,54,27,6,6,6,AT1
A-3507,all,80,22,5403,397,10,41354,0,0,0,0,0,A,15,Alveolar type 1 cell,53,22,6,6,6,AT1
A-3508,all,39,18,5398,1950,34,18914,0,0,0,0,0,A,6,B cell,44,19,1,1,1_4_1,AlveolarFib
A-3509,all,72,32,4632,411,19,37947,0,0,0,0,0,A,10,Alveolar fibroblast 1,55,33,1,1,1_5_1,LymphaticEndo
A-3510,all,7,4,4612,45,18,19368,0,0,0,0,0,A,4,CD8+ T cell,26,7,2,2,2_2,InflamMac
A-3511,all,113,52,4306,1046,19,61093,51,51,0,1,0,A,14,Secretory cell,45,31,1,1,1_4_1,AlveolarFib
A-3514,all,118,37,3962,1872,20,29630,0,0,0,0,0,A,78,Ciliated cell,53,37,4,4,4_2,CiliatedEpi
A-3515,all,173,59,4400,1870,24,77273,50,0,50,0,1,A,17,Alveolar fibroblast 1,54,34,1,1,1_5_1,LymphaticEndo
A-3516,all,58,29,5546,176,18,73983,0,0,0,0,0,A,11,Inflammatory monocyte,52,29,6,6,6,AT1
A-3518,all,60,19,5239,878,37,44592,0,0,0,0,0,A,5,Sox9+/Id2+ epithelial cell,52,19,6,6,6,AT1
A-3521,all,27,11,5145,926,8,18647,0,0,0,0,0,A,8,CD8+ T cell,41,12,2,2,2_2,InflamMac
A-3525,all,108,41,4604,436,16,94904,108,0,108,0,1,A,10,Alveolar macrophage,56,32,8,8,8_2,InterstitialMac
A-3526,all,258,80,3998,1298,25,69428,0,0,0,0,0,A,159,Secretory cell,44,14,4,4,4_2,ClubEpi
A-3527,all,112,51,5565,1648,22,83895,0,0,0,0,0,A,19,Inflammatory monocyte,45,27,6,6,6,AT1
A-3528,all,65,30,4254,904,17,59600,0,0,0,0,0,A,18,CD4+ T cell,56,31,3,3,3_5,SMC
A-3529,all,213,82,3790,1930,32,64899,0,0,0,0,0,A,50,Ciliated cell,53,38,4,4,4_1_1,ClubEpi
A-3531,all,82,41,4433,1862,33,32805,0,0,0,0,0,A,15,Alveolar macrophage,60,41,1,1,1_5_1,LymphaticEndo
A-3532,all,157,62,4993,511,25,104971,52,0,52,0,1,A,10,Inflammatory monocyte,47,30,2,2,2_2,InflamMac
A-3533,all,16,10,4666,585,6,25132,0,0,0,0,0,A,7,B cell,35,10,9,9,9,Bcell
A-3535,all,106,51,5094,434,33,61255,0,0,0,0,0,A,9,Alveolar fibroblast 1,61,44,1,1,1_5_1,LymphaticEndo
A-3536,all,50,29,5319,891,26,55854,0,0,0,0,0,A,6,Alveolar type 1 cell,50,29,6,6,6,AT1
A-3537,all,78,44,4645,1229,30,40971,0,0,0,0,0,A,7,Alveolar fibroblast 1,57,44,1,1,1_5_2,AlveolarFib
A-3539,all,86,38,5136,498,32,50223,0,0,0,0,0,A,9,Capillary 1 cell,58,39,2,2,2_2,InflamMac
A-3541,all,122,52,5588,1468,18,72841,0,0,0,0,0,A,20,Innate lymphoid cell,41,23,2,2,2_2,InflamMac
A-3542,all,104,46,4364,1835,11,58009,0,0,0,0,0,A,7,Alveolar type 1 cell,57,36,6,6,6,AT1
A-3543,all,75,36,5075,1820,21,37362,0,0,0,0,0,A,5,Alveolar type 1 cell,56,37,1,1,1_4_1,AlveolarFib
A-3544,all,110,39,5062,1287,14,76228,0,0,0,0,0,A,6,Ciliated cell,52,31,2,2,2_2,InflamMac
A-3545,all,203,74,3896,1163,32,64174,0,0,0,0,0,A,30,Alveolar type 1 cell,58,42,3,3,3_4,AdventitialFib
A-3546,all,18,13,4832,65,36,26811,0,0,0,0,0,A,3,Alveolar macrophage,37,13,1,1,1_2_3,Tcell (CD4)
A-3548,all,202,84,4166,1656,30,116124,0,0,0,0,0,A,21,Innate lymphoid cell,55,44,2,2,2_2,InflamMac
A-3550,all,35,11,5438,386,8,34442,0,0,0,0,0,A,6,Alveolar type 1 cell,45,11,6,6,6,AT1
A-3552,all,342,100,3878,1885,29,93050,0,0,0,0,0,A,184,Ciliated cell,45,15,4,4,4_2,ClubEpi
A-3553,all,42,27,5509,1587,38,52801,0,0,0,0,0,A,7,Alveolar fibroblast 1,43,27,3,3,3_4,AdventitialFib
A-3554,all,84,38,4656,382,18,71910,0,0,0,0,0,A,15,Alveolar fibroblast 1,62,38,3,3,3_4,AdventitialFib
A-3557,all,30,26,4028,1776,22,20471,0,0,0,0,0,A,4,CD4+ T cell,34,26,8,8,8_2,InterstitialMac
A-3558,all,96,44,3835,1877,39,30719,0,0,0,0,0,A,37,Inflammatory monocyte,59,43,4,4,4_1_2,CiliatedEpi
A-3562,all,85,34,5171,517,28,58055,0,0,0,0,0,A,4,CD4+ T cell,60,35,3,3,3_1,SMC
A-3563,all,302,101,3959,1696,33,74361,0,0,0,0,0,A,78,B cell,47,30,4,4,4_1_1,ClubEpi
A-3565,all,83,39,5250,753,20,77815,0,0,0,0,0,A,6,Alveolar type 1 cell,59,39,3,3,3_4,AdventitialFib
A-3566,all,150,56,3983,1021,34,71755,0,0,0,0,0,A,16,Alveolar type 1 cell,48,25,6,6,6,AT1
A-3567,all,154,65,3923,1232,35,43669,0,0,0,0,0,A,23,Arterial endothelial cell,50,37,4,4,4_1_1,ClubEpi
A-3568,all,145,41,4827,515,24,66708,0,0,0,0,0,A,17,Alveolar type 1 cell,46,19,1,1,1_4_1,AlveolarFib
A-3569,all,47,22,4809,278,25,42962,0,0,0,0,0,A,5,Sox9+/Id2+ epithelial cell,46,21,2,2,2_1,Capillary
A-3571,all,110,43,5061,903,31,67751,0,0,0,0,0,A,12,CD4+ T cell,55,31,1,1,1_2_1,Tcell (CD4)
A-3572,all,69,29,3805,811,31,26649,0,0,0,0,0,A,35,Endothelial progenitor cell,45,29,4,4,4_1_2,CiliatedEpi
A-3575,all,28,13,4601,567,23,24557,0,0,0,0,0,A,3,Inflammatory monocyte,39,13,3,3,3_4,AdventitialFib
A-3576,all,77,37,5126,1899,14,34296,0,0,0,0,0,A,7,Inflammatory monocyte,57,37,2,2,2_2,InflamMac
A-3577,all,60,26,4751,971,38,27400,0,0,0,0,0,A,2,Basophil,57,28,2,2,2_5,DC
A-3578,all,272,93,4474,1805,20,133666,0,0,0,0,0,A,49,Capillary 2 cell,48,39,1,1,1_5_2,AlveolarFib
A-3581,all,7,3,4445,63,8,24598,0,0,0,0,0,A,4,Sox9+/Id2+ epithelial cell,31,5,1,1,1_1,AT2
A-3582,all,21,13,4008,91,20,29655,0,0,0,0,0,A,5,Alveolar fibroblast 2,40,13,3,3,3_3,AdventitialFib
A-3584,all,232,56,4027,1512,17,69371,0,0,0,0,0,A,164,Endothelial progenitor cell,65,54,4,4,4_2,CiliatedEpi
A-3585,all,458,90,3887,1938,18,112573,0,0,0,0,0,A,328,Ciliated cell,51,12,4,4,4_2,ClubEpi
A-3586,all,87,38,4729,1699,18,73908,0,0,0,0,0,A,5,Alveolar macrophage,59,37,2,2,2_1,Capillary
A-3589,all,122,49,4869,982,34,61851,0,0,0,0,0,A,10,Alveolar fibroblast 1,44,29,2,2,2_4,Artery
A-3592,all,209,72,3946,1200,25,67698,0,0,0,0,0,A,104,Inflammatory monocyte,46,32,4,4,4_1_2,CiliatedEpi
A-3593,all,229,76,4600,1723,21,138573,0,0,0,0,0,A,31,Inflammatory monocyte,52,37,2,2,2_2,InflamMac
A-3594,all,122,39,3838,921,19,31728,0,0,0,0,0,A,83,Endothelial progenitor cell,58,38,4,4,4_2,CiliatedEpi
A-3596,all,169,59,4139,1270,28,95745,0,0,0,0,0,A,14,Alveolar type 1 cell,54,36,6,6,6,AT1
A-3599,all,228,67,4692,684,19,142580,0,0,0,0,0,A,40,Inflammatory monocyte,60,44,2,2,2_5,DC
A-3600,all,48,32,5047,1785,28,32830,0,0,0,0,0,A,10,Alveolar fibroblast 1,48,32,1,1,1_4_3,AlveolarFib
A-3601,all,146,65,4969,1732,34,77252,0,0,0,0,0,A,15,Alveolar type 1 cell,50,31,1,1,1_4_1,AlveolarFib
A-3603,all,246,44,3973,1181,21,70249,0,0,0,0,0,A,198,Arterial endothelial cell,61,43,4,4,4_2,CiliatedEpi
A-3605,all,14,10,3944,119,39,21977,0,0,0,0,0,A,6,Inflammatory monocyte,33,10,1,1,1_2_3,Tcell (CD4)
A-3606,all,464,75,4007,1343,20,107443,0,0,0,0,0,A,373,Alveolar fibroblast 1,51,7,4,4,4_2,ClubEpi
A-3608,all,63,26,4857,326,36,81987,0,0,0,0,0,A,15,Arterial endothelial cell,56,27,2,2,2_2,InflamMac
A-3609,all,171,49,4058,1462,13,43797,0,0,0,0,0,A,106,Endothelial progenitor cell,62,48,4,4,4_2,CiliatedEpi
A-3611,all,48,23,5239,1207,22,51958,0,0,0,0,0,A,19,Pericyte,48,23,5,5,5_3,Pericyte
A-3612,all,497,95,3992,1724,24,109056,0,0,0,0,0,A,355,Ciliated cell,50,11,4,4,4_2,ClubEpi
A-3615,all,419,69,4050,1403,18,90338,0,0,0,0,0,A,310,Ciliated cell,42,27,4,4,4_2,CiliatedEpi
A-3618,all,150,53,4678,1035,18,97474,0,0,0,0,0,A,20,Proliferative mesenchymal progenitor cell,50,29,2,2,2_1,Capillary
A-3620,all,94,45,5459,455,28,75950,0,0,0,0,0,A,6,CD4+ T cell,61,43,2,2,2_1,Capillary
A-3621,all,20,10,4803,5,27,33448,0,0,0,0,0,A,2,Alveolar macrophage,38,10,1,1,1_2_3,Tcell (CD4)
A-3623,all,74,34,4582,594,17,55760,0,0,0,0,0,A,8,Inflammatory monocyte,57,36,2,2,2_5,DC
A-3624,all,78,32,5402,1166,36,75834,0,0,0,0,0,A,28,B cell,55,32,9,9,9,Bcell
A-3627,all,75,38,5435,989,36,60427,0,0,0,0,0,A,12,Sox9+/Id2+ epithelial cell,58,38,1,1,1_2_3,Tcell (CD4)
A-3629,all,85,36,5098,1849,32,45990,0,0,0,0,0,A,18,Alveolar macrophage,62,36,3,3,3_2,SMC
A-3630,all,16,10,4036,130,8,16183,0,0,0,0,0,A,5,Natural killer cell,33,11,2,2,2_2,InflamMac
A-3631,all,63,34,4801,1616,21,71070,0,0,0,0,0,A,9,CD8+ T cell,57,34,7,7,7_4,PatrolMac
A-3632,all,105,40,5194,935,21,95595,0,0,0,0,0,A,29,Alveolar fibroblast 1,56,34,2,2,2_4,Artery
A-3636,all,86,42,4590,1205,32,64608,0,0,0,0,0,A,4,Arterial endothelial cell,60,42,2,2,2_4,Artery
A-3638,all,15,9,5461,1400,12,18061,0,0,0,0,0,A,6,Neutrophil,32,10,2,2,2_2,InflamMac
A-3639,all,74,40,5485,1385,20,66261,0,0,0,0,0,A,11,Arterial endothelial cell,56,40,2,2,2_2,InflamMac
A-3642,all,66,33,4070,1642,25,30177,0,0,0,0,0,A,4,B cell,57,33,3,3,3_4,AdventitialFib
A-3644,all,71,41,4308,1919,25,36097,0,0,0,0,0,A,6,B cell,58,42,3,3,3_2,SMC
A-3646,all,118,54,4059,1209,30,68460,0,0,0,0,0,A,7,Alveolar type 1 cell,40,21,6,6,6,AT1
A-3649,all,121,58,4044,606,37,64823,0,0,0,0,0,A,17,Ciliated cell,42,32,1,1,1_4_1,AlveolarFib
A-3651,all,104,49,5158,1896,14,44641,0,0,0,0,0,A,18,Arterial endothelial cell,60,41,3,3,3_2,SMC
A-3652,all,146,59,3983,1245,25,85440,0,0,0,0,0,A,41,Ciliated cell,43,23,4,4,4_1_1,CiliatedEpi
A-3653,all,84,47,4055,1734,29,45001,0,0,0,0,0,A,6,Alveolar macrophage,59,47,8,8,8_2,InterstitialMac
A-3654,all,140,57,5104,1803,23,59295,0,0,0,0,0,A,6,B cell,42,25,2,2,2_1,Capillary
A-3655,all,182,57,4274,1926,18,74853,0,0,0,0,0,A,14,Inflammatory monocyte,54,31,2,2,2_2,InflamMac
A-3658,all,104,47,5361,1943,35,40140,0,0,0,0,0,A,16,Inflammatory monocyte,61,43,1,1,1_4_3,AlveolarFib
A-3659,all,34,24,4858,940,17,39278,0,0,0,0,0,A,12,Alveolar type 2 cell,41,24,8,8,8_1,AlveolarMac
A-3662,all,121,42,4003,1786,24,37611,0,0,0,0,0,A,61,Endothelial progenitor cell,56,42,4,4,4_2,CiliatedEpi
A-3663,all,13,9,5344,345,24,13111,0,0,0,0,0,A,7,CD4+ T cell,35,10,1,1,1_4_1,AlveolarFib
A-3664,all,94,45,3992,1890,26,62519,0,0,0,0,0,A,9,Alveolar fibroblast 1,63,45,3,3,3_1,SMC
A-3665,all,48,25,5087,193,36,35363,0,0,0,0,0,A,6,Inflammatory monocyte,48,25,1,1,1_2_3,Tcell (CD4)
A-3668,all,36,23,5049,1259,20,27006,0,0,0,0,0,A,2,Natural killer cell,44,24,1,1,1_6_2,Neutrophil
A-3675,all,44,28,5534,284,19,101998,0,0,0,0,0,A,9,Pericyte,45,29,3,3,3_2,SMC
A-3677,all,157,39,3859,907,16,39617,539,0,539,0,1,A,117,Ciliated cell,58,38,4,4,4_2,CiliatedEpi
A-3678,all,15,8,5071,457,37,12759,0,0,0,0,0,A,5,Alveolar fibroblast 1,31,8,1,1,1_5_1,LymphaticEndo
A-3681,all,402,105,3895,1090,24,103839,0,0,0,0,0,A,150,Alveolar fibroblast 1,48,28,4,4,4_1_2,ClubEpi
A-3682,all,56,31,4927,1427,35,54724,0,0,0,0,0,A,3,CD4+ T cell,53,31,1,1,1_2_1,Tcell (CD4)
A-3685,all,90,48,5258,1178,27,63899,0,0,0,0,0,A,13,Alveolar macrophage,64,48,1,1,1_4_1,AlveolarFib
A-3686,all,125,51,5093,1907,25,59086,59,59,0,1,0,A,18,Alveolar macrophage,41,24,1,1,1_4_1,AlveolarFib
A-3692,all,430,90,3961,1784,22,113416,0,0,0,0,0,A,275,Ciliated cell,49,32,4,4,4_2,CiliatedEpi
A-3693,all,221,66,5005,751,22,135094,0,0,0,0,0,A,57,Alveolar fibroblast 1,54,38,1,1,1_5_1,LymphaticEndo
A-3695,all,218,70,4581,1914,22,111365,0,0,0,0,0,A,16,Alveolar macrophage,56,36,5,5,5_3,Pericyte
A-3696,all,86,41,3953,36,32,54032,0,0,0,0,0,A,10,CD4+ T cell,59,41,1,1,1_2_3,Tcell (CD4)
A-3697,all,452,97,3927,1138,23,120120,0,0,0,0,0,A,279,Ciliated cell,51,42,4,4,4_2,CiliatedEpi
A-3703,all,74,23,4023,1451,21,24894,0,0,0,0,0,A,49,Secretory cell,55,23,4,4,4_2,ClubEpi
A-3705,all,53,24,4382,11,27,77432,0,0,0,0,0,A,18,Pericyte,51,24,5,5,5_3,Pericyte
A-3706,all,186,58,5061,1893,20,85489,0,0,0,0,0,A,28,Alveolar macrophage,51,26,6,6,6,AT1
A-3708,all,116,44,5247,59,24,127487,0,0,0,0,0,A,11,Inflammatory monocyte,46,25,2,2,2_2,InflamMac
A-3713,all,103,48,5219,293,29,83782,0,0,0,0,0,A,9,Venous endothelial cell,62,43,2,2,2_5,DC
A-3716,all,76,16,3985,1824,14,14038,0,0,0,0,0,A,61,Arterial endothelial cell,56,16,4,4,4_2,ClubEpi
A-3717,all,96,45,4080,420,35,61627,0,0,0,0,0,A,10,Inflammatory monocyte,67,46,2,2,2_2,InflamMac
A-3720,all,58,32,4269,1186,26,41214,0,0,0,0,0,A,8,Inflammatory monocyte,55,32,5,5,5_3,Pericyte
A-3721,all,31,21,5283,191,12,33944,0,0,0,0,0,A,8,Inflammatory monocyte,40,21,9,9,9,Bcell
A-3723,all,138,55,5214,1869,34,55914,0,0,0,0,0,A,6,Capillary 1 cell,47,28,2,2,2_1,Capillary
A-3726,all,189,79,3963,1278,31,69298,53,0,53,0,1,A,52,Alveolar fibroblast 1,54,41,4,4,4_1_1,ClubEpi
A-3727,all,33,16,5020,1768,36,20605,0,0,0,0,0,A,10,AT1/AT2,43,16,1,1,1_2_3,Tcell (CD4)
A-3728,all,200,63,3875,964,26,94417,0,0,0,0,0,A,85,Sox9+/Id2+ epithelial cell,50,35,4,4,4_1_2,CiliatedEpi
A-3729,all,99,38,4481,1758,36,54160,0,0,0,0,0,A,2,Alveolar fibroblast 1,60,35,1,1,1_4_1,AlveolarFib
A-3734,all,99,44,5544,1674,24,58985,0,0,0,0,0,A,10,Sox9+/Id2+ epithelial cell,63,41,2,2,2_2,InflamMac
A-3736,all,25,13,4586,58,27,31924,0,0,0,0,0,A,11,Sox9+/Id2+ epithelial cell,46,14,2,2,2_2,InflamMac
A-3737,all,179,61,4875,484,21,98777,0,0,0,0,0,A,15,Arterial endothelial cell,51,34,1,1,1_4_1,AlveolarFib
A-3741,all,401,104,3855,1021,32,109055,0,0,0,0,0,A,135,Ciliated cell,46,26,4,4,4_1_1,ClubEpi
A-3743,all,21,9,4896,703,12,31904,0,0,0,0,0,A,4,Endothelial progenitor cell,41,9,2,2,2_6,pDC
A-3744,all,136,54,4833,1609,13,69125,0,0,0,0,0,A,45,CD8+ T cell,44,26,3,3,3_2,SMC
A-3757,all,83,23,4041,1276,21,19916,0,0,0,0,0,A,56,Capillary 1 cell,42,22,4,4,4_2,CiliatedEpi
A-3761,all,71,26,3969,328,11,41992,0,0,0,0,0,A,29,Alveolar type 2 cell,53,26,1,1,1_3,AT2
A-3763,all,160,42,3906,396,32,87032,51,0,51,0,1,A,26,Alveolar type 1 cell,50,24,6,6,6,AT1
A-3775,all,22,13,3946,73,33,22089,0,0,0,0,0,A,5,CD4+ T cell,41,13,1,1,1_2_1,Tcell (CD4)
A-3777,all,41,18,4173,1715,33,17584,0,0,0,0,0,A,3,Alveolar macrophage,46,19,1,1,1_4_1,AlveolarFib
A-3781,all,25,14,4763,921,37,19159,0,0,0,0,0,A,9,Alveolar type 1 cell,42,14,6,6,6,AT1
A-3783,all,23,17,4567,34,31,30496,0,0,0,0,0,A,6,Inflammatory monocyte,40,17,3,3,3_3,AdventitialFib
A-3786,all,45,28,4153,1933,21,28999,0,0,0,0,0,A,15,Proliferative mesenchymal progenitor cell,46,29,3,3,3_2,SMC
A-3789,all,157,39,5028,2916,19,90951,0,0,0,0,0,A,116,Alveolar type 2 cell,45,14,1,1,1_1,AT2
A-3790,all,193,56,4861,3724,32,87726,0,0,0,0,0,A,114,Vascular smooth muscle cell,48,22,3,3,3_5,SMC
A-3791,all,106,40,4774,3523,38,49620,0,0,0,0,0,A,9,Alveolar type 1 cell,47,23,1,1,1_4_1,AlveolarFib
A-3793,all,122,47,5402,3722,15,83354,0,0,0,0,0,A,19,Alveolar fibroblast 1,44,25,1,1,1_3,AT2
A-3794,all,61,33,4921,2523,15,77497,0,0,0,0,0,A,6,CD4+ T cell,57,34,1,1,1_4_1,AlveolarFib
A-3795,all,236,37,5560,2832,23,89655,0,0,0,0,0,A,185,Ciliated cell,55,36,4,4,4_2,CiliatedEpi
A-3796,all,155,68,4768,3685,28,72002,0,0,0,0,0,A,7,Alveolar fibroblast 1,48,33,1,1,1_5_2,AlveolarFib
A-3797,all,58,37,4145,2119,34,48652,0,0,0,0,0,A,11,Arterial endothelial cell,55,37,1,1,1_5_4,pDC
A-3799,all,64,41,3897,3176,18,84928,0,0,0,0,0,A,10,CD4+ T cell,58,41,7,7,7_2,PatrolMac
A-3801,all,100,50,4279,3756,21,67818,0,0,0,0,0,A,4,B cell,58,40,9,9,9,Bcell
A-3802,all,90,41,4335,3180,24,79151,0,0,0,0,0,A,11,Inflammatory monocyte,62,40,7,7,7_4,PatrolMac
A-3807,all,270,83,4362,2744,22,130090,0,0,0,0,0,A,19,B cell,46,34,2,2,2_2,InflamMac
A-3808,all,123,48,5002,3160,27,76571,0,0,0,0,0,A,7,CD4+ T cell,48,31,3,3,3_1,SMC
A-3809,all,63,32,3843,2284,32,38792,0,0,0,0,0,A,4,Alveolar type 2 cell,55,33,2,2,2_2,InflamMac
A-3810,all,115,48,4117,3206,27,59490,0,0,0,0,0,A,24,Inflammatory monocyte,39,19,2,2,2_2,InflamMac
A-3812,all,108,42,4234,2037,13,70233,0,0,0,0,0,A,22,Alveolar type 1 cell,56,31,6,6,6,AT1
A-3815,all,38,20,3800,2112,17,23127,0,0,0,0,0,A,6,CD4+ T cell,43,20,1,1,1_2_1,Tcell (CD4)
A-3816,all,79,39,4821,3412,21,77120,0,0,0,0,0,A,8,Sox9+/Id2+ epithelial cell,57,40,1,1,1_6_2,Neutrophil
A-3817,all,105,40,4137,2240,30,57108,0,0,0,0,0,A,56,Alveolar fibroblast 1,56,31,2,2,2_4,Artery
A-3819,all,97,53,4192,2014,25,57715,0,0,0,0,0,A,12,Inflammatory monocyte,66,50,2,2,2_2,InflamMac
A-3820,all,67,37,4398,3771,37,41689,0,0,0,0,0,A,2,Sox9+/Id2+ epithelial cell,56,38,2,2,2_2,InflamMac
A-3823,all,150,31,5044,2535,24,80586,0,0,0,0,0,A,105,Alveolar type 2 cell,46,14,1,1,1_1,AT2
A-3826,all,42,22,4786,2903,18,58514,0,0,0,0,0,A,2,Capillary 1 cell,44,22,2,2,2_3,Vein
A-3827,all,58,32,4250,3172,25,72099,0,0,0,0,0,A,10,B cell,56,32,9,9,9,Bcell
A-3828,all,98,42,4951,3043,25,67013,0,0,0,0,0,A,13,Endothelial progenitor cell,60,39,2,2,2_6,pDC
A-3829,all,59,25,5198,2508,24,38707,0,0,0,0,0,A,2,Natural killer cell,51,26,2,2,2_2,InflamMac
A-3831,all,63,22,4528,3106,16,45806,0,0,0,0,0,A,12,Mast cell,56,22,7,7,7_4,PatrolMac
A-3833,all,336,66,3854,2066,28,104577,0,0,0,0,0,A,238,Alveolar type 1 cell,39,26,4,4,4_2,CiliatedEpi
A-3834,all,171,57,4928,3619,17,79697,0,0,0,0,0,A,9,B cell,57,39,1,1,1_6_2,Neutrophil
A-3835,all,35,20,5317,2836,36,30931,0,0,0,0,0,A,6,Capillary 1 cell,42,21,2,2,2_1,Capillary
A-3836,all,129,52,4251,1964,29,64850,0,0,0,0,0,A,6,Arterial endothelial cell,45,26,2,2,2_2,InflamMac
A-3837,all,105,51,4101,3083,25,51873,0,0,0,0,0,A,5,Alveolar macrophage,52,36,1,1,1_4_1,AlveolarFib
A-3838,all,191,66,3932,3241,27,74387,0,0,0,0,0,A,7,Alveolar fibroblast 1,50,26,1,1,1_5_2,AlveolarFib
A-3839,all,45,22,4753,2816,10,29905,0,0,0,0,0,A,3,Alveolar type 1 cell,45,22,5,5,5_3,Pericyte
A-3840,all,57,26,4967,2458,16,46138,0,0,0,0,0,A,11,Sox9+/Id2+ epithelial cell,56,27,1,1,1_4_3,AlveolarFib
A-3842,all,100,47,4857,2386,10,45685,0,0,0,0,0,A,3,Alveolar fibroblast 1,59,43,1,1,1_4_1,AlveolarFib
A-3844,all,53,27,3929,2078,32,31657,0,0,0,0,0,A,7,Alveolar type 1 cell,52,27,2,2,2_6,pDC
A-3845,all,62,31,4315,2053,34,38325,0,0,0,0,0,A,8,Alveolar fibroblast 1,55,32,3,3,3_5,SMC
A-3848,all,105,46,4569,2646,18,80607,0,0,0,0,0,A,14,Chondrocyte,57,36,2,2,2_3,Vein
A-3851,all,55,27,5168,3639,36,36525,0,0,0,0,0,A,6,Inflammatory monocyte,53,27,5,5,5_1,Pericyte
A-3854,all,98,54,4103,2298,30,55919,0,0,0,0,0,A,27,Inflammatory monocyte,66,51,1,1,1_5_2,AlveolarFib
A-3855,all,109,39,4652,2736,10,88402,0,0,0,0,0,A,2,Capillary 1 cell,51,26,2,2,2_1,Capillary
A-3857,all,333,32,5461,2600,32,71296,0,0,0,0,0,A,281,Capillary 1 cell,56,31,4,4,4_2,CiliatedEpi
A-3858,all,126,40,5593,3031,21,79422,0,0,0,0,0,A,21,Alveolar type 1 cell,45,21,6,6,6,AT1
A-3860,all,53,34,4000,2084,23,71016,0,0,0,0,0,A,7,Inflammatory monocyte,53,34,7,7,7_4,PatrolMac
A-3863,all,53,22,4468,2263,27,47758,0,0,0,0,0,A,4,Alveolar type 1 cell,51,22,6,6,6,AT1
A-3864,all,64,33,4763,2861,16,49179,0,0,0,0,0,A,9,Secondary crest myofibroblast,54,33,2,2,2_1,Capillary
A-3865,all,65,33,4682,3166,12,40662,60,0,60,0,1,A,4,Sox9+/Id2+ epithelial cell,59,34,1,1,1_6_2,Neutrophil
A-3866,all,26,15,4053,3195,40,24146,0,0,0,0,0,A,4,Natural killer cell,44,15,7,7,7_3,Tcell (CD8)
A-3867,all,124,54,3913,2175,29,93228,0,0,0,0,0,A,8,Alveolar type 1 cell,44,32,6,6,6,AT1
A-3872,all,165,61,3884,3761,15,83867,0,0,0,0,0,A,17,Natural killer cell,52,39,7,7,7_2,PatrolMac
A-3874,all,57,24,4269,3218,20,39972,0,0,0,0,0,A,2,B cell,54,24,2,2,2_6,pDC
A-3876,all,79,45,4203,2141,33,57231,0,0,0,0,0,A,5,Secondary crest myofibroblast,59,45,2,2,2_1,Capillary
A-3877,all,72,34,4239,3275,13,47540,0,0,0,0,0,A,4,Inflammatory monocyte,54,35,2,2,2_2,InflamMac
A-3879,all,82,33,4190,2272,10,43835,0,0,0,0,0,A,37,Alveolar type 2 cell,58,34,2,2,2_2,InflamMac
A-3880,all,60,19,5239,3557,35,28426,0,0,0,0,0,A,38,Alveolar type 2 cell,53,19,3,3,3_5,SMC
A-3881,all,123,49,5192,2551,23,81149,225,225,0,1,0,A,7,CD8+ T cell,45,25,7,7,7_2,PatrolMac
A-3882,all,60,31,5236,2905,34,41998,0,0,0,0,0,A,18,Alveolar type 2 cell,54,30,2,2,2_1,Capillary
A-3888,all,52,31,4295,2511,35,27776,0,0,0,0,0,A,6,Alveolar macrophage,52,31,3,3,3_3,AdventitialFib
A-3889,all,53,32,5441,3450,20,63529,0,0,0,0,0,A,6,Alveolar type 1 cell,54,33,1,1,1_4_1,AlveolarFib
A-3890,all,66,33,5442,2831,32,71705,0,0,0,0,0,A,22,B cell,57,33,9,9,9,Bcell
A-3891,all,168,47,4626,3232,19,104270,0,0,0,0,0,A,75,Pericyte,46,20,1,1,1_1,AT2
A-3894,all,192,66,4723,3015,20,98331,0,0,0,0,0,A,7,Inflammatory monocyte,49,34,2,2,2_2,InflamMac
A-3895,all,14,11,5284,3595,7,11668,0,0,0,0,0,A,5,Sox9+/Id2+ epithelial cell,33,12,1,1,1_4_3,AlveolarFib
A-3896,all,121,37,4286,2472,16,65483,0,0,0,0,0,A,14,Alveolar type 1 cell,46,22,6,6,6,AT1
A-3897,all,56,36,5156,2891,6,35717,0,0,0,0,0,A,7,Innate lymphoid cell,55,37,2,2,2_2,InflamMac
A-3899,all,44,27,4797,3358,31,83043,0,0,0,0,0,A,6,Alveolar fibroblast 1,45,28,1,1,1_4_3,AlveolarFib
A-3900,all,160,51,4659,2816,24,94907,0,0,0,0,0,A,3,B cell,47,26,2,2,2_2,InflamMac
A-3901,all,226,38,5450,2674,29,63095,0,0,0,0,0,A,192,Ciliated cell,53,38,4,4,4_2,CiliatedEpi
A-3903,all,71,29,4331,2439,22,48118,0,0,0,0,0,A,4,Inflammatory monocyte,54,30,2,2,2_2,InflamMac
A-3905,all,62,28,5445,3356,30,28997,0,0,0,0,0,A,3,Alveolar type 1 cell,53,28,6,6,6,AT1
A-3906,all,57,11,5566,2112,26,13980,0,0,0,0,0,A,49,Capillary 1 cell,30,11,4,4,4_2,CiliatedEpi
A-3907,all,120,49,4418,2310,21,104935,0,0,0,0,0,A,2,CD8+ T cell,46,28,7,7,7_2,PatrolMac
A-3908,all,34,15,5074,2651,17,27704,0,0,0,0,0,A,7,CD8+ T cell,46,15,6,6,6,AT1
A-3911,all,53,34,4211,2099,22,36228,0,0,0,0,0,A,6,Arterial endothelial cell,55,35,2,2,2_4,Artery
A-3915,all,49,28,5592,3099,38,21314,0,0,0,0,0,A,3,Alveolar fibroblast 1,49,28,1,1,1_5_4,pDC
A-3917,all,57,35,4169,2389,13,43761,62,0,62,0,1,A,10,Classical DC subset 2,56,35,1,1,1_3,AT2
A-3919,all,58,28,5130,3536,10,63881,0,0,0,0,0,A,4,Inflammatory monocyte,52,28,9,9,9,Bcell
A-3921,all,228,79,5472,3406,28,135160,0,0,0,0,0,A,26,Arterial endothelial cell,53,37,6,6,6,AT1
A-3922,all,105,43,4851,3640,29,69254,0,0,0,0,0,A,8,T regulatory cell,56,35,2,2,2_6,pDC
A-3923,all,83,14,5467,2738,15,18307,0,0,0,0,0,A,67,Alveolar type 2 cell,38,13,4,4,4_2,CiliatedEpi
A-3924,all,111,40,4433,3093,34,62264,0,0,0,0,0,A,8,CD8+ T cell,48,26,2,2,2_2,InflamMac
A-3925,all,125,58,5501,2900,26,92330,0,0,0,0,0,A,4,Alveolar fibroblast 1,46,34,1,1,1_5_2,AlveolarFib
A-3930,all,136,56,3993,3231,22,65783,0,0,0,0,0,A,13,Inflammatory monocyte,42,19,2,2,2_2,InflamMac
A-3932,all,81,35,4994,2495,22,58597,0,0,0,0,0,A,10,Inflammatory monocyte,59,36,2,2,2_2,InflamMac
A-3933,all,205,71,4722,3690,24,81807,0,0,0,0,0,A,10,Venous endothelial cell,55,39,1,1,1_4_1,AlveolarFib
A-3937,all,107,42,5275,3536,26,81707,0,0,0,0,0,A,36,Alveolar type 2 cell,53,30,2,2,2_2,InflamMac
A-3941,all,134,59,4689,2595,22,91047,0,0,0,0,0,A,18,Sox9+/Id2+ epithelial cell,45,29,2,2,2_2,InflamMac
A-3944,all,123,23,4343,2356,31,80681,0,0,0,0,0,A,98,Alveolar type 2 cell,45,7,1,1,1_3,AT2
A-3946,all,44,22,4450,2328,16,54286,0,0,0,0,0,A,4,Neutrophil,44,22,1,1,1_6_2,Neutrophil
A-3947,all,93,33,4837,3544,20,54138,0,0,0,0,0,A,5,Alveolar type 1 cell,58,33,6,6,6,AT1
A-3948,all,67,26,4998,3531,34,46724,0,0,0,0,0,A,15,Sox9+/Id2+ epithelial cell,53,27,1,1,1_4_1,AlveolarFib
A-3949,all,99,50,3990,2123,24,85618,0,0,0,0,0,A,16,Neutrophil,66,44,7,7,7_2,PatrolMac
A-3950,all,161,50,3822,3599,13,66646,256,205,51,0.80078125,0.19921875,A,4,B cell,52,21,1,1,1_6_2,Neutrophil
A-3954,all,48,22,4509,2334,15,38879,104,0,104,0,1,A,5,Capillary 1 cell,49,23,2,2,2_2,InflamMac
A-3961,all,20,5,4692,2514,7,9455,0,0,0,0,0,A,13,Sox9+/Id2+ epithelial cell,43,5,1,1,1_1,AT2
A-3966,all,117,52,3819,3203,25,58825,0,0,0,0,0,A,29,Alveolar fibroblast 2,45,29,3,3,3_5,SMC
A-3967,all,94,45,4198,2447,14,61320,0,0,0,0,0,A,8,Sox9+/Id2+ epithelial cell,62,44,2,2,2_1,Capillary
A-3968,all,114,45,5273,2596,16,82277,0,0,0,0,0,A,16,Capillary 1 cell,48,28,2,2,2_6,pDC
A-3973,all,113,60,5581,2973,27,98653,0,0,0,0,0,A,14,Pericyte,44,29,3,3,3_5,SMC
A-3975,all,98,46,4179,1975,26,57976,0,0,0,0,0,A,15,Inflammatory monocyte,61,43,2,2,2_1,Capillary
A-3979,all,66,34,5568,3730,33,81467,0,0,0,0,0,A,3,Alveolar fibroblast 2,56,34,3,3,3_3,AdventitialFib
A-3980,all,56,29,5486,3302,33,27598,0,0,0,0,0,A,16,Inflammatory monocyte,55,29,5,5,5_1,Pericyte
A-3981,all,104,35,4332,2407,33,45777,0,0,0,0,0,A,27,Alveolar type 2 cell,54,27,1,1,1_3,AT2
A-3986,all,155,61,4907,3503,21,91255,0,0,0,0,0,A,14,Capillary 2 cell,47,33,2,2,2_2,InflamMac
A-3988,all,145,48,4304,1983,29,92315,0,0,0,0,0,A,16,Inflammatory monocyte,50,23,7,7,7_3,Tcell (CD8)
A-3989,all,147,70,5149,3600,31,92283,0,0,0,0,0,A,26,Alveolar fibroblast 1,42,30,1,1,1_3,AT2
A-3991,all,46,22,5383,2941,36,25585,0,0,0,0,0,A,6,Alveolar fibroblast 1,48,23,1,1,1_4_1,AlveolarFib
A-3992,all,18,15,4477,2204,29,13544,0,0,0,0,0,A,4,Alveolar fibroblast 1,37,15,1,1,1_5_1,LymphaticEndo
A-3994,all,202,72,4576,3110,22,82380,0,0,0,0,0,A,7,Natural killer cell,55,39,1,1,1_4_1,AlveolarFib
A-3995,all,350,39,5419,2637,22,90252,0,0,0,0,0,A,284,Ciliated cell,62,38,4,4,4_2,CiliatedEpi
A-4002,all,35,18,3962,1999,40,21785,0,0,0,0,0,A,2,Natural killer cell,44,18,2,2,2_2,InflamMac
A-4003,all,110,40,4685,3082,10,64723,0,0,0,0,0,A,7,Inflammatory monocyte,51,32,2,2,2_2,InflamMac
A-4004,all,71,33,4017,3129,18,43426,0,0,0,0,0,A,6,CD8+ T cell,56,34,1,1,1_4_1,AlveolarFib
A-4005,all,43,25,4893,2379,14,21015,0,0,0,0,0,A,3,Alveolar type 1 cell,43,25,1,1,1_5_2,AlveolarFib
A-4006,all,255,35,5600,2115,34,65710,0,0,0,0,0,A,199,Endothelial progenitor cell,56,34,4,4,4_2,CiliatedEpi
A-4007,all,151,29,3782,2060,15,54626,0,0,0,0,0,A,121,Endothelial progenitor cell,42,29,4,4,4_2,CiliatedEpi
A-4008,all,60,31,4098,2226,35,62099,0,0,0,0,0,A,21,Alveolar fibroblast 1,55,31,2,2,2_4,Artery
A-4009,all,52,32,4388,2690,36,26948,0,0,0,0,0,A,5,Capillary 2 cell,55,33,2,2,2_1,Capillary
A-4013,all,18,9,4028,2046,17,15504,0,0,0,0,0,A,6,Alveolar macrophage,39,10,3,3,3_2,SMC
A-4014,all,165,50,4619,3633,20,78051,0,0,0,0,0,A,20,Sox9+/Id2+ epithelial cell,50,28,1,1,1_6_2,Neutrophil
A-4015,all,99,41,5240,2509,33,51543,0,0,0,0,0,A,9,Inflammatory monocyte,63,38,2,2,2_2,InflamMac
A-4016,all,135,51,5024,3629,17,61544,0,0,0,0,0,A,9,Arterial endothelial cell,46,25,1,1,1_4_1,AlveolarFib
A-4017,all,33,21,4181,2355,9,25999,0,0,0,0,0,A,2,Alveolar type 1 cell,40,21,6,6,6,AT1
A-4018,all,155,63,4097,2125,22,104064,0,0,0,0,0,A,20,Alveolar macrophage,50,34,1,1,1_5_1,LymphaticEndo
A-4019,all,88,35,5560,3068,38,40560,0,0,0,0,0,A,12,Alveolar fibroblast 1,58,34,1,1,1_4_3,AlveolarFib
A-4023,all,316,45,5578,2183,29,99168,0,0,0,0,0,A,245,Ciliated cell,62,45,4,4,4_2,CiliatedEpi
A-4024,all,87,46,3799,3789,24,44656,0,0,0,0,0,A,7,Innate lymphoid cell,65,46,2,2,2_2,InflamMac
A-4026,all,218,41,5553,2241,26,66307,0,0,0,0,0,A,163,Ciliated cell,59,40,4,4,4_2,CiliatedEpi
A-4028,all,42,22,4817,3583,21,29284,0,0,0,0,0,A,11,Alveolar type 1 cell,44,22,6,6,6,AT1
A-4032,all,162,48,4404,2206,24,82194,0,0,0,0,0,A,85,Sox9+/Id2+ epithelial cell,46,21,1,1,1_3,AT2
A-4036,all,50,23,4298,3225,11,29456,0,0,0,0,0,A,3,T regulatory cell,52,24,1,1,1_6_2,Neutrophil
A-4037,all,131,30,5455,2513,36,29067,0,0,0,0,0,A,94,Arterial endothelial cell,45,29,4,4,4_2,CiliatedEpi
A-4039,all,27,17,5404,2855,39,15289,0,0,0,0,0,A,2,Secondary crest myofibroblast,41,18,3,3,3_1,SMC
A-4042,all,75,41,4321,2467,14,48668,0,0,0,0,0,A,5,Alveolar fibroblast 1,57,41,1,1,1_5_2,AlveolarFib
A-4044,all,40,24,5581,1995,31,19660,0,0,0,0,0,A,11,Secretory cell,42,24,2,2,2_6,pDC
A-4050,all,103,24,5562,2072,30,29001,0,0,0,0,0,A,82,Capillary 1 cell,37,24,4,4,4_2,CiliatedEpi
A-4052,all,78,36,4708,2437,29,51982,0,0,0,0,0,A,3,Mesothelial cell,57,36,3,3,3_3,AdventitialFib
A-4053,all,217,84,4953,3004,24,101035,0,0,0,0,0,A,32,Capillary 1 cell,49,38,3,3,3_5,SMC
A-4054,all,64,15,5582,2029,25,24839,0,0,0,0,0,A,44,Secretory cell,53,15,4,4,4_2,ClubEpi
A-4057,all,127,35,5022,3314,14,55419,0,0,0,0,0,A,82,Alveolar type 2 cell,46,19,1,1,1_3,AT2
A-4060,all,142,44,5280,2903,32,67723,0,0,0,0,0,A,89,Alveolar type 2 cell,46,18,1,1,1_3,AT2
A-4061,all,85,38,4722,3655,16,35214,0,0,0,0,0,A,8,Neutrophil,58,39,2,2,2_2,InflamMac
A-4062,all,62,29,5595,1973,28,42383,0,0,0,0,0,A,9,Alveolar fibroblast 1,54,30,1,1,1_5_1,LymphaticEndo
A-4063,all,122,41,4502,2236,31,56340,0,0,0,0,0,A,4,Alveolar fibroblast 1,43,19,6,6,6,AT1
A-4067,all,107,53,3975,2215,37,38577,0,0,0,0,0,A,13,Proliferative mesenchymal progenitor cell,53,38,1,1,1_4_1,AlveolarFib
A-4068,all,103,49,4168,3243,16,38892,0,0,0,0,0,A,8,Alveolar type 1 cell,60,40,6,6,6,AT1
A-4070,all,68,29,5474,3258,15,42020,0,0,0,0,0,A,16,Alveolar type 2 cell,55,29,1,1,1_1,AT2
A-4072,all,120,49,4505,3739,38,40609,0,0,0,0,0,A,10,Alveolar type 1 cell,43,24,1,1,1_6_2,Neutrophil
A-4073,all,103,20,5527,2817,24,37348,0,0,0,0,0,A,70,Ciliated cell,42,20,4,4,4_2,CiliatedEpi
A-4075,all,98,43,4799,2432,21,61101,58,0,58,0,1,A,6,Sox9+/Id2+ epithelial cell,61,41,3,3,3_3,AdventitialFib
A-4076,all,60,28,5058,2618,14,33739,0,0,0,0,0,A,3,Alveolar type 1 cell,56,28,6,6,6,AT1
A-4077,all,266,43,5502,2714,31,68673,0,0,0,0,0,A,162,Secretory cell,57,17,4,4,4_2,ClubEpi
A-4081,all,98,42,4854,3570,10,33037,0,0,0,0,0,A,9,Alveolar fibroblast 1,60,39,1,1,1_5_1,LymphaticEndo
A-4083,all,255,51,5490,2388,30,72508,0,0,0,0,0,A,158,Mesothelial cell,56,32,4,4,4_2,CiliatedEpi
A-4087,all,43,28,4031,2176,34,52195,0,0,0,0,0,A,6,T regulatory cell,44,28,7,7,7_2,PatrolMac
A-4088,all,167,51,5059,3328,28,97181,0,0,0,0,0,A,74,Alveolar type 2 cell,49,24,2,2,2_2,InflamMac
A-4092,all,47,25,4280,3259,21,46217,0,0,0,0,0,A,6,B cell,47,25,7,7,7_2,PatrolMac
A-4094,all,185,61,4298,3105,14,110089,0,0,0,0,0,A,23,Inflammatory monocyte,56,41,1,1,1_5_2,AlveolarFib
A-4097,all,52,31,4446,3621,33,50861,0,0,0,0,0,A,6,Neutrophil,52,31,2,2,2_6,pDC
A-4099,all,92,44,3861,3213,28,65542,0,0,0,0,0,A,24,B cell,59,42,9,9,9,Bcell
A-4102,all,176,63,5044,2828,17,120174,0,0,0,0,0,A,24,Sox9+/Id2+ epithelial cell,50,35,5,5,5_3,Pericyte
A-4103,all,130,46,3908,3294,19,56806,50,0,50,0,1,A,5,Sox9+/Id2+ epithelial cell,47,20,2,2,2_2,InflamMac
A-4106,all,96,23,5594,2834,29,32446,0,0,0,0,0,A,66,Ciliated cell,41,23,4,4,4_2,CiliatedEpi
A-4107,all,57,13,5433,2263,21,24955,0,0,0,0,0,A,41,Ciliated cell,41,10,4,4,4_2,CiliatedEpi
A-4108,all,104,49,5444,3670,34,63180,0,0,0,0,0,A,4,Alveolar fibroblast 1,57,40,2,2,2_2,InflamMac
A-4110,all,72,34,4995,3649,23,45851,0,0,0,0,0,A,2,Endothelial progenitor cell,52,35,2,2,2_1,Capillary
A-4112,all,156,62,3919,3485,31,95712,0,0,0,0,0,A,8,Mesothelial cell,48,31,2,2,2_2,InflamMac
A-4113,all,88,43,4721,2473,17,78160,0,0,0,0,0,A,7,Alveolar macrophage,65,42,2,2,2_1,Capillary
A-4115,all,62,30,5397,2791,23,45298,0,0,0,0,0,A,3,CD8+ T cell,57,31,2,2,2_2,InflamMac
A-4116,all,16,13,4941,2391,40,16634,0,0,0,0,0,A,3,Inflammatory monocyte,37,15,2,2,2_5,DC
A-4117,all,297,93,3852,3796,19,136215,0,0,0,0,0,A,17,Inflammatory monocyte,50,36,9,9,9,Bcell
A-4123,all,87,34,4155,3217,29,33764,0,0,0,0,0,A,6,Sox9+/Id2+ epithelial cell,56,35,2,2,2_2,InflamMac
A-4124,all,75,40,5508,3277,31,40436,0,0,0,0,0,A,7,Inflammatory monocyte,59,41,3,3,3_5,SMC
A-4126,all,89,41,3871,2244,17,71576,0,0,0,0,0,A,3,Innate lymphoid cell,61,41,2,2,2_2,InflamMac
A-4127,all,95,33,5515,2183,25,95529,0,0,0,0,0,A,34,Ciliated cell,57,33,4,4,4_1_2,CiliatedEpi
A-4132,all,56,31,4818,2447,32,36175,0,0,0,0,0,A,13,Sox9+/Id2+ epithelial cell,55,33,2,2,2_5,DC
A-4134,all,154,56,4454,3670,30,80712,0,0,0,0,0,A,49,Alveolar fibroblast 2,49,30,3,3,3_3,AdventitialFib
A-4138,all,231,67,4944,3414,29,104789,0,0,0,0,0,A,13,Alveolar type 1 cell,54,35,7,7,7_2,PatrolMac
A-4139,all,300,51,5471,2453,30,75394,0,0,0,0,0,A,226,Ciliated cell,53,8,4,4,4_2,ClubEpi
A-4140,all,48,28,5512,2293,24,27206,0,0,0,0,0,A,16,Alveolar type 1 cell,48,28,3,3,3_5,SMC
A-4143,all,169,80,3965,3759,36,66921,0,0,0,0,0,A,28,Vascular smooth muscle cell,43,30,7,7,7_3,Tcell (CD8)
A-4144,all,112,45,4872,2974,16,77152,0,0,0,0,0,A,7,Alveolar macrophage,46,25,2,2,2_2,InflamMac
A-4147,all,47,22,5393,1976,39,17767,0,0,0,0,0,A,30,Alveolar type 2 cell,47,22,1,1,1_3,AT2
A-4160,all,46,30,5443,2880,39,18987,0,0,0,0,0,A,5,Classical DC subset 2,46,30,1,1,1_5_2,AlveolarFib
A-4163,all,327,57,5523,2768,26,100597,0,0,0,0,0,A,211,Ciliated cell,43,24,4,4,4_2,CiliatedEpi
A-4165,all,140,39,5332,3648,19,95348,0,0,0,0,0,A,88,Alveolar type 2 cell,45,16,1,1,1_1,AT2
A-4166,all,123,51,4270,2963,15,98109,0,0,0,0,0,A,17,CD8+ T cell,43,26,2,2,2_1,Capillary
A-4167,all,79,37,4190,3220,30,33413,0,0,0,0,0,A,5,B cell,59,37,1,1,1_5_2,AlveolarFib
A-4169,all,115,46,4218,2398,18,91207,0,0,0,0,0,A,17,Sox9+/Id2+ epithelial cell,45,24,6,6,6,AT1
A-4171,all,342,33,5426,2705,18,77494,0,0,0,0,0,A,284,Ciliated cell,56,33,4,4,4_2,CiliatedEpi
A-4172,all,68,37,4423,2662,17,44398,0,0,0,0,0,A,9,Pericyte,59,37,5,5,5_3,Pericyte
A-4176,all,65,30,3820,2307,32,34613,0,0,0,0,0,A,27,Alveolar fibroblast 2,58,31,2,2,2_2,InflamMac
A-4180,all,23,15,4257,3782,39,32205,0,0,0,0,0,A,2,CD4+ T cell,39,15,7,7,7_2,PatrolMac
A-4185,all,39,22,5455,2998,10,28637,0,0,0,0,0,A,3,Alveolar type 1 cell,42,21,2,2,2_1,Capillary
A-4187,all,55,37,4179,2121,28,31750,0,0,0,0,0,A,6,Pericyte,54,37,5,5,5_3,Pericyte
A-4189,all,70,29,4252,3244,21,50196,0,0,0,0,0,A,8,Alveolar fibroblast 1,53,29,7,7,7_2,PatrolMac
A-4193,all,176,43,5540,2307,35,51583,0,0,0,0,0,A,96,Ciliated cell,51,16,4,4,4_2,ClubEpi
A-4196,all,168,59,4610,3133,29,69721,0,0,0,0,0,A,13,Alveolar fibroblast 1,55,36,1,1,1_5_2,AlveolarFib
A-4201,all,29,19,5407,2887,37,20099,0,0,0,0,0,A,4,Alveolar type 1 cell,39,20,1,1,1_5_2,AlveolarFib
A-4202,all,62,36,5472,2960,26,63840,0,0,0,0,0,A,17,B cell,57,36,9,9,9,Bcell
A-4206,all,42,21,5416,2943,37,21008,0,0,0,0,0,A,4,Alveolar fibroblast 1,42,21,1,1,1_5_1,LymphaticEndo
A-4207,all,188,56,5410,2516,28,78720,0,0,0,0,0,A,98,Alveolar fibroblast 1,54,26,4,4,4_2,ClubEpi
A-4210,all,29,16,3924,2111,35,23982,0,0,0,0,0,A,2,Alveolar fibroblast 1,38,16,2,2,2_3,Vein
A-4217,all,240,74,4183,2515,30,124847,56,0,56,0,1,A,13,Alveolar fibroblast 1,48,35,1,1,1_5_1,LymphaticEndo
A-4218,all,12,11,4951,2566,37,15086,50,0,50,0,1,A,6,B cell,29,11,1,1,1_5_2,AlveolarFib
A-4223,all,116,43,4546,2674,18,53844,0,0,0,0,0,A,11,Sox9+/Id2+ epithelial cell,44,26,1,1,1_4_1,AlveolarFib
A-4224,all,9,3,4382,2142,10,17511,0,0,0,0,0,A,9,Alveolar type 2 cell,35,4,1,1,1_1,AT2
A-4225,all,25,8,4677,2533,5,8336,0,0,0,0,0,A,17,Alveolar type 2 cell,45,8,1,1,1_1,AT2
A-4226,all,102,43,3893,3255,20,43021,0,0,0,0,0,A,4,Alveolar macrophage,62,40,1,1,1_5_2,AlveolarFib
A-4229,all,70,35,5363,2904,34,44872,0,0,0,0,0,A,7,Megakaryocyte/Platelet,60,36,1,1,1_4_1,AlveolarFib
A-4230,all,207,49,5400,2472,24,73678,0,0,0,0,0,A,112,Ciliated cell,59,42,4,4,4_2,CiliatedEpi
A-4231,all,80,38,4205,2481,29,39498,0,0,0,0,0,A,8,Alveolar fibroblast 1,57,39,1,1,1_5_1,LymphaticEndo
A-4232,all,45,33,5377,2877,36,19408,0,0,0,0,0,A,2,Proliferative mesenchymal progenitor cell,45,33,1,1,1_5_2,AlveolarFib
A-4237,all,34,21,4617,3093,35,14387,0,0,0,0,0,A,2,Alveolar type 1 cell,42,21,6,6,6,AT1
A-4239,all,27,13,4657,3062,8,11181,0,0,0,0,0,A,8,Alveolar fibroblast 1,42,13,3,3,3_4,AdventitialFib
A-4243,all,27,15,3668,3260,39,10323,0,0,0,0,0,A,4,Alveolar fibroblast 1,39,16,2,2,2_2,InflamMac
A-4246,all,38,27,4917,3228,36,27456,0,0,0,0,0,A,5,Inflammatory monocyte,40,27,5,5,5_1,Pericyte
A-4247,all,123,42,5492,2312,26,66556,0,0,0,0,0,A,66,Alveolar macrophage,60,42,4,4,4_2,CiliatedEpi
A-4249,all,153,50,4664,3657,20,62402,0,0,0,0,0,A,71,B cell,47,22,1,1,1_1,AT2
A-4254,all,117,57,5005,3598,11,41996,0,0,0,0,0,A,13,Alveolar fibroblast 1,41,20,3,3,3_6,SCMF
A-4262,all,122,46,4547,5288,31,59984,0,0,0,0,0,A,13,Alveolar fibroblast 2,42,20,3,3,3_3,AdventitialFib
A-4263,all,175,66,4119,3923,31,78482,0,0,0,0,0,A,6,Natural killer cell,55,34,7,7,7_3,Tcell (CD8)
A-4265,all,70,37,4016,3877,36,36191,0,0,0,0,0,A,6,B cell,55,38,1,1,1_6_2,Neutrophil
A-4269,all,35,23,5446,3935,21,50952,0,0,0,0,0,A,6,CD4+ T cell,41,23,1,1,1_2_1,Tcell (CD4)
A-4270,all,82,36,4358,3856,33,46443,0,0,0,0,0,A,4,Mesothelial cell,59,36,3,3,3_3,AdventitialFib
A-4273,all,85,39,5146,5483,31,82149,0,0,0,0,0,A,13,Inflammatory monocyte,60,39,7,7,7_2,PatrolMac
A-4274,all,60,34,5089,5267,19,58879,0,0,0,0,0,A,5,CD4+ T cell,54,35,1,1,1_4_1,AlveolarFib
A-4276,all,124,50,5127,5267,17,68431,0,0,0,0,0,A,19,Alveolar macrophage,42,22,1,1,1_4_1,AlveolarFib
A-4277,all,57,34,5502,4780,35,75699,0,0,0,0,0,A,11,B cell,55,34,9,9,9,Bcell
A-4278,all,62,29,5557,4286,17,60605,0,0,0,0,0,A,21,Vascular smooth muscle cell,55,29,5,5,5_3,Pericyte
A-4283,all,77,33,5498,5299,30,68954,0,0,0,0,0,A,24,B cell,52,33,9,9,9,Bcell
A-4284,all,40,26,5028,4756,12,47771,0,0,0,0,0,A,12,Inflammatory monocyte,43,27,3,3,3_2,SMC
A-4285,all,111,46,5366,3934,23,80758,0,0,0,0,0,A,5,Inflammatory monocyte,45,32,2,2,2_2,InflamMac
A-4286,all,137,54,4507,3969,15,66101,0,0,0,0,0,A,6,Alveolar type 1 cell,48,30,7,7,7_3,Tcell (CD8)
A-4287,all,138,36,4969,3995,19,98684,0,0,0,0,0,A,9,CD4+ T cell,53,24,7,7,7_3,Tcell (CD8)
A-4290,all,47,26,5172,5085,15,71865,0,0,0,0,0,A,11,B cell,47,26,9,9,9,Bcell
A-4292,all,111,15,5521,4344,14,65496,0,0,0,0,0,A,92,Proliferative mesenchymal progenitor cell,49,10,1,1,1_1,AT2
A-4293,all,376,82,4474,5083,24,102675,0,0,0,0,0,A,201,Venous endothelial cell,48,34,4,4,4_2,CiliatedEpi
A-4294,all,300,85,4376,5458,20,87268,0,0,0,0,0,A,103,Secretory cell,48,24,4,4,4_1_2,ClubEpi
A-4295,all,179,62,4602,4022,24,84233,0,0,0,0,0,A,13,Alveolar fibroblast 1,54,34,2,2,2_6,pDC
A-4299,all,189,55,5020,5133,19,83645,0,0,0,0,0,A,25,Alveolar fibroblast 1,56,32,1,1,1_5_4,pDC
A-4300,all,142,50,4501,3838,21,70329,0,0,0,0,0,A,5,Capillary 1 cell,49,27,1,1,1_4_1,AlveolarFib
A-4302,all,31,14,4846,3891,15,23788,0,0,0,0,0,A,2,Sox9+/Id2+ epithelial cell,42,15,1,1,1_6_2,Neutrophil
A-4304,all,63,34,5571,5280,13,49413,0,0,0,0,0,A,7,Capillary 1 cell,56,34,2,2,2_1,Capillary
A-4306,all,122,60,5230,4944,11,78312,0,0,0,0,0,A,10,Alveolar fibroblast 1,40,25,2,2,2_5,DC
A-4307,all,103,43,4985,5552,25,76301,0,0,0,0,0,A,37,Pericyte,56,34,5,5,5_3,Pericyte
A-4308,all,88,43,4887,5619,25,77682,0,0,0,0,0,A,12,CD4+ T cell,59,41,7,7,7_2,PatrolMac
A-4309,all,119,54,4220,4174,20,88007,0,0,0,0,0,A,15,B cell,43,25,9,9,9,Bcell
A-4312,all,132,56,5194,5562,13,113384,0,0,0,0,0,A,16,B cell,46,31,9,9,9,Bcell
A-4313,all,37,21,5540,4675,14,46886,0,0,0,0,0,A,2,Sox9+/Id2+ epithelial cell,42,21,2,2,2_1,Capillary
A-4314,all,31,15,4927,4975,17,25376,0,0,0,0,0,A,7,Proliferative mesenchymal progenitor cell,40,16,3,3,3_2,SMC
A-4317,all,88,40,4014,4234,24,31515,8130,0,8130,0,1,A,6,CD4+ T cell,63,40,1,1,1_2_1,Tcell (CD4)
A-4318,all,41,19,4432,5486,21,28157,0,0,0,0,0,A,22,Ciliated cell,44,19,4,4,4_2,CiliatedEpi
A-4319,all,126,28,4399,4558,22,49854,0,0,0,0,0,A,87,Ciliated cell,44,28,4,4,4_2,CiliatedEpi
A-4322,all,180,65,4550,4580,32,81016,0,0,0,0,0,A,14,Inflammatory monocyte,52,32,8,8,8_2,InterstitialMac
A-4323,all,69,41,4512,4550,38,26928,0,0,0,0,0,A,9,B cell,59,41,1,1,1_5_2,AlveolarFib
A-4324,all,79,38,5274,3860,37,41842,0,0,0,0,0,A,6,Alveolar macrophage,56,39,2,2,2_2,InflamMac
A-4327,all,252,84,4283,4222,28,139790,0,0,0,0,0,A,30,Inflammatory monocyte,49,33,7,7,7_3,Tcell (CD8)
A-4328,all,90,47,4387,5587,26,61859,0,0,0,0,0,A,23,CD4+ T cell,65,48,3,3,3_2,SMC
A-4329,all,167,49,3840,4021,34,67558,34454,7010,29138,0.193924975,0.806075025,A,65,Ciliated cell,50,14,4,4,4_1_2,ClubEpi
A-4330,all,98,46,4553,5003,23,60829,0,0,0,0,0,A,11,B cell,63,41,9,9,9,Bcell
A-4331,all,272,55,4464,4748,24,78551,0,0,0,0,0,A,163,Endothelial progenitor cell,45,27,4,4,4_2,CiliatedEpi
A-4333,all,134,48,5535,5278,23,63719,0,0,0,0,0,A,28,CD8+ T cell,43,20,2,2,2_2,InflamMac
A-4335,all,276,73,4442,5282,18,80313,0,0,0,0,0,A,102,Capillary 1 cell,54,40,4,4,4_1_2,CiliatedEpi
A-4336,all,29,17,3948,4002,35,27903,0,0,0,0,0,A,8,Pericyte,40,17,7,7,7_3,Tcell (CD8)
A-4337,all,28,20,5496,5488,10,31522,0,0,0,0,0,A,3,Interstitial macrophage,43,20,5,5,5_3,Pericyte
A-4338,all,45,28,5425,5535,31,50650,0,0,0,0,0,A,2,Venous endothelial cell,45,28,2,2,2_3,Vein
A-4340,all,190,66,4985,5451,33,74576,0,0,0,0,0,A,7,Alveolar fibroblast 1,53,36,3,3,3_3,AdventitialFib
A-4341,all,76,35,4152,4180,22,43640,0,0,0,0,0,A,18,Alveolar type 1 cell,56,35,4,4,4_1_2,ClubEpi
A-4342,all,29,11,5491,4375,38,39161,0,0,0,0,0,A,16,Alveolar fibroblast 1,41,12,1,1,1_4_3,AlveolarFib
A-4344,all,40,26,4423,4430,37,60787,0,0,0,0,0,A,4,Inflammatory monocyte,42,26,9,9,9,Bcell
A-4345,all,21,15,4542,5514,16,18861,0,0,0,0,0,A,3,CD8+ T cell,41,16,2,2,2_2,InflamMac
A-4346,all,117,61,4422,5528,19,56006,0,0,0,0,0,A,28,Interstitial macrophage,44,32,8,8,8_3,InterstitialMac
A-4347,all,163,61,4426,5066,27,72722,2660,2660,0,1,0,A,29,Alveolar fibroblast 1,53,34,3,3,3_1,SMC
A-4350,all,448,71,4456,4798,24,121439,0,0,0,0,0,A,301,Ciliated cell,52,35,4,4,4_2,CiliatedEpi
A-4351,all,277,59,4457,4696,23,82837,0,0,0,0,0,A,179,Secretory cell,44,36,4,4,4_2,CiliatedEpi
A-4352,all,126,54,5445,5357,30,84827,0,0,0,0,0,A,9,Alveolar fibroblast 1,45,27,8,8,8_2,InterstitialMac
A-4355,all,67,29,4871,5171,26,28827,0,0,0,0,0,A,5,CD8+ T cell,52,30,1,1,1_5_2,AlveolarFib
A-4356,all,283,50,4105,4164,22,72580,0,0,0,0,0,A,206,Ciliated cell,64,49,4,4,4_2,CiliatedEpi
A-4357,all,15,9,5276,4297,30,50567,0,0,0,0,0,A,4,Natural killer cell,34,10,2,2,2_2,InflamMac
A-4358,all,57,29,4616,3947,27,77827,0,0,0,0,0,A,15,B cell,54,29,9,9,9,Bcell
A-4359,all,21,13,5270,4586,15,99691,0,0,0,0,0,A,10,Alveolar type 1 cell,38,13,6,6,6,AT1
A-4361,all,73,39,3934,3884,35,28052,0,0,0,0,0,A,8,B cell,54,39,9,9,9,Bcell
A-4362,all,82,43,5569,3860,31,61589,0,0,0,0,0,A,8,Proliferative mesenchymal progenitor cell,61,44,3,3,3_5,SMC
A-4363,all,7,7,4465,4359,39,12987,0,0,0,0,0,A,3,CD4+ T cell,23,10,7,7,7_2,PatrolMac
A-4365,all,172,55,4637,4567,17,63580,0,0,0,0,0,A,12,Inflammatory monocyte,59,41,2,2,2_5,DC
A-4366,all,93,43,5587,5547,20,73773,0,0,0,0,0,A,7,Alveolar type 2 cell,61,42,2,2,2_2,InflamMac
A-4368,all,16,8,4536,5613,20,30351,0,0,0,0,0,A,7,Sox9+/Id2+ epithelial cell,39,8,1,1,1_1,AT2
A-4369,all,40,20,5600,4189,36,31781,0,0,0,0,0,A,3,Capillary 1 cell,43,20,2,2,2_1,Capillary
A-4370,all,71,31,4111,4260,37,21476,0,0,0,0,0,A,34,Inflammatory monocyte,45,30,4,4,4_1_2,CiliatedEpi
A-4373,all,59,29,3938,3818,36,37411,0,0,0,0,0,A,13,Neutrophil,53,30,3,3,3_2,SMC
A-4375,all,84,36,4563,3954,17,70578,0,0,0,0,0,A,10,Proliferative mesenchymal progenitor cell,60,36,3,3,3_3,AdventitialFib
A-4376,all,68,34,4306,4315,10,41147,0,0,0,0,0,A,11,Inflammatory monocyte,56,34,3,3,3_3,AdventitialFib
A-4378,all,133,54,4150,4055,25,91739,0,0,0,0,0,A,3,Inflammatory monocyte,48,32,2,2,2_2,InflamMac
A-4379,all,94,50,4410,5621,26,50829,0,0,0,0,0,A,16,Secondary crest myofibroblast,66,50,3,3,3_2,SMC
A-4381,all,109,53,4358,4342,20,78671,0,0,0,0,0,A,8,Innate lymphoid cell,49,37,2,2,2_2,InflamMac
A-4382,all,74,31,4464,4466,15,35817,0,0,0,0,0,A,3,Natural killer cell,56,32,2,2,2_2,InflamMac
A-4383,all,131,48,4931,5055,24,75169,0,0,0,0,0,A,4,Mesothelial cell,45,24,3,3,3_3,AdventitialFib
A-4384,all,113,48,4742,5619,14,43646,0,0,0,0,0,A,34,Alveolar fibroblast 1,46,26,1,1,1_5_1,LymphaticEndo
A-4385,all,234,69,4993,5046,16,99117,0,0,0,0,0,A,14,Capillary 1 cell,52,31,2,2,2_2,InflamMac
A-4387,all,185,61,4666,5144,35,68889,0,0,0,0,0,A,13,Alveolar type 1 cell,52,33,6,6,6,AT1
A-4388,all,11,8,4975,4636,23,29761,0,0,0,0,0,A,5,Alveolar fibroblast 1,33,8,1,1,1_1,AT2
A-4390,all,85,48,4138,3830,19,29501,0,0,0,0,0,A,6,Inflammatory monocyte,60,49,2,2,2_2,InflamMac
A-4391,all,237,78,4498,5170,23,103827,0,0,0,0,0,A,71,Secretory cell,51,29,4,4,4_1_2,ClubEpi
A-4392,all,244,82,4580,5254,23,110288,0,0,0,0,0,A,25,Mesothelial cell,47,32,4,4,4_1_3,CiliatedEpi
A-4393,all,86,46,4649,5215,18,77869,0,0,0,0,0,A,14,CD4+ T cell,60,46,7,7,7_2,PatrolMac
A-4394,all,129,52,5278,5656,18,70565,0,0,0,0,0,A,14,Alveolar type 1 cell,46,28,6,6,6,AT1
A-4395,all,45,23,4494,4227,12,25502,0,0,0,0,0,A,4,Inflammatory monocyte,47,24,3,3,3_1,SMC
A-4396,all,72,32,4891,5263,10,59163,0,0,0,0,0,A,8,CD4+ T cell,52,32,7,7,7_4,PatrolMac
A-4398,all,100,49,4658,4072,30,61119,0,0,0,0,0,A,18,Alveolar fibroblast 1,65,45,3,3,3_2,SMC
A-4400,all,153,60,4855,5651,15,73497,0,0,0,0,0,A,28,Inflammatory monocyte,47,31,2,2,2_2,InflamMac
A-4401,all,69,32,4536,4747,22,27228,0,0,0,0,0,A,7,Alveolar macrophage,56,33,1,1,1_4_1,AlveolarFib
A-4403,all,78,36,3866,3855,23,40795,0,0,0,0,0,A,4,B cell,56,36,9,9,9,Bcell
A-4405,all,31,19,5598,4800,10,48973,0,0,0,0,0,A,7,Inflammatory monocyte,38,19,7,7,7_4,PatrolMac
A-4407,all,69,32,5039,4016,25,56207,0,0,0,0,0,A,6,Alveolar type 1 cell,57,32,6,6,6,AT1
A-4408,all,79,42,4715,5234,30,50618,0,0,0,0,0,A,11,Natural killer cell,58,44,2,2,2_5,DC
A-4409,all,162,64,4537,3847,18,61709,0,0,0,0,0,A,6,Pulmonary neuroendocrine cell,46,30,1,1,1_6_2,Neutrophil
A-4410,all,120,58,4622,4130,16,67313,2556,2101,455,0.82198748,0.17801252,A,4,B cell,38,25,9,9,9,Bcell
A-4412,all,120,41,3985,3965,14,54211,0,0,0,0,0,A,7,Interstitial macrophage,47,19,8,8,8_2,InterstitialMac
A-4416,all,88,43,4565,5172,15,49761,0,0,0,0,0,A,12,T regulatory cell,57,43,7,7,7_2,PatrolMac
A-4420,all,63,31,4569,3817,10,35676,0,0,0,0,0,A,5,Pericyte,57,31,5,5,5_1,Pericyte
A-4421,all,123,55,4953,5512,35,47395,0,0,0,0,0,A,11,Classical DC subset 2,42,27,2,2,2_2,InflamMac
A-4422,all,160,58,4994,4712,24,97295,0,0,0,0,0,A,56,Secondary crest myofibroblast,46,29,3,3,3_1,SMC
A-4423,all,54,28,4403,4094,11,42231,0,0,0,0,0,A,12,Alveolar type 2 cell,53,28,7,7,7_2,PatrolMac
A-4424,all,87,34,4793,4347,32,86095,0,0,0,0,0,A,43,B cell,58,34,9,9,9,Bcell
A-4425,all,97,48,5296,5455,24,93946,0,0,0,0,0,A,18,Inflammatory monocyte,65,47,2,2,2_2,InflamMac
A-4426,all,122,48,5261,5496,27,82834,0,0,0,0,0,A,3,Ciliated cell,45,23,1,1,1_6_2,Neutrophil
A-4427,all,334,89,4463,4881,23,120371,0,0,0,0,0,A,139,Secretory cell,49,22,4,4,4_2,ClubEpi
A-4428,all,183,74,4745,4390,18,137574,0,0,0,0,0,A,17,Alveolar fibroblast 1,52,39,2,2,2_2,InflamMac
A-4432,all,78,39,4520,4506,22,74060,0,0,0,0,0,A,8,B cell,57,39,9,9,9,Bcell
A-4433,all,94,44,5452,5040,26,87629,0,0,0,0,0,A,19,Inflammatory monocyte,63,43,2,2,2_2,InflamMac
A-4434,all,62,33,5131,5327,7,28064,0,0,0,0,0,A,11,Alveolar type 2 cell,57,33,3,3,3_3,AdventitialFib
A-4435,all,192,59,4420,5320,14,56531,0,0,0,0,0,A,100,Endothelial progenitor cell,51,39,4,4,4_2,CiliatedEpi
A-4437,all,232,57,4303,4478,33,63693,0,0,0,0,0,A,147,Secretory cell,48,12,4,4,4_2,ClubEpi
A-4438,all,30,15,5309,5639,19,29051,0,0,0,0,0,A,4,Alveolar fibroblast 2,43,17,2,2,2_5,DC
A-4439,all,54,10,4738,4634,9,24437,0,0,0,0,0,A,38,Alveolar type 2 cell,49,10,1,1,1_1,AT2
A-4442,all,321,45,3979,4099,24,89677,30027,37376,728,0.980894394,0.019105606,A,214,Secretory cell,55,11,4,4,4_2,ClubEpi
A-4443,all,86,37,4670,5636,25,89015,0,0,0,0,0,A,33,Inflammatory monocyte,58,36,1,1,1_1,AT2
A-4444,all,165,45,5247,4750,24,99225,0,0,0,0,0,A,107,Sox9+/Id2+ epithelial cell,49,21,1,1,1_1,AT2
A-4445,all,71,35,4806,3919,11,41969,0,0,0,0,0,A,7,Sox9+/Id2+ epithelial cell,57,35,2,2,2_1,Capillary
A-4446,all,198,55,4105,4210,30,67544,0,0,0,0,0,A,120,Sox9+/Id2+ epithelial cell,51,20,4,4,4_2,ClubEpi
A-4447,all,65,32,4358,4397,25,57269,0,0,0,0,0,A,6,Alveolar type 1 cell,58,33,3,3,3_2,SMC
A-4448,all,34,18,4397,5642,33,13544,0,0,0,0,0,A,8,CD4+ T cell,42,18,8,8,8_3,InterstitialMac
A-4449,all,99,47,4865,4014,21,39418,0,0,0,0,0,A,8,Alveolar fibroblast 1,59,42,2,2,2_2,InflamMac
A-4451,all,144,61,4559,5135,24,67501,0,0,0,0,0,A,24,Alveolar fibroblast 2,52,35,3,3,3_1,SMC
A-4453,all,114,42,5514,4302,27,80691,0,0,0,0,0,A,41,Alveolar type 2 cell,38,18,3,3,3_4,AdventitialFib
A-4454,all,118,47,4536,4708,19,67084,0,0,0,0,0,A,11,Interstitial macrophage,44,24,8,8,8_2,InterstitialMac
A-4458,all,22,16,5307,4324,25,75315,0,0,0,0,0,A,2,Alveolar type 1 cell,41,16,6,6,6,AT1
A-4459,all,133,47,4069,4073,19,71310,0,0,0,0,0,A,11,B cell,47,23,3,3,3_2,SMC
A-4460,all,177,72,4051,3951,23,113778,0,0,0,0,0,A,25,Mesothelial cell,50,36,7,7,7_3,Tcell (CD8)
A-4463,all,82,42,4928,5323,38,45120,0,0,0,0,0,A,3,Alveolar type 1 cell,63,42,2,2,2_6,pDC
A-4464,all,228,82,3983,3837,26,126462,0,0,0,0,0,A,50,Capillary 2 cell,48,33,7,7,7_3,Tcell (CD8)
A-4465,all,161,64,5562,4173,24,111702,0,0,0,0,0,A,18,Alveolar type 1 cell,47,30,6,6,6,AT1
A-4469,all,96,43,4622,4791,33,55326,0,0,0,0,0,A,7,Venous endothelial cell,63,42,3,3,3_1,SMC
A-4472,all,54,30,4478,4205,22,31268,0,0,0,0,0,A,5,Natural killer cell,54,31,1,1,1_6_2,Neutrophil
A-4473,all,173,65,4574,5207,27,87271,0,0,0,0,0,A,19,Mesothelial cell,47,25,3,3,3_3,AdventitialFib
A-4474,all,37,17,4892,4709,16,16126,0,0,0,0,0,A,6,Alveolar type 2 cell,43,18,2,2,2_2,InflamMac
A-4475,all,23,16,4718,4164,8,15574,0,0,0,0,0,A,5,B cell,42,16,1,1,1_5_4,pDC
A-4477,all,186,60,5522,4716,25,92468,0,0,0,0,0,A,17,Alveolar type 1 cell,50,29,6,6,6,AT1
A-4479,all,21,11,4400,4491,39,11851,0,0,0,0,0,A,2,Alveolar type 1 cell,41,12,1,1,1_4_1,AlveolarFib
A-4480,all,64,31,4026,4038,17,38120,0,0,0,0,0,A,9,Venous endothelial cell,59,32,3,3,3_2,SMC
A-4482,all,101,40,4505,4629,29,58262,0,0,0,0,0,A,8,Interstitial macrophage,63,39,8,8,8_2,InterstitialMac
A-4483,all,129,43,4491,5245,22,62923,0,0,0,0,0,A,76,Alveolar fibroblast 1,47,15,4,4,4_2,ClubEpi
A-4486,all,73,33,5082,4696,32,50614,0,0,0,0,0,A,2,Inflammatory monocyte,56,35,2,2,2_5,DC
A-4489,all,129,53,5086,5098,23,82155,0,0,0,0,0,A,7,Capillary 1 cell,45,29,7,7,7_3,Tcell (CD8)
A-4490,all,218,76,4665,4521,23,82462,0,0,0,0,0,A,15,Alveolar type 1 cell,50,33,1,1,1_4_1,AlveolarFib
A-4491,all,137,46,4129,4114,27,80670,0,0,0,0,0,A,15,Vascular smooth muscle cell,49,24,3,3,3_2,SMC
A-4492,all,137,63,4249,4047,25,84317,0,0,0,0,0,A,7,Inflammatory monocyte,42,23,2,2,2_2,InflamMac
A-4494,all,68,36,4438,5622,25,46027,0,0,0,0,0,A,9,Pericyte,57,36,5,5,5_3,Pericyte
A-4495,all,147,52,4205,4225,37,71391,0,0,0,0,0,A,18,Alveolar macrophage,52,27,3,3,3_2,SMC
A-4496,all,241,53,4372,4540,24,76927,0,0,0,0,0,A,147,Arterial endothelial cell,46,29,4,4,4_2,CiliatedEpi
A-4497,all,115,33,5048,5533,25,62890,0,0,0,0,0,A,55,Sox9+/Id2+ epithelial cell,47,19,1,1,1_1,AT2
A-4499,all,101,40,5086,4165,14,70518,0,0,0,0,0,A,15,Neutrophil,56,35,1,1,1_6_2,Neutrophil
A-4500,all,40,18,4700,4623,8,29056,0,0,0,0,0,A,18,Alveolar type 2 cell,43,18,1,1,1_3,AT2
A-4501,all,93,35,5543,3952,27,68298,0,0,0,0,0,A,5,Inflammatory monocyte,59,35,1,1,1_5_2,AlveolarFib
A-4504,all,125,33,4353,4459,23,54179,0,0,0,0,0,A,81,Ciliated cell,51,15,4,4,4_2,ClubEpi
A-4505,all,67,34,5325,4766,17,86456,0,0,0,0,0,A,14,Pericyte,59,34,1,1,1_5_2,AlveolarFib
A-4506,all,96,38,5027,5173,12,43990,0,0,0,0,0,A,2,Alveolar fibroblast 1,61,38,2,2,2_6,pDC
A-4508,all,81,32,4697,4673,12,44292,0,0,0,0,0,A,9,Pericyte,53,32,5,5,5_3,Pericyte
A-4511,all,167,66,4077,3893,30,87153,0,0,0,0,0,A,12,Inflammatory monocyte,49,37,1,1,1_4_1,AlveolarFib
A-4512,all,28,18,5321,3838,34,32395,0,0,0,0,0,A,2,Alveolar fibroblast 1,37,19,1,1,1_4_1,AlveolarFib
A-4514,all,87,38,4565,5545,14,40887,0,0,0,0,0,A,22,CD4+ T cell,57,39,2,2,2_2,InflamMac
A-4515,all,26,21,3890,3879,40,21048,0,0,0,0,0,A,3,Alveolar macrophage,47,21,8,8,8_2,InterstitialMac
A-4516,all,201,56,4470,5135,11,51138,0,0,0,0,0,A,127,Endothelial progenitor cell,67,53,4,4,4_2,CiliatedEpi
A-4518,all,31,15,4969,4552,13,34163,0,0,0,0,0,A,19,Alveolar fibroblast 1,42,15,2,2,2_6,pDC
A-4521,all,40,24,5325,4876,33,34660,0,0,0,0,0,A,7,Alveolar macrophage,42,24,2,2,2_6,pDC
A-4522,all,47,29,4575,3879,19,28207,0,0,0,0,0,A,4,Arterial endothelial cell,47,29,7,7,7_2,PatrolMac
A-4523,all,34,24,5310,3866,32,27345,0,0,0,0,0,A,2,Proliferative mesenchymal progenitor cell,41,25,3,3,3_1,SMC
A-4526,all,145,56,4943,5012,26,80659,0,0,0,0,0,A,24,Inflammatory monocyte,49,29,1,1,1_4_1,AlveolarFib
A-4527,all,20,11,4732,5194,9,10767,0,0,0,0,0,A,4,Alveolar fibroblast 1,40,12,1,1,1_4_3,AlveolarFib
A-4529,all,116,57,4693,5211,20,66714,0,0,0,0,0,A,8,Natural killer cell,45,35,7,7,7_3,Tcell (CD8)
A-4531,all,92,40,5543,5009,17,57771,0,0,0,0,0,A,11,Secondary crest myofibroblast,59,39,5,5,5_3,Pericyte
A-4532,all,97,36,4383,4448,32,57540,0,0,0,0,0,A,17,B cell,60,33,3,3,3_2,SMC
A-4533,all,80,18,4531,5333,40,23179,0,0,0,0,0,A,68,Ciliated cell,39,18,4,4,4_2,CiliatedEpi
A-4534,all,221,71,4556,3993,17,99013,0,0,0,0,0,A,18,CD8+ T cell,56,36,7,7,7_3,Tcell (CD8)
A-4536,all,157,47,4489,4917,22,60235,0,0,0,0,0,A,81,Capillary 1 cell,63,46,4,4,4_2,CiliatedEpi
A-4538,all,124,56,4387,4372,22,84385,0,0,0,0,0,A,8,B cell,43,32,1,1,1_6_2,Neutrophil
A-4539,all,76,37,5265,3927,27,83770,0,0,0,0,0,A,14,B cell,55,37,7,7,7_3,Tcell (CD8)
A-4540,all,178,62,4332,4113,28,83789,0,0,0,0,0,A,59,Proliferative mesenchymal progenitor cell,50,32,3,3,3_3,AdventitialFib
A-4541,all,24,12,5365,5490,18,32565,0,0,0,0,0,A,3,Neutrophil,45,13,2,2,2_2,InflamMac
A-4543,all,59,34,4448,4198,31,51684,0,0,0,0,0,A,3,CD4+ T cell,55,35,3,3,3_2,SMC
A-4546,all,41,19,4644,4226,24,40330,0,0,0,0,0,A,7,Pulmonary neuroendocrine cell,43,20,2,2,2_2,InflamMac
A-4548,all,79,42,4689,4478,30,44190,0,0,0,0,0,A,2,Capillary 1 cell,57,42,2,2,2_3,Vein
A-4549,all,243,77,5093,5612,32,120195,0,0,0,0,0,A,30,Arterial endothelial cell,45,33,6,6,6,AT1
A-4552,all,194,68,5318,5557,23,91589,0,0,0,0,0,A,13,Capillary 2 cell,51,34,2,2,2_2,InflamMac
A-4554,all,78,41,4272,4087,32,39097,0,0,0,0,0,A,14,B cell,60,41,9,9,9,Bcell
A-4556,all,168,55,4259,4130,28,118896,50,0,50,0,1,A,29,Alveolar type 2 cell,52,34,2,2,2_2,InflamMac
A-4558,all,222,70,4894,3978,27,119978,0,0,0,0,0,A,11,Capillary 2 cell,53,35,2,2,2_2,InflamMac
A-4559,all,113,59,4726,4472,25,51842,0,0,0,0,0,A,5,B cell,41,26,1,1,1_5_2,AlveolarFib
A-4561,all,121,37,4012,4195,13,38396,2750,1549,1201,0.563272727,0.436727273,A,3,Natural killer cell,46,17,7,7,7_3,Tcell (CD8)
A-4564,all,59,31,4599,5019,33,44997,0,0,0,0,0,A,5,Alveolar macrophage,55,31,7,7,7_2,PatrolMac
A-4565,all,493,79,4254,4439,18,104278,0,0,0,0,0,A,285,Arterial endothelial cell,52,34,4,4,4_2,CiliatedEpi
A-4566,all,28,17,4530,5496,36,9708,0,0,0,0,0,A,5,Alveolar macrophage,38,17,1,1,1_2_3,Tcell (CD4)
A-4567,all,161,68,4268,3967,20,70284,0,0,0,0,0,A,10,Secondary crest myofibroblast,46,37,3,3,3_1,SMC
A-4568,all,160,50,4825,4322,28,80227,0,0,0,0,0,A,104,B cell,49,23,3,3,3_5,SMC
A-4569,all,42,18,4764,5649,7,20612,0,0,0,0,0,A,23,Alveolar type 2 cell,45,18,1,1,1_3,AT2
A-4571,all,33,11,4518,5369,41,11307,0,0,0,0,0,A,21,Ciliated cell,30,10,4,4,4_2,CiliatedEpi
A-4575,all,352,87,4480,5028,23,102247,0,0,0,0,0,A,179,Endothelial progenitor cell,53,42,4,4,4_2,CiliatedEpi
A-4578,all,88,29,5599,4539,33,47129,0,0,0,0,0,A,13,Alveolar type 1 cell,57,29,6,6,6,AT1
A-4579,all,177,75,4199,4095,27,124200,0,0,0,0,0,A,16,Interstitial macrophage,50,37,9,9,9,Bcell
A-4580,all,146,63,4737,3964,17,104247,0,0,0,0,0,A,14,Inflammatory monocyte,44,26,2,2,2_2,InflamMac
A-4581,all,121,51,4387,3819,35,58887,0,0,0,0,0,A,10,Mature DC subset,41,22,7,7,7_3,Tcell (CD8)
A-4582,all,152,53,4576,5038,16,60717,0,0,0,0,0,A,15,Interstitial macrophage,52,26,8,8,8_1,AlveolarMac
A-4583,all,76,32,4775,5617,14,29827,0,0,0,0,0,A,17,Alveolar type 2 cell,55,32,1,1,1_1,AT2
A-4584,all,271,85,3975,3922,25,120989,0,0,0,0,0,A,25,CD4+ T cell,44,28,8,8,8_2,InterstitialMac
A-4588,all,26,15,5498,3937,23,75153,0,0,0,0,0,A,11,B cell,42,15,9,9,9,Bcell
A-4590,all,234,67,4468,4984,17,49314,0,0,0,0,0,A,99,Capillary 1 cell,52,24,4,4,4_2,ClubEpi
A-4591,all,236,76,4308,3893,28,102484,0,0,0,0,0,A,10,Inflammatory monocyte,53,34,7,7,7_3,Tcell (CD8)
A-4593,all,121,51,4862,4684,19,77110,0,0,0,0,0,A,19,Capillary 1 cell,45,29,2,2,2_2,InflamMac
A-4599,all,47,32,4412,4347,33,33965,0,0,0,0,0,A,3,Capillary 2 cell,48,33,2,2,2_2,InflamMac
A-4601,all,44,21,5003,4680,15,38818,0,0,0,0,0,A,11,Megakaryocyte/Platelet,50,23,2,2,2_5,DC
A-4603,all,237,62,4427,4654,24,90549,0,0,0,0,0,A,109,Endothelial progenitor cell,50,36,4,4,4_2,CiliatedEpi
A-4606,all,256,58,4142,4224,23,80395,0,0,0,0,0,A,176,Secretory cell,49,12,4,4,4_2,ClubEpi
A-4608,all,43,22,4645,4194,32,28751,0,0,0,0,0,A,7,Alveolar type 1 cell,43,22,6,6,6,AT1
A-4609,all,355,48,3953,4049,24,100202,73007,59054,13638,0.812386507,0.187613493,A,231,Ciliated cell,55,8,4,4,4_2,ClubEpi
A-4610,all,118,49,5117,5457,16,58717,0,0,0,0,0,A,5,Alveolar fibroblast 1,43,25,3,3,3_3,AdventitialFib
A-4611,all,14,3,5507,5037,5,9045,0,0,0,0,0,A,11,Sox9+/Id2+ epithelial cell,40,3,1,1,1_1,AT2
A-4612,all,58,29,4391,4150,17,45225,0,0,0,0,0,A,15,CD4+ T cell,53,29,7,7,7_4,PatrolMac
A-4615,all,13,9,5199,4458,32,22674,0,4234,0,1,0,A,3,Endothelial progenitor cell,31,9,2,2,2_6,pDC
A-4616,all,68,36,5112,4191,35,44505,0,0,0,0,0,A,14,Natural killer cell,59,36,2,2,2_1,Capillary
A-4618,all,27,15,4084,4041,23,21129,0,0,0,0,0,A,2,Sox9+/Id2+ epithelial cell,38,16,2,2,2_2,InflamMac
A-4619,all,21,18,5532,5360,36,19084,0,0,0,0,0,A,2,Pericyte,42,18,5,5,5_3,Pericyte
A-4620,all,53,32,4393,4323,30,40803,0,0,0,0,0,A,6,Innate lymphoid cell,54,33,1,1,1_6_2,Neutrophil
A-4622,all,210,63,4062,4150,26,90895,122,0,122,0,1,A,85,B cell,45,27,4,4,4_1_2,CiliatedEpi
A-4623,all,36,17,4313,4171,39,20829,0,0,0,0,0,A,4,Natural killer cell,44,18,2,2,2_2,InflamMac
A-4624,all,25,11,4597,4642,12,10282,0,0,0,0,0,A,9,Pericyte,44,11,5,5,5_1,Pericyte
A-4625,all,11,9,4987,5371,5,15525,0,0,0,0,0,A,3,Pericyte,33,10,3,3,3_2,SMC
A-4627,all,142,54,4267,3873,34,72839,0,0,0,0,0,A,8,Alveolar macrophage,48,29,1,1,1_4_1,AlveolarFib
A-4631,all,97,49,4110,4021,28,60190,0,0,0,0,0,A,7,Proliferative mesenchymal progenitor cell,63,46,1,1,1_2_1,Tcell (CD4)
A-4632,all,117,51,4315,5550,21,61310,0,0,0,0,0,A,44,Inflammatory monocyte,66,49,4,4,4_1_2,CiliatedEpi
A-4634,all,139,59,4514,4665,23,61285,0,0,0,0,0,A,13,Interstitial macrophage,46,28,8,8,8_2,InterstitialMac
A-4636,all,34,16,5367,4997,39,24437,0,0,0,0,0,A,15,Alveolar macrophage,43,16,1,1,1_1,AT2
A-4638,all,56,30,4495,3874,15,28365,0,0,0,0,0,A,6,Alveolar fibroblast 1,55,30,1,1,1_5_4,pDC
A-4640,all,138,51,4660,4143,19,65056,0,0,0,0,0,A,36,Alveolar type 1 cell,44,24,6,6,6,AT1
A-4642,all,83,31,4503,4256,16,36533,0,0,0,0,0,A,10,Natural killer cell,60,31,2,2,2_2,InflamMac
A-4644,all,99,50,3823,3903,18,67591,0,0,0,0,0,A,8,B cell,62,47,9,9,9,Bcell
A-4648,all,62,33,5076,5508,31,38980,0,0,0,0,0,A,3,Proliferative mesenchymal progenitor cell,55,33,1,1,1_2_1,Tcell (CD4)
A-4649,all,135,57,4831,5207,31,49366,0,0,0,0,0,A,9,Sox9+/Id2+ epithelial cell,42,25,8,8,8_1,AlveolarMac
A-4651,all,83,37,4463,5330,31,46141,0,0,0,0,0,A,34,Alveolar fibroblast 1,53,36,4,4,4_1_2,CiliatedEpi
A-4653,all,66,37,3800,3854,36,30784,0,0,0,0,0,A,10,Alveolar fibroblast 2,55,37,3,3,3_3,AdventitialFib
A-4655,all,44,24,5531,4491,26,43435,0,0,0,0,0,A,5,CD4+ T cell,45,25,2,2,2_2,InflamMac
A-4658,all,37,20,5259,5587,7,38185,0,0,0,0,0,A,6,Pericyte,42,20,5,5,5_1,Pericyte
A-4660,all,258,52,4222,4353,27,72638,0,0,0,0,0,A,190,Ciliated cell,51,9,4,4,4_2,ClubEpi
A-4661,all,54,19,5154,5307,13,30662,0,0,0,0,0,A,33,Alveolar type 2 cell,51,19,1,1,1_1,AT2
A-4662,all,75,35,4532,5548,18,46966,0,0,0,0,0,A,2,Sox9+/Id2+ epithelial cell,54,36,1,1,1_6_2,Neutrophil
A-4663,all,35,21,3919,4059,37,20271,0,0,0,0,0,A,13,Secretory cell,42,21,4,4,4_1_1,ClubEpi
A-4665,all,61,31,4382,4202,38,37783,0,0,0,0,0,A,4,B cell,54,31,1,1,1_5_2,AlveolarFib
A-4666,all,84,39,4461,5506,12,60837,0,0,0,0,0,A,15,B cell,58,39,2,2,2_2,InflamMac
A-4667,all,31,23,5500,5365,38,27610,0,0,0,0,0,A,5,Inflammatory monocyte,39,24,3,3,3_2,SMC
A-4668,all,24,14,5563,5390,41,10111,0,0,0,0,0,A,4,Alveolar type 1 cell,43,14,6,6,6,AT1
A-4669,all,148,55,4089,3965,17,64346,0,0,0,0,0,A,19,Mesothelial cell,50,25,7,7,7_3,Tcell (CD8)
A-4670,all,194,71,4915,5181,20,105879,0,0,0,0,0,A,13,Natural killer cell,51,38,2,2,2_2,InflamMac
A-4677,all,82,31,4517,4934,31,36217,0,0,0,0,0,A,50,Secretory cell,62,31,4,4,4_2,ClubEpi
A-4678,all,115,48,5551,5135,24,94200,0,0,0,0,0,A,12,Classical DC subset 2,43,27,2,2,2_2,InflamMac
A-4679,all,83,19,4009,4091,15,24253,16580,6804,2014,0.771603538,0.228396462,A,53,Venous endothelial cell,42,18,4,4,4_2,CiliatedEpi
A-4680,all,170,53,4144,4273,31,55540,0,0,0,0,0,A,54,Endothelial progenitor cell,41,19,4,4,4_1_2,CiliatedEpi
A-4681,all,111,49,3837,3867,30,52109,0,0,0,0,0,A,5,T regulatory cell,54,28,1,1,1_2_1,Tcell (CD4)
A-4682,all,44,21,5233,5004,14,43345,0,0,0,0,0,A,3,Sox9+/Id2+ epithelial cell,48,22,1,1,1_6_2,Neutrophil
A-4685,all,76,38,4465,3838,29,30542,0,0,0,0,0,A,3,Alveolar macrophage,55,39,1,1,1_4_1,AlveolarFib
A-4686,all,171,68,5331,5400,19,94470,0,0,0,0,0,A,25,Alveolar macrophage,48,32,1,1,1_4_1,AlveolarFib
A-4689,all,102,46,4220,3937,28,60042,0,0,0,0,0,A,9,CD8+ T cell,58,38,7,7,7_4,PatrolMac
A-4692,all,277,79,4836,5157,20,118821,0,0,0,0,0,A,20,Capillary 2 cell,46,29,1,1,1_4_1,AlveolarFib
A-4693,all,36,17,4327,4366,31,27524,0,0,0,0,0,A,2,Proliferative mesenchymal progenitor cell,44,18,3,3,3_2,SMC
A-4702,all,30,10,4300,4422,9,7564,0,0,0,0,0,A,20,Ciliated cell,31,10,4,4,4_2,CiliatedEpi
A-4703,all,245,73,4490,4959,25,73761,0,0,0,0,0,A,131,Alveolar fibroblast 1,49,20,4,4,4_2,ClubEpi
A-4705,all,143,37,4046,4114,22,60037,0,0,0,0,0,A,104,Endothelial progenitor cell,49,11,4,4,4_2,ClubEpi
A-4708,all,52,7,5268,4780,8,18686,0,0,0,0,0,A,48,Alveolar type 2 cell,49,7,1,1,1_1,AT2
A-4717,all,37,24,5593,3923,28,27293,0,0,0,0,0,A,2,Alveolar fibroblast 1,40,25,1,1,1_4_1,AlveolarFib
A-4718,all,24,17,4367,4270,39,13657,0,0,0,0,0,A,2,T regulatory cell,40,18,1,1,1_6_2,Neutrophil
A-4719,all,225,52,4209,4314,25,72162,0,0,0,0,0,A,153,Ciliated cell,66,52,4,4,4_2,CiliatedEpi
A-4721,all,72,34,4866,5211,33,32822,0,0,0,0,0,A,2,Natural killer cell,52,35,2,2,2_2,InflamMac
A-4722,all,82,42,4191,3871,36,30425,0,0,0,0,0,A,5,B cell,60,42,1,1,1_2_1,Tcell (CD4)
A-4726,all,214,63,5026,5503,26,92425,0,0,0,0,0,A,101,Alveolar type 2 cell,47,23,1,1,1_1,AT2
A-4730,all,121,44,4474,5377,22,57401,0,0,0,0,0,A,52,Capillary 1 cell,58,42,4,4,4_1_2,CiliatedEpi
A-4731,all,97,30,4761,4470,23,38625,0,0,0,0,0,A,4,CD4+ T cell,58,27,1,1,1_2_1,Tcell (CD4)
A-4734,all,239,36,3812,3976,25,80325,117143,151987,21163,0.877776494,0.122223506,A,85,Endothelial progenitor cell,55,7,4,4,4_1_2,ClubEpi
A-4739,all,81,15,3848,3976,15,26484,212489,102961,32839,0.758181149,0.241818851,A,38,Arterial endothelial cell,47,13,4,4,4_2,CiliatedEpi
A-4741,all,46,25,5351,5521,20,61410,0,0,0,0,0,A,4,Alveolar type 1 cell,48,26,3,3,3_2,SMC
A-4744,all,65,29,5035,4710,22,53743,0,0,0,0,0,A,6,Alveolar type 2 cell,53,29,3,3,3_3,AdventitialFib
A-4746,all,114,55,4293,5605,23,40652,0,0,0,0,0,A,42,Ciliated cell,66,54,4,4,4_1_2,CiliatedEpi
A-4749,all,58,34,4341,3880,33,43574,0,0,0,0,0,A,4,Alveolar macrophage,54,34,7,7,7_3,Tcell (CD8)
A-4750,all,89,37,4406,5560,20,46767,0,0,0,0,0,A,9,Innate lymphoid cell,61,38,3,3,3_2,SMC
A-4752,all,24,8,4525,4900,41,11668,0,0,0,0,0,A,19,Secondary crest myofibroblast,39,8,4,4,4_2,ClubEpi
A-4756,all,197,64,3902,4017,26,110935,12694,1656,10845,0.132469402,0.867530598,A,55,Ciliated cell,50,32,4,4,4_1_2,CiliatedEpi
A-4757,all,68,34,3668,3842,24,37180,0,0,0,0,0,A,3,CD4+ T cell,58,34,7,7,7_3,Tcell (CD8)
A-4758,all,185,71,4228,3983,26,96075,0,0,0,0,0,A,10,CD4+ T cell,59,47,7,7,7_2,PatrolMac
A-4762,all,222,46,4178,4270,20,73924,0,0,0,0,0,A,140,Ciliated cell,66,46,4,4,4_2,CiliatedEpi
A-4766,all,193,67,3858,3823,20,82951,0,0,0,0,0,A,9,Inflammatory monocyte,55,33,7,7,7_3,Tcell (CD8)
A-4767,all,48,27,4832,3921,19,24547,0,0,0,0,0,A,2,Natural killer cell,51,28,2,2,2_2,InflamMac
A-4770,all,58,32,4370,5549,34,39735,0,0,0,0,0,A,21,Alveolar fibroblast 1,44,30,4,4,4_1_2,CiliatedEpi
A-4775,all,20,16,4411,3835,40,7455,0,0,0,0,0,A,2,CD4+ T cell,39,17,1,1,1_4_1,AlveolarFib
A-4778,all,39,22,4395,4125,20,19384,0,0,0,0,0,A,11,CD4+ T cell,42,22,7,7,7_2,PatrolMac
A-4783,all,126,33,4322,4433,20,50847,0,0,0,0,0,A,73,Ciliated cell,56,32,4,4,4_2,CiliatedEpi
A-4787,all,40,21,5240,5039,15,26309,0,0,0,0,0,A,2,Inflammatory monocyte,43,22,2,2,2_2,InflamMac
A-4788,all,106,48,4220,4027,25,51639,0,0,0,0,0,A,9,B cell,59,37,9,9,9,Bcell
A-4792,all,72,36,4466,6123,35,56949,0,0,0,0,0,A,8,CD8+ T cell,56,37,2,2,2_2,InflamMac
A-4793,all,108,52,4862,6300,19,74186,0,0,0,0,0,A,12,Capillary 1 cell,57,41,2,2,2_3,Vein
A-4794,all,77,34,4274,6648,14,87031,54,0,54,0,1,A,19,B cell,52,34,9,9,9,Bcell
A-4795,all,171,41,4008,7541,28,90076,0,0,0,0,0,A,108,Alveolar type 2 cell,48,18,1,1,1_1,AT2
A-4796,all,99,42,5205,5702,21,77304,0,0,0,0,0,A,8,Mesothelial cell,57,38,6,6,6,AT1
A-4797,all,128,56,4093,6374,24,83147,0,0,0,0,0,A,23,B cell,40,22,1,1,1_4_1,AlveolarFib
A-4799,all,52,17,5576,6451,16,26251,0,0,0,0,0,A,34,Alveolar type 2 cell,50,17,1,1,1_1,AT2
A-4800,all,61,34,4103,7206,19,79447,0,0,0,0,0,A,4,Natural killer cell,56,35,2,2,2_2,InflamMac
A-4803,all,54,25,4813,6245,12,61214,102,102,0,1,0,A,16,CD4+ T cell,51,25,7,7,7_4,PatrolMac
A-4804,all,69,31,4125,6556,16,41438,0,0,0,0,0,A,28,Sox9+/Id2+ epithelial cell,55,31,3,3,3_3,AdventitialFib
A-4806,all,52,17,4522,6740,9,41823,0,0,0,0,0,A,26,CD4+ T cell,51,17,1,1,1_1,AT2
A-4809,all,69,31,4056,7043,19,47284,0,0,0,0,0,A,12,Sox9+/Id2+ epithelial cell,54,31,1,1,1_4_1,AlveolarFib
A-4810,all,54,28,5296,6302,14,60879,0,0,0,0,0,A,10,Alveolar macrophage,53,28,8,8,8_1,AlveolarMac
A-4812,all,98,42,3915,6367,25,62173,0,0,0,0,0,A,10,B cell,61,36,8,8,8_1,AlveolarMac
A-4813,all,192,67,4393,5830,29,88417,0,0,0,0,0,A,58,Alveolar fibroblast 1,44,28,4,4,4_1_2,CiliatedEpi
A-4814,all,47,21,4971,7502,23,63940,0,0,0,0,0,A,16,Sox9+/Id2+ epithelial cell,47,21,2,2,2_6,pDC
A-4815,all,77,39,4532,7118,15,52486,0,0,0,0,0,A,26,CD4+ T cell,57,39,1,1,1_4_1,AlveolarFib
A-4817,all,38,14,4821,6738,14,30869,0,0,0,0,0,A,15,Inflammatory monocyte,44,14,5,5,5_3,Pericyte
A-4818,all,98,26,5042,6191,20,65072,0,0,0,0,0,A,64,Alveolar fibroblast 1,55,24,1,1,1_1,AT2
A-4820,all,33,22,5328,7527,17,44452,0,0,0,0,0,A,5,Capillary 1 cell,42,22,2,2,2_1,Capillary
A-4823,all,166,53,4129,6014,20,62440,0,0,0,0,0,A,84,Secretory cell,48,21,4,4,4_2,ClubEpi
A-4825,all,114,52,4357,5987,28,73105,0,0,0,0,0,A,29,Pericyte,44,31,5,5,5_3,Pericyte
A-4826,all,54,25,4386,7160,30,30716,0,0,0,0,0,A,4,Alveolar fibroblast 1,55,26,1,1,1_4_1,AlveolarFib
A-4827,all,121,41,4610,5833,12,54822,0,0,0,0,0,A,20,Alveolar type 1 cell,47,23,6,6,6,AT1
A-4831,all,68,40,5036,5695,15,66762,0,0,0,0,0,A,4,Pericyte,56,40,5,5,5_3,Pericyte
A-4833,all,166,67,4276,5749,23,81378,0,0,0,0,0,A,45,Alveolar fibroblast 1,46,29,4,4,4_1_1,ClubEpi
A-4835,all,24,15,5412,6926,35,34663,0,0,0,0,0,A,3,Alveolar macrophage,41,15,1,1,1_2_3,Tcell (CD4)
A-4836,all,101,39,4789,6901,32,55130,0,0,0,0,0,A,21,Alveolar fibroblast 1,62,36,1,1,1_4_3,AlveolarFib
A-4837,all,54,31,4839,5967,36,33953,0,0,0,0,0,A,10,Pericyte,53,32,3,3,3_2,SMC
A-4838,all,78,32,4447,5849,37,61752,0,0,0,0,0,A,26,CD4+ T cell,56,32,1,1,1_2_1,Tcell (CD4)
A-4839,all,52,28,5516,7484,12,56109,0,0,0,0,0,A,8,Inflammatory monocyte,50,27,2,2,2_1,Capillary
A-4841,all,67,40,4205,6034,21,51646,0,0,0,0,0,A,12,Alveolar fibroblast 1,59,40,5,5,5_3,Pericyte
A-4842,all,50,28,4681,7500,21,53484,0,0,0,0,0,A,8,B cell,50,28,9,9,9,Bcell
A-4843,all,117,53,4835,5916,27,101933,0,0,0,0,0,A,43,B cell,46,27,9,9,9,Bcell
A-4845,all,51,33,5041,5924,39,37093,0,0,0,0,0,A,4,Alveolar fibroblast 1,55,34,1,1,1_5_1,LymphaticEndo
A-4847,all,126,62,4511,5797,33,79288,0,0,0,0,0,A,10,Pericyte,41,26,5,5,5_3,Pericyte
A-4848,all,111,53,4562,5846,22,58105,0,0,0,0,0,A,9,Alveolar type 1 cell,49,34,6,6,6,AT1
A-4849,all,79,39,4611,6162,34,39788,0,0,0,0,0,A,14,Inflammatory monocyte,60,40,2,2,2_2,InflamMac
A-4850,all,28,16,5492,5985,16,43218,0,0,0,0,0,A,7,Neutrophil,44,16,5,5,5_3,Pericyte
A-4851,all,64,26,3885,6339,36,44058,0,0,0,0,0,A,18,Ciliated cell,54,26,4,4,4_1_1,CiliatedEpi
A-4852,all,110,33,4353,5899,36,27511,0,0,0,0,0,A,72,Ciliated cell,43,32,4,4,4_2,CiliatedEpi
A-4854,all,42,30,4077,7263,29,26547,0,0,0,0,0,A,4,Alveolar fibroblast 2,42,30,5,5,5_3,Pericyte
A-4855,all,155,28,4966,6429,13,64002,0,0,0,0,0,A,114,Alveolar type 1 cell,51,13,1,1,1_1,AT2
A-4859,all,62,34,5359,6416,36,58115,0,0,0,0,0,A,6,B cell,54,34,9,9,9,Bcell
A-4860,all,179,60,4389,6230,15,109296,0,0,0,0,0,A,25,Capillary 2 cell,55,35,2,2,2_2,InflamMac
A-4862,all,52,14,4117,7029,15,24793,0,0,0,0,0,A,45,Alveolar fibroblast 1,50,15,3,3,3_5,SMC
A-4864,all,113,47,4066,6336,24,70270,0,0,0,0,0,A,21,Inflammatory monocyte,49,32,3,3,3_3,AdventitialFib
A-4865,all,223,71,4389,6842,22,119589,0,0,0,0,0,A,46,Alveolar type 1 cell,49,32,6,6,6,AT1
A-4867,all,85,50,4752,6158,17,80319,0,0,0,0,0,A,11,Inflammatory monocyte,65,50,8,8,8_1,AlveolarMac
A-4869,all,158,64,4978,6287,24,68539,53,0,53,0,1,A,17,Alveolar fibroblast 1,47,33,1,1,1_5_1,LymphaticEndo
A-4871,all,236,82,4531,6216,28,99309,0,0,0,0,0,A,62,Alveolar fibroblast 1,50,35,1,1,1_4_1,AlveolarFib
A-4872,all,354,81,4073,6091,20,99311,0,0,0,0,0,A,223,Venous endothelial cell,50,39,4,4,4_2,CiliatedEpi
A-4874,all,23,21,5430,6406,37,29675,0,0,0,0,0,A,2,Alveolar type 1 cell,45,21,6,6,6,AT1
A-4876,all,20,13,4296,7178,13,22832,0,0,0,0,0,A,5,Pericyte,38,13,3,3,3_4,AdventitialFib
A-4877,all,139,42,5071,6155,16,120656,56,0,56,0,1,A,63,Innate lymphoid cell,44,19,1,1,1_1,AT2
A-4878,all,57,28,4197,6996,32,71647,0,0,0,0,0,A,15,Arterial endothelial cell,54,28,1,1,1_2_1,Tcell (CD4)
A-4882,all,10,7,5416,6622,14,34280,0,0,0,0,0,A,3,Basophil,32,9,2,2,2_5,DC
A-4883,all,6,3,5394,5858,11,35378,0,0,0,0,0,A,3,Sox9+/Id2+ epithelial cell,28,5,1,1,1_1,AT2
A-4884,all,29,18,4797,6863,35,27054,0,0,0,0,0,A,3,Proliferative mesenchymal progenitor cell,42,19,3,3,3_1,SMC
A-4886,all,44,24,4752,6972,8,38732,0,0,0,0,0,A,9,Inflammatory monocyte,45,25,2,2,2_5,DC
A-4887,all,136,35,4280,5868,34,55777,0,0,0,0,0,A,91,Secretory cell,50,13,4,4,4_2,ClubEpi
A-4888,all,64,30,4445,6402,27,39026,0,0,0,0,0,A,8,Capillary 1 cell,57,30,8,8,8_1,AlveolarMac
A-4889,all,104,39,3960,6339,24,43336,0,0,0,0,0,A,53,Ciliated cell,56,39,4,4,4_2,CiliatedEpi
A-4890,all,187,42,4027,6419,22,62610,0,0,0,0,0,A,124,Ciliated cell,60,41,4,4,4_2,CiliatedEpi
A-4893,all,63,25,5109,5933,23,56035,0,0,0,0,0,A,4,Inflammatory monocyte,54,25,5,5,5_3,Pericyte
A-4895,all,130,52,3912,6591,10,80085,51,0,51,0,1,A,12,Alveolar macrophage,42,26,5,5,5_3,Pericyte
A-4896,all,61,20,5496,7445,18,69518,0,0,0,0,0,A,8,Alveolar type 1 cell,53,20,6,6,6,AT1
A-4897,all,85,39,4075,6174,31,57316,0,0,0,0,0,A,18,Alveolar fibroblast 1,60,40,3,3,3_2,SMC
A-4899,all,211,60,4179,5911,20,69457,0,0,0,0,0,A,103,Alveolar fibroblast 1,51,24,4,4,4_2,ClubEpi
A-4900,all,139,54,3994,6663,21,96814,0,0,0,0,0,A,9,Arterial endothelial cell,45,24,1,1,1_4_1,AlveolarFib
A-4905,all,70,29,5426,7479,23,94528,0,0,0,0,0,A,19,B cell,52,29,9,9,9,Bcell
A-4906,all,53,29,5178,7462,17,80861,0,0,0,0,0,A,7,Alveolar fibroblast 1,54,29,1,1,1_5_1,LymphaticEndo
A-4907,all,72,35,5125,5661,35,41551,0,0,0,0,0,A,2,Natural killer cell,56,36,2,2,2_2,InflamMac
A-4909,all,114,55,4976,5870,37,63039,0,0,0,0,0,A,2,CD8+ T cell,43,29,1,1,1_6_2,Neutrophil
A-4910,all,46,26,4354,6693,11,27635,0,0,0,0,0,A,13,Alveolar macrophage,46,26,8,8,8_1,AlveolarMac
A-4911,all,139,44,4109,6048,21,57461,0,0,0,0,0,A,85,Secretory cell,46,14,4,4,4_2,ClubEpi
A-4912,all,75,29,4034,6242,23,41882,0,0,0,0,0,A,9,Alveolar fibroblast 1,55,30,1,1,1_4_1,AlveolarFib
A-4915,all,163,60,4378,7084,23,105520,390,337,53,0.864102564,0.135897436,A,62,Pericyte,48,31,5,5,5_3,Pericyte
A-4916,all,47,27,4115,6139,34,40561,0,0,0,0,0,A,2,Proliferative mesenchymal progenitor cell,48,28,3,3,3_2,SMC
A-4917,all,39,21,4818,6838,27,54445,0,0,0,0,0,A,15,Innate lymphoid cell,44,22,3,3,3_1,SMC
A-4920,all,53,23,4053,7152,19,56725,0,0,0,0,0,A,13,Alveolar fibroblast 2,52,23,5,5,5_3,Pericyte
A-4921,all,152,51,5097,6521,32,88391,0,0,0,0,0,A,5,Natural killer cell,51,30,2,2,2_2,InflamMac
A-4925,all,210,43,3944,6291,25,51905,0,0,0,0,0,A,147,Secretory cell,61,43,4,4,4_2,CiliatedEpi
A-4926,all,64,34,5003,7433,23,46978,0,0,0,0,0,A,23,Pericyte,56,34,5,5,5_3,Pericyte
A-4927,all,118,43,4570,6107,15,67158,0,0,0,0,0,A,70,Alveolar type 2 cell,47,21,1,1,1_1,AT2
A-4929,all,100,43,3932,6479,26,51062,0,0,0,0,0,A,8,CD8+ T cell,59,39,2,2,2_6,pDC
A-4930,all,50,32,4182,7473,34,42008,0,0,0,0,0,A,7,Capillary 1 cell,50,32,5,5,5_3,Pericyte
A-4931,all,70,32,4659,7537,15,62892,0,0,0,0,0,A,10,Inflammatory monocyte,55,32,3,3,3_2,SMC
A-4932,all,43,25,4980,6380,15,30628,0,0,0,0,0,A,8,Mesothelial cell,43,25,3,3,3_3,AdventitialFib
A-4933,all,139,36,5279,6361,22,95759,0,0,0,0,0,A,89,Vascular smooth muscle cell,44,13,1,1,1_1,AT2
A-4934,all,272,37,4028,6454,28,75194,0,0,0,0,0,A,206,Ciliated cell,55,36,4,4,4_2,CiliatedEpi
A-4935,all,196,67,4386,6333,31,85646,0,0,0,0,0,A,18,Inflammatory monocyte,48,29,2,2,2_2,InflamMac
A-4936,all,49,32,5038,7585,36,37713,0,0,0,0,0,A,8,Alveolar fibroblast 2,49,32,5,5,5_3,Pericyte
A-4937,all,74,25,3908,7432,20,31984,0,0,0,0,0,A,51,Alveolar type 2 cell,52,25,1,1,1_3,AT2
A-4938,all,71,44,4141,7084,36,54219,0,0,0,0,0,A,4,Arterial endothelial cell,55,45,2,2,2_4,Artery
A-4939,all,94,45,5556,5951,29,53666,0,0,0,0,0,A,10,CD8+ T cell,62,45,2,2,2_2,InflamMac
A-4940,all,24,15,4353,5713,40,11747,0,0,0,0,0,A,12,Ciliated cell,41,15,4,4,4_1_2,ClubEpi
A-4941,all,105,31,4092,7012,16,60862,0,0,0,0,0,A,77,Proliferative mesenchymal progenitor cell,56,23,1,1,1_1,AT2
A-4942,all,163,58,4324,5881,21,86457,0,0,0,0,0,A,45,Capillary 1 cell,39,22,4,4,4_1_2,CiliatedEpi
A-4943,all,132,57,4241,6042,36,49058,0,0,0,0,0,A,10,Inflammatory monocyte,45,26,3,3,3_2,SMC
A-4945,all,55,30,4240,7298,32,49406,0,0,0,0,0,A,4,Natural killer cell,54,31,2,2,2_2,InflamMac
A-4948,all,25,16,5083,6472,11,22125,0,0,0,0,0,A,2,Natural killer cell,44,17,2,2,2_2,InflamMac
A-4949,all,47,24,4254,7327,21,36188,0,0,0,0,0,A,2,Innate lymphoid cell,50,25,1,1,1_6_2,Neutrophil
A-4950,all,136,60,4118,6426,25,78929,0,0,0,0,0,A,14,B cell,48,33,2,2,2_1,Capillary
A-4951,all,271,85,4162,5972,23,111243,0,0,0,0,0,A,125,Ciliated cell,48,24,4,4,4_2,ClubEpi
A-4952,all,228,69,4351,5794,36,66372,0,0,0,0,0,A,107,Ciliated cell,53,26,4,4,4_2,ClubEpi
A-4953,all,49,26,5462,5915,13,49555,0,0,0,0,0,A,14,CD8+ T cell,50,27,2,2,2_2,InflamMac
A-4954,all,41,22,5311,5774,15,51436,0,0,0,0,0,A,5,Pericyte,43,23,3,3,3_5,SMC
A-4955,all,74,37,5427,7560,30,74499,0,0,0,0,0,A,8,CD8+ T cell,55,37,2,2,2_1,Capillary
A-4957,all,121,49,4404,7001,14,80001,0,0,0,0,0,A,11,Capillary 1 cell,44,24,2,2,2_1,Capillary
A-4958,all,89,50,5572,5988,36,48680,0,0,0,0,0,A,4,Alveolar fibroblast 1,65,50,3,3,3_5,SMC
A-4959,all,100,56,4417,6042,18,69424,0,0,0,0,0,A,33,B cell,66,52,9,9,9,Bcell
A-4960,all,19,14,5133,6413,41,8595,0,0,0,0,0,A,4,Alveolar type 1 cell,38,14,3,3,3_3,AdventitialFib
A-4961,all,138,49,4150,6126,18,72926,0,0,0,0,0,A,15,Alveolar fibroblast 1,46,26,1,1,1_5_1,LymphaticEndo
A-4963,all,119,58,3775,6609,25,66574,0,0,0,0,0,A,26,Pericyte,39,26,2,2,2_2,InflamMac
A-4967,all,146,33,5145,7502,24,105375,0,0,0,0,0,A,101,Alveolar fibroblast 1,49,17,2,2,2_2,InflamMac
A-4969,all,78,38,4021,7258,20,48691,0,0,0,0,0,A,13,Alveolar fibroblast 1,58,38,1,1,1_5_1,LymphaticEndo
A-4971,all,51,30,4367,7224,23,38173,0,0,0,0,0,A,10,Arterial endothelial cell,51,30,6,6,6,AT1
A-4972,all,50,26,4594,5801,21,36768,0,0,0,0,0,A,2,CD8+ T cell,50,26,1,1,1_2_1,Tcell (CD4)
A-4973,all,145,64,4421,6767,26,97201,0,0,0,0,0,A,11,Alveolar fibroblast 2,45,32,5,5,5_3,Pericyte
A-4975,all,116,36,4239,5880,36,42609,0,0,0,0,0,A,77,Secretory cell,53,35,4,4,4_2,CiliatedEpi
A-4977,all,66,23,4053,7241,17,41302,0,0,0,0,0,A,27,Alveolar fibroblast 1,54,23,1,1,1_1,AT2
A-4979,all,57,34,4816,6940,13,41478,58,0,58,0,1,A,2,Alveolar fibroblast 1,57,35,1,1,1_4_1,AlveolarFib
A-4980,all,31,21,5290,5931,29,31364,0,0,0,0,0,A,9,Alveolar fibroblast 1,38,21,1,1,1_5_1,LymphaticEndo
A-4983,all,55,32,4685,6158,40,33954,0,0,0,0,0,A,7,Alveolar fibroblast 2,54,32,5,5,5_3,Pericyte
A-4984,all,61,30,4348,7244,23,55457,0,0,0,0,0,A,13,Inflammatory monocyte,55,30,6,6,6,AT1
A-4985,all,149,72,3859,6722,29,103574,0,0,0,0,0,A,38,B cell,46,33,9,9,9,Bcell
A-4987,all,117,57,4580,6656,34,66733,0,0,0,0,0,A,9,Inflammatory monocyte,45,29,2,2,2_1,Capillary
A-4988,all,49,31,5380,6841,18,59597,0,0,0,0,0,A,8,Pericyte,49,31,5,5,5_3,Pericyte
A-4989,all,230,77,5091,6374,20,110243,114,0,114,0,1,A,20,Alveolar type 1 cell,48,37,1,1,1_4_1,AlveolarFib
A-4991,all,78,40,4315,7201,12,40209,0,0,0,0,0,A,5,Alveolar macrophage,58,40,9,9,9,Bcell
A-4992,all,187,69,4704,6701,23,111045,0,0,0,0,0,A,12,Inflammatory monocyte,52,39,2,2,2_2,InflamMac
A-4999,all,136,53,4180,6566,12,64667,0,0,0,0,0,A,26,Alveolar macrophage,49,28,8,8,8_1,AlveolarMac
A-5000,all,67,27,4643,5995,11,36864,162,162,0,1,0,A,16,Alveolar fibroblast 1,56,27,1,1,1_5_1,LymphaticEndo
A-5001,all,45,29,5052,7503,37,56132,0,0,0,0,0,A,5,Arterial endothelial cell,52,30,2,2,2_4,Artery
A-5003,all,31,14,4004,6261,22,21363,0,0,0,0,0,A,14,Ciliated cell,37,14,4,4,4_2,CiliatedEpi
A-5004,all,46,27,5582,6697,35,59849,0,0,0,0,0,A,4,Neutrophil,46,27,1,1,1_6_2,Neutrophil
A-5006,all,175,61,3983,6391,23,143117,0,0,0,0,0,A,56,Ciliated cell,46,33,4,4,4_1_2,CiliatedEpi
A-5007,all,19,16,4837,6285,23,20712,0,0,0,0,0,A,4,Pericyte,38,16,5,5,5_3,Pericyte
A-5008,all,71,29,5312,6353,21,74666,0,0,0,0,0,A,27,Sox9+/Id2+ epithelial cell,52,29,8,8,8_1,AlveolarMac
A-5010,all,85,36,5526,5914,21,51374,0,0,0,0,0,A,10,Innate lymphoid cell,61,36,1,1,1_5_2,AlveolarFib
A-5011,all,143,48,3832,6385,32,29949,0,0,0,0,0,A,89,Ciliated cell,60,48,4,4,4_2,CiliatedEpi
A-5013,all,51,26,3968,6490,29,34735,0,0,0,0,0,A,4,Proliferative mesenchymal progenitor cell,52,27,3,3,3_1,SMC
A-5014,all,55,32,4975,6532,36,33363,0,0,0,0,0,A,6,Alveolar macrophage,54,32,3,3,3_3,AdventitialFib
A-5015,all,106,41,3908,6285,39,30313,0,0,0,0,0,A,68,Ciliated cell,58,33,4,4,4_2,ClubEpi
A-5017,all,366,65,4006,6218,20,97547,0,0,0,0,0,A,261,Ciliated cell,53,12,4,4,4_2,ClubEpi
A-5019,all,181,59,4248,5972,18,106232,0,0,0,0,0,A,32,Ciliated cell,52,30,4,4,4_1_3,CiliatedEpi
A-5020,all,121,47,3986,6305,21,67372,0,0,0,0,0,A,34,Endothelial progenitor cell,44,23,4,4,4_1_2,ClubEpi
A-5022,all,29,19,5396,6568,39,36409,0,0,0,0,0,A,3,Proliferative mesenchymal progenitor cell,39,20,3,3,3_1,SMC
A-5024,all,139,50,4391,6074,14,71495,0,0,0,0,0,A,14,Alveolar type 1 cell,47,28,1,1,1_4_1,AlveolarFib
A-5025,all,146,61,4497,5728,34,92326,0,0,0,0,0,A,17,Inflammatory monocyte,48,33,3,3,3_3,AdventitialFib
A-5026,all,21,16,4716,7023,39,15866,0,0,0,0,0,A,4,Pericyte,40,16,5,5,5_3,Pericyte
A-5027,all,77,36,4746,7243,22,63088,0,0,0,0,0,A,7,Alveolar fibroblast 1,56,36,2,2,2_1,Capillary
A-5028,all,158,29,5378,7531,22,109976,0,0,0,0,0,A,115,Alveolar type 2 cell,50,16,1,1,1_3,AT2
A-5030,all,61,36,5300,5811,39,28499,0,0,0,0,0,A,4,Alveolar type 1 cell,56,37,1,1,1_4_1,AlveolarFib
A-5031,all,80,34,4073,6294,20,60701,0,0,0,0,0,A,52,Alveolar type 2 cell,58,34,1,1,1_3,AT2
A-5032,all,22,15,5505,6848,39,22672,0,0,0,0,0,A,2,Proliferative mesenchymal progenitor cell,42,15,2,2,2_6,pDC
A-5033,all,36,26,5035,7443,33,43822,0,0,0,0,0,A,4,Innate lymphoid cell,40,26,3,3,3_4,AdventitialFib
A-5034,all,124,50,4901,5918,24,97248,0,0,0,0,0,A,6,CD4+ T cell,43,21,6,6,6,AT1
A-5035,all,25,18,5445,6905,39,14561,0,0,0,0,0,A,6,Alveolar macrophage,46,18,1,1,1_5_1,LymphaticEndo
A-5039,all,35,21,5070,5971,21,55164,0,0,0,0,0,A,3,Endothelial progenitor cell,43,21,2,2,2_6,pDC
A-5040,all,262,71,4046,6161,23,104701,0,0,0,0,0,A,128,Alveolar fibroblast 1,52,24,4,4,4_2,ClubEpi
A-5042,all,43,18,5605,6351,10,21854,0,0,0,0,0,A,4,Alveolar type 1 cell,45,18,6,6,6,AT1
A-5045,all,52,28,4381,6962,19,36560,0,0,0,0,0,A,7,Capillary 1 cell,52,28,2,2,2_1,Capillary
A-5048,all,113,49,5031,6419,14,72030,0,0,0,0,0,A,19,Natural killer cell,51,28,7,7,7_2,PatrolMac
A-5049,all,108,53,5320,5905,28,82987,0,0,0,0,0,A,9,Capillary 1 cell,53,39,1,1,1_4_1,AlveolarFib
A-5051,all,39,24,5382,6887,34,30190,0,0,0,0,0,A,6,B cell,43,24,9,9,9,Bcell
A-5055,all,155,64,4825,6687,19,106347,0,0,0,0,0,A,22,Alveolar macrophage,50,32,1,1,1_2_3,Tcell (CD4)
A-5056,all,189,43,4347,6935,17,105225,0,0,0,0,0,A,134,Alveolar type 2 cell,48,17,2,2,2_2,InflamMac
A-5059,all,52,30,4000,6323,24,28080,0,0,0,0,0,A,4,Natural killer cell,56,31,2,2,2_2,InflamMac
A-5062,all,278,81,5255,5694,30,112936,0,0,0,0,0,A,15,Alveolar type 1 cell,45,30,6,6,6,AT1
A-5064,all,45,24,5080,6433,13,46812,0,0,0,0,0,A,9,B cell,45,24,9,9,9,Bcell
A-5066,all,186,57,4938,5896,25,86714,0,0,0,0,0,A,17,Alveolar type 1 cell,54,33,6,6,6,AT1
A-5068,all,86,52,5209,7524,34,67564,0,0,0,0,0,A,8,Inflammatory monocyte,64,52,8,8,8_2,InterstitialMac
A-5070,all,118,55,4564,5958,36,50338,52,0,52,0,1,A,6,Alveolar fibroblast 1,39,28,1,1,1_4_1,AlveolarFib
A-5072,all,48,34,4262,5676,14,18721,0,0,0,0,0,A,10,Secretory cell,48,34,3,3,3_3,AdventitialFib
A-5073,all,38,22,5431,7434,12,45226,0,0,0,0,0,A,6,Inflammatory monocyte,42,24,2,2,2_1,Capillary
A-5074,all,22,16,3669,6833,23,30676,0,0,0,0,0,A,2,Endothelial progenitor cell,38,17,1,1,1_6_2,Neutrophil
A-5075,all,135,61,4297,5924,26,76929,0,0,0,0,0,A,37,Alveolar fibroblast 1,42,27,4,4,4_1_1,ClubEpi
A-5078,all,76,48,4084,7074,26,55221,0,0,0,0,0,A,10,Sox9+/Id2+ epithelial cell,59,49,1,1,1_4_1,AlveolarFib
A-5080,all,77,34,4000,6691,17,30000,0,0,0,0,0,A,20,Alveolar type 1 cell,56,35,1,1,1_4_1,AlveolarFib
A-5083,all,116,32,4585,6133,23,49477,0,0,0,0,0,A,65,Proliferative mesenchymal progenitor cell,46,17,1,1,1_1,AT2
A-5084,all,78,42,4871,6338,31,37262,0,0,0,0,0,A,10,Inflammatory monocyte,60,43,2,2,2_1,Capillary
A-5086,all,46,24,5255,6514,31,24538,0,0,0,0,0,A,10,Alveolar type 1 cell,46,24,3,3,3_6,SCMF
A-5087,all,199,70,4949,6253,21,101477,0,0,0,0,0,A,24,Alveolar fibroblast 1,50,32,1,1,1_4_1,AlveolarFib
A-5094,all,75,34,4347,7198,20,49468,0,0,0,0,0,A,2,Alveolar macrophage,57,34,8,8,8_2,InterstitialMac
A-5095,all,105,31,5408,6821,16,78507,0,0,0,0,0,A,14,Alveolar type 1 cell,54,24,6,6,6,AT1
A-5097,all,101,40,4442,6741,14,65062,0,0,0,0,0,A,8,Capillary 2 cell,56,34,2,2,2_2,InflamMac
A-5098,all,190,84,4214,5847,26,66438,0,0,0,0,0,A,58,Ciliated cell,47,42,4,4,4_1_1,CiliatedEpi
A-5100,all,88,42,4302,5712,29,64850,0,0,0,0,0,A,34,Ciliated cell,63,42,4,4,4_1_1,ClubEpi
A-5101,all,140,48,4202,5890,27,38833,0,0,0,0,0,A,75,Ciliated cell,57,47,4,4,4_2,CiliatedEpi
A-5102,all,45,19,4022,6708,13,19789,0,0,0,0,0,A,8,Alveolar fibroblast 1,45,19,1,1,1_5_2,AlveolarFib
A-5104,all,127,33,4761,7436,18,79873,0,0,0,0,0,A,11,Alveolar fibroblast 2,46,16,3,3,3_4,AdventitialFib
A-5106,all,58,33,5006,6375,16,38420,0,0,0,0,0,A,5,Pericyte,56,34,3,3,3_2,SMC
A-5107,all,46,28,5505,5954,15,70393,0,0,0,0,0,A,9,Inflammatory monocyte,48,29,3,3,3_1,SMC
A-5109,all,55,30,4998,7556,28,57412,0,0,0,0,0,A,17,Arterial endothelial cell,56,31,2,2,2_4,Artery
A-5110,all,95,46,4408,5735,34,67760,0,0,0,0,0,A,19,Alveolar fibroblast 1,66,46,3,3,3_3,AdventitialFib
A-5111,all,180,64,4229,6593,21,109510,0,0,0,0,0,A,17,Inflammatory monocyte,54,36,2,2,2_1,Capillary
A-5112,all,145,61,4924,6101,17,110354,0,0,0,0,0,A,8,Alveolar fibroblast 1,47,33,1,1,1_4_1,AlveolarFib
A-5114,all,156,64,4289,5663,26,86483,0,0,0,0,0,A,44,Venous endothelial cell,41,28,4,4,4_1_2,CiliatedEpi
A-5115,all,85,49,4549,5791,31,49666,0,0,0,0,0,A,5,Sox9+/Id2+ epithelial cell,63,50,1,1,1_4_1,AlveolarFib
A-5117,all,33,13,5437,5930,19,22558,0,0,0,0,0,A,13,Alveolar type 2 cell,44,14,2,2,2_2,InflamMac
A-5119,all,152,62,4307,5970,21,100910,0,0,0,0,0,A,29,Natural killer cell,49,30,7,7,7_3,Tcell (CD8)
A-5120,all,143,61,5203,6512,27,84545,0,0,0,0,0,A,19,Inflammatory monocyte,45,28,6,6,6,AT1
A-5123,all,104,49,4499,6254,36,34454,0,0,0,0,0,A,7,CD8+ T cell,58,39,6,6,6,AT1
A-5124,all,129,53,5526,6463,17,89118,0,0,0,0,0,A,23,Alveolar fibroblast 1,48,32,1,1,1_5_1,LymphaticEndo
A-5129,all,38,22,4725,5721,37,24250,0,0,0,0,0,A,2,Alveolar fibroblast 1,43,23,1,1,1_4_1,AlveolarFib
A-5131,all,33,6,5295,6858,20,21997,0,0,0,0,0,A,26,Alveolar type 2 cell,45,6,1,1,1_1,AT2
A-5135,all,227,81,4052,7495,25,143593,0,0,0,0,0,A,31,Alveolar type 1 cell,49,32,1,1,1_4_1,AlveolarFib
A-5136,all,50,34,4718,7105,37,59395,0,0,0,0,0,A,5,Mesothelial cell,50,33,3,3,3_3,AdventitialFib
A-5137,all,6,4,5095,7462,32,17622,0,0,0,0,0,A,2,Alveolar fibroblast 1,24,6,1,1,1_4_3,AlveolarFib
A-5138,all,48,30,5070,7438,31,63392,0,0,0,0,0,A,16,CD8+ T cell,48,30,7,7,7_4,PatrolMac
A-5139,all,159,56,4395,6898,17,106091,0,0,0,0,0,A,44,Proliferative mesenchymal progenitor cell,47,27,2,2,2_2,InflamMac
A-5141,all,333,92,4246,5806,25,101488,0,0,0,0,0,A,144,Secretory cell,44,19,4,4,4_2,ClubEpi
A-5142,all,24,16,5070,6398,7,17305,0,0,0,0,0,A,8,Ciliated cell,44,17,1,1,1_4_3,AlveolarFib
A-5144,all,142,26,3787,6487,14,37394,0,0,0,0,0,A,100,Capillary 1 cell,46,25,4,4,4_2,CiliatedEpi
A-5146,all,132,49,4651,7127,27,102657,0,0,0,0,0,A,12,Capillary 2 cell,40,23,2,2,2_2,InflamMac
A-5147,all,101,20,5334,6852,28,78975,0,0,0,0,0,A,81,Alveolar type 2 cell,54,16,1,1,1_1,AT2
A-5149,all,263,60,3955,6241,32,70919,0,0,0,0,0,A,178,Ciliated cell,45,32,4,4,4_2,CiliatedEpi
A-5151,all,50,29,4113,7104,34,23954,0,0,0,0,0,A,3,Capillary 1 cell,52,29,2,2,2_1,Capillary
A-5157,all,10,6,5143,6442,41,8448,0,0,0,0,0,A,2,Alveolar fibroblast 1,30,7,1,1,1_4_3,AlveolarFib
A-5158,all,132,51,5342,6478,25,89031,0,0,0,0,0,A,24,Alveolar type 1 cell,48,27,6,6,6,AT1
A-5164,all,39,22,5440,6466,28,35418,0,0,0,0,0,A,2,Inflammatory monocyte,43,22,5,5,5_3,Pericyte
A-5165,all,138,42,4471,7128,13,94435,0,0,0,0,0,A,19,Alveolar type 1 cell,48,23,6,6,6,AT1
A-5166,all,24,11,4133,6522,7,16434,0,0,0,0,0,A,4,Alveolar type 1 cell,42,11,6,6,6,AT1
A-5167,all,18,11,4611,7020,5,11197,0,0,0,0,0,A,4,Capillary 1 cell,40,12,2,2,2_1,Capillary
A-5169,all,49,28,5069,5708,14,53329,0,0,0,0,0,A,7,Alveolar fibroblast 1,50,29,2,2,2_2,InflamMac
A-5171,all,69,29,5406,6491,26,58157,0,0,0,0,0,A,3,Capillary 1 cell,56,28,2,2,2_1,Capillary
A-5172,all,115,46,5398,5752,37,88712,0,0,0,0,0,A,3,Alveolar fibroblast 1,46,26,3,3,3_3,AdventitialFib
A-5173,all,23,8,4341,7268,31,30193,0,0,0,0,0,A,3,Arterial endothelial cell,44,8,6,6,6,AT1
A-5177,all,35,20,4659,5697,31,43487,0,0,0,0,0,A,4,B cell,43,20,9,9,9,Bcell
A-5180,all,225,26,3820,6452,12,42068,0,0,0,0,0,A,190,Secretory cell,44,25,4,4,4_2,CiliatedEpi
A-5184,all,58,34,4129,6351,33,25487,0,0,0,0,0,A,10,Inflammatory monocyte,55,35,2,2,2_2,InflamMac
A-5187,all,18,10,4169,6034,39,20079,0,0,0,0,0,A,8,Arterial endothelial cell,38,11,2,2,2_4,Artery
A-5189,all,22,12,5099,7423,26,25857,0,0,0,0,0,A,13,Inflammatory monocyte,38,12,1,1,1_4_3,AlveolarFib
A-5190,all,27,17,3929,6420,40,13991,0,0,0,0,0,A,3,Alveolar type 1 cell,39,18,1,1,1_4_1,AlveolarFib
A-5191,all,28,7,4333,5698,39,10717,0,0,0,0,0,A,23,CD8+ T cell,42,7,4,4,4_2,ClubEpi
A-5192,all,33,21,5052,6458,19,32142,0,0,0,0,0,A,8,B cell,39,21,9,9,9,Bcell
A-5193,all,133,53,5412,5955,37,73796,0,0,0,0,0,A,11,Alveolar type 2 cell,46,28,2,2,2_2,InflamMac
A-5197,all,85,33,4256,5710,8,31130,0,0,0,0,0,A,45,Ciliated cell,60,33,4,4,4_2,ClubEpi
A-5199,all,55,27,4903,5960,39,18460,0,0,0,0,0,A,10,Alveolar type 1 cell,54,27,6,6,6,AT1
A-5200,all,49,26,4058,7286,30,39357,0,0,0,0,0,A,10,Vascular smooth muscle cell,51,27,3,3,3_2,SMC
A-5201,all,32,12,5339,6891,25,30514,0,0,0,0,0,A,19,Alveolar fibroblast 1,45,12,1,1,1_1,AT2
A-5206,all,23,6,4355,7025,26,13868,269,101,168,0.375464684,0.624535316,A,21,Alveolar type 2 cell,43,6,1,1,1_1,AT2
A-5207,all,16,12,5420,6662,40,11789,0,0,0,0,0,A,4,Neutrophil,34,13,2,2,2_2,InflamMac
A-5210,all,172,38,3987,6426,25,73652,0,0,0,0,0,A,110,Capillary 1 cell,57,38,4,4,4_2,CiliatedEpi
A-5211,all,151,35,3850,6408,22,36778,0,0,0,0,0,A,110,Endothelial progenitor cell,51,10,4,4,4_2,ClubEpi
A-5212,all,24,16,4369,6674,9,10481,0,0,0,0,0,A,8,Alveolar macrophage,41,16,8,8,8_1,AlveolarMac
A-5216,all,60,25,7157,1151,29,78390,0,0,0,0,0,A,16,B cell,54,25,9,9,9,Bcell
A-5217,all,70,28,7468,551,36,29954,0,0,0,0,0,A,3,Alveolar type 1 cell,53,29,1,1,1_4_1,AlveolarFib
A-5218,all,53,30,7366,1238,31,71517,0,0,0,0,0,A,5,Natural killer cell,51,30,7,7,7_2,PatrolMac
A-5219,all,189,47,6787,373,19,86978,5465,2218,3247,0.405855444,0.594144556,A,22,Alveolar macrophage,61,36,8,8,8_1,AlveolarMac
A-5220,all,64,31,7036,802,27,45930,0,0,0,0,0,A,15,Alveolar fibroblast 1,53,30,1,1,1_5_1,LymphaticEndo
A-5221,all,123,49,6002,1416,28,71602,0,0,0,0,0,A,27,Alveolar type 1 cell,41,21,6,6,6,AT1
A-5222,all,110,36,7206,374,17,96825,0,0,0,0,0,A,14,Natural killer cell,59,28,7,7,7_4,PatrolMac
A-5223,all,51,22,6307,894,25,48850,0,0,0,0,0,A,11,Inflammatory monocyte,51,22,5,5,5_1,Pericyte
A-5225,all,62,26,5950,842,21,95972,0,0,0,0,0,A,8,CD8+ T cell,54,27,3,3,3_1,SMC
A-5226,all,149,47,6627,1944,20,65770,0,0,0,0,0,A,64,Secretory cell,51,23,4,4,4_1_2,ClubEpi
A-5228,all,106,54,5929,1122,22,126729,0,0,0,0,0,A,36,Pericyte,59,43,5,5,5_1,Pericyte
A-5230,all,59,28,6242,1636,22,59390,0,0,0,0,0,A,2,CD8+ T cell,53,29,2,2,2_2,InflamMac
A-5231,all,100,37,6124,1140,26,78047,0,0,0,0,0,A,8,Capillary 2 cell,58,34,2,2,2_2,InflamMac
A-5233,all,48,27,5977,1278,31,48581,0,0,0,0,0,A,10,Innate lymphoid cell,48,27,1,1,1_4_3,AlveolarFib
A-5235,all,71,25,7093,1291,19,47179,0,0,0,0,0,A,15,Alveolar fibroblast 1,54,25,6,6,6,AT1
A-5236,all,56,23,7221,303,10,58603,0,0,0,0,0,A,3,Natural killer cell,54,24,2,2,2_2,InflamMac
A-5237,all,90,35,6697,1507,31,63274,0,0,0,0,0,A,6,Inflammatory monocyte,60,35,7,7,7_2,PatrolMac
A-5239,all,41,14,6096,1034,36,33458,0,0,0,0,0,A,5,B cell,44,14,7,7,7_2,PatrolMac
A-5240,all,63,27,7062,1425,17,50036,0,0,0,0,0,A,10,CD8+ T cell,53,27,1,1,1_5_2,AlveolarFib
A-5245,all,74,40,5686,320,19,57266,0,0,0,0,0,A,6,Arterial endothelial cell,56,41,2,2,2_4,Artery
A-5246,all,96,41,7444,1116,26,89063,0,0,0,0,0,A,6,Capillary 1 cell,58,40,1,1,1_6_2,Neutrophil
A-5247,all,56,21,5997,1244,33,44737,0,0,0,0,0,A,13,Mesothelial cell,53,22,1,1,1_4_3,AlveolarFib
A-5248,all,110,48,6995,1410,25,87984,0,0,0,0,0,A,17,Alveolar fibroblast 1,53,35,1,1,1_5_1,LymphaticEndo
A-5249,all,87,33,7333,441,11,68402,0,0,0,0,0,A,28,Alveolar type 1 cell,57,33,6,6,6,AT1
A-5250,all,176,31,5956,1707,24,54145,0,0,0,0,0,A,138,Ciliated cell,49,31,4,4,4_2,CiliatedEpi
A-5254,all,36,20,6961,835,24,46428,0,0,0,0,0,A,14,Alveolar fibroblast 1,41,21,1,1,1_5_1,LymphaticEndo
A-5255,all,135,39,5999,1708,23,79596,0,0,0,0,0,A,87,Secretory cell,48,16,4,4,4_2,ClubEpi
A-5257,all,60,16,6870,1082,12,47762,0,0,0,0,0,A,42,Alveolar type 2 cell,52,16,1,1,1_1,AT2
A-5258,all,79,27,7456,520,32,44683,0,0,0,0,0,A,11,Alveolar type 1 cell,53,27,6,6,6,AT1
A-5259,all,150,51,5732,313,19,97569,0,0,0,0,0,A,38,Alveolar type 1 cell,46,20,6,6,6,AT1
A-5260,all,105,47,6292,1646,26,100666,73967,7866,66101,0.106344721,0.893655279,A,10,Alveolar fibroblast 1,61,38,1,1,1_5_2,AlveolarFib
A-5261,all,136,45,6199,1464,19,61763,0,0,0,0,0,A,67,CD8+ T cell,44,21,1,1,1_3,AT2
A-5262,all,26,14,6195,836,28,41149,0,0,0,0,0,A,7,Alveolar fibroblast 1,41,15,1,1,1_4_3,AlveolarFib
A-5263,all,24,15,6903,916,12,25099,0,0,0,0,0,A,6,B cell,40,15,9,9,9,Bcell
A-5268,all,57,22,6101,256,13,44213,0,0,0,0,0,A,17,CD8+ T cell,51,23,2,2,2_2,InflamMac
A-5269,all,155,48,6637,1870,33,56487,0,0,0,0,0,A,68,Arterial endothelial cell,55,27,4,4,4_2,ClubEpi
A-5270,all,99,50,6059,1680,20,70835,0,0,0,0,0,A,30,Ciliated cell,63,46,4,4,4_1_1,ClubEpi
A-5271,all,50,18,5706,436,36,65758,0,0,0,0,0,A,3,B cell,50,18,9,9,9,Bcell
A-5272,all,67,34,7295,1158,36,61942,0,0,0,0,0,A,19,B cell,57,34,9,9,9,Bcell
A-5273,all,78,31,6946,1419,16,63304,0,0,0,0,0,A,14,Alveolar fibroblast 1,51,31,1,1,1_4_1,AlveolarFib
A-5274,all,113,56,6335,1628,24,94020,0,0,0,0,0,A,14,B cell,45,27,2,2,2_5,DC
A-5276,all,26,15,6155,82,25,50067,0,0,0,0,0,A,8,B cell,44,15,9,9,9,Bcell
A-5278,all,28,16,7176,265,29,45221,0,0,0,0,0,A,5,Capillary 1 cell,42,17,3,3,3_5,SMC
A-5280,all,101,43,6535,1574,23,87757,0,0,0,0,0,A,10,Sox9+/Id2+ epithelial cell,61,38,1,1,1_4_1,AlveolarFib
A-5281,all,60,29,5719,982,15,49821,0,0,0,0,0,A,12,Capillary 1 cell,54,29,2,2,2_1,Capillary
A-5282,all,80,39,7083,1084,15,68972,0,0,0,0,0,A,17,Sox9+/Id2+ epithelial cell,58,40,3,3,3_2,SMC
A-5284,all,99,44,5712,1792,26,70282,0,0,0,0,0,A,19,Pericyte,63,43,5,5,5_3,Pericyte
A-5285,all,103,44,7161,812,24,86259,0,0,0,0,0,A,36,Endothelial progenitor cell,61,36,2,2,2_2,InflamMac
A-5287,all,38,16,6968,773,10,48976,0,0,0,0,0,A,7,Pericyte,43,16,5,5,5_3,Pericyte
A-5289,all,113,46,6979,1288,38,78017,0,0,0,0,0,A,15,Inflammatory monocyte,48,32,2,2,2_2,InflamMac
A-5290,all,83,41,6194,1163,36,39529,0,0,0,0,0,A,39,Alveolar type 1 cell,56,41,1,1,1_5_2,AlveolarFib
A-5291,all,51,5,5915,981,9,28477,0,0,0,0,0,A,48,Sox9+/Id2+ epithelial cell,48,5,1,1,1_3,AT2
A-5293,all,110,46,7059,1312,19,82121,0,0,0,0,0,A,22,Alveolar type 1 cell,55,30,6,6,6,AT1
A-5294,all,211,57,5900,1836,33,56129,0,0,0,0,0,A,112,Ciliated cell,42,21,4,4,4_2,CiliatedEpi
A-5297,all,134,34,6130,1673,27,48770,0,0,0,0,0,A,92,Capillary 1 cell,54,34,4,4,4_2,CiliatedEpi
A-5298,all,53,18,6220,181,31,56139,0,0,0,0,0,A,10,Alveolar fibroblast 1,53,19,1,1,1_4_3,AlveolarFib
A-5299,all,45,23,6026,1682,28,50216,0,0,0,0,0,A,14,Ciliated cell,42,23,4,4,4_1_3,CiliatedEpi
A-5300,all,36,15,6132,168,14,49749,0,0,0,0,0,A,14,Interstitial macrophage,44,16,1,1,1_4_1,AlveolarFib
A-5302,all,28,14,6064,23,34,48947,0,0,0,0,0,A,6,Secondary crest myofibroblast,40,15,3,3,3_1,SMC
A-5304,all,18,15,5626,126,35,59095,0,0,0,0,0,A,4,Inflammatory monocyte,35,15,7,7,7_2,PatrolMac
A-5307,all,54,29,6740,326,13,57192,61,0,61,0,1,A,12,Arterial endothelial cell,54,29,2,2,2_4,Artery
A-5308,all,45,22,6242,910,12,43446,0,0,0,0,0,A,3,B cell,45,22,9,9,9,Bcell
A-5317,all,7,6,6580,1625,18,57734,0,0,0,0,0,A,3,Alveolar type 1 cell,23,8,6,6,6,AT1
A-5318,all,81,22,6208,1698,24,28607,0,0,0,0,0,A,61,Ciliated cell,38,22,4,4,4_2,CiliatedEpi
A-5319,all,181,40,6096,1679,25,53790,0,0,0,0,0,A,112,Secretory cell,55,19,4,4,4_2,ClubEpi
A-5321,all,48,29,7021,838,19,41589,0,0,0,0,0,A,13,B cell,53,30,2,2,2_4,Artery
A-5322,all,17,12,7200,57,39,15469,0,0,0,0,0,A,6,Sox9+/Id2+ epithelial cell,38,13,1,1,1_4_3,AlveolarFib
A-5325,all,73,26,7163,728,8,48079,0,0,0,0,0,A,8,Natural killer cell,54,27,2,2,2_2,InflamMac
A-5330,all,63,34,7196,798,22,75881,0,0,0,0,0,A,22,Pericyte,56,35,2,2,2_2,InflamMac
A-5332,all,51,19,5932,1060,25,90520,0,0,0,0,0,A,11,Alveolar type 1 cell,48,19,8,8,8_1,AlveolarMac
A-5333,all,16,13,6184,1230,32,15639,0,0,0,0,0,A,5,Sox9+/Id2+ epithelial cell,34,13,7,7,7_3,Tcell (CD8)
A-5334,all,59,33,7043,1355,30,65437,0,0,0,0,0,A,13,Sox9+/Id2+ epithelial cell,55,34,2,2,2_2,InflamMac
A-5338,all,51,24,6091,110,34,57207,0,0,0,0,0,A,15,Inflammatory monocyte,51,25,3,3,3_2,SMC
A-5340,all,48,28,6002,1376,32,30013,0,0,0,0,0,A,5,Alveolar type 1 cell,48,28,7,7,7_3,Tcell (CD8)
A-5343,all,6,5,7306,876,36,16823,0,0,0,0,0,A,3,Capillary 1 cell,26,8,2,2,2_3,Vein
A-5344,all,77,41,6152,1580,34,50346,0,0,0,0,0,A,9,Capillary 1 cell,59,42,2,2,2_2,InflamMac
A-5346,all,48,10,6124,1644,8,20560,0,0,0,0,0,A,39,CD4+ T cell,48,10,1,1,1_1,AT2
A-5347,all,82,39,5983,1184,21,88814,0,0,0,0,0,A,20,B cell,59,39,9,9,9,Bcell
A-5348,all,65,36,5665,1887,30,49718,0,0,0,0,0,A,6,Capillary 1 cell,60,37,2,2,2_2,InflamMac
A-5351,all,21,14,5804,1808,8,13433,0,0,0,0,0,A,9,B cell,38,14,3,3,3_3,AdventitialFib
A-5352,all,41,22,6561,1795,25,50739,0,0,0,0,0,A,3,Proliferative mesenchymal progenitor cell,47,23,3,3,3_2,SMC
A-5355,all,40,18,5761,1013,7,30064,0,0,0,0,0,A,21,Alveolar fibroblast 1,44,18,1,1,1_4_3,AlveolarFib
A-5356,all,191,43,5824,716,22,117760,0,0,0,0,0,A,137,Alveolar fibroblast 1,53,21,3,3,3_1,SMC
A-5357,all,67,26,5796,649,24,75521,0,0,0,0,0,A,3,Classical DC subset 2,54,27,2,2,2_1,Capillary
A-5358,all,31,19,5816,516,37,52556,0,0,0,0,0,A,2,B cell,40,19,9,9,9,Bcell
A-5361,all,402,55,6388,1773,23,96253,0,0,0,0,0,A,310,Secretory cell,57,11,4,4,4_2,ClubEpi
A-5363,all,52,28,7466,723,38,30171,0,0,0,0,0,A,12,Alveolar macrophage,50,28,8,8,8_1,AlveolarMac
A-5365,all,77,34,6073,1458,12,63944,0,0,0,0,0,A,8,Capillary 1 cell,54,34,2,2,2_1,Capillary
A-5366,all,10,7,7283,1310,7,14685,115,115,0,1,0,A,2,Ciliated cell,26,8,2,2,2_2,InflamMac
A-5367,all,38,26,7391,998,27,52057,0,0,0,0,0,A,11,Arterial endothelial cell,41,27,2,2,2_4,Artery
A-5368,all,17,14,6248,827,23,39372,0,0,0,0,0,A,4,Vascular smooth muscle cell,37,15,1,1,1_5_1,LymphaticEndo
A-5369,all,39,18,7290,1065,19,42173,0,0,0,0,0,A,7,Alveolar type 1 cell,43,19,2,2,2_2,InflamMac
A-5370,all,51,21,7230,886,34,45388,0,0,0,0,0,A,4,Alveolar macrophage,51,21,3,3,3_4,AdventitialFib
A-5371,all,69,35,6435,1634,37,30691,0,0,0,0,0,A,6,Alveolar fibroblast 1,53,36,1,1,1_5_2,AlveolarFib
A-5380,all,298,64,6032,1753,25,81388,0,0,0,0,0,A,169,Secretory cell,51,31,4,4,4_2,CiliatedEpi
A-5382,all,126,24,6237,1685,35,31424,0,0,0,0,0,A,99,Secretory cell,51,8,4,4,4_2,ClubEpi
A-5383,all,42,20,6926,789,9,29762,0,0,0,0,0,A,7,CD8+ T cell,43,20,7,7,7_2,PatrolMac
A-5384,all,71,28,6814,176,22,121286,0,0,0,0,0,A,45,Alveolar fibroblast 1,55,29,3,3,3_1,SMC
A-5385,all,62,11,5952,961,13,34450,0,0,0,0,0,A,55,Alveolar type 2 cell,52,11,1,1,1_3,AT2
A-5388,all,116,55,6602,1566,32,83622,0,0,0,0,0,A,11,Alveolar fibroblast 1,44,25,1,1,1_5_1,LymphaticEndo
A-5391,all,432,67,5980,1766,23,131798,0,0,0,0,0,A,275,Secretory cell,54,12,4,4,4_2,ClubEpi
A-5392,all,175,43,5687,1944,22,63565,0,0,0,0,0,A,117,Arterial endothelial cell,56,43,4,4,4_2,CiliatedEpi
A-5396,all,31,15,6096,1719,9,17173,0,0,0,0,0,A,4,B cell,41,16,2,2,2_2,InflamMac
A-5397,all,116,29,7146,350,20,58909,0,0,0,0,0,A,76,Alveolar type 2 cell,46,15,5,5,5_3,Pericyte
A-5400,all,82,12,5925,943,15,48822,0,0,0,0,0,A,75,Alveolar type 2 cell,53,12,1,1,1_1,AT2
A-5401,all,97,22,6764,1326,38,49909,0,0,0,0,0,A,76,Alveolar type 2 cell,53,20,1,1,1_3,AT2
A-5402,all,89,39,7408,520,24,82742,0,0,0,0,0,A,29,Innate lymphoid cell,60,38,1,1,1_4_1,AlveolarFib
A-5403,all,121,35,6530,1837,16,66618,0,0,0,0,0,A,22,Sox9+/Id2+ epithelial cell,47,18,6,6,6,AT1
A-5404,all,37,22,6106,188,23,50058,0,0,0,0,0,A,14,Alveolar macrophage,42,22,8,8,8_1,AlveolarMac
A-5405,all,58,29,5754,501,18,97736,831,481,350,0.578820698,0.421179302,A,21,B cell,54,29,9,9,9,Bcell
A-5406,all,78,34,5844,799,20,75303,0,0,0,0,0,A,22,Alveolar fibroblast 1,57,35,3,3,3_1,SMC
A-5407,all,38,23,7446,1206,27,76146,0,0,0,0,0,A,15,Pericyte,43,23,5,5,5_3,Pericyte
A-5409,all,79,41,6218,1518,21,76994,0,0,0,0,0,A,24,B cell,59,41,9,9,9,Bcell
A-5410,all,58,33,6069,203,23,83284,0,0,0,0,0,A,19,Alveolar macrophage,56,33,8,8,8_1,AlveolarMac
A-5413,all,297,57,6604,1899,29,89198,0,0,0,0,0,A,193,Ciliated cell,54,17,4,4,4_2,ClubEpi
A-5414,all,49,31,6582,1778,37,36663,0,0,0,0,0,A,5,Venous endothelial cell,49,31,3,3,3_4,AdventitialFib
A-5415,all,32,17,7359,1004,30,32024,0,0,0,0,0,A,5,Alveolar fibroblast 1,43,17,2,2,2_3,Vein
A-5417,all,23,13,5771,240,40,18351,0,0,0,0,0,A,10,Sox9+/Id2+ epithelial cell,41,13,6,6,6,AT1
A-5418,all,103,44,6815,1162,31,68108,0,0,0,0,0,A,29,Alveolar fibroblast 1,60,40,1,1,1_5_1,LymphaticEndo
A-5419,all,23,9,6815,293,13,13629,0,0,0,0,0,A,8,Alveolar type 2 cell,44,10,2,2,2_2,InflamMac
A-5420,all,88,26,7311,956,26,44431,0,0,0,0,0,A,7,Alveolar fibroblast 1,56,27,1,1,1_4_1,AlveolarFib
A-5422,all,97,35,7150,300,27,94355,4713,3342,1371,0.709102482,0.290897518,A,41,Pericyte,59,33,5,5,5_3,Pericyte
A-5424,all,94,44,7340,1101,23,110175,0,0,0,0,0,A,10,Sox9+/Id2+ epithelial cell,63,43,3,3,3_4,AdventitialFib
A-5425,all,75,19,7270,931,24,52244,0,0,0,0,0,A,8,Alveolar type 1 cell,52,19,6,6,6,AT1
A-5426,all,31,13,7481,588,36,24446,0,0,0,0,0,A,2,Alveolar macrophage,41,13,8,8,8_1,AlveolarMac
A-5431,all,20,12,6861,210,32,35172,0,0,0,0,0,A,3,Pulmonary neuroendocrine cell,41,13,2,2,2_2,InflamMac
A-5434,all,46,17,6441,957,10,44745,0,0,0,0,0,A,31,CD4+ T cell,47,17,1,1,1_1,AT2
A-5435,all,27,17,6478,1593,36,21185,0,0,0,0,0,A,3,B cell,45,17,9,9,9,Bcell
A-5438,all,44,20,6311,1600,13,38092,0,0,0,0,0,A,3,Natural killer cell,46,21,2,2,2_2,InflamMac
A-5439,all,58,25,6839,885,28,53048,0,0,0,0,0,A,7,Alveolar type 1 cell,54,25,2,2,2_1,Capillary
A-5440,all,83,38,6033,1358,33,55634,0,0,0,0,0,A,7,Sox9+/Id2+ epithelial cell,62,38,2,2,2_1,Capillary
A-5441,all,83,29,6249,1733,26,36521,0,0,0,0,0,A,53,Ciliated cell,62,29,4,4,4_2,ClubEpi
A-5442,all,34,24,6295,1713,29,53402,0,0,0,0,0,A,8,Ciliated cell,35,24,4,4,4_1_1,CiliatedEpi
A-5443,all,172,27,7379,477,14,56510,0,0,0,0,0,A,132,Alveolar type 2 cell,49,11,1,1,1_1,AT2
A-5445,all,216,77,5747,1889,25,110656,0,0,0,0,0,A,96,Inflammatory monocyte,42,32,4,4,4_2,CiliatedEpi
A-5446,all,14,9,6886,1172,40,10659,0,0,0,0,0,A,3,Alveolar fibroblast 1,32,10,1,1,1_4_1,AlveolarFib
A-5447,all,16,8,7090,1443,10,23968,0,0,0,0,0,A,3,CD4+ T cell,35,8,1,1,1_2_1,Tcell (CD4)
A-5448,all,23,14,6945,360,15,43963,0,0,0,0,0,A,4,Alveolar fibroblast 1,41,14,6,6,6,AT1
A-5449,all,19,11,6805,212,30,35077,0,0,0,0,0,A,4,Neutrophil,41,12,2,2,2_2,InflamMac
A-5452,all,101,42,6089,935,37,103987,0,0,0,0,0,A,8,CD8+ T cell,62,39,2,2,2_6,pDC
A-5453,all,77,35,6231,986,15,79357,0,0,0,0,0,A,9,Innate lymphoid cell,58,36,3,3,3_5,SMC
A-5459,all,38,24,5498,1397,26,24207,0,0,0,0,0,A,6,Inflammatory monocyte,42,25,2,2,2_2,InflamMac
A-5461,all,413,82,5835,1858,24,137807,0,0,0,0,0,A,246,Ciliated cell,50,18,4,4,4_2,ClubEpi
A-5464,all,80,39,7347,973,32,47065,0,0,0,0,0,A,18,Alveolar fibroblast 1,59,40,1,1,1_5_1,LymphaticEndo
A-5467,all,114,43,6532,1796,26,73149,0,0,0,0,0,A,5,Capillary 1 cell,42,21,2,2,2_2,InflamMac
A-5468,all,157,48,6692,1546,30,89786,0,0,0,0,0,A,17,Alveolar type 1 cell,46,21,6,6,6,AT1
A-5469,all,35,21,6906,155,24,60524,0,0,0,0,0,A,4,Alveolar type 1 cell,42,21,6,6,6,AT1
A-5470,all,25,14,5968,1068,34,34473,0,0,0,0,0,A,8,Alveolar type 1 cell,44,15,2,2,2_2,InflamMac
A-5471,all,180,29,5785,1851,13,49715,0,0,0,0,0,A,153,Ciliated cell,47,29,4,4,4_2,CiliatedEpi
A-5474,all,113,41,5854,754,19,112133,0,0,0,0,0,A,44,Alveolar fibroblast 1,45,21,3,3,3_1,SMC
A-5476,all,54,22,5998,1083,33,34385,0,0,0,0,0,A,8,Alveolar type 1 cell,52,22,6,6,6,AT1
A-5477,all,31,16,5765,460,18,48306,0,0,0,0,0,A,4,B cell,41,16,2,2,2_6,pDC
A-5479,all,56,32,5858,31,31,73728,0,0,0,0,0,A,6,B cell,53,32,6,6,6,AT1
A-5480,all,130,56,6162,1523,21,111467,0,0,0,0,0,A,50,CD4+ T cell,40,24,7,7,7_2,PatrolMac
A-5486,all,140,54,6892,189,23,116913,0,0,0,0,0,A,34,Alveolar type 1 cell,46,24,2,2,2_2,InflamMac
A-5488,all,132,45,6934,1134,17,82484,0,0,0,0,0,A,26,Inflammatory monocyte,47,21,1,1,1_5_2,AlveolarFib
A-5493,all,115,53,5614,1688,30,72963,0,0,0,0,0,A,16,Proliferative mesenchymal progenitor cell,42,26,1,1,1_5_1,LymphaticEndo
A-5495,all,84,37,6636,1533,35,57205,0,0,0,0,0,A,8,Alveolar fibroblast 2,59,37,3,3,3_3,AdventitialFib
A-5496,all,18,10,7244,1265,19,12372,0,0,0,0,0,A,4,Alveolar fibroblast 1,38,11,1,1,1_4_3,AlveolarFib
A-5498,all,191,50,6370,1737,22,97763,0,0,0,0,0,A,126,Ciliated cell,65,49,4,4,4_2,CiliatedEpi
A-5499,all,74,22,5813,919,10,44037,0,0,0,0,0,A,8,Alveolar type 1 cell,53,22,6,6,6,AT1
A-5503,all,19,9,7001,1470,21,20273,0,0,0,0,0,A,6,Sox9+/Id2+ epithelial cell,41,9,1,1,1_1,AT2
A-5504,all,37,21,6863,921,19,73509,0,0,0,0,0,A,7,Mature DC subset,42,21,8,8,8_2,InterstitialMac
A-5505,all,65,26,6240,1565,21,73150,0,0,0,0,0,A,7,B cell,54,27,2,2,2_2,InflamMac
A-5507,all,31,16,7065,364,12,28003,0,0,0,0,0,A,6,Capillary 2 cell,41,18,2,2,2_1,Capillary
A-5508,all,70,21,6028,1070,36,32265,0,0,0,0,0,A,7,Alveolar fibroblast 1,54,21,6,6,6,AT1
A-5510,all,38,24,5881,341,38,54588,0,0,0,0,0,A,9,Sox9+/Id2+ epithelial cell,43,25,3,3,3_2,SMC
A-5512,all,104,48,7217,245,13,73796,0,0,0,0,0,A,14,Inflammatory monocyte,63,43,2,2,2_5,DC
A-5513,all,58,26,7053,384,10,28887,0,0,0,0,0,A,10,Capillary 1 cell,53,27,1,1,1_4_3,AlveolarFib
A-5515,all,21,11,7078,15,31,36557,0,0,0,0,0,A,5,Natural killer cell,40,12,2,2,2_2,InflamMac
A-5516,all,93,31,6347,890,18,85616,0,0,0,0,0,A,27,Inflammatory monocyte,61,31,2,2,2_1,Capillary
A-5518,all,114,50,6354,1684,25,101787,0,0,0,0,0,A,32,Alveolar type 1 cell,48,30,3,3,3_5,SMC
A-5520,all,71,24,7350,791,21,50332,0,0,0,0,0,A,11,Alveolar type 1 cell,53,24,6,6,6,AT1
A-5521,all,94,46,6054,1305,28,91743,0,0,0,0,0,A,13,Arterial endothelial cell,66,46,9,9,9,Bcell
A-5525,all,127,45,5797,872,19,125195,0,0,0,0,0,A,25,Pericyte,47,24,5,5,5_3,Pericyte
A-5534,all,161,54,5775,1902,27,77089,0,0,0,0,0,A,67,Ciliated cell,49,21,4,4,4_1_2,ClubEpi
A-5535,all,125,44,5685,929,19,87206,0,0,0,0,0,A,15,Alveolar fibroblast 1,51,31,1,1,1_5_1,LymphaticEndo
A-5536,all,15,10,7470,1858,12,39021,0,0,0,0,0,A,2,Alveolar macrophage,34,10,1,1,1_2_3,Tcell (CD4)
A-5537,all,91,34,6708,1940,37,32675,108,0,108,0,1,A,40,Endothelial progenitor cell,57,34,4,4,4_1_2,CiliatedEpi
A-5538,all,14,6,5987,988,42,8774,0,0,0,0,0,A,11,Proliferative mesenchymal progenitor cell,35,6,1,1,1_1,AT2
A-5540,all,38,21,6672,1937,37,18441,0,0,0,0,0,A,12,CD4+ T cell,43,21,3,3,3_3,AdventitialFib
A-5541,all,70,32,6211,934,17,57729,0,0,0,0,0,A,2,Capillary 1 cell,54,32,2,2,2_1,Capillary
A-5542,all,37,22,6991,857,12,39701,0,0,0,0,0,A,3,Alveolar macrophage,41,22,8,8,8_1,AlveolarMac
A-5546,all,27,16,6175,1456,26,17527,0,0,0,0,0,A,8,Alveolar type 2 cell,43,17,2,2,2_2,InflamMac
A-5550,all,244,39,6223,1727,20,73169,0,0,0,0,0,A,152,Venous endothelial cell,58,31,4,4,4_2,CiliatedEpi
A-5553,all,351,63,6310,1752,17,102663,0,0,0,0,0,A,234,Ciliated cell,53,13,4,4,4_2,ClubEpi
A-5555,all,27,14,7508,1183,34,77264,0,0,0,0,0,A,13,Arterial endothelial cell,42,15,2,2,2_4,Artery
A-5556,all,27,13,6698,1360,33,38165,0,0,0,0,0,A,10,Alveolar fibroblast 1,43,14,3,3,3_1,SMC
A-5557,all,58,30,6327,1701,24,44348,0,0,0,0,0,A,30,Endothelial progenitor cell,39,29,4,4,4_1_2,CiliatedEpi
A-5559,all,24,16,6668,1910,40,9300,0,0,0,0,0,A,10,B cell,37,15,4,4,4_1_3,CiliatedEpi
A-5561,all,107,44,6208,1422,26,64095,0,0,0,0,0,A,28,Innate lymphoid cell,60,36,2,2,2_2,InflamMac
A-5564,all,25,15,6204,1647,28,31168,0,0,0,0,0,A,6,CD4+ T cell,44,15,2,2,2_6,pDC
A-5567,all,130,43,6266,1745,19,54975,0,0,0,0,0,A,41,Secretory cell,49,22,4,4,4_1_2,ClubEpi
A-5568,all,14,8,6190,1726,6,11227,0,0,0,0,0,A,5,Alveolar type 1 cell,29,8,8,8,8_1,AlveolarMac
A-5569,all,18,9,7326,1021,40,12458,0,0,0,0,0,A,7,Alveolar fibroblast 1,38,10,1,1,1_4_3,AlveolarFib
A-5571,all,26,14,6845,1093,19,35450,0,0,0,0,0,A,11,Alveolar fibroblast 1,45,14,1,1,1_1,AT2
A-5576,all,39,17,5831,296,38,25536,0,0,0,0,0,A,20,Pericyte,44,17,2,2,2_3,Vein
A-5577,all,17,12,6016,1034,39,14516,0,0,0,0,0,A,5,Neutrophil,39,13,3,3,3_2,SMC
A-5583,all,16,8,5771,909,7,17236,0,0,0,0,0,A,10,Alveolar type 1 cell,32,8,6,6,6,AT1
A-5586,all,108,52,6278,3354,33,43969,0,0,0,0,0,A,12,B cell,61,46,1,1,1_6_2,Neutrophil
A-5587,all,168,53,7323,2525,23,83023,0,0,0,0,0,A,8,Inflammatory monocyte,46,23,1,1,1_2_1,Tcell (CD4)
A-5591,all,71,34,7335,2480,23,71641,0,0,0,0,0,A,27,Alveolar macrophage,53,34,3,3,3_2,SMC
A-5593,all,74,35,6099,3476,35,45914,0,0,0,0,0,A,8,CD4+ T cell,52,36,3,3,3_5,SMC
A-5594,all,175,60,7388,2562,23,105501,0,0,0,0,0,A,8,Inflammatory monocyte,55,36,3,3,3_3,AdventitialFib
A-5595,all,190,81,6253,3286,28,50445,0,0,0,0,0,A,59,Venous endothelial cell,48,36,4,4,4_1_1,ClubEpi
A-5598,all,148,52,5628,3061,17,86273,0,0,0,0,0,A,18,CD4+ T cell,52,30,1,1,1_2_3,Tcell (CD4)
A-5600,all,185,62,7141,2404,12,87203,0,0,0,0,0,A,19,Proliferative mesenchymal progenitor cell,54,36,3,3,3_3,AdventitialFib
A-5601,all,461,132,6307,3312,23,95984,0,0,0,0,0,A,172,Ciliated cell,44,29,4,4,4_1_1,ClubEpi
A-5602,all,20,12,6458,3554,7,18768,0,0,0,0,0,A,3,Alveolar type 1 cell,40,12,6,6,6,AT1
A-5603,all,166,46,5975,3237,9,32902,0,0,0,0,0,A,101,Capillary 1 cell,64,46,4,4,4_2,CiliatedEpi
A-5604,all,70,29,7108,2749,37,27047,0,0,0,0,0,A,4,Sox9+/Id2+ epithelial cell,56,29,2,2,2_3,Vein
A-5605,all,35,25,6326,3738,10,24034,0,0,0,0,0,A,5,Capillary 2 cell,42,25,1,1,1_2_1,Tcell (CD4)
A-5606,all,139,50,6934,2085,32,69599,0,0,0,0,0,A,12,Inflammatory monocyte,50,29,1,1,1_2_1,Tcell (CD4)
A-5607,all,55,30,7402,2646,8,43747,0,0,0,0,0,A,10,Innate lymphoid cell,55,31,1,1,1_6_2,Neutrophil
A-5608,all,37,17,6514,3575,5,16055,0,0,0,0,0,A,2,CD4+ T cell,43,17,1,1,1_2_1,Tcell (CD4)
A-5609,all,155,75,6823,2695,16,44515,0,0,0,0,0,A,49,Alveolar fibroblast 1,45,30,4,4,4_1_1,ClubEpi
A-5610,all,69,32,7276,2671,28,26543,0,0,0,0,0,A,3,CD4+ T cell,57,32,1,1,1_2_1,Tcell (CD4)
A-5611,all,219,69,6082,3237,23,102437,0,0,0,0,0,A,16,CD4+ T cell,54,33,1,1,1_4_1,AlveolarFib
A-5613,all,218,86,6942,2766,19,55855,0,0,0,0,0,A,78,Endothelial progenitor cell,42,31,4,4,4_1_2,CiliatedEpi
A-5615,all,407,119,6404,3369,23,74832,0,0,0,0,0,A,72,Ciliated cell,46,36,4,4,4_1_1,CiliatedEpi
A-5616,all,97,39,7303,2044,16,68500,0,0,0,0,0,A,10,Inflammatory monocyte,61,37,6,6,6,AT1
A-5619,all,175,67,6705,2404,13,38552,0,0,0,0,0,A,57,Ciliated cell,54,37,4,4,4_1_1,ClubEpi
A-5620,all,95,53,6768,2270,23,60567,0,0,0,0,0,A,16,Endothelial progenitor cell,64,52,3,3,3_3,AdventitialFib
A-5621,all,251,103,6713,2253,25,68158,54,0,54,0,1,A,67,Ciliated cell,52,44,4,4,4_1_1,CiliatedEpi
A-5622,all,207,56,6652,2090,20,61977,0,0,0,0,0,A,102,Arterial endothelial cell,49,25,4,4,4_1_1,CiliatedEpi
A-5624,all,109,44,7169,2063,36,53396,0,0,0,0,0,A,12,B cell,60,35,9,9,9,Bcell
A-5630,all,87,44,7225,2682,25,53467,0,0,0,0,0,A,7,Inflammatory monocyte,61,44,1,1,1_2_1,Tcell (CD4)
A-5632,all,200,57,6370,3532,13,86719,0,0,0,0,0,A,17,Inflammatory monocyte,53,30,2,2,2_2,InflamMac
A-5633,all,357,129,6753,2562,30,78688,0,0,0,0,0,A,92,Ciliated cell,44,37,4,4,4_1_1,CiliatedEpi
A-5634,all,366,121,5973,3121,19,82408,0,0,0,0,0,A,73,Ciliated cell,43,32,4,4,4_1_1,CiliatedEpi
A-5635,all,121,35,6862,2131,19,82024,0,0,0,0,0,A,19,Inflammatory monocyte,48,18,7,7,7_3,Tcell (CD8)
A-5636,all,15,7,7302,2661,21,11407,0,0,0,0,0,A,5,Sox9+/Id2+ epithelial cell,36,8,3,3,3_2,SMC
A-5642,all,50,20,7456,3358,32,51215,0,0,0,0,0,A,2,Alveolar fibroblast 1,53,21,1,1,1_4_1,AlveolarFib
A-5643,all,134,70,5902,3125,30,51160,0,0,0,0,0,A,30,Endothelial progenitor cell,40,30,4,4,4_1_1,CiliatedEpi
A-5644,all,152,49,7256,2995,28,89665,0,0,0,0,0,A,14,CD8+ T cell,53,30,6,6,6,AT1
A-5648,all,72,34,6429,3590,15,44328,0,0,0,0,0,A,4,CD4+ T cell,54,34,1,1,1_2_1,Tcell (CD4)
A-5649,all,220,63,6395,3581,16,86388,0,0,0,0,0,A,16,Alveolar fibroblast 1,49,32,1,1,1_4_1,AlveolarFib
A-5650,all,229,110,6827,2659,32,59908,0,0,0,0,0,A,70,Arterial endothelial cell,52,43,4,4,4_1_1,ClubEpi
A-5652,all,222,95,6220,3289,24,74320,0,0,0,0,0,A,48,Endothelial progenitor cell,48,36,4,4,4_1_1,ClubEpi
A-5653,all,111,51,7139,2905,37,38852,0,0,0,0,0,A,13,Inflammatory monocyte,51,36,1,1,1_2_1,Tcell (CD4)
A-5655,all,104,65,6888,2664,38,50155,0,0,0,0,0,A,25,B cell,71,64,4,4,4_1_3,CiliatedEpi
A-5658,all,120,58,5628,2913,34,42746,0,0,0,0,0,A,28,Capillary 1 cell,57,38,4,4,4_1_1,CiliatedEpi
A-5660,all,46,26,6014,3200,39,16910,0,0,0,0,0,A,5,Endothelial progenitor cell,47,27,4,4,4_1_1,CiliatedEpi
A-5666,all,117,60,6844,2413,25,52589,0,0,0,0,0,A,43,Secretory cell,45,29,3,3,3_2,SMC
A-5667,all,144,81,6800,2590,33,42208,0,0,0,0,0,A,43,Venous endothelial cell,38,33,4,4,4_1_1,CiliatedEpi
A-5668,all,311,108,7132,2974,28,104947,0,0,0,0,0,A,91,Venous endothelial cell,49,34,4,4,4_1_1,ClubEpi
A-5669,all,290,114,5774,3015,32,66422,0,0,0,0,0,A,59,Venous endothelial cell,46,34,4,4,4_1_1,CiliatedEpi
A-5670,all,159,70,6962,2807,14,34295,0,0,0,0,0,A,46,Venous endothelial cell,42,28,4,4,4_1_1,CiliatedEpi
A-5672,all,157,65,5635,2036,27,48958,0,0,0,0,0,A,60,Capillary 1 cell,42,27,4,4,4_1_1,CiliatedEpi
A-5673,all,432,122,6682,2224,27,97833,0,0,0,0,0,A,109,Alveolar fibroblast 1,44,34,4,4,4_1_1,CiliatedEpi
A-5675,all,95,34,7223,2738,17,68013,0,0,0,0,0,A,16,Alveolar fibroblast 2,60,34,3,3,3_3,AdventitialFib
A-5678,all,85,34,7198,2855,32,45423,0,0,0,0,0,A,5,CD4+ T cell,58,34,1,1,1_2_1,Tcell (CD4)
A-5679,all,101,50,5828,3044,40,13261,0,0,0,0,0,A,12,Capillary 1 cell,61,40,7,7,7_3,Tcell (CD8)
A-5681,all,40,15,6936,2035,40,19144,0,0,0,0,0,A,3,CD4+ T cell,44,15,1,1,1_2_1,Tcell (CD4)
A-5682,all,35,22,7342,2437,36,40367,0,0,0,0,0,A,6,CD4+ T cell,41,23,3,3,3_2,SMC
A-5683,all,157,71,6695,2518,13,46594,0,0,0,0,0,A,46,Venous endothelial cell,47,33,4,4,4_1_1,ClubEpi
A-5686,all,45,30,7042,2828,20,32173,0,0,0,0,0,A,7,Capillary 1 cell,45,30,1,1,1_2_1,Tcell (CD4)
A-5689,all,242,92,6682,2056,28,73098,0,0,0,0,0,A,54,Ciliated cell,51,41,4,4,4_1_1,CiliatedEpi
A-5690,all,222,85,6907,2533,36,55545,0,0,0,0,0,A,48,Ciliated cell,54,41,4,4,4_1_1,CiliatedEpi
A-5691,all,170,79,6995,2737,39,24668,0,0,0,0,0,A,26,Endothelial progenitor cell,50,41,7,7,7_3,Tcell (CD8)
A-5692,all,96,40,5659,1989,23,29902,0,0,0,0,0,A,41,Venous endothelial cell,59,39,4,4,4_1_1,CiliatedEpi
A-5694,all,117,51,6080,3268,22,50944,0,0,0,0,0,A,13,CD4+ T cell,42,27,3,3,3_5,SMC
A-5695,all,53,38,6688,1972,38,28908,0,0,0,0,0,A,9,Alveolar type 2 cell,53,38,1,1,1_2_1,Tcell (CD4)
A-5696,all,157,60,7373,2805,25,79450,0,0,0,0,0,A,8,Secondary crest myofibroblast,53,36,3,3,3_3,AdventitialFib
A-5698,all,107,42,7168,2524,22,51706,0,0,0,0,0,A,15,Arterial endothelial cell,60,39,1,1,1_2_1,Tcell (CD4)
A-5701,all,138,86,6760,2430,29,60033,0,0,0,0,0,A,34,Venous endothelial cell,39,31,4,4,4_1_1,ClubEpi
A-5702,all,302,91,6355,3346,17,59735,686,0,686,0,1,A,100,Pericyte,49,29,4,4,4_1_1,ClubEpi
A-5703,all,92,37,7326,2676,26,61186,0,0,0,0,0,A,21,Secondary crest myofibroblast,60,38,3,3,3_2,SMC
A-5704,all,127,58,6838,2368,31,78620,0,0,0,0,0,A,20,Arterial endothelial cell,43,30,3,3,3_5,SMC
A-5705,all,415,116,5976,3164,26,92702,0,0,0,0,0,A,179,Ciliated cell,37,25,4,4,4_1_2,CiliatedEpi
A-5706,all,14,11,7232,1977,10,17987,0,0,0,0,0,A,2,CD4+ T cell,32,11,1,1,1_2_1,Tcell (CD4)
A-5708,all,123,40,7368,2076,24,79298,50,0,50,0,1,A,10,Inflammatory monocyte,48,25,1,1,1_4_1,AlveolarFib
A-5709,all,292,102,5693,2952,30,66843,0,0,0,0,0,A,73,Arterial endothelial cell,46,37,4,4,4_1_1,CiliatedEpi
A-5711,all,158,84,6722,2452,23,34224,0,0,0,0,0,A,57,Arterial endothelial cell,40,31,4,4,4_1_1,CiliatedEpi
A-5713,all,50,26,7374,3356,12,41537,0,0,0,0,0,A,10,Inflammatory monocyte,50,26,7,7,7_4,PatrolMac
A-5716,all,374,127,6918,2587,37,83719,0,0,0,0,0,A,82,Arterial endothelial cell,45,38,4,4,4_1_1,CiliatedEpi
A-5717,all,72,37,5865,3213,19,42674,53,53,0,1,0,A,4,Inflammatory monocyte,54,37,1,1,1_2_1,Tcell (CD4)
A-5718,all,151,48,7004,2049,17,80423,0,0,0,0,0,A,16,CD8+ T cell,49,26,1,1,1_2_1,Tcell (CD4)
A-5719,all,58,42,6756,2058,39,12028,0,0,0,0,0,A,19,Endothelial progenitor cell,57,42,4,4,4_1_1,ClubEpi
A-5721,all,72,34,6199,3457,9,45396,1351,0,1351,0,1,A,15,CD4+ T cell,52,34,1,1,1_2_1,Tcell (CD4)
A-5722,all,49,23,7289,3015,38,23943,0,0,0,0,0,A,6,Inflammatory monocyte,51,24,2,2,2_2,InflamMac
A-5723,all,158,66,6503,3416,25,73198,0,0,0,0,0,A,56,Arterial endothelial cell,41,27,4,4,4_1_1,CiliatedEpi
A-5726,all,166,72,7038,2747,21,68546,102,102,0,1,0,A,34,Inflammatory monocyte,48,35,3,3,3_3,AdventitialFib
A-5728,all,45,22,5912,3482,38,18807,0,0,0,0,0,A,7,CD4+ T cell,45,22,1,1,1_2_1,Tcell (CD4)
A-5730,all,68,25,7232,2870,37,29453,0,0,0,0,0,A,3,Ciliated cell,55,26,1,1,1_4_1,AlveolarFib
A-5732,all,222,67,6993,2096,25,120534,0,0,0,0,0,A,15,Inflammatory monocyte,51,34,6,6,6,AT1
A-5733,all,42,29,6177,3234,22,56957,0,0,0,0,0,A,5,CD4+ T cell,44,30,3,3,3_5,SMC
A-5735,all,47,17,7167,2637,18,20181,0,0,0,0,0,A,9,CD8+ T cell,48,18,3,3,3_2,SMC
A-5736,all,69,23,7192,2505,21,27017,0,0,0,0,0,A,8,Inflammatory monocyte,55,24,2,2,2_2,InflamMac
A-5738,all,20,9,7140,2630,5,10267,0,0,0,0,0,A,2,Alveolar macrophage,38,9,1,1,1_2_3,Tcell (CD4)
A-5740,all,61,29,7259,2000,15,30894,0,0,0,0,0,A,15,CD4+ T cell,54,29,1,1,1_2_1,Tcell (CD4)
A-5741,all,245,76,6146,3448,21,142597,0,0,0,0,0,A,29,Inflammatory monocyte,48,33,1,1,1_2_1,Tcell (CD4)
A-5742,all,141,72,6724,2029,41,27993,0,0,0,0,0,A,35,Endothelial progenitor cell,43,27,4,4,4_1_1,ClubEpi
A-5743,all,72,33,5876,3510,38,33568,0,0,0,0,0,A,10,CD8+ T cell,53,34,3,3,3_2,SMC
A-5747,all,225,95,6689,2472,17,65739,0,0,0,0,0,A,59,Endothelial progenitor cell,55,46,4,4,4_1_1,ClubEpi
A-5749,all,33,23,7337,2832,14,20250,0,0,0,0,0,A,8,Alveolar fibroblast 2,39,23,3,3,3_3,AdventitialFib
A-5753,all,249,97,6383,3409,37,57464,0,0,0,0,0,A,74,Venous endothelial cell,45,29,4,4,4_1_1,ClubEpi
A-5756,all,80,41,7305,2446,24,67912,0,0,0,0,0,A,13,Vascular smooth muscle cell,57,41,3,3,3_6,SCMF
A-5757,all,78,46,7132,2534,30,49409,0,0,0,0,0,A,11,Vascular smooth muscle cell,61,48,2,2,2_5,DC
A-5758,all,138,55,7119,2590,20,62514,0,0,0,0,0,A,5,Inflammatory monocyte,45,23,3,3,3_2,SMC
A-5763,all,48,26,6520,3477,30,43295,0,0,0,0,0,A,8,Inflammatory monocyte,48,26,1,1,1_2_3,Tcell (CD4)
A-5764,all,59,24,7479,3546,18,64452,0,0,0,0,0,A,4,Sox9+/Id2+ epithelial cell,53,25,2,2,2_2,InflamMac
A-5765,all,232,78,6337,3373,27,100132,0,0,0,0,0,A,84,Arterial endothelial cell,47,33,4,4,4_1_2,CiliatedEpi
A-5768,all,306,70,5898,3165,11,59688,51,0,51,0,1,A,160,Endothelial progenitor cell,53,35,4,4,4_2,CiliatedEpi
A-5769,all,62,41,6707,2102,40,12223,0,0,0,0,0,A,16,Arterial endothelial cell,55,41,4,4,4_1_1,CiliatedEpi
A-5771,all,166,89,7004,2789,26,72640,0,0,0,0,0,A,42,Venous endothelial cell,45,37,4,4,4_1_1,CiliatedEpi
A-5774,all,109,49,6510,3776,35,65834,0,0,0,0,0,A,11,Inflammatory monocyte,50,31,1,1,1_4_1,AlveolarFib
A-5776,all,81,36,7207,2434,17,63895,0,0,0,0,0,A,18,Inflammatory monocyte,57,36,3,3,3_2,SMC
A-5777,all,12,9,5850,3560,6,7822,0,0,0,0,0,A,2,CD4+ T cell,32,9,1,1,1_2_1,Tcell (CD4)
A-5779,all,85,42,6195,3262,26,47182,0,0,0,0,0,A,11,Inflammatory monocyte,59,42,3,3,3_4,AdventitialFib
A-5780,all,195,70,5676,3012,25,47843,0,0,0,0,0,A,85,Ciliated cell,47,33,4,4,4_1_2,CiliatedEpi
A-5781,all,142,48,6495,3503,20,44988,0,0,0,0,0,A,28,Inflammatory monocyte,55,31,1,1,1_2_3,Tcell (CD4)
A-5782,all,143,46,6468,3490,27,57691,0,0,0,0,0,A,24,Inflammatory monocyte,51,25,1,1,1_2_3,Tcell (CD4)
A-5788,all,44,28,7322,2755,16,37244,0,0,0,0,0,A,6,Mesothelial cell,44,28,3,3,3_3,AdventitialFib
A-5790,all,172,60,7209,2024,18,81697,0,0,0,0,0,A,14,Inflammatory monocyte,53,38,3,3,3_4,AdventitialFib
A-5791,all,190,88,7003,2831,23,54028,0,0,0,0,0,A,43,Ciliated cell,42,34,4,4,4_1_1,CiliatedEpi
A-5792,all,186,95,6806,2535,37,77330,0,0,0,0,0,A,40,Arterial endothelial cell,50,44,4,4,4_1_1,ClubEpi
A-5793,all,133,53,6350,3768,9,50784,50,50,0,1,0,A,17,Alveolar fibroblast 1,50,32,1,1,1_2_1,Tcell (CD4)
A-5797,all,200,70,7069,2771,23,106162,0,0,0,0,0,A,30,Inflammatory monocyte,53,39,2,2,2_5,DC
A-5798,all,33,22,7110,2859,34,29877,0,0,0,0,0,A,4,B cell,41,22,1,1,1_2_1,Tcell (CD4)
A-5802,all,323,118,6865,2714,27,74443,0,0,0,0,0,A,94,Ciliated cell,41,31,4,4,4_1_1,ClubEpi
A-5804,all,138,53,6697,2303,19,30098,0,0,0,0,0,A,31,Capillary 1 cell,45,25,4,4,4_1_1,CiliatedEpi
A-5805,all,20,13,7214,2793,40,17048,0,0,0,0,0,A,5,Alveolar macrophage,40,13,1,1,1_2_3,Tcell (CD4)
A-5806,all,232,83,6678,2152,23,52000,0,0,0,0,0,A,78,Endothelial progenitor cell,54,41,4,4,4_1_1,CiliatedEpi
A-5807,all,167,77,7086,2997,29,60149,0,0,0,0,0,A,52,Secretory cell,46,37,4,4,4_1_2,CiliatedEpi
A-5811,all,57,27,7125,2800,39,16546,0,0,0,0,0,A,5,T regulatory cell,55,27,1,1,1_2_1,Tcell (CD4)
A-5814,all,90,32,6537,3529,25,50457,0,0,0,0,0,A,11,T regulatory cell,57,31,1,1,1_2_1,Tcell (CD4)
A-5817,all,146,54,7327,2566,32,47195,0,0,0,0,0,A,21,Inflammatory monocyte,50,28,2,2,2_2,InflamMac
A-5818,all,127,58,6295,3404,32,59638,0,0,0,0,0,A,18,Inflammatory monocyte,43,29,1,1,1_5_1,LymphaticEndo
A-5820,all,132,50,5638,2986,28,44407,0,0,0,0,0,A,43,B cell,63,41,4,4,4_1_2,CiliatedEpi
A-5821,all,218,79,5773,3108,20,67863,0,0,0,0,0,A,62,Endothelial progenitor cell,50,35,4,4,4_1_2,CiliatedEpi
A-5823,all,119,64,6707,2141,38,24289,0,0,0,0,0,A,38,Capillary 1 cell,55,41,4,4,4_1_1,CiliatedEpi
A-5825,all,156,79,7011,2865,23,51713,0,0,0,0,0,A,22,Venous endothelial cell,45,37,1,1,1_6_2,Neutrophil
A-5829,all,184,67,7305,2721,26,84170,0,0,0,0,0,A,15,Inflammatory monocyte,60,43,3,3,3_3,AdventitialFib
A-5831,all,133,65,6720,2555,12,28502,0,0,0,0,0,A,47,Venous endothelial cell,45,29,4,4,4_1_1,ClubEpi
A-5832,all,211,86,6822,2472,37,53094,0,0,0,0,0,A,46,Venous endothelial cell,54,42,4,4,4_1_1,ClubEpi
A-5833,all,149,62,7083,2821,26,79557,0,0,0,0,0,A,18,Inflammatory monocyte,50,35,1,1,1_2_1,Tcell (CD4)
A-5837,all,121,66,6805,2429,26,77694,0,0,0,0,0,A,41,Venous endothelial cell,40,27,4,4,4_1_1,ClubEpi
A-5838,all,43,20,7404,3316,12,48218,0,0,0,0,0,A,9,Alveolar fibroblast 1,43,20,1,1,1_5_1,LymphaticEndo
A-5839,all,14,10,7281,3060,40,25174,0,0,0,0,0,A,3,CD4+ T cell,32,10,1,1,1_2_1,Tcell (CD4)
A-5842,all,93,39,7399,3469,35,70395,0,0,0,0,0,A,11,CD4+ T cell,60,38,1,1,1_2_1,Tcell (CD4)
A-5846,all,52,25,7459,3177,10,57543,0,0,0,0,0,A,11,B cell,52,25,9,9,9,Bcell
A-5847,all,212,77,5611,2951,25,61264,50,0,50,0,1,A,99,Ciliated cell,41,29,4,4,4_1_2,CiliatedEpi
A-5848,all,70,37,7081,2848,24,44993,0,0,0,0,0,A,25,Capillary 1 cell,58,37,1,1,1_2_1,Tcell (CD4)
A-5852,all,277,105,6917,2739,27,68736,0,0,0,0,0,A,73,Alveolar fibroblast 1,41,31,4,4,4_1_1,ClubEpi
A-5853,all,151,64,7066,2945,32,69369,0,0,0,0,0,A,39,Ciliated cell,43,28,4,4,4_1_1,CiliatedEpi
A-5856,all,167,78,6949,2674,37,76051,0,0,0,0,0,A,30,Arterial endothelial cell,50,43,2,2,2_4,Artery
A-5857,all,60,36,6846,2285,18,32770,0,0,0,0,0,A,4,Sox9+/Id2+ epithelial cell,56,37,2,2,2_2,InflamMac
A-5859,all,210,84,6885,2749,24,43231,0,0,0,0,0,A,53,Ciliated cell,55,39,4,4,4_1_1,ClubEpi
A-5860,all,37,24,7291,1987,24,21405,0,0,0,0,0,A,2,Inflammatory monocyte,40,24,1,1,1_2_1,Tcell (CD4)
A-5864,all,152,45,7220,3015,35,48036,0,0,0,0,0,A,9,Alveolar macrophage,54,26,6,6,6,AT1
A-5865,all,209,69,7147,2564,22,87843,0,0,0,0,0,A,13,Alveolar type 1 cell,52,34,2,2,2_2,InflamMac
A-5867,all,218,69,5958,3197,16,56338,0,0,0,0,0,A,117,Ciliated cell,51,21,4,4,4_1_1,ClubEpi
A-5868,all,50,25,7302,2630,22,36311,0,0,0,0,0,A,10,Alveolar macrophage,53,26,3,3,3_2,SMC
A-5872,all,12,9,7348,2035,33,18229,0,0,0,0,0,A,2,CD4+ T cell,30,9,1,1,1_2_1,Tcell (CD4)
A-5874,all,273,102,6742,2496,32,69608,0,0,0,0,0,A,60,Arterial endothelial cell,46,37,4,4,4_1_1,CiliatedEpi
A-5875,all,68,33,7246,2694,30,39816,0,0,0,0,0,A,7,T regulatory cell,57,33,1,1,1_2_3,Tcell (CD4)
A-5876,all,76,47,6800,2260,38,24439,0,0,0,0,0,A,16,Venous endothelial cell,58,47,3,3,3_4,AdventitialFib
A-5879,all,40,20,6767,2626,10,13624,0,0,0,0,0,A,5,Inflammatory monocyte,43,20,1,1,1_3,AT2
A-5882,all,34,20,7267,2705,40,11622,0,0,0,0,0,A,2,Sox9+/Id2+ epithelial cell,45,20,3,3,3_6,SCMF
A-5887,all,77,37,6482,3531,17,34942,0,0,0,0,0,A,16,Inflammatory monocyte,57,37,1,1,1_2_3,Tcell (CD4)
A-5888,all,130,52,7282,2481,21,68455,0,0,0,0,0,A,11,Inflammatory monocyte,47,28,1,1,1_2_1,Tcell (CD4)
A-5889,all,72,32,7333,1993,30,70386,0,0,0,0,0,A,7,Inflammatory monocyte,53,32,1,1,1_2_3,Tcell (CD4)
A-5891,all,164,60,5607,2018,25,42055,0,0,0,0,0,A,60,Capillary 1 cell,42,27,4,4,4_1_1,CiliatedEpi
A-5892,all,243,86,5869,3100,25,53998,0,0,0,0,0,A,83,Venous endothelial cell,52,40,4,4,4_1_2,CiliatedEpi
A-5895,all,296,103,7047,2998,28,84337,0,0,0,0,0,A,85,Ciliated cell,43,29,4,4,4_1_1,ClubEpi
A-5897,all,362,101,6651,2023,22,99330,0,0,0,0,0,A,116,Venous endothelial cell,47,27,4,4,4_1_1,ClubEpi
A-5898,all,49,14,7432,3243,15,69887,0,0,0,0,0,A,2,CD4+ T cell,49,15,3,3,3_5,SMC
A-5900,all,97,48,6768,2328,17,53288,0,0,0,0,0,A,20,Inflammatory monocyte,62,46,3,3,3_4,AdventitialFib
A-5902,all,30,18,7181,2481,24,21748,0,0,0,0,0,A,4,CD8+ T cell,41,19,2,2,2_2,InflamMac
A-5903,all,8,7,7181,2620,19,18162,0,0,0,0,0,A,3,Natural killer cell,26,8,2,2,2_2,InflamMac
A-5906,all,127,49,7197,2662,24,75412,0,0,0,0,0,A,16,Alveolar macrophage,47,30,3,3,3_2,SMC
A-5909,all,259,106,6736,2350,22,83607,0,0,0,0,0,A,65,Venous endothelial cell,45,38,4,4,4_1_1,ClubEpi
A-5913,all,139,51,7217,2481,22,67923,0,0,0,0,0,A,11,Proliferative mesenchymal progenitor cell,46,23,1,1,1_2_1,Tcell (CD4)
A-5916,all,62,33,7349,2732,17,37418,0,0,0,0,0,A,7,Alveolar macrophage,55,33,3,3,3_3,AdventitialFib
A-5918,all,318,105,5658,2957,26,76749,0,0,0,0,0,A,92,Ciliated cell,44,32,4,4,4_1_1,CiliatedEpi
A-5919,all,144,76,5938,3142,30,32051,0,0,0,0,0,A,38,Secretory cell,43,32,4,4,4_1_1,ClubEpi
A-5920,all,200,89,6736,2389,30,40921,0,0,0,0,0,A,35,Venous endothelial cell,53,42,3,3,3_6,SCMF
A-5921,all,128,75,6685,2430,15,29567,103,0,103,0,1,A,57,Ciliated cell,61,51,4,4,4_1_1,CiliatedEpi
A-5922,all,179,91,6846,2616,40,40361,0,0,0,0,0,A,55,Ciliated cell,42,35,4,4,4_1_1,CiliatedEpi
A-5926,all,21,16,7212,2627,41,10075,0,0,0,0,0,A,2,Proliferative mesenchymal progenitor cell,43,17,3,3,3_2,SMC
A-5931,all,150,82,5671,2028,39,29988,0,0,0,0,0,A,35,Ciliated cell,43,33,7,7,7_3,Tcell (CD8)
A-5932,all,61,25,7240,2454,21,54109,0,0,0,0,0,A,2,CD4+ T cell,54,26,3,3,3_2,SMC
A-5933,all,17,7,7480,3240,35,31611,0,0,0,0,0,A,2,CD4+ T cell,35,7,1,1,1_2_1,Tcell (CD4)
A-5935,all,59,35,7284,2413,33,30241,0,0,0,0,0,A,11,Alveolar macrophage,55,35,3,3,3_6,SCMF
A-5936,all,37,18,7324,2601,21,33750,0,0,0,0,0,A,7,Secondary crest myofibroblast,43,18,3,3,3_6,SCMF
A-5938,all,120,72,5722,1977,39,22622,0,0,0,0,0,A,20,Ciliated cell,41,36,4,4,4_1_1,CiliatedEpi
A-5939,all,139,74,5495,2372,30,30645,0,0,0,0,0,A,30,Arterial endothelial cell,36,24,4,4,4_1_1,ClubEpi
A-5940,all,60,28,6066,3290,20,37753,0,0,0,0,0,A,2,Inflammatory monocyte,55,28,1,1,1_2_1,Tcell (CD4)
A-5941,all,206,72,5703,3007,23,51574,0,0,0,0,0,A,93,Arterial endothelial cell,54,29,4,4,4_1_1,ClubEpi
A-5942,all,25,18,6808,2392,31,28680,0,0,0,0,0,A,5,Secretory cell,44,18,1,1,1_3,AT2
A-5943,all,224,95,7029,2893,26,68993,0,0,0,0,0,A,64,Ciliated cell,49,37,4,4,4_1_1,ClubEpi
A-5944,all,61,24,6511,3538,11,25049,0,0,0,0,0,A,3,CD4+ T cell,53,24,1,1,1_2_1,Tcell (CD4)
A-5945,all,113,63,6724,2290,31,28889,0,0,0,0,0,A,30,Secretory cell,44,32,4,4,4_1_1,ClubEpi
A-5946,all,24,16,6661,2489,7,8052,0,0,0,0,0,A,11,B cell,38,16,4,4,4_1_2,CiliatedEpi
A-5948,all,63,28,6152,3214,22,54321,0,0,0,0,0,A,6,Inflammatory monocyte,55,29,1,1,1_4_1,AlveolarFib
A-5951,all,200,63,6567,3545,21,80559,0,0,0,0,0,A,44,Capillary 2 cell,54,35,1,1,1_2_1,Tcell (CD4)
A-5954,all,20,17,6716,4774,37,54804,0,0,0,0,0,A,7,B cell,39,17,6,6,6,AT1
A-5956,all,32,10,6911,4128,13,44946,0,0,0,0,0,A,24,Alveolar type 2 cell,43,10,1,1,1_3,AT2
A-5958,all,40,25,6644,4347,11,58870,0,0,0,0,0,A,15,Alveolar macrophage,42,25,8,8,8_1,AlveolarMac
A-5960,all,61,21,5709,4916,27,67428,0,0,0,0,0,A,38,Alveolar type 2 cell,53,21,1,1,1_3,AT2
A-5961,all,91,42,6118,5475,23,103374,0,0,0,0,0,A,17,Natural killer cell,57,42,6,6,6,AT1
A-5962,all,61,29,6345,5433,19,68165,0,0,0,0,0,A,8,Alveolar fibroblast 1,55,30,1,1,1_4_1,AlveolarFib
A-5963,all,74,20,5712,5653,11,45977,0,0,0,0,0,A,54,Alveolar type 2 cell,52,20,1,1,1_3,AT2
A-5965,all,64,38,6053,5607,16,71009,0,0,0,0,0,A,10,Pericyte,57,38,5,5,5_1,Pericyte
A-5968,all,76,43,6634,4535,13,109343,0,0,0,0,0,A,11,Alveolar type 1 cell,60,43,6,6,6,AT1
A-5969,all,37,19,5728,5114,15,50599,0,0,0,0,0,A,2,Neutrophil,42,19,1,1,1_6_2,Neutrophil
A-5970,all,81,47,6162,3997,24,89206,52,0,52,0,1,A,8,B cell,61,47,6,6,6,AT1
A-5971,all,84,39,5746,4450,17,99657,0,0,0,0,0,A,6,Alveolar type 1 cell,57,39,2,2,2_1,Capillary
A-5972,all,51,26,6343,4407,17,77455,0,0,0,0,0,A,6,Natural killer cell,51,26,7,7,7_4,PatrolMac
A-5973,all,58,18,5654,4203,14,47389,0,0,0,0,0,A,41,Alveolar type 2 cell,52,18,1,1,1_3,AT2
A-5975,all,17,12,6725,5297,16,36624,0,0,0,0,0,A,4,Secondary crest myofibroblast,36,13,3,3,3_1,SMC
A-5978,all,56,13,6588,4644,9,36624,51,0,51,0,1,A,43,Alveolar type 2 cell,51,13,1,1,1_1,AT2
A-5980,all,48,26,5982,5255,16,61320,0,0,0,0,0,A,13,Inflammatory monocyte,50,27,3,3,3_1,SMC
A-5982,all,46,26,6811,5043,29,65623,0,0,0,0,0,A,16,Vascular smooth muscle cell,49,27,2,2,2_4,Artery
A-5983,all,27,15,6436,4275,28,39521,0,0,0,0,0,A,4,B cell,45,15,9,9,9,Bcell
A-5984,all,58,27,5888,4972,10,67867,0,0,0,0,0,A,5,Alveolar type 1 cell,53,27,6,6,6,AT1
A-5985,all,27,3,6409,5616,30,33942,0,0,0,0,0,A,25,Sox9+/Id2+ epithelial cell,46,3,1,1,1_1,AT2
A-5988,all,61,15,6381,5654,33,57667,0,0,0,0,0,A,48,Alveolar type 2 cell,51,15,1,1,1_1,AT2
A-5989,all,38,23,6839,5360,26,75076,0,0,0,0,0,A,3,Capillary 1 cell,41,22,2,2,2_1,Capillary
A-5991,all,57,31,5762,4973,16,39699,0,0,0,0,0,A,3,Alveolar type 1 cell,55,31,6,6,6,AT1
A-5993,all,138,36,5806,4840,27,111242,0,0,0,0,0,A,91,Alveolar type 2 cell,48,18,2,2,2_1,Capillary
A-5994,all,67,40,5727,4959,22,79081,0,0,0,0,0,A,9,Alveolar type 2 cell,56,41,2,2,2_1,Capillary
A-5995,all,45,33,6058,5009,13,72983,0,0,0,0,0,A,9,Pericyte,45,33,5,5,5_1,Pericyte
A-5996,all,41,24,6793,4610,19,54958,0,0,0,0,0,A,4,Ciliated cell,43,24,2,2,2_3,Vein
A-5997,all,114,27,7315,4868,14,94413,0,0,0,0,0,A,11,Alveolar type 1 cell,49,18,6,6,6,AT1
A-6000,all,33,22,6924,5267,18,56404,0,0,0,0,0,A,5,Capillary 1 cell,40,21,2,2,2_1,Capillary
A-6003,all,10,3,7247,3999,14,28365,0,0,0,0,0,A,7,Proliferative mesenchymal progenitor cell,31,4,3,3,3_1,SMC
A-6004,all,57,30,6344,5333,27,87373,0,0,0,0,0,A,5,Proliferative mesenchymal progenitor cell,54,31,2,2,2_1,Capillary
A-6005,all,48,30,6238,3846,11,46855,0,0,0,0,0,A,5,Alveolar fibroblast 1,52,31,1,1,1_5_1,LymphaticEndo
A-6011,all,23,12,6361,4782,13,47436,0,0,0,0,0,A,4,B cell,38,12,9,9,9,Bcell
A-6012,all,12,10,7378,4917,11,40010,0,0,0,0,0,A,2,Endothelial progenitor cell,33,10,2,2,2_1,Capillary
A-6015,all,18,10,6642,5329,16,30609,0,0,0,0,0,A,9,Proliferative mesenchymal progenitor cell,38,11,3,3,3_1,SMC
A-6016,all,23,19,6593,4454,38,67605,0,0,0,0,0,A,4,B cell,45,19,9,9,9,Bcell
A-6017,all,10,8,6797,4846,39,52964,0,0,0,0,0,A,3,Alveolar type 1 cell,33,8,6,6,6,AT1
A-6018,all,50,27,6864,4334,23,86210,0,0,0,0,0,A,4,AT1/AT2,50,27,6,6,6,AT1
A-6020,all,62,34,6625,3914,15,59918,0,0,0,0,0,A,12,Alveolar type 1 cell,55,34,3,3,3_6,SCMF
A-6022,all,62,38,6091,5218,31,60000,0,0,0,0,0,A,7,B cell,57,39,2,2,2_2,InflamMac
A-6024,all,42,23,6812,5086,27,69554,0,0,0,0,0,A,9,Alveolar fibroblast 1,45,25,2,2,2_4,Artery
A-6025,all,30,22,7174,4270,33,66830,0,0,0,0,0,A,5,Inflammatory monocyte,38,22,7,7,7_2,PatrolMac
A-6026,all,43,23,7280,4226,37,69098,0,0,0,0,0,A,13,Alveolar fibroblast 1,46,24,2,2,2_4,Artery
A-6030,all,84,31,6451,4968,32,53998,0,0,0,0,0,A,12,Alveolar type 1 cell,59,31,6,6,6,AT1
A-6031,all,59,21,5896,4689,33,66175,0,0,0,0,0,A,43,Alveolar type 2 cell,56,22,3,3,3_5,SMC
A-6032,all,141,28,6244,4552,18,94659,0,0,0,0,0,A,116,Alveolar type 2 cell,44,7,1,1,1_3,AT2
A-6033,all,84,48,5843,5626,32,76743,0,0,0,0,0,A,17,Pericyte,62,48,5,5,5_1,Pericyte
A-6034,all,45,29,6129,4069,17,50943,0,0,0,0,0,A,2,Alveolar fibroblast 1,49,30,2,2,2_4,Artery
A-6035,all,37,23,6292,5425,19,81097,0,0,0,0,0,A,6,Arterial endothelial cell,41,23,7,7,7_2,PatrolMac
A-6037,all,27,12,7355,5549,25,61109,0,0,0,0,0,A,16,Alveolar fibroblast 1,39,13,3,3,3_1,SMC
A-6039,all,27,10,7318,4260,38,32339,0,0,0,0,0,A,21,Alveolar type 2 cell,45,10,1,1,1_1,AT2
A-6042,all,29,11,7315,5568,20,64137,0,0,0,0,0,A,15,Alveolar type 2 cell,42,11,1,1,1_3,AT2
A-6044,all,53,38,6372,4433,18,79118,0,0,0,0,0,A,5,Capillary 2 cell,52,38,7,7,7_3,Tcell (CD8)
A-6046,all,21,16,5611,5453,34,32952,0,0,0,0,0,A,2,B cell,41,16,9,9,9,Bcell
A-6047,all,37,11,7274,5197,10,53469,0,0,0,0,0,A,8,Alveolar type 1 cell,45,11,6,6,6,AT1
A-6048,all,30,18,7192,4818,15,77412,0,0,0,0,0,A,13,B cell,38,18,9,9,9,Bcell
A-6049,all,67,30,5673,4890,36,52390,58,0,58,0,1,A,12,Alveolar macrophage,56,31,1,1,1_4_1,AlveolarFib
A-6052,all,19,10,7113,4307,26,33081,0,0,0,0,0,A,13,Alveolar type 2 cell,40,10,1,1,1_1,AT2
A-6053,all,20,13,6312,4988,18,45562,0,0,0,0,0,A,6,B cell,37,13,2,2,2_1,Capillary
A-6054,all,65,36,6426,5650,29,85300,0,0,0,0,0,A,13,Capillary 1 cell,58,36,2,2,2_3,Vein
A-6055,all,61,34,6476,4814,26,86597,0,0,0,0,0,A,3,Capillary 1 cell,54,34,2,2,2_3,Vein
A-6056,all,64,20,6658,4603,18,56562,53,0,53,0,1,A,11,Alveolar type 1 cell,54,20,6,6,6,AT1
A-6058,all,40,24,5630,4020,28,75523,0,0,0,0,0,A,3,Capillary 1 cell,43,25,2,2,2_1,Capillary
A-6059,all,33,23,6162,5434,8,29427,0,0,0,0,0,A,4,Capillary 1 cell,40,23,6,6,6,AT1
A-6062,all,44,24,6422,3857,36,52977,0,0,0,0,0,A,6,Sox9+/Id2+ epithelial cell,46,25,1,1,1_4_1,AlveolarFib
A-6063,all,19,19,6439,4318,11,39227,0,0,0,0,0,A,4,Proliferative mesenchymal progenitor cell,36,19,3,3,3_3,AdventitialFib
A-6065,all,49,34,5888,3979,13,52199,0,0,0,0,0,A,6,Neutrophil,49,34,7,7,7_2,PatrolMac
A-6067,all,24,16,6104,4210,13,59296,0,0,0,0,0,A,5,Sox9+/Id2+ epithelial cell,44,16,1,1,1_3,AT2
A-6069,all,91,31,6643,4662,16,70105,0,0,0,0,0,A,41,AT1/AT2,60,31,6,6,6,AT1
A-6070,all,10,6,6806,4680,37,33437,0,0,0,0,0,A,5,Secondary crest myofibroblast,31,6,5,5,5_3,Pericyte
A-6071,all,23,10,6920,4610,38,32882,0,0,0,0,0,A,13,Alveolar type 2 cell,44,10,1,1,1_3,AT2
A-6072,all,37,24,7150,4432,27,90229,0,0,0,0,0,A,4,Arterial endothelial cell,41,25,2,2,2_4,Artery
A-6073,all,16,12,6271,4331,35,20350,0,0,0,0,0,A,2,Inflammatory monocyte,34,13,2,2,2_5,DC
A-6074,all,21,9,7427,4695,16,26463,0,0,0,0,0,A,12,Alveolar type 2 cell,43,9,1,1,1_3,AT2
A-6075,all,26,21,6888,5238,30,66520,0,0,0,0,0,A,7,Pericyte,49,21,5,5,5_1,Pericyte
A-6076,all,83,32,6042,5247,21,90441,0,0,0,0,0,A,42,Sox9+/Id2+ epithelial cell,57,32,1,1,1_1,AT2
A-6077,all,9,5,7359,5040,8,30670,0,0,0,0,0,A,2,Proliferative mesenchymal progenitor cell,19,6,1,1,1_6_2,Neutrophil
A-6080,all,46,12,6384,4566,22,43971,0,0,0,0,0,A,35,Sox9+/Id2+ epithelial cell,47,12,1,1,1_3,AT2
A-6081,all,61,28,6019,4271,19,47290,0,0,0,0,0,A,29,Alveolar type 2 cell,54,28,1,1,1_1,AT2
A-6082,all,70,30,5639,5473,28,61452,0,0,0,0,0,A,5,Arterial endothelial cell,51,30,2,2,2_3,Vein
A-6083,all,59,28,5626,5564,36,52232,0,0,0,0,0,A,8,Alveolar type 1 cell,55,28,6,6,6,AT1
A-6084,all,59,35,6658,3979,25,80328,0,0,0,0,0,A,24,Pericyte,56,35,5,5,5_3,Pericyte
A-6090,all,34,5,6893,5319,17,25106,135,0,135,0,1,A,31,Sox9+/Id2+ epithelial cell,46,5,1,1,1_1,AT2
A-6094,all,56,25,6663,3928,19,93263,0,0,0,0,0,A,27,Alveolar type 2 cell,54,25,1,1,1_1,AT2
A-6095,all,38,9,5624,4482,12,32778,0,0,0,0,0,A,33,Alveolar type 2 cell,45,9,1,1,1_3,AT2
A-6096,all,40,22,6403,4300,35,49040,0,0,0,0,0,A,4,B cell,42,22,9,9,9,Bcell
A-6099,all,49,28,6768,4362,34,56789,0,0,0,0,0,A,8,Pericyte,49,28,5,5,5_1,Pericyte
A-6100,all,61,30,6679,4645,23,55294,0,0,0,0,0,A,10,AT1/AT2,54,30,6,6,6,AT1
A-6102,all,37,18,6079,5122,30,51440,0,0,0,0,0,A,4,Alveolar type 1 cell,43,18,6,6,6,AT1
A-6104,all,32,18,6194,3872,6,18378,0,0,0,0,0,A,6,Alveolar type 1 cell,41,18,6,6,6,AT1
A-6105,all,43,21,5710,3921,12,33216,0,0,0,0,0,A,23,Alveolar type 2 cell,45,21,1,1,1_3,AT2
A-6106,all,47,25,5975,5066,33,68269,0,0,0,0,0,A,3,Sox9+/Id2+ epithelial cell,53,26,1,1,1_6_2,Neutrophil
A-6109,all,93,38,6455,4911,18,95376,0,0,0,0,0,A,32,Alveolar type 1 cell,61,38,6,6,6,AT1
A-6110,all,38,15,7335,4717,13,41663,0,0,0,0,0,A,5,Alveolar type 1 cell,44,15,6,6,6,AT1
A-6111,all,43,19,6678,5332,13,46726,0,0,0,0,0,A,26,Alveolar fibroblast 1,45,20,3,3,3_1,SMC
A-6112,all,23,15,5848,4409,33,39348,0,0,0,0,0,A,2,Endothelial progenitor cell,43,15,2,2,2_1,Capillary
A-6113,all,42,18,5667,4250,17,35463,0,0,0,0,0,A,24,Sox9+/Id2+ epithelial cell,44,17,2,2,2_1,Capillary
A-6114,all,95,24,6651,4997,25,77069,50,0,50,0,1,A,69,Alveolar type 2 cell,57,23,1,1,1_3,AT2
A-6115,all,7,4,7241,3970,23,38394,0,0,0,0,0,A,4,Proliferative mesenchymal progenitor cell,22,7,3,3,3_1,SMC
A-6116,all,9,7,6934,4641,39,15950,0,0,0,0,0,A,5,Alveolar type 2 cell,31,8,1,1,1_3,AT2
A-6117,all,28,19,7371,4085,16,70618,0,0,0,0,0,A,2,Capillary 1 cell,39,19,2,2,2_3,Vein
A-6118,all,50,20,6818,4368,19,50981,0,0,0,0,0,A,6,Alveolar type 1 cell,49,20,6,6,6,AT1
A-6120,all,36,21,6487,3844,36,37042,0,0,0,0,0,A,12,Sox9+/Id2+ epithelial cell,40,21,1,1,1_3,AT2
A-6121,all,72,36,6746,4409,16,74793,0,0,0,0,0,A,6,Alveolar fibroblast 1,52,36,3,3,3_4,AdventitialFib
A-6123,all,18,15,6409,5575,18,53507,0,0,0,0,0,A,3,Basophil,39,17,2,2,2_5,DC
A-6124,all,42,18,6032,4224,30,37333,0,0,0,0,0,A,21,Alveolar type 2 cell,45,18,1,1,1_3,AT2
A-6126,all,49,17,5835,4466,28,36563,0,0,0,0,0,A,35,Alveolar type 2 cell,48,17,1,1,1_3,AT2
A-6128,all,75,21,6532,4263,32,59203,0,0,0,0,0,A,14,Alveolar type 1 cell,54,21,6,6,6,AT1
A-6129,all,16,10,7438,5180,28,33213,0,0,0,0,0,A,10,Pericyte,34,10,5,5,5_1,Pericyte
A-6130,all,24,8,7246,4388,7,24161,0,0,0,0,0,A,20,Alveolar type 2 cell,45,8,1,1,1_1,AT2
A-6132,all,56,24,5782,4947,12,28617,0,0,0,0,0,A,8,Alveolar type 1 cell,54,24,6,6,6,AT1
A-6133,all,60,25,6587,5381,25,84724,0,0,0,0,0,A,33,Alveolar type 2 cell,54,25,1,1,1_1,AT2
A-6135,all,26,16,6243,4479,9,38604,0,0,0,0,0,A,5,Pericyte,43,16,5,5,5_3,Pericyte
A-6136,all,28,17,7292,4701,10,34354,141,0,141,0,1,A,3,Alveolar macrophage,42,17,6,6,6,AT1
A-6137,all,33,26,6276,4363,22,46704,0,0,0,0,0,A,4,Inflammatory monocyte,38,28,2,2,2_5,DC
A-6140,all,23,14,6400,4788,14,38400,0,0,0,0,0,A,4,B cell,39,14,9,9,9,Bcell
A-6147,all,26,17,6237,4351,31,48690,0,0,0,0,0,A,2,Basophil,39,19,2,2,2_5,DC
A-6148,all,41,12,7085,4308,27,42331,0,0,0,0,0,A,27,Sox9+/Id2+ epithelial cell,46,12,1,1,1_1,AT2
A-6151,all,28,16,6852,5189,29,57444,0,0,0,0,0,A,3,Alveolar type 1 cell,45,16,6,6,6,AT1
A-6152,all,37,25,6257,4024,35,42039,0,0,0,0,0,A,2,Capillary 1 cell,40,25,2,2,2_3,Vein
A-6155,all,35,18,6127,4015,13,43853,0,0,0,0,0,A,2,Alveolar macrophage,42,19,1,1,1_4_1,AlveolarFib
A-6157,all,11,6,7356,5588,21,41977,0,0,0,0,0,A,6,Proliferative mesenchymal progenitor cell,34,7,3,3,3_1,SMC
A-6159,all,36,24,5613,5389,35,37963,0,0,0,0,0,A,9,Alveolar fibroblast 1,44,25,2,2,2_4,Artery
A-6160,all,90,38,6164,4535,20,82571,0,0,0,0,0,A,20,Alveolar macrophage,58,38,8,8,8_1,AlveolarMac
A-6166,all,56,31,6613,4169,18,78079,116,0,116,0,1,A,11,Alveolar type 1 cell,55,32,2,2,2_2,InflamMac
A-6167,all,88,34,6014,3952,26,73150,0,0,0,0,0,A,55,Sox9+/Id2+ epithelial cell,62,34,1,1,1_1,AT2
A-6168,all,56,9,5955,5007,14,37489,0,0,0,0,0,A,41,Sox9+/Id2+ epithelial cell,51,9,1,1,1_1,AT2
A-6169,all,20,14,6488,4931,38,26962,0,0,0,0,0,A,6,Alveolar type 2 cell,44,16,2,2,2_5,DC
A-6170,all,75,39,6064,4198,25,101575,0,0,0,0,0,A,15,Sox9+/Id2+ epithelial cell,58,40,2,2,2_2,InflamMac
A-6172,all,47,12,7424,4661,15,50474,0,0,0,0,0,A,41,Sox9+/Id2+ epithelial cell,48,12,1,1,1_3,AT2
A-6177,all,25,17,5963,5171,37,34149,0,0,0,0,0,A,4,Alveolar fibroblast 1,44,17,3,3,3_3,AdventitialFib
A-6179,all,19,14,7339,4328,16,27833,0,0,0,0,0,A,6,Pericyte,38,14,1,1,1_3,AT2
A-6180,all,12,9,7439,5211,33,24194,0,0,0,0,0,A,6,Alveolar type 2 cell,32,9,1,1,1_3,AT2
A-6181,all,27,22,6463,4248,18,39993,0,0,0,0,0,A,3,Alveolar type 1 cell,48,22,2,2,2_6,pDC
A-6183,all,10,7,7078,4612,38,15440,0,0,0,0,0,A,5,Pericyte,26,7,5,5,5_1,Pericyte
A-6184,all,67,40,6313,5482,28,70160,53,0,53,0,1,A,11,Alveolar fibroblast 1,60,40,2,2,2_4,Artery
A-6185,all,70,19,7117,4586,18,71049,0,0,0,0,0,A,12,AT1/AT2,52,19,6,6,6,AT1
A-6186,all,91,30,5721,4284,14,74356,0,0,0,0,0,A,23,Sox9+/Id2+ epithelial cell,58,31,2,2,2_1,Capillary
A-6187,all,6,5,7424,5405,39,21638,0,0,0,0,0,A,2,Alveolar type 1 cell,24,7,6,6,6,AT1
A-6190,all,56,12,6421,4553,10,29972,0,0,0,0,0,A,48,Ciliated cell,50,12,1,1,1_1,AT2
A-6193,all,18,11,6183,4586,6,17712,0,0,0,0,0,A,3,Proliferative mesenchymal progenitor cell,39,12,3,3,3_2,SMC
A-6195,all,71,23,7118,4628,31,53807,0,0,0,0,0,A,41,Alveolar type 2 cell,51,23,1,1,1_3,AT2
A-6200,all,25,12,5872,4667,20,41089,0,0,0,0,0,A,17,Alveolar type 2 cell,44,12,1,1,1_3,AT2
A-6204,all,16,12,5659,3998,37,31114,0,0,0,0,0,A,3,Alveolar type 1 cell,32,12,6,6,6,AT1
A-6206,all,17,9,5862,5056,6,17453,0,0,0,0,0,A,3,Alveolar type 1 cell,38,9,6,6,6,AT1
A-6209,all,18,15,6018,5169,39,16872,0,0,0,0,0,A,5,Pericyte,36,15,5,5,5_3,Pericyte
A-6212,all,20,18,7286,4027,31,59258,0,0,0,0,0,A,3,Inflammatory monocyte,44,20,2,2,2_5,DC
A-6215,all,38,24,7014,4143,28,94061,0,0,0,0,0,A,7,Alveolar macrophage,43,24,8,8,8_1,AlveolarMac
A-6217,all,70,42,5647,5411,30,68877,0,0,0,0,0,A,5,Sox9+/Id2+ epithelial cell,55,42,2,2,2_3,Vein
A-6225,all,42,16,6568,3870,32,56162,0,0,0,0,0,A,5,Alveolar type 1 cell,46,16,6,6,6,AT1
A-6226,all,22,11,6731,4864,18,51706,0,0,0,0,0,A,6,Arterial endothelial cell,40,11,7,7,7_2,PatrolMac
A-6232,all,6,3,7309,5598,14,31473,0,0,0,0,0,A,5,Sox9+/Id2+ epithelial cell,30,5,1,1,1_1,AT2
A-6233,all,9,7,6267,3816,17,16051,0,0,0,0,0,A,2,Proliferative mesenchymal progenitor cell,31,8,1,1,1_5_1,LymphaticEndo
A-6234,all,48,27,7320,4755,18,78033,235,0,235,0,1,A,14,AT1/AT2,48,27,6,6,6,AT1
A-6237,all,80,23,6050,4285,23,65157,0,0,0,0,0,A,54,Alveolar type 2 cell,54,23,1,1,1_3,AT2
A-6245,all,15,11,7239,5012,12,55014,0,0,0,0,0,A,6,Endothelial progenitor cell,33,11,5,5,5_1,Pericyte
A-6249,all,62,32,6025,4341,11,51932,0,0,0,0,0,A,15,Arterial endothelial cell,52,32,2,2,2_4,Artery
A-6251,all,73,26,7372,4716,19,79540,0,0,0,0,0,A,13,Alveolar type 1 cell,51,26,6,6,6,AT1
A-6254,all,36,19,6959,4283,26,84108,0,0,0,0,0,A,7,Alveolar type 2 cell,42,19,1,1,1_3,AT2
A-6255,all,6,3,6243,4586,9,8245,0,0,0,0,0,A,5,Alveolar type 2 cell,29,5,1,1,1_1,AT2
A-6257,all,25,9,7310,4123,36,43944,0,0,0,0,0,A,2,Alveolar type 1 cell,47,9,6,6,6,AT1
A-6261,all,42,19,7266,4893,9,40595,0,0,0,0,0,A,3,Alveolar type 1 cell,45,19,6,6,6,AT1
A-6266,all,24,13,7324,5537,24,46704,0,0,0,0,0,A,14,Alveolar fibroblast 1,43,14,2,2,2_4,Artery
A-6267,all,46,13,7139,4301,27,33577,0,0,0,0,0,A,34,Alveolar type 2 cell,47,13,1,1,1_3,AT2
A-6269,all,66,24,6464,3811,33,99951,0,0,0,0,0,A,44,Alveolar type 2 cell,54,24,1,1,1_3,AT2
A-6271,all,31,23,6873,5068,31,44257,0,0,0,0,0,A,3,Arterial endothelial cell,39,24,1,1,1_6_2,Neutrophil
A-6275,all,81,17,5635,4516,25,68573,0,0,0,0,0,A,53,Alveolar type 2 cell,53,17,1,1,1_3,AT2
A-6277,all,75,32,6793,4409,21,70943,0,0,0,0,0,A,13,Alveolar fibroblast 1,55,33,2,2,2_4,Artery
A-6279,all,22,11,6877,5346,20,36318,0,0,0,0,0,A,9,Sox9+/Id2+ epithelial cell,41,12,3,3,3_1,SMC
A-6280,all,31,16,6699,4147,9,40317,0,0,0,0,0,A,19,Alveolar fibroblast 1,43,17,2,2,2_4,Artery
A-6284,all,61,28,6840,4135,17,106297,0,0,0,0,0,A,7,Inflammatory monocyte,53,28,2,2,2_3,Vein
A-6285,all,13,9,7191,4751,10,24116,0,0,0,0,0,A,2,Alveolar type 1 cell,31,9,6,6,6,AT1
A-6287,all,43,25,5984,5219,25,55755,0,0,0,0,0,A,10,Alveolar fibroblast 1,45,26,2,2,2_4,Artery
A-6288,all,40,18,6851,5043,16,50226,0,0,0,0,0,A,6,Alveolar type 1 cell,44,18,6,6,6,AT1
A-6291,all,76,24,5675,3936,13,74613,0,0,0,0,0,A,52,Pericyte,55,24,1,1,1_1,AT2
A-6294,all,94,40,5780,4020,13,99221,0,0,0,0,0,A,14,Alveolar fibroblast 1,63,38,6,6,6,AT1
A-6295,all,29,10,7252,5161,9,42184,0,0,0,0,0,A,5,Alveolar type 1 cell,42,10,6,6,6,AT1
A-6296,all,91,36,5621,3905,32,79810,0,0,0,0,0,A,8,Alveolar type 1 cell,60,36,6,6,6,AT1
A-6297,all,28,16,6511,4530,25,91133,0,0,0,0,0,A,4,Sox9+/Id2+ epithelial cell,42,16,1,1,1_3,AT2
A-6298,all,12,6,5642,3847,40,10232,0,0,0,0,0,A,4,Sox9+/Id2+ epithelial cell,33,6,6,6,6,AT1
A-6300,all,32,21,6701,5267,22,74302,0,0,0,0,0,A,8,Alveolar fibroblast 1,42,22,2,2,2_1,Capillary
A-6302,all,36,28,7050,4236,23,76445,0,0,0,0,0,A,4,Endothelial progenitor cell,39,28,3,3,3_4,AdventitialFib
A-6307,all,42,16,6715,4838,17,53590,0,0,0,0,0,A,3,Alveolar type 1 cell,46,16,6,6,6,AT1
A-6309,all,48,31,6086,5358,35,49400,0,0,0,0,0,A,8,Pericyte,48,31,5,5,5_3,Pericyte
A-6310,all,34,21,6184,4364,34,40425,0,0,0,0,0,A,6,Natural killer cell,42,21,2,2,2_2,InflamMac
A-6311,all,28,10,6815,5154,24,45392,0,0,0,0,0,A,5,Alveolar type 1 cell,43,10,6,6,6,AT1
A-6313,all,48,27,6098,5092,24,60680,0,0,0,0,0,A,3,Endothelial progenitor cell,48,27,2,2,2_6,pDC
A-6315,all,46,22,6194,4519,21,69573,0,0,0,0,0,A,18,Sox9+/Id2+ epithelial cell,50,23,2,2,2_1,Capillary
A-6316,all,8,8,6911,4571,37,24064,0,0,0,0,0,A,3,Sox9+/Id2+ epithelial cell,26,10,5,5,5_1,Pericyte
A-6317,all,11,7,6818,5315,9,27106,0,0,0,0,0,A,5,Proliferative mesenchymal progenitor cell,31,8,3,3,3_1,SMC
A-6318,all,63,36,5798,4077,22,100370,0,0,0,0,0,A,4,Alveolar fibroblast 1,57,37,2,2,2_4,Artery
A-6319,all,29,17,6598,4999,22,42139,0,0,0,0,0,A,4,Endothelial progenitor cell,44,18,2,2,2_1,Capillary
A-6320,all,22,16,6465,4284,12,18650,0,0,0,0,0,A,2,Alveolar fibroblast 1,42,16,2,2,2_3,Vein
A-6325,all,29,22,6715,5161,8,65902,0,0,0,0,0,A,9,Capillary 2 cell,34,22,6,6,6,AT1
A-6326,all,93,48,6336,4332,33,103486,0,0,0,0,0,A,11,Alveolar fibroblast 1,63,48,3,3,3_1,SMC
A-6330,all,27,8,6262,3971,40,12523,0,0,0,0,0,A,21,Sox9+/Id2+ epithelial cell,45,8,1,1,1_1,AT2
A-6332,all,35,8,7270,5580,9,57664,0,0,0,0,0,A,20,Sox9+/Id2+ epithelial cell,44,8,1,1,1_1,AT2
A-6337,all,77,47,5850,5103,16,92760,0,0,0,0,0,A,10,Alveolar macrophage,60,47,7,7,7_2,PatrolMac
A-6338,all,114,49,5693,5155,26,136053,0,0,0,0,0,A,17,Alveolar fibroblast 1,48,28,1,1,1_4_1,AlveolarFib
A-6339,all,8,5,7283,5638,15,18617,0,0,0,0,0,A,2,Alveolar fibroblast 1,29,7,2,2,2_4,Artery
A-6341,all,13,6,6662,5298,10,9828,0,0,0,0,0,A,2,Alveolar fibroblast 1,37,7,1,1,1_4_1,AlveolarFib
A-6342,all,34,21,7301,4317,27,73796,0,0,0,0,0,A,13,Arterial endothelial cell,39,23,2,2,2_4,Artery
A-6343,all,35,22,6543,5416,13,56252,0,0,0,0,0,A,6,Endothelial progenitor cell,41,22,2,2,2_6,pDC
A-6345,all,21,8,6071,5259,32,24073,0,0,0,0,0,A,15,Alveolar type 2 cell,43,8,1,1,1_1,AT2
A-6346,all,22,15,7030,4964,12,96010,0,0,0,0,0,A,2,Capillary 1 cell,40,15,2,2,2_1,Capillary
A-6347,all,36,23,6496,4260,19,43691,0,0,0,0,0,A,7,Alveolar type 1 cell,40,23,2,2,2_6,pDC
A-6352,all,19,13,7472,5187,29,51653,0,0,0,0,0,A,5,Pericyte,37,13,5,5,5_1,Pericyte
A-6354,all,22,8,6858,5322,12,38806,0,0,0,0,0,A,17,Alveolar type 2 cell,46,9,3,3,3_1,SMC
A-6356,all,10,7,7406,4922,10,31049,0,0,0,0,0,A,5,Sox9+/Id2+ epithelial cell,27,7,3,3,3_6,SCMF
A-6357,all,48,30,5947,5223,26,68403,0,0,0,0,0,A,2,Proliferative mesenchymal progenitor cell,48,30,1,1,1_5_2,AlveolarFib
A-6360,all,37,8,6897,4166,11,34766,0,0,0,0,0,A,31,Alveolar type 2 cell,45,8,1,1,1_3,AT2
A-6367,all,25,15,7272,7260,17,71251,0,0,0,0,0,A,4,Alveolar fibroblast 1,43,15,3,3,3_4,AdventitialFib
A-6369,all,44,22,6694,6688,19,69175,53,0,53,0,1,A,9,Innate lymphoid cell,46,22,7,7,7_2,PatrolMac
A-6370,all,9,8,6997,6576,36,42058,0,0,0,0,0,A,3,Alveolar fibroblast 1,26,8,1,1,1_5_2,AlveolarFib
A-6371,all,81,22,6130,6495,18,83996,0,0,0,0,0,A,6,Natural killer cell,57,22,7,7,7_3,Tcell (CD8)
A-6376,all,92,18,5825,5935,26,96015,0,0,0,0,0,A,5,Natural killer cell,60,17,7,7,7_3,Tcell (CD8)
A-6380,all,34,25,5917,6661,33,65887,52,0,52,0,1,A,3,Alveolar fibroblast 1,40,25,6,6,6,AT1
A-6382,all,36,9,7478,7121,14,82276,0,0,0,0,0,A,6,Alveolar type 1 cell,45,9,6,6,6,AT1
A-6384,all,23,16,7290,5905,15,71816,0,0,0,0,0,A,2,Capillary 2 cell,42,16,2,2,2_1,Capillary
A-6385,all,47,24,6042,6226,34,48411,0,0,0,0,0,A,10,Sox9+/Id2+ epithelial cell,47,24,6,6,6,AT1
A-6386,all,14,7,7008,6912,14,37433,0,0,0,0,0,A,10,Pericyte,35,7,5,5,5_1,Pericyte
A-6387,all,29,17,6220,7253,28,54773,0,0,0,0,0,A,2,Alveolar type 1 cell,38,17,6,6,6,AT1
A-6388,all,27,12,6989,6491,9,72420,0,0,0,0,0,A,4,Endothelial progenitor cell,46,12,2,2,2_1,Capillary
A-6390,all,25,14,7037,7047,14,67812,0,0,0,0,0,A,2,Neutrophil,42,14,1,1,1_6_2,Neutrophil
A-6392,all,32,4,6618,6361,24,33655,0,0,0,0,0,A,31,Alveolar type 2 cell,46,4,1,1,1_3,AT2
A-6393,all,9,8,6317,7299,9,37454,0,0,0,0,0,A,3,CD4+ T cell,20,9,7,7,7_2,PatrolMac
A-6395,all,21,10,7196,6268,10,26725,0,0,0,0,0,A,3,CD8+ T cell,42,11,2,2,2_2,InflamMac
A-6397,all,18,4,7419,5822,9,38097,0,0,0,0,0,A,15,Sox9+/Id2+ epithelial cell,43,4,1,1,1_1,AT2
A-6399,all,6,5,6373,7485,11,48574,0,0,0,0,0,A,2,B cell,28,6,9,9,9,Bcell
A-6400,all,83,39,5843,6094,35,73342,0,0,0,0,0,A,3,Alveolar fibroblast 1,58,39,1,1,1_5_2,AlveolarFib
A-6401,all,71,18,5712,5671,13,47856,0,0,0,0,0,A,51,Alveolar type 2 cell,51,18,1,1,1_3,AT2
A-6402,all,36,26,6724,6070,25,73336,0,0,0,0,0,A,8,Alveolar fibroblast 1,42,28,2,2,2_5,DC
A-6403,all,40,23,6747,6664,29,79568,0,0,0,0,0,A,13,Natural killer cell,43,23,7,7,7_3,Tcell (CD8)
A-6404,all,24,14,6329,6874,33,41027,0,0,0,0,0,A,5,CD8+ T cell,43,14,1,1,1_5_2,AlveolarFib
A-6405,all,23,13,6204,7370,19,62049,0,0,0,0,0,A,10,Alveolar type 2 cell,43,14,2,2,2_4,Artery
A-6406,all,10,6,7356,7552,26,33069,4334,105,4229,0.02422704,0.975773,A,2,Inflammatory monocyte,32,8,2,2,2_5,DC
A-6410,all,48,10,6998,7529,12,38922,0,0,0,0,0,A,43,Alveolar type 2 cell,48,10,1,1,1_3,AT2
A-6412,all,42,13,6616,6925,18,43400,0,0,0,0,0,A,29,Alveolar type 2 cell,45,13,1,1,1_1,AT2
A-6415,all,11,7,7282,5688,19,65788,0,0,0,0,0,A,2,Alveolar fibroblast 1,34,8,2,2,2_4,Artery
A-6416,all,17,9,6987,6172,27,48001,0,0,0,0,0,A,7,Pericyte,38,9,5,5,5_1,Pericyte
A-6417,all,53,34,6178,6027,21,96060,0,0,0,0,0,A,12,Pericyte,53,34,5,5,5_1,Pericyte
A-6419,all,38,5,6922,7182,12,52114,0,0,0,0,0,A,36,Alveolar type 2 cell,46,5,1,1,1_1,AT2
A-6420,all,45,11,5766,6162,29,53651,0,0,0,0,0,A,2,Alveolar type 1 cell,46,11,6,6,6,AT1
A-6421,all,80,18,7050,6888,12,54540,0,0,0,0,0,A,60,Alveolar type 2 cell,52,18,1,1,1_1,AT2
A-6423,all,33,27,5966,5694,20,51927,0,0,0,0,0,A,3,Alveolar macrophage,42,28,1,1,1_5_2,AlveolarFib
A-6424,all,16,7,7246,5895,25,35666,0,0,0,0,0,A,10,Capillary 1 cell,39,7,1,1,1_1,AT2
A-6427,all,55,12,6382,5675,36,50341,0,0,0,0,0,A,45,Alveolar type 2 cell,50,12,1,1,1_1,AT2
A-6428,all,25,14,6452,7294,17,45350,0,0,0,0,0,A,2,Natural killer cell,47,15,2,2,2_2,InflamMac
A-6429,all,52,22,6914,6376,31,80017,0,0,0,0,0,A,3,Capillary 1 cell,50,21,2,2,2_1,Capillary
A-6430,all,16,12,6161,6859,38,20254,0,0,0,0,0,A,3,Alveolar type 2 cell,37,13,1,1,1_5_1,LymphaticEndo
A-6431,all,40,23,5746,6695,14,62793,0,0,0,0,0,A,15,Alveolar type 2 cell,42,24,2,2,2_2,InflamMac
A-6432,all,103,25,6203,6722,28,102975,0,0,0,0,0,A,8,AT1/AT2,53,19,6,6,6,AT1
A-6433,all,113,30,6341,6321,20,86881,0,0,0,0,0,A,71,Alveolar type 2 cell,48,18,2,2,2_2,InflamMac
A-6436,all,44,27,6429,7271,25,89247,0,0,0,0,0,A,8,Alveolar fibroblast 1,44,27,2,2,2_6,pDC
A-6440,all,20,16,6563,6991,38,26802,0,0,0,0,0,A,3,Pericyte,39,16,5,5,5_3,Pericyte
A-6443,all,21,15,6805,7473,26,76679,0,0,0,0,0,A,2,Inflammatory monocyte,46,16,2,2,2_2,InflamMac
A-6444,all,25,17,5924,6738,15,50685,0,0,0,0,0,A,3,Arterial endothelial cell,43,17,2,2,2_4,Artery
A-6446,all,60,18,6682,7332,36,73995,0,0,0,0,0,A,37,Alveolar type 2 cell,52,18,1,1,1_1,AT2
A-6447,all,46,21,6213,6588,30,81773,0,0,0,0,0,A,2,Natural killer cell,48,22,1,1,1_6_2,Neutrophil
A-6449,all,8,7,6391,6450,9,20310,0,0,0,0,0,A,3,CD4+ T cell,22,9,7,7,7_4,PatrolMac
A-6450,all,9,3,5946,7101,8,11632,0,0,0,0,0,A,7,Alveolar type 2 cell,34,4,1,1,1_1,AT2
A-6452,all,41,29,6063,6536,25,59185,0,0,0,0,0,A,8,Alveolar fibroblast 1,41,29,5,5,5_1,Pericyte
A-6453,all,38,21,5877,6428,12,76102,0,0,0,0,0,A,8,Pericyte,44,21,5,5,5_1,Pericyte
A-6456,all,38,22,7016,6392,26,62359,0,0,0,0,0,A,4,Arterial endothelial cell,42,22,2,2,2_4,Artery
A-6458,all,64,38,6037,5694,12,94870,56,0,56,0,1,A,3,Inflammatory monocyte,57,38,5,5,5_3,Pericyte
A-6462,all,51,17,6013,7399,24,59749,0,0,0,0,0,A,37,Alveolar type 2 cell,49,17,1,1,1_1,AT2
A-6463,all,67,37,6427,5669,32,80067,0,0,0,0,0,A,19,Sox9+/Id2+ epithelial cell,60,37,2,2,2_3,Vein
A-6464,all,16,14,7179,6699,28,75058,0,0,0,0,0,A,2,Arterial endothelial cell,37,15,2,2,2_4,Artery
A-6466,all,81,16,6243,7404,25,92992,0,0,0,0,0,A,68,Alveolar type 2 cell,54,16,1,1,1_3,AT2
A-6468,all,36,26,5946,6479,13,49105,384,0,384,0,1,A,2,Capillary 1 cell,40,26,2,2,2_3,Vein
A-6469,all,7,7,7284,6852,13,47519,0,0,0,0,0,A,2,Secondary crest myofibroblast,20,10,3,3,3_2,SMC
A-6472,all,49,20,7002,6634,16,90884,0,0,0,0,0,A,3,Capillary 1 cell,48,19,2,2,2_1,Capillary
A-6475,all,97,42,5634,6366,23,86228,175,0,175,0,1,A,11,Alveolar type 1 cell,62,40,6,6,6,AT1
A-6476,all,22,14,6495,7373,33,59754,0,0,0,0,0,A,2,Sox9+/Id2+ epithelial cell,40,14,8,8,8_3,InterstitialMac
A-6481,all,49,24,6537,7425,28,85404,0,0,0,0,0,A,5,Interstitial macrophage,49,24,8,8,8_2,InterstitialMac
A-6482,all,19,12,6489,7293,15,47077,0,0,0,0,0,A,8,Pericyte,42,12,5,5,5_1,Pericyte
A-6487,all,28,17,6130,6629,34,47963,0,0,0,0,0,A,6,CD8+ T cell,40,17,7,7,7_2,PatrolMac
A-6488,all,35,17,6569,7083,16,75396,0,0,0,0,0,A,4,Natural killer cell,43,18,2,2,2_2,InflamMac
A-6490,all,27,18,7253,7321,16,55832,0,0,0,0,0,A,3,Alveolar type 1 cell,45,18,6,6,6,AT1
A-6492,all,89,21,6566,6191,29,77814,0,0,0,0,0,A,73,Alveolar type 2 cell,55,21,1,1,1_1,AT2
A-6493,all,25,11,7039,6316,33,46762,0,0,0,0,0,A,17,Alveolar type 2 cell,46,11,1,1,1_3,AT2
A-6496,all,27,22,6036,6509,20,58368,0,0,0,0,0,A,2,Proliferative mesenchymal progenitor cell,47,22,1,1,1_2_1,Tcell (CD4)
A-6497,all,46,22,5855,7163,30,83603,0,0,0,0,0,A,7,B cell,46,22,9,9,9,Bcell
A-6501,all,19,9,7491,6623,11,105346,0,0,0,0,0,A,2,Natural killer cell,39,10,2,2,2_2,InflamMac
A-6504,all,34,19,7031,7001,26,89065,0,0,0,0,0,A,5,Capillary 1 cell,40,20,2,2,2_1,Capillary
A-6506,all,19,16,6775,7157,15,61880,0,0,0,0,0,A,6,Arterial endothelial cell,38,16,2,2,2_4,Artery
A-6508,all,93,31,5936,6568,20,90020,0,0,0,0,0,A,13,Alveolar type 1 cell,57,31,6,6,6,AT1
A-6509,all,16,9,6161,6603,39,18580,0,0,0,0,0,A,4,Alveolar type 1 cell,38,9,6,6,6,AT1
A-6510,all,25,16,6702,7546,35,71167,0,0,0,0,0,A,10,Innate lymphoid cell,37,17,2,2,2_5,DC
A-6512,all,50,31,6054,6615,36,70563,0,0,0,0,0,A,11,Pericyte,50,31,5,5,5_1,Pericyte
A-6513,all,24,17,5806,6063,36,34011,0,0,0,0,0,A,2,Inflammatory monocyte,43,17,3,3,3_4,AdventitialFib
A-6514,all,102,29,6045,6787,20,70405,0,0,0,0,0,A,76,Alveolar type 2 cell,52,19,1,1,1_3,AT2
A-6515,all,23,16,6877,6680,18,72249,0,0,0,0,0,A,3,Capillary 1 cell,40,16,8,8,8_2,InterstitialMac
A-6517,all,24,14,6197,7214,32,40588,0,0,0,0,0,A,9,Pericyte,41,14,5,5,5_1,Pericyte
A-6518,all,9,9,6329,5956,7,18007,0,0,0,0,0,A,2,Alveolar fibroblast 1,28,10,8,8,8_2,InterstitialMac
A-6520,all,16,12,6799,6458,24,56106,0,0,0,0,0,A,2,Pericyte,33,12,5,5,5_1,Pericyte
A-6523,all,10,8,7419,6715,31,37446,0,0,0,0,0,A,3,CD4+ T cell,32,8,6,6,6,AT1
A-6525,all,34,10,5976,7096,7,23633,0,0,0,0,0,A,25,Alveolar type 2 cell,43,10,1,1,1_1,AT2
A-6527,all,17,14,5758,6318,9,33548,0,0,0,0,0,A,3,Venous endothelial cell,34,14,2,2,2_3,Vein
A-6528,all,42,21,7328,7444,16,77603,0,0,0,0,0,A,5,Sox9+/Id2+ epithelial cell,44,21,2,2,2_3,Vein
A-6529,all,55,28,6422,6018,38,86356,0,0,0,0,0,A,3,Capillary 1 cell,53,28,2,2,2_1,Capillary
A-6530,all,135,32,5869,5727,28,95593,0,0,0,0,0,A,100,Alveolar type 2 cell,47,16,1,1,1_3,AT2
A-6531,all,43,25,7249,6798,30,100073,0,0,0,0,0,A,12,Alveolar macrophage,43,25,8,8,8_1,AlveolarMac
A-6533,all,13,13,7274,7347,11,33293,0,0,0,0,0,A,2,Neutrophil,28,14,2,2,2_2,InflamMac
A-6534,all,22,16,5861,6746,18,36373,0,0,0,0,0,A,5,Pericyte,42,16,5,5,5_1,Pericyte
A-6535,all,43,22,6477,6956,26,101184,0,0,0,0,0,A,7,Capillary 2 cell,45,23,2,2,2_2,InflamMac
A-6537,all,8,4,6751,6574,26,26920,0,0,0,0,0,A,2,Natural killer cell,30,6,2,2,2_2,InflamMac
A-6538,all,67,16,6067,6951,28,92015,0,0,0,0,0,A,10,Alveolar type 1 cell,53,16,6,6,6,AT1
A-6540,all,13,12,6762,6546,24,46343,0,0,0,0,0,A,2,Basophil,34,14,2,2,2_5,DC
A-6541,all,12,8,6744,7302,40,18510,0,0,0,0,0,A,4,AT1/AT2,34,8,6,6,6,AT1
A-6542,all,47,27,6600,6176,23,72829,0,0,0,0,0,A,14,Alveolar type 1 cell,49,28,2,2,2_2,InflamMac
A-6543,all,65,30,6236,6781,18,81081,0,0,0,0,0,A,18,Pericyte,57,30,5,5,5_1,Pericyte
A-6544,all,33,14,7447,6190,17,66853,0,0,0,0,0,A,21,Pericyte,43,14,5,5,5_1,Pericyte
A-6545,all,34,26,5752,6112,17,69047,0,0,0,0,0,A,5,Pericyte,39,26,5,5,5_1,Pericyte
A-6546,all,30,22,6028,7564,22,87615,0,0,0,0,0,A,2,Capillary 1 cell,39,23,1,1,1_6_2,Neutrophil
A-6547,all,51,15,6153,6804,30,55614,0,0,0,0,0,A,35,Alveolar type 2 cell,49,15,1,1,1_3,AT2
A-6551,all,12,6,6378,7434,14,39633,0,0,0,0,0,A,2,B cell,32,6,9,9,9,Bcell
A-6552,all,26,12,6797,6007,19,50687,51,51,0,1,0,A,10,Alveolar type 2 cell,45,13,2,2,2_2,InflamMac
A-6555,all,13,11,7316,6651,38,28397,0,0,0,0,0,A,3,Alveolar type 1 cell,34,11,6,6,6,AT1
A-6556,all,13,11,5750,7530,31,61321,0,0,0,0,0,A,5,Pericyte,32,11,5,5,5_1,Pericyte
A-6557,all,34,21,6103,6672,33,68839,0,0,0,0,0,A,10,T regulatory cell,43,21,7,7,7_2,PatrolMac
A-6558,all,93,37,6663,6134,24,123035,0,0,0,0,0,A,10,Arterial endothelial cell,61,36,6,6,6,AT1
A-6559,all,18,12,6743,7210,26,57307,0,0,0,0,0,A,4,Pericyte,35,12,5,5,5_1,Pericyte
A-6561,all,11,8,7177,6884,34,31030,0,0,0,0,0,A,3,Alveolar type 1 cell,32,8,6,6,6,AT1
A-6562,all,24,13,7331,5965,23,79438,0,0,0,0,0,A,9,Pericyte,41,13,5,5,5_1,Pericyte
A-6564,all,15,9,6491,7224,14,55413,52,0,52,0,1,A,6,CD8+ T cell,37,10,2,2,2_2,InflamMac
A-6567,all,32,18,6536,6388,33,64434,0,0,0,0,0,A,2,Innate lymphoid cell,44,19,1,1,1_6_2,Neutrophil
A-6568,all,60,34,6078,6183,36,66469,0,0,0,0,0,A,3,Alveolar type 1 cell,57,34,6,6,6,AT1
A-6571,all,96,36,5830,7507,30,106047,0,0,0,0,0,A,13,Alveolar type 1 cell,59,36,6,6,6,AT1
A-6576,all,7,4,6729,6579,6,21948,0,0,0,0,0,A,3,Alveolar type 2 cell,34,5,1,1,1_1,AT2
A-6577,all,18,12,7059,6022,17,37157,0,0,0,0,0,A,2,Inflammatory monocyte,40,14,2,2,2_5,DC
A-6579,all,58,16,6969,6301,18,75581,0,0,0,0,0,A,11,Alveolar type 1 cell,52,16,6,6,6,AT1
A-6580,all,13,10,5834,6506,31,22496,0,0,0,0,0,A,3,Sox9+/Id2+ epithelial cell,32,11,3,3,3_5,SMC
A-6581,all,54,26,5899,7238,30,89627,0,0,0,0,0,A,2,CD8+ T cell,55,27,2,2,2_2,InflamMac
A-6583,all,24,7,7150,5978,20,38219,0,0,0,0,0,A,20,Sox9+/Id2+ epithelial cell,43,7,1,1,1_1,AT2
A-6584,all,62,40,5992,6610,19,73444,0,0,0,0,0,A,12,Alveolar fibroblast 1,58,40,2,2,2_3,Vein
A-6586,all,21,15,7293,6897,26,67278,0,0,0,0,0,A,3,Alveolar type 2 cell,38,15,1,1,1_3,AT2
A-6590,all,20,11,6245,7362,12,35025,0,0,0,0,0,A,8,Alveolar type 2 cell,41,11,1,1,1_1,AT2
A-6591,all,42,27,6078,7584,25,91085,0,0,0,0,0,A,4,Alveolar fibroblast 1,43,28,2,2,2_4,Artery
A-6592,all,18,13,7157,5891,21,41730,0,0,0,0,0,A,3,Alveolar fibroblast 1,44,16,2,2,2_4,Artery
A-6595,all,39,25,6950,6568,19,98030,0,0,0,0,0,A,7,Alveolar macrophage,43,25,2,2,2_1,Capillary
A-6596,all,11,7,6851,7240,18,43385,0,0,0,0,0,A,2,B cell,25,7,9,9,9,Bcell
A-6597,all,64,31,5754,6535,23,127863,0,0,0,0,0,A,9,Inflammatory monocyte,54,33,2,2,2_5,DC
A-6598,all,29,9,7330,6927,19,54711,0,0,0,0,0,A,11,Alveolar type 1 cell,42,9,6,6,6,AT1
A-6599,all,7,3,6996,7249,13,29785,0,0,0,0,0,A,5,Sox9+/Id2+ epithelial cell,34,5,1,1,1_1,AT2
A-6600,all,44,27,5922,6057,36,60518,0,0,0,0,0,A,2,Capillary 1 cell,45,27,2,2,2_3,Vein
A-6603,all,96,49,5780,5689,26,95117,0,0,0,0,0,A,14,Sox9+/Id2+ epithelial cell,60,47,1,1,1_5_1,LymphaticEndo
A-6604,all,33,8,7318,5789,28,69379,0,0,0,0,0,A,26,Alveolar type 2 cell,45,8,1,1,1_1,AT2
A-6605,all,44,23,6197,6824,25,88807,0,0,0,0,0,A,23,Alveolar type 2 cell,45,23,1,1,1_3,AT2
A-6608,all,73,34,5621,6004,27,50031,0,0,0,0,0,A,7,Mesothelial cell,55,34,3,3,3_3,AdventitialFib
A-6609,all,47,16,7397,6749,20,83561,0,0,0,0,0,A,37,Alveolar type 2 cell,48,16,1,1,1_3,AT2
A-6610,all,9,8,6815,7011,13,35973,0,0,0,0,0,A,2,Alveolar fibroblast 1,29,9,1,1,1_5_2,AlveolarFib
A-6611,all,30,14,6946,6315,17,55215,0,0,0,0,0,A,2,Proliferative mesenchymal progenitor cell,41,14,1,1,1_5_2,AlveolarFib
A-6612,all,44,31,5683,6382,30,59241,235,0,235,0,1,A,4,CD8+ T cell,44,30,2,2,2_1,Capillary
A-6614,all,78,15,6872,7007,25,88648,0,0,0,0,0,A,67,Alveolar type 2 cell,53,15,1,1,1_3,AT2
A-6615,all,21,15,6894,7452,26,73989,0,0,0,0,0,A,2,CD8+ T cell,40,15,7,7,7_2,PatrolMac
A-6616,all,23,5,6259,6088,40,26370,0,0,0,0,0,A,20,Alveolar type 2 cell,43,5,1,1,1_3,AT2
A-6618,all,24,9,6714,7270,36,30219,0,0,0,0,0,A,4,Alveolar type 1 cell,42,9,6,6,6,AT1
A-6620,all,39,24,5934,7182,12,73949,0,0,0,0,0,A,4,Capillary 1 cell,41,24,2,2,2_3,Vein
A-6621,all,48,26,6074,7531,32,87886,0,0,0,0,0,A,2,Alveolar fibroblast 1,50,27,1,1,1_4_1,AlveolarFib
A-6622,all,12,11,6187,7180,35,34130,0,0,0,0,0,A,4,Pericyte,30,11,5,5,5_1,Pericyte
A-6623,all,39,21,7135,6887,31,84531,0,0,0,0,0,A,7,Alveolar type 1 cell,42,21,6,6,6,AT1
A-6625,all,35,11,6719,6635,12,25844,0,0,0,0,0,A,28,Alveolar type 2 cell,43,11,1,1,1_3,AT2
A-6626,all,66,12,6134,7450,30,78501,0,0,0,0,0,A,6,Alveolar fibroblast 1,51,12,6,6,6,AT1
A-6629,all,54,24,6599,6959,22,107727,0,0,0,0,0,A,24,Alveolar type 2 cell,51,24,1,1,1_3,AT2
A-6634,all,30,19,6723,6026,18,42308,0,0,0,0,0,A,5,Capillary 1 cell,40,20,2,2,2_1,Capillary
A-6635,all,93,46,5703,6136,20,84954,0,0,0,0,0,A,30,Pericyte,61,45,5,5,5_1,Pericyte
A-6636,all,30,18,6269,7546,32,113288,0,0,0,0,0,A,5,Capillary 1 cell,41,19,2,2,2_1,Capillary
A-6638,all,57,17,6717,6697,22,69320,0,0,0,0,0,A,34,Alveolar type 2 cell,52,17,1,1,1_1,AT2
A-6641,all,27,17,6100,6912,25,91641,0,0,0,0,0,A,8,Secondary crest myofibroblast,43,17,3,3,3_6,SCMF
A-6643,all,12,6,7178,6098,9,15405,0,0,0,0,0,A,4,Alveolar type 1 cell,37,6,6,6,6,AT1
A-6646,all,40,21,6373,6354,34,67266,0,0,0,0,0,A,9,CD8+ T cell,43,21,7,7,7_2,PatrolMac
A-6649,all,41,15,6776,7451,35,56534,0,0,0,0,0,A,28,Alveolar type 2 cell,45,15,1,1,1_3,AT2
A-6650,all,56,13,6679,6344,31,65997,0,0,0,0,0,A,42,Alveolar type 2 cell,51,13,1,1,1_1,AT2
A-6651,all,67,25,5979,7386,19,74594,0,0,0,0,0,A,48,Alveolar type 2 cell,55,25,1,1,1_1,AT2
A-6652,all,38,23,7052,7585,17,103025,0,0,0,0,0,A,9,Sox9+/Id2+ epithelial cell,42,23,9,9,9,Bcell
A-6657,all,69,42,5933,7391,26,142590,0,0,0,0,0,A,11,Alveolar fibroblast 1,57,42,8,8,8_2,InterstitialMac
A-6660,all,14,12,7462,6852,27,44357,0,0,0,0,0,A,2,Capillary 1 cell,32,12,2,2,2_6,pDC
A-6661,all,82,33,7262,7455,19,131557,0,0,0,0,0,A,33,Pericyte,58,33,5,5,5_1,Pericyte
A-6663,all,29,23,6606,7440,34,73591,0,0,0,0,0,A,3,Basophil,37,23,7,7,7_2,PatrolMac
A-6666,all,73,40,6463,6186,33,70554,51,0,51,0,1,A,10,Alveolar fibroblast 1,58,41,2,2,2_4,Artery
A-6669,all,24,15,7040,7195,17,98898,0,0,0,0,0,A,2,Capillary 2 cell,43,15,5,5,5_3,Pericyte
A-6676,all,93,48,5932,5720,21,104474,0,0,0,0,0,A,11,Alveolar type 2 cell,65,46,2,2,2_3,Vein
A-6680,all,47,30,5911,6473,16,46352,0,0,0,0,0,A,6,Innate lymphoid cell,52,30,1,1,1_5_1,LymphaticEndo
A-6681,all,38,20,6420,6155,37,73253,0,0,0,0,0,A,2,Alveolar fibroblast 1,44,21,2,2,2_4,Artery
A-6682,all,19,15,6129,6755,34,38974,0,0,0,0,0,A,2,Proliferative mesenchymal progenitor cell,39,15,6,6,6,AT1
A-6686,all,28,14,6739,6403,20,34916,0,0,0,0,0,A,14,Sox9+/Id2+ epithelial cell,39,14,2,2,2_1,Capillary
A-6689,all,18,13,5704,5723,9,25077,0,0,0,0,0,A,7,B cell,37,13,9,9,9,Bcell
A-6690,all,25,18,7135,6768,14,80525,0,0,0,0,0,A,4,Alveolar type 2 cell,45,18,2,2,2_3,Vein
A-6691,all,40,17,7034,6358,33,54721,0,0,0,0,0,A,24,Pericyte,44,17,5,5,5_1,Pericyte
A-6693,all,34,10,6423,7512,13,83848,0,0,0,0,0,A,10,Alveolar type 1 cell,43,10,6,6,6,AT1
A-6694,all,79,27,6035,7098,35,64563,0,0,0,0,0,A,12,Alveolar type 1 cell,54,27,6,6,6,AT1
A-6697,all,52,28,6092,6430,34,69241,0,0,0,0,0,A,16,Alveolar type 2 cell,51,28,1,1,1_3,AT2
A-6698,all,118,55,5619,6047,19,104100,0,0,0,0,0,A,3,Venous endothelial cell,40,26,2,2,2_3,Vein
A-6703,all,17,14,6762,6187,29,83752,0,0,0,0,0,A,3,CD8+ T cell,36,14,1,1,1_5_2,AlveolarFib
A-6706,all,15,11,7295,7596,25,38028,0,0,0,0,0,A,5,Sox9+/Id2+ epithelial cell,41,12,2,2,2_1,Capillary
A-6708,all,167,38,5733,6183,18,96049,0,0,0,0,0,A,102,AT1/AT2,49,18,3,3,3_1,SMC
A-6713,all,28,7,7382,5832,9,38796,0,0,0,0,0,A,25,Alveolar type 2 cell,45,7,1,1,1_1,AT2
A-6714,all,90,42,5861,6480,22,95490,0,0,0,0,0,A,10,Alveolar fibroblast 1,62,41,1,1,1_3,AT2
A-6718,all,33,7,6893,6204,24,32312,0,0,0,0,0,A,29,Alveolar type 2 cell,45,7,1,1,1_3,AT2
A-6722,all,107,24,7126,6655,13,89043,0,0,0,0,0,A,77,Alveolar type 2 cell,50,15,1,1,1_3,AT2
A-6724,all,19,16,6781,5955,12,35171,0,0,0,0,0,A,5,Capillary 2 cell,40,16,2,2,2_1,Capillary
A-6725,all,19,10,6966,7276,16,56310,0,0,0,0,0,A,12,Alveolar fibroblast 1,38,10,3,3,3_4,AdventitialFib
A-6729,all,27,11,7341,6960,21,29347,0,0,0,0,0,A,6,Alveolar type 1 cell,41,11,6,6,6,AT1
A-6732,all,18,14,6827,6689,28,49136,0,0,0,0,0,A,2,Endothelial progenitor cell,36,14,2,2,2_1,Capillary
A-6733,all,13,10,6580,7521,34,20324,0,0,0,0,0,A,2,Innate lymphoid cell,33,12,2,2,2_5,DC
A-6734,all,98,32,6090,7064,23,114648,0,0,0,0,0,A,10,Alveolar type 1 cell,58,30,6,6,6,AT1
A-6735,all,32,21,6826,6196,17,58847,0,0,0,0,0,A,11,Pericyte,39,21,5,5,5_1,Pericyte
A-6736,all,31,18,6781,6711,20,90893,0,0,0,0,0,A,3,CD4+ T cell,41,18,6,6,6,AT1
A-6741,all,29,13,7459,7027,24,59237,0,0,0,0,0,A,5,Pericyte,39,13,5,5,5_3,Pericyte
A-6742,all,57,21,7056,6928,14,70494,0,0,0,0,0,A,39,Pericyte,53,21,5,5,5_3,Pericyte
A-6743,all,47,33,6148,7581,17,88487,0,0,0,0,0,A,3,Alveolar fibroblast 1,47,33,1,1,1_5_4,pDC
A-6744,all,17,13,5864,6589,41,19508,0,0,0,0,0,A,4,Alveolar type 1 cell,35,13,1,1,1_5_2,AlveolarFib
A-6748,all,69,37,6349,6458,21,89287,0,0,0,0,0,A,7,Capillary 1 cell,58,36,2,2,2_1,Capillary
A-6750,all,69,23,7419,5968,12,95956,0,0,0,0,0,A,16,Alveolar macrophage,55,23,8,8,8_1,AlveolarMac
A-6753,all,20,7,7336,7591,26,54546,0,0,0,0,0,A,13,AT1/AT2,42,7,6,6,6,AT1
A-6755,all,65,18,7278,6612,34,88118,0,0,0,0,0,A,7,Alveolar type 1 cell,53,18,6,6,6,AT1
A-6756,all,49,14,6937,6233,23,37378,0,0,0,0,0,A,35,Alveolar type 2 cell,48,14,1,1,1_1,AT2
A-6760,all,10,8,7350,6323,17,35702,0,0,0,0,0,A,3,Capillary 1 cell,31,8,2,2,2_1,Capillary
A-6762,all,35,24,6667,7516,34,57729,0,0,0,0,0,A,3,Innate lymphoid cell,39,26,2,2,2_5,DC
A-6763,all,34,27,6584,7588,21,70909,0,0,0,0,0,A,6,Interstitial macrophage,41,27,8,8,8_3,InterstitialMac
A-6764,all,53,27,6059,7039,32,49848,0,0,0,0,0,A,9,Alveolar type 1 cell,52,27,6,6,6,AT1
A-6766,all,96,33,6052,6412,31,95555,0,0,0,0,0,A,53,Alveolar type 2 cell,61,31,1,1,1_3,AT2
A-6767,all,14,11,6774,6521,23,31258,0,0,0,0,0,A,4,Pericyte,29,11,5,5,5_3,Pericyte
A-6770,all,17,8,6832,7268,15,39150,0,0,0,0,0,A,3,B cell,35,8,9,9,9,Bcell
A-6771,all,52,28,5977,6561,20,47610,0,0,0,0,0,A,8,Alveolar fibroblast 1,50,28,1,1,1_5_1,LymphaticEndo
A-6775,all,60,14,5797,6496,25,96302,0,0,0,0,0,A,43,Alveolar type 2 cell,52,14,1,1,1_3,AT2
A-6779,all,37,18,6022,6478,26,54564,0,0,0,0,0,A,5,Vascular smooth muscle cell,42,18,5,5,5_1,Pericyte
A-6782,all,18,9,6657,6392,19,32930,0,0,0,0,0,A,9,Sox9+/Id2+ epithelial cell,39,9,1,1,1_1,AT2
A-6783,all,9,4,6759,7272,39,12758,0,0,0,0,0,A,2,Alveolar type 1 cell,30,4,6,6,6,AT1
A-6785,all,13,12,5864,6721,10,33075,0,0,0,0,0,A,3,Pericyte,31,12,5,5,5_3,Pericyte
A-6786,all,6,5,6029,6326,39,14272,0,0,0,0,0,A,2,Sox9+/Id2+ epithelial cell,23,7,3,3,3_6,SCMF
A-6788,all,22,16,6815,7398,33,85543,0,0,0,0,0,A,4,Pericyte,42,16,5,5,5_3,Pericyte
A-6790,all,36,25,6749,6125,35,77065,0,0,0,0,0,A,2,Inflammatory monocyte,41,26,2,2,2_2,InflamMac
A-6801,all,29,22,6572,7415,28,40234,0,0,0,0,0,A,2,Alveolar macrophage,37,22,8,8,8_1,AlveolarMac
A-6803,all,31,13,7364,7583,24,56026,0,0,0,0,0,A,17,Alveolar type 2 cell,42,13,6,6,6,AT1
A-6808,all,29,5,6907,6231,19,34204,0,0,0,0,0,A,26,Alveolar type 2 cell,45,5,1,1,1_1,AT2
A-6810,all,17,4,5879,7604,25,17798,0,0,0,0,0,A,15,Sox9+/Id2+ epithelial cell,42,4,1,1,1_1,AT2
A-6813,all,22,16,6317,6841,34,22056,0,0,0,0,0,A,3,Basophil,41,16,7,7,7_2,PatrolMac
A-6814,all,16,10,6711,6424,8,12590,0,0,0,0,0,A,7,Sox9+/Id2+ epithelial cell,37,10,1,1,1_1,AT2
A-6815,all,35,10,6165,6772,33,52872,0,0,0,0,0,A,21,Sox9+/Id2+ epithelial cell,47,10,1,1,1_1,AT2
