orig.ident,nCount_RNA,nFeature_RNA,x,y,z,volume,np,np_nuc,np_cyto,pctnuc,pctcyto,region,marker_reads,predicted.id,nCount_SCT,nFeature_SCT,SCT_snn_res.0.1,seurat_clusters,lung,cell_type
F-3,all,93,35,284,1538,11,72261,0,0,0,0,0,F,16,Natural killer cell,64,35,7,7,7_4,PatrolMac
F-4,all,61,18,1620,73,19,71686,0,0,0,0,0,F,9,Alveolar type 1 cell,54,18,6,6,6,AT1
F-5,all,40,26,1415,1548,26,77079,0,0,0,0,0,F,14,Alveolar type 1 cell,42,26,7,7,7_3,Tcell (CD8)
F-6,all,48,19,1609,558,17,75608,0,0,0,0,0,F,31,Pericyte,48,19,5,5,5_3,Pericyte
F-9,all,11,7,1474,785,26,23053,0,0,0,0,0,F,6,Pericyte,34,7,5,5,5_1,Pericyte
F-10,all,43,17,1214,31,21,76634,0,0,0,0,0,F,10,Capillary 1 cell,43,17,2,2,2_1,Capillary
F-11,all,66,34,934,1232,11,90553,115,0,115,0,1,F,11,Capillary 1 cell,56,33,2,2,2_1,Capillary
F-12,all,11,8,1496,1641,32,42237,0,0,0,0,0,F,6,Sox9+/Id2+ epithelial cell,31,8,5,5,5_1,Pericyte
F-13,all,31,14,1211,1532,31,60955,0,0,0,0,0,F,2,Proliferative mesenchymal progenitor cell,45,15,3,3,3_1,SMC
F-14,all,22,13,446,1251,21,84141,0,0,0,0,0,F,5,B cell,39,13,9,9,9,Bcell
F-15,all,18,17,1048,362,21,84754,0,0,0,0,0,F,3,Alveolar fibroblast 1,36,17,7,7,7_3,Tcell (CD8)
F-16,all,65,28,939,297,25,66105,0,0,0,0,0,F,34,Neutrophil,56,28,5,5,5_1,Pericyte
F-17,all,18,13,46,1697,8,27587,0,0,0,0,0,F,3,Ciliated cell,37,13,6,6,6,AT1
F-19,all,147,20,129,1172,20,105869,0,0,0,0,0,F,130,Alveolar type 2 cell,50,9,1,1,1_3,AT2
F-20,all,20,15,354,1592,32,79510,0,0,0,0,0,F,5,B cell,39,16,3,3,3_1,SMC
F-21,all,41,11,1725,309,11,38896,0,0,0,0,0,F,9,Alveolar type 1 cell,45,11,6,6,6,AT1
F-22,all,30,21,340,1381,14,79419,0,0,0,0,0,F,10,Ciliated cell,40,21,9,9,9,Bcell
F-23,all,25,15,975,1507,7,49476,0,0,0,0,0,F,9,B cell,43,15,9,9,9,Bcell
F-25,all,7,4,904,1630,7,22832,0,0,0,0,0,F,4,Pericyte,19,7,5,5,5_1,Pericyte
F-26,all,12,9,1596,1104,33,61070,0,0,0,0,0,F,3,B cell,25,9,9,9,9,Bcell
F-27,all,27,19,702,1265,10,76525,0,0,0,0,0,F,9,B cell,40,19,9,9,9,Bcell
F-28,all,10,8,1550,860,27,52587,0,0,0,0,0,F,2,Capillary 1 cell,33,9,2,2,2_1,Capillary
F-30,all,128,11,229,1514,16,78064,0,0,0,0,0,F,121,Alveolar type 2 cell,49,6,1,1,1_3,AT2
F-31,all,13,12,705,168,22,46689,0,0,0,0,0,F,5,Natural killer cell,30,13,2,2,2_1,Capillary
F-32,all,103,22,1348,1344,17,70194,0,0,0,0,0,F,81,Alveolar type 2 cell,52,15,1,1,1_3,AT2
F-34,all,26,16,1827,1196,11,78028,0,0,0,0,0,F,7,Vascular smooth muscle cell,46,16,5,5,5_1,Pericyte
F-35,all,76,33,327,1205,16,96475,0,0,0,0,0,F,23,Alveolar macrophage,56,33,8,8,8_1,AlveolarMac
F-36,all,16,13,336,1138,31,27944,0,0,0,0,0,F,2,Alveolar type 1 cell,34,13,6,6,6,AT1
F-37,all,50,26,27,1217,12,76781,0,0,0,0,0,F,10,Alveolar type 1 cell,50,26,7,7,7_4,PatrolMac
F-38,all,46,25,999,1637,20,87027,0,0,0,0,0,F,19,Arterial endothelial cell,47,26,2,2,2_4,Artery
F-39,all,27,18,653,1518,15,36126,0,0,0,0,0,F,6,Alveolar fibroblast 1,40,18,2,2,2_1,Capillary
F-40,all,42,28,535,1889,16,81245,0,0,0,0,0,F,6,Capillary 1 cell,43,28,8,8,8_2,InterstitialMac
F-41,all,43,21,404,1191,18,89219,0,0,0,0,0,F,8,Alveolar fibroblast 1,44,22,1,1,1_5_1,LymphaticEndo
F-43,all,27,16,1373,1381,13,54994,0,0,0,0,0,F,17,Pericyte,43,16,5,5,5_1,Pericyte
F-44,all,21,13,198,1037,9,24933,0,0,0,0,0,F,5,CD4+ T cell,41,14,1,1,1_4_3,AlveolarFib
F-45,all,29,17,858,1661,8,45244,0,0,0,0,0,F,6,Alveolar fibroblast 1,38,18,2,2,2_4,Artery
F-46,all,24,11,320,1068,32,23868,0,0,0,0,0,F,12,Alveolar type 1 cell,43,11,6,6,6,AT1
F-48,all,89,32,1462,1533,30,71392,0,0,0,0,0,F,13,Alveolar type 1 cell,58,32,1,1,1_5_2,AlveolarFib
F-49,all,30,17,555,1683,30,70765,0,0,0,0,0,F,2,B cell,41,17,9,9,9,Bcell
F-50,all,15,10,1496,1419,12,48787,0,0,0,0,0,F,2,B cell,31,10,3,3,3_4,AdventitialFib
F-52,all,54,19,1902,1290,21,78644,0,0,0,0,0,F,13,Alveolar type 1 cell,52,19,6,6,6,AT1
F-53,all,32,12,693,976,9,56079,0,0,0,0,0,F,13,Inflammatory monocyte,44,13,2,2,2_2,InflamMac
F-56,all,40,12,1031,1564,5,17333,0,0,0,0,0,F,4,Alveolar type 1 cell,46,12,6,6,6,AT1
F-59,all,25,20,1466,1279,24,42289,560,0,560,0,1,F,6,Alveolar macrophage,41,21,2,2,2_1,Capillary
F-60,all,24,12,1095,618,21,34495,0,0,0,0,0,F,5,Arterial endothelial cell,41,12,2,2,2_4,Artery
F-61,all,83,27,1567,346,24,86717,0,0,0,0,0,F,23,Alveolar type 1 cell,57,27,6,6,6,AT1
F-63,all,51,15,1548,1883,28,55979,0,0,0,0,0,F,38,Alveolar type 2 cell,49,15,1,1,1_1,AT2
F-67,all,17,15,161,1584,11,28174,0,0,0,0,0,F,4,CD8+ T cell,32,15,6,6,6,AT1
F-68,all,12,8,1907,1248,18,50414,0,0,0,0,0,F,5,Sox9+/Id2+ epithelial cell,34,8,2,2,2_3,Vein
F-70,all,39,23,569,363,11,55888,0,0,0,0,0,F,3,Inflammatory monocyte,43,23,7,7,7_3,Tcell (CD8)
F-72,all,23,3,1630,373,9,14309,0,0,0,0,0,F,22,Capillary 1 cell,45,3,1,1,1_1,AT2
F-73,all,48,16,1065,1552,4,18799,0,0,0,0,0,F,5,Alveolar type 1 cell,48,16,6,6,6,AT1
F-74,all,15,12,455,886,11,38938,0,0,0,0,0,F,7,Secondary crest myofibroblast,30,12,5,5,5_1,Pericyte
F-75,all,15,11,131,1606,20,41439,0,0,0,0,0,F,3,Capillary 1 cell,33,11,2,2,2_3,Vein
F-76,all,9,8,1002,581,22,45641,0,0,0,0,0,F,3,Alveolar fibroblast 1,32,11,2,2,2_4,Artery
F-77,all,9,6,1915,962,7,20051,0,0,0,0,0,F,3,Sox9+/Id2+ epithelial cell,36,6,2,2,2_1,Capillary
F-78,all,100,22,1151,1474,20,87033,0,0,0,0,0,F,79,Sox9+/Id2+ epithelial cell,55,21,1,1,1_1,AT2
F-79,all,26,14,1805,672,11,51653,0,0,0,0,0,F,6,Arterial endothelial cell,46,14,2,2,2_4,Artery
F-82,all,83,19,20,1661,12,67425,0,0,0,0,0,F,17,Arterial endothelial cell,56,19,6,6,6,AT1
F-84,all,24,13,1464,1481,25,32239,0,0,0,0,0,F,4,Alveolar macrophage,41,13,8,8,8_1,AlveolarMac
F-86,all,85,24,1867,1576,23,94031,0,0,0,0,0,F,58,Alveolar type 2 cell,57,24,1,1,1_1,AT2
F-87,all,24,17,575,1887,16,43945,0,0,0,0,0,F,11,Alveolar type 2 cell,45,17,2,2,2_1,Capillary
F-88,all,15,12,1660,373,16,18025,0,0,0,0,0,F,7,Alveolar fibroblast 1,33,13,3,3,3_1,SMC
F-90,all,34,17,1582,1519,8,48856,0,0,0,0,0,F,3,Alveolar type 1 cell,41,17,6,6,6,AT1
F-93,all,53,15,1618,1648,29,78371,0,0,0,0,0,F,34,Alveolar type 2 cell,50,15,1,1,1_1,AT2
F-94,all,78,31,1491,260,21,99933,0,0,0,0,0,F,14,Inflammatory monocyte,54,32,2,2,2_1,Capillary
F-95,all,24,19,1334,631,19,56577,0,0,0,0,0,F,3,Endothelial progenitor cell,44,19,3,3,3_4,AdventitialFib
F-97,all,30,23,621,927,22,97764,0,0,0,0,0,F,6,Capillary 1 cell,39,24,3,3,3_1,SMC
F-99,all,25,16,1478,751,29,67778,0,0,0,0,0,F,7,Pericyte,44,16,5,5,5_1,Pericyte
F-100,all,38,24,575,1293,10,37198,0,0,0,0,0,F,10,Alveolar fibroblast 1,40,24,5,5,5_3,Pericyte
F-101,all,23,16,56,1617,22,90056,0,0,0,0,0,F,8,B cell,42,16,9,9,9,Bcell
F-104,all,19,14,1103,399,28,58478,0,0,0,0,0,F,2,Neutrophil,39,14,1,1,1_5_2,AlveolarFib
F-105,all,35,21,962,370,26,71640,0,0,0,0,0,F,5,Mesothelial cell,43,21,3,3,3_3,AdventitialFib
F-106,all,15,12,1577,1006,7,59716,0,0,0,0,0,F,6,Pericyte,29,12,5,5,5_1,Pericyte
F-108,all,17,8,1397,1602,33,32546,0,0,0,0,0,F,6,Alveolar fibroblast 1,39,9,2,2,2_4,Artery
F-109,all,54,32,1669,1524,20,86480,0,0,0,0,0,F,5,CD8+ T cell,56,34,2,2,2_1,Capillary
F-114,all,73,18,1889,1197,26,87851,0,0,0,0,0,F,59,Alveolar type 2 cell,53,18,1,1,1_3,AT2
F-115,all,27,17,1147,730,24,46863,0,0,0,0,0,F,10,CD8+ T cell,49,17,2,2,2_1,Capillary
F-117,all,23,14,1336,385,17,67160,0,0,0,0,0,F,3,Venous endothelial cell,42,14,2,2,2_3,Vein
F-118,all,16,14,204,1286,7,60486,0,0,0,0,0,F,5,Capillary 1 cell,29,13,2,2,2_1,Capillary
F-119,all,47,27,521,1468,8,48913,0,0,0,0,0,F,9,Capillary 1 cell,45,26,2,2,2_1,Capillary
F-121,all,14,12,576,1862,7,17350,0,0,0,0,0,F,8,Alveolar fibroblast 1,24,12,8,8,8_2,InterstitialMac
F-125,all,54,31,430,1601,9,61085,0,0,0,0,0,F,10,Arterial endothelial cell,52,31,2,2,2_4,Artery
F-127,all,10,5,621,875,34,73677,0,0,0,0,0,F,6,Proliferative mesenchymal progenitor cell,25,6,3,3,3_1,SMC
F-129,all,33,18,518,1120,13,65925,0,0,0,0,0,F,18,Alveolar macrophage,39,18,8,8,8_1,AlveolarMac
F-130,all,28,16,1535,1612,9,39379,0,0,0,0,0,F,3,Sox9+/Id2+ epithelial cell,42,16,1,1,1_3,AT2
F-131,all,30,21,1653,333,8,45648,0,0,0,0,0,F,9,Vascular smooth muscle cell,37,21,5,5,5_1,Pericyte
F-133,all,56,29,972,450,14,74604,0,0,0,0,0,F,12,Neutrophil,54,29,5,5,5_3,Pericyte
F-134,all,18,12,102,1519,32,56420,0,0,0,0,0,F,4,Natural killer cell,39,13,2,2,2_5,DC
F-135,all,36,20,1336,331,11,72664,0,0,0,0,0,F,7,B cell,40,20,7,7,7_2,PatrolMac
F-136,all,85,23,335,1326,31,69932,0,0,0,0,0,F,54,Alveolar type 2 cell,55,23,1,1,1_1,AT2
F-141,all,40,12,1859,781,20,88120,0,0,0,0,0,F,34,Alveolar type 2 cell,45,12,1,1,1_3,AT2
F-143,all,58,33,520,1707,24,102056,0,0,0,0,0,F,13,Arterial endothelial cell,56,33,7,7,7_2,PatrolMac
F-145,all,22,10,169,1010,8,42343,0,0,0,0,0,F,6,Alveolar fibroblast 1,41,11,1,1,1_4_3,AlveolarFib
F-146,all,41,20,1537,265,17,63052,0,0,0,0,0,F,2,Alveolar fibroblast 1,44,21,1,1,1_4_1,AlveolarFib
F-147,all,13,8,1509,1450,10,23338,0,0,0,0,0,F,6,B cell,28,8,9,9,9,Bcell
F-150,all,98,32,1872,30,14,86424,0,0,0,0,0,F,8,Alveolar type 1 cell,60,30,6,6,6,AT1
F-151,all,14,8,565,278,5,10445,0,0,0,0,0,F,2,Venous endothelial cell,32,8,2,2,2_3,Vein
F-153,all,23,17,1811,614,24,70327,0,0,0,0,0,F,6,Endothelial progenitor cell,41,17,3,3,3_4,AdventitialFib
F-154,all,20,16,1887,1889,20,92668,0,0,0,0,0,F,6,Pericyte,37,16,5,5,5_3,Pericyte
F-155,all,33,20,931,63,23,59025,0,0,0,0,0,F,3,B cell,40,20,9,9,9,Bcell
F-156,all,47,19,1015,428,24,66607,0,0,0,0,0,F,10,Alveolar type 1 cell,47,19,6,6,6,AT1
F-159,all,37,24,625,1549,10,53086,0,0,0,0,0,F,6,Alveolar type 1 cell,42,24,2,2,2_1,Capillary
F-160,all,47,36,21,1050,23,99324,0,0,0,0,0,F,6,Arterial endothelial cell,50,37,3,3,3_5,SMC
F-161,all,70,37,201,1554,18,103480,0,0,0,0,0,F,31,Pericyte,58,37,5,5,5_1,Pericyte
F-163,all,17,11,1076,428,28,40425,0,0,0,0,0,F,2,Inflammatory monocyte,37,11,6,6,6,AT1
F-164,all,129,36,962,1718,19,75347,0,0,0,0,0,F,69,Alveolar type 2 cell,44,15,1,1,1_1,AT2
F-165,all,13,12,1110,1569,7,23497,0,0,0,0,0,F,4,Pericyte,32,12,5,5,5_1,Pericyte
F-166,all,65,27,1364,1611,25,73068,0,0,0,0,0,F,9,Arterial endothelial cell,57,27,6,6,6,AT1
F-167,all,35,20,529,1156,27,90713,0,0,0,0,0,F,4,Capillary 1 cell,42,20,8,8,8_1,AlveolarMac
F-171,all,25,15,1152,695,17,74786,0,0,0,0,0,F,4,Capillary 1 cell,46,15,2,2,2_1,Capillary
F-173,all,55,27,520,1421,27,91260,0,0,0,0,0,F,4,Capillary 1 cell,52,26,2,2,2_1,Capillary
F-174,all,51,26,723,1594,16,77051,0,0,0,0,0,F,12,Pericyte,51,26,5,5,5_3,Pericyte
F-175,all,53,29,969,552,19,72117,0,0,0,0,0,F,14,Capillary 1 cell,53,29,3,3,3_4,AdventitialFib
F-176,all,30,13,1286,815,25,78851,0,0,0,0,0,F,7,B cell,40,13,5,5,5_1,Pericyte
F-177,all,19,16,70,1925,15,58461,0,0,0,0,0,F,4,B cell,39,16,9,9,9,Bcell
F-178,all,7,5,166,1537,35,38207,0,0,0,0,0,F,2,Natural killer cell,24,7,2,2,2_2,InflamMac
F-179,all,15,13,1445,1305,24,36062,0,0,0,0,0,F,3,Capillary 1 cell,32,13,2,2,2_3,Vein
F-180,all,25,16,1903,1790,31,93959,0,0,0,0,0,F,7,Arterial endothelial cell,44,16,2,2,2_4,Artery
F-182,all,21,13,1406,1430,16,67704,0,0,0,0,0,F,4,Alveolar fibroblast 1,42,14,3,3,3_1,SMC
F-183,all,14,7,610,1280,13,27378,0,0,0,0,0,F,3,Alveolar fibroblast 1,38,8,2,2,2_1,Capillary
F-185,all,39,19,1735,586,12,92838,0,0,0,0,0,F,3,Alveolar fibroblast 1,43,19,1,1,1_5_1,LymphaticEndo
F-187,all,32,13,1037,561,21,47583,0,0,0,0,0,F,20,Alveolar type 2 cell,43,13,1,1,1_3,AT2
F-188,all,113,51,255,1061,19,142953,0,0,0,0,0,F,33,Pericyte,44,24,5,5,5_1,Pericyte
F-189,all,22,10,374,1287,27,27813,0,0,0,0,0,F,4,Mesothelial cell,44,10,3,3,3_3,AdventitialFib
F-190,all,39,14,1009,539,17,54301,0,0,0,0,0,F,27,CD4+ T cell,45,14,7,7,7_2,PatrolMac
F-191,all,10,9,686,203,8,31298,0,0,0,0,0,F,3,Alveolar fibroblast 1,27,9,3,3,3_4,AdventitialFib
F-193,all,17,11,1361,1229,32,91898,0,0,0,0,0,F,6,B cell,34,11,9,9,9,Bcell
F-194,all,18,11,1040,1737,5,9364,0,0,0,0,0,F,10,CD8+ T cell,36,11,7,7,7_4,PatrolMac
F-196,all,47,19,377,1250,25,39175,0,0,0,0,0,F,7,Alveolar type 1 cell,47,19,6,6,6,AT1
F-197,all,8,7,104,1197,30,16214,0,0,0,0,0,F,2,Sox9+/Id2+ epithelial cell,30,8,2,2,2_3,Vein
F-198,all,8,4,1926,813,8,23720,0,0,0,0,0,F,3,Capillary 1 cell,32,5,2,2,2_1,Capillary
F-199,all,34,20,1099,1414,25,68854,0,0,0,0,0,F,7,Natural killer cell,41,20,7,7,7_3,Tcell (CD8)
F-200,all,19,18,1788,1553,27,57895,0,0,0,0,0,F,4,Capillary 1 cell,37,18,6,6,6,AT1
F-202,all,40,26,1055,606,21,77080,0,0,0,0,0,F,4,Alveolar macrophage,42,27,3,3,3_1,SMC
F-204,all,72,14,1345,8,28,84092,0,0,0,0,0,F,3,Sox9+/Id2+ epithelial cell,52,15,1,1,1_6_2,Neutrophil
F-205,all,29,23,1564,94,23,83593,0,0,0,0,0,F,4,Sox9+/Id2+ epithelial cell,39,23,1,1,1_3,AT2
F-206,all,54,30,1008,1298,29,91449,0,0,0,0,0,F,5,Capillary 1 cell,54,31,2,2,2_1,Capillary
F-207,all,97,12,1860,410,16,63791,0,0,0,0,0,F,87,Alveolar type 2 cell,52,10,1,1,1_1,AT2
F-209,all,53,28,480,1599,20,83473,53,0,53,0,1,F,12,Pericyte,52,28,5,5,5_1,Pericyte
F-212,all,59,32,1540,1482,10,80511,0,0,0,0,0,F,14,B cell,55,32,9,9,9,Bcell
F-213,all,68,32,1839,823,27,128164,0,0,0,0,0,F,11,Sox9+/Id2+ epithelial cell,57,32,5,5,5_3,Pericyte
F-215,all,22,19,872,1559,28,36049,0,0,0,0,0,F,7,Inflammatory monocyte,41,19,2,2,2_1,Capillary
F-216,all,25,14,1785,1181,13,48262,0,0,0,0,0,F,5,Endothelial progenitor cell,43,14,3,3,3_6,SCMF
F-217,all,20,7,1525,748,25,63840,0,0,0,0,0,F,8,Alveolar type 2 cell,39,7,1,1,1_1,AT2
F-219,all,54,22,692,1542,22,33791,0,0,0,0,0,F,10,Alveolar type 1 cell,52,22,6,6,6,AT1
F-220,all,29,18,514,1377,19,57905,0,0,0,0,0,F,11,Pericyte,37,18,5,5,5_3,Pericyte
F-221,all,19,11,98,989,11,33853,0,0,0,0,0,F,5,Alveolar macrophage,36,11,8,8,8_1,AlveolarMac
F-222,all,50,27,180,1208,33,87204,0,0,0,0,0,F,20,Alveolar fibroblast 1,51,28,3,3,3_1,SMC
F-223,all,69,26,670,1568,21,49604,0,0,0,0,0,F,22,Alveolar type 1 cell,55,26,6,6,6,AT1
F-224,all,31,22,1748,165,5,33914,0,0,0,0,0,F,3,Arterial endothelial cell,41,23,2,2,2_4,Artery
F-225,all,27,17,1602,114,16,68458,0,0,0,0,0,F,9,Alveolar fibroblast 1,43,16,1,1,1_5_1,LymphaticEndo
F-227,all,23,10,1029,660,35,38815,0,0,0,0,0,F,5,Alveolar type 1 cell,42,10,6,6,6,AT1
F-231,all,15,4,1847,375,15,20123,0,0,0,0,0,F,13,Sox9+/Id2+ epithelial cell,39,4,1,1,1_1,AT2
F-232,all,9,5,1414,936,23,20327,0,0,0,0,0,F,2,Natural killer cell,31,6,2,2,2_2,InflamMac
F-235,all,31,12,646,1836,12,22567,0,0,0,0,0,F,22,Sox9+/Id2+ epithelial cell,42,12,1,1,1_3,AT2
F-236,all,36,14,649,1800,12,74270,0,0,0,0,0,F,11,Sox9+/Id2+ epithelial cell,45,15,2,2,2_1,Capillary
F-238,all,26,17,1888,861,28,87749,0,0,0,0,0,F,8,CD8+ T cell,45,17,7,7,7_2,PatrolMac
F-240,all,36,15,1054,647,29,32370,0,0,0,0,0,F,6,Alveolar fibroblast 1,43,15,6,6,6,AT1
F-241,all,20,13,642,960,31,39790,0,0,0,0,0,F,6,Alveolar fibroblast 1,39,13,9,9,9,Bcell
F-242,all,75,22,802,1544,28,82351,0,0,0,0,0,F,28,Alveolar type 1 cell,54,22,6,6,6,AT1
F-243,all,61,22,1703,334,10,44642,0,0,0,0,0,F,9,Alveolar type 1 cell,52,22,6,6,6,AT1
F-244,all,73,21,607,1905,22,93183,0,0,0,0,0,F,58,Interstitial macrophage,54,21,8,8,8_3,InterstitialMac
F-247,all,36,21,722,191,8,31959,0,0,0,0,0,F,7,Pericyte,42,21,5,5,5_1,Pericyte
F-250,all,25,7,611,5,6,19749,0,0,0,0,0,F,6,CD8+ T cell,43,7,7,7,7_2,PatrolMac
F-251,all,56,23,665,1020,15,87493,0,0,0,0,0,F,22,Sox9+/Id2+ epithelial cell,52,23,2,2,2_6,pDC
F-253,all,39,20,1395,902,16,76540,0,0,0,0,0,F,5,CD4+ T cell,45,20,3,3,3_4,AdventitialFib
F-256,all,31,21,128,979,12,32479,0,0,0,0,0,F,10,Alveolar macrophage,40,21,8,8,8_1,AlveolarMac
F-257,all,28,14,1166,11,28,66060,0,0,0,0,0,F,5,Alveolar type 2 cell,39,15,3,3,3_1,SMC
F-259,all,27,16,378,1037,9,52462,0,0,0,0,0,F,2,Capillary 1 cell,42,16,7,7,7_2,PatrolMac
F-261,all,14,8,496,1308,8,24104,0,0,0,0,0,F,2,Endothelial progenitor cell,34,9,2,2,2_1,Capillary
F-263,all,71,33,1424,1488,16,88277,51,51,0,1,0,F,13,Sox9+/Id2+ epithelial cell,53,33,8,8,8_1,AlveolarMac
F-264,all,31,18,1430,1232,20,70419,0,0,0,0,0,F,4,Capillary 1 cell,39,18,2,2,2_1,Capillary
F-265,all,91,42,1230,1581,18,110609,0,0,0,0,0,F,13,Pericyte,62,43,1,1,1_4_1,AlveolarFib
F-268,all,35,18,1456,1010,27,113566,0,0,0,0,0,F,11,Alveolar macrophage,44,19,3,3,3_1,SMC
F-269,all,46,18,616,1848,8,48632,0,0,0,0,0,F,31,Alveolar fibroblast 1,47,18,1,1,1_1,AT2
F-270,all,22,16,1564,778,23,88982,0,0,0,0,0,F,2,Natural killer cell,39,16,7,7,7_2,PatrolMac
F-272,all,40,16,1704,551,9,44978,0,0,0,0,0,F,18,Alveolar fibroblast 1,44,16,6,6,6,AT1
F-273,all,28,20,888,288,14,44217,0,0,0,0,0,F,7,Alveolar type 1 cell,39,20,9,9,9,Bcell
F-274,all,36,20,978,596,26,63916,0,0,0,0,0,F,10,Capillary 1 cell,43,21,3,3,3_1,SMC
F-277,all,113,34,1738,249,28,92752,0,0,0,0,0,F,19,Alveolar type 1 cell,48,17,6,6,6,AT1
F-278,all,40,22,1019,610,22,39102,0,0,0,0,0,F,15,Alveolar fibroblast 1,43,23,3,3,3_1,SMC
F-280,all,18,14,1748,1172,13,40967,0,0,0,0,0,F,2,Alveolar type 1 cell,38,14,6,6,6,AT1
F-282,all,81,31,964,25,18,103640,0,0,0,0,0,F,9,Alveolar type 1 cell,60,31,6,6,6,AT1
F-285,all,88,31,1449,1607,27,85405,0,0,0,0,0,F,16,Alveolar type 1 cell,58,30,6,6,6,AT1
F-286,all,41,20,1290,1323,24,79410,0,0,0,0,0,F,7,Arterial endothelial cell,44,21,2,2,2_4,Artery
F-288,all,25,15,1682,399,12,80986,0,0,0,0,0,F,5,Arterial endothelial cell,47,15,2,2,2_4,Artery
F-291,all,30,18,1905,466,17,80610,0,0,0,0,0,F,7,Endothelial progenitor cell,40,18,3,3,3_4,AdventitialFib
F-292,all,22,14,439,927,21,42861,0,0,0,0,0,F,12,Pericyte,39,14,5,5,5_1,Pericyte
F-294,all,43,25,1665,540,9,52140,0,0,0,0,0,F,9,Alveolar fibroblast 1,45,25,6,6,6,AT1
F-299,all,40,20,1225,1303,32,108532,0,0,0,0,0,F,8,Pericyte,44,20,5,5,5_1,Pericyte
F-304,all,39,25,460,1377,22,76494,0,0,0,0,0,F,4,Pericyte,43,25,5,5,5_3,Pericyte
F-305,all,20,14,319,1100,30,22647,0,0,0,0,0,F,2,Natural killer cell,38,14,7,7,7_3,Tcell (CD8)
F-306,all,88,23,290,1120,19,118009,0,0,0,0,0,F,17,Alveolar type 1 cell,57,23,6,6,6,AT1
F-307,all,6,6,1367,616,30,32133,0,0,0,0,0,F,2,Secondary crest myofibroblast,21,9,3,3,3_1,SMC
F-313,all,17,10,492,1662,6,19717,0,0,0,0,0,F,3,Endothelial progenitor cell,38,10,2,2,2_1,Capillary
F-320,all,28,16,519,1301,13,36321,0,0,0,0,0,F,5,Sox9+/Id2+ epithelial cell,40,17,2,2,2_1,Capillary
F-323,all,49,22,1642,570,15,49908,0,0,0,0,0,F,21,Secretory cell,49,22,6,6,6,AT1
F-329,all,26,16,707,3665,25,92669,0,0,0,0,0,F,5,Capillary 1 cell,41,16,2,2,2_1,Capillary
F-330,all,17,11,498,3423,31,67422,0,0,0,0,0,F,2,Proliferative mesenchymal progenitor cell,35,11,6,6,6,AT1
F-333,all,29,18,612,2843,10,51785,0,0,0,0,0,F,6,Inflammatory monocyte,36,18,8,8,8_2,InterstitialMac
F-334,all,63,21,1810,3455,20,58945,0,0,0,0,0,F,3,Alveolar type 1 cell,53,21,6,6,6,AT1
F-336,all,28,18,1297,2741,37,45818,0,0,0,0,0,F,3,Capillary 1 cell,41,18,2,2,2_3,Vein
F-337,all,26,15,567,3449,37,58206,0,0,0,0,0,F,4,Venous endothelial cell,43,15,2,2,2_6,pDC
F-339,all,94,42,1864,3664,19,103063,0,0,0,0,0,F,16,Interstitial macrophage,62,42,8,8,8_3,InterstitialMac
F-340,all,14,12,703,2533,9,15478,0,0,0,0,0,F,4,Sox9+/Id2+ epithelial cell,31,12,1,1,1_3,AT2
F-341,all,57,31,1473,2455,14,117392,0,0,0,0,0,F,10,Proliferative mesenchymal progenitor cell,57,32,3,3,3_1,SMC
F-343,all,15,9,725,3435,23,60871,0,0,0,0,0,F,2,Pericyte,36,9,5,5,5_3,Pericyte
F-344,all,49,25,1448,2297,20,93988,0,0,0,0,0,F,6,Inflammatory monocyte,50,26,3,3,3_1,SMC
F-345,all,15,10,319,2378,6,24260,0,0,0,0,0,F,6,Alveolar fibroblast 1,38,11,1,1,1_5_1,LymphaticEndo
F-347,all,36,16,794,3668,21,91502,0,0,0,0,0,F,2,Alveolar fibroblast 1,42,17,1,1,1_4_1,AlveolarFib
F-348,all,37,22,921,2354,26,78723,0,0,0,0,0,F,8,Alveolar fibroblast 1,41,22,7,7,7_2,PatrolMac
F-350,all,30,17,374,2478,33,55278,0,0,0,0,0,F,4,Alveolar fibroblast 1,42,18,2,2,2_4,Artery
F-351,all,106,28,175,2385,29,101190,0,0,0,0,0,F,80,Alveolar type 2 cell,52,17,1,1,1_3,AT2
F-352,all,24,19,583,2728,15,31988,0,0,0,0,0,F,2,Mast cell,42,19,7,7,7_2,PatrolMac
F-353,all,122,24,465,2443,26,73999,0,0,0,0,0,F,100,Alveolar type 2 cell,43,6,1,1,1_3,AT2
F-354,all,56,31,1048,2528,17,78542,0,0,0,0,0,F,11,Capillary 1 cell,55,32,2,2,2_2,InflamMac
F-355,all,37,27,706,3492,10,70376,0,0,0,0,0,F,2,Proliferative mesenchymal progenitor cell,41,27,3,3,3_4,AdventitialFib
F-358,all,47,31,625,2799,32,70451,0,0,0,0,0,F,8,Alveolar fibroblast 1,53,33,2,2,2_5,DC
F-359,all,31,18,1358,2544,36,40749,0,0,0,0,0,F,4,Capillary 1 cell,41,18,9,9,9,Bcell
F-362,all,42,22,191,2497,20,77184,0,0,0,0,0,F,16,Pericyte,45,22,5,5,5_3,Pericyte
F-363,all,43,18,1331,2163,16,18623,0,0,0,0,0,F,25,Pericyte,44,18,5,5,5_1,Pericyte
F-364,all,59,28,212,2196,29,105710,0,0,0,0,0,F,7,Capillary 2 cell,55,28,1,1,1_5_2,AlveolarFib
F-365,all,61,23,1205,3416,19,82759,0,0,0,0,0,F,32,Alveolar type 2 cell,52,23,1,1,1_3,AT2
F-369,all,26,17,773,2636,33,45937,0,0,0,0,0,F,3,Venous endothelial cell,47,17,2,2,2_3,Vein
F-370,all,45,20,952,2461,18,85646,0,0,0,0,0,F,29,Alveolar type 2 cell,45,20,5,5,5_1,Pericyte
F-374,all,50,25,1770,2308,21,89887,0,0,0,0,0,F,3,Sox9+/Id2+ epithelial cell,49,25,2,2,2_3,Vein
F-375,all,28,14,1507,3685,28,55862,0,0,0,0,0,F,2,Alveolar fibroblast 1,43,14,1,1,1_5_2,AlveolarFib
F-376,all,34,22,33,2892,16,43163,0,0,0,0,0,F,3,Secondary crest myofibroblast,41,23,3,3,3_1,SMC
F-377,all,108,29,212,2437,17,78003,0,0,0,0,0,F,18,Inflammatory monocyte,57,21,7,7,7_4,PatrolMac
F-378,all,63,30,527,2566,25,77943,0,0,0,0,0,F,23,Alveolar fibroblast 1,55,31,2,2,2_4,Artery
F-379,all,99,25,494,2474,21,82647,0,0,0,0,0,F,70,Alveolar type 2 cell,57,22,1,1,1_3,AT2
F-380,all,75,30,248,2526,31,74613,0,0,0,0,0,F,18,Alveolar macrophage,56,30,8,8,8_1,AlveolarMac
F-381,all,50,28,1539,2264,16,94199,0,0,0,0,0,F,5,Capillary 1 cell,48,28,2,2,2_1,Capillary
F-383,all,62,23,888,2780,21,86185,0,0,0,0,0,F,43,B cell,53,23,5,5,5_1,Pericyte
F-386,all,42,21,1159,2573,10,40928,0,0,0,0,0,F,16,AT1/AT2,43,20,1,1,1_5_1,LymphaticEndo
F-389,all,33,22,809,2455,13,101178,0,0,0,0,0,F,8,B cell,40,22,9,9,9,Bcell
F-390,all,34,22,499,2703,15,34504,0,0,0,0,0,F,6,Natural killer cell,42,22,7,7,7_2,PatrolMac
F-391,all,32,21,788,2688,24,54170,0,0,0,0,0,F,2,Sox9+/Id2+ epithelial cell,38,21,8,8,8_1,AlveolarMac
F-392,all,75,33,507,2676,13,79836,0,0,0,0,0,F,20,Alveolar fibroblast 1,57,32,1,1,1_5_1,LymphaticEndo
F-394,all,36,23,1125,2719,21,72008,0,0,0,0,0,F,8,Pericyte,40,23,5,5,5_3,Pericyte
F-398,all,8,5,1164,3358,36,17614,0,0,0,0,0,F,7,Alveolar macrophage,31,7,1,1,1_1,AT2
F-399,all,10,7,362,2143,18,16821,0,0,0,0,0,F,3,Capillary 1 cell,27,7,2,2,2_6,pDC
F-400,all,21,14,809,2623,26,56557,0,0,0,0,0,F,4,Capillary 1 cell,40,14,2,2,2_3,Vein
F-402,all,28,18,109,3415,30,65121,0,0,0,0,0,F,3,Alveolar fibroblast 1,39,19,3,3,3_1,SMC
F-403,all,8,6,1376,3631,36,38823,0,0,0,0,0,F,2,Endothelial progenitor cell,29,6,2,2,2_1,Capillary
F-404,all,18,12,89,3367,27,59110,0,0,0,0,0,F,6,Sox9+/Id2+ epithelial cell,39,12,2,2,2_6,pDC
F-405,all,118,20,161,2551,21,100305,0,0,0,0,0,F,103,Alveolar type 2 cell,48,10,1,1,1_3,AT2
F-407,all,116,31,1743,3402,23,84797,0,0,0,0,0,F,45,Alveolar type 2 cell,49,17,1,1,1_1,AT2
F-408,all,23,12,261,2225,14,38397,0,0,0,0,0,F,6,Alveolar type 1 cell,44,12,6,6,6,AT1
F-409,all,53,34,1821,3657,32,70182,0,0,0,0,0,F,10,Interstitial macrophage,53,34,8,8,8_3,InterstitialMac
F-410,all,47,18,356,2100,18,84543,0,0,0,0,0,F,14,Inflammatory monocyte,46,19,1,1,1_5_1,LymphaticEndo
F-414,all,31,20,295,2245,19,29081,0,0,0,0,0,F,7,Alveolar type 1 cell,44,20,2,2,2_1,Capillary
F-416,all,67,11,891,2388,31,79773,0,0,0,0,0,F,59,Alveolar type 2 cell,52,12,2,2,2_4,Artery
F-417,all,32,11,400,2318,5,24236,0,0,0,0,0,F,6,Alveolar type 1 cell,44,11,6,6,6,AT1
F-419,all,12,11,1269,2215,6,13217,0,0,0,0,0,F,3,Capillary 1 cell,33,11,2,2,2_3,Vein
F-421,all,55,30,241,2399,31,92622,0,0,0,0,0,F,5,Natural killer cell,53,30,7,7,7_2,PatrolMac
F-423,all,31,10,926,2416,35,47192,0,0,0,0,0,F,22,Sox9+/Id2+ epithelial cell,44,10,1,1,1_1,AT2
F-424,all,37,20,956,2706,22,88663,0,0,0,0,0,F,4,Capillary 1 cell,41,20,2,2,2_3,Vein
F-425,all,48,16,943,2499,12,30714,0,0,0,0,0,F,34,Sox9+/Id2+ epithelial cell,48,16,1,1,1_3,AT2
F-426,all,11,9,1406,2276,35,31865,0,0,0,0,0,F,6,CD4+ T cell,30,10,3,3,3_1,SMC
F-427,all,44,25,1546,3703,19,100889,0,0,0,0,0,F,4,Inflammatory monocyte,44,25,3,3,3_4,AdventitialFib
F-428,all,45,28,751,2709,32,50859,0,0,0,0,0,F,9,Interstitial macrophage,45,28,8,8,8_1,AlveolarMac
F-429,all,24,14,609,2027,31,59019,0,0,0,0,0,F,12,B cell,43,14,9,9,9,Bcell
F-430,all,40,24,647,2901,11,43719,0,0,0,0,0,F,7,Alveolar macrophage,42,24,8,8,8_3,InterstitialMac
F-434,all,38,22,1290,2178,11,50252,0,0,0,0,0,F,10,Alveolar fibroblast 1,46,23,1,1,1_4_3,AlveolarFib
F-435,all,14,10,970,2357,35,22643,0,0,0,0,0,F,2,Innate lymphoid cell,35,11,3,3,3_1,SMC
F-437,all,17,13,595,2699,18,30521,0,0,0,0,0,F,3,Innate lymphoid cell,34,13,7,7,7_2,PatrolMac
F-438,all,7,6,1681,3764,23,20255,0,0,0,0,0,F,3,Sox9+/Id2+ epithelial cell,24,8,1,1,1_3,AT2
F-439,all,120,21,189,3675,23,106817,0,0,0,0,0,F,100,Alveolar type 2 cell,47,10,1,1,1_3,AT2
F-441,all,32,20,765,3502,18,42381,0,0,0,0,0,F,14,Secondary crest myofibroblast,39,21,3,3,3_1,SMC
F-442,all,49,8,234,2810,16,44043,0,0,0,0,0,F,43,Alveolar type 2 cell,48,8,1,1,1_1,AT2
F-444,all,34,26,16,2070,24,68312,0,0,0,0,0,F,6,Alveolar fibroblast 1,38,25,2,2,2_1,Capillary
F-446,all,60,22,1355,2229,18,44740,0,0,0,0,0,F,35,Neutrophil,53,22,1,1,1_1,AT2
F-450,all,33,22,283,2376,15,62146,0,0,0,0,0,F,6,Pericyte,40,22,5,5,5_3,Pericyte
F-451,all,44,20,585,2661,26,35180,0,0,0,0,0,F,13,Venous endothelial cell,45,20,3,3,3_4,AdventitialFib
F-453,all,85,14,562,2011,21,86479,0,0,0,0,0,F,70,Sox9+/Id2+ epithelial cell,54,14,1,1,1_3,AT2
F-454,all,23,16,1258,3354,38,44572,0,0,0,0,0,F,2,Capillary 1 cell,38,18,2,2,2_5,DC
F-457,all,39,22,499,2115,35,73008,0,0,0,0,0,F,10,Alveolar type 1 cell,43,23,3,3,3_1,SMC
F-458,all,46,30,1162,2710,18,62612,0,0,0,0,0,F,7,Alveolar fibroblast 1,47,31,2,2,2_4,Artery
F-459,all,50,28,12,2655,38,48406,0,0,0,0,0,F,6,Interstitial macrophage,50,28,8,8,8_3,InterstitialMac
F-460,all,50,22,1645,3788,31,86428,0,0,0,0,0,F,21,Alveolar type 2 cell,49,22,1,1,1_1,AT2
F-462,all,89,24,1350,3737,28,105496,0,0,0,0,0,F,64,Alveolar type 2 cell,55,23,1,1,1_3,AT2
F-464,all,30,12,1144,3633,36,39993,0,0,0,0,0,F,5,CD8+ T cell,43,12,7,7,7_2,PatrolMac
F-466,all,32,26,1276,3746,31,80880,0,0,0,0,0,F,5,Endothelial progenitor cell,37,26,2,2,2_1,Capillary
F-467,all,49,28,321,2889,26,86385,0,0,0,0,0,F,5,Natural killer cell,51,29,2,2,2_2,InflamMac
F-470,all,18,9,1838,2206,13,37241,0,0,0,0,0,F,8,Alveolar fibroblast 1,37,10,3,3,3_1,SMC
F-471,all,107,38,237,3460,26,113901,0,0,0,0,0,F,56,Alveolar type 2 cell,54,30,1,1,1_1,AT2
F-474,all,92,29,130,2250,30,108030,0,0,0,0,0,F,6,Neutrophil,59,28,6,6,6,AT1
F-477,all,36,25,1780,3366,17,60216,0,0,0,0,0,F,11,Pericyte,40,25,5,5,5_1,Pericyte
F-479,all,84,25,901,2491,21,136565,0,0,0,0,0,F,55,Alveolar type 2 cell,55,25,1,1,1_1,AT2
F-481,all,22,10,651,2625,40,26941,0,0,0,0,0,F,2,Pericyte,40,10,3,3,3_4,AdventitialFib
F-486,all,46,29,82,2741,22,88218,0,0,0,0,0,F,14,Pericyte,46,29,5,5,5_1,Pericyte
F-487,all,108,37,42,2836,21,106687,0,0,0,0,0,F,20,AT1/AT2,56,27,6,6,6,AT1
F-488,all,42,25,90,3514,27,73632,0,0,0,0,0,F,6,Capillary 1 cell,42,24,2,2,2_1,Capillary
F-491,all,17,12,1010,2491,20,16156,0,0,0,0,0,F,4,CD8+ T cell,33,12,7,7,7_2,PatrolMac
F-493,all,26,16,486,3008,10,44979,0,0,0,0,0,F,5,Capillary 1 cell,43,16,2,2,2_3,Vein
F-494,all,31,18,119,2713,33,66892,0,0,0,0,0,F,3,Alveolar macrophage,42,18,8,8,8_2,InterstitialMac
F-495,all,31,14,285,2211,12,21941,0,0,0,0,0,F,12,Alveolar type 1 cell,41,14,6,6,6,AT1
F-497,all,52,32,480,2719,15,42111,0,0,0,0,0,F,2,Venous endothelial cell,52,32,2,2,2_3,Vein
F-499,all,73,30,1848,3424,23,122623,0,0,0,0,0,F,7,Arterial endothelial cell,54,30,7,7,7_2,PatrolMac
F-503,all,20,15,145,3531,33,36332,0,0,0,0,0,F,5,Alveolar fibroblast 1,39,15,2,2,2_6,pDC
F-504,all,13,10,966,2781,6,15929,0,0,0,0,0,F,3,Capillary 1 cell,30,10,2,2,2_1,Capillary
F-505,all,83,28,257,2284,22,96253,0,0,0,0,0,F,38,Vascular smooth muscle cell,55,28,5,5,5_1,Pericyte
F-508,all,64,39,1252,2823,20,97820,0,0,0,0,0,F,7,Capillary 1 cell,58,39,2,2,2_3,Vein
F-512,all,10,7,741,2473,35,19771,0,0,0,0,0,F,7,Ciliated cell,30,7,1,1,1_1,AT2
F-513,all,25,19,232,2771,14,49224,0,0,0,0,0,F,2,Capillary 1 cell,43,18,2,2,2_1,Capillary
F-514,all,24,19,417,2487,32,40098,0,0,0,0,0,F,10,Pericyte,42,19,5,5,5_3,Pericyte
F-515,all,17,12,128,3559,31,37125,0,0,0,0,0,F,2,Alveolar type 1 cell,37,13,2,2,2_2,InflamMac
F-516,all,40,19,1121,2611,30,58413,0,0,0,0,0,F,21,Alveolar type 2 cell,43,19,1,1,1_3,AT2
F-519,all,18,15,291,2610,33,56006,0,0,0,0,0,F,2,Endothelial progenitor cell,35,15,2,2,2_6,pDC
F-521,all,14,12,721,2958,10,28139,0,0,0,0,0,F,4,Classical DC subset 2,33,13,3,3,3_1,SMC
F-523,all,51,28,636,3004,13,86336,0,0,0,0,0,F,7,Capillary 1 cell,49,28,2,2,2_1,Capillary
F-524,all,11,7,1068,2697,25,42569,0,0,0,0,0,F,2,Capillary 1 cell,32,7,2,2,2_1,Capillary
F-525,all,33,20,1133,2654,20,89134,0,0,0,0,0,F,9,Alveolar type 2 cell,41,20,2,2,2_6,pDC
F-527,all,17,14,374,2627,24,72700,0,0,0,0,0,F,2,Pericyte,34,14,5,5,5_1,Pericyte
F-528,all,27,13,785,3593,13,73878,0,0,0,0,0,F,3,Inflammatory monocyte,43,13,2,2,2_6,pDC
F-529,all,36,24,1141,3790,26,89585,0,0,0,0,0,F,5,Capillary 1 cell,41,24,2,2,2_3,Vein
F-530,all,103,31,1330,2207,14,62761,0,0,0,0,0,F,67,Alveolar fibroblast 1,59,28,1,1,1_1,AT2
F-535,all,27,14,1707,3733,20,31700,0,0,0,0,0,F,2,CD8+ T cell,41,15,2,2,2_2,InflamMac
F-536,all,116,50,534,2606,25,107050,0,0,0,0,0,F,60,Venous endothelial cell,45,26,1,1,1_3,AT2
F-537,all,32,24,1747,3739,12,59302,0,0,0,0,0,F,7,Innate lymphoid cell,40,24,6,6,6,AT1
F-541,all,70,13,203,2793,19,48965,0,0,0,0,0,F,63,AT1/AT2,53,13,1,1,1_3,AT2
F-542,all,18,10,1873,3231,27,45237,0,0,0,0,0,F,5,Proliferative mesenchymal progenitor cell,37,11,3,3,3_1,SMC
F-544,all,15,7,1180,3333,41,26465,0,0,0,0,0,F,6,Alveolar fibroblast 1,38,8,1,1,1_4_1,AlveolarFib
F-546,all,46,29,406,2653,36,51560,0,0,0,0,0,F,8,Arterial endothelial cell,48,30,2,2,2_4,Artery
F-548,all,19,13,1044,3680,14,56267,0,0,0,0,0,F,4,Alveolar type 1 cell,37,13,1,1,1_5_2,AlveolarFib
F-551,all,38,20,424,2455,37,42981,0,0,0,0,0,F,20,Pericyte,43,20,5,5,5_1,Pericyte
F-552,all,17,12,932,2791,29,58962,0,0,0,0,0,F,3,B cell,34,12,9,9,9,Bcell
F-554,all,33,22,1368,2467,32,60353,0,0,0,0,0,F,4,Alveolar fibroblast 1,41,23,3,3,3_1,SMC
F-556,all,14,8,1855,2225,13,28792,0,0,0,0,0,F,5,Inflammatory monocyte,32,8,5,5,5_1,Pericyte
F-557,all,65,28,688,2671,32,98912,0,0,0,0,0,F,22,Pericyte,55,28,5,5,5_1,Pericyte
F-558,all,12,8,452,2699,10,17064,0,0,0,0,0,F,2,Proliferative mesenchymal progenitor cell,34,8,2,2,2_6,pDC
F-559,all,14,11,1811,2197,20,36999,0,0,0,0,0,F,6,Arterial endothelial cell,32,12,2,2,2_4,Artery
F-560,all,47,30,902,3623,19,96834,0,0,0,0,0,F,13,Arterial endothelial cell,48,31,3,3,3_5,SMC
F-561,all,45,26,112,3479,29,88608,0,0,0,0,0,F,7,Alveolar fibroblast 1,45,27,1,1,1_5_1,LymphaticEndo
F-562,all,46,17,1797,3620,38,22955,0,0,0,0,0,F,5,Alveolar type 1 cell,47,17,6,6,6,AT1
F-564,all,48,17,1792,3488,23,46532,0,0,0,0,0,F,2,Alveolar type 1 cell,48,17,6,6,6,AT1
F-565,all,23,12,1859,3200,19,59073,0,0,0,0,0,F,12,Alveolar fibroblast 1,42,13,3,3,3_1,SMC
F-567,all,106,51,676,2750,31,126014,0,0,0,0,0,F,37,Venous endothelial cell,59,39,8,8,8_1,AlveolarMac
F-568,all,86,17,51,3361,25,66503,0,0,0,0,0,F,59,Capillary 1 cell,52,17,1,1,1_1,AT2
F-569,all,28,23,428,2559,31,50353,0,0,0,0,0,F,6,Alveolar fibroblast 1,37,23,8,8,8_1,AlveolarMac
F-570,all,36,19,1887,2211,19,56641,0,0,0,0,0,F,5,Pericyte,40,19,5,5,5_1,Pericyte
F-571,all,36,23,737,3521,14,35588,0,0,0,0,0,F,12,Alveolar type 2 cell,41,23,1,1,1_3,AT2
F-576,all,30,17,1160,3390,34,47482,0,0,0,0,0,F,10,Sox9+/Id2+ epithelial cell,40,17,1,1,1_3,AT2
F-579,all,94,27,1050,2888,22,98477,0,0,0,0,0,F,52,Alveolar type 2 cell,56,26,1,1,1_1,AT2
F-581,all,61,19,1542,2480,33,63800,0,0,0,0,0,F,45,Alveolar type 2 cell,52,19,1,1,1_1,AT2
F-582,all,23,17,618,3533,32,72361,0,0,0,0,0,F,3,Capillary 2 cell,43,17,2,2,2_6,pDC
F-584,all,21,17,308,2211,18,29315,0,0,0,0,0,F,3,Alveolar type 2 cell,42,18,1,1,1_4_1,AlveolarFib
F-589,all,73,28,529,2491,29,63902,0,0,0,0,0,F,29,Sox9+/Id2+ epithelial cell,51,28,6,6,6,AT1
F-590,all,29,20,418,2522,32,33950,0,0,0,0,0,F,2,Natural killer cell,40,21,2,2,2_2,InflamMac
F-593,all,21,16,55,2241,32,34526,0,0,0,0,0,F,5,Alveolar fibroblast 1,43,18,1,1,1_5_1,LymphaticEndo
F-598,all,34,17,601,1975,27,89060,0,0,0,0,0,F,14,Alveolar fibroblast 1,43,18,2,2,2_4,Artery
F-599,all,46,32,374,2521,33,67866,0,0,0,0,0,F,8,Capillary 1 cell,46,32,8,8,8_2,InterstitialMac
F-600,all,69,26,1783,2210,17,65594,0,0,0,0,0,F,10,Alveolar fibroblast 1,53,27,3,3,3_1,SMC
F-601,all,29,19,662,2966,10,53823,0,0,0,0,0,F,3,Inflammatory monocyte,37,20,2,2,2_2,InflamMac
F-603,all,10,6,285,2135,17,29916,0,0,0,0,0,F,2,Proliferative mesenchymal progenitor cell,36,7,3,3,3_1,SMC
F-606,all,121,34,1190,2693,17,89913,0,0,0,0,0,F,16,Alveolar type 1 cell,41,11,6,6,6,AT1
F-612,all,12,9,555,2714,12,16786,0,0,0,0,0,F,3,Sox9+/Id2+ epithelial cell,29,9,7,7,7_3,Tcell (CD8)
F-617,all,42,22,5,2889,23,43880,0,0,0,0,0,F,22,Alveolar type 1 cell,44,22,6,6,6,AT1
F-619,all,51,30,5,3284,20,72563,0,0,0,0,0,F,12,Alveolar fibroblast 1,53,30,1,1,1_5_1,LymphaticEndo
F-622,all,16,5,1119,3596,39,29854,0,0,0,0,0,F,6,Alveolar type 1 cell,38,5,6,6,6,AT1
F-624,all,13,11,1855,2050,39,46735,0,0,0,0,0,F,5,Pericyte,29,11,5,5,5_1,Pericyte
F-625,all,62,37,1405,2443,18,87029,0,0,0,0,0,F,13,CD8+ T cell,57,37,7,7,7_2,PatrolMac
F-631,all,22,16,1089,2745,32,47874,0,0,0,0,0,F,3,Capillary 2 cell,40,16,2,2,2_6,pDC
F-632,all,25,17,228,2265,25,42443,0,0,0,0,0,F,8,Alveolar type 1 cell,45,18,1,1,1_5_1,LymphaticEndo
F-638,all,17,13,124,3442,30,27324,0,0,0,0,0,F,4,Alveolar fibroblast 1,39,14,2,2,2_4,Artery
F-642,all,14,10,4,2009,27,37536,0,0,0,0,0,F,7,Pericyte,31,10,5,5,5_1,Pericyte
F-644,all,31,21,49,3313,11,48901,0,0,0,0,0,F,9,Alveolar fibroblast 1,39,22,1,1,1_5_1,LymphaticEndo
F-645,all,30,19,769,3448,24,41002,0,0,0,0,0,F,4,Capillary 1 cell,40,19,2,2,2_3,Vein
F-652,all,98,28,539,2645,13,66459,0,0,0,0,0,F,70,Alveolar type 2 cell,56,25,1,1,1_3,AT2
F-659,all,29,14,555,2678,24,20476,0,0,0,0,0,F,7,Sox9+/Id2+ epithelial cell,40,14,2,2,2_3,Vein
F-665,all,36,22,1928,3816,25,82629,0,0,0,0,0,F,3,Basophil,43,24,2,2,2_5,DC
F-666,all,39,17,671,5121,10,40622,0,0,0,0,0,F,15,Alveolar macrophage,43,17,8,8,8_1,AlveolarMac
F-667,all,74,22,722,5597,15,63386,0,0,0,0,0,F,53,Alveolar type 2 cell,55,22,1,1,1_3,AT2
F-672,all,49,29,384,4105,15,78307,0,0,0,0,0,F,12,Capillary 1 cell,47,28,2,2,2_1,Capillary
F-673,all,37,12,890,4856,34,31877,0,0,0,0,0,F,30,Alveolar type 2 cell,44,12,1,1,1_3,AT2
F-674,all,35,25,910,4807,31,68396,0,0,0,0,0,F,7,B cell,39,25,9,9,9,Bcell
F-675,all,19,8,765,4218,34,38719,0,0,0,0,0,F,2,Endothelial progenitor cell,41,8,2,2,2_1,Capillary
F-676,all,25,19,1358,4940,15,63386,0,0,0,0,0,F,4,Alveolar fibroblast 1,43,19,1,1,1_5_1,LymphaticEndo
F-677,all,30,21,1479,4808,33,94679,0,0,0,0,0,F,4,Inflammatory monocyte,37,21,9,9,9,Bcell
F-678,all,18,13,1940,4863,31,61250,0,0,0,0,0,F,4,Natural killer cell,37,14,2,2,2_2,InflamMac
F-679,all,9,7,147,4731,30,24424,0,0,0,0,0,F,2,Proliferative mesenchymal progenitor cell,30,8,3,3,3_1,SMC
F-680,all,27,14,468,4979,27,89936,0,0,0,0,0,F,6,Alveolar macrophage,39,14,8,8,8_1,AlveolarMac
F-682,all,11,8,1140,5236,7,21362,0,0,0,0,0,F,3,Alveolar type 1 cell,26,9,1,1,1_6_2,Neutrophil
F-683,all,29,10,1715,5163,14,48830,0,0,0,0,0,F,24,Alveolar type 2 cell,42,10,1,1,1_1,AT2
F-684,all,27,19,231,3845,29,42593,0,0,0,0,0,F,7,Pericyte,43,19,5,5,5_1,Pericyte
F-685,all,52,15,1135,5662,35,44693,0,0,0,0,0,F,5,Alveolar macrophage,50,15,6,6,6,AT1
F-687,all,30,21,112,4737,33,66583,0,0,0,0,0,F,5,Alveolar type 1 cell,40,22,3,3,3_1,SMC
F-688,all,33,14,798,4271,20,87539,0,0,0,0,0,F,17,Alveolar type 2 cell,42,14,1,1,1_3,AT2
F-690,all,43,27,814,4835,33,68663,0,0,0,0,0,F,7,Capillary 1 cell,43,27,2,2,2_3,Vein
F-693,all,30,23,264,5191,15,62150,0,0,0,0,0,F,7,Capillary 1 cell,37,25,2,2,2_5,DC
F-694,all,35,22,1104,3837,34,63264,0,0,0,0,0,F,5,Capillary 1 cell,42,23,1,1,1_5_1,LymphaticEndo
F-695,all,18,14,1860,3925,33,68290,0,0,0,0,0,F,3,Pericyte,34,14,5,5,5_3,Pericyte
F-696,all,27,20,1338,4099,27,73786,0,0,0,0,0,F,7,Pericyte,42,20,5,5,5_1,Pericyte
F-697,all,33,9,1777,3866,24,55058,0,0,0,0,0,F,3,B cell,45,9,9,9,9,Bcell
F-698,all,120,28,246,4235,22,82455,0,0,0,0,0,F,93,Alveolar type 2 cell,45,12,1,1,1_1,AT2
F-700,all,15,10,1652,5191,34,43837,0,0,0,0,0,F,6,B cell,32,10,5,5,5_3,Pericyte
F-705,all,57,33,1169,3988,27,98641,0,0,0,0,0,F,15,Alveolar macrophage,55,33,8,8,8_1,AlveolarMac
F-706,all,16,10,158,5230,12,28121,0,0,0,0,0,F,3,B cell,34,11,3,3,3_5,SMC
F-707,all,26,7,387,4893,32,38258,0,0,0,0,0,F,22,Alveolar type 2 cell,46,7,7,7,7_2,PatrolMac
F-709,all,10,10,221,5096,12,30273,0,0,0,0,0,F,2,B cell,28,10,9,9,9,Bcell
F-710,all,29,20,1087,4058,29,68414,0,0,0,0,0,F,3,Sox9+/Id2+ epithelial cell,38,20,1,1,1_3,AT2
F-711,all,15,11,220,5206,24,68350,0,0,0,0,0,F,6,B cell,31,11,9,9,9,Bcell
F-712,all,43,14,464,5659,28,93391,0,0,0,0,0,F,25,Alveolar type 2 cell,46,14,1,1,1_3,AT2
F-713,all,29,17,246,3894,20,67061,0,0,0,0,0,F,12,Capillary 1 cell,40,18,2,2,2_3,Vein
F-714,all,32,22,1414,5083,20,82755,0,0,0,0,0,F,9,B cell,39,22,9,9,9,Bcell
F-716,all,31,18,1612,4885,26,93256,0,0,0,0,0,F,6,Secondary crest myofibroblast,39,18,3,3,3_6,SCMF
F-717,all,40,14,1481,5110,26,90415,0,0,0,0,0,F,6,T regulatory cell,43,14,7,7,7_4,PatrolMac
F-718,all,7,6,1154,4634,38,21238,0,0,0,0,0,F,2,Endothelial progenitor cell,25,7,2,2,2_1,Capillary
F-719,all,115,41,671,4938,17,125611,0,0,0,0,0,F,23,Arterial endothelial cell,44,22,9,9,9,Bcell
F-720,all,70,18,1161,3886,14,80193,0,0,0,0,0,F,53,Alveolar type 2 cell,53,18,1,1,1_1,AT2
F-723,all,42,24,406,5658,26,81648,0,0,0,0,0,F,8,Alveolar fibroblast 1,45,25,2,2,2_4,Artery
F-724,all,42,18,865,4341,29,55558,0,0,0,0,0,F,8,Alveolar type 1 cell,46,18,6,6,6,AT1
F-725,all,29,17,1706,5223,27,55896,0,0,0,0,0,F,11,Inflammatory monocyte,36,17,7,7,7_4,PatrolMac
F-729,all,35,11,848,4965,9,37918,0,0,0,0,0,F,26,Alveolar macrophage,45,11,1,1,1_1,AT2
F-731,all,46,25,925,5167,24,99451,0,0,0,0,0,F,5,Capillary 2 cell,46,24,2,2,2_1,Capillary
F-733,all,58,21,640,3823,15,83462,0,0,0,0,0,F,30,Alveolar type 2 cell,53,21,1,1,1_3,AT2
F-734,all,21,14,954,5113,38,42467,0,0,0,0,0,F,4,Capillary 2 cell,42,14,2,2,2_1,Capillary
F-735,all,28,16,1042,4675,22,60058,0,0,0,0,0,F,5,Alveolar fibroblast 1,44,15,2,2,2_1,Capillary
F-736,all,39,22,889,4952,33,42684,0,0,0,0,0,F,13,Sox9+/Id2+ epithelial cell,42,22,1,1,1_1,AT2
F-737,all,50,28,901,5497,31,67024,0,0,0,0,0,F,7,Alveolar fibroblast 1,50,28,7,7,7_3,Tcell (CD8)
F-739,all,17,15,318,4151,21,47107,0,0,0,0,0,F,2,Inflammatory monocyte,36,16,3,3,3_2,SMC
F-740,all,17,10,1315,4534,9,34030,0,0,0,0,0,F,3,Alveolar macrophage,39,10,6,6,6,AT1
F-741,all,69,25,655,5305,14,49887,0,0,0,0,0,F,44,Alveolar type 2 cell,55,25,1,1,1_1,AT2
F-742,all,20,4,1042,4750,23,30106,0,0,0,0,0,F,17,Alveolar type 2 cell,43,4,1,1,1_1,AT2
F-743,all,24,15,662,5659,22,93850,0,0,0,0,0,F,7,CD8+ T cell,42,15,7,7,7_2,PatrolMac
F-744,all,28,13,335,5247,6,27362,0,0,0,0,0,F,9,Alveolar type 1 cell,42,13,6,6,6,AT1
F-745,all,93,19,442,4146,22,96724,0,0,0,0,0,F,76,Alveolar type 2 cell,53,18,1,1,1_1,AT2
F-747,all,18,16,234,5262,19,66248,0,0,0,0,0,F,6,B cell,38,16,9,9,9,Bcell
F-750,all,24,19,567,4860,24,88588,0,0,0,0,0,F,9,Alveolar fibroblast 1,42,20,2,2,2_5,DC
F-751,all,87,39,1189,4503,31,69411,0,0,0,0,0,F,13,Alveolar type 1 cell,61,39,6,6,6,AT1
F-756,all,7,6,1223,4111,9,18516,0,0,0,0,0,F,2,Alveolar type 1 cell,27,8,6,6,6,AT1
F-759,all,25,16,728,4798,12,52123,0,0,0,0,0,F,5,Endothelial progenitor cell,39,16,2,2,2_1,Capillary
F-761,all,20,13,1321,4924,9,46411,0,0,0,0,0,F,2,Sox9+/Id2+ epithelial cell,41,14,2,2,2_2,InflamMac
F-762,all,31,7,697,5539,10,28690,0,0,0,0,0,F,26,Sox9+/Id2+ epithelial cell,43,7,1,1,1_1,AT2
F-763,all,25,19,58,5099,13,66877,0,0,0,0,0,F,9,B cell,46,19,3,3,3_4,AdventitialFib
F-764,all,32,17,357,4149,30,60710,0,0,0,0,0,F,7,Capillary 1 cell,41,17,2,2,2_1,Capillary
F-766,all,24,12,1906,4884,21,64806,0,0,0,0,0,F,3,Alveolar fibroblast 1,44,13,1,1,1_5_1,LymphaticEndo
F-767,all,36,22,738,4178,19,91149,0,0,0,0,0,F,13,Arterial endothelial cell,42,23,2,2,2_4,Artery
F-768,all,20,8,243,5623,19,47755,0,0,0,0,0,F,14,Sox9+/Id2+ epithelial cell,41,8,1,1,1_1,AT2
F-771,all,10,7,1546,4710,37,32588,0,0,0,0,0,F,2,Ciliated cell,27,7,6,6,6,AT1
F-772,all,18,14,656,3985,25,103107,0,0,0,0,0,F,3,AT1/AT2,39,14,6,6,6,AT1
F-774,all,58,26,869,4212,27,107113,0,0,0,0,0,F,10,Alveolar type 1 cell,52,26,2,2,2_1,Capillary
F-775,all,18,13,898,4998,34,31159,0,0,0,0,0,F,5,Sox9+/Id2+ epithelial cell,40,13,2,2,2_1,Capillary
F-777,all,39,27,230,4199,22,73116,0,0,0,0,0,F,11,B cell,42,27,9,9,9,Bcell
F-779,all,29,18,869,5133,27,84506,0,0,0,0,0,F,5,Pericyte,37,18,5,5,5_3,Pericyte
F-783,all,17,13,1834,4842,24,61810,0,0,0,0,0,F,3,Pericyte,35,13,5,5,5_1,Pericyte
F-786,all,22,14,156,5096,14,76952,0,0,0,0,0,F,3,Inflammatory monocyte,40,14,7,7,7_2,PatrolMac
F-794,all,46,23,672,4135,21,68393,0,0,0,0,0,F,24,Alveolar fibroblast 1,50,24,3,3,3_1,SMC
F-795,all,17,10,546,4927,18,76945,0,0,0,0,0,F,3,Alveolar macrophage,36,10,8,8,8_1,AlveolarMac
F-796,all,20,13,604,5355,31,37711,0,0,0,0,0,F,2,Alveolar fibroblast 1,39,13,1,1,1_5_4,pDC
F-797,all,64,28,904,5067,22,72898,0,0,0,0,0,F,8,Alveolar type 1 cell,56,28,6,6,6,AT1
F-798,all,51,21,199,5133,20,92991,0,0,0,0,0,F,26,Alveolar type 2 cell,50,21,1,1,1_3,AT2
F-800,all,12,12,612,4020,25,62292,0,0,0,0,0,F,2,Capillary 1 cell,29,11,2,2,2_1,Capillary
F-801,all,45,18,965,5513,37,34315,0,0,0,0,0,F,6,Alveolar type 1 cell,46,18,6,6,6,AT1
F-806,all,21,13,1063,4294,15,48874,0,0,0,0,0,F,3,Alveolar type 1 cell,39,13,2,2,2_1,Capillary
F-810,all,33,21,1198,5446,27,74011,0,0,0,0,0,F,3,Pericyte,41,21,5,5,5_1,Pericyte
F-812,all,25,17,503,4217,26,43286,0,0,0,0,0,F,7,Capillary 2 cell,47,18,2,2,2_1,Capillary
F-815,all,28,17,289,4102,30,64747,0,0,0,0,0,F,4,CD8+ T cell,43,17,7,7,7_2,PatrolMac
F-817,all,32,20,1559,3857,26,88349,0,0,0,0,0,F,4,Capillary 1 cell,41,20,2,2,2_1,Capillary
F-818,all,9,8,1502,4092,10,21343,0,0,0,0,0,F,3,Capillary 1 cell,32,8,2,2,2_1,Capillary
F-821,all,14,10,992,5073,6,26137,0,0,0,0,0,F,3,Capillary 1 cell,29,10,2,2,2_3,Vein
F-824,all,54,13,1422,3820,36,58886,0,0,0,0,0,F,2,Alveolar type 1 cell,51,13,6,6,6,AT1
F-826,all,28,17,611,4056,13,50853,0,0,0,0,0,F,5,Capillary 1 cell,42,19,2,2,2_5,DC
F-827,all,38,26,1393,4599,21,82421,0,0,0,0,0,F,8,Alveolar fibroblast 1,43,27,2,2,2_1,Capillary
F-828,all,32,16,332,4258,37,32148,0,0,0,0,0,F,2,Arterial endothelial cell,42,17,2,2,2_4,Artery
F-830,all,101,34,110,5406,18,95036,0,0,0,0,0,F,69,Pericyte,56,25,5,5,5_1,Pericyte
F-831,all,119,18,298,4030,25,125138,0,0,0,0,0,F,96,Alveolar type 2 cell,48,9,1,1,1_1,AT2
F-832,all,46,17,811,4316,10,54457,0,0,0,0,0,F,29,Alveolar type 2 cell,50,19,2,2,2_1,Capillary
F-838,all,39,22,964,4791,30,89055,0,0,0,0,0,F,5,Endothelial progenitor cell,42,22,3,3,3_4,AdventitialFib
F-841,all,26,11,1627,5157,38,39844,0,0,0,0,0,F,15,Sox9+/Id2+ epithelial cell,46,11,1,1,1_3,AT2
F-842,all,14,11,1786,4838,33,61249,0,0,0,0,0,F,3,B cell,30,11,9,9,9,Bcell
F-843,all,45,20,1377,5182,22,92441,0,0,0,0,0,F,5,Capillary 1 cell,45,20,2,2,2_3,Vein
F-844,all,22,11,1846,4880,33,49498,0,0,0,0,0,F,3,Capillary 1 cell,43,11,2,2,2_1,Capillary
F-848,all,11,6,1026,4068,8,24667,0,0,0,0,0,F,5,Alveolar fibroblast 1,30,7,2,2,2_4,Artery
F-849,all,20,17,1492,3951,38,37940,0,0,0,0,0,F,4,Secondary crest myofibroblast,39,17,3,3,3_6,SCMF
F-851,all,41,22,26,4742,27,79813,0,0,0,0,0,F,13,Arterial endothelial cell,44,22,3,3,3_1,SMC
F-852,all,19,14,32,4376,34,53631,0,0,0,0,0,F,3,Alveolar fibroblast 1,40,15,1,1,1_5_1,LymphaticEndo
F-853,all,11,8,1681,5218,18,39591,0,0,0,0,0,F,2,B cell,27,8,9,9,9,Bcell
F-855,all,14,5,471,5289,40,15017,0,0,0,0,0,F,4,Alveolar type 1 cell,36,5,6,6,6,AT1
F-857,all,12,9,1514,3820,36,27978,0,0,0,0,0,F,2,Inflammatory monocyte,28,10,2,2,2_5,DC
F-859,all,92,14,668,5508,14,71618,0,0,0,0,0,F,80,AT1/AT2,54,14,1,1,1_1,AT2
F-860,all,17,13,150,5380,36,29488,0,0,0,0,0,F,7,Alveolar fibroblast 1,41,14,2,2,2_4,Artery
F-861,all,51,18,22,5341,14,91293,0,0,0,0,0,F,5,Alveolar type 1 cell,50,18,6,6,6,AT1
F-863,all,61,18,1717,4910,20,87896,0,0,0,0,0,F,42,Alveolar type 2 cell,52,18,1,1,1_1,AT2
F-865,all,19,16,602,4141,25,54456,0,0,0,0,0,F,5,Venous endothelial cell,39,16,3,3,3_4,AdventitialFib
F-866,all,20,13,164,4325,24,47276,0,0,0,0,0,F,7,Alveolar type 1 cell,38,14,3,3,3_1,SMC
F-867,all,108,22,394,5277,8,61471,0,0,0,0,0,F,91,Alveolar type 2 cell,50,13,1,1,1_3,AT2
F-871,all,46,30,551,5292,30,98508,0,0,0,0,0,F,7,Alveolar fibroblast 1,48,30,1,1,1_5_1,LymphaticEndo
F-879,all,41,25,1109,5571,26,95996,0,0,0,0,0,F,5,B cell,43,25,9,9,9,Bcell
F-880,all,41,26,1097,4657,21,106708,0,0,0,0,0,F,19,Pericyte,42,26,5,5,5_1,Pericyte
F-883,all,77,23,60,4721,29,95834,0,0,0,0,0,F,18,Ciliated cell,54,23,6,6,6,AT1
F-884,all,33,23,418,5603,22,79961,0,0,0,0,0,F,11,Alveolar fibroblast 1,42,24,2,2,2_4,Artery
F-885,all,31,15,410,5345,17,88541,0,0,0,0,0,F,14,Sox9+/Id2+ epithelial cell,41,15,1,1,1_1,AT2
F-887,all,35,19,638,4141,19,72058,0,0,0,0,0,F,15,Alveolar fibroblast 1,41,20,3,3,3_1,SMC
F-889,all,34,10,695,4107,29,57547,0,0,0,0,0,F,23,Alveolar type 2 cell,45,10,1,1,1_1,AT2
F-891,all,26,19,176,5401,29,46256,0,0,0,0,0,F,5,Alveolar fibroblast 1,44,19,8,8,8_2,InterstitialMac
F-897,all,139,24,717,5115,27,125859,0,0,0,0,0,F,112,Alveolar type 2 cell,47,9,1,1,1_1,AT2
F-898,all,76,34,699,5315,25,111048,0,0,0,0,0,F,36,Pericyte,56,34,5,5,5_1,Pericyte
F-900,all,37,17,1771,3820,17,37464,0,0,0,0,0,F,4,Proliferative mesenchymal progenitor cell,45,18,3,3,3_1,SMC
F-902,all,6,6,465,5165,15,31921,0,0,0,0,0,F,2,Alveolar fibroblast 1,24,8,1,1,1_5_4,pDC
F-903,all,7,5,860,5083,15,31650,0,0,0,0,0,F,4,Alveolar fibroblast 1,28,6,1,1,1_4_1,AlveolarFib
F-905,all,68,16,286,3918,29,79813,0,0,0,0,0,F,57,Alveolar type 2 cell,53,16,1,1,1_3,AT2
F-910,all,16,5,1281,4258,23,30436,0,0,0,0,0,F,10,Alveolar type 2 cell,42,5,1,1,1_1,AT2
F-911,all,20,14,1136,4424,8,31942,0,0,0,0,0,F,6,Sox9+/Id2+ epithelial cell,41,16,2,2,2_5,DC
F-912,all,37,17,258,4046,25,41818,0,0,0,0,0,F,23,Alveolar type 2 cell,43,17,1,1,1_3,AT2
F-913,all,21,14,1241,4275,35,58591,0,0,0,0,0,F,4,Capillary 1 cell,43,14,2,2,2_1,Capillary
F-914,all,36,26,671,4205,18,56654,0,0,0,0,0,F,5,Alveolar macrophage,40,26,8,8,8_2,InterstitialMac
F-915,all,31,19,1884,4679,23,146586,0,0,0,0,0,F,8,Capillary 1 cell,42,20,3,3,3_1,SMC
F-917,all,24,6,357,4897,31,44358,0,0,0,0,0,F,22,Alveolar type 2 cell,45,6,1,1,1_3,AT2
F-918,all,9,8,1118,4382,17,20452,0,0,0,0,0,F,2,Interstitial macrophage,24,9,8,8,8_3,InterstitialMac
F-921,all,47,23,286,5232,12,61617,0,0,0,0,0,F,11,AT1/AT2,47,23,6,6,6,AT1
F-928,all,11,8,1157,4579,25,39546,0,0,0,0,0,F,2,Alveolar type 1 cell,31,8,6,6,6,AT1
F-931,all,15,12,1922,4710,19,49976,0,0,0,0,0,F,5,Arterial endothelial cell,32,13,2,2,2_4,Artery
F-934,all,8,6,255,5113,9,26746,0,0,0,0,0,F,4,B cell,23,7,9,9,9,Bcell
F-935,all,24,17,1493,4062,29,44465,0,0,0,0,0,F,2,Inflammatory monocyte,44,17,3,3,3_4,AdventitialFib
F-942,all,17,14,1748,4891,29,46779,0,0,0,0,0,F,3,Natural killer cell,34,14,7,7,7_2,PatrolMac
F-943,all,31,20,168,5321,18,96215,0,0,0,0,0,F,10,B cell,39,20,9,9,9,Bcell
F-944,all,31,21,1062,4369,20,57758,0,0,0,0,0,F,3,Alveolar fibroblast 1,39,21,8,8,8_1,AlveolarMac
F-946,all,25,15,489,5251,33,54473,0,0,0,0,0,F,7,Pericyte,44,15,5,5,5_1,Pericyte
F-947,all,41,26,1090,4400,15,75963,0,0,0,0,0,F,5,Interstitial macrophage,42,26,8,8,8_3,InterstitialMac
F-949,all,19,12,1328,4127,20,34544,0,0,0,0,0,F,10,Pericyte,38,12,5,5,5_1,Pericyte
F-954,all,138,47,205,5650,19,128002,0,0,0,0,0,F,57,Alveolar type 2 cell,42,17,1,1,1_3,AT2
F-957,all,17,14,2,4034,25,26600,0,0,0,0,0,F,3,Alveolar fibroblast 1,34,14,7,7,7_3,Tcell (CD8)
F-958,all,25,11,445,5233,10,34670,0,0,0,0,0,F,6,Sox9+/Id2+ epithelial cell,45,11,3,3,3_4,AdventitialFib
F-960,all,43,20,908,5036,16,39725,0,0,0,0,0,F,4,Alveolar type 1 cell,45,20,6,6,6,AT1
F-962,all,6,6,1468,4096,6,17164,0,0,0,0,0,F,2,Alveolar fibroblast 1,27,10,1,1,1_5_1,LymphaticEndo
F-963,all,69,31,1310,4584,27,120544,0,0,0,0,0,F,15,Alveolar fibroblast 1,53,31,1,1,1_5_2,AlveolarFib
F-964,all,35,22,198,3993,33,69417,0,0,0,0,0,F,4,Capillary 1 cell,43,22,2,2,2_3,Vein
F-966,all,61,28,173,4283,29,115429,0,0,0,0,0,F,27,CD8+ T cell,54,29,3,3,3_1,SMC
F-967,all,35,22,654,5220,32,99690,0,0,0,0,0,F,4,Inflammatory monocyte,41,23,3,3,3_1,SMC
F-970,all,7,5,170,5044,15,19664,0,0,0,0,0,F,2,Alveolar fibroblast 1,21,8,2,2,2_3,Vein
F-973,all,11,8,1264,4044,39,22509,0,0,0,0,0,F,5,CD8+ T cell,26,8,6,6,6,AT1
F-981,all,45,27,215,5425,18,93358,0,0,0,0,0,F,5,Ciliated cell,45,27,3,3,3_4,AdventitialFib
F-984,all,23,14,200,5171,27,37982,0,0,0,0,0,F,5,Sox9+/Id2+ epithelial cell,46,15,1,1,1_5_2,AlveolarFib
F-986,all,30,23,708,4191,21,77434,0,0,0,0,0,F,2,Sox9+/Id2+ epithelial cell,38,23,8,8,8_3,InterstitialMac
F-992,all,25,17,1174,3953,17,55986,0,0,0,0,0,F,7,Capillary 2 cell,45,17,2,2,2_6,pDC
F-998,all,10,9,451,4886,22,107944,0,0,0,0,0,F,4,B cell,26,9,9,9,9,Bcell
F-1005,all,48,30,751,4310,30,64426,0,0,0,0,0,F,3,Natural killer cell,49,31,2,2,2_2,InflamMac
F-1006,all,10,7,1086,4340,29,19976,0,0,0,0,0,F,3,Alveolar macrophage,23,7,8,8,8_1,AlveolarMac
F-1010,all,23,17,186,5215,24,53890,0,0,0,0,0,F,8,Innate lymphoid cell,42,17,7,7,7_3,Tcell (CD8)
F-1013,all,6,4,1139,4603,32,20219,0,0,0,0,0,F,2,Venous endothelial cell,22,8,2,2,2_3,Vein
F-1015,all,11,9,304,4979,37,26569,0,0,0,0,0,F,3,CD4+ T cell,32,9,3,3,3_4,AdventitialFib
F-1027,all,19,6,1,4707,38,15685,0,0,0,0,0,F,15,Sox9+/Id2+ epithelial cell,42,6,1,1,1_1,AT2
F-1029,all,20,12,228,5162,25,33997,0,0,0,0,0,F,6,Sox9+/Id2+ epithelial cell,39,12,1,1,1_3,AT2
F-1032,all,7,5,200,5064,15,18908,0,0,0,0,0,F,4,Alveolar type 1 cell,30,6,6,6,6,AT1
F-1033,all,23,17,1032,4355,28,45750,0,0,0,0,0,F,3,Alveolar type 1 cell,44,17,1,1,1_5_2,AlveolarFib
F-1035,all,10,6,836,5059,17,28789,0,0,0,0,0,F,2,Alveolar fibroblast 1,36,6,1,1,1_5_2,AlveolarFib
F-1038,all,43,16,1335,6232,28,75278,0,0,0,0,0,F,6,CD8+ T cell,46,16,6,6,6,AT1
F-1039,all,120,58,1680,7320,32,43790,0,0,0,0,0,F,34,Arterial endothelial cell,68,53,4,4,4_1_1,CiliatedEpi
F-1040,all,58,31,149,5750,10,56346,0,0,0,0,0,F,7,Inflammatory monocyte,54,31,2,2,2_1,Capillary
F-1043,all,105,46,481,7367,36,51876,0,0,0,0,0,F,12,Alveolar fibroblast 2,59,39,3,3,3_2,SMC
F-1044,all,213,65,1198,6485,17,90480,0,0,0,0,0,F,21,Alveolar type 1 cell,49,33,6,6,6,AT1
F-1045,all,275,60,727,7532,18,63231,0,0,0,0,0,F,187,Venous endothelial cell,49,12,4,4,4_2,ClubEpi
F-1046,all,69,30,512,6448,7,30641,0,0,0,0,0,F,10,CD8+ T cell,52,30,1,1,1_2_1,Tcell (CD4)
F-1047,all,191,68,1123,6713,22,83479,0,0,0,0,0,F,16,Inflammatory monocyte,51,35,3,3,3_6,SCMF
F-1048,all,122,55,333,6630,22,66295,0,0,0,0,0,F,16,Pericyte,42,29,5,5,5_1,Pericyte
F-1049,all,39,21,534,7556,23,59453,0,0,0,0,0,F,14,Inflammatory monocyte,42,21,3,3,3_2,SMC
F-1050,all,460,81,996,7444,19,94616,0,0,0,0,0,F,305,Ciliated cell,52,36,4,4,4_2,CiliatedEpi
F-1052,all,485,86,1091,7426,18,87112,0,0,0,0,0,F,362,Venous endothelial cell,45,34,4,4,4_2,CiliatedEpi
F-1054,all,64,37,850,6059,36,33596,0,0,0,0,0,F,8,Alveolar type 1 cell,59,37,6,6,6,AT1
F-1055,all,22,14,1817,7072,10,40135,0,0,0,0,0,F,5,B cell,41,15,3,3,3_2,SMC
F-1058,all,328,90,939,7485,20,76548,0,0,0,0,0,F,164,Ciliated cell,54,46,4,4,4_2,CiliatedEpi
F-1059,all,28,17,386,5845,8,34960,0,0,0,0,0,F,5,Alveolar type 1 cell,41,17,2,2,2_1,Capillary
F-1060,all,72,32,1262,6253,31,81793,0,0,0,0,0,F,18,CD4+ T cell,54,32,1,1,1_2_1,Tcell (CD4)
F-1061,all,49,27,1203,7234,25,44623,0,0,0,0,0,F,12,Airway smooth muscle cell,49,27,3,3,3_3,AdventitialFib
F-1062,all,439,80,1158,7404,20,83745,0,0,0,0,0,F,337,Ciliated cell,39,29,4,4,4_2,CiliatedEpi
F-1065,all,80,39,1362,6435,21,66180,0,0,0,0,0,F,5,B cell,58,39,9,9,9,Bcell
F-1066,all,81,32,769,6825,16,34559,0,0,0,0,0,F,9,Alveolar type 1 cell,58,33,1,1,1_4_1,AlveolarFib
F-1067,all,41,26,866,6451,22,35579,0,0,0,0,0,F,14,Alveolar macrophage,42,26,1,1,1_2_3,Tcell (CD4)
F-1068,all,350,113,996,7504,31,83181,0,0,0,0,0,F,134,Ciliated cell,42,35,4,4,4_1_2,CiliatedEpi
F-1069,all,42,25,1703,7163,24,50706,0,0,0,0,0,F,13,Alveolar fibroblast 1,45,26,3,3,3_2,SMC
F-1071,all,194,59,888,6409,20,110792,0,0,0,0,0,F,38,Alveolar macrophage,60,40,8,8,8_1,AlveolarMac
F-1072,all,235,72,1160,7437,27,70964,0,0,0,0,0,F,115,Venous endothelial cell,42,29,4,4,4_2,CiliatedEpi
F-1073,all,72,40,1115,6687,22,39101,0,0,0,0,0,F,5,Alveolar fibroblast 1,52,40,1,1,1_5_2,AlveolarFib
F-1074,all,100,42,670,5912,32,90249,0,0,0,0,0,F,10,Secretory cell,62,41,2,2,2_1,Capillary
F-1075,all,38,22,1114,6375,5,16211,0,0,0,0,0,F,5,Alveolar fibroblast 1,43,22,1,1,1_5_2,AlveolarFib
F-1077,all,74,32,1659,6767,37,56121,0,0,0,0,0,F,8,Sox9+/Id2+ epithelial cell,55,33,1,1,1_5_2,AlveolarFib
F-1080,all,24,12,679,7483,29,28875,0,0,0,0,0,F,6,Sox9+/Id2+ epithelial cell,40,12,1,1,1_2_3,Tcell (CD4)
F-1082,all,47,19,453,6024,36,41963,0,0,0,0,0,F,13,CD8+ T cell,47,19,2,2,2_2,InflamMac
F-1084,all,117,49,1207,6927,37,41932,51,0,51,0,1,F,9,Proliferative mesenchymal progenitor cell,45,23,1,1,1_2_3,Tcell (CD4)
F-1085,all,367,88,1151,7476,29,83073,0,0,0,0,0,F,209,Secretory cell,50,38,4,4,4_2,CiliatedEpi
F-1087,all,272,115,956,7542,38,55174,0,0,0,0,0,F,68,Ciliated cell,45,34,4,4,4_1_1,ClubEpi
F-1088,all,48,24,1106,5960,14,72164,0,0,0,0,0,F,15,B cell,48,24,9,9,9,Bcell
F-1089,all,283,63,1303,7388,22,76719,0,0,0,0,0,F,161,Capillary 1 cell,47,27,4,4,4_2,CiliatedEpi
F-1090,all,114,55,836,6529,26,79452,0,0,0,0,0,F,29,B cell,45,32,9,9,9,Bcell
F-1091,all,18,12,1776,7109,35,33818,0,0,0,0,0,F,7,Airway smooth muscle cell,35,12,3,3,3_2,SMC
F-1092,all,32,17,1240,7297,38,27785,0,0,0,0,0,F,12,Secondary crest myofibroblast,42,18,3,3,3_2,SMC
F-1094,all,135,37,1916,7163,16,69406,0,0,0,0,0,F,90,Secretory cell,48,13,4,4,4_2,ClubEpi
F-1095,all,251,49,817,7496,13,43377,0,0,0,0,0,F,192,Ciliated cell,63,48,4,4,4_2,CiliatedEpi
F-1098,all,28,12,1235,6070,11,23178,0,0,0,0,0,F,4,Alveolar fibroblast 1,42,12,1,1,1_4_3,AlveolarFib
F-1099,all,72,36,948,7363,18,41084,0,0,0,0,0,F,10,Secondary crest myofibroblast,56,36,3,3,3_3,AdventitialFib
F-1101,all,105,40,661,6402,9,49800,0,0,0,0,0,F,14,Alveolar fibroblast 1,57,35,1,1,1_5_4,pDC
F-1103,all,184,67,1083,7537,37,36517,0,0,0,0,0,F,95,Ciliated cell,45,34,4,4,4_2,CiliatedEpi
F-1106,all,69,24,762,5868,20,63109,0,0,0,0,0,F,34,Alveolar fibroblast 1,55,24,1,1,1_4_3,AlveolarFib
F-1107,all,59,27,416,7567,21,70225,0,0,0,0,0,F,30,Secondary crest myofibroblast,56,28,3,3,3_2,SMC
F-1108,all,86,37,196,5887,24,92951,0,0,0,0,0,F,15,Inflammatory monocyte,59,37,2,2,2_2,InflamMac
F-1111,all,17,12,545,6626,13,18511,0,0,0,0,0,F,3,Alveolar type 1 cell,36,13,1,1,1_4_1,AlveolarFib
F-1113,all,76,38,1098,5772,36,35600,0,0,0,0,0,F,7,Alveolar type 1 cell,57,39,1,1,1_4_1,AlveolarFib
F-1115,all,142,56,780,6771,28,88131,0,0,0,0,0,F,27,B cell,50,29,9,9,9,Bcell
F-1118,all,338,70,1467,7286,20,77846,102,102,0,1,0,F,256,Venous endothelial cell,42,30,4,4,4_2,CiliatedEpi
F-1122,all,158,66,1082,6607,24,83389,53,0,53,0,1,F,19,Alveolar fibroblast 1,47,34,1,1,1_5_1,LymphaticEndo
F-1124,all,129,42,812,6078,34,59588,0,0,0,0,0,F,8,Alveolar type 1 cell,45,20,6,6,6,AT1
F-1125,all,119,49,1160,6667,18,79558,0,0,0,0,0,F,12,Innate lymphoid cell,45,28,2,2,2_5,DC
F-1127,all,42,20,1899,6369,19,45250,0,0,0,0,0,F,2,B cell,44,20,9,9,9,Bcell
F-1128,all,300,57,1549,7241,20,67116,0,0,0,0,0,F,211,Capillary 1 cell,49,33,4,4,4_2,CiliatedEpi
F-1129,all,81,35,1345,6397,23,49290,0,0,0,0,0,F,16,Alveolar fibroblast 1,56,36,3,3,3_5,SMC
F-1130,all,258,60,1414,7280,17,74119,0,0,0,0,0,F,146,Ciliated cell,46,34,4,4,4_2,CiliatedEpi
F-1132,all,195,59,1590,7260,21,104902,0,0,0,0,0,F,114,Venous endothelial cell,65,49,4,4,4_2,CiliatedEpi
F-1133,all,81,41,1399,7137,26,74917,0,0,0,0,0,F,23,Secondary crest myofibroblast,57,41,3,3,3_2,SMC
F-1135,all,84,44,1797,7295,38,30752,0,0,0,0,0,F,32,Ciliated cell,57,43,4,4,4_1_1,CiliatedEpi
F-1136,all,49,28,1085,6932,28,34048,0,0,0,0,0,F,2,Mast cell,49,28,7,7,7_2,PatrolMac
F-1137,all,201,65,141,5689,23,102625,0,0,0,0,0,F,23,Proliferative mesenchymal progenitor cell,50,34,1,1,1_2_1,Tcell (CD4)
F-1138,all,368,106,1733,7298,26,91019,0,0,0,0,0,F,212,Arterial endothelial cell,46,38,4,4,4_2,CiliatedEpi
F-1139,all,244,67,477,6771,27,94107,0,0,0,0,0,F,46,Alveolar type 1 cell,49,28,3,3,3_5,SMC
F-1140,all,35,23,1615,7151,20,52898,0,0,0,0,0,F,6,Secondary crest myofibroblast,40,23,3,3,3_6,SCMF
F-1141,all,112,42,705,5860,28,91199,0,0,0,0,0,F,34,Alveolar fibroblast 1,50,26,1,1,1_4_3,AlveolarFib
F-1142,all,196,75,1725,7335,35,51652,0,0,0,0,0,F,87,Venous endothelial cell,43,32,4,4,4_1_2,CiliatedEpi
F-1144,all,28,19,702,7472,25,36618,0,0,0,0,0,F,10,CD4+ T cell,37,20,3,3,3_2,SMC
F-1146,all,93,29,508,6823,17,45055,0,0,0,0,0,F,49,Proliferative mesenchymal progenitor cell,58,29,3,3,3_1,SMC
F-1147,all,11,7,273,5921,6,12303,0,0,0,0,0,F,4,Alveolar type 1 cell,31,8,1,1,1_4_3,AlveolarFib
F-1148,all,93,44,48,6505,28,66618,0,0,0,0,0,F,23,T regulatory cell,63,44,1,1,1_5_2,AlveolarFib
F-1149,all,32,4,401,5779,7,23141,0,0,0,0,0,F,31,Alveolar type 2 cell,45,4,1,1,1_1,AT2
F-1150,all,456,96,1223,7446,30,97453,0,0,0,0,0,F,218,Ciliated cell,49,21,4,4,4_2,ClubEpi
F-1151,all,273,64,1312,7432,30,66568,0,0,0,0,0,F,139,Ciliated cell,52,23,4,4,4_2,ClubEpi
F-1152,all,114,49,172,6698,29,47849,0,0,0,0,0,F,11,Inflammatory monocyte,41,19,3,3,3_3,AdventitialFib
F-1153,all,37,18,1258,7239,32,30313,0,0,0,0,0,F,20,Airway smooth muscle cell,41,19,3,3,3_2,SMC
F-1155,all,30,17,484,6396,39,20575,0,0,0,0,0,F,7,CD8+ T cell,41,17,3,3,3_3,AdventitialFib
F-1156,all,78,31,1153,7289,26,86755,0,0,0,0,0,F,29,Airway smooth muscle cell,58,31,3,3,3_2,SMC
F-1157,all,185,73,1319,6583,19,84197,0,0,0,0,0,F,23,Interstitial macrophage,58,42,8,8,8_2,InterstitialMac
F-1158,all,203,57,1871,6257,20,112916,0,0,0,0,0,F,15,T regulatory cell,62,39,8,8,8_1,AlveolarMac
F-1159,all,87,44,308,6744,39,28196,0,0,0,0,0,F,5,Alveolar macrophage,61,45,1,1,1_4_1,AlveolarFib
F-1162,all,145,47,1447,7336,26,46396,0,0,0,0,0,F,86,Ciliated cell,62,46,4,4,4_2,CiliatedEpi
F-1163,all,61,27,1340,6544,14,29824,220,220,0,1,0,F,13,Inflammatory monocyte,54,28,2,2,2_2,InflamMac
F-1166,all,322,70,1274,7423,31,62965,0,0,0,0,0,F,193,Arterial endothelial cell,50,15,4,4,4_2,ClubEpi
F-1167,all,150,36,1413,6158,18,66627,0,0,0,0,0,F,88,Alveolar type 2 cell,50,17,3,3,3_5,SMC
F-1169,all,212,74,1574,7343,31,47066,0,0,0,0,0,F,100,Ciliated cell,44,32,4,4,4_1_2,CiliatedEpi
F-1170,all,63,23,618,6272,12,40394,0,0,0,0,0,F,22,CD4+ T cell,50,23,7,7,7_4,PatrolMac
F-1174,all,39,21,1274,6127,37,35062,0,0,0,0,0,F,9,Alveolar macrophage,43,23,2,2,2_5,DC
F-1175,all,123,55,1336,7467,39,34074,0,0,0,0,0,F,54,Ciliated cell,44,21,4,4,4_1_2,ClubEpi
F-1176,all,20,8,1208,6159,9,19549,0,0,0,0,0,F,5,Endothelial progenitor cell,38,8,3,3,3_4,AdventitialFib
F-1177,all,25,11,981,6276,40,14686,0,0,0,0,0,F,4,Proliferative mesenchymal progenitor cell,43,11,1,1,1_5_2,AlveolarFib
F-1178,all,46,22,1065,5716,14,37111,0,0,0,0,0,F,6,B cell,46,22,9,9,9,Bcell
F-1179,all,293,92,884,7524,27,74614,0,0,0,0,0,F,140,Arterial endothelial cell,45,20,4,4,4_1_2,ClubEpi
F-1181,all,84,38,436,6206,25,77266,0,0,0,0,0,F,6,B cell,60,38,7,7,7_3,Tcell (CD8)
F-1182,all,350,78,1666,7279,24,75099,0,0,0,0,0,F,238,Venous endothelial cell,53,16,4,4,4_2,ClubEpi
F-1183,all,467,86,884,7478,20,124700,0,0,0,0,0,F,295,Ciliated cell,55,42,4,4,4_2,CiliatedEpi
F-1185,all,94,47,1481,7392,35,23011,0,0,0,0,0,F,21,Ciliated cell,67,47,4,4,4_1_1,CiliatedEpi
F-1186,all,38,23,840,7163,41,18879,0,0,0,0,0,F,3,CD4+ T cell,41,23,1,1,1_2_1,Tcell (CD4)
F-1188,all,89,37,512,6687,16,37439,57,0,57,0,1,F,13,Arterial endothelial cell,59,36,2,2,2_1,Capillary
F-1191,all,47,21,39,5865,34,51457,0,0,0,0,0,F,2,CD4+ T cell,47,21,7,7,7_3,Tcell (CD8)
F-1192,all,199,74,1271,6679,23,82912,0,0,0,0,0,F,14,Alveolar macrophage,54,42,3,3,3_2,SMC
F-1196,all,285,44,1862,7163,13,80517,0,0,0,0,0,F,237,Alveolar fibroblast 1,54,7,4,4,4_2,ClubEpi
F-1197,all,82,32,931,7449,22,21154,0,0,0,0,0,F,39,Endothelial progenitor cell,60,32,4,4,4_2,ClubEpi
F-1198,all,62,28,1638,7125,14,67454,0,0,0,0,0,F,26,Secondary crest myofibroblast,56,28,3,3,3_2,SMC
F-1199,all,84,36,1307,6117,24,75213,0,0,0,0,0,F,13,Alveolar macrophage,58,36,5,5,5_1,Pericyte
F-1201,all,389,95,774,7516,16,99994,0,0,0,0,0,F,203,Ciliated cell,50,37,4,4,4_2,CiliatedEpi
F-1204,all,81,33,438,6630,36,38153,0,0,0,0,0,F,10,Sox9+/Id2+ epithelial cell,58,34,2,2,2_2,InflamMac
F-1205,all,82,42,918,7365,14,52977,0,0,0,0,0,F,18,Secondary crest myofibroblast,55,42,3,3,3_4,AdventitialFib
F-1206,all,200,26,1630,7225,13,41558,0,0,0,0,0,F,169,Ciliated cell,42,25,4,4,4_2,CiliatedEpi
F-1208,all,156,58,1923,6690,27,114758,0,0,0,0,0,F,24,CD8+ T cell,51,34,1,1,1_4_1,AlveolarFib
F-1209,all,13,10,1755,7092,39,14039,0,0,0,0,0,F,4,Airway smooth muscle cell,32,11,3,3,3_2,SMC
F-1210,all,31,17,1625,7176,35,26340,0,0,0,0,0,F,14,Airway smooth muscle cell,39,17,3,3,3_2,SMC
F-1211,all,15,12,610,5763,31,41237,0,0,0,0,0,F,4,Mesothelial cell,30,12,3,3,3_3,AdventitialFib
F-1212,all,61,23,1227,6124,10,40282,0,0,0,0,0,F,17,Alveolar fibroblast 1,54,24,1,1,1_4_3,AlveolarFib
F-1213,all,45,19,1220,6636,29,31272,0,0,0,0,0,F,5,B cell,46,19,9,9,9,Bcell
F-1214,all,125,54,1201,7494,36,39632,0,0,0,0,0,F,52,Venous endothelial cell,66,50,4,4,4_1_2,CiliatedEpi
F-1215,all,161,63,1309,6645,27,64539,0,0,0,0,0,F,11,Alveolar type 1 cell,50,33,1,1,1_4_1,AlveolarFib
F-1216,all,169,63,411,6153,24,105531,0,0,0,0,0,F,17,Sox9+/Id2+ epithelial cell,50,33,3,3,3_4,AdventitialFib
F-1217,all,83,36,424,6089,25,38294,53,53,0,1,0,F,17,Alveolar type 2 cell,58,36,7,7,7_2,PatrolMac
F-1218,all,64,32,664,6837,35,32155,0,0,0,0,0,F,20,Alveolar fibroblast 1,57,33,3,3,3_5,SMC
F-1219,all,55,31,42,5727,20,83096,0,0,0,0,0,F,17,Proliferative mesenchymal progenitor cell,53,31,3,3,3_6,SCMF
F-1221,all,33,22,1084,5742,34,29131,0,0,0,0,0,F,5,Alveolar fibroblast 1,43,22,1,1,1_5_1,LymphaticEndo
F-1225,all,36,18,1036,5707,10,21890,0,0,0,0,0,F,7,Inflammatory monocyte,43,18,1,1,1_2_3,Tcell (CD4)
F-1227,all,63,38,1342,6767,33,26701,0,0,0,0,0,F,7,B cell,55,38,2,2,2_6,pDC
F-1228,all,288,74,1100,7476,32,81017,0,0,0,0,0,F,116,Endothelial progenitor cell,55,42,4,4,4_1_2,CiliatedEpi
F-1230,all,161,73,1245,7498,38,34653,0,0,0,0,0,F,64,Ciliated cell,44,22,4,4,4_1_2,ClubEpi
F-1231,all,101,51,321,6678,34,57307,0,0,0,0,0,F,11,B cell,64,48,9,9,9,Bcell
F-1232,all,147,55,1292,6380,17,118417,0,0,0,0,0,F,38,Capillary 2 cell,52,36,1,1,1_4_1,AlveolarFib
F-1233,all,46,26,1544,7188,29,36977,0,0,0,0,0,F,11,Secondary crest myofibroblast,46,26,3,3,3_2,SMC
F-1235,all,17,13,416,5748,13,20707,0,0,0,0,0,F,5,Alveolar fibroblast 1,36,14,1,1,1_4_3,AlveolarFib
F-1237,all,64,34,888,6520,8,32849,0,0,0,0,0,F,3,CD4+ T cell,57,34,1,1,1_5_2,AlveolarFib
F-1238,all,122,47,937,6564,20,60730,0,0,0,0,0,F,13,CD4+ T cell,46,21,1,1,1_4_1,AlveolarFib
F-1239,all,171,63,539,6725,14,77464,0,0,0,0,0,F,6,CD4+ T cell,47,32,1,1,1_2_1,Tcell (CD4)
F-1240,all,90,44,863,6291,39,44115,0,0,0,0,0,F,29,Sox9+/Id2+ epithelial cell,62,43,1,1,1_3,AT2
F-1242,all,90,37,1456,6041,10,81530,0,0,0,0,0,F,4,CD4+ T cell,61,37,2,2,2_1,Capillary
F-1244,all,147,53,803,6810,22,65704,0,0,0,0,0,F,7,Alveolar type 1 cell,46,21,9,9,9,Bcell
F-1245,all,94,41,507,6734,26,60466,0,0,0,0,0,F,12,CD8+ T cell,60,41,7,7,7_2,PatrolMac
F-1248,all,52,26,1148,7019,38,17245,0,0,0,0,0,F,3,Alveolar macrophage,52,26,3,3,3_3,AdventitialFib
F-1249,all,151,33,1655,7242,17,31968,0,0,0,0,0,F,121,Arterial endothelial cell,51,10,4,4,4_2,ClubEpi
F-1254,all,160,58,1083,6671,21,78553,0,0,0,0,0,F,8,Natural killer cell,53,36,7,7,7_3,Tcell (CD8)
F-1255,all,113,42,1327,7228,28,95161,0,0,0,0,0,F,37,Vascular smooth muscle cell,51,27,3,3,3_2,SMC
F-1256,all,200,67,1080,6537,30,68556,0,0,0,0,0,F,15,Alveolar macrophage,53,37,6,6,6,AT1
F-1259,all,182,55,1699,7245,22,58645,0,0,0,0,0,F,105,Capillary 1 cell,53,23,4,4,4_2,ClubEpi
F-1260,all,139,64,424,7381,23,65709,204,0,204,0,1,F,16,Proliferative mesenchymal progenitor cell,47,31,3,3,3_3,AdventitialFib
F-1262,all,106,42,1113,5688,31,52233,0,0,0,0,0,F,15,Mature DC subset,58,33,1,1,1_4_1,AlveolarFib
F-1263,all,137,57,1122,6986,27,55450,0,0,0,0,0,F,9,Interstitial macrophage,45,24,8,8,8_3,InterstitialMac
F-1264,all,25,16,1810,6773,20,13532,0,0,0,0,0,F,2,Natural killer cell,45,17,2,2,2_2,InflamMac
F-1265,all,440,122,842,7539,28,105547,0,0,0,0,0,F,185,Arterial endothelial cell,43,36,4,4,4_1_2,CiliatedEpi
F-1269,all,170,57,1539,7348,34,44127,0,0,0,0,0,F,79,Ciliated cell,43,25,4,4,4_1_2,CiliatedEpi
F-1271,all,84,49,450,6149,21,44662,0,0,0,0,0,F,5,CD4+ T cell,64,49,1,1,1_2_1,Tcell (CD4)
F-1272,all,33,21,755,7424,39,12526,0,0,0,0,0,F,3,Alveolar macrophage,41,22,3,3,3_2,SMC
F-1276,all,277,65,1518,7284,20,70044,0,0,0,0,0,F,191,Venous endothelial cell,46,35,4,4,4_2,CiliatedEpi
F-1278,all,134,54,826,6320,25,97837,0,0,0,0,0,F,12,Inflammatory monocyte,49,33,7,7,7_2,PatrolMac
F-1283,all,179,65,1045,6572,23,60531,0,0,0,0,0,F,13,Inflammatory monocyte,53,37,3,3,3_1,SMC
F-1285,all,54,33,487,6158,18,47657,0,0,0,0,0,F,6,Alveolar type 1 cell,54,34,3,3,3_5,SMC
F-1286,all,125,58,1654,7351,38,28879,0,0,0,0,0,F,30,Ciliated cell,42,27,4,4,4_1_1,ClubEpi
F-1289,all,141,59,833,6230,36,75677,0,0,0,0,0,F,14,Alveolar fibroblast 1,47,30,1,1,1_5_4,pDC
F-1291,all,88,32,1137,6249,30,100969,0,0,0,0,0,F,23,CD4+ T cell,58,32,1,1,1_2_1,Tcell (CD4)
F-1293,all,139,69,1399,7409,35,39084,0,0,0,0,0,F,55,Endothelial progenitor cell,42,25,4,4,4_1_2,ClubEpi
F-1295,all,118,52,203,6726,26,54202,0,0,0,0,0,F,10,Natural killer cell,43,28,2,2,2_2,InflamMac
F-1298,all,412,98,1492,7350,29,108672,0,0,0,0,0,F,244,Ciliated cell,52,39,4,4,4_2,CiliatedEpi
F-1302,all,172,65,1515,7099,26,108081,0,0,0,0,0,F,30,Alveolar fibroblast 2,53,39,3,3,3_3,AdventitialFib
F-1303,all,30,21,181,6583,38,15939,0,0,0,0,0,F,2,Natural killer cell,39,22,2,2,2_2,InflamMac
F-1304,all,357,71,1881,7216,17,93680,0,0,0,0,0,F,275,Arterial endothelial cell,40,31,4,4,4_2,CiliatedEpi
F-1306,all,304,85,234,6684,30,117072,0,0,0,0,0,F,32,Mesothelial cell,57,42,3,3,3_4,AdventitialFib
F-1307,all,130,47,565,7582,19,51178,0,0,0,0,0,F,73,Ciliated cell,62,47,4,4,4_2,CiliatedEpi
F-1309,all,82,28,1100,6967,31,27775,0,0,0,0,0,F,4,T regulatory cell,56,29,1,1,1_6_2,Neutrophil
F-1311,all,76,37,470,6516,31,52182,0,0,0,0,0,F,17,B cell,57,37,9,9,9,Bcell
F-1312,all,102,42,515,6278,15,70591,0,0,0,0,0,F,6,Pericyte,61,38,1,1,1_2_1,Tcell (CD4)
F-1314,all,64,26,923,6536,23,46555,0,0,0,0,0,F,4,Sox9+/Id2+ epithelial cell,53,26,6,6,6,AT1
F-1315,all,163,54,1251,7021,32,102485,0,0,0,0,0,F,7,CD8+ T cell,51,31,2,2,2_2,InflamMac
F-1319,all,186,62,1268,7461,31,52900,0,0,0,0,0,F,103,Arterial endothelial cell,59,44,4,4,4_2,CiliatedEpi
F-1321,all,96,16,837,7467,13,17488,0,0,0,0,0,F,81,B cell,58,14,4,4,4_2,ClubEpi
F-1322,all,232,83,27,6474,18,114095,0,0,0,0,0,F,33,Alveolar fibroblast 1,52,40,1,1,1_4_1,AlveolarFib
F-1326,all,55,28,796,6335,12,40137,0,0,0,0,0,F,5,Sox9+/Id2+ epithelial cell,52,29,1,1,1_6_2,Neutrophil
F-1327,all,495,118,1374,7352,22,106248,0,0,0,0,0,F,266,Ciliated cell,44,11,4,4,4_2,ClubEpi
F-1328,all,14,8,1832,6794,41,6950,0,0,0,0,0,F,3,Chondrocyte,31,8,1,1,1_2_1,Tcell (CD4)
F-1330,all,207,50,1759,7203,18,73587,0,0,0,0,0,F,127,Endothelial progenitor cell,64,46,4,4,4_2,CiliatedEpi
F-1331,all,35,19,587,6254,10,33127,0,0,0,0,0,F,5,Inflammatory monocyte,41,21,2,2,2_5,DC
F-1332,all,99,49,824,6849,37,42576,0,0,0,0,0,F,17,Alveolar fibroblast 2,65,45,3,3,3_3,AdventitialFib
F-1336,all,166,78,727,7595,35,40176,0,0,0,0,0,F,34,Ciliated cell,44,33,4,4,4_1_1,ClubEpi
F-1337,all,155,60,1231,6672,23,84123,50,0,50,0,1,F,14,B cell,50,34,9,9,9,Bcell
F-1340,all,61,26,1279,6829,31,32409,0,0,0,0,0,F,3,CD8+ T cell,54,27,2,2,2_2,InflamMac
F-1343,all,258,70,573,6811,22,115755,0,0,0,0,0,F,55,Alveolar fibroblast 1,44,26,2,2,2_2,InflamMac
F-1344,all,49,27,394,7380,28,22037,0,0,0,0,0,F,8,Proliferative mesenchymal progenitor cell,49,27,3,3,3_3,AdventitialFib
F-1345,all,33,19,1672,7149,21,36513,0,0,0,0,0,F,16,Airway smooth muscle cell,40,20,3,3,3_2,SMC
F-1346,all,38,22,442,5729,19,42084,0,0,0,0,0,F,7,CD4+ T cell,43,23,3,3,3_2,SMC
F-1348,all,214,50,1458,7242,21,83915,0,0,0,0,0,F,134,Ciliated cell,61,43,4,4,4_2,CiliatedEpi
F-1349,all,256,57,1029,6602,21,92695,0,0,0,0,0,F,47,Alveolar type 1 cell,50,25,9,9,9,Bcell
F-1351,all,366,72,1299,7339,20,98996,0,0,0,0,0,F,211,Ciliated cell,51,31,4,4,4_2,CiliatedEpi
F-1352,all,158,61,1073,6705,25,67191,0,0,0,0,0,F,8,Inflammatory monocyte,48,31,1,1,1_5_2,AlveolarFib
F-1356,all,400,97,1437,7377,30,97833,0,0,0,0,0,F,222,Ciliated cell,52,40,4,4,4_2,CiliatedEpi
F-1360,all,45,26,670,5797,33,35125,0,0,0,0,0,F,6,CD8+ T cell,48,27,1,1,1_4_1,AlveolarFib
F-1362,all,25,17,319,5978,11,38893,0,0,0,0,0,F,3,AT1/AT2,47,18,1,1,1_4_1,AlveolarFib
F-1366,all,46,25,1010,7355,35,40174,0,0,0,0,0,F,10,Secondary crest myofibroblast,51,26,3,3,3_2,SMC
F-1367,all,487,108,700,7561,24,121232,0,0,0,0,0,F,257,Secretory cell,43,32,4,4,4_2,CiliatedEpi
F-1368,all,38,22,409,6112,31,30760,0,0,0,0,0,F,7,Natural killer cell,43,23,2,2,2_2,InflamMac
F-1371,all,40,23,515,6649,12,22940,0,0,0,0,0,F,3,Inflammatory monocyte,42,23,1,1,1_2_1,Tcell (CD4)
F-1372,all,198,53,528,7600,20,29539,0,0,0,0,0,F,128,Endothelial progenitor cell,62,50,4,4,4_2,CiliatedEpi
F-1374,all,119,34,1269,7372,23,20136,0,0,0,0,0,F,68,Arterial endothelial cell,57,34,4,4,4_2,CiliatedEpi
F-1376,all,169,57,1206,7189,26,105826,0,0,0,0,0,F,41,Airway smooth muscle cell,46,29,3,3,3_6,SCMF
F-1377,all,183,65,1193,6689,23,95390,0,0,0,0,0,F,8,Inflammatory monocyte,54,35,8,8,8_1,AlveolarMac
F-1378,all,45,25,629,5803,32,79426,0,0,0,0,0,F,4,Mesothelial cell,45,25,3,3,3_3,AdventitialFib
F-1380,all,151,61,890,6190,29,94790,0,0,0,0,0,F,6,Alveolar type 1 cell,45,27,2,2,2_2,InflamMac
F-1381,all,61,25,463,6083,14,37621,0,0,0,0,0,F,16,CD8+ T cell,53,26,3,3,3_2,SMC
F-1382,all,58,31,551,6870,36,19624,0,0,0,0,0,F,4,B cell,55,33,2,2,2_5,DC
F-1383,all,134,55,805,6502,31,65492,0,0,0,0,0,F,9,Mesothelial cell,42,26,3,3,3_3,AdventitialFib
F-1384,all,24,10,1235,7221,15,35941,0,0,0,0,0,F,14,Secondary crest myofibroblast,40,10,3,3,3_2,SMC
F-1385,all,22,12,1169,7207,9,24926,0,0,0,0,0,F,11,Alveolar macrophage,43,13,3,3,3_2,SMC
F-1387,all,158,55,395,6602,21,82854,0,0,0,0,0,F,15,Capillary 1 cell,46,30,2,2,2_1,Capillary
F-1388,all,185,60,1363,7392,29,51291,0,0,0,0,0,F,82,Ciliated cell,51,22,4,4,4_1_2,ClubEpi
F-1391,all,147,63,1324,6733,23,69432,0,0,0,0,0,F,13,B cell,46,28,9,9,9,Bcell
F-1392,all,15,10,1775,6780,4,14429,0,0,0,0,0,F,7,Alveolar fibroblast 1,31,10,3,3,3_4,AdventitialFib
F-1395,all,160,55,1342,7182,25,107434,0,0,0,0,0,F,24,Mesothelial cell,49,25,3,3,3_3,AdventitialFib
F-1396,all,231,62,627,6837,24,96000,51,0,51,0,1,F,116,Alveolar fibroblast 2,48,24,3,3,3_5,SMC
F-1401,all,93,35,1612,7305,29,43151,0,0,0,0,0,F,33,CD4+ T cell,58,33,4,4,4_1_2,CiliatedEpi
F-1402,all,50,29,1097,5715,29,38285,0,0,0,0,0,F,14,Inflammatory monocyte,50,29,6,6,6,AT1
F-1403,all,36,28,818,6115,37,21258,0,0,0,0,0,F,10,Arterial endothelial cell,39,28,9,9,9,Bcell
F-1405,all,39,26,1713,6816,36,50775,0,0,0,0,0,F,2,Inflammatory monocyte,42,26,3,3,3_4,AdventitialFib
F-1406,all,69,35,1247,7192,30,35942,0,0,0,0,0,F,13,Mesothelial cell,59,35,3,3,3_3,AdventitialFib
F-1408,all,172,58,58,7528,23,103017,0,0,0,0,0,F,15,B cell,53,30,1,1,1_2_1,Tcell (CD4)
F-1409,all,161,74,1144,7524,39,35588,0,0,0,0,0,F,27,Venous endothelial cell,51,37,4,4,4_1_1,CiliatedEpi
F-1410,all,83,37,810,6442,38,47881,0,0,0,0,0,F,11,Alveolar fibroblast 1,54,37,1,1,1_5_1,LymphaticEndo
F-1411,all,142,39,591,7599,23,39294,0,0,0,0,0,F,90,Capillary 1 cell,57,38,4,4,4_2,CiliatedEpi
F-1412,all,35,20,218,5871,12,34758,0,0,0,0,0,F,8,Capillary 1 cell,42,21,2,2,2_1,Capillary
F-1413,all,34,16,279,7599,26,31460,0,0,0,0,0,F,13,Proliferative mesenchymal progenitor cell,42,16,3,3,3_3,AdventitialFib
F-1414,all,47,20,1141,6467,13,28593,0,0,0,0,0,F,26,Alveolar type 2 cell,47,20,1,1,1_3,AT2
F-1416,all,81,32,495,6485,10,47082,0,0,0,0,0,F,8,Alveolar macrophage,57,33,1,1,1_4_1,AlveolarFib
F-1418,all,102,16,517,7585,8,20588,0,0,0,0,0,F,83,Capillary 1 cell,58,13,4,4,4_2,ClubEpi
F-1420,all,276,84,592,6859,29,104234,51,0,51,0,1,F,48,Capillary 2 cell,50,37,1,1,1_2_1,Tcell (CD4)
F-1423,all,62,23,372,7582,17,88591,0,0,0,0,0,F,32,Secondary crest myofibroblast,52,23,3,3,3_2,SMC
F-1424,all,39,22,1758,6820,37,36128,0,0,0,0,0,F,2,Proliferative mesenchymal progenitor cell,43,22,3,3,3_3,AdventitialFib
F-1426,all,240,59,1214,7380,21,90422,0,0,0,0,0,F,124,Arterial endothelial cell,45,27,4,4,4_2,CiliatedEpi
F-1427,all,56,25,451,5760,13,38198,0,0,0,0,0,F,10,Ciliated cell,53,26,1,1,1_4_3,AlveolarFib
F-1428,all,22,11,1127,5997,28,15442,0,0,0,0,0,F,5,B cell,38,11,9,9,9,Bcell
F-1433,all,56,27,476,6124,17,60257,0,0,0,0,0,F,18,CD8+ T cell,54,28,3,3,3_1,SMC
F-1434,all,20,12,899,6122,37,18709,0,0,0,0,0,F,3,Inflammatory monocyte,40,12,9,9,9,Bcell
F-1435,all,27,18,140,6482,32,9101,0,0,0,0,0,F,5,B cell,40,18,1,1,1_2_1,Tcell (CD4)
F-1436,all,12,9,1800,6833,25,5518,0,0,0,0,0,F,2,Sox9+/Id2+ epithelial cell,28,9,8,8,8_3,InterstitialMac
F-1437,all,40,17,1253,6604,41,16710,0,0,0,0,0,F,10,Neutrophil,46,18,2,2,2_2,InflamMac
F-1438,all,104,40,905,6467,32,51394,0,0,0,0,0,F,11,Inflammatory monocyte,60,35,5,5,5_3,Pericyte
F-1439,all,66,30,1103,7021,27,31700,0,0,0,0,0,F,3,Sox9+/Id2+ epithelial cell,56,31,2,2,2_2,InflamMac
F-1440,all,70,36,446,7411,33,40747,0,0,0,0,0,F,4,Sox9+/Id2+ epithelial cell,54,37,1,1,1_5_2,AlveolarFib
F-1441,all,48,22,1839,6870,36,28619,0,0,0,0,0,F,3,CD4+ T cell,48,22,8,8,8_2,InterstitialMac
F-1445,all,66,29,551,7482,29,45001,0,0,0,0,0,F,11,Alveolar macrophage,55,30,1,1,1_4_1,AlveolarFib
F-1446,all,17,5,0,5693,10,8318,0,0,0,0,0,F,15,Alveolar type 2 cell,39,5,1,1,1_1,AT2
F-1448,all,9,3,1051,5678,10,9721,0,0,0,0,0,F,3,B cell,16,4,9,9,9,Bcell
F-1449,all,59,34,1055,5758,28,32900,0,0,0,0,0,F,14,CD8+ T cell,57,35,1,1,1_4_3,AlveolarFib
F-1451,all,227,62,1764,7261,24,60279,0,0,0,0,0,F,156,Ciliated cell,53,41,4,4,4_2,CiliatedEpi
F-1456,all,33,21,444,6110,12,23541,0,0,0,0,0,F,3,Inflammatory monocyte,41,22,3,3,3_1,SMC
F-1459,all,207,55,1736,7238,25,52331,0,0,0,0,0,F,133,Arterial endothelial cell,67,53,4,4,4_2,CiliatedEpi
F-1463,all,200,56,1447,7305,21,58190,0,0,0,0,0,F,115,Venous endothelial cell,54,23,4,4,4_2,ClubEpi
F-1467,all,76,12,467,7600,13,19053,0,0,0,0,0,F,67,Capillary 1 cell,31,12,4,4,4_2,CiliatedEpi
F-1469,all,63,26,1295,6075,13,47011,0,0,0,0,0,F,11,Inflammatory monocyte,56,26,5,5,5_1,Pericyte
F-1471,all,154,37,1487,7264,21,38121,0,0,0,0,0,F,96,Secretory cell,50,13,4,4,4_2,ClubEpi
F-1473,all,183,47,1625,7269,25,37447,0,0,0,0,0,F,139,Ciliated cell,59,47,4,4,4_2,CiliatedEpi
F-1475,all,22,14,1009,7556,42,5417,0,0,0,0,0,F,8,Interstitial macrophage,37,14,4,4,4_1_2,ClubEpi
F-1478,all,74,27,3091,844,27,57840,0,0,0,0,0,F,9,Alveolar type 1 cell,55,27,6,6,6,AT1
F-1479,all,23,13,3504,549,22,73623,0,0,0,0,0,F,8,Endothelial progenitor cell,42,13,2,2,2_3,Vein
F-1481,all,24,13,2577,441,20,81362,0,0,0,0,0,F,12,Proliferative mesenchymal progenitor cell,45,14,3,3,3_1,SMC
F-1482,all,104,23,3704,265,17,89880,0,0,0,0,0,F,76,Alveolar type 2 cell,50,16,1,1,1_3,AT2
F-1485,all,73,25,2736,1262,18,65489,0,0,0,0,0,F,31,Alveolar type 2 cell,55,25,1,1,1_1,AT2
F-1486,all,17,14,2422,870,38,31249,0,0,0,0,0,F,2,Neutrophil,31,14,1,1,1_5_2,AlveolarFib
F-1487,all,36,23,3035,1580,16,86805,0,0,0,0,0,F,10,Alveolar type 1 cell,41,22,2,2,2_1,Capillary
F-1488,all,23,15,2338,1279,34,30527,0,0,0,0,0,F,2,Neutrophil,37,16,3,3,3_5,SMC
F-1489,all,31,14,2700,782,36,54590,0,0,0,0,0,F,17,Pericyte,43,14,5,5,5_1,Pericyte
F-1490,all,31,22,3409,569,23,85070,52,52,0,1,0,F,3,Capillary 1 cell,37,22,2,2,2_3,Vein
F-1491,all,36,25,3298,1905,17,84194,0,0,0,0,0,F,14,B cell,39,25,9,9,9,Bcell
F-1492,all,46,25,3315,1862,29,91881,0,0,0,0,0,F,5,Secondary crest myofibroblast,47,26,2,2,2_5,DC
F-1493,all,41,21,3722,200,20,101994,0,0,0,0,0,F,5,CD4+ T cell,43,22,3,3,3_1,SMC
F-1494,all,67,32,2873,1488,15,58294,0,0,0,0,0,F,20,Innate lymphoid cell,59,32,8,8,8_2,InterstitialMac
F-1497,all,16,10,2969,677,12,25816,0,0,0,0,0,F,5,Inflammatory monocyte,29,10,3,3,3_5,SMC
F-1498,all,91,24,2320,170,20,62251,0,0,0,0,0,F,63,AT1/AT2,57,23,1,1,1_3,AT2
F-1499,all,27,18,2873,999,30,64179,0,0,0,0,0,F,12,Pericyte,44,18,5,5,5_1,Pericyte
F-1502,all,75,39,2624,474,27,115737,50,0,50,0,1,F,20,Venous endothelial cell,55,40,3,3,3_1,SMC
F-1503,all,93,27,2242,672,24,54569,0,0,0,0,0,F,12,Alveolar type 1 cell,58,26,6,6,6,AT1
F-1504,all,16,10,3674,510,20,37948,0,0,0,0,0,F,9,Arterial endothelial cell,35,11,2,2,2_4,Artery
F-1505,all,117,36,2445,658,17,94044,0,0,0,0,0,F,18,Alveolar type 1 cell,47,18,6,6,6,AT1
F-1506,all,42,27,1946,1614,26,108834,0,0,0,0,0,F,5,Arterial endothelial cell,45,27,2,2,2_4,Artery
F-1507,all,24,18,3708,1608,12,33175,0,0,0,0,0,F,3,Alveolar fibroblast 1,43,18,2,2,2_1,Capillary
F-1509,all,32,25,3546,709,18,74602,0,0,0,0,0,F,6,Venous endothelial cell,40,25,2,2,2_3,Vein
F-1511,all,67,11,2454,376,32,40823,0,0,0,0,0,F,58,Alveolar type 2 cell,52,11,1,1,1_1,AT2
F-1512,all,42,23,1962,239,35,66995,0,0,0,0,0,F,13,Alveolar fibroblast 1,44,24,2,2,2_1,Capillary
F-1513,all,49,25,3383,642,29,108496,0,0,0,0,0,F,7,Capillary 1 cell,50,26,3,3,3_1,SMC
F-1514,all,181,29,3588,1839,16,89576,558507,561381,3934,0.993041,0.006958952,F,98,Alveolar type 2 cell,52,13,1,1,1_1,AT2
F-1516,all,61,36,2156,677,11,88326,0,0,0,0,0,F,11,Natural killer cell,54,37,2,2,2_2,InflamMac
F-1519,all,109,22,3452,1336,20,86142,0,0,0,0,0,F,77,Alveolar type 2 cell,55,17,1,1,1_1,AT2
F-1520,all,98,58,2200,635,18,118606,0,0,0,0,0,F,20,Interstitial macrophage,67,55,8,8,8_2,InterstitialMac
F-1521,all,67,37,3205,1782,29,77076,0,0,0,0,0,F,4,Alveolar type 1 cell,59,37,2,2,2_6,pDC
F-1522,all,36,23,2867,901,11,54032,0,0,0,0,0,F,11,Proliferative mesenchymal progenitor cell,44,24,3,3,3_1,SMC
F-1528,all,43,26,3434,716,19,88905,0,0,0,0,0,F,14,Pericyte,43,26,5,5,5_1,Pericyte
F-1529,all,17,11,2448,329,30,40220,0,0,0,0,0,F,4,Secondary crest myofibroblast,40,12,3,3,3_1,SMC
F-1531,all,14,10,3387,1944,9,30301,0,0,0,0,0,F,5,Capillary 2 cell,28,10,2,2,2_6,pDC
F-1532,all,30,17,1974,26,33,53390,0,0,0,0,0,F,13,Pericyte,40,17,5,5,5_1,Pericyte
F-1533,all,28,21,3418,958,34,53361,0,0,0,0,0,F,2,Venous endothelial cell,42,21,2,2,2_3,Vein
F-1534,all,108,38,2919,1084,30,70922,0,0,0,0,0,F,20,Alveolar type 1 cell,52,27,6,6,6,AT1
F-1536,all,113,42,3364,1244,32,68288,0,0,0,0,0,F,66,Alveolar type 2 cell,49,23,1,1,1_1,AT2
F-1537,all,16,14,3382,1587,26,38243,0,0,0,0,0,F,2,Capillary 1 cell,34,14,2,2,2_3,Vein
F-1538,all,17,10,2064,973,30,42996,0,0,0,0,0,F,2,Capillary 1 cell,40,11,2,2,2_3,Vein
F-1541,all,49,26,3722,1687,13,45540,0,0,0,0,0,F,18,Secondary crest myofibroblast,51,27,3,3,3_1,SMC
F-1543,all,24,12,3060,1949,17,57394,0,0,0,0,0,F,6,Pericyte,42,12,5,5,5_1,Pericyte
F-1544,all,25,18,2877,774,24,46973,0,0,0,0,0,F,4,Alveolar fibroblast 1,44,19,1,1,1_5_1,LymphaticEndo
F-1545,all,44,26,3309,1636,24,87963,0,0,0,0,0,F,6,Endothelial progenitor cell,50,27,2,2,2_1,Capillary
F-1546,all,23,10,2505,673,22,46665,0,0,0,0,0,F,12,Alveolar fibroblast 1,41,10,6,6,6,AT1
F-1547,all,20,13,2199,1037,37,35426,0,0,0,0,0,F,3,Proliferative mesenchymal progenitor cell,39,13,1,1,1_5_1,LymphaticEndo
F-1548,all,30,19,2911,937,30,46693,0,0,0,0,0,F,8,Innate lymphoid cell,41,21,2,2,2_5,DC
F-1550,all,31,20,3432,889,13,41413,0,0,0,0,0,F,2,Sox9+/Id2+ epithelial cell,40,21,1,1,1_4_1,AlveolarFib
F-1551,all,78,36,3226,1425,34,59876,0,0,0,0,0,F,29,Capillary 1 cell,58,36,6,6,6,AT1
F-1552,all,14,7,2056,1125,19,61876,0,0,0,0,0,F,3,Alveolar type 1 cell,35,7,6,6,6,AT1
F-1554,all,44,17,2866,1405,23,62190,0,0,0,0,0,F,24,Alveolar type 2 cell,46,17,1,1,1_1,AT2
F-1555,all,20,17,3254,1360,26,42634,0,0,0,0,0,F,3,B cell,41,17,9,9,9,Bcell
F-1556,all,20,15,3532,614,34,59494,0,0,0,0,0,F,5,Alveolar fibroblast 1,38,15,1,1,1_5_1,LymphaticEndo
F-1557,all,32,24,3483,183,20,68547,0,0,0,0,0,F,10,Inflammatory monocyte,39,25,3,3,3_1,SMC
F-1558,all,55,39,2836,964,17,107344,0,0,0,0,0,F,11,Alveolar type 2 cell,54,39,9,9,9,Bcell
F-1560,all,39,22,2006,186,35,65931,0,0,0,0,0,F,9,Alveolar fibroblast 1,44,24,2,2,2_4,Artery
F-1561,all,36,23,2777,1217,21,91701,0,0,0,0,0,F,2,Capillary 1 cell,43,22,2,2,2_1,Capillary
F-1562,all,48,26,3213,1605,28,86517,0,0,0,0,0,F,15,Alveolar fibroblast 1,48,26,5,5,5_1,Pericyte
F-1564,all,30,23,2165,1004,33,72242,0,0,0,0,0,F,2,CD4+ T cell,38,23,7,7,7_2,PatrolMac
F-1567,all,12,7,3362,1422,6,12992,0,0,0,0,0,F,2,Inflammatory monocyte,33,9,2,2,2_5,DC
F-1569,all,42,25,3036,48,21,94740,0,0,0,0,0,F,16,Secondary crest myofibroblast,43,25,5,5,5_1,Pericyte
F-1570,all,34,29,2234,288,33,51087,0,0,0,0,0,F,5,Alveolar fibroblast 1,38,30,3,3,3_1,SMC
F-1573,all,28,15,3207,1022,29,21853,0,0,0,0,0,F,13,Sox9+/Id2+ epithelial cell,44,15,5,5,5_1,Pericyte
F-1574,all,24,16,2653,622,26,57713,0,0,0,0,0,F,6,T regulatory cell,41,16,3,3,3_6,SCMF
F-1577,all,42,14,3629,419,12,31945,0,0,0,0,0,F,6,Alveolar type 1 cell,46,14,6,6,6,AT1
F-1578,all,25,13,3545,1851,17,50175,0,0,0,0,0,F,10,Pericyte,42,13,5,5,5_1,Pericyte
F-1579,all,30,20,2148,1310,17,56704,0,0,0,0,0,F,10,Capillary 1 cell,38,20,1,1,1_5_2,AlveolarFib
F-1580,all,35,21,2654,960,15,66246,0,0,0,0,0,F,6,B cell,43,21,9,9,9,Bcell
F-1581,all,26,18,3503,1792,13,53662,0,0,0,0,0,F,2,Capillary 1 cell,44,17,2,2,2_1,Capillary
F-1583,all,48,20,3630,1764,15,87474,0,0,0,0,0,F,4,Capillary 1 cell,46,19,2,2,2_1,Capillary
F-1585,all,50,29,2239,1058,23,105268,0,0,0,0,0,F,11,Alveolar fibroblast 1,51,30,2,2,2_1,Capillary
F-1586,all,57,31,2773,582,16,97686,0,0,0,0,0,F,8,Venous endothelial cell,54,31,2,2,2_1,Capillary
F-1588,all,39,19,2498,387,35,52261,0,0,0,0,0,F,18,Sox9+/Id2+ epithelial cell,44,19,2,2,2_1,Capillary
F-1589,all,44,26,2038,221,24,80298,0,0,0,0,0,F,11,Pericyte,44,26,5,5,5_1,Pericyte
F-1590,all,22,13,1991,1662,13,56265,0,0,0,0,0,F,2,Sox9+/Id2+ epithelial cell,39,14,3,3,3_2,SMC
F-1594,all,15,11,2825,1410,18,63785,0,0,0,0,0,F,2,Venous endothelial cell,35,11,2,2,2_3,Vein
F-1595,all,57,32,2829,1451,27,108634,0,0,0,0,0,F,10,Inflammatory monocyte,54,32,2,2,2_6,pDC
F-1596,all,130,26,3199,51,30,122284,0,0,0,0,0,F,107,Alveolar type 2 cell,49,15,2,2,2_4,Artery
F-1597,all,76,21,2065,326,21,57919,0,0,0,0,0,F,35,AT1/AT2,53,21,6,6,6,AT1
F-1599,all,19,7,3166,1656,39,10956,0,0,0,0,0,F,13,Alveolar type 2 cell,40,7,1,1,1_1,AT2
F-1601,all,47,25,2398,784,32,53372,0,0,0,0,0,F,3,Alveolar type 1 cell,47,25,6,6,6,AT1
F-1603,all,44,29,3247,1392,25,58514,0,0,0,0,0,F,7,Alveolar fibroblast 1,47,29,2,2,2_1,Capillary
F-1604,all,43,27,2543,856,24,85629,0,0,0,0,0,F,7,Sox9+/Id2+ epithelial cell,42,26,2,2,2_1,Capillary
F-1607,all,21,18,2614,761,19,34071,0,0,0,0,0,F,2,Venous endothelial cell,40,18,2,2,2_3,Vein
F-1608,all,22,17,1976,1825,36,52290,0,0,0,0,0,F,3,Arterial endothelial cell,43,17,2,2,2_4,Artery
F-1609,all,28,22,2576,530,36,46851,0,0,0,0,0,F,5,Alveolar type 1 cell,39,22,3,3,3_6,SCMF
F-1611,all,70,32,2303,205,27,89360,0,0,0,0,0,F,29,Alveolar type 2 cell,54,33,2,2,2_1,Capillary
F-1612,all,44,32,2982,1536,28,62813,0,0,0,0,0,F,8,Capillary 1 cell,43,31,2,2,2_1,Capillary
F-1613,all,39,19,3587,1787,14,73195,7203,0,395,0,1,F,15,Alveolar fibroblast 1,43,20,3,3,3_1,SMC
F-1614,all,39,24,3262,1947,28,63829,0,0,0,0,0,F,13,Inflammatory monocyte,40,24,8,8,8_2,InterstitialMac
F-1619,all,17,9,2786,1326,32,40676,0,0,0,0,0,F,8,Airway smooth muscle cell,35,10,3,3,3_1,SMC
F-1621,all,73,19,3683,1692,12,46958,0,0,0,0,0,F,59,Alveolar type 2 cell,53,19,1,1,1_1,AT2
F-1622,all,57,31,2477,857,14,81324,0,0,0,0,0,F,6,Alveolar fibroblast 1,55,32,3,3,3_1,SMC
F-1623,all,53,14,2992,1279,29,43975,0,0,0,0,0,F,21,Alveolar type 1 cell,51,14,6,6,6,AT1
F-1624,all,19,16,3392,853,30,38255,0,0,0,0,0,F,8,Vascular smooth muscle cell,38,16,5,5,5_1,Pericyte
F-1625,all,23,8,2434,760,21,22718,0,0,0,0,0,F,4,Alveolar type 1 cell,43,8,6,6,6,AT1
F-1627,all,35,23,2337,441,36,55379,0,0,0,0,0,F,8,Capillary 1 cell,41,23,7,7,7_2,PatrolMac
F-1628,all,33,22,2027,376,32,58747,0,0,0,0,0,F,7,Ciliated cell,43,22,2,2,2_1,Capillary
F-1629,all,48,28,3471,904,17,60066,0,0,0,0,0,F,11,Endothelial progenitor cell,49,29,2,2,2_3,Vein
F-1631,all,66,21,2760,1295,26,64312,0,0,0,0,0,F,38,Alveolar type 2 cell,55,22,3,3,3_1,SMC
F-1632,all,83,24,3169,1841,27,55228,0,0,0,0,0,F,9,Alveolar type 1 cell,56,24,6,6,6,AT1
F-1633,all,108,26,2586,587,33,68724,0,0,0,0,0,F,77,Alveolar type 2 cell,53,18,1,1,1_1,AT2
F-1636,all,123,59,3384,511,23,138522,0,0,0,0,0,F,11,Neutrophil,38,24,2,2,2_3,Vein
F-1638,all,59,17,3025,1280,33,61529,0,0,0,0,0,F,11,Alveolar type 1 cell,54,17,6,6,6,AT1
F-1639,all,48,32,2652,811,25,73808,0,0,0,0,0,F,12,Capillary 1 cell,48,32,6,6,6,AT1
F-1640,all,37,10,3304,50,9,24546,0,0,0,0,0,F,29,Alveolar type 2 cell,45,10,1,1,1_1,AT2
F-1642,all,38,23,3199,1866,24,86790,51,0,51,0,1,F,4,Alveolar type 1 cell,41,23,6,6,6,AT1
F-1643,all,28,18,2611,728,23,64182,53,53,0,1,0,F,8,Capillary 1 cell,43,18,2,2,2_3,Vein
F-1644,all,46,27,2728,553,11,43808,0,0,0,0,0,F,19,Pericyte,46,27,5,5,5_1,Pericyte
F-1645,all,19,10,2421,308,25,43764,0,0,0,0,0,F,3,Neutrophil,42,11,2,2,2_2,InflamMac
F-1646,all,19,6,2071,406,35,22013,0,0,0,0,0,F,14,Sox9+/Id2+ epithelial cell,42,6,1,1,1_1,AT2
F-1647,all,11,9,1992,1293,38,37183,0,0,0,0,0,F,4,Endothelial progenitor cell,28,9,3,3,3_4,AdventitialFib
F-1648,all,25,21,2504,587,34,60944,0,0,0,0,0,F,4,Alveolar fibroblast 1,43,21,2,2,2_1,Capillary
F-1649,all,40,24,3078,101,22,96568,55,0,55,0,1,F,7,Capillary 1 cell,42,24,2,2,2_1,Capillary
F-1651,all,16,11,2119,1310,16,22600,0,0,0,0,0,F,3,Interstitial macrophage,37,12,2,2,2_2,InflamMac
F-1652,all,12,5,3717,499,11,10146,0,0,0,0,0,F,9,Alveolar type 2 cell,37,5,1,1,1_1,AT2
F-1653,all,16,9,2113,1746,18,72895,0,0,0,0,0,F,9,Alveolar fibroblast 1,35,10,3,3,3_1,SMC
F-1654,all,24,17,3416,1581,31,44150,0,0,0,0,0,F,5,Venous endothelial cell,45,17,3,3,3_4,AdventitialFib
F-1656,all,27,13,2101,1684,14,62106,0,0,0,0,0,F,8,Capillary 1 cell,44,13,2,2,2_1,Capillary
F-1657,all,101,29,3488,588,30,95886,0,0,0,0,0,F,65,Alveolar type 2 cell,56,25,1,1,1_1,AT2
F-1659,all,58,26,3477,829,22,57696,0,0,0,0,0,F,7,Alveolar fibroblast 1,54,26,2,2,2_3,Vein
F-1661,all,7,4,2164,1063,41,17059,0,0,0,0,0,F,3,Basophil,25,6,2,2,2_5,DC
F-1664,all,35,21,3459,843,24,55010,0,0,0,0,0,F,7,Alveolar fibroblast 1,42,22,2,2,2_4,Artery
F-1666,all,20,15,3048,1387,19,64390,0,0,0,0,0,F,7,Pericyte,39,15,5,5,5_1,Pericyte
F-1667,all,91,45,3499,1322,20,87422,0,0,0,0,0,F,11,Inflammatory monocyte,61,45,3,3,3_1,SMC
F-1668,all,43,25,3441,762,32,60679,0,0,0,0,0,F,6,Alveolar type 1 cell,51,26,2,2,2_1,Capillary
F-1670,all,13,11,3713,440,22,42680,0,0,0,0,0,F,3,Endothelial progenitor cell,34,11,2,2,2_6,pDC
F-1671,all,20,16,3680,420,18,54166,0,0,0,0,0,F,5,Capillary 1 cell,41,16,7,7,7_3,Tcell (CD8)
F-1672,all,44,20,3109,1599,37,44256,0,0,0,0,0,F,6,Secondary crest myofibroblast,45,20,3,3,3_6,SCMF
F-1673,all,33,19,3375,1548,19,56285,567,0,567,0,1,F,6,Arterial endothelial cell,43,20,3,3,3_1,SMC
F-1674,all,137,30,2561,896,24,85811,0,0,0,0,0,F,92,Sox9+/Id2+ epithelial cell,45,11,1,1,1_1,AT2
F-1675,all,13,10,2094,185,8,25289,0,0,0,0,0,F,2,Sox9+/Id2+ epithelial cell,30,10,7,7,7_2,PatrolMac
F-1677,all,43,28,2847,1058,35,58963,0,0,0,0,0,F,5,Capillary 1 cell,44,28,2,2,2_3,Vein
F-1678,all,29,16,3514,1832,8,34237,0,0,0,0,0,F,10,Pericyte,42,16,5,5,5_3,Pericyte
F-1679,all,46,14,2012,1107,29,91583,0,0,0,0,0,F,9,Alveolar type 1 cell,47,14,6,6,6,AT1
F-1681,all,34,19,3454,539,33,66556,0,0,0,0,0,F,2,Pericyte,44,19,5,5,5_3,Pericyte
F-1682,all,36,22,3107,1901,35,59896,0,0,0,0,0,F,4,Capillary 1 cell,42,24,2,2,2_5,DC
F-1685,all,23,7,2453,547,8,8842,0,0,0,0,0,F,19,Alveolar type 2 cell,45,7,1,1,1_1,AT2
F-1687,all,110,34,3683,1647,17,97893,0,0,0,0,0,F,58,Alveolar fibroblast 1,50,24,1,1,1_1,AT2
F-1692,all,51,28,3423,847,22,87774,118,0,118,0,1,F,13,Vascular smooth muscle cell,51,28,5,5,5_1,Pericyte
F-1693,all,81,44,2364,190,15,86456,109,109,0,1,0,F,21,Secondary crest myofibroblast,61,45,3,3,3_5,SMC
F-1694,all,66,19,2279,703,25,50433,0,0,0,0,0,F,7,Alveolar type 1 cell,53,19,6,6,6,AT1
F-1695,all,33,18,2345,385,13,98630,0,0,0,0,0,F,5,Capillary 2 cell,42,19,2,2,2_1,Capillary
F-1696,all,8,8,2528,450,37,26563,0,0,0,0,0,F,2,Natural killer cell,24,9,7,7,7_3,Tcell (CD8)
F-1700,all,69,12,2890,672,16,42750,0,0,0,0,0,F,64,Alveolar type 2 cell,51,12,1,1,1_1,AT2
F-1704,all,23,16,2233,957,14,44092,0,0,0,0,0,F,3,Inflammatory monocyte,41,16,3,3,3_4,AdventitialFib
F-1705,all,32,22,2476,556,34,52883,0,0,0,0,0,F,10,Venous endothelial cell,41,21,2,2,2_1,Capillary
F-1706,all,11,9,2983,1221,6,18719,0,0,0,0,0,F,3,Endothelial progenitor cell,28,8,2,2,2_1,Capillary
F-1707,all,13,9,2657,596,28,26055,0,0,0,0,0,F,2,CD4+ T cell,32,9,7,7,7_2,PatrolMac
F-1708,all,44,34,3588,587,36,64592,0,0,0,0,0,F,9,CD8+ T cell,44,34,7,7,7_2,PatrolMac
F-1712,all,31,10,2098,400,35,33735,0,0,0,0,0,F,24,Alveolar type 2 cell,42,10,1,1,1_1,AT2
F-1713,all,28,21,2883,958,33,51353,0,0,0,0,0,F,7,Pericyte,40,21,5,5,5_1,Pericyte
F-1716,all,42,18,3142,1670,37,27896,0,0,0,0,0,F,21,Capillary 1 cell,45,18,1,1,1_1,AT2
F-1717,all,140,49,2887,1100,24,107401,0,0,0,0,0,F,23,Alveolar type 1 cell,43,18,6,6,6,AT1
F-1719,all,23,17,2632,582,35,26175,0,0,0,0,0,F,7,Natural killer cell,44,18,2,2,2_2,InflamMac
F-1723,all,45,23,2057,1273,18,118218,0,0,0,0,0,F,11,Alveolar fibroblast 1,46,23,1,1,1_5_1,LymphaticEndo
F-1724,all,48,29,3741,118,22,85883,0,0,0,0,0,F,3,Natural killer cell,51,30,2,2,2_5,DC
F-1725,all,27,18,2489,646,21,46498,0,0,0,0,0,F,5,Innate lymphoid cell,41,20,2,2,2_5,DC
F-1727,all,88,29,3729,1643,15,52963,0,0,0,0,0,F,49,Alveolar fibroblast 1,61,29,3,3,3_1,SMC
F-1729,all,24,13,2064,1795,38,67670,0,0,0,0,0,F,6,Arterial endothelial cell,43,13,2,2,2_1,Capillary
F-1731,all,60,32,2972,730,14,110745,0,0,0,0,0,F,10,Capillary 1 cell,52,33,2,2,2_2,InflamMac
F-1732,all,34,22,3486,877,21,39335,0,0,0,0,0,F,6,Capillary 1 cell,42,21,2,2,2_1,Capillary
F-1735,all,31,12,3350,63,14,40613,0,0,0,0,0,F,16,Sox9+/Id2+ epithelial cell,42,12,5,5,5_1,Pericyte
F-1736,all,69,29,3049,1857,16,90619,51,51,0,1,0,F,10,Capillary 1 cell,55,28,2,2,2_1,Capillary
F-1737,all,165,47,2906,715,22,130062,0,0,0,0,0,F,115,Alveolar type 2 cell,46,17,1,1,1_1,AT2
F-1738,all,21,12,3230,10,29,37084,0,0,0,0,0,F,10,Alveolar type 1 cell,41,12,6,6,6,AT1
F-1740,all,43,25,3532,1403,13,74403,0,0,0,0,0,F,3,Capillary 1 cell,43,24,2,2,2_1,Capillary
F-1742,all,40,24,3622,504,26,77486,0,0,0,0,0,F,11,Alveolar fibroblast 1,42,24,1,1,1_5_1,LymphaticEndo
F-1745,all,43,28,3123,1740,16,91069,0,0,0,0,0,F,7,Alveolar fibroblast 1,43,28,2,2,2_3,Vein
F-1747,all,109,21,3598,333,18,131083,0,0,0,0,0,F,87,Sox9+/Id2+ epithelial cell,46,11,1,1,1_1,AT2
F-1751,all,8,7,2501,707,41,12564,0,0,0,0,0,F,3,Alveolar fibroblast 1,28,9,6,6,6,AT1
F-1752,all,79,36,3486,1388,13,90310,0,0,0,0,0,F,26,Pericyte,59,36,5,5,5_3,Pericyte
F-1753,all,125,36,3186,1510,31,116490,0,0,0,0,0,F,15,Sox9+/Id2+ epithelial cell,44,14,6,6,6,AT1
F-1757,all,28,12,2041,301,24,32861,0,0,0,0,0,F,6,Arterial endothelial cell,43,12,6,6,6,AT1
F-1761,all,54,13,2915,652,10,30569,0,0,0,0,0,F,46,Pericyte,50,13,5,5,5_1,Pericyte
F-1764,all,20,13,2293,137,20,35673,0,0,0,0,0,F,5,B cell,41,13,3,3,3_4,AdventitialFib
F-1765,all,61,34,2191,846,25,110521,0,0,0,0,0,F,6,Capillary 2 cell,56,34,2,2,2_6,pDC
F-1766,all,33,27,2275,875,17,116907,103,0,103,0,1,F,4,Alveolar fibroblast 1,38,27,8,8,8_2,InterstitialMac
F-1769,all,7,5,2216,935,6,10239,0,0,0,0,0,F,4,Alveolar fibroblast 1,25,6,1,1,1_4_3,AlveolarFib
F-1770,all,15,10,2064,281,12,31576,0,0,0,0,0,F,6,Alveolar type 1 cell,35,10,6,6,6,AT1
F-1771,all,16,10,3631,532,15,26571,0,0,0,0,0,F,2,CD4+ T cell,34,10,1,1,1_5_2,AlveolarFib
F-1774,all,122,42,3498,806,27,102870,0,0,0,0,0,F,14,Alveolar fibroblast 1,45,21,2,2,2_3,Vein
F-1777,all,73,32,3587,474,27,61955,0,0,0,0,0,F,17,Alveolar type 1 cell,53,32,6,6,6,AT1
F-1778,all,102,48,3262,72,27,141241,0,0,0,0,0,F,40,Arterial endothelial cell,59,39,2,2,2_3,Vein
F-1780,all,20,10,2546,426,26,35228,51,0,51,0,1,F,7,Proliferative mesenchymal progenitor cell,40,11,3,3,3_1,SMC
F-1783,all,35,20,3224,998,31,51207,0,0,0,0,0,F,14,Pericyte,42,20,5,5,5_1,Pericyte
F-1784,all,20,9,3736,493,9,13587,0,0,0,0,0,F,16,Alveolar type 2 cell,42,9,1,1,1_1,AT2
F-1785,all,13,9,3661,537,6,18182,0,0,0,0,0,F,7,Venous endothelial cell,28,9,2,2,2_3,Vein
F-1786,all,37,13,2039,1080,38,37630,0,0,0,0,0,F,7,Alveolar type 1 cell,44,13,6,6,6,AT1
F-1788,all,13,13,2056,1005,37,48585,0,0,0,0,0,F,2,Natural killer cell,32,14,2,2,2_2,InflamMac
F-1790,all,45,31,3253,1574,11,82380,0,0,0,0,0,F,10,Capillary 1 cell,47,32,3,3,3_1,SMC
F-1792,all,50,22,2893,1428,28,57027,0,0,0,0,0,F,22,Alveolar type 2 cell,49,22,1,1,1_1,AT2
F-1798,all,118,37,3601,443,19,85146,0,0,0,0,0,F,25,Arterial endothelial cell,47,17,6,6,6,AT1
F-1799,all,6,6,3728,1589,8,14045,0,0,0,0,0,F,2,Lymphatic endothelial cell,21,9,1,1,1_5_2,AlveolarFib
F-1806,all,38,12,3230,1482,19,35132,0,0,0,0,0,F,9,Mesothelial cell,44,12,6,6,6,AT1
F-1815,all,36,16,3222,1514,27,33912,0,0,0,0,0,F,7,Innate lymphoid cell,43,16,6,6,6,AT1
F-1817,all,6,6,3486,1916,10,15583,0,0,0,0,0,F,2,Capillary 2 cell,24,9,2,2,2_6,pDC
F-1820,all,18,14,3749,142,13,44221,0,0,0,0,0,F,2,Alveolar fibroblast 1,38,15,3,3,3_1,SMC
F-1826,all,41,13,3548,939,11,12722,0,0,0,0,0,F,31,Sox9+/Id2+ epithelial cell,45,13,1,1,1_1,AT2
F-1833,all,13,11,3422,1517,5,6269,0,0,0,0,0,F,4,Alveolar macrophage,29,11,8,8,8_1,AlveolarMac
F-1837,all,50,26,2615,2522,10,37337,0,0,0,0,0,F,4,Arterial endothelial cell,50,26,2,2,2_4,Artery
F-1838,all,45,25,3644,2047,13,49801,0,0,0,0,0,F,4,CD4+ T cell,45,25,7,7,7_2,PatrolMac
F-1841,all,90,37,3325,3121,30,70415,0,0,0,0,0,F,18,Capillary 1 cell,57,37,2,2,2_3,Vein
F-1842,all,65,26,3169,2822,14,45147,0,0,0,0,0,F,6,Sox9+/Id2+ epithelial cell,56,27,1,1,1_5_2,AlveolarFib
F-1844,all,148,21,3055,2271,18,47537,3205,2451,808,0.7520712,0.2479288,F,36,Alveolar type 2 cell,56,14,1,1,1_3,AT2
F-1845,all,33,17,2544,2794,13,22640,0,0,0,0,0,F,6,Sox9+/Id2+ epithelial cell,42,17,6,6,6,AT1
F-1847,all,61,22,3416,3264,7,31465,0,0,0,0,0,F,2,Alveolar fibroblast 1,54,22,1,1,1_5_2,AlveolarFib
F-1848,all,55,37,2110,2252,30,51853,0,0,0,0,0,F,14,Arterial endothelial cell,58,39,2,2,2_4,Artery
F-1849,all,21,12,2123,3312,16,47145,0,0,0,0,0,F,3,Capillary 1 cell,40,13,2,2,2_1,Capillary
F-1850,all,134,21,2284,2951,10,37629,149495,127957,50535,0.7168781,0.2831219,F,41,Alveolar type 2 cell,52,8,1,1,1_1,AT2
F-1851,all,41,27,3514,2266,31,80272,0,0,0,0,0,F,8,Alveolar type 1 cell,44,27,9,9,9,Bcell
F-1854,all,45,12,2938,3257,37,27701,0,0,0,0,0,F,37,Sox9+/Id2+ epithelial cell,47,12,1,1,1_1,AT2
F-1855,all,9,6,1994,2184,12,33791,0,0,0,0,0,F,6,Chondrocyte,27,6,2,2,2_3,Vein
F-1856,all,25,21,3217,2327,7,29717,0,0,0,0,0,F,5,Secondary crest myofibroblast,46,21,5,5,5_3,Pericyte
F-1858,all,89,41,3579,3270,28,78906,317,0,317,0,1,F,11,Pericyte,59,39,5,5,5_3,Pericyte
F-1862,all,225,52,2951,3016,18,113664,4642,1417,3225,0.3052564,0.6947436,F,18,Alveolar macrophage,57,19,8,8,8_1,AlveolarMac
F-1863,all,87,20,3683,2152,20,51651,0,0,0,0,0,F,52,Sox9+/Id2+ epithelial cell,56,19,1,1,1_1,AT2
F-1864,all,48,32,2772,2886,20,66203,0,0,0,0,0,F,4,Alveolar fibroblast 1,55,33,3,3,3_1,SMC
F-1866,all,59,17,3351,2465,6,28142,0,0,0,0,0,F,9,Alveolar type 1 cell,52,17,6,6,6,AT1
F-1867,all,39,23,2044,3772,29,87553,0,0,0,0,0,F,20,B cell,41,23,9,9,9,Bcell
F-1868,all,16,11,3100,2001,13,28239,0,0,0,0,0,F,2,Secondary crest myofibroblast,36,12,3,3,3_1,SMC
F-1869,all,65,37,2963,3318,28,102301,0,0,0,0,0,F,21,Inflammatory monocyte,56,37,2,2,2_6,pDC
F-1870,all,41,19,2013,2127,18,44429,0,0,0,0,0,F,3,Alveolar type 1 cell,44,19,6,6,6,AT1
F-1872,all,83,39,2395,3058,24,76631,0,0,0,0,0,F,17,Pericyte,59,39,5,5,5_3,Pericyte
F-1874,all,173,56,3131,2732,21,110772,117,0,117,0,1,F,39,Sox9+/Id2+ epithelial cell,48,25,5,5,5_1,Pericyte
F-1875,all,50,37,3368,3003,31,53952,0,0,0,0,0,F,10,Arterial endothelial cell,50,37,7,7,7_2,PatrolMac
F-1876,all,83,32,3283,3369,16,54679,0,0,0,0,0,F,7,Alveolar type 2 cell,58,33,2,2,2_2,InflamMac
F-1877,all,59,37,2673,3212,23,63344,0,0,0,0,0,F,5,Endothelial progenitor cell,57,37,6,6,6,AT1
F-1878,all,262,34,2648,2920,22,78101,70643,21714,55015,0.282996,0.717004,F,74,Alveolar type 2 cell,58,14,1,1,1_3,AT2
F-1879,all,46,29,2388,3095,15,43585,0,0,0,0,0,F,21,B cell,46,29,5,5,5_3,Pericyte
F-1880,all,31,21,3161,3004,8,28319,0,0,0,0,0,F,2,Lymphatic endothelial cell,40,21,2,2,2_6,pDC
F-1881,all,133,57,3254,2315,25,90994,0,0,0,0,0,F,17,Arterial endothelial cell,46,31,6,6,6,AT1
F-1885,all,79,33,3330,3244,33,88970,0,0,0,0,0,F,14,Pericyte,58,33,7,7,7_2,PatrolMac
F-1886,all,52,28,2520,2610,38,40171,0,0,0,0,0,F,5,Endothelial progenitor cell,51,28,2,2,2_3,Vein
F-1889,all,112,47,2408,2729,13,97500,0,0,0,0,0,F,14,Capillary 1 cell,52,30,2,2,2_1,Capillary
F-1890,all,46,20,3364,2907,36,36870,0,0,0,0,0,F,8,Capillary 1 cell,46,20,5,5,5_3,Pericyte
F-1891,all,50,27,3282,2356,38,35020,0,0,0,0,0,F,11,Alveolar type 1 cell,50,27,6,6,6,AT1
F-1892,all,40,17,3647,2991,15,38888,0,0,0,0,0,F,4,Neutrophil,44,18,2,2,2_2,InflamMac
F-1893,all,286,37,2890,2738,27,106761,252128,209079,40055,0.8392231,0.1607769,F,96,Alveolar type 2 cell,55,10,1,1,1_3,AT2
F-1894,all,452,45,3638,3249,18,126504,367423,250453,122736,0.6711157,0.3288843,F,136,Alveolar type 2 cell,56,8,1,1,1_3,AT2
F-1895,all,102,43,2199,2549,22,94183,0,0,0,0,0,F,14,Alveolar fibroblast 1,64,38,1,1,1_5_1,LymphaticEndo
F-1898,all,50,26,2865,2979,9,24109,54,0,54,0,1,F,6,Alveolar macrophage,50,26,8,8,8_1,AlveolarMac
F-1899,all,33,24,2344,3619,15,60586,0,0,0,0,0,F,8,Alveolar fibroblast 1,42,25,3,3,3_1,SMC
F-1900,all,46,26,3045,2863,24,73787,0,0,0,0,0,F,3,Capillary 1 cell,45,25,2,2,2_1,Capillary
F-1901,all,14,8,2714,3177,39,29389,0,0,0,0,0,F,6,Alveolar fibroblast 1,31,8,5,5,5_3,Pericyte
F-1904,all,91,41,3237,3033,24,105572,0,0,0,0,0,F,14,Inflammatory monocyte,63,42,2,2,2_2,InflamMac
F-1905,all,99,48,2276,2400,26,110200,0,0,0,0,0,F,34,Arterial endothelial cell,62,46,2,2,2_4,Artery
F-1907,all,28,17,3057,3421,34,37971,0,0,0,0,0,F,2,Proliferative mesenchymal progenitor cell,41,17,1,1,1_5_2,AlveolarFib
F-1909,all,53,23,2614,2480,11,47052,0,0,0,0,0,F,12,Ciliated cell,49,22,2,2,2_1,Capillary
F-1910,all,49,23,2575,2849,26,46763,0,0,0,0,0,F,15,Pericyte,49,23,2,2,2_6,pDC
F-1911,all,172,50,3308,3037,23,97228,0,0,0,0,0,F,40,Alveolar type 1 cell,45,19,6,6,6,AT1
F-1912,all,88,33,3282,2863,19,50875,10659,0,10659,0,1,F,5,Neutrophil,63,33,1,1,1_4_1,AlveolarFib
F-1913,all,14,10,2069,2267,31,22652,0,0,0,0,0,F,2,Sox9+/Id2+ epithelial cell,29,10,2,2,2_3,Vein
F-1914,all,72,37,2222,3616,32,81707,0,0,0,0,0,F,30,Alveolar fibroblast 1,56,37,1,1,1_5_1,LymphaticEndo
F-1915,all,45,22,3149,1998,13,46035,0,0,0,0,0,F,8,Capillary 1 cell,46,22,1,1,1_5_4,pDC
F-1916,all,14,11,3176,3282,39,33461,0,0,0,0,0,F,3,CD4+ T cell,29,11,7,7,7_2,PatrolMac
F-1917,all,48,28,2590,2413,29,53439,0,0,0,0,0,F,14,Alveolar type 2 cell,49,29,2,2,2_4,Artery
F-1918,all,12,9,2182,2175,36,17925,0,0,0,0,0,F,4,Alveolar fibroblast 1,32,10,1,1,1_4_3,AlveolarFib
F-1919,all,73,35,2964,2936,27,84117,0,0,0,0,0,F,17,Endothelial progenitor cell,56,35,2,2,2_1,Capillary
F-1920,all,37,17,3093,3278,33,30142,0,0,0,0,0,F,27,Alveolar type 2 cell,42,17,1,1,1_1,AT2
F-1921,all,34,25,3033,1971,18,73657,0,0,0,0,0,F,6,Capillary 2 cell,40,27,2,2,2_5,DC
F-1922,all,35,16,3273,3414,8,22938,0,0,0,0,0,F,5,Alveolar fibroblast 1,41,17,1,1,1_4_1,AlveolarFib
F-1923,all,15,10,2813,2914,12,42629,0,0,0,0,0,F,5,Capillary 1 cell,31,9,2,2,2_1,Capillary
F-1924,all,24,15,3234,2366,37,19207,0,0,0,0,0,F,2,Alveolar type 1 cell,46,16,3,3,3_1,SMC
F-1925,all,30,20,2610,2382,30,56836,0,0,0,0,0,F,6,Alveolar fibroblast 1,38,20,2,2,2_3,Vein
F-1927,all,57,33,2827,2621,18,58618,0,0,0,0,0,F,7,Alveolar fibroblast 1,54,33,2,2,2_4,Artery
F-1928,all,110,24,2549,2502,25,45460,10087,4516,5571,0.447705,0.552295,F,33,Alveolar type 2 cell,56,16,1,1,1_1,AT2
F-1929,all,95,39,2042,2237,29,84478,0,0,0,0,0,F,8,Neutrophil,62,38,1,1,1_5_1,LymphaticEndo
F-1930,all,34,24,2848,2647,26,33065,0,0,0,0,0,F,7,Alveolar fibroblast 1,40,24,3,3,3_4,AdventitialFib
F-1931,all,91,41,2586,2685,12,71742,0,0,0,0,0,F,9,Arterial endothelial cell,62,41,3,3,3_1,SMC
F-1932,all,57,34,1970,3775,28,127270,0,0,0,0,0,F,19,B cell,55,34,9,9,9,Bcell
F-1934,all,149,53,3375,2562,26,104119,0,0,0,0,0,F,11,Alveolar type 1 cell,48,27,2,2,2_1,Capillary
F-1935,all,64,34,3619,1986,17,96119,0,0,0,0,0,F,17,Alveolar type 1 cell,55,35,3,3,3_5,SMC
F-1938,all,63,40,3151,3231,34,77547,0,0,0,0,0,F,16,Alveolar type 1 cell,57,40,6,6,6,AT1
F-1940,all,33,20,3704,2977,26,52523,0,0,0,0,0,F,7,Capillary 1 cell,44,21,2,2,2_1,Capillary
F-1941,all,36,17,2547,2388,27,44724,0,0,0,0,0,F,20,Alveolar type 2 cell,43,17,1,1,1_3,AT2
F-1942,all,65,36,3308,3337,26,44353,0,0,0,0,0,F,8,CD8+ T cell,56,36,7,7,7_2,PatrolMac
F-1943,all,116,27,3718,2168,20,49091,0,0,0,0,0,F,64,AT1/AT2,49,13,1,1,1_3,AT2
F-1944,all,16,15,3417,2689,17,28494,0,0,0,0,0,F,2,CD8+ T cell,33,16,1,1,1_6_2,Neutrophil
F-1947,all,38,24,2476,2795,7,26044,0,0,0,0,0,F,9,Capillary 1 cell,41,24,2,2,2_1,Capillary
F-1948,all,52,23,3432,3416,9,33956,0,0,0,0,0,F,6,Alveolar fibroblast 1,51,22,2,2,2_3,Vein
F-1949,all,58,35,2734,2814,31,40491,0,0,0,0,0,F,3,Natural killer cell,58,36,2,2,2_2,InflamMac
F-1952,all,67,33,2401,3509,22,98170,0,0,0,0,0,F,18,Sox9+/Id2+ epithelial cell,55,33,2,2,2_3,Vein
F-1955,all,143,30,2471,3212,16,83645,0,0,0,0,0,F,78,Alveolar type 2 cell,51,16,1,1,1_1,AT2
F-1957,all,127,59,2326,2550,31,85003,0,0,0,0,0,F,41,Interstitial macrophage,40,24,8,8,8_3,InterstitialMac
F-1958,all,50,28,2248,2197,17,58570,0,0,0,0,0,F,13,T regulatory cell,50,28,7,7,7_2,PatrolMac
F-1960,all,29,21,3477,2948,19,41161,0,0,0,0,0,F,10,Capillary 1 cell,44,20,2,2,2_1,Capillary
F-1961,all,134,21,2506,2513,34,53354,106,106,0,1,0,F,74,Alveolar type 2 cell,53,13,1,1,1_1,AT2
F-1962,all,121,38,3011,2894,15,88239,0,0,0,0,0,F,8,Mature DC subset,48,17,1,1,1_5_2,AlveolarFib
F-1963,all,107,54,2733,2377,17,96717,0,0,0,0,0,F,25,Alveolar macrophage,58,39,5,5,5_3,Pericyte
F-1965,all,83,39,2039,2154,26,73475,0,0,0,0,0,F,15,Arterial endothelial cell,56,39,2,2,2_4,Artery
F-1967,all,95,28,2133,2456,12,51670,0,0,0,0,0,F,44,Innate lymphoid cell,60,28,1,1,1_1,AT2
F-1969,all,9,5,2003,2294,27,11831,0,0,0,0,0,F,2,Natural killer cell,29,6,2,2,2_2,InflamMac
F-1970,all,31,20,3468,3415,13,34566,0,0,0,0,0,F,2,Venous endothelial cell,40,20,2,2,2_3,Vein
F-1971,all,60,38,3392,3218,18,51125,0,0,0,0,0,F,5,Alveolar type 1 cell,56,38,6,6,6,AT1
F-1972,all,26,21,3301,1969,15,76885,0,0,0,0,0,F,4,Inflammatory monocyte,38,22,2,2,2_1,Capillary
F-1973,all,20,12,3527,2675,11,26175,0,0,0,0,0,F,4,Alveolar fibroblast 1,38,12,2,2,2_1,Capillary
F-1975,all,19,15,2031,2293,36,20790,0,0,0,0,0,F,8,Inflammatory monocyte,38,15,2,2,2_3,Vein
F-1977,all,38,10,2037,3474,9,28053,0,0,0,0,0,F,30,Alveolar type 2 cell,44,10,1,1,1_1,AT2
F-1978,all,60,24,3329,3170,22,54537,0,0,0,0,0,F,9,Alveolar type 1 cell,55,24,6,6,6,AT1
F-1979,all,155,34,3301,2766,24,75861,100080,102354,6411,0.9410564,0.05894359,F,9,B cell,53,14,8,8,8_1,AlveolarMac
F-1980,all,159,23,3054,3056,25,57333,28875,22111,6816,0.7643724,0.2356276,F,61,Alveolar type 2 cell,54,13,1,1,1_1,AT2
F-1982,all,94,47,3363,3186,18,67700,0,0,0,0,0,F,13,Alveolar type 1 cell,63,46,6,6,6,AT1
F-1983,all,63,15,2273,2515,21,49534,204,0,204,0,1,F,52,Alveolar type 2 cell,53,15,1,1,1_1,AT2
F-1984,all,53,38,3205,3081,23,75119,0,0,0,0,0,F,12,Natural killer cell,54,38,2,2,2_5,DC
F-1986,all,27,18,2488,3278,36,64664,0,0,0,0,0,F,9,Alveolar type 2 cell,45,18,9,9,9,Bcell
F-1988,all,244,37,3521,3289,25,69810,62865,52042,16016,0.7646713,0.2353287,F,107,Alveolar type 2 cell,54,14,1,1,1_1,AT2
F-1990,all,61,32,3451,2871,28,77424,0,0,0,0,0,F,8,Arterial endothelial cell,54,32,2,2,2_4,Artery
F-1991,all,23,16,2853,2930,13,45102,0,0,0,0,0,F,5,Capillary 1 cell,39,15,2,2,2_1,Capillary
F-1992,all,60,33,2224,3550,28,81532,0,0,0,0,0,F,11,Venous endothelial cell,56,33,2,2,2_3,Vein
F-1993,all,49,17,2164,1959,25,75329,0,0,0,0,0,F,21,Alveolar fibroblast 1,50,18,3,3,3_1,SMC
F-1994,all,19,10,2421,2284,12,25163,0,0,0,0,0,F,8,Capillary 1 cell,36,10,2,2,2_1,Capillary
F-1995,all,19,14,2328,2619,33,31614,0,0,0,0,0,F,7,Pericyte,37,14,5,5,5_3,Pericyte
F-1996,all,11,6,3621,3377,39,18021,0,0,0,0,0,F,4,Pericyte,27,6,5,5,5_1,Pericyte
F-1997,all,117,30,2958,2764,13,62075,13191,0,13191,0,1,F,22,Secondary crest myofibroblast,48,15,3,3,3_1,SMC
F-1998,all,48,31,2215,2203,25,78329,0,0,0,0,0,F,10,Pericyte,48,31,5,5,5_1,Pericyte
F-1999,all,49,34,1989,3629,33,70300,0,0,0,0,0,F,10,Pericyte,48,34,3,3,3_4,AdventitialFib
F-2002,all,30,22,2030,2096,21,55612,0,0,0,0,0,F,8,Arterial endothelial cell,37,23,2,2,2_4,Artery
F-2004,all,147,55,3232,2847,23,92948,34741,0,34741,0,1,F,15,Alveolar type 1 cell,45,25,6,6,6,AT1
F-2005,all,85,46,3122,3054,24,84183,0,0,0,0,0,F,22,Pericyte,61,46,5,5,5_1,Pericyte
F-2006,all,55,26,3205,2947,33,45190,0,0,0,0,0,F,10,Vascular smooth muscle cell,55,27,3,3,3_2,SMC
F-2008,all,84,38,2521,2840,31,73784,0,0,0,0,0,F,18,Inflammatory monocyte,61,38,2,2,2_1,Capillary
F-2010,all,13,12,2280,2309,40,25110,0,0,0,0,0,F,5,Alveolar fibroblast 1,33,12,1,1,1_5_4,pDC
F-2015,all,17,9,2145,3557,19,24462,0,0,0,0,0,F,11,Pericyte,34,9,5,5,5_3,Pericyte
F-2017,all,29,18,2212,3413,24,94323,0,0,0,0,0,F,9,Alveolar fibroblast 1,38,18,2,2,2_3,Vein
F-2018,all,70,26,3325,2738,29,54560,608,0,0,0,0,F,6,Alveolar fibroblast 1,53,27,1,1,1_4_1,AlveolarFib
F-2019,all,412,49,3312,2559,16,109816,635136,573719,61417,0.903301,0.09669897,F,172,Alveolar type 2 cell,51,7,1,1,1_3,AT2
F-2020,all,7,5,2294,3433,39,23018,0,0,0,0,0,F,5,Pericyte,19,8,5,5,5_1,Pericyte
F-2022,all,11,9,2609,3274,39,26930,0,0,0,0,0,F,4,Capillary 2 cell,29,10,2,2,2_3,Vein
F-2025,all,40,22,3635,2901,19,35751,0,0,0,0,0,F,6,Endothelial progenitor cell,41,22,2,2,2_1,Capillary
F-2027,all,69,40,3273,3295,19,90151,0,0,0,0,0,F,2,Pericyte,58,40,5,5,5_3,Pericyte
F-2028,all,75,41,3594,2980,21,70498,0,0,0,0,0,F,14,Pericyte,59,41,5,5,5_1,Pericyte
F-2029,all,111,48,2105,2295,31,85807,0,0,0,0,0,F,55,Interstitial macrophage,51,29,1,1,1_1,AT2
F-2030,all,29,15,2898,2941,10,18903,0,0,0,0,0,F,3,Venous endothelial cell,38,15,8,8,8_1,AlveolarMac
F-2031,all,96,28,2317,2848,29,47175,5034,4994,551,0.9006312,0.0993688,F,30,Mesothelial cell,63,28,1,1,1_1,AT2
F-2032,all,47,27,2876,3431,23,93995,0,0,0,0,0,F,10,Capillary 1 cell,47,27,9,9,9,Bcell
F-2033,all,41,13,3067,3253,28,31904,0,0,0,0,0,F,30,Alveolar type 2 cell,46,13,1,1,1_1,AT2
F-2034,all,80,39,3342,2253,20,103104,0,0,0,0,0,F,18,Capillary 1 cell,57,39,9,9,9,Bcell
F-2035,all,95,32,2616,2878,23,74599,15770,0,13795,0,1,F,23,Ciliated cell,61,31,2,2,2_6,pDC
F-2037,all,33,16,2174,2007,38,35210,0,0,0,0,0,F,22,CD4+ T cell,41,16,1,1,1_1,AT2
F-2038,all,70,25,2688,2606,20,39637,4127,0,4127,0,1,F,13,Alveolar type 2 cell,56,26,3,3,3_2,SMC
F-2040,all,194,49,2098,3571,21,119927,0,0,0,0,0,F,120,Alveolar type 2 cell,50,21,1,1,1_1,AT2
F-2042,all,27,16,2225,2374,34,32774,0,0,0,0,0,F,6,Alveolar fibroblast 1,45,15,1,1,1_5_1,LymphaticEndo
F-2043,all,12,11,3160,3382,37,44463,0,0,0,0,0,F,6,Pericyte,26,11,5,5,5_3,Pericyte
F-2044,all,47,22,2751,2638,13,31081,0,0,0,0,0,F,6,Vascular smooth muscle cell,47,22,3,3,3_6,SCMF
F-2045,all,56,30,2277,2813,24,51238,105,0,105,0,1,F,19,Arterial endothelial cell,54,30,3,3,3_4,AdventitialFib
F-2046,all,23,13,2631,2649,40,26421,0,0,0,0,0,F,4,Alveolar type 1 cell,42,13,6,6,6,AT1
F-2047,all,152,50,3697,2797,27,91324,0,0,0,0,0,F,16,Alveolar fibroblast 1,50,19,1,1,1_3,AT2
F-2048,all,151,37,2428,2642,20,75027,0,0,0,0,0,F,24,Alveolar fibroblast 1,52,18,1,1,1_5_2,AlveolarFib
F-2050,all,47,27,1969,2144,35,41968,0,0,0,0,0,F,7,Interstitial macrophage,47,27,8,8,8_3,InterstitialMac
F-2051,all,13,8,2567,2352,31,26239,0,0,0,0,0,F,2,Sox9+/Id2+ epithelial cell,30,8,6,6,6,AT1
F-2052,all,36,23,3747,3488,20,55465,0,0,0,0,0,F,10,Capillary 1 cell,39,23,2,2,2_6,pDC
F-2053,all,180,43,3008,2238,15,106409,23053,19237,3762,0.8364277,0.1635723,F,38,AT1/AT2,52,16,1,1,1_3,AT2
F-2054,all,18,14,3055,2994,20,23222,0,0,0,0,0,F,4,B cell,38,15,2,2,2_2,InflamMac
F-2056,all,120,49,2179,2436,11,85177,0,0,0,0,0,F,32,Arterial endothelial cell,43,24,2,2,2_4,Artery
F-2058,all,40,24,3126,2287,32,41274,0,0,0,0,0,F,10,Alveolar type 1 cell,42,24,6,6,6,AT1
F-2059,all,81,43,2795,2514,33,99837,0,0,0,0,0,F,10,Capillary 1 cell,60,43,9,9,9,Bcell
F-2060,all,13,13,2081,2439,33,33606,0,0,0,0,0,F,3,Inflammatory monocyte,32,13,3,3,3_4,AdventitialFib
F-2061,all,27,12,2562,2805,17,15300,0,0,0,0,0,F,5,Alveolar type 1 cell,46,12,6,6,6,AT1
F-2062,all,151,50,2355,2588,23,94168,4359,5312,2029,0.7236071,0.2763929,F,29,Interstitial macrophage,55,33,8,8,8_3,InterstitialMac
F-2063,all,60,27,2149,2643,20,88217,0,0,0,0,0,F,11,Innate lymphoid cell,55,27,2,2,2_1,Capillary
F-2067,all,54,35,2944,2712,19,61464,0,0,0,0,0,F,16,Capillary 1 cell,54,36,3,3,3_1,SMC
F-2069,all,49,37,3562,2702,28,51020,0,0,0,0,0,F,10,Capillary 1 cell,49,37,3,3,3_4,AdventitialFib
F-2070,all,18,17,2207,2119,38,47391,0,0,0,0,0,F,2,Capillary 1 cell,39,18,2,2,2_1,Capillary
F-2071,all,67,37,2645,3245,25,99295,0,0,0,0,0,F,11,Pericyte,58,37,5,5,5_3,Pericyte
F-2072,all,110,48,2660,3368,36,58790,0,0,0,0,0,F,22,Alveolar macrophage,61,38,8,8,8_1,AlveolarMac
F-2075,all,64,27,3681,3263,10,68846,10311,0,4545,0,1,F,33,Pericyte,54,27,5,5,5_1,Pericyte
F-2076,all,27,16,2002,2059,25,79895,0,0,0,0,0,F,5,Natural killer cell,41,17,2,2,2_2,InflamMac
F-2077,all,35,23,2003,3727,27,76296,0,0,0,0,0,F,9,Sox9+/Id2+ epithelial cell,44,23,6,6,6,AT1
F-2079,all,15,11,2368,3109,7,22197,0,0,0,0,0,F,5,B cell,32,11,9,9,9,Bcell
F-2081,all,23,14,2123,1987,29,83357,0,0,0,0,0,F,10,Secondary crest myofibroblast,41,14,2,2,2_6,pDC
F-2085,all,122,55,2980,2686,33,70357,0,0,0,0,0,F,16,Inflammatory monocyte,44,27,3,3,3_6,SCMF
F-2086,all,92,36,3283,2795,26,82850,51644,1059,29167,0.03503606,0.9649639,F,10,Pericyte,61,35,5,5,5_3,Pericyte
F-2088,all,126,38,2511,2691,11,78793,0,0,0,0,0,F,11,Alveolar fibroblast 1,48,18,1,1,1_5_1,LymphaticEndo
F-2089,all,105,39,2150,2346,35,70228,0,0,0,0,0,F,17,Alveolar type 2 cell,60,32,2,2,2_4,Artery
F-2092,all,29,19,2976,3415,36,68309,0,0,0,0,0,F,9,Alveolar fibroblast 1,37,19,2,2,2_3,Vein
F-2093,all,154,50,2685,2772,25,103026,0,0,0,0,0,F,14,Alveolar type 1 cell,46,21,6,6,6,AT1
F-2095,all,31,20,2089,3710,29,56220,0,0,0,0,0,F,6,Capillary 1 cell,41,20,2,2,2_3,Vein
F-2096,all,93,42,2294,2899,27,97096,20986,55,15057,0.003639492,0.9963605,F,19,Capillary 1 cell,61,41,2,2,2_3,Vein
F-2098,all,98,55,3608,2732,9,89124,0,0,0,0,0,F,22,Alveolar fibroblast 1,67,53,5,5,5_3,Pericyte
F-2099,all,86,42,3645,3037,22,72811,0,0,0,0,0,F,21,Arterial endothelial cell,62,41,2,2,2_1,Capillary
F-2100,all,25,21,3418,2725,12,39382,0,0,0,0,0,F,5,Sox9+/Id2+ epithelial cell,43,22,2,2,2_1,Capillary
F-2102,all,20,8,2177,3709,38,9746,0,0,0,0,0,F,13,Alveolar type 2 cell,39,8,1,1,1_1,AT2
F-2103,all,7,6,2207,1991,32,35122,0,0,0,0,0,F,3,Alveolar fibroblast 1,27,7,1,1,1_4_3,AlveolarFib
F-2105,all,14,9,2027,3501,12,20978,0,0,0,0,0,F,3,Alveolar type 1 cell,33,9,2,2,2_1,Capillary
F-2106,all,67,34,2609,2557,14,60887,0,0,0,0,0,F,10,Capillary 1 cell,58,34,2,2,2_6,pDC
F-2108,all,109,46,3379,2635,17,66528,417,0,417,0,1,F,26,Pericyte,57,36,5,5,5_3,Pericyte
F-2111,all,20,11,2421,2371,21,20985,0,0,0,0,0,F,2,Venous endothelial cell,38,11,2,2,2_3,Vein
F-2112,all,106,50,3447,3231,27,75522,0,0,0,0,0,F,20,Arterial endothelial cell,62,42,2,2,2_4,Artery
F-2114,all,32,23,2446,3384,37,47670,0,0,0,0,0,F,5,B cell,38,23,2,2,2_6,pDC
F-2116,all,23,18,3594,2689,6,18948,0,0,0,0,0,F,3,Endothelial progenitor cell,40,18,3,3,3_4,AdventitialFib
F-2117,all,60,21,2842,2695,11,42851,0,0,0,0,0,F,7,Alveolar type 1 cell,55,21,6,6,6,AT1
F-2119,all,31,16,2880,2956,8,19397,54,0,54,0,1,F,3,Alveolar macrophage,40,16,8,8,8_1,AlveolarMac
F-2121,all,114,45,3083,2730,30,82997,0,0,0,0,0,F,9,Alveolar type 1 cell,46,24,2,2,2_1,Capillary
F-2122,all,65,45,2102,2563,33,68327,0,0,0,0,0,F,13,Natural killer cell,59,45,5,5,5_3,Pericyte
F-2123,all,99,34,2291,2746,33,61451,0,0,0,0,0,F,10,Alveolar fibroblast 1,64,32,5,5,5_3,Pericyte
F-2125,all,39,23,2780,2618,38,36320,276,0,276,0,1,F,9,Arterial endothelial cell,44,23,2,2,2_1,Capillary
F-2126,all,21,15,1994,3536,7,24352,0,0,0,0,0,F,4,Capillary 2 cell,40,16,3,3,3_5,SMC
F-2127,all,98,43,3252,2706,14,78366,0,0,0,0,0,F,4,Capillary 1 cell,59,40,2,2,2_1,Capillary
F-2128,all,113,49,3095,3200,20,148981,0,0,0,0,0,F,27,Arterial endothelial cell,45,26,1,1,1_1,AT2
F-2130,all,26,17,2399,3397,39,38712,0,0,0,0,0,F,6,Capillary 2 cell,44,17,2,2,2_6,pDC
F-2131,all,54,30,3141,2931,8,33028,0,0,0,0,0,F,9,Arterial endothelial cell,53,30,2,2,2_4,Artery
F-2133,all,45,28,3432,2909,11,56890,0,0,0,0,0,F,17,Arterial endothelial cell,45,28,2,2,2_4,Artery
F-2135,all,39,25,2684,3060,15,97438,0,0,0,0,0,F,8,Arterial endothelial cell,41,25,2,2,2_3,Vein
F-2141,all,196,53,3203,2001,12,69138,94613,54258,40355,0.573473,0.426527,F,32,AT1/AT2,56,29,1,1,1_3,AT2
F-2142,all,25,20,2068,2471,30,53427,0,0,0,0,0,F,5,Inflammatory monocyte,47,20,7,7,7_2,PatrolMac
F-2143,all,87,39,3167,2913,21,87174,0,0,0,0,0,F,10,Vascular smooth muscle cell,63,40,3,3,3_2,SMC
F-2144,all,165,37,2425,3613,14,95399,0,0,0,0,0,F,111,Alveolar type 2 cell,46,12,1,1,1_1,AT2
F-2145,all,55,17,3071,3298,31,39448,0,0,0,0,0,F,39,Alveolar type 2 cell,51,17,1,1,1_3,AT2
F-2146,all,108,46,2284,2238,21,119851,0,0,0,0,0,F,16,Sox9+/Id2+ epithelial cell,57,38,6,6,6,AT1
F-2148,all,17,10,2433,3560,6,13583,0,0,0,0,0,F,10,Pericyte,35,10,5,5,5_3,Pericyte
F-2149,all,32,20,3032,2939,15,34846,0,0,0,0,0,F,9,B cell,39,20,9,9,9,Bcell
F-2153,all,23,13,3386,2707,14,30791,0,0,0,0,0,F,3,Capillary 1 cell,39,13,2,2,2_1,Capillary
F-2156,all,66,35,2636,2717,17,62013,0,0,0,0,0,F,14,Alveolar fibroblast 1,59,36,3,3,3_1,SMC
F-2157,all,101,46,2746,2759,27,115314,0,0,0,0,0,F,11,Alveolar type 1 cell,60,40,7,7,7_3,Tcell (CD8)
F-2159,all,23,17,2501,2436,10,40156,0,0,0,0,0,F,11,Vascular smooth muscle cell,45,18,2,2,2_4,Artery
F-2160,all,12,6,2147,3694,37,15179,0,0,0,0,0,F,7,Sox9+/Id2+ epithelial cell,36,6,1,1,1_1,AT2
F-2162,all,106,47,2582,2788,19,72699,0,0,0,0,0,F,14,Alveolar type 1 cell,60,37,6,6,6,AT1
F-2163,all,30,19,3427,2014,27,42264,0,0,0,0,0,F,2,Capillary 1 cell,41,19,2,2,2_1,Capillary
F-2165,all,14,9,2994,2786,12,15818,0,0,0,0,0,F,2,Alveolar fibroblast 1,32,10,1,1,1_4_1,AlveolarFib
F-2167,all,169,47,2694,2921,16,87105,8757,3654,992,0.786483,0.213517,F,19,Alveolar fibroblast 1,52,19,1,1,1_5_2,AlveolarFib
F-2169,all,69,37,3553,2656,15,57951,0,0,0,0,0,F,15,Capillary 1 cell,59,37,2,2,2_1,Capillary
F-2170,all,188,52,3357,2601,18,88699,4074,57,4017,0.01399116,0.9860088,F,21,Sox9+/Id2+ epithelial cell,52,22,6,6,6,AT1
F-2171,all,10,8,3667,2919,9,12501,0,0,0,0,0,F,2,Alveolar fibroblast 1,29,8,7,7,7_3,Tcell (CD8)
F-2172,all,20,15,3395,1985,27,45565,0,0,0,0,0,F,3,Alveolar fibroblast 1,43,16,2,2,2_5,DC
F-2174,all,35,21,2137,3601,23,47823,0,0,0,0,0,F,9,Arterial endothelial cell,41,21,5,5,5_3,Pericyte
F-2176,all,78,44,2226,3676,34,113607,0,0,0,0,0,F,10,Endothelial progenitor cell,56,44,2,2,2_3,Vein
F-2179,all,78,37,2288,2708,35,64307,0,0,0,0,0,F,10,Capillary 1 cell,54,37,2,2,2_1,Capillary
F-2180,all,37,24,2192,2354,35,55460,0,0,0,0,0,F,2,Alveolar fibroblast 1,40,24,9,9,9,Bcell
F-2184,all,14,9,2325,2310,41,12709,0,0,0,0,0,F,4,Endothelial progenitor cell,35,9,2,2,2_3,Vein
F-2185,all,24,20,3025,2968,17,40920,0,0,0,0,0,F,2,B cell,42,20,9,9,9,Bcell
F-2188,all,62,31,3027,3407,23,62207,0,0,0,0,0,F,7,Alveolar fibroblast 1,56,32,2,2,2_4,Artery
F-2191,all,14,7,3193,2349,5,7164,0,0,0,0,0,F,5,Alveolar type 1 cell,33,7,6,6,6,AT1
F-2195,all,7,7,2087,2235,36,12298,0,0,0,0,0,F,2,Alveolar fibroblast 1,29,8,3,3,3_2,SMC
F-2197,all,11,5,2529,2368,38,10301,0,0,0,0,0,F,9,Alveolar type 2 cell,32,5,1,1,1_1,AT2
F-2200,all,23,14,3249,2389,34,12646,0,0,0,0,0,F,5,Capillary 1 cell,46,15,2,2,2_1,Capillary
F-2202,all,23,15,1982,2310,33,36134,0,0,0,0,0,F,6,Capillary 2 cell,44,15,2,2,2_1,Capillary
F-2205,all,11,7,3602,3078,5,7261,0,0,0,0,0,F,3,B cell,28,7,2,2,2_6,pDC
F-2206,all,37,23,2112,3757,31,43215,0,0,0,0,0,F,11,Alveolar type 1 cell,41,24,2,2,2_2,InflamMac
F-2209,all,40,26,2536,2426,18,43236,0,0,0,0,0,F,9,Pericyte,40,26,5,5,5_3,Pericyte
F-2210,all,25,11,2507,2382,39,17776,0,0,0,0,0,F,12,Alveolar type 2 cell,43,11,1,1,1_3,AT2
F-2211,all,33,21,3714,3470,18,38408,0,0,0,0,0,F,6,Ciliated cell,40,21,2,2,2_1,Capillary
F-2215,all,26,15,2637,2620,40,14357,0,0,0,0,0,F,2,Alveolar type 1 cell,47,15,6,6,6,AT1
F-2216,all,24,19,3295,2995,36,22271,0,0,0,0,0,F,5,Classical DC subset 2,42,19,3,3,3_2,SMC
F-2217,all,120,38,2315,2816,25,82852,17838,13435,3892,0.7753795,0.2246205,F,41,Alveolar fibroblast 1,43,13,2,2,2_6,pDC
F-2218,all,8,4,2162,3333,41,7797,0,0,0,0,0,F,6,Arterial endothelial cell,31,6,2,2,2_4,Artery
F-2219,all,6,4,3597,2030,11,7492,0,0,0,0,0,F,2,Alveolar fibroblast 1,23,8,1,1,1_5_2,AlveolarFib
F-2223,all,79,28,2653,2583,16,44320,0,0,0,0,0,F,6,Pericyte,55,28,5,5,5_3,Pericyte
F-2231,all,81,42,3234,5247,18,98732,59,0,59,0,1,F,18,Arterial endothelial cell,61,43,3,3,3_1,SMC
F-2234,all,36,18,3203,5481,14,75463,0,0,0,0,0,F,5,Natural killer cell,41,18,7,7,7_3,Tcell (CD8)
F-2235,all,26,18,2735,5329,24,66635,424,0,424,0,1,F,4,Alveolar fibroblast 1,44,18,1,1,1_5_1,LymphaticEndo
F-2236,all,25,16,3271,5407,30,50834,0,0,0,0,0,F,3,Capillary 1 cell,45,16,2,2,2_1,Capillary
F-2237,all,33,17,2057,3911,21,51110,0,0,0,0,0,F,5,Alveolar macrophage,42,17,6,6,6,AT1
F-2239,all,21,18,3238,4944,38,24298,0,0,0,0,0,F,5,Pericyte,40,18,5,5,5_1,Pericyte
F-2240,all,45,25,3302,5255,15,59784,0,0,0,0,0,F,12,AT1/AT2,46,25,6,6,6,AT1
F-2242,all,23,8,3069,5536,27,26423,0,0,0,0,0,F,11,Sox9+/Id2+ epithelial cell,44,8,1,1,1_1,AT2
F-2243,all,113,33,3285,5208,32,67692,52,52,0,1,0,F,11,Alveolar type 1 cell,49,19,6,6,6,AT1
F-2244,all,56,27,3053,4614,33,66941,0,0,0,0,0,F,5,Capillary 1 cell,52,27,2,2,2_1,Capillary
F-2245,all,117,51,2352,4159,22,97169,0,0,0,0,0,F,53,Interstitial macrophage,49,28,8,8,8_3,InterstitialMac
F-2246,all,56,29,2080,4229,13,84355,0,0,0,0,0,F,15,Alveolar fibroblast 1,55,30,3,3,3_1,SMC
F-2247,all,54,28,2925,4515,19,63731,0,0,0,0,0,F,19,Inflammatory monocyte,53,28,5,5,5_1,Pericyte
F-2248,all,79,33,2608,3972,26,75587,20767,4346,16421,0.2092743,0.7907257,F,21,Alveolar fibroblast 1,53,33,1,1,1_5_1,LymphaticEndo
F-2249,all,65,32,3349,5004,25,83797,0,0,0,0,0,F,16,Alveolar fibroblast 1,59,32,1,1,1_5_1,LymphaticEndo
F-2250,all,55,29,1997,4811,24,78516,0,0,0,0,0,F,19,Vascular smooth muscle cell,54,30,3,3,3_1,SMC
F-2251,all,123,38,3104,4938,18,102258,158,158,0,1,0,F,23,Alveolar macrophage,49,23,8,8,8_1,AlveolarMac
F-2252,all,68,35,3083,5387,36,85404,0,0,0,0,0,F,17,Arterial endothelial cell,57,35,2,2,2_4,Artery
F-2254,all,25,22,3261,5148,21,47168,0,0,0,0,0,F,2,Arterial endothelial cell,46,23,2,2,2_4,Artery
F-2258,all,45,29,2760,5380,27,75632,0,0,0,0,0,F,13,Pericyte,45,29,5,5,5_1,Pericyte
F-2259,all,115,46,2851,5491,33,120880,0,0,0,0,0,F,26,Inflammatory monocyte,57,29,8,8,8_1,AlveolarMac
F-2260,all,87,39,2520,3915,26,85416,0,0,0,0,0,F,13,Alveolar macrophage,61,39,8,8,8_1,AlveolarMac
F-2263,all,9,4,2995,5222,8,17593,0,0,0,0,0,F,2,Arterial endothelial cell,34,6,2,2,2_4,Artery
F-2264,all,59,31,3299,5525,20,81589,0,0,0,0,0,F,5,Proliferative mesenchymal progenitor cell,55,32,3,3,3_1,SMC
F-2265,all,28,20,2982,5495,32,48156,0,0,0,0,0,F,8,Pericyte,40,20,5,5,5_1,Pericyte
F-2266,all,18,10,3001,4616,14,41646,0,0,0,0,0,F,4,Endothelial progenitor cell,31,9,2,2,2_1,Capillary
F-2267,all,12,11,1991,3936,39,27780,0,0,0,0,0,F,2,Venous endothelial cell,35,11,2,2,2_3,Vein
F-2268,all,57,34,2546,3980,27,86111,53,0,53,0,1,F,5,Alveolar fibroblast 1,54,34,2,2,2_3,Vein
F-2273,all,26,7,2726,5076,8,21050,0,0,0,0,0,F,16,Alveolar type 2 cell,44,7,1,1,1_3,AT2
F-2274,all,31,18,2587,5606,34,41517,0,0,0,0,0,F,7,Secondary crest myofibroblast,42,19,3,3,3_1,SMC
F-2275,all,48,27,3022,4546,29,63754,0,0,0,0,0,F,12,Alveolar type 1 cell,49,27,1,1,1_5_1,LymphaticEndo
F-2278,all,51,28,3335,5495,31,58577,0,0,0,0,0,F,17,Mesothelial cell,50,29,3,3,3_1,SMC
F-2279,all,31,18,3018,4688,27,66131,0,0,0,0,0,F,8,Alveolar type 2 cell,40,18,7,7,7_2,PatrolMac
F-2281,all,67,26,2922,5213,34,51278,0,0,0,0,0,F,10,Alveolar type 1 cell,56,26,6,6,6,AT1
F-2282,all,42,12,2028,3880,24,52043,0,0,0,0,0,F,2,Sox9+/Id2+ epithelial cell,46,12,2,2,2_3,Vein
F-2283,all,166,56,3298,5023,28,146235,1086,0,1086,0,1,F,98,Alveolar type 2 cell,41,15,2,2,2_1,Capillary
F-2284,all,57,28,2051,4083,29,63787,0,0,0,0,0,F,34,Sox9+/Id2+ epithelial cell,54,28,6,6,6,AT1
F-2287,all,39,26,3180,5521,21,51272,0,0,0,0,0,F,8,Capillary 1 cell,39,25,2,2,2_1,Capillary
F-2288,all,194,48,3045,4483,19,132460,0,0,0,0,0,F,105,Alveolar type 2 cell,50,25,1,1,1_3,AT2
F-2290,all,31,19,1963,4817,24,34593,0,0,0,0,0,F,7,Alveolar fibroblast 2,38,19,3,3,3_4,AdventitialFib
F-2292,all,12,11,3766,4823,18,31948,0,0,0,0,0,F,2,Alveolar fibroblast 1,29,12,1,1,1_5_2,AlveolarFib
F-2293,all,23,17,2364,4213,36,39241,0,0,0,0,0,F,5,Interstitial macrophage,41,17,8,8,8_3,InterstitialMac
F-2294,all,51,29,3286,5480,26,61816,0,0,0,0,0,F,4,Alveolar fibroblast 1,54,30,2,2,2_4,Artery
F-2295,all,155,42,3723,5227,16,126634,0,0,0,0,0,F,22,Alveolar type 1 cell,44,14,6,6,6,AT1
F-2296,all,26,21,2774,5447,31,65998,0,0,0,0,0,F,5,Alveolar fibroblast 1,40,22,3,3,3_1,SMC
F-2299,all,26,20,2021,3975,31,61263,0,0,0,0,0,F,7,CD8+ T cell,43,20,7,7,7_2,PatrolMac
F-2300,all,38,21,3094,5284,25,46048,0,0,0,0,0,F,10,Arterial endothelial cell,43,21,8,8,8_3,InterstitialMac
F-2301,all,14,14,3225,5135,38,24514,0,0,0,0,0,F,3,Arterial endothelial cell,36,15,2,2,2_4,Artery
F-2302,all,28,21,2968,4590,19,58390,0,0,0,0,0,F,2,B cell,40,21,6,6,6,AT1
F-2305,all,26,17,3425,5016,38,28402,0,0,0,0,0,F,11,Vascular smooth muscle cell,45,17,5,5,5_1,Pericyte
F-2306,all,27,15,3317,5069,39,32637,0,0,0,0,0,F,4,Alveolar type 1 cell,45,15,1,1,1_5_2,AlveolarFib
F-2308,all,16,13,3152,4492,13,36338,0,0,0,0,0,F,6,Proliferative mesenchymal progenitor cell,34,14,3,3,3_1,SMC
F-2309,all,59,31,3133,5078,23,86621,0,0,0,0,0,F,12,Capillary 1 cell,55,31,2,2,2_1,Capillary
F-2311,all,41,23,3686,5240,19,36416,0,0,0,0,0,F,5,Alveolar type 1 cell,42,23,6,6,6,AT1
F-2312,all,32,20,2014,4057,27,70510,0,0,0,0,0,F,2,Alveolar type 1 cell,40,20,6,6,6,AT1
F-2314,all,85,38,2981,5338,28,91755,0,0,0,0,0,F,19,Alveolar type 1 cell,58,38,6,6,6,AT1
F-2315,all,12,8,3032,5538,40,19663,0,0,0,0,0,F,2,Proliferative mesenchymal progenitor cell,33,9,3,3,3_1,SMC
F-2316,all,59,27,2953,5584,25,84732,0,0,0,0,0,F,10,Venous endothelial cell,53,26,2,2,2_1,Capillary
F-2317,all,135,39,2984,4728,17,96022,192,0,192,0,1,F,87,Endothelial progenitor cell,44,17,1,1,1_1,AT2
F-2318,all,74,22,3561,5333,15,57331,0,0,0,0,0,F,55,Alveolar type 2 cell,54,22,1,1,1_3,AT2
F-2319,all,16,9,3763,4769,25,36988,0,0,0,0,0,F,6,Alveolar fibroblast 1,35,10,3,3,3_1,SMC
F-2321,all,34,15,2563,3866,28,38352,0,0,0,0,0,F,14,Alveolar type 2 cell,41,15,1,1,1_1,AT2
F-2322,all,40,21,2334,4210,33,42382,0,0,0,0,0,F,16,Sox9+/Id2+ epithelial cell,44,21,1,1,1_1,AT2
F-2328,all,24,13,2961,4463,19,55277,360,0,360,0,1,F,15,Mesothelial cell,42,14,3,3,3_1,SMC
F-2329,all,29,17,3596,4938,16,52525,0,0,0,0,0,F,14,Venous endothelial cell,40,17,9,9,9,Bcell
F-2330,all,16,10,2393,4145,12,30541,0,0,0,0,0,F,4,Alveolar fibroblast 1,33,11,3,3,3_1,SMC
F-2331,all,82,41,3183,5305,16,108695,0,0,0,0,0,F,20,Arterial endothelial cell,58,41,2,2,2_1,Capillary
F-2332,all,25,14,2629,5627,34,44616,0,0,0,0,0,F,2,Endothelial progenitor cell,42,16,2,2,2_1,Capillary
F-2333,all,34,18,3696,5008,30,36109,0,0,0,0,0,F,15,Airway smooth muscle cell,42,19,3,3,3_1,SMC
F-2334,all,7,6,3271,4976,30,15272,0,0,0,0,0,F,2,Natural killer cell,28,7,2,2,2_2,InflamMac
F-2335,all,41,4,2183,4188,4,15753,0,0,0,0,0,F,2,Natural killer cell,45,4,7,7,7_3,Tcell (CD8)
F-2336,all,31,20,3250,5113,31,46606,0,0,0,0,0,F,14,Vascular smooth muscle cell,40,20,5,5,5_3,Pericyte
F-2339,all,55,15,3034,5289,22,49953,0,0,0,0,0,F,38,Alveolar type 2 cell,51,15,1,1,1_1,AT2
F-2341,all,47,22,3658,5000,32,60530,0,0,0,0,0,F,25,Airway smooth muscle cell,48,23,3,3,3_1,SMC
F-2344,all,72,23,2588,3840,21,63666,1245,1057,188,0.848996,0.151004,F,28,Alveolar type 2 cell,54,23,1,1,1_1,AT2
F-2345,all,98,23,3541,4958,27,91184,0,0,0,0,0,F,73,Alveolar type 2 cell,54,20,1,1,1_1,AT2
F-2346,all,38,22,3570,5227,29,50871,0,0,0,0,0,F,3,Capillary 1 cell,42,21,2,2,2_1,Capillary
F-2347,all,27,18,3749,5080,28,44427,0,0,0,0,0,F,6,Alveolar type 2 cell,45,18,1,1,1_1,AT2
F-2348,all,38,20,3766,5041,26,57956,0,0,0,0,0,F,20,Alveolar type 2 cell,42,20,1,1,1_1,AT2
F-2350,all,24,12,2801,5136,25,37025,0,0,0,0,0,F,8,Alveolar fibroblast 1,43,13,3,3,3_1,SMC
F-2356,all,12,9,3551,5016,37,27142,0,0,0,0,0,F,3,Airway smooth muscle cell,30,10,3,3,3_1,SMC
F-2358,all,104,40,3760,4935,19,94426,0,0,0,0,0,F,25,Alveolar macrophage,61,34,8,8,8_1,AlveolarMac
F-2359,all,16,9,3428,5054,20,29553,0,0,0,0,0,F,3,Capillary 1 cell,38,11,2,2,2_1,Capillary
F-2360,all,33,23,3282,5132,15,47183,0,0,0,0,0,F,9,Vascular smooth muscle cell,41,23,3,3,3_2,SMC
F-2361,all,15,10,3532,5302,38,18895,0,0,0,0,0,F,3,Alveolar fibroblast 1,37,11,3,3,3_1,SMC
F-2362,all,26,18,3568,4903,12,32685,0,0,0,0,0,F,11,B cell,48,18,5,5,5_3,Pericyte
F-2364,all,13,7,2987,4437,17,41617,0,0,0,0,0,F,7,Alveolar fibroblast 1,31,7,3,3,3_1,SMC
F-2367,all,22,16,2870,4392,35,47130,0,0,0,0,0,F,2,Capillary 1 cell,42,16,2,2,2_3,Vein
F-2368,all,14,5,2998,5279,11,18646,0,0,0,0,0,F,12,Sox9+/Id2+ epithelial cell,37,5,1,1,1_3,AT2
F-2369,all,31,11,3534,5357,15,23647,0,0,0,0,0,F,23,Alveolar type 2 cell,42,11,1,1,1_1,AT2
F-2372,all,73,42,2646,3934,27,114668,0,0,0,0,0,F,25,Alveolar fibroblast 1,56,43,3,3,3_1,SMC
F-2373,all,61,25,3285,5287,24,71634,0,0,0,0,0,F,34,Arterial endothelial cell,54,26,2,2,2_4,Artery
F-2374,all,41,23,2920,4407,27,91344,0,0,0,0,0,F,7,Inflammatory monocyte,44,23,2,2,2_6,pDC
F-2376,all,12,6,3109,5267,7,13620,0,0,0,0,0,F,7,Interstitial macrophage,23,6,5,5,5_1,Pericyte
F-2378,all,35,13,2882,4441,30,27062,0,0,0,0,0,F,23,Sox9+/Id2+ epithelial cell,44,13,1,1,1_1,AT2
F-2379,all,104,35,2383,3938,25,104116,0,0,0,0,0,F,61,Alveolar type 2 cell,56,27,1,1,1_1,AT2
F-2380,all,36,14,3686,5092,15,88508,0,0,0,0,0,F,19,Pericyte,45,14,5,5,5_1,Pericyte
F-2381,all,58,20,3077,4444,11,79444,60,0,60,0,1,F,22,Secondary crest myofibroblast,51,21,3,3,3_1,SMC
F-2385,all,44,27,2439,3850,20,90610,0,0,0,0,0,F,14,Alveolar fibroblast 1,46,28,3,3,3_1,SMC
F-2389,all,14,8,3297,5109,7,11697,0,0,0,0,0,F,3,Arterial endothelial cell,37,9,2,2,2_4,Artery
F-2390,all,47,19,3716,5041,33,29690,0,0,0,0,0,F,26,Alveolar type 2 cell,47,19,1,1,1_3,AT2
F-2391,all,109,41,1974,3995,33,83662,0,0,0,0,0,F,24,Alveolar fibroblast 1,51,26,6,6,6,AT1
F-2393,all,34,20,2431,3958,29,77951,0,0,0,0,0,F,19,Pericyte,41,20,5,5,5_1,Pericyte
F-2394,all,39,24,3458,5306,27,68077,0,0,0,0,0,F,7,Capillary 1 cell,45,25,3,3,3_5,SMC
F-2395,all,11,10,3470,4992,39,20722,0,0,0,0,0,F,3,Alveolar fibroblast 1,35,10,1,1,1_5_1,LymphaticEndo
F-2397,all,46,28,2757,5115,29,71143,0,0,0,0,0,F,10,Alveolar type 1 cell,47,29,3,3,3_5,SMC
F-2399,all,53,21,1983,4855,35,72880,0,0,0,0,0,F,31,Alveolar type 2 cell,50,21,1,1,1_1,AT2
F-2404,all,44,30,2969,4515,17,61668,0,0,0,0,0,F,7,Alveolar fibroblast 1,45,30,2,2,2_3,Vein
F-2405,all,65,36,3073,5321,33,66721,0,0,0,0,0,F,10,Arterial endothelial cell,57,36,2,2,2_4,Artery
F-2407,all,54,37,3323,5315,34,71533,0,0,0,0,0,F,10,Sox9+/Id2+ epithelial cell,51,36,2,2,2_1,Capillary
F-2410,all,44,22,2786,5208,21,94034,0,0,0,0,0,F,8,Neutrophil,45,22,1,1,1_5_2,AlveolarFib
F-2411,all,46,27,3586,4978,26,120345,0,0,0,0,0,F,11,Alveolar fibroblast 1,46,27,1,1,1_5_1,LymphaticEndo
F-2412,all,15,13,2559,5637,30,41758,0,0,0,0,0,F,3,Secondary crest myofibroblast,32,13,5,5,5_3,Pericyte
F-2414,all,17,13,2628,5659,35,29709,0,0,0,0,0,F,2,Alveolar fibroblast 1,37,13,2,2,2_1,Capillary
F-2415,all,44,26,2847,5110,33,103798,0,0,0,0,0,F,10,Inflammatory monocyte,44,26,9,9,9,Bcell
F-2418,all,56,26,3031,5347,24,67501,0,0,0,0,0,F,7,Alveolar fibroblast 1,53,26,6,6,6,AT1
F-2419,all,65,35,2894,4481,16,57781,50,0,50,0,1,F,19,Secondary crest myofibroblast,55,36,3,3,3_1,SMC
F-2420,all,40,29,2450,3997,31,45873,0,0,0,0,0,F,6,Pericyte,42,29,5,5,5_1,Pericyte
F-2421,all,31,18,3155,5323,8,25482,0,0,0,0,0,F,3,Capillary 1 cell,40,18,2,2,2_1,Capillary
F-2422,all,19,13,2517,5653,38,42253,0,0,0,0,0,F,4,Alveolar fibroblast 1,42,13,1,1,1_5_1,LymphaticEndo
F-2423,all,13,12,2685,3933,36,27911,0,0,0,0,0,F,2,Secondary crest myofibroblast,30,13,3,3,3_5,SMC
F-2425,all,30,20,3317,5463,28,37168,0,0,0,0,0,F,8,Alveolar fibroblast 1,37,20,1,1,1_5_2,AlveolarFib
F-2427,all,50,20,2392,3977,33,41611,0,0,0,0,0,F,28,Sox9+/Id2+ epithelial cell,49,20,1,1,1_1,AT2
F-2428,all,49,15,3000,5303,26,43787,0,0,0,0,0,F,26,AT1/AT2,49,15,6,6,6,AT1
F-2429,all,38,21,2942,4546,29,28200,0,0,0,0,0,F,16,Arterial endothelial cell,42,22,3,3,3_1,SMC
F-2434,all,17,14,3279,5445,31,52386,0,0,0,0,0,F,4,Capillary 1 cell,36,13,2,2,2_1,Capillary
F-2435,all,19,11,2922,4456,21,25643,51,0,51,0,1,F,7,Alveolar fibroblast 1,40,12,3,3,3_1,SMC
F-2437,all,67,18,3068,5488,33,67013,0,0,0,0,0,F,45,Alveolar type 2 cell,54,18,1,1,1_3,AT2
F-2438,all,25,16,2795,5096,26,54781,0,0,0,0,0,F,9,Vascular smooth muscle cell,45,17,3,3,3_5,SMC
F-2439,all,23,5,2621,3865,11,15038,104,0,0,0,0,F,21,Sox9+/Id2+ epithelial cell,45,6,3,3,3_1,SMC
F-2444,all,27,20,3500,5315,32,29270,0,0,0,0,0,F,5,Inflammatory monocyte,42,20,5,5,5_3,Pericyte
F-2445,all,44,24,3737,4990,24,85210,0,0,0,0,0,F,22,Alveolar macrophage,45,24,3,3,3_4,AdventitialFib
F-2447,all,32,17,3558,5368,15,30436,0,0,0,0,0,F,16,Alveolar type 2 cell,43,17,1,1,1_1,AT2
F-2450,all,26,19,2384,4177,24,46119,0,0,0,0,0,F,12,Proliferative mesenchymal progenitor cell,44,20,3,3,3_1,SMC
F-2454,all,70,36,2554,6446,11,37640,0,0,0,0,0,F,10,Mesothelial cell,57,36,3,3,3_3,AdventitialFib
F-2455,all,67,35,3051,6379,33,42527,0,0,0,0,0,F,10,Inflammatory monocyte,59,35,1,1,1_2_3,Tcell (CD4)
F-2456,all,43,24,2881,6164,11,36953,0,0,0,0,0,F,11,Alveolar type 1 cell,43,24,6,6,6,AT1
F-2457,all,76,33,2900,6309,35,58137,0,0,0,0,0,F,11,CD4+ T cell,53,33,1,1,1_2_1,Tcell (CD4)
F-2458,all,48,24,2840,5877,17,66671,0,0,0,0,0,F,8,CD8+ T cell,51,25,2,2,2_2,InflamMac
F-2459,all,273,98,2471,7097,26,87282,0,0,0,0,0,F,136,Arterial endothelial cell,46,38,4,4,4_2,CiliatedEpi
F-2463,all,51,30,2857,6649,38,21777,0,0,0,0,0,F,2,Alveolar fibroblast 2,51,30,3,3,3_3,AdventitialFib
F-2466,all,404,124,3594,7032,33,87899,0,0,0,0,0,F,142,Ciliated cell,46,39,4,4,4_1_2,CiliatedEpi
F-2467,all,100,41,2446,6655,32,38576,0,0,0,0,0,F,7,Inflammatory monocyte,61,39,2,2,2_5,DC
F-2469,all,347,118,3704,7021,33,68186,0,0,0,0,0,F,109,Ciliated cell,40,31,4,4,4_1_2,CiliatedEpi
F-2470,all,27,12,3268,6784,14,38694,0,0,0,0,0,F,2,Alveolar macrophage,38,13,3,3,3_2,SMC
F-2471,all,254,54,2893,7159,29,92150,0,0,0,0,0,F,16,CD4+ T cell,56,23,1,1,1_2_1,Tcell (CD4)
F-2474,all,58,26,2030,6581,36,35759,0,0,0,0,0,F,8,Alveolar fibroblast 1,55,27,2,2,2_4,Artery
F-2475,all,69,32,2848,6913,18,74241,0,0,0,0,0,F,11,Mesothelial cell,57,33,3,3,3_2,SMC
F-2476,all,86,31,2723,5678,26,91809,0,0,0,0,0,F,9,Inflammatory monocyte,57,31,6,6,6,AT1
F-2477,all,83,37,3657,6345,38,39532,0,0,0,0,0,F,7,CD8+ T cell,59,38,2,2,2_2,InflamMac
F-2478,all,27,14,2322,6793,12,26731,0,0,0,0,0,F,15,Alveolar macrophage,38,15,3,3,3_2,SMC
F-2479,all,367,128,3381,7025,28,80544,0,0,0,0,0,F,101,Venous endothelial cell,45,35,4,4,4_1_1,ClubEpi
F-2480,all,87,39,2982,6763,13,60852,0,0,0,0,0,F,5,Mesothelial cell,62,39,3,3,3_3,AdventitialFib
F-2481,all,330,135,3385,7074,31,70937,0,0,0,0,0,F,74,Arterial endothelial cell,45,39,4,4,4_1_1,ClubEpi
F-2482,all,105,41,2759,5698,12,47854,0,0,0,0,0,F,4,Innate lymphoid cell,54,30,2,2,2_5,DC
F-2483,all,248,74,2677,7034,21,70262,0,0,0,0,0,F,123,Arterial endothelial cell,46,20,4,4,4_2,ClubEpi
F-2485,all,70,33,2110,6253,13,58231,0,0,0,0,0,F,19,B cell,57,33,9,9,9,Bcell
F-2486,all,285,71,2280,7105,24,75819,0,0,0,0,0,F,194,Arterial endothelial cell,49,14,4,4,4_2,ClubEpi
F-2487,all,84,33,3548,6303,29,49222,0,0,0,0,0,F,3,Inflammatory monocyte,59,34,2,2,2_2,InflamMac
F-2488,all,301,66,2516,7033,14,61852,0,0,0,0,0,F,220,Ciliated cell,48,38,4,4,4_2,CiliatedEpi
F-2490,all,45,21,2686,6883,33,64969,0,0,0,0,0,F,10,Proliferative mesenchymal progenitor cell,52,22,3,3,3_2,SMC
F-2492,all,72,19,2331,7048,13,14188,0,0,0,0,0,F,55,Capillary 1 cell,40,18,4,4,4_2,CiliatedEpi
F-2493,all,178,86,3125,7067,39,33964,0,0,0,0,0,F,31,Secretory cell,50,39,4,4,4_1_1,ClubEpi
F-2494,all,387,107,2513,7085,27,97494,0,0,0,0,0,F,192,Endothelial progenitor cell,47,36,4,4,4_2,CiliatedEpi
F-2495,all,135,55,2299,7171,38,33068,0,0,0,0,0,F,67,Arterial endothelial cell,66,53,4,4,4_1_2,CiliatedEpi
F-2496,all,36,24,2240,6971,33,20868,0,0,0,0,0,F,4,Alveolar fibroblast 1,40,24,1,1,1_5_2,AlveolarFib
F-2498,all,326,126,3772,7022,33,73870,0,0,0,0,0,F,106,Ciliated cell,45,33,4,4,4_1_1,ClubEpi
F-2499,all,32,12,2141,7019,35,35306,0,0,0,0,0,F,11,Secondary crest myofibroblast,45,13,3,3,3_2,SMC
F-2502,all,81,39,2863,6363,18,70559,0,0,0,0,0,F,7,Inflammatory monocyte,55,39,1,1,1_2_3,Tcell (CD4)
F-2503,all,49,15,2934,5922,15,55071,0,0,0,0,0,F,2,Sox9+/Id2+ epithelial cell,50,16,1,1,1_6_2,Neutrophil
F-2504,all,181,63,3151,6334,27,101166,0,0,0,0,0,F,13,CD8+ T cell,51,33,2,2,2_2,InflamMac
F-2505,all,12,8,2733,6911,40,12701,0,0,0,0,0,F,4,Alveolar macrophage,33,9,3,3,3_2,SMC
F-2506,all,116,51,2716,6623,38,41060,0,0,0,0,0,F,10,Mesothelial cell,46,30,2,2,2_5,DC
F-2507,all,32,15,2505,6387,41,16652,0,0,0,0,0,F,4,Neutrophil,42,16,2,2,2_2,InflamMac
F-2508,all,27,15,2639,6831,24,17214,0,0,0,0,0,F,15,Secondary crest myofibroblast,40,16,3,3,3_2,SMC
F-2510,all,99,37,2703,6559,12,63656,0,0,0,0,0,F,5,Innate lymphoid cell,63,33,2,2,2_5,DC
F-2511,all,64,29,3763,6682,14,29804,0,0,0,0,0,F,4,CD4+ T cell,54,30,1,1,1_4_1,AlveolarFib
F-2514,all,35,22,2445,6931,18,39386,0,0,0,0,0,F,8,Alveolar macrophage,42,23,3,3,3_2,SMC
F-2515,all,28,11,2102,7081,26,35991,0,0,0,0,0,F,5,T regulatory cell,40,11,7,7,7_3,Tcell (CD8)
F-2516,all,173,75,3163,7005,27,61322,0,0,0,0,0,F,51,Mesothelial cell,47,29,4,4,4_1_2,ClubEpi
F-2518,all,235,69,3081,6295,25,89175,0,0,0,0,0,F,23,Alveolar type 1 cell,54,37,6,6,6,AT1
F-2521,all,260,100,3766,6969,25,79420,0,0,0,0,0,F,94,Alveolar fibroblast 1,42,30,4,4,4_1_1,ClubEpi
F-2522,all,281,90,3460,6941,17,66267,0,0,0,0,0,F,167,Ciliated cell,42,32,4,4,4_2,CiliatedEpi
F-2525,all,71,38,2774,6490,32,49894,0,0,0,0,0,F,8,Sox9+/Id2+ epithelial cell,55,39,3,3,3_5,SMC
F-2528,all,12,7,1948,6150,16,15203,0,0,0,0,0,F,3,Endothelial progenitor cell,32,7,1,1,1_1,AT2
F-2529,all,31,18,2985,6246,29,38882,0,0,0,0,0,F,7,CD8+ T cell,42,19,2,2,2_2,InflamMac
F-2530,all,125,42,3086,6071,26,63211,0,0,0,0,0,F,7,Alveolar type 1 cell,48,30,3,3,3_4,AdventitialFib
F-2531,all,149,48,2918,6623,32,52285,0,0,0,0,0,F,2,T regulatory cell,48,24,1,1,1_6_2,Neutrophil
F-2532,all,106,39,3004,5964,25,49960,0,0,0,0,0,F,13,Alveolar type 1 cell,58,35,6,6,6,AT1
F-2533,all,195,66,2786,6985,19,91082,0,0,0,0,0,F,93,Ciliated cell,41,31,4,4,4_2,CiliatedEpi
F-2534,all,65,30,2700,6815,20,73420,0,0,0,0,0,F,16,Airway smooth muscle cell,56,30,3,3,3_2,SMC
F-2535,all,96,30,3210,6956,20,26109,0,0,0,0,0,F,54,Ciliated cell,52,29,4,4,4_2,CiliatedEpi
F-2536,all,191,83,3426,7062,34,51177,0,0,0,0,0,F,52,Ciliated cell,42,36,4,4,4_1_1,CiliatedEpi
F-2537,all,54,24,2947,6629,12,30312,0,0,0,0,0,F,5,Mesothelial cell,54,24,3,3,3_3,AdventitialFib
F-2538,all,33,12,2058,6700,16,16904,0,0,0,0,0,F,2,Alveolar type 2 cell,42,12,1,1,1_3,AT2
F-2540,all,24,16,2015,5753,14,53327,0,0,0,0,0,F,4,CD4+ T cell,43,16,1,1,1_2_1,Tcell (CD4)
F-2544,all,203,72,2199,7155,29,50425,0,0,0,0,0,F,109,Endothelial progenitor cell,37,28,4,4,4_1_1,CiliatedEpi
F-2545,all,40,19,3610,6840,36,21836,0,0,0,0,0,F,11,Vascular smooth muscle cell,44,20,3,3,3_2,SMC
F-2547,all,386,135,3176,7053,35,74207,0,0,0,0,0,F,93,Arterial endothelial cell,45,39,4,4,4_1_1,CiliatedEpi
F-2548,all,442,127,2417,7114,27,112644,0,0,0,0,0,F,236,Arterial endothelial cell,40,15,4,4,4_2,ClubEpi
F-2549,all,305,85,3314,6966,17,83014,0,0,0,0,0,F,157,Ciliated cell,55,41,4,4,4_2,CiliatedEpi
F-2550,all,372,114,2887,7043,35,68480,0,0,0,0,0,F,116,Ciliated cell,43,33,4,4,4_1_1,CiliatedEpi
F-2551,all,73,40,2462,6454,34,35772,0,0,0,0,0,F,2,CD4+ T cell,54,40,1,1,1_5_2,AlveolarFib
F-2552,all,28,18,2433,6902,15,27855,0,0,0,0,0,F,7,Inflammatory monocyte,39,19,3,3,3_2,SMC
F-2554,all,136,54,3132,6687,10,52989,0,0,0,0,0,F,18,CD8+ T cell,51,31,3,3,3_3,AdventitialFib
F-2555,all,32,19,2044,7079,34,35811,0,0,0,0,0,F,5,Alveolar macrophage,40,19,1,1,1_2_3,Tcell (CD4)
F-2556,all,32,21,2241,6918,15,53389,0,0,0,0,0,F,8,Airway smooth muscle cell,43,22,3,3,3_2,SMC
F-2557,all,91,40,2946,6961,23,50776,0,0,0,0,0,F,38,Alveolar fibroblast 1,61,38,4,4,4_1_2,ClubEpi
F-2558,all,25,17,2590,6922,19,39923,0,0,0,0,0,F,11,Secondary crest myofibroblast,43,17,3,3,3_6,SCMF
F-2559,all,33,16,3212,6797,20,31221,0,0,0,0,0,F,15,Secondary crest myofibroblast,43,17,3,3,3_2,SMC
F-2561,all,44,23,2030,6738,14,22629,0,0,0,0,0,F,7,Inflammatory monocyte,44,23,1,1,1_3,AT2
F-2562,all,43,27,2005,6180,33,60900,0,0,0,0,0,F,4,Inflammatory monocyte,43,27,1,1,1_2_1,Tcell (CD4)
F-2563,all,11,6,1970,6500,15,18361,0,0,0,0,0,F,2,CD4+ T cell,30,6,1,1,1_2_1,Tcell (CD4)
F-2564,all,349,94,3543,6959,22,107352,0,0,0,0,0,F,150,Endothelial progenitor cell,52,29,4,4,4_1_2,ClubEpi
F-2565,all,200,67,2257,7137,29,64857,0,0,0,0,0,F,106,Endothelial progenitor cell,43,30,4,4,4_2,CiliatedEpi
F-2566,all,327,94,2334,7141,32,89687,0,0,0,0,0,F,194,Ciliated cell,48,42,4,4,4_2,CiliatedEpi
F-2568,all,100,48,3503,6406,23,61024,0,0,0,0,0,F,10,Alveolar fibroblast 1,59,45,1,1,1_5_1,LymphaticEndo
F-2569,all,40,20,2516,6896,24,64656,0,0,0,0,0,F,20,Alveolar macrophage,43,21,3,3,3_2,SMC
F-2570,all,22,12,2631,6806,13,30894,0,0,0,0,0,F,10,Airway smooth muscle cell,41,13,3,3,3_2,SMC
F-2572,all,214,48,3104,6229,17,83177,0,0,0,0,0,F,27,Alveolar macrophage,54,29,8,8,8_1,AlveolarMac
F-2573,all,54,27,3733,6633,8,18307,0,0,0,0,0,F,16,Inflammatory monocyte,53,27,3,3,3_3,AdventitialFib
F-2574,all,184,61,3412,6939,19,55893,0,0,0,0,0,F,74,Capillary 1 cell,50,25,4,4,4_1_2,ClubEpi
F-2575,all,37,24,2081,7014,25,81579,0,0,0,0,0,F,11,Secondary crest myofibroblast,42,25,3,3,3_2,SMC
F-2576,all,42,27,1995,5795,14,58108,0,0,0,0,0,F,9,Inflammatory monocyte,44,27,1,1,1_2_3,Tcell (CD4)
F-2577,all,42,18,3568,6835,27,31992,0,0,0,0,0,F,9,Alveolar macrophage,44,19,3,3,3_2,SMC
F-2578,all,120,49,2605,6860,26,121985,0,0,0,0,0,F,27,Alveolar macrophage,45,26,3,3,3_2,SMC
F-2580,all,90,44,2418,6473,24,68792,0,0,0,0,0,F,4,CD4+ T cell,59,44,1,1,1_2_1,Tcell (CD4)
F-2581,all,308,97,1979,7196,22,70436,0,0,0,0,0,F,167,Arterial endothelial cell,48,40,4,4,4_2,CiliatedEpi
F-2582,all,36,23,2600,5684,31,31849,0,0,0,0,0,F,4,Alveolar fibroblast 1,41,24,3,3,3_1,SMC
F-2583,all,383,118,2565,7100,32,102942,0,0,0,0,0,F,202,Arterial endothelial cell,45,37,4,4,4_1_1,CiliatedEpi
F-2584,all,239,90,2946,7054,34,64576,0,0,0,0,0,F,69,Endothelial progenitor cell,54,47,4,4,4_1_1,CiliatedEpi
F-2585,all,129,49,2832,6257,28,95895,0,0,0,0,0,F,19,Alveolar type 1 cell,48,27,6,6,6,AT1
F-2587,all,266,69,2235,7077,24,116504,0,0,0,0,0,F,136,Inflammatory monocyte,42,26,4,4,4_2,CiliatedEpi
F-2588,all,89,46,2932,6568,26,50070,0,0,0,0,0,F,9,Ciliated cell,63,47,1,1,1_4_1,AlveolarFib
F-2589,all,424,133,3238,7042,31,81119,0,0,0,0,0,F,141,Ciliated cell,41,30,4,4,4_1_1,ClubEpi
F-2590,all,353,123,3101,7010,30,80796,0,0,0,0,0,F,158,Ciliated cell,45,30,4,4,4_1_1,ClubEpi
F-2592,all,15,11,2082,7062,37,22845,0,0,0,0,0,F,4,Sox9+/Id2+ epithelial cell,37,12,3,3,3_2,SMC
F-2595,all,56,32,2757,6861,36,43412,0,0,0,0,0,F,11,Secondary crest myofibroblast,54,32,3,3,3_6,SCMF
F-2597,all,42,18,2275,5936,41,23491,0,0,0,0,0,F,10,Alveolar macrophage,45,18,1,1,1_2_3,Tcell (CD4)
F-2598,all,53,27,2042,6450,36,41461,0,0,0,0,0,F,6,Inflammatory monocyte,52,27,1,1,1_2_3,Tcell (CD4)
F-2599,all,63,37,1987,7013,27,65255,0,0,0,0,0,F,17,Secondary crest myofibroblast,58,37,3,3,3_2,SMC
F-2601,all,34,14,2140,6571,41,17259,0,0,0,0,0,F,4,Alveolar fibroblast 1,43,15,1,1,1_4_1,AlveolarFib
F-2602,all,173,83,2239,7170,37,35189,0,0,0,0,0,F,32,Secretory cell,44,35,4,4,4_1_1,CiliatedEpi
F-2604,all,238,51,2266,7044,16,69253,0,0,0,0,0,F,160,Capillary 1 cell,52,16,4,4,4_2,ClubEpi
F-2605,all,112,46,2800,5893,32,89378,0,0,0,0,0,F,7,Inflammatory monocyte,50,30,1,1,1_2_1,Tcell (CD4)
F-2606,all,40,20,3013,6083,17,61257,0,0,0,0,0,F,2,B cell,44,20,9,9,9,Bcell
F-2608,all,136,51,3604,6910,23,58905,0,0,0,0,0,F,80,Alveolar fibroblast 1,46,20,4,4,4_2,ClubEpi
F-2610,all,53,21,3368,6715,16,44518,0,0,0,0,0,F,6,Mesothelial cell,51,21,3,3,3_3,AdventitialFib
F-2611,all,384,120,3425,7000,28,85055,0,0,0,0,0,F,150,Arterial endothelial cell,45,37,4,4,4_1_1,CiliatedEpi
F-2612,all,26,16,3033,6122,41,9904,0,0,0,0,0,F,11,T regulatory cell,37,17,1,1,1_4_3,AlveolarFib
F-2614,all,28,22,2526,6350,5,19107,0,0,0,0,0,F,3,Natural killer cell,40,22,7,7,7_2,PatrolMac
F-2616,all,128,52,2678,6596,26,64202,0,0,0,0,0,F,12,CD8+ T cell,47,31,2,2,2_5,DC
F-2618,all,10,6,3019,5824,9,11755,0,0,0,0,0,F,3,B cell,26,6,9,9,9,Bcell
F-2619,all,87,35,3651,6307,36,47422,0,0,0,0,0,F,2,CD4+ T cell,57,35,1,1,1_2_1,Tcell (CD4)
F-2620,all,77,43,2171,6979,17,50476,0,0,0,0,0,F,14,Mesothelial cell,59,43,3,3,3_3,AdventitialFib
F-2621,all,311,97,2840,7014,25,69961,0,0,0,0,0,F,169,Ciliated cell,42,16,4,4,4_2,ClubEpi
F-2622,all,122,33,2299,7061,23,32824,0,0,0,0,0,F,91,Alveolar fibroblast 1,43,33,4,4,4_2,CiliatedEpi
F-2625,all,42,20,3113,6859,27,63999,0,0,0,0,0,F,17,Secondary crest myofibroblast,45,21,3,3,3_2,SMC
F-2628,all,72,31,2598,5739,17,63682,0,0,0,0,0,F,16,Arterial endothelial cell,58,33,2,2,2_5,DC
F-2629,all,125,61,2125,7141,21,71193,0,0,0,0,0,F,41,Alveolar fibroblast 2,58,49,4,4,4_1_2,CiliatedEpi
F-2630,all,437,132,3524,7008,26,111909,0,0,0,0,0,F,128,Ciliated cell,43,36,4,4,4_1_1,CiliatedEpi
F-2631,all,118,58,2933,6775,26,88021,0,0,0,0,0,F,24,Inflammatory monocyte,44,30,3,3,3_3,AdventitialFib
F-2632,all,204,55,2425,7060,21,73720,0,0,0,0,0,F,116,B cell,62,46,4,4,4_2,CiliatedEpi
F-2636,all,120,48,2805,7033,28,56644,0,0,0,0,0,F,57,Capillary 1 cell,62,48,4,4,4_1_2,CiliatedEpi
F-2637,all,225,67,2994,6978,24,62480,0,0,0,0,0,F,131,Arterial endothelial cell,37,28,4,4,4_2,CiliatedEpi
F-2638,all,98,35,2989,5927,17,49371,50,0,50,0,1,F,12,Alveolar type 1 cell,59,34,6,6,6,AT1
F-2640,all,219,62,1968,7141,23,74401,0,0,0,0,0,F,120,Alveolar fibroblast 2,55,25,4,4,4_2,ClubEpi
F-2643,all,183,72,2982,6466,26,85650,0,0,0,0,0,F,10,Proliferative mesenchymal progenitor cell,54,41,3,3,3_4,AdventitialFib
F-2645,all,27,17,2629,6718,10,21705,0,0,0,0,0,F,10,Mesothelial cell,40,17,3,3,3_3,AdventitialFib
F-2646,all,344,87,2218,7116,24,85347,0,0,0,0,0,F,197,Arterial endothelial cell,54,46,4,4,4_2,CiliatedEpi
F-2647,all,406,127,3502,7068,36,84045,0,0,0,0,0,F,123,Ciliated cell,45,37,4,4,4_1_1,ClubEpi
F-2648,all,61,31,3403,6408,28,21130,0,0,0,0,0,F,4,Proliferative mesenchymal progenitor cell,53,31,1,1,1_2_1,Tcell (CD4)
F-2651,all,131,46,2080,5779,25,107566,0,0,0,0,0,F,38,Inflammatory monocyte,46,25,1,1,1_4_1,AlveolarFib
F-2652,all,33,20,3063,5884,17,27773,0,0,0,0,0,F,6,CD4+ T cell,43,20,7,7,7_2,PatrolMac
F-2653,all,210,64,3437,6612,26,87154,0,0,0,0,0,F,21,Alveolar macrophage,55,32,1,1,1_2_3,Tcell (CD4)
F-2655,all,134,61,3471,6411,29,60154,0,0,0,0,0,F,14,CD4+ T cell,44,29,1,1,1_4_1,AlveolarFib
F-2656,all,56,37,2355,5777,32,71456,0,0,0,0,0,F,2,Neutrophil,56,38,2,2,2_2,InflamMac
F-2657,all,325,72,2736,6993,15,82053,0,0,0,0,0,F,220,Ciliated cell,48,32,4,4,4_2,CiliatedEpi
F-2660,all,6,6,2473,6984,24,22960,0,0,0,0,0,F,2,Secondary crest myofibroblast,22,9,3,3,3_6,SCMF
F-2661,all,55,28,2045,6320,12,32721,0,0,0,0,0,F,12,Alveolar fibroblast 1,55,29,3,3,3_5,SMC
F-2663,all,11,8,2092,5746,8,23927,0,0,0,0,0,F,2,CD4+ T cell,30,8,1,1,1_2_1,Tcell (CD4)
F-2667,all,93,29,2804,6182,12,56932,0,0,0,0,0,F,23,CD8+ T cell,56,28,6,6,6,AT1
F-2671,all,99,49,2392,5724,30,66109,0,0,0,0,0,F,3,Alveolar type 1 cell,61,43,1,1,1_4_1,AlveolarFib
F-2672,all,68,34,3488,6357,15,38786,0,0,0,0,0,F,13,Classical DC subset 2,56,35,1,1,1_4_1,AlveolarFib
F-2673,all,22,12,2792,6926,21,27529,0,0,0,0,0,F,12,Proliferative mesenchymal progenitor cell,38,12,3,3,3_3,AdventitialFib
F-2674,all,119,37,2572,7015,13,40499,0,0,0,0,0,F,83,B cell,49,37,4,4,4_2,CiliatedEpi
F-2675,all,173,69,2043,6282,20,124155,0,0,0,0,0,F,51,Inflammatory monocyte,53,40,1,1,1_2_1,Tcell (CD4)
F-2676,all,43,28,2047,7001,33,30721,0,0,0,0,0,F,8,Secondary crest myofibroblast,44,28,3,3,3_6,SCMF
F-2677,all,450,140,3648,7012,31,107255,0,0,0,0,0,F,115,Ciliated cell,42,37,4,4,4_1_1,CiliatedEpi
F-2678,all,87,37,2593,6701,18,57646,0,0,0,0,0,F,15,Capillary 1 cell,60,36,3,3,3_3,AdventitialFib
F-2679,all,285,76,3120,6979,20,66765,0,0,0,0,0,F,152,Inflammatory monocyte,48,39,4,4,4_2,CiliatedEpi
F-2680,all,51,27,3648,6830,32,40177,0,0,0,0,0,F,13,Inflammatory monocyte,52,28,3,3,3_2,SMC
F-2681,all,32,20,3445,6343,33,24211,0,0,0,0,0,F,4,CD4+ T cell,41,20,1,1,1_2_1,Tcell (CD4)
F-2682,all,55,29,2092,6364,27,42724,0,0,0,0,0,F,3,Alveolar fibroblast 1,52,29,1,1,1_5_2,AlveolarFib
F-2683,all,84,42,2885,6591,30,41007,0,0,0,0,0,F,2,Interstitial macrophage,63,42,8,8,8_2,InterstitialMac
F-2685,all,18,10,2484,6898,15,44010,0,0,0,0,0,F,6,Vascular smooth muscle cell,34,10,3,3,3_6,SCMF
F-2688,all,17,13,2812,5826,33,27095,0,0,0,0,0,F,6,Alveolar macrophage,35,13,1,1,1_2_3,Tcell (CD4)
F-2689,all,67,30,1987,6626,37,47387,0,0,0,0,0,F,2,Alveolar macrophage,56,31,1,1,1_4_1,AlveolarFib
F-2690,all,59,26,2400,6379,10,33671,0,0,0,0,0,F,23,Alveolar type 1 cell,52,26,6,6,6,AT1
F-2691,all,245,81,3369,6955,20,87929,0,0,0,0,0,F,85,Ciliated cell,46,26,4,4,4_1_2,ClubEpi
F-2693,all,19,13,2956,6866,37,9051,0,0,0,0,0,F,4,CD4+ T cell,38,14,3,3,3_2,SMC
F-2694,all,40,20,2981,6215,23,42083,0,0,0,0,0,F,8,CD4+ T cell,45,21,1,1,1_4_3,AlveolarFib
F-2695,all,43,26,3381,6830,35,20457,0,0,0,0,0,F,6,Alveolar fibroblast 1,48,27,1,1,1_4_3,AlveolarFib
F-2696,all,247,67,2623,7057,26,58070,0,0,0,0,0,F,139,Arterial endothelial cell,47,37,4,4,4_2,CiliatedEpi
F-2697,all,147,62,3412,6385,21,68117,0,0,0,0,0,F,8,Inflammatory monocyte,48,33,1,1,1_4_1,AlveolarFib
F-2698,all,8,7,3323,6769,9,13739,0,0,0,0,0,F,3,CD4+ T cell,26,9,1,1,1_2_3,Tcell (CD4)
F-2700,all,173,90,3009,7045,35,39817,0,0,0,0,0,F,59,Secretory cell,42,28,4,4,4_1_1,ClubEpi
F-2704,all,39,23,2551,6950,27,74837,0,0,0,0,0,F,5,CD4+ T cell,42,23,3,3,3_6,SCMF
F-2705,all,56,20,3283,6840,28,40455,0,0,0,0,0,F,18,Secondary crest myofibroblast,53,20,3,3,3_2,SMC
F-2706,all,81,40,2551,6514,23,56427,0,0,0,0,0,F,7,CD4+ T cell,58,41,1,1,1_4_1,AlveolarFib
F-2707,all,95,43,2385,6475,12,44954,0,0,0,0,0,F,8,Proliferative mesenchymal progenitor cell,64,43,3,3,3_3,AdventitialFib
F-2708,all,18,14,2150,5795,26,37000,0,0,0,0,0,F,5,Alveolar fibroblast 1,35,14,1,1,1_2_3,Tcell (CD4)
F-2709,all,64,31,2360,6657,36,34558,0,0,0,0,0,F,8,Ciliated cell,57,32,1,1,1_6_2,Neutrophil
F-2710,all,78,39,1980,6576,30,45749,0,0,0,0,0,F,9,CD8+ T cell,61,40,2,2,2_2,InflamMac
F-2711,all,98,49,2036,5836,26,94229,0,0,0,0,0,F,13,Alveolar fibroblast 1,62,45,1,1,1_4_1,AlveolarFib
F-2712,all,156,60,2748,7100,40,30131,0,0,0,0,0,F,62,Secretory cell,56,42,4,4,4_1_2,CiliatedEpi
F-2715,all,13,8,3537,6203,19,19169,0,0,0,0,0,F,2,Alveolar fibroblast 1,35,9,1,1,1_4_1,AlveolarFib
F-2716,all,151,49,3076,6040,22,67285,0,0,0,0,0,F,17,Alveolar type 1 cell,49,27,1,1,1_4_1,AlveolarFib
F-2717,all,126,76,3278,7074,39,25198,0,0,0,0,0,F,30,Endothelial progenitor cell,45,37,4,4,4_1_1,CiliatedEpi
F-2718,all,388,92,3544,6905,21,111286,0,0,0,0,0,F,278,Ciliated cell,49,14,4,4,4_2,ClubEpi
F-2720,all,457,112,3275,6995,24,104189,0,0,0,0,0,F,217,Secretory cell,47,37,4,4,4_1_1,CiliatedEpi
F-2721,all,413,120,2759,7043,28,96538,0,0,0,0,0,F,201,Ciliated cell,43,21,4,4,4_1_2,ClubEpi
F-2722,all,117,45,3577,6788,30,81918,0,0,0,0,0,F,23,Alveolar fibroblast 2,50,28,3,3,3_3,AdventitialFib
F-2723,all,42,23,3305,6799,13,52454,0,0,0,0,0,F,12,Airway smooth muscle cell,43,24,3,3,3_1,SMC
F-2726,all,75,39,3201,6898,25,38357,0,0,0,0,0,F,14,Capillary 1 cell,52,39,3,3,3_3,AdventitialFib
F-2727,all,23,14,2527,6419,6,14729,0,0,0,0,0,F,3,Mesothelial cell,39,14,3,3,3_3,AdventitialFib
F-2729,all,135,43,2842,6956,22,88417,0,0,0,0,0,F,79,Arterial endothelial cell,64,43,4,4,4_2,CiliatedEpi
F-2730,all,32,17,2783,5730,21,19395,0,0,0,0,0,F,6,Alveolar fibroblast 1,43,17,6,6,6,AT1
F-2732,all,96,37,3346,6404,31,47600,0,0,0,0,0,F,5,B cell,60,36,1,1,1_5_2,AlveolarFib
F-2733,all,101,42,2509,6456,11,48952,0,0,0,0,0,F,12,Mesothelial cell,65,40,3,3,3_3,AdventitialFib
F-2741,all,20,11,2456,6962,32,35329,0,0,0,0,0,F,10,Secondary crest myofibroblast,38,11,3,3,3_2,SMC
F-2742,all,28,19,2823,6856,32,49238,0,0,0,0,0,F,5,CD4+ T cell,38,20,3,3,3_2,SMC
F-2743,all,108,49,3031,6441,28,65673,0,0,0,0,0,F,9,CD4+ T cell,50,37,1,1,1_4_1,AlveolarFib
F-2744,all,423,137,1837,7262,29,108956,0,0,0,0,0,F,134,Arterial endothelial cell,42,37,4,4,4_1_1,CiliatedEpi
F-2745,all,26,15,2210,6943,19,53985,0,0,0,0,0,F,6,Sox9+/Id2+ epithelial cell,40,16,3,3,3_2,SMC
F-2747,all,78,35,2426,5740,26,83813,0,0,0,0,0,F,3,CD4+ T cell,58,35,1,1,1_2_1,Tcell (CD4)
F-2748,all,18,10,2341,6936,9,30313,0,0,0,0,0,F,5,Secondary crest myofibroblast,34,10,3,3,3_6,SCMF
F-2750,all,58,34,3281,6510,38,19715,0,0,0,0,0,F,6,Alveolar type 1 cell,56,35,1,1,1_4_1,AlveolarFib
F-2751,all,151,59,2327,7085,27,72335,0,0,0,0,0,F,62,Ciliated cell,66,48,4,4,4_1_2,CiliatedEpi
F-2752,all,285,95,3221,7001,26,84689,0,0,0,0,0,F,91,Ciliated cell,49,35,4,4,4_1_2,CiliatedEpi
F-2753,all,81,34,2975,6590,8,38315,0,0,0,0,0,F,21,Mesothelial cell,56,34,3,3,3_3,AdventitialFib
F-2754,all,76,32,3705,6891,23,48788,0,0,0,0,0,F,41,Ciliated cell,46,32,4,4,4_2,CiliatedEpi
F-2755,all,306,79,2699,7014,20,103244,0,0,0,0,0,F,181,Arterial endothelial cell,46,36,4,4,4_2,CiliatedEpi
F-2756,all,266,80,2950,7008,25,99941,0,0,0,0,0,F,119,Endothelial progenitor cell,52,30,4,4,4_1_2,ClubEpi
F-2758,all,39,24,2487,6704,39,21181,0,0,0,0,0,F,4,Inflammatory monocyte,42,24,1,1,1_2_3,Tcell (CD4)
F-2759,all,29,22,3227,6822,23,36064,0,0,0,0,0,F,10,Vascular smooth muscle cell,37,23,3,3,3_2,SMC
F-2760,all,79,31,3626,6880,26,32301,0,0,0,0,0,F,46,B cell,47,31,4,4,4_2,CiliatedEpi
F-2761,all,49,32,2213,7002,33,24769,0,0,0,0,0,F,3,Mesothelial cell,49,32,3,3,3_3,AdventitialFib
F-2765,all,116,44,2083,7139,17,35108,0,0,0,0,0,F,71,Endothelial progenitor cell,51,23,4,4,4_2,ClubEpi
F-2768,all,68,30,3072,6877,33,73282,0,0,0,0,0,F,36,Inflammatory monocyte,55,30,3,3,3_2,SMC
F-2771,all,57,27,2797,6847,21,87970,0,0,0,0,0,F,12,Airway smooth muscle cell,55,28,3,3,3_2,SMC
F-2773,all,95,44,2818,6770,25,45986,0,0,0,0,0,F,7,Mesothelial cell,61,43,3,3,3_3,AdventitialFib
F-2774,all,141,57,1996,7116,23,72377,0,0,0,0,0,F,65,Ciliated cell,67,56,4,4,4_1_2,CiliatedEpi
F-2779,all,29,16,2864,6136,10,27932,0,0,0,0,0,F,4,Alveolar type 1 cell,39,16,6,6,6,AT1
F-2780,all,65,31,3365,6377,31,22571,0,0,0,0,0,F,3,CD4+ T cell,57,31,1,1,1_2_1,Tcell (CD4)
F-2781,all,70,35,2126,5817,25,57637,0,0,0,0,0,F,18,Alveolar type 1 cell,52,35,6,6,6,AT1
F-2785,all,9,6,3236,6773,12,19185,0,0,0,0,0,F,4,CD4+ T cell,28,7,3,3,3_2,SMC
F-2787,all,32,19,2568,5761,25,37536,0,0,0,0,0,F,4,CD8+ T cell,44,20,2,2,2_2,InflamMac
F-2788,all,71,34,2804,6738,19,44669,0,0,0,0,0,F,16,Proliferative mesenchymal progenitor cell,55,34,3,3,3_3,AdventitialFib
F-2789,all,80,40,3544,6412,14,51455,0,0,0,0,0,F,7,Capillary 2 cell,60,41,3,3,3_5,SMC
F-2792,all,84,22,2190,7078,9,15098,0,0,0,0,0,F,70,Endothelial progenitor cell,45,21,4,4,4_2,CiliatedEpi
F-2794,all,294,75,3181,6951,16,68425,0,0,0,0,0,F,168,Ciliated cell,50,40,4,4,4_2,CiliatedEpi
F-2795,all,44,29,3029,7079,41,11350,0,0,0,0,0,F,9,Innate lymphoid cell,41,28,4,4,4_1_3,CiliatedEpi
F-2797,all,18,12,3036,5842,10,22391,0,0,0,0,0,F,3,Alveolar fibroblast 1,40,13,3,3,3_5,SMC
F-2799,all,100,36,3061,6012,25,60533,0,0,0,0,0,F,12,CD8+ T cell,60,36,1,1,1_2_1,Tcell (CD4)
F-2800,all,17,12,1947,6070,14,24942,0,0,0,0,0,F,4,B cell,35,12,9,9,9,Bcell
F-2801,all,38,23,3189,6774,27,37717,0,0,0,0,0,F,7,Innate lymphoid cell,42,23,3,3,3_4,AdventitialFib
F-2802,all,184,52,3069,6243,23,92545,0,0,0,0,0,F,19,Inflammatory monocyte,56,32,1,1,1_2_3,Tcell (CD4)
F-2804,all,177,67,2359,6605,33,79146,0,0,0,0,0,F,27,Proliferative mesenchymal progenitor cell,60,49,3,3,3_3,AdventitialFib
F-2805,all,106,46,3412,6715,12,66608,0,0,0,0,0,F,14,Secondary crest myofibroblast,64,43,3,3,3_1,SMC
F-2806,all,197,81,3065,7051,36,51830,0,0,0,0,0,F,73,Venous endothelial cell,52,38,4,4,4_1_1,ClubEpi
F-2807,all,75,36,1946,7114,24,61986,0,0,0,0,0,F,38,Alveolar fibroblast 1,54,35,4,4,4_1_2,CiliatedEpi
F-2808,all,143,53,3450,6970,23,54842,0,0,0,0,0,F,54,Ciliated cell,66,51,4,4,4_1_2,CiliatedEpi
F-2809,all,119,53,2104,7184,36,29122,0,0,0,0,0,F,48,Ciliated cell,64,52,4,4,4_1_2,CiliatedEpi
F-2811,all,52,20,2443,7013,16,24948,0,0,0,0,0,F,31,Ciliated cell,42,19,4,4,4_2,CiliatedEpi
F-2812,all,294,95,3698,6934,21,96381,0,0,0,0,0,F,171,Arterial endothelial cell,50,42,4,4,4_2,CiliatedEpi
F-2813,all,86,48,2161,5842,22,71009,0,0,0,0,0,F,12,Alveolar type 1 cell,62,48,6,6,6,AT1
F-2814,all,146,65,3756,6901,23,52832,0,0,0,0,0,F,69,Ciliated cell,68,57,4,4,4_1_2,CiliatedEpi
F-2815,all,15,7,2988,6626,7,20346,0,0,0,0,0,F,6,Proliferative mesenchymal progenitor cell,33,7,3,3,3_3,AdventitialFib
F-2817,all,21,16,3190,6805,31,21911,0,0,0,0,0,F,4,CD4+ T cell,39,16,1,1,1_2_1,Tcell (CD4)
F-2818,all,273,101,3634,6946,26,113630,0,0,0,0,0,F,115,Arterial endothelial cell,42,21,4,4,4_1_2,ClubEpi
F-2820,all,97,36,2930,6240,25,93657,0,0,0,0,0,F,8,CD4+ T cell,60,36,3,3,3_5,SMC
F-2821,all,122,67,2850,7077,39,25467,0,0,0,0,0,F,51,Venous endothelial cell,41,24,4,4,4_1_2,ClubEpi
F-2822,all,29,23,3674,6873,32,41588,0,0,0,0,0,F,10,CD4+ T cell,33,23,3,3,3_4,AdventitialFib
F-2824,all,55,30,2422,6440,14,29449,0,0,0,0,0,F,5,Alveolar fibroblast 2,54,30,3,3,3_3,AdventitialFib
F-2825,all,232,70,2098,6532,30,77011,0,0,0,0,0,F,13,Ciliated cell,49,31,1,1,1_2_1,Tcell (CD4)
F-2826,all,232,57,2596,7052,27,57831,0,0,0,0,0,F,154,Endothelial progenitor cell,62,44,4,4,4_2,CiliatedEpi
F-2828,all,51,27,3428,6363,24,30833,0,0,0,0,0,F,4,CD4+ T cell,51,27,1,1,1_2_1,Tcell (CD4)
F-2829,all,24,7,2890,6098,8,14473,0,0,0,0,0,F,18,B cell,44,7,9,9,9,Bcell
F-2830,all,65,38,3388,6803,32,33655,0,0,0,0,0,F,4,Neutrophil,58,38,1,1,1_2_1,Tcell (CD4)
F-2832,all,134,46,2161,6368,7,59133,0,0,0,0,0,F,5,CD8+ T cell,51,31,2,2,2_2,InflamMac
F-2833,all,111,50,3052,7011,25,40905,0,0,0,0,0,F,50,Capillary 1 cell,60,49,4,4,4_1_2,CiliatedEpi
F-2835,all,118,50,3232,6519,36,50227,0,0,0,0,0,F,7,CD4+ T cell,46,31,1,1,1_4_1,AlveolarFib
F-2836,all,70,20,3363,6909,19,17468,0,0,0,0,0,F,51,Arterial endothelial cell,45,19,4,4,4_2,CiliatedEpi
F-2839,all,128,55,3077,6118,37,64023,0,0,0,0,0,F,17,Alveolar fibroblast 1,48,32,1,1,1_5_1,LymphaticEndo
F-2840,all,71,30,2874,7004,20,17397,0,0,0,0,0,F,43,Capillary 1 cell,43,28,4,4,4_2,CiliatedEpi
F-2842,all,150,58,2569,7058,29,54958,0,0,0,0,0,F,62,Ciliated cell,65,48,4,4,4_2,CiliatedEpi
F-2845,all,106,50,2833,6806,29,70492,0,0,0,0,0,F,9,Inflammatory monocyte,61,43,7,7,7_2,PatrolMac
F-2846,all,11,6,3035,6903,41,19624,0,0,0,0,0,F,5,Secondary crest myofibroblast,30,7,3,3,3_2,SMC
F-2850,all,88,43,3057,6978,18,44300,0,0,0,0,0,F,37,Inflammatory monocyte,60,42,4,4,4_1_2,CiliatedEpi
F-2851,all,11,8,2025,6489,24,30040,0,0,0,0,0,F,2,Secondary crest myofibroblast,29,8,3,3,3_4,AdventitialFib
F-2852,all,8,8,2577,6971,35,28525,0,0,0,0,0,F,2,Sox9+/Id2+ epithelial cell,21,10,3,3,3_6,SCMF
F-2853,all,104,47,2968,6804,20,68794,176,0,176,0,1,F,16,Secondary crest myofibroblast,62,43,3,3,3_2,SMC
F-2855,all,58,28,2834,6204,10,44828,0,0,0,0,0,F,9,CD8+ T cell,55,29,1,1,1_4_1,AlveolarFib
F-2859,all,45,31,3094,6703,11,36209,0,0,0,0,0,F,8,Alveolar macrophage,45,31,3,3,3_3,AdventitialFib
F-2861,all,6,6,2940,6142,4,6622,0,0,0,0,0,F,3,CD4+ T cell,27,9,1,1,1_4_1,AlveolarFib
F-2862,all,121,45,3432,6430,37,41388,0,0,0,0,0,F,8,Alveolar fibroblast 1,52,32,1,1,1_4_1,AlveolarFib
F-2864,all,14,10,2498,6485,32,7159,0,0,0,0,0,F,6,Alveolar type 2 cell,33,10,1,1,1_1,AT2
F-2866,all,143,64,2078,7172,26,35910,0,0,0,0,0,F,71,Ciliated cell,49,30,4,4,4_1_2,ClubEpi
F-2870,all,135,40,2048,7144,17,46113,0,0,0,0,0,F,96,Ciliated cell,48,13,4,4,4_2,ClubEpi
F-2871,all,35,11,3260,6818,20,30163,0,0,0,0,0,F,5,Secondary crest myofibroblast,43,11,3,3,3_2,SMC
F-2872,all,217,71,2995,7007,23,49364,0,0,0,0,0,F,91,Venous endothelial cell,44,28,4,4,4_1_1,CiliatedEpi
F-2875,all,77,35,2058,7169,24,28427,0,0,0,0,0,F,42,Capillary 1 cell,60,35,4,4,4_1_1,ClubEpi
F-2876,all,22,13,2960,6844,39,14582,0,0,0,0,0,F,3,Inflammatory monocyte,39,13,1,1,1_2_1,Tcell (CD4)
F-2879,all,32,22,2984,6869,41,13107,0,0,0,0,0,F,2,CD4+ T cell,41,23,3,3,3_2,SMC
F-2880,all,223,70,3028,7014,23,54225,0,0,0,0,0,F,105,Capillary 1 cell,46,31,4,4,4_1_1,CiliatedEpi
F-2883,all,68,40,2053,6545,35,28343,0,0,0,0,0,F,13,Inflammatory monocyte,56,41,2,2,2_2,InflamMac
F-2885,all,81,40,2089,6320,23,78461,0,0,0,0,0,F,13,Inflammatory monocyte,60,42,2,2,2_5,DC
F-2888,all,142,44,2150,7122,19,51070,0,0,0,0,0,F,88,Capillary 1 cell,50,20,4,4,4_2,ClubEpi
F-2889,all,28,8,3012,6304,5,9512,0,0,0,0,0,F,23,CD4+ T cell,43,8,1,1,1_1,AT2
F-2891,all,78,39,2621,7106,36,29881,0,0,0,0,0,F,23,CD4+ T cell,58,39,4,4,4_1_2,CiliatedEpi
F-2896,all,219,56,2896,6963,22,49274,0,0,0,0,0,F,137,Capillary 1 cell,53,16,4,4,4_2,ClubEpi
F-2900,all,130,74,3501,7032,31,36161,0,0,0,0,0,F,42,Alveolar fibroblast 1,36,24,4,4,4_1_1,ClubEpi
F-2901,all,128,56,3746,6988,29,41362,0,0,0,0,0,F,40,Arterial endothelial cell,63,46,4,4,4_1_1,CiliatedEpi
F-2902,all,45,24,2105,5829,38,23677,0,0,0,0,0,F,4,Alveolar macrophage,45,24,1,1,1_2_1,Tcell (CD4)
F-2904,all,48,27,2171,7015,21,30226,0,0,0,0,0,F,5,Inflammatory monocyte,50,28,3,3,3_2,SMC
F-2906,all,158,52,2868,6980,18,46065,0,0,0,0,0,F,89,Arterial endothelial cell,62,51,4,4,4_2,CiliatedEpi
F-2907,all,22,12,3731,6681,11,11035,0,0,0,0,0,F,5,Mesothelial cell,38,12,3,3,3_3,AdventitialFib
F-2908,all,6,6,2883,6199,19,6492,0,0,0,0,0,F,2,Alveolar type 1 cell,23,9,6,6,6,AT1
F-2912,all,42,26,4220,355,25,77463,0,0,0,0,0,F,6,Arterial endothelial cell,45,27,3,3,3_1,SMC
F-2913,all,36,22,4848,468,34,49077,0,0,0,0,0,F,2,CD8+ T cell,43,23,2,2,2_2,InflamMac
F-2914,all,141,46,5419,578,15,99425,0,0,0,0,0,F,45,Alveolar macrophage,55,29,8,8,8_1,AlveolarMac
F-2918,all,42,22,5025,1127,27,94307,0,0,0,0,0,F,5,Inflammatory monocyte,45,23,2,2,2_2,InflamMac
F-2919,all,38,25,5004,325,27,69673,0,0,0,0,0,F,14,Endothelial progenitor cell,41,25,2,2,2_3,Vein
F-2920,all,19,17,4047,791,34,28854,0,0,0,0,0,F,4,Capillary 2 cell,39,17,2,2,2_3,Vein
F-2921,all,29,18,4826,322,20,66462,0,0,0,0,0,F,3,Alveolar fibroblast 1,39,18,2,2,2_6,pDC
F-2923,all,30,20,5551,68,25,62402,0,0,0,0,0,F,9,Alveolar fibroblast 1,40,21,3,3,3_1,SMC
F-2924,all,30,24,4770,177,19,117762,0,0,0,0,0,F,5,Endothelial progenitor cell,36,24,2,2,2_1,Capillary
F-2925,all,28,18,3896,403,16,62888,0,0,0,0,0,F,7,Proliferative mesenchymal progenitor cell,42,18,7,7,7_2,PatrolMac
F-2926,all,24,16,5289,168,25,74151,0,0,0,0,0,F,14,Pericyte,39,16,5,5,5_1,Pericyte
F-2928,all,38,16,4565,598,23,52097,0,0,0,0,0,F,7,Alveolar type 1 cell,44,16,6,6,6,AT1
F-2929,all,41,22,4282,284,30,78133,0,0,0,0,0,F,13,Proliferative mesenchymal progenitor cell,43,22,2,2,2_3,Vein
F-2930,all,38,19,4991,375,36,50237,0,0,0,0,0,F,17,Pericyte,42,19,5,5,5_1,Pericyte
F-2932,all,85,16,4386,236,33,69514,0,0,0,0,0,F,73,Alveolar type 2 cell,54,16,1,1,1_3,AT2
F-2933,all,54,13,3931,501,36,50652,0,0,0,0,0,F,43,Alveolar type 2 cell,50,13,1,1,1_3,AT2
F-2934,all,27,18,4739,29,20,61197,0,0,0,0,0,F,13,Pericyte,44,18,5,5,5_1,Pericyte
F-2937,all,9,9,5197,1202,38,34857,0,0,0,0,0,F,2,Alveolar fibroblast 1,30,10,1,1,1_5_1,LymphaticEndo
F-2938,all,34,24,5021,51,17,49891,0,0,0,0,0,F,4,Capillary 2 cell,40,24,2,2,2_3,Vein
F-2939,all,18,12,4808,784,11,19755,0,0,0,0,0,F,6,Sox9+/Id2+ epithelial cell,39,13,2,2,2_2,InflamMac
F-2940,all,24,18,4831,532,26,46103,0,0,0,0,0,F,6,Capillary 1 cell,46,19,2,2,2_3,Vein
F-2941,all,48,24,5179,719,36,64499,0,0,0,0,0,F,15,Alveolar type 1 cell,48,24,1,1,1_5_2,AlveolarFib
F-2942,all,29,21,4112,1162,14,56004,0,0,0,0,0,F,2,Sox9+/Id2+ epithelial cell,38,21,2,2,2_3,Vein
F-2944,all,137,43,4287,191,21,128957,0,0,0,0,0,F,32,Alveolar type 1 cell,46,17,6,6,6,AT1
F-2945,all,36,25,4975,695,28,57210,0,0,0,0,0,F,5,Venous endothelial cell,41,25,1,1,1_5_1,LymphaticEndo
F-2947,all,32,23,5313,1431,35,90010,0,0,0,0,0,F,6,Capillary 2 cell,40,23,6,6,6,AT1
F-2948,all,20,12,4347,776,37,40454,0,0,0,0,0,F,2,Proliferative mesenchymal progenitor cell,40,12,2,2,2_6,pDC
F-2949,all,49,28,3977,882,35,83862,0,0,0,0,0,F,5,Capillary 1 cell,47,27,2,2,2_1,Capillary
F-2950,all,34,28,4286,729,13,87170,104,0,104,0,1,F,4,T regulatory cell,38,28,7,7,7_2,PatrolMac
F-2951,all,67,31,5129,725,30,79645,0,0,0,0,0,F,27,Sox9+/Id2+ epithelial cell,56,31,6,6,6,AT1
F-2953,all,50,12,3979,766,39,34154,0,0,0,0,0,F,39,Alveolar type 2 cell,49,12,1,1,1_1,AT2
F-2954,all,21,17,5541,112,31,62772,0,0,0,0,0,F,8,Alveolar fibroblast 1,46,18,3,3,3_1,SMC
F-2955,all,20,15,4130,544,33,50921,0,0,0,0,0,F,4,Capillary 1 cell,40,15,2,2,2_3,Vein
F-2956,all,34,19,4869,1532,8,28831,0,0,0,0,0,F,4,Capillary 2 cell,43,19,5,5,5_3,Pericyte
F-2957,all,63,35,4213,1131,22,88739,1000,0,1000,0,1,F,13,Natural killer cell,59,35,7,7,7_3,Tcell (CD8)
F-2958,all,71,29,5079,1623,30,104124,0,0,0,0,0,F,6,Capillary 1 cell,53,29,2,2,2_1,Capillary
F-2960,all,55,18,4183,380,25,65382,0,0,0,0,0,F,14,Alveolar type 1 cell,51,18,6,6,6,AT1
F-2961,all,58,29,3862,557,25,64592,0,0,0,0,0,F,5,Capillary 1 cell,56,29,2,2,2_3,Vein
F-2962,all,49,32,4226,413,34,83021,0,0,0,0,0,F,10,Proliferative mesenchymal progenitor cell,51,33,3,3,3_1,SMC
F-2963,all,148,43,4374,1119,35,93365,0,0,0,0,0,F,95,Alveolar type 2 cell,45,16,1,1,1_3,AT2
F-2965,all,67,23,5026,859,31,58690,0,0,0,0,0,F,45,Alveolar type 2 cell,54,23,1,1,1_3,AT2
F-2966,all,20,18,5045,586,10,32105,0,0,0,0,0,F,6,Capillary 1 cell,40,18,2,2,2_3,Vein
F-2967,all,52,26,4796,386,17,82200,0,0,0,0,0,F,2,Basophil,51,26,7,7,7_2,PatrolMac
F-2969,all,64,22,4173,190,20,73143,0,0,0,0,0,F,44,Alveolar fibroblast 1,54,22,2,2,2_6,pDC
F-2971,all,83,42,4781,1612,21,82331,50,0,50,0,1,F,10,Endothelial progenitor cell,63,42,2,2,2_3,Vein
F-2972,all,21,18,5591,763,9,39287,0,0,0,0,0,F,4,Alveolar fibroblast 1,41,19,1,1,1_4_1,AlveolarFib
F-2973,all,130,22,5152,79,20,90090,0,0,0,0,0,F,29,AT1/AT2,45,8,6,6,6,AT1
F-2974,all,19,11,4304,1046,9,13652,0,0,0,0,0,F,9,Pericyte,38,11,5,5,5_1,Pericyte
F-2975,all,42,26,4672,228,17,88001,0,0,0,0,0,F,14,Sox9+/Id2+ epithelial cell,42,25,2,2,2_1,Capillary
F-2977,all,28,17,4334,204,9,53996,435,435,0,1,0,F,4,Capillary 2 cell,44,17,2,2,2_6,pDC
F-2978,all,11,8,4421,327,34,32734,0,0,0,0,0,F,3,Endothelial progenitor cell,32,8,2,2,2_1,Capillary
F-2980,all,85,45,5103,1827,29,134174,0,0,0,0,0,F,7,Endothelial progenitor cell,62,44,2,2,2_1,Capillary
F-2982,all,171,36,4731,944,24,89431,0,0,0,0,0,F,119,Alveolar type 2 cell,51,20,1,1,1_3,AT2
F-2983,all,24,14,5469,1732,18,46608,0,0,0,0,0,F,5,Alveolar macrophage,42,14,8,8,8_1,AlveolarMac
F-2985,all,65,37,4181,238,19,104618,0,0,0,0,0,F,15,Alveolar fibroblast 1,56,37,1,1,1_5_1,LymphaticEndo
F-2988,all,42,23,4800,220,22,82832,0,0,0,0,0,F,13,Arterial endothelial cell,44,23,6,6,6,AT1
F-2990,all,79,20,4516,1245,32,51426,0,0,0,0,0,F,17,Alveolar type 1 cell,54,20,6,6,6,AT1
F-2991,all,13,12,5151,1741,31,38838,0,0,0,0,0,F,3,Alveolar type 1 cell,34,12,6,6,6,AT1
F-2992,all,23,15,5141,1254,30,46056,0,0,0,0,0,F,4,CD4+ T cell,41,15,7,7,7_2,PatrolMac
F-2993,all,52,32,5131,331,35,103614,0,0,0,0,0,F,8,Venous endothelial cell,54,32,2,2,2_1,Capillary
F-2994,all,16,9,5605,1516,35,41624,0,0,0,0,0,F,9,Pericyte,32,9,6,6,6,AT1
F-2997,all,21,17,3791,322,17,45038,0,0,0,0,0,F,2,Innate lymphoid cell,37,18,1,1,1_6_2,Neutrophil
F-2999,all,118,37,4972,1562,21,85646,0,0,0,0,0,F,45,Alveolar type 2 cell,46,18,1,1,1_1,AT2
F-3000,all,41,24,4628,1057,17,106724,0,0,0,0,0,F,5,Venous endothelial cell,42,24,2,2,2_3,Vein
F-3001,all,74,26,4770,690,32,66836,0,0,0,0,0,F,21,Alveolar type 1 cell,53,26,6,6,6,AT1
F-3002,all,13,12,4845,272,12,54344,0,0,0,0,0,F,2,Alveolar fibroblast 1,30,12,1,1,1_4_1,AlveolarFib
F-3003,all,7,3,5438,1381,4,9861,0,0,0,0,0,F,4,Alveolar fibroblast 1,20,6,3,3,3_4,AdventitialFib
F-3004,all,29,21,4507,1513,11,40452,50,50,0,1,0,F,7,Alveolar fibroblast 1,37,21,2,2,2_3,Vein
F-3006,all,108,35,4663,848,12,112332,50,50,0,1,0,F,18,Alveolar type 1 cell,54,28,6,6,6,AT1
F-3007,all,7,6,4490,311,19,47227,0,0,0,0,0,F,4,B cell,27,7,2,2,2_1,Capillary
F-3009,all,84,29,4720,608,31,67977,0,0,0,0,0,F,17,Alveolar type 1 cell,58,29,6,6,6,AT1
F-3010,all,31,21,4895,1149,36,44499,0,0,0,0,0,F,8,Secretory cell,41,23,2,2,2_1,Capillary
F-3012,all,58,15,5522,1504,25,74917,0,0,0,0,0,F,9,Alveolar type 1 cell,51,15,6,6,6,AT1
F-3013,all,44,25,4145,395,25,66986,0,0,0,0,0,F,15,B cell,45,25,2,2,2_6,pDC
F-3018,all,60,36,3898,468,21,92889,0,0,0,0,0,F,7,Capillary 1 cell,56,36,5,5,5_3,Pericyte
F-3021,all,18,13,4451,287,38,31625,0,0,0,0,0,F,7,Sox9+/Id2+ epithelial cell,38,13,1,1,1_3,AT2
F-3023,all,22,13,4905,786,23,34563,0,0,0,0,0,F,4,Inflammatory monocyte,39,14,2,2,2_2,InflamMac
F-3024,all,11,9,4678,680,21,31302,0,0,0,0,0,F,5,Sox9+/Id2+ epithelial cell,30,9,5,5,5_1,Pericyte
F-3025,all,21,15,4211,643,17,67563,0,0,0,0,0,F,9,Venous endothelial cell,40,16,4,4,4_1_1,CiliatedEpi
F-3027,all,24,12,4783,542,27,46603,0,0,0,0,0,F,8,Sox9+/Id2+ epithelial cell,43,12,2,2,2_3,Vein
F-3028,all,69,39,5230,180,24,119691,0,0,0,0,0,F,18,Secretory cell,60,39,8,8,8_1,AlveolarMac
F-3029,all,22,15,5292,1160,37,52604,0,0,0,0,0,F,7,Interstitial macrophage,36,15,8,8,8_3,InterstitialMac
F-3030,all,37,24,5225,1788,19,63583,0,0,0,0,0,F,7,Sox9+/Id2+ epithelial cell,41,24,2,2,2_6,pDC
F-3031,all,41,28,4820,358,25,64329,0,0,0,0,0,F,3,Sox9+/Id2+ epithelial cell,42,28,2,2,2_3,Vein
F-3032,all,26,17,3879,807,11,41069,0,0,0,0,0,F,3,Pericyte,46,17,7,7,7_3,Tcell (CD8)
F-3033,all,129,31,3979,944,30,95344,0,0,0,0,0,F,84,Alveolar type 2 cell,47,14,1,1,1_1,AT2
F-3035,all,112,34,4809,1091,27,90268,0,0,0,0,0,F,16,Alveolar type 1 cell,50,21,6,6,6,AT1
F-3039,all,6,4,5574,1428,10,21529,0,0,0,0,0,F,2,Alveolar type 1 cell,25,6,6,6,6,AT1
F-3041,all,179,35,4836,1184,11,85172,106,0,106,0,1,F,123,Alveolar type 2 cell,50,16,1,1,1_1,AT2
F-3043,all,42,12,5287,133,37,50315,0,0,0,0,0,F,8,Alveolar type 1 cell,46,12,6,6,6,AT1
F-3044,all,38,26,4496,429,36,67043,0,0,0,0,0,F,11,Inflammatory monocyte,41,26,2,2,2_1,Capillary
F-3045,all,29,22,4716,671,29,50598,0,0,0,0,0,F,4,Interstitial macrophage,35,22,8,8,8_3,InterstitialMac
F-3046,all,75,34,4610,720,25,106295,0,0,0,0,0,F,11,Inflammatory monocyte,54,34,5,5,5_3,Pericyte
F-3048,all,13,10,5461,1448,28,48404,0,0,0,0,0,F,3,Sox9+/Id2+ epithelial cell,34,10,2,2,2_3,Vein
F-3049,all,39,24,4100,934,24,65765,0,0,0,0,0,F,7,Capillary 1 cell,40,24,2,2,2_3,Vein
F-3050,all,79,39,4224,860,19,85572,52,0,52,0,1,F,9,Inflammatory monocyte,58,40,2,2,2_2,InflamMac
F-3053,all,62,29,4595,575,26,91772,0,0,0,0,0,F,18,Pericyte,55,29,5,5,5_1,Pericyte
F-3054,all,23,8,5367,1512,32,31128,0,0,0,0,0,F,9,Alveolar type 1 cell,42,8,6,6,6,AT1
F-3055,all,31,14,4134,493,35,50551,0,0,0,0,0,F,15,Alveolar macrophage,42,14,8,8,8_1,AlveolarMac
F-3056,all,34,17,4797,439,24,38015,0,0,0,0,0,F,15,Pericyte,40,17,5,5,5_1,Pericyte
F-3058,all,75,11,4858,355,18,67992,54,0,54,0,1,F,66,Alveolar type 2 cell,52,12,3,3,3_5,SMC
F-3059,all,39,22,4765,741,37,35305,0,0,0,0,0,F,6,Alveolar macrophage,42,22,8,8,8_1,AlveolarMac
F-3060,all,46,27,4033,312,10,80942,0,0,0,0,0,F,15,T regulatory cell,47,28,3,3,3_1,SMC
F-3062,all,73,41,5016,264,14,115470,0,0,0,0,0,F,21,Pericyte,54,42,3,3,3_2,SMC
F-3064,all,36,30,3846,845,30,64369,0,0,0,0,0,F,3,Alveolar type 1 cell,38,30,6,6,6,AT1
F-3066,all,63,25,5391,1550,25,92343,0,0,0,0,0,F,10,Arterial endothelial cell,54,25,6,6,6,AT1
F-3068,all,17,13,4715,57,35,47248,0,0,0,0,0,F,5,Secondary crest myofibroblast,32,13,3,3,3_6,SCMF
F-3069,all,22,16,5277,1923,26,63976,0,0,0,0,0,F,9,Secondary crest myofibroblast,40,16,5,5,5_3,Pericyte
F-3070,all,43,23,4507,900,36,61554,0,0,0,0,0,F,17,Pericyte,44,23,5,5,5_1,Pericyte
F-3071,all,66,36,4570,1141,25,89100,0,0,0,0,0,F,14,Capillary 1 cell,60,36,2,2,2_3,Vein
F-3072,all,38,18,4810,1017,10,36006,0,0,0,0,0,F,10,Pericyte,43,18,5,5,5_1,Pericyte
F-3073,all,42,15,4563,635,22,36892,0,0,0,0,0,F,8,Alveolar type 1 cell,45,15,6,6,6,AT1
F-3077,all,29,18,5442,1596,21,60603,0,0,0,0,0,F,8,Capillary 2 cell,39,18,5,5,5_3,Pericyte
F-3078,all,65,35,4212,1307,18,63922,0,0,0,0,0,F,31,Pericyte,59,36,3,3,3_1,SMC
F-3079,all,30,19,5244,738,35,41814,50,0,50,0,1,F,7,Alveolar fibroblast 1,39,19,5,5,5_1,Pericyte
F-3081,all,28,23,4136,1288,16,60897,0,0,0,0,0,F,9,Alveolar macrophage,39,23,3,3,3_4,AdventitialFib
F-3082,all,17,9,5346,1927,31,65682,0,0,0,0,0,F,3,Alveolar type 1 cell,38,9,2,2,2_1,Capillary
F-3083,all,25,15,4072,556,22,49579,0,0,0,0,0,F,9,Alveolar fibroblast 1,43,15,5,5,5_1,Pericyte
F-3087,all,40,23,4036,846,12,71438,0,0,0,0,0,F,4,Alveolar fibroblast 1,42,24,2,2,2_4,Artery
F-3091,all,123,38,5610,512,14,93216,0,0,0,0,0,F,19,Alveolar type 1 cell,44,15,6,6,6,AT1
F-3094,all,49,26,5033,623,15,48157,0,0,0,0,0,F,3,Proliferative mesenchymal progenitor cell,49,26,7,7,7_3,Tcell (CD8)
F-3098,all,42,22,3868,497,32,71264,0,0,0,0,0,F,9,Alveolar fibroblast 1,45,23,2,2,2_4,Artery
F-3100,all,36,26,4794,1354,34,42434,0,0,0,0,0,F,5,B cell,41,26,9,9,9,Bcell
F-3101,all,38,28,4797,511,23,76374,0,0,0,0,0,F,8,Lymphatic endothelial cell,40,28,8,8,8_1,AlveolarMac
F-3102,all,29,19,4527,592,39,48535,0,0,0,0,0,F,4,Pericyte,41,19,5,5,5_3,Pericyte
F-3104,all,32,22,4687,1647,9,58756,0,0,0,0,0,F,7,Alveolar type 1 cell,40,22,6,6,6,AT1
F-3106,all,22,13,5230,774,33,51607,0,0,0,0,0,F,10,Pericyte,40,13,5,5,5_1,Pericyte
F-3107,all,14,10,5566,1457,16,35366,0,0,0,0,0,F,2,B cell,33,10,9,9,9,Bcell
F-3108,all,42,25,4052,741,32,99057,0,0,0,0,0,F,18,Vascular smooth muscle cell,43,25,3,3,3_2,SMC
F-3109,all,50,26,5170,1797,20,90175,0,0,0,0,0,F,11,T regulatory cell,50,26,7,7,7_4,PatrolMac
F-3110,all,44,29,4900,1239,14,94032,0,0,0,0,0,F,5,Capillary 1 cell,44,29,2,2,2_3,Vein
F-3112,all,14,10,5271,21,20,50373,0,0,0,0,0,F,7,B cell,28,10,9,9,9,Bcell
F-3114,all,21,17,5244,1941,30,59295,0,0,0,0,0,F,6,CD8+ T cell,37,17,7,7,7_2,PatrolMac
F-3115,all,16,8,4887,329,7,25193,0,0,0,0,0,F,9,Alveolar type 2 cell,37,8,1,1,1_1,AT2
F-3116,all,165,36,4110,1210,14,100279,0,0,0,0,0,F,126,Sox9+/Id2+ epithelial cell,46,11,1,1,1_1,AT2
F-3117,all,108,39,4764,1002,17,129238,51,51,0,1,0,F,38,Alveolar fibroblast 1,57,32,5,5,5_1,Pericyte
F-3120,all,37,28,3865,909,29,76865,0,0,0,0,0,F,10,Innate lymphoid cell,41,29,3,3,3_1,SMC
F-3121,all,26,17,4990,542,37,37361,0,0,0,0,0,F,6,Sox9+/Id2+ epithelial cell,45,17,8,8,8_3,InterstitialMac
F-3122,all,17,11,5289,1209,35,29683,0,0,0,0,0,F,7,Basophil,36,11,7,7,7_2,PatrolMac
F-3123,all,22,16,5033,758,39,27191,0,0,0,0,0,F,2,Sox9+/Id2+ epithelial cell,45,17,1,1,1_4_1,AlveolarFib
F-3124,all,18,15,3844,434,18,78648,0,0,0,0,0,F,8,Pericyte,37,15,5,5,5_1,Pericyte
F-3127,all,17,12,5549,1055,19,35324,0,0,0,0,0,F,4,Inflammatory monocyte,34,12,7,7,7_2,PatrolMac
F-3128,all,43,27,4886,498,31,67128,0,0,0,0,0,F,17,Alveolar fibroblast 1,41,27,2,2,2_3,Vein
F-3130,all,13,12,5586,1402,16,31690,0,0,0,0,0,F,5,B cell,30,12,9,9,9,Bcell
F-3131,all,40,25,5049,177,21,50499,0,0,0,0,0,F,3,Natural killer cell,42,26,2,2,2_2,InflamMac
F-3133,all,21,13,5024,22,21,34689,0,0,0,0,0,F,5,Proliferative mesenchymal progenitor cell,39,13,3,3,3_4,AdventitialFib
F-3137,all,39,14,5199,1842,19,46456,0,0,0,0,0,F,6,Alveolar type 1 cell,44,14,6,6,6,AT1
F-3139,all,65,32,5208,72,21,93918,0,0,0,0,0,F,11,Alveolar type 1 cell,57,32,1,1,1_5_2,AlveolarFib
F-3141,all,7,7,5529,1690,26,34339,0,0,0,0,0,F,2,Endothelial progenitor cell,30,7,2,2,2_1,Capillary
F-3142,all,59,32,5269,1254,17,109816,0,0,0,0,0,F,18,Endothelial progenitor cell,54,32,8,8,8_2,InterstitialMac
F-3144,all,39,30,5111,1012,29,91580,0,0,0,0,0,F,5,Capillary 1 cell,40,29,2,2,2_1,Capillary
F-3146,all,24,15,5491,1804,17,67435,0,0,0,0,0,F,10,Capillary 1 cell,42,15,5,5,5_1,Pericyte
F-3147,all,61,38,4913,544,27,102643,0,0,0,0,0,F,22,Secondary crest myofibroblast,56,38,3,3,3_2,SMC
F-3148,all,20,12,5355,1348,13,78590,0,0,0,0,0,F,7,Pericyte,38,12,5,5,5_1,Pericyte
F-3149,all,83,38,4503,825,14,71924,56,51,56,0.4766355,0.5233645,F,10,Sox9+/Id2+ epithelial cell,59,38,6,6,6,AT1
F-3153,all,56,16,4837,220,27,60952,111,0,111,0,1,F,9,Alveolar type 1 cell,51,16,6,6,6,AT1
F-3155,all,61,35,4596,529,16,86112,0,0,0,0,0,F,4,Capillary 2 cell,56,35,2,2,2_3,Vein
F-3157,all,30,20,4872,798,23,34972,0,0,0,0,0,F,9,CD4+ T cell,38,20,3,3,3_4,AdventitialFib
F-3158,all,44,32,5309,257,32,84075,50,0,50,0,1,F,6,Alveolar type 1 cell,44,32,6,6,6,AT1
F-3159,all,28,19,4730,738,27,35044,101,0,101,0,1,F,4,Interstitial macrophage,41,19,8,8,8_3,InterstitialMac
F-3160,all,39,25,3988,443,33,74531,0,0,0,0,0,F,12,Alveolar fibroblast 1,46,27,2,2,2_4,Artery
F-3161,all,154,47,4133,782,27,114189,0,0,0,0,0,F,26,Arterial endothelial cell,49,22,6,6,6,AT1
F-3165,all,39,21,4765,937,26,51106,0,0,0,0,0,F,20,Alveolar type 2 cell,43,21,1,1,1_1,AT2
F-3166,all,63,27,4008,815,29,97917,106,52,54,0.490566,0.509434,F,25,Pericyte,53,27,5,5,5_1,Pericyte
F-3169,all,16,7,5469,1485,24,24225,0,0,0,0,0,F,7,Arterial endothelial cell,36,7,6,6,6,AT1
F-3173,all,28,18,5002,723,23,43210,0,0,0,0,0,F,6,Capillary 1 cell,41,18,8,8,8_1,AlveolarMac
F-3174,all,16,11,5572,630,13,55724,0,0,0,0,0,F,2,Capillary 1 cell,35,11,2,2,2_3,Vein
F-3178,all,24,14,5199,816,28,49299,0,0,0,0,0,F,4,Innate lymphoid cell,44,15,3,3,3_1,SMC
F-3180,all,20,13,4033,531,33,34890,0,0,0,0,0,F,3,Endothelial progenitor cell,39,13,5,5,5_3,Pericyte
F-3181,all,32,22,4231,985,11,47798,0,0,0,0,0,F,5,Capillary 1 cell,39,22,2,2,2_3,Vein
F-3183,all,38,18,4880,229,22,45111,0,0,0,0,0,F,3,Alveolar type 1 cell,43,18,2,2,2_6,pDC
F-3186,all,34,22,5026,710,13,43134,0,0,0,0,0,F,4,Venous endothelial cell,40,22,2,2,2_3,Vein
F-3189,all,82,20,5236,1738,20,67403,0,0,0,0,0,F,43,Alveolar type 2 cell,53,20,1,1,1_1,AT2
F-3190,all,108,25,5078,715,20,85627,122,122,0,1,0,F,16,Alveolar type 1 cell,53,19,6,6,6,AT1
F-3191,all,57,34,4705,709,25,68658,0,0,0,0,0,F,16,Pericyte,55,34,5,5,5_1,Pericyte
F-3192,all,11,9,5232,1814,17,21225,0,0,0,0,0,F,2,Alveolar macrophage,28,9,1,1,1_2_3,Tcell (CD4)
F-3193,all,72,34,3937,794,16,83466,0,0,0,0,0,F,34,Sox9+/Id2+ epithelial cell,53,34,2,2,2_3,Vein
F-3194,all,62,34,4767,1070,22,95632,63,63,0,1,0,F,10,Pericyte,56,34,5,5,5_1,Pericyte
F-3195,all,44,28,4482,351,25,116251,0,0,0,0,0,F,11,Alveolar fibroblast 1,45,28,1,1,1_5_1,LymphaticEndo
F-3199,all,115,42,3969,535,25,126138,0,0,0,0,0,F,24,Alveolar type 1 cell,44,16,6,6,6,AT1
F-3200,all,32,15,4771,468,21,52789,54,54,0,1,0,F,19,Pericyte,39,15,5,5,5_1,Pericyte
F-3202,all,20,8,5351,1546,37,30719,0,0,0,0,0,F,3,Alveolar fibroblast 1,41,8,6,6,6,AT1
F-3203,all,54,21,5024,815,24,108080,0,0,0,0,0,F,33,Venous endothelial cell,52,21,1,1,1_3,AT2
F-3205,all,36,13,5207,1880,30,33584,0,0,0,0,0,F,8,Alveolar type 1 cell,42,13,6,6,6,AT1
F-3206,all,42,19,5602,610,8,34627,0,0,0,0,0,F,5,Basophil,46,21,2,2,2_5,DC
F-3207,all,48,28,4142,724,35,73921,0,0,0,0,0,F,10,Alveolar fibroblast 1,48,28,6,6,6,AT1
F-3208,all,36,21,5580,1814,17,56187,0,0,0,0,0,F,5,Capillary 1 cell,41,22,3,3,3_5,SMC
F-3209,all,31,21,4507,1552,10,38869,0,0,0,0,0,F,7,Venous endothelial cell,39,21,2,2,2_3,Vein
F-3210,all,35,17,4885,258,15,51286,0,0,0,0,0,F,9,Venous endothelial cell,43,18,2,2,2_3,Vein
F-3211,all,48,30,4544,670,15,87387,0,0,0,0,0,F,8,Venous endothelial cell,48,30,2,2,2_3,Vein
F-3212,all,41,23,3876,431,15,53976,0,0,0,0,0,F,10,Pericyte,42,23,7,7,7_4,PatrolMac
F-3213,all,9,8,5461,1859,40,39106,0,0,0,0,0,F,3,Sox9+/Id2+ epithelial cell,32,9,2,2,2_1,Capillary
F-3217,all,64,37,4340,270,29,141099,0,0,0,0,0,F,14,Alveolar fibroblast 1,58,36,2,2,2_1,Capillary
F-3220,all,138,26,4441,798,21,74572,0,0,0,0,0,F,67,Alveolar type 1 cell,48,12,6,6,6,AT1
F-3221,all,22,19,5496,1668,16,57450,0,0,0,0,0,F,2,Capillary 1 cell,42,18,2,2,2_1,Capillary
F-3223,all,30,20,4985,142,12,51653,0,0,0,0,0,F,8,Alveolar fibroblast 1,39,20,1,1,1_5_2,AlveolarFib
F-3224,all,29,19,5521,80,15,51176,0,0,0,0,0,F,12,Secondary crest myofibroblast,38,19,3,3,3_6,SCMF
F-3228,all,50,36,4151,915,34,73700,0,0,0,0,0,F,6,Alveolar type 1 cell,50,36,7,7,7_3,Tcell (CD8)
F-3230,all,8,6,5271,64,12,24350,0,0,0,0,0,F,2,Proliferative mesenchymal progenitor cell,22,7,1,1,1_6_2,Neutrophil
F-3231,all,152,66,4171,1322,19,119158,500,301,199,0.602,0.398,F,36,Capillary 1 cell,44,28,3,3,3_1,SMC
F-3232,all,47,28,4625,1150,23,90803,0,0,0,0,0,F,14,Pericyte,47,28,5,5,5_1,Pericyte
F-3234,all,10,9,4282,1037,7,11190,0,0,0,0,0,F,4,Pericyte,25,9,5,5,5_1,Pericyte
F-3235,all,6,5,4807,20,13,14195,0,0,0,0,0,F,2,Capillary 1 cell,23,8,2,2,2_3,Vein
F-3237,all,44,17,5238,1872,30,47689,0,0,0,0,0,F,5,Alveolar type 1 cell,46,17,6,6,6,AT1
F-3238,all,17,10,4421,818,32,18344,0,0,0,0,0,F,7,Alveolar fibroblast 1,37,10,1,1,1_5_1,LymphaticEndo
F-3242,all,37,24,4057,611,33,35967,0,0,0,0,0,F,3,Alveolar type 1 cell,43,25,2,2,2_2,InflamMac
F-3247,all,93,41,5193,1756,22,122517,0,0,0,0,0,F,30,Alveolar type 2 cell,61,41,2,2,2_3,Vein
F-3249,all,38,13,4683,603,29,31240,0,0,0,0,0,F,4,Alveolar type 1 cell,44,13,6,6,6,AT1
F-3250,all,41,23,5117,109,29,99597,0,0,0,0,0,F,8,Capillary 1 cell,44,24,2,2,2_1,Capillary
F-3251,all,50,24,4005,556,31,42528,0,0,0,0,0,F,13,Alveolar type 1 cell,50,24,6,6,6,AT1
F-3254,all,69,26,4467,823,17,40642,51,0,0,0,0,F,10,Alveolar type 2 cell,55,26,9,9,9,Bcell
F-3255,all,19,17,4821,493,25,42051,0,0,0,0,0,F,4,B cell,35,17,2,2,2_6,pDC
F-3260,all,47,25,5025,152,17,67887,0,0,0,0,0,F,12,AT1/AT2,48,26,2,2,2_2,InflamMac
F-3261,all,30,18,4738,699,28,33625,0,0,0,0,0,F,7,Alveolar type 1 cell,40,18,6,6,6,AT1
F-3263,all,33,18,5170,1264,31,53226,0,0,0,0,0,F,11,Inflammatory monocyte,43,18,7,7,7_2,PatrolMac
F-3269,all,34,11,5161,119,34,31999,0,0,0,0,0,F,26,Alveolar type 2 cell,43,11,1,1,1_1,AT2
F-3270,all,10,8,4099,1291,18,26578,0,0,0,0,0,F,3,Secondary crest myofibroblast,28,9,3,3,3_5,SMC
F-3273,all,23,12,5479,1763,23,41111,0,0,0,0,0,F,9,Alveolar macrophage,41,12,8,8,8_1,AlveolarMac
F-3278,all,17,12,3669,543,10,19671,0,0,0,0,0,F,3,Capillary 1 cell,33,12,2,2,2_3,Vein
F-3283,all,44,22,5113,2200,9,39043,0,0,0,0,0,F,11,Sox9+/Id2+ epithelial cell,44,22,1,1,1_3,AT2
F-3285,all,80,18,4531,3351,5,26573,6064,2036,4028,0.335752,0.664248,F,2,Alveolar type 1 cell,56,18,6,6,6,AT1
F-3287,all,27,17,4512,2844,25,35548,0,0,0,0,0,F,12,Secondary crest myofibroblast,39,18,3,3,3_1,SMC
F-3288,all,71,32,4147,3505,33,73005,0,0,0,0,0,F,20,Capillary 1 cell,56,31,2,2,2_1,Capillary
F-3289,all,39,25,5327,3289,22,63532,0,0,0,0,0,F,4,CD8+ T cell,41,25,1,1,1_5_2,AlveolarFib
F-3290,all,125,53,3791,2742,22,95886,0,0,0,0,0,F,58,Alveolar type 2 cell,43,26,1,1,1_1,AT2
F-3291,all,66,28,5447,3248,23,70490,0,0,0,0,0,F,9,B cell,57,29,3,3,3_1,SMC
F-3293,all,61,24,5432,2367,33,63290,0,0,0,0,0,F,8,Natural killer cell,54,24,7,7,7_4,PatrolMac
F-3294,all,57,30,5262,2665,24,72059,0,0,0,0,0,F,10,Alveolar type 2 cell,54,31,2,2,2_2,InflamMac
F-3295,all,309,36,4265,3245,22,95491,186668,109127,80274,0.5761691,0.4238309,F,98,Alveolar type 2 cell,52,6,1,1,1_3,AT2
F-3296,all,144,52,3902,3397,28,88840,0,0,0,0,0,F,27,Alveolar type 1 cell,41,16,6,6,6,AT1
F-3297,all,27,11,5539,3654,15,63220,0,0,0,0,0,F,9,Capillary 1 cell,44,11,2,2,2_3,Vein
F-3298,all,73,40,3963,2857,12,46046,0,0,0,0,0,F,19,Venous endothelial cell,55,40,3,3,3_6,SCMF
F-3299,all,336,40,4241,3568,22,95255,743582,701090,42492,0.942855,0.05714501,F,169,Alveolar type 2 cell,53,6,1,1,1_1,AT2
F-3301,all,164,49,4632,2147,16,93623,156837,101598,55239,0.6477936,0.3522064,F,47,Lymphatic endothelial cell,49,20,1,1,1_5_1,LymphaticEndo
F-3302,all,28,17,5143,2318,30,37513,0,0,0,0,0,F,5,Capillary 1 cell,39,18,2,2,2_1,Capillary
F-3303,all,67,14,4275,3293,11,36266,8812,0,6079,0,1,F,25,Sox9+/Id2+ epithelial cell,54,14,1,1,1_3,AT2
F-3305,all,23,13,3955,3419,13,31677,9886,0,9886,0,1,F,6,Capillary 1 cell,40,14,2,2,2_1,Capillary
F-3306,all,36,18,4708,2739,29,63854,0,0,0,0,0,F,6,CD4+ T cell,40,18,1,1,1_5_2,AlveolarFib
F-3307,all,108,28,4312,2930,18,54210,0,0,0,0,0,F,66,Alveolar fibroblast 1,54,21,3,3,3_4,AdventitialFib
F-3308,all,59,31,4605,2708,9,40677,0,0,0,0,0,F,20,Pericyte,55,31,5,5,5_1,Pericyte
F-3309,all,31,20,5188,2667,24,62299,0,0,0,0,0,F,9,Endothelial progenitor cell,38,20,2,2,2_3,Vein
F-3310,all,136,50,4307,3158,17,99301,0,0,0,0,0,F,13,B cell,50,27,2,2,2_2,InflamMac
F-3311,all,96,46,4112,3162,15,87858,0,0,0,0,0,F,12,Pericyte,62,44,5,5,5_1,Pericyte
F-3312,all,15,10,4324,3098,40,18926,0,0,0,0,0,F,6,Alveolar fibroblast 1,32,11,3,3,3_1,SMC
F-3313,all,139,53,5102,2442,19,85102,0,0,0,0,0,F,28,Alveolar macrophage,51,27,8,8,8_1,AlveolarMac
F-3314,all,91,37,5515,2524,25,89623,0,0,0,0,0,F,13,Alveolar type 1 cell,61,39,2,2,2_5,DC
F-3316,all,105,36,5281,2617,21,81838,0,0,0,0,0,F,27,Alveolar fibroblast 1,62,34,1,1,1_5_2,AlveolarFib
F-3318,all,111,45,4434,3545,10,69063,0,0,0,0,0,F,10,Alveolar fibroblast 1,51,25,1,1,1_4_1,AlveolarFib
F-3319,all,57,27,4336,3429,23,64750,0,0,0,0,0,F,4,T regulatory cell,54,27,7,7,7_2,PatrolMac
F-3320,all,38,19,3934,3003,36,25695,0,51,0,1,0,F,2,Proliferative mesenchymal progenitor cell,45,20,3,3,3_1,SMC
F-3321,all,21,14,5485,3226,14,48329,0,0,0,0,0,F,3,Alveolar type 1 cell,39,14,9,9,9,Bcell
F-3323,all,61,18,5393,3205,29,50297,0,0,0,0,0,F,40,AT1/AT2,52,18,1,1,1_1,AT2
F-3327,all,25,13,4244,3344,34,27590,0,0,0,0,0,F,3,Arterial endothelial cell,41,13,2,2,2_4,Artery
F-3329,all,201,63,4233,3738,20,98132,0,0,0,0,0,F,29,Alveolar macrophage,59,42,8,8,8_1,AlveolarMac
F-3332,all,55,32,4532,2625,27,60576,0,0,0,0,0,F,10,Natural killer cell,54,33,2,2,2_2,InflamMac
F-3335,all,57,24,4395,2992,23,64310,0,0,0,0,0,F,9,Alveolar type 1 cell,53,24,6,6,6,AT1
F-3336,all,58,32,4519,3602,16,113824,0,0,0,0,0,F,15,Alveolar fibroblast 1,53,32,2,2,2_6,pDC
F-3337,all,25,13,4544,2846,26,33562,0,0,0,0,0,F,11,Proliferative mesenchymal progenitor cell,46,14,3,3,3_1,SMC
F-3338,all,26,15,3861,3048,31,30919,0,0,0,0,0,F,7,Capillary 1 cell,41,15,2,2,2_1,Capillary
F-3340,all,35,27,4641,2730,29,77891,0,0,0,0,0,F,3,CD8+ T cell,40,27,7,7,7_2,PatrolMac
F-3341,all,80,33,4353,3111,12,40963,0,0,0,0,0,F,5,Alveolar type 1 cell,58,33,8,8,8_1,AlveolarMac
F-3342,all,108,46,3878,2861,24,109972,0,0,0,0,0,F,14,Arterial endothelial cell,61,39,2,2,2_1,Capillary
F-3346,all,43,26,3963,3384,11,29328,11072,0,11072,0,1,F,8,Capillary 1 cell,44,26,2,2,2_1,Capillary
F-3347,all,70,33,3996,2921,12,64329,0,0,0,0,0,F,13,Alveolar fibroblast 1,54,33,2,2,2_1,Capillary
F-3350,all,39,18,4569,2622,32,25981,0,0,0,0,0,F,20,Alveolar type 2 cell,43,18,1,1,1_3,AT2
F-3351,all,17,13,3909,3496,14,55378,0,0,0,0,0,F,8,Pericyte,35,13,5,5,5_1,Pericyte
F-3352,all,96,40,5073,2107,18,91804,0,0,0,0,0,F,19,Alveolar fibroblast 1,61,40,3,3,3_5,SMC
F-3353,all,45,25,4284,3719,31,41600,0,0,0,0,0,F,7,Alveolar type 1 cell,45,25,6,6,6,AT1
F-3354,all,63,35,4634,2327,17,111129,0,0,0,0,0,F,17,Capillary 1 cell,58,35,2,2,2_3,Vein
F-3355,all,46,23,3844,3259,38,31831,0,0,0,0,0,F,4,B cell,46,23,2,2,2_6,pDC
F-3356,all,52,19,4065,3582,25,21998,53731,1917,53731,0.03444868,0.9655513,F,19,Endothelial progenitor cell,50,19,2,2,2_3,Vein
F-3357,all,83,36,4195,3474,17,80964,0,0,0,0,0,F,18,Capillary 1 cell,58,36,2,2,2_1,Capillary
F-3359,all,141,26,4006,3428,29,45459,559550,463912,103214,0.8180052,0.1819948,F,45,Alveolar type 2 cell,54,12,1,1,1_3,AT2
F-3360,all,90,41,4085,3396,35,50583,772,0,772,0,1,F,12,Arterial endothelial cell,63,40,6,6,6,AT1
F-3361,all,238,49,3931,2963,31,83727,132732,68959,63482,0.5206771,0.4793229,F,93,Alveolar type 2 cell,50,15,1,1,1_3,AT2
F-3362,all,51,32,5577,3234,30,96722,0,0,0,0,0,F,15,CD8+ T cell,51,32,7,7,7_3,Tcell (CD8)
F-3363,all,32,20,4298,3791,22,27225,0,0,0,0,0,F,11,Arterial endothelial cell,40,21,2,2,2_4,Artery
F-3364,all,24,6,3924,3222,6,8069,76887,113034,17764,0.8641875,0.1358125,F,3,Proliferative mesenchymal progenitor cell,39,6,1,1,1_2_1,Tcell (CD4)
F-3369,all,14,12,5253,1970,28,24423,0,0,0,0,0,F,4,Inflammatory monocyte,27,12,2,2,2_6,pDC
F-3370,all,18,14,5175,2458,38,39917,0,0,0,0,0,F,2,B cell,36,14,9,9,9,Bcell
F-3371,all,22,13,5596,3703,15,55080,0,0,0,0,0,F,10,Pericyte,39,13,5,5,5_1,Pericyte
F-3372,all,14,12,4927,2120,30,35086,0,0,0,0,0,F,5,Alveolar type 1 cell,27,12,7,7,7_3,Tcell (CD8)
F-3374,all,98,26,5597,2360,19,63521,0,0,0,0,0,F,78,Alveolar type 2 cell,58,24,1,1,1_1,AT2
F-3376,all,21,14,4805,2545,34,29767,0,0,0,0,0,F,7,B cell,38,14,9,9,9,Bcell
F-3381,all,54,31,3882,3020,28,58458,0,0,0,0,0,F,9,Arterial endothelial cell,54,32,2,2,2_1,Capillary
F-3382,all,96,23,4621,2048,17,47236,0,0,0,0,0,F,70,Alveolar type 2 cell,57,22,1,1,1_1,AT2
F-3383,all,51,29,4333,3456,19,42678,0,0,0,0,0,F,6,B cell,51,29,9,9,9,Bcell
F-3384,all,7,6,4786,2589,36,22753,50,0,50,0,1,F,3,Capillary 1 cell,27,8,1,1,1_4_1,AlveolarFib
F-3385,all,150,33,4319,3318,13,59692,1376,0,1376,0,1,F,57,Inflammatory monocyte,50,17,1,1,1_1,AT2
F-3386,all,32,23,4842,2518,32,41954,0,0,0,0,0,F,5,Capillary 2 cell,40,23,2,2,2_3,Vein
F-3388,all,118,54,4459,3433,10,129125,0,0,0,0,0,F,12,Inflammatory monocyte,45,29,7,7,7_2,PatrolMac
F-3389,all,159,34,4473,2861,28,117891,0,0,0,0,0,F,46,Alveolar type 2 cell,49,11,3,3,3_5,SMC
F-3390,all,68,38,4563,2764,21,109241,0,0,0,0,0,F,16,Secondary crest myofibroblast,55,39,3,3,3_1,SMC
F-3393,all,174,30,4050,3213,36,55154,34485,13293,23429,0.3619901,0.6380099,F,59,Alveolar type 2 cell,53,10,1,1,1_1,AT2
F-3394,all,50,33,5361,3230,29,58691,0,0,0,0,0,F,18,CD4+ T cell,52,34,1,1,1_4_3,AlveolarFib
F-3396,all,27,20,4887,2509,35,26896,0,0,0,0,0,F,6,Sox9+/Id2+ epithelial cell,40,20,2,2,2_6,pDC
F-3398,all,40,23,5512,2279,19,81254,0,0,0,0,0,F,11,B cell,43,23,9,9,9,Bcell
F-3400,all,69,39,4199,3358,29,71650,0,0,0,0,0,F,11,Inflammatory monocyte,52,40,2,2,2_5,DC
F-3401,all,107,56,5104,2389,25,111535,0,0,0,0,0,F,27,Venous endothelial cell,59,44,6,6,6,AT1
F-3402,all,17,14,4321,3776,20,29693,0,0,0,0,0,F,4,Alveolar type 1 cell,35,14,1,1,1_5_2,AlveolarFib
F-3403,all,14,8,3891,3249,23,9492,0,0,0,0,0,F,2,Chondrocyte,32,8,1,1,1_2_1,Tcell (CD4)
F-3404,all,77,34,4081,3605,15,67382,17374,238,17136,0.01369863,0.9863014,F,24,Capillary 1 cell,58,35,2,2,2_1,Capillary
F-3405,all,55,29,5412,3278,24,83724,0,0,0,0,0,F,11,Pericyte,53,29,5,5,5_1,Pericyte
F-3406,all,25,16,4249,3406,10,38195,0,0,0,0,0,F,3,Capillary 1 cell,43,16,2,2,2_1,Capillary
F-3408,all,20,11,4418,2895,18,25297,0,0,0,0,0,F,4,Alveolar fibroblast 1,41,12,1,1,1_4_3,AlveolarFib
F-3410,all,28,18,4259,3460,9,44853,0,0,0,0,0,F,2,Neutrophil,36,19,1,1,1_4_1,AlveolarFib
F-3413,all,42,29,4364,2858,27,63850,0,0,0,0,0,F,3,Capillary 1 cell,42,28,2,2,2_1,Capillary
F-3414,all,75,33,5269,2421,37,44643,0,0,0,0,0,F,16,Alveolar type 1 cell,57,33,6,6,6,AT1
F-3415,all,24,16,5379,2307,34,28991,0,0,0,0,0,F,10,Pericyte,42,16,5,5,5_3,Pericyte
F-3416,all,28,21,5349,2318,34,45332,0,0,0,0,0,F,3,Secondary crest myofibroblast,41,21,5,5,5_3,Pericyte
F-3417,all,77,32,4108,2927,26,96166,0,0,0,0,0,F,10,Alveolar fibroblast 1,59,33,3,3,3_1,SMC
F-3418,all,57,30,5160,2355,33,56850,0,0,0,0,0,F,13,Capillary 2 cell,54,30,2,2,2_6,pDC
F-3419,all,85,43,5362,2368,36,101019,0,0,0,0,0,F,19,Capillary 1 cell,62,43,5,5,5_3,Pericyte
F-3420,all,50,27,4350,3495,16,39285,0,0,0,0,0,F,7,Natural killer cell,48,26,2,2,2_1,Capillary
F-3421,all,76,29,4649,2062,26,54522,0,0,0,0,0,F,52,Alveolar type 2 cell,56,29,1,1,1_1,AT2
F-3424,all,59,28,4540,3429,19,84585,0,0,0,0,0,F,9,CD8+ T cell,54,28,3,3,3_4,AdventitialFib
F-3427,all,86,38,4372,2905,22,64521,0,0,0,0,0,F,11,Alveolar fibroblast 1,62,38,2,2,2_4,Artery
F-3428,all,68,44,4306,3746,20,51171,0,0,0,0,0,F,14,Alveolar fibroblast 1,61,44,6,6,6,AT1
F-3430,all,23,18,4511,3396,34,23841,0,0,0,0,0,F,4,B cell,42,18,7,7,7_3,Tcell (CD8)
F-3433,all,92,32,4126,3228,38,49438,682,0,682,0,1,F,14,Neutrophil,57,30,2,2,2_6,pDC
F-3437,all,33,23,4629,2387,20,37209,0,0,0,0,0,F,10,Arterial endothelial cell,40,23,5,5,5_3,Pericyte
F-3438,all,23,17,4445,3762,33,35537,0,0,0,0,0,F,5,CD8+ T cell,39,17,7,7,7_2,PatrolMac
F-3439,all,307,45,4051,3537,24,96252,320972,206544,112511,0.6473617,0.3526383,F,111,Alveolar type 2 cell,53,9,1,1,1_3,AT2
F-3442,all,95,35,4074,3185,29,63489,7951,929,4785,0.1625831,0.8374169,F,35,Alveolar type 2 cell,61,33,2,2,2_1,Capillary
F-3443,all,61,24,5263,2584,21,56632,0,0,0,0,0,F,21,Alveolar type 1 cell,54,24,6,6,6,AT1
F-3444,all,71,30,4049,3441,29,45756,8722,0,6404,0,1,F,6,Alveolar type 1 cell,55,30,6,6,6,AT1
F-3446,all,66,37,3871,3541,10,90211,0,0,0,0,0,F,17,Arterial endothelial cell,55,36,2,2,2_1,Capillary
F-3447,all,68,29,5546,2376,20,101614,0,0,0,0,0,F,20,Alveolar type 2 cell,55,29,5,5,5_3,Pericyte
F-3448,all,52,31,4546,2653,31,36835,0,0,0,0,0,F,11,Secondary crest myofibroblast,52,32,3,3,3_5,SMC
F-3449,all,22,17,4285,3395,23,27398,0,0,0,0,0,F,6,Capillary 1 cell,41,17,2,2,2_3,Vein
F-3452,all,50,15,4292,3576,7,53244,0,0,0,0,0,F,13,Sox9+/Id2+ epithelial cell,50,15,2,2,2_3,Vein
F-3454,all,70,36,5101,2263,30,98018,0,0,0,0,0,F,13,Sox9+/Id2+ epithelial cell,55,36,6,6,6,AT1
F-3455,all,14,8,5271,2550,5,21203,0,0,0,0,0,F,3,Venous endothelial cell,29,7,2,2,2_1,Capillary
F-3458,all,12,11,4030,2900,10,40538,0,0,0,0,0,F,2,B cell,29,11,9,9,9,Bcell
F-3459,all,74,33,4282,3529,22,75384,0,0,0,0,0,F,23,Pericyte,57,33,5,5,5_1,Pericyte
F-3460,all,26,18,4397,2886,23,42025,0,0,0,0,0,F,8,CD4+ T cell,43,18,3,3,3_4,AdventitialFib
F-3461,all,39,26,4706,2128,35,51029,0,0,0,0,0,F,8,Alveolar fibroblast 1,40,27,1,1,1_5_1,LymphaticEndo
F-3462,all,144,53,3975,3551,15,97063,716,0,716,0,1,F,12,Alveolar fibroblast 1,47,24,1,1,1_5_2,AlveolarFib
F-3466,all,34,21,5476,2535,35,42040,0,0,0,0,0,F,5,Venous endothelial cell,41,21,2,2,2_3,Vein
F-3467,all,23,14,4624,2553,9,30608,0,0,0,0,0,F,3,Capillary 1 cell,40,14,2,2,2_3,Vein
F-3468,all,29,20,4431,2995,39,26309,0,0,0,0,0,F,4,Inflammatory monocyte,39,20,2,2,2_6,pDC
F-3469,all,179,48,4419,3367,21,83207,52,0,52,0,1,F,26,Alveolar type 1 cell,50,22,6,6,6,AT1
F-3472,all,79,42,3895,3356,16,65546,0,0,0,0,0,F,12,Arterial endothelial cell,58,42,2,2,2_4,Artery
F-3473,all,22,18,5193,2634,34,33376,0,0,0,0,0,F,5,Sox9+/Id2+ epithelial cell,44,19,1,1,1_4_1,AlveolarFib
F-3474,all,44,23,4607,3440,8,34047,0,0,0,0,0,F,7,Natural killer cell,45,23,1,1,1_5_1,LymphaticEndo
F-3475,all,50,33,5188,2525,33,57686,0,0,0,0,0,F,5,Innate lymphoid cell,50,33,6,6,6,AT1
F-3476,all,9,7,5522,3688,10,35256,0,0,0,0,0,F,2,Capillary 2 cell,26,7,2,2,2_6,pDC
F-3479,all,37,22,4306,3356,22,34734,0,0,0,0,0,F,6,Inflammatory monocyte,41,22,2,2,2_1,Capillary
F-3480,all,55,27,5402,3144,25,88644,0,0,0,0,0,F,9,Arterial endothelial cell,53,28,2,2,2_4,Artery
F-3481,all,31,20,5436,2303,36,37693,0,0,0,0,0,F,7,Pericyte,41,20,5,5,5_1,Pericyte
F-3482,all,69,25,5372,3172,26,100053,0,0,0,0,0,F,40,Alveolar fibroblast 1,54,26,3,3,3_1,SMC
F-3483,all,12,7,4992,2449,37,27727,0,0,0,0,0,F,4,Capillary 1 cell,31,8,2,2,2_3,Vein
F-3490,all,46,16,4530,2734,17,66086,0,0,0,0,0,F,24,Secondary crest myofibroblast,47,17,3,3,3_1,SMC
F-3492,all,10,5,4290,2910,21,15979,0,0,0,0,0,F,3,Alveolar fibroblast 1,31,6,1,1,1_4_3,AlveolarFib
F-3493,all,19,13,4364,3783,41,15730,0,0,0,0,0,F,6,Alveolar type 1 cell,37,13,6,6,6,AT1
F-3496,all,80,46,3951,3480,28,87970,0,0,0,0,0,F,21,Capillary 1 cell,57,45,2,2,2_1,Capillary
F-3497,all,27,21,5367,3287,19,52738,0,0,0,0,0,F,8,Pericyte,42,21,5,5,5_3,Pericyte
F-3502,all,45,25,4608,2654,14,73392,0,0,0,0,0,F,17,Natural killer cell,45,26,1,1,1_5_1,LymphaticEndo
F-3504,all,49,39,4506,3518,14,81353,0,0,0,0,0,F,11,Alveolar fibroblast 1,49,39,5,5,5_3,Pericyte
F-3505,all,21,13,3880,3238,39,8857,0,0,0,0,0,F,4,Sox9+/Id2+ epithelial cell,41,13,2,2,2_1,Capillary
F-3506,all,41,29,4213,3398,21,55248,0,0,0,0,0,F,3,Inflammatory monocyte,45,31,2,2,2_5,DC
F-3508,all,21,15,5220,2440,39,18844,0,0,0,0,0,F,2,Natural killer cell,41,16,2,2,2_2,InflamMac
F-3509,all,66,31,4529,2889,35,66412,0,0,0,0,0,F,30,Alveolar fibroblast 1,59,32,3,3,3_1,SMC
F-3511,all,26,17,4532,3754,25,41830,0,0,0,0,0,F,3,Deuterosomal cell,38,18,1,1,1_6_2,Neutrophil
F-3514,all,53,33,4275,3363,32,46969,0,0,0,0,0,F,13,Neutrophil,47,33,2,2,2_1,Capillary
F-3515,all,42,24,5442,2069,32,66419,0,0,0,0,0,F,7,Classical DC subset 2,43,24,2,2,2_1,Capillary
F-3516,all,21,16,5403,2289,36,31883,0,0,0,0,0,F,4,Pericyte,42,16,5,5,5_1,Pericyte
F-3519,all,27,17,4412,3787,33,49448,0,0,0,0,0,F,3,Capillary 1 cell,46,18,2,2,2_1,Capillary
F-3521,all,63,32,4393,3034,16,46430,0,0,0,0,0,F,4,Capillary 1 cell,57,32,2,2,2_1,Capillary
F-3525,all,16,9,3845,2885,41,7499,0,0,0,0,0,F,2,Venous endothelial cell,36,9,7,7,7_3,Tcell (CD8)
F-3526,all,27,19,5338,3253,29,45031,0,0,0,0,0,F,6,Alveolar fibroblast 1,44,19,2,2,2_1,Capillary
F-3528,all,131,39,4057,3409,26,48982,151633,10453,140674,0.06916699,0.930833,F,35,Alveolar type 1 cell,46,17,1,1,1_5_2,AlveolarFib
F-3529,all,19,10,5223,2632,40,10027,0,0,0,0,0,F,8,Sox9+/Id2+ epithelial cell,40,10,1,1,1_1,AT2
F-3531,all,47,13,3824,2731,22,50361,0,0,0,0,0,F,32,Sox9+/Id2+ epithelial cell,48,13,1,1,1_1,AT2
F-3532,all,35,25,4477,3385,24,42746,0,0,0,0,0,F,8,CD4+ T cell,41,25,5,5,5_3,Pericyte
F-3534,all,24,10,5247,2621,36,13467,0,0,0,0,0,F,15,Alveolar type 2 cell,41,10,1,1,1_1,AT2
F-3536,all,99,34,4276,3769,16,60088,0,0,0,0,0,F,12,Alveolar type 1 cell,61,34,6,6,6,AT1
F-3541,all,52,27,4318,3483,14,36148,0,0,0,0,0,F,7,Capillary 1 cell,49,27,2,2,2_1,Capillary
F-3552,all,33,25,4888,4584,25,50050,0,0,0,0,0,F,6,Natural killer cell,38,25,7,7,7_2,PatrolMac
F-3553,all,39,26,4031,4998,16,50217,0,0,0,0,0,F,5,Capillary 1 cell,38,26,1,1,1_5_1,LymphaticEndo
F-3554,all,11,8,4647,4800,28,33784,0,0,0,0,0,F,4,B cell,28,8,9,9,9,Bcell
F-3555,all,134,37,4944,4644,16,98053,0,0,0,0,0,F,86,Alveolar type 2 cell,47,18,1,1,1_1,AT2
F-3556,all,56,38,4550,4398,25,83399,0,0,0,0,0,F,14,Capillary 1 cell,55,38,2,2,2_1,Capillary
F-3557,all,41,25,4106,4368,24,92184,0,0,0,0,0,F,14,B cell,42,25,9,9,9,Bcell
F-3559,all,32,20,5517,5575,32,63457,317,0,317,0,1,F,7,Pericyte,42,20,5,5,5_1,Pericyte
F-3561,all,64,27,4841,4101,15,71293,0,0,0,0,0,F,38,Alveolar type 2 cell,57,28,3,3,3_1,SMC
F-3562,all,49,27,4423,5408,36,39706,0,0,0,0,0,F,3,Neutrophil,49,27,1,1,1_5_2,AlveolarFib
F-3563,all,34,23,3901,4946,33,50638,0,0,0,0,0,F,8,Alveolar type 1 cell,42,23,9,9,9,Bcell
F-3564,all,23,11,5474,5665,16,33222,0,0,0,0,0,F,4,Alveolar type 1 cell,44,11,6,6,6,AT1
F-3565,all,134,36,4054,4704,20,94302,0,0,0,0,0,F,94,Alveolar type 2 cell,44,12,1,1,1_3,AT2
F-3566,all,52,29,4775,4765,28,61747,0,0,0,0,0,F,11,Alveolar fibroblast 1,54,30,1,1,1_5_1,LymphaticEndo
F-3567,all,25,17,4475,5484,11,46986,0,0,0,0,0,F,3,Natural killer cell,38,18,2,2,2_2,InflamMac
F-3568,all,41,25,3901,4830,12,79567,0,0,0,0,0,F,17,Pericyte,43,25,5,5,5_1,Pericyte
F-3570,all,31,17,4836,4959,14,40549,0,0,0,0,0,F,4,CD8+ T cell,41,17,7,7,7_2,PatrolMac
F-3572,all,77,32,4109,3996,36,44950,153,153,0,1,0,F,39,Venous endothelial cell,57,32,9,9,9,Bcell
F-3573,all,51,28,3819,5311,23,88994,0,0,0,0,0,F,5,Venous endothelial cell,49,28,2,2,2_1,Capillary
F-3574,all,151,52,4634,4388,17,98627,0,0,0,0,0,F,41,Inflammatory monocyte,50,25,8,8,8_1,AlveolarMac
F-3575,all,177,42,4230,3896,25,90660,0,0,0,0,0,F,109,Alveolar type 2 cell,47,15,1,1,1_1,AT2
F-3576,all,43,28,4869,4637,16,86075,0,0,0,0,0,F,12,Capillary 1 cell,44,29,1,1,1_3,AT2
F-3577,all,28,6,4613,5307,15,31135,0,0,0,0,0,F,22,T regulatory cell,45,6,1,1,1_1,AT2
F-3581,all,42,20,3856,4807,34,54111,0,0,0,0,0,F,12,B cell,45,21,3,3,3_1,SMC
F-3582,all,58,38,4334,4328,14,48014,0,0,0,0,0,F,17,B cell,57,38,9,9,9,Bcell
F-3583,all,19,11,3831,5418,24,28898,0,0,0,0,0,F,10,Airway smooth muscle cell,41,12,3,3,3_1,SMC
F-3585,all,30,18,4147,5034,32,47934,0,0,0,0,0,F,3,CD4+ T cell,39,18,7,7,7_2,PatrolMac
F-3586,all,23,15,4304,5373,38,23170,0,0,0,0,0,F,5,Ciliated cell,45,15,6,6,6,AT1
F-3587,all,27,13,5007,5608,8,24022,0,0,0,0,0,F,10,Alveolar type 1 cell,43,13,6,6,6,AT1
F-3589,all,165,63,4611,4455,19,133628,0,0,0,0,0,F,21,Alveolar macrophage,51,31,8,8,8_1,AlveolarMac
F-3592,all,39,22,4887,4990,15,56159,0,0,0,0,0,F,7,Alveolar fibroblast 1,41,23,3,3,3_1,SMC
F-3593,all,151,53,4232,4121,29,89206,0,0,0,0,0,F,31,Alveolar type 1 cell,48,23,6,6,6,AT1
F-3596,all,49,19,5169,5569,29,72307,0,0,0,0,0,F,11,Alveolar type 2 cell,50,20,2,2,2_2,InflamMac
F-3597,all,18,13,4005,4930,19,61499,0,0,0,0,0,F,5,CD4+ T cell,34,13,8,8,8_2,InterstitialMac
F-3598,all,65,30,3955,3914,12,77401,0,51,0,1,0,F,21,Arterial endothelial cell,56,30,2,2,2_4,Artery
F-3600,all,80,33,4103,3954,27,66627,0,0,0,0,0,F,10,Sox9+/Id2+ epithelial cell,59,33,2,2,2_3,Vein
F-3601,all,69,37,5475,4932,19,77275,0,0,0,0,0,F,11,Alveolar fibroblast 1,56,37,8,8,8_1,AlveolarMac
F-3602,all,12,7,5487,5528,37,28137,0,0,0,0,0,F,5,Interstitial macrophage,29,7,8,8,8_2,InterstitialMac
F-3603,all,27,23,5363,5446,28,62594,0,0,0,0,0,F,7,CD4+ T cell,39,23,7,7,7_2,PatrolMac
F-3604,all,13,5,5223,5348,15,40625,0,0,0,0,0,F,4,Sox9+/Id2+ epithelial cell,29,5,8,8,8_3,InterstitialMac
F-3607,all,35,13,4966,5343,20,37706,0,0,0,0,0,F,24,Alveolar type 2 cell,44,13,1,1,1_3,AT2
F-3608,all,35,20,4066,4821,21,49969,0,0,0,0,0,F,17,Alveolar fibroblast 1,41,21,2,2,2_4,Artery
F-3609,all,68,38,5450,4902,23,67169,0,0,0,0,0,F,17,Interstitial macrophage,56,38,8,8,8_3,InterstitialMac
F-3610,all,27,15,4294,5602,10,49605,0,0,0,0,0,F,6,Venous endothelial cell,41,15,2,2,2_3,Vein
F-3611,all,157,40,4789,4114,21,113425,0,0,0,0,0,F,104,Alveolar type 2 cell,50,19,3,3,3_1,SMC
F-3613,all,28,20,3797,4877,16,52222,0,0,0,0,0,F,3,Capillary 1 cell,43,20,2,2,2_3,Vein
F-3614,all,27,20,5134,5092,35,36493,0,0,0,0,0,F,4,Inflammatory monocyte,40,21,3,3,3_1,SMC
F-3615,all,21,14,4932,5246,8,44570,0,0,0,0,0,F,7,Inflammatory monocyte,40,14,3,3,3_4,AdventitialFib
F-3616,all,34,21,4032,5035,16,38519,0,0,0,0,0,F,14,Alveolar fibroblast 1,42,22,2,2,2_4,Artery
F-3618,all,12,9,4622,4603,9,21696,0,0,0,0,0,F,2,Venous endothelial cell,29,9,2,2,2_3,Vein
F-3619,all,25,9,4864,5297,12,36969,0,0,0,0,0,F,12,Arterial endothelial cell,44,10,2,2,2_4,Artery
F-3620,all,114,37,3813,4842,19,88163,0,0,0,0,0,F,20,Alveolar type 1 cell,45,15,6,6,6,AT1
F-3621,all,47,20,3959,5271,16,46440,0,0,0,0,0,F,26,Capillary 1 cell,47,20,9,9,9,Bcell
F-3622,all,117,40,4664,4065,14,83638,0,0,0,0,0,F,52,Sox9+/Id2+ epithelial cell,46,21,1,1,1_1,AT2
F-3624,all,42,25,5336,5398,12,79212,0,0,0,0,0,F,2,Alveolar type 2 cell,43,26,2,2,2_2,InflamMac
F-3626,all,28,19,4456,5435,36,30554,0,0,0,0,0,F,3,Alveolar fibroblast 1,40,19,1,1,1_5_2,AlveolarFib
F-3627,all,10,4,4267,3936,4,10969,59,0,59,0,1,F,3,Alveolar type 1 cell,29,4,6,6,6,AT1
F-3628,all,168,54,3836,4952,27,84244,0,0,0,0,0,F,24,Alveolar type 1 cell,51,29,8,8,8_1,AlveolarMac
F-3630,all,83,41,3971,4586,34,78691,0,0,0,0,0,F,31,Pericyte,59,41,5,5,5_1,Pericyte
F-3637,all,42,12,4999,5670,29,62746,0,0,0,0,0,F,33,Alveolar type 2 cell,46,12,1,1,1_1,AT2
F-3640,all,30,20,4937,5400,32,49947,0,0,0,0,0,F,5,Alveolar fibroblast 1,39,21,3,3,3_1,SMC
F-3642,all,23,17,3780,4804,28,40216,0,0,0,0,0,F,9,Proliferative mesenchymal progenitor cell,43,18,3,3,3_1,SMC
F-3644,all,29,20,4739,4055,19,39777,0,0,0,0,0,F,11,B cell,38,20,9,9,9,Bcell
F-3645,all,115,26,4747,4801,21,82176,0,0,0,0,0,F,77,Alveolar type 2 cell,48,16,1,1,1_3,AT2
F-3646,all,106,42,4060,4429,29,102094,0,0,0,0,0,F,19,T regulatory cell,61,34,7,7,7_2,PatrolMac
F-3647,all,8,8,4111,5129,30,23522,0,0,0,0,0,F,2,Pericyte,24,9,5,5,5_3,Pericyte
F-3648,all,15,11,4723,4978,8,19473,0,0,0,0,0,F,2,Capillary 1 cell,32,11,2,2,2_1,Capillary
F-3649,all,25,11,4320,3826,35,33131,0,0,0,0,0,F,2,Endothelial progenitor cell,44,11,2,2,2_1,Capillary
F-3650,all,32,21,5251,5448,36,66748,0,0,0,0,0,F,6,Capillary 1 cell,40,20,2,2,2_1,Capillary
F-3654,all,26,15,5569,5194,20,68750,0,0,0,0,0,F,9,Venous endothelial cell,44,15,3,3,3_4,AdventitialFib
F-3657,all,34,21,5196,5547,18,74881,0,0,0,0,0,F,2,Natural killer cell,42,22,2,2,2_2,InflamMac
F-3659,all,10,5,4291,3964,6,17114,0,0,0,0,0,F,4,Arterial endothelial cell,22,6,2,2,2_4,Artery
F-3661,all,20,6,4942,5349,15,22641,0,0,0,0,0,F,16,Alveolar type 2 cell,41,6,7,7,7_2,PatrolMac
F-3663,all,53,23,4199,4245,38,24615,0,0,0,0,0,F,33,Alveolar type 2 cell,51,23,1,1,1_1,AT2
F-3664,all,82,45,3934,5302,21,101803,0,0,0,0,0,F,22,Pericyte,60,45,5,5,5_1,Pericyte
F-3666,all,27,13,4688,4008,26,43020,0,0,0,0,0,F,14,B cell,44,13,9,9,9,Bcell
F-3667,all,76,42,4398,4779,20,77171,0,0,0,0,0,F,18,Arterial endothelial cell,52,42,2,2,2_4,Artery
F-3668,all,85,21,5114,5457,29,77294,0,0,0,0,0,F,62,Alveolar type 2 cell,54,21,1,1,1_3,AT2
F-3671,all,62,33,4632,3967,30,70573,52,0,52,0,1,F,9,Neutrophil,54,33,8,8,8_1,AlveolarMac
F-3674,all,10,8,5404,4909,30,35729,0,0,0,0,0,F,4,Alveolar fibroblast 1,22,8,8,8,8_3,InterstitialMac
F-3675,all,20,20,4014,5516,15,55590,0,0,0,0,0,F,2,Capillary 1 cell,39,20,2,2,2_3,Vein
F-3676,all,16,9,4730,4003,16,23452,0,0,0,0,0,F,4,B cell,32,9,9,9,9,Bcell
F-3677,all,12,10,4771,4936,11,43021,0,0,0,0,0,F,4,Alveolar fibroblast 1,35,11,3,3,3_1,SMC
F-3681,all,38,24,5234,5293,14,61288,0,0,0,0,0,F,8,Capillary 1 cell,43,24,2,2,2_3,Vein
F-3684,all,38,18,5424,5672,14,44925,0,0,0,0,0,F,9,Alveolar type 1 cell,43,18,6,6,6,AT1
F-3685,all,11,9,3865,3924,8,15911,0,0,0,0,0,F,3,Alveolar type 2 cell,31,10,3,3,3_1,SMC
F-3686,all,18,11,5110,5504,9,32679,0,0,0,0,0,F,7,Alveolar fibroblast 1,37,12,3,3,3_1,SMC
F-3688,all,66,41,4121,5183,25,76909,0,0,0,0,0,F,19,CD4+ T cell,59,41,7,7,7_2,PatrolMac
F-3689,all,62,42,4341,4774,20,85289,0,0,0,0,0,F,11,CD4+ T cell,57,42,7,7,7_4,PatrolMac
F-3693,all,26,15,4097,3924,18,35055,0,0,0,0,0,F,9,Sox9+/Id2+ epithelial cell,40,16,2,2,2_2,InflamMac
F-3694,all,64,29,4140,5231,35,65773,0,0,0,0,0,F,25,Capillary 1 cell,53,30,3,3,3_1,SMC
F-3695,all,21,10,4841,4759,7,11794,0,0,0,0,0,F,7,Alveolar type 1 cell,40,10,6,6,6,AT1
F-3700,all,45,17,4197,4215,39,19691,0,0,0,0,0,F,20,Sox9+/Id2+ epithelial cell,46,17,1,1,1_1,AT2
F-3701,all,86,31,3996,4502,17,56113,0,0,0,0,0,F,52,Alveolar type 2 cell,56,30,1,1,1_3,AT2
F-3702,all,8,6,3890,4741,39,14544,0,0,0,0,0,F,2,Alveolar fibroblast 1,21,8,2,2,2_3,Vein
F-3703,all,39,16,3812,4792,30,56385,0,0,0,0,0,F,21,Alveolar fibroblast 1,43,17,3,3,3_1,SMC
F-3707,all,9,9,4503,5631,37,36450,0,0,0,0,0,F,2,Neutrophil,23,10,3,3,3_4,AdventitialFib
F-3711,all,72,34,4557,4274,33,52232,0,0,0,0,0,F,8,Alveolar type 1 cell,55,35,2,2,2_2,InflamMac
F-3716,all,30,22,4654,5663,29,50992,0,0,0,0,0,F,11,Inflammatory monocyte,36,22,3,3,3_6,SCMF
F-3717,all,30,21,4329,3859,36,30407,0,0,0,0,0,F,4,Pericyte,39,21,3,3,3_4,AdventitialFib
F-3718,all,52,36,4761,4028,24,66748,0,0,0,0,0,F,11,Capillary 1 cell,54,38,2,2,2_5,DC
F-3720,all,34,20,4240,4817,10,84990,0,0,0,0,0,F,9,Pericyte,45,20,5,5,5_1,Pericyte
F-3722,all,11,10,4190,5385,14,26761,0,0,0,0,0,F,3,Capillary 1 cell,33,10,2,2,2_1,Capillary
F-3723,all,31,17,4477,5410,33,27159,0,0,0,0,0,F,5,Alveolar type 1 cell,42,17,6,6,6,AT1
F-3724,all,48,22,4596,5620,35,44773,0,0,0,0,0,F,25,Alveolar type 2 cell,48,22,1,1,1_1,AT2
F-3725,all,130,50,4518,5423,21,130745,53,53,0,1,0,F,37,Inflammatory monocyte,47,27,6,6,6,AT1
F-3731,all,10,8,5148,5488,34,15813,0,0,0,0,0,F,5,Secretory cell,29,8,5,5,5_1,Pericyte
F-3734,all,13,7,4908,5352,12,19816,0,0,0,0,0,F,10,Alveolar fibroblast 1,36,7,3,3,3_4,AdventitialFib
F-3735,all,51,22,5160,5449,26,66230,0,0,0,0,0,F,13,Alveolar fibroblast 1,50,23,2,2,2_4,Artery
F-3738,all,23,17,4920,5118,34,30892,0,0,0,0,0,F,5,Alveolar fibroblast 1,43,17,2,2,2_3,Vein
F-3740,all,20,13,5051,5429,35,42895,0,0,0,0,0,F,2,Capillary 1 cell,39,14,1,1,1_6_2,Neutrophil
F-3741,all,51,32,4203,4052,19,87159,0,0,0,0,0,F,9,Venous endothelial cell,51,32,9,9,9,Bcell
F-3742,all,24,16,4039,5157,23,30857,0,0,0,0,0,F,3,CD8+ T cell,45,16,7,7,7_2,PatrolMac
F-3743,all,37,24,4046,4805,29,55048,0,0,0,0,0,F,5,Capillary 2 cell,42,25,2,2,2_1,Capillary
F-3744,all,18,11,5130,5673,37,51594,0,0,0,0,0,F,3,Neutrophil,34,11,1,1,1_6_2,Neutrophil
F-3745,all,65,15,4666,5322,29,55225,0,0,0,0,0,F,41,Capillary 1 cell,53,15,1,1,1_1,AT2
F-3746,all,14,7,4817,4702,4,8644,0,0,0,0,0,F,2,Alveolar type 1 cell,33,7,6,6,6,AT1
F-3747,all,51,34,4009,4964,16,85489,0,0,0,0,0,F,6,Neutrophil,51,34,1,1,1_5_4,pDC
F-3750,all,201,48,3922,3939,22,93700,153,102,0,1,0,F,95,Alveolar type 2 cell,52,21,1,1,1_3,AT2
F-3751,all,30,19,4688,4811,16,64883,0,0,0,0,0,F,15,B cell,39,19,1,1,1_5_2,AlveolarFib
F-3753,all,14,11,3990,4773,40,40564,0,0,0,0,0,F,3,Neutrophil,32,12,1,1,1_5_1,LymphaticEndo
F-3754,all,9,6,5566,5641,40,18000,0,0,0,0,0,F,2,Capillary 1 cell,25,7,2,2,2_3,Vein
F-3755,all,216,44,3870,5337,24,127445,53,53,0,1,0,F,145,Alveolar type 2 cell,48,15,1,1,1_1,AT2
F-3759,all,45,29,4543,4888,33,68484,0,0,0,0,0,F,8,Inflammatory monocyte,48,30,3,3,3_5,SMC
F-3762,all,76,43,4660,3995,27,74260,0,0,0,0,0,F,18,Inflammatory monocyte,59,43,2,2,2_6,pDC
F-3763,all,19,7,4929,5331,12,26091,0,0,0,0,0,F,12,Sox9+/Id2+ epithelial cell,42,7,1,1,1_1,AT2
F-3764,all,36,29,4361,5364,22,95642,0,0,0,0,0,F,4,Capillary 1 cell,39,29,2,2,2_3,Vein
F-3766,all,48,29,4840,4727,23,57459,0,0,0,0,0,F,13,Sox9+/Id2+ epithelial cell,51,30,3,3,3_1,SMC
F-3768,all,51,33,4009,5159,20,44687,0,0,0,0,0,F,5,Capillary 1 cell,52,34,2,2,2_5,DC
F-3771,all,92,29,3971,5571,27,56507,0,0,0,0,0,F,65,Alveolar type 2 cell,58,28,1,1,1_1,AT2
F-3774,all,28,13,4066,3992,38,17553,0,0,0,0,0,F,12,Alveolar macrophage,43,13,1,1,1_1,AT2
F-3780,all,12,9,3907,4702,40,26268,0,0,0,0,0,F,2,Capillary 1 cell,41,10,2,2,2_1,Capillary
F-3781,all,11,3,3859,5409,27,18727,0,0,0,0,0,F,8,Proliferative mesenchymal progenitor cell,30,4,3,3,3_1,SMC
F-3783,all,40,27,4023,5198,25,40583,0,0,0,0,0,F,10,Arterial endothelial cell,42,27,8,8,8_2,InterstitialMac
F-3787,all,28,18,3904,4528,28,54433,0,0,0,0,0,F,4,Capillary 1 cell,41,18,2,2,2_3,Vein
F-3790,all,86,20,4985,5372,29,70772,0,0,0,0,0,F,62,Alveolar type 2 cell,53,20,1,1,1_3,AT2
F-3792,all,23,18,3829,5352,37,32268,0,0,0,0,0,F,7,Natural killer cell,44,20,2,2,2_5,DC
F-3798,all,20,8,4113,4838,13,20926,0,0,0,0,0,F,15,B cell,40,8,1,1,1_1,AT2
F-3803,all,13,12,4496,4891,38,24408,0,0,0,0,0,F,2,Venous endothelial cell,32,13,3,3,3_5,SMC
F-3807,all,33,22,4343,4808,35,48603,0,0,0,0,0,F,6,Endothelial progenitor cell,42,22,3,3,3_4,AdventitialFib
F-3808,all,67,28,4058,5130,31,55973,0,0,0,0,0,F,7,Alveolar fibroblast 1,55,28,6,6,6,AT1
F-3810,all,41,20,4429,5581,13,60290,0,0,0,0,0,F,4,Natural killer cell,42,20,7,7,7_2,PatrolMac
F-3811,all,21,6,4626,5282,18,27362,0,0,0,0,0,F,17,Alveolar type 2 cell,41,6,1,1,1_3,AT2
F-3815,all,53,36,4820,5019,33,90321,0,0,0,0,0,F,4,CD8+ T cell,55,36,2,2,2_1,Capillary
F-3816,all,21,14,4109,4686,38,37982,0,0,0,0,0,F,6,Sox9+/Id2+ epithelial cell,41,14,2,2,2_1,Capillary
F-3817,all,69,23,5081,5046,8,37705,0,0,0,0,0,F,45,Alveolar type 2 cell,54,23,1,1,1_1,AT2
F-3822,all,42,24,3795,4989,16,63178,0,0,0,0,0,F,14,B cell,43,24,9,9,9,Bcell
F-3823,all,31,18,5411,4930,25,32650,0,0,0,0,0,F,9,Interstitial macrophage,39,18,8,8,8_3,InterstitialMac
F-3825,all,15,9,4831,5348,35,50553,0,0,0,0,0,F,2,Capillary 1 cell,34,9,2,2,2_3,Vein
F-3827,all,23,18,4034,4764,38,25468,0,0,0,0,0,F,2,Capillary 1 cell,43,17,2,2,2_1,Capillary
F-3833,all,32,21,4015,4476,35,50711,52,0,52,0,1,F,4,Alveolar type 1 cell,39,21,6,6,6,AT1
F-3834,all,26,13,3670,5006,30,25812,0,0,0,0,0,F,14,Alveolar fibroblast 1,40,14,3,3,3_1,SMC
F-3838,all,6,5,4450,5510,4,6076,0,0,0,0,0,F,3,Arterial endothelial cell,22,8,2,2,2_4,Artery
F-3840,all,55,28,4361,4310,10,45872,0,0,0,0,0,F,13,B cell,53,28,9,9,9,Bcell
F-3844,all,38,23,4508,5464,27,65345,0,0,0,0,0,F,6,Capillary 1 cell,42,23,2,2,2_3,Vein
F-3847,all,85,22,3972,5542,29,44936,0,0,0,0,0,F,65,Sox9+/Id2+ epithelial cell,56,22,1,1,1_1,AT2
F-3855,all,31,22,4043,5538,13,47430,0,0,0,0,0,F,4,Neutrophil,40,23,1,1,1_4_1,AlveolarFib
F-3860,all,17,4,3863,5437,23,13339,0,0,0,0,0,F,15,Secondary crest myofibroblast,34,5,3,3,3_1,SMC
F-3865,all,64,36,4702,4045,20,52344,0,0,0,0,0,F,24,B cell,58,36,9,9,9,Bcell
F-3873,all,137,56,5202,6774,22,30608,0,0,0,0,0,F,80,Venous endothelial cell,67,56,4,4,4_2,CiliatedEpi
F-3874,all,34,23,4075,6782,38,30952,0,0,0,0,0,F,4,Alveolar fibroblast 1,44,23,3,3,3_4,AdventitialFib
F-3875,all,20,11,5382,6596,25,42421,0,0,0,0,0,F,12,Alveolar macrophage,41,12,3,3,3_2,SMC
F-3876,all,296,76,4720,6876,22,79204,0,0,0,0,0,F,164,Capillary 1 cell,45,33,4,4,4_2,CiliatedEpi
F-3877,all,16,7,5504,6593,32,47322,0,0,0,0,0,F,4,CD4+ T cell,38,7,1,1,1_5_2,AlveolarFib
F-3879,all,109,37,5076,5712,25,103772,0,0,0,0,0,F,21,Alveolar type 1 cell,54,30,6,6,6,AT1
F-3880,all,38,20,4325,6741,13,61051,0,0,0,0,0,F,22,Secondary crest myofibroblast,42,21,3,3,3_2,SMC
F-3882,all,107,49,4316,5724,35,44828,0,0,0,0,0,F,9,Alveolar fibroblast 1,63,41,1,1,1_4_1,AlveolarFib
F-3883,all,158,55,5212,6804,24,36501,0,0,0,0,0,F,96,Ciliated cell,67,48,4,4,4_1_1,CiliatedEpi
F-3884,all,114,51,5104,6558,31,93940,0,0,0,0,0,F,17,Secondary crest myofibroblast,47,28,3,3,3_4,AdventitialFib
F-3888,all,137,49,4749,6530,19,57514,0,0,0,0,0,F,17,Proliferative mesenchymal progenitor cell,44,20,3,3,3_3,AdventitialFib
F-3890,all,127,55,4457,6486,20,73342,0,0,0,0,0,F,13,Classical DC subset 2,44,29,1,1,1_4_1,AlveolarFib
F-3891,all,247,89,5167,6813,21,63090,0,0,0,0,0,F,90,Venous endothelial cell,53,38,4,4,4_1_1,ClubEpi
F-3893,all,182,68,4240,6913,25,51565,0,0,0,0,0,F,91,Capillary 1 cell,37,24,4,4,4_1_2,CiliatedEpi
F-3894,all,244,97,3965,6992,30,66150,0,0,0,0,0,F,95,Alveolar fibroblast 1,47,26,4,4,4_1_1,ClubEpi
F-3895,all,56,35,4953,6656,32,85257,0,0,0,0,0,F,13,Secondary crest myofibroblast,55,36,3,3,3_2,SMC
F-3896,all,40,22,4140,6059,14,24293,0,0,0,0,0,F,15,Inflammatory monocyte,42,22,7,7,7_4,PatrolMac
F-3897,all,203,71,3809,6879,21,89154,0,0,0,0,0,F,115,Ciliated cell,50,25,4,4,4_2,ClubEpi
F-3898,all,124,47,5458,6660,9,35280,0,0,0,0,0,F,71,Arterial endothelial cell,59,47,4,4,4_2,CiliatedEpi
F-3899,all,251,71,5391,6711,23,95325,0,0,0,0,0,F,153,Venous endothelial cell,41,30,4,4,4_2,CiliatedEpi
F-3900,all,74,40,4602,5831,26,56315,0,0,0,0,0,F,10,Alveolar fibroblast 1,58,41,1,1,1_4_1,AlveolarFib
F-3901,all,100,39,5586,6001,24,69631,0,0,0,0,0,F,8,Inflammatory monocyte,60,37,1,1,1_4_1,AlveolarFib
F-3902,all,271,84,5303,6790,26,78791,0,0,0,0,0,F,129,Arterial endothelial cell,45,22,4,4,4_1_2,ClubEpi
F-3904,all,113,47,4392,6092,38,82084,0,0,0,0,0,F,8,Alveolar fibroblast 1,45,28,1,1,1_2_1,Tcell (CD4)
F-3905,all,258,76,5092,6779,19,70686,0,0,0,0,0,F,164,Secretory cell,48,17,4,4,4_2,ClubEpi
F-3906,all,45,19,4358,6796,26,48891,0,0,0,0,0,F,20,Secondary crest myofibroblast,46,20,3,3,3_2,SMC
F-3907,all,307,80,4447,6905,20,74344,0,0,0,0,0,F,188,Capillary 1 cell,46,35,4,4,4_2,CiliatedEpi
F-3909,all,45,20,5430,6572,27,60173,0,0,0,0,0,F,12,Secondary crest myofibroblast,46,21,3,3,3_2,SMC
F-3910,all,321,77,4573,6911,28,83253,0,0,0,0,0,F,182,Capillary 1 cell,48,17,4,4,4_2,ClubEpi
F-3911,all,251,95,5577,6782,25,112849,0,0,0,0,0,F,46,Arterial endothelial cell,45,31,7,7,7_3,Tcell (CD8)
F-3912,all,154,79,5166,6874,39,47699,0,0,0,0,0,F,44,CD8+ T cell,38,25,4,4,4_1_1,ClubEpi
F-3915,all,130,51,4642,6906,28,66941,0,0,0,0,0,F,44,Capillary 1 cell,65,47,4,4,4_1_2,CiliatedEpi
F-3917,all,210,98,5119,6865,35,56150,0,0,0,0,0,F,63,Secretory cell,50,40,4,4,4_1_1,ClubEpi
F-3918,all,74,29,4272,6761,32,55885,0,0,0,0,0,F,2,Alveolar macrophage,57,30,3,3,3_2,SMC
F-3919,all,270,100,4174,7014,34,61982,0,0,0,0,0,F,82,Ciliated cell,49,38,4,4,4_1_1,CiliatedEpi
F-3920,all,85,44,4083,6130,24,59607,0,0,0,0,0,F,5,Alveolar fibroblast 1,60,45,1,1,1_4_1,AlveolarFib
F-3922,all,68,33,4336,6064,12,59552,0,0,0,0,0,F,14,Alveolar type 1 cell,53,34,1,1,1_4_1,AlveolarFib
F-3925,all,62,28,5517,5978,19,62778,0,0,0,0,0,F,4,CD4+ T cell,56,30,2,2,2_5,DC
F-3926,all,147,61,5165,6742,19,82753,0,0,0,0,0,F,62,Ciliated cell,43,22,4,4,4_1_2,ClubEpi
F-3927,all,101,30,5035,5738,22,69042,0,0,0,0,0,F,50,Alveolar type 1 cell,58,27,1,1,1_4_1,AlveolarFib
F-3929,all,114,51,4547,5921,23,115704,0,0,0,0,0,F,18,Alveolar macrophage,42,28,1,1,1_4_1,AlveolarFib
F-3930,all,67,35,4124,6794,24,73353,0,0,0,0,0,F,17,Secondary crest myofibroblast,56,36,3,3,3_2,SMC
F-3931,all,26,15,4920,6515,15,22619,0,0,0,0,0,F,3,Proliferative mesenchymal progenitor cell,46,15,3,3,3_3,AdventitialFib
F-3932,all,36,19,4019,6034,25,25473,0,0,0,0,0,F,3,CD4+ T cell,42,19,1,1,1_2_1,Tcell (CD4)
F-3933,all,242,79,5371,6058,23,130066,0,0,0,0,0,F,15,Alveolar type 1 cell,47,32,1,1,1_4_1,AlveolarFib
F-3934,all,157,52,4534,6461,29,79508,0,0,0,0,0,F,17,Secondary crest myofibroblast,52,27,3,3,3_3,AdventitialFib
F-3936,all,35,26,4036,6792,39,24816,0,0,0,0,0,F,4,Secondary crest myofibroblast,40,26,3,3,3_2,SMC
F-3938,all,67,29,4510,6742,23,108498,0,0,0,0,0,F,21,CD4+ T cell,57,30,3,3,3_2,SMC
F-3944,all,57,32,3902,6264,7,43821,923,0,923,0,1,F,6,Alveolar macrophage,54,32,3,3,3_3,AdventitialFib
F-3945,all,180,79,4673,6948,34,48628,0,0,0,0,0,F,81,Endothelial progenitor cell,39,34,4,4,4_1_2,CiliatedEpi
F-3948,all,90,41,4226,6089,32,45524,0,0,0,0,0,F,7,CD8+ T cell,62,41,2,2,2_2,InflamMac
F-3950,all,151,55,4732,6055,34,84444,0,0,0,0,0,F,22,Inflammatory monocyte,49,32,1,1,1_4_1,AlveolarFib
F-3951,all,150,42,5027,6723,22,80062,0,0,0,0,0,F,84,B cell,62,42,4,4,4_2,CiliatedEpi
F-3953,all,28,14,5531,6557,30,68454,0,0,0,0,0,F,10,Secondary crest myofibroblast,40,15,3,3,3_5,SMC
F-3954,all,15,5,5069,6615,20,23867,0,0,0,0,0,F,5,Sox9+/Id2+ epithelial cell,36,6,3,3,3_2,SMC
F-3955,all,85,41,5067,6138,25,47007,0,0,0,0,0,F,13,Capillary 2 cell,60,42,2,2,2_2,InflamMac
F-3956,all,121,50,5295,5781,18,65298,0,0,0,0,0,F,25,Inflammatory monocyte,46,29,3,3,3_5,SMC
F-3957,all,80,39,4929,5804,18,82255,0,0,0,0,0,F,18,Alveolar fibroblast 1,60,40,3,3,3_1,SMC
F-3958,all,141,53,4389,6910,28,60789,0,0,0,0,0,F,56,Capillary 1 cell,45,20,4,4,4_1_2,ClubEpi
F-3959,all,98,31,4672,6763,23,45799,0,0,0,0,0,F,64,Alveolar type 2 cell,62,29,4,4,4_2,ClubEpi
F-3960,all,111,48,4902,5773,26,102146,0,0,0,0,0,F,11,CD4+ T cell,53,36,7,7,7_3,Tcell (CD8)
F-3962,all,82,41,4675,6562,23,63412,0,0,0,0,0,F,8,Alveolar macrophage,57,42,3,3,3_1,SMC
F-3964,all,335,93,4527,6913,27,79035,0,0,0,0,0,F,184,Natural killer cell,48,38,4,4,4_2,CiliatedEpi
F-3965,all,74,31,5479,5693,20,49699,0,0,0,0,0,F,7,CD4+ T cell,52,31,1,1,1_2_1,Tcell (CD4)
F-3967,all,164,82,5414,6769,26,69946,0,0,0,0,0,F,50,Arterial endothelial cell,39,34,4,4,4_1_1,CiliatedEpi
F-3968,all,214,76,5378,6811,26,65148,0,0,0,0,0,F,68,Arterial endothelial cell,48,35,4,4,4_1_1,CiliatedEpi
F-3972,all,19,14,3990,6813,21,50007,0,0,0,0,0,F,5,CD4+ T cell,38,15,3,3,3_2,SMC
F-3978,all,230,64,4947,6727,18,64597,0,0,0,0,0,F,134,CD4+ T cell,53,39,4,4,4_2,CiliatedEpi
F-3982,all,128,32,4351,6889,20,26546,0,0,0,0,0,F,88,Endothelial progenitor cell,57,32,4,4,4_2,CiliatedEpi
F-3983,all,17,11,4518,6799,14,15945,0,0,0,0,0,F,9,Ciliated cell,31,10,4,4,4_1_2,CiliatedEpi
F-3984,all,48,27,4726,6114,39,24264,0,0,0,0,0,F,10,Mesothelial cell,50,28,1,1,1_4_3,AlveolarFib
F-3985,all,65,30,5028,5874,27,99644,0,0,0,0,0,F,6,CD4+ T cell,59,30,1,1,1_2_3,Tcell (CD4)
F-3988,all,18,10,4431,6441,10,21947,0,0,0,0,0,F,5,Inflammatory monocyte,35,10,8,8,8_1,AlveolarMac
F-3989,all,343,94,4680,6885,26,92451,0,0,0,0,0,F,197,Ciliated cell,53,43,4,4,4_2,CiliatedEpi
F-3991,all,307,114,5076,6905,30,81880,0,0,0,0,0,F,85,Arterial endothelial cell,43,37,4,4,4_1_1,CiliatedEpi
F-3992,all,113,43,5560,5940,35,59974,0,0,0,0,0,F,11,Alveolar fibroblast 1,49,29,1,1,1_4_1,AlveolarFib
F-3994,all,136,89,5493,6807,38,33332,0,0,0,0,0,F,31,Venous endothelial cell,33,29,4,4,4_1_1,CiliatedEpi
F-3998,all,43,23,5360,6536,35,23429,0,0,0,0,0,F,6,Mesothelial cell,44,24,3,3,3_2,SMC
F-3999,all,98,40,5607,5945,22,69915,0,0,0,0,0,F,9,CD4+ T cell,61,37,7,7,7_4,PatrolMac
F-4000,all,286,74,4582,6865,20,79572,0,0,0,0,0,F,161,Ciliated cell,49,35,4,4,4_2,CiliatedEpi
F-4001,all,154,67,4055,6896,15,70655,0,0,0,0,0,F,74,Ciliated cell,40,16,4,4,4_2,ClubEpi
F-4002,all,51,28,5343,6557,30,23601,0,0,0,0,0,F,6,Alveolar fibroblast 1,51,28,3,3,3_3,AdventitialFib
F-4003,all,115,44,4372,5770,14,79790,0,0,0,0,0,F,6,Inflammatory monocyte,47,27,2,2,2_2,InflamMac
F-4004,all,50,19,4643,5700,26,40771,0,0,0,0,0,F,7,CD4+ T cell,50,19,1,1,1_2_1,Tcell (CD4)
F-4005,all,120,70,5272,6880,38,29958,0,0,0,0,0,F,16,B cell,40,33,1,1,1_5_2,AlveolarFib
F-4006,all,341,117,5330,6837,32,87347,0,0,0,0,0,F,144,Arterial endothelial cell,46,32,4,4,4_1_1,ClubEpi
F-4007,all,27,17,5195,6629,27,49334,0,0,0,0,0,F,10,Secondary crest myofibroblast,42,17,3,3,3_6,SCMF
F-4008,all,145,57,5099,6123,26,82915,0,0,0,0,0,F,16,CD8+ T cell,54,37,3,3,3_4,AdventitialFib
F-4009,all,33,17,5090,5796,38,26589,0,0,0,0,0,F,3,CD8+ T cell,44,18,2,2,2_2,InflamMac
F-4010,all,36,24,5473,6554,30,63637,0,0,0,0,0,F,9,CD4+ T cell,40,24,3,3,3_2,SMC
F-4011,all,30,12,5319,6548,40,12094,0,0,0,0,0,F,9,Proliferative mesenchymal progenitor cell,40,12,3,3,3_3,AdventitialFib
F-4012,all,19,12,5564,6529,27,41090,0,0,0,0,0,F,3,Alveolar fibroblast 1,39,13,3,3,3_2,SMC
F-4014,all,81,32,4826,5885,35,57854,0,0,0,0,0,F,11,Alveolar type 1 cell,51,32,3,3,3_3,AdventitialFib
F-4016,all,276,98,5464,6765,31,76276,0,0,0,0,0,F,141,Arterial endothelial cell,49,41,4,4,4_1_1,CiliatedEpi
F-4018,all,67,31,4392,6762,35,51939,0,0,0,0,0,F,19,Secondary crest myofibroblast,58,32,3,3,3_2,SMC
F-4021,all,104,44,4105,6100,13,53979,0,0,0,0,0,F,17,Alveolar macrophage,55,32,1,1,1_4_1,AlveolarFib
F-4023,all,78,32,3835,6168,27,47658,9122,2531,6591,0.2774611,0.7225389,F,5,Inflammatory monocyte,57,33,3,3,3_5,SMC
F-4024,all,135,49,3987,6065,22,68054,0,0,0,0,0,F,6,Inflammatory monocyte,49,28,2,2,2_2,InflamMac
F-4026,all,176,50,4355,6927,30,44399,0,0,0,0,0,F,111,Endothelial progenitor cell,60,40,4,4,4_1_1,CiliatedEpi
F-4028,all,81,31,4054,6114,15,43724,0,0,0,0,0,F,6,Alveolar type 1 cell,55,31,6,6,6,AT1
F-4029,all,75,27,4947,6502,12,33313,0,0,0,0,0,F,14,Alveolar fibroblast 2,54,27,3,3,3_3,AdventitialFib
F-4030,all,144,76,4328,7026,39,30809,0,0,0,0,0,F,41,Endothelial progenitor cell,43,35,4,4,4_1_1,CiliatedEpi
F-4032,all,37,25,4467,5826,16,44859,0,0,0,0,0,F,8,Inflammatory monocyte,40,25,7,7,7_3,Tcell (CD8)
F-4035,all,211,84,5030,6863,29,70154,0,0,0,0,0,F,87,Venous endothelial cell,52,34,4,4,4_1_2,ClubEpi
F-4036,all,65,32,4247,6052,31,35201,0,0,0,0,0,F,17,CD4+ T cell,57,33,3,3,3_2,SMC
F-4039,all,243,75,5505,6106,25,118059,0,0,0,0,0,F,21,Alveolar macrophage,51,38,1,1,1_2_3,Tcell (CD4)
F-4045,all,186,73,4780,6920,22,73570,0,0,0,0,0,F,100,Classical DC subset 1,43,33,4,4,4_1_2,CiliatedEpi
F-4048,all,195,49,4545,6843,15,88819,0,0,0,0,0,F,116,Capillary 1 cell,66,48,4,4,4_2,CiliatedEpi
F-4051,all,81,26,3885,6872,23,30777,0,0,0,0,0,F,47,Capillary 1 cell,44,25,4,4,4_2,CiliatedEpi
F-4052,all,17,5,4217,6785,31,26845,0,0,0,0,0,F,13,Secondary crest myofibroblast,36,6,3,3,3_2,SMC
F-4053,all,238,65,4310,6905,22,68788,0,0,0,0,0,F,139,Secretory cell,52,21,4,4,4_2,ClubEpi
F-4054,all,302,82,4120,6943,25,73468,0,0,0,0,0,F,173,Ciliated cell,53,40,4,4,4_1_1,CiliatedEpi
F-4056,all,411,127,3904,7006,29,95560,0,0,0,0,0,F,171,Ciliated cell,46,43,4,4,4_1_2,CiliatedEpi
F-4057,all,133,45,4887,6817,20,54962,0,0,0,0,0,F,84,Arterial endothelial cell,59,45,4,4,4_2,CiliatedEpi
F-4058,all,446,115,3963,6949,26,117828,0,0,0,0,0,F,269,Alveolar fibroblast 1,43,31,4,4,4_1_1,CiliatedEpi
F-4059,all,20,15,4193,6751,21,49713,0,0,0,0,0,F,4,CD4+ T cell,40,16,3,3,3_2,SMC
F-4060,all,197,69,4241,6944,31,61300,0,0,0,0,0,F,69,Endothelial progenitor cell,47,34,4,4,4_1_2,CiliatedEpi
F-4061,all,218,56,4308,6864,20,34555,0,0,0,0,0,F,149,Endothelial progenitor cell,51,14,4,4,4_2,ClubEpi
F-4062,all,159,52,4794,6042,28,66870,0,0,0,0,0,F,3,Alveolar fibroblast 1,49,28,1,1,1_4_1,AlveolarFib
F-4063,all,52,32,4126,5983,23,37212,0,0,0,0,0,F,8,Inflammatory monocyte,52,32,1,1,1_2_1,Tcell (CD4)
F-4065,all,79,36,4161,6010,29,46412,0,0,0,0,0,F,2,CD4+ T cell,55,36,1,1,1_5_2,AlveolarFib
F-4070,all,127,55,4627,5802,31,74808,0,0,0,0,0,F,20,CD4+ T cell,43,25,1,1,1_2_1,Tcell (CD4)
F-4073,all,71,31,4285,5675,12,67257,0,0,0,0,0,F,13,Alveolar fibroblast 1,57,31,1,1,1_5_1,LymphaticEndo
F-4074,all,15,9,4643,5917,16,19843,0,0,0,0,0,F,5,CD8+ T cell,37,10,2,2,2_2,InflamMac
F-4075,all,13,9,3960,6736,9,18006,0,0,0,0,0,F,3,CD4+ T cell,29,10,3,3,3_2,SMC
F-4077,all,101,48,4059,6056,29,87118,0,0,0,0,0,F,16,B cell,63,44,9,9,9,Bcell
F-4078,all,160,61,5048,6764,23,103015,0,0,0,0,0,F,60,B cell,50,29,4,4,4_1_2,ClubEpi
F-4079,all,74,31,5295,6711,10,19956,0,0,0,0,0,F,46,Alveolar fibroblast 1,39,31,4,4,4_2,CiliatedEpi
F-4081,all,46,19,4756,6769,16,21045,0,0,0,0,0,F,28,Ciliated cell,41,19,4,4,4_2,CiliatedEpi
F-4083,all,48,24,5429,5702,32,50398,0,0,0,0,0,F,5,CD4+ T cell,48,24,1,1,1_2_1,Tcell (CD4)
F-4085,all,226,85,3869,7038,34,66030,0,0,0,0,0,F,29,Endothelial progenitor cell,51,34,4,4,4_1_1,ClubEpi
F-4086,all,291,81,5441,6709,19,93780,0,0,0,0,0,F,171,Venous endothelial cell,52,23,4,4,4_2,ClubEpi
F-4087,all,182,47,4997,6744,13,45335,0,0,0,0,0,F,140,B cell,59,47,4,4,4_2,CiliatedEpi
F-4088,all,121,31,4288,6834,13,33397,0,0,0,0,0,F,87,Mesothelial cell,51,12,4,4,4_2,ClubEpi
F-4089,all,347,90,4788,6832,18,86529,0,0,0,0,0,F,197,Ciliated cell,53,43,4,4,4_2,CiliatedEpi
F-4090,all,191,66,5584,6652,23,91680,0,0,0,0,0,F,110,Ciliated cell,64,53,4,4,4_2,CiliatedEpi
F-4091,all,121,52,4142,5773,32,89943,0,0,0,0,0,F,6,CD4+ T cell,42,22,2,2,2_2,InflamMac
F-4092,all,68,42,5231,6875,37,24515,0,0,0,0,0,F,13,Innate lymphoid cell,61,42,1,1,1_2_1,Tcell (CD4)
F-4094,all,57,30,5603,6119,34,39466,0,0,0,0,0,F,7,CD4+ T cell,55,30,1,1,1_2_1,Tcell (CD4)
F-4095,all,309,95,5079,6831,30,67123,0,0,0,0,0,F,139,Arterial endothelial cell,48,33,4,4,4_1_1,CiliatedEpi
F-4096,all,108,35,5504,6668,10,28908,0,0,0,0,0,F,79,Arterial endothelial cell,49,35,4,4,4_2,CiliatedEpi
F-4097,all,19,9,3932,6130,13,11995,0,0,0,0,0,F,5,Proliferative mesenchymal progenitor cell,37,10,1,1,1_5_1,LymphaticEndo
F-4098,all,196,65,5488,6026,29,100629,0,0,0,0,0,F,17,Arterial endothelial cell,54,37,1,1,1_4_1,AlveolarFib
F-4099,all,220,87,4081,6967,32,50289,0,0,0,0,0,F,87,Ciliated cell,53,35,4,4,4_1_2,ClubEpi
F-4100,all,159,59,4805,6565,32,86453,0,0,0,0,0,F,21,Pericyte,52,32,3,3,3_3,AdventitialFib
F-4101,all,209,82,5411,6817,29,59267,0,0,0,0,0,F,76,B cell,50,43,4,4,4_1_2,CiliatedEpi
F-4102,all,27,18,4950,5678,26,33141,0,0,0,0,0,F,4,Alveolar macrophage,38,18,1,1,1_2_1,Tcell (CD4)
F-4104,all,57,32,5580,6574,28,82483,0,0,0,0,0,F,20,Vascular smooth muscle cell,58,33,3,3,3_2,SMC
F-4105,all,108,39,4729,6562,24,39799,0,0,0,0,0,F,21,Inflammatory monocyte,49,22,2,2,2_2,InflamMac
F-4106,all,91,45,4825,6062,25,36886,0,0,0,0,0,F,7,Alveolar type 1 cell,61,44,6,6,6,AT1
F-4108,all,259,73,3864,6965,24,51067,0,0,0,0,0,F,155,Ciliated cell,48,32,4,4,4_1_1,CiliatedEpi
F-4109,all,27,18,5251,6051,23,22189,0,0,0,0,0,F,2,Alveolar fibroblast 1,36,19,1,1,1_4_1,AlveolarFib
F-4110,all,31,18,5001,5747,31,37710,0,0,0,0,0,F,7,CD4+ T cell,40,18,1,1,1_2_1,Tcell (CD4)
F-4111,all,28,16,5249,6581,29,28830,0,0,0,0,0,F,9,Secondary crest myofibroblast,38,17,3,3,3_2,SMC
F-4113,all,158,64,4266,6999,35,44050,0,0,0,0,0,F,51,Endothelial progenitor cell,38,26,4,4,4_1_2,CiliatedEpi
F-4114,all,125,47,4647,5993,37,74538,0,0,0,0,0,F,5,Alveolar type 1 cell,44,22,1,1,1_4_1,AlveolarFib
F-4116,all,252,83,5128,6808,25,97667,0,0,0,0,0,F,101,Arterial endothelial cell,52,42,4,4,4_1_2,CiliatedEpi
F-4118,all,88,35,4779,5982,15,43774,0,0,0,0,0,F,32,CD4+ T cell,58,35,1,1,1_4_1,AlveolarFib
F-4122,all,410,103,5034,6808,19,99012,0,0,0,0,0,F,188,Ciliated cell,44,29,4,4,4_2,CiliatedEpi
F-4123,all,221,64,3993,6888,20,59603,0,0,0,0,0,F,148,Ciliated cell,65,52,4,4,4_2,CiliatedEpi
F-4124,all,114,45,5541,5777,35,86248,0,0,0,0,0,F,8,Alveolar type 1 cell,43,22,1,1,1_2_1,Tcell (CD4)
F-4125,all,246,95,4023,7011,37,54389,0,0,0,0,0,F,64,Ciliated cell,49,42,4,4,4_1_1,CiliatedEpi
F-4126,all,16,13,5402,6626,28,45904,0,0,0,0,0,F,4,Alveolar macrophage,34,14,3,3,3_2,SMC
F-4127,all,141,35,3959,6898,18,30422,0,0,0,0,0,F,106,Venous endothelial cell,56,35,4,4,4_2,CiliatedEpi
F-4128,all,26,13,4138,6759,9,38001,0,0,0,0,0,F,9,CD4+ T cell,40,14,3,3,3_2,SMC
F-4129,all,99,52,4904,6962,31,49979,0,0,0,0,0,F,22,Inflammatory monocyte,64,49,1,1,1_2_1,Tcell (CD4)
F-4130,all,169,61,4479,5776,16,110319,0,0,0,0,0,F,11,Pericyte,52,39,3,3,3_2,SMC
F-4131,all,92,45,4122,6026,25,65691,0,0,0,0,0,F,6,Inflammatory monocyte,64,45,7,7,7_2,PatrolMac
F-4134,all,188,60,5265,6771,22,69373,0,0,0,0,0,F,75,Arterial endothelial cell,50,30,4,4,4_1_2,CiliatedEpi
F-4135,all,86,43,5152,6575,26,65311,0,0,0,0,0,F,8,Inflammatory monocyte,64,43,1,1,1_2_3,Tcell (CD4)
F-4136,all,149,43,5055,6697,15,52081,0,0,0,0,0,F,108,Inflammatory monocyte,48,12,4,4,4_2,ClubEpi
F-4138,all,38,17,3983,6753,15,24428,0,0,0,0,0,F,15,Vascular smooth muscle cell,44,18,3,3,3_2,SMC
F-4139,all,279,94,4195,6977,32,81411,0,0,0,0,0,F,94,Alveolar fibroblast 1,49,38,4,4,4_1_1,CiliatedEpi
F-4140,all,115,39,5288,5828,20,63540,0,0,0,0,0,F,9,Alveolar fibroblast 1,45,20,1,1,1_5_2,AlveolarFib
F-4143,all,101,39,5019,5790,24,89297,0,0,0,0,0,F,20,Inflammatory monocyte,62,36,1,1,1_2_3,Tcell (CD4)
F-4144,all,216,71,4331,6943,29,57248,0,0,0,0,0,F,105,Venous endothelial cell,50,25,4,4,4_2,ClubEpi
F-4146,all,419,92,4757,6853,21,118485,0,0,0,0,0,F,273,Secretory cell,47,13,4,4,4_2,ClubEpi
F-4147,all,82,43,4716,5941,21,48576,0,0,0,0,0,F,19,Inflammatory monocyte,63,43,9,9,9,Bcell
F-4148,all,65,22,4840,6758,12,26089,0,0,0,0,0,F,44,B cell,55,22,4,4,4_2,ClubEpi
F-4150,all,245,62,5205,6727,14,66101,0,0,0,0,0,F,154,CD8+ T cell,51,16,4,4,4_2,ClubEpi
F-4151,all,31,18,5342,6632,27,44148,0,0,0,0,0,F,12,Arterial endothelial cell,38,19,3,3,3_5,SMC
F-4152,all,202,62,4977,6778,23,112191,0,0,0,0,0,F,112,Ciliated cell,39,26,4,4,4_2,CiliatedEpi
F-4155,all,149,46,5321,6751,27,61460,0,0,0,0,0,F,76,Capillary 1 cell,67,47,4,4,4_2,CiliatedEpi
F-4157,all,29,20,5388,6515,40,11432,0,0,0,0,0,F,2,Inflammatory monocyte,40,22,2,2,2_5,DC
F-4160,all,272,92,4622,6947,32,96924,0,0,0,0,0,F,70,Ciliated cell,43,24,4,4,4_1_1,ClubEpi
F-4161,all,68,33,3946,6157,18,52973,0,0,0,0,0,F,11,CD4+ T cell,57,33,7,7,7_2,PatrolMac
F-4162,all,427,126,4034,6937,23,128916,0,0,0,0,0,F,183,Natural killer cell,42,26,4,4,4_1_1,ClubEpi
F-4163,all,133,54,4494,5927,29,76668,0,0,0,0,0,F,10,Alveolar type 1 cell,49,31,6,6,6,AT1
F-4164,all,85,33,4168,6089,20,69495,0,0,0,0,0,F,26,Alveolar macrophage,60,34,1,1,1_4_3,AlveolarFib
F-4165,all,195,94,5433,6852,38,42970,0,0,0,0,0,F,26,CD4+ T cell,48,40,1,1,1_2_1,Tcell (CD4)
F-4166,all,61,32,5094,6235,32,38283,0,0,0,0,0,F,5,Alveolar fibroblast 1,53,32,1,1,1_4_1,AlveolarFib
F-4167,all,101,39,4768,5949,11,51665,0,0,0,0,0,F,10,CD4+ T cell,58,35,1,1,1_4_1,AlveolarFib
F-4168,all,106,48,5211,6032,26,56642,0,0,0,0,0,F,24,Alveolar type 2 cell,56,39,2,2,2_1,Capillary
F-4169,all,209,83,5016,6912,31,103885,0,0,0,0,0,F,67,Ciliated cell,43,33,4,4,4_1_2,CiliatedEpi
F-4172,all,61,21,5379,6673,24,31509,0,0,0,0,0,F,43,Inflammatory monocyte,38,19,4,4,4_2,CiliatedEpi
F-4174,all,50,13,3912,6854,14,11222,0,0,0,0,0,F,42,Capillary 1 cell,26,11,4,4,4_2,CiliatedEpi
F-4176,all,58,25,4939,6543,13,25812,0,0,0,0,0,F,15,Mesothelial cell,56,25,3,3,3_3,AdventitialFib
F-4178,all,57,34,4251,5706,17,42710,0,0,0,0,0,F,3,Proliferative mesenchymal progenitor cell,55,34,1,1,1_2_1,Tcell (CD4)
F-4179,all,91,43,4564,6954,36,33492,0,0,0,0,0,F,18,Ciliated cell,62,43,4,4,4_1_2,CiliatedEpi
F-4180,all,102,39,5132,6221,32,51998,0,0,0,0,0,F,2,Alveolar type 1 cell,53,31,1,1,1_4_1,AlveolarFib
F-4182,all,23,13,5052,6625,24,40271,0,0,0,0,0,F,9,CD4+ T cell,42,14,3,3,3_2,SMC
F-4183,all,102,50,4580,5801,24,74454,0,0,0,0,0,F,8,Alveolar fibroblast 1,60,44,1,1,1_5_2,AlveolarFib
F-4184,all,304,81,4183,6894,20,98407,0,0,0,0,0,F,193,B cell,45,33,4,4,4_2,CiliatedEpi
F-4185,all,128,26,4260,6847,14,35035,0,0,0,0,0,F,92,B cell,53,12,4,4,4_2,ClubEpi
F-4186,all,17,14,5541,6632,10,23769,0,0,0,0,0,F,2,Arterial endothelial cell,41,15,2,2,2_4,Artery
F-4189,all,189,60,4990,6836,21,95967,0,0,0,0,0,F,65,Arterial endothelial cell,55,34,4,4,4_1_2,ClubEpi
F-4190,all,79,34,5601,5688,37,52870,0,0,0,0,0,F,5,Natural killer cell,57,34,7,7,7_3,Tcell (CD8)
F-4191,all,17,14,3885,6788,17,57136,0,0,0,0,0,F,4,Alveolar type 1 cell,34,14,1,1,1_5_2,AlveolarFib
F-4192,all,33,25,3949,7023,38,14272,0,0,0,0,0,F,8,Alveolar fibroblast 1,40,26,2,2,2_4,Artery
F-4194,all,47,13,4498,6816,10,22036,0,0,0,0,0,F,34,Alveolar type 1 cell,47,13,4,4,4_2,ClubEpi
F-4196,all,233,78,4527,5980,32,113839,0,0,0,0,0,F,13,Ciliated cell,54,42,7,7,7_3,Tcell (CD8)
F-4198,all,293,86,4421,6944,30,85436,0,0,0,0,0,F,149,Ciliated cell,46,18,4,4,4_2,ClubEpi
F-4200,all,152,48,4673,6830,23,57689,0,0,0,0,0,F,99,Arterial endothelial cell,61,48,4,4,4_2,CiliatedEpi
F-4202,all,391,112,4299,6976,32,94400,0,0,0,0,0,F,174,Sox9+/Id2+ epithelial cell,42,20,4,4,4_1_2,ClubEpi
F-4203,all,78,30,4678,6469,7,56880,0,0,0,0,0,F,11,CD8+ T cell,57,31,2,2,2_2,InflamMac
F-4204,all,252,85,5268,6828,31,90506,0,0,0,0,0,F,86,Venous endothelial cell,55,43,4,4,4_1_1,CiliatedEpi
F-4205,all,19,12,4697,5914,39,16611,0,0,0,0,0,F,2,Alveolar fibroblast 1,39,13,1,1,1_4_1,AlveolarFib
F-4206,all,63,30,4649,6580,27,51182,0,0,0,0,0,F,7,Mesothelial cell,56,30,3,3,3_3,AdventitialFib
F-4208,all,29,18,4968,5747,32,15157,0,0,0,0,0,F,6,Alveolar fibroblast 1,37,18,1,1,1_5_2,AlveolarFib
F-4211,all,11,9,4237,6810,37,22104,0,0,0,0,0,F,2,Proliferative mesenchymal progenitor cell,30,10,3,3,3_2,SMC
F-4212,all,67,32,4943,5755,32,29331,0,0,0,0,0,F,7,CD8+ T cell,58,32,6,6,6,AT1
F-4213,all,123,49,4411,5826,18,102769,0,0,0,0,0,F,17,Alveolar fibroblast 1,47,29,1,1,1_5_1,LymphaticEndo
F-4214,all,72,35,3888,6935,24,28198,0,0,0,0,0,F,26,Secretory cell,59,35,4,4,4_1_2,ClubEpi
F-4215,all,81,37,4144,7024,36,20914,0,0,0,0,0,F,27,Endothelial progenitor cell,56,37,4,4,4_1_1,CiliatedEpi
F-4216,all,26,15,4699,6094,40,18589,0,0,0,0,0,F,4,Alveolar fibroblast 1,40,16,1,1,1_4_3,AlveolarFib
F-4218,all,116,63,4767,6952,38,27297,0,0,0,0,0,F,11,CD4+ T cell,45,30,8,8,8_1,AlveolarMac
F-4219,all,44,22,4674,6790,14,15940,0,0,0,0,0,F,28,CD4+ T cell,36,22,4,4,4_2,CiliatedEpi
F-4220,all,149,56,4825,6828,23,52151,0,0,0,0,0,F,69,Inflammatory monocyte,70,56,4,4,4_2,CiliatedEpi
F-4223,all,367,101,5520,6763,27,113503,0,0,0,0,0,F,147,Endothelial progenitor cell,41,31,4,4,4_1_2,CiliatedEpi
F-4226,all,87,29,3938,6890,16,24340,0,0,0,0,0,F,59,Endothelial progenitor cell,62,29,4,4,4_2,ClubEpi
F-4229,all,152,60,5317,6083,31,84282,0,0,0,0,0,F,10,Alveolar fibroblast 1,49,34,3,3,3_4,AdventitialFib
F-4230,all,205,51,3863,6924,22,55923,0,0,0,0,0,F,138,Capillary 1 cell,49,11,4,4,4_2,ClubEpi
F-4233,all,17,11,4422,6466,17,16709,0,0,0,0,0,F,4,Alveolar type 1 cell,35,11,6,6,6,AT1
F-4234,all,104,54,4001,6152,32,58190,0,0,0,0,0,F,13,T regulatory cell,61,45,1,1,1_4_1,AlveolarFib
F-4235,all,292,68,4813,6785,21,95881,0,0,0,0,0,F,201,Venous endothelial cell,40,33,4,4,4_2,CiliatedEpi
F-4236,all,165,38,5074,6672,10,48812,0,0,0,0,0,F,106,Inflammatory monocyte,52,17,4,4,4_2,ClubEpi
F-4237,all,58,30,4485,5892,26,45266,0,0,0,0,0,F,3,Alveolar fibroblast 1,56,31,1,1,1_4_1,AlveolarFib
F-4238,all,47,26,5546,6691,21,32827,0,0,0,0,0,F,16,Arterial endothelial cell,40,25,4,4,4_1_2,CiliatedEpi
F-4241,all,291,96,4189,6940,26,63878,0,0,0,0,0,F,162,Capillary 1 cell,42,16,4,4,4_2,ClubEpi
F-4244,all,224,63,5257,6719,21,88355,0,0,0,0,0,F,135,B cell,68,57,4,4,4_2,CiliatedEpi
F-4245,all,164,35,4706,6791,14,44114,0,0,0,0,0,F,132,Arterial endothelial cell,51,35,4,4,4_2,CiliatedEpi
F-4246,all,44,20,3783,6698,13,25251,0,0,0,0,0,F,4,Mesothelial cell,44,20,3,3,3_3,AdventitialFib
F-4247,all,325,108,5213,6840,32,87591,0,0,0,0,0,F,160,Natural killer cell,45,23,4,4,4_1_1,ClubEpi
F-4249,all,86,42,4059,6157,30,61205,0,0,0,0,0,F,9,T regulatory cell,61,42,7,7,7_3,Tcell (CD8)
F-4251,all,56,27,4658,5879,38,24353,0,0,0,0,0,F,10,CD8+ T cell,53,28,1,1,1_4_1,AlveolarFib
F-4254,all,270,90,4722,6930,32,98905,0,0,0,0,0,F,113,Ciliated cell,49,39,4,4,4_1_1,CiliatedEpi
F-4255,all,112,46,5344,6707,14,57229,0,0,0,0,0,F,44,Venous endothelial cell,62,45,4,4,4_1_2,CiliatedEpi
F-4256,all,140,77,4097,7030,39,35939,0,0,0,0,0,F,45,Ciliated cell,45,36,4,4,4_1_1,CiliatedEpi
F-4260,all,30,16,5551,5997,22,19263,0,0,0,0,0,F,3,Natural killer cell,41,17,2,2,2_2,InflamMac
F-4261,all,235,79,5588,6727,22,53893,0,0,0,0,0,F,112,Endothelial progenitor cell,44,31,4,4,4_1_2,CiliatedEpi
F-4262,all,190,78,5566,6707,23,64728,0,0,0,0,0,F,93,Endothelial progenitor cell,47,24,4,4,4_1_2,ClubEpi
F-4263,all,64,33,3670,6950,26,23491,0,0,0,0,0,F,30,Arterial endothelial cell,47,33,4,4,4_1_2,CiliatedEpi
F-4264,all,23,14,4446,6553,20,40550,0,0,0,0,0,F,5,Inflammatory monocyte,42,14,9,9,9,Bcell
F-4265,all,11,10,5326,6604,19,21970,0,0,0,0,0,F,4,B cell,29,11,3,3,3_2,SMC
F-4267,all,16,8,3952,6805,37,20036,0,0,0,0,0,F,4,Alveolar type 1 cell,35,9,3,3,3_5,SMC
F-4268,all,184,47,4409,6837,13,45532,0,0,0,0,0,F,116,Capillary 1 cell,50,14,4,4,4_2,ClubEpi
F-4272,all,157,50,4845,5925,15,95601,0,0,0,0,0,F,13,CD4+ T cell,50,34,1,1,1_4_1,AlveolarFib
F-4273,all,218,71,4275,6918,25,44693,0,0,0,0,0,F,119,Endothelial progenitor cell,36,26,4,4,4_2,CiliatedEpi
F-4274,all,47,22,5082,6205,36,22795,0,0,0,0,0,F,3,Alveolar macrophage,47,22,8,8,8_1,AlveolarMac
F-4276,all,322,69,4485,6856,16,114170,0,0,0,0,0,F,219,Arterial endothelial cell,51,16,4,4,4_2,ClubEpi
F-4278,all,197,67,5276,6012,25,100316,0,0,0,0,0,F,37,CD4+ T cell,55,37,1,1,1_2_1,Tcell (CD4)
F-4281,all,40,13,5322,6662,12,16761,0,0,0,0,0,F,18,Ciliated cell,44,12,4,4,4_1_2,CiliatedEpi
F-4282,all,260,103,4860,6968,35,64610,0,0,0,0,0,F,38,Alveolar macrophage,46,36,7,7,7_3,Tcell (CD8)
F-4283,all,108,36,5277,6676,14,42703,0,0,0,0,0,F,51,Ciliated cell,58,28,4,4,4_2,ClubEpi
F-4284,all,18,12,4935,5712,28,35964,0,0,0,0,0,F,4,Alveolar fibroblast 1,39,13,1,1,1_4_1,AlveolarFib
F-4286,all,230,57,4725,6820,14,48295,0,0,0,0,0,F,167,Endothelial progenitor cell,69,56,4,4,4_2,CiliatedEpi
F-4293,all,173,48,4097,6889,18,51051,0,0,0,0,0,F,102,Ciliated cell,52,18,4,4,4_2,ClubEpi
F-4294,all,161,51,4230,6885,16,52086,0,0,0,0,0,F,82,B cell,65,49,4,4,4_2,CiliatedEpi
F-4297,all,35,22,4475,6537,21,20582,0,0,0,0,0,F,2,B cell,40,22,3,3,3_4,AdventitialFib
F-4300,all,112,49,3798,6937,28,51380,0,0,0,0,0,F,55,Endothelial progenitor cell,58,48,4,4,4_1_2,CiliatedEpi
F-4302,all,135,68,4129,6983,33,32185,0,0,0,0,0,F,45,Endothelial progenitor cell,62,51,4,4,4_1_1,CiliatedEpi
F-4303,all,406,115,3830,6988,29,127688,0,0,0,0,0,F,188,Arterial endothelial cell,37,30,4,4,4_1_2,CiliatedEpi
F-4306,all,17,13,4673,6699,24,32056,0,0,0,0,0,F,3,CD4+ T cell,39,14,3,3,3_2,SMC
F-4308,all,128,51,5241,6672,23,70044,0,0,0,0,0,F,52,B cell,68,49,4,4,4_1_2,CiliatedEpi
F-4309,all,58,31,5548,6500,26,51753,0,0,0,0,0,F,18,Secondary crest myofibroblast,57,32,3,3,3_5,SMC
F-4311,all,147,62,4100,6994,35,31300,0,0,0,0,0,F,52,Venous endothelial cell,45,30,4,4,4_1_1,CiliatedEpi
F-4312,all,34,22,5259,6619,23,63935,0,0,0,0,0,F,10,Alveolar macrophage,41,22,3,3,3_6,SCMF
F-4319,all,70,31,4853,6656,23,129896,0,0,0,0,0,F,23,Airway smooth muscle cell,56,31,3,3,3_2,SMC
F-4320,all,179,62,4937,6913,27,123913,0,0,0,0,0,F,62,Arterial endothelial cell,42,24,4,4,4_1_2,CiliatedEpi
F-4321,all,55,31,4594,5760,27,42837,0,0,0,0,0,F,10,Arterial endothelial cell,55,32,1,1,1_4_1,AlveolarFib
F-4323,all,71,30,5533,5688,13,114490,0,0,0,0,0,F,8,Arterial endothelial cell,54,30,1,1,1_2_3,Tcell (CD4)
F-4329,all,14,6,5406,6544,16,30364,0,0,0,0,0,F,8,Inflammatory monocyte,34,7,3,3,3_2,SMC
F-4333,all,66,28,4163,6807,25,68910,0,0,0,0,0,F,19,Airway smooth muscle cell,55,28,3,3,3_2,SMC
F-4335,all,98,39,5530,6664,12,31064,0,0,0,0,0,F,56,Ciliated cell,55,39,4,4,4_2,CiliatedEpi
F-4336,all,137,71,5124,6921,37,39230,0,0,0,0,0,F,22,Ciliated cell,40,28,4,4,4_1_1,ClubEpi
F-4338,all,35,23,4176,6054,20,31770,0,0,0,0,0,F,6,Inflammatory monocyte,43,23,1,1,1_2_1,Tcell (CD4)
F-4343,all,91,40,4507,6528,27,41626,0,0,0,0,0,F,7,Mesothelial cell,58,40,3,3,3_3,AdventitialFib
F-4346,all,45,15,3913,6150,18,30365,0,0,0,0,0,F,5,CD4+ T cell,46,15,1,1,1_2_1,Tcell (CD4)
F-4347,all,32,18,4340,6771,20,56432,0,0,0,0,0,F,13,Alveolar macrophage,41,19,3,3,3_2,SMC
F-4349,all,26,14,4695,6717,30,22102,0,0,0,0,0,F,17,CD4+ T cell,42,14,4,4,4_1_2,ClubEpi
F-4350,all,194,46,3916,6904,16,50047,0,0,0,0,0,F,148,Alveolar fibroblast 1,59,45,4,4,4_2,CiliatedEpi
F-4351,all,10,5,4649,6713,21,17095,0,0,0,0,0,F,8,Secondary crest myofibroblast,27,6,3,3,3_2,SMC
F-4352,all,208,86,4916,6856,21,108492,0,0,0,0,0,F,46,Capillary 1 cell,44,34,4,4,4_1_1,CiliatedEpi
F-4355,all,170,49,4132,6895,24,55412,0,0,0,0,0,F,110,Endothelial progenitor cell,64,49,4,4,4_2,CiliatedEpi
F-4357,all,121,46,5513,6700,21,40246,0,0,0,0,0,F,53,Alveolar fibroblast 1,65,46,4,4,4_1_2,CiliatedEpi
F-4360,all,100,44,4582,6736,23,134275,0,0,0,0,0,F,35,Secondary crest myofibroblast,59,39,3,3,3_2,SMC
F-4361,all,58,37,5047,5772,22,53062,0,0,0,0,0,F,5,CD8+ T cell,57,39,2,2,2_5,DC
F-4362,all,160,63,4149,6930,30,43194,0,0,0,0,0,F,102,Endothelial progenitor cell,44,17,4,4,4_2,ClubEpi
F-4363,all,185,70,4027,6974,32,55656,0,0,0,0,0,F,77,Endothelial progenitor cell,42,25,4,4,4_1_2,CiliatedEpi
F-4367,all,18,11,6355,1520,31,31468,0,0,0,0,0,F,8,Sox9+/Id2+ epithelial cell,39,11,6,6,6,AT1
F-4369,all,13,9,7021,1940,23,45750,0,0,0,0,0,F,2,Alveolar fibroblast 1,31,10,1,1,1_4_1,AlveolarFib
F-4370,all,66,32,6737,1491,14,71065,0,0,0,0,0,F,20,Alveolar macrophage,57,32,8,8,8_1,AlveolarMac
F-4371,all,47,31,7150,1578,18,94813,0,0,0,0,0,F,4,Alveolar fibroblast 1,47,31,1,1,1_5_1,LymphaticEndo
F-4375,all,20,9,6348,1554,28,47805,0,0,0,0,0,F,4,Alveolar type 1 cell,43,9,6,6,6,AT1
F-4376,all,30,21,7318,1660,16,70523,0,0,0,0,0,F,2,B cell,41,21,9,9,9,Bcell
F-4377,all,42,11,6807,1742,25,92180,0,0,0,0,0,F,35,Alveolar type 2 cell,45,11,1,1,1_3,AT2
F-4378,all,26,22,7374,1700,11,64149,0,0,0,0,0,F,5,Alveolar fibroblast 1,48,22,1,1,1_5_1,LymphaticEndo
F-4379,all,75,20,6108,1248,14,86145,0,0,0,0,0,F,7,Alveolar type 1 cell,57,20,7,7,7_3,Tcell (CD8)
F-4381,all,11,8,7123,1469,27,31952,0,0,0,0,0,F,4,Secondary crest myofibroblast,32,9,3,3,3_1,SMC
F-4384,all,74,20,7265,1561,36,82414,0,0,0,0,0,F,58,Alveolar type 2 cell,54,20,1,1,1_1,AT2
F-4386,all,20,8,7370,1964,29,70786,0,0,0,0,0,F,5,Alveolar type 1 cell,41,8,6,6,6,AT1
F-4387,all,19,5,7396,1597,23,43178,0,0,0,0,0,F,3,Alveolar type 1 cell,42,5,6,6,6,AT1
F-4389,all,24,14,6044,471,26,76167,0,0,0,0,0,F,6,Capillary 2 cell,43,14,2,2,2_6,pDC
F-4391,all,43,28,6001,547,13,67671,0,0,0,0,0,F,17,Alveolar fibroblast 1,44,28,5,5,5_1,Pericyte
F-4392,all,38,23,6016,1229,9,42315,0,0,0,0,0,F,9,Arterial endothelial cell,41,23,7,7,7_4,PatrolMac
F-4393,all,42,24,6354,967,14,122447,0,0,0,0,0,F,2,B cell,43,24,9,9,9,Bcell
F-4395,all,57,19,7163,159,13,44951,0,0,0,0,0,F,6,Alveolar type 1 cell,52,19,6,6,6,AT1
F-4396,all,49,32,6147,657,9,92485,0,0,0,0,0,F,8,Capillary 1 cell,48,31,2,2,2_1,Capillary
F-4397,all,13,11,6428,1290,30,25716,0,0,0,0,0,F,3,B cell,32,12,2,2,2_1,Capillary
F-4399,all,37,22,5741,1196,28,85658,0,0,0,0,0,F,9,CD8+ T cell,41,22,7,7,7_2,PatrolMac
F-4400,all,38,24,6831,1398,9,90299,0,0,0,0,0,F,11,B cell,41,25,3,3,3_1,SMC
F-4401,all,40,24,6340,1247,15,82575,0,0,0,0,0,F,5,Inflammatory monocyte,42,24,7,7,7_3,Tcell (CD8)
F-4402,all,66,37,5989,1163,24,110631,0,0,0,0,0,F,5,T regulatory cell,60,37,7,7,7_2,PatrolMac
F-4403,all,9,6,6481,1394,21,19383,0,0,0,0,0,F,4,B cell,27,7,9,9,9,Bcell
F-4405,all,29,21,7309,237,16,67870,0,0,0,0,0,F,10,Sox9+/Id2+ epithelial cell,36,21,5,5,5_1,Pericyte
F-4407,all,12,8,6781,1332,26,19561,0,0,0,0,0,F,7,Inflammatory monocyte,30,8,5,5,5_1,Pericyte
F-4414,all,23,6,6590,1542,9,40368,0,0,0,0,0,F,20,AT1/AT2,45,6,1,1,1_1,AT2
F-4415,all,52,21,6303,1331,16,69436,0,0,0,0,0,F,28,Alveolar type 2 cell,52,22,2,2,2_1,Capillary
F-4416,all,65,30,6464,1081,12,107682,50,0,50,0,1,F,15,Capillary 1 cell,56,31,3,3,3_5,SMC
F-4419,all,35,20,7155,64,13,83095,0,0,0,0,0,F,4,Inflammatory monocyte,42,20,7,7,7_2,PatrolMac
F-4420,all,18,17,7184,120,10,40258,0,0,0,0,0,F,9,Proliferative mesenchymal progenitor cell,34,17,8,8,8_3,InterstitialMac
F-4422,all,27,21,7156,1699,33,60400,0,0,0,0,0,F,11,B cell,42,21,8,8,8_2,InterstitialMac
F-4423,all,8,8,7227,185,11,43974,0,0,0,0,0,F,3,Alveolar fibroblast 1,20,10,1,1,1_5_2,AlveolarFib
F-4424,all,118,29,5613,513,15,98151,0,0,0,0,0,F,23,Alveolar type 1 cell,48,18,6,6,6,AT1
F-4425,all,22,15,7204,70,9,57090,0,0,0,0,0,F,10,Capillary 2 cell,41,15,6,6,6,AT1
F-4427,all,16,11,6457,1515,15,64733,0,0,0,0,0,F,3,Alveolar type 1 cell,37,11,2,2,2_1,Capillary
F-4429,all,12,9,5936,364,31,61192,111,0,111,0,1,F,4,Mesothelial cell,34,9,3,3,3_4,AdventitialFib
F-4431,all,25,21,7064,1924,22,88054,0,0,0,0,0,F,3,Alveolar type 2 cell,46,21,5,5,5_3,Pericyte
F-4433,all,29,19,6010,982,24,52079,0,0,0,0,0,F,8,Pericyte,38,19,5,5,5_1,Pericyte
F-4434,all,37,25,7009,1723,32,64581,0,0,0,0,0,F,7,CD8+ T cell,41,25,7,7,7_2,PatrolMac
F-4435,all,12,10,6481,1346,19,53512,0,0,0,0,0,F,3,B cell,29,10,9,9,9,Bcell
F-4436,all,30,20,6922,1763,27,51020,0,0,0,0,0,F,2,Neutrophil,40,21,2,2,2_2,InflamMac
F-4438,all,23,13,6064,745,31,45890,0,0,0,0,0,F,5,Capillary 1 cell,40,13,2,2,2_3,Vein
F-4439,all,15,5,6479,1908,5,10585,52,0,52,0,1,F,7,Sox9+/Id2+ epithelial cell,39,5,1,1,1_1,AT2
F-4440,all,41,25,6040,1254,21,63838,0,0,0,0,0,F,8,Alveolar type 1 cell,43,25,6,6,6,AT1
F-4441,all,102,24,6003,354,18,85926,0,0,0,0,0,F,78,Alveolar type 2 cell,54,20,1,1,1_3,AT2
F-4443,all,55,24,5878,1264,27,64815,0,0,0,0,0,F,4,Alveolar macrophage,52,24,6,6,6,AT1
F-4449,all,67,29,6054,673,25,75754,0,0,0,0,0,F,8,Inflammatory monocyte,58,29,7,7,7_3,Tcell (CD8)
F-4450,all,39,27,5661,1129,28,76013,0,0,0,0,0,F,7,B cell,41,27,3,3,3_4,AdventitialFib
F-4451,all,17,11,5941,542,8,26770,0,0,0,0,0,F,10,Alveolar fibroblast 1,38,13,2,2,2_4,Artery
F-4452,all,10,8,5867,947,30,15977,0,0,0,0,0,F,4,Alveolar fibroblast 1,32,9,1,1,1_5_1,LymphaticEndo
F-4453,all,30,22,7184,202,18,60727,0,0,0,0,0,F,7,Arterial endothelial cell,36,23,2,2,2_4,Artery
F-4455,all,23,16,6025,954,19,48012,0,0,0,0,0,F,8,Pericyte,43,16,5,5,5_1,Pericyte
F-4457,all,33,20,6962,44,27,45872,0,0,0,0,0,F,6,Capillary 1 cell,39,20,3,3,3_3,AdventitialFib
F-4458,all,49,9,7374,1817,16,75086,0,0,0,0,0,F,43,Alveolar type 2 cell,48,9,1,1,1_1,AT2
F-4460,all,39,27,5614,1102,26,55932,0,0,0,0,0,F,7,CD4+ T cell,42,28,3,3,3_1,SMC
F-4462,all,21,15,6598,1666,27,62805,0,0,0,0,0,F,3,Alveolar type 1 cell,40,15,5,5,5_3,Pericyte
F-4463,all,30,24,7012,1436,28,59322,0,0,0,0,0,F,5,Endothelial progenitor cell,37,24,3,3,3_4,AdventitialFib
F-4464,all,35,27,7187,1734,21,90988,0,0,0,0,0,F,7,Pericyte,41,27,5,5,5_3,Pericyte
F-4466,all,54,10,5951,938,35,50328,0,0,0,0,0,F,47,Alveolar type 2 cell,50,10,1,1,1_1,AT2
F-4467,all,28,18,7279,1628,26,69486,0,0,0,0,0,F,4,Sox9+/Id2+ epithelial cell,42,18,2,2,2_1,Capillary
F-4469,all,44,26,6897,1797,30,69129,0,0,0,0,0,F,5,Alveolar fibroblast 1,46,27,2,2,2_4,Artery
F-4471,all,33,20,5696,1301,21,56483,0,0,0,0,0,F,5,CD4+ T cell,38,22,2,2,2_5,DC
F-4474,all,25,10,6670,1416,37,34697,0,0,0,0,0,F,16,Alveolar type 2 cell,45,10,1,1,1_3,AT2
F-4475,all,75,21,6024,1329,34,57346,0,0,0,0,0,F,57,Alveolar type 2 cell,53,21,1,1,1_3,AT2
F-4476,all,40,30,6365,1166,29,70328,0,0,0,0,0,F,8,Arterial endothelial cell,41,30,2,2,2_4,Artery
F-4477,all,38,25,6640,1623,18,104840,0,0,0,0,0,F,10,Alveolar type 1 cell,40,25,2,2,2_1,Capillary
F-4478,all,13,9,7212,1784,12,62077,0,0,0,0,0,F,2,Neutrophil,26,9,1,1,1_6_2,Neutrophil
F-4480,all,22,14,6283,889,17,44760,0,0,0,0,0,F,10,Alveolar fibroblast 1,40,15,1,1,1_5_1,LymphaticEndo
F-4483,all,32,19,6454,1183,17,68543,0,0,0,0,0,F,10,Alveolar fibroblast 1,43,20,1,1,1_5_1,LymphaticEndo
F-4488,all,50,22,5716,1319,28,58711,0,0,0,0,0,F,6,Alveolar type 2 cell,49,22,1,1,1_3,AT2
F-4489,all,46,26,5658,933,21,109487,0,0,0,0,0,F,18,Proliferative mesenchymal progenitor cell,46,26,7,7,7_4,PatrolMac
F-4490,all,21,13,6985,1781,9,33101,0,0,0,0,0,F,4,Endothelial progenitor cell,41,14,2,2,2_1,Capillary
F-4491,all,66,23,7353,1879,21,147785,0,0,0,0,0,F,38,Alveolar type 2 cell,53,23,1,1,1_3,AT2
F-4493,all,111,30,6736,1401,21,119833,51,0,51,0,1,F,79,Alveolar type 2 cell,50,16,1,1,1_3,AT2
F-4495,all,7,5,5967,422,34,17566,0,0,0,0,0,F,4,Secondary crest myofibroblast,22,8,5,5,5_3,Pericyte
F-4496,all,40,25,6576,1249,14,102562,0,0,0,0,0,F,4,Endothelial progenitor cell,44,24,2,2,2_1,Capillary
F-4499,all,11,9,5936,1268,40,28693,0,0,0,0,0,F,3,Capillary 1 cell,35,10,2,2,2_1,Capillary
F-4502,all,11,9,6988,1752,10,16636,0,0,0,0,0,F,3,Capillary 1 cell,30,9,2,2,2_3,Vein
F-4504,all,22,18,6020,1964,25,74130,0,0,0,0,0,F,3,Inflammatory monocyte,45,19,2,2,2_2,InflamMac
F-4505,all,32,11,5848,1242,27,50274,0,0,0,0,0,F,7,Alveolar type 1 cell,44,11,6,6,6,AT1
F-4507,all,19,14,5915,444,33,54492,487,368,119,0.7556468,0.2443532,F,5,Alveolar fibroblast 1,39,15,3,3,3_1,SMC
F-4509,all,27,20,6612,1714,38,59143,0,0,0,0,0,F,2,CD8+ T cell,39,21,2,2,2_2,InflamMac
F-4510,all,70,17,6222,1285,15,43510,0,0,0,0,0,F,56,Alveolar type 2 cell,49,17,1,1,1_3,AT2
F-4516,all,12,9,5618,1378,33,20702,0,0,0,0,0,F,4,Natural killer cell,26,9,7,7,7_4,PatrolMac
F-4520,all,14,10,6003,416,25,47711,0,0,0,0,0,F,6,Pericyte,31,10,5,5,5_1,Pericyte
F-4521,all,7,7,6286,1428,19,25071,0,0,0,0,0,F,2,Alveolar type 1 cell,25,8,1,1,1_4_1,AlveolarFib
F-4524,all,34,17,6655,1376,29,57195,666,0,666,0,1,F,6,Interstitial macrophage,45,17,8,8,8_2,InterstitialMac
F-4526,all,26,19,7322,141,18,68930,0,0,0,0,0,F,11,Arterial endothelial cell,38,21,2,2,2_5,DC
F-4528,all,81,22,5998,919,17,81826,0,0,0,0,0,F,33,Alveolar type 1 cell,55,22,6,6,6,AT1
F-4529,all,56,18,7112,1676,23,86648,0,0,0,0,0,F,39,Alveolar type 2 cell,51,18,1,1,1_1,AT2
F-4532,all,67,22,7064,1969,25,92961,0,0,0,0,0,F,45,Alveolar type 2 cell,53,23,3,3,3_5,SMC
F-4533,all,15,9,6367,1589,27,49519,0,0,0,0,0,F,8,B cell,34,9,9,9,9,Bcell
F-4534,all,32,18,6608,1766,19,62497,0,0,0,0,0,F,4,B cell,42,18,9,9,9,Bcell
F-4535,all,48,9,7078,1700,29,37688,0,0,0,0,0,F,42,B cell,48,9,1,1,1_1,AT2
F-4537,all,15,12,6969,1746,28,16490,984,0,984,0,1,F,2,Arterial endothelial cell,37,13,2,2,2_4,Artery
F-4538,all,78,43,6455,1667,21,144938,161,110,51,0.6832298,0.3167702,F,40,Pericyte,59,43,5,5,5_1,Pericyte
F-4540,all,32,21,6265,857,16,46185,0,0,0,0,0,F,8,Alveolar fibroblast 1,43,22,1,1,1_5_1,LymphaticEndo
F-4541,all,38,21,5841,882,24,108757,0,0,0,0,0,F,4,Capillary 1 cell,42,21,2,2,2_3,Vein
F-4545,all,13,9,7345,216,28,57131,0,0,0,0,0,F,4,Pericyte,29,9,5,5,5_1,Pericyte
F-4546,all,51,24,5981,381,23,70237,0,0,0,0,0,F,31,Alveolar type 2 cell,53,25,3,3,3_1,SMC
F-4547,all,18,5,7414,1623,24,47190,0,0,0,0,0,F,3,Alveolar type 1 cell,42,5,6,6,6,AT1
F-4551,all,9,6,5631,1302,14,33330,1175,0,1175,0,1,F,2,Natural killer cell,25,7,7,7,7_3,Tcell (CD8)
F-4552,all,26,9,6263,1282,9,34878,0,0,0,0,0,F,19,Pericyte,47,9,5,5,5_3,Pericyte
F-4553,all,38,22,6537,1757,12,89616,0,0,0,0,0,F,2,Capillary 2 cell,42,22,2,2,2_6,pDC
F-4555,all,18,14,5951,664,11,55994,0,0,0,0,0,F,2,Alveolar type 2 cell,36,14,1,1,1_3,AT2
F-4556,all,48,29,6000,618,21,80152,0,0,0,0,0,F,12,Capillary 1 cell,48,29,2,2,2_3,Vein
F-4557,all,208,39,5701,831,19,137970,53,0,53,0,1,F,156,Alveolar type 2 cell,47,13,1,1,1_3,AT2
F-4558,all,24,19,6907,1417,8,38080,106,0,106,0,1,F,2,Endothelial progenitor cell,43,19,2,2,2_1,Capillary
F-4560,all,53,24,6307,1282,24,98237,0,0,0,0,0,F,23,Neutrophil,51,24,1,1,1_1,AT2
F-4561,all,45,26,6749,1566,30,75788,0,0,0,0,0,F,4,B cell,45,26,2,2,2_6,pDC
F-4562,all,11,8,5901,953,31,24023,0,0,0,0,0,F,3,Arterial endothelial cell,44,11,2,2,2_4,Artery
F-4564,all,52,16,7002,1852,13,81344,0,0,0,0,0,F,38,Alveolar type 2 cell,50,16,1,1,1_3,AT2
F-4565,all,32,20,5785,1215,22,52426,0,0,0,0,0,F,3,Pericyte,38,20,5,5,5_3,Pericyte
F-4566,all,29,14,6048,1310,32,35627,0,0,0,0,0,F,17,AT1/AT2,40,14,1,1,1_3,AT2
F-4567,all,71,34,5693,767,13,83800,0,0,0,0,0,F,22,Alveolar fibroblast 1,58,34,1,1,1_5_1,LymphaticEndo
F-4569,all,17,9,7425,1387,15,104751,0,0,0,0,0,F,9,Alveolar type 2 cell,38,9,1,1,1_1,AT2
F-4573,all,7,4,6029,1917,4,9595,0,0,0,0,0,F,5,Alveolar type 2 cell,30,6,1,1,1_1,AT2
F-4577,all,29,16,6568,1580,8,29031,0,0,0,0,0,F,2,Proliferative mesenchymal progenitor cell,41,16,6,6,6,AT1
F-4578,all,12,8,5640,1332,16,39706,0,0,0,0,0,F,2,Natural killer cell,29,8,7,7,7_3,Tcell (CD8)
F-4580,all,28,15,6994,1380,6,34658,50,0,50,0,1,F,8,Capillary 1 cell,38,15,6,6,6,AT1
F-4582,all,104,24,6054,1176,30,111473,0,0,0,0,0,F,18,Alveolar type 1 cell,56,20,6,6,6,AT1
F-4583,all,18,12,6416,1234,31,50250,0,0,0,0,0,F,6,Alveolar fibroblast 1,40,12,1,1,1_5_1,LymphaticEndo
F-4584,all,103,26,6042,1395,10,96340,202,0,202,0,1,F,75,Alveolar type 2 cell,56,23,1,1,1_3,AT2
F-4585,all,24,16,6154,861,22,68623,0,0,0,0,0,F,10,Sox9+/Id2+ epithelial cell,42,16,1,1,1_3,AT2
F-4587,all,19,11,6538,1608,7,36523,0,0,0,0,0,F,3,Capillary 2 cell,41,12,2,2,2_3,Vein
F-4589,all,39,22,6255,1373,16,73433,0,0,0,0,0,F,16,Arterial endothelial cell,42,22,2,2,2_4,Artery
F-4590,all,12,7,7427,1456,37,28535,0,0,0,0,0,F,4,Alveolar type 2 cell,36,7,1,1,1_1,AT2
F-4591,all,16,12,6754,1328,25,25601,0,0,0,0,0,F,6,Pericyte,31,12,5,5,5_1,Pericyte
F-4595,all,33,22,6238,1449,33,80000,0,0,0,0,0,F,3,Capillary 1 cell,41,23,2,2,2_1,Capillary
F-4598,all,15,12,5812,1266,37,32339,0,0,0,0,0,F,2,Alveolar fibroblast 1,32,12,5,5,5_3,Pericyte
F-4599,all,36,21,7185,246,23,81730,0,0,0,0,0,F,10,Vascular smooth muscle cell,40,21,5,5,5_1,Pericyte
F-4605,all,55,19,7221,1608,35,74909,0,0,0,0,0,F,16,Alveolar type 1 cell,51,19,6,6,6,AT1
F-4607,all,48,15,6653,1451,28,54652,0,0,0,0,0,F,15,Alveolar type 1 cell,48,15,6,6,6,AT1
F-4611,all,47,17,6095,502,24,102323,0,0,0,0,0,F,32,Alveolar fibroblast 1,48,18,3,3,3_1,SMC
F-4614,all,11,7,7348,1593,35,26891,0,0,0,0,0,F,4,Secretory cell,30,7,5,5,5_1,Pericyte
F-4615,all,22,15,6746,1304,22,33128,0,0,0,0,0,F,11,B cell,41,15,9,9,9,Bcell
F-4617,all,40,19,6236,1234,20,90360,0,0,0,0,0,F,10,Alveolar type 2 cell,44,19,2,2,2_3,Vein
F-4623,all,76,11,7289,166,12,94519,0,0,0,0,0,F,68,Alveolar type 2 cell,52,11,1,1,1_1,AT2
F-4625,all,12,10,6296,1566,39,27142,0,0,0,0,0,F,2,Inflammatory monocyte,32,10,7,7,7_2,PatrolMac
F-4626,all,18,16,6708,1452,17,56559,0,0,0,0,0,F,4,Arterial endothelial cell,35,16,2,2,2_4,Artery
F-4627,all,36,24,6120,733,14,83220,0,0,0,0,0,F,11,Inflammatory monocyte,39,24,7,7,7_4,PatrolMac
F-4628,all,8,7,6991,1947,32,17894,0,0,0,0,0,F,2,Alveolar macrophage,24,9,1,1,1_2_3,Tcell (CD4)
F-4635,all,17,13,5983,649,12,45229,0,0,0,0,0,F,3,Alveolar fibroblast 1,38,14,1,1,1_4_3,AlveolarFib
F-4637,all,21,17,6136,936,23,73221,0,0,0,0,0,F,4,Capillary 1 cell,40,17,2,2,2_3,Vein
F-4639,all,9,7,6977,1424,24,13772,0,0,0,0,0,F,5,Alveolar fibroblast 1,33,8,3,3,3_1,SMC
F-4643,all,25,12,6413,1533,12,25925,0,0,0,0,0,F,7,Alveolar fibroblast 1,43,14,2,2,2_4,Artery
F-4654,all,31,13,6381,1539,23,44935,0,0,0,0,0,F,7,Alveolar type 1 cell,43,13,6,6,6,AT1
F-4656,all,6,5,6379,1628,9,20122,0,0,0,0,0,F,3,Alveolar fibroblast 1,23,8,1,1,1_4_3,AlveolarFib
F-4659,all,7,4,5505,1832,28,16402,0,0,0,0,0,F,4,Sox9+/Id2+ epithelial cell,33,5,1,1,1_1,AT2
F-4661,all,7,7,5734,785,11,13178,0,0,0,0,0,F,3,Alveolar fibroblast 1,29,9,1,1,1_5_4,pDC
F-4666,all,14,13,5740,828,18,13354,0,0,0,0,0,F,2,Sox9+/Id2+ epithelial cell,32,13,2,2,2_3,Vein
F-4677,all,38,27,5908,2865,13,68592,0,0,0,0,0,F,6,Pericyte,41,27,5,5,5_1,Pericyte
F-4678,all,23,13,5955,3164,8,31909,0,0,0,0,0,F,12,Pericyte,41,13,5,5,5_1,Pericyte
F-4683,all,22,13,5794,3485,10,45117,0,0,0,0,0,F,4,Pericyte,42,14,1,1,1_4_1,AlveolarFib
F-4684,all,68,44,5917,3256,20,79387,0,0,0,0,0,F,18,Inflammatory monocyte,61,44,2,2,2_1,Capillary
F-4685,all,65,29,6031,3667,23,88277,0,0,0,0,0,F,10,Alveolar type 1 cell,55,28,2,2,2_1,Capillary
F-4688,all,36,26,6479,3476,37,36310,0,0,0,0,0,F,15,Inflammatory monocyte,40,26,5,5,5_1,Pericyte
F-4691,all,55,28,6826,3379,33,68102,0,0,0,0,0,F,17,CD8+ T cell,53,28,5,5,5_1,Pericyte
F-4692,all,15,13,5868,3092,26,35534,0,0,0,0,0,F,6,B cell,36,14,1,1,1_5_1,LymphaticEndo
F-4694,all,22,18,7225,2828,16,44289,0,0,0,0,0,F,2,Alveolar fibroblast 1,44,18,1,1,1_5_2,AlveolarFib
F-4695,all,89,41,5945,3097,27,95678,0,0,0,0,0,F,36,Alveolar fibroblast 1,62,41,1,1,1_5_1,LymphaticEndo
F-4696,all,33,21,5655,3383,21,53077,0,0,0,0,0,F,7,Natural killer cell,41,21,7,7,7_4,PatrolMac
F-4697,all,132,51,5626,3410,25,128499,0,0,0,0,0,F,13,Alveolar type 1 cell,37,13,6,6,6,AT1
F-4698,all,48,28,7270,2436,37,83100,0,0,0,0,0,F,2,Capillary 1 cell,48,28,2,2,2_3,Vein
F-4699,all,76,37,6011,3235,17,108428,0,0,0,0,0,F,26,Alveolar fibroblast 1,57,37,1,1,1_5_1,LymphaticEndo
F-4700,all,50,31,5731,3526,21,85168,0,0,0,0,0,F,9,AT1/AT2,50,31,6,6,6,AT1
F-4701,all,38,10,6558,2120,34,33716,0,0,0,0,0,F,33,Alveolar type 2 cell,45,10,1,1,1_1,AT2
F-4703,all,15,11,6247,2228,28,44975,0,0,0,0,0,F,2,Endothelial progenitor cell,36,12,2,2,2_1,Capillary
F-4704,all,37,27,6941,3261,14,41651,0,0,0,0,0,F,9,Mesothelial cell,39,27,5,5,5_1,Pericyte
F-4706,all,40,19,6415,3749,31,80382,0,0,0,0,0,F,5,Capillary 1 cell,44,19,2,2,2_3,Vein
F-4707,all,18,12,5897,2616,32,41286,0,0,0,0,0,F,3,Capillary 1 cell,40,12,2,2,2_1,Capillary
F-4708,all,98,15,6492,3630,32,64053,0,0,0,0,0,F,84,Alveolar type 2 cell,54,13,1,1,1_1,AT2
F-4709,all,36,13,7249,2873,9,22834,0,0,0,0,0,F,5,Alveolar type 1 cell,44,13,6,6,6,AT1
F-4710,all,39,28,5706,2827,30,57276,0,0,0,0,0,F,15,Secondary crest myofibroblast,41,29,3,3,3_1,SMC
F-4711,all,46,8,6164,2947,7,18023,0,0,0,0,0,F,40,Alveolar type 2 cell,47,8,1,1,1_3,AT2
F-4714,all,34,25,6445,2115,20,37941,0,0,0,0,0,F,6,Capillary 2 cell,40,25,2,2,2_6,pDC
F-4715,all,27,18,6548,3789,8,64469,0,0,0,0,0,F,6,Capillary 1 cell,43,18,2,2,2_6,pDC
F-4716,all,38,19,5813,2695,13,32187,0,0,0,0,0,F,19,B cell,44,20,3,3,3_1,SMC
F-4717,all,27,16,6223,2293,24,72770,0,0,0,0,0,F,12,Proliferative mesenchymal progenitor cell,42,17,3,3,3_1,SMC
F-4718,all,40,28,6704,3417,26,52409,0,0,0,0,0,F,9,Capillary 1 cell,41,28,2,2,2_1,Capillary
F-4721,all,73,23,6090,3704,24,69807,0,0,0,0,0,F,19,Alveolar type 1 cell,52,23,6,6,6,AT1
F-4722,all,43,21,6281,3147,34,54075,0,0,0,0,0,F,8,B cell,44,21,2,2,2_6,pDC
F-4723,all,29,19,5716,3304,29,39240,0,0,0,0,0,F,6,Arterial endothelial cell,41,20,2,2,2_4,Artery
F-4724,all,99,39,5689,3184,27,85152,0,0,0,0,0,F,11,Alveolar macrophage,62,36,8,8,8_1,AlveolarMac
F-4726,all,24,18,7330,2065,29,50866,0,0,0,0,0,F,2,B cell,44,18,6,6,6,AT1
F-4727,all,35,21,6263,3031,21,49706,0,0,0,0,0,F,9,Alveolar fibroblast 1,41,22,3,3,3_1,SMC
F-4728,all,29,21,6726,3339,19,38628,0,0,0,0,0,F,10,Alveolar fibroblast 1,35,22,1,1,1_5_1,LymphaticEndo
F-4730,all,28,19,5721,2896,29,60964,0,0,0,0,0,F,3,Alveolar type 1 cell,39,19,2,2,2_3,Vein
F-4731,all,34,18,5826,3075,23,51966,0,0,0,0,0,F,8,Pericyte,42,18,5,5,5_1,Pericyte
F-4733,all,30,12,7133,2355,38,21015,0,0,0,0,0,F,19,Sox9+/Id2+ epithelial cell,43,12,1,1,1_3,AT2
F-4735,all,29,20,5689,3419,30,65476,0,0,0,0,0,F,3,Alveolar fibroblast 1,41,21,2,2,2_4,Artery
F-4737,all,68,39,6903,3075,14,73393,0,0,0,0,0,F,9,Capillary 1 cell,55,39,2,2,2_3,Vein
F-4738,all,57,30,6430,2788,15,82297,54,54,0,1,0,F,11,Alveolar type 1 cell,56,30,6,6,6,AT1
F-4739,all,63,31,6031,2694,14,75071,0,0,0,0,0,F,35,Pericyte,57,31,5,5,5_1,Pericyte
F-4740,all,24,19,6449,3537,18,104167,0,0,0,0,0,F,5,Arterial endothelial cell,46,19,2,2,2_4,Artery
F-4741,all,19,11,6143,2368,25,27370,0,0,0,0,0,F,2,Alveolar fibroblast 1,40,12,2,2,2_4,Artery
F-4744,all,10,7,6629,3294,38,26269,0,0,0,0,0,F,3,Capillary 1 cell,28,7,2,2,2_3,Vein
F-4745,all,64,42,6647,3697,20,54779,50,0,50,0,1,F,12,Proliferative mesenchymal progenitor cell,59,42,8,8,8_3,InterstitialMac
F-4748,all,10,9,6029,3588,39,20041,0,0,0,0,0,F,4,Pericyte,24,9,5,5,5_1,Pericyte
F-4749,all,27,11,5821,2624,18,34034,50,0,50,0,1,F,20,Alveolar type 2 cell,43,11,5,5,5_3,Pericyte
F-4751,all,34,22,6119,3490,8,51943,0,0,0,0,0,F,7,Capillary 2 cell,39,23,2,2,2_2,InflamMac
F-4752,all,74,44,6493,3590,22,89334,0,0,0,0,0,F,14,Interstitial macrophage,58,44,8,8,8_3,InterstitialMac
F-4753,all,18,7,6205,3802,10,31364,0,0,0,0,0,F,8,Alveolar type 1 cell,39,7,6,6,6,AT1
F-4755,all,41,25,6598,3343,15,41973,0,0,0,0,0,F,8,Capillary 1 cell,43,25,9,9,9,Bcell
F-4756,all,51,29,6618,3598,27,44896,0,0,0,0,0,F,8,Secondary crest myofibroblast,53,30,3,3,3_5,SMC
F-4759,all,93,22,6024,2390,13,86042,415,0,415,0,1,F,71,Alveolar type 2 cell,54,19,1,1,1_1,AT2
F-4760,all,24,16,5630,2604,23,45736,0,0,0,0,0,F,7,Alveolar fibroblast 1,44,16,3,3,3_3,AdventitialFib
F-4761,all,30,9,6670,3592,6,14070,0,0,0,0,0,F,23,Alveolar type 2 cell,43,9,1,1,1_3,AT2
F-4762,all,8,7,5825,2723,7,15301,0,0,0,0,0,F,3,Sox9+/Id2+ epithelial cell,25,8,1,1,1_3,AT2
F-4763,all,33,23,5623,3655,30,57340,0,0,0,0,0,F,7,Alveolar fibroblast 1,38,23,3,3,3_4,AdventitialFib
F-4764,all,55,36,6765,3399,24,48434,0,0,0,0,0,F,10,Alveolar fibroblast 1,53,36,2,2,2_1,Capillary
F-4765,all,8,3,7140,3417,8,11405,0,0,0,0,0,F,6,Sox9+/Id2+ epithelial cell,35,5,1,1,1_1,AT2
F-4768,all,22,12,7193,2074,12,20655,0,0,0,0,0,F,7,B cell,39,12,9,9,9,Bcell
F-4771,all,36,16,6509,2252,12,39236,0,0,0,0,0,F,15,Secondary crest myofibroblast,45,17,3,3,3_1,SMC
F-4773,all,28,14,6240,3816,27,66209,0,0,0,0,0,F,2,Proliferative mesenchymal progenitor cell,43,14,6,6,6,AT1
F-4775,all,32,23,6308,3253,16,46310,0,0,0,0,0,F,6,Arterial endothelial cell,38,23,2,2,2_4,Artery
F-4776,all,52,32,5731,2866,16,67588,0,0,0,0,0,F,7,Alveolar type 1 cell,52,32,1,1,1_5_2,AlveolarFib
F-4780,all,35,21,7215,3016,34,49879,0,0,0,0,0,F,4,Alveolar fibroblast 1,41,21,2,2,2_3,Vein
F-4781,all,33,22,6862,3318,17,50929,0,0,0,0,0,F,3,Capillary 1 cell,39,22,1,1,1_3,AT2
F-4782,all,10,7,5740,3333,35,20205,0,0,0,0,0,F,3,Capillary 1 cell,28,8,2,2,2_3,Vein
F-4784,all,13,12,5631,2568,15,42175,0,0,0,0,0,F,3,Arterial endothelial cell,31,12,2,2,2_4,Artery
F-4785,all,85,22,7217,3589,31,53357,0,0,0,0,0,F,8,B cell,55,22,6,6,6,AT1
F-4787,all,8,4,6810,2901,35,19935,0,0,0,0,0,F,7,Alveolar type 2 cell,34,6,1,1,1_1,AT2
F-4789,all,30,13,6005,2025,34,42470,0,0,0,0,0,F,20,Alveolar type 2 cell,42,13,1,1,1_3,AT2
F-4793,all,26,14,7155,3778,7,21531,0,0,0,0,0,F,2,Capillary 2 cell,44,14,2,2,2_6,pDC
F-4795,all,36,12,7223,2912,38,30970,0,0,0,0,0,F,21,Alveolar type 2 cell,44,12,1,1,1_1,AT2
F-4797,all,93,50,6632,3653,20,100506,0,0,0,0,0,F,15,Interstitial macrophage,62,49,8,8,8_3,InterstitialMac
F-4798,all,34,10,6144,2294,39,34133,0,0,0,0,0,F,3,Alveolar type 1 cell,45,10,3,3,3_6,SCMF
F-4799,all,16,11,7103,2354,38,17554,0,0,0,0,0,F,4,Inflammatory monocyte,34,11,1,1,1_2_3,Tcell (CD4)
F-4800,all,64,31,7163,2336,28,84972,0,0,0,0,0,F,4,Sox9+/Id2+ epithelial cell,55,31,8,8,8_1,AlveolarMac
F-4801,all,85,15,5793,2633,13,49491,0,0,0,0,0,F,68,Alveolar type 2 cell,52,15,1,1,1_3,AT2
F-4802,all,73,43,6450,2237,19,91374,0,0,0,0,0,F,10,Alveolar type 1 cell,56,42,2,2,2_1,Capillary
F-4805,all,20,15,7260,1974,37,43653,0,0,0,0,0,F,2,Capillary 2 cell,39,15,2,2,2_6,pDC
F-4806,all,15,10,6198,2961,20,24801,0,0,0,0,0,F,5,Alveolar fibroblast 1,36,10,6,6,6,AT1
F-4807,all,57,30,6712,3368,29,48857,0,0,0,0,0,F,10,Arterial endothelial cell,53,31,2,2,2_4,Artery
F-4808,all,52,16,7194,3341,35,40951,0,0,0,0,0,F,40,Neutrophil,50,16,1,1,1_3,AT2
F-4809,all,43,22,6487,3790,22,77390,107,107,0,1,0,F,9,Alveolar fibroblast 1,44,22,2,2,2_4,Artery
F-4811,all,64,25,7171,2035,15,49247,0,0,0,0,0,F,5,Alveolar type 1 cell,54,25,6,6,6,AT1
F-4812,all,47,30,6599,2861,25,49472,0,0,0,0,0,F,12,Capillary 1 cell,50,30,2,2,2_1,Capillary
F-4813,all,18,8,5789,2724,18,33213,0,0,0,0,0,F,4,Sox9+/Id2+ epithelial cell,35,9,2,2,2_3,Vein
F-4814,all,45,28,6008,2880,31,82931,0,0,0,0,0,F,6,Neutrophil,45,28,6,6,6,AT1
F-4816,all,30,17,6238,2957,14,30806,0,0,0,0,0,F,12,Alveolar type 2 cell,43,17,2,2,2_3,Vein
F-4818,all,18,14,6285,2223,36,35211,0,0,0,0,0,F,3,Capillary 2 cell,38,14,2,2,2_3,Vein
F-4819,all,34,24,6675,3431,35,33379,0,0,0,0,0,F,2,Alveolar fibroblast 1,41,25,3,3,3_5,SMC
F-4821,all,28,16,6219,2559,35,45513,0,0,0,0,0,F,6,Natural killer cell,42,16,2,2,2_6,pDC
F-4823,all,17,8,5786,2679,23,32153,0,0,0,0,0,F,6,Alveolar type 2 cell,40,8,2,2,2_1,Capillary
F-4828,all,38,15,5981,1996,29,56280,0,0,0,0,0,F,26,Alveolar type 2 cell,43,15,1,1,1_3,AT2
F-4829,all,32,19,5955,2848,36,54004,0,0,0,0,0,F,2,Neutrophil,39,19,2,2,2_1,Capillary
F-4831,all,35,22,5918,1983,13,79935,0,0,0,0,0,F,14,Alveolar fibroblast 1,41,21,1,1,1_5_1,LymphaticEndo
F-4835,all,19,16,7367,2112,32,32097,0,0,0,0,0,F,2,Proliferative mesenchymal progenitor cell,39,16,1,1,1_5_2,AlveolarFib
F-4836,all,56,30,5956,2710,30,96542,0,0,0,0,0,F,7,Arterial endothelial cell,53,30,2,2,2_4,Artery
F-4837,all,40,25,6175,2502,12,87604,109,109,0,1,0,F,5,Proliferative mesenchymal progenitor cell,44,26,3,3,3_1,SMC
F-4838,all,30,17,6479,2122,27,55794,0,0,0,0,0,F,5,Venous endothelial cell,43,18,3,3,3_1,SMC
F-4840,all,79,28,7286,3525,13,74469,0,0,0,0,0,F,2,Mesothelial cell,55,28,3,3,3_3,AdventitialFib
F-4841,all,38,21,6572,3370,16,49454,0,0,0,0,0,F,5,Endothelial progenitor cell,41,20,2,2,2_1,Capillary
F-4842,all,30,21,6072,3600,37,39489,0,0,0,0,0,F,7,Pericyte,38,21,5,5,5_3,Pericyte
F-4844,all,34,15,6982,3337,39,18375,0,0,0,0,0,F,22,Alveolar type 2 cell,44,15,1,1,1_3,AT2
F-4847,all,28,16,6147,3704,17,56767,0,0,0,0,0,F,2,Alveolar type 1 cell,38,16,6,6,6,AT1
F-4849,all,85,33,7382,2080,21,119793,0,0,0,0,0,F,14,Alveolar type 1 cell,60,33,6,6,6,AT1
F-4851,all,7,7,5986,2672,13,22068,0,0,0,0,0,F,2,Sox9+/Id2+ epithelial cell,27,8,3,3,3_6,SCMF
F-4852,all,31,24,7214,2212,23,66667,0,0,0,0,0,F,5,Neutrophil,37,25,2,2,2_2,InflamMac
F-4855,all,20,11,6378,2754,25,50955,0,0,0,0,0,F,4,Pericyte,38,11,5,5,5_1,Pericyte
F-4856,all,97,28,6092,2400,26,100322,0,0,0,0,0,F,17,Arterial endothelial cell,57,25,6,6,6,AT1
F-4857,all,56,18,7163,3392,8,44053,0,0,0,0,0,F,32,Alveolar type 2 cell,51,18,1,1,1_1,AT2
F-4858,all,87,28,7184,3269,14,64260,0,0,0,0,0,F,14,Alveolar type 1 cell,56,28,6,6,6,AT1
F-4859,all,30,18,6089,3554,16,39408,0,0,0,0,0,F,4,Capillary 1 cell,39,18,2,2,2_1,Capillary
F-4864,all,28,19,6463,2010,18,56834,0,0,0,0,0,F,3,Capillary 1 cell,42,19,2,2,2_1,Capillary
F-4865,all,67,35,6324,3193,29,107136,0,0,0,0,0,F,20,Pericyte,60,35,5,5,5_1,Pericyte
F-4866,all,32,25,6575,2012,12,44696,0,0,0,0,0,F,4,Neutrophil,36,24,2,2,2_1,Capillary
F-4869,all,96,30,5672,3237,26,94361,0,0,0,0,0,F,14,Sox9+/Id2+ epithelial cell,60,29,6,6,6,AT1
F-4870,all,25,13,5692,3531,14,36291,0,0,0,0,0,F,9,Alveolar type 2 cell,44,14,2,2,2_2,InflamMac
F-4871,all,30,23,6489,2185,15,79541,0,0,0,0,0,F,6,CD4+ T cell,36,23,7,7,7_2,PatrolMac
F-4872,all,142,62,6858,3050,19,149778,0,0,0,0,0,F,23,Alveolar type 1 cell,43,24,3,3,3_1,SMC
F-4875,all,23,14,5938,2604,37,43036,0,0,0,0,0,F,5,Alveolar type 1 cell,42,14,6,6,6,AT1
F-4877,all,18,13,7130,2281,27,68279,0,0,0,0,0,F,4,Alveolar fibroblast 1,40,14,3,3,3_5,SMC
F-4879,all,41,14,6546,2085,34,48561,0,0,0,0,0,F,31,Alveolar type 2 cell,45,14,1,1,1_3,AT2
F-4880,all,13,11,5775,3070,36,32252,0,0,0,0,0,F,2,Endothelial progenitor cell,30,10,2,2,2_1,Capillary
F-4881,all,18,14,6083,2949,26,32667,0,0,0,0,0,F,3,Natural killer cell,40,15,2,2,2_2,InflamMac
F-4882,all,27,19,6124,3564,14,41985,0,0,0,0,0,F,7,Innate lymphoid cell,43,19,6,6,6,AT1
F-4883,all,36,25,5626,3756,21,61609,0,0,0,0,0,F,7,Capillary 1 cell,40,25,2,2,2_1,Capillary
F-4884,all,33,26,7340,2355,28,58904,0,0,0,0,0,F,3,Alveolar fibroblast 1,39,26,3,3,3_4,AdventitialFib
F-4888,all,55,23,6650,3327,15,52134,0,0,0,0,0,F,19,Sox9+/Id2+ epithelial cell,52,23,2,2,2_1,Capillary
F-4889,all,105,51,6583,3492,20,110963,0,0,0,0,0,F,35,Alveolar fibroblast 1,62,43,5,5,5_1,Pericyte
F-4890,all,17,10,5772,2883,11,39368,0,0,0,0,0,F,8,B cell,32,10,9,9,9,Bcell
F-4892,all,205,61,6649,3517,25,121995,0,0,0,0,0,F,56,Vascular smooth muscle cell,49,26,6,6,6,AT1
F-4893,all,26,16,6815,2944,31,39906,0,0,0,0,0,F,12,Neutrophil,46,16,1,1,1_3,AT2
F-4894,all,56,33,5761,2789,28,76459,0,0,0,0,0,F,8,Capillary 1 cell,54,33,2,2,2_3,Vein
F-4897,all,37,19,6565,2239,20,40955,0,0,0,0,0,F,6,Natural killer cell,42,19,7,7,7_3,Tcell (CD8)
F-4901,all,13,11,6244,2272,19,53511,0,0,0,0,0,F,5,Secondary crest myofibroblast,32,12,3,3,3_1,SMC
F-4902,all,75,46,6107,2977,31,77348,0,0,0,0,0,F,8,CD8+ T cell,57,46,2,2,2_2,InflamMac
F-4903,all,29,19,5993,2783,28,52670,0,0,0,0,0,F,6,Arterial endothelial cell,38,19,2,2,2_4,Artery
F-4906,all,50,28,6621,3420,18,83016,0,0,0,0,0,F,15,Pericyte,50,28,5,5,5_1,Pericyte
F-4907,all,28,21,6039,2807,34,59039,0,0,0,0,0,F,7,Capillary 1 cell,39,22,3,3,3_1,SMC
F-4910,all,83,46,6343,3269,24,111189,51,0,51,0,1,F,12,Alveolar fibroblast 1,61,46,1,1,1_5_4,pDC
F-4911,all,25,21,6130,3376,36,63547,0,0,0,0,0,F,4,Alveolar fibroblast 1,47,22,2,2,2_4,Artery
F-4913,all,7,5,7368,2143,41,12402,0,0,0,0,0,F,2,Alveolar type 1 cell,29,6,6,6,6,AT1
F-4916,all,56,31,7177,3450,29,71449,0,0,0,0,0,F,4,Sox9+/Id2+ epithelial cell,54,31,2,2,2_3,Vein
F-4917,all,11,5,6422,2036,5,11287,0,0,0,0,0,F,3,Venous endothelial cell,31,5,2,2,2_3,Vein
F-4918,all,33,18,6148,2993,38,26832,0,0,0,0,0,F,5,Proliferative mesenchymal progenitor cell,43,19,3,3,3_1,SMC
F-4919,all,84,27,6344,3714,25,87466,0,0,0,0,0,F,47,Alveolar type 2 cell,58,27,1,1,1_3,AT2
F-4920,all,41,23,5743,3423,22,74130,0,0,0,0,0,F,7,Sox9+/Id2+ epithelial cell,42,23,2,2,2_1,Capillary
F-4923,all,81,42,6429,2185,18,125040,0,0,0,0,0,F,19,Alveolar fibroblast 1,59,42,2,2,2_1,Capillary
F-4924,all,84,40,5676,3274,18,81020,0,0,0,0,0,F,13,Alveolar fibroblast 1,60,40,7,7,7_3,Tcell (CD8)
F-4926,all,16,11,6867,2933,38,21673,0,0,0,0,0,F,5,Pericyte,36,11,5,5,5_1,Pericyte
F-4927,all,26,11,5676,2644,34,49069,0,0,0,0,0,F,3,Alveolar fibroblast 1,46,11,3,3,3_4,AdventitialFib
F-4928,all,38,16,6924,3332,34,68427,0,0,0,0,0,F,10,Natural killer cell,44,16,7,7,7_4,PatrolMac
F-4929,all,24,16,7133,3440,30,34733,0,0,0,0,0,F,6,Pericyte,44,16,5,5,5_3,Pericyte
F-4930,all,7,7,7081,2264,20,37487,0,0,0,0,0,F,4,Alveolar type 1 cell,25,9,3,3,3_1,SMC
F-4932,all,7,4,6797,2885,20,23556,0,0,0,0,0,F,5,Alveolar type 2 cell,35,5,1,1,1_1,AT2
F-4933,all,142,31,6261,3068,18,105450,0,0,0,0,0,F,102,Alveolar type 2 cell,43,7,1,1,1_3,AT2
F-4935,all,17,9,7296,3593,13,14799,0,0,0,0,0,F,10,Alveolar macrophage,29,9,4,4,4_1_2,CiliatedEpi
F-4936,all,41,26,6644,3360,14,52637,0,0,0,0,0,F,12,Alveolar type 2 cell,43,26,2,2,2_6,pDC
F-4940,all,33,16,6579,3674,14,38075,0,0,0,0,0,F,11,Pericyte,41,16,5,5,5_1,Pericyte
F-4941,all,15,14,6564,2837,28,42013,50,0,50,0,1,F,3,B cell,30,14,9,9,9,Bcell
F-4942,all,9,8,5651,2424,24,20363,0,0,0,0,0,F,2,Alveolar fibroblast 1,27,9,1,1,1_4_3,AlveolarFib
F-4943,all,94,37,5696,3378,19,102093,0,0,0,0,0,F,16,Alveolar fibroblast 1,63,37,2,2,2_4,Artery
F-4944,all,32,22,6341,3229,30,33521,0,0,0,0,0,F,6,Alveolar fibroblast 1,40,23,2,2,2_4,Artery
F-4948,all,115,17,6483,3428,24,101856,0,0,0,0,0,F,100,AT1/AT2,49,10,1,1,1_3,AT2
F-4950,all,27,15,6450,2040,8,23499,0,0,0,0,0,F,3,B cell,42,15,2,2,2_6,pDC
F-4952,all,6,4,7241,2123,10,11441,0,0,0,0,0,F,4,Alveolar type 1 cell,26,6,6,6,6,AT1
F-4953,all,74,29,6192,2355,23,138100,50,50,0,1,0,F,12,Alveolar type 1 cell,54,30,1,1,1_4_1,AlveolarFib
F-4954,all,9,8,6146,2395,32,16720,0,0,0,0,0,F,4,Alveolar fibroblast 1,24,8,6,6,6,AT1
F-4955,all,19,12,6147,3637,21,30869,0,0,0,0,0,F,7,Alveolar fibroblast 1,38,13,1,1,1_5_1,LymphaticEndo
F-4957,all,12,7,7153,3260,4,11775,0,0,0,0,0,F,3,Proliferative mesenchymal progenitor cell,34,8,3,3,3_1,SMC
F-4959,all,20,3,5632,3532,5,9840,0,0,0,0,0,F,18,Sox9+/Id2+ epithelial cell,43,3,1,1,1_1,AT2
F-4961,all,24,17,7239,2179,19,42895,0,0,0,0,0,F,5,Alveolar type 1 cell,44,17,6,6,6,AT1
F-4966,all,26,17,6590,2049,19,50735,0,0,0,0,0,F,2,Capillary 1 cell,46,16,2,2,2_1,Capillary
F-4968,all,12,9,6123,2932,17,24254,0,0,0,0,0,F,2,CD8+ T cell,33,10,2,2,2_2,InflamMac
F-4969,all,28,18,5682,3309,28,34256,0,0,0,0,0,F,4,B cell,39,18,3,3,3_4,AdventitialFib
F-4970,all,6,5,6568,3753,5,19854,0,0,0,0,0,F,2,Capillary 1 cell,31,8,2,2,2_1,Capillary
F-4976,all,7,5,6923,3178,5,8328,0,0,0,0,0,F,2,Pericyte,22,8,5,5,5_3,Pericyte
F-4981,all,33,24,6086,2341,34,53615,0,0,0,0,0,F,4,Alveolar type 1 cell,39,26,2,2,2_5,DC
F-4985,all,31,20,6524,5234,34,41267,0,0,0,0,0,F,3,CD8+ T cell,44,21,2,2,2_2,InflamMac
F-4986,all,47,24,5615,4697,21,74647,0,0,0,0,0,F,17,Pericyte,47,24,5,5,5_1,Pericyte
F-4987,all,124,43,5875,4853,24,86067,1046,321,725,0.3068834,0.6931166,F,17,Alveolar macrophage,49,23,8,8,8_1,AlveolarMac
F-4988,all,57,30,7339,5416,31,62070,0,0,0,0,0,F,3,Natural killer cell,55,30,7,7,7_2,PatrolMac
F-4989,all,31,20,6272,3851,25,74895,0,0,0,0,0,F,16,Pericyte,41,21,3,3,3_1,SMC
F-4990,all,40,25,7071,4346,22,60503,0,0,0,0,0,F,10,Pericyte,40,25,5,5,5_1,Pericyte
F-4991,all,87,34,6153,5481,14,76731,0,0,0,0,0,F,16,Alveolar macrophage,60,33,8,8,8_1,AlveolarMac
F-4993,all,41,17,6876,5313,31,43560,0,0,0,0,0,F,26,Capillary 1 cell,45,17,2,2,2_3,Vein
F-4994,all,29,16,6412,5366,35,33756,0,0,0,0,0,F,5,Endothelial progenitor cell,38,16,2,2,2_6,pDC
F-4995,all,64,32,7162,5296,30,92249,0,0,0,0,0,F,15,Alveolar macrophage,56,32,8,8,8_1,AlveolarMac
F-4996,all,64,33,6498,5125,33,79056,0,0,0,0,0,F,28,Pericyte,56,33,5,5,5_1,Pericyte
F-5000,all,25,15,6768,4916,12,26364,0,0,0,0,0,F,8,Sox9+/Id2+ epithelial cell,41,15,2,2,2_3,Vein
F-5002,all,13,11,5934,4309,13,47239,0,0,0,0,0,F,6,Pericyte,32,11,5,5,5_1,Pericyte
F-5003,all,82,26,5758,4910,20,76918,104,0,104,0,1,F,45,Pericyte,56,26,5,5,5_3,Pericyte
F-5004,all,439,43,5910,4809,19,101378,980576,187720,792856,0.1914385,0.8085615,F,4,Inflammatory monocyte,61,10,1,1,1_6_2,Neutrophil
F-5005,all,32,19,6118,4404,14,42190,0,0,0,0,0,F,4,CD8+ T cell,40,20,2,2,2_2,InflamMac
F-5007,all,190,51,6260,4642,21,136205,49227,40044,9183,0.813456,0.186544,F,99,B cell,49,18,9,9,9,Bcell
F-5008,all,15,11,5797,4326,34,30953,0,0,0,0,0,F,3,Capillary 1 cell,33,11,2,2,2_6,pDC
F-5009,all,10,6,6492,5479,7,17567,0,0,0,0,0,F,4,Capillary 1 cell,31,7,2,2,2_3,Vein
F-5010,all,61,29,6786,4610,20,88922,0,0,0,0,0,F,17,Alveolar macrophage,56,29,8,8,8_1,AlveolarMac
F-5011,all,25,17,5894,5253,34,58241,0,0,0,0,0,F,6,Venous endothelial cell,44,18,3,3,3_1,SMC
F-5014,all,31,18,6015,5051,26,47009,0,0,0,0,0,F,7,Capillary 1 cell,41,18,9,9,9,Bcell
F-5015,all,107,49,7145,4280,9,80117,0,0,0,0,0,F,23,Inflammatory monocyte,57,38,3,3,3_1,SMC
F-5016,all,34,17,5825,5171,31,66293,0,0,0,0,0,F,20,Pericyte,44,17,5,5,5_3,Pericyte
F-5017,all,101,41,6485,5337,26,126916,0,0,0,0,0,F,35,Alveolar type 1 cell,59,36,6,6,6,AT1
F-5018,all,23,3,6309,5150,9,15453,0,0,0,0,0,F,11,Sox9+/Id2+ epithelial cell,40,3,1,1,1_1,AT2
F-5021,all,22,13,5989,5075,31,41233,0,0,0,0,0,F,2,Capillary 1 cell,42,13,2,2,2_3,Vein
F-5022,all,11,9,6002,4622,39,18595,0,0,0,0,0,F,2,Alveolar type 1 cell,34,9,6,6,6,AT1
F-5024,all,26,19,7383,5081,11,78519,0,0,0,0,0,F,6,Pericyte,48,19,5,5,5_3,Pericyte
F-5025,all,71,46,7217,5385,14,120085,0,0,0,0,0,F,12,Pericyte,56,46,5,5,5_1,Pericyte
F-5027,all,37,25,6851,5054,32,83396,0,0,0,0,0,F,9,Ciliated cell,41,24,2,2,2_1,Capillary
F-5028,all,61,35,6459,3955,22,76167,0,0,0,0,0,F,10,Capillary 1 cell,56,34,2,2,2_1,Capillary
F-5029,all,22,13,6951,4457,15,48741,0,0,0,0,0,F,5,Arterial endothelial cell,40,13,2,2,2_4,Artery
F-5030,all,69,37,7086,4304,11,61598,0,0,0,0,0,F,17,Capillary 1 cell,56,37,2,2,2_1,Capillary
F-5031,all,65,26,6672,4651,23,93030,0,0,0,0,0,F,10,Capillary 1 cell,55,25,2,2,2_1,Capillary
F-5032,all,26,14,6080,4600,35,35593,0,0,0,0,0,F,5,Natural killer cell,43,14,7,7,7_3,Tcell (CD8)
F-5034,all,11,10,6778,4732,38,24628,0,0,0,0,0,F,2,Capillary 1 cell,33,10,2,2,2_3,Vein
F-5036,all,45,27,7169,4775,17,93692,0,0,0,0,0,F,12,B cell,45,27,9,9,9,Bcell
F-5037,all,20,16,5730,5092,34,48039,0,0,0,0,0,F,7,Secondary crest myofibroblast,39,16,5,5,5_1,Pericyte
F-5039,all,23,18,5765,5344,18,58916,0,0,0,0,0,F,5,Capillary 1 cell,42,18,2,2,2_3,Vein
F-5040,all,43,31,6582,4572,21,72020,0,0,0,0,0,F,8,Capillary 1 cell,43,31,3,3,3_4,AdventitialFib
F-5041,all,17,11,6114,5360,38,35828,0,0,0,0,0,F,4,Capillary 1 cell,38,12,2,2,2_2,InflamMac
F-5042,all,80,44,7377,4584,17,80200,0,0,0,0,0,F,5,Inflammatory monocyte,59,44,7,7,7_3,Tcell (CD8)
F-5043,all,61,43,6074,5389,24,108783,0,0,0,0,0,F,10,Pericyte,59,43,5,5,5_1,Pericyte
F-5044,all,72,44,7317,4408,33,61269,0,0,0,0,0,F,8,Pericyte,58,44,5,5,5_3,Pericyte
F-5045,all,63,37,6834,5341,22,86427,0,0,0,0,0,F,16,Alveolar fibroblast 1,56,37,1,1,1_5_2,AlveolarFib
F-5048,all,115,39,5824,4937,20,82478,0,0,0,0,0,F,40,Alveolar type 1 cell,50,24,6,6,6,AT1
F-5049,all,111,23,5758,5174,29,92662,0,0,0,0,0,F,84,Alveolar type 2 cell,47,10,1,1,1_3,AT2
F-5050,all,129,21,7208,4170,15,96102,0,0,0,0,0,F,109,Alveolar type 2 cell,47,10,1,1,1_3,AT2
F-5051,all,96,34,7249,3911,18,90512,0,0,0,0,0,F,48,Alveolar type 2 cell,61,33,1,1,1_1,AT2
F-5052,all,41,22,5880,5057,24,77987,0,0,0,0,0,F,2,Capillary 2 cell,46,23,2,2,2_1,Capillary
F-5055,all,62,36,7218,3857,11,51035,0,0,0,0,0,F,13,Pericyte,56,36,5,5,5_1,Pericyte
F-5056,all,66,37,5771,5401,14,84124,0,0,0,0,0,F,14,Pericyte,58,37,5,5,5_1,Pericyte
F-5057,all,36,22,6580,3896,26,39882,0,0,0,0,0,F,6,Capillary 1 cell,43,22,2,2,2_1,Capillary
F-5058,all,40,22,7145,5180,23,85625,0,0,0,0,0,F,10,B cell,42,22,9,9,9,Bcell
F-5059,all,14,10,6241,5337,39,44526,0,0,0,0,0,F,3,Endothelial progenitor cell,36,10,2,2,2_1,Capillary
F-5060,all,63,20,7238,4222,11,57240,0,0,0,0,0,F,40,Alveolar type 2 cell,53,20,1,1,1_1,AT2
F-5061,all,51,25,5703,4821,23,99369,61360,15460,45900,0.2519557,0.7480443,F,15,Pericyte,51,25,5,5,5_1,Pericyte
F-5062,all,8,5,6437,5270,38,50899,0,0,0,0,0,F,2,CD4+ T cell,23,7,7,7,7_2,PatrolMac
F-5063,all,87,44,6990,5275,29,100173,52,0,52,0,1,F,22,Alveolar macrophage,63,44,8,8,8_1,AlveolarMac
F-5065,all,143,26,5688,4714,13,91827,59897,0,59897,0,1,F,85,Alveolar type 2 cell,50,12,1,1,1_1,AT2
F-5066,all,35,20,6153,4015,35,44798,0,0,0,0,0,F,9,CD4+ T cell,41,21,2,2,2_1,Capillary
F-5069,all,33,20,6548,4057,16,32826,0,0,0,0,0,F,9,Alveolar fibroblast 1,41,19,2,2,2_1,Capillary
F-5070,all,51,24,6240,3964,24,88281,0,0,0,0,0,F,15,Arterial endothelial cell,50,24,2,2,2_6,pDC
F-5073,all,64,33,6300,5579,10,71781,0,0,0,0,0,F,10,Alveolar fibroblast 1,59,33,1,1,1_5_1,LymphaticEndo
F-5074,all,15,12,5669,5660,35,35512,0,0,0,0,0,F,2,B cell,31,12,9,9,9,Bcell
F-5077,all,43,25,7200,4042,12,32693,0,0,0,0,0,F,6,Capillary 1 cell,44,25,2,2,2_1,Capillary
F-5081,all,28,14,6729,5441,8,19740,0,0,0,0,0,F,10,Alveolar type 1 cell,43,14,6,6,6,AT1
F-5082,all,39,22,6613,5524,16,62566,0,0,0,0,0,F,9,Capillary 1 cell,42,23,2,2,2_2,InflamMac
F-5085,all,13,9,6549,5259,31,46362,0,0,0,0,0,F,4,Arterial endothelial cell,37,11,2,2,2_4,Artery
F-5087,all,7,3,7219,5279,14,23710,0,0,0,0,0,F,6,CD8+ T cell,27,5,2,2,2_2,InflamMac
F-5088,all,9,7,5805,5669,19,57466,0,0,0,0,0,F,2,Alveolar fibroblast 1,29,8,1,1,1_5_4,pDC
F-5090,all,40,23,7059,5259,21,59234,0,0,0,0,0,F,8,Alveolar macrophage,43,23,8,8,8_1,AlveolarMac
F-5091,all,20,12,6523,3915,29,30007,0,0,0,0,0,F,5,Pericyte,39,12,5,5,5_1,Pericyte
F-5092,all,23,6,6151,5223,15,20607,0,0,0,0,0,F,21,Alveolar type 2 cell,44,6,1,1,1_1,AT2
F-5093,all,103,39,6406,4026,23,81802,50,0,50,0,1,F,15,Alveolar type 1 cell,50,26,6,6,6,AT1
F-5096,all,28,23,7257,5522,38,53879,0,0,0,0,0,F,2,Mesothelial cell,43,23,3,3,3_3,AdventitialFib
F-5097,all,33,20,6096,5435,30,48122,0,0,0,0,0,F,8,Endothelial progenitor cell,41,20,5,5,5_3,Pericyte
F-5100,all,37,17,5696,4648,19,65725,0,0,0,0,0,F,12,Capillary 1 cell,43,17,2,2,2_1,Capillary
F-5101,all,56,24,6217,4256,21,64828,0,0,0,0,0,F,33,Pericyte,54,24,5,5,5_3,Pericyte
F-5103,all,89,33,6541,5083,29,112289,0,0,0,0,0,F,47,B cell,60,33,9,9,9,Bcell
F-5104,all,42,26,6701,4944,20,89244,0,0,0,0,0,F,15,Inflammatory monocyte,42,26,5,5,5_1,Pericyte
F-5105,all,87,37,7202,4237,13,86091,0,0,0,0,0,F,11,Venous endothelial cell,59,38,2,2,2_5,DC
F-5106,all,19,13,6652,5407,20,42306,0,0,0,0,0,F,10,Pericyte,37,13,5,5,5_1,Pericyte
F-5107,all,30,22,6067,4411,29,62052,0,0,0,0,0,F,7,Capillary 1 cell,37,22,2,2,2_1,Capillary
F-5108,all,68,37,6684,4160,15,91528,0,0,0,0,0,F,13,Alveolar fibroblast 1,56,38,1,1,1_5_1,LymphaticEndo
F-5109,all,36,22,5877,5517,24,105377,0,0,0,0,0,F,10,Capillary 1 cell,41,22,6,6,6,AT1
F-5111,all,39,25,7176,5435,33,36676,0,0,0,0,0,F,2,Alveolar fibroblast 1,42,25,2,2,2_3,Vein
F-5112,all,52,11,7129,5489,21,25695,0,0,0,0,0,F,43,Alveolar type 2 cell,49,11,1,1,1_1,AT2
F-5113,all,65,12,6640,4096,15,55086,0,0,0,0,0,F,49,Alveolar type 2 cell,51,12,1,1,1_1,AT2
F-5114,all,40,21,6707,5599,32,35194,0,0,0,0,0,F,4,Alveolar type 1 cell,44,21,6,6,6,AT1
F-5115,all,74,40,6884,5660,30,91704,0,0,0,0,0,F,9,Alveolar fibroblast 1,55,39,1,1,1_5_1,LymphaticEndo
F-5116,all,15,10,5991,5594,13,26927,0,0,0,0,0,F,2,Alveolar fibroblast 1,31,11,1,1,1_5_2,AlveolarFib
F-5117,all,120,28,5612,5124,21,105638,0,0,0,0,0,F,79,Alveolar type 2 cell,44,12,1,1,1_3,AT2
F-5119,all,44,22,6541,4590,36,37741,0,0,0,0,0,F,8,Innate lymphoid cell,45,22,6,6,6,AT1
F-5120,all,13,9,5751,4959,33,37264,0,0,0,0,0,F,6,B cell,34,9,1,1,1_1,AT2
F-5122,all,96,36,5920,5617,22,84123,0,0,0,0,0,F,8,T regulatory cell,64,36,7,7,7_2,PatrolMac
F-5123,all,48,18,5849,5656,29,69972,0,0,0,0,0,F,29,Alveolar type 2 cell,48,18,1,1,1_1,AT2
F-5124,all,78,40,7367,4310,26,79718,0,0,0,0,0,F,8,Mesothelial cell,54,40,3,3,3_3,AdventitialFib
F-5125,all,30,16,6100,5262,16,59993,0,0,0,0,0,F,5,Alveolar type 1 cell,43,17,1,1,1_4_1,AlveolarFib
F-5126,all,102,28,5712,4969,18,97736,0,0,0,0,0,F,17,Alveolar type 1 cell,56,26,6,6,6,AT1
F-5127,all,41,20,6184,4417,14,45055,0,0,0,0,0,F,8,Capillary 1 cell,44,19,2,2,2_1,Capillary
F-5131,all,30,19,6282,4223,18,66422,0,0,0,0,0,F,14,Capillary 1 cell,39,19,6,6,6,AT1
F-5132,all,111,38,6131,5118,20,97177,0,0,0,0,0,F,73,Pericyte,48,22,5,5,5_3,Pericyte
F-5133,all,35,17,7148,5472,21,29322,0,0,0,0,0,F,19,Alveolar fibroblast 1,42,17,3,3,3_4,AdventitialFib
F-5136,all,62,31,5876,4919,28,88557,0,0,0,0,0,F,6,Innate lymphoid cell,55,31,2,2,2_6,pDC
F-5137,all,98,20,6413,4361,23,70356,0,0,0,0,0,F,84,Alveolar type 2 cell,56,19,1,1,1_3,AT2
F-5138,all,20,12,5900,4321,18,34364,203,0,203,0,1,F,4,Alveolar fibroblast 1,43,13,2,2,2_4,Artery
F-5139,all,20,14,5870,4294,31,54772,0,0,0,0,0,F,5,Arterial endothelial cell,40,14,2,2,2_4,Artery
F-5140,all,37,16,6812,5438,33,34563,0,0,0,0,0,F,13,Alveolar type 1 cell,42,16,6,6,6,AT1
F-5141,all,30,19,5706,4856,15,56005,0,0,0,0,0,F,8,Arterial endothelial cell,38,19,2,2,2_4,Artery
F-5142,all,44,28,6593,3996,15,39635,0,0,0,0,0,F,8,Alveolar macrophage,44,28,8,8,8_3,InterstitialMac
F-5143,all,87,19,5872,5611,20,64941,0,0,0,0,0,F,69,Alveolar type 2 cell,57,19,1,1,1_1,AT2
F-5144,all,97,46,7179,3834,15,84390,0,0,0,0,0,F,16,Arterial endothelial cell,63,45,2,2,2_4,Artery
F-5145,all,19,9,5637,4998,28,45868,50,0,50,0,1,F,4,Endothelial progenitor cell,40,9,2,2,2_3,Vein
F-5146,all,87,45,6811,4258,10,84672,0,0,0,0,0,F,20,Arterial endothelial cell,62,45,2,2,2_1,Capillary
F-5148,all,27,21,7122,4719,12,38910,0,0,0,0,0,F,10,Pericyte,40,22,3,3,3_1,SMC
F-5149,all,14,11,6104,4575,37,35632,0,0,0,0,0,F,4,Proliferative mesenchymal progenitor cell,30,11,7,7,7_3,Tcell (CD8)
F-5150,all,47,31,6950,5389,29,66905,0,0,0,0,0,F,9,Alveolar fibroblast 1,51,32,1,1,1_4_1,AlveolarFib
F-5151,all,60,32,6022,3987,13,92327,0,0,0,0,0,F,14,Capillary 1 cell,55,32,2,2,2_1,Capillary
F-5153,all,50,24,7261,5023,23,60210,0,0,0,0,0,F,11,Alveolar macrophage,49,24,6,6,6,AT1
F-5154,all,29,14,5739,4486,33,15721,0,0,0,0,0,F,14,Alveolar type 1 cell,39,14,6,6,6,AT1
F-5156,all,25,18,6149,4412,22,31213,195,0,195,0,1,F,4,Natural killer cell,44,18,2,2,2_6,pDC
F-5158,all,14,9,6841,5420,33,21026,0,0,0,0,0,F,3,Endothelial progenitor cell,33,9,2,2,2_3,Vein
F-5160,all,36,23,5753,5462,31,68799,0,0,0,0,0,F,10,B cell,40,23,9,9,9,Bcell
F-5161,all,22,14,6113,4631,37,30479,0,0,0,0,0,F,6,Alveolar fibroblast 1,43,14,2,2,2_1,Capillary
F-5163,all,32,23,7055,4746,35,45244,0,0,0,0,0,F,3,Capillary 2 cell,41,23,8,8,8_2,InterstitialMac
F-5167,all,26,14,7432,5108,13,44543,0,0,0,0,0,F,11,Alveolar fibroblast 2,46,14,1,1,1_3,AT2
F-5168,all,13,11,5760,5520,37,38943,0,0,0,0,0,F,2,Capillary 1 cell,34,12,2,2,2_1,Capillary
F-5169,all,51,19,6594,4647,36,42698,0,0,0,0,0,F,15,Alveolar type 1 cell,49,19,6,6,6,AT1
F-5172,all,26,20,6943,5275,32,48832,0,0,0,0,0,F,2,Inflammatory monocyte,47,20,7,7,7_2,PatrolMac
F-5173,all,17,11,5657,5111,38,26742,0,0,0,0,0,F,12,Pericyte,37,11,5,5,5_3,Pericyte
F-5175,all,27,20,6801,5396,19,43874,0,0,0,0,0,F,5,Sox9+/Id2+ epithelial cell,43,21,2,2,2_3,Vein
F-5176,all,22,15,7202,4300,11,47125,0,0,0,0,0,F,8,B cell,38,15,9,9,9,Bcell
F-5177,all,34,10,7136,4378,17,23203,0,0,0,0,0,F,23,Sox9+/Id2+ epithelial cell,44,10,2,2,2_1,Capillary
F-5178,all,32,24,5841,4972,12,49053,0,0,0,0,0,F,14,Alveolar type 1 cell,39,24,2,2,2_3,Vein
F-5179,all,66,16,5976,4382,15,71832,20724,258,20669,0.01232857,0.9876714,F,10,Capillary 1 cell,52,16,2,2,2_3,Vein
F-5180,all,56,31,6407,4437,15,106198,220,107,113,0.4863636,0.5136364,F,10,Natural killer cell,54,31,7,7,7_2,PatrolMac
F-5181,all,41,23,6987,4472,14,54276,0,0,0,0,0,F,6,Arterial endothelial cell,43,23,6,6,6,AT1
F-5184,all,29,18,5824,4293,33,55321,0,0,0,0,0,F,9,Arterial endothelial cell,46,18,2,2,2_1,Capillary
F-5186,all,26,18,6778,5532,27,26025,0,0,0,0,0,F,2,Natural killer cell,47,18,2,2,2_2,InflamMac
F-5187,all,44,23,6340,5214,24,90954,0,0,0,0,0,F,9,Alveolar type 1 cell,46,23,5,5,5_3,Pericyte
F-5191,all,193,36,5668,4768,21,112545,467927,235742,288232,0.4499116,0.5500884,F,13,Alveolar macrophage,53,16,8,8,8_1,AlveolarMac
F-5193,all,78,45,6606,4044,27,78921,0,0,0,0,0,F,28,Pericyte,59,45,5,5,5_1,Pericyte
F-5194,all,33,18,5781,4012,22,57910,0,0,0,0,0,F,14,Secondary crest myofibroblast,40,19,3,3,3_1,SMC
F-5195,all,46,30,5634,4557,27,69094,0,0,0,0,0,F,9,Inflammatory monocyte,47,31,2,2,2_2,InflamMac
F-5196,all,42,26,6630,3992,13,47001,0,0,0,0,0,F,5,Interstitial macrophage,43,26,8,8,8_3,InterstitialMac
F-5197,all,53,30,6546,4013,14,61560,0,0,0,0,0,F,5,Endothelial progenitor cell,52,31,2,2,2_1,Capillary
F-5199,all,19,15,5708,5056,31,41194,0,0,0,0,0,F,4,Sox9+/Id2+ epithelial cell,39,15,5,5,5_3,Pericyte
F-5200,all,9,3,6937,5485,40,11155,0,0,0,0,0,F,8,Sox9+/Id2+ epithelial cell,36,4,1,1,1_1,AT2
F-5201,all,43,18,7091,5257,21,52127,0,0,0,0,0,F,6,Alveolar macrophage,42,18,8,8,8_1,AlveolarMac
F-5202,all,22,13,5788,5495,35,46732,0,0,0,0,0,F,12,Inflammatory monocyte,39,13,9,9,9,Bcell
F-5203,all,110,57,6502,4575,19,100663,0,0,0,0,0,F,23,Proliferative mesenchymal progenitor cell,50,36,6,6,6,AT1
F-5204,all,64,27,7410,4921,16,85373,0,0,0,0,0,F,19,Capillary 1 cell,56,27,2,2,2_1,Capillary
F-5205,all,25,18,5662,4966,26,55421,0,0,0,0,0,F,5,Chondrocyte,44,18,2,2,2_6,pDC
F-5206,all,119,36,7379,5377,15,86394,0,0,0,0,0,F,11,Alveolar type 1 cell,43,16,6,6,6,AT1
F-5207,all,33,20,7275,4986,12,40796,0,0,0,0,0,F,8,Alveolar type 1 cell,40,20,6,6,6,AT1
F-5209,all,76,20,6136,5165,23,50028,0,0,0,0,0,F,60,Sox9+/Id2+ epithelial cell,54,21,3,3,3_1,SMC
F-5210,all,18,15,7127,5397,26,31193,0,0,0,0,0,F,3,B cell,38,15,9,9,9,Bcell
F-5211,all,51,17,6339,5531,30,42547,0,0,0,0,0,F,9,Alveolar type 1 cell,50,17,6,6,6,AT1
F-5212,all,83,24,7375,4868,13,82908,0,0,0,0,0,F,55,Alveolar type 2 cell,53,24,1,1,1_1,AT2
F-5213,all,102,28,5927,5301,21,82763,0,0,0,0,0,F,75,Alveolar type 2 cell,52,20,1,1,1_3,AT2
F-5215,all,85,41,6690,5350,29,87990,0,0,0,0,0,F,36,Pericyte,62,41,1,1,1_3,AT2
F-5217,all,65,30,6607,3848,16,100022,0,0,0,0,0,F,7,Capillary 1 cell,55,30,2,2,2_6,pDC
F-5218,all,64,24,6002,4530,23,56849,0,0,0,0,0,F,6,Alveolar type 1 cell,55,24,6,6,6,AT1
F-5219,all,30,19,6473,5442,20,45364,0,0,0,0,0,F,12,Pericyte,39,19,5,5,5_1,Pericyte
F-5220,all,68,36,6195,4346,30,101674,0,0,0,0,0,F,17,Alveolar fibroblast 1,57,36,1,1,1_5_1,LymphaticEndo
F-5221,all,19,11,7092,5412,33,55086,0,0,0,0,0,F,10,B cell,37,11,9,9,9,Bcell
F-5222,all,40,15,6302,4268,16,48415,0,0,0,0,0,F,10,Sox9+/Id2+ epithelial cell,45,15,6,6,6,AT1
F-5223,all,29,17,7327,4169,22,50276,0,0,0,0,0,F,2,Inflammatory monocyte,43,19,2,2,2_5,DC
F-5224,all,141,61,7266,4412,23,127458,272,0,272,0,1,F,16,Capillary 1 cell,48,34,2,2,2_5,DC
F-5227,all,6,4,6190,5481,18,29314,0,0,0,0,0,F,3,Pericyte,23,6,5,5,5_1,Pericyte
F-5228,all,93,26,6032,4371,26,47403,45609,21588,19067,0.5310048,0.4689952,F,23,Venous endothelial cell,59,26,2,2,2_1,Capillary
F-5229,all,43,23,6568,3943,24,75289,121,59,62,0.4876033,0.5123967,F,11,B cell,43,23,9,9,9,Bcell
F-5230,all,96,45,7185,3997,12,66015,0,0,0,0,0,F,11,Arterial endothelial cell,63,45,2,2,2_1,Capillary
F-5231,all,11,8,6151,4633,31,23822,0,0,0,0,0,F,6,Alveolar fibroblast 1,33,9,1,1,1_5_1,LymphaticEndo
F-5232,all,49,34,7286,5193,15,69759,0,0,0,0,0,F,6,Alveolar type 2 cell,49,34,8,8,8_2,InterstitialMac
F-5233,all,64,36,5969,4939,29,79122,0,0,0,0,0,F,7,Capillary 1 cell,58,36,2,2,2_3,Vein
F-5235,all,86,54,7037,4707,30,84718,0,0,0,0,0,F,16,Interstitial macrophage,67,54,8,8,8_3,InterstitialMac
F-5236,all,34,19,6008,4472,33,41506,11996,26402,8428,0.7580247,0.2419753,F,11,Pericyte,41,19,5,5,5_1,Pericyte
F-5237,all,120,35,6794,4402,27,111387,0,0,0,0,0,F,79,Alveolar type 2 cell,45,16,2,2,2_1,Capillary
F-5239,all,117,26,7025,4429,19,91532,0,0,0,0,0,F,28,Alveolar type 1 cell,49,16,6,6,6,AT1
F-5242,all,27,16,6057,5554,22,56839,0,0,0,0,0,F,5,Capillary 1 cell,43,16,2,2,2_1,Capillary
F-5243,all,67,28,7136,4409,19,79906,0,0,0,0,0,F,33,Alveolar type 2 cell,54,29,2,2,2_2,InflamMac
F-5247,all,48,23,5661,4666,14,62300,0,0,0,0,0,F,24,Alveolar fibroblast 1,47,23,1,1,1_5_1,LymphaticEndo
F-5249,all,77,36,5853,4164,20,96138,0,0,0,0,0,F,35,Interstitial macrophage,57,36,8,8,8_3,InterstitialMac
F-5250,all,110,17,6923,4323,15,107959,0,0,0,0,0,F,92,Alveolar type 2 cell,52,13,1,1,1_1,AT2
F-5251,all,86,12,6584,5333,26,48573,0,0,0,0,0,F,74,Alveolar type 2 cell,54,12,1,1,1_1,AT2
F-5253,all,60,37,6295,5483,18,94634,0,0,0,0,0,F,14,Sox9+/Id2+ epithelial cell,56,37,8,8,8_2,InterstitialMac
F-5254,all,55,29,5757,5297,26,77236,0,0,0,0,0,F,14,Arterial endothelial cell,53,29,2,2,2_4,Artery
F-5255,all,69,46,5953,4984,28,95675,0,0,0,0,0,F,18,Natural killer cell,58,46,3,3,3_6,SCMF
F-5256,all,52,27,7168,4359,26,67428,0,0,0,0,0,F,15,Capillary 1 cell,52,27,2,2,2_1,Capillary
F-5258,all,43,23,6517,5362,16,63884,0,0,0,0,0,F,10,Alveolar type 2 cell,44,23,1,1,1_1,AT2
F-5259,all,250,39,5638,4806,21,125777,419957,189827,174083,0.5216317,0.4783683,F,10,Inflammatory monocyte,58,12,8,8,8_1,AlveolarMac
F-5261,all,31,12,6258,5404,39,30668,0,0,0,0,0,F,3,Alveolar fibroblast 1,43,13,1,1,1_4_1,AlveolarFib
F-5262,all,41,23,6812,4651,32,86479,0,0,0,0,0,F,8,Capillary 1 cell,42,23,8,8,8_1,AlveolarMac
F-5264,all,102,26,6539,4176,28,96338,0,0,0,0,0,F,20,Alveolar type 1 cell,55,21,6,6,6,AT1
F-5266,all,25,16,5779,4943,31,34715,0,0,0,0,0,F,9,Alveolar fibroblast 1,44,16,6,6,6,AT1
F-5268,all,250,31,5956,4653,16,85059,621846,432412,189434,0.6953683,0.3046317,F,52,Interstitial macrophage,56,6,1,1,1_3,AT2
F-5269,all,21,14,6386,5305,14,79196,0,0,0,0,0,F,8,Pericyte,39,14,5,5,5_3,Pericyte
F-5270,all,69,18,5969,5351,18,62600,0,0,0,0,0,F,52,Alveolar type 2 cell,53,18,1,1,1_3,AT2
F-5271,all,57,36,5856,5012,16,115675,0,0,0,0,0,F,12,Alveolar fibroblast 1,57,37,3,3,3_5,SMC
F-5272,all,68,22,6475,5414,20,37798,0,0,0,0,0,F,53,Alveolar type 2 cell,54,22,1,1,1_1,AT2
F-5273,all,31,21,7371,4394,34,25288,0,0,0,0,0,F,2,B cell,39,21,1,1,1_2_1,Tcell (CD4)
F-5274,all,27,18,6401,4288,19,67976,0,0,0,0,0,F,8,Alveolar type 2 cell,47,18,7,7,7_2,PatrolMac
F-5276,all,100,22,6890,5352,25,78802,0,0,0,0,0,F,83,Alveolar type 2 cell,52,15,1,1,1_3,AT2
F-5279,all,34,18,7427,5354,35,56735,0,0,0,0,0,F,2,Proliferative mesenchymal progenitor cell,41,19,3,3,3_1,SMC
F-5280,all,21,10,6006,4572,37,19901,0,0,0,0,0,F,3,Alveolar type 1 cell,41,10,6,6,6,AT1
F-5282,all,81,41,7222,3964,22,67427,0,0,0,0,0,F,6,Sox9+/Id2+ epithelial cell,57,42,1,1,1_6_2,Neutrophil
F-5288,all,23,5,6635,5341,22,35248,0,0,0,0,0,F,17,Sox9+/Id2+ epithelial cell,43,5,1,1,1_1,AT2
F-5291,all,14,11,5931,4531,38,24382,0,0,0,0,0,F,2,Capillary 1 cell,36,12,2,2,2_1,Capillary
F-5292,all,111,52,7264,4348,25,102129,0,0,0,0,0,F,22,Alveolar type 1 cell,49,30,6,6,6,AT1
F-5293,all,104,53,6026,5653,17,121684,0,0,0,0,0,F,17,B cell,62,44,9,9,9,Bcell
F-5294,all,26,17,7162,5135,37,62839,0,0,0,0,0,F,9,B cell,42,17,9,9,9,Bcell
F-5295,all,41,21,5940,4471,19,70719,96567,15892,6596,0.706688,0.293312,F,10,Endothelial progenitor cell,44,21,2,2,2_3,Vein
F-5296,all,39,22,7407,4521,32,48618,0,0,0,0,0,F,6,B cell,45,22,2,2,2_6,pDC
F-5297,all,42,22,6677,5407,28,39372,0,0,0,0,0,F,11,Pericyte,44,22,5,5,5_1,Pericyte
F-5301,all,32,20,6992,5183,27,50735,0,0,0,0,0,F,11,T regulatory cell,40,20,7,7,7_2,PatrolMac
F-5304,all,40,16,6555,4647,39,35637,0,0,0,0,0,F,5,Alveolar type 1 cell,44,16,6,6,6,AT1
F-5305,all,10,10,6355,5140,38,28912,0,0,0,0,0,F,2,Innate lymphoid cell,26,10,3,3,3_4,AdventitialFib
F-5308,all,27,17,7411,4480,17,44848,0,0,0,0,0,F,3,CD8+ T cell,43,17,7,7,7_3,Tcell (CD8)
F-5309,all,28,16,6183,4542,39,25357,0,0,0,0,0,F,3,Alveolar type 1 cell,43,16,1,1,1_5_2,AlveolarFib
F-5311,all,45,27,6124,5304,18,98601,0,0,0,0,0,F,6,Alveolar fibroblast 1,45,27,1,1,1_5_1,LymphaticEndo
F-5312,all,116,25,7245,4153,14,85448,0,0,0,0,0,F,84,Alveolar type 2 cell,48,15,1,1,1_3,AT2
F-5314,all,31,15,7297,5266,23,81002,0,0,0,0,0,F,3,CD8+ T cell,40,15,7,7,7_4,PatrolMac
F-5318,all,27,18,6451,3992,17,68286,0,0,0,0,0,F,3,Neutrophil,43,18,7,7,7_4,PatrolMac
F-5320,all,22,14,7085,4654,28,31120,0,0,0,0,0,F,6,Arterial endothelial cell,40,14,2,2,2_4,Artery
F-5321,all,36,28,6595,3931,22,57126,0,0,0,0,0,F,7,B cell,39,28,9,9,9,Bcell
F-5323,all,36,20,6724,5661,29,27947,0,0,0,0,0,F,17,Alveolar fibroblast 1,44,21,3,3,3_1,SMC
F-5324,all,28,22,6379,4247,16,54631,0,0,0,0,0,F,10,Capillary 1 cell,42,22,1,1,1_5_1,LymphaticEndo
F-5325,all,15,11,6038,5601,20,25216,0,0,0,0,0,F,5,AT1/AT2,35,11,1,1,1_5_2,AlveolarFib
F-5326,all,23,12,6751,4757,29,21852,0,0,0,0,0,F,7,Alveolar fibroblast 1,42,12,2,2,2_1,Capillary
F-5328,all,40,25,6727,4729,17,90351,0,0,0,0,0,F,8,Pericyte,41,25,5,5,5_1,Pericyte
F-5336,all,47,31,6498,5176,36,74001,0,0,0,0,0,F,12,Pericyte,47,31,5,5,5_1,Pericyte
F-5337,all,42,26,6524,3962,13,94671,0,0,0,0,0,F,13,Venous endothelial cell,43,26,2,2,2_3,Vein
F-5338,all,50,12,6139,5196,15,36855,0,0,0,0,0,F,40,Alveolar type 2 cell,49,12,1,1,1_1,AT2
F-5339,all,122,33,7209,5448,26,100120,0,0,0,0,0,F,81,Alveolar type 2 cell,43,12,1,1,1_1,AT2
F-5340,all,17,12,6977,5153,22,26868,0,0,0,0,0,F,6,CD8+ T cell,38,13,2,2,2_2,InflamMac
F-5342,all,74,36,5823,4032,22,89705,0,0,0,0,0,F,25,Secondary crest myofibroblast,56,37,3,3,3_1,SMC
F-5344,all,22,16,7315,4967,19,85684,0,0,0,0,0,F,4,Inflammatory monocyte,40,16,9,9,9,Bcell
F-5347,all,57,31,6601,4136,28,65250,0,0,0,0,0,F,14,Alveolar macrophage,54,31,8,8,8_1,AlveolarMac
F-5348,all,66,40,7338,5475,37,79519,0,0,0,0,0,F,17,Pericyte,60,40,5,5,5_1,Pericyte
F-5349,all,48,28,5908,4272,17,96403,436,0,436,0,1,F,9,Alveolar fibroblast 1,49,29,2,2,2_4,Artery
F-5350,all,25,17,5831,4587,36,33516,0,0,0,0,0,F,5,CD8+ T cell,44,18,3,3,3_5,SMC
F-5352,all,66,32,6050,4639,33,73643,0,0,0,0,0,F,10,Inflammatory monocyte,56,32,2,2,2_6,pDC
F-5354,all,13,8,7322,4359,38,10450,0,0,0,0,0,F,2,Alveolar fibroblast 1,31,8,1,1,1_5_1,LymphaticEndo
F-5357,all,41,23,5711,5018,30,39710,0,0,0,0,0,F,7,Alveolar macrophage,42,23,3,3,3_6,SCMF
F-5359,all,43,22,5789,4472,15,64171,0,0,0,0,0,F,4,Alveolar type 1 cell,49,23,1,1,1_4_1,AlveolarFib
F-5361,all,179,47,6667,5632,21,140691,0,0,0,0,0,F,65,AT1/AT2,47,20,6,6,6,AT1
F-5362,all,21,6,6711,5575,16,27868,0,0,0,0,0,F,9,Alveolar type 1 cell,41,6,6,6,6,AT1
F-5367,all,57,21,6664,4109,11,36528,0,0,0,0,0,F,40,Arterial endothelial cell,53,22,2,2,2_1,Capillary
F-5369,all,23,12,6410,4222,21,27741,0,0,0,0,0,F,15,Inflammatory monocyte,46,13,2,2,2_1,Capillary
F-5372,all,19,11,6119,4503,39,33830,0,0,0,0,0,F,2,Venous endothelial cell,40,11,2,2,2_3,Vein
F-5373,all,10,9,6617,5562,7,17706,0,0,0,0,0,F,3,Venous endothelial cell,34,10,3,3,3_5,SMC
F-5374,all,21,15,5993,5485,29,96704,0,0,0,0,0,F,4,Endothelial progenitor cell,43,15,2,2,2_1,Capillary
F-5375,all,331,28,5923,4370,24,112887,353193,222916,130074,0.631508,0.368492,F,68,Alveolar type 2 cell,58,6,1,1,1_3,AT2
F-5376,all,28,20,6804,5558,29,76353,0,0,0,0,0,F,5,Venous endothelial cell,40,20,2,2,2_3,Vein
F-5380,all,36,26,5801,4547,31,40975,0,0,0,0,0,F,8,Vascular smooth muscle cell,40,26,3,3,3_6,SCMF
F-5381,all,64,17,5986,4497,22,39599,159313,89555,52756,0.6292908,0.3707092,F,20,Alveolar type 1 cell,55,17,6,6,6,AT1
F-5384,all,39,24,7102,4632,24,36936,0,0,0,0,0,F,9,Sox9+/Id2+ epithelial cell,42,24,9,9,9,Bcell
F-5386,all,13,8,5983,5375,27,37538,0,0,0,0,0,F,7,Capillary 1 cell,33,9,2,2,2_1,Capillary
F-5390,all,95,45,6637,4156,21,94542,0,0,0,0,0,F,28,Alveolar macrophage,62,45,8,8,8_1,AlveolarMac
F-5391,all,42,17,7153,5447,24,30329,0,0,0,0,0,F,18,Alveolar type 2 cell,47,18,2,2,2_4,Artery
F-5393,all,35,18,6766,5449,11,27352,0,0,0,0,0,F,11,Alveolar type 1 cell,43,18,6,6,6,AT1
F-5395,all,15,6,5962,4604,39,14346,0,0,0,0,0,F,3,Capillary 1 cell,37,6,2,2,2_3,Vein
F-5396,all,48,26,7323,5188,28,87727,0,0,0,0,0,F,2,Venous endothelial cell,48,26,2,2,2_3,Vein
F-5397,all,45,8,6610,5313,26,37286,0,0,0,0,0,F,36,Alveolar type 2 cell,47,8,1,1,1_1,AT2
F-5398,all,76,39,5873,4116,17,101344,0,0,0,0,0,F,23,Interstitial macrophage,58,39,8,8,8_3,InterstitialMac
F-5399,all,94,21,5821,4195,19,76098,0,0,0,0,0,F,73,Alveolar type 2 cell,55,21,1,1,1_1,AT2
F-5401,all,10,9,6648,5545,15,16652,0,0,0,0,0,F,3,Neutrophil,34,10,2,2,2_2,InflamMac
F-5405,all,17,8,6745,4490,34,21002,0,0,0,0,0,F,5,Alveolar fibroblast 1,38,9,1,1,1_4_1,AlveolarFib
F-5406,all,30,23,7108,5602,34,38593,0,0,0,0,0,F,4,Secondary crest myofibroblast,40,24,3,3,3_1,SMC
F-5409,all,40,28,6159,4659,32,61955,0,0,0,0,0,F,5,Alveolar type 2 cell,41,28,1,1,1_5_1,LymphaticEndo
F-5410,all,25,11,6826,5468,39,21543,0,0,0,0,0,F,5,Alveolar type 1 cell,44,11,6,6,6,AT1
F-5411,all,23,14,5801,4960,33,22234,0,0,0,0,0,F,9,Sox9+/Id2+ epithelial cell,44,14,5,5,5_3,Pericyte
F-5412,all,17,7,6635,4067,17,25770,0,0,0,0,0,F,11,Alveolar type 2 cell,41,8,2,2,2_4,Artery
F-5414,all,140,36,7116,4345,14,84866,0,0,0,0,0,F,100,Alveolar type 2 cell,44,12,1,1,1_1,AT2
F-5415,all,21,12,6573,4707,37,46353,0,0,0,0,0,F,4,Innate lymphoid cell,42,12,1,1,1_5_2,AlveolarFib
F-5416,all,11,9,6384,4799,40,29372,0,0,0,0,0,F,2,Alveolar fibroblast 1,31,10,1,1,1_5_2,AlveolarFib
F-5421,all,10,8,6608,5412,7,20532,0,0,0,0,0,F,4,CD8+ T cell,34,9,2,2,2_2,InflamMac
F-5422,all,31,22,6700,5386,28,41934,0,0,0,0,0,F,7,Pericyte,37,22,5,5,5_1,Pericyte
F-5426,all,56,23,6695,5543,18,63468,0,0,0,0,0,F,8,Alveolar type 1 cell,53,23,6,6,6,AT1
F-5427,all,46,20,6373,4059,32,55973,0,0,0,0,0,F,5,Alveolar type 1 cell,47,20,6,6,6,AT1
F-5433,all,11,8,5505,5694,21,25328,0,0,0,0,0,F,2,Alveolar fibroblast 1,28,9,2,2,2_1,Capillary
F-5434,all,13,8,5688,5256,41,28146,0,0,0,0,0,F,3,Alveolar fibroblast 1,34,9,1,1,1_5_2,AlveolarFib
F-5435,all,50,26,7136,5428,27,54224,0,0,0,0,0,F,17,Alveolar type 2 cell,49,26,1,1,1_3,AT2
F-5437,all,41,18,6416,4254,30,39574,0,0,0,0,0,F,26,Alveolar fibroblast 1,45,18,2,2,2_1,Capillary
F-5438,all,52,18,5974,4551,24,39902,0,0,0,0,0,F,8,Alveolar type 1 cell,50,18,6,6,6,AT1
F-5441,all,72,24,6270,4266,19,46243,0,0,0,0,0,F,48,Alveolar type 2 cell,54,24,1,1,1_3,AT2
F-5442,all,21,17,7230,4300,11,42138,0,0,0,0,0,F,12,Arterial endothelial cell,39,17,9,9,9,Bcell
F-5445,all,355,114,5747,6699,27,105811,0,0,0,0,0,F,132,Endothelial progenitor cell,42,36,4,4,4_1_1,CiliatedEpi
F-5448,all,250,76,6689,6391,24,91271,0,0,0,0,0,F,121,Arterial endothelial cell,51,35,4,4,4_1_2,CiliatedEpi
F-5449,all,147,72,6935,6383,36,38491,0,0,0,0,0,F,24,Capillary 1 cell,38,27,4,4,4_1_3,CiliatedEpi
F-5450,all,69,31,6444,6218,32,40355,0,0,0,0,0,F,9,Arterial endothelial cell,56,31,1,1,1_2_1,Tcell (CD4)
F-5451,all,107,47,5677,5817,23,123224,0,0,0,0,0,F,11,Alveolar macrophage,60,39,1,1,1_2_3,Tcell (CD4)
F-5452,all,423,126,6782,6362,21,101420,0,0,0,0,0,F,188,Secretory cell,41,19,4,4,4_1_2,ClubEpi
F-5453,all,29,18,5731,6518,33,44645,0,0,0,0,0,F,5,CD4+ T cell,41,19,3,3,3_2,SMC
F-5454,all,64,43,6741,6496,39,26122,0,0,0,0,0,F,19,CD4+ T cell,57,45,2,2,2_5,DC
F-5456,all,130,79,5631,6756,37,34226,0,0,0,0,0,F,18,B cell,36,26,9,9,9,Bcell
F-5458,all,108,47,6479,6532,35,28942,0,0,0,0,0,F,44,Arterial endothelial cell,59,46,4,4,4_1_1,CiliatedEpi
F-5459,all,66,31,6744,6254,24,40797,0,0,0,0,0,F,24,Ciliated cell,58,31,4,4,4_1_2,ClubEpi
F-5460,all,287,95,7119,6234,28,87674,0,0,0,0,0,F,97,Ciliated cell,44,28,4,4,4_1_1,ClubEpi
F-5462,all,98,52,6544,6525,33,40327,0,0,0,0,0,F,29,Endothelial progenitor cell,64,50,4,4,4_1_1,CiliatedEpi
F-5464,all,96,43,6727,5799,39,63216,0,0,0,0,0,F,9,Inflammatory monocyte,62,41,3,3,3_5,SMC
F-5465,all,169,82,7015,6275,24,54888,0,0,0,0,0,F,67,Endothelial progenitor cell,42,34,4,4,4_1_1,CiliatedEpi
F-5467,all,73,30,6782,6290,36,28346,0,0,0,0,0,F,19,Inflammatory monocyte,52,30,3,3,3_4,AdventitialFib
F-5470,all,61,30,6614,6020,39,21272,0,0,0,0,0,F,6,Mesothelial cell,53,30,3,3,3_3,AdventitialFib
F-5471,all,103,42,5838,5852,35,55782,0,0,0,0,0,F,19,Inflammatory monocyte,58,34,1,1,1_4_3,AlveolarFib
F-5472,all,238,63,6975,6182,24,61315,0,0,0,0,0,F,135,Arterial endothelial cell,50,19,4,4,4_2,ClubEpi
F-5473,all,148,48,5678,6010,34,81901,0,0,0,0,0,F,8,CD4+ T cell,52,26,7,7,7_2,PatrolMac
F-5474,all,54,22,5648,6650,21,22285,0,0,0,0,0,F,38,Capillary 1 cell,36,22,4,4,4_2,CiliatedEpi
F-5475,all,244,103,6831,6417,33,61942,0,0,0,0,0,F,82,Arterial endothelial cell,47,34,4,4,4_1_2,ClubEpi
F-5477,all,54,32,6702,5683,25,38361,0,0,0,0,0,F,5,Mesothelial cell,53,32,3,3,3_3,AdventitialFib
F-5478,all,179,75,6968,6261,13,46063,0,0,0,0,0,F,71,Arterial endothelial cell,40,30,4,4,4_1_2,CiliatedEpi
F-5479,all,255,89,5855,6680,31,61835,0,0,0,0,0,F,89,Endothelial progenitor cell,48,27,4,4,4_1_1,ClubEpi
F-5480,all,8,7,5799,6472,31,25294,0,0,0,0,0,F,3,Proliferative mesenchymal progenitor cell,25,8,3,3,3_2,SMC
F-5483,all,141,59,7221,6181,28,60295,0,0,0,0,0,F,34,Ciliated cell,44,27,4,4,4_1_1,CiliatedEpi
F-5484,all,181,75,7008,6231,26,96291,0,0,0,0,0,F,51,Secretory cell,50,35,4,4,4_1_1,ClubEpi
F-5485,all,178,59,6049,5988,15,94376,0,0,0,0,0,F,21,Arterial endothelial cell,51,33,6,6,6,AT1
F-5486,all,198,57,6210,6497,21,93344,50,0,50,0,1,F,115,Arterial endothelial cell,52,20,4,4,4_2,ClubEpi
F-5487,all,53,23,5816,5743,36,43756,0,0,0,0,0,F,10,CD4+ T cell,52,24,1,1,1_4_3,AlveolarFib
F-5490,all,129,66,6620,6503,37,44326,0,0,0,0,0,F,22,Endothelial progenitor cell,38,26,4,4,4_1_1,CiliatedEpi
F-5491,all,10,9,6761,6149,36,22947,0,0,0,0,0,F,2,Sox9+/Id2+ epithelial cell,26,10,3,3,3_2,SMC
F-5493,all,144,39,6705,6262,21,47947,0,0,0,0,0,F,106,Ciliated cell,56,39,4,4,4_2,CiliatedEpi
F-5496,all,203,59,7045,6158,28,44028,0,0,0,0,0,F,117,Ciliated cell,63,48,4,4,4_2,CiliatedEpi
F-5497,all,272,81,6902,6268,18,80695,0,0,0,0,0,F,143,Alveolar fibroblast 1,43,12,4,4,4_2,ClubEpi
F-5499,all,187,48,6545,6379,20,72888,0,0,0,0,0,F,116,CD4+ T cell,53,17,4,4,4_2,ClubEpi
F-5502,all,19,11,5725,6003,23,19322,0,0,0,0,0,F,2,CD4+ T cell,37,11,1,1,1_2_1,Tcell (CD4)
F-5503,all,398,121,5914,6657,26,117741,0,0,0,0,0,F,186,Ciliated cell,43,31,4,4,4_1_1,CiliatedEpi
F-5504,all,150,58,6901,5716,37,76729,0,0,0,0,0,F,4,Alveolar macrophage,49,32,1,1,1_2_1,Tcell (CD4)
F-5507,all,193,85,6024,6662,35,48506,0,0,0,0,0,F,74,Ciliated cell,52,37,4,4,4_1_1,ClubEpi
F-5512,all,105,54,6479,6572,38,30272,0,0,0,0,0,F,25,CD4+ T cell,69,53,4,4,4_1_3,CiliatedEpi
F-5513,all,108,45,5775,5815,32,69459,0,0,0,0,0,F,14,Alveolar fibroblast 1,58,34,1,1,1_2_1,Tcell (CD4)
F-5516,all,157,80,6520,6559,40,31604,0,0,0,0,0,F,37,Endothelial progenitor cell,46,37,4,4,4_1_1,CiliatedEpi
F-5518,all,279,87,6350,6542,23,120434,0,0,0,0,0,F,125,Arterial endothelial cell,45,20,4,4,4_1_2,ClubEpi
F-5519,all,150,67,6381,6592,36,48182,0,0,0,0,0,F,37,Venous endothelial cell,44,34,4,4,4_1_1,CiliatedEpi
F-5523,all,85,37,5640,5957,26,55159,0,0,0,0,0,F,5,Inflammatory monocyte,61,38,2,2,2_2,InflamMac
F-5524,all,79,35,6546,5795,33,48074,0,0,0,0,0,F,2,Inflammatory monocyte,57,35,1,1,1_2_1,Tcell (CD4)
F-5525,all,58,36,5741,5899,36,31651,0,0,0,0,0,F,10,CD4+ T cell,56,36,1,1,1_2_1,Tcell (CD4)
F-5526,all,24,13,5786,6499,35,31097,0,0,0,0,0,F,4,Sox9+/Id2+ epithelial cell,43,14,3,3,3_2,SMC
F-5527,all,143,55,6408,5799,24,77854,0,0,0,0,0,F,14,Capillary 1 cell,47,28,3,3,3_2,SMC
F-5530,all,65,32,6499,6281,33,53401,0,0,0,0,0,F,14,Secondary crest myofibroblast,58,32,3,3,3_2,SMC
F-5532,all,181,60,6593,6387,25,103369,52,0,52,0,1,F,73,Inflammatory monocyte,41,23,4,4,4_1_2,CiliatedEpi
F-5534,all,62,29,6676,5705,35,49693,0,0,0,0,0,F,6,CD4+ T cell,55,30,3,3,3_2,SMC
F-5535,all,330,92,6579,6463,27,132879,0,0,0,0,0,F,134,Arterial endothelial cell,48,35,4,4,4_1_2,CiliatedEpi
F-5536,all,22,13,6359,6398,32,43471,0,0,0,0,0,F,6,Alveolar macrophage,40,14,3,3,3_2,SMC
F-5537,all,165,52,6405,6463,14,55278,0,0,0,0,0,F,82,Inflammatory monocyte,49,20,4,4,4_2,ClubEpi
F-5539,all,312,99,5793,6695,31,79421,0,0,0,0,0,F,114,Alveolar fibroblast 1,41,23,4,4,4_1_1,ClubEpi
F-5540,all,6,6,5638,6473,34,16290,0,0,0,0,0,F,2,CD4+ T cell,19,9,1,1,1_2_1,Tcell (CD4)
F-5541,all,53,27,7376,6083,24,45876,0,0,0,0,0,F,2,CD4+ T cell,52,27,1,1,1_2_1,Tcell (CD4)
F-5546,all,297,84,6520,6424,19,140221,0,0,0,0,0,F,143,Inflammatory monocyte,46,18,4,4,4_2,ClubEpi
F-5547,all,323,74,6652,6337,19,106468,0,0,0,0,0,F,208,Secretory cell,52,18,4,4,4_2,ClubEpi
F-5548,all,45,32,5926,6409,13,55992,0,0,0,0,0,F,5,Alveolar macrophage,45,32,3,3,3_3,AdventitialFib
F-5549,all,40,15,5966,6557,15,31164,0,0,0,0,0,F,29,CD4+ T cell,32,14,4,4,4_2,CiliatedEpi
F-5550,all,46,23,6371,6329,29,80282,0,0,0,0,0,F,17,Secondary crest myofibroblast,46,23,3,3,3_2,SMC
F-5552,all,283,104,7394,6173,30,84167,0,0,0,0,0,F,89,Alveolar fibroblast 1,40,28,4,4,4_1_1,ClubEpi
F-5553,all,314,103,6837,6363,25,88909,0,0,0,0,0,F,126,Ciliated cell,50,43,4,4,4_1_2,CiliatedEpi
F-5557,all,20,11,7239,5994,33,13036,0,0,0,0,0,F,8,CD4+ T cell,38,12,3,3,3_2,SMC
F-5558,all,73,43,5674,6745,36,23863,0,0,0,0,0,F,17,Capillary 1 cell,61,43,4,4,4_1_1,CiliatedEpi
F-5562,all,391,129,7006,6312,28,101704,0,0,0,0,0,F,104,Venous endothelial cell,48,40,4,4,4_1_1,CiliatedEpi
F-5563,all,48,33,6770,6455,33,13898,0,0,0,0,0,F,14,Natural killer cell,41,32,4,4,4_1_1,CiliatedEpi
F-5564,all,129,61,6774,6420,28,34614,0,0,0,0,0,F,44,Endothelial progenitor cell,64,49,4,4,4_1_1,CiliatedEpi
F-5565,all,99,38,5616,6640,17,53332,0,0,0,0,0,F,42,Inflammatory monocyte,57,38,4,4,4_1_2,CiliatedEpi
F-5569,all,190,75,5706,6657,17,95965,0,0,0,0,0,F,81,Endothelial progenitor cell,48,27,4,4,4_1_2,ClubEpi
F-5571,all,167,61,6131,5940,30,95572,17499,245499,2395,0.9903386,0.009661388,F,18,Proliferative mesenchymal progenitor cell,52,37,1,1,1_2_1,Tcell (CD4)
F-5572,all,155,83,6217,6674,40,29989,0,0,0,0,0,F,36,Venous endothelial cell,44,38,4,4,4_1_1,ClubEpi
F-5573,all,17,12,6225,6420,36,24460,0,0,0,0,0,F,3,Alveolar macrophage,38,13,3,3,3_2,SMC
F-5575,all,69,46,6462,6616,40,20046,0,0,0,0,0,F,9,Inflammatory monocyte,59,46,7,7,7_3,Tcell (CD8)
F-5576,all,236,86,6690,6461,33,76163,0,0,0,0,0,F,104,Ciliated cell,44,23,4,4,4_1_2,ClubEpi
F-5577,all,9,8,7273,5964,38,18657,0,0,0,0,0,F,2,CD4+ T cell,26,9,1,1,1_2_1,Tcell (CD4)
F-5578,all,135,51,5672,6656,19,42294,0,0,0,0,0,F,62,Endothelial progenitor cell,47,20,4,4,4_1_2,ClubEpi
F-5580,all,53,25,7001,5705,41,30827,0,0,0,0,0,F,4,Inflammatory monocyte,52,25,1,1,1_2_1,Tcell (CD4)
F-5581,all,18,9,6026,6479,23,55297,0,0,0,0,0,F,2,CD4+ T cell,39,9,1,1,1_2_1,Tcell (CD4)
F-5582,all,315,109,7405,6126,30,78517,0,0,0,0,0,F,107,Alveolar fibroblast 1,45,30,4,4,4_1_1,ClubEpi
F-5584,all,43,26,5751,6038,11,42236,0,0,0,0,0,F,4,CD4+ T cell,44,27,1,1,1_4_1,AlveolarFib
F-5585,all,309,110,6882,6390,32,82418,0,0,0,0,0,F,71,Inflammatory monocyte,45,34,4,4,4_1_1,ClubEpi
F-5586,all,53,35,6229,6731,41,15015,0,0,0,0,0,F,7,Inflammatory monocyte,56,37,2,2,2_5,DC
F-5587,all,200,67,6366,6494,19,76063,0,0,0,0,0,F,96,Endothelial progenitor cell,54,27,4,4,4_2,ClubEpi
F-5588,all,114,55,6874,6226,27,68592,0,0,0,0,0,F,45,Mesothelial cell,64,55,4,4,4_1_2,CiliatedEpi
F-5589,all,343,87,7208,6133,25,95441,0,0,0,0,0,F,187,Venous endothelial cell,49,25,4,4,4_2,ClubEpi
F-5590,all,204,85,7065,6246,25,103692,0,0,0,0,0,F,47,Venous endothelial cell,49,36,4,4,4_1_1,CiliatedEpi
F-5594,all,10,9,6247,6417,40,14784,0,0,0,0,0,F,2,Secondary crest myofibroblast,28,10,3,3,3_2,SMC
F-5595,all,36,20,6177,6423,33,36715,0,0,0,0,0,F,12,T regulatory cell,40,20,1,1,1_2_3,Tcell (CD4)
F-5597,all,301,96,6408,6530,24,102968,0,0,0,0,0,F,137,Arterial endothelial cell,57,49,4,4,4_1_2,CiliatedEpi
F-5598,all,143,60,5637,6699,30,44028,0,0,0,0,0,F,65,Arterial endothelial cell,71,57,4,4,4_1_2,CiliatedEpi
F-5599,all,332,99,6919,6341,26,90153,0,0,0,0,0,F,113,Endothelial progenitor cell,41,27,4,4,4_1_1,CiliatedEpi
F-5601,all,338,95,6148,6635,29,86949,0,0,0,0,0,F,140,Ciliated cell,47,29,4,4,4_1_1,CiliatedEpi
F-5602,all,208,66,6741,5683,24,94487,0,0,0,0,0,F,13,Alveolar fibroblast 1,52,33,3,3,3_1,SMC
F-5604,all,281,80,7035,6194,26,67589,0,0,0,0,0,F,143,Arterial endothelial cell,50,34,4,4,4_2,CiliatedEpi
F-5606,all,233,69,6788,6240,27,71902,0,0,0,0,0,F,124,Capillary 1 cell,54,22,4,4,4_2,ClubEpi
F-5607,all,262,83,6628,6417,28,103173,0,0,0,0,0,F,125,Venous endothelial cell,48,26,4,4,4_2,ClubEpi
F-5608,all,130,44,6507,5804,36,45947,0,0,0,0,0,F,2,Inflammatory monocyte,48,22,1,1,1_2_1,Tcell (CD4)
F-5609,all,31,23,6441,6286,31,24066,0,0,0,0,0,F,3,Inflammatory monocyte,39,23,1,1,1_2_1,Tcell (CD4)
F-5610,all,91,35,6507,6357,26,43722,0,0,0,0,0,F,54,Capillary 1 cell,64,35,4,4,4_2,ClubEpi
F-5613,all,120,41,6419,6426,21,64485,0,0,0,0,0,F,78,Alveolar type 2 cell,53,41,4,4,4_2,CiliatedEpi
F-5614,all,278,80,6160,6539,20,107571,0,0,0,0,0,F,128,Inflammatory monocyte,41,28,4,4,4_2,CiliatedEpi
F-5616,all,183,45,6608,6321,23,79177,0,0,0,0,0,F,116,Ciliated cell,59,45,4,4,4_2,CiliatedEpi
F-5617,all,111,48,7427,6074,18,69590,0,0,0,0,0,F,26,Endothelial progenitor cell,52,30,4,4,4_1_3,ClubEpi
F-5619,all,76,33,6800,6199,32,46821,0,0,0,0,0,F,15,Alveolar fibroblast 2,55,33,3,3,3_3,AdventitialFib
F-5620,all,97,50,6470,6463,29,46490,0,0,0,0,0,F,42,Arterial endothelial cell,72,49,4,4,4_2,ClubEpi
F-5621,all,309,101,6103,6581,23,104241,0,0,0,0,0,F,154,Ciliated cell,43,19,4,4,4_2,ClubEpi
F-5622,all,153,51,6092,6362,29,77506,0,0,0,0,0,F,6,Proliferative mesenchymal progenitor cell,52,34,3,3,3_3,AdventitialFib
F-5623,all,166,70,5958,6645,21,45521,0,0,0,0,0,F,71,Capillary 1 cell,45,24,4,4,4_1_2,ClubEpi
F-5624,all,43,24,7360,5821,6,23882,0,0,0,0,0,F,5,Inflammatory monocyte,43,24,1,1,1_2_1,Tcell (CD4)
F-5625,all,131,39,6361,6448,24,87242,0,0,0,0,0,F,86,Secretory cell,47,13,4,4,4_2,ClubEpi
F-5630,all,169,52,7137,6108,27,73223,0,0,0,0,0,F,100,Alveolar fibroblast 1,50,18,4,4,4_2,ClubEpi
F-5631,all,204,68,6045,6593,25,66065,0,0,0,0,0,F,115,Arterial endothelial cell,41,27,4,4,4_2,CiliatedEpi
F-5632,all,380,128,7297,6195,32,88021,0,0,0,0,0,F,101,Arterial endothelial cell,44,38,4,4,4_1_1,CiliatedEpi
F-5635,all,236,93,6802,6449,35,50747,0,0,0,0,0,F,46,Ciliated cell,54,44,4,4,4_1_1,CiliatedEpi
F-5636,all,189,62,7108,6189,28,58264,0,0,0,0,0,F,100,B cell,50,22,4,4,4_2,ClubEpi
F-5639,all,45,21,6628,6204,35,57935,0,0,0,0,0,F,3,CD4+ T cell,45,21,1,1,1_2_1,Tcell (CD4)
F-5640,all,146,64,7152,6150,27,89591,0,0,0,0,0,F,56,Inflammatory monocyte,46,33,4,4,4_1_2,CiliatedEpi
F-5641,all,149,49,5934,6592,20,66215,0,0,0,0,0,F,77,Secretory cell,50,21,4,4,4_2,ClubEpi
F-5644,all,29,19,6867,6186,30,42353,0,0,0,0,0,F,10,Secondary crest myofibroblast,42,20,3,3,3_2,SMC
F-5645,all,182,61,6149,6331,28,95342,0,0,0,0,0,F,14,Proliferative mesenchymal progenitor cell,54,35,3,3,3_3,AdventitialFib
F-5648,all,14,11,7208,5991,29,11722,0,0,0,0,0,F,3,Alveolar macrophage,28,11,1,1,1_2_3,Tcell (CD4)
F-5651,all,64,36,7229,5962,33,62693,0,0,0,0,0,F,4,Inflammatory monocyte,58,36,1,1,1_3,AT2
F-5652,all,55,30,5963,6483,24,79486,0,0,0,0,0,F,8,CD4+ T cell,55,31,3,3,3_2,SMC
F-5654,all,62,42,7152,6264,41,11577,0,0,0,0,0,F,9,Alveolar macrophage,58,42,3,3,3_4,AdventitialFib
F-5655,all,115,43,5900,6578,22,42342,0,0,0,0,0,F,64,Mesothelial cell,48,19,4,4,4_2,ClubEpi
F-5657,all,41,23,6037,6397,36,20140,0,0,0,0,0,F,3,Alveolar fibroblast 1,43,23,3,3,3_4,AdventitialFib
F-5660,all,41,25,6189,6456,20,67686,0,0,0,0,0,F,9,Secondary crest myofibroblast,43,26,3,3,3_2,SMC
F-5662,all,85,36,5659,6560,32,60160,0,0,0,0,0,F,9,Inflammatory monocyte,59,36,3,3,3_3,AdventitialFib
F-5663,all,98,40,6673,6267,26,34470,0,0,0,0,0,F,56,Ciliated cell,51,41,4,4,4_2,CiliatedEpi
F-5664,all,232,79,6194,6607,30,93418,0,0,0,0,0,F,60,Venous endothelial cell,51,37,4,4,4_1_1,CiliatedEpi
F-5665,all,9,7,5914,6494,12,27117,0,0,0,0,0,F,4,Alveolar macrophage,24,8,1,1,1_2_3,Tcell (CD4)
F-5666,all,135,41,7383,6016,16,49452,0,0,0,0,0,F,82,B cell,54,42,4,4,4_2,CiliatedEpi
F-5668,all,231,90,6091,6646,34,70593,0,0,0,0,0,F,93,Alveolar fibroblast 1,49,29,4,4,4_1_1,ClubEpi
F-5669,all,414,117,7177,6198,28,94672,0,0,0,0,0,F,184,Ciliated cell,44,24,4,4,4_1_1,ClubEpi
F-5670,all,252,80,5952,6062,33,127629,0,0,0,0,0,F,27,Proliferative mesenchymal progenitor cell,60,42,3,3,3_3,AdventitialFib
F-5671,all,99,39,5711,5975,19,63592,0,0,0,0,0,F,11,CD4+ T cell,63,38,1,1,1_6_2,Neutrophil
F-5677,all,388,116,7348,6127,30,105256,0,0,0,0,0,F,152,Alveolar fibroblast 1,47,30,4,4,4_1_1,ClubEpi
F-5679,all,62,37,7427,5891,29,53156,0,0,0,0,0,F,9,Airway smooth muscle cell,56,38,3,3,3_2,SMC
F-5680,all,294,109,7235,6224,36,65062,0,0,0,0,0,F,51,Ciliated cell,44,38,4,4,4_1_1,CiliatedEpi
F-5681,all,16,8,7418,5862,24,21647,0,0,0,0,0,F,4,Sox9+/Id2+ epithelial cell,36,9,3,3,3_2,SMC
F-5683,all,39,24,6370,5833,41,13408,0,0,0,0,0,F,4,Alveolar macrophage,41,24,1,1,1_2_3,Tcell (CD4)
F-5684,all,357,94,6749,6315,22,117179,0,0,0,0,0,F,199,Ciliated cell,48,20,4,4,4_2,ClubEpi
F-5685,all,176,69,6942,6284,18,50397,0,0,0,0,0,F,79,Venous endothelial cell,47,23,4,4,4_1_2,ClubEpi
F-5688,all,366,115,7077,6290,34,75260,0,0,0,0,0,F,74,Venous endothelial cell,42,33,4,4,4_1_1,CiliatedEpi
F-5695,all,64,32,5788,6041,9,43812,0,0,0,0,0,F,7,B cell,56,32,6,6,6,AT1
F-5697,all,47,20,6175,6488,14,27221,0,0,0,0,0,F,21,Ciliated cell,38,20,4,4,4_2,CiliatedEpi
F-5698,all,44,19,6539,6249,34,51221,0,0,0,0,0,F,20,Airway smooth muscle cell,46,20,3,3,3_2,SMC
F-5699,all,171,68,5697,6704,27,68970,0,0,0,0,0,F,69,Ciliated cell,41,28,4,4,4_1_2,CiliatedEpi
F-5701,all,77,37,6265,6298,25,52125,0,0,0,0,0,F,8,Proliferative mesenchymal progenitor cell,54,37,3,3,3_3,AdventitialFib
F-5704,all,264,74,6918,6214,20,97965,0,0,0,0,0,F,140,Ciliated cell,48,20,4,4,4_2,ClubEpi
F-5706,all,105,52,5872,5911,39,30870,0,0,0,0,0,F,15,B cell,61,44,1,1,1_5_2,AlveolarFib
F-5707,all,167,65,7093,6158,27,42186,0,0,0,0,0,F,89,Endothelial progenitor cell,44,17,4,4,4_2,ClubEpi
F-5708,all,94,48,6436,6568,37,32687,0,0,0,0,0,F,40,Natural killer cell,60,48,4,4,4_1_2,CiliatedEpi
F-5710,all,123,54,5982,6453,23,115432,0,0,0,0,0,F,30,Airway smooth muscle cell,43,25,3,3,3_2,SMC
F-5711,all,102,47,6432,5833,36,54563,0,0,0,0,0,F,7,Proliferative mesenchymal progenitor cell,60,43,7,7,7_3,Tcell (CD8)
F-5712,all,49,25,6662,6515,40,15873,0,0,0,0,0,F,21,Capillary 1 cell,39,25,4,4,4_1_2,CiliatedEpi
F-5718,all,58,25,6253,6267,21,50307,0,0,0,0,0,F,4,Alveolar fibroblast 1,53,25,3,3,3_4,AdventitialFib
F-5719,all,205,63,6065,6554,14,71298,0,0,0,0,0,F,119,Arterial endothelial cell,49,19,4,4,4_2,ClubEpi
F-5723,all,34,14,7219,6022,36,36345,0,0,0,0,0,F,16,Inflammatory monocyte,43,15,3,3,3_2,SMC
F-5724,all,212,78,6729,6432,29,101966,0,0,0,0,0,F,74,B cell,51,35,4,4,4_1_2,ClubEpi
F-5729,all,343,113,6251,6622,33,75793,0,0,0,0,0,F,115,Alveolar fibroblast 1,48,34,4,4,4_1_1,ClubEpi
F-5732,all,30,21,5905,6692,41,10074,0,0,0,0,0,F,3,Capillary 1 cell,36,21,1,1,1_3,AT2
F-5733,all,25,16,5806,6535,35,50709,0,0,0,0,0,F,6,Inflammatory monocyte,42,17,3,3,3_2,SMC
F-5734,all,75,40,6008,6420,27,83396,0,0,0,0,0,F,6,Proliferative mesenchymal progenitor cell,55,41,3,3,3_2,SMC
F-5741,all,110,42,6269,6546,20,33824,0,0,0,0,0,F,49,Endothelial progenitor cell,56,42,4,4,4_1_2,CiliatedEpi
F-5745,all,19,8,5772,5983,5,5833,0,0,0,0,0,F,6,CD4+ T cell,43,9,1,1,1_4_1,AlveolarFib
F-5746,all,117,32,6463,6429,19,37140,0,0,0,0,0,F,72,B cell,50,18,4,4,4_2,ClubEpi
F-5747,all,166,69,6233,6586,26,46137,0,0,0,0,0,F,83,Ciliated cell,50,42,4,4,4_1_2,CiliatedEpi
F-5749,all,51,26,5677,6603,18,36495,0,0,0,0,0,F,11,Arterial endothelial cell,51,26,4,4,4_1_3,ClubEpi
F-5750,all,187,56,5874,6015,36,69663,0,0,0,0,0,F,17,Alveolar type 1 cell,50,30,6,6,6,AT1
F-5751,all,212,57,6848,6257,16,80677,0,0,0,0,0,F,119,Ciliated cell,51,20,4,4,4_2,ClubEpi
F-5756,all,298,130,6279,6679,38,58505,0,0,0,0,0,F,85,Alveolar fibroblast 1,40,34,4,4,4_1_1,ClubEpi
F-5757,all,159,47,6004,6570,15,59136,0,0,0,0,0,F,89,Alveolar type 1 cell,50,18,4,4,4_2,ClubEpi
F-5761,all,133,64,7190,6241,38,30898,0,0,0,0,0,F,32,Venous endothelial cell,43,31,4,4,4_1_1,CiliatedEpi
F-5765,all,120,54,6310,6711,40,22489,0,0,0,0,0,F,3,Innate lymphoid cell,41,23,2,2,2_5,DC
F-5766,all,33,25,5505,6813,39,9749,0,0,0,0,0,F,6,Secondary crest myofibroblast,39,25,8,8,8_1,AlveolarMac
F-5768,all,78,36,6446,6450,16,29171,0,0,0,0,0,F,47,Capillary 1 cell,43,36,4,4,4_2,CiliatedEpi
F-5770,all,61,14,6613,6277,20,25574,0,0,0,0,0,F,44,Ciliated cell,53,14,4,4,4_2,ClubEpi
F-5771,all,122,45,6004,5950,33,67317,0,0,0,0,0,F,2,Basophil,46,26,2,2,2_5,DC
F-5775,all,185,71,5662,6712,28,59359,0,0,0,0,0,F,87,Arterial endothelial cell,52,30,4,4,4_1_1,ClubEpi
F-5776,all,15,9,5929,6521,28,36926,0,0,0,0,0,F,5,CD4+ T cell,34,10,3,3,3_2,SMC
F-5777,all,371,90,7320,6065,17,102491,0,0,0,0,0,F,201,Endothelial progenitor cell,46,19,4,4,4_2,ClubEpi
F-5778,all,45,25,5811,5817,29,30968,0,0,0,0,0,F,10,Inflammatory monocyte,46,26,1,1,1_4_3,AlveolarFib
F-5780,all,29,16,5505,5691,23,27354,0,0,0,0,0,F,4,Alveolar type 1 cell,38,16,1,1,1_2_3,Tcell (CD4)
F-5784,all,55,34,6130,6268,34,35095,0,0,0,0,0,F,7,Inflammatory monocyte,55,34,3,3,3_4,AdventitialFib
F-5787,all,59,28,5764,5872,33,33015,0,0,0,0,0,F,9,B cell,53,29,1,1,1_4_1,AlveolarFib
F-5788,all,83,44,6187,6255,31,65769,0,0,0,0,0,F,10,Inflammatory monocyte,60,44,3,3,3_3,AdventitialFib
F-5789,all,152,55,6534,6486,27,67232,0,0,0,0,0,F,74,Venous endothelial cell,47,20,4,4,4_2,ClubEpi
F-5792,all,32,19,6440,6243,31,12546,0,0,0,0,0,F,2,B cell,41,19,8,8,8_1,AlveolarMac
F-5798,all,53,27,6461,6266,26,28805,0,0,0,0,0,F,8,CD4+ T cell,54,28,3,3,3_2,SMC
F-5799,all,186,75,6658,6472,35,49932,0,0,0,0,0,F,80,Arterial endothelial cell,48,24,4,4,4_1_1,ClubEpi
F-5804,all,10,6,7583,382,8,18086,0,0,0,0,0,F,3,Alveolar type 1 cell,27,6,6,6,6,AT1
F-5806,all,23,15,9227,1442,10,53476,0,0,0,0,0,F,2,Venous endothelial cell,43,15,2,2,2_3,Vein
F-5807,all,28,21,8009,425,24,80978,0,0,0,0,0,F,8,T regulatory cell,37,21,7,7,7_4,PatrolMac
F-5808,all,19,14,7646,1564,22,67187,0,0,0,0,0,F,11,Alveolar fibroblast 1,39,14,2,2,2_3,Vein
F-5809,all,48,6,7595,82,12,35725,0,0,0,0,0,F,44,Alveolar type 2 cell,48,6,1,1,1_1,AT2
F-5810,all,60,11,8043,1869,32,45998,0,0,0,0,0,F,52,Capillary 1 cell,51,11,1,1,1_1,AT2
F-5811,all,78,14,7541,957,26,84764,0,0,0,0,0,F,57,Sox9+/Id2+ epithelial cell,52,14,1,1,1_3,AT2
F-5814,all,33,22,7580,1644,15,95737,0,0,0,0,0,F,7,Arterial endothelial cell,40,23,2,2,2_1,Capillary
F-5817,all,45,35,8083,1832,30,86353,0,0,0,0,0,F,9,Pericyte,45,35,5,5,5_1,Pericyte
F-5818,all,8,7,8821,1238,19,47472,0,0,0,0,0,F,4,Secondary crest myofibroblast,21,9,3,3,3_2,SMC
F-5819,all,48,26,8105,803,16,65363,0,0,0,0,0,F,7,CD8+ T cell,48,26,5,5,5_3,Pericyte
F-5821,all,24,16,8186,1755,18,91784,0,0,0,0,0,F,8,Alveolar macrophage,44,16,8,8,8_1,AlveolarMac
F-5822,all,39,21,8479,234,24,86972,0,0,0,0,0,F,14,Capillary 1 cell,43,21,2,2,2_1,Capillary
F-5823,all,111,50,8652,788,22,100700,0,0,0,0,0,F,22,Arterial endothelial cell,49,30,3,3,3_2,SMC
F-5824,all,27,10,9275,924,26,70309,249,0,249,0,1,F,20,Alveolar type 2 cell,46,10,1,1,1_3,AT2
F-5825,all,29,18,8611,895,17,76267,0,0,0,0,0,F,3,Capillary 1 cell,37,18,3,3,3_1,SMC
F-5826,all,15,12,7706,750,15,46636,0,0,0,0,0,F,3,Capillary 2 cell,34,12,2,2,2_6,pDC
F-5827,all,75,38,8896,661,21,87597,0,0,0,0,0,F,11,Arterial endothelial cell,58,38,2,2,2_4,Artery
F-5828,all,19,13,9172,1768,17,56306,0,0,0,0,0,F,2,Neutrophil,41,13,1,1,1_5_2,AlveolarFib
F-5830,all,120,15,7628,599,14,87457,0,0,0,0,0,F,113,Alveolar type 2 cell,47,6,1,1,1_3,AT2
F-5831,all,26,20,9256,1045,24,63658,0,0,0,0,0,F,5,Capillary 2 cell,39,21,3,3,3_5,SMC
F-5832,all,20,13,8007,531,11,66074,0,0,0,0,0,F,2,Capillary 1 cell,38,13,7,7,7_2,PatrolMac
F-5833,all,49,18,8218,1892,32,77142,0,0,0,0,0,F,8,Alveolar fibroblast 1,49,18,6,6,6,AT1
F-5834,all,25,19,7626,868,12,37361,0,0,0,0,0,F,2,CD8+ T cell,47,20,2,2,2_2,InflamMac
F-5835,all,29,17,7617,1606,27,82249,0,0,0,0,0,F,4,Ciliated cell,38,17,6,6,6,AT1
F-5837,all,18,12,8993,1917,22,21545,0,0,0,0,0,F,4,Capillary 1 cell,43,13,2,2,2_1,Capillary
F-5839,all,9,8,8275,139,26,38576,0,0,0,0,0,F,3,Sox9+/Id2+ epithelial cell,32,8,2,2,2_3,Vein
F-5840,all,23,9,8495,172,10,23116,0,0,0,0,0,F,11,Capillary 1 cell,40,8,2,2,2_1,Capillary
F-5841,all,24,17,8943,589,27,55925,0,0,0,0,0,F,5,B cell,42,17,9,9,9,Bcell
F-5843,all,56,30,8847,221,28,52764,0,0,0,0,0,F,13,Alveolar type 1 cell,52,29,2,2,2_1,Capillary
F-5845,all,6,5,7481,1277,21,74740,0,4987,0,1,0,F,3,Sox9+/Id2+ epithelial cell,22,7,3,3,3_4,AdventitialFib
F-5846,all,107,32,8633,1694,22,77158,0,0,0,0,0,F,78,Alveolar type 2 cell,50,19,1,1,1_1,AT2
F-5848,all,8,7,7784,1833,36,44844,0,0,0,0,0,F,2,Alveolar fibroblast 1,27,8,1,1,1_5_2,AlveolarFib
F-5849,all,37,25,8597,751,19,56254,0,0,0,0,0,F,4,Alveolar fibroblast 1,41,26,2,2,2_4,Artery
F-5852,all,33,21,8590,1052,24,50194,0,0,0,0,0,F,2,Capillary 1 cell,41,21,2,2,2_1,Capillary
F-5853,all,40,25,7572,888,10,67956,0,0,0,0,0,F,9,Arterial endothelial cell,42,25,2,2,2_4,Artery
F-5854,all,46,31,7516,1860,15,91690,0,0,0,0,0,F,8,Arterial endothelial cell,46,31,3,3,3_6,SCMF
F-5856,all,124,32,8610,810,18,85809,0,0,0,0,0,F,28,Alveolar type 1 cell,43,9,6,6,6,AT1
F-5860,all,36,11,8941,434,16,63899,0,0,0,0,0,F,3,Natural killer cell,43,12,1,1,1_6_2,Neutrophil
F-5862,all,8,7,7463,1863,33,19750,0,0,0,0,0,F,2,B cell,22,9,9,9,9,Bcell
F-5863,all,29,20,7668,655,34,52032,0,0,0,0,0,F,6,Endothelial progenitor cell,40,20,2,2,2_6,pDC
F-5864,all,14,12,8739,1467,28,29064,0,0,0,0,0,F,5,Pericyte,27,12,5,5,5_3,Pericyte
F-5865,all,58,26,8802,1712,30,73438,0,0,0,0,0,F,10,Capillary 2 cell,55,26,8,8,8_1,AlveolarMac
F-5868,all,31,19,8680,990,32,46319,0,0,0,0,0,F,12,Vascular smooth muscle cell,39,19,3,3,3_6,SCMF
F-5871,all,13,6,7755,832,36,31642,0,0,0,0,0,F,6,B cell,30,6,9,9,9,Bcell
F-5872,all,17,9,7452,1223,14,56965,0,0,0,0,0,F,12,Alveolar type 2 cell,38,9,3,3,3_4,AdventitialFib
F-5873,all,34,22,9003,856,21,40920,0,0,0,0,0,F,4,Classical DC subset 1,40,23,2,2,2_5,DC
F-5874,all,9,4,7519,378,5,18068,0,0,0,0,0,F,4,Sox9+/Id2+ epithelial cell,27,5,3,3,3_1,SMC
F-5876,all,27,21,8908,1366,21,45750,0,0,0,0,0,F,10,Vascular smooth muscle cell,44,21,5,5,5_1,Pericyte
F-5877,all,67,19,7622,1278,23,124618,0,0,0,0,0,F,44,Alveolar type 2 cell,51,20,2,2,2_2,InflamMac
F-5878,all,16,10,9007,980,14,39060,0,0,0,0,0,F,4,Vascular smooth muscle cell,34,11,3,3,3_2,SMC
F-5879,all,42,12,8020,1848,35,33645,0,0,0,0,0,F,33,Alveolar type 2 cell,45,12,1,1,1_3,AT2
F-5881,all,118,16,8064,202,22,85910,0,0,0,0,0,F,106,Alveolar type 2 cell,47,7,3,3,3_5,SMC
F-5882,all,26,19,7742,234,27,83270,0,0,0,0,0,F,6,Capillary 1 cell,45,19,1,1,1_5_2,AlveolarFib
F-5883,all,13,12,8641,1341,12,31503,56,0,56,0,1,F,6,Alveolar fibroblast 1,30,13,1,1,1_4_1,AlveolarFib
F-5884,all,35,13,8961,1765,16,43043,0,0,0,0,0,F,3,Alveolar type 1 cell,44,13,7,7,7_3,Tcell (CD8)
F-5885,all,45,17,8640,1520,26,79547,0,0,0,0,0,F,6,Endothelial progenitor cell,43,16,2,2,2_1,Capillary
F-5887,all,42,17,8905,505,16,72858,0,0,0,0,0,F,21,Pericyte,43,17,5,5,5_1,Pericyte
F-5889,all,23,15,9058,1028,20,41294,0,0,0,0,0,F,12,CD8+ T cell,40,16,3,3,3_2,SMC
F-5891,all,26,22,7740,619,9,42747,0,0,0,0,0,F,3,Chondrocyte,48,22,2,2,2_3,Vein
F-5892,all,37,27,7697,1715,22,88518,0,0,0,0,0,F,5,Arterial endothelial cell,41,27,3,3,3_6,SCMF
F-5893,all,9,6,9068,963,36,17156,0,0,0,0,0,F,2,Secondary crest myofibroblast,32,7,2,2,2_1,Capillary
F-5898,all,31,15,9272,1139,13,48646,0,0,0,0,0,F,14,Pericyte,43,16,3,3,3_2,SMC
F-5903,all,39,28,8905,790,18,53291,0,0,0,0,0,F,4,Arterial endothelial cell,40,28,2,2,2_4,Artery
F-5904,all,36,25,8352,732,27,64006,0,0,0,0,0,F,4,Capillary 1 cell,39,25,2,2,2_3,Vein
F-5905,all,108,53,9267,1323,16,81518,0,0,0,0,0,F,16,Interstitial macrophage,57,38,8,8,8_3,InterstitialMac
F-5908,all,12,4,7856,1797,21,14964,0,0,0,0,0,F,10,Alveolar type 2 cell,38,4,1,1,1_1,AT2
F-5909,all,19,15,8521,635,10,63216,0,0,0,0,0,F,11,Capillary 1 cell,36,15,2,2,2_1,Capillary
F-5913,all,54,17,8353,1844,17,45831,0,0,0,0,0,F,6,Alveolar type 1 cell,51,17,6,6,6,AT1
F-5914,all,30,20,7751,768,14,79347,0,0,0,0,0,F,13,Secondary crest myofibroblast,38,20,5,5,5_3,Pericyte
F-5917,all,40,29,8056,555,22,100185,0,0,0,0,0,F,17,Innate lymphoid cell,42,29,5,5,5_1,Pericyte
F-5922,all,16,15,9168,1418,30,40200,0,0,0,0,0,F,2,Alveolar type 2 cell,32,15,3,3,3_6,SCMF
F-5923,all,36,17,9161,943,23,72547,0,0,0,0,0,F,7,Sox9+/Id2+ epithelial cell,41,17,6,6,6,AT1
F-5924,all,92,27,8561,1374,21,85322,0,0,0,0,0,F,50,Secondary crest myofibroblast,57,26,3,3,3_1,SMC
F-5925,all,8,7,7546,1133,24,46613,0,0,0,0,0,F,2,Capillary 1 cell,29,7,2,2,2_1,Capillary
F-5931,all,29,9,9280,848,24,36565,0,0,0,0,0,F,23,Alveolar type 2 cell,43,9,1,1,1_3,AT2
F-5934,all,11,9,7557,1172,16,68889,0,0,0,0,0,F,2,Capillary 1 cell,33,10,2,2,2_1,Capillary
F-5936,all,38,23,8142,1945,34,35210,0,0,0,0,0,F,9,Interstitial macrophage,40,23,8,8,8_3,InterstitialMac
F-5939,all,19,15,8447,629,29,71849,0,0,0,0,0,F,5,Pericyte,40,15,5,5,5_3,Pericyte
F-5940,all,40,18,8781,317,37,59352,0,0,0,0,0,F,5,Arterial endothelial cell,43,18,2,2,2_4,Artery
F-5941,all,9,7,8368,677,26,34937,0,0,0,0,0,F,2,Capillary 1 cell,30,8,2,2,2_1,Capillary
F-5943,all,18,13,7922,751,34,61204,0,0,0,0,0,F,4,Pericyte,36,13,5,5,5_3,Pericyte
F-5945,all,29,19,8760,1075,16,45947,0,0,0,0,0,F,6,Arterial endothelial cell,39,20,2,2,2_4,Artery
F-5949,all,32,20,8672,340,37,81134,0,0,0,0,0,F,6,Capillary 1 cell,40,20,2,2,2_1,Capillary
F-5950,all,26,4,8668,159,39,38488,0,0,0,0,0,F,24,Alveolar type 2 cell,46,4,1,1,1_1,AT2
F-5951,all,70,22,7598,420,17,68918,0,0,0,0,0,F,21,Alveolar type 1 cell,55,22,6,6,6,AT1
F-5952,all,15,10,8648,1234,11,41229,0,0,0,0,0,F,7,Pericyte,32,10,5,5,5_3,Pericyte
F-5953,all,32,8,7709,807,9,40219,0,0,0,0,0,F,27,Alveolar type 2 cell,44,8,1,1,1_1,AT2
F-5954,all,10,9,7726,1727,13,21031,0,0,0,0,0,F,2,Pericyte,25,10,3,3,3_2,SMC
F-5956,all,7,7,7493,1805,22,47028,0,0,0,0,0,F,2,Alveolar fibroblast 1,29,10,2,2,2_1,Capillary
F-5957,all,28,20,8508,1359,26,48500,0,0,0,0,0,F,4,Secondary crest myofibroblast,37,21,3,3,3_1,SMC
F-5958,all,21,16,8666,1485,38,33090,0,0,0,0,0,F,3,Alveolar type 1 cell,42,16,2,2,2_1,Capillary
F-5960,all,12,9,7823,126,13,30061,0,0,0,0,0,F,3,Alveolar fibroblast 1,30,10,3,3,3_1,SMC
F-5962,all,80,19,8724,1538,22,81165,0,0,0,0,0,F,60,Sox9+/Id2+ epithelial cell,55,19,1,1,1_3,AT2
F-5963,all,29,14,7542,1382,25,51417,0,0,0,0,0,F,11,Sox9+/Id2+ epithelial cell,41,14,1,1,1_1,AT2
F-5965,all,58,32,8519,1419,25,78796,0,0,0,0,0,F,10,Sox9+/Id2+ epithelial cell,57,33,3,3,3_1,SMC
F-5968,all,37,20,8979,1384,11,32232,0,0,0,0,0,F,6,Ciliated cell,44,21,3,3,3_5,SMC
F-5971,all,20,13,8548,1446,34,58000,0,0,0,0,0,F,5,Capillary 1 cell,40,13,2,2,2_6,pDC
F-5973,all,35,12,7533,1044,37,46896,0,0,0,0,0,F,14,Alveolar type 1 cell,42,12,6,6,6,AT1
F-5977,all,26,8,9168,1011,8,36068,0,0,0,0,0,F,9,Alveolar type 1 cell,43,8,6,6,6,AT1
F-5979,all,29,20,8932,1398,21,97546,0,0,0,0,0,F,9,Vascular smooth muscle cell,40,21,3,3,3_2,SMC
F-5980,all,115,14,8551,354,17,75133,0,0,0,0,0,F,102,Alveolar type 2 cell,49,7,1,1,1_1,AT2
F-5983,all,53,25,7581,850,16,58056,0,0,0,0,0,F,10,Capillary 2 cell,55,27,2,2,2_5,DC
F-5985,all,83,23,8590,327,23,91619,0,0,0,0,0,F,67,Sox9+/Id2+ epithelial cell,57,23,1,1,1_1,AT2
F-5986,all,15,12,8312,658,36,27995,0,0,0,0,0,F,2,Pulmonary neuroendocrine cell,35,13,2,2,2_2,InflamMac
F-5987,all,40,28,8734,1092,19,65342,0,0,0,0,0,F,8,Vascular smooth muscle cell,41,29,3,3,3_1,SMC
F-5988,all,14,8,9101,1042,23,44345,0,0,0,0,0,F,3,Alveolar fibroblast 1,32,9,1,1,1_5_2,AlveolarFib
F-5990,all,14,8,7984,1809,38,39723,0,0,0,0,0,F,2,Sox9+/Id2+ epithelial cell,35,8,1,1,1_3,AT2
F-5994,all,16,8,7497,1054,19,63382,0,0,0,0,0,F,9,Alveolar type 1 cell,36,8,5,5,5_3,Pericyte
F-5996,all,35,12,8697,1074,22,32015,0,0,0,0,0,F,26,Alveolar type 2 cell,44,12,1,1,1_3,AT2
F-6000,all,89,25,8643,977,32,74488,0,0,0,0,0,F,13,Alveolar type 1 cell,58,25,6,6,6,AT1
F-6001,all,43,19,8515,948,29,80334,0,0,0,0,0,F,26,Alveolar type 2 cell,45,18,2,2,2_1,Capillary
F-6003,all,57,33,8732,1034,20,58513,0,0,0,0,0,F,11,Arterial endothelial cell,54,33,2,2,2_4,Artery
F-6004,all,27,14,8026,231,10,44769,0,0,0,0,0,F,7,Alveolar type 1 cell,44,14,6,6,6,AT1
F-6006,all,46,9,8538,1336,24,68497,0,0,0,0,0,F,39,Alveolar type 2 cell,47,9,1,1,1_1,AT2
F-6008,all,24,10,7835,657,16,27937,0,0,0,0,0,F,2,Alveolar type 1 cell,42,10,6,6,6,AT1
F-6009,all,30,17,9134,842,18,91859,0,0,0,0,0,F,5,Capillary 1 cell,41,18,2,2,2_1,Capillary
F-6012,all,17,10,7794,101,33,63649,0,0,0,0,0,F,4,Inflammatory monocyte,37,11,2,2,2_2,InflamMac
F-6013,all,55,30,8417,181,30,89337,0,0,0,0,0,F,11,Inflammatory monocyte,54,30,7,7,7_4,PatrolMac
F-6015,all,9,6,9243,890,13,39627,0,0,0,0,0,F,5,Capillary 1 cell,36,7,2,2,2_1,Capillary
F-6016,all,24,18,9170,818,10,62198,0,0,0,0,0,F,4,Capillary 1 cell,46,18,2,2,2_3,Vein
F-6019,all,25,15,7684,712,20,54345,0,0,0,0,0,F,3,Alveolar fibroblast 1,44,15,1,1,1_5_4,pDC
F-6020,all,40,26,7786,1734,21,83152,0,0,0,0,0,F,6,Alveolar fibroblast 1,43,26,3,3,3_4,AdventitialFib
F-6023,all,44,24,8607,46,10,61175,0,0,0,0,0,F,10,CD4+ T cell,45,24,3,3,3_4,AdventitialFib
F-6025,all,36,17,7803,667,19,47562,0,0,0,0,0,F,11,Alveolar type 1 cell,42,17,6,6,6,AT1
F-6026,all,37,9,9167,1543,11,49061,0,0,0,0,0,F,31,Alveolar type 2 cell,45,9,1,1,1_1,AT2
F-6027,all,51,17,8571,296,27,52496,0,0,0,0,0,F,38,Alveolar type 2 cell,49,17,1,1,1_3,AT2
F-6029,all,51,29,8967,804,22,57489,0,0,0,0,0,F,10,Arterial endothelial cell,51,30,2,2,2_4,Artery
F-6031,all,28,16,8358,118,15,52834,0,0,0,0,0,F,3,Capillary 1 cell,42,16,2,2,2_1,Capillary
F-6033,all,15,13,8684,1303,23,25479,0,0,0,0,0,F,2,Endothelial progenitor cell,32,13,2,2,2_1,Capillary
F-6035,all,79,41,8541,773,24,139181,52,0,52,0,1,F,22,Endothelial progenitor cell,58,41,2,2,2_1,Capillary
F-6036,all,86,21,8178,713,17,76462,0,0,0,0,0,F,9,Natural killer cell,56,21,7,7,7_3,Tcell (CD8)
F-6038,all,39,15,7658,1524,21,67282,0,0,0,0,0,F,26,Secondary crest myofibroblast,44,15,1,1,1_3,AT2
F-6039,all,46,33,8597,1650,31,73096,0,0,0,0,0,F,5,B cell,46,33,1,1,1_3,AT2
F-6041,all,17,12,7782,701,10,34024,0,0,0,0,0,F,3,Capillary 1 cell,38,12,3,3,3_3,AdventitialFib
F-6042,all,31,22,8897,46,35,80385,0,0,0,0,0,F,6,Capillary 1 cell,39,22,2,2,2_1,Capillary
F-6043,all,46,22,7897,1767,24,80126,0,0,0,0,0,F,18,Sox9+/Id2+ epithelial cell,51,23,2,2,2_1,Capillary
F-6050,all,6,3,9051,1802,14,14554,0,0,0,0,0,F,5,Alveolar type 2 cell,32,5,1,1,1_1,AT2
F-6054,all,53,31,7891,278,12,65280,0,0,0,0,0,F,7,Alveolar type 1 cell,52,31,6,6,6,AT1
F-6056,all,8,6,8174,629,6,8944,0,0,0,0,0,F,2,Endothelial progenitor cell,29,7,2,2,2_1,Capillary
F-6057,all,29,17,8906,1653,27,45381,0,0,0,0,0,F,4,Airway smooth muscle cell,39,18,3,3,3_1,SMC
F-6059,all,11,10,8025,580,21,42004,0,0,0,0,0,F,4,Capillary 1 cell,33,10,6,6,6,AT1
F-6060,all,27,18,8697,1031,23,36697,0,0,0,0,0,F,8,Alveolar fibroblast 1,38,19,2,2,2_4,Artery
F-6061,all,40,21,8912,1344,24,45467,0,0,0,0,0,F,5,Arterial endothelial cell,41,21,2,2,2_4,Artery
F-6062,all,30,9,7831,172,11,28281,0,0,0,0,0,F,24,Sox9+/Id2+ epithelial cell,43,9,1,1,1_3,AT2
F-6065,all,88,27,7600,1451,25,82320,0,0,0,0,0,F,17,Alveolar type 1 cell,59,27,6,6,6,AT1
F-6067,all,23,7,7507,1393,21,44886,0,0,0,0,0,F,17,Alveolar type 2 cell,44,7,1,1,1_1,AT2
F-6070,all,20,9,7606,1402,11,25040,0,0,0,0,0,F,4,Mature DC subset,38,9,1,1,1_2_1,Tcell (CD4)
F-6072,all,74,24,8677,1100,25,92583,0,0,0,0,0,F,44,Alveolar type 2 cell,53,24,2,2,2_4,Artery
F-6077,all,37,23,7663,835,28,89732,0,0,0,0,0,F,11,Inflammatory monocyte,39,23,3,3,3_6,SCMF
F-6078,all,14,11,8998,906,10,11318,0,0,0,0,0,F,3,Alveolar type 1 cell,31,11,6,6,6,AT1
F-6080,all,23,18,8715,1838,25,34521,0,0,0,0,0,F,2,Ciliated cell,43,18,2,2,2_3,Vein
F-6083,all,22,16,8337,690,33,44216,0,0,0,0,0,F,3,B cell,44,17,3,3,3_5,SMC
F-6086,all,34,23,9039,1865,26,58654,0,0,0,0,0,F,5,Sox9+/Id2+ epithelial cell,44,23,2,2,2_3,Vein
F-6087,all,11,9,8820,217,38,24354,0,0,0,0,0,F,2,Capillary 1 cell,34,9,2,2,2_3,Vein
F-6091,all,16,13,9221,1031,35,40043,0,0,0,0,0,F,3,Alveolar type 2 cell,36,14,2,2,2_2,InflamMac
F-6092,all,41,15,8646,69,28,41915,0,0,0,0,0,F,15,Alveolar type 1 cell,44,15,6,6,6,AT1
F-6093,all,55,21,8920,1697,27,105788,0,0,0,0,0,F,26,Alveolar type 2 cell,52,22,3,3,3_5,SMC
F-6096,all,7,7,9146,976,13,16149,0,0,0,0,0,F,2,Alveolar type 1 cell,35,7,2,2,2_1,Capillary
F-6097,all,33,25,7694,1631,32,58022,0,0,0,0,0,F,3,Interstitial macrophage,37,25,8,8,8_3,InterstitialMac
F-6098,all,124,57,8623,1808,26,80083,0,0,0,0,0,F,17,Alveolar fibroblast 1,46,30,3,3,3_5,SMC
F-6100,all,16,10,8487,660,23,37108,0,0,0,0,0,F,5,Endothelial progenitor cell,36,10,5,5,5_3,Pericyte
F-6102,all,85,30,7931,315,25,75733,0,0,0,0,0,F,26,Alveolar type 1 cell,57,30,6,6,6,AT1
F-6103,all,56,30,7939,145,27,96746,0,0,0,0,0,F,5,Capillary 1 cell,53,29,2,2,2_1,Capillary
F-6104,all,16,7,8975,1858,4,9776,0,0,0,0,0,F,10,Sox9+/Id2+ epithelial cell,38,7,1,1,1_1,AT2
F-6106,all,62,29,8694,1581,27,76099,0,0,0,0,0,F,12,Capillary 1 cell,53,29,2,2,2_3,Vein
F-6107,all,9,4,7499,1432,20,21663,0,0,0,0,0,F,8,Arterial endothelial cell,33,6,2,2,2_4,Artery
F-6109,all,63,35,8622,529,16,71151,0,0,0,0,0,F,12,Alveolar fibroblast 1,55,35,2,2,2_4,Artery
F-6111,all,10,8,7767,669,23,38074,0,0,0,0,0,F,3,Capillary 1 cell,30,8,2,2,2_1,Capillary
F-6114,all,25,10,7452,1433,23,89254,0,0,0,0,0,F,15,Alveolar type 2 cell,44,10,1,1,1_1,AT2
F-6115,all,8,4,7516,1576,11,24782,0,0,0,0,0,F,2,Secondary crest myofibroblast,28,5,3,3,3_5,SMC
F-6116,all,33,22,7563,302,13,69501,0,0,0,0,0,F,4,Capillary 2 cell,40,21,2,2,2_1,Capillary
F-6117,all,12,5,7784,848,34,20932,0,0,0,0,0,F,2,B cell,29,5,9,9,9,Bcell
F-6118,all,17,13,9169,1067,20,24022,0,0,0,0,0,F,4,Vascular smooth muscle cell,36,14,3,3,3_2,SMC
F-6120,all,20,15,9087,994,31,55507,0,0,0,0,0,F,4,Vascular smooth muscle cell,38,16,3,3,3_2,SMC
F-6122,all,37,20,7719,1566,25,82182,0,0,0,0,0,F,19,Alveolar type 2 cell,41,20,2,2,2_6,pDC
F-6127,all,56,15,8688,1223,28,49956,0,0,0,0,0,F,12,Alveolar type 1 cell,51,15,6,6,6,AT1
F-6128,all,36,13,9251,994,23,93249,0,0,0,0,0,F,12,Ciliated cell,44,13,6,6,6,AT1
F-6132,all,16,12,9017,1498,22,69554,0,0,0,0,0,F,3,Capillary 1 cell,34,12,2,2,2_3,Vein
F-6133,all,9,7,7858,713,38,34799,0,0,0,0,0,F,2,B cell,29,8,9,9,9,Bcell
F-6134,all,28,20,9239,1366,15,59409,0,0,0,0,0,F,5,Pericyte,40,20,5,5,5_1,Pericyte
F-6135,all,67,26,9110,941,23,130074,0,0,0,0,0,F,27,Alveolar type 2 cell,55,26,1,1,1_3,AT2
F-6139,all,20,12,9136,1440,24,41629,0,0,0,0,0,F,14,Pericyte,35,12,5,5,5_1,Pericyte
F-6141,all,103,25,8562,700,27,89394,0,0,0,0,0,F,73,Alveolar type 2 cell,52,20,1,1,1_3,AT2
F-6142,all,60,29,8782,154,29,139255,0,0,0,0,0,F,10,Arterial endothelial cell,53,29,5,5,5_1,Pericyte
F-6144,all,44,21,8935,888,13,42203,0,0,0,0,0,F,18,Alveolar type 2 cell,45,21,1,1,1_1,AT2
F-6146,all,43,27,7720,1856,35,72830,0,0,0,0,0,F,4,Inflammatory monocyte,42,27,2,2,2_1,Capillary
F-6148,all,13,10,7746,1705,27,35819,0,0,0,0,0,F,3,Capillary 1 cell,31,11,3,3,3_5,SMC
F-6150,all,35,23,8958,507,25,62022,0,0,0,0,0,F,5,Capillary 2 cell,43,23,2,2,2_6,pDC
F-6151,all,40,28,8676,1830,27,50205,0,0,0,0,0,F,6,Capillary 1 cell,43,29,3,3,3_5,SMC
F-6152,all,44,30,7773,1949,30,50960,0,0,0,0,0,F,12,Vascular smooth muscle cell,44,30,3,3,3_6,SCMF
F-6155,all,66,23,7870,655,19,81956,0,0,0,0,0,F,17,Alveolar type 1 cell,55,23,6,6,6,AT1
F-6156,all,25,11,8986,881,8,22316,0,0,0,0,0,F,9,Alveolar type 1 cell,45,11,6,6,6,AT1
F-6158,all,16,11,7667,1716,31,32209,0,0,0,0,0,F,3,Endothelial progenitor cell,33,11,3,3,3_4,AdventitialFib
F-6161,all,65,20,8524,686,27,72865,0,0,0,0,0,F,50,Alveolar type 2 cell,54,20,1,1,1_3,AT2
F-6164,all,22,4,8610,298,14,25346,0,0,0,0,0,F,18,Sox9+/Id2+ epithelial cell,43,4,1,1,1_1,AT2
F-6166,all,60,24,8696,1186,22,49867,0,0,0,0,0,F,7,Alveolar type 1 cell,53,24,6,6,6,AT1
F-6170,all,9,4,8766,1338,33,20756,0,0,0,0,0,F,5,Sox9+/Id2+ epithelial cell,33,5,1,1,1_1,AT2
F-6171,all,28,22,8880,1280,21,42668,0,0,0,0,0,F,6,Alveolar fibroblast 1,40,22,3,3,3_1,SMC
F-6172,all,51,34,8713,1005,20,43952,0,0,0,0,0,F,6,Arterial endothelial cell,51,34,2,2,2_4,Artery
F-6173,all,19,13,7731,672,27,52723,0,0,0,0,0,F,8,Alveolar type 1 cell,40,13,6,6,6,AT1
F-6174,all,16,12,8413,36,9,33979,0,0,0,0,0,F,4,B cell,32,12,7,7,7_2,PatrolMac
F-6175,all,36,5,8643,1401,25,45354,0,0,0,0,0,F,32,Sox9+/Id2+ epithelial cell,46,5,1,1,1_1,AT2
F-6176,all,32,19,9008,823,19,69542,0,0,0,0,0,F,3,Inflammatory monocyte,42,20,2,2,2_2,InflamMac
F-6183,all,41,18,8977,1814,21,38186,0,0,0,0,0,F,15,Alveolar type 1 cell,45,18,6,6,6,AT1
F-6186,all,37,22,8863,1306,29,37191,0,0,0,0,0,F,5,Arterial endothelial cell,40,22,2,2,2_4,Artery
F-6187,all,24,15,8138,78,15,55041,0,0,0,0,0,F,4,Alveolar fibroblast 1,42,15,3,3,3_4,AdventitialFib
F-6191,all,53,34,8627,742,22,71363,0,0,0,0,0,F,10,Vascular smooth muscle cell,54,35,3,3,3_2,SMC
F-6192,all,8,3,9088,29,10,20388,0,0,0,0,0,F,7,Sox9+/Id2+ epithelial cell,36,5,1,1,1_1,AT2
F-6193,all,100,22,8518,538,20,65688,0,0,0,0,0,F,17,Alveolar type 1 cell,58,21,6,6,6,AT1
F-6194,all,43,28,9046,864,28,47223,0,0,0,0,0,F,7,Sox9+/Id2+ epithelial cell,47,29,1,1,1_4_1,AlveolarFib
F-6195,all,16,5,8787,1356,26,38601,0,0,0,0,0,F,12,Sox9+/Id2+ epithelial cell,40,5,1,1,1_1,AT2
F-6196,all,61,27,8085,1890,32,73208,0,0,0,0,0,F,15,Capillary 1 cell,54,28,3,3,3_5,SMC
F-6197,all,15,13,8801,266,36,69062,0,0,0,0,0,F,3,Capillary 1 cell,33,13,5,5,5_1,Pericyte
F-6200,all,31,13,9272,881,18,68963,0,0,0,0,0,F,18,Alveolar type 2 cell,43,15,2,2,2_1,Capillary
F-6201,all,33,20,9022,1818,24,60148,0,0,0,0,0,F,17,Alveolar type 2 cell,39,20,1,1,1_3,AT2
F-6205,all,43,9,7808,187,18,36048,0,0,0,0,0,F,34,Alveolar type 2 cell,46,9,1,1,1_3,AT2
F-6206,all,44,18,8673,85,18,56074,0,0,0,0,0,F,6,Sox9+/Id2+ epithelial cell,46,18,6,6,6,AT1
F-6207,all,9,6,8700,1321,31,31076,0,0,0,0,0,F,3,Endothelial progenitor cell,30,6,6,6,6,AT1
F-6210,all,22,11,8977,420,11,28294,0,0,0,0,0,F,2,Natural killer cell,37,11,7,7,7_3,Tcell (CD8)
F-6212,all,7,6,7744,1740,6,12037,0,0,0,0,0,F,2,Arterial endothelial cell,27,7,2,2,2_4,Artery
F-6214,all,16,11,8071,1949,38,26952,0,0,0,0,0,F,3,Interstitial macrophage,31,11,8,8,8_3,InterstitialMac
F-6220,all,22,16,8107,1972,38,34522,0,0,0,0,0,F,8,Alveolar fibroblast 2,39,16,8,8,8_1,AlveolarMac
F-6224,all,59,16,8827,1626,19,45222,0,0,0,0,0,F,7,Alveolar type 1 cell,51,16,6,6,6,AT1
F-6225,all,28,22,7663,1602,32,41598,0,0,0,0,0,F,5,Inflammatory monocyte,37,24,2,2,2_5,DC
F-6228,all,13,3,7576,105,12,23637,0,0,0,0,0,F,10,Sox9+/Id2+ epithelial cell,38,3,1,1,1_1,AT2
F-6229,all,37,19,9026,915,17,46120,0,0,0,0,0,F,7,Alveolar type 1 cell,42,19,6,6,6,AT1
F-6230,all,16,11,8367,613,36,39042,0,0,0,0,0,F,6,CD4+ T cell,33,11,5,5,5_3,Pericyte
F-6231,all,66,18,8871,1652,26,51968,0,0,0,0,0,F,21,Alveolar type 1 cell,54,18,6,6,6,AT1
F-6232,all,21,6,8875,482,9,26921,0,0,0,0,0,F,15,Sox9+/Id2+ epithelial cell,41,6,1,1,1_1,AT2
F-6236,all,18,13,9002,404,13,19568,0,0,0,0,0,F,3,Mesothelial cell,43,14,3,3,3_1,SMC
F-6240,all,25,5,7651,1491,23,53244,0,0,0,0,0,F,22,Alveolar type 2 cell,46,5,1,1,1_1,AT2
F-6248,all,95,19,8593,1408,24,121111,0,0,0,0,0,F,70,Alveolar type 2 cell,55,18,1,1,1_1,AT2
F-6250,all,76,43,8849,521,16,89387,0,0,0,0,0,F,33,Vascular smooth muscle cell,59,43,3,3,3_2,SMC
F-6253,all,13,8,7786,648,14,20501,0,0,0,0,0,F,3,Basophil,36,10,2,2,2_5,DC
F-6254,all,17,10,8668,45,21,45513,0,0,0,0,0,F,5,B cell,35,10,9,9,9,Bcell
F-6257,all,51,32,9029,885,22,53178,0,0,0,0,0,F,10,Alveolar type 1 cell,50,32,1,1,1_5_2,AlveolarFib
F-6258,all,27,18,8496,990,29,44098,0,0,0,0,0,F,9,Pericyte,42,18,5,5,5_1,Pericyte
F-6263,all,24,13,7865,1772,29,40915,0,0,0,0,0,F,14,Pericyte,45,14,3,3,3_5,SMC
F-6266,all,6,5,7653,1736,41,8008,0,0,0,0,0,F,3,Mesothelial cell,19,8,3,3,3_3,AdventitialFib
F-6271,all,35,20,8032,2641,36,32490,0,0,0,0,0,F,5,Innate lymphoid cell,40,20,3,3,3_3,AdventitialFib
F-6272,all,19,16,8983,2637,27,53879,0,0,0,0,0,F,3,B cell,38,16,9,9,9,Bcell
F-6273,all,29,21,7832,3311,33,39429,0,0,0,0,0,F,7,Alveolar fibroblast 1,38,22,2,2,2_4,Artery
F-6274,all,9,7,7901,2648,17,24189,0,0,0,0,0,F,3,Alveolar type 2 cell,29,7,3,3,3_2,SMC
F-6275,all,43,22,8134,3787,26,78222,0,0,0,0,0,F,7,Arterial endothelial cell,45,22,2,2,2_4,Artery
F-6277,all,85,23,8805,2453,13,55677,0,0,0,0,0,F,59,Sox9+/Id2+ epithelial cell,56,23,1,1,1_1,AT2
F-6278,all,11,10,7924,3547,25,43857,0,0,0,0,0,F,4,Vascular smooth muscle cell,29,10,3,3,3_6,SCMF
F-6280,all,34,21,7803,2048,13,50676,0,0,0,0,0,F,11,Vascular smooth muscle cell,44,21,3,3,3_6,SCMF
F-6282,all,75,30,7611,2380,10,42089,0,0,0,0,0,F,21,Alveolar fibroblast 2,55,30,3,3,3_3,AdventitialFib
F-6283,all,26,13,7565,1990,33,34595,0,0,0,0,0,F,2,Endothelial progenitor cell,44,13,2,2,2_6,pDC
F-6284,all,28,16,8021,3800,29,51587,0,0,0,0,0,F,6,Arterial endothelial cell,38,17,2,2,2_4,Artery
F-6285,all,60,29,9127,2997,33,79001,0,0,0,0,0,F,17,Alveolar type 2 cell,55,30,2,2,2_2,InflamMac
F-6286,all,19,14,8924,2891,32,31760,0,0,0,0,0,F,3,B cell,39,14,9,9,9,Bcell
F-6287,all,31,26,7643,3461,36,28348,0,0,0,0,0,F,5,Alveolar macrophage,35,26,8,8,8_1,AlveolarMac
F-6288,all,32,24,8122,3826,27,94625,0,0,0,0,0,F,9,Vascular smooth muscle cell,37,24,3,3,3_6,SCMF
F-6290,all,128,57,7835,3213,18,109725,0,0,0,0,0,F,27,Vascular smooth muscle cell,41,21,3,3,3_3,AdventitialFib
F-6291,all,31,21,7696,2255,35,40955,0,0,0,0,0,F,4,Arterial endothelial cell,40,22,2,2,2_4,Artery
F-6293,all,17,12,7848,2709,36,23650,0,0,0,0,0,F,5,Classical DC subset 2,33,12,3,3,3_6,SCMF
F-6294,all,27,22,8265,3036,24,38347,0,0,0,0,0,F,5,Secondary crest myofibroblast,45,22,5,5,5_3,Pericyte
F-6295,all,122,38,7859,3711,29,75573,0,0,0,0,0,F,36,Mesothelial cell,49,20,3,3,3_3,AdventitialFib
F-6297,all,33,15,9012,2461,17,33476,0,0,0,0,0,F,13,Inflammatory monocyte,42,15,7,7,7_2,PatrolMac
F-6299,all,6,5,7874,2689,38,8512,0,0,0,0,0,F,2,Arterial endothelial cell,25,9,2,2,2_4,Artery
F-6300,all,33,20,9026,2921,34,66815,0,0,0,0,0,F,5,Capillary 1 cell,43,21,2,2,2_1,Capillary
F-6301,all,22,13,7785,2557,38,16087,0,0,0,0,0,F,7,Alveolar fibroblast 2,39,13,3,3,3_3,AdventitialFib
F-6302,all,90,45,8915,3081,21,80095,0,0,0,0,0,F,11,Arterial endothelial cell,62,45,3,3,3_5,SMC
F-6306,all,7,7,7975,2635,21,16379,0,0,0,0,0,F,3,Mature DC subset,27,9,1,1,1_2_1,Tcell (CD4)
F-6307,all,22,16,7919,3456,37,22292,0,0,0,0,0,F,4,Inflammatory monocyte,45,18,2,2,2_5,DC
F-6308,all,17,9,7800,2227,37,33636,0,0,0,0,0,F,7,Secondary crest myofibroblast,32,9,3,3,3_6,SCMF
F-6310,all,32,25,8168,3015,32,28835,0,0,0,0,0,F,9,Alveolar type 1 cell,42,25,2,2,2_1,Capillary
F-6311,all,52,20,9183,3428,19,43750,0,0,0,0,0,F,24,Interstitial macrophage,50,20,8,8,8_2,InterstitialMac
F-6314,all,33,21,8705,2027,25,29395,0,0,0,0,0,F,6,Capillary 1 cell,42,21,2,2,2_1,Capillary
F-6315,all,12,7,9056,3528,35,17048,0,0,0,0,0,F,3,Alveolar fibroblast 1,35,8,1,1,1_4_1,AlveolarFib
F-6317,all,77,34,8682,2005,19,70963,0,0,0,0,0,F,3,Capillary 1 cell,56,35,2,2,2_1,Capillary
F-6325,all,23,16,9024,2500,12,57993,0,0,0,0,0,F,10,T regulatory cell,39,16,7,7,7_2,PatrolMac
F-6326,all,31,21,9249,2965,39,37730,0,0,0,0,0,F,3,Alveolar fibroblast 1,40,22,3,3,3_1,SMC
F-6327,all,19,16,7881,3462,35,48004,0,0,0,0,0,F,4,Inflammatory monocyte,39,16,3,3,3_2,SMC
F-6328,all,26,18,7932,3503,32,53623,0,0,0,0,0,F,10,Vascular smooth muscle cell,46,18,3,3,3_2,SMC
F-6329,all,20,15,7823,3353,31,46222,0,0,0,0,0,F,6,Alveolar fibroblast 1,39,15,1,1,1_5_1,LymphaticEndo
F-6331,all,38,24,8098,2808,29,41288,0,0,0,0,0,F,8,Vascular smooth muscle cell,41,24,3,3,3_6,SCMF
F-6332,all,44,33,8222,2980,28,50974,0,0,0,0,0,F,10,Alveolar fibroblast 1,44,33,3,3,3_6,SCMF
F-6333,all,29,22,7792,3275,27,41289,0,0,0,0,0,F,7,Secondary crest myofibroblast,35,22,3,3,3_4,AdventitialFib
F-6336,all,17,14,7894,3510,34,52384,0,0,0,0,0,F,2,Pericyte,41,15,3,3,3_5,SMC
F-6337,all,23,16,8269,3080,21,28146,0,0,0,0,0,F,4,Secondary crest myofibroblast,44,17,3,3,3_2,SMC
F-6339,all,68,33,8705,2082,32,61049,0,0,0,0,0,F,9,Alveolar fibroblast 1,56,33,1,1,1_5_2,AlveolarFib
F-6343,all,22,18,9034,3561,31,40636,0,0,0,0,0,F,2,B cell,43,18,9,9,9,Bcell
F-6345,all,54,26,7779,2679,25,67197,0,0,0,0,0,F,12,Mesothelial cell,52,26,3,3,3_3,AdventitialFib
F-6347,all,16,9,7766,3260,30,25437,0,0,0,0,0,F,3,Inflammatory monocyte,36,9,7,7,7_2,PatrolMac
F-6349,all,46,28,7787,3308,31,63465,0,0,0,0,0,F,12,Alveolar fibroblast 1,46,28,3,3,3_2,SMC
F-6352,all,6,5,8233,3058,23,26820,0,0,0,0,0,F,3,Alveolar fibroblast 1,23,8,1,1,1_5_2,AlveolarFib
F-6353,all,60,28,9020,3444,36,78187,0,0,0,0,0,F,5,Capillary 2 cell,55,28,2,2,2_3,Vein
F-6357,all,16,7,7911,2711,30,21329,0,0,0,0,0,F,3,Arterial endothelial cell,34,7,2,2,2_4,Artery
F-6359,all,22,15,8731,2032,32,37660,0,0,0,0,0,F,2,Alveolar fibroblast 1,42,16,2,2,2_2,InflamMac
F-6360,all,15,10,7976,2600,30,45009,0,0,0,0,0,F,4,Alveolar fibroblast 1,36,11,1,1,1_5_1,LymphaticEndo
F-6361,all,26,15,8160,2741,32,44216,0,0,0,0,0,F,9,Airway smooth muscle cell,42,15,3,3,3_2,SMC
F-6363,all,68,37,8239,3231,19,103376,0,0,0,0,0,F,12,Arterial endothelial cell,57,37,3,3,3_6,SCMF
F-6365,all,8,8,7920,3757,34,29802,0,0,0,0,0,F,3,Secondary crest myofibroblast,24,10,5,5,5_3,Pericyte
F-6369,all,73,37,7767,2812,28,139148,0,0,0,0,0,F,31,Vascular smooth muscle cell,54,37,3,3,3_2,SMC
F-6370,all,30,24,7778,2279,33,25780,0,0,0,0,0,F,8,Airway smooth muscle cell,35,24,3,3,3_6,SCMF
F-6374,all,36,21,8979,2090,34,63588,0,0,0,0,0,F,8,Alveolar type 1 cell,42,21,7,7,7_3,Tcell (CD8)
F-6379,all,9,7,8117,2663,39,31933,0,0,0,0,0,F,4,Alveolar type 1 cell,26,8,6,6,6,AT1
F-6380,all,21,16,7652,2075,12,46152,0,0,0,0,0,F,5,Alveolar fibroblast 1,41,17,2,2,2_4,Artery
F-6382,all,50,35,8192,2987,31,45034,0,0,0,0,0,F,9,Alveolar fibroblast 1,50,35,2,2,2_4,Artery
F-6384,all,17,12,8005,2662,41,11278,0,0,0,0,0,F,5,Mesothelial cell,33,12,3,3,3_3,AdventitialFib
F-6387,all,24,18,8052,3805,26,50500,0,0,0,0,0,F,6,Arterial endothelial cell,46,19,2,2,2_4,Artery
F-6388,all,75,36,8873,3681,37,50817,0,0,0,0,0,F,11,Alveolar fibroblast 2,56,36,3,3,3_3,AdventitialFib
F-6392,all,10,7,8252,3280,17,33211,0,0,0,0,0,F,4,Arterial endothelial cell,29,8,2,2,2_4,Artery
F-6393,all,86,43,8944,3050,23,56430,0,0,0,0,0,F,6,Sox9+/Id2+ epithelial cell,58,43,2,2,2_3,Vein
F-6394,all,38,20,8885,3036,22,48496,0,0,0,0,0,F,5,Alveolar fibroblast 1,43,20,6,6,6,AT1
F-6395,all,57,21,8650,2177,25,64933,0,0,0,0,0,F,13,Alveolar type 1 cell,52,21,6,6,6,AT1
F-6397,all,21,15,7803,2747,23,44642,0,0,0,0,0,F,10,Vascular smooth muscle cell,39,15,3,3,3_6,SCMF
F-6400,all,30,13,8654,2099,27,39805,0,0,0,0,0,F,19,Alveolar macrophage,42,13,1,1,1_1,AT2
F-6401,all,24,18,7790,3348,34,34034,0,0,0,0,0,F,8,Vascular smooth muscle cell,43,19,2,2,2_4,Artery
F-6404,all,32,27,7760,2075,37,38399,0,0,0,0,0,F,7,Arterial endothelial cell,38,28,3,3,3_2,SMC
F-6405,all,7,5,8248,3378,35,11449,0,0,0,0,0,F,2,Alveolar type 1 cell,27,8,6,6,6,AT1
F-6406,all,18,14,9059,3490,33,34611,0,0,0,0,0,F,3,Arterial endothelial cell,39,15,2,2,2_4,Artery
F-6408,all,34,23,9034,2604,25,39917,0,0,0,0,0,F,5,Vascular smooth muscle cell,41,23,3,3,3_6,SCMF
F-6409,all,23,14,9073,2960,37,57613,0,0,0,0,0,F,13,B cell,42,14,9,9,9,Bcell
F-6410,all,9,9,7824,2670,35,54244,0,0,0,0,0,F,2,Secondary crest myofibroblast,27,10,3,3,3_2,SMC
F-6414,all,69,44,8180,2925,27,78007,0,0,0,0,0,F,7,Vascular smooth muscle cell,55,44,3,3,3_6,SCMF
F-6416,all,51,29,7807,2855,32,50407,0,0,0,0,0,F,3,Arterial endothelial cell,51,29,2,2,2_4,Artery
F-6418,all,46,29,7763,2255,30,51029,0,0,0,0,0,F,5,Alveolar fibroblast 2,46,29,3,3,3_5,SMC
F-6420,all,11,10,7940,3665,18,31480,0,0,0,0,0,F,5,Vascular smooth muscle cell,26,10,3,3,3_2,SMC
F-6424,all,114,56,8721,2482,24,86351,0,0,0,0,0,F,11,T regulatory cell,46,31,7,7,7_2,PatrolMac
F-6425,all,37,26,8264,3154,28,47116,0,0,0,0,0,F,4,Vascular smooth muscle cell,41,27,3,3,3_5,SMC
F-6427,all,22,17,8126,2756,35,37151,0,0,0,0,0,F,7,Vascular smooth muscle cell,39,17,3,3,3_2,SMC
F-6430,all,12,9,7794,2312,40,25012,0,0,0,0,0,F,7,Vascular smooth muscle cell,27,9,3,3,3_2,SMC
F-6432,all,84,21,9015,3511,37,57526,0,0,0,0,0,F,9,Alveolar type 1 cell,56,21,6,6,6,AT1
F-6434,all,63,28,7745,2224,23,88270,967,0,967,0,1,F,9,Vascular smooth muscle cell,52,28,3,3,3_2,SMC
F-6437,all,143,33,8973,2037,28,113487,0,0,0,0,0,F,34,Alveolar type 1 cell,49,15,6,6,6,AT1
F-6438,all,15,13,8734,2368,38,15913,0,0,0,0,0,F,5,Pericyte,31,13,5,5,5_1,Pericyte
F-6440,all,10,8,7615,2032,9,18002,0,0,0,0,0,F,3,Secondary crest myofibroblast,28,8,3,3,3_2,SMC
F-6441,all,30,18,8826,2881,40,23262,0,0,0,0,0,F,4,Mesothelial cell,39,18,3,3,3_3,AdventitialFib
F-6443,all,20,13,7822,3165,32,47156,0,0,0,0,0,F,6,Secondary crest myofibroblast,37,13,3,3,3_2,SMC
F-6445,all,45,30,7765,2160,36,49347,0,0,0,0,0,F,5,Arterial endothelial cell,45,30,2,2,2_4,Artery
F-6446,all,79,21,8660,2044,24,45315,0,0,0,0,0,F,50,Inflammatory monocyte,52,21,1,1,1_3,AT2
F-6447,all,23,14,7777,2585,37,21268,0,0,0,0,0,F,2,Mesothelial cell,40,14,3,3,3_3,AdventitialFib
F-6452,all,19,16,7853,2741,36,20025,0,0,0,0,0,F,2,Arterial endothelial cell,40,17,2,2,2_4,Artery
F-6454,all,34,23,8156,2945,24,52917,0,0,0,0,0,F,11,Alveolar fibroblast 1,42,23,5,5,5_3,Pericyte
F-6458,all,14,10,8217,3177,18,32372,0,0,0,0,0,F,4,Vascular smooth muscle cell,30,10,3,3,3_6,SCMF
F-6460,all,41,27,7776,2201,35,32552,0,0,0,0,0,F,11,Vascular smooth muscle cell,41,27,3,3,3_6,SCMF
F-6462,all,17,14,8141,2868,23,36830,0,0,0,0,0,F,3,Alveolar fibroblast 1,34,14,1,1,1_5_2,AlveolarFib
F-6463,all,17,12,8737,2323,37,31149,0,0,0,0,0,F,6,Pericyte,37,12,2,2,2_6,pDC
F-6464,all,77,43,8991,2177,33,81077,0,0,0,0,0,F,13,Arterial endothelial cell,58,43,8,8,8_2,InterstitialMac
F-6465,all,15,10,8291,3626,25,105705,0,0,0,0,0,F,5,Secretory cell,34,10,5,5,5_1,Pericyte
F-6468,all,39,25,8745,2064,32,43019,0,0,0,0,0,F,2,Capillary 1 cell,43,25,2,2,2_1,Capillary
F-6469,all,71,38,7674,3250,25,62868,0,0,0,0,0,F,17,Mesothelial cell,54,38,3,3,3_3,AdventitialFib
F-6470,all,46,30,7655,2169,24,85987,0,0,0,0,0,F,11,Airway smooth muscle cell,46,30,3,3,3_2,SMC
F-6472,all,9,9,7892,3596,27,14005,0,0,0,0,0,F,4,Mesothelial cell,23,10,3,3,3_3,AdventitialFib
F-6475,all,23,18,7784,2887,30,37086,0,0,0,0,0,F,7,Secondary crest myofibroblast,41,18,3,3,3_2,SMC
F-6480,all,40,17,8892,3001,22,43548,0,0,0,0,0,F,5,Alveolar type 1 cell,45,17,6,6,6,AT1
F-6481,all,83,45,9050,2641,31,99375,0,0,0,0,0,F,9,Pericyte,58,45,5,5,5_3,Pericyte
F-6485,all,22,19,7936,3612,27,23866,0,0,0,0,0,F,3,Secondary crest myofibroblast,41,19,2,2,2_6,pDC
F-6487,all,39,26,9000,3571,37,47332,0,0,0,0,0,F,4,Inflammatory monocyte,41,26,2,2,2_6,pDC
F-6488,all,24,18,8292,3137,29,34015,0,0,0,0,0,F,4,Alveolar type 1 cell,40,18,3,3,3_6,SCMF
F-6489,all,34,23,8970,2835,38,58821,0,0,0,0,0,F,3,Inflammatory monocyte,42,23,5,5,5_3,Pericyte
F-6490,all,19,13,8283,3101,29,14763,0,0,0,0,0,F,5,Vascular smooth muscle cell,39,14,3,3,3_2,SMC
F-6493,all,16,11,8888,2959,36,64020,0,0,0,0,0,F,5,B cell,34,11,9,9,9,Bcell
F-6500,all,39,18,7874,3627,21,43972,0,0,0,0,0,F,10,Mesothelial cell,42,18,3,3,3_4,AdventitialFib
F-6502,all,8,7,7824,3114,29,27448,0,0,0,0,0,F,3,Vascular smooth muscle cell,26,8,1,1,1_5_1,LymphaticEndo
F-6506,all,19,12,8156,2792,30,23647,0,0,0,0,0,F,10,Secondary crest myofibroblast,34,12,3,3,3_6,SCMF
F-6510,all,155,36,8792,2692,21,103978,0,0,0,0,0,F,20,Alveolar type 1 cell,50,20,6,6,6,AT1
F-6511,all,22,17,7948,2738,29,33369,0,0,0,0,0,F,5,Arterial endothelial cell,42,17,2,2,2_4,Artery
F-6523,all,24,18,7927,2585,25,46942,0,0,0,0,0,F,4,Alveolar fibroblast 1,45,19,3,3,3_1,SMC
F-6525,all,19,15,7931,2721,28,30525,0,0,0,0,0,F,5,Pericyte,39,15,5,5,5_3,Pericyte
F-6526,all,8,7,7930,3715,26,50278,0,0,0,0,0,F,4,Vascular smooth muscle cell,23,9,3,3,3_2,SMC
F-6531,all,38,16,8675,2079,28,28304,0,0,0,0,0,F,22,Alveolar type 2 cell,43,16,1,1,1_3,AT2
F-6533,all,52,28,7773,2729,27,105701,0,0,0,0,0,F,14,Vascular smooth muscle cell,52,28,3,3,3_2,SMC
F-6534,all,38,22,8281,3216,30,53217,0,0,0,0,0,F,4,Capillary 2 cell,42,22,3,3,3_6,SCMF
F-6535,all,24,15,7976,3802,22,68886,0,0,0,0,0,F,3,Pericyte,42,15,5,5,5_1,Pericyte
F-6537,all,202,37,8996,2565,27,99993,0,0,0,0,0,F,39,Alveolar type 1 cell,49,15,6,6,6,AT1
F-6539,all,67,28,7903,3622,17,44043,0,0,0,0,0,F,16,Arterial endothelial cell,58,28,3,3,3_3,AdventitialFib
F-6541,all,20,17,9262,2694,38,60642,0,0,0,0,0,F,2,Capillary 1 cell,39,17,2,2,2_3,Vein
F-6547,all,17,13,8127,2705,38,29042,0,0,0,0,0,F,6,Secondary crest myofibroblast,33,13,3,3,3_2,SMC
F-6548,all,20,11,7820,3410,35,45156,0,0,0,0,0,F,2,Proliferative mesenchymal progenitor cell,38,11,1,1,1_5_2,AlveolarFib
F-6549,all,7,7,7884,2566,31,49342,0,0,0,0,0,F,2,Secondary crest myofibroblast,23,10,3,3,3_2,SMC
F-6550,all,36,25,7602,3470,39,49188,0,0,0,0,0,F,4,Alveolar macrophage,39,25,8,8,8_1,AlveolarMac
F-6551,all,21,14,8055,2603,37,35749,0,0,0,0,0,F,9,Mesothelial cell,40,15,3,3,3_1,SMC
F-6556,all,30,17,8365,3814,22,43778,0,0,0,0,0,F,3,Mesothelial cell,38,17,3,3,3_3,AdventitialFib
F-6557,all,32,23,7864,3587,29,62668,0,0,0,0,0,F,12,Secondary crest myofibroblast,40,23,3,3,3_2,SMC
F-6560,all,57,35,8818,2817,23,95511,0,0,0,0,0,F,4,Alveolar fibroblast 1,56,35,3,3,3_3,AdventitialFib
F-6561,all,17,7,7582,2555,41,13979,0,0,0,0,0,F,5,Mesothelial cell,34,7,3,3,3_3,AdventitialFib
F-6564,all,17,13,8132,2798,31,30934,0,0,0,0,0,F,4,Secondary crest myofibroblast,37,14,3,3,3_2,SMC
F-6569,all,50,23,8674,2219,17,33628,0,0,0,0,0,F,6,Inflammatory monocyte,49,23,6,6,6,AT1
F-6570,all,15,10,7759,2883,35,30810,0,0,0,0,0,F,10,Vascular smooth muscle cell,30,10,3,3,3_2,SMC
F-6572,all,18,12,8202,2881,39,27048,0,0,0,0,0,F,5,Alveolar fibroblast 1,37,12,3,3,3_6,SCMF
F-6573,all,10,10,8139,2833,28,9947,0,0,0,0,0,F,3,Alveolar fibroblast 1,30,11,3,3,3_5,SMC
F-6580,all,7,4,8277,3710,21,54830,0,0,0,0,0,F,3,Sox9+/Id2+ epithelial cell,22,7,3,3,3_6,SCMF
F-6583,all,15,12,7796,3244,17,22213,0,0,0,0,0,F,7,Alveolar fibroblast 2,32,12,3,3,3_2,SMC
F-6595,all,33,14,8684,2172,18,33841,0,0,0,0,0,F,3,Alveolar type 1 cell,42,14,6,6,6,AT1
F-6597,all,40,23,8922,3117,22,34428,0,0,0,0,0,F,3,Capillary 1 cell,44,23,2,2,2_1,Capillary
F-6607,all,21,13,8252,3634,33,46160,0,0,0,0,0,F,5,Arterial endothelial cell,43,14,2,2,2_4,Artery
F-6610,all,17,12,9177,3373,12,30461,0,0,0,0,0,F,6,Alveolar type 2 cell,35,12,5,5,5_1,Pericyte
F-6622,all,132,52,8833,4278,34,81947,0,0,0,0,0,F,7,Inflammatory monocyte,43,19,1,1,1_2_1,Tcell (CD4)
F-6623,all,45,25,7508,4135,12,48248,2914,2914,0,1,0,F,6,Inflammatory monocyte,45,25,3,3,3_3,AdventitialFib
F-6624,all,59,27,8688,5546,16,80963,0,0,0,0,0,F,35,Mature DC subset,39,27,4,4,4_2,CiliatedEpi
F-6625,all,98,39,9059,4584,31,45959,0,0,0,0,0,F,6,CD4+ T cell,60,37,1,1,1_2_1,Tcell (CD4)
F-6627,all,130,54,9183,4034,20,92596,0,0,0,0,0,F,22,CD4+ T cell,44,25,7,7,7_2,PatrolMac
F-6628,all,202,58,8276,4836,27,88216,0,0,0,0,0,F,28,Innate lymphoid cell,53,31,2,2,2_2,InflamMac
F-6632,all,33,22,8349,5651,14,39954,0,0,0,0,0,F,10,Secondary crest myofibroblast,41,22,5,5,5_3,Pericyte
F-6633,all,124,63,8198,4309,36,61487,0,0,0,0,0,F,19,Classical DC subset 2,40,26,8,8,8_1,AlveolarMac
F-6634,all,251,76,8640,4316,37,103050,0,0,0,0,0,F,26,Alveolar fibroblast 2,48,33,3,3,3_3,AdventitialFib
F-6635,all,158,61,8870,4804,39,43339,0,0,0,0,0,F,26,Mesothelial cell,50,28,3,3,3_3,AdventitialFib
F-6636,all,128,49,7480,5356,29,97136,0,0,0,0,0,F,21,Alveolar fibroblast 1,48,29,1,1,1_4_1,AlveolarFib
F-6639,all,74,38,8084,3843,27,59785,0,0,0,0,0,F,9,Vascular smooth muscle cell,58,39,1,1,1_5_1,LymphaticEndo
F-6640,all,201,77,9160,5027,24,58644,0,0,0,0,0,F,75,Ciliated cell,43,29,4,4,4_1_2,CiliatedEpi
F-6641,all,144,54,7871,5647,15,119028,0,0,0,0,0,F,29,Alveolar fibroblast 1,51,29,3,3,3_1,SMC
F-6646,all,221,72,8298,4669,16,95484,0,0,0,0,0,F,32,Alveolar fibroblast 2,57,43,3,3,3_3,AdventitialFib
F-6647,all,83,36,8106,4881,26,47144,0,0,0,0,0,F,7,Capillary 1 cell,56,36,3,3,3_3,AdventitialFib
F-6649,all,334,89,8558,5535,23,62815,0,0,0,0,0,F,170,Ciliated cell,53,42,4,4,4_2,CiliatedEpi
F-6650,all,47,29,9163,4371,37,17883,0,0,0,0,0,F,2,Mesothelial cell,47,29,3,3,3_3,AdventitialFib
F-6651,all,28,16,9214,4619,24,24135,0,0,0,0,0,F,5,Proliferative mesenchymal progenitor cell,41,16,3,3,3_3,AdventitialFib
F-6655,all,10,8,7620,5180,11,14186,0,0,0,0,0,F,2,Pericyte,31,8,5,5,5_3,Pericyte
F-6656,all,22,20,8055,5303,25,24969,0,0,0,0,0,F,2,B cell,42,20,8,8,8_1,AlveolarMac
F-6660,all,154,56,8104,5597,20,100832,0,0,0,0,0,F,29,Alveolar fibroblast 2,47,28,3,3,3_3,AdventitialFib
F-6661,all,33,21,7803,5634,30,18399,0,0,0,0,0,F,2,Alveolar macrophage,39,21,8,8,8_1,AlveolarMac
F-6663,all,49,30,8365,5098,14,23335,0,0,0,0,0,F,7,Sox9+/Id2+ epithelial cell,48,30,3,3,3_3,AdventitialFib
F-6664,all,53,32,8954,3944,39,43752,0,0,0,0,0,F,9,Inflammatory monocyte,53,32,8,8,8_1,AlveolarMac
F-6665,all,33,17,9144,4159,41,35115,0,0,0,0,0,F,6,CD8+ T cell,42,17,1,1,1_2_1,Tcell (CD4)
F-6666,all,52,25,8274,5670,20,64631,0,0,0,0,0,F,29,Secondary crest myofibroblast,51,25,3,3,3_2,SMC
F-6667,all,447,132,9033,5162,26,102278,0,0,0,0,0,F,117,Arterial endothelial cell,41,25,4,4,4_1_1,ClubEpi
F-6669,all,60,29,8280,5626,25,61281,0,0,0,0,0,F,24,Vascular smooth muscle cell,55,30,3,3,3_2,SMC
F-6671,all,211,61,8810,4724,31,63403,0,0,0,0,0,F,10,Inflammatory monocyte,55,32,1,1,1_2_1,Tcell (CD4)
F-6672,all,139,56,9245,4946,20,36614,0,0,0,0,0,F,54,Endothelial progenitor cell,42,17,4,4,4_1_2,ClubEpi
F-6673,all,360,91,8522,5562,23,111080,0,0,0,0,0,F,192,Ciliated cell,52,44,4,4,4_2,CiliatedEpi
F-6674,all,73,36,9090,3839,31,55574,0,0,0,0,0,F,12,B cell,59,37,1,1,1_4_3,AlveolarFib
F-6675,all,58,26,8380,5581,23,38437,0,0,0,0,0,F,25,Alveolar fibroblast 1,56,27,3,3,3_2,SMC
F-6676,all,130,60,7558,4725,33,87952,0,0,0,0,0,F,17,Arterial endothelial cell,44,26,3,3,3_5,SMC
F-6677,all,184,65,8471,5647,10,34046,0,0,0,0,0,F,79,Ciliated cell,40,20,4,4,4_1_2,CiliatedEpi
F-6678,all,212,95,8821,5332,24,52080,0,0,0,0,0,F,33,Alveolar fibroblast 1,44,37,3,3,3_4,AdventitialFib
F-6679,all,87,36,8237,5641,21,101206,0,0,0,0,0,F,36,Alveolar fibroblast 1,64,37,3,3,3_2,SMC
F-6680,all,50,24,7484,4326,14,32507,0,0,0,0,0,F,8,Alveolar fibroblast 2,50,24,3,3,3_4,AdventitialFib
F-6682,all,304,105,9113,5082,29,73113,0,0,0,0,0,F,98,Secretory cell,47,32,4,4,4_1_2,ClubEpi
F-6684,all,34,18,8683,4831,17,22135,0,0,0,0,0,F,9,Mesothelial cell,40,18,3,3,3_3,AdventitialFib
F-6687,all,51,19,9251,4856,28,28394,0,0,0,0,0,F,7,Secondary crest myofibroblast,51,20,3,3,3_2,SMC
F-6688,all,28,17,8138,5221,23,16401,0,0,0,0,0,F,8,Venous endothelial cell,36,18,1,1,1_4_3,AlveolarFib
F-6689,all,35,19,8161,5571,24,46189,0,0,0,0,0,F,17,Secondary crest myofibroblast,40,20,3,3,3_2,SMC
F-6690,all,255,103,8991,5180,33,56424,0,0,0,0,0,F,67,Ciliated cell,50,42,4,4,4_1_1,CiliatedEpi
F-6691,all,28,19,7509,4412,11,27822,0,0,0,0,0,F,5,CD4+ T cell,36,20,1,1,1_5_2,AlveolarFib
F-6692,all,28,11,8356,4072,33,14852,0,0,0,0,0,F,6,Inflammatory monocyte,39,12,2,2,2_5,DC
F-6694,all,81,48,8839,5242,38,16979,0,0,0,0,0,F,10,Mesothelial cell,59,48,3,3,3_3,AdventitialFib
F-6696,all,49,26,8033,5319,33,28323,0,0,0,0,0,F,5,Alveolar macrophage,49,26,8,8,8_1,AlveolarMac
F-6702,all,106,39,9215,4236,36,52488,0,0,0,0,0,F,6,Proliferative mesenchymal progenitor cell,56,30,3,3,3_3,AdventitialFib
F-6703,all,271,90,8787,5368,21,62185,0,0,0,0,0,F,116,Arterial endothelial cell,45,25,4,4,4_1_2,ClubEpi
F-6705,all,297,80,7597,4943,24,129047,0,0,0,0,0,F,23,Inflammatory monocyte,56,38,9,9,9,Bcell
F-6706,all,274,95,8861,5334,14,59768,0,0,0,0,0,F,99,Ciliated cell,46,25,4,4,4_1_2,ClubEpi
F-6710,all,59,29,8065,5272,16,44813,54,0,54,0,1,F,4,Proliferative mesenchymal progenitor cell,54,29,1,1,1_2_1,Tcell (CD4)
F-6711,all,10,7,8089,5248,6,11609,0,0,0,0,0,F,3,Deuterosomal cell,24,8,1,1,1_6_2,Neutrophil
F-6712,all,52,25,7957,5243,34,29444,0,0,0,0,0,F,4,Inflammatory monocyte,52,26,2,2,2_2,InflamMac
F-6714,all,27,19,8352,5584,17,24933,0,0,0,0,0,F,10,Proliferative mesenchymal progenitor cell,40,19,3,3,3_2,SMC
F-6717,all,121,53,8624,4046,34,79135,0,0,0,0,0,F,8,Inflammatory monocyte,43,27,7,7,7_2,PatrolMac
F-6719,all,55,25,8350,5551,19,40807,0,0,0,0,0,F,29,Alveolar macrophage,53,26,3,3,3_2,SMC
F-6720,all,146,59,9065,5093,34,40930,0,0,0,0,0,F,56,B cell,61,44,4,4,4_1_2,CiliatedEpi
F-6721,all,87,46,9170,5103,39,27063,0,0,0,0,0,F,30,Secretory cell,61,46,4,4,4_1_1,ClubEpi
F-6723,all,19,9,7539,4341,12,21648,0,0,0,0,0,F,2,Mesothelial cell,37,9,3,3,3_3,AdventitialFib
F-6725,all,105,40,8330,5464,30,42537,0,0,0,0,0,F,23,Mesothelial cell,60,34,3,3,3_3,AdventitialFib
F-6728,all,192,67,8342,5132,17,79795,0,0,0,0,0,F,56,Proliferative mesenchymal progenitor cell,56,35,3,3,3_3,AdventitialFib
F-6730,all,40,21,8038,4436,38,17133,0,0,0,0,0,F,4,CD4+ T cell,43,22,3,3,3_1,SMC
F-6731,all,10,8,8066,3935,8,8783,0,0,0,0,0,F,2,Alveolar fibroblast 1,25,8,3,3,3_4,AdventitialFib
F-6732,all,90,43,8349,5521,25,48397,0,0,0,0,0,F,11,B cell,62,44,3,3,3_2,SMC
F-6735,all,403,110,8616,5499,24,101550,0,0,0,0,0,F,154,Ciliated cell,46,36,4,4,4_1_2,CiliatedEpi
F-6736,all,83,38,8090,4905,22,50912,0,0,0,0,0,F,10,CD8+ T cell,59,38,3,3,3_4,AdventitialFib
F-6737,all,18,12,8089,3934,14,9813,0,0,0,0,0,F,4,Mesothelial cell,37,12,3,3,3_3,AdventitialFib
F-6739,all,71,30,7957,4332,16,43924,0,0,0,0,0,F,13,Mesothelial cell,53,30,3,3,3_4,AdventitialFib
F-6740,all,75,41,9106,3900,36,37555,0,0,0,0,0,F,11,Capillary 1 cell,60,42,2,2,2_2,InflamMac
F-6741,all,408,120,9079,5122,23,94936,0,0,0,0,0,F,175,Ciliated cell,42,24,4,4,4_1_2,ClubEpi
F-6742,all,8,6,8079,5400,7,9294,0,0,0,0,0,F,2,Mesothelial cell,24,8,3,3,3_3,AdventitialFib
F-6743,all,96,39,8840,4614,25,50919,0,0,0,0,0,F,11,Alveolar fibroblast 2,60,38,3,3,3_3,AdventitialFib
F-6744,all,17,13,9136,4387,40,13958,0,0,0,0,0,F,2,Mesothelial cell,33,13,3,3,3_3,AdventitialFib
F-6745,all,274,91,8714,5429,23,56902,0,0,0,0,0,F,89,Ciliated cell,49,38,4,4,4_1_2,CiliatedEpi
F-6746,all,95,45,9119,4297,36,39391,0,0,0,0,0,F,7,Proliferative mesenchymal progenitor cell,65,44,3,3,3_3,AdventitialFib
F-6748,all,32,21,8359,4094,35,18156,0,0,0,0,0,F,5,Pericyte,39,21,5,5,5_3,Pericyte
F-6750,all,18,10,8183,4908,23,14790,0,0,0,0,0,F,5,Mesothelial cell,35,10,3,3,3_3,AdventitialFib
F-6751,all,54,31,8059,4909,30,33919,0,0,0,0,0,F,3,Alveolar fibroblast 1,56,32,1,1,1_4_1,AlveolarFib
F-6752,all,83,44,8528,4782,17,72380,0,0,0,0,0,F,13,Secondary crest myofibroblast,61,45,3,3,3_1,SMC
F-6753,all,132,43,7969,4894,27,68362,0,0,0,0,0,F,15,CD4+ T cell,48,22,1,1,1_2_1,Tcell (CD4)
F-6758,all,132,63,8369,3848,27,93077,0,0,0,0,0,F,13,Alveolar fibroblast 2,44,32,3,3,3_3,AdventitialFib
F-6759,all,111,47,8648,5467,21,41326,0,0,0,0,0,F,26,Arterial endothelial cell,63,46,4,4,4_1_1,CiliatedEpi
F-6760,all,13,10,7635,5160,12,14047,0,0,0,0,0,F,3,Mesothelial cell,33,11,3,3,3_2,SMC
F-6761,all,51,25,8527,5475,35,46788,0,0,0,0,0,F,10,B cell,51,25,3,3,3_2,SMC
F-6762,all,80,38,8013,4820,20,49719,0,0,0,0,0,F,8,Proliferative mesenchymal progenitor cell,59,38,3,3,3_3,AdventitialFib
F-6763,all,175,60,9020,3937,21,91126,0,0,0,0,0,F,8,B cell,50,29,3,3,3_3,AdventitialFib
F-6764,all,8,7,8008,3847,13,16961,0,0,0,0,0,F,4,Secondary crest myofibroblast,25,8,3,3,3_2,SMC
F-6765,all,86,47,8966,5162,38,25466,0,0,0,0,0,F,20,Capillary 1 cell,56,47,4,4,4_1_2,CiliatedEpi
F-6767,all,91,34,9045,4517,16,40337,0,0,0,0,0,F,10,Interstitial macrophage,60,34,8,8,8_3,InterstitialMac
F-6770,all,77,43,8258,5587,30,59223,0,0,0,0,0,F,23,Vascular smooth muscle cell,58,44,3,3,3_2,SMC
F-6771,all,312,110,9193,5017,27,79937,0,0,0,0,0,F,102,Alveolar fibroblast 2,39,32,4,4,4_1_1,CiliatedEpi
F-6772,all,108,47,8778,4812,30,37655,0,0,0,0,0,F,7,Mesothelial cell,59,40,3,3,3_3,AdventitialFib
F-6774,all,39,18,8007,4887,10,17769,0,0,0,0,0,F,5,Capillary 1 cell,42,18,3,3,3_3,AdventitialFib
F-6776,all,55,37,9067,4490,16,31814,0,0,0,0,0,F,10,Interstitial macrophage,54,37,8,8,8_3,InterstitialMac
F-6779,all,209,89,8949,5241,23,66349,0,0,0,0,0,F,41,Inflammatory monocyte,42,34,4,4,4_1_3,CiliatedEpi
F-6780,all,199,71,8834,5284,23,83167,0,0,0,0,0,F,36,Mesothelial cell,50,36,3,3,3_3,AdventitialFib
F-6781,all,23,15,8720,4870,28,16203,0,0,0,0,0,F,6,Capillary 1 cell,40,15,3,3,3_3,AdventitialFib
F-6788,all,65,33,8987,5253,18,15208,0,0,0,0,0,F,26,Ciliated cell,47,32,4,4,4_1_2,CiliatedEpi
F-6789,all,70,36,7456,4494,37,32006,0,0,0,0,0,F,12,Mesothelial cell,57,36,3,3,3_3,AdventitialFib
F-6790,all,59,23,9206,4587,26,40790,0,0,0,0,0,F,12,Mesothelial cell,53,23,3,3,3_3,AdventitialFib
F-6793,all,80,40,7952,4996,25,63916,0,0,0,0,0,F,5,Mature DC subset,60,40,1,1,1_2_1,Tcell (CD4)
F-6794,all,238,101,8919,5272,24,62386,0,0,0,0,0,F,74,Capillary 1 cell,52,44,4,4,4_1_1,CiliatedEpi
F-6797,all,64,40,7662,5076,30,53570,0,0,0,0,0,F,7,Alveolar type 1 cell,59,40,6,6,6,AT1
F-6799,all,38,15,7481,4371,8,32132,0,0,0,0,0,F,2,Mesothelial cell,43,15,3,3,3_3,AdventitialFib
F-6800,all,67,32,7853,5323,23,53086,0,0,0,0,0,F,5,CD4+ T cell,54,33,2,2,2_1,Capillary
F-6802,all,14,10,8188,5574,23,23041,0,0,0,0,0,F,4,Secondary crest myofibroblast,28,10,3,3,3_6,SCMF
F-6804,all,31,22,8157,5388,40,19680,0,0,0,0,0,F,6,Mesothelial cell,38,22,3,3,3_3,AdventitialFib
F-6805,all,155,55,7477,4991,30,101615,0,0,0,0,0,F,16,B cell,51,30,2,2,2_1,Capillary
F-6806,all,206,74,9267,4930,16,41285,0,0,0,0,0,F,88,Endothelial progenitor cell,44,31,4,4,4_1_2,CiliatedEpi
F-6807,all,142,72,8915,5224,37,39874,0,0,0,0,0,F,40,Venous endothelial cell,43,35,4,4,4_1_1,CiliatedEpi
F-6808,all,22,15,8413,5514,8,19446,0,0,0,0,0,F,7,Secondary crest myofibroblast,40,15,3,3,3_1,SMC
F-6811,all,52,24,7614,4904,7,30169,0,0,0,0,0,F,4,Mesothelial cell,50,24,3,3,3_3,AdventitialFib
F-6812,all,44,27,7921,4952,18,55548,0,0,0,0,0,F,4,B cell,44,27,2,2,2_6,pDC
F-6813,all,61,33,8206,4932,21,34736,0,0,0,0,0,F,9,Alveolar macrophage,56,33,3,3,3_3,AdventitialFib
F-6816,all,45,21,8286,5560,19,28848,0,0,0,0,0,F,17,Inflammatory monocyte,49,22,3,3,3_2,SMC
F-6818,all,32,20,8744,4880,35,23956,0,0,0,0,0,F,3,Proliferative mesenchymal progenitor cell,40,20,3,3,3_4,AdventitialFib
F-6823,all,171,67,7914,4816,25,99260,0,0,0,0,0,F,29,Mesothelial cell,50,37,3,3,3_3,AdventitialFib
F-6831,all,103,46,8314,5577,24,78882,0,0,0,0,0,F,25,Secondary crest myofibroblast,63,39,3,3,3_2,SMC
F-6836,all,108,53,8982,5226,17,25668,0,0,0,0,0,F,35,Endothelial progenitor cell,64,52,4,4,4_1_1,CiliatedEpi
F-6837,all,39,19,7513,4354,10,27611,0,0,0,0,0,F,10,CD8+ T cell,43,20,2,2,2_2,InflamMac
F-6838,all,123,59,8891,5201,40,27503,0,0,0,0,0,F,36,Secretory cell,42,24,4,4,4_1_3,ClubEpi
F-6839,all,98,38,8177,5264,24,47257,0,0,0,0,0,F,10,CD4+ T cell,59,36,1,1,1_5_2,AlveolarFib
F-6841,all,348,105,8680,5456,26,75950,51,0,51,0,1,F,125,Ciliated cell,38,26,4,4,4_1_2,CiliatedEpi
F-6842,all,59,29,8357,4125,33,31439,0,0,0,0,0,F,4,Capillary 1 cell,55,29,2,2,2_3,Vein
F-6843,all,102,41,9074,4550,30,60530,0,0,0,0,0,F,9,B cell,58,33,1,1,1_2_1,Tcell (CD4)
F-6845,all,86,43,7965,5567,20,36983,0,0,0,0,0,F,15,CD4+ T cell,57,43,3,3,3_3,AdventitialFib
F-6848,all,66,24,8233,5680,28,47304,0,0,0,0,0,F,33,Vascular smooth muscle cell,56,24,3,3,3_2,SMC
F-6849,all,251,93,9135,5049,23,80434,0,0,0,0,0,F,93,Ciliated cell,48,37,4,4,4_1_2,CiliatedEpi
F-6853,all,22,13,9172,3897,31,17763,0,0,0,0,0,F,2,CD8+ T cell,40,14,2,2,2_2,InflamMac
F-6855,all,38,23,7928,5531,10,32749,0,0,0,0,0,F,11,Proliferative mesenchymal progenitor cell,41,24,1,1,1_4_3,AlveolarFib
F-6856,all,94,36,8394,5099,15,46722,0,0,0,0,0,F,10,T regulatory cell,59,35,3,3,3_3,AdventitialFib
F-6857,all,87,53,9130,5145,39,17851,0,0,0,0,0,F,17,Natural killer cell,62,52,4,4,4_1_3,CiliatedEpi
F-6858,all,66,29,8350,5615,23,102985,0,0,0,0,0,F,31,Vascular smooth muscle cell,54,30,3,3,3_2,SMC
F-6859,all,35,22,8033,3857,21,31951,0,0,0,0,0,F,11,Pericyte,40,22,1,1,1_2_3,Tcell (CD4)
F-6862,all,434,117,8750,5404,17,99134,0,0,0,0,0,F,230,Secretory cell,41,32,4,4,4_2,CiliatedEpi
F-6865,all,250,84,8681,5025,20,127758,0,0,0,0,0,F,26,Inflammatory monocyte,51,32,3,3,3_3,AdventitialFib
F-6866,all,69,38,9236,4882,22,48492,0,0,0,0,0,F,17,Alveolar fibroblast 1,54,39,3,3,3_2,SMC
F-6867,all,155,57,8998,4594,38,55714,0,0,0,0,0,F,10,Mesothelial cell,51,28,3,3,3_3,AdventitialFib
F-6869,all,33,15,8713,4836,18,13395,0,0,0,0,0,F,6,Alveolar fibroblast 2,41,15,3,3,3_4,AdventitialFib
F-6871,all,82,44,7936,5279,29,46915,0,0,0,0,0,F,5,Inflammatory monocyte,58,44,1,1,1_4_1,AlveolarFib
F-6874,all,81,36,7937,5568,19,54491,0,0,0,0,0,F,12,CD4+ T cell,58,36,3,3,3_3,AdventitialFib
F-6875,all,153,56,8407,5558,20,93392,0,0,0,0,0,F,47,Secondary crest myofibroblast,51,34,3,3,3_2,SMC
F-6877,all,90,43,8571,4794,16,34196,0,0,0,0,0,F,8,Capillary 2 cell,64,44,1,1,1_4_1,AlveolarFib
F-6878,all,59,40,8779,5315,37,10614,0,0,0,0,0,F,12,Alveolar fibroblast 1,59,41,2,2,2_4,Artery
F-6879,all,80,33,8175,5648,25,84846,0,0,0,0,0,F,12,Airway smooth muscle cell,53,33,3,3,3_2,SMC
F-6880,all,110,46,8286,5486,30,58405,0,0,0,0,0,F,22,Mesothelial cell,54,30,3,3,3_3,AdventitialFib
F-6885,all,26,13,9264,4611,23,17205,0,0,0,0,0,F,5,Alveolar fibroblast 2,44,13,3,3,3_3,AdventitialFib
F-6886,all,45,21,9192,3923,26,24300,0,0,0,0,0,F,2,CD4+ T cell,45,21,1,1,1_2_1,Tcell (CD4)
F-6887,all,144,64,8979,4347,35,42466,0,0,0,0,0,F,12,Mesothelial cell,48,33,3,3,3_3,AdventitialFib
F-6890,all,124,61,8746,4822,28,51685,0,0,0,0,0,F,11,B cell,42,27,9,9,9,Bcell
F-6892,all,42,22,7849,5351,22,60058,0,0,0,0,0,F,6,CD4+ T cell,43,22,1,1,1_2_1,Tcell (CD4)
F-6894,all,32,19,7448,5376,27,24508,0,0,0,0,0,F,3,B cell,42,19,1,1,1_2_1,Tcell (CD4)
F-6896,all,98,35,8843,4715,31,30714,0,0,0,0,0,F,5,Alveolar fibroblast 1,58,28,1,1,1_2_1,Tcell (CD4)
F-6900,all,129,73,9098,5154,37,32377,0,0,0,0,0,F,29,Alveolar fibroblast 1,33,24,4,4,4_1_3,CiliatedEpi
F-6902,all,43,22,7957,5620,39,22080,0,0,0,0,0,F,3,Inflammatory monocyte,45,22,3,3,3_3,AdventitialFib
F-6905,all,184,83,8681,5415,35,42432,0,0,0,0,0,F,47,Ciliated cell,51,39,4,4,4_1_1,ClubEpi
F-6908,all,169,66,9153,3950,23,117242,0,0,0,0,0,F,39,Proliferative mesenchymal progenitor cell,45,28,9,9,9,Bcell
F-6913,all,99,41,8383,5135,18,43642,0,0,0,0,0,F,20,Innate lymphoid cell,60,40,3,3,3_4,AdventitialFib
F-6915,all,77,33,8566,5471,28,52121,0,0,0,0,0,F,37,B cell,56,33,3,3,3_2,SMC
F-6918,all,88,37,7778,5471,26,61211,0,0,0,0,0,F,6,Alveolar fibroblast 1,60,37,2,2,2_1,Capillary
F-6921,all,55,29,7928,4342,10,33529,0,0,0,0,0,F,14,Proliferative mesenchymal progenitor cell,54,29,3,3,3_3,AdventitialFib
F-6922,all,23,17,8190,5595,21,31773,0,0,0,0,0,F,6,CD4+ T cell,47,18,3,3,3_2,SMC
F-6923,all,36,24,7509,4305,7,24875,0,0,0,0,0,F,7,Alveolar fibroblast 2,38,24,3,3,3_3,AdventitialFib
F-6928,all,46,24,7464,5394,26,24609,0,0,0,0,0,F,4,Mesothelial cell,46,24,3,3,3_3,AdventitialFib
F-6929,all,15,11,7775,5637,41,17115,0,0,0,0,0,F,4,Alveolar fibroblast 1,33,12,3,3,3_5,SMC
F-6930,all,89,41,9250,4631,26,42856,0,0,0,0,0,F,15,Alveolar fibroblast 2,61,40,3,3,3_3,AdventitialFib
F-6933,all,74,32,8629,5453,31,45701,0,0,0,0,0,F,14,CD4+ T cell,55,31,4,4,4_1_2,CiliatedEpi
F-6935,all,73,34,9169,4403,39,24879,0,0,0,0,0,F,18,Alveolar fibroblast 2,56,34,3,3,3_3,AdventitialFib
F-6938,all,26,16,8224,5605,37,15514,0,0,0,0,0,F,6,Airway smooth muscle cell,39,17,3,3,3_2,SMC
F-6939,all,182,67,8741,4163,23,101068,0,0,0,0,0,F,20,Alveolar fibroblast 2,49,30,3,3,3_3,AdventitialFib
F-6943,all,20,14,8204,5229,25,20813,0,0,0,0,0,F,12,Innate lymphoid cell,37,14,9,9,9,Bcell
F-6950,all,236,90,8890,5292,27,54372,0,0,0,0,0,F,71,Ciliated cell,50,39,4,4,4_1_1,ClubEpi
F-6955,all,132,61,8166,4946,26,72646,0,0,0,0,0,F,19,Arterial endothelial cell,43,27,3,3,3_3,AdventitialFib
F-6956,all,52,26,7998,4860,15,28436,0,0,0,0,0,F,4,Mesothelial cell,52,26,3,3,3_3,AdventitialFib
F-6960,all,115,58,8796,5335,33,26240,0,0,0,0,0,F,28,Arterial endothelial cell,66,52,4,4,4_1_1,CiliatedEpi
F-6966,all,18,13,7775,5755,35,40575,0,0,0,0,0,F,2,Sox9+/Id2+ epithelial cell,43,14,3,3,3_2,SMC
F-6969,all,58,29,7815,5755,27,49198,0,0,0,0,0,F,6,CD4+ T cell,55,29,1,1,1_2_1,Tcell (CD4)
F-6975,all,196,70,7895,5873,21,98986,0,0,0,0,0,F,19,Capillary 1 cell,52,35,1,1,1_2_1,Tcell (CD4)
F-6977,all,120,44,8845,5900,15,95729,0,0,0,0,0,F,7,Inflammatory monocyte,45,25,1,1,1_2_1,Tcell (CD4)
F-6979,all,101,54,7834,5966,38,24859,0,0,0,0,0,F,19,Endothelial progenitor cell,69,53,4,4,4_1_1,CiliatedEpi
F-6986,all,177,75,7479,6075,30,67959,0,0,0,0,0,F,26,Venous endothelial cell,49,38,4,4,4_1_1,CiliatedEpi
F-6988,all,94,41,7577,5944,21,30737,0,0,0,0,0,F,15,Inflammatory monocyte,61,40,4,4,4_1_3,CiliatedEpi
F-6993,all,100,43,7654,5913,18,31560,0,0,0,0,0,F,28,Capillary 1 cell,60,42,4,4,4_1_1,CiliatedEpi
F-6994,all,123,60,7723,5973,33,41773,0,0,0,0,0,F,17,Venous endothelial cell,41,27,4,4,4_1_1,ClubEpi
F-6995,all,165,63,7608,5977,25,68725,0,0,0,0,0,F,19,Capillary 1 cell,47,30,4,4,4_1_3,CiliatedEpi
F-6996,all,22,18,8013,5696,16,23309,0,0,0,0,0,F,2,CD4+ T cell,42,18,1,1,1_2_1,Tcell (CD4)
F-6997,all,149,54,8097,5740,29,82666,0,0,0,0,0,F,7,Mesothelial cell,49,31,3,3,3_3,AdventitialFib
F-6998,all,40,25,7870,5765,28,36910,0,0,0,0,0,F,4,Secondary crest myofibroblast,42,25,3,3,3_6,SCMF
F-7000,all,132,47,7970,5690,23,124820,0,0,0,0,0,F,25,Secondary crest myofibroblast,47,23,3,3,3_2,SMC
F-7004,all,17,13,7722,5877,24,19936,0,0,0,0,0,F,2,CD4+ T cell,33,13,1,1,1_2_1,Tcell (CD4)
F-7006,all,198,75,8225,5728,23,92731,0,0,0,0,0,F,37,Capillary 1 cell,55,38,4,4,4_1_1,ClubEpi
F-7008,all,227,101,7629,6047,35,49514,0,0,0,0,0,F,28,Venous endothelial cell,51,45,4,4,4_1_1,CiliatedEpi
F-7010,all,153,61,8014,5826,20,50954,0,0,0,0,0,F,38,Ciliated cell,45,25,4,4,4_1_1,CiliatedEpi
F-7013,all,42,23,7808,5725,28,30165,0,0,0,0,0,F,2,CD4+ T cell,43,23,1,1,1_2_1,Tcell (CD4)
F-7014,all,49,20,7969,5772,23,88362,0,0,0,0,0,F,7,CD4+ T cell,50,21,3,3,3_2,SMC
F-7019,all,9,8,7502,5831,16,9280,0,0,0,0,0,F,2,CD4+ T cell,26,9,1,1,1_2_1,Tcell (CD4)
F-7020,all,76,36,7479,5841,13,44836,0,0,0,0,0,F,2,CD4+ T cell,58,36,1,1,1_2_1,Tcell (CD4)
F-7021,all,122,55,7679,5884,25,91148,0,0,0,0,0,F,14,Capillary 1 cell,41,29,1,1,1_2_1,Tcell (CD4)
F-7022,all,116,37,8099,5690,27,66694,0,0,0,0,0,F,6,T regulatory cell,52,25,1,1,1_2_1,Tcell (CD4)
F-7023,all,36,19,7861,5830,30,49838,0,0,0,0,0,F,5,CD4+ T cell,42,20,3,3,3_2,SMC
F-7024,all,116,48,7542,5838,26,75296,0,0,0,0,0,F,10,T regulatory cell,45,27,1,1,1_2_1,Tcell (CD4)
F-7029,all,350,108,7342,6143,30,108015,0,0,0,0,0,F,46,Capillary 1 cell,48,32,4,4,4_1_1,ClubEpi
F-7032,all,229,80,7538,5991,24,76817,0,0,0,0,0,F,40,B cell,50,27,4,4,4_1_1,ClubEpi
F-7034,all,118,60,8038,5841,28,43865,0,0,0,0,0,F,12,Venous endothelial cell,44,29,4,4,4_1_1,CiliatedEpi
F-7035,all,235,78,8286,5728,30,65750,0,0,0,0,0,F,44,Venous endothelial cell,51,33,4,4,4_1_1,ClubEpi
F-7041,all,229,83,7732,6011,36,48427,0,0,0,0,0,F,33,Ciliated cell,54,38,4,4,4_1_1,CiliatedEpi
F-7042,all,462,117,7750,5929,28,129730,0,0,0,0,0,F,83,Capillary 1 cell,47,32,4,4,4_1_1,CiliatedEpi
F-7044,all,58,22,7867,5797,27,63585,0,0,0,0,0,F,20,CD4+ T cell,53,23,3,3,3_2,SMC
F-7046,all,138,60,7800,5947,34,40874,0,0,0,0,0,F,21,Inflammatory monocyte,46,28,4,4,4_1_1,ClubEpi
F-7051,all,293,94,7487,6027,30,90174,0,0,0,0,0,F,38,Venous endothelial cell,45,31,4,4,4_1_3,CiliatedEpi
F-7054,all,266,89,7570,6028,27,73682,0,0,0,0,0,F,31,Ciliated cell,50,40,4,4,4_1_1,CiliatedEpi
F-7061,all,178,65,8054,5813,22,52949,0,0,0,0,0,F,34,Endothelial progenitor cell,48,28,4,4,4_1_1,CiliatedEpi
F-7066,all,67,36,7464,5920,27,81989,0,0,0,0,0,F,14,Alveolar macrophage,58,36,1,1,1_2_1,Tcell (CD4)
F-7067,all,117,59,7770,5981,37,26053,0,0,0,0,0,F,20,Capillary 1 cell,46,30,7,7,7_3,Tcell (CD8)
F-7075,all,41,32,7696,6015,37,11011,0,0,0,0,0,F,2,Sox9+/Id2+ epithelial cell,42,33,1,1,1_6_2,Neutrophil
F-7077,all,57,41,7678,6034,36,17135,0,0,0,0,0,F,6,Capillary 1 cell,56,41,4,4,4_1_1,ClubEpi
F-7084,all,178,65,7665,5943,21,50417,0,0,0,0,0,F,44,Venous endothelial cell,47,29,4,4,4_1_1,CiliatedEpi
F-7087,all,32,18,10129,722,16,39540,0,0,0,0,0,F,11,Alveolar type 1 cell,40,18,6,6,6,AT1
F-7088,all,26,15,10180,398,14,38241,0,0,0,0,0,F,3,Inflammatory monocyte,47,15,1,1,1_3,AT2
F-7089,all,21,14,10406,631,23,44932,0,0,0,0,0,F,5,Arterial endothelial cell,40,14,2,2,2_4,Artery
F-7090,all,37,22,10027,803,18,74584,0,0,0,0,0,F,10,Alveolar fibroblast 1,41,21,1,1,1_5_1,LymphaticEndo
F-7091,all,33,21,10577,1932,11,74581,0,0,0,0,0,F,9,CD8+ T cell,39,21,7,7,7_2,PatrolMac
F-7092,all,18,8,10261,1953,35,42459,0,0,0,0,0,F,7,B cell,37,8,9,9,9,Bcell
F-7093,all,25,17,10082,1216,29,44034,0,0,0,0,0,F,6,Pericyte,44,17,5,5,5_1,Pericyte
F-7094,all,34,19,9696,1257,15,67514,0,0,0,0,0,F,12,Alveolar fibroblast 1,43,19,1,1,1_3,AT2
F-7095,all,51,20,10551,1619,16,69679,0,0,0,0,0,F,6,Natural killer cell,50,20,7,7,7_4,PatrolMac
F-7096,all,37,25,10281,881,36,62327,0,0,0,0,0,F,4,Alveolar fibroblast 1,42,26,1,1,1_5_1,LymphaticEndo
F-7097,all,31,15,10313,124,11,33162,0,0,0,0,0,F,6,Alveolar fibroblast 1,41,16,3,3,3_1,SMC
F-7098,all,13,12,10465,1333,9,31070,0,0,0,0,0,F,3,Capillary 1 cell,33,12,2,2,2_1,Capillary
F-7099,all,33,21,10674,1513,20,80196,0,0,0,0,0,F,7,Sox9+/Id2+ epithelial cell,40,22,2,2,2_1,Capillary
F-7101,all,22,18,10900,1546,27,87505,0,0,0,0,0,F,6,B cell,39,18,9,9,9,Bcell
F-7102,all,17,15,9745,1015,18,33114,0,0,0,0,0,F,6,Secondary crest myofibroblast,33,15,5,5,5_3,Pericyte
F-7103,all,93,13,9286,1879,11,74072,0,0,0,0,0,F,82,Alveolar type 2 cell,53,11,1,1,1_3,AT2
F-7104,all,34,18,10135,1194,13,94068,0,0,0,0,0,F,3,Endothelial progenitor cell,42,18,2,2,2_3,Vein
F-7107,all,48,13,9347,1817,37,56257,0,0,0,0,0,F,39,Alveolar type 2 cell,48,13,1,1,1_1,AT2
F-7108,all,28,21,9296,1818,26,79381,0,0,0,0,0,F,8,Pericyte,38,21,5,5,5_3,Pericyte
F-7109,all,12,9,10421,1615,36,27008,0,0,0,0,0,F,3,Capillary 1 cell,33,9,2,2,2_3,Vein
F-7110,all,36,21,10111,1245,7,59742,0,0,0,0,0,F,12,Capillary 1 cell,40,21,7,7,7_2,PatrolMac
F-7111,all,97,50,10724,481,29,116782,0,0,0,0,0,F,21,Alveolar fibroblast 1,64,49,2,2,2_1,Capillary
F-7112,all,31,10,10260,1881,35,47778,0,0,0,0,0,F,9,Alveolar type 1 cell,43,10,6,6,6,AT1
F-7113,all,10,8,10261,1663,19,38615,0,0,0,0,0,F,3,Capillary 1 cell,30,10,2,2,2_1,Capillary
F-7115,all,105,22,10430,582,19,88224,0,0,0,0,0,F,20,Alveolar fibroblast 1,58,20,6,6,6,AT1
F-7117,all,31,17,10441,92,21,58659,0,0,0,0,0,F,7,Proliferative mesenchymal progenitor cell,41,17,7,7,7_2,PatrolMac
F-7118,all,66,32,9747,558,9,78921,0,0,0,0,0,F,9,T regulatory cell,59,32,5,5,5_3,Pericyte
F-7120,all,20,15,10346,123,16,43273,0,0,0,0,0,F,4,Capillary 1 cell,41,15,8,8,8_2,InterstitialMac
F-7121,all,25,11,11070,629,23,85494,0,0,0,0,0,F,14,Pericyte,41,11,5,5,5_1,Pericyte
F-7122,all,16,13,9777,1175,33,59326,0,0,0,0,0,F,4,Pericyte,33,13,5,5,5_1,Pericyte
F-7123,all,30,19,10427,669,34,45576,0,0,0,0,0,F,12,Capillary 1 cell,39,19,2,2,2_3,Vein
F-7124,all,69,32,10590,210,22,89582,0,0,0,0,0,F,15,Capillary 1 cell,54,33,3,3,3_1,SMC
F-7125,all,47,31,10920,754,27,71760,0,0,0,0,0,F,3,Alveolar macrophage,47,31,8,8,8_1,AlveolarMac
F-7126,all,137,36,10250,707,17,93733,50,0,50,0,1,F,43,Alveolar type 1 cell,46,12,6,6,6,AT1
F-7127,all,31,19,10707,1789,15,77070,0,0,0,0,0,F,4,CD8+ T cell,41,19,2,2,2_6,pDC
F-7128,all,68,35,10680,1224,7,88130,0,0,0,0,0,F,14,Capillary 1 cell,56,36,2,2,2_1,Capillary
F-7129,all,32,16,9861,708,29,65284,0,0,0,0,0,F,19,Pericyte,44,16,5,5,5_1,Pericyte
F-7130,all,118,24,10999,1766,25,143698,0,0,0,0,0,F,89,Alveolar type 2 cell,46,11,1,1,1_3,AT2
F-7131,all,20,16,10205,751,26,40022,0,0,0,0,0,F,3,Alveolar fibroblast 1,39,16,2,2,2_1,Capillary
F-7132,all,57,31,9820,750,18,77314,0,0,0,0,0,F,7,Arterial endothelial cell,54,32,2,2,2_4,Artery
F-7133,all,38,21,10493,1294,28,73486,0,0,0,0,0,F,11,Venous endothelial cell,44,21,3,3,3_4,AdventitialFib
F-7134,all,25,20,10600,59,13,49054,0,0,0,0,0,F,9,Arterial endothelial cell,47,20,2,2,2_4,Artery
F-7136,all,72,35,10392,1951,24,107957,0,0,0,0,0,F,13,Alveolar fibroblast 1,57,35,1,1,1_5_2,AlveolarFib
F-7137,all,39,24,10957,1668,29,79633,0,0,0,0,0,F,12,Pericyte,41,23,2,2,2_1,Capillary
F-7138,all,13,9,9385,1585,37,36336,0,0,0,0,0,F,3,Alveolar fibroblast 1,38,10,2,2,2_1,Capillary
F-7139,all,26,10,9427,1600,17,38414,0,0,0,0,0,F,20,Alveolar type 2 cell,44,10,1,1,1_1,AT2
F-7141,all,131,41,10957,408,33,117027,0,0,0,0,0,F,12,Alveolar type 1 cell,43,15,6,6,6,AT1
F-7142,all,45,23,10584,489,36,69931,0,0,0,0,0,F,14,Alveolar fibroblast 1,46,24,2,2,2_4,Artery
F-7143,all,57,24,10305,374,27,72535,0,0,0,0,0,F,4,Arterial endothelial cell,54,24,2,2,2_4,Artery
F-7145,all,28,18,10837,652,31,60140,0,0,0,0,0,F,4,Endothelial progenitor cell,39,18,3,3,3_4,AdventitialFib
F-7146,all,34,19,10317,846,35,34443,0,0,0,0,0,F,11,Interstitial macrophage,44,19,8,8,8_3,InterstitialMac
F-7147,all,46,28,10218,1215,26,60175,0,0,0,0,0,F,12,Arterial endothelial cell,47,28,7,7,7_3,Tcell (CD8)
F-7148,all,39,27,11015,789,13,91717,0,0,0,0,0,F,8,Capillary 1 cell,42,28,2,2,2_1,Capillary
F-7149,all,48,27,10973,743,17,106056,102,0,102,0,1,F,16,Alveolar fibroblast 1,50,28,2,2,2_4,Artery
F-7151,all,27,16,10893,1603,19,70480,0,0,0,0,0,F,6,Natural killer cell,41,16,7,7,7_3,Tcell (CD8)
F-7152,all,29,19,10627,1454,30,76589,0,0,0,0,0,F,8,B cell,39,21,2,2,2_5,DC
F-7153,all,101,13,10235,414,28,76728,0,0,0,0,0,F,93,Alveolar type 2 cell,52,11,1,1,1_3,AT2
F-7156,all,47,34,9355,1240,18,63719,0,0,0,0,0,F,8,Natural killer cell,47,34,8,8,8_3,InterstitialMac
F-7157,all,71,18,10411,125,14,80811,0,0,0,0,0,F,55,Alveolar type 2 cell,53,18,2,2,2_1,Capillary
F-7159,all,32,18,9898,795,16,63566,50,0,50,0,1,F,9,Pericyte,39,18,6,6,6,AT1
F-7161,all,44,28,9297,1049,20,65028,0,0,0,0,0,F,12,Alveolar fibroblast 1,44,28,5,5,5_1,Pericyte
F-7163,all,43,25,9663,841,27,82421,0,0,0,0,0,F,10,Vascular smooth muscle cell,44,25,5,5,5_1,Pericyte
F-7164,all,54,30,10277,964,35,72100,0,0,0,0,0,F,5,Capillary 1 cell,54,30,2,2,2_1,Capillary
F-7165,all,42,26,10659,1385,32,61045,0,0,0,0,0,F,19,Pericyte,43,26,5,5,5_1,Pericyte
F-7166,all,77,45,9988,1285,20,94285,0,0,0,0,0,F,9,Classical DC subset 2,58,45,2,2,2_3,Vein
F-7167,all,56,19,9821,1081,26,44802,0,0,0,0,0,F,11,Alveolar type 1 cell,52,19,6,6,6,AT1
F-7168,all,28,14,9649,815,29,44167,0,0,0,0,0,F,9,Alveolar type 1 cell,41,15,1,1,1_4_3,AlveolarFib
F-7170,all,46,13,10321,1944,34,76503,0,0,0,0,0,F,27,Alveolar type 2 cell,47,13,1,1,1_1,AT2
F-7171,all,40,25,9335,1886,24,77817,50,0,50,0,1,F,12,Alveolar type 2 cell,45,26,2,2,2_4,Artery
F-7173,all,32,11,9415,891,35,32792,0,0,0,0,0,F,23,Alveolar type 2 cell,42,11,1,1,1_1,AT2
F-7175,all,45,25,10871,721,21,84011,0,0,0,0,0,F,9,Endothelial progenitor cell,44,25,2,2,2_1,Capillary
F-7176,all,53,26,10539,1661,13,62123,0,0,0,0,0,F,3,Alveolar fibroblast 1,52,27,1,1,1_5_1,LymphaticEndo
F-7177,all,59,29,10253,355,28,77360,0,0,0,0,0,F,21,Capillary 1 cell,55,29,3,3,3_6,SCMF
F-7178,all,23,16,9741,1243,18,67496,0,0,0,0,0,F,4,Capillary 1 cell,44,17,2,2,2_1,Capillary
F-7180,all,11,6,10594,1285,5,17923,0,0,0,0,0,F,2,Natural killer cell,29,6,7,7,7_3,Tcell (CD8)
F-7185,all,15,11,10543,156,10,38615,0,0,0,0,0,F,5,Pericyte,32,11,5,5,5_1,Pericyte
F-7188,all,72,37,9863,884,9,58163,0,0,0,0,0,F,24,Interstitial macrophage,57,37,8,8,8_3,InterstitialMac
F-7189,all,36,23,10118,520,20,70821,0,0,0,0,0,F,12,Pericyte,41,23,5,5,5_3,Pericyte
F-7192,all,23,16,9902,664,14,39694,0,0,0,0,0,F,3,Capillary 2 cell,43,16,2,2,2_3,Vein
F-7193,all,54,26,10723,729,27,93906,0,0,0,0,0,F,7,Alveolar fibroblast 1,51,26,2,2,2_1,Capillary
F-7197,all,24,15,9634,1119,27,49170,0,0,0,0,0,F,8,Secondary crest myofibroblast,41,15,3,3,3_6,SCMF
F-7200,all,29,15,10196,550,13,57062,0,0,0,0,0,F,4,Capillary 2 cell,40,15,2,2,2_3,Vein
F-7201,all,20,15,10077,659,33,48186,0,0,0,0,0,F,4,Pericyte,37,15,5,5,5_1,Pericyte
F-7203,all,22,6,9457,1594,13,32768,0,0,0,0,0,F,19,Alveolar type 2 cell,42,6,1,1,1_1,AT2
F-7205,all,24,13,10371,168,10,62224,0,0,0,0,0,F,5,Inflammatory monocyte,40,15,2,2,2_5,DC
F-7207,all,160,39,10978,642,19,102127,0,0,0,0,0,F,38,Alveolar type 1 cell,51,19,6,6,6,AT1
F-7208,all,27,18,10437,165,16,60807,0,0,0,0,0,F,7,Alveolar fibroblast 1,42,18,1,1,1_5_1,LymphaticEndo
F-7209,all,61,29,10371,827,27,88386,0,0,0,0,0,F,10,Arterial endothelial cell,54,29,2,2,2_4,Artery
F-7210,all,30,13,9302,1591,19,83823,0,0,0,0,0,F,9,Alveolar type 1 cell,42,13,6,6,6,AT1
F-7213,all,16,11,10661,1470,21,53706,0,0,0,0,0,F,8,B cell,34,11,9,9,9,Bcell
F-7214,all,144,19,10385,692,32,88698,0,0,0,0,0,F,128,AT1/AT2,47,7,1,1,1_3,AT2
F-7215,all,56,37,9749,803,24,83038,57,0,57,0,1,F,18,Arterial endothelial cell,54,37,5,5,5_1,Pericyte
F-7216,all,29,14,9601,892,36,30539,0,0,0,0,0,F,9,Capillary 1 cell,41,16,2,2,2_5,DC
F-7217,all,52,14,10387,522,11,38358,0,0,0,0,0,F,41,Alveolar type 2 cell,50,14,1,1,1_3,AT2
F-7219,all,86,27,9465,1392,17,76773,110,58,52,0.5272727,0.4727273,F,19,Alveolar type 1 cell,58,27,6,6,6,AT1
F-7220,all,102,35,9709,787,19,90350,0,0,0,0,0,F,22,Alveolar type 1 cell,56,27,6,6,6,AT1
F-7222,all,65,16,10830,1624,17,67957,0,0,0,0,0,F,48,Alveolar type 2 cell,51,16,1,1,1_3,AT2
F-7225,all,20,15,9456,1255,26,61178,0,0,0,0,0,F,4,Pericyte,38,15,5,5,5_1,Pericyte
F-7226,all,37,19,9792,1137,24,65717,0,0,0,0,0,F,4,Pericyte,42,19,5,5,5_1,Pericyte
F-7227,all,19,14,10029,1194,38,33433,0,0,0,0,0,F,3,Arterial endothelial cell,40,15,2,2,2_4,Artery
F-7228,all,53,14,10661,73,16,54213,0,0,0,0,0,F,43,Alveolar type 2 cell,49,14,1,1,1_3,AT2
F-7229,all,16,9,11056,51,29,25436,0,0,0,0,0,F,5,Sox9+/Id2+ epithelial cell,40,9,2,2,2_3,Vein
F-7232,all,64,40,10304,1227,16,84798,0,0,0,0,0,F,22,Alveolar fibroblast 1,58,40,5,5,5_3,Pericyte
F-7233,all,97,27,10514,798,26,85131,0,0,0,0,0,F,20,Alveolar type 1 cell,59,26,6,6,6,AT1
F-7234,all,28,7,10167,1883,37,28552,0,0,0,0,0,F,23,Alveolar type 2 cell,46,7,1,1,1_1,AT2
F-7235,all,139,32,10357,888,14,87006,0,0,0,0,0,F,99,Alveolar type 2 cell,47,14,1,1,1_3,AT2
F-7237,all,45,24,9711,1037,17,58845,0,0,0,0,0,F,16,Pericyte,45,24,5,5,5_1,Pericyte
F-7239,all,40,12,10374,96,17,49534,0,0,0,0,0,F,29,Alveolar type 2 cell,46,12,1,1,1_3,AT2
F-7241,all,51,28,10511,476,14,81073,0,0,0,0,0,F,3,B cell,50,28,2,2,2_6,pDC
F-7244,all,34,17,10984,563,20,32486,0,0,0,0,0,F,11,Alveolar type 2 cell,44,18,2,2,2_2,InflamMac
F-7245,all,24,18,10207,486,30,52253,0,0,0,0,0,F,6,Arterial endothelial cell,45,19,2,2,2_4,Artery
F-7246,all,29,15,11017,1839,24,49599,0,0,0,0,0,F,5,Inflammatory monocyte,42,17,2,2,2_5,DC
F-7248,all,27,13,10615,160,23,52938,0,0,0,0,0,F,14,Pericyte,45,13,5,5,5_1,Pericyte
F-7249,all,37,24,10409,207,21,102376,0,0,0,0,0,F,7,Inflammatory monocyte,41,24,9,9,9,Bcell
F-7250,all,19,13,9894,1074,10,29237,0,0,0,0,0,F,3,Capillary 1 cell,42,13,2,2,2_1,Capillary
F-7254,all,49,27,9479,1466,16,79502,0,0,0,0,0,F,7,Alveolar type 1 cell,49,27,6,6,6,AT1
F-7256,all,7,6,10515,1273,24,20404,0,0,0,0,0,F,2,Endothelial progenitor cell,27,9,3,3,3_4,AdventitialFib
F-7257,all,38,24,9678,1131,20,118677,0,0,0,0,0,F,15,Capillary 1 cell,42,24,5,5,5_3,Pericyte
F-7258,all,25,19,9943,866,32,28168,0,0,0,0,0,F,6,Arterial endothelial cell,45,19,2,2,2_4,Artery
F-7261,all,7,5,10659,463,35,15164,0,0,0,0,0,F,5,Pericyte,26,7,5,5,5_1,Pericyte
F-7262,all,19,13,9916,1155,15,60916,0,0,0,0,0,F,2,Alveolar fibroblast 1,39,14,1,1,1_4_1,AlveolarFib
F-7264,all,74,29,10626,1698,28,76349,0,0,0,0,0,F,30,Capillary 1 cell,54,29,1,1,1_3,AT2
F-7265,all,68,26,10410,61,18,107701,0,0,0,0,0,F,33,Pericyte,53,26,3,3,3_4,AdventitialFib
F-7269,all,24,13,10469,529,14,79738,0,0,0,0,0,F,12,Pericyte,41,13,5,5,5_1,Pericyte
F-7271,all,8,8,10201,643,33,23229,0,0,0,0,0,F,2,Secondary crest myofibroblast,25,9,3,3,3_6,SCMF
F-7273,all,87,38,10465,203,22,91901,0,0,0,0,0,F,35,Inflammatory monocyte,61,38,6,6,6,AT1
F-7275,all,105,19,10207,207,10,63665,0,0,0,0,0,F,95,Alveolar type 2 cell,54,16,1,1,1_3,AT2
F-7276,all,46,28,10436,412,35,76044,0,0,0,0,0,F,8,Capillary 1 cell,51,29,2,2,2_1,Capillary
F-7277,all,20,14,11048,1854,19,30033,0,0,0,0,0,F,2,Inflammatory monocyte,37,14,8,8,8_1,AlveolarMac
F-7278,all,14,11,10390,242,8,41337,0,0,0,0,0,F,6,Pericyte,28,11,5,5,5_1,Pericyte
F-7279,all,16,14,9867,1046,17,56869,0,0,0,0,0,F,5,Inflammatory monocyte,33,14,2,2,2_1,Capillary
F-7283,all,50,18,10416,481,13,69884,0,0,0,0,0,F,32,Alveolar fibroblast 1,47,18,1,1,1_5_1,LymphaticEndo
F-7285,all,23,16,10254,306,37,38375,0,0,0,0,0,F,11,Pericyte,42,16,5,5,5_1,Pericyte
F-7286,all,112,21,10211,812,31,75905,0,0,0,0,0,F,91,Alveolar type 2 cell,45,8,1,1,1_1,AT2
F-7287,all,8,8,9996,864,40,19776,0,0,0,0,0,F,2,Arterial endothelial cell,27,9,2,2,2_4,Artery
F-7290,all,34,20,9547,1414,21,73970,0,0,0,0,0,F,15,CD8+ T cell,42,21,3,3,3_1,SMC
F-7291,all,8,7,9929,666,23,19523,0,0,0,0,0,F,2,Endothelial progenitor cell,30,7,2,2,2_1,Capillary
F-7292,all,70,40,9399,1265,21,121093,0,0,0,0,0,F,15,Interstitial macrophage,62,40,2,2,2_1,Capillary
F-7294,all,20,11,9802,1266,39,31913,0,0,0,0,0,F,2,Capillary 1 cell,41,11,2,2,2_1,Capillary
F-7295,all,12,8,10632,41,13,33998,0,0,0,0,0,F,5,Sox9+/Id2+ epithelial cell,32,8,2,2,2_3,Vein
F-7297,all,37,30,9797,953,13,63190,0,0,0,0,0,F,15,Vascular smooth muscle cell,38,30,5,5,5_1,Pericyte
F-7298,all,120,56,9878,759,25,119971,0,0,0,0,0,F,22,Arterial endothelial cell,45,28,2,2,2_4,Artery
F-7299,all,40,23,10183,437,21,56522,0,0,0,0,0,F,19,CD8+ T cell,41,23,2,2,2_1,Capillary
F-7302,all,26,15,10092,870,9,52191,0,0,0,0,0,F,4,Sox9+/Id2+ epithelial cell,46,16,2,2,2_1,Capillary
F-7303,all,56,36,10620,1370,30,61076,0,0,0,0,0,F,7,Pericyte,55,36,5,5,5_1,Pericyte
F-7305,all,28,18,10433,859,21,70903,0,0,0,0,0,F,13,Pericyte,41,18,5,5,5_1,Pericyte
F-7306,all,14,9,10351,1253,4,10132,0,0,0,0,0,F,3,Natural killer cell,33,10,2,2,2_2,InflamMac
F-7307,all,18,10,9451,1303,11,54119,0,0,0,0,0,F,2,Endothelial progenitor cell,39,10,2,2,2_1,Capillary
F-7308,all,108,20,9706,1092,14,96930,0,0,0,0,0,F,88,Alveolar type 2 cell,53,16,1,1,1_3,AT2
F-7311,all,37,21,10104,748,15,74120,157,0,157,0,1,F,8,Innate lymphoid cell,43,21,6,6,6,AT1
F-7313,all,38,22,9899,622,15,48086,59,0,59,0,1,F,6,Capillary 1 cell,42,22,2,2,2_6,pDC
F-7314,all,38,19,10447,1676,11,52539,172,0,172,0,1,F,17,Pericyte,43,19,5,5,5_1,Pericyte
F-7315,all,23,17,9348,884,14,54450,0,0,0,0,0,F,2,Inflammatory monocyte,43,19,2,2,2_5,DC
F-7316,all,35,13,10209,1869,32,51813,0,0,0,0,0,F,18,Sox9+/Id2+ epithelial cell,44,13,1,1,1_3,AT2
F-7317,all,13,4,9926,1331,40,21475,0,0,0,0,0,F,12,Alveolar type 2 cell,36,4,1,1,1_1,AT2
F-7318,all,47,24,10324,1191,14,96507,50,50,0,1,0,F,6,Capillary 1 cell,47,24,2,2,2_1,Capillary
F-7320,all,55,33,9971,736,16,78187,0,0,0,0,0,F,10,Vascular smooth muscle cell,55,33,8,8,8_2,InterstitialMac
F-7321,all,13,8,10191,1832,28,29388,0,0,0,0,0,F,4,Proliferative mesenchymal progenitor cell,33,8,2,2,2_1,Capillary
F-7323,all,34,19,10475,1582,31,70360,0,0,0,0,0,F,3,Capillary 1 cell,43,18,2,2,2_1,Capillary
F-7324,all,66,41,9905,923,35,87301,0,0,0,0,0,F,13,Endothelial progenitor cell,61,42,2,2,2_1,Capillary
F-7329,all,43,30,9700,890,6,39247,0,0,0,0,0,F,8,Arterial endothelial cell,44,30,2,2,2_4,Artery
F-7333,all,7,7,9936,1253,13,50706,0,0,0,0,0,F,3,B cell,27,9,2,2,2_2,InflamMac
F-7334,all,39,26,10276,419,31,55439,0,0,0,0,0,F,15,Pericyte,41,26,5,5,5_1,Pericyte
F-7336,all,20,12,9702,1302,16,35010,0,0,0,0,0,F,13,Alveolar fibroblast 1,38,12,3,3,3_1,SMC
F-7338,all,90,25,11105,512,28,144617,0,0,0,0,0,F,66,Alveolar type 2 cell,56,25,1,1,1_1,AT2
F-7339,all,54,32,10731,1639,29,117542,0,0,0,0,0,F,11,Inflammatory monocyte,53,32,7,7,7_2,PatrolMac
F-7340,all,33,21,11075,441,27,91603,0,0,0,0,0,F,6,Endothelial progenitor cell,41,20,2,2,2_1,Capillary
F-7342,all,109,39,9690,757,20,120883,0,0,0,0,0,F,27,Alveolar type 2 cell,56,30,8,8,8_1,AlveolarMac
F-7346,all,70,39,9515,1534,17,70411,0,0,0,0,0,F,6,Inflammatory monocyte,56,39,2,2,2_1,Capillary
F-7347,all,79,27,9377,905,28,55087,0,0,0,0,0,F,51,Alveolar type 2 cell,55,27,1,1,1_3,AT2
F-7349,all,51,28,10796,663,18,87282,0,0,0,0,0,F,9,Inflammatory monocyte,51,29,2,2,2_2,InflamMac
F-7350,all,48,24,10236,771,17,46997,0,0,0,0,0,F,8,B cell,48,24,9,9,9,Bcell
F-7353,all,22,16,9793,1025,27,56224,0,0,0,0,0,F,10,Alveolar fibroblast 1,38,16,1,1,1_5_1,LymphaticEndo
F-7354,all,39,28,9952,801,25,51634,0,0,0,0,0,F,12,Alveolar fibroblast 1,41,28,5,5,5_1,Pericyte
F-7355,all,19,14,9999,643,32,45680,0,0,0,0,0,F,2,Alveolar fibroblast 1,39,14,1,1,1_5_1,LymphaticEndo
F-7357,all,20,13,10094,799,37,49624,0,0,0,0,0,F,11,Vascular smooth muscle cell,36,13,5,5,5_1,Pericyte
F-7366,all,110,39,9914,844,17,95474,0,0,0,0,0,F,14,Arterial endothelial cell,48,23,3,3,3_4,AdventitialFib
F-7369,all,20,17,9481,1557,29,54761,0,0,0,0,0,F,10,Pericyte,39,17,5,5,5_1,Pericyte
F-7372,all,14,12,9171,1417,33,22074,0,0,0,0,0,F,4,Airway smooth muscle cell,27,12,3,3,3_6,SCMF
F-7374,all,34,22,10305,494,25,70544,0,0,0,0,0,F,10,Capillary 1 cell,41,22,3,3,3_4,AdventitialFib
F-7377,all,25,14,10276,1641,21,65616,0,0,0,0,0,F,8,Capillary 1 cell,45,13,2,2,2_1,Capillary
F-7378,all,43,19,10332,1614,14,65644,0,0,0,0,0,F,21,Sox9+/Id2+ epithelial cell,46,20,3,3,3_5,SMC
F-7381,all,16,10,9327,973,31,38266,0,0,0,0,0,F,4,Capillary 1 cell,34,10,2,2,2_3,Vein
F-7382,all,15,7,10402,882,15,22881,0,0,0,0,0,F,10,Sox9+/Id2+ epithelial cell,35,7,5,5,5_1,Pericyte
F-7384,all,26,16,10402,1913,14,45192,0,0,0,0,0,F,3,Inflammatory monocyte,45,16,7,7,7_4,PatrolMac
F-7387,all,54,14,10243,218,16,70940,0,0,0,0,0,F,37,Alveolar type 2 cell,50,14,1,1,1_1,AT2
F-7388,all,33,21,9669,1304,27,80385,0,0,0,0,0,F,3,Alveolar fibroblast 1,41,22,2,2,2_4,Artery
F-7391,all,11,6,10647,136,21,32388,0,0,0,0,0,F,7,Pericyte,34,6,5,5,5_3,Pericyte
F-7392,all,8,6,9396,864,37,16388,0,0,0,0,0,F,4,Sox9+/Id2+ epithelial cell,27,7,3,3,3_2,SMC
F-7393,all,25,14,9760,841,8,26126,0,0,0,0,0,F,7,Alveolar fibroblast 1,43,15,1,1,1_5_1,LymphaticEndo
F-7394,all,17,11,10031,915,37,20922,0,0,0,0,0,F,6,Sox9+/Id2+ epithelial cell,35,11,8,8,8_1,AlveolarMac
F-7397,all,8,6,11050,1790,34,26354,0,0,0,0,0,F,3,Inflammatory monocyte,24,8,2,2,2_2,InflamMac
F-7401,all,19,16,9309,938,31,38048,0,0,0,0,0,F,7,Alveolar type 2 cell,41,17,3,3,3_5,SMC
F-7402,all,7,6,10783,36,13,22848,0,0,0,0,0,F,3,Endothelial progenitor cell,26,7,2,2,2_6,pDC
F-7404,all,22,15,10282,1719,16,70846,0,0,0,0,0,F,3,Capillary 1 cell,40,15,8,8,8_2,InterstitialMac
F-7405,all,37,15,10527,193,17,64912,0,0,0,0,0,F,8,Alveolar type 1 cell,43,15,6,6,6,AT1
F-7406,all,109,41,10574,1517,12,115930,0,0,0,0,0,F,36,Alveolar type 1 cell,55,31,6,6,6,AT1
F-7407,all,22,14,9376,1544,34,47431,0,0,0,0,0,F,7,Secondary crest myofibroblast,43,15,3,3,3_1,SMC
F-7408,all,37,21,10380,452,24,73562,0,0,0,0,0,F,16,Alveolar fibroblast 1,43,21,8,8,8_1,AlveolarMac
F-7409,all,123,28,10049,865,23,123547,0,0,0,0,0,F,96,Interstitial macrophage,44,9,1,1,1_3,AT2
F-7410,all,15,11,10240,265,28,41271,0,0,0,0,0,F,8,Vascular smooth muscle cell,37,12,2,2,2_4,Artery
F-7411,all,99,36,10311,794,26,113988,0,0,0,0,0,F,24,Alveolar type 1 cell,61,34,6,6,6,AT1
F-7413,all,59,16,10500,209,29,39043,0,0,0,0,0,F,14,Alveolar type 1 cell,52,16,6,6,6,AT1
F-7416,all,23,21,9336,925,29,52172,0,0,0,0,0,F,4,Alveolar fibroblast 1,45,21,1,1,1_5_4,pDC
F-7418,all,58,25,10630,1504,14,58320,0,0,0,0,0,F,34,Sox9+/Id2+ epithelial cell,54,25,9,9,9,Bcell
F-7419,all,17,12,9922,628,25,27170,0,0,0,0,0,F,5,Arterial endothelial cell,34,12,2,2,2_4,Artery
F-7420,all,24,16,9171,830,12,40051,0,0,0,0,0,F,4,Capillary 1 cell,42,16,2,2,2_3,Vein
F-7421,all,14,9,10327,506,14,28135,0,0,0,0,0,F,5,Alveolar type 1 cell,31,9,6,6,6,AT1
F-7424,all,10,9,9858,1314,38,23499,0,0,0,0,0,F,3,Endothelial progenitor cell,28,9,2,2,2_3,Vein
F-7427,all,54,38,9996,776,16,66531,50,0,50,0,1,F,11,Secondary crest myofibroblast,53,38,3,3,3_6,SCMF
F-7428,all,127,21,10157,508,16,88324,0,0,0,0,0,F,108,Alveolar type 2 cell,46,7,1,1,1_3,AT2
F-7433,all,59,37,10197,781,22,66107,0,0,0,0,0,F,19,Alveolar fibroblast 1,57,37,2,2,2_4,Artery
F-7436,all,39,11,10683,107,11,43437,0,0,0,0,0,F,29,Alveolar type 2 cell,44,11,1,1,1_1,AT2
F-7437,all,10,10,10167,757,34,32203,0,0,0,0,0,F,4,Alveolar fibroblast 1,27,10,1,1,1_5_4,pDC
F-7438,all,43,14,10605,1718,38,28656,0,0,0,0,0,F,34,Alveolar type 2 cell,46,14,1,1,1_3,AT2
F-7442,all,10,6,9629,1087,13,16563,0,0,0,0,0,F,4,Arterial endothelial cell,23,6,2,2,2_4,Artery
F-7444,all,25,12,9171,962,23,46214,0,0,0,0,0,F,5,Capillary 1 cell,45,12,6,6,6,AT1
F-7447,all,11,8,9735,1290,5,12773,0,0,0,0,0,F,5,Alveolar fibroblast 1,31,9,3,3,3_1,SMC
F-7448,all,36,24,10298,546,21,65912,0,0,0,0,0,F,6,B cell,41,24,9,9,9,Bcell
F-7452,all,45,25,9738,869,8,45304,0,0,0,0,0,F,5,Arterial endothelial cell,46,26,2,2,2_4,Artery
F-7457,all,121,24,10911,3209,12,80359,0,0,0,0,0,F,93,Alveolar type 2 cell,50,14,1,1,1_3,AT2
F-7458,all,24,17,10727,3117,25,61948,0,0,0,0,0,F,4,Capillary 2 cell,47,18,2,2,2_2,InflamMac
F-7459,all,28,18,9790,3063,24,84884,0,0,0,0,0,F,2,Pericyte,42,18,5,5,5_3,Pericyte
F-7465,all,49,29,10411,2984,22,71989,0,0,0,0,0,F,7,Capillary 2 cell,51,30,2,2,2_1,Capillary
F-7467,all,105,23,9771,2935,19,118857,0,0,0,0,0,F,77,Alveolar type 2 cell,50,13,1,1,1_1,AT2
F-7468,all,50,25,10188,2750,27,93324,0,0,0,0,0,F,5,Capillary 1 cell,49,24,2,2,2_1,Capillary
F-7469,all,18,14,11007,2162,32,69321,0,0,0,0,0,F,7,Capillary 2 cell,37,14,6,6,6,AT1
F-7470,all,19,15,10617,3617,6,30878,0,0,0,0,0,F,3,Pericyte,39,15,5,5,5_1,Pericyte
F-7474,all,24,10,10537,3232,35,43442,0,0,0,0,0,F,7,Alveolar type 1 cell,42,10,6,6,6,AT1
F-7475,all,44,30,10940,3733,26,102777,0,0,0,0,0,F,8,Endothelial progenitor cell,44,30,8,8,8_1,AlveolarMac
F-7477,all,29,14,10784,2965,13,51547,0,0,0,0,0,F,16,Alveolar type 2 cell,40,14,1,1,1_3,AT2
F-7479,all,46,26,10402,3196,10,81998,0,0,0,0,0,F,12,Capillary 2 cell,46,27,2,2,2_1,Capillary
F-7484,all,33,11,9460,3774,11,27860,0,0,0,0,0,F,27,Alveolar macrophage,42,11,1,1,1_1,AT2
F-7485,all,33,23,9699,3777,37,64605,750,0,750,0,1,F,10,B cell,40,23,9,9,9,Bcell
F-7487,all,23,11,10739,3061,20,34252,0,0,0,0,0,F,6,Capillary 1 cell,38,11,2,2,2_1,Capillary
F-7488,all,10,9,10568,3728,25,27928,0,0,0,0,0,F,2,Alveolar fibroblast 1,32,10,2,2,2_2,InflamMac
F-7489,all,68,9,9387,2734,18,42684,0,0,0,0,0,F,63,Alveolar type 2 cell,50,9,1,1,1_1,AT2
F-7491,all,102,19,10066,2520,27,83687,0,0,0,0,0,F,11,Alveolar type 1 cell,52,14,6,6,6,AT1
F-7493,all,52,15,9897,2603,16,46961,0,0,0,0,0,F,33,Sox9+/Id2+ epithelial cell,50,15,1,1,1_1,AT2
F-7494,all,139,37,10466,3214,16,147531,0,0,0,0,0,F,95,Alveolar type 2 cell,46,16,2,2,2_2,InflamMac
F-7495,all,38,25,9563,3649,21,54953,0,0,0,0,0,F,2,Sox9+/Id2+ epithelial cell,41,26,1,1,1_6_2,Neutrophil
F-7496,all,43,23,10900,3734,26,93876,0,0,0,0,0,F,10,Alveolar fibroblast 1,45,24,3,3,3_1,SMC
F-7499,all,28,15,10669,3632,24,56689,0,0,0,0,0,F,5,B cell,42,15,9,9,9,Bcell
F-7506,all,28,22,10830,3279,19,49019,0,0,0,0,0,F,6,Capillary 1 cell,46,22,2,2,2_1,Capillary
F-7507,all,25,21,10259,2558,35,62687,0,0,0,0,0,F,10,Vascular smooth muscle cell,45,21,3,3,3_4,AdventitialFib
F-7508,all,24,16,10588,2684,10,34157,0,0,0,0,0,F,6,Capillary 1 cell,45,17,2,2,2_1,Capillary
F-7511,all,29,14,9458,2715,20,39687,0,0,0,0,0,F,6,Alveolar fibroblast 1,43,15,3,3,3_1,SMC
F-7514,all,71,31,9689,2816,27,79089,0,0,0,0,0,F,11,Inflammatory monocyte,54,33,2,2,2_5,DC
F-7515,all,69,27,10838,2990,23,82674,0,0,0,0,0,F,31,Alveolar type 2 cell,56,27,1,1,1_3,AT2
F-7516,all,29,18,10830,3322,12,74987,0,0,0,0,0,F,4,Capillary 1 cell,44,18,2,2,2_1,Capillary
F-7517,all,36,16,10522,3787,18,56481,0,0,0,0,0,F,10,Alveolar type 1 cell,41,16,6,6,6,AT1
F-7519,all,101,44,10101,3420,21,144683,0,0,0,0,0,F,49,Alveolar type 2 cell,58,37,5,5,5_1,Pericyte
F-7521,all,34,23,10671,3122,31,51316,0,0,0,0,0,F,4,Pericyte,42,23,5,5,5_3,Pericyte
F-7526,all,36,14,10678,2687,14,37576,0,0,0,0,0,F,9,Alveolar type 1 cell,42,14,6,6,6,AT1
F-7529,all,48,32,10324,3247,24,80471,0,0,0,0,0,F,6,Sox9+/Id2+ epithelial cell,49,32,2,2,2_1,Capillary
F-7531,all,63,18,10235,2640,30,75970,0,0,0,0,0,F,45,Alveolar type 2 cell,53,18,1,1,1_1,AT2
F-7535,all,26,18,10807,2733,14,53189,0,0,0,0,0,F,6,Pericyte,45,18,5,5,5_3,Pericyte
F-7536,all,102,20,10547,2302,10,59347,0,0,0,0,0,F,79,Alveolar type 2 cell,54,17,1,1,1_3,AT2
F-7539,all,80,32,10326,3183,13,65049,0,0,0,0,0,F,18,Alveolar type 1 cell,58,32,6,6,6,AT1
F-7540,all,18,12,9572,2818,38,38593,0,0,0,0,0,F,3,Capillary 1 cell,39,13,1,1,1_6_2,Neutrophil
F-7541,all,42,27,10669,3587,12,47548,0,0,0,0,0,F,4,Capillary 1 cell,43,28,2,2,2_1,Capillary
F-7542,all,74,35,10313,2056,21,107785,0,0,0,0,0,F,20,Inflammatory monocyte,56,35,7,7,7_2,PatrolMac
F-7543,all,11,8,10318,2205,23,18809,0,0,0,0,0,F,4,Endothelial progenitor cell,31,8,2,2,2_6,pDC
F-7545,all,13,8,9933,2844,35,28856,0,0,0,0,0,F,2,Arterial endothelial cell,37,9,2,2,2_4,Artery
F-7549,all,9,8,10807,3643,34,50821,0,0,0,0,0,F,2,Natural killer cell,27,9,7,7,7_3,Tcell (CD8)
F-7550,all,21,17,10418,2850,11,33632,0,0,0,0,0,F,3,Alveolar fibroblast 1,45,18,1,1,1_4_1,AlveolarFib
F-7552,all,65,26,9373,3038,13,89758,0,0,0,0,0,F,15,Alveolar macrophage,55,26,8,8,8_1,AlveolarMac
F-7555,all,27,19,10491,3741,23,75532,0,0,0,0,0,F,7,B cell,41,19,9,9,9,Bcell
F-7558,all,31,16,10841,3094,11,35931,0,0,0,0,0,F,9,Alveolar type 1 cell,39,16,6,6,6,AT1
F-7566,all,23,19,10493,3655,16,54909,0,0,0,0,0,F,2,Ciliated cell,41,19,2,2,2_6,pDC
F-7569,all,38,21,10504,3324,21,83362,0,0,0,0,0,F,2,Pericyte,42,21,5,5,5_1,Pericyte
F-7570,all,39,22,10343,3497,35,73415,0,0,0,0,0,F,7,Pericyte,45,22,5,5,5_3,Pericyte
F-7571,all,38,20,10304,2167,24,53740,0,0,0,0,0,F,4,Alveolar type 1 cell,43,20,6,6,6,AT1
F-7572,all,43,15,10209,3305,24,31986,0,0,0,0,0,F,3,Alveolar type 1 cell,45,15,6,6,6,AT1
F-7573,all,42,25,9991,3762,23,48823,0,0,0,0,0,F,13,Alveolar type 2 cell,43,25,1,1,1_3,AT2
F-7575,all,51,27,10150,2941,32,67889,0,0,0,0,0,F,3,Arterial endothelial cell,50,27,2,2,2_4,Artery
F-7576,all,131,35,10890,2983,20,113364,0,0,0,0,0,F,18,Alveolar type 1 cell,46,16,6,6,6,AT1
F-7578,all,11,7,9908,3142,20,46777,0,0,0,0,0,F,2,Pericyte,28,7,5,5,5_3,Pericyte
F-7579,all,40,10,9817,3138,26,74637,0,0,0,0,0,F,34,Alveolar type 2 cell,45,10,1,1,1_3,AT2
F-7580,all,27,21,10537,2666,24,55430,0,0,0,0,0,F,4,Pericyte,44,21,5,5,5_1,Pericyte
F-7581,all,76,32,10332,2980,17,65671,0,0,0,0,0,F,38,Vascular smooth muscle cell,55,32,5,5,5_1,Pericyte
F-7582,all,25,18,10779,3090,21,69273,0,0,0,0,0,F,2,Alveolar fibroblast 1,48,19,2,2,2_4,Artery
F-7583,all,54,23,10916,3314,20,56672,0,0,0,0,0,F,5,Alveolar fibroblast 1,52,24,2,2,2_4,Artery
F-7585,all,92,33,10163,3259,24,91483,0,0,0,0,0,F,27,Alveolar type 1 cell,60,31,6,6,6,AT1
F-7587,all,16,15,10112,3304,13,25752,0,0,0,0,0,F,2,Endothelial progenitor cell,34,15,2,2,2_1,Capillary
F-7589,all,112,34,9727,3566,26,73282,0,0,0,0,0,F,16,Alveolar type 1 cell,48,19,6,6,6,AT1
F-7590,all,51,19,9797,2987,16,54355,0,0,0,0,0,F,21,Sox9+/Id2+ epithelial cell,49,19,6,6,6,AT1
F-7591,all,10,7,9663,2922,13,24091,0,0,0,0,0,F,3,Capillary 1 cell,32,7,2,2,2_3,Vein
F-7598,all,95,26,10713,3614,17,85549,0,0,0,0,0,F,12,Alveolar type 1 cell,58,25,6,6,6,AT1
F-7601,all,9,7,10703,3489,39,14310,0,0,0,0,0,F,3,Sox9+/Id2+ epithelial cell,29,7,5,5,5_1,Pericyte
F-7603,all,19,15,9999,2486,27,58529,0,0,0,0,0,F,6,Vascular smooth muscle cell,37,15,5,5,5_1,Pericyte
F-7605,all,43,28,9555,3384,29,70325,0,0,0,0,0,F,5,Capillary 2 cell,43,28,2,2,2_6,pDC
F-7606,all,25,14,10661,3671,28,67800,0,0,0,0,0,F,9,B cell,44,14,9,9,9,Bcell
F-7607,all,25,11,10804,2655,22,52557,0,0,0,0,0,F,15,Secondary crest myofibroblast,42,12,3,3,3_1,SMC
F-7608,all,66,25,10135,2377,29,77650,0,0,0,0,0,F,18,Alveolar type 2 cell,53,25,2,2,2_3,Vein
F-7609,all,64,33,10138,2974,33,79667,0,0,0,0,0,F,8,Alveolar fibroblast 1,58,32,1,1,1_5_1,LymphaticEndo
F-7610,all,37,13,10278,3764,6,28009,0,0,0,0,0,F,17,Alveolar type 2 cell,44,13,1,1,1_1,AT2
F-7611,all,56,23,9821,3184,30,84340,0,0,0,0,0,F,21,Sox9+/Id2+ epithelial cell,52,22,2,2,2_1,Capillary
F-7613,all,13,11,10543,3317,32,50839,0,0,0,0,0,F,3,Alveolar macrophage,31,12,3,3,3_5,SMC
F-7616,all,28,16,9919,2500,35,51966,0,0,0,0,0,F,8,Arterial endothelial cell,39,17,2,2,2_4,Artery
F-7621,all,93,34,9294,3726,20,80870,0,0,0,0,0,F,54,Alveolar type 2 cell,60,32,1,1,1_3,AT2
F-7623,all,82,31,10225,2453,28,87643,0,0,0,0,0,F,11,Alveolar type 1 cell,59,31,6,6,6,AT1
F-7624,all,16,13,11096,2098,30,65331,0,0,0,0,0,F,3,B cell,31,13,7,7,7_2,PatrolMac
F-7625,all,85,28,9915,3774,21,98506,0,0,0,0,0,F,9,Arterial endothelial cell,52,28,6,6,6,AT1
F-7628,all,17,9,10429,2246,7,17825,0,0,0,0,0,F,7,Pericyte,36,9,5,5,5_1,Pericyte
F-7630,all,31,11,10151,3453,33,22909,0,0,0,0,0,F,18,B cell,44,11,9,9,9,Bcell
F-7633,all,21,12,9505,3017,37,36583,0,0,0,0,0,F,12,Alveolar type 2 cell,41,12,1,1,1_3,AT2
F-7635,all,8,6,10736,3571,36,30078,0,0,0,0,0,F,4,B cell,22,8,9,9,9,Bcell
F-7636,all,42,22,9350,2732,28,75343,0,0,0,0,0,F,11,Pericyte,44,22,5,5,5_1,Pericyte
F-7639,all,14,11,10366,3073,10,22540,0,0,0,0,0,F,2,Arterial endothelial cell,32,12,2,2,2_4,Artery
F-7640,all,64,21,10104,3620,14,54574,0,0,0,0,0,F,46,Alveolar type 2 cell,53,21,1,1,1_1,AT2
F-7643,all,131,25,10265,2988,20,101996,0,0,0,0,0,F,108,Alveolar type 2 cell,45,8,1,1,1_3,AT2
F-7646,all,17,11,9661,3496,17,22525,0,0,0,0,0,F,8,Alveolar type 2 cell,41,12,2,2,2_2,InflamMac
F-7647,all,12,3,9924,2552,27,17232,0,0,0,0,0,F,12,Alveolar type 2 cell,38,3,1,1,1_3,AT2
F-7648,all,48,32,9470,3456,25,100256,0,0,0,0,0,F,13,Natural killer cell,48,32,6,6,6,AT1
F-7649,all,42,17,9963,3744,28,54257,0,0,0,0,0,F,20,Alveolar type 2 cell,45,17,1,1,1_3,AT2
F-7652,all,26,8,9654,3447,14,22440,0,0,0,0,0,F,21,Sox9+/Id2+ epithelial cell,44,8,1,1,1_1,AT2
F-7655,all,26,20,9625,3665,33,65571,0,0,0,0,0,F,3,CD8+ T cell,45,20,2,2,2_6,pDC
F-7656,all,17,14,10843,2856,7,31533,0,0,0,0,0,F,2,Proliferative mesenchymal progenitor cell,40,15,3,3,3_1,SMC
F-7657,all,11,7,10508,2260,38,28245,0,0,0,0,0,F,3,Sox9+/Id2+ epithelial cell,35,7,1,1,1_3,AT2
F-7660,all,32,21,10494,3249,30,51866,0,0,0,0,0,F,5,Alveolar type 1 cell,42,22,2,2,2_2,InflamMac
F-7662,all,32,15,10179,2406,22,60839,0,0,0,0,0,F,20,Alveolar type 2 cell,41,15,5,5,5_1,Pericyte
F-7664,all,50,32,9762,3011,21,88016,0,0,0,0,0,F,16,Capillary 1 cell,50,32,3,3,3_6,SCMF
F-7665,all,25,7,9943,3116,29,47219,0,0,0,0,0,F,15,Alveolar type 2 cell,47,7,1,1,1_3,AT2
F-7667,all,53,34,10266,2606,29,90288,0,0,0,0,0,F,17,Alveolar fibroblast 1,55,35,2,2,2_4,Artery
F-7668,all,17,16,9761,3295,23,47171,0,0,0,0,0,F,2,Vascular smooth muscle cell,37,17,2,2,2_4,Artery
F-7669,all,33,21,10160,2444,31,32611,0,0,0,0,0,F,18,Arterial endothelial cell,41,21,2,2,2_4,Artery
F-7670,all,55,29,10352,2718,28,73611,0,0,0,0,0,F,11,Capillary 1 cell,53,29,1,1,1_5_1,LymphaticEndo
F-7671,all,46,24,10956,2988,13,71365,0,0,0,0,0,F,7,Alveolar fibroblast 1,46,24,6,6,6,AT1
F-7672,all,11,10,9436,2703,18,20838,0,0,0,0,0,F,4,Inflammatory monocyte,32,10,5,5,5_3,Pericyte
F-7674,all,67,22,9520,2813,34,83056,0,0,0,0,0,F,40,Alveolar type 2 cell,54,22,1,1,1_1,AT2
F-7675,all,24,17,10648,2269,33,45819,0,0,0,0,0,F,5,Alveolar type 1 cell,43,17,6,6,6,AT1
F-7676,all,34,18,10587,3823,27,63571,0,0,0,0,0,F,6,CD8+ T cell,41,18,3,3,3_6,SCMF
F-7677,all,31,19,9594,3727,17,75756,0,0,0,0,0,F,6,Alveolar type 1 cell,41,20,2,2,2_2,InflamMac
F-7679,all,43,22,10282,3261,21,64235,0,0,0,0,0,F,3,Alveolar type 1 cell,44,22,6,6,6,AT1
F-7681,all,23,16,10964,3573,20,80870,0,0,0,0,0,F,2,Alveolar fibroblast 1,43,16,2,2,2_3,Vein
F-7687,all,41,21,10327,2687,28,68592,0,0,0,0,0,F,3,Alveolar type 1 cell,44,21,2,2,2_1,Capillary
F-7688,all,143,36,10642,3170,31,118548,0,0,0,0,0,F,93,AT1/AT2,46,17,1,1,1_1,AT2
F-7689,all,48,12,9626,3456,10,31242,0,0,0,0,0,F,32,Alveolar type 2 cell,48,12,1,1,1_3,AT2
F-7690,all,76,39,10339,3023,24,97502,0,0,0,0,0,F,24,Arterial endothelial cell,54,39,1,1,1_5_1,LymphaticEndo
F-7698,all,118,37,10530,3107,27,98024,0,0,0,0,0,F,13,Alveolar type 1 cell,44,17,6,6,6,AT1
F-7699,all,57,35,9610,3497,22,63232,0,0,0,0,0,F,19,Pericyte,55,35,5,5,5_3,Pericyte
F-7700,all,25,17,10688,2707,22,26473,0,0,0,0,0,F,5,Alveolar fibroblast 1,41,19,2,2,2_4,Artery
F-7701,all,16,11,10764,3665,21,85726,0,0,0,0,0,F,4,Alveolar fibroblast 1,35,12,3,3,3_1,SMC
F-7703,all,9,5,11061,3011,22,13942,0,0,0,0,0,F,5,Alveolar type 2 cell,33,6,1,1,1_1,AT2
F-7704,all,47,27,9602,3018,12,95942,0,0,0,0,0,F,4,B cell,48,28,2,2,2_2,InflamMac
F-7705,all,7,5,10807,3688,14,60964,0,0,0,0,0,F,2,Proliferative mesenchymal progenitor cell,22,6,1,1,1_6_2,Neutrophil
F-7707,all,34,25,9351,3187,23,68966,6562,54,3148,0.01686446,0.9831355,F,4,Alveolar fibroblast 1,39,25,2,2,2_3,Vein
F-7709,all,43,23,10253,3173,27,88027,0,0,0,0,0,F,4,Capillary 1 cell,43,22,2,2,2_1,Capillary
F-7710,all,25,16,10803,2894,20,68830,0,0,0,0,0,F,10,CD8+ T cell,44,16,7,7,7_4,PatrolMac
F-7713,all,6,4,9631,2770,21,23747,0,0,0,0,0,F,2,Proliferative mesenchymal progenitor cell,25,6,3,3,3_1,SMC
F-7714,all,40,9,10525,3473,41,23841,0,0,0,0,0,F,32,Alveolar type 2 cell,45,9,1,1,1_3,AT2
F-7715,all,27,19,10611,2631,32,54395,0,0,0,0,0,F,7,Capillary 1 cell,43,19,7,7,7_3,Tcell (CD8)
F-7716,all,16,8,9823,3257,15,21434,0,0,0,0,0,F,7,Pericyte,37,8,5,5,5_3,Pericyte
F-7717,all,62,26,9447,2996,31,61903,0,0,0,0,0,F,11,Alveolar type 1 cell,53,26,6,6,6,AT1
F-7718,all,21,14,10764,2753,16,60112,0,0,0,0,0,F,9,Alveolar macrophage,42,15,3,3,3_5,SMC
F-7719,all,29,19,10243,3265,22,51010,0,0,0,0,0,F,8,Pericyte,40,19,5,5,5_1,Pericyte
F-7725,all,64,41,9723,3327,22,119482,0,0,0,0,0,F,8,Alveolar fibroblast 1,60,42,3,3,3_1,SMC
F-7727,all,40,16,9424,3780,14,31848,0,0,0,0,0,F,22,Alveolar type 2 cell,45,17,2,2,2_2,InflamMac
F-7729,all,30,21,10743,2700,29,48474,0,0,0,0,0,F,11,Interstitial macrophage,37,21,8,8,8_3,InterstitialMac
F-7730,all,77,31,10779,2681,21,91788,0,0,0,0,0,F,44,Alveolar fibroblast 1,58,32,3,3,3_1,SMC
F-7731,all,43,25,10518,3273,28,43508,0,0,0,0,0,F,5,Capillary 1 cell,50,26,2,2,2_1,Capillary
F-7732,all,38,24,9478,3062,30,58945,0,0,0,0,0,F,5,Alveolar type 1 cell,43,24,6,6,6,AT1
F-7733,all,20,14,9327,2750,13,46724,0,0,0,0,0,F,2,Sox9+/Id2+ epithelial cell,41,14,2,2,2_6,pDC
F-7736,all,72,22,9406,2708,17,68477,0,0,0,0,0,F,47,Alveolar type 2 cell,52,22,1,1,1_1,AT2
F-7737,all,76,34,9454,3826,24,77316,0,0,0,0,0,F,22,Alveolar type 2 cell,54,34,2,2,2_3,Vein
F-7740,all,15,12,9586,3664,35,37238,0,0,0,0,0,F,2,B cell,33,12,9,9,9,Bcell
F-7741,all,101,42,9684,3536,23,138857,0,0,0,0,0,F,9,B cell,60,36,9,9,9,Bcell
F-7743,all,25,17,9607,3381,39,44119,0,0,0,0,0,F,5,Alveolar fibroblast 1,42,17,7,7,7_3,Tcell (CD8)
F-7744,all,81,23,10811,3013,16,67359,0,0,0,0,0,F,58,Alveolar type 2 cell,56,23,1,1,1_1,AT2
F-7745,all,41,23,9722,3672,38,38535,0,0,0,0,0,F,6,Alveolar fibroblast 1,42,23,8,8,8_1,AlveolarMac
F-7746,all,31,22,10250,2768,33,79500,54,0,54,0,1,F,7,Capillary 1 cell,40,22,2,2,2_1,Capillary
F-7747,all,77,39,10801,3056,18,70158,0,0,0,0,0,F,26,Alveolar fibroblast 1,57,39,1,1,1_3,AT2
F-7748,all,45,28,10391,2927,22,44077,0,0,0,0,0,F,9,Inflammatory monocyte,45,28,3,3,3_6,SCMF
F-7750,all,27,18,10369,2930,34,44532,0,0,0,0,0,F,8,Inflammatory monocyte,47,18,2,2,2_1,Capillary
F-7753,all,14,6,9852,3824,27,24938,0,0,0,0,0,F,6,Sox9+/Id2+ epithelial cell,36,6,1,1,1_1,AT2
F-7755,all,35,20,9782,3159,29,85401,0,0,0,0,0,F,16,Alveolar fibroblast 1,41,21,3,3,3_5,SMC
F-7757,all,52,24,10686,3184,11,97226,0,0,0,0,0,F,15,Capillary 1 cell,50,24,1,1,1_1,AT2
F-7758,all,29,20,10167,3663,17,38769,0,0,0,0,0,F,5,Proliferative mesenchymal progenitor cell,37,21,3,3,3_1,SMC
F-7760,all,127,41,10067,3589,16,111253,0,0,0,0,0,F,62,Alveolar type 2 cell,44,19,1,1,1_3,AT2
F-7761,all,37,25,9558,3614,17,50837,0,0,0,0,0,F,13,Pericyte,41,25,5,5,5_3,Pericyte
F-7762,all,85,28,10263,3695,17,63390,0,0,0,0,0,F,54,Alveolar type 2 cell,58,28,1,1,1_3,AT2
F-7765,all,56,35,9969,3080,20,87636,0,0,0,0,0,F,16,Capillary 1 cell,54,35,2,2,2_6,pDC
F-7766,all,16,12,9872,3142,30,42714,0,0,0,0,0,F,2,B cell,34,12,9,9,9,Bcell
F-7767,all,9,8,10387,3012,27,17816,0,0,0,0,0,F,4,Arterial endothelial cell,25,9,2,2,2_4,Artery
F-7775,all,32,13,11038,3040,20,76145,0,0,0,0,0,F,15,Proliferative mesenchymal progenitor cell,43,14,3,3,3_1,SMC
F-7776,all,19,14,10769,2169,27,50773,0,0,0,0,0,F,5,Alveolar type 1 cell,40,15,1,1,1_4_1,AlveolarFib
F-7780,all,60,26,10877,3670,23,116092,0,0,0,0,0,F,27,Alveolar type 2 cell,54,26,1,1,1_3,AT2
F-7784,all,38,16,9925,2583,26,42065,0,0,0,0,0,F,27,Alveolar type 2 cell,44,16,1,1,1_3,AT2
F-7786,all,10,6,10117,3463,33,21877,0,0,0,0,0,F,5,Alveolar type 2 cell,34,6,1,1,1_1,AT2
F-7788,all,65,33,10341,3060,22,56542,0,0,0,0,0,F,8,Alveolar fibroblast 1,57,33,2,2,2_4,Artery
F-7790,all,27,17,10130,3290,24,25833,0,0,0,0,0,F,6,Capillary 1 cell,46,17,1,1,1_1,AT2
F-7791,all,34,13,10519,2282,16,28260,0,0,0,0,0,F,21,Alveolar type 2 cell,43,13,1,1,1_1,AT2
F-7796,all,92,29,10148,2587,22,82821,0,0,0,0,0,F,29,Alveolar type 1 cell,58,27,6,6,6,AT1
F-7798,all,40,28,10317,3075,27,62865,0,0,0,0,0,F,7,Venous endothelial cell,42,28,2,2,2_1,Capillary
F-7801,all,47,21,10813,2842,17,47452,0,0,0,0,0,F,4,Secondary crest myofibroblast,48,22,3,3,3_1,SMC
F-7802,all,18,11,9483,3037,32,37000,0,0,0,0,0,F,4,Alveolar type 1 cell,37,11,6,6,6,AT1
F-7805,all,32,18,10709,2730,27,56823,0,0,0,0,0,F,6,Interstitial macrophage,41,18,8,8,8_2,InterstitialMac
F-7806,all,21,14,9532,2878,28,51031,0,0,0,0,0,F,7,Alveolar type 2 cell,42,14,1,1,1_1,AT2
F-7813,all,44,13,9424,3015,27,31874,0,0,0,0,0,F,8,Alveolar type 1 cell,46,13,6,6,6,AT1
F-7822,all,10,5,9499,3822,18,11429,0,0,0,0,0,F,6,Sox9+/Id2+ epithelial cell,34,5,1,1,1_1,AT2
F-7823,all,15,10,10160,3631,16,32159,0,0,0,0,0,F,3,Alveolar fibroblast 1,34,11,3,3,3_1,SMC
F-7827,all,28,14,9887,3751,21,38210,0,0,0,0,0,F,5,Alveolar type 1 cell,43,14,6,6,6,AT1
F-7835,all,191,67,9671,4160,30,97522,0,0,0,0,0,F,14,Pericyte,54,35,5,5,5_3,Pericyte
F-7836,all,32,19,9700,4650,38,38647,0,0,0,0,0,F,12,Secondary crest myofibroblast,42,20,3,3,3_5,SMC
F-7837,all,279,54,10240,5369,27,100335,367,0,367,0,1,F,19,Inflammatory monocyte,53,21,1,1,1_2_3,Tcell (CD4)
F-7838,all,38,17,10308,4844,23,42138,334,0,334,0,1,F,5,Alveolar macrophage,43,18,3,3,3_2,SMC
F-7840,all,58,29,10252,4689,23,39530,0,0,0,0,0,F,2,T regulatory cell,55,30,1,1,1_6_2,Neutrophil
F-7841,all,247,50,10633,5365,18,55113,0,0,0,0,0,F,187,Alveolar type 1 cell,58,50,4,4,4_2,CiliatedEpi
F-7842,all,96,42,10678,4715,23,38082,0,0,0,0,0,F,8,Mesothelial cell,63,42,3,3,3_3,AdventitialFib
F-7845,all,421,71,10561,5319,21,82378,0,0,0,0,0,F,275,Venous endothelial cell,46,31,4,4,4_2,CiliatedEpi
F-7846,all,102,44,10512,4834,16,56159,0,0,0,0,0,F,9,Alveolar macrophage,60,35,3,3,3_3,AdventitialFib
F-7847,all,105,35,10687,5507,21,80474,0,0,0,0,0,F,68,Ciliated cell,52,34,4,4,4_2,CiliatedEpi
F-7849,all,134,51,9459,4321,31,54163,0,0,0,0,0,F,16,Alveolar fibroblast 1,45,29,1,1,1_5_1,LymphaticEndo
F-7850,all,43,24,10516,4981,37,22704,0,0,0,0,0,F,4,CD4+ T cell,46,25,3,3,3_2,SMC
F-7854,all,142,63,10945,4816,30,61903,0,0,0,0,0,F,12,Arterial endothelial cell,49,35,2,2,2_4,Artery
F-7859,all,392,68,10412,5043,21,104949,0,0,0,0,0,F,266,Ciliated cell,48,33,4,4,4_2,CiliatedEpi
F-7860,all,220,36,9384,4823,19,51208,0,0,0,0,0,F,174,Ciliated cell,55,10,4,4,4_2,ClubEpi
F-7862,all,253,69,10593,5400,27,88574,0,0,0,0,0,F,124,CD4+ T cell,43,28,4,4,4_2,CiliatedEpi
F-7863,all,427,74,10602,5599,26,90448,0,0,0,0,0,F,301,Capillary 1 cell,50,9,4,4,4_2,ClubEpi
F-7864,all,19,13,11066,4607,27,17751,0,0,0,0,0,F,3,CD4+ T cell,39,13,1,1,1_2_1,Tcell (CD4)
F-7866,all,28,9,10351,4383,14,27511,0,0,0,0,0,F,18,Sox9+/Id2+ epithelial cell,44,9,1,1,1_1,AT2
F-7867,all,314,77,10594,5663,34,67532,0,0,0,0,0,F,196,Secretory cell,48,15,4,4,4_2,ClubEpi
F-7872,all,39,18,9428,4197,11,26441,0,0,0,0,0,F,14,CD8+ T cell,50,20,2,2,2_5,DC
F-7874,all,194,38,10678,5604,21,54784,0,0,0,0,0,F,142,Secretory cell,59,37,4,4,4_2,CiliatedEpi
F-7875,all,301,47,9554,4718,18,66759,0,0,0,0,0,F,241,Capillary 1 cell,55,8,4,4,4_2,ClubEpi
F-7876,all,108,56,10250,4646,27,65943,0,0,0,0,0,F,7,Inflammatory monocyte,55,40,9,9,9,Bcell
F-7877,all,45,23,10634,4149,25,70383,0,0,0,0,0,F,9,Venous endothelial cell,47,24,1,1,1_4_1,AlveolarFib
F-7879,all,37,22,9323,4313,16,20899,0,0,0,0,0,F,3,Natural killer cell,41,23,2,2,2_2,InflamMac
F-7881,all,75,30,9564,4008,20,92626,0,0,0,0,0,F,7,Alveolar type 1 cell,54,30,6,6,6,AT1
F-7882,all,178,74,9759,4814,36,40768,0,0,0,0,0,F,68,Capillary 1 cell,42,29,4,4,4_1_2,CiliatedEpi
F-7883,all,277,59,10574,5514,30,61685,0,0,0,0,0,F,198,Ciliated cell,71,57,4,4,4_2,CiliatedEpi
F-7884,all,67,40,10386,4872,24,57874,129,129,0,1,0,F,8,Alveolar macrophage,55,41,3,3,3_1,SMC
F-7885,all,129,45,10212,4893,19,58043,0,0,0,0,0,F,63,Capillary 1 cell,56,44,4,4,4_2,CiliatedEpi
F-7887,all,164,64,9815,4108,26,86505,0,0,0,0,0,F,47,Alveolar fibroblast 1,54,35,1,1,1_5_1,LymphaticEndo
F-7888,all,300,58,9493,4733,25,80912,0,0,0,0,0,F,190,Endothelial progenitor cell,48,27,4,4,4_2,CiliatedEpi
F-7889,all,86,30,10163,3960,18,68315,0,0,0,0,0,F,46,Alveolar type 2 cell,57,30,1,1,1_1,AT2
F-7890,all,93,38,9684,4226,19,44414,0,0,0,0,0,F,15,CD4+ T cell,60,38,1,1,1_2_1,Tcell (CD4)
F-7891,all,12,8,9933,4600,23,19644,0,0,0,0,0,F,3,Proliferative mesenchymal progenitor cell,27,9,3,3,3_1,SMC
F-7893,all,29,18,9522,4205,10,11105,0,0,0,0,0,F,6,Alveolar type 1 cell,39,18,6,6,6,AT1
F-7894,all,136,52,9901,4811,36,30357,0,0,0,0,0,F,69,Ciliated cell,65,51,4,4,4_2,CiliatedEpi
F-7895,all,58,19,10481,5205,22,24069,0,0,0,0,0,F,39,Ciliated cell,43,18,4,4,4_2,CiliatedEpi
F-7896,all,89,44,10769,4558,25,67214,0,0,0,0,0,F,10,Inflammatory monocyte,62,43,7,7,7_3,Tcell (CD8)
F-7898,all,82,23,10356,5371,18,63927,0,0,0,0,0,F,10,CD4+ T cell,57,23,1,1,1_2_3,Tcell (CD4)
F-7900,all,67,35,10770,5513,36,35089,0,0,0,0,0,F,23,Alveolar macrophage,57,36,3,3,3_2,SMC
F-7902,all,306,92,9685,4790,32,77613,0,0,0,0,0,F,146,Ciliated cell,49,40,4,4,4_2,CiliatedEpi
F-7903,all,59,34,10359,4782,20,28929,0,0,0,0,0,F,7,B cell,57,35,3,3,3_2,SMC
F-7904,all,380,70,10654,5659,26,85827,0,0,0,0,0,F,296,Ciliated cell,52,9,4,4,4_2,ClubEpi
F-7906,all,53,29,10601,4062,17,59896,0,0,0,0,0,F,12,B cell,52,29,9,9,9,Bcell
F-7907,all,366,69,10643,5401,23,75365,0,0,0,0,0,F,283,Secretory cell,53,42,4,4,4_2,CiliatedEpi
F-7909,all,174,60,10592,5472,34,57236,0,0,0,0,0,F,78,Ciliated cell,46,21,4,4,4_2,ClubEpi
F-7911,all,234,54,10333,5447,33,95442,0,0,0,0,0,F,23,Inflammatory monocyte,54,18,8,8,8_1,AlveolarMac
F-7912,all,153,60,11051,4959,33,99182,0,0,0,0,0,F,21,CD4+ T cell,48,32,1,1,1_4_1,AlveolarFib
F-7915,all,110,34,10540,5495,37,26194,0,0,0,0,0,F,74,Secretory cell,57,22,4,4,4_2,ClubEpi
F-7917,all,65,10,10009,4470,16,26017,0,0,0,0,0,F,56,Sox9+/Id2+ epithelial cell,51,10,1,1,1_1,AT2
F-7919,all,90,41,10516,5598,39,18438,0,0,0,0,0,F,53,Ciliated cell,50,41,4,4,4_2,CiliatedEpi
F-7920,all,375,59,10535,5404,32,79251,0,0,0,0,0,F,269,Secretory cell,49,33,4,4,4_2,CiliatedEpi
F-7921,all,19,9,10822,5575,9,23307,0,0,0,0,0,F,4,Alveolar fibroblast 1,41,10,3,3,3_1,SMC
F-7922,all,42,7,9673,3875,12,27478,0,0,0,0,0,F,33,Alveolar type 2 cell,46,7,1,1,1_1,AT2
F-7924,all,16,8,10117,4836,15,16720,0,0,0,0,0,F,7,Alveolar fibroblast 1,38,9,1,1,1_4_1,AlveolarFib
F-7925,all,117,47,11014,4548,24,73711,0,0,0,0,0,F,9,Sox9+/Id2+ epithelial cell,44,25,8,8,8_2,InterstitialMac
F-7929,all,146,41,9977,4811,24,37590,0,0,0,0,0,F,96,Capillary 1 cell,59,41,4,4,4_2,CiliatedEpi
F-7932,all,71,24,9803,4290,36,65494,0,0,0,0,0,F,5,Natural killer cell,52,24,7,7,7_4,PatrolMac
F-7933,all,42,19,10967,4974,23,27473,0,0,0,0,0,F,5,B cell,44,19,1,1,1_2_1,Tcell (CD4)
F-7934,all,269,48,9338,4855,21,75194,0,0,0,0,0,F,199,Capillary 1 cell,52,11,4,4,4_2,ClubEpi
F-7935,all,206,59,10222,5027,36,61258,0,0,0,0,0,F,93,Endothelial progenitor cell,51,24,4,4,4_2,ClubEpi
F-7938,all,364,79,10587,5551,29,107327,0,0,0,0,0,F,200,Alveolar type 2 cell,49,17,4,4,4_2,ClubEpi
F-7940,all,392,60,10642,5454,25,88121,0,0,0,0,0,F,290,Mesothelial cell,41,25,4,4,4_2,CiliatedEpi
F-7941,all,213,55,10460,5065,23,77890,0,0,0,0,0,F,114,Venous endothelial cell,49,32,4,4,4_2,CiliatedEpi
F-7942,all,139,67,10779,5428,29,65027,0,0,0,0,0,F,16,Secondary crest myofibroblast,45,32,3,3,3_2,SMC
F-7943,all,56,27,10714,4727,25,18350,0,0,0,0,0,F,4,Mesothelial cell,53,27,3,3,3_3,AdventitialFib
F-7944,all,267,82,10050,4906,23,90886,0,0,0,0,0,F,95,Ciliated cell,48,34,4,4,4_1_2,CiliatedEpi
F-7945,all,172,35,10641,5330,15,56783,0,0,0,0,0,F,136,Secretory cell,52,9,4,4,4_2,ClubEpi
F-7946,all,101,40,10418,4447,20,48034,0,0,0,0,0,F,20,Mesothelial cell,59,35,3,3,3_3,AdventitialFib
F-7948,all,396,78,10523,5561,33,83388,0,0,0,0,0,F,251,Ciliated cell,53,38,4,4,4_2,CiliatedEpi
F-7950,all,116,52,10335,4739,25,47729,0,0,0,0,0,F,4,Alveolar macrophage,45,28,8,8,8_2,InterstitialMac
F-7951,all,179,69,11101,3952,24,130306,0,0,0,0,0,F,56,Classical DC subset 2,52,38,2,2,2_5,DC
F-7952,all,118,50,9663,4045,27,114705,0,0,0,0,0,F,4,CD4+ T cell,42,28,1,1,1_2_1,Tcell (CD4)
F-7955,all,21,12,9860,3846,23,35222,0,0,0,0,0,F,14,Alveolar type 2 cell,41,12,1,1,1_1,AT2
F-7961,all,37,25,9559,4373,23,30650,0,0,0,0,0,F,6,Proliferative mesenchymal progenitor cell,41,25,8,8,8_2,InterstitialMac
F-7962,all,97,42,11066,4633,33,46575,0,0,0,0,0,F,21,Alveolar fibroblast 1,61,41,1,1,1_4_1,AlveolarFib
F-7963,all,47,11,11098,4278,40,19413,0,0,0,0,0,F,36,Vascular smooth muscle cell,49,12,3,3,3_5,SMC
F-7964,all,41,21,10216,4619,40,24630,0,0,0,0,0,F,6,CD4+ T cell,43,21,1,1,1_2_1,Tcell (CD4)
F-7966,all,99,42,10958,4767,19,42625,0,0,0,0,0,F,10,Mesothelial cell,58,38,3,3,3_3,AdventitialFib
F-7967,all,20,14,10743,5337,19,23116,0,0,0,0,0,F,4,Alveolar fibroblast 1,40,15,1,1,1_4_1,AlveolarFib
F-7969,all,110,48,10719,4380,30,59108,0,0,0,0,0,F,9,Inflammatory monocyte,49,32,2,2,2_2,InflamMac
F-7970,all,75,41,11042,4783,21,38933,0,0,0,0,0,F,9,Inflammatory monocyte,57,42,1,1,1_4_1,AlveolarFib
F-7971,all,70,31,10218,3896,33,53151,0,0,0,0,0,F,4,Proliferative mesenchymal progenitor cell,52,32,1,1,1_4_1,AlveolarFib
F-7972,all,41,9,9737,4693,25,13846,0,0,0,0,0,F,34,Ciliated cell,30,9,4,4,4_2,CiliatedEpi
F-7973,all,96,50,11040,4701,27,60381,0,0,0,0,0,F,2,CD4+ T cell,65,47,1,1,1_2_1,Tcell (CD4)
F-7975,all,34,7,10296,4067,8,12360,0,0,0,0,0,F,28,Alveolar type 2 cell,46,7,1,1,1_3,AT2
F-7976,all,8,7,10749,5356,10,13433,0,0,0,0,0,F,3,Alveolar type 1 cell,26,9,3,3,3_2,SMC
F-7977,all,99,34,9301,4883,22,59293,0,0,0,0,0,F,56,Ciliated cell,51,32,4,4,4_2,CiliatedEpi
F-7979,all,20,10,10083,4800,34,10928,0,0,0,0,0,F,6,Secondary crest myofibroblast,39,11,3,3,3_2,SMC
F-7981,all,30,7,10300,4037,7,15563,0,0,0,0,0,F,22,Sox9+/Id2+ epithelial cell,43,7,1,1,1_1,AT2
F-7982,all,119,49,10324,4704,21,65271,0,0,0,0,0,F,14,Alveolar fibroblast 2,46,30,3,3,3_3,AdventitialFib
F-7984,all,86,24,10466,5300,39,17111,0,0,0,0,0,F,66,Endothelial progenitor cell,41,23,4,4,4_2,CiliatedEpi
F-7985,all,274,81,10081,4929,33,69203,0,0,0,0,0,F,157,Arterial endothelial cell,43,32,4,4,4_2,CiliatedEpi
F-7986,all,73,23,10732,4508,26,27751,0,0,0,0,0,F,35,B cell,57,24,2,2,2_2,InflamMac
F-7988,all,48,27,11072,4577,35,33350,0,0,0,0,0,F,22,Alveolar fibroblast 1,51,28,3,3,3_1,SMC
F-7989,all,15,4,10866,3919,8,10426,0,0,0,0,0,F,11,Sox9+/Id2+ epithelial cell,39,4,1,1,1_1,AT2
F-7990,all,64,32,10299,4180,16,69925,0,0,0,0,0,F,10,B cell,53,32,9,9,9,Bcell
F-7991,all,125,35,10253,5013,36,23913,112,0,112,0,1,F,89,Ciliated cell,53,33,4,4,4_2,CiliatedEpi
F-7992,all,35,23,11040,4167,31,47539,0,0,0,0,0,F,4,Alveolar fibroblast 1,42,23,8,8,8_2,InterstitialMac
F-7993,all,56,30,10002,3988,30,65629,0,0,0,0,0,F,10,Inflammatory monocyte,54,30,9,9,9,Bcell
F-7994,all,114,47,9919,3977,24,106653,0,0,0,0,0,F,21,Alveolar type 2 cell,48,29,1,1,1_3,AT2
F-7995,all,119,48,11064,4825,31,59098,0,0,0,0,0,F,14,Mesothelial cell,42,23,2,2,2_2,InflamMac
F-7996,all,53,26,10368,4496,19,27317,0,0,0,0,0,F,4,T regulatory cell,53,27,1,1,1_6_2,Neutrophil
F-7998,all,97,19,9827,4718,17,21526,0,0,0,0,0,F,75,Capillary 1 cell,43,18,4,4,4_2,CiliatedEpi
F-7999,all,96,53,10583,4096,25,81857,0,0,0,0,0,F,9,Alveolar fibroblast 1,64,48,1,1,1_5_1,LymphaticEndo
F-8001,all,123,45,9372,4862,34,47805,0,0,0,0,0,F,61,Ciliated cell,59,45,4,4,4_2,CiliatedEpi
F-8003,all,161,71,10777,5162,21,112625,0,0,0,0,0,F,13,Airway smooth muscle cell,50,40,3,3,3_1,SMC
F-8006,all,14,9,9781,4662,39,23387,0,0,0,0,0,F,4,Sox9+/Id2+ epithelial cell,32,10,3,3,3_2,SMC
F-8007,all,81,45,10101,4530,15,82767,0,0,0,0,0,F,5,Secretory cell,63,46,3,3,3_2,SMC
F-8010,all,29,19,10685,5361,33,44150,0,0,0,0,0,F,6,Sox9+/Id2+ epithelial cell,39,20,3,3,3_2,SMC
F-8016,all,31,18,10941,5254,15,24665,0,0,0,0,0,F,3,Proliferative mesenchymal progenitor cell,40,18,1,1,1_5_2,AlveolarFib
F-8017,all,135,50,10879,4745,19,62915,0,0,0,0,0,F,24,Alveolar fibroblast 2,49,27,3,3,3_3,AdventitialFib
F-8018,all,355,51,9636,4734,23,75895,0,0,0,0,0,F,273,Capillary 1 cell,66,46,4,4,4_2,CiliatedEpi
F-8020,all,109,61,10511,4950,33,46243,0,0,0,0,0,F,8,Inflammatory monocyte,45,30,3,3,3_2,SMC
F-8022,all,59,31,10564,5601,38,19905,0,0,0,0,0,F,25,Ciliated cell,42,31,4,4,4_1_2,CiliatedEpi
F-8028,all,56,34,10473,4588,20,30952,0,0,0,0,0,F,13,Innate lymphoid cell,55,34,3,3,3_3,AdventitialFib
F-8030,all,93,45,10421,4790,24,38078,0,0,0,0,0,F,7,Pericyte,62,43,5,5,5_3,Pericyte
F-8031,all,49,29,9634,4570,37,25871,0,0,0,0,0,F,3,CD4+ T cell,49,29,8,8,8_2,InterstitialMac
F-8033,all,34,17,10237,3850,18,41474,0,0,0,0,0,F,5,Capillary 1 cell,44,17,2,2,2_6,pDC
F-8034,all,91,42,11017,4409,22,95912,0,0,0,0,0,F,6,Capillary 2 cell,61,43,2,2,2_2,InflamMac
F-8035,all,168,53,9802,4796,32,53362,0,0,0,0,0,F,88,Ciliated cell,65,52,4,4,4_2,CiliatedEpi
F-8037,all,104,49,11035,4480,23,103383,0,0,0,0,0,F,11,Alveolar fibroblast 1,58,38,3,3,3_5,SMC
F-8038,all,72,44,10428,4757,15,31996,0,0,0,0,0,F,6,CD4+ T cell,58,44,3,3,3_4,AdventitialFib
F-8041,all,27,13,10673,4889,8,12847,0,0,0,0,0,F,8,Mesothelial cell,43,13,3,3,3_3,AdventitialFib
F-8042,all,106,24,10486,5422,41,19671,0,0,0,0,0,F,76,Arterial endothelial cell,42,23,4,4,4_2,CiliatedEpi
F-8043,all,37,25,10617,3917,21,54351,0,0,0,0,0,F,3,CD4+ T cell,42,25,2,2,2_1,Capillary
F-8045,all,398,72,10564,5443,29,89046,0,0,0,0,0,F,288,Alveolar type 1 cell,44,32,4,4,4_2,CiliatedEpi
F-8046,all,60,29,10839,5436,24,49636,0,0,0,0,0,F,8,Alveolar fibroblast 1,55,29,3,3,3_4,AdventitialFib
F-8047,all,29,10,10028,4490,22,18561,0,0,0,0,0,F,20,Alveolar macrophage,41,10,1,1,1_1,AT2
F-8049,all,58,33,10536,4354,36,39635,0,0,0,0,0,F,8,Alveolar fibroblast 1,56,33,1,1,1_5_1,LymphaticEndo
F-8053,all,474,75,10108,4884,21,81918,0,0,0,0,0,F,339,Ciliated cell,54,46,4,4,4_2,CiliatedEpi
F-8054,all,66,33,10780,5207,16,48840,0,0,0,0,0,F,9,Airway smooth muscle cell,58,34,3,3,3_2,SMC
F-8057,all,66,25,9833,4437,30,37171,0,0,0,0,0,F,22,CD4+ T cell,55,25,7,7,7_3,Tcell (CD8)
F-8061,all,93,46,10119,4705,34,44961,0,0,0,0,0,F,9,Proliferative mesenchymal progenitor cell,63,44,3,3,3_3,AdventitialFib
F-8062,all,192,74,10071,4494,23,101069,0,0,0,0,0,F,56,CD8+ T cell,50,38,2,2,2_2,InflamMac
F-8063,all,333,90,9312,4927,26,89720,0,0,0,0,0,F,154,Arterial endothelial cell,49,37,4,4,4_2,CiliatedEpi
F-8064,all,405,66,10529,5290,27,90114,0,0,0,0,0,F,284,Ciliated cell,46,28,4,4,4_2,CiliatedEpi
F-8065,all,71,36,10649,5187,37,54523,0,0,0,0,0,F,15,B cell,54,37,3,3,3_2,SMC
F-8066,all,48,23,10642,4380,12,53386,0,0,0,0,0,F,3,Alveolar type 1 cell,48,23,1,1,1_2_1,Tcell (CD4)
F-8067,all,73,20,9936,3886,20,51972,0,0,0,0,0,F,48,B cell,53,20,1,1,1_3,AT2
F-8068,all,465,80,9996,4827,22,100222,0,0,0,0,0,F,342,Secretory cell,50,8,4,4,4_2,ClubEpi
F-8069,all,70,29,9489,4194,11,33416,0,0,0,0,0,F,8,Alveolar type 1 cell,53,29,6,6,6,AT1
F-8070,all,257,64,10478,5528,36,56466,0,0,0,0,0,F,135,Arterial endothelial cell,44,29,4,4,4_2,CiliatedEpi
F-8071,all,331,86,9415,4847,31,84683,0,0,0,0,0,F,135,Ciliated cell,49,23,4,4,4_1_2,ClubEpi
F-8073,all,60,26,11078,4766,23,50848,0,0,0,0,0,F,4,Alveolar fibroblast 1,55,26,3,3,3_4,AdventitialFib
F-8077,all,55,26,9573,4640,29,69790,0,0,0,0,0,F,15,Secondary crest myofibroblast,54,27,3,3,3_2,SMC
F-8078,all,71,42,10150,4689,28,39516,0,0,0,0,0,F,3,Alveolar fibroblast 1,55,43,3,3,3_2,SMC
F-8080,all,148,56,10678,4449,18,90682,0,0,0,0,0,F,5,CD8+ T cell,52,34,1,1,1_5_2,AlveolarFib
F-8081,all,341,82,10343,5176,29,96670,0,0,0,0,0,F,172,Alveolar type 2 cell,52,37,4,4,4_2,CiliatedEpi
F-8082,all,12,6,10696,3937,7,12806,0,0,0,0,0,F,3,Alveolar fibroblast 1,31,7,1,1,1_4_3,AlveolarFib
F-8084,all,94,40,10359,4335,39,49941,0,0,0,0,0,F,14,Alveolar type 1 cell,59,39,6,6,6,AT1
F-8085,all,121,54,10426,4873,23,66790,0,0,0,0,0,F,7,B cell,43,32,1,1,1_2_1,Tcell (CD4)
F-8086,all,60,33,10297,3993,28,42112,0,0,0,0,0,F,6,CD4+ T cell,56,33,1,1,1_2_1,Tcell (CD4)
F-8087,all,206,49,10377,5093,23,74451,0,0,0,0,0,F,123,Alveolar type 1 cell,53,16,4,4,4_2,ClubEpi
F-8088,all,35,17,10171,4787,23,58834,0,0,0,0,0,F,16,Airway smooth muscle cell,39,18,3,3,3_2,SMC
F-8089,all,147,35,10684,5470,31,50137,0,0,0,0,0,F,94,Capillary 1 cell,57,34,4,4,4_2,CiliatedEpi
F-8090,all,113,40,9626,4781,36,31468,0,0,0,0,0,F,64,Endothelial progenitor cell,57,40,4,4,4_2,CiliatedEpi
F-8091,all,244,72,10375,4749,23,111833,16077,6927,9150,0.430864,0.569136,F,11,Proliferative mesenchymal progenitor cell,54,39,1,1,1_2_1,Tcell (CD4)
F-8092,all,321,77,9934,4813,30,62273,0,0,0,0,0,F,196,B cell,44,31,4,4,4_2,CiliatedEpi
F-8093,all,15,10,10729,5428,39,17196,0,0,0,0,0,F,7,Alveolar type 1 cell,34,11,3,3,3_2,SMC
F-8094,all,49,20,10417,5332,9,23428,1009,0,1009,0,1,F,3,CD4+ T cell,49,20,1,1,1_2_3,Tcell (CD4)
F-8096,all,40,21,9833,4825,40,12819,0,0,0,0,0,F,20,Alveolar fibroblast 1,43,21,4,4,4_1_2,ClubEpi
F-8100,all,286,73,9878,4798,31,57493,0,0,0,0,0,F,152,Sox9+/Id2+ epithelial cell,50,20,4,4,4_2,ClubEpi
F-8101,all,86,44,10481,4485,23,42502,0,0,0,0,0,F,8,Inflammatory monocyte,65,44,1,1,1_2_3,Tcell (CD4)
F-8102,all,62,30,9909,4014,13,34482,0,0,0,0,0,F,3,Alveolar fibroblast 1,55,30,1,1,1_5_1,LymphaticEndo
F-8104,all,90,44,11046,4550,27,52554,0,0,0,0,0,F,7,Alveolar fibroblast 1,64,44,3,3,3_1,SMC
F-8105,all,63,26,10798,5248,13,55265,0,0,0,0,0,F,20,Secondary crest myofibroblast,58,27,3,3,3_2,SMC
F-8107,all,149,61,10822,4619,21,80494,0,0,0,0,0,F,15,B cell,47,29,9,9,9,Bcell
F-8110,all,77,41,9678,4273,28,37945,0,0,0,0,0,F,10,Alveolar type 1 cell,56,41,6,6,6,AT1
F-8111,all,22,15,10731,4778,16,14375,0,0,0,0,0,F,2,Alveolar fibroblast 1,41,15,1,1,1_2_1,Tcell (CD4)
F-8113,all,84,22,9999,4769,20,28516,0,0,0,0,0,F,64,Ciliated cell,37,22,4,4,4_2,CiliatedEpi
F-8114,all,85,42,9606,4000,17,103230,0,0,0,0,0,F,19,B cell,61,42,7,7,7_2,PatrolMac
F-8115,all,43,25,10207,4796,18,43925,0,0,0,0,0,F,13,Vascular smooth muscle cell,44,26,3,3,3_2,SMC
F-8117,all,202,51,9596,4739,31,68846,0,0,0,0,0,F,147,Ciliated cell,53,16,4,4,4_2,ClubEpi
F-8118,all,18,16,10639,5286,15,40824,0,0,0,0,0,F,3,Alveolar fibroblast 1,36,16,1,1,1_5_2,AlveolarFib
F-8119,all,33,20,10878,5066,9,21086,0,0,0,0,0,F,3,Interstitial macrophage,39,20,8,8,8_2,InterstitialMac
F-8120,all,54,30,10535,4503,40,25805,0,0,0,0,0,F,4,B cell,53,30,9,9,9,Bcell
F-8123,all,178,69,9980,4541,30,87232,0,0,0,0,0,F,18,Alveolar fibroblast 1,48,30,3,3,3_3,AdventitialFib
F-8124,all,104,47,10119,4955,38,22595,0,0,0,0,0,F,34,Capillary 1 cell,63,46,4,4,4_1_1,CiliatedEpi
F-8126,all,74,31,9918,4744,21,51686,0,0,0,0,0,F,34,Alveolar macrophage,48,30,4,4,4_1_2,CiliatedEpi
F-8128,all,28,16,9731,4398,40,19154,0,0,0,0,0,F,2,Alveolar fibroblast 1,39,18,2,2,2_5,DC
F-8130,all,350,78,9422,4780,25,120379,0,0,0,0,0,F,200,Ciliated cell,53,41,4,4,4_2,CiliatedEpi
F-8131,all,37,24,9996,4857,34,13531,0,0,0,0,0,F,18,Venous endothelial cell,37,24,4,4,4_1_1,CiliatedEpi
F-8133,all,97,41,10639,4270,35,45464,0,0,0,0,0,F,6,Alveolar type 1 cell,57,38,6,6,6,AT1
F-8134,all,89,42,10810,5404,16,58203,0,0,0,0,0,F,7,B cell,63,43,3,3,3_2,SMC
F-8135,all,353,63,10658,5544,25,89854,0,0,0,0,0,F,248,Ciliated cell,39,24,4,4,4_2,CiliatedEpi
F-8137,all,83,31,11020,4305,29,41744,0,0,0,0,0,F,47,CD8+ T cell,57,31,1,1,1_3,AT2
F-8139,all,109,21,10137,4855,14,38049,0,0,0,0,0,F,81,Ciliated cell,40,21,4,4,4_2,CiliatedEpi
F-8142,all,72,32,10372,4839,19,37443,0,0,0,0,0,F,16,Airway smooth muscle cell,57,33,3,3,3_2,SMC
F-8143,all,178,61,10866,4664,27,81997,0,0,0,0,0,F,14,Innate lymphoid cell,53,37,2,2,2_2,InflamMac
F-8144,all,25,19,10343,3949,23,33500,0,0,0,0,0,F,6,Alveolar macrophage,45,19,8,8,8_1,AlveolarMac
F-8145,all,79,34,10676,5160,36,35421,0,0,0,0,0,F,14,Alveolar fibroblast 1,58,34,3,3,3_2,SMC
F-8147,all,155,55,10603,5238,22,80749,0,0,0,0,0,F,60,Ciliated cell,60,38,4,4,4_1_2,CiliatedEpi
F-8148,all,32,21,10914,4004,26,23940,0,0,0,0,0,F,12,CD4+ T cell,38,21,5,5,5_3,Pericyte
F-8150,all,77,26,10188,4880,19,33188,0,0,0,0,0,F,43,Arterial endothelial cell,43,25,4,4,4_2,CiliatedEpi
F-8153,all,109,50,9697,4525,34,68247,0,0,0,0,0,F,3,CD4+ T cell,58,36,7,7,7_2,PatrolMac
F-8156,all,27,17,10765,4676,9,17749,0,0,0,0,0,F,3,Alveolar fibroblast 1,40,18,1,1,1_4_1,AlveolarFib
F-8157,all,64,34,9530,4662,30,79998,0,0,0,0,0,F,14,Secondary crest myofibroblast,59,34,3,3,3_2,SMC
F-8159,all,40,24,10303,4781,35,31097,0,0,0,0,0,F,8,Secondary crest myofibroblast,43,24,3,3,3_2,SMC
F-8160,all,84,28,10635,5246,16,54863,0,0,0,0,0,F,47,B cell,46,28,4,4,4_2,CiliatedEpi
F-8161,all,41,25,10739,4743,24,16289,0,0,0,0,0,F,2,Mesothelial cell,42,25,3,3,3_3,AdventitialFib
F-8163,all,59,29,10562,5171,17,82728,0,0,0,0,0,F,4,CD4+ T cell,54,29,1,1,1_2_1,Tcell (CD4)
F-8164,all,278,70,10589,4955,20,144326,0,0,0,0,0,F,6,Secretory cell,53,32,1,1,1_6_2,Neutrophil
F-8165,all,38,14,10852,3938,32,19587,0,0,0,0,0,F,22,Sox9+/Id2+ epithelial cell,44,14,1,1,1_1,AT2
F-8166,all,130,50,9315,4351,18,65701,0,0,0,0,0,F,10,Neutrophil,49,28,2,2,2_2,InflamMac
F-8167,all,42,22,10719,5574,31,45618,0,0,0,0,0,F,8,Alveolar fibroblast 1,46,23,3,3,3_2,SMC
F-8170,all,51,28,10052,4752,21,68233,0,0,0,0,0,F,12,Vascular smooth muscle cell,49,28,1,1,1_5_1,LymphaticEndo
F-8172,all,85,25,9536,4179,9,24914,0,0,0,0,0,F,7,Sox9+/Id2+ epithelial cell,54,26,1,1,1_4_1,AlveolarFib
F-8173,all,63,27,10696,4486,22,33590,0,0,0,0,0,F,7,Sox9+/Id2+ epithelial cell,56,28,3,3,3_2,SMC
F-8174,all,57,35,10756,5669,37,41677,0,0,0,0,0,F,8,Alveolar macrophage,55,36,3,3,3_2,SMC
F-8175,all,92,46,9629,4371,30,34545,0,0,0,0,0,F,8,Mesothelial cell,64,45,3,3,3_3,AdventitialFib
F-8176,all,13,5,10858,5661,25,10459,0,0,0,0,0,F,4,Secondary crest myofibroblast,34,5,3,3,3_2,SMC
F-8177,all,21,14,10339,4874,22,21574,15556,641,14915,0.04120597,0.958794,F,3,Sox9+/Id2+ epithelial cell,42,15,3,3,3_2,SMC
F-8178,all,80,35,10745,4119,33,83291,0,0,0,0,0,F,13,CD8+ T cell,58,36,2,2,2_2,InflamMac
F-8181,all,34,19,10043,4639,36,32006,0,0,0,0,0,F,9,Alveolar fibroblast 1,44,20,1,1,1_4_1,AlveolarFib
F-8185,all,171,67,9751,4310,27,91029,0,0,0,0,0,F,23,Alveolar type 1 cell,48,32,6,6,6,AT1
F-8188,all,43,26,9555,4607,29,37505,0,0,0,0,0,F,5,Secondary crest myofibroblast,47,27,3,3,3_2,SMC
F-8192,all,278,65,9666,4744,26,96816,0,0,0,0,0,F,179,Secretory cell,50,13,4,4,4_2,ClubEpi
F-8194,all,100,49,9528,4049,34,63773,0,0,0,0,0,F,7,Inflammatory monocyte,63,44,1,1,1_4_1,AlveolarFib
F-8195,all,112,46,10792,4593,22,57199,0,0,0,0,0,F,7,B cell,50,33,9,9,9,Bcell
F-8196,all,80,23,10095,3951,19,98373,0,0,0,0,0,F,45,B cell,54,23,1,1,1_3,AT2
F-8202,all,34,23,11011,5055,31,18748,0,0,0,0,0,F,3,Innate lymphoid cell,41,24,1,1,1_6_2,Neutrophil
F-8203,all,177,68,10289,4499,31,95179,0,0,0,0,0,F,7,Natural killer cell,51,38,2,2,2_2,InflamMac
F-8204,all,35,19,10318,4890,20,17282,74751,1288,74751,0.01693868,0.9830613,F,4,Basophil,42,20,3,3,3_2,SMC
F-8206,all,48,19,10324,4456,23,30034,0,0,0,0,0,F,2,Sox9+/Id2+ epithelial cell,49,20,1,1,1_6_2,Neutrophil
F-8207,all,74,34,10709,5345,28,51450,0,0,0,0,0,F,24,Secondary crest myofibroblast,57,34,3,3,3_2,SMC
F-8208,all,44,20,10343,3838,30,37273,0,0,0,0,0,F,12,Pericyte,45,20,5,5,5_3,Pericyte
F-8209,all,60,26,10103,4755,24,72205,0,0,0,0,0,F,12,Alveolar macrophage,55,27,3,3,3_2,SMC
F-8210,all,126,61,10710,4924,39,46982,0,0,0,0,0,F,6,Alveolar macrophage,43,30,3,3,3_4,AdventitialFib
F-8211,all,104,44,10976,4740,18,56949,0,0,0,0,0,F,6,Alveolar type 1 cell,56,33,3,3,3_2,SMC
F-8212,all,393,79,10526,5350,28,91584,0,0,0,0,0,F,272,Secretory cell,48,8,4,4,4_2,ClubEpi
F-8213,all,96,39,10399,4572,30,40615,0,0,0,0,0,F,8,CD4+ T cell,60,38,8,8,8_2,InterstitialMac
F-8215,all,153,58,10457,4979,28,93050,158,0,158,0,1,F,6,B cell,49,30,9,9,9,Bcell
F-8218,all,202,66,9557,4762,32,59690,0,0,0,0,0,F,112,Ciliated cell,49,38,4,4,4_2,CiliatedEpi
F-8219,all,96,49,10652,4311,35,55019,0,0,0,0,0,F,5,Alveolar type 1 cell,65,49,1,1,1_2_1,Tcell (CD4)
F-8220,all,36,22,9967,4730,36,30958,0,0,0,0,0,F,11,Secondary crest myofibroblast,40,23,3,3,3_2,SMC
F-8224,all,20,12,10732,5319,21,31590,0,0,0,0,0,F,4,Vascular smooth muscle cell,39,12,3,3,3_6,SCMF
F-8225,all,101,42,9481,4293,35,49141,0,0,0,0,0,F,20,Alveolar macrophage,57,36,1,1,1_4_3,AlveolarFib
F-8226,all,85,44,10596,5092,22,74842,0,0,0,0,0,F,9,Alveolar macrophage,61,44,7,7,7_2,PatrolMac
F-8229,all,89,41,10725,4831,30,49541,0,0,0,0,0,F,8,Inflammatory monocyte,59,41,1,1,1_2_3,Tcell (CD4)
F-8233,all,141,52,10161,4017,30,117895,0,0,0,0,0,F,41,Alveolar type 1 cell,46,24,8,8,8_1,AlveolarMac
F-8234,all,177,36,10690,5654,20,74001,0,0,0,0,0,F,125,Alveolar fibroblast 1,55,35,4,4,4_2,CiliatedEpi
F-8238,all,139,56,10447,4616,25,70066,0,0,0,0,0,F,13,Mesothelial cell,48,31,8,8,8_2,InterstitialMac
F-8239,all,144,28,9810,4735,23,37663,0,0,0,0,0,F,112,Ciliated cell,44,28,4,4,4_2,CiliatedEpi
F-8240,all,39,25,10647,3883,20,39751,0,0,0,0,0,F,6,Alveolar fibroblast 1,42,25,1,1,1_5_1,LymphaticEndo
F-8242,all,138,51,10488,4863,20,53396,0,0,0,0,0,F,5,Mesothelial cell,50,27,3,3,3_3,AdventitialFib
F-8243,all,19,12,10858,5245,17,18115,0,0,0,0,0,F,3,Mesothelial cell,37,12,3,3,3_3,AdventitialFib
F-8245,all,85,36,10686,4358,24,52557,0,0,0,0,0,F,7,Inflammatory monocyte,60,36,8,8,8_2,InterstitialMac
F-8246,all,40,24,9705,4617,32,64978,0,0,0,0,0,F,12,Airway smooth muscle cell,43,24,3,3,3_2,SMC
F-8247,all,160,73,9963,4014,24,123332,0,0,0,0,0,F,30,B cell,46,35,3,3,3_5,SMC
F-8252,all,150,35,10416,5247,33,28249,0,0,0,0,0,F,100,Capillary 1 cell,54,34,4,4,4_2,CiliatedEpi
F-8253,all,63,18,9918,3906,14,47478,0,0,0,0,0,F,35,Alveolar type 2 cell,52,18,1,1,1_1,AT2
F-8254,all,117,34,10237,3992,18,81925,0,0,0,0,0,F,14,Alveolar type 1 cell,44,17,6,6,6,AT1
F-8258,all,154,58,9704,4295,28,63318,0,0,0,0,0,F,9,Ciliated cell,48,33,2,2,2_2,InflamMac
F-8262,all,97,44,10969,4891,22,49721,0,0,0,0,0,F,11,Vascular smooth muscle cell,64,42,3,3,3_6,SCMF
F-8263,all,228,64,10647,5588,27,75452,0,0,0,0,0,F,142,Alveolar type 1 cell,48,41,4,4,4_2,CiliatedEpi
F-8265,all,43,19,9430,3855,27,27701,0,0,0,0,0,F,19,B cell,46,19,5,5,5_3,Pericyte
F-8266,all,92,38,10145,4983,39,21843,0,0,0,0,0,F,35,Ciliated cell,54,37,4,4,4_1_2,CiliatedEpi
F-8268,all,112,50,9901,4670,29,87638,0,0,0,0,0,F,8,Mesothelial cell,49,33,3,3,3_3,AdventitialFib
F-8271,all,34,23,10286,4812,22,68372,0,0,0,0,0,F,13,Secondary crest myofibroblast,41,24,3,3,3_2,SMC
F-8272,all,149,60,10290,4683,30,84365,0,0,0,0,0,F,10,Proliferative mesenchymal progenitor cell,48,33,1,1,1_2_1,Tcell (CD4)
F-8273,all,385,71,10284,4998,23,80470,0,0,0,0,0,F,267,Ciliated cell,51,12,4,4,4_2,ClubEpi
F-8274,all,86,30,10457,5228,31,40671,0,0,0,0,0,F,54,Ciliated cell,62,30,4,4,4_2,ClubEpi
F-8275,all,91,39,10900,4028,28,62313,0,0,0,0,0,F,12,Secondary crest myofibroblast,58,38,1,1,1_5_1,LymphaticEndo
F-8276,all,66,19,11043,4289,36,38514,0,0,0,0,0,F,46,Alveolar type 2 cell,52,19,1,1,1_1,AT2
F-8279,all,50,23,10825,5376,16,22959,0,0,0,0,0,F,8,Interstitial macrophage,50,23,8,8,8_3,InterstitialMac
F-8280,all,8,4,10076,3989,39,9371,0,0,0,0,0,F,5,Sox9+/Id2+ epithelial cell,33,5,1,1,1_1,AT2
F-8283,all,17,13,10852,5602,18,32239,0,0,0,0,0,F,5,Airway smooth muscle cell,34,14,3,3,3_1,SMC
F-8285,all,194,66,10173,4946,33,57670,0,0,0,0,0,F,81,Alveolar fibroblast 1,41,28,4,4,4_1_2,CiliatedEpi
F-8286,all,46,26,10086,4583,27,27535,0,0,0,0,0,F,10,Alveolar type 1 cell,46,26,6,6,6,AT1
F-8288,all,39,15,10372,5342,21,25882,0,0,0,0,0,F,4,Alveolar macrophage,44,15,1,1,1_2_3,Tcell (CD4)
F-8289,all,124,59,10469,4692,20,59733,0,0,0,0,0,F,5,Alveolar macrophage,38,26,3,3,3_4,AdventitialFib
F-8290,all,142,26,10164,4877,14,35235,0,0,0,0,0,F,125,Secretory cell,39,26,4,4,4_2,CiliatedEpi
F-8291,all,52,21,9500,4165,8,23266,0,0,0,0,0,F,7,Alveolar type 1 cell,50,21,6,6,6,AT1
F-8292,all,26,16,10754,5474,40,20111,0,0,0,0,0,F,11,Airway smooth muscle cell,45,16,3,3,3_2,SMC
F-8295,all,286,89,11011,4730,23,137750,0,0,0,0,0,F,17,Alveolar type 1 cell,48,36,6,6,6,AT1
F-8296,all,350,63,10454,5183,22,117562,0,0,0,0,0,F,226,Ciliated cell,45,26,4,4,4_2,CiliatedEpi
F-8297,all,68,37,10394,4713,12,48788,1114,1114,0,1,0,F,16,Inflammatory monocyte,57,37,1,1,1_2_1,Tcell (CD4)
F-8299,all,25,16,10731,5373,22,26627,0,0,0,0,0,F,3,Alveolar fibroblast 1,45,17,3,3,3_2,SMC
F-8300,all,37,20,10215,4833,24,71082,0,0,0,0,0,F,11,Secondary crest myofibroblast,40,20,3,3,3_2,SMC
F-8304,all,82,42,10995,4962,28,41197,0,0,0,0,0,F,7,Alveolar macrophage,57,42,8,8,8_2,InterstitialMac
F-8312,all,97,43,9666,4418,32,57280,0,0,0,0,0,F,4,Alveolar fibroblast 1,61,41,3,3,3_4,AdventitialFib
F-8316,all,261,36,10230,4915,19,52729,634,0,634,0,1,F,209,Capillary 1 cell,59,36,4,4,4_2,CiliatedEpi
F-8317,all,36,10,10276,4013,11,20446,0,0,0,0,0,F,28,CD4+ T cell,44,10,1,1,1_1,AT2
F-8318,all,86,45,9527,4767,39,22719,0,0,0,0,0,F,31,Secretory cell,60,45,4,4,4_1_2,CiliatedEpi
F-8319,all,59,39,10899,4834,37,46409,0,0,0,0,0,F,8,Vascular smooth muscle cell,58,40,3,3,3_2,SMC
F-8322,all,256,78,10205,4979,33,61114,0,0,0,0,0,F,110,Alveolar fibroblast 2,47,22,4,4,4_1_2,ClubEpi
F-8326,all,165,64,10997,4833,26,95116,0,0,0,0,0,F,14,Inflammatory monocyte,50,36,2,2,2_2,InflamMac
F-8327,all,40,20,11077,4868,24,31944,0,0,0,0,0,F,3,Alveolar fibroblast 1,44,20,3,3,3_4,AdventitialFib
F-8330,all,50,26,10077,4762,26,61652,0,0,0,0,0,F,13,Secondary crest myofibroblast,53,27,3,3,3_2,SMC
F-8331,all,51,32,9591,4358,23,28202,0,0,0,0,0,F,8,Alveolar macrophage,51,32,8,8,8_1,AlveolarMac
F-8334,all,236,53,9868,4759,22,56612,0,0,0,0,0,F,173,Endothelial progenitor cell,66,53,4,4,4_2,CiliatedEpi
F-8341,all,137,55,10786,5334,20,105333,0,0,0,0,0,F,24,Vascular smooth muscle cell,44,25,3,3,3_2,SMC
F-8343,all,102,52,9954,4865,39,28190,0,0,0,0,0,F,30,Venous endothelial cell,63,52,4,4,4_1_2,CiliatedEpi
F-8344,all,67,36,9603,4599,34,53569,0,0,0,0,0,F,9,Alveolar type 2 cell,56,36,1,1,1_3,AT2
F-8345,all,56,29,10724,5289,31,42738,0,0,0,0,0,F,9,Airway smooth muscle cell,56,30,3,3,3_2,SMC
F-8346,all,25,11,10630,5085,7,18573,0,0,0,0,0,F,2,CD4+ T cell,39,11,1,1,1_2_1,Tcell (CD4)
F-8349,all,54,23,10692,4533,37,28962,0,0,0,0,0,F,33,Sox9+/Id2+ epithelial cell,51,23,1,1,1_1,AT2
F-8350,all,58,28,9996,4884,40,12297,0,0,0,0,0,F,31,Secretory cell,55,28,4,4,4_1_2,ClubEpi
F-8351,all,141,53,10807,5461,23,73814,0,0,0,0,0,F,16,Alveolar macrophage,52,30,3,3,3_2,SMC
F-8352,all,286,78,9717,4729,28,108066,0,0,0,0,0,F,168,Ciliated cell,48,17,4,4,4_2,ClubEpi
F-8353,all,95,32,10496,5367,36,29004,0,0,0,0,0,F,53,Secretory cell,47,31,4,4,4_2,CiliatedEpi
F-8355,all,90,40,10672,4099,31,90046,0,0,0,0,0,F,15,Inflammatory monocyte,59,39,7,7,7_2,PatrolMac
F-8358,all,413,86,10139,4914,29,80706,0,0,0,0,0,F,266,Arterial endothelial cell,51,40,4,4,4_2,CiliatedEpi
F-8359,all,89,44,11088,4731,33,66352,0,0,0,0,0,F,11,Inflammatory monocyte,62,44,2,2,2_2,InflamMac
F-8360,all,61,34,10974,5010,38,24501,0,0,0,0,0,F,5,Alveolar macrophage,58,34,8,8,8_2,InterstitialMac
F-8363,all,157,59,10504,5179,20,118496,0,0,0,0,0,F,71,Secretory cell,46,21,4,4,4_1_2,ClubEpi
F-8364,all,18,9,10257,3869,20,28049,0,0,0,0,0,F,2,Inflammatory monocyte,38,10,3,3,3_1,SMC
F-8369,all,31,18,10380,4942,35,24370,1384,0,1384,0,1,F,3,Secondary crest myofibroblast,41,19,3,3,3_2,SMC
F-8370,all,187,44,10499,5074,19,50119,0,0,0,0,0,F,127,Inflammatory monocyte,54,17,4,4,4_2,ClubEpi
F-8371,all,154,46,10031,4808,21,42261,0,0,0,0,0,F,105,Ciliated cell,56,44,4,4,4_2,CiliatedEpi
F-8372,all,69,42,10759,3942,20,57538,0,0,0,0,0,F,18,Alveolar fibroblast 2,56,43,2,2,2_5,DC
F-8374,all,45,23,10597,4505,40,24540,0,0,0,0,0,F,7,Proliferative mesenchymal progenitor cell,47,24,1,1,1_4_1,AlveolarFib
F-8376,all,112,44,10336,4664,24,38343,0,0,0,0,0,F,10,Inflammatory monocyte,53,31,1,1,1_2_3,Tcell (CD4)
F-8378,all,350,60,9962,4793,22,72201,0,0,0,0,0,F,265,Ciliated cell,54,39,4,4,4_2,CiliatedEpi
F-8379,all,34,15,9170,3944,27,31120,0,0,0,0,0,F,12,CD4+ T cell,44,16,1,1,1_4_1,AlveolarFib
F-8380,all,46,31,10398,4909,29,44326,0,0,0,0,0,F,8,Alveolar macrophage,47,32,3,3,3_2,SMC
F-8383,all,121,39,10347,5129,27,48446,0,0,0,0,0,F,65,Alveolar macrophage,58,38,4,4,4_2,CiliatedEpi
F-8385,all,55,31,10712,4756,25,27870,0,0,0,0,0,F,7,Mesothelial cell,52,31,3,3,3_4,AdventitialFib
F-8386,all,326,65,10576,5276,17,79043,0,0,0,0,0,F,238,Alveolar fibroblast 2,61,51,4,4,4_2,CiliatedEpi
F-8387,all,143,57,11034,4606,30,80460,0,0,0,0,0,F,13,CD8+ T cell,49,32,2,2,2_2,InflamMac
F-8389,all,300,95,10252,4950,29,102806,16349,315,16034,0.01926723,0.9807328,F,103,Capillary 1 cell,46,37,4,4,4_1_2,CiliatedEpi
F-8391,all,170,58,10556,5231,19,101595,0,0,0,0,0,F,87,Secretory cell,63,48,4,4,4_2,CiliatedEpi
F-8393,all,155,62,10298,4134,26,141431,0,0,0,0,0,F,44,B cell,48,33,9,9,9,Bcell
F-8396,all,38,23,10987,5082,30,21564,0,0,0,0,0,F,2,B cell,41,23,9,9,9,Bcell
F-8398,all,118,26,9644,4697,21,25468,0,0,0,0,0,F,100,Natural killer cell,52,11,4,4,4_2,ClubEpi
F-8399,all,116,48,10483,5016,30,61610,0,0,0,0,0,F,17,Mesothelial cell,43,23,3,3,3_3,AdventitialFib
F-8400,all,20,9,10852,5683,16,19673,0,0,0,0,0,F,3,Proliferative mesenchymal progenitor cell,40,10,3,3,3_1,SMC
F-8404,all,22,17,10771,5383,11,22114,0,0,0,0,0,F,4,Proliferative mesenchymal progenitor cell,41,17,3,3,3_4,AdventitialFib
F-8407,all,38,18,9170,4387,39,19612,0,0,0,0,0,F,10,Alveolar macrophage,41,18,3,3,3_3,AdventitialFib
F-8408,all,41,26,10275,4919,19,26983,7088,0,6715,0,1,F,12,CD4+ T cell,39,26,4,4,4_1_3,CiliatedEpi
F-8409,all,14,8,10807,3926,40,17171,0,0,0,0,0,F,4,Capillary 2 cell,33,9,2,2,2_2,InflamMac
F-8410,all,94,48,10407,4510,29,44845,0,0,0,0,0,F,11,Proliferative mesenchymal progenitor cell,64,48,3,3,3_3,AdventitialFib
F-8412,all,54,30,10766,4804,19,21713,0,0,0,0,0,F,2,T regulatory cell,55,31,1,1,1_6_2,Neutrophil
F-8414,all,22,16,10711,4631,18,10506,0,0,0,0,0,F,2,Mesothelial cell,41,16,3,3,3_3,AdventitialFib
F-8415,all,54,30,9586,4393,24,23754,0,0,0,0,0,F,3,Sox9+/Id2+ epithelial cell,55,31,1,1,1_5_2,AlveolarFib
F-8416,all,59,31,10342,4479,24,26943,0,0,0,0,0,F,3,Capillary 1 cell,52,31,3,3,3_3,AdventitialFib
F-8418,all,56,31,10405,4851,24,44135,0,0,0,0,0,F,5,CD4+ T cell,55,31,1,1,1_2_1,Tcell (CD4)
F-8419,all,296,63,9467,4755,24,81803,0,0,0,0,0,F,214,B cell,49,35,4,4,4_2,CiliatedEpi
F-8421,all,51,32,11084,4800,28,41482,0,0,0,0,0,F,5,CD4+ T cell,53,33,1,1,1_4_1,AlveolarFib
F-8422,all,136,52,10997,4876,30,72332,0,0,0,0,0,F,2,Arterial endothelial cell,46,25,1,1,1_6_2,Neutrophil
F-8424,all,127,40,9778,4773,33,39080,0,0,0,0,0,F,92,Endothelial progenitor cell,43,8,4,4,4_2,ClubEpi
F-8427,all,14,4,10835,5553,18,16377,0,0,0,0,0,F,7,Secondary crest myofibroblast,35,5,3,3,3_2,SMC
F-8430,all,61,36,9454,4579,37,75076,0,0,0,0,0,F,9,Mesothelial cell,57,36,3,3,3_3,AdventitialFib
F-8431,all,117,55,10437,4494,27,53505,0,0,0,0,0,F,4,Proliferative mesenchymal progenitor cell,45,26,1,1,1_5_2,AlveolarFib
F-8432,all,17,12,10184,4821,28,28690,0,0,0,0,0,F,3,CD4+ T cell,34,12,1,1,1_2_1,Tcell (CD4)
F-8434,all,62,22,9506,4710,22,38589,0,0,0,0,0,F,41,Secondary crest myofibroblast,40,21,4,4,4_2,CiliatedEpi
F-8435,all,62,25,9368,4416,29,30095,0,0,0,0,0,F,2,Alveolar type 1 cell,57,26,1,1,1_4_1,AlveolarFib
F-8437,all,115,46,10120,4566,19,79214,0,0,0,0,0,F,10,Alveolar macrophage,51,27,1,1,1_2_3,Tcell (CD4)
F-8438,all,29,20,10595,5129,34,26182,0,0,0,0,0,F,2,CD4+ T cell,40,21,3,3,3_2,SMC
F-8443,all,40,26,10539,5006,40,22535,0,0,0,0,0,F,5,Sox9+/Id2+ epithelial cell,43,27,3,3,3_2,SMC
F-8444,all,38,28,10438,4693,22,17236,0,0,0,0,0,F,2,CD4+ T cell,41,28,1,1,1_2_1,Tcell (CD4)
F-8445,all,78,22,10372,4405,16,34918,0,0,0,0,0,F,57,Alveolar type 2 cell,53,22,1,1,1_3,AT2
F-8447,all,30,22,10076,4632,37,22734,0,0,0,0,0,F,3,CD4+ T cell,36,22,1,1,1_2_1,Tcell (CD4)
F-8448,all,47,29,11021,4235,26,33730,0,0,0,0,0,F,11,Vascular smooth muscle cell,47,29,5,5,5_1,Pericyte
F-8452,all,114,47,9324,4900,28,45926,0,0,0,0,0,F,53,Venous endothelial cell,57,45,4,4,4_2,CiliatedEpi
F-8453,all,217,57,10442,5149,23,86831,0,0,0,0,0,F,140,Ciliated cell,70,56,4,4,4_2,CiliatedEpi
F-8456,all,283,62,10405,5098,21,73417,0,0,0,0,0,F,192,Ciliated cell,51,41,4,4,4_2,CiliatedEpi
F-8458,all,100,38,10506,5123,17,107117,0,0,0,0,0,F,49,Alveolar type 1 cell,58,38,4,4,4_1_2,CiliatedEpi
F-8459,all,28,19,9283,4344,12,16589,0,0,0,0,0,F,2,Proliferative mesenchymal progenitor cell,39,19,1,1,1_5_2,AlveolarFib
F-8463,all,386,105,10023,6612,31,83296,0,0,0,0,0,F,155,Arterial endothelial cell,45,32,4,4,4_1_1,CiliatedEpi
F-8467,all,138,64,9509,7470,28,68111,0,0,0,0,0,F,10,Arterial endothelial cell,47,29,2,2,2_4,Artery
F-8468,all,69,29,10268,6561,32,48726,0,0,0,0,0,F,2,Airway smooth muscle cell,55,30,3,3,3_2,SMC
F-8470,all,185,68,10103,6468,33,31866,0,0,0,0,0,F,82,Ciliated cell,45,33,4,4,4_1_2,CiliatedEpi
F-8471,all,245,96,9467,7446,20,87633,0,0,0,0,0,F,79,Ciliated cell,53,47,4,4,4_1_2,CiliatedEpi
F-8473,all,59,34,10270,6510,32,60473,0,0,0,0,0,F,13,Secondary crest myofibroblast,57,35,3,3,3_2,SMC
F-8475,all,157,47,9920,6192,15,87810,729,0,729,0,1,F,21,Alveolar macrophage,53,26,1,1,1_2_3,Tcell (CD4)
F-8476,all,396,98,9376,7386,23,100126,0,0,0,0,0,F,186,Endothelial progenitor cell,46,34,4,4,4_1_1,CiliatedEpi
F-8477,all,260,67,9706,7202,22,94460,0,0,0,0,0,F,151,Ciliated cell,47,12,4,4,4_2,ClubEpi
F-8478,all,330,92,10334,5962,27,83946,0,0,0,0,0,F,153,Endothelial progenitor cell,48,34,4,4,4_1_2,CiliatedEpi
F-8479,all,328,115,9340,7437,29,76014,0,0,0,0,0,F,118,Ciliated cell,43,37,4,4,4_1_1,CiliatedEpi
F-8480,all,174,69,10319,5697,38,36476,0,0,0,0,0,F,50,Capillary 1 cell,52,32,4,4,4_1_1,ClubEpi
F-8481,all,226,87,10332,5738,32,53791,0,0,0,0,0,F,48,Alveolar fibroblast 1,52,41,4,4,4_1_1,ClubEpi
F-8482,all,239,83,9494,7218,36,51335,0,0,0,0,0,F,67,Ciliated cell,48,34,4,4,4_1_1,CiliatedEpi
F-8483,all,356,78,9822,6972,20,94162,0,0,0,0,0,F,231,Ciliated cell,51,14,4,4,4_2,ClubEpi
F-8484,all,198,82,9377,7603,27,73694,0,0,0,0,0,F,76,Ciliated cell,45,36,4,4,4_1_2,CiliatedEpi
F-8485,all,396,113,9433,7429,21,93435,0,0,0,0,0,F,156,Ciliated cell,45,36,4,4,4_1_2,CiliatedEpi
F-8486,all,332,104,10351,5910,27,84145,0,0,0,0,0,F,141,Arterial endothelial cell,50,39,4,4,4_1_1,CiliatedEpi
F-8487,all,408,121,9468,7377,23,96817,0,0,0,0,0,F,163,Ciliated cell,44,26,4,4,4_1_2,ClubEpi
F-8490,all,52,28,10409,6135,36,64224,0,0,0,0,0,F,2,Alveolar macrophage,54,29,3,3,3_2,SMC
F-8491,all,106,55,9524,7528,34,33309,0,0,0,0,0,F,28,Ciliated cell,67,53,4,4,4_1_2,CiliatedEpi
F-8492,all,392,103,10362,5820,26,91879,0,0,0,0,0,F,169,Endothelial progenitor cell,45,22,4,4,4_1_2,ClubEpi
F-8494,all,273,69,10325,6148,18,84434,0,0,0,0,0,F,149,Ciliated cell,46,34,4,4,4_2,CiliatedEpi
F-8495,all,356,95,9561,7169,29,93699,0,0,0,0,0,F,162,Arterial endothelial cell,45,17,4,4,4_2,ClubEpi
F-8497,all,81,36,10453,6132,19,61892,0,0,0,0,0,F,11,Airway smooth muscle cell,55,36,3,3,3_2,SMC
F-8499,all,307,113,9983,6653,33,81852,0,0,0,0,0,F,101,Ciliated cell,52,48,4,4,4_1_2,CiliatedEpi
F-8501,all,94,42,10357,6375,27,87450,0,0,0,0,0,F,8,Alveolar macrophage,59,41,3,3,3_2,SMC
F-8503,all,219,65,9625,7267,23,115587,0,0,0,0,0,F,116,Ciliated cell,41,25,4,4,4_2,CiliatedEpi
F-8506,all,216,79,9294,7524,29,78544,0,0,0,0,0,F,39,Venous endothelial cell,49,36,4,4,4_1_1,CiliatedEpi
F-8507,all,372,78,9764,7078,22,88197,0,0,0,0,0,F,233,Ciliated cell,48,12,4,4,4_2,ClubEpi
F-8508,all,438,102,10067,6633,22,110093,0,0,0,0,0,F,200,Ciliated cell,48,34,4,4,4_2,CiliatedEpi
F-8509,all,58,21,9605,7536,30,78503,0,0,0,0,0,F,2,CD4+ T cell,52,21,1,1,1_2_1,Tcell (CD4)
F-8511,all,330,85,9794,7108,24,119033,3800,1032,2768,0.2715789,0.7284211,F,163,CD4+ T cell,47,32,4,4,4_2,CiliatedEpi
F-8512,all,226,58,10442,5846,16,70849,0,0,0,0,0,F,123,Secretory cell,50,18,4,4,4_2,ClubEpi
F-8513,all,327,93,9843,6900,28,120257,0,0,0,0,0,F,80,Arterial endothelial cell,43,29,4,4,4_1_1,CiliatedEpi
F-8514,all,324,75,9566,7384,23,89318,0,0,0,0,0,F,180,Ciliated cell,48,38,4,4,4_2,CiliatedEpi
F-8515,all,355,120,9397,7450,28,105080,0,0,0,0,0,F,108,Alveolar fibroblast 1,47,33,4,4,4_1_2,ClubEpi
F-8518,all,280,77,9664,7213,24,114630,0,0,0,0,0,F,146,Arterial endothelial cell,50,23,4,4,4_2,ClubEpi
F-8523,all,56,28,10545,5803,14,64976,0,0,0,0,0,F,8,Alveolar macrophage,54,28,3,3,3_6,SCMF
F-8524,all,265,65,10002,6742,24,82047,0,0,0,0,0,F,124,Secretory cell,52,22,4,4,4_2,ClubEpi
F-8525,all,76,38,10474,6016,29,33562,0,0,0,0,0,F,4,Proliferative mesenchymal progenitor cell,59,39,3,3,3_1,SMC
F-8526,all,264,85,9473,7550,27,70780,0,0,0,0,0,F,122,Secretory cell,44,19,4,4,4_2,ClubEpi
F-8528,all,111,52,10673,7573,26,73596,0,0,0,0,0,F,8,Inflammatory monocyte,51,31,3,3,3_3,AdventitialFib
F-8530,all,336,97,10101,6601,24,112076,0,0,0,0,0,F,112,Arterial endothelial cell,50,28,4,4,4_1_2,ClubEpi
F-8531,all,42,21,10414,6419,19,24530,0,0,0,0,0,F,4,Secondary crest myofibroblast,45,22,3,3,3_2,SMC
F-8532,all,210,68,9620,7171,27,100258,0,0,0,0,0,F,52,Ciliated cell,55,35,4,4,4_1_2,ClubEpi
F-8535,all,155,66,9505,7562,35,46864,0,0,0,0,0,F,59,Inflammatory monocyte,46,26,4,4,4_1_2,ClubEpi
F-8536,all,228,86,9790,7001,26,100731,0,0,0,0,0,F,73,Ciliated cell,49,29,4,4,4_1_2,ClubEpi
F-8538,all,277,74,9922,6827,21,85352,0,0,0,0,0,F,120,Endothelial progenitor cell,48,20,4,4,4_2,ClubEpi
F-8539,all,161,57,10483,6196,27,85738,0,0,0,0,0,F,6,Proliferative mesenchymal progenitor cell,48,29,3,3,3_3,AdventitialFib
F-8541,all,144,58,9845,6781,33,32453,0,0,0,0,0,F,50,Endothelial progenitor cell,45,23,4,4,4_1_2,ClubEpi
F-8542,all,482,126,9342,7489,25,107725,0,0,0,0,0,F,207,Arterial endothelial cell,47,37,4,4,4_1_2,CiliatedEpi
F-8544,all,241,98,10124,6343,36,54366,0,0,0,0,0,F,75,Arterial endothelial cell,49,38,4,4,4_1_1,CiliatedEpi
F-8545,all,40,26,9617,7451,31,34916,0,0,0,0,0,F,3,T regulatory cell,41,27,1,1,1_6_2,Neutrophil
F-8547,all,190,58,9668,7341,23,111424,0,0,0,0,0,F,67,Ciliated cell,55,30,4,4,4_1_2,ClubEpi
F-8548,all,272,87,9436,7554,27,77706,0,0,0,0,0,F,114,Ciliated cell,48,27,4,4,4_2,ClubEpi
F-8549,all,62,29,9908,7091,39,51469,0,0,0,0,0,F,7,Proliferative mesenchymal progenitor cell,54,30,3,3,3_2,SMC
F-8550,all,374,114,10067,6516,32,80064,0,0,0,0,0,F,139,Arterial endothelial cell,49,30,4,4,4_1_2,ClubEpi
F-8551,all,286,47,9529,7018,32,81185,0,0,0,0,0,F,5,CD4+ T cell,56,19,1,1,1_2_1,Tcell (CD4)
F-8552,all,35,22,10157,6594,26,64814,0,0,0,0,0,F,5,CD4+ T cell,39,23,3,3,3_2,SMC
F-8553,all,105,53,10243,6120,34,29222,0,0,0,0,0,F,20,Venous endothelial cell,65,53,4,4,4_1_1,CiliatedEpi
F-8554,all,27,14,10545,6053,12,21334,0,0,0,0,0,F,4,Secretory cell,38,15,3,3,3_2,SMC
F-8556,all,90,35,10582,5766,13,79785,0,0,0,0,0,F,21,Airway smooth muscle cell,61,36,3,3,3_2,SMC
F-8557,all,75,35,10392,6319,35,37096,0,0,0,0,0,F,6,Inflammatory monocyte,56,36,3,3,3_2,SMC
F-8558,all,310,101,10290,5986,31,76862,0,0,0,0,0,F,86,Secretory cell,47,40,4,4,4_1_2,CiliatedEpi
F-8560,all,351,104,10223,6168,32,79969,0,0,0,0,0,F,137,Ciliated cell,44,31,4,4,4_1_1,CiliatedEpi
F-8561,all,93,47,10454,6076,29,60511,0,0,0,0,0,F,10,Airway smooth muscle cell,64,48,3,3,3_5,SMC
F-8562,all,349,95,9855,6830,23,92252,0,0,0,0,0,F,152,Ciliated cell,53,41,4,4,4_1_2,CiliatedEpi
F-8563,all,12,7,10040,6842,27,35534,0,0,0,0,0,F,2,Secondary crest myofibroblast,28,7,3,3,3_2,SMC
F-8565,all,235,84,10108,6432,33,56279,0,0,0,0,0,F,77,Endothelial progenitor cell,52,41,4,4,4_1_2,CiliatedEpi
F-8567,all,81,37,10118,6726,22,137476,0,0,0,0,0,F,18,Secondary crest myofibroblast,59,37,3,3,3_6,SCMF
F-8569,all,277,78,9606,7083,36,58099,0,0,0,0,0,F,113,Arterial endothelial cell,51,39,4,4,4_1_2,CiliatedEpi
F-8570,all,87,41,10005,6950,28,56530,0,0,0,0,0,F,4,CD4+ T cell,61,41,3,3,3_2,SMC
F-8572,all,382,120,9301,7434,30,86581,0,0,0,0,0,F,101,Venous endothelial cell,43,35,4,4,4_1_1,CiliatedEpi
F-8575,all,35,20,10445,6262,15,39131,0,0,0,0,0,F,7,Inflammatory monocyte,41,20,3,3,3_6,SCMF
F-8576,all,378,99,9946,6773,24,103585,0,0,0,0,0,F,156,Ciliated cell,42,32,4,4,4_2,CiliatedEpi
F-8577,all,466,115,9348,7549,28,103619,0,0,0,0,0,F,177,Arterial endothelial cell,43,24,4,4,4_1_1,ClubEpi
F-8578,all,338,125,9474,7501,27,101516,0,0,0,0,0,F,125,Ciliated cell,44,26,4,4,4_1_2,ClubEpi
F-8580,all,96,45,10161,6679,20,78370,0,0,0,0,0,F,9,Proliferative mesenchymal progenitor cell,62,45,3,3,3_3,AdventitialFib
F-8581,all,231,68,10153,6477,22,71206,0,0,0,0,0,F,103,Arterial endothelial cell,57,31,4,4,4_2,ClubEpi
F-8582,all,15,9,9663,6880,10,20101,0,0,0,0,0,F,4,Inflammatory monocyte,32,9,1,1,1_1,AT2
F-8583,all,34,16,10252,6819,10,20538,0,0,0,0,0,F,8,Secondary crest myofibroblast,42,17,3,3,3_2,SMC
F-8584,all,268,96,9409,7542,24,105422,0,0,0,0,0,F,92,Ciliated cell,48,28,4,4,4_1_2,ClubEpi
F-8585,all,267,67,9590,7232,22,87749,0,0,0,0,0,F,153,Ciliated cell,47,33,4,4,4_2,CiliatedEpi
F-8586,all,39,24,10297,6327,30,37936,0,0,0,0,0,F,6,CD4+ T cell,42,25,3,3,3_2,SMC
F-8588,all,321,98,10197,6339,23,113911,0,0,0,0,0,F,115,Arterial endothelial cell,45,24,4,4,4_1_2,ClubEpi
F-8589,all,197,61,9547,7446,23,51705,0,0,0,0,0,F,106,Inflammatory monocyte,65,54,4,4,4_2,CiliatedEpi
F-8590,all,154,58,9822,7072,27,73350,0,0,0,0,0,F,50,Ciliated cell,50,28,4,4,4_1_2,ClubEpi
F-8591,all,83,37,10506,5732,31,54041,0,0,0,0,0,F,13,CD4+ T cell,60,38,3,3,3_2,SMC
F-8592,all,348,100,9518,7338,25,90862,0,0,0,0,0,F,157,Ciliated cell,50,24,4,4,4_2,ClubEpi
F-8593,all,123,55,9297,7609,29,53991,0,0,0,0,0,F,16,Neutrophil,43,24,1,1,1_2_1,Tcell (CD4)
F-8597,all,202,72,10237,6225,31,60960,0,0,0,0,0,F,42,Mesothelial cell,49,38,4,4,4_1_1,CiliatedEpi
F-8599,all,9,7,10445,6389,21,5960,0,0,0,0,0,F,3,Alveolar fibroblast 1,27,8,3,3,3_2,SMC
F-8600,all,188,84,9936,6637,38,32431,0,0,0,0,0,F,55,Ciliated cell,41,35,4,4,4_1_2,CiliatedEpi
F-8606,all,403,114,9667,7055,29,86491,0,0,0,0,0,F,159,Alveolar fibroblast 1,43,22,4,4,4_1_2,ClubEpi
F-8609,all,103,45,9701,6957,36,27886,0,0,0,0,0,F,34,Interstitial macrophage,62,45,4,4,4_1_2,CiliatedEpi
F-8611,all,198,74,9838,6727,39,40601,0,0,0,0,0,F,74,Arterial endothelial cell,53,40,4,4,4_1_1,CiliatedEpi
F-8612,all,345,92,9889,6862,22,96392,0,0,0,0,0,F,212,Alveolar fibroblast 1,46,15,4,4,4_2,ClubEpi
F-8613,all,384,104,9422,7359,29,113565,0,0,0,0,0,F,108,Ciliated cell,45,28,4,4,4_1_2,ClubEpi
F-8614,all,182,54,10237,6761,22,142657,0,0,0,0,0,F,17,CD4+ T cell,52,30,3,3,3_2,SMC
F-8615,all,263,86,9583,7292,26,108596,0,0,0,0,0,F,97,Alveolar fibroblast 1,49,28,4,4,4_1_2,ClubEpi
F-8619,all,34,22,9731,7407,35,36624,0,0,0,0,0,F,2,Sox9+/Id2+ epithelial cell,42,23,3,3,3_2,SMC
F-8620,all,360,77,9866,6966,18,117986,0,0,0,0,0,F,220,Endothelial progenitor cell,52,16,4,4,4_2,ClubEpi
F-8621,all,124,53,9924,6880,22,49687,0,0,0,0,0,F,65,Arterial endothelial cell,64,53,4,4,4_2,CiliatedEpi
F-8624,all,22,14,10335,6296,41,14939,0,0,0,0,0,F,6,CD4+ T cell,41,15,3,3,3_2,SMC
F-8625,all,111,53,10341,6858,34,37492,0,0,0,0,0,F,4,T regulatory cell,49,29,1,1,1_2_1,Tcell (CD4)
F-8626,all,194,70,10214,6989,25,91370,0,0,0,0,0,F,7,Proliferative mesenchymal progenitor cell,49,31,3,3,3_3,AdventitialFib
F-8627,all,42,22,10260,6597,33,25653,0,0,0,0,0,F,5,Secondary crest myofibroblast,44,23,3,3,3_2,SMC
F-8629,all,98,28,9908,6906,19,38700,0,0,0,0,0,F,57,Ciliated cell,45,28,4,4,4_2,CiliatedEpi
F-8630,all,52,22,9693,7409,31,45230,0,0,0,0,0,F,5,Proliferative mesenchymal progenitor cell,52,23,3,3,3_1,SMC
F-8633,all,56,24,10037,7026,27,33639,0,0,0,0,0,F,7,Secondary crest myofibroblast,53,25,3,3,3_2,SMC
F-8634,all,128,53,9620,7130,34,42250,0,0,0,0,0,F,15,CD4+ T cell,43,25,4,4,4_1_3,ClubEpi
F-8635,all,11,10,10608,5704,14,20236,0,0,0,0,0,F,3,CD4+ T cell,28,10,1,1,1_2_1,Tcell (CD4)
F-8636,all,25,14,10555,5707,16,37054,0,0,0,0,0,F,3,Secondary crest myofibroblast,43,14,3,3,3_2,SMC
F-8637,all,265,67,9744,7022,26,81934,0,0,0,0,0,F,123,Endothelial progenitor cell,49,39,4,4,4_2,CiliatedEpi
F-8641,all,355,109,9717,6909,33,73583,0,0,0,0,0,F,150,Endothelial progenitor cell,44,40,4,4,4_1_2,CiliatedEpi
F-8643,all,196,72,10234,6358,22,103456,0,0,0,0,0,F,75,Alveolar type 2 cell,54,32,4,4,4_1_2,ClubEpi
F-8644,all,139,46,10541,5889,16,120859,0,0,0,0,0,F,35,Airway smooth muscle cell,50,26,3,3,3_2,SMC
F-8645,all,235,80,10328,6024,28,72764,0,0,0,0,0,F,84,Capillary 1 cell,52,31,4,4,4_1_2,ClubEpi
F-8646,all,65,37,9955,6983,36,55597,0,0,0,0,0,F,6,Inflammatory monocyte,59,38,3,3,3_5,SMC
F-8649,all,345,87,10365,6022,21,126821,0,0,0,0,0,F,188,Arterial endothelial cell,50,20,4,4,4_2,ClubEpi
F-8651,all,274,79,10392,5894,16,66140,0,0,0,0,0,F,152,Arterial endothelial cell,44,28,4,4,4_2,CiliatedEpi
F-8657,all,272,94,10389,5694,30,83295,0,0,0,0,0,F,79,Capillary 1 cell,50,38,4,4,4_1_1,CiliatedEpi
F-8658,all,29,18,10424,6054,31,31265,0,0,0,0,0,F,8,Vascular smooth muscle cell,40,19,3,3,3_2,SMC
F-8659,all,80,40,10269,6368,31,53196,0,0,0,0,0,F,4,CD4+ T cell,63,41,3,3,3_2,SMC
F-8660,all,103,43,10026,6760,25,56798,0,0,0,0,0,F,29,Ciliated cell,56,42,4,4,4_1_2,CiliatedEpi
F-8661,all,417,96,9687,7002,29,84295,0,0,0,0,0,F,204,Endothelial progenitor cell,44,17,4,4,4_2,ClubEpi
F-8662,all,169,65,10483,7056,20,99389,0,0,0,0,0,F,8,Inflammatory monocyte,51,35,1,1,1_2_1,Tcell (CD4)
F-8663,all,409,108,9749,6963,31,91832,0,0,0,0,0,F,177,Ciliated cell,45,38,4,4,4_2,CiliatedEpi
F-8664,all,94,44,10485,5929,31,52377,0,0,0,0,0,F,14,CD4+ T cell,62,44,3,3,3_2,SMC
F-8665,all,264,83,10392,5957,24,128817,0,0,0,0,0,F,105,Arterial endothelial cell,46,32,4,4,4_1_2,CiliatedEpi
F-8666,all,59,29,10268,7147,35,28708,0,0,0,0,0,F,6,Natural killer cell,55,29,7,7,7_3,Tcell (CD8)
F-8668,all,208,81,10410,5828,22,79187,0,0,0,0,0,F,61,Endothelial progenitor cell,44,33,4,4,4_1_2,CiliatedEpi
F-8670,all,412,103,9446,7301,27,97187,0,0,0,0,0,F,172,Endothelial progenitor cell,46,32,4,4,4_1_2,CiliatedEpi
F-8672,all,67,33,9760,7525,35,57309,0,0,0,0,0,F,4,Sox9+/Id2+ epithelial cell,58,34,3,3,3_2,SMC
F-8674,all,299,76,9597,7421,27,104110,0,0,0,0,0,F,125,Ciliated cell,51,33,4,4,4_2,CiliatedEpi
F-8677,all,358,91,9541,7221,30,113959,0,0,0,0,0,F,117,Arterial endothelial cell,44,38,4,4,4_1_2,CiliatedEpi
F-8678,all,77,32,10385,6204,35,79653,0,0,0,0,0,F,11,CD4+ T cell,55,33,3,3,3_2,SMC
F-8679,all,422,94,9616,7363,21,104218,0,0,0,0,0,F,254,Secretory cell,47,12,4,4,4_2,ClubEpi
F-8680,all,33,17,10454,6414,18,23965,0,0,0,0,0,F,2,Natural killer cell,45,19,2,2,2_5,DC
F-8683,all,139,53,10591,6174,28,89862,0,0,0,0,0,F,3,Alveolar fibroblast 1,46,26,3,3,3_4,AdventitialFib
F-8684,all,228,87,9400,7282,35,56776,0,0,0,0,0,F,52,Secretory cell,55,41,4,4,4_1_1,ClubEpi
F-8685,all,313,92,9491,7316,30,96823,0,0,0,0,0,F,95,Endothelial progenitor cell,46,24,4,4,4_1_2,ClubEpi
F-8687,all,61,36,10691,7608,16,32040,0,0,0,0,0,F,5,Inflammatory monocyte,56,36,1,1,1_2_3,Tcell (CD4)
F-8688,all,389,112,10270,6165,30,98810,0,0,0,0,0,F,154,Arterial endothelial cell,42,34,4,4,4_1_2,CiliatedEpi
F-8689,all,150,77,10251,5988,39,32882,0,0,0,0,0,F,25,Arterial endothelial cell,44,32,8,8,8_2,InterstitialMac
F-8690,all,33,20,10363,6306,38,31460,0,0,0,0,0,F,4,Secondary crest myofibroblast,42,21,3,3,3_2,SMC
F-8692,all,438,122,10279,6056,32,85884,0,0,0,0,0,F,153,Arterial endothelial cell,46,28,4,4,4_1_1,ClubEpi
F-8695,all,50,28,10460,6000,33,24356,0,0,0,0,0,F,5,CD4+ T cell,50,28,1,1,1_2_1,Tcell (CD4)
F-8696,all,470,101,10233,6280,20,143452,0,0,0,0,0,F,225,Ciliated cell,50,38,4,4,4_2,CiliatedEpi
F-8697,all,96,47,9843,7459,33,39395,0,0,0,0,0,F,6,B cell,61,46,1,1,1_2_1,Tcell (CD4)
F-8699,all,60,28,9847,7421,31,29688,0,0,0,0,0,F,3,Mesothelial cell,55,28,3,3,3_3,AdventitialFib
F-8700,all,189,70,9964,6813,20,79316,0,0,0,0,0,F,61,Alveolar fibroblast 1,52,30,4,4,4_1_2,ClubEpi
F-8701,all,62,34,9784,7401,34,59427,0,0,0,0,0,F,3,CD4+ T cell,56,34,1,1,1_2_1,Tcell (CD4)
F-8704,all,333,102,9714,7054,23,118378,0,0,0,0,0,F,52,Inflammatory monocyte,47,36,4,4,4_1_3,CiliatedEpi
F-8706,all,258,105,10237,6064,37,42402,0,0,0,0,0,F,74,Ciliated cell,49,44,4,4,4_1_1,CiliatedEpi
F-8708,all,228,68,10582,6521,38,64970,0,0,0,0,0,F,10,Classical DC subset 2,51,34,2,2,2_2,InflamMac
F-8709,all,126,43,9715,7594,32,112920,0,0,0,0,0,F,13,Airway smooth muscle cell,51,26,3,3,3_2,SMC
F-8718,all,300,84,9544,7116,36,49981,0,0,0,0,0,F,136,Ciliated cell,56,43,4,4,4_2,CiliatedEpi
F-8719,all,28,15,10247,7170,40,22948,0,0,0,0,0,F,6,Natural killer cell,40,15,7,7,7_3,Tcell (CD8)
F-8721,all,127,51,9404,7617,32,31931,0,0,0,0,0,F,50,Capillary 1 cell,43,18,4,4,4_1_2,ClubEpi
F-8722,all,209,62,10318,6547,26,103460,0,0,0,0,0,F,8,Alveolar fibroblast 1,52,32,3,3,3_4,AdventitialFib
F-8724,all,89,36,9740,6845,41,16524,0,0,0,0,0,F,42,Capillary 1 cell,61,34,4,4,4_2,ClubEpi
F-8726,all,20,13,10801,6254,12,12800,0,0,0,0,0,F,3,T regulatory cell,41,14,1,1,1_6_2,Neutrophil
F-8727,all,69,35,10266,6706,34,58623,0,0,0,0,0,F,9,Inflammatory monocyte,54,36,3,3,3_2,SMC
F-8729,all,317,86,10433,5747,27,94563,0,0,0,0,0,F,140,Arterial endothelial cell,48,22,4,4,4_2,ClubEpi
F-8731,all,19,11,10455,6469,14,24562,0,0,0,0,0,F,2,Secondary crest myofibroblast,37,12,3,3,3_2,SMC
F-8732,all,82,34,10753,6024,35,43501,0,0,0,0,0,F,3,Inflammatory monocyte,57,34,3,3,3_3,AdventitialFib
F-8733,all,205,82,10351,5776,34,58510,0,0,0,0,0,F,61,Endothelial progenitor cell,47,31,4,4,4_1_1,CiliatedEpi
F-8735,all,51,27,10557,6017,12,53494,0,0,0,0,0,F,2,Proliferative mesenchymal progenitor cell,53,28,3,3,3_1,SMC
F-8736,all,39,21,9785,7331,32,37015,0,0,0,0,0,F,5,Secondary crest myofibroblast,42,22,3,3,3_2,SMC
F-8737,all,67,38,9983,6914,30,73851,0,0,0,0,0,F,2,CD4+ T cell,60,38,1,1,1_2_1,Tcell (CD4)
F-8739,all,32,18,10079,6959,10,37316,0,0,0,0,0,F,2,CD4+ T cell,39,18,1,1,1_2_1,Tcell (CD4)
F-8740,all,50,25,10495,6013,24,28819,0,0,0,0,0,F,11,Secondary crest myofibroblast,51,26,3,3,3_2,SMC
F-8741,all,104,43,10379,6845,35,36091,0,0,0,0,0,F,3,Inflammatory monocyte,60,37,1,1,1_2_1,Tcell (CD4)
F-8742,all,144,44,10017,6994,31,75230,0,0,0,0,0,F,15,CD4+ T cell,55,31,3,3,3_2,SMC
F-8743,all,31,20,9963,7033,32,45324,0,0,0,0,0,F,4,Proliferative mesenchymal progenitor cell,39,21,3,3,3_2,SMC
F-8745,all,71,34,10438,5980,26,58668,0,0,0,0,0,F,13,CD4+ T cell,54,35,3,3,3_2,SMC
F-8746,all,103,41,10264,6641,30,56875,0,0,0,0,0,F,19,Alveolar macrophage,61,38,3,3,3_2,SMC
F-8747,all,85,33,10041,6901,22,128585,0,0,0,0,0,F,13,Inflammatory monocyte,59,33,3,3,3_2,SMC
F-8749,all,45,24,10483,5831,41,24086,0,0,0,0,0,F,4,Inflammatory monocyte,46,25,3,3,3_2,SMC
F-8752,all,44,22,10645,5720,10,32638,0,0,0,0,0,F,6,Sox9+/Id2+ epithelial cell,44,22,3,3,3_6,SCMF
F-8753,all,39,25,10024,6873,26,42264,0,0,0,0,0,F,4,Alveolar macrophage,41,26,3,3,3_2,SMC
F-8754,all,97,46,10386,6371,32,46426,0,0,0,0,0,F,8,Alveolar macrophage,64,46,3,3,3_2,SMC
F-8755,all,72,33,10105,6665,32,32458,0,0,0,0,0,F,14,CD4+ T cell,57,34,3,3,3_2,SMC
F-8756,all,77,42,10381,6432,21,78401,0,0,0,0,0,F,8,Secondary crest myofibroblast,56,43,3,3,3_2,SMC
F-8760,all,52,32,10484,6057,20,40851,0,0,0,0,0,F,2,Mesothelial cell,52,32,3,3,3_3,AdventitialFib
F-8762,all,181,71,9914,6756,27,48816,0,0,0,0,0,F,75,Capillary 1 cell,49,25,4,4,4_1_2,ClubEpi
F-8763,all,52,24,10463,5948,21,41746,0,0,0,0,0,F,4,CD4+ T cell,53,25,3,3,3_2,SMC
F-8764,all,63,34,9542,7363,34,16995,0,0,0,0,0,F,26,Ciliated cell,57,34,4,4,4_1_2,ClubEpi
F-8765,all,213,83,9169,7598,40,43978,0,0,0,0,0,F,57,Venous endothelial cell,48,37,4,4,4_1_1,CiliatedEpi
F-8766,all,335,95,10152,6375,25,78161,0,0,0,0,0,F,139,Endothelial progenitor cell,45,23,4,4,4_1_2,ClubEpi
F-8767,all,86,45,9289,7368,41,17473,0,0,0,0,0,F,17,Alveolar fibroblast 2,59,44,4,4,4_1_1,CiliatedEpi
F-8769,all,29,17,10511,5777,21,30207,0,0,0,0,0,F,7,Secondary crest myofibroblast,37,18,3,3,3_2,SMC
F-8770,all,37,21,10227,6503,18,43374,0,0,0,0,0,F,7,Alveolar fibroblast 1,41,22,3,3,3_2,SMC
F-8771,all,193,67,9539,7486,26,52906,0,0,0,0,0,F,83,Endothelial progenitor cell,40,27,4,4,4_2,CiliatedEpi
F-8773,all,228,88,9927,6722,28,70331,0,0,0,0,0,F,87,Mesothelial cell,41,32,4,4,4_1_2,CiliatedEpi
F-8775,all,98,35,10199,6453,25,65430,0,0,0,0,0,F,31,Secretory cell,62,34,4,4,4_1_2,ClubEpi
F-8777,all,62,32,10232,6418,30,53459,0,0,0,0,0,F,4,Sox9+/Id2+ epithelial cell,57,33,3,3,3_2,SMC
F-8781,all,18,15,10444,5692,33,9300,0,0,0,0,0,F,5,Alveolar macrophage,33,14,4,4,4_1_3,CiliatedEpi
F-8783,all,15,9,9991,6817,32,20439,0,0,0,0,0,F,3,Sox9+/Id2+ epithelial cell,37,10,3,3,3_2,SMC
F-8784,all,67,40,9788,7431,35,30519,0,0,0,0,0,F,2,T regulatory cell,60,41,1,1,1_6_2,Neutrophil
F-8786,all,240,60,10269,7074,22,137937,0,0,0,0,0,F,13,CD4+ T cell,54,31,1,1,1_2_1,Tcell (CD4)
F-8787,all,41,15,9906,6940,17,13920,0,0,0,0,0,F,23,Ciliated cell,44,15,4,4,4_2,ClubEpi
F-8790,all,103,33,10774,6242,7,36208,0,0,0,0,0,F,5,T regulatory cell,57,29,1,1,1_6_2,Neutrophil
F-8792,all,21,13,10432,6406,19,15914,0,0,0,0,0,F,2,Sox9+/Id2+ epithelial cell,41,14,3,3,3_2,SMC
F-8793,all,76,40,10413,6486,11,95488,0,0,0,0,0,F,11,CD4+ T cell,56,40,3,3,3_2,SMC
F-8796,all,178,55,10414,5877,15,39737,0,0,0,0,0,F,104,Endothelial progenitor cell,64,54,4,4,4_2,CiliatedEpi
F-8802,all,76,42,9365,7308,41,12391,0,0,0,0,0,F,14,Endothelial progenitor cell,55,42,8,8,8_2,InterstitialMac
F-8805,all,45,23,10081,6772,32,32893,0,0,0,0,0,F,10,Inflammatory monocyte,46,23,3,3,3_6,SCMF
F-8810,all,11,9,12888,528,13,40989,0,0,0,0,0,F,2,Endothelial progenitor cell,32,9,2,2,2_1,Capillary
F-8811,all,20,13,11605,1445,31,50327,0,0,0,0,0,F,9,Pericyte,39,13,5,5,5_1,Pericyte
F-8813,all,69,9,11813,1305,17,60875,0,0,0,0,0,F,57,Alveolar type 2 cell,51,9,1,1,1_3,AT2
F-8814,all,64,14,12772,1768,27,74496,0,0,0,0,0,F,51,Alveolar type 2 cell,51,14,1,1,1_1,AT2
F-8816,all,30,15,11708,1439,35,35306,0,0,0,0,0,F,2,Natural killer cell,43,16,2,2,2_2,InflamMac
F-8817,all,57,34,12721,330,24,116102,0,0,0,0,0,F,21,Pericyte,54,34,5,5,5_1,Pericyte
F-8820,all,31,20,11530,80,21,77777,0,0,0,0,0,F,7,Alveolar fibroblast 1,40,22,2,2,2_4,Artery
F-8823,all,42,20,11138,610,17,86359,0,0,0,0,0,F,5,Capillary 1 cell,44,20,2,2,2_3,Vein
F-8824,all,21,17,12706,455,14,53087,0,0,0,0,0,F,6,Arterial endothelial cell,43,17,2,2,2_4,Artery
F-8825,all,27,18,11367,387,39,64915,0,0,0,0,0,F,3,Capillary 1 cell,43,19,2,2,2_3,Vein
F-8826,all,26,18,11486,124,20,59067,0,0,0,0,0,F,8,Pericyte,48,18,5,5,5_3,Pericyte
F-8827,all,9,8,11526,1772,40,20984,0,0,0,0,0,F,3,Sox9+/Id2+ epithelial cell,30,8,1,1,1_3,AT2
F-8829,all,11,9,12614,621,12,26090,0,0,0,0,0,F,2,Arterial endothelial cell,32,10,2,2,2_4,Artery
F-8830,all,56,29,11239,1551,23,104320,0,0,0,0,0,F,9,Capillary 1 cell,51,28,2,2,2_1,Capillary
F-8833,all,41,20,11730,1378,25,65552,0,0,0,0,0,F,4,Capillary 1 cell,44,20,2,2,2_3,Vein
F-8839,all,20,14,12972,143,32,42234,0,0,0,0,0,F,3,Alveolar type 1 cell,39,14,6,6,6,AT1
F-8840,all,30,17,11138,1551,22,36755,0,0,0,0,0,F,10,Capillary 2 cell,39,16,2,2,2_1,Capillary
F-8841,all,55,22,11700,205,29,47699,0,0,0,0,0,F,8,Alveolar type 1 cell,52,22,6,6,6,AT1
F-8842,all,41,29,11593,213,29,85063,0,0,0,0,0,F,13,Pericyte,42,29,5,5,5_1,Pericyte
F-8849,all,11,8,11875,706,28,43902,0,0,0,0,0,F,2,Endothelial progenitor cell,32,9,2,2,2_1,Capillary
F-8853,all,100,27,12965,429,27,139662,0,0,0,0,0,F,17,Alveolar type 1 cell,55,24,6,6,6,AT1
F-8854,all,10,7,12032,867,26,30240,0,0,0,0,0,F,2,Alveolar type 1 cell,29,7,6,6,6,AT1
F-8858,all,60,20,11497,1565,21,85120,0,0,0,0,0,F,13,Alveolar type 1 cell,52,20,6,6,6,AT1
F-8859,all,61,13,11845,1453,29,57733,0,0,0,0,0,F,51,Alveolar type 2 cell,52,13,1,1,1_3,AT2
F-8861,all,53,15,11847,1419,37,33561,0,0,0,0,0,F,39,Sox9+/Id2+ epithelial cell,50,15,1,1,1_3,AT2
F-8862,all,53,28,11850,1107,32,81780,0,0,0,0,0,F,11,Alveolar fibroblast 1,51,28,1,1,1_5_1,LymphaticEndo
F-8864,all,8,6,11247,1914,9,40348,0,0,0,0,0,F,2,B cell,25,8,9,9,9,Bcell
F-8866,all,91,27,11205,141,31,66751,0,0,0,0,0,F,4,B cell,61,26,9,9,9,Bcell
F-8868,all,18,12,12575,956,12,30087,0,0,0,0,0,F,6,Capillary 1 cell,35,12,2,2,2_1,Capillary
F-8869,all,20,14,12667,496,17,45576,0,0,0,0,0,F,4,Sox9+/Id2+ epithelial cell,41,14,2,2,2_1,Capillary
F-8870,all,100,45,12386,776,21,135326,0,0,0,0,0,F,20,Alveolar macrophage,61,41,8,8,8_1,AlveolarMac
F-8871,all,20,13,11696,648,37,65956,0,0,0,0,0,F,4,Endothelial progenitor cell,37,13,2,2,2_1,Capillary
F-8873,all,20,8,12561,461,17,50507,0,0,0,0,0,F,2,Capillary 1 cell,43,8,2,2,2_1,Capillary
F-8876,all,12,7,12691,862,35,36910,0,0,0,0,0,F,3,Capillary 1 cell,31,7,2,2,2_1,Capillary
F-8880,all,38,24,11231,274,38,67839,0,0,0,0,0,F,4,Arterial endothelial cell,42,24,2,2,2_4,Artery
F-8881,all,35,20,11323,1525,13,63650,0,0,0,0,0,F,6,Arterial endothelial cell,42,21,2,2,2_3,Vein
F-8883,all,34,22,11919,877,32,59242,0,0,0,0,0,F,5,Capillary 2 cell,41,22,2,2,2_1,Capillary
F-8886,all,51,29,11489,1627,26,108836,0,0,0,0,0,F,15,Pericyte,51,29,5,5,5_1,Pericyte
F-8887,all,42,6,11165,1832,21,61127,0,0,0,0,0,F,39,Alveolar type 2 cell,47,6,1,1,1_1,AT2
F-8888,all,7,6,13004,203,37,55645,0,0,0,0,0,F,3,Pericyte,25,8,5,5,5_1,Pericyte
F-8889,all,121,37,12607,259,10,67650,0,0,0,0,0,F,68,Alveolar type 2 cell,49,20,1,1,1_1,AT2
F-8890,all,43,11,12783,585,34,47898,0,0,0,0,0,F,7,Inflammatory monocyte,46,11,6,6,6,AT1
F-8891,all,31,14,11816,1258,24,43948,0,0,0,0,0,F,19,B cell,40,15,2,2,2_1,Capillary
F-8892,all,49,22,11167,1866,30,79045,0,0,0,0,0,F,25,Sox9+/Id2+ epithelial cell,49,22,1,1,1_3,AT2
F-8893,all,48,24,12075,1011,22,94627,0,0,0,0,0,F,15,Natural killer cell,50,24,1,1,1_5_1,LymphaticEndo
F-8894,all,25,13,12603,394,17,87126,0,0,0,0,0,F,9,Pericyte,42,13,5,5,5_1,Pericyte
F-8895,all,56,25,12168,866,25,76077,0,0,0,0,0,F,29,Alveolar fibroblast 1,52,24,1,1,1_5_1,LymphaticEndo
F-8896,all,27,17,12610,737,33,41334,0,0,0,0,0,F,3,Alveolar type 1 cell,44,17,6,6,6,AT1
F-8901,all,8,7,11795,1206,41,16120,0,0,0,0,0,F,3,Proliferative mesenchymal progenitor cell,26,8,3,3,3_4,AdventitialFib
F-8902,all,28,11,12310,812,30,36969,0,0,0,0,0,F,2,Alveolar type 1 cell,42,11,6,6,6,AT1
F-8904,all,16,12,12796,1730,23,27054,0,0,0,0,0,F,3,Inflammatory monocyte,36,13,2,2,2_2,InflamMac
F-8905,all,12,12,11776,510,35,40420,0,0,0,0,0,F,3,B cell,34,12,2,2,2_6,pDC
F-8906,all,60,25,11967,1042,28,84368,0,0,0,0,0,F,21,Alveolar type 2 cell,55,25,7,7,7_4,PatrolMac
F-8907,all,60,35,11990,887,24,79324,0,0,0,0,0,F,13,Capillary 2 cell,57,35,6,6,6,AT1
F-8908,all,20,7,12734,543,18,42436,0,0,0,0,0,F,4,Alveolar type 1 cell,41,7,6,6,6,AT1
F-8909,all,120,30,12351,519,32,91457,0,0,0,0,0,F,82,Alveolar type 2 cell,45,13,1,1,1_1,AT2
F-8910,all,42,11,12932,186,24,40826,0,0,0,0,0,F,5,Alveolar type 1 cell,46,11,6,6,6,AT1
F-8914,all,18,6,12323,545,30,30855,187,0,187,0,1,F,8,Sox9+/Id2+ epithelial cell,42,6,2,2,2_1,Capillary
F-8915,all,25,12,12710,572,13,56130,0,0,0,0,0,F,7,Alveolar type 1 cell,44,12,6,6,6,AT1
F-8916,all,33,21,12576,709,35,57398,0,0,0,0,0,F,3,Alveolar fibroblast 1,42,21,3,3,3_4,AdventitialFib
F-8919,all,162,33,11423,1467,18,108484,0,0,0,0,0,F,116,Alveolar type 2 cell,44,10,1,1,1_3,AT2
F-8921,all,15,8,12147,652,38,44401,0,0,0,0,0,F,5,Capillary 1 cell,32,8,2,2,2_1,Capillary
F-8923,all,54,21,11166,188,35,68200,0,0,0,0,0,F,9,Capillary 1 cell,52,21,7,7,7_3,Tcell (CD8)
F-8924,all,8,5,12892,256,13,26913,0,0,0,0,0,F,2,Alveolar type 1 cell,31,5,6,6,6,AT1
F-8925,all,20,17,11768,1297,23,41176,53,0,53,0,1,F,3,Alveolar type 1 cell,37,16,2,2,2_1,Capillary
F-8926,all,31,17,12289,826,35,21121,0,0,0,0,0,F,10,Alveolar type 1 cell,39,17,6,6,6,AT1
F-8927,all,10,9,12099,1164,23,42062,0,0,0,0,0,F,3,CD8+ T cell,30,10,2,2,2_2,InflamMac
F-8929,all,6,6,11476,71,29,27855,0,0,0,0,0,F,4,Pericyte,18,8,5,5,5_1,Pericyte
F-8930,all,24,16,11851,1030,29,45527,0,0,0,0,0,F,7,Arterial endothelial cell,41,16,2,2,2_4,Artery
F-8931,all,43,34,11282,1842,24,136259,0,0,0,0,0,F,11,Pericyte,43,34,5,5,5_3,Pericyte
F-8933,all,60,23,12740,1774,23,70358,0,0,0,0,0,F,37,Alveolar type 2 cell,52,23,1,1,1_3,AT2
F-8934,all,106,28,11899,814,35,68196,0,0,0,0,0,F,20,Sox9+/Id2+ epithelial cell,56,24,6,6,6,AT1
F-8935,all,59,27,12949,1776,34,88874,0,0,0,0,0,F,9,Alveolar type 1 cell,54,27,6,6,6,AT1
F-8939,all,44,13,12102,832,16,38372,0,0,0,0,0,F,30,Alveolar type 2 cell,46,13,1,1,1_3,AT2
F-8940,all,12,11,11936,1080,14,43450,0,0,0,0,0,F,2,Sox9+/Id2+ epithelial cell,31,11,2,2,2_3,Vein
F-8941,all,15,9,12540,908,31,42479,0,0,0,0,0,F,5,Pericyte,31,9,5,5,5_1,Pericyte
F-8944,all,34,26,11749,1275,28,44584,0,0,0,0,0,F,6,Capillary 1 cell,40,28,2,2,2_5,DC
F-8946,all,65,17,11750,567,31,50402,164,0,164,0,1,F,55,AT1/AT2,53,17,1,1,1_3,AT2
F-8947,all,59,19,12708,1802,23,111408,0,0,0,0,0,F,32,Alveolar fibroblast 1,54,19,3,3,3_1,SMC
F-8948,all,41,26,12565,923,23,73631,0,0,0,0,0,F,14,Pericyte,42,26,5,5,5_1,Pericyte
F-8949,all,10,10,12874,311,18,34491,0,0,0,0,0,F,2,Alveolar type 1 cell,33,10,2,2,2_1,Capillary
F-8950,all,57,17,11823,705,24,53653,0,0,0,0,0,F,38,Neutrophil,52,17,1,1,1_1,AT2
F-8951,all,12,9,11152,293,14,33678,0,0,0,0,0,F,4,Sox9+/Id2+ epithelial cell,37,10,2,2,2_1,Capillary
F-8953,all,43,17,12548,324,19,70574,0,0,0,0,0,F,23,Sox9+/Id2+ epithelial cell,44,17,2,2,2_1,Capillary
F-8955,all,19,16,12776,1692,19,44337,0,0,0,0,0,F,2,Endothelial progenitor cell,39,16,8,8,8_1,AlveolarMac
F-8956,all,49,25,12643,536,16,93052,0,0,0,0,0,F,11,Arterial endothelial cell,49,25,2,2,2_4,Artery
F-8957,all,14,10,12805,1642,16,25072,0,0,0,0,0,F,4,B cell,28,10,3,3,3_6,SCMF
F-8962,all,26,12,12331,864,30,34085,0,0,0,0,0,F,10,Alveolar type 1 cell,42,12,6,6,6,AT1
F-8964,all,9,4,11319,383,41,11174,0,0,0,0,0,F,6,Sox9+/Id2+ epithelial cell,34,5,1,1,1_1,AT2
F-8967,all,12,11,11586,1498,38,40164,0,0,0,0,0,F,2,Arterial endothelial cell,33,12,2,2,2_4,Artery
F-8968,all,18,9,12840,249,22,33516,0,0,0,0,0,F,4,Sox9+/Id2+ epithelial cell,39,9,6,6,6,AT1
F-8969,all,38,26,12113,688,23,57823,62,0,62,0,1,F,6,Arterial endothelial cell,41,26,7,7,7_2,PatrolMac
F-8970,all,23,13,11287,357,37,43264,0,0,0,0,0,F,6,Sox9+/Id2+ epithelial cell,43,13,1,1,1_3,AT2
F-8971,all,42,12,11875,964,36,45989,0,0,0,0,0,F,11,Alveolar type 1 cell,46,12,6,6,6,AT1
F-8972,all,69,38,11361,1541,19,125385,0,0,0,0,0,F,13,Vascular smooth muscle cell,59,38,2,2,2_4,Artery
F-8973,all,36,26,12603,785,31,46903,0,0,0,0,0,F,4,Alveolar fibroblast 1,40,27,3,3,3_1,SMC
F-8978,all,24,8,11732,533,39,31495,0,0,0,0,0,F,14,Sox9+/Id2+ epithelial cell,44,8,1,1,1_1,AT2
F-8979,all,87,18,12135,827,20,80032,0,0,0,0,0,F,70,Alveolar type 2 cell,55,17,1,1,1_1,AT2
F-8980,all,60,32,12850,282,28,67152,0,0,0,0,0,F,4,Alveolar type 1 cell,55,32,9,9,9,Bcell
F-8982,all,45,26,11734,203,29,37751,0,0,0,0,0,F,7,Alveolar type 1 cell,46,26,6,6,6,AT1
F-8983,all,60,34,11405,1508,35,83272,0,0,0,0,0,F,20,Alveolar type 2 cell,56,34,2,2,2_1,Capillary
F-8985,all,19,15,11161,1919,21,90085,0,0,0,0,0,F,9,CD8+ T cell,37,15,7,7,7_4,PatrolMac
F-8989,all,27,12,12812,1614,12,43111,0,0,0,0,0,F,6,Arterial endothelial cell,44,12,2,2,2_4,Artery
F-8990,all,18,11,12209,524,33,43091,0,0,0,0,0,F,2,B cell,38,11,9,9,9,Bcell
F-8992,all,90,33,11255,1804,24,81087,0,0,0,0,0,F,16,Alveolar type 1 cell,61,33,6,6,6,AT1
F-8993,all,68,31,11483,352,32,85530,0,0,0,0,0,F,7,B cell,57,31,7,7,7_2,PatrolMac
F-8995,all,26,19,11879,873,30,63367,0,0,0,0,0,F,6,Capillary 2 cell,48,19,2,2,2_1,Capillary
F-8996,all,27,17,11179,85,27,48699,0,0,0,0,0,F,9,Alveolar fibroblast 1,44,17,6,6,6,AT1
F-8997,all,83,29,11884,1055,25,99752,0,0,0,0,0,F,24,Arterial endothelial cell,58,29,2,2,2_4,Artery
F-9003,all,33,16,12570,607,16,70817,0,0,0,0,0,F,9,Arterial endothelial cell,44,17,2,2,2_1,Capillary
F-9007,all,16,9,11910,951,40,27210,0,0,0,0,0,F,2,Alveolar macrophage,38,9,8,8,8_1,AlveolarMac
F-9011,all,22,16,12842,1683,15,84378,0,0,0,0,0,F,5,Alveolar fibroblast 1,42,16,3,3,3_4,AdventitialFib
F-9012,all,9,8,11509,60,26,34252,0,0,0,0,0,F,3,Pericyte,29,8,5,5,5_1,Pericyte
F-9015,all,50,16,11228,60,21,57954,0,0,0,0,0,F,4,Alveolar type 1 cell,49,16,6,6,6,AT1
F-9017,all,56,25,11156,56,33,92397,0,0,0,0,0,F,30,Pericyte,54,25,5,5,5_1,Pericyte
F-9019,all,36,24,11720,231,37,28203,0,0,0,0,0,F,13,Alveolar type 1 cell,39,25,1,1,1_5_1,LymphaticEndo
F-9022,all,16,12,12699,286,11,27178,0,0,0,0,0,F,4,Capillary 1 cell,34,14,2,2,2_5,DC
F-9023,all,41,6,11929,1015,19,37303,0,0,0,0,0,F,36,Alveolar type 2 cell,46,6,1,1,1_3,AT2
F-9024,all,25,15,12705,1749,33,46068,0,0,0,0,0,F,9,Alveolar fibroblast 1,37,16,3,3,3_1,SMC
F-9026,all,61,32,11238,1847,19,71497,51,0,51,0,1,F,20,Sox9+/Id2+ epithelial cell,56,32,6,6,6,AT1
F-9029,all,17,10,11599,1674,35,17504,0,0,0,0,0,F,8,Alveolar type 2 cell,38,11,3,3,3_1,SMC
F-9030,all,7,6,12205,555,34,20123,0,0,0,0,0,F,2,Alveolar fibroblast 1,28,8,1,1,1_4_3,AlveolarFib
F-9032,all,16,10,12174,556,32,39403,0,0,0,0,0,F,2,B cell,34,10,9,9,9,Bcell
F-9035,all,75,25,11580,1632,30,73283,0,0,0,0,0,F,49,Sox9+/Id2+ epithelial cell,55,25,1,1,1_1,AT2
F-9037,all,50,23,11741,1236,33,73090,0,0,0,0,0,F,9,Pericyte,49,23,5,5,5_1,Pericyte
F-9038,all,24,11,12755,491,10,66281,0,0,0,0,0,F,13,Pericyte,40,11,5,5,5_1,Pericyte
F-9039,all,27,15,12737,896,32,101983,0,0,0,0,0,F,3,Alveolar fibroblast 1,41,16,3,3,3_5,SMC
F-9040,all,11,6,12296,857,37,17635,0,0,0,0,0,F,2,Alveolar type 1 cell,37,7,1,1,1_4_1,AlveolarFib
F-9043,all,36,22,11420,1704,32,87120,0,0,0,0,0,F,6,Capillary 1 cell,40,22,2,2,2_1,Capillary
F-9046,all,37,21,12348,576,32,54351,0,0,0,0,0,F,11,Alveolar type 2 cell,42,21,1,1,1_3,AT2
F-9050,all,61,29,11699,1403,28,78786,0,0,0,0,0,F,6,Alveolar type 1 cell,55,29,6,6,6,AT1
F-9052,all,69,35,12027,769,26,141086,0,0,0,0,0,F,28,Vascular smooth muscle cell,56,35,5,5,5_1,Pericyte
F-9053,all,51,28,12297,491,32,91601,0,0,0,0,0,F,23,Pericyte,51,28,5,5,5_1,Pericyte
F-9054,all,52,32,12637,294,31,62718,0,0,0,0,0,F,14,Capillary 1 cell,51,31,2,2,2_1,Capillary
F-9056,all,19,14,11561,1671,22,66355,0,0,0,0,0,F,10,Inflammatory monocyte,40,14,2,2,2_1,Capillary
F-9058,all,24,6,12888,206,14,20802,0,0,0,0,0,F,3,Alveolar type 1 cell,45,6,6,6,6,AT1
F-9067,all,42,26,11534,1621,25,88255,0,0,0,0,0,F,9,Sox9+/Id2+ epithelial cell,45,26,5,5,5_3,Pericyte
F-9069,all,9,6,11005,396,38,7757,0,0,0,0,0,F,3,Alveolar type 1 cell,25,7,6,6,6,AT1
F-9071,all,24,13,12966,178,30,50184,0,0,0,0,0,F,2,Pericyte,41,13,5,5,5_1,Pericyte
F-9078,all,32,17,12921,535,28,66158,0,0,0,0,0,F,14,Neutrophil,41,17,6,6,6,AT1
F-9081,all,30,14,11410,2221,34,66475,0,0,0,0,0,F,10,Sox9+/Id2+ epithelial cell,43,14,2,2,2_6,pDC
F-9083,all,45,26,12173,3029,20,75608,0,0,0,0,0,F,11,Pericyte,45,26,5,5,5_1,Pericyte
F-9084,all,15,12,12371,3768,38,44178,0,0,0,0,0,F,2,Alveolar type 2 cell,37,13,2,2,2_2,InflamMac
F-9085,all,29,16,12033,3678,33,34595,0,0,0,0,0,F,13,Inflammatory monocyte,43,18,2,2,2_5,DC
F-9086,all,31,16,11874,2639,18,75659,0,0,0,0,0,F,8,Alveolar fibroblast 1,42,18,2,2,2_4,Artery
F-9087,all,66,31,11643,3066,16,79654,0,0,0,0,0,F,15,Alveolar type 2 cell,57,31,7,7,7_4,PatrolMac
F-9088,all,65,41,12198,3359,24,96448,0,0,0,0,0,F,5,Alveolar fibroblast 1,60,41,6,6,6,AT1
F-9089,all,6,5,11433,3213,36,22792,0,0,0,0,0,F,3,Neutrophil,23,7,7,7,7_2,PatrolMac
F-9090,all,25,16,12476,3481,37,55142,0,0,0,0,0,F,7,B cell,42,16,9,9,9,Bcell
F-9091,all,17,14,11536,2097,28,75200,0,0,0,0,0,F,4,Endothelial progenitor cell,36,15,2,2,2_1,Capillary
F-9092,all,24,12,12242,2773,38,23988,0,0,0,0,0,F,3,Capillary 1 cell,40,12,7,7,7_3,Tcell (CD8)
F-9093,all,61,23,12298,3351,14,40093,0,0,0,0,0,F,10,Alveolar type 1 cell,54,23,6,6,6,AT1
F-9095,all,32,15,11539,2953,31,74847,0,0,0,0,0,F,7,Pericyte,43,15,5,5,5_3,Pericyte
F-9097,all,45,20,11614,3592,22,75175,0,0,0,0,0,F,8,Alveolar type 1 cell,46,20,6,6,6,AT1
F-9098,all,49,29,12344,3263,27,90052,0,0,0,0,0,F,3,Venous endothelial cell,48,28,2,2,2_1,Capillary
F-9099,all,40,24,12068,2802,35,63248,0,0,0,0,0,F,2,CD4+ T cell,42,24,1,1,1_2_1,Tcell (CD4)
F-9100,all,30,21,12022,3184,24,42142,0,0,0,0,0,F,2,Neutrophil,39,22,2,2,2_2,InflamMac
F-9101,all,60,19,12696,3813,38,59641,0,0,0,0,0,F,26,Alveolar type 2 cell,54,19,1,1,1_1,AT2
F-9102,all,18,16,12494,2632,33,38824,0,0,0,0,0,F,2,Sox9+/Id2+ epithelial cell,38,16,2,2,2_3,Vein
F-9104,all,50,28,11875,2467,26,64129,0,0,0,0,0,F,6,Alveolar macrophage,50,28,8,8,8_1,AlveolarMac
F-9105,all,17,14,11368,3729,16,67873,0,0,0,0,0,F,10,B cell,34,14,9,9,9,Bcell
F-9106,all,10,9,11822,2853,35,35367,0,0,0,0,0,F,2,Alveolar fibroblast 1,30,9,2,2,2_3,Vein
F-9107,all,21,15,12098,2747,22,75067,0,0,0,0,0,F,4,Arterial endothelial cell,40,16,2,2,2_4,Artery
F-9108,all,7,5,12401,3478,18,25753,0,0,0,0,0,F,2,Sox9+/Id2+ epithelial cell,23,8,1,1,1_3,AT2
F-9111,all,36,22,12200,3830,22,87807,0,0,0,0,0,F,6,AT1/AT2,42,22,6,6,6,AT1
F-9112,all,17,10,11542,2765,33,53549,0,0,0,0,0,F,7,Alveolar type 1 cell,36,10,6,6,6,AT1
F-9113,all,15,11,12109,3436,23,26722,0,0,0,0,0,F,3,Pericyte,31,11,5,5,5_1,Pericyte
F-9114,all,29,21,11422,3296,38,56731,0,0,0,0,0,F,3,CD8+ T cell,41,22,2,2,2_2,InflamMac
F-9115,all,79,26,11866,3189,31,138476,0,0,0,0,0,F,50,Sox9+/Id2+ epithelial cell,57,26,1,1,1_1,AT2
F-9116,all,90,43,11658,2129,26,147056,0,0,0,0,0,F,12,Endothelial progenitor cell,61,43,2,2,2_1,Capillary
F-9117,all,23,18,11483,2792,33,30233,0,0,0,0,0,F,7,Sox9+/Id2+ epithelial cell,42,18,7,7,7_3,Tcell (CD8)
F-9118,all,47,23,11800,2542,37,75228,0,0,0,0,0,F,6,Endothelial progenitor cell,47,23,6,6,6,AT1
F-9123,all,30,21,12422,3501,24,46630,0,0,0,0,0,F,2,Innate lymphoid cell,38,22,1,1,1_6_2,Neutrophil
F-9124,all,23,16,12188,3154,33,37870,0,0,0,0,0,F,2,Alveolar fibroblast 1,41,16,1,1,1_5_2,AlveolarFib
F-9128,all,129,44,11407,3770,22,130781,0,0,0,0,0,F,44,Alveolar type 2 cell,44,20,1,1,1_1,AT2
F-9129,all,26,10,11473,3471,23,30917,0,0,0,0,0,F,3,Alveolar type 1 cell,46,10,6,6,6,AT1
F-9130,all,37,23,11915,2821,25,96063,0,0,0,0,0,F,7,Inflammatory monocyte,42,22,2,2,2_1,Capillary
F-9132,all,35,18,11667,3734,24,89683,0,0,0,0,0,F,3,Sox9+/Id2+ epithelial cell,43,18,2,2,2_6,pDC
F-9134,all,19,13,11587,2913,29,75266,0,0,0,0,0,F,2,Venous endothelial cell,40,13,2,2,2_3,Vein
F-9136,all,8,5,11684,2080,39,23797,0,0,0,0,0,F,4,Capillary 1 cell,26,6,5,5,5_1,Pericyte
F-9140,all,10,8,12701,2609,41,22318,0,0,0,0,0,F,4,Pericyte,28,8,5,5,5_3,Pericyte
F-9143,all,48,29,11987,2393,17,74147,0,0,0,0,0,F,20,Vascular smooth muscle cell,48,29,5,5,5_1,Pericyte
F-9145,all,83,17,11360,3579,19,68965,0,0,0,0,0,F,64,Alveolar type 2 cell,54,17,1,1,1_3,AT2
F-9146,all,18,11,12068,2435,32,36911,0,0,0,0,0,F,11,B cell,38,12,3,3,3_1,SMC
F-9147,all,36,20,12583,3770,32,61907,0,0,0,0,0,F,2,Alveolar fibroblast 1,44,19,2,2,2_1,Capillary
F-9149,all,34,21,11890,2507,22,49411,0,0,0,0,0,F,10,Alveolar macrophage,43,21,8,8,8_1,AlveolarMac
F-9150,all,78,26,12245,2726,30,95279,0,0,0,0,0,F,49,Alveolar type 2 cell,54,26,1,1,1_1,AT2
F-9157,all,34,19,11673,3033,17,62958,0,0,0,0,0,F,11,Alveolar macrophage,42,19,8,8,8_2,InterstitialMac
F-9158,all,87,15,11362,2233,36,89882,0,0,0,0,0,F,79,Alveolar type 2 cell,54,14,1,1,1_3,AT2
F-9160,all,15,9,11922,2590,33,23984,0,0,0,0,0,F,4,Alveolar fibroblast 1,36,11,1,1,1_5_1,LymphaticEndo
F-9161,all,84,23,11689,2378,32,82504,0,0,0,0,0,F,13,Alveolar type 1 cell,57,23,6,6,6,AT1
F-9162,all,22,16,12470,3292,28,29501,0,0,0,0,0,F,7,Alveolar fibroblast 1,38,17,3,3,3_1,SMC
F-9165,all,13,12,12100,2616,31,58212,0,0,0,0,0,F,2,Capillary 1 cell,31,12,2,2,2_1,Capillary
F-9168,all,19,12,11505,3496,19,34311,0,0,0,0,0,F,2,Alveolar type 1 cell,42,13,3,3,3_1,SMC
F-9170,all,20,12,11861,2895,38,39429,0,0,0,0,0,F,2,Alveolar fibroblast 1,40,12,1,1,1_5_2,AlveolarFib
F-9172,all,43,23,11912,2635,25,111983,0,0,0,0,0,F,16,B cell,44,23,9,9,9,Bcell
F-9173,all,105,42,11941,3255,30,93590,0,0,0,0,0,F,8,Sox9+/Id2+ epithelial cell,54,30,2,2,2_6,pDC
F-9174,all,23,17,12029,2419,34,79300,0,0,0,0,0,F,3,B cell,41,17,9,9,9,Bcell
F-9175,all,85,25,11613,3448,14,86250,0,0,0,0,0,F,62,Alveolar type 2 cell,54,25,1,1,1_3,AT2
F-9177,all,103,50,11500,3695,31,140875,0,0,0,0,0,F,16,Alveolar macrophage,57,39,8,8,8_1,AlveolarMac
F-9178,all,41,31,12013,3613,17,64499,0,0,0,0,0,F,8,Alveolar fibroblast 1,42,32,2,2,2_4,Artery
F-9180,all,55,31,12002,3725,35,58171,0,0,0,0,0,F,21,Sox9+/Id2+ epithelial cell,53,31,1,1,1_3,AT2
F-9182,all,31,25,12107,2785,29,65531,0,0,0,0,0,F,6,Alveolar fibroblast 1,37,25,5,5,5_3,Pericyte
F-9183,all,76,39,12549,3104,31,64739,0,0,0,0,0,F,21,Interstitial macrophage,58,39,8,8,8_3,InterstitialMac
F-9184,all,26,20,12086,3201,27,47993,0,0,0,0,0,F,4,Capillary 1 cell,45,20,2,2,2_3,Vein
F-9185,all,62,19,12017,3810,32,74467,0,0,0,0,0,F,44,Alveolar type 2 cell,52,19,1,1,1_1,AT2
F-9186,all,60,28,11970,2743,21,94924,0,0,0,0,0,F,9,Alveolar fibroblast 1,55,29,1,1,1_5_1,LymphaticEndo
F-9189,all,98,41,12255,3328,25,107730,0,0,0,0,0,F,22,Venous endothelial cell,58,39,6,6,6,AT1
F-9191,all,36,22,11954,3369,20,75890,0,0,0,0,0,F,2,Alveolar fibroblast 1,44,23,1,1,1_4_1,AlveolarFib
F-9192,all,17,12,11318,2312,37,45242,0,0,0,0,0,F,2,Alveolar fibroblast 1,38,13,1,1,1_4_1,AlveolarFib
F-9193,all,69,25,11557,2994,20,70468,0,0,0,0,0,F,17,Alveolar type 1 cell,55,25,6,6,6,AT1
F-9194,all,21,11,11673,2990,24,42339,0,0,0,0,0,F,6,Alveolar type 2 cell,40,12,3,3,3_5,SMC
F-9195,all,94,22,11246,3727,34,76429,0,0,0,0,0,F,73,Alveolar type 2 cell,57,22,1,1,1_1,AT2
F-9196,all,153,24,12065,2645,31,105900,50,50,0,1,0,F,122,Alveolar type 2 cell,48,10,1,1,1_3,AT2
F-9199,all,79,38,12524,3703,29,144808,0,0,0,0,0,F,6,Vascular smooth muscle cell,59,38,2,2,2_3,Vein
F-9200,all,7,7,12030,2739,15,20007,0,0,0,0,0,F,2,Sox9+/Id2+ epithelial cell,28,7,2,2,2_1,Capillary
F-9201,all,17,7,12364,2711,22,60057,0,0,0,0,0,F,12,Pericyte,35,7,5,5,5_1,Pericyte
F-9202,all,101,27,11942,3760,34,69537,0,0,0,0,0,F,13,Alveolar type 1 cell,56,24,6,6,6,AT1
F-9203,all,31,25,12029,3148,13,66994,67,0,67,0,1,F,5,Pericyte,38,25,5,5,5_1,Pericyte
F-9205,all,32,21,11446,2091,33,93583,0,0,0,0,0,F,4,Venous endothelial cell,40,21,2,2,2_3,Vein
F-9206,all,26,21,11546,3138,14,42066,0,0,0,0,0,F,4,Inflammatory monocyte,45,21,2,2,2_1,Capillary
F-9207,all,37,13,11331,3601,22,30874,0,0,0,0,0,F,28,B cell,44,14,3,3,3_5,SMC
F-9211,all,12,4,11561,3074,27,21314,0,0,0,0,0,F,2,Alveolar macrophage,30,4,1,1,1_2_3,Tcell (CD4)
F-9217,all,27,9,12254,3285,40,25003,0,0,0,0,0,F,22,Sox9+/Id2+ epithelial cell,45,9,1,1,1_3,AT2
F-9218,all,39,10,11619,3024,19,52536,0,0,0,0,0,F,32,Alveolar type 2 cell,44,10,1,1,1_3,AT2
F-9220,all,27,5,12350,3036,42,10231,0,0,0,0,0,F,24,Alveolar type 2 cell,47,5,1,1,1_1,AT2
F-9222,all,26,17,11582,3037,17,37842,0,0,0,0,0,F,3,Sox9+/Id2+ epithelial cell,47,17,1,1,1_3,AT2
F-9224,all,43,25,12018,2699,18,56644,0,0,0,0,0,F,16,Pericyte,42,25,5,5,5_1,Pericyte
F-9225,all,71,37,12153,3397,26,110759,0,0,0,0,0,F,15,Pericyte,55,37,3,3,3_6,SCMF
F-9226,all,31,16,12063,2726,10,32670,115,0,115,0,1,F,9,Secondary crest myofibroblast,40,17,3,3,3_1,SMC
F-9227,all,7,6,12461,3651,19,20907,0,0,0,0,0,F,2,Alveolar fibroblast 1,30,7,1,1,1_4_1,AlveolarFib
F-9228,all,39,21,12110,3178,24,70528,0,0,0,0,0,F,5,Venous endothelial cell,43,21,2,2,2_3,Vein
F-9230,all,22,13,12089,3553,20,31035,0,0,0,0,0,F,7,B cell,39,13,9,9,9,Bcell
F-9233,all,9,7,12485,3673,19,19799,0,0,0,0,0,F,2,Alveolar fibroblast 1,29,7,2,2,2_3,Vein
F-9234,all,27,15,11497,2188,36,47437,0,0,0,0,0,F,2,Endothelial progenitor cell,44,15,2,2,2_1,Capillary
F-9236,all,32,13,12263,3091,24,32154,0,0,0,0,0,F,12,Alveolar type 1 cell,43,13,6,6,6,AT1
F-9238,all,29,24,11131,2246,23,84351,0,0,0,0,0,F,5,Alveolar fibroblast 1,36,24,1,1,1_5_1,LymphaticEndo
F-9240,all,42,22,11871,3759,19,122799,0,0,0,0,0,F,8,Alveolar fibroblast 1,47,23,1,1,1_5_1,LymphaticEndo
F-9241,all,12,10,12518,2492,26,48990,0,0,0,0,0,F,2,Alveolar fibroblast 1,33,10,3,3,3_4,AdventitialFib
F-9242,all,123,23,11531,3416,28,104917,0,0,0,0,0,F,103,AT1/AT2,47,9,1,1,1_3,AT2
F-9244,all,14,13,11507,3296,32,44905,0,0,0,0,0,F,3,Sox9+/Id2+ epithelial cell,31,13,2,2,2_3,Vein
F-9247,all,29,12,11509,3225,36,44992,0,0,0,0,0,F,11,Alveolar type 2 cell,41,12,1,1,1_1,AT2
F-9248,all,26,10,12112,3578,23,39540,0,0,0,0,0,F,14,Alveolar type 2 cell,45,10,1,1,1_1,AT2
F-9250,all,18,12,11296,3805,39,49947,0,0,0,0,0,F,7,Pericyte,37,12,5,5,5_1,Pericyte
F-9252,all,9,5,12730,2640,26,14958,0,0,0,0,0,F,4,Alveolar macrophage,26,6,8,8,8_1,AlveolarMac
F-9254,all,49,24,11527,2154,36,103564,0,0,0,0,0,F,30,Pericyte,49,24,5,5,5_3,Pericyte
F-9255,all,17,10,12432,3287,27,26305,0,0,0,0,0,F,3,Alveolar fibroblast 1,33,10,3,3,3_3,AdventitialFib
F-9264,all,27,6,12451,2478,27,30452,0,0,0,0,0,F,23,Alveolar type 2 cell,45,6,1,1,1_1,AT2
F-9265,all,54,12,11458,2807,29,36071,0,0,0,0,0,F,45,Alveolar type 2 cell,50,12,1,1,1_1,AT2
F-9266,all,19,15,12613,3046,30,21424,0,0,0,0,0,F,3,B cell,35,15,8,8,8_2,InterstitialMac
F-9274,all,34,15,12228,3103,25,46926,0,0,0,0,0,F,11,Alveolar type 2 cell,45,15,5,5,5_3,Pericyte
F-9276,all,7,6,12504,3641,18,17048,0,0,0,0,0,F,2,Alveolar fibroblast 1,23,9,1,1,1_5_4,pDC
F-9277,all,23,17,12588,3063,33,20173,0,0,0,0,0,F,3,Interstitial macrophage,40,17,8,8,8_3,InterstitialMac
F-9278,all,35,26,12288,2777,23,78088,0,0,0,0,0,F,5,Natural killer cell,41,26,7,7,7_2,PatrolMac
F-9279,all,53,29,12321,2764,23,99893,53,0,53,0,1,F,11,Alveolar type 1 cell,52,29,2,2,2_3,Vein
F-9289,all,26,12,11379,3604,15,45504,0,0,0,0,0,F,16,Natural killer cell,43,13,2,2,2_2,InflamMac
F-9290,all,7,5,11388,2110,38,29213,0,0,0,0,0,F,2,Natural killer cell,26,7,2,2,2_2,InflamMac
F-9291,all,50,8,12230,3135,35,54442,0,0,0,0,0,F,44,Alveolar type 2 cell,49,8,1,1,1_3,AT2
F-9293,all,30,12,11923,2545,40,20998,0,0,0,0,0,F,2,Alveolar type 1 cell,43,12,6,6,6,AT1
F-9297,all,50,17,11452,3634,14,69609,0,0,0,0,0,F,2,Natural killer cell,49,17,7,7,7_3,Tcell (CD8)
F-9298,all,9,8,11877,2554,25,30948,0,0,0,0,0,F,2,Alveolar type 1 cell,30,8,6,6,6,AT1
F-9301,all,6,3,12502,2826,23,26066,0,0,0,0,0,F,4,Lymphatic endothelial cell,18,7,1,1,1_5_2,AlveolarFib
F-9303,all,35,17,11404,3622,26,63587,0,0,0,0,0,F,26,Alveolar type 1 cell,43,17,6,6,6,AT1
F-9305,all,78,27,11600,3706,27,129588,0,0,0,0,0,F,40,Alveolar type 2 cell,54,28,2,2,2_4,Artery
F-9309,all,38,25,11841,3319,27,68260,0,0,0,0,0,F,7,Sox9+/Id2+ epithelial cell,41,25,5,5,5_1,Pericyte
F-9312,all,66,21,11364,3645,24,78578,0,0,0,0,0,F,13,Alveolar type 1 cell,53,21,6,6,6,AT1
F-9316,all,21,12,12565,2541,39,51452,0,0,0,0,0,F,6,Alveolar fibroblast 1,38,12,9,9,9,Bcell
F-9318,all,6,5,12281,2809,24,11688,0,0,0,0,0,F,3,Alveolar type 2 cell,19,7,1,1,1_1,AT2
F-9324,all,10,8,12482,2836,20,24777,0,0,0,0,0,F,2,Endothelial progenitor cell,24,8,3,3,3_4,AdventitialFib
F-9325,all,68,17,12644,2505,29,36665,0,0,0,0,0,F,2,Endothelial progenitor cell,53,17,7,7,7_3,Tcell (CD8)
F-9326,all,37,14,11484,2843,33,54675,0,0,0,0,0,F,21,Alveolar type 2 cell,44,16,2,2,2_5,DC
F-9327,all,13,7,11600,2165,40,28795,0,0,0,0,0,F,9,Inflammatory monocyte,36,8,2,2,2_1,Capillary
F-9330,all,36,12,12327,2831,16,35969,51,0,51,0,1,F,21,Alveolar type 2 cell,44,12,1,1,1_1,AT2
F-9332,all,126,17,12331,2655,23,114756,0,0,0,0,0,F,111,Alveolar type 2 cell,50,10,1,1,1_3,AT2
F-9334,all,25,9,11471,3194,38,30512,0,0,0,0,0,F,16,Alveolar fibroblast 1,47,10,2,2,2_4,Artery
F-9336,all,11,10,12137,3132,31,47373,0,0,0,0,0,F,3,Capillary 1 cell,34,10,2,2,2_3,Vein
F-9337,all,11,9,12445,3709,16,16713,0,0,0,0,0,F,2,B cell,27,9,9,9,9,Bcell
F-9340,all,11,6,11948,2636,16,20445,0,0,0,0,0,F,6,Sox9+/Id2+ epithelial cell,35,6,1,1,1_1,AT2
F-9341,all,21,17,12522,2658,35,59247,0,0,0,0,0,F,7,CD8+ T cell,41,16,1,1,1_5_1,LymphaticEndo
F-9344,all,95,37,12149,2398,20,132242,0,0,0,0,0,F,36,Neutrophil,61,35,2,2,2_1,Capillary
F-9345,all,49,26,11119,2120,25,87987,0,0,0,0,0,F,3,Capillary 2 cell,49,26,8,8,8_2,InterstitialMac
F-9346,all,17,6,12483,2517,25,26135,0,0,0,0,0,F,12,Alveolar type 2 cell,40,6,1,1,1_1,AT2
F-9349,all,15,3,12129,3543,18,16918,0,0,0,0,0,F,14,Capillary 2 cell,37,3,1,1,1_1,AT2
F-9350,all,14,10,12369,2737,29,17598,0,0,0,0,0,F,4,Pericyte,31,10,5,5,5_3,Pericyte
F-9353,all,31,18,11473,3237,37,34501,0,0,0,0,0,F,12,Alveolar type 2 cell,42,19,2,2,2_4,Artery
F-9355,all,7,4,12013,2582,42,20866,0,0,0,0,0,F,5,Inflammatory monocyte,28,6,6,6,6,AT1
F-9358,all,25,18,12208,2944,23,33471,0,0,0,0,0,F,4,Alveolar type 2 cell,40,19,3,3,3_2,SMC
F-9359,all,7,5,11857,2990,14,23176,0,0,0,0,0,F,5,Arterial endothelial cell,20,7,7,7,7_4,PatrolMac
F-9360,all,17,12,12464,3682,19,35423,0,0,0,0,0,F,10,B cell,33,12,9,9,9,Bcell
F-9362,all,19,12,11139,2284,24,69296,0,0,0,0,0,F,5,Alveolar fibroblast 1,39,13,3,3,3_1,SMC
F-9366,all,39,21,12028,3445,28,49234,0,0,0,0,0,F,4,Sox9+/Id2+ epithelial cell,43,21,6,6,6,AT1
F-9367,all,36,26,12039,3625,19,57449,0,0,0,0,0,F,3,Neutrophil,40,26,1,1,1_5_1,LymphaticEndo
F-9368,all,37,22,12376,3458,15,59746,100,0,100,0,1,F,5,Arterial endothelial cell,41,23,2,2,2_4,Artery
F-9369,all,23,9,12318,2806,20,17956,0,0,0,0,0,F,18,Alveolar type 2 cell,43,9,1,1,1_3,AT2
F-9370,all,32,11,11641,3005,19,59042,0,0,0,0,0,F,24,Alveolar type 2 cell,44,11,1,1,1_3,AT2
F-9373,all,11,9,11411,2078,38,15868,0,0,0,0,0,F,2,Capillary 1 cell,32,9,2,2,2_1,Capillary
F-9380,all,13,10,12504,3277,27,10393,0,0,0,0,0,F,2,Mesothelial cell,32,10,3,3,3_3,AdventitialFib
F-9382,all,14,6,11825,3802,8,11936,0,0,0,0,0,F,9,Sox9+/Id2+ epithelial cell,38,6,1,1,1_1,AT2
F-9384,all,14,7,12476,2494,34,16722,0,0,0,0,0,F,9,Alveolar type 2 cell,37,7,1,1,1_3,AT2
F-9387,all,71,15,12442,2513,26,46464,0,0,0,0,0,F,50,Alveolar type 2 cell,50,15,1,1,1_3,AT2
F-9390,all,104,49,12372,5096,9,63326,0,0,0,0,0,F,16,Capillary 2 cell,56,36,2,2,2_2,InflamMac
F-9391,all,74,18,11375,4983,32,59128,0,0,0,0,0,F,8,Alveolar type 1 cell,52,18,6,6,6,AT1
F-9393,all,24,20,12676,4660,17,40133,0,0,0,0,0,F,4,CD8+ T cell,43,20,7,7,7_2,PatrolMac
F-9394,all,75,35,12088,4621,21,95117,0,0,0,0,0,F,13,Capillary 1 cell,57,35,2,2,2_1,Capillary
F-9397,all,20,16,11309,4074,36,46774,0,0,0,0,0,F,3,Sox9+/Id2+ epithelial cell,41,16,8,8,8_1,AlveolarMac
F-9398,all,79,17,11374,5139,34,58448,0,0,0,0,0,F,58,Alveolar type 2 cell,54,17,1,1,1_1,AT2
F-9399,all,60,20,11956,4703,17,58605,0,0,0,0,0,F,12,Mesothelial cell,52,20,6,6,6,AT1
F-9401,all,8,5,11127,4238,41,21817,0,0,0,0,0,F,5,Sox9+/Id2+ epithelial cell,33,6,3,3,3_5,SMC
F-9403,all,36,17,12502,4901,15,70181,0,0,0,0,0,F,2,Sox9+/Id2+ epithelial cell,44,18,1,1,1_6_2,Neutrophil
F-9404,all,165,33,12418,5031,12,77187,0,0,0,0,0,F,129,Alveolar type 2 cell,45,10,1,1,1_1,AT2
F-9406,all,85,47,12299,5125,12,71771,0,0,0,0,0,F,14,Sox9+/Id2+ epithelial cell,60,47,2,2,2_3,Vein
F-9407,all,11,8,11889,4258,35,40945,0,0,0,0,0,F,2,CD4+ T cell,27,8,7,7,7_2,PatrolMac
F-9411,all,22,14,12160,4600,12,47775,0,0,0,0,0,F,2,Capillary 1 cell,41,14,2,2,2_1,Capillary
F-9413,all,38,13,11741,4678,36,32472,0,0,0,0,0,F,31,Alveolar type 2 cell,45,13,1,1,1_1,AT2
F-9414,all,56,34,12544,4917,11,67488,0,0,0,0,0,F,15,Pericyte,54,34,5,5,5_1,Pericyte
F-9417,all,42,25,11969,4077,22,82711,0,0,0,0,0,F,5,Alveolar fibroblast 1,44,25,2,2,2_3,Vein
F-9419,all,56,26,11416,5104,33,65589,0,0,0,0,0,F,13,CD8+ T cell,52,26,2,2,2_1,Capillary
F-9420,all,109,28,11625,5215,11,87748,0,0,0,0,0,F,82,Alveolar type 2 cell,48,15,1,1,1_3,AT2
F-9421,all,17,9,12756,5625,31,66517,0,0,0,0,0,F,3,Proliferative mesenchymal progenitor cell,39,10,3,3,3_1,SMC
F-9422,all,51,10,11957,4138,35,60165,0,0,0,0,0,F,46,Alveolar type 2 cell,49,10,1,1,1_3,AT2
F-9423,all,24,18,11416,4844,24,29215,0,0,0,0,0,F,2,Arterial endothelial cell,46,19,2,2,2_4,Artery
F-9424,all,42,27,12645,4007,21,80007,0,0,0,0,0,F,4,Sox9+/Id2+ epithelial cell,43,26,2,2,2_1,Capillary
F-9425,all,43,24,12401,4588,14,71960,0,0,0,0,0,F,3,Inflammatory monocyte,46,25,2,2,2_2,InflamMac
F-9427,all,56,29,12669,4696,12,47399,0,0,0,0,0,F,7,Sox9+/Id2+ epithelial cell,53,29,2,2,2_3,Vein
F-9428,all,26,17,11707,5000,30,62620,0,0,0,0,0,F,6,Pericyte,43,17,5,5,5_1,Pericyte
F-9430,all,58,24,12697,3844,37,62211,0,0,0,0,0,F,27,Alveolar type 2 cell,54,24,1,1,1_1,AT2
F-9431,all,49,17,12853,5656,12,36101,0,0,0,0,0,F,4,Mesothelial cell,49,17,3,3,3_3,AdventitialFib
F-9432,all,29,20,12201,3862,22,84842,0,0,0,0,0,F,6,Inflammatory monocyte,38,20,2,2,2_6,pDC
F-9433,all,56,27,11665,5025,21,88534,0,0,0,0,0,F,5,Alveolar macrophage,52,28,2,2,2_1,Capillary
F-9434,all,28,18,12967,4190,35,44627,0,0,0,0,0,F,5,Natural killer cell,40,18,7,7,7_3,Tcell (CD8)
F-9435,all,58,18,12041,4771,35,39242,0,0,0,0,0,F,39,Alveolar type 2 cell,53,18,1,1,1_1,AT2
F-9436,all,103,44,12018,5320,14,87112,0,0,0,0,0,F,23,Alveolar type 2 cell,59,37,2,2,2_1,Capillary
F-9438,all,47,26,12518,4852,28,76741,0,0,0,0,0,F,14,AT1/AT2,47,26,6,6,6,AT1
F-9443,all,26,16,11942,5660,29,78468,0,0,0,0,0,F,15,T regulatory cell,44,16,7,7,7_3,Tcell (CD8)
F-9444,all,92,33,11344,4803,23,76342,0,0,0,0,0,F,50,Pericyte,60,33,5,5,5_1,Pericyte
F-9445,all,41,24,11693,4424,16,82389,0,0,0,0,0,F,9,Pericyte,42,24,5,5,5_3,Pericyte
F-9446,all,9,8,12108,5078,10,36703,0,0,0,0,0,F,3,B cell,23,9,9,9,9,Bcell
F-9447,all,18,9,12930,4330,20,43850,0,0,0,0,0,F,5,B cell,35,9,9,9,9,Bcell
F-9450,all,60,33,11396,5424,31,57486,0,0,0,0,0,F,5,Capillary 1 cell,54,33,2,2,2_1,Capillary
F-9452,all,18,6,12721,3943,11,22637,0,0,0,0,0,F,14,Alveolar type 2 cell,42,6,1,1,1_3,AT2
F-9453,all,15,7,12380,4174,9,12666,0,0,0,0,0,F,12,Alveolar type 2 cell,35,7,1,1,1_1,AT2
F-9454,all,30,19,12753,3933,30,64729,0,0,0,0,0,F,10,Pericyte,41,19,5,5,5_1,Pericyte
F-9455,all,128,48,12126,5228,16,102569,0,0,0,0,0,F,51,Alveolar type 2 cell,44,22,1,1,1_3,AT2
F-9456,all,28,19,11301,4890,21,29387,0,0,0,0,0,F,3,Alveolar fibroblast 1,37,20,1,1,1_4_1,AlveolarFib
F-9457,all,28,16,11765,4207,11,43042,0,0,0,0,0,F,9,Alveolar fibroblast 1,41,16,1,1,1_5_1,LymphaticEndo
F-9458,all,56,29,11736,5077,11,46108,0,0,0,0,0,F,22,Alveolar macrophage,52,29,8,8,8_1,AlveolarMac
F-9460,all,153,52,11918,5549,23,138940,0,0,0,0,0,F,32,B cell,47,30,2,2,2_4,Artery
F-9464,all,9,9,11734,4337,29,29688,0,0,0,0,0,F,2,Inflammatory monocyte,31,10,2,2,2_2,InflamMac
F-9465,all,65,30,12789,4519,14,65730,0,0,0,0,0,F,2,Capillary 1 cell,56,30,2,2,2_3,Vein
F-9466,all,42,22,11928,4943,30,60272,0,0,0,0,0,F,3,Mast cell,44,22,7,7,7_2,PatrolMac
F-9467,all,20,13,12335,4416,27,55275,0,0,0,0,0,F,4,B cell,38,13,9,9,9,Bcell
F-9468,all,155,32,12065,5048,17,106544,0,0,0,0,0,F,107,Alveolar type 2 cell,48,15,1,1,1_3,AT2
F-9469,all,24,18,12018,5122,30,45042,0,0,0,0,0,F,4,Alveolar fibroblast 1,46,19,2,2,2_4,Artery
F-9470,all,25,8,11470,5546,13,16357,0,0,0,0,0,F,18,Sox9+/Id2+ epithelial cell,46,8,1,1,1_1,AT2
F-9473,all,21,12,11455,5516,11,29199,0,0,0,0,0,F,11,Alveolar type 2 cell,42,12,1,1,1_3,AT2
F-9474,all,62,42,11340,5398,29,77393,0,0,0,0,0,F,8,Alveolar fibroblast 2,57,42,3,3,3_3,AdventitialFib
F-9477,all,45,17,12478,4946,18,35815,0,0,0,0,0,F,5,Alveolar type 1 cell,46,17,6,6,6,AT1
F-9478,all,21,15,12548,4062,15,25888,0,0,0,0,0,F,3,Sox9+/Id2+ epithelial cell,43,16,1,1,1_4_1,AlveolarFib
F-9480,all,155,45,12257,5159,8,71828,0,0,0,0,0,F,17,Alveolar type 1 cell,47,21,6,6,6,AT1
F-9484,all,44,33,11891,4934,22,96871,63,63,0,1,0,F,7,Inflammatory monocyte,44,33,7,7,7_2,PatrolMac
F-9486,all,35,20,12122,4964,29,50352,0,0,0,0,0,F,2,B cell,43,20,9,9,9,Bcell
F-9489,all,33,20,12817,5635,11,57353,0,0,0,0,0,F,3,Interstitial macrophage,39,20,8,8,8_3,InterstitialMac
F-9490,all,83,40,11422,5207,34,84726,0,0,0,0,0,F,4,Alveolar fibroblast 1,58,41,2,2,2_4,Artery
F-9492,all,15,6,11953,3963,25,39138,0,0,0,0,0,F,12,Alveolar type 2 cell,38,6,1,1,1_3,AT2
F-9493,all,37,25,11626,5325,22,58561,0,0,0,0,0,F,4,Alveolar fibroblast 1,41,26,3,3,3_1,SMC
F-9494,all,38,23,12002,5169,31,57379,0,0,0,0,0,F,3,Neutrophil,42,24,2,2,2_2,InflamMac
F-9495,all,23,16,12760,4013,20,67006,0,0,0,0,0,F,4,Proliferative mesenchymal progenitor cell,44,17,2,2,2_1,Capillary
F-9497,all,62,21,11534,5331,23,68940,0,0,0,0,0,F,39,Alveolar type 2 cell,52,21,1,1,1_3,AT2
F-9498,all,59,33,11330,5223,24,42809,0,0,0,0,0,F,3,Mesothelial cell,55,33,3,3,3_3,AdventitialFib
F-9499,all,35,25,12879,5674,11,48803,0,0,0,0,0,F,5,Alveolar fibroblast 2,38,25,3,3,3_3,AdventitialFib
F-9500,all,29,21,11235,4024,15,76785,0,0,0,0,0,F,8,Pericyte,38,21,5,5,5_1,Pericyte
F-9501,all,58,34,12177,4457,32,77870,0,0,0,0,0,F,8,Capillary 1 cell,56,34,2,2,2_1,Capillary
F-9502,all,59,25,12131,4591,16,75584,50,50,0,1,0,F,30,Alveolar fibroblast 1,54,26,3,3,3_5,SMC
F-9503,all,60,34,11929,4069,24,121571,0,0,0,0,0,F,13,Capillary 1 cell,57,34,2,2,2_6,pDC
F-9504,all,61,28,12060,4930,19,49956,0,0,0,0,0,F,8,Arterial endothelial cell,53,28,6,6,6,AT1
F-9505,all,104,40,11579,5405,22,93078,0,0,0,0,0,F,16,Natural killer cell,58,34,2,2,2_6,pDC
F-9506,all,62,30,12938,4386,26,89918,0,0,0,0,0,F,34,Alveolar type 2 cell,54,30,1,1,1_3,AT2
F-9508,all,69,15,11418,5305,28,66298,0,0,0,0,0,F,53,Alveolar type 2 cell,50,15,1,1,1_1,AT2
F-9514,all,11,7,11797,4628,38,11908,0,0,0,0,0,F,8,Capillary 1 cell,34,8,2,2,2_1,Capillary
F-9515,all,26,9,13019,4201,33,64469,0,0,0,0,0,F,21,Alveolar type 2 cell,45,9,1,1,1_3,AT2
F-9516,all,8,7,11929,4192,33,48327,0,0,0,0,0,F,2,Sox9+/Id2+ epithelial cell,30,8,2,2,2_3,Vein
F-9517,all,39,12,11285,4814,32,44561,0,0,0,0,0,F,30,Alveolar type 2 cell,45,12,1,1,1_3,AT2
F-9521,all,115,48,11993,5377,29,104721,0,0,0,0,0,F,37,Alveolar type 2 cell,43,23,1,1,1_3,AT2
F-9522,all,26,19,11916,4306,22,54875,0,0,0,0,0,F,3,CD8+ T cell,48,19,7,7,7_4,PatrolMac
F-9530,all,92,25,12075,5160,18,56660,0,0,0,0,0,F,70,Alveolar type 2 cell,57,25,1,1,1_1,AT2
F-9531,all,65,38,11932,5599,24,110108,0,0,0,0,0,F,22,B cell,58,38,7,7,7_2,PatrolMac
F-9532,all,48,27,12243,4999,11,51930,0,0,0,0,0,F,8,CD8+ T cell,48,27,7,7,7_2,PatrolMac
F-9533,all,20,16,12395,4528,16,48713,0,0,0,0,0,F,3,Sox9+/Id2+ epithelial cell,43,17,3,3,3_2,SMC
F-9535,all,36,21,12366,4437,29,64447,0,0,0,0,0,F,3,B cell,41,21,9,9,9,Bcell
F-9537,all,53,35,11508,4876,22,100671,0,0,0,0,0,F,9,Secondary crest myofibroblast,53,35,2,2,2_1,Capillary
F-9539,all,38,22,12361,4069,29,71057,0,0,0,0,0,F,5,Capillary 1 cell,41,22,2,2,2_3,Vein
F-9541,all,126,38,11495,4984,13,79580,0,0,0,0,0,F,75,Alveolar type 2 cell,43,14,1,1,1_3,AT2
F-9545,all,65,21,11793,4220,16,51172,0,0,0,0,0,F,47,Alveolar type 2 cell,54,21,1,1,1_3,AT2
F-9546,all,31,16,12362,3987,18,62313,0,0,0,0,0,F,12,Sox9+/Id2+ epithelial cell,41,16,2,2,2_3,Vein
F-9547,all,18,13,12207,4983,10,32434,0,0,0,0,0,F,4,Capillary 2 cell,36,13,2,2,2_1,Capillary
F-9548,all,43,26,12416,4629,15,78910,0,0,0,0,0,F,6,Alveolar fibroblast 1,47,27,3,3,3_5,SMC
F-9550,all,77,46,11339,5282,31,64246,0,0,0,0,0,F,7,CD8+ T cell,59,46,3,3,3_3,AdventitialFib
F-9551,all,27,20,11892,4771,13,47614,0,0,0,0,0,F,3,Alveolar fibroblast 1,38,21,3,3,3_5,SMC
F-9553,all,45,25,11377,4919,30,47326,0,0,0,0,0,F,17,Pericyte,45,25,5,5,5_3,Pericyte
F-9557,all,44,34,11320,4965,15,53922,0,0,0,0,0,F,5,Interstitial macrophage,44,34,8,8,8_3,InterstitialMac
F-9558,all,40,18,12570,4757,9,29869,0,0,0,0,0,F,5,AT1/AT2,43,18,6,6,6,AT1
F-9560,all,82,43,11354,4955,19,49615,0,0,0,0,0,F,14,Alveolar macrophage,57,43,8,8,8_1,AlveolarMac
F-9561,all,9,7,12393,4086,28,32231,0,0,0,0,0,F,2,Capillary 1 cell,29,8,2,2,2_3,Vein
F-9563,all,19,8,12713,3978,14,25787,0,0,0,0,0,F,12,Alveolar type 2 cell,41,8,1,1,1_3,AT2
F-9564,all,40,23,11794,4446,17,45702,0,0,0,0,0,F,9,Pericyte,42,23,5,5,5_1,Pericyte
F-9565,all,46,31,12815,4583,8,43010,0,0,0,0,0,F,4,Alveolar fibroblast 1,48,32,3,3,3_1,SMC
F-9567,all,36,19,11641,4830,14,28048,0,0,0,0,0,F,11,Alveolar type 1 cell,41,20,3,3,3_1,SMC
F-9569,all,13,9,11784,3869,17,44598,0,0,0,0,0,F,4,Sox9+/Id2+ epithelial cell,37,9,2,2,2_3,Vein
F-9570,all,47,16,12016,3842,32,76000,0,0,0,0,0,F,32,Alveolar type 2 cell,47,16,1,1,1_3,AT2
F-9572,all,57,28,12377,3927,14,129433,0,0,0,0,0,F,14,Pericyte,55,28,5,5,5_1,Pericyte
F-9574,all,53,23,11671,4882,12,31409,0,0,0,0,0,F,5,Alveolar type 1 cell,51,23,6,6,6,AT1
F-9576,all,54,32,11294,5212,36,27807,0,0,0,0,0,F,7,Interstitial macrophage,53,32,8,8,8_3,InterstitialMac
F-9579,all,31,21,12280,4317,30,72759,0,0,0,0,0,F,6,CD8+ T cell,39,21,7,7,7_4,PatrolMac
F-9582,all,36,20,11781,4661,35,38941,0,0,0,0,0,F,18,Alveolar type 2 cell,41,20,1,1,1_3,AT2
F-9583,all,22,20,12267,4356,20,40994,0,0,0,0,0,F,3,CD8+ T cell,42,20,7,7,7_2,PatrolMac
F-9589,all,96,44,12646,5228,10,67064,0,0,0,0,0,F,11,Alveolar fibroblast 2,63,41,3,3,3_3,AdventitialFib
F-9590,all,75,44,12609,4801,12,71164,50,0,50,0,1,F,10,Alveolar fibroblast 1,59,45,3,3,3_5,SMC
F-9591,all,45,34,12091,4874,17,84561,52,0,52,0,1,F,4,Arterial endothelial cell,45,34,2,2,2_4,Artery
F-9593,all,100,21,11524,5290,33,72172,0,0,0,0,0,F,78,Alveolar type 2 cell,57,20,1,1,1_1,AT2
F-9594,all,35,21,11804,4746,23,63677,0,0,0,0,0,F,3,Alveolar fibroblast 1,40,21,1,1,1_5_2,AlveolarFib
F-9596,all,66,33,11905,5503,18,58653,0,0,0,0,0,F,8,Inflammatory monocyte,57,35,2,2,2_5,DC
F-9599,all,71,26,11922,4740,15,64690,0,0,0,0,0,F,30,Alveolar type 1 cell,53,26,6,6,6,AT1
F-9600,all,10,8,11752,4264,24,35548,0,0,0,0,0,F,2,Capillary 1 cell,31,8,2,2,2_1,Capillary
F-9601,all,86,46,12159,5173,18,92279,0,0,0,0,0,F,18,Pericyte,61,46,1,1,1_3,AT2
F-9603,all,56,20,11496,5549,15,42354,0,0,0,0,0,F,20,AT1/AT2,52,20,6,6,6,AT1
F-9607,all,6,5,11843,3960,8,13365,0,0,0,0,0,F,2,Venous endothelial cell,25,8,2,2,2_3,Vein
F-9608,all,28,8,12741,3989,19,42457,0,0,0,0,0,F,21,Alveolar type 2 cell,45,8,1,1,1_1,AT2
F-9614,all,40,27,11686,4307,31,89957,0,0,0,0,0,F,3,Alveolar fibroblast 1,45,28,1,1,1_4_1,AlveolarFib
F-9618,all,97,49,12097,4932,20,116381,0,0,0,0,0,F,8,Sox9+/Id2+ epithelial cell,63,44,2,2,2_2,InflamMac
F-9619,all,14,12,12799,3920,21,17702,0,0,0,0,0,F,4,Interstitial macrophage,29,12,8,8,8_3,InterstitialMac
F-9624,all,77,43,11720,4864,17,99524,0,0,0,0,0,F,12,Alveolar fibroblast 1,57,43,6,6,6,AT1
F-9626,all,38,13,11395,4758,25,25282,0,0,0,0,0,F,26,Sox9+/Id2+ epithelial cell,44,13,1,1,1_1,AT2
F-9628,all,67,38,11585,4357,19,89085,1051,0,1051,0,1,F,8,Alveolar type 2 cell,59,37,2,2,2_1,Capillary
F-9629,all,74,24,11339,5476,36,72851,0,0,0,0,0,F,50,Alveolar type 2 cell,52,24,1,1,1_1,AT2
F-9630,all,25,13,12917,3956,37,40862,0,0,0,0,0,F,4,Alveolar fibroblast 2,42,13,3,3,3_3,AdventitialFib
F-9631,all,24,16,12831,3920,18,42245,0,0,0,0,0,F,3,Interstitial macrophage,40,16,8,8,8_3,InterstitialMac
F-9633,all,54,14,11203,4076,39,49425,0,0,0,0,0,F,44,Alveolar type 2 cell,50,14,1,1,1_1,AT2
F-9635,all,15,5,12223,5125,31,9864,0,0,0,0,0,F,13,Alveolar type 2 cell,39,5,1,1,1_3,AT2
F-9639,all,82,50,11967,4811,24,107897,0,0,0,0,0,F,21,Alveolar fibroblast 2,60,51,3,3,3_5,SMC
F-9640,all,44,30,11226,4816,24,78129,0,0,0,0,0,F,4,Arterial endothelial cell,44,30,2,2,2_4,Artery
F-9642,all,51,21,11522,5534,14,50609,0,0,0,0,0,F,12,Alveolar type 1 cell,50,21,6,6,6,AT1
F-9643,all,59,34,11732,4519,36,47389,0,0,0,0,0,F,11,Alveolar type 1 cell,56,34,6,6,6,AT1
F-9646,all,40,27,12962,4237,25,86268,0,0,0,0,0,F,2,Natural killer cell,42,28,2,2,2_2,InflamMac
F-9647,all,52,29,12548,4027,27,83560,0,0,0,0,0,F,12,T regulatory cell,51,29,7,7,7_2,PatrolMac
F-9648,all,16,12,12845,4048,21,88746,0,0,0,0,0,F,8,Innate lymphoid cell,30,12,9,9,9,Bcell
F-9650,all,18,14,11839,4207,23,34587,0,0,0,0,0,F,3,Sox9+/Id2+ epithelial cell,38,14,5,5,5_1,Pericyte
F-9651,all,26,20,12873,4174,25,79322,0,0,0,0,0,F,2,Endothelial progenitor cell,47,20,7,7,7_3,Tcell (CD8)
F-9656,all,52,16,11748,4630,38,42315,0,0,0,0,0,F,39,Alveolar type 2 cell,50,16,1,1,1_3,AT2
F-9658,all,69,29,11675,5232,16,90344,0,0,0,0,0,F,26,Alveolar type 2 cell,55,29,1,1,1_3,AT2
F-9659,all,30,7,12362,4141,9,29492,0,0,0,0,0,F,27,Alveolar type 2 cell,43,7,1,1,1_3,AT2
F-9660,all,52,33,11575,5146,15,83462,0,0,0,0,0,F,10,Vascular smooth muscle cell,52,33,5,5,5_1,Pericyte
F-9661,all,94,41,11623,5368,18,118904,0,0,0,0,0,F,24,Pericyte,60,39,3,3,3_1,SMC
F-9664,all,24,18,12140,5115,31,53426,0,0,0,0,0,F,7,B cell,43,18,9,9,9,Bcell
F-9665,all,49,15,11793,4375,14,50420,0,0,0,0,0,F,12,Alveolar type 1 cell,49,15,6,6,6,AT1
F-9666,all,41,28,11209,4854,22,79242,0,0,0,0,0,F,4,Pericyte,41,28,3,3,3_6,SCMF
F-9668,all,12,12,11462,4771,20,41626,0,0,0,0,0,F,4,Pericyte,30,12,5,5,5_1,Pericyte
F-9670,all,55,13,11466,5483,9,28588,0,0,0,0,0,F,41,Alveolar type 2 cell,51,13,1,1,1_1,AT2
F-9671,all,17,7,13008,4275,20,56217,0,0,0,0,0,F,7,Alveolar type 1 cell,38,7,6,6,6,AT1
F-9673,all,28,18,11910,4888,37,26510,0,0,0,0,0,F,2,Alveolar fibroblast 1,39,18,1,1,1_5_2,AlveolarFib
F-9675,all,62,24,11330,5340,26,47031,0,0,0,0,0,F,6,Proliferative mesenchymal progenitor cell,55,24,3,3,3_3,AdventitialFib
F-9676,all,14,7,12255,4468,17,38198,0,0,0,0,0,F,7,Sox9+/Id2+ epithelial cell,34,7,1,1,1_1,AT2
F-9677,all,114,48,11377,5266,25,114026,0,0,0,0,0,F,12,Mesothelial cell,47,30,3,3,3_3,AdventitialFib
F-9678,all,17,10,12973,4351,30,48787,0,0,0,0,0,F,5,B cell,35,10,9,9,9,Bcell
F-9679,all,36,7,12622,4722,21,34326,0,0,0,0,0,F,32,Alveolar type 2 cell,44,7,1,1,1_1,AT2
F-9680,all,54,31,11372,5362,21,38916,0,0,0,0,0,F,2,Pericyte,53,31,5,5,5_3,Pericyte
F-9683,all,48,22,12555,4832,15,50568,0,0,0,0,0,F,28,Capillary 1 cell,48,22,2,2,2_3,Vein
F-9685,all,40,28,11507,4821,19,59690,0,0,0,0,0,F,7,Pericyte,41,28,5,5,5_1,Pericyte
F-9688,all,74,27,12236,4428,23,98650,0,0,0,0,0,F,44,Alveolar type 2 cell,52,27,5,5,5_1,Pericyte
F-9689,all,139,34,11260,5015,31,104845,0,0,0,0,0,F,95,Alveolar type 2 cell,46,14,1,1,1_3,AT2
F-9690,all,128,26,11591,4802,14,102630,0,0,0,0,0,F,98,Alveolar type 2 cell,47,12,1,1,1_3,AT2
F-9694,all,45,29,11163,4857,21,77434,0,0,0,0,0,F,2,Interstitial macrophage,45,29,8,8,8_2,InterstitialMac
F-9698,all,76,43,11217,4958,33,99543,0,0,0,0,0,F,7,Interstitial macrophage,58,43,8,8,8_2,InterstitialMac
F-9701,all,59,27,11944,4020,30,72352,0,0,0,0,0,F,20,Alveolar type 2 cell,52,27,2,2,2_6,pDC
F-9703,all,37,17,12023,4924,13,42058,0,0,0,0,0,F,6,Pericyte,44,17,5,5,5_3,Pericyte
F-9704,all,30,24,11621,5466,13,44198,0,0,0,0,0,F,4,Alveolar fibroblast 1,40,25,1,1,1_4_1,AlveolarFib
F-9705,all,20,5,12414,4148,18,31084,0,0,0,0,0,F,16,Sox9+/Id2+ epithelial cell,43,5,1,1,1_1,AT2
F-9707,all,29,20,11382,5507,18,47548,0,0,0,0,0,F,3,Alveolar fibroblast 1,39,20,2,2,2_6,pDC
F-9709,all,49,24,11371,4779,22,41665,0,0,0,0,0,F,24,Alveolar type 2 cell,49,24,1,1,1_3,AT2
F-9710,all,43,20,11999,4808,31,55487,0,0,0,0,0,F,9,Sox9+/Id2+ epithelial cell,45,20,2,2,2_3,Vein
F-9711,all,105,47,12239,4381,22,104202,0,0,0,0,0,F,30,AT1/AT2,58,37,6,6,6,AT1
F-9717,all,66,20,12584,4840,16,36823,0,0,0,0,0,F,37,Alveolar type 2 cell,55,20,1,1,1_1,AT2
F-9719,all,76,41,11401,5639,33,103687,0,0,0,0,0,F,9,Alveolar macrophage,57,42,3,3,3_1,SMC
F-9720,all,64,31,11177,4916,25,76413,0,0,0,0,0,F,3,Alveolar type 1 cell,55,32,1,1,1_6_2,Neutrophil
F-9722,all,34,20,11628,4876,14,26899,0,0,0,0,0,F,10,Alveolar type 1 cell,41,20,6,6,6,AT1
F-9724,all,61,36,11451,4843,18,76010,0,0,0,0,0,F,9,Capillary 1 cell,55,36,1,1,1_3,AT2
F-9727,all,64,29,11332,4888,27,55830,0,0,0,0,0,F,28,Alveolar type 2 cell,56,29,3,3,3_4,AdventitialFib
F-9732,all,88,37,12052,5145,28,79770,0,0,0,0,0,F,37,Alveolar type 2 cell,60,37,1,1,1_3,AT2
F-9733,all,59,35,11895,4329,25,51273,0,0,0,0,0,F,8,Inflammatory monocyte,56,35,7,7,7_2,PatrolMac
F-9737,all,50,31,11782,4705,27,74445,0,0,0,0,0,F,18,Pericyte,50,32,3,3,3_5,SMC
F-9748,all,91,22,12685,4033,20,99700,0,0,0,0,0,F,69,Alveolar type 2 cell,56,22,3,3,3_5,SMC
F-9749,all,90,36,11578,5273,18,114168,0,0,0,0,0,F,12,Alveolar fibroblast 1,58,35,1,1,1_5_1,LymphaticEndo
F-9753,all,32,15,12025,4797,35,31857,0,0,0,0,0,F,15,Sox9+/Id2+ epithelial cell,41,15,2,2,2_6,pDC
F-9754,all,16,12,11861,4254,23,35618,0,0,0,0,0,F,2,Sox9+/Id2+ epithelial cell,39,14,2,2,2_3,Vein
F-9755,all,85,29,11633,4373,13,65648,0,0,0,0,0,F,45,Alveolar type 2 cell,56,29,1,1,1_3,AT2
F-9757,all,23,18,12632,4675,11,46170,0,0,0,0,0,F,4,Arterial endothelial cell,47,19,2,2,2_4,Artery
F-9758,all,136,34,12602,4751,19,100888,0,0,0,0,0,F,80,Alveolar type 2 cell,43,10,1,1,1_3,AT2
F-9759,all,52,34,11311,5142,34,55166,0,0,0,0,0,F,7,Alveolar fibroblast 2,52,34,3,3,3_3,AdventitialFib
F-9760,all,18,16,11756,4856,13,22534,0,0,0,0,0,F,3,Alveolar fibroblast 1,37,17,1,1,1_5_2,AlveolarFib
F-9762,all,70,34,11667,4851,14,63582,0,0,0,0,0,F,9,Alveolar type 1 cell,55,34,6,6,6,AT1
F-9763,all,68,26,11948,4911,27,67044,0,0,0,0,0,F,11,Alveolar type 1 cell,54,26,6,6,6,AT1
F-9764,all,32,12,11788,4407,12,36059,0,0,0,0,0,F,5,Alveolar type 1 cell,41,12,6,6,6,AT1
F-9765,all,41,31,12370,4552,22,64278,0,0,0,0,0,F,6,Arterial endothelial cell,48,33,2,2,2_5,DC
F-9767,all,90,43,11506,5121,29,108578,0,0,0,0,0,F,12,Capillary 1 cell,60,43,2,2,2_1,Capillary
F-9773,all,55,13,12455,4091,13,36441,0,0,0,0,0,F,42,Alveolar type 2 cell,51,13,1,1,1_3,AT2
F-9775,all,6,6,11387,3894,40,21665,0,0,0,0,0,F,2,Alveolar fibroblast 1,21,8,3,3,3_6,SCMF
F-9779,all,65,17,12106,4582,32,40238,0,0,0,0,0,F,49,Alveolar type 2 cell,53,17,1,1,1_1,AT2
F-9781,all,52,21,11370,5017,31,39595,0,0,0,0,0,F,7,Alveolar type 1 cell,51,21,6,6,6,AT1
F-9783,all,50,30,11338,4923,25,60001,0,0,0,0,0,F,21,Proliferative mesenchymal progenitor cell,49,30,8,8,8_2,InterstitialMac
F-9785,all,105,39,11855,4375,22,123248,0,0,0,0,0,F,8,Natural killer cell,53,30,2,2,2_2,InflamMac
F-9786,all,67,31,11900,4371,34,47440,0,0,0,0,0,F,9,Alveolar type 1 cell,57,31,6,6,6,AT1
F-9787,all,79,43,11486,5389,20,110515,0,0,0,0,0,F,4,Alveolar fibroblast 1,61,44,3,3,3_5,SMC
F-9789,all,29,17,12005,4973,28,33766,0,0,0,0,0,F,2,Proliferative mesenchymal progenitor cell,42,17,8,8,8_2,InterstitialMac
F-9790,all,31,10,11122,4744,37,30548,0,0,0,0,0,F,21,Alveolar type 2 cell,44,11,2,2,2_2,InflamMac
F-9793,all,14,9,12788,3959,12,18167,0,0,0,0,0,F,2,Alveolar fibroblast 1,36,10,3,3,3_5,SMC
F-9797,all,19,12,12573,4072,16,41271,0,0,0,0,0,F,4,Alveolar fibroblast 1,38,12,1,1,1_5_4,pDC
F-9798,all,33,18,11978,3893,29,64310,0,0,0,0,0,F,14,Sox9+/Id2+ epithelial cell,41,18,1,1,1_1,AT2
F-9799,all,54,27,12546,4864,13,33456,0,0,0,0,0,F,13,Alveolar type 2 cell,53,28,2,2,2_2,InflamMac
F-9802,all,32,18,11883,4972,24,44277,0,0,0,0,0,F,3,Natural killer cell,42,19,2,2,2_2,InflamMac
F-9803,all,34,13,11759,4499,30,30771,0,0,0,0,0,F,8,Alveolar type 1 cell,42,13,6,6,6,AT1
F-9805,all,54,37,11763,4739,27,58533,0,0,0,0,0,F,13,Interstitial macrophage,54,37,8,8,8_3,InterstitialMac
F-9806,all,32,19,11947,4219,23,54441,0,0,0,0,0,F,2,Capillary 1 cell,41,19,2,2,2_1,Capillary
F-9814,all,11,8,12833,3970,18,15286,0,0,0,0,0,F,2,Interstitial macrophage,26,8,8,8,8_3,InterstitialMac
F-9815,all,48,22,11464,5650,34,40810,0,0,0,0,0,F,27,Alveolar type 2 cell,48,22,2,2,2_6,pDC
F-9816,all,15,6,11725,4590,40,10361,0,0,0,0,0,F,10,Alveolar type 2 cell,38,6,1,1,1_3,AT2
F-9817,all,13,8,11497,4850,11,35354,0,0,0,0,0,F,6,Pericyte,32,8,5,5,5_1,Pericyte
F-9823,all,16,10,11722,5045,17,17760,0,0,0,0,0,F,6,Alveolar macrophage,29,10,8,8,8_1,AlveolarMac
F-9826,all,135,67,11523,5872,26,94575,110,0,110,0,1,F,15,Mesothelial cell,42,31,8,8,8_1,AlveolarMac
F-9827,all,81,36,11977,6305,11,39648,0,0,0,0,0,F,8,Interstitial macrophage,57,36,8,8,8_3,InterstitialMac
F-9828,all,223,53,11446,6484,14,84438,0,0,0,0,0,F,17,Mesothelial cell,54,26,3,3,3_3,AdventitialFib
F-9829,all,73,36,11349,6581,12,48367,0,0,0,0,0,F,12,Interstitial macrophage,57,36,8,8,8_3,InterstitialMac
F-9832,all,108,41,12050,5810,35,72213,0,0,0,0,0,F,10,Alveolar fibroblast 1,59,33,1,1,1_5_1,LymphaticEndo
F-9833,all,61,31,11314,6519,31,59371,0,0,0,0,0,F,7,Mesothelial cell,57,31,8,8,8_1,AlveolarMac
F-9834,all,76,35,11847,5796,28,54251,0,0,0,0,0,F,11,Pericyte,54,35,5,5,5_1,Pericyte
F-9837,all,82,30,11266,6654,14,46605,0,0,0,0,0,F,8,Proliferative mesenchymal progenitor cell,56,30,6,6,6,AT1
F-9838,all,21,17,11854,5759,22,31530,101,0,101,0,1,F,4,Alveolar fibroblast 2,40,17,5,5,5_3,Pericyte
F-9844,all,54,23,12172,7042,12,50276,0,0,0,0,0,F,2,Alveolar fibroblast 1,53,23,1,1,1_5_2,AlveolarFib
F-9845,all,117,47,11725,5949,14,57469,0,0,0,0,0,F,15,Alveolar fibroblast 1,49,25,3,3,3_3,AdventitialFib
F-9846,all,44,26,11500,5824,39,43841,0,0,0,0,0,F,3,Alveolar fibroblast 1,45,26,7,7,7_3,Tcell (CD8)
F-9847,all,40,17,12505,5941,15,17383,0,0,0,0,0,F,4,Mesothelial cell,45,17,3,3,3_3,AdventitialFib
F-9851,all,53,30,11673,5863,16,49685,0,0,0,0,0,F,2,Inflammatory monocyte,52,30,3,3,3_4,AdventitialFib
F-9852,all,80,24,11591,5703,19,70749,0,0,0,0,0,F,9,Alveolar type 1 cell,56,24,6,6,6,AT1
F-9855,all,126,49,11475,6527,19,89023,0,0,0,0,0,F,16,Alveolar fibroblast 2,46,24,3,3,3_3,AdventitialFib
F-9856,all,18,13,11887,5791,11,36769,0,0,0,0,0,F,3,Neutrophil,37,14,2,2,2_2,InflamMac
F-9857,all,37,28,11399,5875,29,39419,0,0,0,0,0,F,6,Ciliated cell,40,28,3,3,3_3,AdventitialFib
F-9861,all,26,13,11910,5765,18,22903,51,51,0,1,0,F,4,Alveolar type 1 cell,45,13,6,6,6,AT1
F-9863,all,17,10,11425,5742,41,17029,0,0,0,0,0,F,3,Sox9+/Id2+ epithelial cell,37,11,1,1,1_4_1,AlveolarFib
F-9864,all,127,52,12009,5878,27,63339,0,0,0,0,0,F,15,Alveolar fibroblast 2,43,23,3,3,3_3,AdventitialFib
F-9865,all,132,57,11405,6565,19,103041,0,0,0,0,0,F,11,Interstitial macrophage,44,27,8,8,8_2,InterstitialMac
F-9868,all,47,28,11315,5746,39,34077,0,0,0,0,0,F,3,CD4+ T cell,47,28,1,1,1_5_2,AlveolarFib
F-9870,all,39,20,11961,5758,19,27576,0,0,0,0,0,F,5,Alveolar type 1 cell,43,20,6,6,6,AT1
F-9871,all,21,12,11529,6587,17,20570,0,0,0,0,0,F,2,Capillary 1 cell,39,12,3,3,3_3,AdventitialFib
F-9872,all,57,10,11439,5701,40,28732,0,0,0,0,0,F,51,Alveolar type 2 cell,50,10,1,1,1_3,AT2
F-9874,all,56,26,11345,5885,27,50561,0,0,0,0,0,F,13,Alveolar fibroblast 2,52,26,3,3,3_3,AdventitialFib
F-9875,all,25,13,12536,5866,7,14075,0,0,0,0,0,F,5,Alveolar fibroblast 2,43,13,3,3,3_3,AdventitialFib
F-9876,all,13,9,11929,5731,25,11114,0,0,0,0,0,F,5,Alveolar type 1 cell,30,9,6,6,6,AT1
F-9878,all,36,20,12500,5917,11,18713,0,0,0,0,0,F,4,Alveolar fibroblast 1,41,20,3,3,3_4,AdventitialFib
F-9879,all,152,62,12140,6098,16,83862,0,0,0,0,0,F,20,Interstitial macrophage,52,28,8,8,8_3,InterstitialMac
F-9883,all,92,37,11382,6603,15,44696,0,0,0,0,0,F,9,Interstitial macrophage,57,36,8,8,8_3,InterstitialMac
F-9884,all,34,17,11500,6548,22,29664,105,105,0,1,0,F,4,Innate lymphoid cell,42,19,2,2,2_5,DC
F-9885,all,120,46,11490,6580,18,95918,0,50,0,1,0,F,11,Mesothelial cell,45,24,3,3,3_4,AdventitialFib
F-9888,all,132,51,11272,6697,26,77569,0,0,0,0,0,F,14,Interstitial macrophage,47,26,3,3,3_3,AdventitialFib
F-9890,all,36,23,11922,5800,13,47853,0,0,0,0,0,F,5,Alveolar type 1 cell,41,23,6,6,6,AT1
F-9891,all,46,23,11942,5777,21,29514,0,0,0,0,0,F,5,Alveolar type 1 cell,47,23,6,6,6,AT1
F-9893,all,81,33,12517,5889,13,50634,0,0,0,0,0,F,13,Alveolar fibroblast 2,58,33,1,1,1_3,AT2
F-9898,all,56,29,12129,7069,11,35142,0,0,0,0,0,F,12,Alveolar fibroblast 2,54,29,3,3,3_3,AdventitialFib
F-9900,all,26,15,11473,5780,40,26459,0,0,0,0,0,F,4,Alveolar fibroblast 1,40,16,2,2,2_4,Artery
F-9901,all,68,36,11432,6599,27,57601,0,0,0,0,0,F,5,Alveolar macrophage,56,36,8,8,8_1,AlveolarMac
F-9908,all,24,15,11004,5953,35,20402,0,0,0,0,0,F,2,Proliferative mesenchymal progenitor cell,41,15,8,8,8_2,InterstitialMac
F-9917,all,55,30,11515,6617,16,43088,50,0,0,0,0,F,10,Secondary crest myofibroblast,54,30,3,3,3_6,SCMF
F-9918,all,47,29,12143,7021,14,57767,0,0,0,0,0,F,5,Endothelial progenitor cell,47,29,5,5,5_3,Pericyte
