orig.ident,nCount_RNA,nFeature_RNA,x,y,z,volume,np,np_nuc,np_cyto,pctnuc,pctcyto,region,marker_reads,predicted.id,nCount_SCT,nFeature_SCT,SCT_snn_res.0.1,seurat_clusters,lung,cell_type
E-2,all,109,40,568,158,29,76997,0,0,0,0,0,E,23,Interstitial macrophage,58,32,8,8,8_3,InterstitialMac
E-3,all,70,24,1837,588,31,71486,0,0,0,0,0,E,42,Alveolar type 2 cell,52,24,1,1,1_1,AT2
E-4,all,24,15,147,409,31,56310,0,0,0,0,0,E,2,B cell,43,15,9,9,9,Bcell
E-5,all,36,22,1825,263,24,74163,0,0,0,0,0,E,8,Capillary 1 cell,40,22,2,2,2_3,Vein
E-6,all,126,43,194,1530,18,77395,0,0,0,0,0,E,22,Alveolar macrophage,48,23,8,8,8_1,AlveolarMac
E-7,all,41,28,1526,95,26,75594,0,0,0,0,0,E,9,Inflammatory monocyte,43,29,3,3,3_1,SMC
E-8,all,79,36,1496,1409,26,83953,0,0,0,0,0,E,11,Alveolar macrophage,59,36,8,8,8_1,AlveolarMac
E-9,all,81,25,1451,1919,30,76537,0,0,0,0,0,E,2,Natural killer cell,59,25,7,7,7_3,Tcell (CD8)
E-10,all,99,54,564,1002,20,121690,0,0,0,0,0,E,29,Pericyte,59,46,2,2,2_4,Artery
E-11,all,69,31,562,829,24,74298,0,0,0,0,0,E,34,Inflammatory monocyte,56,31,1,1,1_1,AT2
E-12,all,47,15,529,1643,28,47144,0,0,0,0,0,E,33,Alveolar type 2 cell,47,15,1,1,1_3,AT2
E-13,all,80,38,1551,1666,20,131940,0,0,0,0,0,E,17,B cell,57,38,9,9,9,Bcell
E-14,all,112,32,1360,544,25,85982,0,0,0,0,0,E,7,Proliferative mesenchymal progenitor cell,49,20,6,6,6,AT1
E-15,all,41,26,1542,761,17,59593,0,0,0,0,0,E,6,Alveolar fibroblast 1,42,26,9,9,9,Bcell
E-16,all,33,17,1075,700,31,80070,0,0,0,0,0,E,14,CD4+ T cell,42,17,7,7,7_4,PatrolMac
E-17,all,76,38,943,800,17,79070,0,0,0,0,0,E,30,Alveolar fibroblast 1,58,39,3,3,3_1,SMC
E-19,all,48,32,486,1030,32,73024,0,0,0,0,0,E,3,CD8+ T cell,48,32,7,7,7_2,PatrolMac
E-21,all,73,42,1164,594,17,92071,0,0,0,0,0,E,14,B cell,59,42,9,9,9,Bcell
E-22,all,124,34,1432,290,33,77161,0,0,0,0,0,E,20,Arterial endothelial cell,44,14,6,6,6,AT1
E-24,all,56,28,1343,286,33,56631,0,0,0,0,0,E,13,Natural killer cell,54,29,2,2,2_2,InflamMac
E-25,all,130,46,227,1497,14,83683,0,0,0,0,0,E,26,Alveolar macrophage,47,23,8,8,8_1,AlveolarMac
E-26,all,90,38,1010,803,23,105099,0,0,0,0,0,E,7,Innate lymphoid cell,63,37,7,7,7_3,Tcell (CD8)
E-27,all,100,32,301,1661,23,90760,0,0,0,0,0,E,27,Alveolar type 1 cell,58,28,6,6,6,AT1
E-28,all,8,7,199,723,34,35085,0,0,0,0,0,E,2,Inflammatory monocyte,26,8,7,7,7_2,PatrolMac
E-29,all,26,22,741,460,17,32458,132,0,132,0,1,E,6,Alveolar macrophage,46,22,8,8,8_1,AlveolarMac
E-30,all,30,25,862,882,23,69810,0,0,0,0,0,E,5,Inflammatory monocyte,40,26,2,2,2_5,DC
E-31,all,51,16,905,835,31,42852,0,0,0,0,0,E,38,Alveolar type 2 cell,50,16,1,1,1_1,AT2
E-32,all,39,23,77,318,21,62508,0,0,0,0,0,E,9,Secondary crest myofibroblast,42,23,5,5,5_3,Pericyte
E-34,all,119,21,698,898,17,95095,0,0,0,0,0,E,17,B cell,53,10,7,7,7_4,PatrolMac
E-35,all,24,20,125,1145,35,33155,0,0,0,0,0,E,3,Inflammatory monocyte,44,20,3,3,3_6,SCMF
E-37,all,54,29,1180,384,9,66019,0,0,0,0,0,E,10,Alveolar fibroblast 1,52,29,1,1,1_5_1,LymphaticEndo
E-38,all,20,18,144,1204,33,54273,0,0,0,0,0,E,3,Proliferative mesenchymal progenitor cell,39,19,3,3,3_1,SMC
E-39,all,63,37,1601,1685,15,94739,0,0,0,0,0,E,9,Secondary crest myofibroblast,56,38,3,3,3_1,SMC
E-41,all,26,21,466,185,9,28787,0,0,0,0,0,E,4,Alveolar fibroblast 2,46,21,9,9,9,Bcell
E-44,all,40,27,738,298,21,68831,0,0,0,0,0,E,17,Pericyte,41,27,5,5,5_1,Pericyte
E-45,all,17,10,384,1048,37,41351,0,0,0,0,0,E,4,B cell,34,10,7,7,7_4,PatrolMac
E-46,all,34,16,1160,1222,12,39670,0,0,0,0,0,E,18,Secondary crest myofibroblast,44,16,5,5,5_3,Pericyte
E-48,all,26,8,1185,1243,9,34087,0,0,0,0,0,E,20,Secondary crest myofibroblast,41,9,3,3,3_1,SMC
E-51,all,33,21,775,1647,16,69566,0,0,0,0,0,E,15,B cell,41,21,9,9,9,Bcell
E-52,all,38,25,587,1140,34,82693,0,0,0,0,0,E,5,B cell,43,25,9,9,9,Bcell
E-54,all,24,20,1486,1618,37,47152,0,0,0,0,0,E,4,CD4+ T cell,43,20,2,2,2_1,Capillary
E-55,all,43,26,1490,206,14,56468,0,0,0,0,0,E,11,Pericyte,43,26,5,5,5_3,Pericyte
E-56,all,15,11,311,162,25,40092,0,0,0,0,0,E,3,Inflammatory monocyte,36,13,2,2,2_5,DC
E-57,all,34,25,892,866,21,40549,0,0,0,0,0,E,6,Alveolar type 2 cell,38,26,2,2,2_2,InflamMac
E-58,all,6,6,515,38,10,36362,0,0,0,0,0,E,2,Alveolar fibroblast 1,27,8,1,1,1_5_4,pDC
E-59,all,52,20,97,436,13,67096,0,0,0,0,0,E,2,B cell,51,20,2,2,2_6,pDC
E-60,all,32,24,77,199,18,67007,0,0,0,0,0,E,6,B cell,38,24,9,9,9,Bcell
E-61,all,90,45,464,526,18,94631,115,0,115,0,1,E,12,Arterial endothelial cell,62,44,7,7,7_3,Tcell (CD8)
E-64,all,48,28,95,1231,26,64305,0,0,0,0,0,E,18,Pericyte,48,28,5,5,5_1,Pericyte
E-65,all,8,7,979,1373,10,26748,0,0,0,0,0,E,2,B cell,25,8,9,9,9,Bcell
E-66,all,29,19,556,278,14,46313,0,0,0,0,0,E,15,Pericyte,40,19,5,5,5_3,Pericyte
E-67,all,19,18,17,242,35,26929,0,0,0,0,0,E,2,B cell,39,18,2,2,2_6,pDC
E-68,all,50,22,1755,1759,16,77592,0,0,0,0,0,E,9,Alveolar type 1 cell,50,22,6,6,6,AT1
E-69,all,19,13,1186,1041,28,61242,0,0,0,0,0,E,5,Sox9+/Id2+ epithelial cell,42,14,2,2,2_3,Vein
E-70,all,28,20,1061,851,36,47461,0,0,0,0,0,E,5,Alveolar fibroblast 1,39,21,2,2,2_4,Artery
E-71,all,63,36,834,752,18,109060,130,0,130,0,1,E,8,Sox9+/Id2+ epithelial cell,57,36,2,2,2_3,Vein
E-73,all,25,21,1042,74,35,64702,0,0,0,0,0,E,11,Pericyte,45,21,5,5,5_1,Pericyte
E-74,all,155,46,686,1020,26,98735,0,50,0,1,0,E,23,Alveolar macrophage,56,30,8,8,8_1,AlveolarMac
E-75,all,29,20,262,670,14,40788,0,0,0,0,0,E,4,Inflammatory monocyte,40,21,2,2,2_5,DC
E-76,all,31,15,929,1441,21,58649,0,0,0,0,0,E,6,Innate lymphoid cell,42,15,9,9,9,Bcell
E-79,all,149,34,848,1316,16,89209,0,0,0,0,0,E,93,Alveolar type 2 cell,48,16,1,1,1_1,AT2
E-80,all,20,15,270,1300,20,52770,0,0,0,0,0,E,7,Alveolar fibroblast 1,40,15,3,3,3_4,AdventitialFib
E-81,all,50,32,310,326,10,85583,0,0,0,0,0,E,7,Secondary crest myofibroblast,50,32,6,6,6,AT1
E-82,all,121,37,785,962,18,73795,0,0,0,0,0,E,64,Sox9+/Id2+ epithelial cell,41,13,1,1,1_1,AT2
E-83,all,87,24,574,228,26,82141,0,0,0,0,0,E,68,Alveolar type 2 cell,58,24,1,1,1_1,AT2
E-84,all,55,34,806,1178,28,93861,0,0,0,0,0,E,8,Secondary crest myofibroblast,57,36,2,2,2_5,DC
E-86,all,7,7,631,268,14,17329,0,0,0,0,0,E,2,Alveolar fibroblast 1,25,10,1,1,1_5_1,LymphaticEndo
E-89,all,43,28,384,1555,13,64172,0,0,0,0,0,E,13,Alveolar type 2 cell,44,28,5,5,5_3,Pericyte
E-92,all,19,16,60,60,26,44932,0,0,0,0,0,E,3,B cell,38,16,9,9,9,Bcell
E-93,all,108,22,1104,632,30,89159,0,0,0,0,0,E,87,Alveolar type 2 cell,49,12,1,1,1_3,AT2
E-94,all,41,27,1052,605,26,54182,0,0,0,0,0,E,16,Pericyte,43,27,5,5,5_1,Pericyte
E-95,all,46,28,1298,169,34,69725,0,0,0,0,0,E,6,Capillary 1 cell,47,29,2,2,2_3,Vein
E-98,all,31,25,191,1576,19,52204,0,0,0,0,0,E,6,Arterial endothelial cell,39,26,2,2,2_4,Artery
E-100,all,34,22,1201,1303,26,90735,0,0,0,0,0,E,3,Capillary 1 cell,43,23,2,2,2_1,Capillary
E-101,all,53,36,975,228,18,81638,0,0,0,0,0,E,8,Venous endothelial cell,54,37,3,3,3_1,SMC
E-102,all,128,30,459,577,19,96585,51,0,51,0,1,E,92,Alveolar type 2 cell,46,14,1,1,1_3,AT2
E-103,all,9,8,816,1629,7,17601,58,58,0,1,0,E,3,B cell,25,9,9,9,9,Bcell
E-105,all,29,21,1111,806,37,50389,0,0,0,0,0,E,3,Alveolar type 1 cell,37,21,6,6,6,AT1
E-109,all,26,22,427,1096,34,48899,0,0,0,0,0,E,4,Natural killer cell,46,22,7,7,7_4,PatrolMac
E-111,all,8,6,1047,1643,9,15328,0,0,0,0,0,E,4,Pericyte,22,8,5,5,5_1,Pericyte
E-112,all,99,29,822,1941,15,83512,0,0,0,0,0,E,64,Alveolar type 2 cell,57,26,1,1,1_3,AT2
E-115,all,137,32,947,544,13,68278,50,50,0,1,0,E,102,Alveolar type 2 cell,46,13,1,1,1_3,AT2
E-116,all,15,11,751,431,34,29325,0,0,0,0,0,E,2,Proliferative mesenchymal progenitor cell,32,12,3,3,3_1,SMC
E-118,all,62,19,240,927,33,57509,0,0,0,0,0,E,44,Alveolar type 2 cell,53,19,1,1,1_1,AT2
E-119,all,45,27,1242,1224,26,80448,0,0,0,0,0,E,7,Capillary 1 cell,44,26,2,2,2_1,Capillary
E-121,all,56,21,529,1612,34,49446,0,0,0,0,0,E,34,Alveolar type 2 cell,52,21,1,1,1_1,AT2
E-122,all,14,8,1079,9,37,19284,0,0,0,0,0,E,2,Alveolar type 1 cell,35,8,6,6,6,AT1
E-123,all,45,24,1785,588,23,93453,0,0,0,0,0,E,10,CD8+ T cell,46,24,3,3,3_1,SMC
E-124,all,20,13,1167,156,6,20691,0,0,0,0,0,E,2,Neutrophil,40,14,2,2,2_2,InflamMac
E-125,all,16,9,469,90,29,32759,0,0,0,0,0,E,3,Alveolar fibroblast 1,37,10,1,1,1_4_1,AlveolarFib
E-126,all,53,27,140,65,34,41795,0,0,0,0,0,E,13,Alveolar type 1 cell,52,27,6,6,6,AT1
E-128,all,54,22,797,1791,22,93407,0,0,0,0,0,E,8,Alveolar type 2 cell,52,22,7,7,7_4,PatrolMac
E-130,all,56,40,19,1522,15,86215,0,0,0,0,0,E,9,Venous endothelial cell,55,40,9,9,9,Bcell
E-132,all,15,14,648,484,37,36905,0,0,0,0,0,E,5,Pericyte,32,14,5,5,5_1,Pericyte
E-133,all,13,11,501,131,35,16050,0,0,0,0,0,E,2,Alveolar macrophage,33,11,8,8,8_1,AlveolarMac
E-134,all,33,15,979,581,33,32122,0,0,0,0,0,E,6,Pericyte,44,15,3,3,3_4,AdventitialFib
E-135,all,84,41,823,1241,25,77319,0,0,0,0,0,E,34,Pericyte,60,41,5,5,5_1,Pericyte
E-137,all,15,11,1129,326,14,24648,0,0,0,0,0,E,3,Capillary 1 cell,33,11,2,2,2_3,Vein
E-138,all,89,32,804,455,26,63552,0,0,0,0,0,E,21,Alveolar type 1 cell,60,32,6,6,6,AT1
E-139,all,143,39,247,1222,23,93697,0,0,0,0,0,E,93,Alveolar type 2 cell,45,15,1,1,1_3,AT2
E-140,all,19,16,916,886,37,33507,0,0,0,0,0,E,3,Alveolar type 2 cell,45,17,1,1,1_4_1,AlveolarFib
E-141,all,15,13,114,348,14,37222,0,0,0,0,0,E,3,Alveolar type 1 cell,32,13,6,6,6,AT1
E-142,all,57,16,1663,292,33,63909,0,0,0,0,0,E,9,Alveolar type 1 cell,50,16,6,6,6,AT1
E-144,all,82,42,698,243,23,107801,0,0,0,0,0,E,19,B cell,59,42,9,9,9,Bcell
E-146,all,27,14,1302,1434,7,32758,0,0,0,0,0,E,11,Sox9+/Id2+ epithelial cell,44,14,2,2,2_3,Vein
E-148,all,78,40,605,836,22,97452,52,0,52,0,1,E,24,Endothelial progenitor cell,59,40,2,2,2_6,pDC
E-149,all,22,17,1000,156,32,37293,0,0,0,0,0,E,6,Capillary 1 cell,39,17,2,2,2_3,Vein
E-150,all,23,15,1900,698,29,90701,0,0,0,0,0,E,2,Inflammatory monocyte,45,16,3,3,3_1,SMC
E-151,all,45,30,466,127,27,70018,0,0,0,0,0,E,9,Venous endothelial cell,45,30,2,2,2_3,Vein
E-153,all,30,19,1126,362,15,47016,0,0,0,0,0,E,2,Venous endothelial cell,39,19,2,2,2_3,Vein
E-154,all,24,18,563,532,30,48683,0,0,0,0,0,E,4,Neutrophil,42,18,2,2,2_3,Vein
E-155,all,42,27,196,17,36,53901,0,0,0,0,0,E,6,Venous endothelial cell,43,27,3,3,3_6,SCMF
E-156,all,70,32,1390,1781,20,80884,0,0,0,0,0,E,7,Capillary 1 cell,56,32,2,2,2_3,Vein
E-157,all,85,17,403,1524,18,59177,0,0,0,0,0,E,57,Alveolar type 2 cell,55,17,1,1,1_1,AT2
E-158,all,28,18,136,380,22,40947,0,0,0,0,0,E,5,Inflammatory monocyte,44,18,2,2,2_6,pDC
E-159,all,43,18,1592,271,28,55968,0,0,0,0,0,E,19,Ciliated cell,45,18,6,6,6,AT1
E-161,all,43,25,1350,475,34,63417,0,0,0,0,0,E,6,Pericyte,48,26,2,2,2_4,Artery
E-162,all,31,21,1509,53,11,33784,0,0,0,0,0,E,10,Inflammatory monocyte,39,22,2,2,2_5,DC
E-163,all,145,32,1857,1047,22,146144,0,0,0,0,0,E,58,AT1/AT2,49,19,6,6,6,AT1
E-165,all,71,41,1148,523,18,81151,0,0,0,0,0,E,7,Alveolar macrophage,56,41,2,2,2_6,pDC
E-166,all,30,14,1054,271,30,24437,0,0,0,0,0,E,16,Pericyte,39,14,5,5,5_1,Pericyte
E-167,all,30,15,263,1274,26,33899,0,0,0,0,0,E,15,AT1/AT2,39,15,8,8,8_2,InterstitialMac
E-168,all,11,9,829,1066,38,51784,0,0,0,0,0,E,3,Sox9+/Id2+ epithelial cell,31,9,7,7,7_3,Tcell (CD8)
E-169,all,89,42,138,558,16,87727,50,0,50,0,1,E,7,Capillary 1 cell,61,41,9,9,9,Bcell
E-171,all,112,52,997,193,24,105331,0,0,0,0,0,E,14,Alveolar fibroblast 1,45,28,3,3,3_4,AdventitialFib
E-173,all,63,9,1501,298,27,47406,0,0,0,0,0,E,57,Alveolar type 2 cell,51,9,1,1,1_3,AT2
E-174,all,90,36,1559,686,23,134523,0,0,0,0,0,E,47,Pericyte,59,35,1,1,1_3,AT2
E-176,all,45,25,1207,1073,16,71110,0,0,0,0,0,E,7,B cell,45,25,9,9,9,Bcell
E-177,all,24,17,75,148,16,38366,0,0,0,0,0,E,9,B cell,42,17,9,9,9,Bcell
E-178,all,6,5,1201,1172,16,43155,0,0,0,0,0,E,3,Neutrophil,23,8,2,2,2_2,InflamMac
E-179,all,25,17,104,115,17,28841,0,0,0,0,0,E,10,Pericyte,45,17,5,5,5_1,Pericyte
E-188,all,49,31,1261,234,17,60151,0,0,0,0,0,E,7,Alveolar fibroblast 1,52,32,2,2,2_4,Artery
E-190,all,81,27,1447,1789,20,45807,0,0,0,0,0,E,9,Alveolar type 1 cell,57,28,3,3,3_1,SMC
E-191,all,10,5,1020,1708,8,18838,0,0,0,0,0,E,2,Natural killer cell,26,5,9,9,9,Bcell
E-192,all,30,19,281,1134,15,56971,0,0,0,0,0,E,6,Inflammatory monocyte,41,20,2,2,2_5,DC
E-193,all,23,19,1170,1183,14,50682,0,0,0,0,0,E,8,Arterial endothelial cell,42,19,9,9,9,Bcell
E-195,all,33,22,1375,426,32,63546,0,0,0,0,0,E,9,Vascular smooth muscle cell,42,23,2,2,2_4,Artery
E-197,all,35,22,708,469,11,57997,0,0,0,0,0,E,4,Sox9+/Id2+ epithelial cell,43,22,8,8,8_2,InterstitialMac
E-198,all,127,39,900,1311,28,92973,0,0,0,0,0,E,31,Sox9+/Id2+ epithelial cell,46,19,6,6,6,AT1
E-202,all,26,15,986,764,8,25940,182,0,182,0,1,E,4,Neutrophil,38,16,2,2,2_2,InflamMac
E-203,all,41,26,1272,1230,9,59685,0,0,0,0,0,E,5,Capillary 1 cell,42,25,2,2,2_1,Capillary
E-204,all,179,40,1122,871,24,97864,0,0,0,0,0,E,29,Alveolar type 1 cell,50,18,6,6,6,AT1
E-205,all,19,14,823,885,29,17076,0,0,0,0,0,E,2,CD8+ T cell,36,15,1,1,1_6_2,Neutrophil
E-206,all,32,22,507,801,8,34343,0,0,0,0,0,E,4,Secondary crest myofibroblast,39,22,3,3,3_4,AdventitialFib
E-208,all,16,13,1471,173,25,41812,0,0,0,0,0,E,2,Alveolar macrophage,32,13,8,8,8_2,InterstitialMac
E-209,all,9,7,1373,1348,38,20395,0,0,0,0,0,E,2,Alveolar fibroblast 1,27,8,1,1,1_5_2,AlveolarFib
E-210,all,14,11,1010,742,9,45134,0,0,0,0,0,E,3,Capillary 1 cell,34,11,2,2,2_1,Capillary
E-211,all,13,4,1355,1418,5,17026,0,0,0,0,0,E,10,Sox9+/Id2+ epithelial cell,38,4,1,1,1_1,AT2
E-212,all,29,19,1162,1659,16,74262,0,0,0,0,0,E,6,Endothelial progenitor cell,46,18,2,2,2_1,Capillary
E-213,all,89,27,1692,1721,12,78927,0,0,0,0,0,E,16,Alveolar type 1 cell,60,27,6,6,6,AT1
E-216,all,66,34,1316,548,29,75412,51,51,0,1,0,E,2,B cell,56,34,9,9,9,Bcell
E-218,all,75,26,890,1260,31,56299,0,0,0,0,0,E,14,Venous endothelial cell,53,26,6,6,6,AT1
E-220,all,32,21,1795,1760,22,64748,0,0,0,0,0,E,12,Pericyte,39,21,5,5,5_1,Pericyte
E-221,all,10,7,1887,1105,13,13499,0,0,0,0,0,E,2,Alveolar type 1 cell,31,7,6,6,6,AT1
E-222,all,78,35,808,409,23,100518,0,0,0,0,0,E,14,Classical DC subset 2,59,35,6,6,6,AT1
E-224,all,32,19,1431,386,25,121940,0,0,0,0,0,E,5,Proliferative mesenchymal progenitor cell,42,19,7,7,7_4,PatrolMac
E-226,all,60,21,838,1895,25,76207,0,0,0,0,0,E,41,Alveolar type 2 cell,53,21,5,5,5_1,Pericyte
E-228,all,54,27,1005,1306,13,78819,51,0,51,0,1,E,10,Inflammatory monocyte,52,27,5,5,5_3,Pericyte
E-229,all,34,21,490,1652,16,55673,0,0,0,0,0,E,14,Inflammatory monocyte,44,21,1,1,1_3,AT2
E-230,all,28,22,119,1602,26,62897,0,0,0,0,0,E,4,Arterial endothelial cell,37,23,2,2,2_4,Artery
E-231,all,24,14,608,235,10,35129,0,0,0,0,0,E,10,Capillary 1 cell,40,14,2,2,2_3,Vein
E-232,all,26,15,347,82,32,36268,0,0,0,0,0,E,2,B cell,44,15,9,9,9,Bcell
E-233,all,124,54,1010,613,22,122085,56,0,56,0,1,E,25,Alveolar macrophage,46,32,8,8,8_1,AlveolarMac
E-234,all,15,10,7,1297,11,33592,0,0,0,0,0,E,2,Venous endothelial cell,34,10,2,2,2_3,Vein
E-236,all,41,19,137,94,22,30895,0,0,0,0,0,E,7,Pericyte,44,19,6,6,6,AT1
E-238,all,63,23,943,1386,23,60296,0,0,0,0,0,E,2,Natural killer cell,55,24,1,1,1_6_2,Neutrophil
E-240,all,58,27,523,1077,30,76250,0,0,0,0,0,E,20,Inflammatory monocyte,53,28,2,2,2_2,InflamMac
E-241,all,14,10,778,1043,10,39015,0,0,0,0,0,E,4,Pericyte,29,10,5,5,5_1,Pericyte
E-242,all,40,27,621,440,32,70518,0,0,0,0,0,E,4,Proliferative mesenchymal progenitor cell,40,27,5,5,5_3,Pericyte
E-243,all,11,9,752,1059,9,22359,0,0,0,0,0,E,4,Pericyte,30,9,5,5,5_1,Pericyte
E-246,all,98,39,899,1404,23,140267,112,112,0,1,0,E,11,Alveolar fibroblast 1,64,39,2,2,2_1,Capillary
E-248,all,151,50,590,1040,19,123524,0,0,0,0,0,E,83,Alveolar fibroblast 1,45,21,1,1,1_1,AT2
E-249,all,109,29,337,189,19,93893,0,0,0,0,0,E,78,Alveolar type 2 cell,52,20,1,1,1_3,AT2
E-252,all,94,32,61,1264,22,106174,0,0,0,0,0,E,45,Venous endothelial cell,58,31,1,1,1_3,AT2
E-254,all,41,30,315,1048,29,59330,0,0,0,0,0,E,6,Capillary 1 cell,42,31,3,3,3_1,SMC
E-256,all,50,35,1464,697,21,82062,0,0,0,0,0,E,6,Venous endothelial cell,50,35,3,3,3_4,AdventitialFib
E-257,all,49,28,1553,540,19,70965,275,0,275,0,1,E,16,Inflammatory monocyte,49,28,1,1,1_2_3,Tcell (CD4)
E-258,all,18,14,543,60,17,38589,0,0,0,0,0,E,3,Inflammatory monocyte,37,14,5,5,5_3,Pericyte
E-265,all,31,21,1862,278,16,61804,0,0,0,0,0,E,13,Pericyte,41,21,5,5,5_1,Pericyte
E-267,all,73,39,1557,279,24,106411,0,0,0,0,0,E,16,Ciliated cell,55,39,6,6,6,AT1
E-268,all,70,38,586,486,25,70220,0,0,0,0,0,E,13,Alveolar fibroblast 1,57,38,1,1,1_5_1,LymphaticEndo
E-270,all,56,26,1909,1078,24,66487,0,0,0,0,0,E,14,Sox9+/Id2+ epithelial cell,53,26,2,2,2_1,Capillary
E-271,all,142,33,1305,256,21,113500,0,0,0,0,0,E,97,Alveolar type 2 cell,43,11,1,1,1_3,AT2
E-272,all,34,14,757,277,14,26148,0,0,0,0,0,E,27,Venous endothelial cell,42,14,1,1,1_3,AT2
E-273,all,7,7,1219,1221,32,17269,0,0,0,0,0,E,2,Proliferative mesenchymal progenitor cell,27,9,3,3,3_1,SMC
E-274,all,34,25,710,358,20,67469,0,0,0,0,0,E,4,CD8+ T cell,41,25,1,1,1_2_1,Tcell (CD4)
E-277,all,73,35,270,1080,26,89635,0,0,0,0,0,E,15,Alveolar fibroblast 1,52,36,2,2,2_4,Artery
E-278,all,38,21,1048,1573,29,79230,327,0,327,0,1,E,12,Sox9+/Id2+ epithelial cell,41,21,2,2,2_1,Capillary
E-280,all,32,20,1872,245,27,44539,0,0,0,0,0,E,8,Sox9+/Id2+ epithelial cell,43,20,1,1,1_5_1,LymphaticEndo
E-282,all,22,16,171,758,28,51312,0,0,0,0,0,E,6,Pericyte,38,16,8,8,8_1,AlveolarMac
E-285,all,19,14,196,1608,24,22712,0,0,0,0,0,E,3,Endothelial progenitor cell,39,14,5,5,5_3,Pericyte
E-289,all,84,30,432,1499,27,73116,0,0,0,0,0,E,48,Alveolar type 2 cell,59,30,1,1,1_3,AT2
E-293,all,81,26,557,1060,28,58878,0,0,0,0,0,E,55,Alveolar type 2 cell,54,26,1,1,1_3,AT2
E-296,all,58,20,908,802,30,35847,0,0,0,0,0,E,37,Alveolar type 2 cell,55,21,3,3,3_1,SMC
E-300,all,134,32,1330,1382,17,84697,0,0,0,0,0,E,88,Alveolar type 2 cell,46,14,1,1,1_1,AT2
E-301,all,138,61,13,1030,14,141341,53,0,53,0,1,E,19,B cell,47,30,9,9,9,Bcell
E-303,all,116,43,1501,529,21,142933,0,0,0,0,0,E,19,Natural killer cell,45,21,6,6,6,AT1
E-306,all,27,17,1551,649,29,67682,0,0,0,0,0,E,5,Sox9+/Id2+ epithelial cell,43,18,2,2,2_1,Capillary
E-307,all,39,21,51,1225,35,39734,0,0,0,0,0,E,14,Natural killer cell,43,21,7,7,7_2,PatrolMac
E-309,all,85,29,1525,251,17,82808,0,0,0,0,0,E,53,AT1/AT2,57,29,6,6,6,AT1
E-310,all,93,39,1448,1819,14,59152,0,0,0,0,0,E,12,Alveolar type 1 cell,63,41,2,2,2_5,DC
E-314,all,68,21,773,928,19,61333,0,0,0,0,0,E,46,B cell,53,21,9,9,9,Bcell
E-315,all,39,17,522,82,23,53717,0,0,0,0,0,E,24,Venous endothelial cell,42,17,1,1,1_3,AT2
E-316,all,27,19,597,521,26,34176,0,0,0,0,0,E,3,Alveolar fibroblast 1,40,20,1,1,1_4_1,AlveolarFib
E-318,all,15,10,505,517,8,18368,0,0,0,0,0,E,3,Venous endothelial cell,31,10,2,2,2_3,Vein
E-319,all,35,23,843,906,14,32367,0,0,0,0,0,E,6,CD8+ T cell,39,25,2,2,2_5,DC
E-320,all,21,14,104,398,11,21747,0,0,0,0,0,E,5,Endothelial progenitor cell,40,15,2,2,2_3,Vein
E-323,all,32,20,470,1685,18,50571,0,0,0,0,0,E,3,Capillary 2 cell,40,19,2,2,2_1,Capillary
E-324,all,12,12,3,267,36,13603,0,0,0,0,0,E,2,Alveolar type 1 cell,35,12,2,2,2_1,Capillary
E-326,all,26,20,1096,333,21,36981,0,0,0,0,0,E,2,Sox9+/Id2+ epithelial cell,46,20,1,1,1_3,AT2
E-328,all,16,9,534,1155,34,43720,0,0,0,0,0,E,5,Inflammatory monocyte,34,11,2,2,2_5,DC
E-332,all,37,23,106,145,16,37512,0,0,0,0,0,E,12,Pericyte,42,23,5,5,5_1,Pericyte
E-335,all,14,5,534,1030,38,12083,0,0,0,0,0,E,10,Sox9+/Id2+ epithelial cell,37,5,1,1,1_1,AT2
E-339,all,13,8,870,3573,35,36829,0,0,0,0,0,E,4,Alveolar fibroblast 1,34,8,1,1,1_5_1,LymphaticEndo
E-341,all,35,24,484,2441,21,84549,0,0,0,0,0,E,8,Alveolar type 1 cell,43,24,7,7,7_3,Tcell (CD8)
E-342,all,73,33,1115,2076,17,62790,0,0,0,0,0,E,33,AT1/AT2,55,33,2,2,2_3,Vein
E-343,all,79,17,1814,2006,27,66353,108,0,108,0,1,E,30,Alveolar type 2 cell,54,17,1,1,1_3,AT2
E-346,all,151,48,1658,3313,10,66870,205378,130081,75297,0.6333736,0.3666264,E,6,Alveolar type 2 cell,52,22,1,1,1_6_2,Neutrophil
E-347,all,33,11,521,3442,7,28209,0,0,0,0,0,E,27,Alveolar type 2 cell,42,11,1,1,1_1,AT2
E-348,all,111,28,763,3390,12,57814,0,0,0,0,0,E,81,Alveolar type 2 cell,45,11,1,1,1_1,AT2
E-349,all,36,20,810,2599,19,60790,0,0,0,0,0,E,11,B cell,40,20,9,9,9,Bcell
E-351,all,44,30,1160,1989,36,58223,0,0,0,0,0,E,9,Arterial endothelial cell,44,30,2,2,2_4,Artery
E-352,all,26,16,1701,3788,24,57345,0,0,0,0,0,E,3,Basophil,42,17,2,2,2_5,DC
E-353,all,20,14,451,2353,9,66880,0,0,0,0,0,E,7,Alveolar fibroblast 1,39,14,3,3,3_4,AdventitialFib
E-354,all,41,23,1749,3351,10,45365,178,0,178,0,1,E,7,B cell,43,23,2,2,2_6,pDC
E-355,all,47,30,856,3733,8,61366,0,0,0,0,0,E,24,Vascular smooth muscle cell,48,31,3,3,3_2,SMC
E-356,all,29,22,436,3367,9,32347,0,0,0,0,0,E,4,Sox9+/Id2+ epithelial cell,38,23,2,2,2_1,Capillary
E-358,all,77,36,213,2293,19,113260,891,891,0,1,0,E,11,Alveolar type 1 cell,54,36,6,6,6,AT1
E-360,all,30,15,701,2183,32,54693,0,0,0,0,0,E,14,B cell,41,15,1,1,1_1,AT2
E-361,all,46,20,78,2334,15,57894,0,0,0,0,0,E,11,Alveolar type 1 cell,47,20,6,6,6,AT1
E-362,all,73,41,857,3458,14,115592,0,0,0,0,0,E,22,Capillary 1 cell,55,41,3,3,3_4,AdventitialFib
E-366,all,55,28,421,3401,14,39317,0,0,0,0,0,E,22,Sox9+/Id2+ epithelial cell,53,28,2,2,2_3,Vein
E-367,all,81,37,757,3754,22,79141,0,0,0,0,0,E,32,Inflammatory monocyte,57,37,5,5,5_1,Pericyte
E-368,all,38,28,12,2447,37,50004,0,0,0,0,0,E,15,CD4+ T cell,40,29,3,3,3_1,SMC
E-369,all,104,31,396,3454,17,72513,0,0,0,0,0,E,63,Alveolar type 2 cell,59,27,5,5,5_3,Pericyte
E-370,all,50,23,805,2330,10,81703,0,0,0,0,0,E,13,Natural killer cell,50,23,7,7,7_2,PatrolMac
E-371,all,14,11,1448,2966,34,35297,0,0,0,0,0,E,3,Alveolar type 2 cell,32,11,1,1,1_1,AT2
E-372,all,23,12,381,2265,18,89577,277373,235390,79735,0.7469734,0.2530266,E,3,Sox9+/Id2+ epithelial cell,41,12,7,7,7_3,Tcell (CD8)
E-373,all,103,39,771,2504,19,57883,0,0,0,0,0,E,18,Alveolar type 1 cell,55,31,6,6,6,AT1
E-375,all,30,18,908,3440,21,40506,0,0,0,0,0,E,9,Inflammatory monocyte,42,20,2,2,2_5,DC
E-376,all,56,33,28,2367,31,78131,0,0,0,0,0,E,6,Proliferative mesenchymal progenitor cell,55,33,2,2,2_6,pDC
E-377,all,27,13,1497,2093,24,36136,0,0,0,0,0,E,11,Sox9+/Id2+ epithelial cell,41,13,7,7,7_3,Tcell (CD8)
E-378,all,227,18,1777,3247,12,62016,29701,24993,11278,0.6890629,0.3109371,E,4,Sox9+/Id2+ epithelial cell,61,8,1,1,1_6_2,Neutrophil
E-379,all,29,16,438,2537,18,42383,0,0,0,0,0,E,4,B cell,40,16,9,9,9,Bcell
E-380,all,150,32,1300,2661,14,78726,0,0,0,0,0,E,107,Alveolar type 2 cell,48,13,1,1,1_1,AT2
E-381,all,101,46,685,2466,14,81689,0,0,0,0,0,E,11,AT1/AT2,61,38,6,6,6,AT1
E-382,all,28,19,666,2090,13,54212,0,0,0,0,0,E,8,Capillary 1 cell,40,19,9,9,9,Bcell
E-384,all,19,13,940,3421,20,47984,0,0,0,0,0,E,2,B cell,37,13,2,2,2_6,pDC
E-385,all,23,18,734,3429,28,58729,0,0,0,0,0,E,6,Alveolar fibroblast 1,42,18,1,1,1_3,AT2
E-386,all,11,7,1899,2121,28,26248,0,0,0,0,0,E,3,Basophil,26,9,2,2,2_5,DC
E-387,all,13,11,1429,2833,6,36963,0,0,0,0,0,E,2,Alveolar type 1 cell,31,11,2,2,2_1,Capillary
E-388,all,166,42,916,3691,13,88836,0,0,0,0,0,E,116,Sox9+/Id2+ epithelial cell,47,14,1,1,1_1,AT2
E-389,all,31,20,810,2559,10,41795,0,0,0,0,0,E,9,B cell,40,20,9,9,9,Bcell
E-390,all,56,34,926,2072,34,120850,0,0,0,0,0,E,18,Inflammatory monocyte,54,34,7,7,7_2,PatrolMac
E-391,all,39,22,1547,2444,26,83561,0,0,0,0,0,E,11,Venous endothelial cell,42,23,3,3,3_5,SMC
E-392,all,60,31,1782,2027,19,100118,0,0,0,0,0,E,16,Sox9+/Id2+ epithelial cell,56,31,2,2,2_6,pDC
E-394,all,58,25,671,3679,8,35084,0,0,0,0,0,E,24,Alveolar fibroblast 2,55,26,3,3,3_2,SMC
E-396,all,31,11,1714,3208,26,40019,4786,0,4786,0,1,E,6,Pericyte,41,11,5,5,5_1,Pericyte
E-398,all,18,10,914,3539,35,34807,0,0,0,0,0,E,2,Capillary 2 cell,40,10,5,5,5_3,Pericyte
E-399,all,43,22,696,2146,27,48331,0,0,0,0,0,E,22,B cell,44,22,9,9,9,Bcell
E-403,all,56,36,1186,3453,16,59850,0,0,0,0,0,E,8,Neutrophil,56,37,2,2,2_1,Capillary
E-404,all,55,35,57,2268,28,93106,0,0,0,0,0,E,10,Neutrophil,56,37,2,2,2_5,DC
E-405,all,127,39,933,3568,27,104544,0,0,0,0,0,E,19,B cell,51,25,2,2,2_1,Capillary
E-407,all,63,36,713,3759,10,53573,0,0,0,0,0,E,13,Capillary 1 cell,55,36,3,3,3_6,SCMF
E-408,all,40,24,1719,1961,20,85832,0,0,0,0,0,E,6,Alveolar fibroblast 1,42,24,1,1,1_3,AT2
E-410,all,15,8,780,2280,7,31367,0,0,0,0,0,E,2,Natural killer cell,33,8,7,7,7_2,PatrolMac
E-411,all,9,6,510,2613,3,7165,0,0,0,0,0,E,2,Alveolar fibroblast 1,31,6,1,1,1_4_1,AlveolarFib
E-412,all,36,21,1485,2160,33,45781,0,0,0,0,0,E,9,Venous endothelial cell,42,21,2,2,2_6,pDC
E-413,all,94,20,1479,2127,25,53527,850,739,111,0.8694118,0.1305882,E,46,Alveolar type 2 cell,57,19,1,1,1_1,AT2
E-415,all,12,9,931,2625,38,23194,0,0,0,0,0,E,5,Capillary 1 cell,36,10,2,2,2_1,Capillary
E-417,all,19,17,389,3786,12,39791,0,0,0,0,0,E,3,Proliferative mesenchymal progenitor cell,40,18,1,1,1_4_1,AlveolarFib
E-420,all,33,13,1932,2181,25,72258,0,0,0,0,0,E,8,Sox9+/Id2+ epithelial cell,42,13,1,1,1_3,AT2
E-421,all,35,21,631,3371,10,71026,0,0,0,0,0,E,10,Alveolar fibroblast 1,41,22,3,3,3_1,SMC
E-422,all,36,24,1222,2571,11,54051,0,0,0,0,0,E,13,Alveolar type 2 cell,39,24,1,1,1_3,AT2
E-423,all,13,10,1538,2025,13,18437,0,0,0,0,0,E,4,Capillary 1 cell,33,12,2,2,2_1,Capillary
E-424,all,84,19,482,3801,28,55917,0,0,0,0,0,E,62,Alveolar type 2 cell,53,19,1,1,1_1,AT2
E-425,all,114,33,1451,2879,15,86251,0,0,0,0,0,E,9,Sox9+/Id2+ epithelial cell,51,21,1,1,1_4_1,AlveolarFib
E-426,all,40,14,1516,2131,30,37425,0,0,0,0,0,E,26,Alveolar macrophage,45,14,1,1,1_1,AT2
E-428,all,19,14,673,2434,30,68752,0,0,0,0,0,E,5,B cell,39,14,9,9,9,Bcell
E-434,all,35,24,1864,3311,17,52649,0,0,0,0,0,E,5,Arterial endothelial cell,42,25,2,2,2_4,Artery
E-436,all,114,33,1408,3050,19,54547,35317,638,34679,0.01806495,0.981935,E,36,Sox9+/Id2+ epithelial cell,46,18,2,2,2_1,Capillary
E-437,all,56,26,716,3370,11,37756,0,0,0,0,0,E,28,Alveolar type 2 cell,53,26,1,1,1_3,AT2
E-438,all,49,23,785,3602,33,32850,0,0,0,0,0,E,14,Alveolar type 1 cell,49,23,6,6,6,AT1
E-439,all,56,29,1434,2933,17,81387,0,0,0,0,0,E,9,Capillary 1 cell,53,29,9,9,9,Bcell
E-440,all,65,38,1909,3303,19,98929,0,0,0,0,0,E,15,Interstitial macrophage,56,38,8,8,8_3,InterstitialMac
E-442,all,47,24,1008,3798,7,62028,0,0,0,0,0,E,10,Interstitial macrophage,47,24,8,8,8_3,InterstitialMac
E-443,all,36,20,1141,3438,20,87770,0,0,0,0,0,E,8,Innate lymphoid cell,42,20,1,1,1_5_1,LymphaticEndo
E-444,all,67,30,1594,3441,22,87323,0,0,0,0,0,E,19,CD8+ T cell,58,32,2,2,2_5,DC
E-445,all,115,50,1238,2195,25,117491,0,0,0,0,0,E,53,AT1/AT2,47,28,2,2,2_6,pDC
E-446,all,55,33,865,2395,19,76172,0,0,0,0,0,E,17,Ciliated cell,55,34,3,3,3_1,SMC
E-447,all,30,16,1473,3411,21,53558,0,0,0,0,0,E,10,B cell,37,16,9,9,9,Bcell
E-449,all,40,19,1089,3465,11,83165,0,0,0,0,0,E,15,Airway smooth muscle cell,42,20,3,3,3_1,SMC
E-450,all,43,25,1011,1990,17,102868,0,0,0,0,0,E,9,Inflammatory monocyte,47,27,2,2,2_5,DC
E-452,all,124,49,1354,2629,14,146847,0,0,0,0,0,E,36,Proliferative mesenchymal progenitor cell,46,28,3,3,3_1,SMC
E-453,all,55,27,719,2078,25,79663,0,0,0,0,0,E,11,Alveolar fibroblast 1,52,27,1,1,1_5_1,LymphaticEndo
E-454,all,14,7,1511,3404,23,26592,0,0,0,0,0,E,3,Alveolar type 1 cell,36,7,6,6,6,AT1
E-456,all,113,41,834,2024,31,117404,0,0,0,0,0,E,25,Arterial endothelial cell,50,23,7,7,7_3,Tcell (CD8)
E-457,all,49,22,385,3345,14,39149,0,0,0,0,0,E,10,Inflammatory monocyte,49,22,6,6,6,AT1
E-458,all,28,16,1156,3399,23,36802,0,0,0,0,0,E,6,Alveolar fibroblast 1,42,18,2,2,2_4,Artery
E-459,all,21,8,1474,2764,28,19826,0,0,0,0,0,E,11,Ciliated cell,41,8,6,6,6,AT1
E-460,all,93,25,744,2150,35,67568,0,0,0,0,0,E,69,Capillary 1 cell,58,25,1,1,1_1,AT2
E-461,all,36,21,1532,3044,31,52027,0,0,0,0,0,E,2,Basophil,43,23,2,2,2_5,DC
E-465,all,86,43,1529,2832,26,70853,0,0,0,0,0,E,9,B cell,63,43,3,3,3_1,SMC
E-467,all,68,21,753,2046,11,60010,0,0,0,0,0,E,14,Alveolar type 1 cell,55,21,6,6,6,AT1
E-470,all,77,34,1827,3345,14,45600,0,0,0,0,0,E,9,Alveolar type 1 cell,55,34,6,6,6,AT1
E-471,all,34,22,1513,2371,11,47058,0,0,0,0,0,E,5,Alveolar fibroblast 1,38,23,2,2,2_4,Artery
E-472,all,51,28,1324,2364,21,77564,0,0,0,0,0,E,13,Sox9+/Id2+ epithelial cell,50,28,5,5,5_3,Pericyte
E-473,all,41,28,21,2165,21,74877,0,0,0,0,0,E,8,Inflammatory monocyte,41,28,1,1,1_2_3,Tcell (CD4)
E-474,all,20,18,1031,3463,19,39945,0,0,0,0,0,E,6,Arterial endothelial cell,39,18,2,2,2_4,Artery
E-475,all,63,28,1625,2990,16,65325,0,0,0,0,0,E,9,Inflammatory monocyte,52,28,1,1,1_2_3,Tcell (CD4)
E-478,all,89,34,1785,3365,14,47461,0,0,0,0,0,E,7,Alveolar type 1 cell,59,34,6,6,6,AT1
E-481,all,110,34,386,3410,19,58865,0,0,0,0,0,E,62,Interstitial macrophage,50,21,8,8,8_2,InterstitialMac
E-482,all,18,13,1604,1999,9,19969,0,0,0,0,0,E,9,Secondary crest myofibroblast,38,13,5,5,5_3,Pericyte
E-485,all,121,43,496,2486,11,111703,0,0,0,0,0,E,20,Alveolar type 1 cell,43,21,6,6,6,AT1
E-486,all,27,20,693,2114,16,69496,0,0,0,0,0,E,7,Sox9+/Id2+ epithelial cell,43,20,1,1,1_5_2,AlveolarFib
E-488,all,11,10,325,2496,13,36300,0,0,0,0,0,E,3,Endothelial progenitor cell,31,10,2,2,2_1,Capillary
E-489,all,78,24,877,1987,32,65710,0,0,0,0,0,E,54,Alveolar type 2 cell,54,24,1,1,1_1,AT2
E-490,all,67,31,1708,3400,11,58987,0,0,0,0,0,E,8,Arterial endothelial cell,57,31,2,2,2_4,Artery
E-493,all,12,9,1731,3701,9,12036,0,0,0,0,0,E,3,Proliferative mesenchymal progenitor cell,30,10,3,3,3_1,SMC
E-495,all,25,16,1499,2418,9,37277,0,0,0,0,0,E,3,B cell,43,16,9,9,9,Bcell
E-496,all,45,19,988,3512,19,65907,0,0,0,0,0,E,8,Arterial endothelial cell,46,19,7,7,7_2,PatrolMac
E-497,all,23,13,1443,3064,38,15608,0,0,0,0,0,E,10,Alveolar fibroblast 1,43,14,3,3,3_1,SMC
E-498,all,251,42,1450,3020,30,108737,102872,78373,24615,0.7609916,0.2390084,E,58,Sox9+/Id2+ epithelial cell,53,16,1,1,1_3,AT2
E-499,all,65,26,1662,3036,14,59862,0,0,0,0,0,E,2,Proliferative mesenchymal progenitor cell,58,27,3,3,3_2,SMC
E-500,all,17,16,1052,2465,36,26681,0,0,0,0,0,E,3,Interstitial macrophage,34,16,8,8,8_3,InterstitialMac
E-502,all,16,5,1630,2058,5,9172,0,0,0,0,0,E,15,Alveolar type 2 cell,37,5,1,1,1_1,AT2
E-506,all,75,45,1570,2066,20,109749,0,0,0,0,0,E,19,B cell,54,45,9,9,9,Bcell
E-509,all,33,19,1577,2021,16,45805,0,0,0,0,0,E,17,Pericyte,39,19,5,5,5_3,Pericyte
E-510,all,46,27,822,3571,28,65306,0,0,0,0,0,E,14,Alveolar type 1 cell,47,27,2,2,2_1,Capillary
E-511,all,25,9,607,3432,25,34151,0,0,0,0,0,E,15,Sox9+/Id2+ epithelial cell,47,9,3,3,3_4,AdventitialFib
E-518,all,48,24,764,2630,29,62445,0,0,0,0,0,E,6,Pericyte,48,24,5,5,5_3,Pericyte
E-519,all,53,25,1772,3292,32,54769,12943,115,6258,0.01804488,0.9819551,E,2,Neutrophil,53,26,2,2,2_2,InflamMac
E-521,all,31,17,1731,3733,10,39862,0,0,0,0,0,E,2,Alveolar type 1 cell,44,18,3,3,3_1,SMC
E-523,all,156,41,1332,1969,31,101520,0,0,0,0,0,E,103,Alveolar type 2 cell,46,17,1,1,1_1,AT2
E-524,all,34,18,1382,3446,18,77999,0,0,0,0,0,E,12,Alveolar fibroblast 1,42,19,3,3,3_1,SMC
E-525,all,24,16,1537,2106,28,34166,0,0,0,0,0,E,4,Sox9+/Id2+ epithelial cell,44,16,6,6,6,AT1
E-526,all,101,37,1155,2561,34,68692,0,0,0,0,0,E,51,Alveolar fibroblast 1,61,35,1,1,1_1,AT2
E-527,all,55,17,86,2256,17,45573,0,0,0,0,0,E,34,Arterial endothelial cell,51,17,1,1,1_1,AT2
E-529,all,26,12,401,3318,13,27158,0,0,0,0,0,E,7,Alveolar fibroblast 1,45,12,3,3,3_4,AdventitialFib
E-532,all,57,32,435,3326,7,26202,0,0,0,0,0,E,8,Alveolar type 1 cell,55,32,6,6,6,AT1
E-533,all,106,45,1354,2676,24,93267,0,0,0,0,0,E,26,Arterial endothelial cell,56,31,2,2,2_1,Capillary
E-536,all,61,37,1329,2047,31,92871,0,0,0,0,0,E,18,Capillary 1 cell,57,38,3,3,3_1,SMC
E-538,all,38,24,649,3445,30,58592,0,0,0,0,0,E,11,Proliferative mesenchymal progenitor cell,42,25,3,3,3_1,SMC
E-539,all,49,20,121,2259,22,50934,0,0,0,0,0,E,33,Alveolar type 2 cell,49,20,1,1,1_3,AT2
E-540,all,37,31,12,2325,22,69522,0,0,0,0,0,E,5,Capillary 2 cell,40,31,2,2,2_6,pDC
E-541,all,90,40,1251,2053,25,111207,0,0,0,0,0,E,14,Alveolar fibroblast 1,60,38,2,2,2_1,Capillary
E-543,all,7,6,1533,3429,20,23503,0,0,0,0,0,E,2,CD8+ T cell,30,7,7,7,7_2,PatrolMac
E-544,all,34,20,965,3377,23,66501,0,0,0,0,0,E,3,Capillary 1 cell,42,19,2,2,2_1,Capillary
E-545,all,63,16,454,3797,29,38298,0,0,0,0,0,E,48,Alveolar type 2 cell,52,16,1,1,1_1,AT2
E-546,all,58,35,1004,2444,14,76014,0,0,0,0,0,E,21,Inflammatory monocyte,56,35,5,5,5_3,Pericyte
E-547,all,103,39,1485,2989,23,82820,221,105,0,1,0,E,22,Alveolar type 1 cell,57,33,6,6,6,AT1
E-549,all,16,10,1004,3483,23,26130,0,0,0,0,0,E,2,Alveolar type 1 cell,35,10,6,6,6,AT1
E-552,all,39,26,631,2020,12,117148,0,0,0,0,0,E,14,Capillary 1 cell,42,25,2,2,2_1,Capillary
E-555,all,12,8,1469,2185,33,11328,0,0,0,0,0,E,3,Proliferative mesenchymal progenitor cell,27,9,1,1,1_6_2,Neutrophil
E-556,all,14,10,782,2152,37,14932,0,0,0,0,0,E,8,Sox9+/Id2+ epithelial cell,34,10,1,1,1_3,AT2
E-558,all,53,19,1421,3104,20,44478,5307,0,5307,0,1,E,5,Sox9+/Id2+ epithelial cell,51,19,8,8,8_1,AlveolarMac
E-561,all,150,43,1346,2429,17,77573,0,0,0,0,0,E,70,Alveolar type 2 cell,47,18,1,1,1_3,AT2
E-562,all,9,8,1577,3072,40,10365,0,0,0,0,0,E,2,Natural killer cell,23,9,7,7,7_3,Tcell (CD8)
E-565,all,28,12,1898,2216,28,27335,0,0,0,0,0,E,9,Capillary 1 cell,39,12,1,1,1_1,AT2
E-566,all,62,30,772,2459,14,43053,0,0,0,0,0,E,5,Alveolar type 1 cell,54,30,1,1,1_5_2,AlveolarFib
E-567,all,353,63,1607,3031,22,146593,5334,3851,1483,0.7219723,0.2780277,E,14,Alveolar macrophage,53,14,1,1,1_4_1,AlveolarFib
E-568,all,11,5,568,3441,22,22457,0,0,0,0,0,E,9,Alveolar type 2 cell,33,5,1,1,1_1,AT2
E-570,all,13,7,896,2008,39,12095,0,0,0,0,0,E,11,Alveolar type 2 cell,35,7,1,1,1_3,AT2
E-571,all,62,25,1418,2376,15,91780,0,0,0,0,0,E,14,Capillary 1 cell,54,24,2,2,2_1,Capillary
E-572,all,12,12,632,3401,20,40229,0,0,0,0,0,E,5,Alveolar fibroblast 1,27,12,3,3,3_4,AdventitialFib
E-574,all,49,23,923,3499,24,80833,0,0,0,0,0,E,17,Pericyte,49,23,5,5,5_1,Pericyte
E-575,all,31,19,791,3545,19,69027,0,0,0,0,0,E,3,Capillary 1 cell,45,19,2,2,2_1,Capillary
E-578,all,22,12,316,2320,20,101400,0,0,0,0,0,E,11,Pericyte,41,12,1,1,1_5_4,pDC
E-579,all,19,10,818,2644,16,58191,0,0,0,0,0,E,8,Secondary crest myofibroblast,36,11,3,3,3_5,SMC
E-584,all,49,22,1437,2791,12,59933,0,0,0,0,0,E,25,Alveolar type 2 cell,49,22,1,1,1_1,AT2
E-586,all,54,26,1314,2789,18,93145,0,0,0,0,0,E,30,Capillary 1 cell,54,27,3,3,3_1,SMC
E-591,all,10,5,857,2678,10,26057,0,0,0,0,0,E,8,Alveolar type 1 cell,27,6,3,3,3_1,SMC
E-593,all,24,16,1559,3034,22,50353,0,0,0,0,0,E,4,Natural killer cell,41,16,7,7,7_3,Tcell (CD8)
E-596,all,6,4,1708,3672,34,5307,0,0,0,0,0,E,3,Pericyte,20,6,3,3,3_6,SCMF
E-598,all,8,5,1276,3416,5,19761,0,0,0,0,0,E,2,Alveolar fibroblast 1,25,7,3,3,3_1,SMC
E-601,all,29,19,188,4845,21,80880,0,0,0,0,0,E,3,Neutrophil,39,20,2,2,2_2,InflamMac
E-602,all,51,27,38,4445,24,60052,0,0,0,0,0,E,7,Capillary 1 cell,50,26,2,2,2_1,Capillary
E-603,all,109,49,566,5049,26,131681,0,0,0,0,0,E,24,Pericyte,58,36,5,5,5_1,Pericyte
E-604,all,60,40,439,5328,22,78326,0,0,0,0,0,E,11,Pericyte,56,39,2,2,2_1,Capillary
E-606,all,19,10,850,5161,9,41599,0,0,0,0,0,E,3,Venous endothelial cell,37,11,1,1,1_4_1,AlveolarFib
E-607,all,26,18,136,4515,34,57034,0,0,0,0,0,E,7,Inflammatory monocyte,43,18,7,7,7_4,PatrolMac
E-608,all,51,31,917,5612,27,82443,0,0,0,0,0,E,11,Alveolar fibroblast 1,52,32,3,3,3_5,SMC
E-609,all,33,19,598,4689,16,51119,0,0,0,0,0,E,2,B cell,41,19,9,9,9,Bcell
E-611,all,47,28,767,4025,16,85476,0,0,0,0,0,E,3,CD8+ T cell,49,29,2,2,2_2,InflamMac
E-614,all,59,32,558,3972,9,77482,0,0,0,0,0,E,6,Alveolar type 1 cell,55,33,2,2,2_1,Capillary
E-615,all,123,58,1618,5560,23,126385,0,0,0,0,0,E,14,Endothelial progenitor cell,41,29,3,3,3_1,SMC
E-616,all,42,25,326,5093,35,66393,0,0,0,0,0,E,3,Capillary 1 cell,43,25,2,2,2_3,Vein
E-617,all,130,51,680,5326,22,98414,55,0,55,0,1,E,25,Alveolar type 1 cell,42,23,6,6,6,AT1
E-618,all,31,17,1695,5600,35,34121,0,0,0,0,0,E,3,CD8+ T cell,41,17,2,2,2_6,pDC
E-619,all,33,24,482,4764,36,50866,0,0,0,0,0,E,8,Alveolar fibroblast 1,41,25,1,1,1_5_1,LymphaticEndo
E-620,all,28,19,831,4758,32,51994,0,0,0,0,0,E,13,Sox9+/Id2+ epithelial cell,39,19,2,2,2_1,Capillary
E-621,all,61,31,1249,3900,31,71122,50,0,50,0,1,E,14,Venous endothelial cell,55,31,2,2,2_1,Capillary
E-623,all,42,28,280,5010,17,75833,0,0,0,0,0,E,15,Pericyte,42,28,5,5,5_3,Pericyte
E-624,all,35,23,230,4609,31,58858,0,0,0,0,0,E,9,B cell,41,23,9,9,9,Bcell
E-625,all,49,30,616,5556,23,98857,0,0,0,0,0,E,12,Alveolar fibroblast 1,46,29,1,1,1_5_1,LymphaticEndo
E-626,all,12,11,588,5485,8,17543,0,0,0,0,0,E,2,Capillary 1 cell,33,11,2,2,2_1,Capillary
E-627,all,113,36,1133,4230,17,97145,132,0,132,0,1,E,19,Alveolar macrophage,53,23,8,8,8_1,AlveolarMac
E-628,all,31,20,732,5593,13,68813,0,0,0,0,0,E,8,Pericyte,41,20,5,5,5_1,Pericyte
E-632,all,51,24,1823,4647,23,76325,0,0,0,0,0,E,9,Basophil,51,24,7,7,7_2,PatrolMac
E-633,all,21,12,334,5244,7,33628,0,0,0,0,0,E,3,Capillary 1 cell,40,12,2,2,2_1,Capillary
E-635,all,40,12,1826,4312,29,39294,0,0,0,0,0,E,26,Alveolar type 2 cell,45,12,1,1,1_1,AT2
E-636,all,33,21,311,4508,12,37209,0,0,0,0,0,E,11,Pericyte,41,21,5,5,5_1,Pericyte
E-637,all,18,10,1041,3893,26,21665,0,0,0,0,0,E,7,Arterial endothelial cell,37,11,2,2,2_4,Artery
E-638,all,9,8,801,5121,34,13467,0,0,0,0,0,E,2,B cell,27,9,2,2,2_6,pDC
E-639,all,32,21,165,4708,31,59324,0,0,0,0,0,E,8,Alveolar fibroblast 1,44,22,3,3,3_1,SMC
E-640,all,75,41,397,4798,27,83451,0,0,0,0,0,E,13,Alveolar fibroblast 1,58,41,6,6,6,AT1
E-642,all,21,15,1241,5446,9,17798,50,0,50,0,1,E,3,B cell,41,15,3,3,3_4,AdventitialFib
E-643,all,7,7,1790,4296,26,33175,0,0,0,0,0,E,3,Alveolar type 2 cell,27,9,1,1,1_3,AT2
E-645,all,70,23,1082,4121,30,85565,0,0,0,0,0,E,24,Alveolar fibroblast 1,52,24,3,3,3_1,SMC
E-646,all,27,20,1475,4577,34,65680,0,0,0,0,0,E,2,Natural killer cell,43,20,7,7,7_3,Tcell (CD8)
E-647,all,25,16,984,5304,22,55967,0,0,0,0,0,E,2,Inflammatory monocyte,44,16,7,7,7_2,PatrolMac
E-648,all,26,14,611,4729,29,49250,0,0,0,0,0,E,5,B cell,40,14,9,9,9,Bcell
E-650,all,53,32,888,5579,26,63255,0,0,0,0,0,E,8,Endothelial progenitor cell,54,33,2,2,2_1,Capillary
E-651,all,40,18,1158,3900,32,37547,0,0,0,0,0,E,11,CD8+ T cell,44,18,7,7,7_4,PatrolMac
E-652,all,80,42,1099,5049,24,114180,0,0,0,0,0,E,15,Arterial endothelial cell,59,42,1,1,1_5_4,pDC
E-653,all,99,32,9,4521,27,119307,0,0,0,0,0,E,68,Alveolar type 2 cell,60,29,1,1,1_3,AT2
E-654,all,45,32,1174,4209,27,61542,0,0,0,0,0,E,17,Inflammatory monocyte,45,32,8,8,8_1,AlveolarMac
E-655,all,75,41,619,4420,31,86239,0,0,0,0,0,E,16,Secondary crest myofibroblast,58,41,3,3,3_4,AdventitialFib
E-656,all,87,35,1496,4635,19,128040,0,0,0,0,0,E,9,Alveolar type 1 cell,60,34,6,6,6,AT1
E-657,all,105,30,723,4684,23,84198,0,0,0,0,0,E,23,Alveolar type 1 cell,55,24,6,6,6,AT1
E-658,all,60,34,1472,4082,23,115579,0,0,0,0,0,E,9,Capillary 1 cell,55,33,2,2,2_1,Capillary
E-659,all,76,36,751,3884,22,81323,50,0,50,0,1,E,9,Arterial endothelial cell,59,36,2,2,2_4,Artery
E-661,all,24,12,1056,4588,12,28458,0,0,0,0,0,E,11,Sox9+/Id2+ epithelial cell,43,12,5,5,5_1,Pericyte
E-663,all,117,44,1307,3951,20,121208,60,0,60,0,1,E,64,Alveolar type 2 cell,46,22,3,3,3_1,SMC
E-665,all,42,23,449,4725,35,61145,0,0,0,0,0,E,5,Alveolar type 2 cell,46,25,2,2,2_5,DC
E-666,all,12,10,505,5660,11,19575,0,0,0,0,0,E,4,Alveolar fibroblast 1,31,10,1,1,1_5_1,LymphaticEndo
E-670,all,58,33,775,4877,20,72084,0,0,0,0,0,E,14,Capillary 1 cell,54,32,2,2,2_1,Capillary
E-671,all,27,15,504,3856,18,52238,0,0,0,0,0,E,10,Alveolar fibroblast 1,38,16,3,3,3_1,SMC
E-672,all,33,9,580,5669,10,31046,0,0,0,0,0,E,26,Secondary crest myofibroblast,44,9,1,1,1_3,AT2
E-675,all,65,37,1665,4042,13,79050,0,0,0,0,0,E,11,Alveolar fibroblast 1,58,37,1,1,1_3,AT2
E-676,all,62,27,1084,4529,25,91893,0,0,0,0,0,E,24,Pericyte,52,29,2,2,2_5,DC
E-677,all,14,13,1604,5614,37,27352,0,0,0,0,0,E,4,Sox9+/Id2+ epithelial cell,33,13,2,2,2_3,Vein
E-678,all,21,10,1759,4275,28,35166,0,0,0,0,0,E,13,Alveolar type 2 cell,39,10,1,1,1_3,AT2
E-679,all,56,37,0,4987,19,67904,0,0,0,0,0,E,4,B cell,54,37,7,7,7_2,PatrolMac
E-680,all,67,36,1136,5464,20,86256,0,0,0,0,0,E,19,Alveolar type 2 cell,59,36,1,1,1_1,AT2
E-681,all,67,36,620,3932,25,82580,0,0,0,0,0,E,6,Alveolar type 2 cell,57,35,2,2,2_1,Capillary
E-682,all,59,31,921,5206,29,90864,0,0,0,0,0,E,16,Arterial endothelial cell,55,31,2,2,2_4,Artery
E-683,all,39,20,1811,4355,29,101576,0,0,0,0,0,E,6,Sox9+/Id2+ epithelial cell,42,19,2,2,2_1,Capillary
E-685,all,49,32,1742,4229,24,76263,0,0,0,0,0,E,14,B cell,49,32,9,9,9,Bcell
E-686,all,103,48,1120,4667,19,96828,0,0,0,0,0,E,8,Neutrophil,61,38,2,2,2_6,pDC
E-687,all,24,18,1429,4040,33,42469,35478,0,35478,0,1,E,4,Ciliated cell,41,19,3,3,3_1,SMC
E-688,all,53,32,1547,4962,11,58572,0,0,0,0,0,E,3,B cell,53,32,6,6,6,AT1
E-689,all,48,28,1191,5065,17,72193,0,0,0,0,0,E,13,Pericyte,48,28,5,5,5_1,Pericyte
E-690,all,42,11,1227,5375,6,36463,0,0,0,0,0,E,31,Alveolar type 2 cell,45,11,1,1,1_3,AT2
E-692,all,72,28,934,5265,30,106109,0,0,0,0,0,E,44,Pericyte,53,28,5,5,5_1,Pericyte
E-694,all,74,39,577,5311,10,71881,0,0,0,0,0,E,22,Capillary 1 cell,57,39,8,8,8_1,AlveolarMac
E-696,all,37,24,684,5010,15,63336,0,0,0,0,0,E,9,Alveolar fibroblast 1,43,25,2,2,2_1,Capillary
E-698,all,78,25,1002,5090,29,83590,0,0,0,0,0,E,53,Alveolar type 2 cell,57,26,3,3,3_1,SMC
E-699,all,39,23,958,4959,30,48650,0,0,0,0,0,E,8,Alveolar type 1 cell,41,23,6,6,6,AT1
E-700,all,42,23,707,4605,9,47618,0,0,0,0,0,E,8,Pericyte,44,23,6,6,6,AT1
E-701,all,16,12,62,4475,27,41790,0,0,0,0,0,E,4,Arterial endothelial cell,36,13,2,2,2_4,Artery
E-702,all,23,13,1028,4972,12,17764,0,0,0,0,0,E,2,Inflammatory monocyte,40,15,2,2,2_5,DC
E-703,all,80,28,604,5691,24,89312,0,0,0,0,0,E,46,Pericyte,55,28,5,5,5_3,Pericyte
E-704,all,153,43,1149,4634,32,127445,0,0,0,0,0,E,30,Alveolar type 1 cell,47,17,6,6,6,AT1
E-705,all,174,34,611,4975,22,103886,0,0,0,0,0,E,124,Alveolar macrophage,47,12,1,1,1_1,AT2
E-706,all,29,14,1019,4126,13,62332,0,0,0,0,0,E,5,Alveolar fibroblast 1,41,14,2,2,2_1,Capillary
E-707,all,72,37,1685,3812,13,69642,0,0,0,0,0,E,10,Innate lymphoid cell,55,38,2,2,2_2,InflamMac
E-708,all,28,19,1597,4807,8,42534,0,0,0,0,0,E,8,Sox9+/Id2+ epithelial cell,41,19,3,3,3_4,AdventitialFib
E-709,all,35,24,1689,4251,32,73229,0,0,0,0,0,E,17,B cell,40,24,9,9,9,Bcell
E-710,all,83,29,315,4971,15,85584,0,0,0,0,0,E,42,Capillary 1 cell,55,29,1,1,1_1,AT2
E-711,all,26,12,1591,4481,12,52076,0,0,0,0,0,E,4,Alveolar type 1 cell,45,12,6,6,6,AT1
E-713,all,19,3,1185,5537,35,21965,0,0,0,0,0,E,17,Sox9+/Id2+ epithelial cell,44,3,1,1,1_1,AT2
E-714,all,108,36,1255,3976,20,104685,0,0,0,0,0,E,46,Alveolar fibroblast 1,53,27,3,3,3_1,SMC
E-715,all,157,27,774,3922,18,81638,0,0,0,0,0,E,28,Alveolar type 1 cell,53,16,6,6,6,AT1
E-720,all,49,35,870,4089,23,56340,0,0,0,0,0,E,3,Alveolar macrophage,49,35,1,1,1_5_2,AlveolarFib
E-725,all,111,19,462,4816,22,85975,0,0,0,0,0,E,87,Alveolar type 2 cell,49,12,1,1,1_3,AT2
E-726,all,11,6,158,4619,33,16210,0,0,0,0,0,E,7,Alveolar type 2 cell,36,6,1,1,1_1,AT2
E-727,all,85,27,731,5700,14,92662,0,0,0,0,0,E,29,Alveolar type 1 cell,58,27,6,6,6,AT1
E-729,all,53,33,319,4419,26,68235,0,0,0,0,0,E,16,Capillary 1 cell,52,34,2,2,2_5,DC
E-730,all,17,6,646,4189,6,13992,0,0,0,0,0,E,11,Sox9+/Id2+ epithelial cell,38,6,1,1,1_1,AT2
E-731,all,48,31,623,4224,10,52258,0,0,0,0,0,E,20,Pericyte,48,31,5,5,5_1,Pericyte
E-732,all,28,18,636,5349,18,42151,0,0,0,0,0,E,9,Capillary 1 cell,41,18,1,1,1_3,AT2
E-733,all,103,31,1690,5527,27,108155,0,0,0,0,0,E,63,Alveolar type 2 cell,56,26,1,1,1_1,AT2
E-734,all,63,30,1026,4565,20,80164,0,0,0,0,0,E,10,Endothelial progenitor cell,53,29,2,2,2_1,Capillary
E-736,all,23,14,572,5537,36,42814,0,0,0,0,0,E,6,Sox9+/Id2+ epithelial cell,40,13,2,2,2_1,Capillary
E-737,all,7,4,1882,3955,6,16381,0,0,0,0,0,E,5,Proliferative mesenchymal progenitor cell,24,6,3,3,3_1,SMC
E-738,all,21,15,1279,4071,32,36550,0,0,0,0,0,E,2,Natural killer cell,43,16,2,2,2_2,InflamMac
E-739,all,53,33,1058,5405,13,73040,0,0,0,0,0,E,7,Inflammatory monocyte,54,34,2,2,2_5,DC
E-740,all,12,12,943,5135,19,28262,0,0,0,0,0,E,3,Innate lymphoid cell,34,12,1,1,1_5_1,LymphaticEndo
E-742,all,28,16,1844,4452,33,75069,0,0,0,0,0,E,6,Venous endothelial cell,42,17,1,1,1_5_1,LymphaticEndo
E-743,all,39,18,1743,5651,27,86688,0,0,0,0,0,E,7,Pericyte,42,18,5,5,5_3,Pericyte
E-745,all,32,18,1224,5508,28,32847,0,0,0,0,0,E,10,Capillary 1 cell,42,18,2,2,2_1,Capillary
E-747,all,37,11,1322,4704,38,18674,0,0,0,0,0,E,7,Alveolar type 1 cell,43,11,6,6,6,AT1
E-748,all,70,34,688,4559,11,53542,0,0,0,0,0,E,20,Alveolar type 1 cell,54,34,6,6,6,AT1
E-749,all,50,11,1820,4691,9,32045,0,0,0,0,0,E,37,Alveolar type 2 cell,49,11,1,1,1_1,AT2
E-750,all,27,9,252,4584,39,18329,0,0,0,0,0,E,2,Alveolar type 1 cell,45,9,6,6,6,AT1
E-751,all,136,43,887,5381,11,69160,0,0,0,0,0,E,83,Alveolar type 2 cell,43,17,1,1,1_3,AT2
E-754,all,18,12,550,4938,31,29914,0,0,0,0,0,E,7,Neutrophil,31,12,7,7,7_3,Tcell (CD8)
E-755,all,44,15,989,5037,28,40150,0,0,0,0,0,E,28,Natural killer cell,46,15,1,1,1_1,AT2
E-756,all,45,29,1057,3844,32,56944,0,0,0,0,0,E,19,Vascular smooth muscle cell,52,30,3,3,3_2,SMC
E-757,all,69,28,1159,4372,27,63093,0,0,0,0,0,E,43,Alveolar type 2 cell,53,28,1,1,1_3,AT2
E-758,all,105,22,638,4103,11,48137,0,0,0,0,0,E,79,Alveolar type 2 cell,52,16,1,1,1_1,AT2
E-759,all,15,11,660,4691,34,25501,0,0,0,0,0,E,3,Arterial endothelial cell,38,14,2,2,2_4,Artery
E-760,all,45,26,1299,5001,23,54861,0,0,0,0,0,E,9,B cell,46,26,6,6,6,AT1
E-761,all,67,29,1034,5138,13,92210,0,0,0,0,0,E,5,Capillary 1 cell,55,30,2,2,2_2,InflamMac
E-762,all,80,41,988,5398,16,123105,57,57,0,1,0,E,12,Alveolar fibroblast 1,55,41,2,2,2_1,Capillary
E-763,all,27,14,1802,5725,8,34888,0,0,0,0,0,E,3,Capillary 1 cell,41,14,2,2,2_1,Capillary
E-764,all,19,15,821,4802,31,33175,0,0,0,0,0,E,7,CD4+ T cell,43,15,2,2,2_1,Capillary
E-765,all,50,24,536,3879,25,41149,0,0,0,0,0,E,13,Alveolar fibroblast 1,51,25,3,3,3_1,SMC
E-767,all,50,26,42,4995,33,47605,0,0,0,0,0,E,6,Alveolar type 1 cell,49,26,6,6,6,AT1
E-768,all,63,34,798,4842,28,74848,0,0,0,0,0,E,19,Inflammatory monocyte,56,34,9,9,9,Bcell
E-772,all,26,17,210,4637,33,31983,0,0,0,0,0,E,10,Alveolar fibroblast 1,39,19,2,2,2_4,Artery
E-773,all,65,38,1650,3975,14,71111,126,0,126,0,1,E,11,CD8+ T cell,59,38,7,7,7_3,Tcell (CD8)
E-774,all,12,10,1390,4775,8,16368,0,0,0,0,0,E,5,Capillary 1 cell,32,10,5,5,5_1,Pericyte
E-776,all,24,16,615,5649,32,28954,0,0,0,0,0,E,12,Pericyte,41,16,5,5,5_1,Pericyte
E-777,all,39,10,1534,4101,9,55343,0,0,0,0,0,E,31,Proliferative mesenchymal progenitor cell,46,11,3,3,3_1,SMC
E-778,all,12,10,973,4545,38,36696,0,0,0,0,0,E,3,B cell,27,10,9,9,9,Bcell
E-780,all,21,9,546,3907,34,25879,0,0,0,0,0,E,10,Alveolar fibroblast 1,39,10,3,3,3_1,SMC
E-781,all,23,12,603,4161,16,25709,0,0,0,0,0,E,2,Sox9+/Id2+ epithelial cell,41,12,1,1,1_3,AT2
E-785,all,39,25,2,4470,13,84060,0,0,0,0,0,E,9,Endothelial progenitor cell,41,25,2,2,2_6,pDC
E-787,all,66,33,57,5037,33,66685,0,0,0,0,0,E,11,Alveolar type 1 cell,57,33,6,6,6,AT1
E-788,all,26,15,417,5270,35,29369,0,0,0,0,0,E,3,Alveolar fibroblast 1,38,16,1,1,1_4_1,AlveolarFib
E-789,all,30,13,1049,5252,34,33657,0,0,0,0,0,E,11,Alveolar type 1 cell,43,13,6,6,6,AT1
E-790,all,33,17,1161,5430,13,27681,0,0,0,0,0,E,16,Alveolar type 2 cell,43,17,1,1,1_1,AT2
E-792,all,48,24,1283,4108,15,76085,0,0,0,0,0,E,8,Alveolar fibroblast 1,52,25,3,3,3_1,SMC
E-795,all,22,17,1337,4822,20,57750,0,0,0,0,0,E,2,Proliferative mesenchymal progenitor cell,43,18,3,3,3_1,SMC
E-797,all,65,40,958,5445,21,88428,0,0,0,0,0,E,17,B cell,57,40,9,9,9,Bcell
E-798,all,70,42,939,5323,30,64651,0,0,0,0,0,E,10,Alveolar type 1 cell,57,43,2,2,2_1,Capillary
E-799,all,48,29,223,4667,27,54713,0,0,0,0,0,E,7,Alveolar fibroblast 1,50,30,2,2,2_4,Artery
E-800,all,70,38,1288,4852,19,118824,0,0,0,0,0,E,8,Capillary 1 cell,56,38,9,9,9,Bcell
E-802,all,96,26,1624,4185,26,98330,0,0,0,0,0,E,17,Alveolar type 1 cell,55,25,6,6,6,AT1
E-805,all,42,14,759,4612,14,70431,0,0,0,0,0,E,12,Venous endothelial cell,44,14,1,1,1_5_2,AlveolarFib
E-806,all,96,28,548,3850,21,66242,0,0,0,0,0,E,25,Alveolar type 1 cell,58,27,6,6,6,AT1
E-808,all,108,18,788,4786,20,85019,0,0,0,0,0,E,91,Alveolar type 2 cell,54,14,1,1,1_1,AT2
E-809,all,10,6,1874,4028,19,32245,0,0,0,0,0,E,5,Proliferative mesenchymal progenitor cell,32,7,3,3,3_1,SMC
E-811,all,66,29,1601,4151,20,64748,0,0,0,0,0,E,16,Alveolar fibroblast 1,57,29,6,6,6,AT1
E-812,all,35,21,1921,4069,26,51429,0,0,0,0,0,E,10,Alveolar fibroblast 1,42,22,3,3,3_1,SMC
E-813,all,35,22,1097,3854,25,56722,73,0,73,0,1,E,9,Pericyte,40,22,5,5,5_1,Pericyte
E-814,all,11,8,1390,4815,8,34627,0,0,0,0,0,E,2,Capillary 1 cell,30,8,2,2,2_1,Capillary
E-815,all,6,3,679,4180,6,11144,0,0,0,0,0,E,4,Sox9+/Id2+ epithelial cell,31,5,1,1,1_1,AT2
E-817,all,17,13,1339,4905,33,30371,0,0,0,0,0,E,6,Pericyte,33,13,5,5,5_1,Pericyte
E-821,all,35,24,556,4719,20,99589,0,0,0,0,0,E,6,Alveolar fibroblast 1,40,25,3,3,3_5,SMC
E-822,all,29,20,1669,4460,30,63778,0,0,0,0,0,E,3,Endothelial progenitor cell,42,19,2,2,2_1,Capillary
E-823,all,36,24,1584,4107,22,86214,0,0,0,0,0,E,4,Alveolar fibroblast 1,42,25,3,3,3_5,SMC
E-824,all,14,11,1175,5213,10,19038,0,0,0,0,0,E,2,Alveolar fibroblast 1,31,12,1,1,1_5_2,AlveolarFib
E-825,all,44,21,906,5354,12,55084,51,51,0,1,0,E,12,Innate lymphoid cell,47,22,2,2,2_2,InflamMac
E-826,all,45,26,907,5144,21,73420,0,0,0,0,0,E,4,Alveolar fibroblast 1,47,27,2,2,2_4,Artery
E-827,all,61,13,253,4555,15,57766,0,0,0,0,0,E,34,Alveolar type 2 cell,51,13,1,1,1_1,AT2
E-828,all,35,27,1206,5458,20,63054,0,0,0,0,0,E,11,Alveolar fibroblast 1,41,27,1,1,1_5_2,AlveolarFib
E-830,all,177,34,360,4836,20,120470,0,0,0,0,0,E,135,Alveolar type 2 cell,46,9,1,1,1_3,AT2
E-831,all,10,5,1224,5236,5,7509,0,0,0,0,0,E,5,Sox9+/Id2+ epithelial cell,34,5,1,1,1_1,AT2
E-832,all,23,15,1010,5242,35,31565,0,0,0,0,0,E,3,Alveolar type 1 cell,44,15,6,6,6,AT1
E-834,all,118,31,1279,5044,24,77554,0,0,0,0,0,E,19,Alveolar type 1 cell,45,16,6,6,6,AT1
E-835,all,88,31,1261,3932,30,61289,0,0,0,0,0,E,34,Sox9+/Id2+ epithelial cell,58,31,1,1,1_1,AT2
E-836,all,111,45,1145,5299,16,120756,52,52,0,1,0,E,31,Alveolar type 1 cell,45,23,6,6,6,AT1
E-840,all,38,21,1190,5430,22,44202,0,0,0,0,0,E,8,Capillary 2 cell,42,21,2,2,2_6,pDC
E-842,all,31,9,1804,4732,9,24929,0,0,0,0,0,E,24,Alveolar type 2 cell,44,9,1,1,1_1,AT2
E-845,all,28,18,1552,4084,21,47557,0,0,0,0,0,E,6,Alveolar fibroblast 1,44,18,2,2,2_1,Capillary
E-846,all,51,26,1746,3829,25,88726,0,0,0,0,0,E,4,Alveolar fibroblast 1,52,27,3,3,3_1,SMC
E-847,all,33,20,1198,3913,18,54674,0,0,0,0,0,E,13,Alveolar fibroblast 1,42,21,3,3,3_1,SMC
E-848,all,90,27,628,4595,22,79952,0,0,0,0,0,E,15,Alveolar type 1 cell,54,27,6,6,6,AT1
E-850,all,9,5,1215,5213,5,8796,0,0,0,0,0,E,7,Pericyte,32,6,5,5,5_1,Pericyte
E-853,all,18,17,858,4898,36,45945,0,0,0,0,0,E,5,Interstitial macrophage,34,17,8,8,8_3,InterstitialMac
E-854,all,15,12,932,4928,35,20995,0,0,0,0,0,E,3,Alveolar type 1 cell,35,12,6,6,6,AT1
E-856,all,28,15,358,4890,6,34055,0,0,0,0,0,E,14,Endothelial progenitor cell,42,17,2,2,2_5,DC
E-860,all,35,8,668,4972,15,42161,0,0,0,0,0,E,25,Alveolar type 2 cell,46,8,1,1,1_1,AT2
E-861,all,139,30,1127,5387,18,96739,0,0,0,0,0,E,104,Alveolar type 2 cell,48,15,1,1,1_3,AT2
E-864,all,86,19,212,4508,16,75090,0,0,0,0,0,E,69,Alveolar type 2 cell,56,19,1,1,1_3,AT2
E-865,all,18,12,1198,5489,28,42795,0,0,0,0,0,E,6,Pericyte,38,12,5,5,5_1,Pericyte
E-866,all,17,12,1222,4244,15,37186,0,0,0,0,0,E,3,Capillary 1 cell,36,12,2,2,2_3,Vein
E-868,all,46,31,1456,4945,35,82567,0,0,0,0,0,E,3,Inflammatory monocyte,47,32,3,3,3_2,SMC
E-869,all,30,18,1301,4921,31,64751,0,0,0,0,0,E,7,Pericyte,39,18,6,6,6,AT1
E-870,all,18,11,1617,4121,17,30432,0,0,0,0,0,E,5,Pericyte,37,11,2,2,2_1,Capillary
E-871,all,44,25,1576,4383,23,113792,0,0,0,0,0,E,5,B cell,44,25,7,7,7_2,PatrolMac
E-872,all,47,18,502,3895,19,62593,0,0,0,0,0,E,21,Alveolar fibroblast 1,51,19,3,3,3_1,SMC
E-873,all,67,39,801,4665,26,106942,0,0,0,0,0,E,13,Alveolar type 1 cell,56,40,1,1,1_4_1,AlveolarFib
E-874,all,43,17,1586,4515,9,44268,0,0,0,0,0,E,6,Sox9+/Id2+ epithelial cell,44,17,8,8,8_2,InterstitialMac
E-876,all,84,35,675,5363,17,83062,52,52,0,1,0,E,10,Alveolar type 1 cell,59,35,6,6,6,AT1
E-878,all,30,25,992,4588,27,54727,0,0,0,0,0,E,2,Sox9+/Id2+ epithelial cell,38,26,1,1,1_5_2,AlveolarFib
E-880,all,95,34,879,5655,26,82495,0,0,0,0,0,E,51,Alveolar type 2 cell,58,31,2,2,2_1,Capillary
E-883,all,39,18,1122,3915,39,35875,0,0,0,0,0,E,14,Alveolar type 1 cell,44,18,6,6,6,AT1
E-885,all,80,39,463,5276,19,113935,0,0,0,0,0,E,13,Alveolar fibroblast 1,56,40,3,3,3_1,SMC
E-887,all,12,9,576,5744,17,11336,0,0,0,0,0,E,4,Alveolar type 2 cell,35,10,2,2,2_2,InflamMac
E-889,all,8,6,1846,4499,38,9919,0,0,0,0,0,E,4,Venous endothelial cell,26,7,2,2,2_3,Vein
E-891,all,6,4,707,5742,5,6464,0,0,0,0,0,E,5,Alveolar macrophage,14,7,2,2,2_6,pDC
E-893,all,13,11,1155,5042,10,9360,0,0,0,0,0,E,4,Pericyte,32,11,5,5,5_3,Pericyte
E-896,all,17,6,293,4534,8,20172,0,0,0,0,0,E,16,Secondary crest myofibroblast,42,7,3,3,3_1,SMC
E-897,all,93,28,332,4465,21,63909,0,0,0,0,0,E,64,Alveolar type 2 cell,57,27,2,2,2_2,InflamMac
E-902,all,109,45,2958,1618,30,72367,0,0,0,0,0,E,23,B cell,61,40,1,1,1_5_1,LymphaticEndo
E-903,all,70,36,2307,274,22,86698,0,0,0,0,0,E,8,Natural killer cell,55,38,2,2,2_5,DC
E-905,all,107,45,2639,811,34,79210,0,0,0,0,0,E,17,Inflammatory monocyte,58,35,2,2,2_5,DC
E-907,all,186,50,2408,1672,27,99436,0,0,0,0,0,E,18,Alveolar type 1 cell,54,30,1,1,1_4_1,AlveolarFib
E-908,all,104,50,3087,898,22,87101,334,0,334,0,1,E,14,CD8+ T cell,58,42,6,6,6,AT1
E-909,all,99,34,2948,1751,18,78428,0,0,0,0,0,E,55,Pericyte,57,31,5,5,5_1,Pericyte
E-910,all,53,33,3572,940,11,65559,0,0,0,0,0,E,8,Inflammatory monocyte,57,35,2,2,2_5,DC
E-913,all,36,23,3529,1866,31,45682,0,0,0,0,0,E,5,Neutrophil,41,24,2,2,2_2,InflamMac
E-914,all,62,28,2785,1451,11,45826,0,0,0,0,0,E,10,Alveolar fibroblast 1,54,29,1,1,1_5_1,LymphaticEndo
E-915,all,63,30,2670,607,29,48965,0,0,0,0,0,E,11,Inflammatory monocyte,56,31,2,2,2_2,InflamMac
E-916,all,32,18,2220,1710,39,29191,0,0,0,0,0,E,6,Alveolar type 1 cell,42,18,5,5,5_3,Pericyte
E-918,all,88,38,3675,933,11,53890,0,0,0,0,0,E,21,Alveolar type 2 cell,59,39,2,2,2_2,InflamMac
E-919,all,52,24,3550,1667,31,81352,0,0,0,0,0,E,5,CD8+ T cell,51,25,2,2,2_2,InflamMac
E-920,all,64,28,2303,125,33,54310,0,0,0,0,0,E,32,Pericyte,55,28,5,5,5_3,Pericyte
E-921,all,104,50,2699,874,24,82522,0,0,0,0,0,E,8,AT1/AT2,65,47,2,2,2_5,DC
E-922,all,126,40,2813,1937,22,96622,0,0,0,0,0,E,25,B cell,49,24,7,7,7_4,PatrolMac
E-924,all,93,41,2623,1020,30,66245,0,0,0,0,0,E,25,Arterial endothelial cell,63,40,7,7,7_4,PatrolMac
E-925,all,116,52,3256,801,18,87439,0,0,0,0,0,E,26,Alveolar fibroblast 1,48,31,1,1,1_5_2,AlveolarFib
E-926,all,22,14,2622,721,40,24308,0,0,0,0,0,E,6,Inflammatory monocyte,39,14,7,7,7_2,PatrolMac
E-928,all,27,15,2557,1106,25,33615,0,0,0,0,0,E,4,T regulatory cell,39,16,1,1,1_6_2,Neutrophil
E-929,all,222,30,2759,1226,16,94061,0,0,0,0,0,E,180,Alveolar type 2 cell,49,13,1,1,1_1,AT2
E-930,all,69,37,3469,1600,37,51353,0,0,0,0,0,E,22,Alveolar fibroblast 1,54,38,2,2,2_4,Artery
E-931,all,86,29,2612,906,13,62732,0,0,0,0,0,E,26,Inflammatory monocyte,59,29,7,7,7_3,Tcell (CD8)
E-932,all,34,23,2177,1724,37,47970,0,0,0,0,0,E,2,CD4+ T cell,40,23,1,1,1_2_1,Tcell (CD4)
E-933,all,78,37,3541,1763,33,64697,0,0,0,0,0,E,18,Alveolar fibroblast 1,58,38,1,1,1_5_1,LymphaticEndo
E-935,all,49,22,2717,1811,24,33552,0,0,0,0,0,E,6,Sox9+/Id2+ epithelial cell,49,22,1,1,1_3,AT2
E-937,all,34,23,2324,1659,30,41251,0,0,0,0,0,E,8,B cell,43,23,9,9,9,Bcell
E-938,all,26,13,3541,1946,38,14571,0,0,0,0,0,E,8,Ciliated cell,41,13,4,4,4_1_2,ClubEpi
E-940,all,51,24,2864,773,11,48316,0,0,0,0,0,E,7,Capillary 1 cell,48,24,2,2,2_1,Capillary
E-942,all,67,40,2211,1870,27,50683,9233,2140,8026,0.2105056,0.7894944,E,6,CD4+ T cell,59,40,1,1,1_2_1,Tcell (CD4)
E-943,all,90,47,2680,1708,26,64263,0,0,0,0,0,E,17,Alveolar fibroblast 1,62,47,9,9,9,Bcell
E-944,all,20,14,2968,1083,15,30295,0,0,0,0,0,E,4,Inflammatory monocyte,40,15,2,2,2_2,InflamMac
E-945,all,202,55,3093,1944,25,58920,0,0,0,0,0,E,132,Ciliated cell,54,18,4,4,4_2,ClubEpi
E-946,all,14,10,2739,1405,5,17072,0,0,0,0,0,E,8,Pericyte,29,10,5,5,5_1,Pericyte
E-949,all,53,34,2914,1944,11,37214,0,0,0,0,0,E,5,CD8+ T cell,54,36,2,2,2_3,Vein
E-950,all,243,56,3250,839,23,138460,0,0,0,0,0,E,149,Alveolar fibroblast 1,46,21,1,1,1_3,AT2
E-951,all,198,52,3747,1887,22,92621,0,0,0,0,0,E,116,Ciliated cell,53,20,4,4,4_2,ClubEpi
E-953,all,18,8,3370,121,11,32429,0,0,0,0,0,E,13,Venous endothelial cell,30,8,1,1,1_5_1,LymphaticEndo
E-954,all,97,50,2723,1458,23,72844,0,0,0,0,0,E,11,B cell,62,46,2,2,2_2,InflamMac
E-955,all,55,34,3367,1170,32,59820,0,0,0,0,0,E,16,Inflammatory monocyte,54,35,2,2,2_2,InflamMac
E-956,all,53,26,3611,1454,11,41385,0,0,0,0,0,E,13,Natural killer cell,54,28,2,2,2_5,DC
E-957,all,153,42,3279,1483,19,67961,0,0,0,0,0,E,22,Alveolar type 1 cell,48,20,6,6,6,AT1
E-958,all,65,29,2513,753,15,87054,0,0,0,0,0,E,4,B cell,54,29,1,1,1_2_1,Tcell (CD4)
E-959,all,47,30,2647,970,20,71499,0,0,0,0,0,E,12,Sox9+/Id2+ epithelial cell,47,30,2,2,2_3,Vein
E-962,all,36,21,2310,1629,22,57573,0,0,0,0,0,E,6,Inflammatory monocyte,40,21,9,9,9,Bcell
E-963,all,75,39,2840,336,30,91227,0,0,0,0,0,E,6,Capillary 1 cell,56,40,2,2,2_2,InflamMac
E-964,all,70,28,2792,713,8,48467,0,0,0,0,0,E,29,Alveolar type 1 cell,53,28,1,1,1_4_3,AlveolarFib
E-965,all,79,38,3593,1872,32,60840,0,0,0,0,0,E,12,Alveolar macrophage,57,38,1,1,1_5_2,AlveolarFib
E-966,all,213,64,2499,1147,30,92573,0,0,0,0,0,E,27,Mesothelial cell,50,29,6,6,6,AT1
E-967,all,95,48,2279,1549,29,113341,0,0,0,0,0,E,28,Pericyte,65,48,5,5,5_1,Pericyte
E-971,all,119,29,2202,338,27,85748,0,0,0,0,0,E,87,Alveolar type 2 cell,47,14,1,1,1_1,AT2
E-973,all,52,27,2592,619,9,33288,0,0,0,0,0,E,23,Pericyte,51,27,5,5,5_3,Pericyte
E-974,all,47,24,2289,1368,11,54121,0,0,0,0,0,E,12,Proliferative mesenchymal progenitor cell,49,25,3,3,3_1,SMC
E-975,all,68,37,2042,891,19,87198,0,0,0,0,0,E,14,Inflammatory monocyte,57,38,2,2,2_2,InflamMac
E-976,all,76,44,2355,1615,30,86906,0,0,0,0,0,E,12,Capillary 1 cell,60,45,1,1,1_4_1,AlveolarFib
E-977,all,43,6,1976,794,6,15386,0,0,0,0,0,E,38,Pericyte,47,6,1,1,1_1,AT2
E-979,all,38,25,3003,368,31,49156,0,0,0,0,0,E,11,Alveolar fibroblast 1,43,25,1,1,1_5_1,LymphaticEndo
E-981,all,111,31,2567,733,33,60637,0,0,0,0,0,E,15,Alveolar type 1 cell,50,20,6,6,6,AT1
E-983,all,84,41,2213,1525,19,87348,0,0,0,0,0,E,12,Innate lymphoid cell,61,41,2,2,2_6,pDC
E-985,all,10,8,3160,945,35,13200,0,0,0,0,0,E,2,Pericyte,23,8,5,5,5_1,Pericyte
E-986,all,42,5,2582,1170,8,16571,0,0,0,0,0,E,38,Sox9+/Id2+ epithelial cell,47,5,1,1,1_1,AT2
E-987,all,63,30,3316,1117,31,48399,0,0,0,0,0,E,12,Arterial endothelial cell,55,30,7,7,7_2,PatrolMac
E-988,all,73,27,3682,331,14,57368,0,0,0,0,0,E,38,Secondary crest myofibroblast,55,28,3,3,3_1,SMC
E-989,all,131,16,2875,896,14,53004,0,0,0,0,0,E,109,Alveolar type 2 cell,47,8,1,1,1_1,AT2
E-990,all,61,34,2740,1867,27,50283,0,0,0,0,0,E,10,Interstitial macrophage,55,34,8,8,8_2,InterstitialMac
E-991,all,91,41,3111,1834,14,93511,0,0,0,0,0,E,14,Alveolar fibroblast 1,57,41,2,2,2_2,InflamMac
E-994,all,57,32,3443,1658,17,69764,0,0,0,0,0,E,9,Capillary 1 cell,54,32,2,2,2_1,Capillary
E-996,all,126,46,2925,1096,21,116685,0,0,0,0,0,E,31,Alveolar fibroblast 1,43,23,9,9,9,Bcell
E-998,all,31,18,2473,1001,9,32259,0,0,0,0,0,E,10,Sox9+/Id2+ epithelial cell,44,19,1,1,1_4_3,AlveolarFib
E-999,all,81,35,3637,780,28,103420,0,0,0,0,0,E,10,Inflammatory monocyte,56,37,2,2,2_5,DC
E-1000,all,108,41,2504,1620,32,92307,0,0,0,0,0,E,11,CD8+ T cell,57,35,7,7,7_2,PatrolMac
E-1001,all,69,24,2139,557,17,82628,0,0,0,0,0,E,9,Innate lymphoid cell,55,25,2,2,2_2,InflamMac
E-1003,all,74,35,3462,1913,29,63177,0,0,0,0,0,E,8,Arterial endothelial cell,55,36,2,2,2_4,Artery
E-1004,all,76,37,2830,1728,11,67965,0,0,0,0,0,E,11,Alveolar fibroblast 1,54,37,3,3,3_4,AdventitialFib
E-1006,all,71,24,2158,167,36,66956,0,0,0,0,0,E,16,Alveolar type 1 cell,53,24,6,6,6,AT1
E-1007,all,47,20,3103,320,12,52706,0,0,0,0,0,E,20,Pericyte,49,21,1,1,1_4_3,AlveolarFib
E-1008,all,148,54,3637,1846,20,101981,0,0,0,0,0,E,26,Alveolar type 1 cell,49,26,1,1,1_4_1,AlveolarFib
E-1009,all,68,22,2193,299,22,90731,0,0,0,0,0,E,36,Sox9+/Id2+ epithelial cell,55,22,1,1,1_1,AT2
E-1010,all,154,36,2575,1136,16,72133,0,0,0,0,0,E,98,Alveolar type 2 cell,48,16,1,1,1_1,AT2
E-1012,all,52,31,2076,1091,24,80758,0,0,0,0,0,E,6,Alveolar fibroblast 1,52,31,3,3,3_4,AdventitialFib
E-1014,all,110,37,2114,1090,25,71416,0,0,0,0,0,E,73,Alveolar type 2 cell,51,22,1,1,1_3,AT2
E-1017,all,206,60,2657,1748,28,120288,0,0,0,0,0,E,120,Alveolar fibroblast 1,52,31,1,1,1_1,AT2
E-1018,all,58,22,2836,994,36,48874,0,0,0,0,0,E,9,Alveolar type 1 cell,52,22,6,6,6,AT1
E-1019,all,39,19,3417,1615,22,23714,0,0,0,0,0,E,3,Capillary 1 cell,44,19,2,2,2_1,Capillary
E-1021,all,48,29,2642,940,21,42853,54,54,0,1,0,E,8,Inflammatory monocyte,48,29,1,1,1_5_2,AlveolarFib
E-1022,all,30,14,2216,521,23,58031,0,0,0,0,0,E,2,Endothelial progenitor cell,41,14,3,3,3_4,AdventitialFib
E-1023,all,49,30,2744,1499,8,68752,0,0,0,0,0,E,10,Arterial endothelial cell,49,30,7,7,7_2,PatrolMac
E-1024,all,132,44,3231,885,16,92412,0,0,0,0,0,E,63,Alveolar type 2 cell,45,19,1,1,1_3,AT2
E-1025,all,72,43,2132,1732,32,91728,0,0,0,0,0,E,18,Pericyte,53,42,5,5,5_3,Pericyte
E-1026,all,24,16,2748,1010,36,37682,0,0,0,0,0,E,5,Inflammatory monocyte,44,16,2,2,2_1,Capillary
E-1028,all,108,47,2816,1367,22,93855,0,0,0,0,0,E,26,T regulatory cell,57,37,3,3,3_5,SMC
E-1029,all,25,8,3712,1299,6,10498,0,0,0,0,0,E,9,B cell,41,8,9,9,9,Bcell
E-1030,all,96,37,3069,854,20,82200,0,0,0,0,0,E,26,Sox9+/Id2+ epithelial cell,60,36,2,2,2_1,Capillary
E-1031,all,70,33,3297,1848,14,66651,0,0,0,0,0,E,27,Pericyte,55,33,5,5,5_1,Pericyte
E-1032,all,210,61,3135,1949,31,62980,0,0,0,0,0,E,113,Ciliated cell,54,27,4,4,4_2,ClubEpi
E-1033,all,107,45,3343,1928,18,81828,0,0,0,0,0,E,38,Alveolar fibroblast 1,62,37,2,2,2_4,Artery
E-1034,all,61,31,2735,580,14,59272,0,0,0,0,0,E,8,Alveolar macrophage,56,31,6,6,6,AT1
E-1035,all,92,42,2357,1312,25,64704,0,0,0,0,0,E,18,CD4+ T cell,61,42,1,1,1_2_1,Tcell (CD4)
E-1037,all,34,18,2564,861,15,54425,0,0,0,0,0,E,8,B cell,42,18,9,9,9,Bcell
E-1038,all,66,29,2207,593,16,74694,0,0,0,0,0,E,13,Neutrophil,56,28,1,1,1_5_1,LymphaticEndo
E-1040,all,69,30,2517,865,30,81483,0,0,0,0,0,E,5,Alveolar fibroblast 1,54,31,1,1,1_4_1,AlveolarFib
E-1041,all,31,18,3671,1892,17,32574,0,0,0,0,0,E,14,Alveolar fibroblast 1,37,18,1,1,1_5_1,LymphaticEndo
E-1042,all,38,17,2398,1277,34,29187,0,0,0,0,0,E,23,Inflammatory monocyte,42,17,9,9,9,Bcell
E-1044,all,115,35,3492,72,26,68742,0,0,0,0,0,E,74,Alveolar type 2 cell,45,17,1,1,1_1,AT2
E-1045,all,19,12,2859,1513,6,17624,0,0,0,0,0,E,3,CD4+ T cell,36,12,7,7,7_2,PatrolMac
E-1055,all,26,15,2443,1083,8,28740,0,0,0,0,0,E,6,Sox9+/Id2+ epithelial cell,45,15,3,3,3_4,AdventitialFib
E-1057,all,76,20,2360,985,8,28716,0,0,0,0,0,E,49,Alveolar type 2 cell,53,21,2,2,2_2,InflamMac
E-1061,all,72,27,3311,865,29,72752,0,0,0,0,0,E,36,Alveolar macrophage,52,28,3,3,3_1,SMC
E-1063,all,114,51,3358,1130,27,91893,0,0,0,0,0,E,21,Capillary 1 cell,43,25,2,2,2_1,Capillary
E-1067,all,52,24,2278,377,23,73696,0,0,0,0,0,E,17,Pericyte,51,24,5,5,5_3,Pericyte
E-1068,all,27,7,3619,957,8,18915,0,0,0,0,0,E,19,Pericyte,45,7,5,5,5_3,Pericyte
E-1069,all,38,26,3319,1486,11,33405,0,0,0,0,0,E,2,Alveolar type 1 cell,42,26,6,6,6,AT1
E-1071,all,97,36,3743,1802,18,68860,0,0,0,0,0,E,23,Sox9+/Id2+ epithelial cell,61,37,3,3,3_1,SMC
E-1073,all,111,37,3092,1154,26,74763,0,0,0,0,0,E,32,Sox9+/Id2+ epithelial cell,52,28,3,3,3_4,AdventitialFib
E-1075,all,59,30,2972,1930,13,59125,0,0,0,0,0,E,14,CD4+ T cell,55,30,7,7,7_3,Tcell (CD8)
E-1076,all,51,27,2595,1902,32,49117,0,0,0,0,0,E,2,B cell,51,27,9,9,9,Bcell
E-1077,all,57,23,2776,748,18,46668,0,0,0,0,0,E,13,CD4+ T cell,53,23,1,1,1_2_1,Tcell (CD4)
E-1078,all,51,28,2901,447,21,60119,0,0,0,0,0,E,8,Endothelial progenitor cell,49,27,2,2,2_1,Capillary
E-1082,all,35,23,3134,932,32,36241,0,0,0,0,0,E,12,Secondary crest myofibroblast,40,23,3,3,3_1,SMC
E-1083,all,33,10,3107,1109,27,18215,0,0,0,0,0,E,22,Alveolar type 2 cell,45,10,1,1,1_1,AT2
E-1084,all,15,11,3768,410,32,13951,0,0,0,0,0,E,3,Alveolar fibroblast 1,35,12,3,3,3_1,SMC
E-1086,all,43,21,3675,1778,10,33752,0,0,0,0,0,E,7,Inflammatory monocyte,43,21,3,3,3_4,AdventitialFib
E-1087,all,85,17,2614,594,18,45301,0,0,0,0,0,E,68,Alveolar type 2 cell,55,17,1,1,1_3,AT2
E-1088,all,39,18,3168,1630,32,29403,0,0,0,0,0,E,6,Inflammatory monocyte,42,20,2,2,2_3,Vein
E-1089,all,29,17,3658,296,13,39967,0,0,0,0,0,E,10,Alveolar macrophage,39,18,3,3,3_2,SMC
E-1090,all,50,25,2835,1542,7,32827,0,0,0,0,0,E,10,Inflammatory monocyte,50,25,7,7,7_2,PatrolMac
E-1092,all,41,22,3634,1918,18,66914,0,0,0,0,0,E,9,Secretory cell,44,23,3,3,3_2,SMC
E-1093,all,56,26,3727,993,10,39184,0,0,0,0,0,E,4,Alveolar type 1 cell,53,27,3,3,3_5,SMC
E-1094,all,79,43,3581,1765,33,63922,0,0,0,0,0,E,28,Vascular smooth muscle cell,58,43,5,5,5_3,Pericyte
E-1097,all,77,37,3145,1112,20,52691,0,0,0,0,0,E,18,Inflammatory monocyte,51,37,7,7,7_2,PatrolMac
E-1100,all,185,69,2419,1295,29,89939,0,0,0,0,0,E,34,CD8+ T cell,49,32,2,2,2_2,InflamMac
E-1103,all,40,16,3455,85,31,45302,0,0,0,0,0,E,20,Inflammatory monocyte,45,18,2,2,2_5,DC
E-1104,all,33,20,2118,66,32,53230,0,0,0,0,0,E,10,B cell,41,20,1,1,1_2_1,Tcell (CD4)
E-1106,all,54,22,2745,760,25,35610,0,0,0,0,0,E,9,Alveolar type 1 cell,52,22,6,6,6,AT1
E-1107,all,64,31,1960,598,31,62774,0,0,0,0,0,E,4,Inflammatory monocyte,57,31,3,3,3_5,SMC
E-1110,all,62,37,2744,877,24,60876,0,0,0,0,0,E,9,Arterial endothelial cell,57,37,2,2,2_4,Artery
E-1115,all,178,42,2130,1145,25,118860,0,0,0,0,0,E,90,Alveolar type 2 cell,53,24,2,2,2_1,Capillary
E-1116,all,17,13,2118,1691,15,31402,0,0,0,0,0,E,3,Pericyte,33,13,5,5,5_1,Pericyte
E-1117,all,176,42,3710,1911,21,96700,0,0,0,0,0,E,103,Ciliated cell,60,42,4,4,4_2,CiliatedEpi
E-1118,all,75,34,3631,1755,25,63277,0,0,0,0,0,E,14,Inflammatory monocyte,54,34,9,9,9,Bcell
E-1119,all,56,37,3489,1946,23,88761,0,0,0,0,0,E,14,B cell,55,38,2,2,2_2,InflamMac
E-1121,all,19,15,2562,964,9,43587,0,0,0,0,0,E,4,Endothelial progenitor cell,38,16,2,2,2_1,Capillary
E-1124,all,65,28,3535,877,14,47783,0,0,0,0,0,E,2,Endothelial progenitor cell,54,27,2,2,2_1,Capillary
E-1126,all,124,40,2882,950,28,94247,0,0,0,0,0,E,35,Inflammatory monocyte,46,20,7,7,7_2,PatrolMac
E-1127,all,174,71,2417,1008,22,126395,0,0,0,0,0,E,43,Alveolar type 1 cell,44,29,3,3,3_5,SMC
E-1128,all,53,32,3190,1892,32,48174,0,0,0,0,0,E,12,Inflammatory monocyte,53,32,7,7,7_2,PatrolMac
E-1130,all,108,49,3084,374,21,101083,0,0,0,0,0,E,49,Alveolar type 2 cell,55,37,1,1,1_1,AT2
E-1133,all,28,15,3028,1038,13,46181,0,0,0,0,0,E,8,Alveolar fibroblast 1,41,15,2,2,2_1,Capillary
E-1135,all,27,14,3737,636,29,34718,0,0,0,0,0,E,5,CD4+ T cell,45,14,1,1,1_2_1,Tcell (CD4)
E-1136,all,133,42,3380,1562,31,80304,0,0,0,0,0,E,5,Alveolar fibroblast 1,51,27,3,3,3_4,AdventitialFib
E-1138,all,58,29,2830,371,29,55203,0,0,0,0,0,E,5,Alveolar fibroblast 1,53,30,1,1,1_4_1,AlveolarFib
E-1141,all,87,39,3657,1265,23,85837,0,0,0,0,0,E,22,Alveolar fibroblast 1,61,39,3,3,3_1,SMC
E-1142,all,53,14,3650,979,7,28841,0,0,0,0,0,E,34,Alveolar type 2 cell,51,14,1,1,1_3,AT2
E-1144,all,79,44,3625,1333,26,96675,0,0,0,0,0,E,11,Inflammatory monocyte,56,44,1,1,1_3,AT2
E-1146,all,42,23,2183,1895,35,48356,0,0,0,0,0,E,5,Innate lymphoid cell,48,25,2,2,2_5,DC
E-1148,all,134,46,2310,412,28,117837,0,0,0,0,0,E,45,Secondary crest myofibroblast,45,23,5,5,5_3,Pericyte
E-1149,all,56,15,2659,541,7,26213,0,0,0,0,0,E,18,Alveolar type 1 cell,52,15,6,6,6,AT1
E-1150,all,102,40,3014,1103,29,60671,0,0,0,0,0,E,14,Interstitial macrophage,63,37,8,8,8_3,InterstitialMac
E-1152,all,118,50,2052,583,28,84495,0,0,0,0,0,E,27,Alveolar macrophage,47,29,8,8,8_1,AlveolarMac
E-1155,all,24,14,2935,421,22,29953,0,0,0,0,0,E,7,Alveolar fibroblast 1,40,15,2,2,2_2,InflamMac
E-1160,all,102,28,3134,1731,18,101232,0,0,0,0,0,E,8,Alveolar type 1 cell,58,26,6,6,6,AT1
E-1161,all,43,16,2906,854,21,54138,0,0,0,0,0,E,23,Pericyte,45,16,5,5,5_3,Pericyte
E-1163,all,78,31,3719,1337,11,57738,0,0,0,0,0,E,8,Inflammatory monocyte,57,32,2,2,2_2,InflamMac
E-1165,all,93,36,2588,1075,29,86291,0,0,0,0,0,E,31,Inflammatory monocyte,61,36,2,2,2_1,Capillary
E-1167,all,41,17,3121,372,22,48985,0,0,0,0,0,E,8,Basophil,47,19,2,2,2_5,DC
E-1168,all,105,48,2436,1957,30,81648,0,0,0,0,0,E,26,Alveolar macrophage,60,39,5,5,5_3,Pericyte
E-1169,all,162,66,3395,1954,27,106157,0,0,0,0,0,E,25,Alveolar macrophage,52,39,2,2,2_5,DC
E-1170,all,8,6,2563,792,40,18372,0,0,0,0,0,E,2,Alveolar fibroblast 1,25,7,6,6,6,AT1
E-1171,all,150,44,3700,1836,23,66331,0,0,0,0,0,E,14,Alveolar type 1 cell,50,23,6,6,6,AT1
E-1172,all,12,7,2525,621,39,17029,0,0,0,0,0,E,2,B cell,32,7,9,9,9,Bcell
E-1174,all,67,26,2983,869,25,83785,0,0,0,0,0,E,13,CD8+ T cell,54,26,5,5,5_3,Pericyte
E-1179,all,40,24,3020,1926,25,35613,0,0,0,0,0,E,11,B cell,41,24,7,7,7_3,Tcell (CD8)
E-1181,all,49,26,3131,1135,14,30788,0,0,0,0,0,E,21,CD4+ T cell,52,27,2,2,2_2,InflamMac
E-1182,all,32,19,2096,1203,24,30239,0,0,0,0,0,E,5,Alveolar type 2 cell,41,20,2,2,2_2,InflamMac
E-1184,all,101,45,2018,1636,27,78074,0,0,0,0,0,E,8,Inflammatory monocyte,64,44,3,3,3_2,SMC
E-1185,all,34,17,2631,1835,6,41257,0,0,0,0,0,E,6,Alveolar type 1 cell,43,17,6,6,6,AT1
E-1186,all,94,34,2726,652,27,106059,0,0,0,0,0,E,21,Alveolar fibroblast 1,59,35,2,2,2_4,Artery
E-1188,all,48,17,2343,1778,39,23542,0,0,0,0,0,E,2,Natural killer cell,50,18,2,2,2_2,InflamMac
E-1193,all,26,15,3750,436,36,22291,0,0,0,0,0,E,16,Proliferative mesenchymal progenitor cell,40,16,3,3,3_1,SMC
E-1194,all,44,27,2067,496,37,62459,0,0,0,0,0,E,6,T regulatory cell,45,27,7,7,7_2,PatrolMac
E-1195,all,67,29,2728,362,22,101842,0,0,0,0,0,E,16,Alveolar type 2 cell,55,28,2,2,2_1,Capillary
E-1200,all,50,30,2659,1000,28,51051,0,0,0,0,0,E,8,CD8+ T cell,50,30,7,7,7_2,PatrolMac
E-1202,all,57,28,2655,1204,15,60607,0,0,0,0,0,E,9,Sox9+/Id2+ epithelial cell,55,29,3,3,3_5,SMC
E-1211,all,35,21,3372,225,11,45895,0,0,0,0,0,E,2,CD4+ T cell,41,21,1,1,1_2_1,Tcell (CD4)
E-1212,all,29,16,3736,411,34,30651,51,0,51,0,1,E,13,Alveolar fibroblast 1,42,17,3,3,3_1,SMC
E-1213,all,76,32,2929,361,36,49344,0,0,0,0,0,E,7,Alveolar macrophage,57,32,7,7,7_3,Tcell (CD8)
E-1216,all,24,7,2083,129,23,29635,0,0,0,0,0,E,15,Sox9+/Id2+ epithelial cell,44,7,1,1,1_1,AT2
E-1217,all,81,31,3702,966,16,60204,0,0,0,0,0,E,10,Alveolar fibroblast 1,52,30,1,1,1_5_1,LymphaticEndo
E-1220,all,35,14,2781,1415,13,19351,0,0,0,0,0,E,3,Sox9+/Id2+ epithelial cell,45,15,1,1,1_4_1,AlveolarFib
E-1222,all,84,37,3417,39,21,102031,0,0,0,0,0,E,8,Sox9+/Id2+ epithelial cell,60,37,2,2,2_1,Capillary
E-1225,all,70,37,3742,1843,18,79269,0,0,0,0,0,E,18,Ciliated cell,54,38,3,3,3_5,SMC
E-1227,all,58,26,3472,200,9,65291,0,0,0,0,0,E,24,Endothelial progenitor cell,54,26,3,3,3_4,AdventitialFib
E-1231,all,28,14,2701,380,28,45292,0,0,0,0,0,E,4,Capillary 1 cell,39,14,2,2,2_1,Capillary
E-1233,all,66,33,2880,1948,10,52997,0,0,0,0,0,E,21,Natural killer cell,59,33,2,2,2_2,InflamMac
E-1234,all,125,47,3714,787,10,102794,0,0,0,0,0,E,22,Inflammatory monocyte,43,22,2,2,2_2,InflamMac
E-1235,all,95,33,2582,674,21,95371,0,0,0,0,0,E,20,Sox9+/Id2+ epithelial cell,62,34,1,1,1_4_3,AlveolarFib
E-1238,all,47,25,2076,1178,19,32446,0,0,0,0,0,E,12,Inflammatory monocyte,47,25,2,2,2_2,InflamMac
E-1239,all,44,21,2126,246,39,50863,0,0,0,0,0,E,9,Pericyte,46,22,2,2,2_2,InflamMac
E-1244,all,25,9,3143,1168,6,16700,0,0,0,0,0,E,16,Natural killer cell,44,9,7,7,7_3,Tcell (CD8)
E-1247,all,74,38,2679,1840,24,83015,0,0,0,0,0,E,11,B cell,56,39,3,3,3_1,SMC
E-1248,all,31,16,2711,547,7,26649,0,0,0,0,0,E,7,Alveolar type 2 cell,43,17,2,2,2_2,InflamMac
E-1250,all,27,15,2517,577,36,46739,0,0,0,0,0,E,6,B cell,40,15,9,9,9,Bcell
E-1251,all,11,5,3285,117,29,10140,0,0,0,0,0,E,3,Alveolar fibroblast 1,32,6,1,1,1_4_3,AlveolarFib
E-1256,all,179,48,2265,1892,16,92349,0,0,0,0,0,E,27,Alveolar type 1 cell,49,22,6,6,6,AT1
E-1258,all,60,26,2748,717,22,42741,0,0,0,0,0,E,11,Alveolar type 1 cell,54,26,6,6,6,AT1
E-1260,all,49,26,3666,1824,12,36828,0,0,0,0,0,E,7,Alveolar type 1 cell,49,26,6,6,6,AT1
E-1262,all,60,33,3230,1953,11,68162,0,0,0,0,0,E,15,Arterial endothelial cell,54,33,2,2,2_1,Capillary
E-1263,all,12,9,2693,1152,39,9649,0,0,0,0,0,E,2,Alveolar fibroblast 1,25,9,2,2,2_6,pDC
E-1266,all,43,23,2771,904,35,41613,0,0,0,0,0,E,13,Arterial endothelial cell,47,24,2,2,2_4,Artery
E-1271,all,104,46,3673,1942,32,50600,0,0,0,0,0,E,51,Ciliated cell,61,45,4,4,4_2,CiliatedEpi
E-1272,all,86,36,2113,160,21,71303,0,0,0,0,0,E,35,B cell,59,36,7,7,7_2,PatrolMac
E-1275,all,34,5,2830,841,5,8443,0,0,0,0,0,E,30,Alveolar type 2 cell,47,5,1,1,1_1,AT2
E-1288,all,12,8,3034,1124,41,7761,0,0,0,0,0,E,4,CD4+ T cell,28,9,1,1,1_4_1,AlveolarFib
E-1291,all,30,16,3575,1940,35,12060,0,0,0,0,0,E,12,Secretory cell,37,16,4,4,4_1_2,ClubEpi
E-1293,all,15,8,2546,658,40,15834,0,0,0,0,0,E,2,Endothelial progenitor cell,34,8,6,6,6,AT1
E-1294,all,22,7,2658,1793,36,15611,0,0,0,0,0,E,15,Sox9+/Id2+ epithelial cell,43,7,1,1,1_1,AT2
E-1295,all,7,6,2577,892,14,19538,0,0,0,0,0,E,3,B cell,32,9,2,2,2_1,Capillary
E-1297,all,24,11,3429,753,22,23297,0,0,0,0,0,E,11,Sox9+/Id2+ epithelial cell,45,11,1,1,1_1,AT2
E-1301,all,64,29,3354,3133,11,53875,0,0,0,0,0,E,10,Proliferative mesenchymal progenitor cell,55,29,1,1,1_4_1,AlveolarFib
E-1302,all,308,109,2631,3002,22,93317,0,0,0,0,0,E,55,Alveolar fibroblast 1,44,34,1,1,1_2_1,Tcell (CD4)
E-1303,all,160,73,3555,3283,15,63109,0,0,0,0,0,E,43,Venous endothelial cell,41,28,4,4,4_1_1,CiliatedEpi
E-1304,all,154,58,3246,3494,30,63149,0,0,0,0,0,E,6,Alveolar fibroblast 1,51,32,3,3,3_2,SMC
E-1305,all,129,47,3240,3274,14,68569,0,0,0,0,0,E,22,CD4+ T cell,49,29,1,1,1_2_3,Tcell (CD4)
E-1306,all,167,36,2024,2147,26,48689,27575,5105,23306,0.1796839,0.8203161,E,14,CD8+ T cell,57,20,1,1,1_2_1,Tcell (CD4)
E-1310,all,177,65,3296,3088,17,89726,0,0,0,0,0,E,32,Secondary crest myofibroblast,54,42,1,1,1_5_2,AlveolarFib
E-1311,all,101,47,2623,3474,22,68170,50,0,50,0,1,E,8,Capillary 2 cell,63,42,1,1,1_2_1,Tcell (CD4)
E-1313,all,160,72,3086,3612,12,75309,0,0,0,0,0,E,16,Mature DC subset,47,33,1,1,1_2_1,Tcell (CD4)
E-1314,all,107,55,2836,3062,22,50741,0,0,0,0,0,E,14,CD8+ T cell,60,42,2,2,2_2,InflamMac
E-1315,all,137,56,3231,3227,26,74145,0,0,0,0,0,E,22,T regulatory cell,48,29,7,7,7_2,PatrolMac
E-1317,all,186,53,3277,3227,15,60793,0,0,0,0,0,E,17,Proliferative mesenchymal progenitor cell,56,30,3,3,3_3,AdventitialFib
E-1319,all,101,44,3167,3307,8,32104,0,0,0,0,0,E,9,Inflammatory monocyte,57,40,1,1,1_2_3,Tcell (CD4)
E-1320,all,121,41,2347,3462,35,45045,0,0,0,0,0,E,4,Inflammatory monocyte,47,16,7,7,7_3,Tcell (CD8)
E-1321,all,52,25,2986,3432,24,38183,0,0,0,0,0,E,4,CD4+ T cell,52,25,1,1,1_2_1,Tcell (CD4)
E-1324,all,113,37,2387,3462,17,62522,0,0,0,0,0,E,9,T regulatory cell,49,24,1,1,1_2_1,Tcell (CD4)
E-1326,all,145,48,2140,3075,19,71661,0,0,0,0,0,E,22,Inflammatory monocyte,53,26,1,1,1_2_1,Tcell (CD4)
E-1327,all,66,29,2582,3473,25,41866,0,0,0,0,0,E,7,CD8+ T cell,56,30,2,2,2_2,InflamMac
E-1328,all,367,126,3544,3226,22,95791,0,0,0,0,0,E,96,Alveolar fibroblast 2,47,37,4,4,4_1_1,ClubEpi
E-1329,all,216,59,3146,3189,23,75338,0,0,0,0,0,E,14,Inflammatory monocyte,55,29,1,1,1_2_3,Tcell (CD4)
E-1331,all,421,129,3189,2085,16,81197,0,0,0,0,0,E,104,Alveolar fibroblast 2,46,36,4,4,4_1_1,CiliatedEpi
E-1332,all,62,36,2512,3469,9,67213,0,0,0,0,0,E,18,B cell,55,36,9,9,9,Bcell
E-1333,all,117,46,2526,3169,33,40339,0,0,0,0,0,E,13,CD4+ T cell,43,29,1,1,1_4_1,AlveolarFib
E-1334,all,364,127,3327,3021,23,74153,59,0,59,0,1,E,53,Venous endothelial cell,45,36,4,4,4_1_1,ClubEpi
E-1335,all,306,115,3235,2918,14,67590,0,0,0,0,0,E,71,Venous endothelial cell,46,34,4,4,4_1_1,CiliatedEpi
E-1336,all,104,46,3554,3766,27,60859,0,0,0,0,0,E,18,Inflammatory monocyte,64,39,3,3,3_2,SMC
E-1337,all,218,85,3333,3066,24,81568,0,0,0,0,0,E,53,Ciliated cell,55,45,4,4,4_1_1,CiliatedEpi
E-1338,all,179,49,2864,3187,20,100346,0,0,0,0,0,E,15,Inflammatory monocyte,56,31,1,1,1_2_3,Tcell (CD4)
E-1341,all,241,84,2392,3112,23,132305,0,0,0,0,0,E,45,Inflammatory monocyte,48,40,3,3,3_2,SMC
E-1344,all,120,44,2135,3040,19,76104,0,0,0,0,0,E,28,CD8+ T cell,44,21,1,1,1_4_1,AlveolarFib
E-1345,all,157,58,3624,3396,23,109694,0,0,0,0,0,E,31,Inflammatory monocyte,55,36,3,3,3_2,SMC
E-1348,all,140,50,2416,2088,16,58002,0,0,0,0,0,E,31,CD4+ T cell,50,22,1,1,1_4_1,AlveolarFib
E-1349,all,83,38,2612,3427,36,34062,0,0,0,0,0,E,15,Proliferative mesenchymal progenitor cell,57,38,1,1,1_2_1,Tcell (CD4)
E-1350,all,412,123,3676,3322,30,71960,0,0,0,0,0,E,112,Venous endothelial cell,48,40,4,4,4_1_1,ClubEpi
E-1351,all,22,11,2943,3193,8,12904,0,0,0,0,0,E,4,Alveolar type 1 cell,39,11,1,1,1_2_3,Tcell (CD4)
E-1354,all,101,49,3211,3055,33,36674,0,0,0,0,0,E,15,Alveolar macrophage,63,45,3,3,3_2,SMC
E-1358,all,123,52,2481,3159,28,55598,0,0,0,0,0,E,29,CD4+ T cell,43,23,1,1,1_2_1,Tcell (CD4)
E-1359,all,319,82,2712,3040,24,105385,0,0,0,0,0,E,50,Alveolar fibroblast 1,49,31,4,4,4_1_3,CiliatedEpi
E-1360,all,225,81,3121,2114,9,38644,0,0,0,0,0,E,74,Inflammatory monocyte,54,30,4,4,4_1_1,ClubEpi
E-1361,all,235,67,2944,3443,12,76725,0,0,0,0,0,E,11,Alveolar type 1 cell,52,37,1,1,1_5_2,AlveolarFib
E-1363,all,111,53,2944,1969,19,67039,0,0,0,0,0,E,20,CD8+ T cell,51,34,3,3,3_5,SMC
E-1369,all,147,51,2293,3355,33,69922,0,0,0,0,0,E,22,Inflammatory monocyte,49,26,1,1,1_2_3,Tcell (CD4)
E-1370,all,361,132,3089,2923,21,78340,0,0,0,0,0,E,72,Alveolar fibroblast 2,44,38,4,4,4_1_1,CiliatedEpi
E-1371,all,169,70,3340,1980,23,70956,0,0,0,0,0,E,17,B cell,48,31,1,1,1_2_3,Tcell (CD4)
E-1373,all,103,48,2546,3129,38,29490,0,0,0,0,0,E,36,Mature DC subset,64,47,4,4,4_1_3,CiliatedEpi
E-1374,all,293,102,3624,3329,24,102106,0,0,0,0,0,E,59,Ciliated cell,44,33,4,4,4_1_1,ClubEpi
E-1375,all,159,64,3074,3002,32,54998,0,0,0,0,0,E,12,CD4+ T cell,51,33,1,1,1_2_1,Tcell (CD4)
E-1376,all,265,66,2160,2026,28,115352,0,0,0,0,0,E,35,Mesothelial cell,48,26,1,1,1_4_1,AlveolarFib
E-1377,all,83,38,3139,3274,7,27803,0,0,0,0,0,E,8,Inflammatory monocyte,60,40,2,2,2_5,DC
E-1378,all,340,125,3250,2951,24,64267,0,0,0,0,0,E,89,Secretory cell,47,39,4,4,4_1_1,ClubEpi
E-1379,all,309,97,2772,3018,22,74072,0,0,0,0,0,E,119,Inflammatory monocyte,45,23,4,4,4_1_2,ClubEpi
E-1380,all,77,43,1952,3324,15,33713,0,0,0,0,0,E,8,Inflammatory monocyte,58,44,1,1,1_4_1,AlveolarFib
E-1381,all,170,57,3495,3744,21,123321,0,0,0,0,0,E,31,CD4+ T cell,53,36,3,3,3_2,SMC
E-1384,all,101,38,3578,3807,23,52195,0,0,0,0,0,E,26,Secondary crest myofibroblast,58,34,3,3,3_5,SMC
E-1385,all,143,57,3004,3386,19,76279,0,0,0,0,0,E,22,Inflammatory monocyte,51,35,9,9,9,Bcell
E-1387,all,149,56,3072,3238,22,70382,0,0,0,0,0,E,12,CD4+ T cell,52,35,2,2,2_5,DC
E-1388,all,241,73,3107,3150,18,92595,0,0,0,0,0,E,15,CD8+ T cell,46,28,6,6,6,AT1
E-1389,all,140,49,2377,2103,24,50215,0,0,0,0,0,E,10,Alveolar type 1 cell,51,26,1,1,1_4_1,AlveolarFib
E-1391,all,122,54,2384,2005,12,60081,0,0,0,0,0,E,13,Inflammatory monocyte,42,27,1,1,1_2_1,Tcell (CD4)
E-1392,all,343,122,3190,2900,17,73182,0,0,0,0,0,E,75,Endothelial progenitor cell,45,36,4,4,4_1_1,CiliatedEpi
E-1394,all,135,51,3508,3781,23,82125,0,0,0,0,0,E,16,Alveolar type 2 cell,48,29,1,1,1_2_3,Tcell (CD4)
E-1395,all,203,51,2019,2183,27,64420,4375,1178,2514,0.3190683,0.6809317,E,39,CD4+ T cell,53,21,1,1,1_2_1,Tcell (CD4)
E-1396,all,238,77,2371,1961,17,137343,0,0,0,0,0,E,24,Classical DC subset 2,48,33,1,1,1_2_3,Tcell (CD4)
E-1397,all,45,20,2156,3154,34,26246,0,0,0,0,0,E,4,Alveolar fibroblast 1,48,21,1,1,1_4_1,AlveolarFib
E-1400,all,67,25,3519,3488,38,19654,0,0,0,0,0,E,7,Inflammatory monocyte,56,27,2,2,2_5,DC
E-1401,all,126,48,2514,3278,26,71391,0,0,0,0,0,E,9,Alveolar fibroblast 1,46,28,2,2,2_2,InflamMac
E-1404,all,77,44,3201,1984,21,35462,0,0,0,0,0,E,12,Venous endothelial cell,61,46,2,2,2_5,DC
E-1405,all,40,27,2895,2882,15,18556,0,0,0,0,0,E,5,B cell,43,28,3,3,3_2,SMC
E-1406,all,23,14,2563,2001,8,16253,0,0,0,0,0,E,3,Alveolar type 1 cell,41,14,1,1,1_2_3,Tcell (CD4)
E-1407,all,143,53,2096,3094,25,85182,0,0,0,0,0,E,14,CD4+ T cell,53,30,1,1,1_2_1,Tcell (CD4)
E-1408,all,148,43,2148,2081,16,59244,0,0,0,0,0,E,7,CD4+ T cell,52,19,1,1,1_2_1,Tcell (CD4)
E-1409,all,51,27,3482,3698,15,36844,0,0,0,0,0,E,3,CD4+ T cell,51,27,1,1,1_2_1,Tcell (CD4)
E-1413,all,159,67,3508,3241,18,58571,0,0,0,0,0,E,54,Secretory cell,42,27,4,4,4_1_1,CiliatedEpi
E-1415,all,180,42,2296,2001,16,87754,974,0,974,0,1,E,16,Inflammatory monocyte,59,26,1,1,1_2_3,Tcell (CD4)
E-1416,all,241,70,3149,3634,35,77528,0,0,0,0,0,E,18,Inflammatory monocyte,50,33,3,3,3_5,SMC
E-1417,all,121,39,2745,3399,20,90719,51,0,51,0,1,E,23,CD8+ T cell,50,26,1,1,1_2_1,Tcell (CD4)
E-1420,all,104,51,3301,3531,12,44120,0,0,0,0,0,E,8,Mesothelial cell,60,43,3,3,3_3,AdventitialFib
E-1421,all,55,27,2098,2032,27,56297,0,0,0,0,0,E,5,Proliferative mesenchymal progenitor cell,52,27,3,3,3_3,AdventitialFib
E-1423,all,72,39,3763,3456,30,38117,0,0,0,0,0,E,18,Capillary 1 cell,58,40,3,3,3_2,SMC
E-1424,all,174,66,3375,3562,24,79513,0,0,0,0,0,E,25,Vascular smooth muscle cell,54,40,3,3,3_6,SCMF
E-1425,all,312,78,3565,3631,27,83563,0,0,0,0,0,E,24,Mesothelial cell,54,35,3,3,3_3,AdventitialFib
E-1429,all,24,16,2093,2127,19,23844,0,0,0,0,0,E,5,Alveolar type 1 cell,42,16,1,1,1_5_2,AlveolarFib
E-1430,all,119,45,2950,3094,19,61763,0,0,0,0,0,E,32,Classical DC subset 2,46,24,1,1,1_2_1,Tcell (CD4)
E-1432,all,20,12,2252,3222,40,13778,0,0,0,0,0,E,2,Sox9+/Id2+ epithelial cell,38,12,1,1,1_3,AT2
E-1435,all,338,86,2369,3382,22,121948,0,0,0,0,0,E,41,Alveolar type 1 cell,51,39,1,1,1_2_3,Tcell (CD4)
E-1436,all,249,98,3362,2098,22,71634,0,0,0,0,0,E,53,Arterial endothelial cell,48,35,3,3,3_6,SCMF
E-1438,all,28,17,3710,3453,36,16112,0,0,0,0,0,E,7,Secondary crest myofibroblast,39,17,3,3,3_6,SCMF
E-1444,all,281,116,3151,2029,22,84313,0,0,0,0,0,E,61,Secretory cell,43,35,4,4,4_1_1,ClubEpi
E-1445,all,43,17,2989,2902,13,23344,185,185,0,1,0,E,9,Alveolar type 1 cell,44,17,6,6,6,AT1
E-1446,all,147,34,2297,2142,21,67808,87532,32902,54946,0.3745333,0.6254667,E,27,Proliferative mesenchymal progenitor cell,56,22,1,1,1_2_1,Tcell (CD4)
E-1448,all,223,106,3463,2047,20,79723,0,0,0,0,0,E,54,Secretory cell,48,37,4,4,4_1_3,ClubEpi
E-1449,all,98,52,3441,1968,17,66217,0,0,0,0,0,E,33,Inflammatory monocyte,67,50,1,1,1_4_1,AlveolarFib
E-1450,all,93,44,2176,3034,30,58251,0,0,0,0,0,E,6,CD4+ T cell,59,43,1,1,1_2_3,Tcell (CD4)
E-1452,all,56,34,3735,3437,29,28477,54,0,54,0,1,E,27,Venous endothelial cell,51,34,4,4,4_1_1,CiliatedEpi
E-1453,all,349,82,3032,3129,33,119897,0,0,0,0,0,E,33,Inflammatory monocyte,58,36,1,1,1_2_3,Tcell (CD4)
E-1456,all,417,140,3419,2081,22,92214,0,0,0,0,0,E,145,Ciliated cell,42,33,4,4,4_1_1,CiliatedEpi
E-1457,all,391,111,2475,2092,18,107242,0,0,0,0,0,E,149,Endothelial progenitor cell,43,24,4,4,4_1_2,ClubEpi
E-1459,all,99,41,2045,2356,16,103873,0,0,0,0,0,E,3,CD4+ T cell,61,40,1,1,1_2_1,Tcell (CD4)
E-1460,all,29,12,1965,2063,9,26033,0,0,0,0,0,E,6,CD8+ T cell,42,13,2,2,2_2,InflamMac
E-1463,all,45,24,2437,3040,8,18196,0,0,0,0,0,E,7,Secretory cell,45,24,4,4,4_1_3,ClubEpi
E-1464,all,399,132,3685,1976,20,78461,0,0,0,0,0,E,97,Venous endothelial cell,48,39,4,4,4_1_1,ClubEpi
E-1466,all,39,20,3312,3642,10,26432,0,0,0,0,0,E,9,CD4+ T cell,43,20,1,1,1_5_2,AlveolarFib
E-1469,all,190,55,2241,3371,21,101680,3004,0,0,0,0,E,29,Neutrophil,58,37,1,1,1_4_1,AlveolarFib
E-1470,all,424,113,3001,2007,18,106609,0,0,0,0,0,E,135,Alveolar fibroblast 1,45,24,4,4,4_1_1,ClubEpi
E-1472,all,116,50,2659,3408,31,66240,0,0,0,0,0,E,12,B cell,44,22,1,1,1_2_1,Tcell (CD4)
E-1474,all,156,93,3428,3135,24,36627,0,0,0,0,0,E,42,Arterial endothelial cell,36,28,4,4,4_1_1,CiliatedEpi
E-1475,all,81,41,3667,3370,21,21182,0,0,0,0,0,E,27,B cell,60,41,4,4,4_1_1,ClubEpi
E-1478,all,467,147,3747,3390,26,89640,0,0,0,0,0,E,151,Arterial endothelial cell,46,36,4,4,4_1_1,ClubEpi
E-1479,all,39,20,1987,2123,30,26910,0,0,0,0,0,E,6,CD4+ T cell,43,22,2,2,2_5,DC
E-1480,all,119,48,2897,3221,34,52018,0,0,0,0,0,E,17,Pericyte,46,27,1,1,1_2_3,Tcell (CD4)
E-1481,all,136,59,3107,3754,28,87371,0,0,0,0,0,E,13,CD8+ T cell,49,36,2,2,2_2,InflamMac
E-1482,all,150,59,3201,3700,29,88237,0,0,0,0,0,E,22,Alveolar fibroblast 2,47,26,1,1,1_2_3,Tcell (CD4)
E-1483,all,123,41,2617,1981,12,67468,0,0,0,0,0,E,36,B cell,48,23,9,9,9,Bcell
E-1484,all,306,118,3394,3075,29,60152,0,0,0,0,0,E,75,Ciliated cell,46,39,4,4,4_1_1,CiliatedEpi
E-1486,all,40,30,3454,3668,10,22745,0,0,0,0,0,E,8,Inflammatory monocyte,42,31,3,3,3_2,SMC
E-1487,all,415,141,3502,3202,25,114490,0,0,0,0,0,E,96,Arterial endothelial cell,39,37,4,4,4_1_1,CiliatedEpi
E-1490,all,91,38,3075,3202,29,43205,0,0,0,0,0,E,10,AT1/AT2,62,38,1,1,1_4_1,AlveolarFib
E-1491,all,149,88,3761,3347,37,32498,0,0,0,0,0,E,28,Venous endothelial cell,42,36,4,4,4_1_1,CiliatedEpi
E-1494,all,203,70,2414,3420,25,112913,1300,0,1300,0,1,E,25,Sox9+/Id2+ epithelial cell,55,38,1,1,1_2_3,Tcell (CD4)
E-1497,all,63,42,3177,1963,31,16766,0,0,0,0,0,E,13,B cell,58,42,1,1,1_2_1,Tcell (CD4)
E-1500,all,113,48,3410,3169,23,73035,0,0,0,0,0,E,29,Inflammatory monocyte,52,31,3,3,3_2,SMC
E-1501,all,47,20,3279,3152,39,33639,0,0,0,0,0,E,4,Innate lymphoid cell,50,22,2,2,2_5,DC
E-1503,all,111,49,3168,3089,35,50556,0,0,0,0,0,E,3,Proliferative mesenchymal progenitor cell,54,35,1,1,1_2_1,Tcell (CD4)
E-1505,all,163,63,3108,3043,20,77162,0,0,0,0,0,E,44,Inflammatory monocyte,48,32,2,2,2_5,DC
E-1506,all,109,44,3035,3399,31,38060,0,0,0,0,0,E,5,T regulatory cell,58,36,7,7,7_3,Tcell (CD8)
E-1507,all,27,16,3737,3477,36,27590,0,0,0,0,0,E,10,Airway smooth muscle cell,38,17,3,3,3_2,SMC
E-1508,all,159,53,3430,3790,33,83068,0,0,0,0,0,E,15,Vascular smooth muscle cell,52,29,1,1,1_2_3,Tcell (CD4)
E-1509,all,62,33,2906,3325,20,33626,0,0,0,0,0,E,7,CD4+ T cell,57,34,1,1,1_4_1,AlveolarFib
E-1510,all,376,107,2468,3081,25,85428,105,0,0,0,0,E,140,Ciliated cell,44,32,4,4,4_1_2,CiliatedEpi
E-1511,all,298,98,3103,2075,10,50663,0,0,0,0,0,E,105,Arterial endothelial cell,49,38,4,4,4_1_1,CiliatedEpi
E-1514,all,200,85,3070,2010,17,73549,0,0,0,0,0,E,61,Alveolar fibroblast 1,57,42,4,4,4_1_1,ClubEpi
E-1515,all,90,41,2196,3117,17,53855,0,0,0,0,0,E,5,Arterial endothelial cell,61,42,2,2,2_4,Artery
E-1517,all,62,28,2215,2087,9,34426,0,0,0,0,0,E,4,CD8+ T cell,57,29,2,2,2_2,InflamMac
E-1518,all,340,125,3495,2036,20,91683,0,0,0,0,0,E,104,Secretory cell,42,27,4,4,4_1_1,ClubEpi
E-1519,all,26,18,1954,2128,32,28452,0,0,0,0,0,E,3,B cell,45,18,1,1,1_2_1,Tcell (CD4)
E-1520,all,152,83,3723,3334,37,30403,0,0,0,0,0,E,17,Alveolar fibroblast 1,41,33,8,8,8_2,InterstitialMac
E-1522,all,79,37,3323,3734,22,42189,0,0,0,0,0,E,8,Inflammatory monocyte,56,38,3,3,3_2,SMC
E-1523,all,87,40,3044,3230,13,45248,0,0,0,0,0,E,8,CD8+ T cell,61,40,6,6,6,AT1
E-1524,all,230,66,3175,3210,23,76858,0,0,0,0,0,E,27,Inflammatory monocyte,58,40,1,1,1_2_3,Tcell (CD4)
E-1527,all,70,43,3183,2983,26,48035,0,0,0,0,0,E,12,B cell,59,43,9,9,9,Bcell
E-1528,all,141,62,3618,1972,24,85249,0,0,0,0,0,E,29,Secretory cell,45,26,4,4,4_1_3,ClubEpi
E-1531,all,160,63,3088,2039,12,31852,0,0,0,0,0,E,64,Alveolar fibroblast 1,43,25,4,4,4_1_1,CiliatedEpi
E-1532,all,211,103,2988,2948,31,44229,0,0,0,0,0,E,51,Venous endothelial cell,55,47,4,4,4_1_1,CiliatedEpi
E-1534,all,379,123,3405,3118,23,102693,0,0,0,0,0,E,121,Natural killer cell,46,39,4,4,4_1_1,CiliatedEpi
E-1536,all,258,74,2862,3308,25,83399,0,0,0,0,0,E,23,Inflammatory monocyte,49,34,1,1,1_2_3,Tcell (CD4)
E-1537,all,441,105,2512,2015,20,125946,0,0,0,0,0,E,249,Arterial endothelial cell,47,19,4,4,4_2,ClubEpi
E-1538,all,106,37,3108,3008,27,37308,0,0,0,0,0,E,6,B cell,63,33,1,1,1_2_1,Tcell (CD4)
E-1539,all,58,38,3175,3016,16,27353,0,0,0,0,0,E,13,CD4+ T cell,54,38,1,1,1_2_3,Tcell (CD4)
E-1540,all,15,7,1980,2223,31,18060,0,0,0,0,0,E,3,CD4+ T cell,35,7,1,1,1_2_1,Tcell (CD4)
E-1541,all,63,32,2311,3471,35,33717,0,0,0,0,0,E,2,T regulatory cell,57,33,1,1,1_6_2,Neutrophil
E-1544,all,68,36,3452,3709,11,51533,0,0,0,0,0,E,15,Inflammatory monocyte,56,36,1,1,1_2_3,Tcell (CD4)
E-1545,all,37,19,3291,3584,8,19327,0,0,0,0,0,E,5,Mesothelial cell,44,21,2,2,2_5,DC
E-1546,all,175,82,3152,2934,25,43706,0,0,0,0,0,E,50,Alveolar fibroblast 1,46,35,4,4,4_1_1,ClubEpi
E-1549,all,130,72,3145,2066,10,37499,0,0,0,0,0,E,55,Ciliated cell,37,26,4,4,4_1_1,CiliatedEpi
E-1550,all,125,48,2895,3285,20,69991,0,0,0,0,0,E,8,Inflammatory monocyte,50,32,1,1,1_4_1,AlveolarFib
E-1551,all,217,57,3160,3243,15,66991,1467,0,1467,0,1,E,22,Inflammatory monocyte,56,27,1,1,1_2_1,Tcell (CD4)
E-1552,all,58,31,2669,3036,13,22878,0,0,0,0,0,E,7,Alveolar type 1 cell,56,32,3,3,3_1,SMC
E-1553,all,147,66,2468,2026,20,55770,0,0,0,0,0,E,54,Arterial endothelial cell,40,19,1,1,1_2_1,Tcell (CD4)
E-1557,all,63,26,3768,3811,33,15950,0,0,0,0,0,E,9,Inflammatory monocyte,52,26,1,1,1_2_3,Tcell (CD4)
E-1560,all,233,95,3211,2034,27,59952,0,0,0,0,0,E,61,Secretory cell,55,44,4,4,4_1_1,ClubEpi
E-1564,all,203,90,3029,2947,24,44741,0,0,0,0,0,E,28,B cell,47,37,9,9,9,Bcell
E-1565,all,105,37,2074,2161,19,65215,50,0,50,0,1,E,22,B cell,61,32,9,9,9,Bcell
E-1567,all,35,21,3694,3426,14,12157,0,0,0,0,0,E,11,B cell,41,21,9,9,9,Bcell
E-1568,all,116,58,2976,1968,21,29149,0,0,0,0,0,E,28,Alveolar fibroblast 1,62,49,4,4,4_1_3,CiliatedEpi
E-1571,all,160,84,3371,2063,32,31054,0,0,0,0,0,E,51,Alveolar fibroblast 1,43,34,4,4,4_1_1,ClubEpi
E-1574,all,203,74,2440,2047,11,67335,0,0,0,0,0,E,92,Alveolar fibroblast 1,39,23,4,4,4_1_2,CiliatedEpi
E-1575,all,51,23,3362,3604,13,19139,0,0,0,0,0,E,7,Alveolar type 2 cell,50,23,3,3,3_6,SCMF
E-1576,all,432,147,3637,2002,24,90599,0,0,0,0,0,E,101,Arterial endothelial cell,42,36,4,4,4_1_1,CiliatedEpi
E-1577,all,118,39,2038,2234,15,90243,1126,0,1126,0,1,E,17,CD8+ T cell,48,24,1,1,1_2_1,Tcell (CD4)
E-1578,all,116,53,2487,3205,20,51262,0,0,0,0,0,E,18,CD4+ T cell,47,33,1,1,1_2_1,Tcell (CD4)
E-1579,all,159,58,3350,3727,22,93328,0,0,0,0,0,E,16,B cell,52,31,1,1,1_2_3,Tcell (CD4)
E-1581,all,94,39,2084,2073,32,59000,2700,2109,591,0.7811111,0.2188889,E,14,Inflammatory monocyte,64,37,2,2,2_5,DC
E-1585,all,202,103,3555,2018,21,87221,0,0,0,0,0,E,41,Endothelial progenitor cell,45,37,1,1,1_2_3,Tcell (CD4)
E-1588,all,114,49,2288,2098,24,82138,1069,0,753,0,1,E,16,CD4+ T cell,53,34,1,1,1_2_1,Tcell (CD4)
E-1591,all,137,73,3386,2012,34,63582,0,0,0,0,0,E,53,Secretory cell,39,26,4,4,4_1_1,ClubEpi
E-1592,all,136,66,3328,2071,28,58923,0,0,0,0,0,E,30,Innate lymphoid cell,47,35,7,7,7_3,Tcell (CD8)
E-1593,all,45,27,2868,3136,38,22347,0,0,0,0,0,E,3,Alveolar fibroblast 1,46,28,1,1,1_4_1,AlveolarFib
E-1600,all,193,60,3337,3562,22,73576,0,0,0,0,0,E,17,Inflammatory monocyte,58,40,1,1,1_2_1,Tcell (CD4)
E-1601,all,151,49,2444,3226,14,90363,239,0,239,0,1,E,21,Pericyte,51,27,1,1,1_2_3,Tcell (CD4)
E-1602,all,308,100,2768,3059,20,102175,0,0,0,0,0,E,55,Venous endothelial cell,46,37,4,4,4_1_3,CiliatedEpi
E-1604,all,89,58,2654,2985,28,27758,0,0,0,0,0,E,10,Arterial endothelial cell,67,58,3,3,3_4,AdventitialFib
E-1605,all,128,75,3028,2918,36,29591,0,0,0,0,0,E,27,Secretory cell,37,23,4,4,4_1_1,ClubEpi
E-1608,all,151,62,2294,3425,30,71022,0,0,0,0,0,E,9,Inflammatory monocyte,50,36,2,2,2_2,InflamMac
E-1610,all,321,125,3062,2948,22,91977,0,0,0,0,0,E,64,Natural killer cell,45,39,4,4,4_1_1,ClubEpi
E-1612,all,51,31,3154,3694,28,36783,0,0,0,0,0,E,10,Sox9+/Id2+ epithelial cell,53,33,2,2,2_5,DC
E-1615,all,326,121,3171,2010,31,66124,0,0,0,0,0,E,83,Endothelial progenitor cell,45,35,4,4,4_1_1,CiliatedEpi
E-1616,all,58,32,2338,2100,29,42396,103,0,103,0,1,E,4,CD4+ T cell,56,32,1,1,1_2_1,Tcell (CD4)
E-1617,all,101,43,3545,3803,21,45668,0,0,0,0,0,E,5,Innate lymphoid cell,59,35,2,2,2_5,DC
E-1618,all,130,51,2868,3074,30,56631,0,0,0,0,0,E,9,Inflammatory monocyte,49,35,1,1,1_2_3,Tcell (CD4)
E-1620,all,91,39,2935,3143,13,47080,0,0,0,0,0,E,21,CD4+ T cell,58,39,1,1,1_2_1,Tcell (CD4)
E-1622,all,86,39,3127,3714,25,57511,0,0,0,0,0,E,23,B cell,62,39,1,1,1_2_1,Tcell (CD4)
E-1624,all,129,55,2439,1962,30,81964,0,0,0,0,0,E,16,Alveolar macrophage,42,23,1,1,1_2_3,Tcell (CD4)
E-1625,all,41,25,3271,2002,28,16168,0,0,0,0,0,E,10,Endothelial progenitor cell,45,26,3,3,3_1,SMC
E-1628,all,25,12,2079,3410,7,7917,0,0,0,0,0,E,3,CD8+ T cell,39,13,2,2,2_2,InflamMac
E-1630,all,249,101,3521,2005,29,69245,0,0,0,0,0,E,60,Ciliated cell,48,37,4,4,4_1_1,ClubEpi
E-1631,all,268,107,3287,3018,22,76034,0,0,0,0,0,E,93,Secretory cell,43,31,4,4,4_1_1,ClubEpi
E-1634,all,47,22,3666,3447,14,16367,0,0,0,0,0,E,16,CD8+ T cell,47,22,4,4,4_1_2,ClubEpi
E-1636,all,14,9,3502,3627,37,6634,0,0,0,0,0,E,2,Sox9+/Id2+ epithelial cell,30,9,1,1,1_3,AT2
E-1639,all,90,38,2899,3149,29,35476,0,0,0,0,0,E,11,CD4+ T cell,57,38,1,1,1_2_1,Tcell (CD4)
E-1642,all,87,48,3674,3387,17,22405,0,0,0,0,0,E,27,Secretory cell,64,48,4,4,4_1_1,ClubEpi
E-1643,all,167,55,2449,1997,23,67698,0,0,0,0,0,E,54,Inflammatory monocyte,48,26,1,1,1_2_1,Tcell (CD4)
E-1645,all,20,11,3435,3627,42,11632,0,0,0,0,0,E,4,Inflammatory monocyte,39,11,1,1,1_2_3,Tcell (CD4)
E-1646,all,30,20,2356,3093,37,20537,0,0,0,0,0,E,5,CD4+ T cell,40,20,1,1,1_2_3,Tcell (CD4)
E-1648,all,69,39,2330,3359,20,26392,0,0,0,0,0,E,7,CD4+ T cell,58,39,1,1,1_2_3,Tcell (CD4)
E-1651,all,10,8,3687,3956,13,34594,0,0,0,0,0,E,4,Secondary crest myofibroblast,22,8,3,3,3_6,SCMF
E-1652,all,21,18,2369,4299,13,40266,0,0,0,0,0,E,6,Capillary 1 cell,39,18,2,2,2_3,Vein
E-1655,all,50,26,2908,4270,30,91236,0,0,0,0,0,E,9,Alveolar type 1 cell,50,26,6,6,6,AT1
E-1657,all,40,25,2408,4346,15,71556,0,0,0,0,0,E,14,Alveolar type 2 cell,41,24,1,1,1_5_1,LymphaticEndo
E-1658,all,27,15,2982,5128,17,46661,0,0,0,0,0,E,9,B cell,44,15,9,9,9,Bcell
E-1659,all,57,34,3762,4086,29,99116,0,0,0,0,0,E,14,Arterial endothelial cell,56,34,2,2,2_4,Artery
E-1660,all,61,29,3352,4961,32,83197,0,0,0,0,0,E,12,Natural killer cell,56,29,7,7,7_4,PatrolMac
E-1662,all,29,17,3768,5386,17,37448,0,0,0,0,0,E,3,Capillary 1 cell,45,17,2,2,2_1,Capillary
E-1663,all,17,12,3598,5135,10,31910,0,0,0,0,0,E,2,Venous endothelial cell,34,12,2,2,2_3,Vein
E-1664,all,25,17,3591,5270,20,90740,0,0,0,0,0,E,5,Inflammatory monocyte,40,18,1,1,1_6_2,Neutrophil
E-1665,all,34,21,2832,5660,17,54370,0,0,0,0,0,E,10,Alveolar type 2 cell,43,21,1,1,1_3,AT2
E-1666,all,94,40,3353,5462,27,135788,0,0,0,0,0,E,21,Pericyte,65,40,6,6,6,AT1
E-1667,all,65,34,2815,4266,31,76274,0,0,0,0,0,E,28,AT1/AT2,57,34,1,1,1_3,AT2
E-1669,all,35,20,2694,3951,25,33882,0,0,0,0,0,E,8,Pericyte,42,20,5,5,5_1,Pericyte
E-1670,all,121,42,2955,5649,27,109388,0,0,0,0,0,E,15,Alveolar fibroblast 1,44,19,8,8,8_2,InterstitialMac
E-1671,all,26,14,2514,5062,10,66026,0,0,0,0,0,E,17,Alveolar type 2 cell,48,14,1,1,1_3,AT2
E-1672,all,127,38,3359,4735,23,103935,0,0,0,0,0,E,76,Alveolar type 2 cell,43,16,1,1,1_3,AT2
E-1674,all,24,18,3600,3828,23,49554,0,0,0,0,0,E,6,Vascular smooth muscle cell,40,19,3,3,3_2,SMC
E-1675,all,29,23,3120,4128,35,35370,0,0,0,0,0,E,11,Sox9+/Id2+ epithelial cell,35,23,5,5,5_1,Pericyte
E-1677,all,25,19,2992,4594,10,43057,0,0,0,0,0,E,9,B cell,47,19,8,8,8_2,InterstitialMac
E-1678,all,23,15,3494,5251,7,28318,0,0,0,0,0,E,5,Alveolar type 1 cell,44,15,6,6,6,AT1
E-1679,all,40,29,2979,5185,20,70188,0,0,0,0,0,E,4,Venous endothelial cell,42,30,3,3,3_5,SMC
E-1680,all,29,22,3007,4378,33,35479,0,0,0,0,0,E,6,Pericyte,38,22,1,1,1_5_2,AlveolarFib
E-1682,all,16,12,2793,4328,8,30111,0,0,0,0,0,E,6,Sox9+/Id2+ epithelial cell,32,12,7,7,7_3,Tcell (CD8)
E-1683,all,15,13,3502,3964,26,56631,0,0,0,0,0,E,3,Pericyte,33,13,5,5,5_1,Pericyte
E-1685,all,25,16,2454,4189,7,74524,0,0,0,0,0,E,5,Arterial endothelial cell,44,16,2,2,2_4,Artery
E-1686,all,10,9,3128,3845,10,23189,0,0,0,0,0,E,3,Capillary 1 cell,32,10,2,2,2_1,Capillary
E-1687,all,66,32,2590,4418,27,114703,0,0,0,0,0,E,7,Inflammatory monocyte,58,34,2,2,2_5,DC
E-1688,all,81,40,2464,5152,23,114984,0,0,0,0,0,E,15,B cell,60,40,9,9,9,Bcell
E-1689,all,37,27,2619,5483,28,72223,0,0,0,0,0,E,5,Alveolar type 2 cell,40,28,2,2,2_2,InflamMac
E-1691,all,87,23,3149,4087,30,52096,0,0,0,0,0,E,65,Alveolar type 2 cell,56,22,1,1,1_3,AT2
E-1692,all,38,23,3538,5666,22,111045,0,0,0,0,0,E,14,Alveolar fibroblast 1,42,24,3,3,3_1,SMC
E-1693,all,17,11,3753,4253,23,33888,0,0,0,0,0,E,8,Capillary 1 cell,35,12,3,3,3_2,SMC
E-1694,all,121,33,2835,4327,23,109085,0,0,0,0,0,E,81,Alveolar type 2 cell,45,15,1,1,1_1,AT2
E-1696,all,60,35,2875,5722,28,88497,0,0,0,0,0,E,9,Alveolar fibroblast 1,58,35,9,9,9,Bcell
E-1697,all,39,27,2548,5143,25,44713,0,0,0,0,0,E,15,Alveolar fibroblast 1,43,28,3,3,3_1,SMC
E-1698,all,57,36,3074,4343,24,104621,0,0,0,0,0,E,6,Capillary 1 cell,58,36,2,2,2_1,Capillary
E-1699,all,37,22,3147,4025,11,51085,0,0,0,0,0,E,13,AT1/AT2,42,22,1,1,1_3,AT2
E-1700,all,32,22,3336,4622,35,53052,0,0,0,0,0,E,6,Alveolar fibroblast 1,39,22,3,3,3_4,AdventitialFib
E-1701,all,7,7,3293,4579,39,25067,0,0,0,0,0,E,2,Arterial endothelial cell,32,10,2,2,2_4,Artery
E-1703,all,42,29,2644,5526,31,81892,0,0,0,0,0,E,10,Pericyte,42,29,5,5,5_1,Pericyte
E-1704,all,26,20,2939,5725,32,44970,0,0,0,0,0,E,5,Sox9+/Id2+ epithelial cell,44,21,2,2,2_3,Vein
E-1705,all,81,43,2851,4233,30,90730,0,0,0,0,0,E,16,Capillary 1 cell,57,44,3,3,3_1,SMC
E-1706,all,32,16,2834,5519,15,31278,0,0,0,0,0,E,9,Alveolar fibroblast 1,41,16,5,5,5_3,Pericyte
E-1707,all,37,12,3354,5327,22,35027,0,0,0,0,0,E,28,Alveolar type 2 cell,44,12,1,1,1_3,AT2
E-1708,all,15,9,3728,3966,30,65494,0,0,0,0,0,E,5,Secondary crest myofibroblast,35,10,3,3,3_2,SMC
E-1711,all,25,11,3408,5371,35,32717,0,0,0,0,0,E,9,Sox9+/Id2+ epithelial cell,46,11,1,1,1_3,AT2
E-1712,all,66,37,2762,4119,27,107185,0,0,0,0,0,E,14,Capillary 2 cell,57,37,2,2,2_6,pDC
E-1713,all,17,14,3536,5139,31,42961,0,0,0,0,0,E,2,Capillary 1 cell,35,14,2,2,2_3,Vein
E-1714,all,31,23,3191,4259,26,34217,0,0,0,0,0,E,11,Alveolar type 2 cell,38,23,1,1,1_3,AT2
E-1716,all,39,19,2353,4211,9,54927,0,0,0,0,0,E,7,Alveolar fibroblast 1,43,19,2,2,2_6,pDC
E-1717,all,9,7,2392,5603,21,29014,0,0,0,0,0,E,3,Neutrophil,22,8,7,7,7_4,PatrolMac
E-1718,all,39,21,2443,5596,29,64869,0,0,0,0,0,E,13,Innate lymphoid cell,42,21,5,5,5_1,Pericyte
E-1720,all,58,16,3502,5631,16,80694,0,0,0,0,0,E,42,Alveolar type 2 cell,52,16,1,1,1_1,AT2
E-1721,all,55,35,1961,4439,22,103585,0,0,0,0,0,E,9,Pericyte,53,35,2,2,2_1,Capillary
E-1722,all,120,40,2604,5274,23,103984,0,0,0,0,0,E,30,Alveolar macrophage,50,23,8,8,8_1,AlveolarMac
E-1723,all,58,37,3256,5182,13,81304,0,0,0,0,0,E,6,Alveolar fibroblast 1,56,37,1,1,1_5_1,LymphaticEndo
E-1724,all,60,36,3524,5024,21,88872,0,0,0,0,0,E,12,B cell,57,36,9,9,9,Bcell
E-1725,all,42,13,3356,5360,28,65512,0,0,0,0,0,E,27,Alveolar type 2 cell,46,13,1,1,1_3,AT2
E-1727,all,65,24,3386,5554,16,87817,0,0,0,0,0,E,28,Alveolar type 2 cell,55,24,1,1,1_3,AT2
E-1729,all,39,19,2491,4882,28,60652,0,0,0,0,0,E,16,Alveolar type 1 cell,44,19,6,6,6,AT1
E-1730,all,48,32,3058,5271,12,65940,0,0,0,0,0,E,8,Inflammatory monocyte,48,32,9,9,9,Bcell
E-1731,all,53,22,2257,4590,24,57690,0,0,0,0,0,E,6,Alveolar type 1 cell,51,22,6,6,6,AT1
E-1732,all,92,28,2861,4551,30,78329,0,0,0,0,0,E,43,Alveolar type 2 cell,56,26,1,1,1_1,AT2
E-1733,all,81,27,2843,5609,15,78326,0,0,0,0,0,E,59,Alveolar type 2 cell,57,27,1,1,1_3,AT2
E-1734,all,29,17,3756,4012,34,33337,0,0,0,0,0,E,4,Arterial endothelial cell,40,18,2,2,2_4,Artery
E-1735,all,17,15,3003,4088,35,67432,0,0,0,0,0,E,4,B cell,34,15,9,9,9,Bcell
E-1736,all,33,22,2890,4410,33,66076,0,0,0,0,0,E,3,CD8+ T cell,41,22,7,7,7_4,PatrolMac
E-1737,all,16,11,2567,5738,31,53932,0,0,0,0,0,E,9,Secondary crest myofibroblast,33,12,3,3,3_1,SMC
E-1738,all,77,51,2852,4067,25,97414,0,0,0,0,0,E,12,Pericyte,59,51,3,3,3_4,AdventitialFib
E-1740,all,36,27,2661,5121,17,64432,0,0,0,0,0,E,7,B cell,39,27,9,9,9,Bcell
E-1743,all,30,13,2513,5733,18,53318,0,0,0,0,0,E,19,Alveolar type 2 cell,42,13,1,1,1_3,AT2
E-1744,all,32,16,3009,4504,12,47058,0,0,0,0,0,E,11,Sox9+/Id2+ epithelial cell,42,16,2,2,2_3,Vein
E-1746,all,67,37,3044,4042,27,74474,0,0,0,0,0,E,24,Pericyte,59,37,5,5,5_1,Pericyte
E-1748,all,75,18,2188,4432,33,68124,267,0,267,0,1,E,51,Alveolar type 2 cell,52,18,1,1,1_3,AT2
E-1749,all,36,20,2492,4060,32,56804,0,0,0,0,0,E,20,Pericyte,40,20,5,5,5_1,Pericyte
E-1751,all,76,43,2477,5113,23,105762,0,0,0,0,0,E,10,Alveolar fibroblast 1,60,44,3,3,3_5,SMC
E-1752,all,80,34,2887,5651,12,83271,0,0,0,0,0,E,17,Alveolar macrophage,55,34,8,8,8_1,AlveolarMac
E-1754,all,81,22,2556,4081,9,69853,0,0,0,0,0,E,11,Alveolar type 1 cell,52,22,6,6,6,AT1
E-1757,all,31,21,2574,5647,10,43984,0,0,0,0,0,E,8,Alveolar fibroblast 1,42,22,2,2,2_4,Artery
E-1761,all,48,24,2296,4554,30,60657,0,0,0,0,0,E,3,Alveolar type 1 cell,48,24,6,6,6,AT1
E-1762,all,22,13,3616,5336,33,65796,0,0,0,0,0,E,11,Sox9+/Id2+ epithelial cell,43,13,5,5,5_1,Pericyte
E-1767,all,51,29,3426,3855,20,89654,0,0,0,0,0,E,10,Alveolar fibroblast 1,50,29,2,2,2_4,Artery
E-1768,all,35,17,3479,5556,23,68920,0,0,0,0,0,E,10,Alveolar type 2 cell,42,17,1,1,1_3,AT2
E-1772,all,71,24,2672,4045,22,77579,0,0,0,0,0,E,39,Alveolar type 2 cell,50,24,1,1,1_1,AT2
E-1773,all,11,5,3664,4204,19,37920,0,0,0,0,0,E,2,Alveolar fibroblast 1,29,5,3,3,3_4,AdventitialFib
E-1774,all,73,35,3402,4831,28,90315,0,0,0,0,0,E,20,Pericyte,54,35,7,7,7_2,PatrolMac
E-1775,all,33,23,2926,5156,10,37974,0,0,0,0,0,E,7,B cell,42,24,3,3,3_1,SMC
E-1778,all,25,14,3656,4116,25,44974,0,0,0,0,0,E,4,Arterial endothelial cell,40,15,2,2,2_4,Artery
E-1779,all,49,25,2652,5424,26,71870,0,0,0,0,0,E,5,Inflammatory monocyte,50,26,2,2,2_2,InflamMac
E-1780,all,76,18,3037,4155,33,49030,1015,960,55,0.9458128,0.05418719,E,32,Alveolar fibroblast 1,53,18,1,1,1_3,AT2
E-1781,all,101,35,2432,5632,26,98804,0,0,0,0,0,E,55,Alveolar type 2 cell,55,27,1,1,1_3,AT2
E-1782,all,64,34,3069,5621,16,85408,0,0,0,0,0,E,4,Proliferative mesenchymal progenitor cell,55,34,3,3,3_4,AdventitialFib
E-1783,all,30,24,1982,4105,24,68087,0,0,0,0,0,E,3,Alveolar fibroblast 1,37,25,3,3,3_5,SMC
E-1785,all,21,17,2334,4315,11,48433,0,0,0,0,0,E,6,Capillary 1 cell,38,16,2,2,2_1,Capillary
E-1789,all,29,19,2724,4363,10,39874,0,0,0,0,0,E,10,Arterial endothelial cell,40,19,2,2,2_4,Artery
E-1790,all,33,23,3414,5047,18,84573,0,0,0,0,0,E,5,Alveolar fibroblast 1,41,24,1,1,1_5_1,LymphaticEndo
E-1791,all,27,20,2195,4514,12,65653,0,0,0,0,0,E,4,Endothelial progenitor cell,44,20,6,6,6,AT1
E-1792,all,51,30,2974,5254,10,57442,0,0,0,0,0,E,12,Pericyte,51,30,5,5,5_1,Pericyte
E-1794,all,52,22,1993,4158,22,61362,0,0,0,0,0,E,19,Alveolar type 1 cell,51,23,3,3,3_1,SMC
E-1796,all,14,12,2978,4661,27,22921,0,0,0,0,0,E,4,Capillary 1 cell,38,13,2,2,2_1,Capillary
E-1799,all,56,29,3254,4541,22,87432,0,0,0,0,0,E,6,Endothelial progenitor cell,53,29,2,2,2_3,Vein
E-1800,all,23,12,2706,4069,31,41960,0,0,0,0,0,E,12,Alveolar type 2 cell,44,12,1,1,1_1,AT2
E-1802,all,29,16,3505,5161,26,69036,0,0,0,0,0,E,8,Pericyte,42,17,3,3,3_5,SMC
E-1803,all,25,14,2646,5086,19,48269,0,0,0,0,0,E,7,B cell,45,14,9,9,9,Bcell
E-1804,all,26,20,3077,4897,13,81121,0,0,0,0,0,E,3,Inflammatory monocyte,47,20,2,2,2_6,pDC
E-1805,all,33,20,3423,5133,22,54225,0,0,0,0,0,E,15,Pericyte,41,20,5,5,5_1,Pericyte
E-1808,all,68,40,2901,4655,15,58371,0,0,0,0,0,E,6,B cell,56,40,2,2,2_1,Capillary
E-1811,all,45,19,2256,4628,16,37989,0,0,0,0,0,E,11,Alveolar type 1 cell,46,19,6,6,6,AT1
E-1812,all,67,39,2636,5216,24,74376,0,0,0,0,0,E,15,Pericyte,60,39,5,5,5_1,Pericyte
E-1813,all,75,37,3241,4449,21,91350,0,0,0,0,0,E,3,Sox9+/Id2+ epithelial cell,54,38,1,1,1_6_2,Neutrophil
E-1814,all,57,32,3221,4390,30,64865,0,0,0,0,0,E,18,Secondary crest myofibroblast,56,33,3,3,3_1,SMC
E-1816,all,35,25,3318,5379,24,94002,0,0,0,0,0,E,5,Capillary 1 cell,41,25,8,8,8_2,InterstitialMac
E-1818,all,103,31,2279,5171,22,96886,0,0,0,0,0,E,61,Alveolar type 2 cell,55,24,1,1,1_3,AT2
E-1819,all,112,29,3379,5093,22,95427,0,0,0,0,0,E,14,Alveolar type 1 cell,47,16,6,6,6,AT1
E-1821,all,32,21,3475,5291,20,71906,0,0,0,0,0,E,3,Alveolar type 1 cell,39,21,6,6,6,AT1
E-1822,all,14,11,3455,5573,18,51834,0,0,0,0,0,E,3,Pericyte,30,11,5,5,5_1,Pericyte
E-1823,all,40,18,3219,5260,14,42368,0,0,0,0,0,E,24,Alveolar type 2 cell,44,19,3,3,3_5,SMC
E-1825,all,42,23,3582,4016,25,68492,0,0,0,0,0,E,2,Arterial endothelial cell,45,24,2,2,2_4,Artery
E-1826,all,156,27,2524,4924,20,114234,0,0,0,0,0,E,117,Alveolar type 2 cell,50,15,1,1,1_1,AT2
E-1827,all,32,20,3500,5321,14,58789,0,0,0,0,0,E,10,B cell,41,20,9,9,9,Bcell
E-1828,all,17,16,2867,4450,36,32610,0,0,0,0,0,E,2,Proliferative mesenchymal progenitor cell,35,16,7,7,7_3,Tcell (CD8)
E-1829,all,6,5,3725,4249,28,27375,0,0,0,0,0,E,3,Secondary crest myofibroblast,22,7,3,3,3_6,SCMF
E-1833,all,25,15,2945,5231,18,33806,0,0,0,0,0,E,6,Alveolar fibroblast 2,43,15,3,3,3_3,AdventitialFib
E-1834,all,76,35,2825,4573,29,96458,0,0,0,0,0,E,32,Capillary 2 cell,55,35,2,2,2_3,Vein
E-1835,all,33,11,2053,4240,12,42237,0,0,0,0,0,E,26,Alveolar type 2 cell,43,11,1,1,1_1,AT2
E-1836,all,35,9,3308,5228,13,53081,0,0,0,0,0,E,31,Alveolar type 2 cell,45,9,1,1,1_1,AT2
E-1837,all,69,30,3108,4862,23,91747,0,0,0,0,0,E,7,Alveolar fibroblast 1,52,31,3,3,3_1,SMC
E-1839,all,104,32,3501,5056,25,127695,0,0,0,0,0,E,52,Alveolar type 2 cell,54,24,1,1,1_3,AT2
E-1841,all,35,14,2481,5679,21,48463,0,0,0,0,0,E,25,Capillary 2 cell,42,14,5,5,5_3,Pericyte
E-1842,all,91,42,3228,4018,24,104619,0,0,0,0,0,E,20,Interstitial macrophage,61,41,8,8,8_3,InterstitialMac
E-1843,all,29,17,3631,4080,25,51523,0,0,0,0,0,E,4,Secondary crest myofibroblast,40,18,3,3,3_2,SMC
E-1845,all,12,9,2132,4488,9,28673,0,0,0,0,0,E,3,Arterial endothelial cell,32,9,2,2,2_4,Artery
E-1846,all,73,40,2606,5203,22,101123,0,0,0,0,0,E,19,CD8+ T cell,59,41,3,3,3_1,SMC
E-1847,all,53,36,2811,5542,19,72852,0,0,0,0,0,E,5,Pericyte,53,36,5,5,5_3,Pericyte
E-1848,all,103,43,3477,4975,18,141166,0,0,0,0,0,E,31,Alveolar fibroblast 1,59,38,3,3,3_1,SMC
E-1849,all,144,46,2817,4384,29,118897,0,0,0,0,0,E,31,Inflammatory monocyte,47,22,7,7,7_2,PatrolMac
E-1851,all,62,25,2048,4179,12,68616,0,0,0,0,0,E,34,Sox9+/Id2+ epithelial cell,54,25,1,1,1_3,AT2
E-1852,all,43,25,3254,5241,19,68830,0,0,0,0,0,E,7,Arterial endothelial cell,44,25,2,2,2_4,Artery
E-1854,all,63,33,3381,4865,18,92265,0,0,0,0,0,E,10,Endothelial progenitor cell,55,32,2,2,2_1,Capillary
E-1855,all,66,31,3162,4528,32,87321,0,0,0,0,0,E,13,Venous endothelial cell,55,32,1,1,1_5_1,LymphaticEndo
E-1856,all,16,12,2631,4066,28,48060,0,0,0,0,0,E,8,Alveolar fibroblast 1,39,12,5,5,5_1,Pericyte
E-1857,all,22,8,3285,5292,13,16188,0,0,0,0,0,E,15,Sox9+/Id2+ epithelial cell,44,8,1,1,1_1,AT2
E-1858,all,12,11,3465,5496,33,34844,0,0,0,0,0,E,2,Pericyte,29,11,5,5,5_1,Pericyte
E-1859,all,21,10,3607,5708,8,46667,0,0,0,0,0,E,12,Sox9+/Id2+ epithelial cell,43,10,1,1,1_1,AT2
E-1861,all,29,18,2273,4712,15,62950,0,0,0,0,0,E,4,Sox9+/Id2+ epithelial cell,42,18,2,2,2_1,Capillary
E-1863,all,26,19,2284,4814,10,39639,0,0,0,0,0,E,6,Capillary 1 cell,44,18,2,2,2_1,Capillary
E-1864,all,79,28,2458,4867,22,53595,0,0,0,0,0,E,20,Arterial endothelial cell,57,28,6,6,6,AT1
E-1866,all,165,41,3198,4298,22,111244,0,0,0,0,0,E,108,Alveolar type 2 cell,47,16,1,1,1_1,AT2
E-1867,all,74,36,3027,5251,14,79883,0,0,0,0,0,E,16,Alveolar fibroblast 1,56,37,2,2,2_2,InflamMac
E-1868,all,190,32,2986,5324,11,102714,0,0,0,0,0,E,142,Alveolar type 2 cell,49,15,1,1,1_3,AT2
E-1870,all,53,28,3173,4974,15,79105,0,0,0,0,0,E,2,Proliferative mesenchymal progenitor cell,54,29,3,3,3_1,SMC
E-1871,all,7,5,3744,4032,18,16049,0,0,0,0,0,E,4,Vascular smooth muscle cell,20,8,3,3,3_2,SMC
E-1872,all,71,39,2826,4432,29,88483,0,0,0,0,0,E,10,Alveolar type 1 cell,56,39,8,8,8_2,InterstitialMac
E-1873,all,21,20,3690,4025,23,60298,0,0,0,0,0,E,5,Arterial endothelial cell,43,21,2,2,2_4,Artery
E-1874,all,81,32,3116,4563,25,91064,0,0,0,0,0,E,7,CD8+ T cell,60,32,7,7,7_4,PatrolMac
E-1876,all,12,9,3495,5494,38,14487,0,0,0,0,0,E,4,Pericyte,31,9,5,5,5_1,Pericyte
E-1877,all,73,40,2954,4426,23,142111,0,0,0,0,0,E,17,B cell,56,40,9,9,9,Bcell
E-1878,all,17,6,2334,4267,7,34838,0,0,0,0,0,E,12,Sox9+/Id2+ epithelial cell,42,8,2,2,2_1,Capillary
E-1880,all,11,6,2334,4856,7,11872,0,0,0,0,0,E,5,Basophil,30,8,2,2,2_5,DC
E-1881,all,44,32,3024,4416,32,58983,0,0,0,0,0,E,14,Pericyte,44,32,5,5,5_1,Pericyte
E-1883,all,29,20,3608,4094,20,56090,0,0,0,0,0,E,12,Vascular smooth muscle cell,39,21,3,3,3_2,SMC
E-1884,all,53,32,3067,4115,28,95839,0,0,0,0,0,E,14,Alveolar fibroblast 1,52,32,2,2,2_4,Artery
E-1885,all,84,30,2596,5152,29,60728,0,0,0,0,0,E,45,Alveolar type 2 cell,55,30,1,1,1_3,AT2
E-1886,all,68,26,3154,5278,15,85416,0,0,0,0,0,E,36,Natural killer cell,53,27,2,2,2_2,InflamMac
E-1890,all,44,33,2293,4419,17,98494,0,0,0,0,0,E,7,Proliferative mesenchymal progenitor cell,45,34,3,3,3_5,SMC
E-1891,all,40,22,2768,4289,8,39967,0,0,0,0,0,E,9,CD4+ T cell,43,22,7,7,7_4,PatrolMac
E-1892,all,49,14,2763,5629,21,47655,0,0,0,0,0,E,38,Sox9+/Id2+ epithelial cell,48,14,1,1,1_1,AT2
E-1893,all,47,24,2028,4318,16,74812,0,0,0,0,0,E,8,Sox9+/Id2+ epithelial cell,47,24,6,6,6,AT1
E-1894,all,59,28,2288,4351,24,105322,0,0,0,0,0,E,31,Sox9+/Id2+ epithelial cell,55,28,5,5,5_1,Pericyte
E-1896,all,48,26,2750,5545,27,76558,0,0,0,0,0,E,7,Capillary 1 cell,49,27,2,2,2_2,InflamMac
E-1898,all,52,24,3055,4504,24,59912,0,0,0,0,0,E,2,Endothelial progenitor cell,51,24,2,2,2_1,Capillary
E-1901,all,27,12,2017,4263,28,26402,0,0,0,0,0,E,11,Natural killer cell,43,12,7,7,7_3,Tcell (CD8)
E-1902,all,53,35,2693,5324,17,69635,0,0,0,0,0,E,19,Venous endothelial cell,55,36,3,3,3_1,SMC
E-1903,all,9,7,3330,4557,39,9410,0,0,0,0,0,E,2,CD4+ T cell,23,8,7,7,7_2,PatrolMac
E-1905,all,27,18,2945,5130,13,39063,0,0,0,0,0,E,11,B cell,41,18,9,9,9,Bcell
E-1909,all,22,15,3456,3915,25,47890,0,0,0,0,0,E,10,Vascular smooth muscle cell,41,15,3,3,3_2,SMC
E-1910,all,47,28,2481,4353,28,66009,0,0,0,0,0,E,11,Alveolar type 2 cell,47,28,9,9,9,Bcell
E-1911,all,19,11,2826,4093,23,30946,0,0,0,0,0,E,3,Alveolar fibroblast 1,38,11,5,5,5_3,Pericyte
E-1912,all,19,13,3596,4052,34,28840,0,0,0,0,0,E,2,Arterial endothelial cell,40,14,2,2,2_4,Artery
E-1916,all,43,22,3682,4156,31,88499,0,0,0,0,0,E,8,Venous endothelial cell,44,22,3,3,3_6,SCMF
E-1918,all,29,19,3759,4215,29,65922,0,0,0,0,0,E,6,Arterial endothelial cell,40,20,3,3,3_2,SMC
E-1919,all,22,12,2654,5668,14,67134,0,0,0,0,0,E,12,Alveolar type 2 cell,44,13,3,3,3_5,SMC
E-1921,all,31,24,2556,5680,33,74607,0,0,0,0,0,E,2,Alveolar fibroblast 1,37,24,3,3,3_4,AdventitialFib
E-1923,all,27,18,2700,5741,37,31120,0,0,0,0,0,E,5,Alveolar macrophage,41,18,8,8,8_1,AlveolarMac
E-1924,all,12,12,3631,4131,29,46067,0,0,0,0,0,E,3,Alveolar fibroblast 1,33,12,2,2,2_4,Artery
E-1925,all,67,30,2921,5745,29,50858,0,0,0,0,0,E,30,Alveolar type 2 cell,57,30,1,1,1_3,AT2
E-1926,all,25,20,3296,4811,15,62713,0,0,0,0,0,E,3,Inflammatory monocyte,36,21,2,2,2_1,Capillary
E-1929,all,17,12,3395,4798,34,27505,0,0,0,0,0,E,4,CD8+ T cell,38,12,7,7,7_2,PatrolMac
E-1931,all,128,28,2635,5352,18,89076,0,0,0,0,0,E,85,Alveolar type 2 cell,45,12,1,1,1_1,AT2
E-1932,all,25,18,2253,4487,30,88846,0,0,0,0,0,E,11,Capillary 1 cell,39,18,2,2,2_1,Capillary
E-1935,all,44,22,2066,4300,19,80243,0,0,0,0,0,E,9,Alveolar type 1 cell,45,22,6,6,6,AT1
E-1936,all,50,18,2450,4324,23,44184,0,0,0,0,0,E,36,Alveolar type 1 cell,49,18,1,1,1_1,AT2
E-1940,all,40,31,3459,3878,26,74662,0,0,0,0,0,E,7,Arterial endothelial cell,43,32,2,2,2_4,Artery
E-1941,all,48,30,3547,3990,21,71851,0,0,0,0,0,E,10,Pericyte,48,30,3,3,3_2,SMC
E-1947,all,104,48,2941,4722,25,112208,0,0,0,0,0,E,18,Alveolar macrophage,56,34,8,8,8_3,InterstitialMac
E-1948,all,30,21,2816,4141,34,46074,0,0,0,0,0,E,5,Capillary 1 cell,38,20,2,2,2_1,Capillary
E-1952,all,58,33,2388,4476,23,91571,0,0,0,0,0,E,13,Inflammatory monocyte,56,34,2,2,2_5,DC
E-1957,all,46,30,3483,3935,23,61476,0,0,0,0,0,E,18,Vascular smooth muscle cell,46,30,5,5,5_1,Pericyte
E-1958,all,74,33,2476,4304,24,68367,0,0,0,0,0,E,37,Alveolar type 2 cell,53,33,1,1,1_1,AT2
E-1959,all,43,27,3099,4160,33,55554,0,0,0,0,0,E,17,Pericyte,43,27,5,5,5_1,Pericyte
E-1961,all,68,29,2447,4826,16,69240,0,0,0,0,0,E,5,B cell,57,29,6,6,6,AT1
E-1962,all,73,22,2663,5337,24,71255,0,0,0,0,0,E,50,Alveolar type 2 cell,53,22,1,1,1_1,AT2
E-1964,all,25,20,3121,3869,12,24329,0,0,0,0,0,E,6,Capillary 1 cell,42,20,2,2,2_1,Capillary
E-1965,all,7,5,3763,5702,8,19601,0,0,0,0,0,E,2,Natural killer cell,25,7,7,7,7_3,Tcell (CD8)
E-1967,all,8,4,2414,5729,4,5801,0,0,0,0,0,E,4,Sox9+/Id2+ epithelial cell,34,5,1,1,1_1,AT2
E-1970,all,75,29,3257,5278,19,55969,0,0,0,0,0,E,42,Alveolar type 2 cell,55,29,1,1,1_3,AT2
E-1971,all,77,45,2649,3981,21,134545,0,0,0,0,0,E,10,Capillary 1 cell,58,45,3,3,3_4,AdventitialFib
E-1972,all,34,24,2086,4244,14,57731,0,0,0,0,0,E,9,Vascular smooth muscle cell,42,24,2,2,2_4,Artery
E-1973,all,23,13,3770,5330,10,42982,0,0,0,0,0,E,3,CD8+ T cell,39,14,2,2,2_2,InflamMac
E-1974,all,32,19,3401,5273,28,66693,0,0,0,0,0,E,5,B cell,40,19,1,1,1_5_2,AlveolarFib
E-1975,all,19,12,2609,4031,17,39008,0,0,0,0,0,E,2,Proliferative mesenchymal progenitor cell,40,12,2,2,2_6,pDC
E-1976,all,11,10,2647,5632,24,25309,0,0,0,0,0,E,3,Inflammatory monocyte,31,11,2,2,2_2,InflamMac
E-1978,all,25,16,2730,4036,28,32743,0,0,0,0,0,E,11,Sox9+/Id2+ epithelial cell,47,16,1,1,1_1,AT2
E-1980,all,33,18,3347,5163,20,79112,0,0,0,0,0,E,3,Inflammatory monocyte,41,19,2,2,2_2,InflamMac
E-1981,all,46,21,2649,4091,24,43859,0,0,0,0,0,E,11,Pericyte,46,21,5,5,5_1,Pericyte
E-1982,all,24,13,2326,4807,9,36214,0,0,0,0,0,E,5,Endothelial progenitor cell,37,12,2,2,2_1,Capillary
E-1985,all,101,41,2559,4220,11,119722,0,0,0,0,0,E,20,Arterial endothelial cell,57,35,2,2,2_4,Artery
E-1986,all,21,12,2421,4832,11,25968,0,0,0,0,0,E,2,B cell,40,12,9,9,9,Bcell
E-1988,all,10,9,3646,4160,23,37832,0,0,0,0,0,E,4,Vascular smooth muscle cell,26,9,5,5,5_1,Pericyte
E-1989,all,40,18,3070,4013,17,47106,0,0,0,0,0,E,24,Alveolar type 2 cell,43,18,1,1,1_1,AT2
E-1994,all,45,25,2309,5118,14,52139,0,0,0,0,0,E,14,Pericyte,45,25,5,5,5_3,Pericyte
E-1995,all,42,27,3023,5633,28,103347,0,0,0,0,0,E,5,Alveolar fibroblast 1,45,28,1,1,1_4_1,AlveolarFib
E-1996,all,78,22,3161,4053,22,71136,63,63,0,1,0,E,52,Alveolar type 2 cell,55,22,1,1,1_3,AT2
E-1997,all,40,12,2683,5646,15,42029,0,0,0,0,0,E,29,Alveolar type 2 cell,44,12,1,1,1_3,AT2
E-2000,all,21,14,1838,5727,7,15523,0,0,0,0,0,E,4,Classical DC subset 2,39,14,7,7,7_3,Tcell (CD8)
E-2002,all,27,17,3388,5343,31,41998,0,0,0,0,0,E,11,Alveolar type 2 cell,43,17,1,1,1_3,AT2
E-2005,all,12,10,2265,5135,27,34569,0,0,0,0,0,E,3,Alveolar type 2 cell,37,10,1,1,1_1,AT2
E-2006,all,144,61,2948,4683,21,123799,0,0,0,0,0,E,50,Pericyte,45,29,5,5,5_1,Pericyte
E-2007,all,9,8,3748,4281,31,21253,0,0,0,0,0,E,4,Arterial endothelial cell,27,9,2,2,2_4,Artery
E-2010,all,27,21,2518,5120,34,30542,0,0,0,0,0,E,9,Alveolar fibroblast 1,42,22,3,3,3_1,SMC
E-2011,all,15,12,3383,5228,36,38107,0,0,0,0,0,E,2,Alveolar fibroblast 1,34,12,2,2,2_3,Vein
E-2012,all,50,33,3413,5096,13,51737,0,0,0,0,0,E,5,Alveolar type 1 cell,49,32,2,2,2_1,Capillary
E-2013,all,67,20,2754,5596,22,51383,0,0,0,0,0,E,47,Alveolar type 2 cell,55,20,1,1,1_3,AT2
E-2018,all,46,19,2732,4071,28,38023,0,0,0,0,0,E,20,Alveolar type 2 cell,47,19,1,1,1_1,AT2
E-2021,all,74,26,2304,5153,23,60878,0,0,0,0,0,E,46,Alveolar type 2 cell,52,26,1,1,1_3,AT2
E-2022,all,9,7,3416,3902,40,14024,0,0,0,0,0,E,3,Alveolar fibroblast 2,25,8,3,3,3_3,AdventitialFib
E-2025,all,67,39,4119,1638,21,77160,0,0,0,0,0,E,24,Innate lymphoid cell,59,39,1,1,1_2_3,Tcell (CD4)
E-2026,all,101,37,5306,1184,31,70988,0,0,0,0,0,E,22,Sox9+/Id2+ epithelial cell,58,32,2,2,2_2,InflamMac
E-2027,all,70,32,5266,1838,14,64840,0,0,0,0,0,E,21,Inflammatory monocyte,55,32,9,9,9,Bcell
E-2029,all,16,7,5126,902,22,43949,0,0,0,0,0,E,11,Proliferative mesenchymal progenitor cell,35,8,3,3,3_1,SMC
E-2030,all,146,53,4552,1900,20,82167,0,0,0,0,0,E,29,Alveolar type 1 cell,46,25,6,6,6,AT1
E-2031,all,65,27,5441,938,26,63052,0,0,0,0,0,E,10,Alveolar fibroblast 1,54,27,1,1,1_4_1,AlveolarFib
E-2032,all,43,22,4678,1216,10,40010,0,0,0,0,0,E,9,Inflammatory monocyte,43,22,1,1,1_2_1,Tcell (CD4)
E-2033,all,25,17,4039,141,36,69428,0,0,0,0,0,E,10,T regulatory cell,43,18,1,1,1_6_2,Neutrophil
E-2034,all,55,32,5472,1387,19,66402,0,0,0,0,0,E,3,Venous endothelial cell,55,33,1,1,1_6_2,Neutrophil
E-2035,all,147,48,3791,1872,22,59947,0,0,0,0,0,E,64,Secretory cell,62,41,4,4,4_1_2,CiliatedEpi
E-2036,all,39,25,4894,1026,27,57812,0,0,0,0,0,E,6,Interstitial macrophage,40,25,8,8,8_3,InterstitialMac
E-2037,all,44,21,4714,1820,4,28926,0,0,0,0,0,E,2,Inflammatory monocyte,45,21,9,9,9,Bcell
E-2038,all,31,15,5359,936,20,45022,0,0,0,0,0,E,9,Sox9+/Id2+ epithelial cell,44,15,8,8,8_2,InterstitialMac
E-2043,all,34,16,5203,1551,17,29135,0,0,0,0,0,E,8,Natural killer cell,43,17,2,2,2_2,InflamMac
E-2044,all,76,17,5150,864,26,76558,0,0,0,0,0,E,61,Proliferative mesenchymal progenitor cell,53,18,3,3,3_1,SMC
E-2045,all,30,19,4062,891,37,38050,0,0,0,0,0,E,2,Sox9+/Id2+ epithelial cell,38,20,2,2,2_2,InflamMac
E-2046,all,137,24,3879,784,28,67307,0,0,0,0,0,E,113,Alveolar type 2 cell,47,10,1,1,1_1,AT2
E-2048,all,77,30,3986,926,19,53756,0,0,0,0,0,E,32,Pericyte,56,30,5,5,5_1,Pericyte
E-2049,all,132,41,4210,610,12,65053,0,0,0,0,0,E,15,Alveolar type 1 cell,47,21,6,6,6,AT1
E-2052,all,66,36,4425,1904,28,57068,0,0,0,0,0,E,26,Vascular smooth muscle cell,58,36,4,4,4_1_2,ClubEpi
E-2053,all,72,30,5597,299,24,76411,0,0,0,0,0,E,4,Endothelial progenitor cell,56,31,1,1,1_6_2,Neutrophil
E-2054,all,81,33,4274,1094,13,78075,0,0,0,0,0,E,10,CD4+ T cell,55,33,1,1,1_2_1,Tcell (CD4)
E-2058,all,65,29,4767,1112,11,83048,0,0,0,0,0,E,18,Alveolar fibroblast 1,56,30,3,3,3_1,SMC
E-2059,all,104,28,4957,1493,22,74546,0,0,0,0,0,E,55,CD4+ T cell,57,24,7,7,7_2,PatrolMac
E-2061,all,68,31,4421,499,16,77218,0,0,0,0,0,E,26,Inflammatory monocyte,53,32,1,1,1_4_1,AlveolarFib
E-2064,all,141,60,4142,1150,16,84225,0,0,0,0,0,E,24,Alveolar fibroblast 1,47,28,1,1,1_5_1,LymphaticEndo
E-2065,all,47,25,3806,1022,15,39273,0,0,0,0,0,E,23,Pericyte,47,25,5,5,5_3,Pericyte
E-2066,all,87,37,4118,1200,25,69468,0,0,0,0,0,E,13,B cell,58,37,9,9,9,Bcell
E-2067,all,20,13,3812,1414,33,29911,0,0,0,0,0,E,9,Alveolar macrophage,38,13,5,5,5_1,Pericyte
E-2068,all,150,75,3968,1533,26,131346,0,0,0,0,0,E,32,Alveolar fibroblast 2,42,31,5,5,5_1,Pericyte
E-2070,all,163,47,5268,1941,30,76879,0,0,0,0,0,E,17,CD4+ T cell,52,28,7,7,7_2,PatrolMac
E-2072,all,64,22,3831,1351,20,63340,0,0,0,0,0,E,2,Neutrophil,54,23,2,2,2_2,InflamMac
E-2073,all,26,14,5013,1080,6,23589,0,0,0,0,0,E,6,Alveolar fibroblast 1,42,14,3,3,3_4,AdventitialFib
E-2074,all,40,19,3859,1422,37,28764,0,0,0,0,0,E,3,Mast cell,43,19,7,7,7_4,PatrolMac
E-2075,all,37,18,4866,1805,7,23409,0,0,0,0,0,E,4,Alveolar type 1 cell,41,18,6,6,6,AT1
E-2077,all,59,27,4371,546,21,70834,0,0,0,0,0,E,22,CD8+ T cell,54,27,5,5,5_3,Pericyte
E-2078,all,162,53,4961,1315,18,90868,0,0,0,0,0,E,48,Alveolar fibroblast 1,48,26,1,1,1_5_1,LymphaticEndo
E-2079,all,84,39,4309,1644,22,63133,0,0,0,0,0,E,36,Pericyte,58,39,5,5,5_3,Pericyte
E-2080,all,23,14,3865,1315,7,28451,0,0,0,0,0,E,8,Inflammatory monocyte,41,14,5,5,5_3,Pericyte
E-2081,all,196,51,4343,1926,17,69928,0,0,0,0,0,E,88,Ciliated cell,53,29,4,4,4_1_2,CiliatedEpi
E-2082,all,99,39,4541,1963,17,77760,0,0,0,0,0,E,18,Alveolar type 1 cell,60,38,3,3,3_4,AdventitialFib
E-2086,all,63,32,4393,1428,32,59234,0,0,0,0,0,E,20,Proliferative mesenchymal progenitor cell,54,33,3,3,3_2,SMC
E-2087,all,49,24,4446,1076,11,44446,0,0,0,0,0,E,18,Pericyte,49,24,5,5,5_3,Pericyte
E-2088,all,42,22,4194,1550,38,24540,0,0,0,0,0,E,6,Alveolar fibroblast 1,44,22,6,6,6,AT1
E-2089,all,23,13,3974,1657,34,25776,0,0,0,0,0,E,2,Alveolar fibroblast 1,41,13,3,3,3_4,AdventitialFib
E-2091,all,118,45,3966,888,15,81101,0,0,0,0,0,E,53,Vascular smooth muscle cell,52,28,1,1,1_5_1,LymphaticEndo
E-2094,all,156,58,4164,1194,24,76912,0,0,0,0,0,E,24,Alveolar fibroblast 1,50,30,6,6,6,AT1
E-2095,all,31,18,5251,745,32,50501,0,0,0,0,0,E,4,CD4+ T cell,41,19,1,1,1_4_1,AlveolarFib
E-2096,all,95,35,4017,1721,32,89651,0,0,0,0,0,E,37,Secretory cell,62,35,4,4,4_1_2,ClubEpi
E-2098,all,19,8,4351,389,31,14821,0,0,0,0,0,E,5,Proliferative mesenchymal progenitor cell,37,8,8,8,8_2,InterstitialMac
E-2099,all,111,48,5380,1336,29,81085,0,0,0,0,0,E,36,Alveolar fibroblast 1,62,40,1,1,1_5_1,LymphaticEndo
E-2100,all,118,45,4431,1389,23,90043,0,0,0,0,0,E,8,Inflammatory monocyte,48,30,3,3,3_2,SMC
E-2101,all,221,52,4383,1954,18,76429,0,0,0,0,0,E,123,Ciliated cell,53,21,4,4,4_2,ClubEpi
E-2102,all,34,20,4521,1863,9,37379,0,0,0,0,0,E,19,Alveolar macrophage,41,22,2,2,2_5,DC
E-2103,all,54,25,4932,1336,11,57052,0,0,0,0,0,E,15,Alveolar fibroblast 1,54,26,2,2,2_4,Artery
E-2104,all,58,30,5197,361,20,62610,0,0,0,0,0,E,15,B cell,54,30,3,3,3_4,AdventitialFib
E-2107,all,57,37,3817,957,13,50209,0,0,0,0,0,E,5,Venous endothelial cell,56,38,3,3,3_1,SMC
E-2108,all,69,22,3951,1050,20,35774,0,0,0,0,0,E,14,Alveolar type 1 cell,53,22,6,6,6,AT1
E-2109,all,24,12,4363,613,29,38445,0,0,0,0,0,E,10,Alveolar fibroblast 1,42,13,3,3,3_1,SMC
E-2110,all,78,39,4009,967,13,66450,0,0,0,0,0,E,15,Inflammatory monocyte,57,39,1,1,1_2_1,Tcell (CD4)
E-2111,all,42,18,4429,1803,24,32070,0,0,0,0,0,E,24,Proliferative mesenchymal progenitor cell,44,18,1,1,1_4_1,AlveolarFib
E-2112,all,360,63,4118,1826,20,109882,0,0,0,0,0,E,208,Ciliated cell,57,21,4,4,4_2,ClubEpi
E-2113,all,95,43,4998,1423,16,89366,0,0,0,0,0,E,13,Proliferative mesenchymal progenitor cell,62,41,1,1,1_4_1,AlveolarFib
E-2115,all,128,21,3910,1486,33,70614,0,0,0,0,0,E,119,Alveolar type 2 cell,47,10,1,1,1_1,AT2
E-2116,all,36,14,4018,469,7,46957,0,0,0,0,0,E,18,Pericyte,43,14,5,5,5_1,Pericyte
E-2117,all,60,30,3834,1051,19,50716,0,0,0,0,0,E,17,Pericyte,56,30,5,5,5_1,Pericyte
E-2118,all,15,10,3885,860,10,10043,0,0,0,0,0,E,5,Sox9+/Id2+ epithelial cell,34,11,1,1,1_5_2,AlveolarFib
E-2121,all,79,38,5541,993,23,76214,0,0,0,0,0,E,15,Inflammatory monocyte,59,39,2,2,2_2,InflamMac
E-2123,all,61,17,4052,998,13,31869,0,0,0,0,0,E,10,Alveolar type 1 cell,52,17,6,6,6,AT1
E-2126,all,90,46,5136,1469,19,75701,0,0,0,0,0,E,10,Arterial endothelial cell,62,44,2,2,2_1,Capillary
E-2131,all,92,29,4068,1691,21,74133,0,0,0,0,0,E,13,Ciliated cell,57,29,6,6,6,AT1
E-2132,all,17,14,4206,1289,40,27461,0,0,0,0,0,E,6,Inflammatory monocyte,35,14,1,1,1_2_3,Tcell (CD4)
E-2133,all,94,36,4388,1583,33,64257,0,0,0,0,0,E,15,Innate lymphoid cell,58,35,7,7,7_4,PatrolMac
E-2134,all,47,25,4138,1778,26,73431,0,0,0,0,0,E,24,Secretory cell,47,25,4,4,4_1_2,ClubEpi
E-2137,all,51,31,3939,444,29,47153,0,0,0,0,0,E,11,Innate lymphoid cell,53,32,2,2,2_2,InflamMac
E-2139,all,123,47,3837,759,23,101451,0,0,0,0,0,E,21,Sox9+/Id2+ epithelial cell,46,30,2,2,2_2,InflamMac
E-2140,all,45,25,4273,186,25,45591,0,0,0,0,0,E,14,Alveolar fibroblast 1,48,26,2,2,2_4,Artery
E-2141,all,95,27,4726,1235,10,51359,0,0,0,0,0,E,9,Alveolar type 1 cell,57,27,6,6,6,AT1
E-2142,all,38,20,5387,700,22,51316,0,0,0,0,0,E,12,Pericyte,43,20,5,5,5_3,Pericyte
E-2143,all,238,59,3960,1831,22,76192,0,0,0,0,0,E,121,Ciliated cell,56,23,4,4,4_2,ClubEpi
E-2144,all,38,21,4064,261,15,98062,0,0,0,0,0,E,4,Proliferative mesenchymal progenitor cell,42,21,3,3,3_3,AdventitialFib
E-2145,all,104,48,4152,1244,18,71682,0,0,0,0,0,E,8,Sox9+/Id2+ epithelial cell,61,40,2,2,2_2,InflamMac
E-2146,all,94,41,4241,1398,25,78727,0,0,0,0,0,E,11,CD8+ T cell,65,42,2,2,2_2,InflamMac
E-2147,all,45,22,5322,303,8,66596,0,0,0,0,0,E,2,B cell,45,22,9,9,9,Bcell
E-2149,all,71,32,4615,1058,12,65387,0,0,0,0,0,E,13,Inflammatory monocyte,55,33,2,2,2_2,InflamMac
E-2152,all,48,25,5501,375,8,56220,0,0,0,0,0,E,2,Capillary 1 cell,48,25,2,2,2_1,Capillary
E-2153,all,27,15,5575,131,15,29749,0,0,0,0,0,E,9,Innate lymphoid cell,38,15,7,7,7_2,PatrolMac
E-2154,all,91,30,5027,950,15,82567,0,0,0,0,0,E,12,Capillary 1 cell,59,29,2,2,2_1,Capillary
E-2155,all,234,60,3890,1104,23,128321,0,0,0,0,0,E,133,Alveolar fibroblast 1,46,22,2,2,2_2,InflamMac
E-2156,all,166,62,4323,1898,20,72535,0,0,0,0,0,E,66,Ciliated cell,53,32,4,4,4_1_2,ClubEpi
E-2157,all,57,21,4352,107,30,42911,0,0,0,0,0,E,19,Sox9+/Id2+ epithelial cell,53,21,3,3,3_4,AdventitialFib
E-2158,all,32,9,4899,1785,16,18205,0,0,0,0,0,E,25,Sox9+/Id2+ epithelial cell,43,9,1,1,1_1,AT2
E-2159,all,49,26,5286,1439,20,33441,0,0,0,0,0,E,9,Inflammatory monocyte,49,26,3,3,3_4,AdventitialFib
E-2163,all,31,10,5541,29,6,21156,0,0,0,0,0,E,2,Natural killer cell,42,10,7,7,7_3,Tcell (CD8)
E-2164,all,44,28,4140,48,15,67926,331,0,331,0,1,E,12,Alveolar macrophage,42,27,1,1,1_5_1,LymphaticEndo
E-2165,all,30,17,5438,1381,8,24700,0,0,0,0,0,E,4,Capillary 2 cell,39,17,2,2,2_6,pDC
E-2166,all,49,21,5123,823,20,91004,0,0,0,0,0,E,28,Alveolar fibroblast 2,49,22,3,3,3_1,SMC
E-2169,all,68,31,5145,995,14,62476,0,0,0,0,0,E,3,Arterial endothelial cell,57,31,7,7,7_2,PatrolMac
E-2171,all,20,15,4883,1538,23,19608,0,0,0,0,0,E,3,Sox9+/Id2+ epithelial cell,35,15,8,8,8_2,InterstitialMac
E-2172,all,256,64,4015,1821,18,76057,0,0,0,0,0,E,119,Ciliated cell,50,21,4,4,4_1_2,ClubEpi
E-2173,all,32,12,5605,997,23,23433,0,0,0,0,0,E,4,Innate lymphoid cell,44,13,3,3,3_2,SMC
E-2174,all,75,36,3841,594,35,63660,0,0,0,0,0,E,7,Alveolar fibroblast 1,56,37,1,1,1_4_1,AlveolarFib
E-2175,all,64,31,5440,978,19,80610,0,0,0,0,0,E,16,Natural killer cell,58,33,2,2,2_5,DC
E-2176,all,57,31,4357,1667,14,58323,0,0,0,0,0,E,6,Sox9+/Id2+ epithelial cell,55,32,2,2,2_1,Capillary
E-2178,all,66,32,4305,1501,10,58448,0,0,0,0,0,E,10,Alveolar type 1 cell,57,32,7,7,7_3,Tcell (CD8)
E-2181,all,30,15,5114,288,10,36735,0,0,0,0,0,E,12,Capillary 1 cell,40,16,3,3,3_1,SMC
E-2183,all,89,43,4468,957,16,92330,0,0,0,0,0,E,24,Inflammatory monocyte,63,43,7,7,7_3,Tcell (CD8)
E-2185,all,54,33,4938,1583,29,52372,0,0,0,0,0,E,6,CD4+ T cell,54,33,7,7,7_2,PatrolMac
E-2186,all,26,14,3964,1748,23,63211,0,0,0,0,0,E,19,Alveolar fibroblast 1,39,16,2,2,2_5,DC
E-2187,all,66,35,4692,1689,10,59653,0,0,0,0,0,E,18,Alveolar fibroblast 1,57,35,1,1,1_5_1,LymphaticEndo
E-2188,all,66,28,5109,337,27,50723,0,0,0,0,0,E,25,Sox9+/Id2+ epithelial cell,55,27,2,2,2_1,Capillary
E-2190,all,54,30,4250,1642,23,60411,0,0,0,0,0,E,9,Sox9+/Id2+ epithelial cell,53,30,1,1,1_2_3,Tcell (CD4)
E-2191,all,25,15,4365,1088,5,23321,0,0,0,0,0,E,3,CD4+ T cell,44,15,1,1,1_2_1,Tcell (CD4)
E-2192,all,70,31,4905,1238,12,75816,0,0,0,0,0,E,12,Alveolar macrophage,54,31,8,8,8_1,AlveolarMac
E-2193,all,51,22,5444,91,10,80896,0,0,0,0,0,E,10,Capillary 1 cell,51,23,3,3,3_1,SMC
E-2195,all,75,12,4427,447,22,33814,0,0,0,0,0,E,66,Alveolar fibroblast 1,50,12,5,5,5_3,Pericyte
E-2196,all,95,53,3948,1573,24,102871,0,0,0,0,0,E,10,CD8+ T cell,66,53,2,2,2_2,InflamMac
E-2197,all,54,20,4156,1576,37,30951,0,0,0,0,0,E,16,Sox9+/Id2+ epithelial cell,51,21,2,2,2_2,InflamMac
E-2199,all,175,45,4282,1878,20,53580,0,0,0,0,0,E,88,Ciliated cell,55,24,4,4,4_1_2,ClubEpi
E-2200,all,27,16,4003,361,12,46265,0,0,0,0,0,E,3,Proliferative mesenchymal progenitor cell,41,16,2,2,2_6,pDC
E-2201,all,23,10,5049,329,28,18542,0,0,0,0,0,E,14,CD4+ T cell,42,10,5,5,5_3,Pericyte
E-2203,all,17,11,3897,1776,21,33874,0,0,0,0,0,E,5,Alveolar type 2 cell,32,11,1,1,1_3,AT2
E-2206,all,53,23,5554,86,10,48671,0,0,0,0,0,E,21,Inflammatory monocyte,52,23,7,7,7_2,PatrolMac
E-2207,all,26,12,5158,1596,13,33690,0,0,0,0,0,E,5,Alveolar fibroblast 1,45,13,1,1,1_5_2,AlveolarFib
E-2208,all,52,28,4843,1033,30,71787,0,0,0,0,0,E,20,Secondary crest myofibroblast,54,29,3,3,3_1,SMC
E-2210,all,83,43,5191,825,34,86124,0,0,0,0,0,E,19,Alveolar type 2 cell,61,44,3,3,3_5,SMC
E-2211,all,62,25,5516,226,9,52862,0,0,0,0,0,E,5,B cell,53,25,2,2,2_6,pDC
E-2216,all,176,60,3904,1848,25,79259,0,0,0,0,0,E,81,Ciliated cell,48,22,4,4,4_1_2,ClubEpi
E-2217,all,28,18,5347,732,29,32864,0,0,0,0,0,E,16,Vascular smooth muscle cell,39,18,1,1,1_4_3,AlveolarFib
E-2220,all,78,36,5155,353,21,75567,0,0,0,0,0,E,19,Alveolar fibroblast 1,57,37,2,2,2_4,Artery
E-2221,all,43,21,5283,1090,36,34791,0,0,0,0,0,E,16,Sox9+/Id2+ epithelial cell,45,22,2,2,2_2,InflamMac
E-2222,all,46,28,5365,1952,9,44518,0,0,0,0,0,E,6,Alveolar macrophage,46,28,8,8,8_1,AlveolarMac
E-2224,all,99,35,4214,1775,38,40641,0,0,0,0,0,E,73,Secretory cell,66,32,4,4,4_2,ClubEpi
E-2225,all,31,23,4319,247,31,48544,0,0,0,0,0,E,7,Innate lymphoid cell,37,23,3,3,3_4,AdventitialFib
E-2226,all,29,17,4904,1705,20,43428,0,0,0,0,0,E,3,CD8+ T cell,40,18,2,2,2_2,InflamMac
E-2227,all,51,16,5111,1027,21,52560,0,0,0,0,0,E,11,Alveolar type 1 cell,50,16,6,6,6,AT1
E-2229,all,41,18,4393,758,8,39721,0,0,0,0,0,E,8,Alveolar macrophage,42,18,3,3,3_6,SCMF
E-2233,all,25,19,5263,547,8,41997,0,0,0,0,0,E,5,Alveolar macrophage,46,19,1,1,1_2_3,Tcell (CD4)
E-2236,all,63,32,4243,997,37,48458,0,0,0,0,0,E,6,Innate lymphoid cell,56,32,7,7,7_2,PatrolMac
E-2237,all,57,28,4024,1662,36,38801,0,0,0,0,0,E,27,Ciliated cell,44,28,4,4,4_1_2,CiliatedEpi
E-2238,all,82,27,5255,1072,23,67000,0,0,0,0,0,E,49,Alveolar fibroblast 1,56,27,1,1,1_4_3,AlveolarFib
E-2239,all,41,27,5484,937,17,109273,0,0,0,0,0,E,10,Ciliated cell,43,28,1,1,1_5_1,LymphaticEndo
E-2241,all,37,22,4223,1625,30,37433,0,0,0,0,0,E,5,B cell,42,23,1,1,1_4_1,AlveolarFib
E-2242,all,40,16,5054,1096,6,20047,0,0,0,0,0,E,3,Inflammatory monocyte,43,16,1,1,1_2_1,Tcell (CD4)
E-2245,all,58,20,4921,1549,26,42838,0,0,0,0,0,E,27,CD8+ T cell,53,22,2,2,2_5,DC
E-2246,all,50,21,4547,944,15,60726,0,0,0,0,0,E,20,Sox9+/Id2+ epithelial cell,50,22,1,1,1_4_3,AlveolarFib
E-2248,all,38,13,4297,1557,7,28732,0,0,0,0,0,E,22,CD8+ T cell,44,14,2,2,2_2,InflamMac
E-2250,all,74,28,4485,892,23,40103,0,0,0,0,0,E,46,Alveolar fibroblast 1,54,28,1,1,1_5_1,LymphaticEndo
E-2251,all,70,27,3952,1692,24,61821,0,0,0,0,0,E,39,Alveolar type 2 cell,53,27,1,1,1_1,AT2
E-2252,all,49,25,4321,1760,18,47906,0,0,0,0,0,E,10,CD4+ T cell,49,25,1,1,1_2_1,Tcell (CD4)
E-2254,all,31,16,3946,1800,26,33627,0,0,0,0,0,E,16,Capillary 1 cell,41,16,3,3,3_6,SCMF
E-2255,all,57,24,5399,948,25,52011,0,0,0,0,0,E,11,Sox9+/Id2+ epithelial cell,51,25,1,1,1_4_1,AlveolarFib
E-2256,all,93,43,3995,1037,32,64405,0,0,0,0,0,E,13,Inflammatory monocyte,59,42,6,6,6,AT1
E-2257,all,114,41,4514,1788,11,93916,0,0,0,0,0,E,28,Pericyte,46,20,5,5,5_3,Pericyte
E-2259,all,95,26,4096,296,18,90577,0,0,0,0,0,E,56,Sox9+/Id2+ epithelial cell,59,26,1,1,1_1,AT2
E-2261,all,112,43,5606,1364,17,67281,0,0,0,0,0,E,33,Alveolar macrophage,44,22,1,1,1_4_3,AlveolarFib
E-2263,all,15,10,4364,1815,38,6039,0,0,0,0,0,E,7,Vascular smooth muscle cell,34,11,3,3,3_2,SMC
E-2264,all,26,19,4222,1530,39,17378,0,0,0,0,0,E,3,Alveolar type 1 cell,48,19,6,6,6,AT1
E-2265,all,81,16,4457,436,14,40888,0,0,0,0,0,E,69,Alveolar type 2 cell,53,16,1,1,1_1,AT2
E-2267,all,111,32,4436,1944,26,70844,0,0,0,0,0,E,72,Ciliated cell,53,32,4,4,4_2,CiliatedEpi
E-2268,all,74,39,3948,417,26,69446,0,0,0,0,0,E,7,Inflammatory monocyte,56,40,2,2,2_2,InflamMac
E-2271,all,61,34,5215,714,33,74227,0,0,0,0,0,E,6,Alveolar type 1 cell,56,34,6,6,6,AT1
E-2272,all,260,70,4067,1814,22,78895,0,0,0,0,0,E,110,Ciliated cell,52,25,4,4,4_1_2,ClubEpi
E-2276,all,150,48,4167,1832,19,53679,0,0,0,0,0,E,87,Ciliated cell,49,18,4,4,4_2,ClubEpi
E-2277,all,36,15,5249,1489,8,23731,0,0,0,0,0,E,11,B cell,42,15,9,9,9,Bcell
E-2278,all,39,18,4405,1758,9,48241,0,0,0,0,0,E,13,Alveolar type 2 cell,45,19,2,2,2_4,Artery
E-2279,all,28,14,5500,802,37,28593,0,0,0,0,0,E,6,Sox9+/Id2+ epithelial cell,41,15,2,2,2_2,InflamMac
E-2283,all,14,8,5053,295,16,29218,0,0,0,0,0,E,2,B cell,31,8,9,9,9,Bcell
E-2284,all,337,84,4234,1858,20,142335,0,0,0,0,0,E,173,Ciliated cell,50,26,4,4,4_1_2,ClubEpi
E-2287,all,56,33,4084,1097,11,76044,0,0,0,0,0,E,5,Capillary 1 cell,55,33,2,2,2_3,Vein
E-2289,all,17,8,4989,1481,10,12019,0,0,0,0,0,E,9,Alveolar type 1 cell,35,9,1,1,1_4_3,AlveolarFib
E-2291,all,72,34,3920,1737,31,59329,0,0,0,0,0,E,29,Vascular smooth muscle cell,55,34,3,3,3_2,SMC
E-2292,all,116,39,4524,1346,28,75581,0,0,0,0,0,E,65,Alveolar type 2 cell,47,24,2,2,2_2,InflamMac
E-2293,all,63,29,4641,1527,10,51260,0,0,0,0,0,E,14,Inflammatory monocyte,55,29,2,2,2_2,InflamMac
E-2294,all,44,17,5365,807,12,71392,0,0,0,0,0,E,15,Alveolar fibroblast 1,45,18,1,1,1_5_1,LymphaticEndo
E-2295,all,58,23,4918,1196,33,46130,0,0,0,0,0,E,6,Alveolar macrophage,54,23,1,1,1_5_2,AlveolarFib
E-2296,all,181,46,5530,896,33,76048,0,0,0,0,0,E,15,Alveolar type 1 cell,51,24,6,6,6,AT1
E-2299,all,174,38,4377,493,24,99649,0,0,0,0,0,E,120,Alveolar type 2 cell,49,15,2,2,2_4,Artery
E-2301,all,71,23,5170,306,6,41100,0,0,0,0,0,E,13,Alveolar type 1 cell,54,23,1,1,1_5_1,LymphaticEndo
E-2304,all,68,34,4932,1692,25,40489,0,0,0,0,0,E,4,Proliferative mesenchymal progenitor cell,59,34,1,1,1_2_1,Tcell (CD4)
E-2305,all,46,31,4346,1850,26,69048,0,0,0,0,0,E,15,Inflammatory monocyte,46,31,3,3,3_2,SMC
E-2306,all,147,45,3817,450,34,66564,0,0,0,0,0,E,98,CD4+ T cell,41,13,3,3,3_5,SMC
E-2307,all,41,24,4937,1027,24,83426,50,0,50,0,1,E,8,Alveolar macrophage,42,24,7,7,7_4,PatrolMac
E-2309,all,31,15,4457,1886,36,29607,0,0,0,0,0,E,14,Venous endothelial cell,40,16,3,3,3_2,SMC
E-2310,all,53,26,5538,279,9,76722,0,0,0,0,0,E,8,CD4+ T cell,53,26,7,7,7_2,PatrolMac
E-2311,all,85,39,5199,1669,21,82751,0,0,0,0,0,E,7,Venous endothelial cell,63,40,2,2,2_2,InflamMac
E-2312,all,29,16,4253,131,20,47188,0,0,0,0,0,E,6,Pericyte,40,16,5,5,5_1,Pericyte
E-2313,all,7,6,5085,1529,36,8559,0,0,0,0,0,E,3,Pericyte,24,8,3,3,3_5,SMC
E-2317,all,49,24,4038,1027,27,25680,0,0,0,0,0,E,5,CD8+ T cell,54,26,2,2,2_5,DC
E-2319,all,41,18,4581,972,15,43689,0,0,0,0,0,E,3,Endothelial progenitor cell,45,19,1,1,1_6_2,Neutrophil
E-2320,all,106,25,4314,1858,23,82465,0,0,0,0,0,E,74,Ciliated cell,60,20,4,4,4_2,ClubEpi
E-2321,all,82,32,5046,1502,33,38449,0,0,0,0,0,E,15,Alveolar type 1 cell,57,32,6,6,6,AT1
E-2323,all,24,15,4089,1635,34,27367,0,0,0,0,0,E,6,CD4+ T cell,41,15,7,7,7_2,PatrolMac
E-2326,all,115,45,4356,1633,23,95999,0,0,0,0,0,E,29,CD4+ T cell,44,29,3,3,3_5,SMC
E-2328,all,48,23,4932,1463,26,28838,0,0,0,0,0,E,15,B cell,48,23,7,7,7_4,PatrolMac
E-2331,all,43,24,4035,1065,19,57188,0,0,0,0,0,E,13,Inflammatory monocyte,43,24,2,2,2_2,InflamMac
E-2333,all,86,36,4488,1187,13,65943,0,0,0,0,0,E,3,Pericyte,59,36,5,5,5_3,Pericyte
E-2335,all,71,27,4239,445,10,77315,0,0,0,0,0,E,10,Alveolar type 2 cell,55,28,2,2,2_2,InflamMac
E-2336,all,69,29,5594,1313,19,62001,0,0,0,0,0,E,24,Pericyte,55,29,5,5,5_1,Pericyte
E-2339,all,58,24,4447,27,24,49115,0,0,0,0,0,E,10,Interstitial macrophage,53,24,8,8,8_3,InterstitialMac
E-2340,all,118,42,5143,760,25,145686,0,0,0,0,0,E,13,Pericyte,46,27,5,5,5_3,Pericyte
E-2341,all,73,19,4263,1755,36,31924,0,0,0,0,0,E,54,Capillary 1 cell,56,19,4,4,4_2,ClubEpi
E-2342,all,20,15,4089,1707,28,34374,0,0,0,0,0,E,7,Alveolar type 1 cell,38,15,6,6,6,AT1
E-2343,all,134,50,4775,1343,22,116860,0,0,0,0,0,E,19,Arterial endothelial cell,51,34,2,2,2_4,Artery
E-2347,all,83,25,4072,1027,15,36172,0,0,0,0,0,E,8,Alveolar type 1 cell,56,25,6,6,6,AT1
E-2348,all,192,51,4384,1919,23,81547,0,0,0,0,0,E,127,B cell,66,49,4,4,4_2,CiliatedEpi
E-2349,all,107,35,3865,1862,21,31988,0,0,0,0,0,E,40,Ciliated cell,61,30,4,4,4_1_2,ClubEpi
E-2354,all,22,14,4359,574,21,61971,0,0,0,0,0,E,8,Alveolar fibroblast 1,41,15,3,3,3_1,SMC
E-2355,all,78,23,4895,1167,33,46614,0,0,0,0,0,E,10,Alveolar type 1 cell,52,23,6,6,6,AT1
E-2357,all,87,29,4486,1346,21,46007,0,0,0,0,0,E,60,Vascular smooth muscle cell,58,29,5,5,5_3,Pericyte
E-2361,all,45,20,5067,1048,10,58208,0,0,0,0,0,E,11,Proliferative mesenchymal progenitor cell,46,20,6,6,6,AT1
E-2365,all,44,10,4190,1674,38,23035,0,0,0,0,0,E,35,Secretory cell,46,10,4,4,4_2,ClubEpi
E-2369,all,145,54,3994,1144,21,102683,0,0,0,0,0,E,23,Inflammatory monocyte,47,26,2,2,2_5,DC
E-2371,all,7,5,5110,1519,30,12061,0,0,0,0,0,E,6,Inflammatory monocyte,22,8,7,7,7_3,Tcell (CD8)
E-2373,all,18,4,4270,579,39,9476,0,0,0,0,0,E,15,Alveolar type 2 cell,41,4,1,1,1_1,AT2
E-2375,all,166,65,3934,1000,21,114987,0,0,0,0,0,E,26,Alveolar type 1 cell,53,41,1,1,1_4_1,AlveolarFib
E-2376,all,71,28,5089,308,23,58862,0,0,0,0,0,E,27,Secondary crest myofibroblast,53,29,3,3,3_1,SMC
E-2380,all,40,13,5473,864,15,40554,0,0,0,0,0,E,14,Alveolar type 1 cell,44,14,1,1,1_4_3,AlveolarFib
E-2384,all,43,23,4297,1809,34,64295,0,0,0,0,0,E,25,Endothelial progenitor cell,42,23,4,4,4_1_2,CiliatedEpi
E-2385,all,61,32,4126,1676,20,79685,0,0,0,0,0,E,35,Alveolar fibroblast 1,58,33,2,2,2_4,Artery
E-2386,all,46,25,5457,893,17,44461,0,0,0,0,0,E,7,Alveolar fibroblast 1,46,25,1,1,1_5_2,AlveolarFib
E-2387,all,107,43,4515,1396,28,94921,0,0,0,0,0,E,45,Alveolar fibroblast 1,58,32,1,1,1_5_1,LymphaticEndo
E-2389,all,28,15,5103,866,22,49523,0,0,0,0,0,E,9,Sox9+/Id2+ epithelial cell,41,16,3,3,3_5,SMC
E-2391,all,110,49,4205,532,18,109316,0,0,0,0,0,E,16,Venous endothelial cell,50,31,2,2,2_2,InflamMac
E-2392,all,47,29,3893,1802,24,54435,0,0,0,0,0,E,16,Alveolar fibroblast 1,48,30,1,1,1_5_1,LymphaticEndo
E-2393,all,60,31,4047,34,19,74994,0,0,0,0,0,E,11,Neutrophil,56,32,2,2,2_2,InflamMac
E-2394,all,61,36,4420,1865,27,53843,0,0,0,0,0,E,17,Ciliated cell,57,37,3,3,3_2,SMC
E-2395,all,18,7,4995,1516,6,12319,0,0,0,0,0,E,3,Natural killer cell,36,8,2,2,2_2,InflamMac
E-2397,all,151,61,4345,1786,20,111009,0,0,0,0,0,E,25,Ciliated cell,52,35,2,2,2_5,DC
E-2402,all,80,33,4288,1736,26,48995,0,0,0,0,0,E,35,Ciliated cell,61,33,4,4,4_1_2,ClubEpi
E-2403,all,258,77,3829,1870,22,98921,0,0,0,0,0,E,101,Ciliated cell,52,28,4,4,4_1_1,ClubEpi
E-2405,all,73,39,5597,812,27,81648,0,0,0,0,0,E,13,Alveolar fibroblast 1,55,39,3,3,3_4,AdventitialFib
E-2406,all,41,28,4246,1703,33,39506,0,0,0,0,0,E,9,B cell,43,28,7,7,7_2,PatrolMac
E-2407,all,17,13,3944,1775,29,65088,0,0,0,0,0,E,11,Secondary crest myofibroblast,38,14,3,3,3_2,SMC
E-2409,all,133,50,4157,425,20,141159,0,0,0,0,0,E,31,B cell,49,29,9,9,9,Bcell
E-2410,all,96,45,4392,1838,26,71864,0,0,0,0,0,E,54,Ciliated cell,67,45,4,4,4_1_2,ClubEpi
E-2412,all,13,11,4374,1867,31,28397,0,0,0,0,0,E,3,Vascular smooth muscle cell,29,12,3,3,3_2,SMC
E-2415,all,78,15,4248,1801,38,29561,0,0,0,0,0,E,63,Ciliated cell,54,15,4,4,4_2,ClubEpi
E-2416,all,36,23,5490,298,10,30264,0,0,0,0,0,E,6,Inflammatory monocyte,40,24,2,2,2_5,DC
E-2419,all,59,25,3866,1111,22,46672,0,0,0,0,0,E,21,B cell,52,25,9,9,9,Bcell
E-2420,all,7,5,4641,1229,17,8969,0,0,0,0,0,E,3,Alveolar type 1 cell,27,7,6,6,6,AT1
E-2428,all,33,14,3922,1815,28,36461,0,0,0,0,0,E,23,CD8+ T cell,36,14,4,4,4_1_2,CiliatedEpi
E-2430,all,18,10,3672,1940,35,13024,0,0,0,0,0,E,12,Innate lymphoid cell,25,9,4,4,4_1_2,CiliatedEpi
E-2439,all,49,26,5014,1496,27,31898,0,0,0,0,0,E,2,Alveolar type 1 cell,49,26,6,6,6,AT1
E-2444,all,134,46,3791,3705,34,59942,0,0,0,0,0,E,5,T regulatory cell,47,25,1,1,1_2_1,Tcell (CD4)
E-2446,all,89,32,5323,2783,26,74213,0,0,0,0,0,E,2,Sox9+/Id2+ epithelial cell,60,32,2,2,2_2,InflamMac
E-2448,all,74,19,5267,2072,11,69655,61,61,0,1,0,E,8,CD4+ T cell,51,19,1,1,1_2_3,Tcell (CD4)
E-2450,all,33,20,5532,2242,8,40123,0,0,0,0,0,E,4,Alveolar type 1 cell,43,21,1,1,1_4_1,AlveolarFib
E-2451,all,75,24,5469,3070,13,52553,0,0,0,0,0,E,10,CD4+ T cell,54,24,1,1,1_2_3,Tcell (CD4)
E-2454,all,67,37,4919,2817,30,28603,0,0,0,0,0,E,16,Capillary 1 cell,60,37,4,4,4_1_1,ClubEpi
E-2457,all,340,129,4226,3627,26,76559,0,0,0,0,0,E,83,Venous endothelial cell,40,32,4,4,4_1_1,ClubEpi
E-2458,all,97,33,5307,2827,22,76284,0,0,0,0,0,E,14,CD8+ T cell,59,33,7,7,7_3,Tcell (CD8)
E-2460,all,193,77,4192,3658,11,50968,0,0,0,0,0,E,67,Venous endothelial cell,51,31,4,4,4_1_1,ClubEpi
E-2461,all,130,48,4378,3757,23,55258,0,0,0,0,0,E,45,Venous endothelial cell,63,44,4,4,4_1_2,CiliatedEpi
E-2466,all,117,41,4934,2250,25,78378,0,0,0,0,0,E,14,CD4+ T cell,49,28,1,1,1_2_1,Tcell (CD4)
E-2467,all,140,63,4689,2389,23,47264,0,0,0,0,0,E,36,Capillary 1 cell,45,31,4,4,4_1_1,ClubEpi
E-2471,all,27,12,5546,2746,8,32650,0,0,0,0,0,E,10,Inflammatory monocyte,39,12,1,1,1_2_3,Tcell (CD4)
E-2472,all,175,55,4964,2318,20,101639,0,0,0,0,0,E,26,Inflammatory monocyte,51,32,1,1,1_2_3,Tcell (CD4)
E-2473,all,138,43,5489,3146,31,79316,0,0,0,0,0,E,7,Inflammatory monocyte,52,30,1,1,1_2_3,Tcell (CD4)
E-2477,all,75,39,5256,3154,20,61682,0,0,0,0,0,E,6,T regulatory cell,56,39,1,1,1_2_3,Tcell (CD4)
E-2478,all,142,50,4886,2507,28,84702,0,0,0,0,0,E,12,Inflammatory monocyte,52,30,7,7,7_3,Tcell (CD8)
E-2479,all,319,113,3860,3494,22,79286,0,0,0,0,0,E,122,Alveolar fibroblast 1,41,22,4,4,4_1_1,ClubEpi
E-2481,all,202,64,4884,2448,32,78523,0,0,0,0,0,E,16,Alveolar type 1 cell,56,39,6,6,6,AT1
E-2484,all,19,15,4734,2371,35,14350,0,0,0,0,0,E,5,Endothelial progenitor cell,38,15,7,7,7_3,Tcell (CD8)
E-2487,all,119,48,5233,1973,30,49963,0,0,0,0,0,E,15,Inflammatory monocyte,43,24,1,1,1_2_1,Tcell (CD4)
E-2489,all,155,49,4713,2059,15,64539,0,0,0,0,0,E,24,Inflammatory monocyte,55,32,1,1,1_2_1,Tcell (CD4)
E-2490,all,160,46,5368,2125,31,72926,0,0,0,0,0,E,11,Inflammatory monocyte,54,31,1,1,1_2_3,Tcell (CD4)
E-2495,all,183,80,5060,3475,22,79210,0,0,0,0,0,E,46,Alveolar fibroblast 1,47,35,4,4,4_1_1,CiliatedEpi
E-2497,all,131,56,4543,1966,19,97737,0,0,0,0,0,E,17,Inflammatory monocyte,44,29,1,1,1_2_3,Tcell (CD4)
E-2498,all,112,44,5366,2938,21,85431,0,0,0,0,0,E,11,Alveolar type 1 cell,50,31,1,1,1_4_1,AlveolarFib
E-2500,all,56,31,5608,2939,31,37358,0,0,0,0,0,E,7,CD4+ T cell,54,31,1,1,1_2_3,Tcell (CD4)
E-2502,all,161,50,5328,2905,21,80405,0,0,0,0,0,E,12,CD4+ T cell,51,26,1,1,1_2_1,Tcell (CD4)
E-2503,all,31,23,5098,3139,41,15249,0,0,0,0,0,E,5,CD4+ T cell,37,23,3,3,3_6,SCMF
E-2505,all,172,54,5347,2624,16,83709,0,0,0,0,0,E,21,Alveolar macrophage,55,39,1,1,1_2_1,Tcell (CD4)
E-2507,all,93,40,5413,1991,16,85285,0,0,0,0,0,E,9,Inflammatory monocyte,63,38,1,1,1_2_3,Tcell (CD4)
E-2510,all,57,31,4797,2402,36,30234,0,0,0,0,0,E,7,Innate lymphoid cell,55,33,2,2,2_5,DC
E-2511,all,195,46,4753,2273,18,78905,0,0,0,0,0,E,16,Alveolar macrophage,59,33,1,1,1_4_1,AlveolarFib
E-2512,all,137,47,4924,2402,33,68015,0,0,0,0,0,E,32,CD8+ T cell,50,32,2,2,2_2,InflamMac
E-2514,all,333,122,4291,3699,22,90340,0,0,0,0,0,E,89,Ciliated cell,40,33,4,4,4_1_1,CiliatedEpi
E-2515,all,91,35,5480,2902,19,58395,0,0,0,0,0,E,10,CD4+ T cell,59,35,1,1,1_2_3,Tcell (CD4)
E-2517,all,75,34,5306,3105,21,57632,0,0,0,0,0,E,10,CD4+ T cell,55,34,1,1,1_2_3,Tcell (CD4)
E-2518,all,85,28,5552,2991,24,69814,0,0,0,0,0,E,10,Inflammatory monocyte,55,28,1,1,1_2_1,Tcell (CD4)
E-2520,all,67,32,5327,2096,23,44953,0,0,0,0,0,E,3,CD4+ T cell,58,32,1,1,1_2_1,Tcell (CD4)
E-2522,all,323,118,4491,2059,21,85450,0,0,0,0,0,E,95,Endothelial progenitor cell,42,34,4,4,4_1_1,CiliatedEpi
E-2523,all,28,9,4936,2733,38,20172,0,0,0,0,0,E,4,Sox9+/Id2+ epithelial cell,41,10,3,3,3_2,SMC
E-2524,all,205,87,4928,2881,21,66426,0,0,0,0,0,E,54,Ciliated cell,46,36,4,4,4_1_1,CiliatedEpi
E-2525,all,76,48,4612,2216,25,46195,0,0,0,0,0,E,16,Inflammatory monocyte,63,48,1,1,1_2_3,Tcell (CD4)
E-2527,all,74,34,5098,2168,23,57349,0,0,0,0,0,E,14,Inflammatory monocyte,56,34,1,1,1_2_1,Tcell (CD4)
E-2528,all,129,45,4702,1979,30,63898,0,0,0,0,0,E,19,Proliferative mesenchymal progenitor cell,44,19,1,1,1_2_1,Tcell (CD4)
E-2530,all,73,35,5569,3562,10,41534,0,0,0,0,0,E,13,Inflammatory monocyte,54,35,1,1,1_2_3,Tcell (CD4)
E-2531,all,94,32,5370,2882,24,69049,0,0,0,0,0,E,12,Inflammatory monocyte,58,31,1,1,1_2_3,Tcell (CD4)
E-2532,all,498,152,4048,3537,28,97157,0,0,0,0,0,E,121,Ciliated cell,42,39,4,4,4_1_1,CiliatedEpi
E-2536,all,65,31,5349,2004,11,57618,0,0,0,0,0,E,12,Inflammatory monocyte,56,32,1,1,1_4_1,AlveolarFib
E-2541,all,249,94,3801,3467,22,58954,0,0,0,0,0,E,75,Arterial endothelial cell,50,35,4,4,4_1_1,CiliatedEpi
E-2542,all,170,91,4948,2911,22,61420,0,0,0,0,0,E,47,Inflammatory monocyte,43,32,4,4,4_1_1,ClubEpi
E-2545,all,54,25,5067,2996,28,32042,0,0,0,0,0,E,5,CD4+ T cell,52,25,1,1,1_2_3,Tcell (CD4)
E-2547,all,198,46,5449,2823,26,124271,0,0,0,0,0,E,14,Inflammatory monocyte,56,33,1,1,1_2_3,Tcell (CD4)
E-2551,all,140,48,4357,3798,33,59442,0,0,0,0,0,E,14,Endothelial progenitor cell,55,32,2,2,2_5,DC
E-2552,all,44,20,5354,3690,7,28020,0,0,0,0,0,E,5,CD4+ T cell,45,20,1,1,1_2_1,Tcell (CD4)
E-2554,all,74,47,4823,2563,39,23338,0,0,0,0,0,E,25,B cell,62,47,4,4,4_1_1,CiliatedEpi
E-2555,all,298,112,4441,3777,24,74065,0,0,0,0,0,E,62,Mesothelial cell,43,36,4,4,4_1_1,CiliatedEpi
E-2557,all,306,106,4903,2844,19,68551,0,0,0,0,0,E,119,Arterial endothelial cell,46,39,4,4,4_1_2,CiliatedEpi
E-2559,all,234,100,4773,2595,19,51878,0,0,0,0,0,E,43,Secretory cell,58,51,4,4,4_1_1,ClubEpi
E-2560,all,105,39,4977,2804,20,62101,0,0,0,0,0,E,14,CD4+ T cell,59,33,1,1,1_4_1,AlveolarFib
E-2561,all,57,46,3944,3540,15,13639,0,0,0,0,0,E,14,Secretory cell,57,46,4,4,4_1_1,ClubEpi
E-2562,all,97,37,5509,2789,15,80931,0,0,0,0,0,E,14,Alveolar fibroblast 1,58,35,1,1,1_2_3,Tcell (CD4)
E-2564,all,248,108,4834,2674,22,84279,52,52,0,1,0,E,69,Arterial endothelial cell,46,40,4,4,4_1_1,CiliatedEpi
E-2567,all,245,60,4927,2542,30,108474,0,0,0,0,0,E,18,Inflammatory monocyte,53,31,2,2,2_5,DC
E-2571,all,139,80,4718,2413,27,54194,0,0,0,0,0,E,35,Inflammatory monocyte,42,33,7,7,7_3,Tcell (CD8)
E-2573,all,406,116,5072,3292,21,95190,0,0,0,0,0,E,144,Endothelial progenitor cell,46,30,4,4,4_1_2,ClubEpi
E-2574,all,70,34,5355,2065,18,55478,0,0,0,0,0,E,10,Inflammatory monocyte,57,34,1,1,1_2_3,Tcell (CD4)
E-2575,all,39,17,5391,2638,14,16112,0,0,0,0,0,E,4,Inflammatory monocyte,43,17,1,1,1_2_3,Tcell (CD4)
E-2577,all,320,116,5042,3532,26,66235,0,0,0,0,0,E,73,Arterial endothelial cell,44,40,4,4,4_1_1,CiliatedEpi
E-2578,all,158,70,4802,2613,23,46954,0,0,0,0,0,E,54,Venous endothelial cell,49,33,4,4,4_1_1,ClubEpi
E-2580,all,135,61,4573,1978,29,68576,0,0,0,0,0,E,12,Inflammatory monocyte,45,32,1,1,1_4_1,AlveolarFib
E-2581,all,241,98,4575,2160,23,74593,0,0,0,0,0,E,76,Capillary 1 cell,45,32,4,4,4_1_1,ClubEpi
E-2583,all,116,42,5163,3600,32,62730,0,0,0,0,0,E,4,Inflammatory monocyte,46,25,1,1,1_2_1,Tcell (CD4)
E-2586,all,266,98,5012,3724,21,67796,0,0,0,0,0,E,94,Ciliated cell,50,42,4,4,4_1_2,CiliatedEpi
E-2587,all,297,130,4656,2368,19,77305,0,0,0,0,0,E,61,Ciliated cell,43,37,4,4,4_1_1,ClubEpi
E-2590,all,57,27,5477,3701,37,33638,0,0,0,0,0,E,4,CD4+ T cell,54,27,1,1,1_2_1,Tcell (CD4)
E-2591,all,178,53,5316,2032,24,111352,0,0,0,0,0,E,48,Alveolar macrophage,53,31,1,1,1_4_1,AlveolarFib
E-2592,all,435,120,3863,3457,29,109165,0,0,0,0,0,E,97,Venous endothelial cell,53,44,4,4,4_1_1,CiliatedEpi
E-2595,all,69,35,5087,2976,34,48812,0,0,0,0,0,E,7,CD4+ T cell,58,35,1,1,1_2_1,Tcell (CD4)
E-2596,all,78,33,5454,2938,31,54987,0,0,0,0,0,E,11,Ciliated cell,60,33,1,1,1_2_3,Tcell (CD4)
E-2598,all,104,38,5275,3518,11,84283,0,0,0,0,0,E,16,Inflammatory monocyte,59,34,1,1,1_2_3,Tcell (CD4)
E-2600,all,40,21,4753,2344,21,26982,0,0,0,0,0,E,7,CD4+ T cell,44,22,1,1,1_4_1,AlveolarFib
E-2601,all,93,36,5603,3646,21,72845,0,0,0,0,0,E,10,Inflammatory monocyte,60,36,1,1,1_2_3,Tcell (CD4)
E-2604,all,35,21,5490,2068,37,33464,0,0,0,0,0,E,5,CD4+ T cell,42,21,1,1,1_2_3,Tcell (CD4)
E-2607,all,110,42,5530,3626,23,87577,0,0,0,0,0,E,31,Alveolar fibroblast 2,59,33,1,1,1_2_3,Tcell (CD4)
E-2611,all,87,35,5320,3060,37,63201,0,0,0,0,0,E,9,T regulatory cell,57,35,1,1,1_2_1,Tcell (CD4)
E-2612,all,124,49,5042,3113,26,78190,0,0,0,0,0,E,26,Inflammatory monocyte,44,22,1,1,1_2_3,Tcell (CD4)
E-2615,all,90,42,5270,3630,14,60636,0,0,0,0,0,E,10,Alveolar fibroblast 1,59,42,1,1,1_5_1,LymphaticEndo
E-2617,all,24,20,5103,3233,22,52866,0,0,0,0,0,E,3,Endothelial progenitor cell,46,21,4,4,4_1_1,CiliatedEpi
E-2618,all,121,52,4794,2482,27,67748,0,0,0,0,0,E,24,Inflammatory monocyte,43,26,3,3,3_4,AdventitialFib
E-2619,all,113,47,5098,3769,16,63327,0,0,0,0,0,E,9,B cell,50,34,9,9,9,Bcell
E-2621,all,147,73,4811,2645,28,34696,0,0,0,0,0,E,40,Arterial endothelial cell,45,32,4,4,4_1_1,ClubEpi
E-2622,all,182,74,4100,3624,12,40415,0,0,0,0,0,E,85,Alveolar fibroblast 1,47,25,4,4,4_1_1,ClubEpi
E-2624,all,82,35,5400,3724,10,44781,0,0,0,0,0,E,17,CD4+ T cell,56,36,3,3,3_5,SMC
E-2625,all,25,14,5456,3754,32,18757,0,0,0,0,0,E,6,CD4+ T cell,42,14,1,1,1_2_1,Tcell (CD4)
E-2626,all,238,98,5071,3175,27,61688,0,0,0,0,0,E,67,Ciliated cell,50,36,4,4,4_1_1,ClubEpi
E-2632,all,58,21,5365,3200,25,38273,0,0,0,0,0,E,11,Inflammatory monocyte,52,21,1,1,1_2_3,Tcell (CD4)
E-2633,all,93,43,4594,2117,22,70999,0,0,0,0,0,E,12,Arterial endothelial cell,60,41,1,1,1_2_1,Tcell (CD4)
E-2634,all,54,26,5574,3018,23,37157,0,0,0,0,0,E,5,Inflammatory monocyte,53,26,1,1,1_2_3,Tcell (CD4)
E-2635,all,389,134,4148,3586,22,85342,0,0,0,0,0,E,101,Arterial endothelial cell,48,39,4,4,4_1_1,CiliatedEpi
E-2636,all,308,108,4336,3710,28,74681,0,0,0,0,0,E,73,Alveolar fibroblast 1,47,36,4,4,4_1_1,ClubEpi
E-2644,all,174,69,4764,2554,19,53165,0,0,0,0,0,E,55,Capillary 1 cell,48,32,4,4,4_1_1,ClubEpi
E-2645,all,43,20,4850,2364,22,28882,0,0,0,0,0,E,4,CD4+ T cell,43,20,1,1,1_2_1,Tcell (CD4)
E-2648,all,208,97,4865,2712,23,60074,0,0,0,0,0,E,69,Venous endothelial cell,42,36,4,4,4_1_1,CiliatedEpi
E-2653,all,96,42,4939,2346,32,70203,0,0,0,0,0,E,8,Classical DC subset 2,63,42,2,2,2_2,InflamMac
E-2654,all,92,41,5554,3072,24,83093,0,0,0,0,0,E,14,CD4+ T cell,62,41,1,1,1_2_1,Tcell (CD4)
E-2655,all,115,40,4663,2108,23,75435,52,0,52,0,1,E,11,CD4+ T cell,49,21,1,1,1_2_1,Tcell (CD4)
E-2657,all,113,53,4579,2207,14,29754,0,0,0,0,0,E,24,Endothelial progenitor cell,65,47,4,4,4_1_1,CiliatedEpi
E-2658,all,412,133,4872,2765,20,102576,0,0,0,0,0,E,106,Ciliated cell,44,35,4,4,4_1_1,CiliatedEpi
E-2661,all,77,31,5315,3163,16,39102,0,0,0,0,0,E,4,CD4+ T cell,52,31,1,1,1_2_1,Tcell (CD4)
E-2662,all,306,113,4472,2014,24,122654,158,50,108,0.3164557,0.6835443,E,72,Alveolar fibroblast 2,44,33,4,4,4_1_1,CiliatedEpi
E-2664,all,153,53,5284,3135,22,73275,0,0,0,0,0,E,38,Inflammatory monocyte,55,33,1,1,1_2_3,Tcell (CD4)
E-2665,all,212,88,5069,3524,24,64023,0,0,0,0,0,E,65,Arterial endothelial cell,48,34,4,4,4_1_2,ClubEpi
E-2667,all,250,91,4057,3595,15,55981,0,0,0,0,0,E,101,Ciliated cell,43,24,4,4,4_1_1,ClubEpi
E-2670,all,179,83,4986,3746,32,44176,0,0,0,0,0,E,51,Endothelial progenitor cell,41,32,4,4,4_1_1,CiliatedEpi
E-2674,all,52,25,4966,2549,37,22718,0,0,0,0,0,E,9,Innate lymphoid cell,53,27,2,2,2_5,DC
E-2675,all,140,51,4684,2432,13,34476,0,0,0,0,0,E,46,Capillary 1 cell,52,33,4,4,4_1_1,CiliatedEpi
E-2676,all,125,67,4796,2578,31,29377,0,0,0,0,0,E,36,Ciliated cell,38,25,4,4,4_1_1,ClubEpi
E-2678,all,342,100,5030,3681,22,137746,0,0,0,0,0,E,128,Ciliated cell,47,35,4,4,4_1_2,CiliatedEpi
E-2680,all,43,26,5529,2069,37,23597,0,0,0,0,0,E,4,CD4+ T cell,44,26,1,1,1_2_1,Tcell (CD4)
E-2682,all,128,59,4728,2451,23,87470,0,0,0,0,0,E,36,Venous endothelial cell,60,44,4,4,4_1_1,CiliatedEpi
E-2683,all,278,109,4734,2495,22,70870,0,0,0,0,0,E,61,Secretory cell,41,34,4,4,4_1_1,ClubEpi
E-2685,all,294,96,4966,3792,25,104393,0,0,0,0,0,E,101,Secretory cell,48,37,4,4,4_1_2,CiliatedEpi
E-2688,all,86,39,5327,3615,21,54424,0,0,0,0,0,E,6,CD4+ T cell,57,39,1,1,1_2_1,Tcell (CD4)
E-2689,all,88,52,4929,2793,39,21222,0,0,0,0,0,E,24,Venous endothelial cell,61,52,4,4,4_1_1,CiliatedEpi
E-2690,all,16,8,5084,2317,4,6858,0,0,0,0,0,E,4,CD4+ T cell,38,9,1,1,1_4_1,AlveolarFib
E-2691,all,114,54,4997,3051,23,61943,0,0,0,0,0,E,27,Inflammatory monocyte,51,36,4,4,4_1_3,ClubEpi
E-2692,all,170,81,4967,3706,37,32819,0,0,0,0,0,E,44,Secretory cell,52,41,4,4,4_1_1,ClubEpi
E-2694,all,78,47,4083,3549,36,19307,0,0,0,0,0,E,10,Sox9+/Id2+ epithelial cell,60,47,4,4,4_1_1,CiliatedEpi
E-2697,all,50,30,5028,3072,27,45365,0,0,0,0,0,E,7,Capillary 1 cell,50,30,7,7,7_3,Tcell (CD8)
E-2698,all,233,64,5160,2121,19,143813,0,0,0,0,0,E,34,CD4+ T cell,55,35,1,1,1_2_1,Tcell (CD4)
E-2703,all,32,18,5037,2965,20,66329,0,0,0,0,0,E,4,T regulatory cell,39,18,1,1,1_2_3,Tcell (CD4)
E-2709,all,274,109,4655,2316,21,87292,0,0,0,0,0,E,84,Ciliated cell,45,37,4,4,4_1_1,ClubEpi
E-2711,all,105,49,4762,2484,24,50716,0,0,0,0,0,E,25,Venous endothelial cell,63,45,4,4,4_1_1,CiliatedEpi
E-2712,all,80,43,4819,2472,36,34816,0,0,0,0,0,E,10,Innate lymphoid cell,61,44,1,1,1_5_2,AlveolarFib
E-2715,all,178,81,5072,3236,21,42957,0,0,0,0,0,E,51,Venous endothelial cell,43,28,4,4,4_1_1,CiliatedEpi
E-2717,all,346,135,4101,3578,25,70184,0,0,0,0,0,E,81,Ciliated cell,46,41,4,4,4_1_1,ClubEpi
E-2719,all,24,18,4559,2077,36,29660,0,0,0,0,0,E,6,Inflammatory monocyte,41,18,1,1,1_2_3,Tcell (CD4)
E-2720,all,175,67,4896,2780,27,51654,0,0,0,0,0,E,59,Venous endothelial cell,50,32,4,4,4_1_1,CiliatedEpi
E-2721,all,85,49,4830,2620,35,25781,0,0,0,0,0,E,28,Arterial endothelial cell,58,48,4,4,4_1_1,CiliatedEpi
E-2724,all,84,35,5499,3032,16,39350,0,0,0,0,0,E,20,Proliferative mesenchymal progenitor cell,59,35,1,1,1_2_1,Tcell (CD4)
E-2726,all,76,53,3789,3367,40,9800,0,0,0,0,0,E,14,Ciliated cell,59,51,4,4,4_1_1,CiliatedEpi
E-2728,all,370,117,4616,2286,18,77654,0,0,0,0,0,E,71,Alveolar fibroblast 1,45,36,4,4,4_1_1,ClubEpi
E-2730,all,22,15,5364,3163,20,21099,0,0,0,0,0,E,2,CD4+ T cell,41,15,1,1,1_2_1,Tcell (CD4)
E-2741,all,189,68,5001,3086,22,57805,0,0,0,0,0,E,70,Alveolar fibroblast 1,53,34,4,4,4_1_2,ClubEpi
E-2745,all,78,32,5483,2839,17,44887,0,0,0,0,0,E,10,Alveolar macrophage,57,32,1,1,1_2_3,Tcell (CD4)
E-2746,all,82,45,4874,2681,31,42862,0,0,0,0,0,E,26,CD4+ T cell,63,45,4,4,4_1_2,ClubEpi
E-2747,all,65,42,4944,2855,33,43729,0,0,0,0,0,E,8,CD8+ T cell,59,42,7,7,7_3,Tcell (CD8)
E-2751,all,98,44,5010,3786,17,41584,0,0,0,0,0,E,38,Ciliated cell,57,42,4,4,4_1_2,CiliatedEpi
E-2753,all,32,16,5400,3759,17,11482,0,0,0,0,0,E,2,CD4+ T cell,42,16,1,1,1_2_1,Tcell (CD4)
E-2754,all,18,12,5053,3061,39,17527,0,0,0,0,0,E,3,CD4+ T cell,36,12,1,1,1_2_3,Tcell (CD4)
E-2758,all,52,28,5596,3565,18,36494,0,0,0,0,0,E,8,T regulatory cell,52,29,1,1,1_4_1,AlveolarFib
E-2765,all,9,6,5039,3025,30,17582,0,0,0,0,0,E,2,Alveolar type 1 cell,25,7,1,1,1_2_3,Tcell (CD4)
E-2771,all,82,35,5282,3179,18,33478,0,0,0,0,0,E,16,CD8+ T cell,56,35,1,1,1_2_1,Tcell (CD4)
E-2773,all,31,25,4708,2353,37,24242,0,0,0,0,0,E,5,T regulatory cell,36,25,1,1,1_2_3,Tcell (CD4)
E-2776,all,132,61,4680,2311,26,67360,0,0,0,0,0,E,39,Venous endothelial cell,41,29,4,4,4_1_1,CiliatedEpi
E-2778,all,68,30,5130,2153,24,41728,0,0,0,0,0,E,8,B cell,58,30,1,1,1_2_1,Tcell (CD4)
E-2779,all,8,7,5118,3166,41,9167,0,0,0,0,0,E,3,CD4+ T cell,23,9,1,1,1_2_1,Tcell (CD4)
E-2782,all,100,45,4475,4495,24,78194,0,0,0,0,0,E,12,Venous endothelial cell,64,43,3,3,3_3,AdventitialFib
E-2785,all,37,28,3898,4388,14,39939,0,0,0,0,0,E,12,Pericyte,40,28,2,2,2_1,Capillary
E-2786,all,81,35,3793,3841,29,55276,0,0,0,0,0,E,18,Mesothelial cell,59,35,3,3,3_3,AdventitialFib
E-2787,all,59,37,3850,4184,18,60436,0,0,0,0,0,E,10,Inflammatory monocyte,56,37,7,7,7_2,PatrolMac
E-2788,all,66,33,5420,4226,15,77171,0,0,0,0,0,E,5,Pericyte,53,33,2,2,2_1,Capillary
E-2789,all,79,41,5477,4874,21,81215,0,0,0,0,0,E,29,Alveolar fibroblast 1,58,42,2,2,2_4,Artery
E-2790,all,80,41,4547,4021,34,61206,0,0,0,0,0,E,3,Alveolar fibroblast 2,57,41,7,7,7_3,Tcell (CD8)
E-2791,all,169,36,4063,5431,9,89867,816,0,816,0,1,E,135,Alveolar type 2 cell,47,12,1,1,1_3,AT2
E-2792,all,76,38,5322,5067,16,65998,0,0,0,0,0,E,13,Alveolar type 1 cell,57,38,6,6,6,AT1
E-2793,all,95,43,4704,3978,23,86243,253355,62840,195579,0.243171,0.756829,E,14,Alveolar macrophage,64,43,1,1,1_2_1,Tcell (CD4)
E-2794,all,165,59,4777,4578,12,67775,0,0,0,0,0,E,27,Alveolar type 1 cell,45,27,6,6,6,AT1
E-2795,all,72,40,4242,5570,26,69329,0,0,0,0,0,E,14,Sox9+/Id2+ epithelial cell,51,40,6,6,6,AT1
E-2799,all,62,38,4396,5391,29,64512,0,0,0,0,0,E,18,Sox9+/Id2+ epithelial cell,58,38,6,6,6,AT1
E-2800,all,63,35,4009,4476,30,63286,0,0,0,0,0,E,20,Pericyte,54,35,3,3,3_2,SMC
E-2802,all,141,26,5440,4104,19,71616,0,0,0,0,0,E,114,Alveolar type 2 cell,48,13,3,3,3_5,SMC
E-2803,all,118,49,4813,5298,20,90801,0,0,0,0,0,E,31,Capillary 1 cell,48,28,1,1,1_2_3,Tcell (CD4)
E-2804,all,95,42,5221,4636,25,73081,58,0,58,0,1,E,16,CD8+ T cell,59,40,2,2,2_1,Capillary
E-2805,all,87,43,5109,3892,12,55186,0,0,0,0,0,E,12,Alveolar fibroblast 1,61,42,3,3,3_4,AdventitialFib
E-2806,all,60,28,5105,4541,12,65572,0,0,0,0,0,E,12,Alveolar fibroblast 1,55,27,1,1,1_5_1,LymphaticEndo
E-2808,all,126,49,4744,5553,11,73343,0,0,0,0,0,E,30,Alveolar fibroblast 1,45,25,1,1,1_5_1,LymphaticEndo
E-2809,all,113,47,5310,4628,30,70666,0,0,0,0,0,E,34,Inflammatory monocyte,46,29,2,2,2_2,InflamMac
E-2811,all,91,29,5492,5269,18,59969,0,0,0,0,0,E,10,Alveolar type 1 cell,57,28,5,5,5_3,Pericyte
E-2812,all,44,23,4352,5297,25,28991,0,0,0,0,0,E,13,Alveolar fibroblast 1,48,24,3,3,3_1,SMC
E-2813,all,66,39,4352,4394,32,46900,0,0,0,0,0,E,6,Alveolar fibroblast 1,60,39,8,8,8_2,InterstitialMac
E-2816,all,105,50,4520,5124,27,77625,0,0,0,0,0,E,10,Alveolar type 1 cell,50,28,1,1,1_4_1,AlveolarFib
E-2817,all,51,32,4415,4448,8,38937,0,0,0,0,0,E,7,T regulatory cell,51,32,7,7,7_2,PatrolMac
E-2818,all,69,12,4343,5580,10,31478,0,0,0,0,0,E,59,AT1/AT2,51,12,1,1,1_3,AT2
E-2819,all,131,47,4668,5058,16,85489,0,0,0,0,0,E,34,Alveolar type 2 cell,48,26,2,2,2_1,Capillary
E-2820,all,113,46,4466,4007,15,77414,0,0,0,0,0,E,13,Alveolar fibroblast 2,52,25,3,3,3_3,AdventitialFib
E-2821,all,143,54,4743,4439,33,76922,112,0,112,0,1,E,50,Alveolar type 2 cell,45,25,1,1,1_3,AT2
E-2822,all,54,30,5512,5319,36,48755,0,0,0,0,0,E,6,Capillary 1 cell,52,30,9,9,9,Bcell
E-2823,all,111,53,4530,4062,22,67730,0,0,0,0,0,E,24,Interstitial macrophage,56,37,8,8,8_3,InterstitialMac
E-2824,all,52,30,3803,5343,13,60766,0,0,0,0,0,E,7,Alveolar fibroblast 1,52,30,1,1,1_5_1,LymphaticEndo
E-2825,all,18,13,4161,5492,7,23919,0,0,0,0,0,E,12,Pericyte,34,13,5,5,5_1,Pericyte
E-2826,all,119,54,4153,4478,29,73764,0,0,0,0,0,E,24,Alveolar fibroblast 1,42,24,3,3,3_3,AdventitialFib
E-2828,all,125,56,4425,3932,22,90628,0,0,0,0,0,E,5,Natural killer cell,43,30,2,2,2_5,DC
E-2829,all,139,45,4700,4708,27,80057,0,0,0,0,0,E,47,Alveolar fibroblast 2,46,20,3,3,3_4,AdventitialFib
E-2831,all,35,23,4110,4404,32,40154,0,0,0,0,0,E,3,Arterial endothelial cell,43,23,2,2,2_4,Artery
E-2833,all,46,26,3855,5316,24,36114,0,0,0,0,0,E,4,Alveolar fibroblast 1,46,26,3,3,3_4,AdventitialFib
E-2835,all,67,9,5254,4578,13,42287,0,0,0,0,0,E,57,AT1/AT2,51,9,1,1,1_1,AT2
E-2837,all,74,42,3913,4350,16,56477,0,0,0,0,0,E,9,Arterial endothelial cell,54,41,2,2,2_1,Capillary
E-2841,all,7,7,5441,4909,7,14949,0,0,0,0,0,E,2,Alveolar fibroblast 1,22,10,3,3,3_4,AdventitialFib
E-2842,all,34,20,3896,4239,12,38295,0,0,0,0,0,E,6,Arterial endothelial cell,42,20,2,2,2_4,Artery
E-2844,all,234,44,4608,3859,30,73456,3500,3355,848,0.7982394,0.2017606,E,150,Arterial endothelial cell,63,42,4,4,4_2,CiliatedEpi
E-2845,all,112,54,4399,4245,16,81114,0,0,0,0,0,E,21,Mesothelial cell,51,33,3,3,3_4,AdventitialFib
E-2847,all,116,52,4311,4423,21,87798,0,0,0,0,0,E,11,Mesothelial cell,49,30,3,3,3_3,AdventitialFib
E-2848,all,25,18,4449,3876,41,13449,0,0,0,0,0,E,3,Mesothelial cell,46,18,3,3,3_3,AdventitialFib
E-2851,all,170,56,4688,4570,20,78914,0,0,0,0,0,E,25,Alveolar type 1 cell,48,27,1,1,1_5_1,LymphaticEndo
E-2852,all,43,27,4652,5582,19,61081,0,0,0,0,0,E,4,Sox9+/Id2+ epithelial cell,43,26,2,2,2_1,Capillary
E-2854,all,197,37,4878,4238,13,106849,1027,352,675,0.3427459,0.6572541,E,146,Alveolar type 2 cell,48,15,1,1,1_1,AT2
E-2858,all,61,32,4301,4467,33,44991,0,0,0,0,0,E,22,Alveolar fibroblast 2,58,32,3,3,3_3,AdventitialFib
E-2861,all,57,34,4118,5361,25,66359,0,0,0,0,0,E,12,Alveolar fibroblast 2,56,35,3,3,3_1,SMC
E-2864,all,53,33,4867,3937,19,47267,0,0,0,0,0,E,13,CD8+ T cell,54,34,3,3,3_1,SMC
E-2865,all,131,21,5589,5302,24,76296,0,0,0,0,0,E,111,Alveolar type 2 cell,49,10,1,1,1_1,AT2
E-2868,all,92,45,4388,5591,23,110999,0,0,0,0,0,E,39,Alveolar type 2 cell,62,43,1,1,1_1,AT2
E-2869,all,141,58,4393,4200,27,68556,0,0,0,0,0,E,39,Venous endothelial cell,48,29,3,3,3_3,AdventitialFib
E-2870,all,52,23,4925,4410,9,28082,0,0,0,0,0,E,3,Alveolar type 1 cell,51,23,6,6,6,AT1
E-2871,all,137,60,4428,4163,26,81441,0,0,0,0,0,E,15,Inflammatory monocyte,47,29,1,1,1_4_1,AlveolarFib
E-2872,all,110,44,4362,5418,16,60990,0,0,0,0,0,E,20,Alveolar type 1 cell,59,37,6,6,6,AT1
E-2873,all,14,9,4995,4798,6,33855,0,0,0,0,0,E,6,Inflammatory monocyte,24,9,9,9,9,Bcell
E-2874,all,27,15,5554,5113,24,40370,0,0,0,0,0,E,2,Capillary 1 cell,41,15,2,2,2_1,Capillary
E-2875,all,37,13,4253,4320,8,19301,0,0,0,0,0,E,14,Mesothelial cell,43,13,3,3,3_3,AdventitialFib
E-2876,all,135,33,5151,4331,18,70423,0,0,0,0,0,E,97,Sox9+/Id2+ epithelial cell,47,14,1,1,1_1,AT2
E-2880,all,50,30,5155,3894,23,29338,0,0,0,0,0,E,7,CD4+ T cell,50,30,3,3,3_4,AdventitialFib
E-2881,all,69,36,4443,5517,18,60044,0,0,0,0,0,E,17,Neutrophil,57,36,1,1,1_5_1,LymphaticEndo
E-2882,all,43,26,5041,3853,30,47008,0,0,0,0,0,E,6,Mesothelial cell,43,26,3,3,3_3,AdventitialFib
E-2883,all,20,13,3966,4392,35,21392,0,0,0,0,0,E,5,Vascular smooth muscle cell,37,14,3,3,3_2,SMC
E-2885,all,55,32,4612,4052,13,45613,273,157,116,0.5750916,0.4249084,E,4,Proliferative mesenchymal progenitor cell,53,32,2,2,2_6,pDC
E-2887,all,37,23,5178,4122,10,19194,0,0,0,0,0,E,8,Interstitial macrophage,42,23,8,8,8_3,InterstitialMac
E-2889,all,105,47,4994,3902,27,70555,0,0,0,0,0,E,6,Alveolar fibroblast 2,62,40,3,3,3_3,AdventitialFib
E-2892,all,190,60,5205,4179,22,102541,0,0,0,0,0,E,28,Alveolar type 1 cell,52,33,6,6,6,AT1
E-2893,all,42,23,5205,3949,20,36884,0,0,0,0,0,E,17,Alveolar type 2 cell,44,23,1,1,1_3,AT2
E-2894,all,23,20,4923,3939,38,31560,0,0,0,0,0,E,5,Inflammatory monocyte,45,21,2,2,2_5,DC
E-2895,all,108,45,5074,4599,29,83187,108,108,0,1,0,E,26,Alveolar fibroblast 1,49,28,3,3,3_1,SMC
E-2896,all,20,10,5025,5216,12,19281,0,0,0,0,0,E,4,CD8+ T cell,39,11,1,1,1_5_2,AlveolarFib
E-2897,all,180,66,4300,4105,14,98800,0,0,0,0,0,E,54,Interstitial macrophage,57,37,8,8,8_3,InterstitialMac
E-2898,all,151,66,4914,4173,27,105516,0,0,0,0,0,E,39,Arterial endothelial cell,46,36,2,2,2_4,Artery
E-2899,all,19,12,3974,5510,6,19518,0,0,0,0,0,E,3,Arterial endothelial cell,41,13,2,2,2_4,Artery
E-2900,all,33,13,5250,3997,12,27537,0,0,0,0,0,E,17,Vascular smooth muscle cell,44,13,3,3,3_2,SMC
E-2901,all,44,20,5561,4073,9,77714,0,0,0,0,0,E,7,Proliferative mesenchymal progenitor cell,43,20,1,1,1_5_2,AlveolarFib
E-2903,all,23,18,5275,3947,9,36444,0,0,0,0,0,E,4,Airway smooth muscle cell,41,18,3,3,3_6,SCMF
E-2906,all,135,36,5307,5106,18,82988,0,0,0,0,0,E,42,Alveolar type 1 cell,46,18,6,6,6,AT1
E-2907,all,22,14,4520,4717,5,22039,0,0,0,0,0,E,2,Innate lymphoid cell,42,15,1,1,1_6_2,Neutrophil
E-2908,all,19,10,5034,5192,12,18680,0,0,0,0,0,E,6,B cell,36,10,9,9,9,Bcell
E-2909,all,132,58,3940,4211,31,68345,0,0,0,0,0,E,40,Arterial endothelial cell,43,27,3,3,3_2,SMC
E-2910,all,27,12,5578,5053,17,33130,0,0,0,0,0,E,2,Capillary 1 cell,43,12,2,2,2_1,Capillary
E-2911,all,67,33,4281,4390,15,59191,0,0,0,0,0,E,15,Mesothelial cell,59,33,3,3,3_3,AdventitialFib
E-2913,all,89,42,5196,4495,25,90104,0,0,0,0,0,E,19,Inflammatory monocyte,61,42,2,2,2_2,InflamMac
E-2914,all,78,40,4674,4774,26,47673,0,0,0,0,0,E,9,Alveolar fibroblast 1,58,41,2,2,2_2,InflamMac
E-2915,all,101,45,4184,5402,17,91884,0,0,0,0,0,E,12,Inflammatory monocyte,59,38,2,2,2_5,DC
E-2917,all,95,38,4884,4406,9,52443,0,0,0,0,0,E,24,Capillary 1 cell,61,38,2,2,2_1,Capillary
E-2918,all,72,38,5253,5248,23,68148,0,0,0,0,0,E,32,Alveolar fibroblast 1,58,39,3,3,3_1,SMC
E-2919,all,48,30,4738,4013,16,46647,11843,0,11843,0,1,E,6,Capillary 2 cell,48,30,2,2,2_5,DC
E-2920,all,64,39,4743,4093,31,54993,0,0,0,0,0,E,8,Alveolar fibroblast 2,58,39,3,3,3_3,AdventitialFib
E-2921,all,52,26,4984,4888,20,94042,0,0,0,0,0,E,13,Capillary 1 cell,53,27,1,1,1_4_1,AlveolarFib
E-2922,all,300,39,4825,3858,25,115985,0,0,0,0,0,E,263,Ciliated cell,51,38,4,4,4_2,CiliatedEpi
E-2923,all,67,38,5584,3954,16,81749,0,0,0,0,0,E,9,Alveolar fibroblast 1,58,38,3,3,3_4,AdventitialFib
E-2924,all,12,9,5464,4041,8,22900,0,0,0,0,0,E,2,Alveolar type 1 cell,28,9,6,6,6,AT1
E-2926,all,84,42,4996,4604,10,60671,0,0,0,0,0,E,9,Capillary 2 cell,60,43,2,2,2_1,Capillary
E-2927,all,15,10,4675,5179,6,16154,0,0,0,0,0,E,6,Capillary 1 cell,34,10,2,2,2_6,pDC
E-2929,all,80,35,5295,4052,26,50910,0,0,0,0,0,E,9,Alveolar type 1 cell,57,35,6,6,6,AT1
E-2930,all,18,7,4956,5024,6,10306,0,0,0,0,0,E,2,Alveolar type 1 cell,38,7,6,6,6,AT1
E-2931,all,16,12,5194,3873,38,13391,0,0,0,0,0,E,9,Alveolar fibroblast 1,38,14,2,2,2_5,DC
E-2933,all,92,43,3874,4317,18,80396,0,0,0,0,0,E,15,Arterial endothelial cell,61,43,2,2,2_4,Artery
E-2936,all,38,24,4809,4002,12,36447,0,0,0,0,0,E,5,Alveolar macrophage,42,25,2,2,2_5,DC
E-2937,all,41,27,5168,3870,31,26937,0,0,0,0,0,E,9,Mesothelial cell,41,27,3,3,3_3,AdventitialFib
E-2938,all,49,29,4643,4013,21,59010,10662,765,9897,0.07175014,0.9282499,E,8,Mature DC subset,49,29,3,3,3_1,SMC
E-2939,all,188,28,4832,4551,11,65484,0,0,0,0,0,E,137,Alveolar type 2 cell,49,14,1,1,1_1,AT2
E-2940,all,36,21,4680,5567,24,39827,0,0,0,0,0,E,8,Alveolar fibroblast 1,42,22,1,1,1_4_3,AlveolarFib
E-2942,all,27,16,5272,5217,39,25148,0,0,0,0,0,E,2,Neutrophil,39,17,2,2,2_2,InflamMac
E-2943,all,53,27,4475,4239,22,49901,0,0,0,0,0,E,15,Alveolar fibroblast 2,56,28,3,3,3_5,SMC
E-2946,all,10,9,5253,3873,36,20568,0,0,0,0,0,E,4,Alveolar macrophage,26,9,8,8,8_1,AlveolarMac
E-2947,all,32,14,4610,4197,6,17529,0,0,0,0,0,E,6,B cell,43,14,1,1,1_2_1,Tcell (CD4)
E-2950,all,45,25,4470,4543,9,32868,0,0,0,0,0,E,6,Mesothelial cell,44,25,3,3,3_3,AdventitialFib
E-2952,all,60,30,3813,4117,27,53386,0,0,0,0,0,E,4,Alveolar fibroblast 1,55,31,2,2,2_4,Artery
E-2954,all,59,30,5609,4873,26,46525,0,0,0,0,0,E,13,Alveolar fibroblast 1,57,31,1,1,1_4_1,AlveolarFib
E-2956,all,56,31,5320,4221,13,36327,0,0,0,0,0,E,11,Capillary 1 cell,53,31,9,9,9,Bcell
E-2957,all,74,41,3895,4205,16,52482,0,0,0,0,0,E,15,Secondary crest myofibroblast,57,42,3,3,3_5,SMC
E-2959,all,234,27,5262,4243,13,80935,0,0,0,0,0,E,204,Alveolar type 2 cell,51,10,1,1,1_1,AT2
E-2962,all,55,26,5137,5220,12,45773,0,0,0,0,0,E,8,Sox9+/Id2+ epithelial cell,54,27,1,1,1_4_1,AlveolarFib
E-2963,all,39,31,3967,4480,22,44890,0,0,0,0,0,E,11,Pericyte,44,33,2,2,2_5,DC
E-2966,all,43,23,4089,4441,22,40961,0,0,0,0,0,E,12,Arterial endothelial cell,45,24,2,2,2_4,Artery
E-2967,all,45,28,5194,4579,28,72137,0,0,0,0,0,E,4,Natural killer cell,45,28,3,3,3_6,SCMF
E-2968,all,17,11,5235,3919,26,17046,0,0,0,0,0,E,2,Alveolar macrophage,34,11,1,1,1_2_3,Tcell (CD4)
E-2969,all,25,14,4149,5519,6,15356,0,0,0,0,0,E,2,Capillary 1 cell,43,14,2,2,2_3,Vein
E-2970,all,203,30,5213,5215,17,82415,0,0,0,0,0,E,155,Alveolar type 2 cell,50,14,1,1,1_3,AT2
E-2971,all,223,53,4694,4647,19,95098,0,0,0,0,0,E,120,Alveolar type 2 cell,49,22,1,1,1_1,AT2
E-2975,all,99,41,4711,3936,24,67934,27001,4309,18710,0.1871932,0.8128068,E,49,Ciliated cell,58,41,4,4,4_2,CiliatedEpi
E-2976,all,103,34,4581,3893,22,59950,1820,642,525,0.5501285,0.4498715,E,58,Ciliated cell,50,33,4,4,4_2,CiliatedEpi
E-2977,all,292,27,4514,3859,24,95713,307,1006,0,1,0,E,258,Ciliated cell,45,27,4,4,4_2,CiliatedEpi
E-2978,all,19,13,3982,4231,25,23453,0,0,0,0,0,E,6,Pericyte,38,13,5,5,5_1,Pericyte
E-2979,all,51,30,5165,5076,34,56205,0,0,0,0,0,E,8,Capillary 1 cell,48,29,2,2,2_1,Capillary
E-2980,all,50,34,4026,4349,24,39907,0,0,0,0,0,E,9,Vascular smooth muscle cell,50,34,3,3,3_6,SCMF
E-2983,all,33,23,5058,5188,22,39838,0,0,0,0,0,E,12,B cell,40,23,9,9,9,Bcell
E-2984,all,76,37,4281,5576,24,45675,0,0,0,0,0,E,16,Sox9+/Id2+ epithelial cell,53,37,8,8,8_2,InterstitialMac
E-2985,all,41,28,5465,5146,29,66564,0,0,0,0,0,E,10,Alveolar fibroblast 1,43,29,3,3,3_5,SMC
E-2986,all,53,33,4772,4007,20,47517,51,0,51,0,1,E,7,Inflammatory monocyte,55,34,3,3,3_1,SMC
E-2988,all,24,18,4034,4376,13,27154,0,0,0,0,0,E,2,Proliferative mesenchymal progenitor cell,45,19,2,2,2_3,Vein
E-2989,all,71,39,3813,4151,20,73568,0,0,0,0,0,E,16,Inflammatory monocyte,52,40,3,3,3_2,SMC
E-2990,all,75,42,5389,5206,34,88986,0,0,0,0,0,E,8,Sox9+/Id2+ epithelial cell,57,42,9,9,9,Bcell
E-2992,all,78,39,4476,5523,33,63100,0,0,0,0,0,E,4,Sox9+/Id2+ epithelial cell,60,39,2,2,2_1,Capillary
E-2994,all,113,21,5270,4611,17,56894,0,0,0,0,0,E,98,Alveolar type 2 cell,54,17,1,1,1_3,AT2
E-2995,all,69,33,5364,4999,11,58116,0,0,0,0,0,E,16,Inflammatory monocyte,54,34,2,2,2_2,InflamMac
E-2998,all,81,44,4036,4276,29,90305,0,0,0,0,0,E,26,Arterial endothelial cell,60,44,3,3,3_2,SMC
E-3000,all,59,35,4524,3948,32,41198,0,0,0,0,0,E,4,Alveolar fibroblast 2,58,35,3,3,3_3,AdventitialFib
E-3003,all,24,6,4438,5226,15,13362,0,0,0,0,0,E,7,Alveolar type 1 cell,41,6,6,6,6,AT1
E-3006,all,87,17,5187,3971,27,31997,0,0,0,0,0,E,71,Alveolar fibroblast 1,53,16,1,1,1_1,AT2
E-3007,all,39,25,3966,4445,25,49889,0,0,0,0,0,E,8,Vascular smooth muscle cell,41,25,3,3,3_6,SCMF
E-3010,all,72,36,5213,5122,9,47145,0,0,0,0,0,E,17,Vascular smooth muscle cell,54,36,5,5,5_3,Pericyte
E-3014,all,22,14,4466,5002,4,13128,0,0,0,0,0,E,3,Interstitial macrophage,37,14,3,3,3_4,AdventitialFib
E-3015,all,72,37,4809,4486,13,45855,0,0,0,0,0,E,13,CD4+ T cell,55,37,3,3,3_4,AdventitialFib
E-3020,all,82,48,4076,4394,28,74066,0,0,0,0,0,E,13,Arterial endothelial cell,61,48,2,2,2_4,Artery
E-3022,all,45,31,4923,3887,9,25561,15080,8147,6933,0.540252,0.459748,E,10,Alveolar macrophage,45,31,7,7,7_3,Tcell (CD8)
E-3023,all,76,33,4773,4488,17,49464,0,0,0,0,0,E,13,Alveolar fibroblast 1,56,34,1,1,1_4_1,AlveolarFib
E-3024,all,60,13,5228,3986,26,25896,0,0,0,0,0,E,44,Alveolar type 2 cell,51,13,1,1,1_1,AT2
E-3025,all,156,45,4335,5346,28,72070,0,0,0,0,0,E,93,Alveolar macrophage,46,19,1,1,1_1,AT2
E-3026,all,55,34,5042,4161,9,53623,0,0,0,0,0,E,6,Alveolar fibroblast 1,54,35,1,1,1_5_1,LymphaticEndo
E-3027,all,63,29,5599,4931,31,62506,0,0,0,0,0,E,15,Sox9+/Id2+ epithelial cell,54,29,1,1,1_5_4,pDC
E-3029,all,60,37,3869,5533,34,46714,0,0,0,0,0,E,11,Inflammatory monocyte,55,38,2,2,2_2,InflamMac
E-3030,all,48,29,5605,5480,8,63708,0,0,0,0,0,E,17,Inflammatory monocyte,48,29,1,1,1_5_2,AlveolarFib
E-3031,all,13,9,5299,4156,6,16718,0,0,0,0,0,E,4,Inflammatory monocyte,33,10,2,2,2_2,InflamMac
E-3032,all,147,56,4745,4556,18,82423,0,0,0,0,0,E,21,Alveolar fibroblast 1,52,32,2,2,2_4,Artery
E-3033,all,148,31,3852,5741,16,82684,0,0,0,0,0,E,109,Alveolar type 2 cell,48,14,1,1,1_3,AT2
E-3034,all,14,8,4571,3954,11,42278,0,0,0,0,0,E,6,Alveolar fibroblast 1,31,9,3,3,3_1,SMC
E-3035,all,40,20,5171,5103,26,43360,0,0,0,0,0,E,2,Capillary 1 cell,43,21,1,1,1_6_2,Neutrophil
E-3036,all,107,37,4507,4088,14,51746,0,0,0,0,0,E,12,Interstitial macrophage,55,27,8,8,8_3,InterstitialMac
E-3037,all,109,37,5233,3955,23,73667,0,0,0,0,0,E,69,Sox9+/Id2+ epithelial cell,53,26,1,1,1_1,AT2
E-3038,all,48,30,4318,4369,35,46801,0,0,0,0,0,E,4,Innate lymphoid cell,50,32,2,2,2_5,DC
E-3039,all,33,18,5602,5140,18,35347,0,0,0,0,0,E,6,Endothelial progenitor cell,44,19,1,1,1_4_1,AlveolarFib
E-3040,all,29,21,5352,5095,15,30921,0,0,0,0,0,E,3,Alveolar fibroblast 1,38,22,2,2,2_4,Artery
E-3042,all,99,31,5367,5058,20,60537,0,0,0,0,0,E,61,Alveolar type 2 cell,57,28,1,1,1_1,AT2
E-3045,all,55,28,5151,4604,21,50762,0,0,0,0,0,E,13,Pericyte,54,28,5,5,5_1,Pericyte
E-3047,all,144,41,5531,4878,19,103878,0,0,0,0,0,E,80,AT1/AT2,43,15,6,6,6,AT1
E-3049,all,281,61,3866,5407,21,118472,0,0,0,0,0,E,191,Alveolar type 2 cell,46,17,1,1,1_3,AT2
E-3050,all,17,9,4842,4085,4,12186,0,0,0,0,0,E,2,B cell,34,9,3,3,3_4,AdventitialFib
E-3052,all,131,29,5566,4895,27,72694,0,0,0,0,0,E,76,Alveolar type 2 cell,45,14,1,1,1_1,AT2
E-3054,all,30,20,3946,4253,10,24916,0,0,0,0,0,E,15,Vascular smooth muscle cell,36,21,1,1,1_5_1,LymphaticEndo
E-3056,all,13,10,3942,4424,27,20672,0,0,0,0,0,E,7,Alveolar fibroblast 1,29,10,3,3,3_2,SMC
E-3057,all,18,13,3922,4410,26,20922,0,0,0,0,0,E,6,Vascular smooth muscle cell,40,14,3,3,3_2,SMC
E-3058,all,14,7,5303,3842,9,17312,0,0,0,0,0,E,2,Pericyte,32,8,3,3,3_5,SMC
E-3060,all,108,32,5095,5124,31,62750,0,0,0,0,0,E,72,Alveolar type 2 cell,48,19,1,1,1_1,AT2
E-3061,all,18,7,4962,5168,5,11157,0,0,0,0,0,E,2,Endothelial progenitor cell,41,8,1,1,1_5_2,AlveolarFib
E-3063,all,28,15,3950,5429,38,12707,0,0,0,0,0,E,3,Endothelial progenitor cell,39,16,1,1,1_5_2,AlveolarFib
E-3064,all,142,40,5178,3937,29,49762,0,0,0,0,0,E,99,Secretory cell,45,16,1,1,1_1,AT2
E-3065,all,201,42,4548,3882,25,94806,2099,169,1830,0.08454227,0.9154577,E,126,Ciliated cell,65,42,4,4,4_2,CiliatedEpi
E-3068,all,24,14,4816,4423,29,21387,0,0,0,0,0,E,4,Inflammatory monocyte,41,14,5,5,5_3,Pericyte
E-3070,all,67,40,4636,4792,24,53004,0,0,0,0,0,E,12,Alveolar fibroblast 1,59,40,3,3,3_4,AdventitialFib
E-3072,all,23,17,4063,4335,22,23871,0,0,0,0,0,E,13,Vascular smooth muscle cell,40,17,3,3,3_2,SMC
E-3075,all,9,6,3670,4207,22,15679,0,0,0,0,0,E,3,Alveolar fibroblast 1,22,7,3,3,3_4,AdventitialFib
E-3077,all,211,52,5125,4159,30,78764,0,0,0,0,0,E,131,Alveolar type 2 cell,47,16,3,3,3_5,SMC
E-3078,all,91,41,5476,4086,24,105071,0,0,0,0,0,E,22,Secondary crest myofibroblast,61,41,3,3,3_6,SCMF
E-3079,all,51,28,4256,5634,33,65275,0,0,0,0,0,E,12,Pericyte,51,28,5,5,5_1,Pericyte
E-3080,all,18,12,4060,4444,27,27468,0,0,0,0,0,E,3,Arterial endothelial cell,41,13,2,2,2_4,Artery
E-3081,all,136,57,4445,5337,13,104745,0,0,0,0,0,E,19,Inflammatory monocyte,41,22,2,2,2_2,InflamMac
E-3082,all,204,40,4573,5050,32,93756,0,0,0,0,0,E,154,CD4+ T cell,53,20,1,1,1_1,AT2
E-3085,all,165,49,4641,5018,15,84728,0,0,0,0,0,E,40,Alveolar type 1 cell,48,22,6,6,6,AT1
E-3086,all,34,17,4260,4349,7,12835,0,0,0,0,0,E,5,Alveolar fibroblast 1,45,18,1,1,1_4_1,AlveolarFib
E-3087,all,12,7,3798,4319,31,13774,0,0,0,0,0,E,3,Alveolar fibroblast 1,31,8,1,1,1_5_1,LymphaticEndo
E-3088,all,58,35,4277,5662,17,44609,0,0,0,0,0,E,16,Neutrophil,55,35,5,5,5_3,Pericyte
E-3089,all,28,17,5008,5244,8,14959,0,0,0,0,0,E,5,CD8+ T cell,39,18,2,2,2_2,InflamMac
E-3090,all,14,10,3863,4117,26,27516,0,0,0,0,0,E,5,Vascular smooth muscle cell,31,11,3,3,3_2,SMC
E-3091,all,118,52,3992,4296,16,121379,0,0,0,0,0,E,22,Vascular smooth muscle cell,46,32,3,3,3_2,SMC
E-3093,all,70,26,5181,4207,15,52933,0,0,0,0,0,E,8,Alveolar fibroblast 1,54,25,1,1,1_5_1,LymphaticEndo
E-3094,all,90,28,4317,5658,14,52762,0,0,0,0,0,E,33,Neutrophil,57,27,7,7,7_2,PatrolMac
E-3095,all,31,18,5089,5211,18,25429,0,0,0,0,0,E,13,Neutrophil,42,19,2,2,2_2,InflamMac
E-3097,all,206,29,4792,3887,23,79087,6679,4877,1976,0.7116591,0.2883409,E,170,Secretory cell,44,28,4,4,4_2,CiliatedEpi
E-3102,all,91,44,4696,4227,17,67047,0,0,0,0,0,E,11,B cell,64,46,2,2,2_5,DC
E-3106,all,127,46,4529,4643,12,71073,0,0,0,0,0,E,27,Mesothelial cell,50,26,3,3,3_3,AdventitialFib
E-3108,all,198,23,5515,4238,21,95209,0,0,0,0,0,E,176,Alveolar type 2 cell,48,6,1,1,1_1,AT2
E-3109,all,32,21,3989,4429,35,26127,0,0,0,0,0,E,16,Vascular smooth muscle cell,39,21,3,3,3_2,SMC
E-3110,all,10,6,3778,4237,34,19155,0,0,0,0,0,E,3,Arterial endothelial cell,29,7,2,2,2_2,InflamMac
E-3111,all,40,21,4453,5556,21,25611,0,0,0,0,0,E,10,Alveolar fibroblast 1,42,22,1,1,1_4_3,AlveolarFib
E-3116,all,79,39,4677,5639,24,80732,0,0,0,0,0,E,15,Capillary 2 cell,57,40,3,3,3_5,SMC
E-3117,all,119,29,4739,3936,22,55285,64027,3362,59572,0.05342104,0.946579,E,74,Ciliated cell,53,29,4,4,4_2,CiliatedEpi
E-3120,all,17,9,4002,4413,38,17029,0,0,0,0,0,E,5,Secondary crest myofibroblast,36,9,3,3,3_2,SMC
E-3122,all,59,36,4052,4475,24,67116,0,0,0,0,0,E,10,Vascular smooth muscle cell,56,36,3,3,3_6,SCMF
E-3123,all,34,18,5241,4035,10,36263,0,0,0,0,0,E,9,Vascular smooth muscle cell,40,19,3,3,3_2,SMC
E-3125,all,57,30,5304,4265,26,46286,0,0,0,0,0,E,14,Airway smooth muscle cell,55,31,3,3,3_1,SMC
E-3126,all,96,21,5384,5096,24,48046,0,0,0,0,0,E,71,Alveolar type 2 cell,55,20,1,1,1_1,AT2
E-3127,all,9,7,5087,4063,4,6166,0,0,0,0,0,E,3,Alveolar macrophage,23,8,7,7,7_4,PatrolMac
E-3130,all,16,10,4793,4523,8,15801,0,0,0,0,0,E,2,Alveolar fibroblast 1,32,10,1,1,1_5_2,AlveolarFib
E-3131,all,113,48,4404,5536,18,81496,0,0,0,0,0,E,18,Alveolar fibroblast 1,47,31,3,3,3_1,SMC
E-3133,all,76,33,5531,5246,28,87267,0,0,0,0,0,E,16,Arterial endothelial cell,54,34,2,2,2_4,Artery
E-3136,all,87,44,4826,3953,21,84121,51,0,51,0,1,E,20,Airway smooth muscle cell,61,45,3,3,3_2,SMC
E-3137,all,59,22,4912,4968,20,34631,0,0,0,0,0,E,32,Alveolar fibroblast 1,53,22,1,1,1_3,AT2
E-3138,all,46,14,5121,5175,15,43035,0,0,0,0,0,E,32,Alveolar type 2 cell,48,15,2,2,2_1,Capillary
E-3139,all,42,28,4605,3968,20,40061,2525,0,2525,0,1,E,8,Secondary crest myofibroblast,43,29,3,3,3_1,SMC
E-3140,all,53,24,5285,5271,17,45788,0,0,0,0,0,E,23,Arterial endothelial cell,53,25,3,3,3_1,SMC
E-3141,all,92,46,4610,4011,24,75135,1187,0,1187,0,1,E,8,CD8+ T cell,62,44,2,2,2_2,InflamMac
E-3146,all,77,43,4034,4323,25,62066,0,0,0,0,0,E,10,Alveolar fibroblast 1,54,44,2,2,2_4,Artery
E-3150,all,56,30,4469,4272,16,46276,0,0,0,0,0,E,12,Alveolar fibroblast 2,54,30,3,3,3_3,AdventitialFib
E-3154,all,7,5,4380,5455,16,8386,0,0,0,0,0,E,2,Proliferative mesenchymal progenitor cell,25,8,6,6,6,AT1
E-3155,all,11,7,5275,3998,12,15905,0,0,0,0,0,E,5,Arterial endothelial cell,32,8,2,2,2_4,Artery
E-3156,all,12,4,5158,4285,12,12805,0,0,0,0,0,E,9,Sox9+/Id2+ epithelial cell,37,4,1,1,1_1,AT2
E-3157,all,38,23,5183,3908,28,25421,0,0,0,0,0,E,18,Alveolar type 2 cell,42,23,1,1,1_3,AT2
E-3158,all,40,24,4790,3964,22,39295,17385,0,17385,0,1,E,6,Alveolar macrophage,44,25,3,3,3_2,SMC
E-3159,all,15,13,4429,5392,34,14695,0,0,0,0,0,E,3,Capillary 1 cell,30,12,2,2,2_1,Capillary
E-3160,all,14,11,4280,4359,8,11204,0,0,0,0,0,E,5,Inflammatory monocyte,37,13,2,2,2_5,DC
E-3162,all,37,25,3792,4101,25,30712,0,0,0,0,0,E,6,Alveolar fibroblast 1,41,27,2,2,2_5,DC
E-3164,all,212,21,4862,3876,20,76219,9947,2641,7306,0.2655072,0.7344928,E,196,Ciliated cell,56,3,4,4,4_2,ClubEpi
E-3167,all,51,32,5161,5132,13,43645,0,0,0,0,0,E,15,Pericyte,55,34,2,2,2_5,DC
E-3171,all,38,20,3786,5657,21,46778,0,0,0,0,0,E,3,Endothelial progenitor cell,43,20,2,2,2_1,Capillary
E-3172,all,24,18,4521,3919,38,19780,0,0,0,0,0,E,3,Alveolar fibroblast 1,43,18,3,3,3_4,AdventitialFib
E-3173,all,17,14,3994,4381,38,19691,0,0,0,0,0,E,7,Pericyte,35,14,5,5,5_3,Pericyte
E-3174,all,23,11,5580,5120,23,24227,0,0,0,0,0,E,2,Alveolar fibroblast 1,42,12,1,1,1_4_1,AlveolarFib
E-3175,all,12,8,3910,4430,17,11909,0,0,0,0,0,E,2,Vascular smooth muscle cell,30,9,3,3,3_2,SMC
E-3184,all,96,32,7164,1159,23,84312,0,0,0,0,0,E,12,AT1/AT2,59,31,6,6,6,AT1
E-3185,all,52,12,6269,592,24,69853,0,0,0,0,0,E,39,Alveolar type 2 cell,50,12,1,1,1_3,AT2
E-3186,all,22,15,6611,1706,38,49874,0,0,0,0,0,E,2,Endothelial progenitor cell,37,15,8,8,8_1,AlveolarMac
E-3188,all,29,19,5914,614,22,77319,0,0,0,0,0,E,9,Secondary crest myofibroblast,37,19,5,5,5_3,Pericyte
E-3189,all,13,10,6865,63,38,24147,0,0,0,0,0,E,2,Alveolar fibroblast 1,35,10,1,1,1_5_4,pDC
E-3192,all,22,17,6752,891,24,81882,0,0,0,0,0,E,6,B cell,42,17,9,9,9,Bcell
E-3194,all,40,21,7098,231,13,80155,52,52,0,1,0,E,8,Pericyte,43,21,7,7,7_2,PatrolMac
E-3196,all,43,23,6777,819,20,96799,0,0,0,0,0,E,12,Alveolar macrophage,43,23,8,8,8_1,AlveolarMac
E-3198,all,23,16,6721,827,15,77587,0,0,0,0,0,E,11,Pericyte,42,16,5,5,5_1,Pericyte
E-3199,all,32,21,6982,1296,32,79970,0,0,0,0,0,E,2,B cell,40,21,2,2,2_6,pDC
E-3200,all,36,25,6477,1376,28,69422,0,0,0,0,0,E,12,Pericyte,39,25,5,5,5_1,Pericyte
E-3201,all,39,24,5692,1061,29,113333,0,0,0,0,0,E,7,Sox9+/Id2+ epithelial cell,42,23,2,2,2_1,Capillary
E-3202,all,28,13,7492,1433,22,83294,0,0,0,0,0,E,2,Secondary crest myofibroblast,43,13,3,3,3_6,SCMF
E-3204,all,18,10,7143,1234,28,53367,0,0,0,0,0,E,8,Pericyte,36,10,5,5,5_1,Pericyte
E-3205,all,42,19,6620,1782,10,35103,0,0,0,0,0,E,24,Secondary crest myofibroblast,45,19,5,5,5_3,Pericyte
E-3207,all,35,21,6856,1383,11,53938,0,0,0,0,0,E,6,Capillary 1 cell,43,21,6,6,6,AT1
E-3208,all,21,13,6723,1658,16,75998,0,0,0,0,0,E,4,Secondary crest myofibroblast,38,13,3,3,3_6,SCMF
E-3210,all,36,19,5828,910,24,95239,0,0,0,0,0,E,8,Innate lymphoid cell,43,19,7,7,7_2,PatrolMac
E-3212,all,76,36,6484,514,20,133943,0,0,0,0,0,E,14,Capillary 1 cell,56,37,3,3,3_5,SMC
E-3213,all,78,12,5844,640,32,75351,0,0,0,0,0,E,68,Alveolar type 2 cell,52,12,1,1,1_1,AT2
E-3214,all,25,16,6654,250,21,23528,0,0,0,0,0,E,5,Natural killer cell,39,17,2,2,2_2,InflamMac
E-3215,all,30,22,7057,867,15,45854,0,0,0,0,0,E,5,Alveolar fibroblast 2,37,22,3,3,3_3,AdventitialFib
E-3217,all,14,13,7462,868,16,49077,0,0,0,0,0,E,2,Megakaryocyte/Platelet,32,14,2,2,2_2,InflamMac
E-3219,all,78,38,6850,155,25,101073,0,0,0,0,0,E,4,Venous endothelial cell,59,38,3,3,3_4,AdventitialFib
E-3220,all,88,49,6634,364,19,100505,103,0,103,0,1,E,17,Venous endothelial cell,63,49,3,3,3_4,AdventitialFib
E-3224,all,46,19,7080,1779,7,66772,0,0,0,0,0,E,13,Natural killer cell,46,19,7,7,7_2,PatrolMac
E-3225,all,20,13,7431,734,39,31251,0,0,0,0,0,E,9,Alveolar fibroblast 1,44,14,1,1,1_5_1,LymphaticEndo
E-3226,all,9,6,6587,1336,11,20277,0,0,0,0,0,E,4,Alveolar fibroblast 1,30,7,2,2,2_4,Artery
E-3227,all,32,5,6927,1427,5,24637,0,0,0,0,0,E,30,Alveolar type 2 cell,46,5,1,1,1_1,AT2
E-3228,all,14,8,7088,81,8,29722,0,0,0,0,0,E,4,Pericyte,29,8,5,5,5_3,Pericyte
E-3229,all,18,13,6526,1014,15,34509,0,0,0,0,0,E,4,Alveolar fibroblast 1,38,14,1,1,1_5_1,LymphaticEndo
E-3230,all,28,17,6524,978,10,57483,0,0,0,0,0,E,3,Endothelial progenitor cell,40,17,5,5,5_3,Pericyte
E-3231,all,21,14,6211,89,12,75746,0,0,0,0,0,E,2,Capillary 1 cell,40,14,2,2,2_3,Vein
E-3232,all,12,9,6730,487,8,17888,0,0,0,0,0,E,2,Alveolar fibroblast 1,34,9,1,1,1_5_4,pDC
E-3233,all,29,20,7101,754,29,75546,0,0,0,0,0,E,9,Pericyte,37,20,5,5,5_3,Pericyte
E-3234,all,129,14,6372,291,23,85299,0,0,0,0,0,E,113,Alveolar type 2 cell,49,8,1,1,1_3,AT2
E-3240,all,12,8,6729,98,17,35364,0,0,0,0,0,E,3,Sox9+/Id2+ epithelial cell,38,9,2,2,2_2,InflamMac
E-3242,all,36,24,6490,1831,20,74278,0,0,0,0,0,E,7,Alveolar fibroblast 1,39,24,7,7,7_3,Tcell (CD8)
E-3245,all,26,5,7359,1293,33,20224,0,0,0,0,0,E,24,Alveolar type 2 cell,46,5,1,1,1_1,AT2
E-3247,all,108,32,6336,1895,23,80877,0,0,0,0,0,E,19,Alveolar type 1 cell,54,22,6,6,6,AT1
E-3248,all,52,24,7313,1270,22,79780,0,0,0,0,0,E,4,Ciliated cell,51,24,2,2,2_1,Capillary
E-3249,all,35,22,6279,660,23,56269,0,0,0,0,0,E,3,Alveolar type 1 cell,40,24,2,2,2_5,DC
E-3250,all,14,11,6225,1877,31,18068,0,0,0,0,0,E,5,Secondary crest myofibroblast,32,11,5,5,5_3,Pericyte
E-3253,all,76,26,6514,66,22,94512,0,0,0,0,0,E,53,Alveolar fibroblast 2,54,26,1,1,1_3,AT2
E-3254,all,10,4,6921,1934,22,19040,0,0,0,0,0,E,5,Sox9+/Id2+ epithelial cell,34,4,1,1,1_1,AT2
E-3255,all,32,16,6300,398,19,41064,0,0,0,0,0,E,12,Alveolar type 1 cell,43,16,6,6,6,AT1
E-3256,all,24,14,6153,988,23,37647,0,0,0,0,0,E,20,Pericyte,45,14,5,5,5_1,Pericyte
E-3258,all,97,56,6612,189,26,115336,0,0,0,0,0,E,15,Capillary 1 cell,64,54,2,2,2_3,Vein
E-3261,all,29,18,6799,1601,35,44667,0,0,0,0,0,E,4,Alveolar fibroblast 1,39,19,2,2,2_4,Artery
E-3262,all,36,24,6657,1241,20,70978,0,0,0,0,0,E,7,Innate lymphoid cell,40,24,6,6,6,AT1
E-3264,all,74,35,7480,408,18,109268,0,0,0,0,0,E,11,Sox9+/Id2+ epithelial cell,59,36,3,3,3_1,SMC
E-3265,all,35,29,6735,668,32,68788,0,0,0,0,0,E,11,Pericyte,39,29,5,5,5_3,Pericyte
E-3266,all,27,19,6428,1251,21,42929,0,0,0,0,0,E,3,Proliferative mesenchymal progenitor cell,42,19,8,8,8_1,AlveolarMac
E-3267,all,27,17,6262,1887,24,60719,0,0,0,0,0,E,9,Pericyte,41,17,5,5,5_3,Pericyte
E-3270,all,12,10,6557,1139,33,45557,0,0,0,0,0,E,2,Capillary 1 cell,34,10,2,2,2_3,Vein
E-3271,all,45,23,6256,440,18,81209,0,0,0,0,0,E,11,Inflammatory monocyte,46,23,6,6,6,AT1
E-3272,all,117,20,6791,414,14,74005,0,0,0,0,0,E,101,Alveolar type 2 cell,45,8,1,1,1_1,AT2
E-3273,all,88,16,6256,124,18,79787,0,0,0,0,0,E,74,Alveolar type 2 cell,54,16,1,1,1_3,AT2
E-3274,all,10,9,7105,1905,11,37278,0,0,0,0,0,E,3,Endothelial progenitor cell,31,9,2,2,2_6,pDC
E-3275,all,55,27,6239,721,19,79303,0,0,0,0,0,E,6,Sox9+/Id2+ epithelial cell,53,27,7,7,7_3,Tcell (CD8)
E-3276,all,38,16,6661,401,34,26593,0,0,0,0,0,E,4,Alveolar type 1 cell,44,16,6,6,6,AT1
E-3277,all,84,22,6160,1120,15,82913,0,0,0,0,0,E,63,Alveolar type 2 cell,54,22,1,1,1_3,AT2
E-3278,all,53,15,6267,697,14,51548,0,0,0,0,0,E,6,Natural killer cell,51,15,7,7,7_3,Tcell (CD8)
E-3280,all,28,18,5651,228,26,81665,0,0,0,0,0,E,6,Pericyte,41,18,5,5,5_1,Pericyte
E-3281,all,76,21,6294,44,21,105331,0,0,0,0,0,E,7,Alveolar type 1 cell,56,21,7,7,7_2,PatrolMac
E-3283,all,42,10,5824,673,36,32086,0,0,0,0,0,E,33,Alveolar type 2 cell,46,10,1,1,1_3,AT2
E-3284,all,16,11,7253,253,14,32212,0,0,0,0,0,E,8,Inflammatory monocyte,33,11,2,2,2_3,Vein
E-3285,all,36,23,7490,726,20,85553,0,0,0,0,0,E,7,B cell,40,23,5,5,5_1,Pericyte
E-3286,all,10,6,7453,756,10,20710,0,0,0,0,0,E,2,Pericyte,26,6,5,5,5_1,Pericyte
E-3287,all,169,39,7342,943,24,85295,0,0,0,0,0,E,24,Alveolar type 1 cell,49,17,6,6,6,AT1
E-3289,all,64,21,5914,162,31,76149,0,0,0,0,0,E,9,Alveolar type 1 cell,54,22,6,6,6,AT1
E-3290,all,9,7,6455,691,34,33306,0,0,0,0,0,E,2,CD8+ T cell,25,8,7,7,7_2,PatrolMac
E-3291,all,48,28,6321,1014,21,56600,0,0,0,0,0,E,7,Inflammatory monocyte,48,28,2,2,2_6,pDC
E-3296,all,11,8,5882,99,36,24027,0,0,0,0,0,E,2,Alveolar fibroblast 1,30,8,1,1,1_5_2,AlveolarFib
E-3297,all,23,15,6773,953,5,28438,0,0,0,0,0,E,5,Capillary 1 cell,41,16,2,2,2_3,Vein
E-3299,all,91,24,7040,757,25,73065,0,0,0,0,0,E,13,Alveolar type 1 cell,55,23,6,6,6,AT1
E-3300,all,14,6,5991,624,5,9859,0,0,0,0,0,E,3,Alveolar type 1 cell,34,6,6,6,6,AT1
E-3301,all,18,8,7379,1320,30,31963,0,0,0,0,0,E,13,Sox9+/Id2+ epithelial cell,43,10,2,2,2_1,Capillary
E-3302,all,20,12,7072,160,29,54986,0,0,0,0,0,E,3,Megakaryocyte/Platelet,40,12,2,2,2_6,pDC
E-3304,all,13,11,5839,79,36,27391,0,0,0,0,0,E,3,Alveolar fibroblast 1,32,12,1,1,1_4_1,AlveolarFib
E-3306,all,47,27,5987,1048,29,74019,0,0,0,0,0,E,7,Alveolar fibroblast 1,45,27,1,1,1_5_1,LymphaticEndo
E-3307,all,22,12,6470,1450,29,67844,0,0,0,0,0,E,5,Sox9+/Id2+ epithelial cell,40,12,6,6,6,AT1
E-3308,all,39,24,6292,450,26,79894,0,0,0,0,0,E,9,Alveolar fibroblast 1,43,25,2,2,2_4,Artery
E-3309,all,23,12,6598,1193,24,76055,0,0,0,0,0,E,4,Proliferative mesenchymal progenitor cell,40,12,2,2,2_3,Vein
E-3311,all,34,24,7219,1194,17,96253,0,0,0,0,0,E,8,Sox9+/Id2+ epithelial cell,40,25,3,3,3_1,SMC
E-3312,all,89,20,7160,206,26,100769,0,0,0,0,0,E,72,Sox9+/Id2+ epithelial cell,55,19,1,1,1_1,AT2
E-3315,all,24,18,5907,244,17,71927,0,0,0,0,0,E,4,Neutrophil,42,18,2,2,2_1,Capillary
E-3316,all,20,12,6464,1336,28,45187,0,0,0,0,0,E,5,Alveolar type 1 cell,38,13,3,3,3_1,SMC
E-3319,all,13,5,7120,1855,9,11587,0,0,0,0,0,E,9,Alveolar type 2 cell,35,5,1,1,1_1,AT2
E-3320,all,7,6,5631,1442,12,11210,0,0,0,0,0,E,2,Proliferative mesenchymal progenitor cell,26,8,3,3,3_1,SMC
E-3321,all,28,17,6982,517,16,65764,0,0,0,0,0,E,13,Pericyte,40,18,3,3,3_1,SMC
E-3323,all,66,20,6505,1416,26,80498,0,0,0,0,0,E,9,Alveolar type 1 cell,54,20,6,6,6,AT1
E-3324,all,12,11,6544,188,7,14820,0,0,0,0,0,E,2,Proliferative mesenchymal progenitor cell,31,11,3,3,3_4,AdventitialFib
E-3325,all,37,24,6103,576,32,69916,0,0,0,0,0,E,6,Capillary 1 cell,42,26,2,2,2_5,DC
E-3326,all,17,10,5618,44,30,40817,0,0,0,0,0,E,4,Inflammatory monocyte,38,12,2,2,2_5,DC
E-3328,all,42,20,6780,1091,17,88393,0,0,0,0,0,E,4,Inflammatory monocyte,44,20,2,2,2_6,pDC
E-3329,all,46,13,5682,1006,30,80863,0,0,0,0,0,E,35,Secondary crest myofibroblast,49,14,3,3,3_1,SMC
E-3330,all,37,20,7118,690,24,95364,0,0,0,0,0,E,11,Proliferative mesenchymal progenitor cell,42,21,3,3,3_1,SMC
E-3331,all,13,10,6416,1319,19,57668,0,0,0,0,0,E,2,Capillary 1 cell,34,10,2,2,2_3,Vein
E-3332,all,64,28,6198,1185,11,72200,0,0,0,0,0,E,11,Capillary 1 cell,53,28,2,2,2_3,Vein
E-3335,all,38,24,6572,1361,10,35333,0,0,0,0,0,E,3,Alveolar fibroblast 1,41,24,2,2,2_3,Vein
E-3337,all,66,41,7000,717,19,92711,0,0,0,0,0,E,19,Alveolar fibroblast 1,61,41,1,1,1_5_2,AlveolarFib
E-3340,all,84,29,7341,299,25,105957,0,0,0,0,0,E,9,Alveolar type 1 cell,57,29,6,6,6,AT1
E-3344,all,13,9,6160,35,24,56618,0,0,0,0,0,E,2,Capillary 1 cell,29,9,2,2,2_3,Vein
E-3345,all,22,17,6612,1512,21,98488,0,0,0,0,0,E,5,Endothelial progenitor cell,43,17,3,3,3_4,AdventitialFib
E-3346,all,24,9,6755,1961,8,22738,0,0,0,0,0,E,16,Alveolar type 2 cell,43,9,1,1,1_1,AT2
E-3347,all,147,28,6940,301,35,79570,0,0,0,0,0,E,111,Alveolar type 2 cell,47,11,1,1,1_1,AT2
E-3349,all,29,16,6707,635,30,44561,0,0,0,0,0,E,2,Sox9+/Id2+ epithelial cell,39,17,1,1,1_6_2,Neutrophil
E-3353,all,30,22,7384,40,23,78123,0,0,0,0,0,E,4,Capillary 1 cell,36,21,2,2,2_1,Capillary
E-3354,all,24,16,6479,1498,30,81169,0,0,0,0,0,E,3,Inflammatory monocyte,41,17,3,3,3_1,SMC
E-3355,all,25,9,6099,379,40,16647,0,0,0,0,0,E,2,Alveolar macrophage,43,9,6,6,6,AT1
E-3356,all,6,5,6892,45,35,17614,0,0,0,0,0,E,2,Sox9+/Id2+ epithelial cell,21,8,2,2,2_3,Vein
E-3357,all,69,33,6180,974,22,106096,0,0,0,0,0,E,34,Alveolar type 2 cell,56,33,1,1,1_3,AT2
E-3358,all,91,20,6048,151,17,83963,0,0,0,0,0,E,68,Alveolar type 2 cell,54,19,1,1,1_1,AT2
E-3359,all,19,11,6688,1409,9,52916,53,0,53,0,1,E,6,B cell,38,12,3,3,3_1,SMC
E-3361,all,13,13,7006,185,7,25822,0,0,0,0,0,E,5,Alveolar fibroblast 1,27,14,3,3,3_1,SMC
E-3362,all,77,15,6906,1225,15,93625,0,0,0,0,0,E,62,Alveolar type 2 cell,52,15,1,1,1_1,AT2
E-3364,all,21,17,5773,749,27,57210,0,0,0,0,0,E,3,Capillary 1 cell,38,17,9,9,9,Bcell
E-3372,all,27,21,5868,960,20,76185,0,0,0,0,0,E,4,Chondrocyte,43,21,9,9,9,Bcell
E-3373,all,60,42,6883,395,21,86658,0,0,0,0,0,E,12,Alveolar type 1 cell,59,43,3,3,3_1,SMC
E-3376,all,43,25,7122,783,13,83334,0,0,0,0,0,E,6,Pericyte,44,25,5,5,5_3,Pericyte
E-3378,all,23,14,7282,1344,6,75730,0,0,0,0,0,E,9,Alveolar type 1 cell,44,14,2,2,2_1,Capillary
E-3381,all,24,16,7464,278,8,45848,0,0,0,0,0,E,2,Mesothelial cell,47,17,3,3,3_1,SMC
E-3386,all,69,35,6549,119,23,149909,0,0,0,0,0,E,22,Pericyte,56,35,5,5,5_3,Pericyte
E-3387,all,10,7,7286,981,8,29077,0,0,0,0,0,E,2,Alveolar type 1 cell,28,6,2,2,2_1,Capillary
E-3389,all,129,45,6411,296,19,112066,0,0,0,0,0,E,44,Capillary 1 cell,47,27,2,2,2_3,Vein
E-3390,all,29,16,6445,1555,35,55834,0,0,0,0,0,E,6,Capillary 1 cell,39,16,8,8,8_3,InterstitialMac
E-3393,all,31,18,6393,1283,23,68384,0,0,0,0,0,E,2,Neutrophil,43,19,2,2,2_2,InflamMac
E-3395,all,54,13,7351,1329,25,50431,0,0,0,0,0,E,42,Alveolar type 2 cell,50,13,1,1,1_3,AT2
E-3397,all,11,8,6472,987,10,29944,0,0,0,0,0,E,2,Natural killer cell,28,9,2,2,2_2,InflamMac
E-3398,all,16,12,5748,786,27,33686,0,0,0,0,0,E,5,Alveolar fibroblast 1,34,12,1,1,1_5_2,AlveolarFib
E-3400,all,59,18,6787,1228,31,57904,0,0,0,0,0,E,17,Alveolar type 1 cell,52,18,6,6,6,AT1
E-3402,all,39,23,6345,1354,20,105587,50,50,0,1,0,E,7,Alveolar fibroblast 1,43,23,1,1,1_5_1,LymphaticEndo
E-3404,all,11,7,5806,701,40,13020,0,0,0,0,0,E,4,Sox9+/Id2+ epithelial cell,33,7,1,1,1_3,AT2
E-3407,all,31,15,6325,367,22,50738,0,0,0,0,0,E,21,Alveolar type 1 cell,41,15,6,6,6,AT1
E-3408,all,31,23,6919,130,15,61430,0,0,0,0,0,E,4,Natural killer cell,39,23,7,7,7_3,Tcell (CD8)
E-3409,all,7,7,6154,193,40,16465,0,0,0,0,0,E,2,Proliferative mesenchymal progenitor cell,27,10,1,1,1_5_2,AlveolarFib
E-3410,all,12,11,6955,1559,19,46268,0,0,0,0,0,E,2,Lymphatic endothelial cell,29,11,2,2,2_6,pDC
E-3412,all,23,11,6232,1266,15,57969,0,0,0,0,0,E,17,Secondary crest myofibroblast,40,12,3,3,3_1,SMC
E-3415,all,49,26,6945,447,12,68844,0,0,0,0,0,E,11,Alveolar fibroblast 1,47,26,1,1,1_5_1,LymphaticEndo
E-3416,all,28,17,7051,829,20,42052,0,0,0,0,0,E,3,Inflammatory monocyte,40,17,3,3,3_4,AdventitialFib
E-3418,all,28,20,5987,994,14,70011,0,0,0,0,0,E,7,Arterial endothelial cell,38,21,2,2,2_4,Artery
E-3420,all,6,6,5759,705,9,25298,0,0,0,0,0,E,2,Pericyte,23,9,5,5,5_3,Pericyte
E-3421,all,47,26,7139,1967,20,68054,0,0,0,0,0,E,6,Venous endothelial cell,50,27,3,3,3_5,SMC
E-3422,all,53,16,6495,1092,28,80083,0,0,0,0,0,E,40,Alveolar type 2 cell,51,17,3,3,3_1,SMC
E-3427,all,20,11,6374,555,19,33439,0,0,0,0,0,E,3,Alveolar fibroblast 1,40,12,1,1,1_5_1,LymphaticEndo
E-3429,all,20,18,7232,1399,15,85955,0,0,0,0,0,E,3,B cell,39,18,9,9,9,Bcell
E-3430,all,18,14,5666,118,17,52340,0,0,0,0,0,E,3,Alveolar macrophage,36,14,8,8,8_2,InterstitialMac
E-3432,all,77,20,6321,1954,17,95128,0,0,0,0,0,E,57,Alveolar type 2 cell,53,20,1,1,1_1,AT2
E-3433,all,21,15,7143,262,32,55739,0,0,0,0,0,E,2,Alveolar fibroblast 1,38,15,2,2,2_3,Vein
E-3435,all,42,26,6114,991,20,71466,0,0,0,0,0,E,24,Vascular smooth muscle cell,44,27,2,2,2_4,Artery
E-3436,all,16,9,6899,1535,23,33800,0,0,0,0,0,E,4,Interstitial macrophage,36,9,8,8,8_2,InterstitialMac
E-3437,all,21,13,6111,961,10,48627,0,0,0,0,0,E,7,Sox9+/Id2+ epithelial cell,43,13,2,2,2_3,Vein
E-3439,all,60,20,6355,373,24,76958,0,0,0,0,0,E,42,Pericyte,53,20,5,5,5_3,Pericyte
E-3440,all,9,4,6299,323,38,20076,0,0,0,0,0,E,8,Alveolar fibroblast 1,33,5,5,5,5_3,Pericyte
E-3441,all,43,25,5676,151,22,86470,0,0,0,0,0,E,6,Alveolar fibroblast 1,45,26,2,2,2_4,Artery
E-3442,all,21,8,7109,1831,14,19865,0,0,0,0,0,E,13,Sox9+/Id2+ epithelial cell,39,8,1,1,1_3,AT2
E-3443,all,44,20,7337,976,28,72831,0,0,0,0,0,E,7,Alveolar fibroblast 1,46,21,1,1,1_5_1,LymphaticEndo
E-3445,all,16,6,6113,1034,14,15209,0,0,0,0,0,E,11,Sox9+/Id2+ epithelial cell,41,6,1,1,1_1,AT2
E-3448,all,40,24,6290,1850,22,74141,0,0,0,0,0,E,3,Pericyte,44,25,3,3,3_5,SMC
E-3449,all,35,19,5807,1033,24,100087,0,0,0,0,0,E,19,Alveolar fibroblast 1,44,20,3,3,3_1,SMC
E-3452,all,19,6,6140,1013,13,17091,0,0,0,0,0,E,16,Alveolar type 2 cell,43,6,1,1,1_3,AT2
E-3457,all,67,35,6980,1239,24,143111,0,0,0,0,0,E,12,Capillary 1 cell,55,35,2,2,2_6,pDC
E-3458,all,18,10,5758,811,11,22956,0,0,0,0,0,E,2,Alveolar fibroblast 1,38,10,1,1,1_5_1,LymphaticEndo
E-3459,all,18,10,6255,1057,24,39830,0,0,0,0,0,E,11,Proliferative mesenchymal progenitor cell,37,11,3,3,3_1,SMC
E-3460,all,20,11,6391,135,37,25229,0,0,0,0,0,E,5,Sox9+/Id2+ epithelial cell,41,12,3,3,3_1,SMC
E-3464,all,31,19,6157,565,33,60581,0,0,0,0,0,E,7,Arterial endothelial cell,42,20,2,2,2_4,Artery
E-3465,all,23,17,6385,346,36,33002,0,0,0,0,0,E,10,Alveolar fibroblast 1,40,17,6,6,6,AT1
E-3466,all,30,25,6716,1582,12,119031,58,0,58,0,1,E,6,Alveolar macrophage,35,25,8,8,8_2,InterstitialMac
E-3468,all,38,23,7200,1495,19,68361,0,0,0,0,0,E,12,Inflammatory monocyte,42,25,2,2,2_5,DC
E-3472,all,63,33,6852,453,31,85003,0,0,0,0,0,E,6,Inflammatory monocyte,55,34,3,3,3_1,SMC
E-3474,all,53,35,6728,1271,18,96834,0,0,0,0,0,E,9,Interstitial macrophage,53,36,2,2,2_2,InflamMac
E-3475,all,26,19,6660,798,18,56759,0,0,0,0,0,E,6,Alveolar type 1 cell,42,19,6,6,6,AT1
E-3477,all,26,19,6888,1318,7,56541,0,0,0,0,0,E,3,B cell,47,19,9,9,9,Bcell
E-3481,all,48,31,7078,190,22,105117,0,0,0,0,0,E,12,Pericyte,50,32,3,3,3_1,SMC
E-3482,all,49,26,6872,1174,10,90693,0,0,0,0,0,E,8,Endothelial progenitor cell,49,26,3,3,3_4,AdventitialFib
E-3483,all,55,26,7183,249,14,82344,0,0,0,0,0,E,13,Capillary 1 cell,53,26,2,2,2_3,Vein
E-3485,all,95,36,6318,598,28,120661,0,0,0,0,0,E,32,Sox9+/Id2+ epithelial cell,56,34,1,1,1_5_4,pDC
E-3486,all,20,8,6964,1921,23,24828,0,0,0,0,0,E,14,Sox9+/Id2+ epithelial cell,42,8,1,1,1_1,AT2
E-3487,all,8,5,6434,1340,25,32825,0,0,0,0,0,E,2,Capillary 1 cell,32,6,2,2,2_3,Vein
E-3492,all,20,15,6327,278,18,92818,0,0,0,0,0,E,4,B cell,41,15,7,7,7_2,PatrolMac
E-3495,all,67,34,7221,300,24,109629,0,0,0,0,0,E,12,Alveolar fibroblast 1,55,34,1,1,1_5_1,LymphaticEndo
E-3496,all,13,8,5646,258,20,32008,0,0,0,0,0,E,2,Alveolar type 1 cell,35,8,6,6,6,AT1
E-3498,all,22,8,5642,1023,26,50537,0,0,0,0,0,E,14,Proliferative mesenchymal progenitor cell,42,9,3,3,3_1,SMC
E-3503,all,24,16,6831,1546,11,46363,120,120,0,1,0,E,8,Pericyte,41,16,5,5,5_1,Pericyte
E-3505,all,65,26,5686,789,21,90105,104,0,104,0,1,E,12,Alveolar type 1 cell,54,26,6,6,6,AT1
E-3506,all,39,23,6686,1503,8,82679,0,0,0,0,0,E,10,Alveolar fibroblast 1,41,24,3,3,3_1,SMC
E-3507,all,70,31,5889,1036,20,145970,0,0,0,0,0,E,43,Alveolar type 2 cell,56,31,1,1,1_3,AT2
E-3509,all,27,17,7259,291,18,56786,0,0,0,0,0,E,12,Pericyte,40,17,5,5,5_1,Pericyte
E-3510,all,43,21,6790,756,25,71892,0,0,0,0,0,E,2,Alveolar fibroblast 1,45,22,3,3,3_1,SMC
E-3511,all,28,16,6912,791,11,67698,0,0,0,0,0,E,6,CD8+ T cell,39,16,2,2,2_6,pDC
E-3513,all,87,37,5857,994,20,99339,0,0,0,0,0,E,40,Interstitial macrophage,57,37,8,8,8_3,InterstitialMac
E-3514,all,42,21,5617,999,24,77344,0,0,0,0,0,E,7,Secondary crest myofibroblast,45,22,3,3,3_1,SMC
E-3515,all,33,20,6762,88,14,56317,0,0,0,0,0,E,17,Sox9+/Id2+ epithelial cell,40,22,2,2,2_3,Vein
E-3517,all,11,9,6288,365,39,26933,0,0,0,0,0,E,5,Pericyte,30,9,5,5,5_1,Pericyte
E-3519,all,28,19,5839,1066,24,90353,0,0,0,0,0,E,14,Alveolar fibroblast 1,34,20,3,3,3_1,SMC
E-3521,all,131,36,6684,1920,22,127342,0,0,0,0,0,E,20,Alveolar type 1 cell,46,18,6,6,6,AT1
E-3523,all,10,9,5619,1412,19,14864,0,0,0,0,0,E,4,Sox9+/Id2+ epithelial cell,36,10,2,2,2_2,InflamMac
E-3524,all,6,4,5795,763,7,13482,0,0,0,0,0,E,4,Pericyte,25,7,1,1,1_4_3,AlveolarFib
E-3525,all,23,16,6996,1935,26,59644,0,0,0,0,0,E,6,Alveolar type 1 cell,47,16,2,2,2_1,Capillary
E-3529,all,25,14,6207,1261,14,49634,0,0,0,0,0,E,7,Proliferative mesenchymal progenitor cell,43,14,3,3,3_3,AdventitialFib
E-3530,all,59,36,7177,1522,16,55252,0,0,0,0,0,E,6,Inflammatory monocyte,56,36,2,2,2_6,pDC
E-3534,all,13,11,6030,252,38,32728,0,0,0,0,0,E,2,Basophil,32,13,2,2,2_5,DC
E-3536,all,24,15,6488,689,28,48114,0,0,0,0,0,E,2,Mast cell,42,15,7,7,7_4,PatrolMac
E-3542,all,6,4,6759,145,11,8455,0,0,0,0,0,E,4,Sox9+/Id2+ epithelial cell,32,5,6,6,6,AT1
E-3543,all,15,9,6216,1047,20,48581,0,0,0,0,0,E,3,Proliferative mesenchymal progenitor cell,34,10,3,3,3_1,SMC
E-3545,all,6,5,6971,1546,21,17994,0,0,0,0,0,E,3,Sox9+/Id2+ epithelial cell,26,7,2,2,2_3,Vein
E-3546,all,45,26,5721,814,25,85383,0,0,0,0,0,E,7,Alveolar type 1 cell,46,27,3,3,3_1,SMC
E-3548,all,20,15,5864,537,23,36608,0,0,0,0,0,E,2,Alveolar fibroblast 1,39,16,3,3,3_1,SMC
E-3553,all,10,9,7131,174,37,17349,0,0,0,0,0,E,4,Innate lymphoid cell,29,9,6,6,6,AT1
E-3567,all,32,18,7238,2247,30,77067,0,0,0,0,0,E,4,CD8+ T cell,39,18,7,7,7_2,PatrolMac
E-3570,all,20,11,6932,2611,13,66818,266,0,266,0,1,E,2,Natural killer cell,37,13,2,2,2_5,DC
E-3571,all,65,22,7078,2980,18,90233,0,0,0,0,0,E,14,Alveolar macrophage,53,22,8,8,8_1,AlveolarMac
E-3573,all,26,19,7325,3095,26,84326,0,0,0,0,0,E,8,B cell,45,19,9,9,9,Bcell
E-3576,all,40,19,7186,3681,20,88614,0,0,0,0,0,E,20,B cell,44,19,9,9,9,Bcell
E-3578,all,14,12,6529,2373,28,48917,0,0,0,0,0,E,2,B cell,29,12,2,2,2_6,pDC
E-3579,all,30,22,7140,2199,24,77084,0,0,0,0,0,E,6,Alveolar type 2 cell,36,22,9,9,9,Bcell
E-3582,all,22,11,7415,3046,9,38353,0,0,0,0,0,E,10,Alveolar type 2 cell,42,11,8,8,8_2,InterstitialMac
E-3583,all,55,32,5737,2462,20,96873,0,0,0,0,0,E,9,Arterial endothelial cell,53,32,2,2,2_4,Artery
E-3585,all,24,22,7351,2098,18,39607,0,0,0,0,0,E,2,Inflammatory monocyte,49,23,2,2,2_5,DC
E-3586,all,45,27,7343,2652,18,86336,0,0,0,0,0,E,4,Alveolar fibroblast 1,45,27,2,2,2_3,Vein
E-3588,all,24,11,7344,3789,26,64252,0,0,0,0,0,E,4,B cell,42,11,9,9,9,Bcell
E-3589,all,52,30,7314,3019,11,79783,0,0,0,0,0,E,5,Alveolar fibroblast 1,52,30,6,6,6,AT1
E-3591,all,66,31,5645,3602,30,83572,0,0,0,0,0,E,20,Alveolar type 2 cell,55,31,1,1,1_3,AT2
E-3592,all,8,5,6361,2663,22,52108,610790,192831,319865,0.3761118,0.6238882,E,2,Proliferative mesenchymal progenitor cell,23,7,3,3,3_1,SMC
E-3593,all,62,25,7376,2073,17,62324,0,0,0,0,0,E,37,CD8+ T cell,55,27,2,2,2_5,DC
E-3594,all,41,20,7302,2168,20,85694,0,0,0,0,0,E,10,B cell,44,20,9,9,9,Bcell
E-3595,all,27,17,6993,2343,26,71229,0,0,0,0,0,E,2,Sox9+/Id2+ epithelial cell,40,18,2,2,2_2,InflamMac
E-3596,all,50,34,6623,2018,24,92249,0,0,0,0,0,E,13,Pericyte,51,35,3,3,3_5,SMC
E-3600,all,7,7,6634,2184,11,42551,0,0,0,0,0,E,3,B cell,24,8,2,2,2_2,InflamMac
E-3602,all,34,28,6091,2302,26,76630,0,0,0,0,0,E,11,Alveolar fibroblast 1,40,28,5,5,5_3,Pericyte
E-3603,all,35,22,5653,2737,34,69902,0,0,0,0,0,E,11,Inflammatory monocyte,39,23,1,1,1_4_3,AlveolarFib
E-3604,all,27,22,7069,2009,11,53396,0,0,0,0,0,E,9,Alveolar macrophage,34,23,3,3,3_1,SMC
E-3605,all,24,15,7228,2320,19,78479,0,0,0,0,0,E,6,Capillary 1 cell,43,15,8,8,8_3,InterstitialMac
E-3606,all,91,28,6857,2880,25,134574,0,0,0,0,0,E,30,Alveolar type 1 cell,58,28,6,6,6,AT1
E-3608,all,6,5,7187,3588,6,14334,0,0,0,0,0,E,4,Alveolar type 2 cell,25,8,2,2,2_2,InflamMac
E-3613,all,15,11,6557,2459,20,69355,0,0,0,0,0,E,5,Sox9+/Id2+ epithelial cell,39,12,2,2,2_1,Capillary
E-3614,all,11,9,6928,2336,35,27836,0,0,0,0,0,E,2,Alveolar fibroblast 1,27,9,7,7,7_2,PatrolMac
E-3615,all,11,9,6731,3550,5,31291,0,0,0,0,0,E,2,Endothelial progenitor cell,30,10,2,2,2_1,Capillary
E-3616,all,26,19,6731,2913,17,83459,0,0,0,0,0,E,4,Endothelial progenitor cell,45,19,3,3,3_4,AdventitialFib
E-3617,all,80,17,7462,3024,16,74065,0,0,0,0,0,E,64,Alveolar type 2 cell,52,17,1,1,1_1,AT2
E-3619,all,7,5,7082,3583,27,33820,0,0,0,0,0,E,2,Venous endothelial cell,29,7,2,2,2_3,Vein
E-3620,all,16,9,6762,2856,9,44071,0,0,0,0,0,E,3,Alveolar fibroblast 1,33,10,3,3,3_1,SMC
E-3621,all,13,12,6363,2097,13,47233,0,0,0,0,0,E,3,Alveolar fibroblast 1,30,12,1,1,1_5_1,LymphaticEndo
E-3622,all,20,10,6899,3786,12,35860,0,0,0,0,0,E,6,AT1/AT2,39,10,6,6,6,AT1
E-3625,all,38,24,5939,2413,26,95018,0,0,0,0,0,E,9,Alveolar fibroblast 1,42,24,1,1,1_5_1,LymphaticEndo
E-3626,all,14,9,6074,2510,31,36726,0,0,0,0,0,E,4,Mast cell,32,10,3,3,3_1,SMC
E-3627,all,28,8,6595,3560,5,18592,0,0,0,0,0,E,21,Sox9+/Id2+ epithelial cell,43,8,1,1,1_3,AT2
E-3628,all,21,16,6032,2708,32,84473,0,0,0,0,0,E,5,B cell,40,16,9,9,9,Bcell
E-3629,all,9,7,6901,3057,25,29473,0,0,0,0,0,E,3,Alveolar fibroblast 1,22,8,3,3,3_4,AdventitialFib
E-3632,all,101,29,6657,3263,26,74551,0,0,0,0,0,E,12,Alveolar type 1 cell,56,25,6,6,6,AT1
E-3633,all,68,27,7363,3304,32,83564,0,0,0,0,0,E,38,Pericyte,56,27,5,5,5_1,Pericyte
E-3635,all,18,15,7150,2422,15,38808,0,0,0,0,0,E,4,Venous endothelial cell,36,15,2,2,2_3,Vein
E-3636,all,41,14,7444,3101,27,35738,0,0,0,0,0,E,6,Alveolar type 1 cell,45,14,6,6,6,AT1
E-3637,all,19,15,7395,2307,26,76794,0,0,0,0,0,E,3,B cell,36,15,9,9,9,Bcell
E-3638,all,26,19,6473,2936,27,65886,0,0,0,0,0,E,4,Inflammatory monocyte,43,19,2,2,2_6,pDC
E-3640,all,8,3,7274,3394,39,12589,0,0,0,0,0,E,6,Alveolar fibroblast 1,30,4,3,3,3_1,SMC
E-3642,all,93,13,5635,2957,30,79465,0,0,0,0,0,E,83,Alveolar type 2 cell,55,13,1,1,1_1,AT2
E-3644,all,54,17,6669,2865,36,57407,0,0,0,0,0,E,43,AT1/AT2,50,17,1,1,1_3,AT2
E-3645,all,31,18,7266,2604,25,50841,0,0,0,0,0,E,9,Alveolar fibroblast 1,44,19,3,3,3_1,SMC
E-3646,all,28,20,5875,2996,9,64030,0,0,0,0,0,E,15,Inflammatory monocyte,38,20,5,5,5_1,Pericyte
E-3648,all,10,8,6330,2358,37,28763,0,0,0,0,0,E,2,Natural killer cell,28,9,2,2,2_2,InflamMac
E-3651,all,24,14,6481,2541,29,69240,0,0,0,0,0,E,3,Alveolar type 1 cell,44,14,6,6,6,AT1
E-3654,all,13,9,6853,2314,17,36929,0,0,0,0,0,E,2,Proliferative mesenchymal progenitor cell,29,9,2,2,2_6,pDC
E-3656,all,18,11,7434,1984,24,48339,0,0,0,0,0,E,4,Capillary 1 cell,37,11,3,3,3_4,AdventitialFib
E-3658,all,55,40,5821,2790,22,96971,0,0,0,0,0,E,11,Alveolar type 2 cell,53,40,2,2,2_1,Capillary
E-3660,all,62,16,6099,2005,23,74585,0,0,0,0,0,E,44,Sox9+/Id2+ epithelial cell,52,17,3,3,3_5,SMC
E-3665,all,43,20,6487,2333,30,86745,0,0,0,0,0,E,18,Alveolar fibroblast 1,45,20,2,2,2_4,Artery
E-3666,all,55,26,5989,2077,21,87489,0,0,0,0,0,E,7,Capillary 2 cell,53,26,2,2,2_6,pDC
E-3667,all,30,22,6574,2254,22,62756,0,0,0,0,0,E,13,Interstitial macrophage,37,22,3,3,3_4,AdventitialFib
E-3668,all,23,13,6312,2733,25,54154,0,0,0,0,0,E,11,Alveolar macrophage,37,13,8,8,8_2,InterstitialMac
E-3670,all,12,6,6411,3558,21,26279,0,0,0,0,0,E,8,Alveolar fibroblast 1,29,7,3,3,3_1,SMC
E-3673,all,57,8,7435,2640,18,58236,0,0,0,0,0,E,51,Alveolar type 2 cell,50,8,1,1,1_1,AT2
E-3675,all,59,28,6821,3737,15,89486,0,0,0,0,0,E,29,Pericyte,55,28,5,5,5_1,Pericyte
E-3676,all,10,9,7221,2893,9,17770,0,0,0,0,0,E,2,Innate lymphoid cell,28,11,2,2,2_5,DC
E-3678,all,33,19,5719,2627,26,73846,0,0,0,0,0,E,14,Alveolar type 2 cell,41,19,1,1,1_3,AT2
E-3679,all,11,5,7398,2098,28,30618,0,0,0,0,0,E,5,Sox9+/Id2+ epithelial cell,36,5,1,1,1_1,AT2
E-3680,all,60,27,6042,2011,24,69611,0,0,0,0,0,E,27,Venous endothelial cell,53,27,8,8,8_1,AlveolarMac
E-3681,all,9,8,7237,2924,9,33703,0,0,0,0,0,E,2,Proliferative mesenchymal progenitor cell,26,9,2,2,2_6,pDC
E-3682,all,27,18,6066,2418,31,46097,0,0,0,0,0,E,8,Innate lymphoid cell,44,18,3,3,3_4,AdventitialFib
E-3683,all,17,11,7176,2377,20,50755,0,0,0,0,0,E,6,Capillary 1 cell,38,13,2,2,2_1,Capillary
E-3684,all,17,16,6878,3039,20,42803,0,0,0,0,0,E,7,Inflammatory monocyte,34,16,3,3,3_4,AdventitialFib
E-3685,all,12,9,5697,2462,12,21619,0,0,0,0,0,E,6,Interstitial macrophage,26,9,8,8,8_3,InterstitialMac
E-3688,all,51,25,6919,3336,18,77099,0,0,0,0,0,E,12,Alveolar type 1 cell,52,26,3,3,3_1,SMC
E-3690,all,17,14,7370,2378,20,53692,0,0,0,0,0,E,4,Pericyte,34,14,3,3,3_4,AdventitialFib
E-3691,all,51,19,5812,2688,32,40486,0,0,0,0,0,E,6,Pericyte,49,19,3,3,3_6,SCMF
E-3693,all,46,15,6984,2223,15,71359,0,0,0,0,0,E,3,Natural killer cell,47,16,1,1,1_6_2,Neutrophil
E-3694,all,96,39,7232,2585,16,71581,0,0,0,0,0,E,9,Alveolar macrophage,60,39,3,3,3_1,SMC
E-3695,all,17,13,7373,3756,11,50201,0,0,0,0,0,E,2,Proliferative mesenchymal progenitor cell,37,14,3,3,3_1,SMC
E-3697,all,85,49,6934,3173,23,140896,2650,2720,956,0.7399347,0.2600653,E,8,Alveolar fibroblast 1,62,50,3,3,3_1,SMC
E-3699,all,14,10,7118,2390,31,23514,0,0,0,0,0,E,3,Alveolar fibroblast 1,28,10,7,7,7_3,Tcell (CD8)
E-3700,all,15,10,5829,2897,25,14495,0,0,0,0,0,E,3,Sox9+/Id2+ epithelial cell,33,10,8,8,8_1,AlveolarMac
E-3701,all,33,13,5895,2954,29,38872,0,0,0,0,0,E,5,Capillary 2 cell,44,13,2,2,2_6,pDC
E-3702,all,83,46,7081,2914,30,98810,0,0,0,0,0,E,8,Capillary 2 cell,64,46,3,3,3_6,SCMF
E-3703,all,10,9,6689,3380,34,16499,0,0,0,0,0,E,3,Capillary 1 cell,32,9,2,2,2_1,Capillary
E-3704,all,33,21,7178,3350,21,53783,0,0,0,0,0,E,3,B cell,40,21,9,9,9,Bcell
E-3707,all,26,14,6331,2240,8,32860,0,0,0,0,0,E,4,Alveolar fibroblast 1,39,14,6,6,6,AT1
E-3708,all,14,10,6931,2439,11,47547,0,0,0,0,0,E,6,Pericyte,30,10,5,5,5_1,Pericyte
E-3709,all,31,16,6887,2193,36,53065,0,0,0,0,0,E,5,Alveolar type 1 cell,41,16,6,6,6,AT1
E-3712,all,32,17,6566,3078,18,89648,0,0,0,0,0,E,11,B cell,40,18,3,3,3_5,SMC
E-3713,all,40,12,7229,3598,37,50542,0,0,0,0,0,E,24,Sox9+/Id2+ epithelial cell,45,12,1,1,1_1,AT2
E-3714,all,26,17,7420,3788,15,85660,0,0,0,0,0,E,4,Alveolar fibroblast 1,37,18,3,3,3_5,SMC
E-3715,all,13,11,6592,3108,28,41995,0,0,0,0,0,E,4,Inflammatory monocyte,30,11,7,7,7_3,Tcell (CD8)
E-3716,all,53,11,7181,2182,18,34593,0,0,0,0,0,E,42,Alveolar type 2 cell,50,11,1,1,1_1,AT2
E-3718,all,72,24,6917,2956,30,63755,0,0,0,0,0,E,7,Neutrophil,54,24,6,6,6,AT1
E-3719,all,29,18,6861,3323,11,87057,0,0,0,0,0,E,5,Capillary 1 cell,40,19,2,2,2_1,Capillary
E-3721,all,7,7,6611,2119,39,19709,0,0,0,0,0,E,3,Capillary 1 cell,33,9,2,2,2_1,Capillary
E-3723,all,30,17,7488,3119,31,66844,0,0,0,0,0,E,2,Alveolar fibroblast 1,42,18,1,1,1_4_1,AlveolarFib
E-3725,all,9,7,6625,1978,16,28772,0,0,0,0,0,E,3,Venous endothelial cell,27,8,3,3,3_4,AdventitialFib
E-3726,all,15,13,6500,2395,23,46109,0,0,0,0,0,E,3,B cell,34,13,3,3,3_4,AdventitialFib
E-3727,all,20,12,7278,3685,17,33663,0,0,0,0,0,E,6,Pericyte,39,12,5,5,5_1,Pericyte
E-3728,all,68,36,6909,3207,24,102417,1643,0,617,0,1,E,21,B cell,57,36,9,9,9,Bcell
E-3730,all,24,15,7118,2034,22,44365,0,0,0,0,0,E,2,Alveolar macrophage,43,16,1,1,1_4_1,AlveolarFib
E-3731,all,41,21,5769,2743,18,59917,0,0,0,0,0,E,9,Arterial endothelial cell,43,22,2,2,2_1,Capillary
E-3734,all,50,33,6379,2833,32,72181,0,0,0,0,0,E,8,Alveolar type 1 cell,50,33,6,6,6,AT1
E-3735,all,43,24,6900,2359,34,83036,0,0,0,0,0,E,7,Venous endothelial cell,45,24,2,2,2_1,Capillary
E-3736,all,23,19,6679,3186,9,53577,0,0,0,0,0,E,3,Alveolar fibroblast 1,42,19,2,2,2_1,Capillary
E-3737,all,31,20,7403,2018,17,80875,0,0,0,0,0,E,11,B cell,39,20,9,9,9,Bcell
E-3739,all,17,12,7034,3429,5,15935,0,0,0,0,0,E,2,Alveolar type 1 cell,35,12,6,6,6,AT1
E-3740,all,26,12,6671,3407,32,32258,0,0,0,0,0,E,17,Alveolar type 2 cell,44,12,1,1,1_1,AT2
E-3742,all,60,27,7207,3539,13,63899,0,0,0,0,0,E,8,Arterial endothelial cell,54,29,2,2,2_4,Artery
E-3743,all,58,33,7100,2349,24,113045,0,0,0,0,0,E,9,Capillary 1 cell,55,33,8,8,8_1,AlveolarMac
E-3744,all,31,19,6857,3601,12,82280,0,0,0,0,0,E,5,Natural killer cell,42,20,2,2,2_2,InflamMac
E-3746,all,45,27,6676,3333,27,64192,0,0,0,0,0,E,11,Sox9+/Id2+ epithelial cell,48,28,3,3,3_5,SMC
E-3749,all,8,7,6601,2238,26,24239,0,0,0,0,0,E,3,B cell,28,8,2,2,2_6,pDC
E-3753,all,38,26,5969,2711,24,61994,0,0,0,0,0,E,7,Capillary 1 cell,43,27,2,2,2_1,Capillary
E-3755,all,51,18,6644,3400,30,48505,0,0,0,0,0,E,32,Alveolar type 2 cell,50,18,1,1,1_3,AT2
E-3758,all,101,20,6564,3422,20,57719,0,0,0,0,0,E,84,Alveolar type 2 cell,53,17,3,3,3_5,SMC
E-3759,all,11,8,5937,1993,7,15348,0,0,0,0,0,E,5,Capillary 1 cell,26,10,2,2,2_5,DC
E-3761,all,29,12,6460,2205,16,43370,0,0,0,0,0,E,9,Alveolar type 1 cell,41,12,6,6,6,AT1
E-3762,all,18,12,5968,1988,14,26303,0,0,0,0,0,E,6,Natural killer cell,36,13,3,3,3_1,SMC
E-3763,all,95,40,6004,2001,26,111438,0,0,0,0,0,E,23,Alveolar fibroblast 1,61,40,2,2,2_1,Capillary
E-3764,all,15,10,7280,3260,7,25476,0,0,0,0,0,E,3,Interstitial macrophage,32,10,8,8,8_3,InterstitialMac
E-3769,all,44,26,7407,2676,32,64281,0,0,0,0,0,E,5,Arterial endothelial cell,46,27,2,2,2_4,Artery
E-3770,all,81,38,6499,2228,25,124382,0,0,0,0,0,E,21,Pericyte,60,38,5,5,5_3,Pericyte
E-3771,all,46,28,6043,2246,21,75316,0,0,0,0,0,E,11,Pericyte,46,28,5,5,5_1,Pericyte
E-3772,all,21,16,7334,3663,13,48239,0,0,0,0,0,E,2,Natural killer cell,40,17,1,1,1_6_2,Neutrophil
E-3773,all,29,17,6875,2287,27,52273,0,0,0,0,0,E,3,Capillary 1 cell,39,17,2,2,2_1,Capillary
E-3774,all,52,31,7319,2096,26,84780,0,0,0,0,0,E,13,B cell,52,31,9,9,9,Bcell
E-3776,all,74,24,5618,2258,28,81657,0,0,0,0,0,E,8,Alveolar fibroblast 1,53,25,3,3,3_1,SMC
E-3778,all,46,17,5831,2536,27,62940,0,0,0,0,0,E,9,Alveolar type 1 cell,47,17,6,6,6,AT1
E-3779,all,27,14,5939,2842,11,50405,0,0,0,0,0,E,11,Inflammatory monocyte,41,16,2,2,2_5,DC
E-3780,all,21,16,7289,2530,20,41883,0,0,0,0,0,E,5,Neutrophil,40,16,5,5,5_1,Pericyte
E-3781,all,14,5,6905,3732,26,26655,0,0,0,0,0,E,12,Sox9+/Id2+ epithelial cell,37,5,1,1,1_3,AT2
E-3782,all,33,14,7227,2183,17,57073,0,0,0,0,0,E,12,Sox9+/Id2+ epithelial cell,43,14,2,2,2_3,Vein
E-3783,all,121,37,7286,3321,18,149651,0,0,0,0,0,E,20,Alveolar type 1 cell,45,15,6,6,6,AT1
E-3784,all,25,18,6864,3004,22,59230,0,0,0,0,0,E,7,Capillary 2 cell,38,20,2,2,2_5,DC
E-3785,all,93,29,5671,2676,34,81307,0,0,0,0,0,E,26,Alveolar type 1 cell,59,27,6,6,6,AT1
E-3786,all,9,9,5899,2437,38,32225,0,0,0,0,0,E,3,Alveolar type 2 cell,26,9,1,1,1_3,AT2
E-3790,all,19,15,5696,2994,7,81351,0,0,0,0,0,E,5,Alveolar type 1 cell,38,15,2,2,2_1,Capillary
E-3793,all,18,8,6875,3734,22,45767,0,0,0,0,0,E,13,Sox9+/Id2+ epithelial cell,41,8,1,1,1_3,AT2
E-3795,all,38,24,6877,2785,28,66522,0,0,0,0,0,E,14,Pericyte,41,24,5,5,5_3,Pericyte
E-3796,all,29,17,5759,3569,12,66335,0,0,0,0,0,E,8,Capillary 1 cell,41,17,2,2,2_1,Capillary
E-3797,all,12,9,6558,2234,10,15574,119,0,119,0,1,E,4,AT1/AT2,35,10,1,1,1_4_1,AlveolarFib
E-3798,all,60,19,6585,2294,38,52087,0,0,0,0,0,E,6,Capillary 1 cell,53,19,6,6,6,AT1
E-3800,all,8,7,7493,2124,26,69539,0,0,0,0,0,E,2,Capillary 2 cell,29,8,2,2,2_1,Capillary
E-3805,all,31,23,6948,3732,22,104740,0,0,0,0,0,E,8,Arterial endothelial cell,38,23,2,2,2_4,Artery
E-3807,all,30,23,6989,3578,15,86300,0,0,0,0,0,E,3,B cell,35,23,9,9,9,Bcell
E-3809,all,79,19,7189,2794,27,58740,0,0,0,0,0,E,66,Alveolar type 2 cell,55,19,1,1,1_1,AT2
E-3812,all,38,27,7334,2554,13,95053,0,0,0,0,0,E,8,B cell,41,27,8,8,8_1,AlveolarMac
E-3819,all,14,9,5930,2464,37,41515,0,0,0,0,0,E,5,Alveolar fibroblast 1,35,10,2,2,2_4,Artery
E-3821,all,16,14,6846,1988,37,28687,0,0,0,0,0,E,3,Alveolar fibroblast 1,39,15,2,2,2_4,Artery
E-3826,all,33,14,6539,2564,18,74160,0,0,0,0,0,E,19,Alveolar type 2 cell,43,15,2,2,2_2,InflamMac
E-3828,all,10,7,6908,3027,32,23002,0,0,0,0,0,E,3,Alveolar fibroblast 1,30,9,2,2,2_4,Artery
E-3830,all,72,19,7470,3084,23,56998,0,0,0,0,0,E,11,Alveolar type 1 cell,54,19,6,6,6,AT1
E-3832,all,35,23,7301,3174,27,86879,0,0,0,0,0,E,7,Capillary 1 cell,42,23,8,8,8_2,InterstitialMac
E-3833,all,33,23,6913,2302,37,38370,0,0,0,0,0,E,4,Alveolar fibroblast 1,39,23,1,1,1_5_2,AlveolarFib
E-3834,all,36,23,6443,2512,21,149909,0,0,0,0,0,E,13,Capillary 1 cell,40,23,6,6,6,AT1
E-3836,all,20,17,7030,3495,23,62750,0,0,0,0,0,E,4,Endothelial progenitor cell,40,16,2,2,2_1,Capillary
E-3839,all,33,21,6635,2226,17,81314,0,0,0,0,0,E,4,Alveolar fibroblast 1,41,22,3,3,3_1,SMC
E-3840,all,93,23,6986,2937,12,90308,0,0,0,0,0,E,67,Alveolar type 2 cell,56,21,1,1,1_1,AT2
E-3844,all,100,28,6839,2829,28,122277,0,0,0,0,0,E,59,AT1/AT2,54,23,1,1,1_3,AT2
E-3845,all,19,18,6831,2947,22,53933,0,0,0,0,0,E,2,Innate lymphoid cell,38,19,1,1,1_6_2,Neutrophil
E-3846,all,17,9,5499,2882,22,28650,0,0,0,0,0,E,3,Endothelial progenitor cell,35,9,2,2,2_1,Capillary
E-3851,all,29,18,6874,3386,25,61049,0,0,0,0,0,E,6,Endothelial progenitor cell,41,19,2,2,2_1,Capillary
E-3852,all,45,27,6907,2878,9,81740,0,0,0,0,0,E,12,Vascular smooth muscle cell,45,27,3,3,3_6,SCMF
E-3853,all,53,30,6882,2001,24,68725,0,0,0,0,0,E,9,Secondary crest myofibroblast,52,30,3,3,3_6,SCMF
E-3857,all,50,28,6504,3529,18,74375,0,0,0,0,0,E,10,Arterial endothelial cell,50,28,2,2,2_4,Artery
E-3858,all,35,19,6460,3579,26,90695,0,0,0,0,0,E,9,Vascular smooth muscle cell,45,19,1,1,1_3,AT2
E-3860,all,49,19,7202,2765,32,36148,0,0,0,0,0,E,26,Alveolar type 2 cell,49,19,1,1,1_1,AT2
E-3861,all,43,17,7466,2625,27,57949,0,0,0,0,0,E,22,Sox9+/Id2+ epithelial cell,45,17,6,6,6,AT1
E-3862,all,29,24,6852,2974,25,45053,0,0,0,0,0,E,5,B cell,36,24,7,7,7_2,PatrolMac
E-3864,all,48,25,6395,2055,29,92923,0,0,0,0,0,E,7,Neutrophil,50,25,2,2,2_1,Capillary
E-3865,all,121,25,5920,2787,20,111329,0,0,0,0,0,E,91,Alveolar type 2 cell,43,8,1,1,1_1,AT2
E-3867,all,25,18,7012,2192,14,21275,0,0,0,0,0,E,4,Natural killer cell,46,18,2,2,2_3,Vein
E-3868,all,20,15,7039,2937,31,31901,0,0,0,0,0,E,8,AT1/AT2,42,17,2,2,2_5,DC
E-3870,all,95,30,5798,2719,26,79763,0,0,0,0,0,E,20,Alveolar type 1 cell,61,30,6,6,6,AT1
E-3871,all,20,8,7024,2910,11,21063,0,0,0,0,0,E,14,Alveolar type 2 cell,40,8,1,1,1_1,AT2
E-3872,all,40,25,7385,3238,17,74967,0,0,0,0,0,E,3,Natural killer cell,43,25,3,3,3_4,AdventitialFib
E-3875,all,9,6,6132,2301,26,18717,0,0,0,0,0,E,2,Venous endothelial cell,24,7,2,2,2_3,Vein
E-3876,all,21,15,7189,2242,30,52168,0,0,0,0,0,E,11,Pericyte,40,15,5,5,5_1,Pericyte
E-3884,all,51,14,7194,3649,26,59192,0,0,0,0,0,E,33,Sox9+/Id2+ epithelial cell,49,14,1,1,1_1,AT2
E-3885,all,15,13,6333,2715,31,43587,0,0,0,0,0,E,5,Inflammatory monocyte,33,13,3,3,3_4,AdventitialFib
E-3894,all,13,9,7238,3666,23,37107,0,0,0,0,0,E,6,Sox9+/Id2+ epithelial cell,32,9,5,5,5_1,Pericyte
E-3897,all,47,23,6121,4457,26,74421,0,0,0,0,0,E,16,Inflammatory monocyte,47,23,8,8,8_1,AlveolarMac
E-3898,all,28,17,7445,4670,20,38373,0,0,0,0,0,E,5,Neutrophil,39,18,3,3,3_1,SMC
E-3899,all,41,11,6176,5501,19,43508,0,0,0,0,0,E,30,Alveolar type 2 cell,45,11,1,1,1_1,AT2
E-3900,all,24,16,5977,4304,21,76566,0,0,0,0,0,E,3,Alveolar fibroblast 1,45,17,3,3,3_1,SMC
E-3904,all,49,30,6829,5073,15,45357,0,0,0,0,0,E,2,Neutrophil,51,31,2,2,2_2,InflamMac
E-3906,all,32,18,7080,4794,4,22091,0,0,0,0,0,E,5,Arterial endothelial cell,41,19,2,2,2_4,Artery
E-3908,all,82,19,7404,4874,25,91149,0,0,0,0,0,E,65,Alveolar type 2 cell,55,19,1,1,1_3,AT2
E-3910,all,46,27,5630,5555,19,115910,0,0,0,0,0,E,15,Capillary 1 cell,45,28,1,1,1_5_1,LymphaticEndo
E-3911,all,90,30,7409,3868,27,104867,1358,560,798,0.4123711,0.5876289,E,10,Inflammatory monocyte,57,28,6,6,6,AT1
E-3912,all,39,26,7336,4108,31,55824,0,0,0,0,0,E,8,Inflammatory monocyte,41,26,7,7,7_2,PatrolMac
E-3913,all,32,19,6084,4513,14,61297,0,0,0,0,0,E,6,Capillary 1 cell,40,19,2,2,2_1,Capillary
E-3915,all,137,40,6547,5504,21,138689,0,0,0,0,0,E,20,Alveolar type 1 cell,44,14,6,6,6,AT1
E-3916,all,48,13,7388,5451,31,76369,0,0,0,0,0,E,2,Sox9+/Id2+ epithelial cell,48,13,3,3,3_6,SCMF
E-3917,all,56,33,7055,5324,25,80759,0,0,0,0,0,E,2,Alveolar fibroblast 1,56,34,1,1,1_6_2,Neutrophil
E-3918,all,28,19,7478,4117,13,67948,0,0,0,0,0,E,2,Alveolar macrophage,40,19,8,8,8_1,AlveolarMac
E-3919,all,58,16,5723,5481,28,96812,0,0,0,0,0,E,41,Alveolar type 2 cell,52,17,3,3,3_1,SMC
E-3920,all,63,37,6474,4207,22,71297,0,0,0,0,0,E,17,Alveolar fibroblast 1,56,37,2,2,2_1,Capillary
E-3922,all,12,8,5631,5392,19,84787,55,0,55,0,1,E,3,Alveolar macrophage,29,8,8,8,8_1,AlveolarMac
E-3923,all,84,36,6811,4873,18,79214,0,0,0,0,0,E,25,Alveolar fibroblast 1,57,36,1,1,1_3,AT2
E-3924,all,36,22,6619,5509,29,92714,0,0,0,0,0,E,6,Alveolar macrophage,41,22,8,8,8_1,AlveolarMac
E-3925,all,56,30,6507,4940,20,78322,0,0,0,0,0,E,3,Alveolar fibroblast 1,56,31,3,3,3_1,SMC
E-3926,all,91,32,5973,5497,22,144565,61,0,61,0,1,E,23,AT1/AT2,58,31,6,6,6,AT1
E-3927,all,39,21,6885,4647,14,33133,0,0,0,0,0,E,2,Capillary 1 cell,42,22,2,2,2_1,Capillary
E-3929,all,31,22,7187,5518,20,64976,0,0,0,0,0,E,9,Alveolar fibroblast 1,39,23,3,3,3_1,SMC
E-3931,all,43,30,6574,5313,17,77603,0,0,0,0,0,E,7,Capillary 2 cell,45,30,2,2,2_1,Capillary
E-3933,all,27,19,7346,5112,11,72339,0,0,0,0,0,E,7,Sox9+/Id2+ epithelial cell,42,19,3,3,3_4,AdventitialFib
E-3934,all,12,10,7193,5454,11,44877,0,0,0,0,0,E,2,Alveolar fibroblast 2,33,10,3,3,3_3,AdventitialFib
E-3938,all,49,21,7186,3900,22,86644,0,0,0,0,0,E,25,Alveolar type 2 cell,49,21,1,1,1_3,AT2
E-3939,all,22,13,5904,4288,9,49570,0,0,0,0,0,E,6,B cell,41,13,9,9,9,Bcell
E-3940,all,104,25,5980,4363,28,95590,0,0,0,0,0,E,76,Alveolar type 2 cell,52,17,1,1,1_1,AT2
E-3941,all,36,25,7138,4752,23,82249,50,0,50,0,1,E,9,Pericyte,39,25,5,5,5_1,Pericyte
E-3944,all,37,21,6463,4155,19,51099,0,0,0,0,0,E,16,Alveolar type 2 cell,42,21,1,1,1_1,AT2
E-3945,all,11,10,6218,4629,37,19688,0,0,0,0,0,E,2,Alveolar macrophage,32,10,8,8,8_2,InterstitialMac
E-3946,all,44,31,6676,5187,32,93977,0,0,0,0,0,E,12,Secondary crest myofibroblast,44,31,5,5,5_3,Pericyte
E-3947,all,24,11,6307,5570,38,41209,0,0,0,0,0,E,7,Alveolar macrophage,38,11,8,8,8_1,AlveolarMac
E-3948,all,56,32,6597,5203,30,103681,0,0,0,0,0,E,6,Capillary 1 cell,56,33,3,3,3_1,SMC
E-3950,all,30,17,6625,4781,20,29284,0,0,0,0,0,E,6,Alveolar type 1 cell,40,17,6,6,6,AT1
E-3951,all,108,32,6843,4827,13,81482,0,0,0,0,0,E,76,Alveolar type 2 cell,55,24,1,1,1_1,AT2
E-3952,all,36,24,6054,4242,27,90524,0,0,0,0,0,E,6,Inflammatory monocyte,44,26,2,2,2_5,DC
E-3953,all,35,17,6861,4765,17,85174,0,0,0,0,0,E,16,Sox9+/Id2+ epithelial cell,43,17,1,1,1_3,AT2
E-3957,all,82,37,7336,4863,29,101097,0,0,0,0,0,E,23,Alveolar type 2 cell,58,37,9,9,9,Bcell
E-3959,all,45,28,6809,5029,27,59790,0,0,0,0,0,E,7,Inflammatory monocyte,46,29,2,2,2_5,DC
E-3961,all,25,19,5676,3941,16,86817,0,0,0,0,0,E,8,B cell,45,19,1,1,1_3,AT2
E-3962,all,106,56,6466,4508,16,91663,53,53,0,1,0,E,10,Alveolar fibroblast 1,63,45,1,1,1_5_1,LymphaticEndo
E-3967,all,68,36,5900,5369,22,83020,0,0,0,0,0,E,10,Alveolar fibroblast 1,59,36,1,1,1_5_1,LymphaticEndo
E-3969,all,85,38,6929,4531,13,92169,0,0,0,0,0,E,10,Sox9+/Id2+ epithelial cell,60,38,2,2,2_1,Capillary
E-3970,all,50,25,6940,5375,20,66752,0,0,0,0,0,E,5,B cell,50,25,8,8,8_2,InterstitialMac
E-3971,all,72,46,5931,4461,10,85076,0,0,0,0,0,E,19,Capillary 1 cell,63,48,2,2,2_5,DC
E-3972,all,40,25,5772,4296,28,66208,0,0,0,0,0,E,7,Capillary 1 cell,42,25,7,7,7_3,Tcell (CD8)
E-3974,all,30,22,6934,4806,10,35648,60,0,60,0,1,E,2,B cell,37,22,7,7,7_2,PatrolMac
E-3975,all,49,18,7384,5499,20,86437,0,0,0,0,0,E,27,Alveolar type 2 cell,49,18,1,1,1_3,AT2
E-3976,all,15,8,5725,5514,21,27549,0,0,0,0,0,E,6,Alveolar macrophage,35,8,1,1,1_2_3,Tcell (CD4)
E-3977,all,78,18,5919,5426,13,88583,0,0,0,0,0,E,65,Alveolar type 2 cell,54,18,1,1,1_3,AT2
E-3979,all,20,15,6946,4687,28,35962,0,0,0,0,0,E,2,Sox9+/Id2+ epithelial cell,39,15,2,2,2_3,Vein
E-3980,all,30,17,6135,4582,22,44132,0,0,0,0,0,E,4,Endothelial progenitor cell,42,18,2,2,2_1,Capillary
E-3981,all,16,13,6190,4505,16,44928,0,0,0,0,0,E,2,Pericyte,32,13,5,5,5_3,Pericyte
E-3984,all,54,19,5640,5281,24,99864,0,0,0,0,0,E,6,Alveolar type 1 cell,51,19,6,6,6,AT1
E-3985,all,58,27,6471,4858,25,92707,0,0,0,0,0,E,7,Arterial endothelial cell,55,28,2,2,2_4,Artery
E-3986,all,40,28,6893,4841,7,34280,0,0,0,0,0,E,7,Pericyte,40,28,5,5,5_3,Pericyte
E-3987,all,13,11,5809,5281,35,46429,0,0,0,0,0,E,2,Proliferative mesenchymal progenitor cell,31,12,3,3,3_1,SMC
E-3988,all,23,16,6847,5167,8,24764,0,0,0,0,0,E,3,Capillary 2 cell,45,16,2,2,2_3,Vein
E-3989,all,13,11,6475,4752,38,40030,0,0,0,0,0,E,4,Inflammatory monocyte,33,12,3,3,3_1,SMC
E-3990,all,38,26,6313,5491,22,86942,0,0,0,0,0,E,5,Arterial endothelial cell,41,27,2,2,2_4,Artery
E-3991,all,58,38,6634,5118,28,73624,0,0,0,0,0,E,7,Capillary 1 cell,56,37,2,2,2_1,Capillary
E-3993,all,38,27,6217,5374,29,57974,0,0,0,0,0,E,3,Alveolar fibroblast 1,44,28,3,3,3_1,SMC
E-3994,all,77,33,6033,5399,29,102816,56,0,56,0,1,E,37,Alveolar type 2 cell,58,34,2,2,2_4,Artery
E-3995,all,87,51,6577,4370,19,96178,0,0,0,0,0,E,14,Venous endothelial cell,62,50,3,3,3_4,AdventitialFib
E-3996,all,22,9,7253,5722,15,72780,0,0,0,0,0,E,12,Sox9+/Id2+ epithelial cell,43,9,1,1,1_1,AT2
E-3998,all,65,29,6591,5609,16,89860,0,0,0,0,0,E,14,Alveolar fibroblast 1,55,30,2,2,2_4,Artery
E-4001,all,60,31,6819,5195,14,80074,0,0,0,0,0,E,6,Alveolar type 1 cell,56,31,6,6,6,AT1
E-4002,all,79,36,7421,4711,14,75041,0,0,0,0,0,E,8,Sox9+/Id2+ epithelial cell,57,36,6,6,6,AT1
E-4003,all,60,33,6220,4572,20,102073,0,0,0,0,0,E,7,Proliferative mesenchymal progenitor cell,57,33,2,2,2_3,Vein
E-4004,all,79,48,7152,4790,24,97845,0,0,0,0,0,E,12,B cell,64,50,2,2,2_5,DC
E-4005,all,97,27,5650,5131,30,96878,0,0,0,0,0,E,70,Ciliated cell,57,25,1,1,1_1,AT2
E-4007,all,70,43,7016,4543,14,76597,0,0,0,0,0,E,9,B cell,55,45,2,2,2_5,DC
E-4009,all,51,27,6696,5679,11,81807,51,0,51,0,1,E,3,Arterial endothelial cell,51,28,2,2,2_4,Artery
E-4010,all,23,19,6318,4603,35,57438,0,0,0,0,0,E,4,CD8+ T cell,44,19,6,6,6,AT1
E-4011,all,18,16,6553,4645,16,31397,0,0,0,0,0,E,4,Natural killer cell,40,17,2,2,2_2,InflamMac
E-4013,all,56,39,6870,5219,25,88699,0,0,0,0,0,E,10,Pericyte,55,39,5,5,5_3,Pericyte
E-4014,all,112,30,6929,4597,18,82509,0,0,0,0,0,E,85,Alveolar type 2 cell,45,12,1,1,1_3,AT2
E-4015,all,17,9,6528,5605,6,39432,0,0,0,0,0,E,9,Capillary 1 cell,42,10,2,2,2_1,Capillary
E-4017,all,44,16,7233,5533,22,105001,0,0,0,0,0,E,12,Alveolar type 1 cell,47,16,6,6,6,AT1
E-4019,all,50,11,7017,4695,15,38868,0,0,0,0,0,E,43,Alveolar type 2 cell,49,11,1,1,1_1,AT2
E-4021,all,40,25,6877,4711,31,90386,0,0,0,0,0,E,16,B cell,43,25,9,9,9,Bcell
E-4024,all,17,10,7319,5477,32,47952,0,0,0,0,0,E,5,Proliferative mesenchymal progenitor cell,40,11,3,3,3_1,SMC
E-4025,all,56,15,5660,5473,33,53300,0,0,0,0,0,E,7,Sox9+/Id2+ epithelial cell,51,15,6,6,6,AT1
E-4026,all,78,38,6958,5216,24,101912,57,57,0,1,0,E,7,Airway smooth muscle cell,59,38,3,3,3_6,SCMF
E-4029,all,19,15,7130,3948,31,41457,0,0,0,0,0,E,7,Interstitial macrophage,36,15,8,8,8_3,InterstitialMac
E-4030,all,9,6,6021,5570,6,18151,0,0,0,0,0,E,3,Alveolar type 2 cell,28,7,1,1,1_3,AT2
E-4032,all,38,26,5757,3851,10,60034,0,0,0,0,0,E,9,Alveolar macrophage,41,27,1,1,1_4_1,AlveolarFib
E-4033,all,40,29,6155,4476,14,52840,0,0,0,0,0,E,7,Inflammatory monocyte,41,29,1,1,1_3,AT2
E-4036,all,90,26,6729,4430,20,92772,0,0,0,0,0,E,70,Alveolar type 2 cell,58,25,1,1,1_3,AT2
E-4041,all,7,6,6675,5748,14,19410,0,0,0,0,0,E,4,Alveolar fibroblast 1,22,9,3,3,3_4,AdventitialFib
E-4045,all,17,12,6443,4136,10,26548,101,0,101,0,1,E,5,Alveolar fibroblast 1,35,13,3,3,3_5,SMC
E-4046,all,23,16,7111,3876,36,47685,0,0,0,0,0,E,4,B cell,42,16,9,9,9,Bcell
E-4049,all,51,21,6056,5637,26,86224,0,0,0,0,0,E,9,Alveolar type 1 cell,49,21,6,6,6,AT1
E-4051,all,39,8,6204,5485,24,48561,0,0,0,0,0,E,31,Alveolar type 2 cell,46,8,1,1,1_1,AT2
E-4052,all,16,11,5629,5341,25,81509,0,0,0,0,0,E,3,Natural killer cell,35,11,7,7,7_2,PatrolMac
E-4053,all,73,43,5638,5208,23,125944,0,0,0,0,0,E,7,Sox9+/Id2+ epithelial cell,57,43,1,1,1_3,AT2
E-4054,all,29,18,6213,5449,33,83081,0,0,0,0,0,E,10,Alveolar type 2 cell,39,18,5,5,5_1,Pericyte
E-4056,all,20,16,6545,4678,10,21888,0,0,0,0,0,E,4,Inflammatory monocyte,40,16,7,7,7_2,PatrolMac
E-4058,all,29,13,6233,5734,34,45653,0,0,0,0,0,E,8,Alveolar type 1 cell,41,13,6,6,6,AT1
E-4060,all,35,23,6812,4441,28,58053,803,730,73,0.9090909,0.09090909,E,4,Neutrophil,41,23,8,8,8_2,InterstitialMac
E-4061,all,49,26,6923,4677,26,63653,0,0,0,0,0,E,2,Alveolar fibroblast 1,49,26,1,1,1_5_2,AlveolarFib
E-4062,all,31,24,7218,5732,13,78047,0,0,0,0,0,E,3,Pericyte,38,24,5,5,5_3,Pericyte
E-4065,all,10,6,7315,5737,35,25659,0,0,0,0,0,E,3,Proliferative mesenchymal progenitor cell,24,7,1,1,1_6_2,Neutrophil
E-4071,all,74,29,7428,4927,24,85705,0,0,0,0,0,E,12,Alveolar type 1 cell,50,29,6,6,6,AT1
E-4072,all,54,9,5812,4243,11,40772,0,0,0,0,0,E,47,Sox9+/Id2+ epithelial cell,49,9,1,1,1_1,AT2
E-4073,all,23,12,7425,5527,12,48468,0,0,0,0,0,E,14,Alveolar type 2 cell,46,13,2,2,2_2,InflamMac
E-4074,all,40,17,7160,3917,28,56025,0,0,0,0,0,E,27,Sox9+/Id2+ epithelial cell,44,17,8,8,8_2,InterstitialMac
E-4078,all,64,24,6631,5640,22,95088,0,0,0,0,0,E,41,Alveolar type 2 cell,55,24,2,2,2_1,Capillary
E-4079,all,25,16,6992,5391,25,35058,0,0,0,0,0,E,5,Alveolar fibroblast 1,46,16,8,8,8_2,InterstitialMac
E-4080,all,54,32,6192,5547,15,121498,0,0,0,0,0,E,19,Inflammatory monocyte,53,32,1,1,1_3,AT2
E-4081,all,37,20,7312,5549,18,117658,0,0,0,0,0,E,2,Megakaryocyte/Platelet,43,21,1,1,1_6_2,Neutrophil
E-4083,all,106,29,6977,4707,23,90740,50,50,0,1,0,E,65,Alveolar type 2 cell,53,23,1,1,1_1,AT2
E-4084,all,39,24,6927,4769,20,43683,0,0,0,0,0,E,2,Endothelial progenitor cell,41,24,7,7,7_3,Tcell (CD8)
E-4087,all,42,19,6480,4951,32,54956,50,0,50,0,1,E,16,Innate lymphoid cell,44,20,3,3,3_1,SMC
E-4089,all,52,19,7327,4580,26,59477,0,0,0,0,0,E,31,Alveolar type 2 cell,51,20,3,3,3_1,SMC
E-4090,all,29,6,6398,5514,9,13853,0,0,0,0,0,E,28,Alveolar type 2 cell,43,6,1,1,1_3,AT2
E-4091,all,71,44,6237,4480,7,74505,0,0,0,0,0,E,13,Mesothelial cell,54,44,3,3,3_6,SCMF
E-4092,all,68,38,7466,5062,27,105647,0,0,0,0,0,E,2,Venous endothelial cell,58,38,2,2,2_3,Vein
E-4093,all,28,19,6975,4656,14,50523,0,0,0,0,0,E,6,Sox9+/Id2+ epithelial cell,42,19,5,5,5_1,Pericyte
E-4094,all,13,4,6700,5753,27,25126,0,0,0,0,0,E,9,Sox9+/Id2+ epithelial cell,39,4,3,3,3_4,AdventitialFib
E-4095,all,53,32,6906,5195,15,59230,0,0,0,0,0,E,7,Capillary 1 cell,54,33,1,1,1_4_1,AlveolarFib
E-4098,all,93,31,6673,4803,15,88052,0,0,0,0,0,E,16,Alveolar type 1 cell,59,31,6,6,6,AT1
E-4101,all,68,45,7080,4654,24,91729,0,0,0,0,0,E,11,Mesothelial cell,60,46,2,2,2_4,Artery
E-4102,all,87,27,7407,4767,18,65951,0,0,0,0,0,E,18,Alveolar type 1 cell,57,27,6,6,6,AT1
E-4104,all,81,33,7461,4958,19,144750,0,0,0,0,0,E,7,Sox9+/Id2+ epithelial cell,57,33,3,3,3_6,SCMF
E-4107,all,49,12,5653,5515,31,56237,0,0,0,0,0,E,7,Alveolar fibroblast 1,48,12,6,6,6,AT1
E-4109,all,24,16,7035,5404,18,44842,0,0,0,0,0,E,6,Sox9+/Id2+ epithelial cell,47,17,2,2,2_1,Capillary
E-4110,all,25,13,6567,4712,5,20652,0,0,0,0,0,E,5,Proliferative mesenchymal progenitor cell,42,13,3,3,3_4,AdventitialFib
E-4111,all,11,8,5983,5537,11,11170,0,0,0,0,0,E,2,Secondary crest myofibroblast,32,9,3,3,3_5,SMC
E-4112,all,19,12,7219,5478,19,57788,0,0,0,0,0,E,4,Alveolar type 1 cell,42,13,3,3,3_1,SMC
E-4117,all,79,39,6891,4608,14,67680,0,0,0,0,0,E,22,Capillary 1 cell,59,40,2,2,2_2,InflamMac
E-4119,all,9,3,6452,5632,6,7466,0,0,0,0,0,E,8,Natural killer cell,37,4,7,7,7_2,PatrolMac
E-4123,all,20,13,5801,4267,28,34963,0,0,0,0,0,E,7,Sox9+/Id2+ epithelial cell,42,14,2,2,2_1,Capillary
